2025-10-28 16:00:43,630 - TopNet - INFO - Copy the Config file from ./cfgs/ShapeNet55_models/TopNet.yaml to ./experiments/TopNet/ShapeNet55_models/TopNet_fog/config.yaml
2025-10-28 16:00:43,630 - TopNet - INFO - args.config : ./cfgs/ShapeNet55_models/TopNet.yaml
2025-10-28 16:00:43,630 - TopNet - INFO - args.launcher : none
2025-10-28 16:00:43,630 - TopNet - INFO - args.local_rank : 0
2025-10-28 16:00:43,630 - TopNet - INFO - args.num_workers : 4
2025-10-28 16:00:43,630 - TopNet - INFO - args.seed : 0
2025-10-28 16:00:43,630 - TopNet - INFO - args.deterministic : False
2025-10-28 16:00:43,630 - TopNet - INFO - args.sync_bn : False
2025-10-28 16:00:43,630 - TopNet - INFO - args.exp_name : TopNet_fog
2025-10-28 16:00:43,630 - TopNet - INFO - args.start_ckpts : None
2025-10-28 16:00:43,630 - TopNet - INFO - args.ckpts : None
2025-10-28 16:00:43,630 - TopNet - INFO - args.val_freq : 5
2025-10-28 16:00:43,630 - TopNet - INFO - args.resume : False
2025-10-28 16:00:43,630 - TopNet - INFO - args.test : False
2025-10-28 16:00:43,630 - TopNet - INFO - args.mode : None
2025-10-28 16:00:43,630 - TopNet - INFO - args.pcd_path : None
2025-10-28 16:00:43,630 - TopNet - INFO - args.output_dir : None
2025-10-28 16:00:43,630 - TopNet - INFO - args.experiment_path : ./experiments/TopNet/ShapeNet55_models/TopNet_fog
2025-10-28 16:00:43,630 - TopNet - INFO - args.tfboard_path : ./experiments/TopNet/ShapeNet55_models/TFBoard/TopNet_fog
2025-10-28 16:00:43,630 - TopNet - INFO - args.log_name : TopNet
2025-10-28 16:00:43,630 - TopNet - INFO - args.use_gpu : True
2025-10-28 16:00:43,631 - TopNet - INFO - args.distributed : False
2025-10-28 16:00:43,631 - TopNet - INFO - config.optimizer = edict()
2025-10-28 16:00:43,631 - TopNet - INFO - config.optimizer.type : Adam
2025-10-28 16:00:43,631 - TopNet - INFO - config.optimizer.kwargs = edict()
2025-10-28 16:00:43,631 - TopNet - INFO - config.optimizer.kwargs.lr : 0.001
2025-10-28 16:00:43,631 - TopNet - INFO - config.optimizer.kwargs.weight_decay : 0
2025-10-28 16:00:43,631 - TopNet - INFO - config.scheduler = edict()
2025-10-28 16:00:43,631 - TopNet - INFO - config.scheduler.type : StepLR
2025-10-28 16:00:43,631 - TopNet - INFO - config.scheduler.kwargs = edict()
2025-10-28 16:00:43,631 - TopNet - INFO - config.scheduler.kwargs.step_size : 50
2025-10-28 16:00:43,631 - TopNet - INFO - config.scheduler.kwargs.gamma : 0.5
2025-10-28 16:00:43,631 - TopNet - INFO - config.dataset = edict()
2025-10-28 16:00:43,631 - TopNet - INFO - config.dataset.train = edict()
2025-10-28 16:00:43,631 - TopNet - INFO - config.dataset.train._base_ = edict()
2025-10-28 16:00:43,631 - TopNet - INFO - config.dataset.train._base_.NAME : ShapeNet
2025-10-28 16:00:43,631 - TopNet - INFO - config.dataset.train._base_.DATA_PATH : data/ShapeNet55-34/ShapeNet-55
2025-10-28 16:00:43,631 - TopNet - INFO - config.dataset.train._base_.N_POINTS : 8192
2025-10-28 16:00:43,631 - TopNet - INFO - config.dataset.train._base_.PC_PATH : data/ShapeNet55-34/shapenet_pc
2025-10-28 16:00:43,631 - TopNet - INFO - config.dataset.train.others = edict()
2025-10-28 16:00:43,631 - TopNet - INFO - config.dataset.train.others.subset : train
2025-10-28 16:00:43,631 - TopNet - INFO - config.dataset.train.others.bs : 16
2025-10-28 16:00:43,631 - TopNet - INFO - config.dataset.val = edict()
2025-10-28 16:00:43,631 - TopNet - INFO - config.dataset.val._base_ = edict()
2025-10-28 16:00:43,631 - TopNet - INFO - config.dataset.val._base_.NAME : ShapeNet
2025-10-28 16:00:43,631 - TopNet - INFO - config.dataset.val._base_.DATA_PATH : data/ShapeNet55-34/ShapeNet-55
2025-10-28 16:00:43,631 - TopNet - INFO - config.dataset.val._base_.N_POINTS : 8192
2025-10-28 16:00:43,631 - TopNet - INFO - config.dataset.val._base_.PC_PATH : data/ShapeNet55-34/shapenet_pc
2025-10-28 16:00:43,631 - TopNet - INFO - config.dataset.val.others = edict()
2025-10-28 16:00:43,631 - TopNet - INFO - config.dataset.val.others.subset : test
2025-10-28 16:00:43,631 - TopNet - INFO - config.dataset.test = edict()
2025-10-28 16:00:43,631 - TopNet - INFO - config.dataset.test._base_ = edict()
2025-10-28 16:00:43,631 - TopNet - INFO - config.dataset.test._base_.NAME : ShapeNet
2025-10-28 16:00:43,631 - TopNet - INFO - config.dataset.test._base_.DATA_PATH : data/ShapeNet55-34/ShapeNet-55
2025-10-28 16:00:43,631 - TopNet - INFO - config.dataset.test._base_.N_POINTS : 8192
2025-10-28 16:00:43,631 - TopNet - INFO - config.dataset.test._base_.PC_PATH : data/ShapeNet55-34/shapenet_pc
2025-10-28 16:00:43,631 - TopNet - INFO - config.dataset.test.others = edict()
2025-10-28 16:00:43,631 - TopNet - INFO - config.dataset.test.others.subset : test
2025-10-28 16:00:43,631 - TopNet - INFO - config.model = edict()
2025-10-28 16:00:43,631 - TopNet - INFO - config.model.NAME : TopNet
2025-10-28 16:00:43,631 - TopNet - INFO - config.model.encoder_feature : 1024
2025-10-28 16:00:43,631 - TopNet - INFO - config.model.node_feature : 8
2025-10-28 16:00:43,631 - TopNet - INFO - config.model.num_pred : 8192
2025-10-28 16:00:43,631 - TopNet - INFO - config.model.encoder_channel : 1024
2025-10-28 16:00:43,631 - TopNet - INFO - config.model.nlevels : 8
2025-10-28 16:00:43,631 - TopNet - INFO - config.total_bs : 16
2025-10-28 16:00:43,631 - TopNet - INFO - config.step_per_update : 2
2025-10-28 16:00:43,631 - TopNet - INFO - config.max_epoch : 150
2025-10-28 16:00:43,631 - TopNet - INFO - config.consider_metric : CDL1
2025-10-28 16:00:43,631 - TopNet - INFO - Distributed training: False
2025-10-28 16:00:43,631 - TopNet - INFO - Set random seed to 0, deterministic: False
2025-10-28 16:00:43,758 - TopNet - INFO - Trainable_parameters:
2025-10-28 16:00:43,758 - TopNet - INFO - =========================
2025-10-28 16:00:43,758 - TopNet - INFO - first_conv.0.weight
2025-10-28 16:00:43,758 - TopNet - INFO - first_conv.0.bias
2025-10-28 16:00:43,758 - TopNet - INFO - first_conv.1.weight
2025-10-28 16:00:43,758 - TopNet - INFO - first_conv.1.bias
2025-10-28 16:00:43,758 - TopNet - INFO - first_conv.3.weight
2025-10-28 16:00:43,758 - TopNet - INFO - first_conv.3.bias
2025-10-28 16:00:43,759 - TopNet - INFO - second_conv.0.weight
2025-10-28 16:00:43,759 - TopNet - INFO - second_conv.0.bias
2025-10-28 16:00:43,759 - TopNet - INFO - second_conv.1.weight
2025-10-28 16:00:43,759 - TopNet - INFO - second_conv.1.bias
2025-10-28 16:00:43,759 - TopNet - INFO - second_conv.3.weight
2025-10-28 16:00:43,759 - TopNet - INFO - second_conv.3.bias
2025-10-28 16:00:43,759 - TopNet - INFO - root_layer.0.weight
2025-10-28 16:00:43,759 - TopNet - INFO - root_layer.0.bias
2025-10-28 16:00:43,759 - TopNet - INFO - root_layer.1.weight
2025-10-28 16:00:43,759 - TopNet - INFO - root_layer.1.bias
2025-10-28 16:00:43,759 - TopNet - INFO - root_layer.3.weight
2025-10-28 16:00:43,759 - TopNet - INFO - root_layer.3.bias
2025-10-28 16:00:43,759 - TopNet - INFO - root_layer.4.weight
2025-10-28 16:00:43,759 - TopNet - INFO - root_layer.4.bias
2025-10-28 16:00:43,759 - TopNet - INFO - root_layer.6.weight
2025-10-28 16:00:43,759 - TopNet - INFO - root_layer.6.bias
2025-10-28 16:00:43,759 - TopNet - INFO - leaf_layer.0.weight
2025-10-28 16:00:43,759 - TopNet - INFO - leaf_layer.0.bias
2025-10-28 16:00:43,759 - TopNet - INFO - leaf_layer.1.weight
2025-10-28 16:00:43,759 - TopNet - INFO - leaf_layer.1.bias
2025-10-28 16:00:43,759 - TopNet - INFO - leaf_layer.3.weight
2025-10-28 16:00:43,759 - TopNet - INFO - leaf_layer.3.bias
2025-10-28 16:00:43,759 - TopNet - INFO - leaf_layer.4.weight
2025-10-28 16:00:43,759 - TopNet - INFO - leaf_layer.4.bias
2025-10-28 16:00:43,759 - TopNet - INFO - leaf_layer.6.weight
2025-10-28 16:00:43,759 - TopNet - INFO - leaf_layer.6.bias
2025-10-28 16:00:43,759 - TopNet - INFO - leaf_layer.7.weight
2025-10-28 16:00:43,759 - TopNet - INFO - leaf_layer.7.bias
2025-10-28 16:00:43,759 - TopNet - INFO - leaf_layer.9.weight
2025-10-28 16:00:43,759 - TopNet - INFO - leaf_layer.9.bias
2025-10-28 16:00:43,759 - TopNet - INFO - feature_layers.0.0.weight
2025-10-28 16:00:43,759 - TopNet - INFO - feature_layers.0.0.bias
2025-10-28 16:00:43,759 - TopNet - INFO - feature_layers.0.1.weight
2025-10-28 16:00:43,759 - TopNet - INFO - feature_layers.0.1.bias
2025-10-28 16:00:43,759 - TopNet - INFO - feature_layers.0.3.weight
2025-10-28 16:00:43,759 - TopNet - INFO - feature_layers.0.3.bias
2025-10-28 16:00:43,759 - TopNet - INFO - feature_layers.0.4.weight
2025-10-28 16:00:43,759 - TopNet - INFO - feature_layers.0.4.bias
2025-10-28 16:00:43,759 - TopNet - INFO - feature_layers.0.6.weight
2025-10-28 16:00:43,759 - TopNet - INFO - feature_layers.0.6.bias
2025-10-28 16:00:43,759 - TopNet - INFO - feature_layers.0.7.weight
2025-10-28 16:00:43,759 - TopNet - INFO - feature_layers.0.7.bias
2025-10-28 16:00:43,759 - TopNet - INFO - feature_layers.0.9.weight
2025-10-28 16:00:43,759 - TopNet - INFO - feature_layers.0.9.bias
2025-10-28 16:00:43,759 - TopNet - INFO - feature_layers.1.0.weight
2025-10-28 16:00:43,759 - TopNet - INFO - feature_layers.1.0.bias
2025-10-28 16:00:43,759 - TopNet - INFO - feature_layers.1.1.weight
2025-10-28 16:00:43,759 - TopNet - INFO - feature_layers.1.1.bias
2025-10-28 16:00:43,759 - TopNet - INFO - feature_layers.1.3.weight
2025-10-28 16:00:43,759 - TopNet - INFO - feature_layers.1.3.bias
2025-10-28 16:00:43,759 - TopNet - INFO - feature_layers.1.4.weight
2025-10-28 16:00:43,759 - TopNet - INFO - feature_layers.1.4.bias
2025-10-28 16:00:43,759 - TopNet - INFO - feature_layers.1.6.weight
2025-10-28 16:00:43,759 - TopNet - INFO - feature_layers.1.6.bias
2025-10-28 16:00:43,759 - TopNet - INFO - feature_layers.1.7.weight
2025-10-28 16:00:43,759 - TopNet - INFO - feature_layers.1.7.bias
2025-10-28 16:00:43,759 - TopNet - INFO - feature_layers.1.9.weight
2025-10-28 16:00:43,759 - TopNet - INFO - feature_layers.1.9.bias
2025-10-28 16:00:43,759 - TopNet - INFO - feature_layers.2.0.weight
2025-10-28 16:00:43,759 - TopNet - INFO - feature_layers.2.0.bias
2025-10-28 16:00:43,759 - TopNet - INFO - feature_layers.2.1.weight
2025-10-28 16:00:43,759 - TopNet - INFO - feature_layers.2.1.bias
2025-10-28 16:00:43,759 - TopNet - INFO - feature_layers.2.3.weight
2025-10-28 16:00:43,759 - TopNet - INFO - feature_layers.2.3.bias
2025-10-28 16:00:43,759 - TopNet - INFO - feature_layers.2.4.weight
2025-10-28 16:00:43,759 - TopNet - INFO - feature_layers.2.4.bias
2025-10-28 16:00:43,759 - TopNet - INFO - feature_layers.2.6.weight
2025-10-28 16:00:43,759 - TopNet - INFO - feature_layers.2.6.bias
2025-10-28 16:00:43,759 - TopNet - INFO - feature_layers.2.7.weight
2025-10-28 16:00:43,759 - TopNet - INFO - feature_layers.2.7.bias
2025-10-28 16:00:43,759 - TopNet - INFO - feature_layers.2.9.weight
2025-10-28 16:00:43,759 - TopNet - INFO - feature_layers.2.9.bias
2025-10-28 16:00:43,759 - TopNet - INFO - feature_layers.3.0.weight
2025-10-28 16:00:43,759 - TopNet - INFO - feature_layers.3.0.bias
2025-10-28 16:00:43,759 - TopNet - INFO - feature_layers.3.1.weight
2025-10-28 16:00:43,759 - TopNet - INFO - feature_layers.3.1.bias
2025-10-28 16:00:43,759 - TopNet - INFO - feature_layers.3.3.weight
2025-10-28 16:00:43,760 - TopNet - INFO - feature_layers.3.3.bias
2025-10-28 16:00:43,760 - TopNet - INFO - feature_layers.3.4.weight
2025-10-28 16:00:43,760 - TopNet - INFO - feature_layers.3.4.bias
2025-10-28 16:00:43,760 - TopNet - INFO - feature_layers.3.6.weight
2025-10-28 16:00:43,760 - TopNet - INFO - feature_layers.3.6.bias
2025-10-28 16:00:43,760 - TopNet - INFO - feature_layers.3.7.weight
2025-10-28 16:00:43,760 - TopNet - INFO - feature_layers.3.7.bias
2025-10-28 16:00:43,760 - TopNet - INFO - feature_layers.3.9.weight
2025-10-28 16:00:43,760 - TopNet - INFO - feature_layers.3.9.bias
2025-10-28 16:00:43,760 - TopNet - INFO - feature_layers.4.0.weight
2025-10-28 16:00:43,760 - TopNet - INFO - feature_layers.4.0.bias
2025-10-28 16:00:43,760 - TopNet - INFO - feature_layers.4.1.weight
2025-10-28 16:00:43,760 - TopNet - INFO - feature_layers.4.1.bias
2025-10-28 16:00:43,760 - TopNet - INFO - feature_layers.4.3.weight
2025-10-28 16:00:43,760 - TopNet - INFO - feature_layers.4.3.bias
2025-10-28 16:00:43,760 - TopNet - INFO - feature_layers.4.4.weight
2025-10-28 16:00:43,760 - TopNet - INFO - feature_layers.4.4.bias
2025-10-28 16:00:43,760 - TopNet - INFO - feature_layers.4.6.weight
2025-10-28 16:00:43,760 - TopNet - INFO - feature_layers.4.6.bias
2025-10-28 16:00:43,760 - TopNet - INFO - feature_layers.4.7.weight
2025-10-28 16:00:43,760 - TopNet - INFO - feature_layers.4.7.bias
2025-10-28 16:00:43,760 - TopNet - INFO - feature_layers.4.9.weight
2025-10-28 16:00:43,760 - TopNet - INFO - feature_layers.4.9.bias
2025-10-28 16:00:43,760 - TopNet - INFO - feature_layers.5.0.weight
2025-10-28 16:00:43,760 - TopNet - INFO - feature_layers.5.0.bias
2025-10-28 16:00:43,760 - TopNet - INFO - feature_layers.5.1.weight
2025-10-28 16:00:43,760 - TopNet - INFO - feature_layers.5.1.bias
2025-10-28 16:00:43,760 - TopNet - INFO - feature_layers.5.3.weight
2025-10-28 16:00:43,760 - TopNet - INFO - feature_layers.5.3.bias
2025-10-28 16:00:43,760 - TopNet - INFO - feature_layers.5.4.weight
2025-10-28 16:00:43,760 - TopNet - INFO - feature_layers.5.4.bias
2025-10-28 16:00:43,760 - TopNet - INFO - feature_layers.5.6.weight
2025-10-28 16:00:43,760 - TopNet - INFO - feature_layers.5.6.bias
2025-10-28 16:00:43,760 - TopNet - INFO - feature_layers.5.7.weight
2025-10-28 16:00:43,760 - TopNet - INFO - feature_layers.5.7.bias
2025-10-28 16:00:43,760 - TopNet - INFO - feature_layers.5.9.weight
2025-10-28 16:00:43,760 - TopNet - INFO - feature_layers.5.9.bias
2025-10-28 16:00:43,760 - TopNet - INFO - =========================
2025-10-28 16:00:43,760 - TopNet - INFO - Untrainable_parameters:
2025-10-28 16:00:43,760 - TopNet - INFO - =========================
2025-10-28 16:00:43,760 - TopNet - INFO - =========================
2025-10-28 16:00:43,760 - TopNet - INFO - Using Data parallel ...
2025-10-28 16:00:45,382 - TopNet - INFO - [Epoch 0/150][Batch 1/2622] BatchTime = 1.621 (s) DataTime = 0.043 (s) Losses = ['292.7824', '292.7824'] lr = 0.0010000
2025-10-28 16:01:11,353 - TopNet - INFO - [Epoch 0/150][Batch 101/2622] BatchTime = 0.317 (s) DataTime = 0.001 (s) Losses = ['112.2301', '112.2301'] lr = 0.0010000
2025-10-28 16:01:38,974 - TopNet - INFO - [Epoch 0/150][Batch 201/2622] BatchTime = 0.274 (s) DataTime = 0.001 (s) Losses = ['63.1864', '63.1864'] lr = 0.0010000
2025-10-28 16:02:05,788 - TopNet - INFO - [Epoch 0/150][Batch 301/2622] BatchTime = 0.236 (s) DataTime = 0.001 (s) Losses = ['41.9292', '41.9292'] lr = 0.0010000
2025-10-28 16:02:31,566 - TopNet - INFO - [Epoch 0/150][Batch 401/2622] BatchTime = 0.299 (s) DataTime = 0.001 (s) Losses = ['27.3896', '27.3896'] lr = 0.0010000
2025-10-28 16:02:57,384 - TopNet - INFO - [Epoch 0/150][Batch 501/2622] BatchTime = 0.321 (s) DataTime = 0.001 (s) Losses = ['29.4756', '29.4756'] lr = 0.0010000
2025-10-28 16:03:24,432 - TopNet - INFO - [Epoch 0/150][Batch 601/2622] BatchTime = 0.278 (s) DataTime = 0.001 (s) Losses = ['31.6558', '31.6558'] lr = 0.0010000
2025-10-28 16:03:50,753 - TopNet - INFO - [Epoch 0/150][Batch 701/2622] BatchTime = 0.234 (s) DataTime = 0.001 (s) Losses = ['25.5915', '25.5915'] lr = 0.0010000
2025-10-28 16:04:18,115 - TopNet - INFO - [Epoch 0/150][Batch 801/2622] BatchTime = 0.302 (s) DataTime = 0.001 (s) Losses = ['24.7164', '24.7164'] lr = 0.0010000
2025-10-28 16:04:47,073 - TopNet - INFO - [Epoch 0/150][Batch 901/2622] BatchTime = 0.260 (s) DataTime = 0.001 (s) Losses = ['25.3835', '25.3835'] lr = 0.0010000
2025-10-28 16:05:15,805 - TopNet - INFO - [Epoch 0/150][Batch 1001/2622] BatchTime = 0.319 (s) DataTime = 0.001 (s) Losses = ['41.7254', '41.7254'] lr = 0.0010000
2025-10-28 16:05:44,556 - TopNet - INFO - [Epoch 0/150][Batch 1101/2622] BatchTime = 0.212 (s) DataTime = 0.001 (s) Losses = ['34.4890', '34.4890'] lr = 0.0010000
2025-10-28 16:06:12,113 - TopNet - INFO - [Epoch 0/150][Batch 1201/2622] BatchTime = 0.196 (s) DataTime = 0.001 (s) Losses = ['20.6099', '20.6099'] lr = 0.0010000
2025-10-28 16:06:38,455 - TopNet - INFO - [Epoch 0/150][Batch 1301/2622] BatchTime = 0.230 (s) DataTime = 0.001 (s) Losses = ['19.3482', '19.3482'] lr = 0.0010000
2025-10-28 16:07:05,121 - TopNet - INFO - [Epoch 0/150][Batch 1401/2622] BatchTime = 0.213 (s) DataTime = 0.001 (s) Losses = ['25.6412', '25.6412'] lr = 0.0010000
2025-10-28 16:07:30,699 - TopNet - INFO - [Epoch 0/150][Batch 1501/2622] BatchTime = 0.204 (s) DataTime = 0.001 (s) Losses = ['20.1777', '20.1777'] lr = 0.0010000
2025-10-28 16:07:57,619 - TopNet - INFO - [Epoch 0/150][Batch 1601/2622] BatchTime = 0.322 (s) DataTime = 0.001 (s) Losses = ['18.1344', '18.1344'] lr = 0.0010000
2025-10-28 16:08:24,599 - TopNet - INFO - [Epoch 0/150][Batch 1701/2622] BatchTime = 0.192 (s) DataTime = 0.001 (s) Losses = ['14.6182', '14.6182'] lr = 0.0010000
2025-10-28 16:08:53,363 - TopNet - INFO - [Epoch 0/150][Batch 1801/2622] BatchTime = 0.317 (s) DataTime = 0.001 (s) Losses = ['19.2940', '19.2940'] lr = 0.0010000
2025-10-28 16:09:19,412 - TopNet - INFO - [Epoch 0/150][Batch 1901/2622] BatchTime = 0.334 (s) DataTime = 0.001 (s) Losses = ['20.2851', '20.2851'] lr = 0.0010000
2025-10-28 16:09:46,422 - TopNet - INFO - [Epoch 0/150][Batch 2001/2622] BatchTime = 0.184 (s) DataTime = 0.001 (s) Losses = ['16.1069', '16.1069'] lr = 0.0010000
2025-10-28 16:10:13,643 - TopNet - INFO - [Epoch 0/150][Batch 2101/2622] BatchTime = 0.610 (s) DataTime = 0.001 (s) Losses = ['16.4264', '16.4264'] lr = 0.0010000
2025-10-28 16:10:42,024 - TopNet - INFO - [Epoch 0/150][Batch 2201/2622] BatchTime = 0.116 (s) DataTime = 0.001 (s) Losses = ['11.8872', '11.8872'] lr = 0.0010000
2025-10-28 16:11:09,573 - TopNet - INFO - [Epoch 0/150][Batch 2301/2622] BatchTime = 0.258 (s) DataTime = 0.001 (s) Losses = ['17.2026', '17.2026'] lr = 0.0010000
2025-10-28 16:11:36,426 - TopNet - INFO - [Epoch 0/150][Batch 2401/2622] BatchTime = 0.202 (s) DataTime = 0.001 (s) Losses = ['14.7803', '14.7803'] lr = 0.0010000
2025-10-28 16:12:02,211 - TopNet - INFO - [Epoch 0/150][Batch 2501/2622] BatchTime = 0.200 (s) DataTime = 0.001 (s) Losses = ['41.8155', '41.8155'] lr = 0.0010000
2025-10-28 16:12:29,268 - TopNet - INFO - [Epoch 0/150][Batch 2601/2622] BatchTime = 0.297 (s) DataTime = 0.001 (s) Losses = ['15.8716', '15.8716'] lr = 0.0010000
2025-10-28 16:12:34,775 - TopNet - INFO - [Training] EPOCH: 0 EpochTime = 711.013 (s) Losses = ['32.7112', '32.7112']
2025-10-28 16:12:34,775 - TopNet - INFO - [VALIDATION] Start validating epoch 0
2025-10-28 16:13:12,731 - TopNet - INFO - Test[1051/10518] Taxonomy = 02691156 Sample = c7749c0a8b61f43bc9b9e28055202e3d Losses = ['35.8917', '4.8486', '35.8917', '4.8486'] Metrics = ['0.0588', '35.8917', '4.8486', '0.0000']
2025-10-28 16:13:51,094 - TopNet - INFO - Test[2102/10518] Taxonomy = 03211117 Sample = ab2f9418c111cc6ddb965514105122a4 Losses = ['72.3584', '14.7811', '72.3584', '14.7811'] Metrics = ['0.0117', '72.3584', '14.7811', '0.0000']
2025-10-28 16:14:29,436 - TopNet - INFO - Test[3153/10518] Taxonomy = 02876657 Sample = c5032e4be091aabb36fe7a88df793982 Losses = ['51.9455', '8.2140', '51.9455', '8.2140'] Metrics = ['0.0132', '51.9455', '8.2140', '0.0000']
2025-10-28 16:15:08,587 - TopNet - INFO - Test[4204/10518] Taxonomy = 03211117 Sample = 722df1da5778d45b1e43523279c7f09f Losses = ['77.2745', '16.3570', '77.2745', '16.3570'] Metrics = ['0.0071', '77.2745', '16.3570', '0.0000']
2025-10-28 16:15:46,812 - TopNet - INFO - Test[5255/10518] Taxonomy = 02828884 Sample = 14b63361a48a9fffe4a048c146e8bd43 Losses = ['68.0800', '13.4464', '68.0800', '13.4464'] Metrics = ['0.0099', '68.0800', '13.4464', '0.0000']
2025-10-28 16:16:24,104 - TopNet - INFO - Test[6306/10518] Taxonomy = 03211117 Sample = d330d50a0255529d19ed6e1a590c9122 Losses = ['62.0010', '11.8435', '62.0010', '11.8435'] Metrics = ['0.0080', '62.0010', '11.8435', '0.0000']
2025-10-28 16:17:01,914 - TopNet - INFO - Test[7357/10518] Taxonomy = 04379243 Sample = b1ca280d9567270ade98d10ab5975b59 Losses = ['155.4798', '65.2966', '155.4798', '65.2966'] Metrics = ['0.0025', '155.4798', '65.2966', '0.0000']
2025-10-28 16:17:40,560 - TopNet - INFO - Test[8408/10518] Taxonomy = 03001627 Sample = 89208a619341d9fdb8c516ed5c4ce32 Losses = ['71.8600', '14.0821', '71.8600', '14.0821'] Metrics = ['0.0077', '71.8600', '14.0821', '0.0000']
2025-10-28 16:18:17,105 - TopNet - INFO - Test[9459/10518] Taxonomy = 03001627 Sample = d0255120e3351121c3bd24f986301745 Losses = ['64.7020', '11.4885', '64.7020', '11.4885'] Metrics = ['0.0070', '64.7020', '11.4885', '0.0000']
2025-10-28 16:18:52,098 - TopNet - INFO - Test[10510/10518] Taxonomy = 03636649 Sample = ea9ec4d9db2e06202471e6dd5ac3ef92 Losses = ['52.2667', '8.3181', '52.2667', '8.3181'] Metrics = ['0.0121', '52.2667', '8.3181', '0.0000']
2025-10-28 16:18:52,496 - TopNet - INFO - [Validation] EPOCH: 0  Metrics = ['0.0206', '65.8169', '15.5754', '0.0000']
2025-10-28 16:18:52,496 - TopNet - INFO - ============================ TEST RESULTS ============================
2025-10-28 16:18:52,496 - TopNet - INFO - Taxonomy	#Sample	F-Score	CDL1	CDL2	EMDistance	#ModelName	
2025-10-28 16:18:52,496 - TopNet - INFO - 03759954	14	0.021 	73.666 	21.775 	0.000 	microphone	
2025-10-28 16:18:52,496 - TopNet - INFO - 04330267	44	0.011 	67.477 	14.137 	0.000 	stove	
2025-10-28 16:18:52,496 - TopNet - INFO - 03261776	15	0.014 	91.971 	30.663 	0.000 	earphone	
2025-10-28 16:18:52,496 - TopNet - INFO - 03513137	33	0.006 	79.988 	20.876 	0.000 	helmet	
2025-10-28 16:18:52,497 - TopNet - INFO - 04460130	27	0.028 	60.767 	13.684 	0.000 	tower	
2025-10-28 16:18:52,497 - TopNet - INFO - 04468005	78	0.037 	41.405 	5.638 	0.000 	train	
2025-10-28 16:18:52,497 - TopNet - INFO - 03761084	31	0.004 	97.454 	28.941 	0.000 	microwaves	
2025-10-28 16:18:52,497 - TopNet - INFO - 04004475	34	0.007 	73.968 	15.878 	0.000 	printer	
2025-10-28 16:18:52,497 - TopNet - INFO - 03938244	20	0.005 	87.213 	21.418 	0.000 	pillow	
2025-10-28 16:18:52,497 - TopNet - INFO - 02992529	167	0.018 	52.351 	9.369 	0.000 	cellphone	
2025-10-28 16:18:52,497 - TopNet - INFO - 02808440	172	0.008 	69.083 	14.482 	0.000 	bathtub	
2025-10-28 16:18:52,497 - TopNet - INFO - 04530566	388	0.040 	42.400 	6.285 	0.000 	watercraft	
2025-10-28 16:18:52,497 - TopNet - INFO - 02871439	91	0.013 	55.874 	9.477 	0.000 	bookshelf	
2025-10-28 16:18:52,497 - TopNet - INFO - 03593526	120	0.010 	82.064 	24.328 	0.000 	jar	
2025-10-28 16:18:52,497 - TopNet - INFO - 04554684	34	0.004 	78.385 	16.657 	0.000 	washer	
2025-10-28 16:18:52,497 - TopNet - INFO - 03467517	160	0.082 	42.263 	8.438 	0.000 	guitar	
2025-10-28 16:18:52,497 - TopNet - INFO - 04401088	218	0.016 	55.904 	10.847 	0.000 	telephone	
2025-10-28 16:18:52,497 - TopNet - INFO - 02954340	12	0.004 	128.903 	55.128 	0.000 	cap	
2025-10-28 16:18:52,497 - TopNet - INFO - 02933112	315	0.009 	61.732 	11.259 	0.000 	cabinet	
2025-10-28 16:18:52,497 - TopNet - INFO - 03642806	92	0.012 	63.474 	14.484 	0.000 	laptop	
2025-10-28 16:18:52,497 - TopNet - INFO - 02924116	188	0.016 	54.751 	9.098 	0.000 	bus	
2025-10-28 16:18:52,497 - TopNet - INFO - 02946921	22	0.005 	82.712 	21.326 	0.000 	can	
2025-10-28 16:18:52,497 - TopNet - INFO - 02818832	47	0.013 	72.593 	17.958 	0.000 	bed	
2025-10-28 16:18:52,497 - TopNet - INFO - 04256520	635	0.014 	51.842 	8.508 	0.000 	sofa	
2025-10-28 16:18:52,497 - TopNet - INFO - 04379243	1687	0.016 	60.053 	12.392 	0.000 	table	
2025-10-28 16:18:52,497 - TopNet - INFO - 02747177	69	0.007 	69.618 	16.795 	0.000 	trash bin	
2025-10-28 16:18:52,497 - TopNet - INFO - 03046257	131	0.013 	72.582 	18.381 	0.000 	clock	
2025-10-28 16:18:52,497 - TopNet - INFO - 04225987	31	0.027 	55.949 	9.896 	0.000 	skateboard	
2025-10-28 16:18:52,497 - TopNet - INFO - 03797390	43	0.006 	72.605 	17.968 	0.000 	mug	
2025-10-28 16:18:52,497 - TopNet - INFO - 03001627	1356	0.014 	57.090 	11.016 	0.000 	chair	
2025-10-28 16:18:52,497 - TopNet - INFO - 03691459	320	0.008 	72.526 	16.242 	0.000 	loudspeaker	
2025-10-28 16:18:52,497 - TopNet - INFO - 02942699	23	0.007 	79.002 	19.569 	0.000 	camera	
2025-10-28 16:18:52,497 - TopNet - INFO - 03636649	464	0.022 	74.504 	21.064 	0.000 	lamp	
2025-10-28 16:18:52,497 - TopNet - INFO - 02691156	809	0.044 	45.561 	7.998 	0.000 	airplane	
2025-10-28 16:18:52,497 - TopNet - INFO - 02773838	17	0.012 	71.872 	16.887 	0.000 	bag	
2025-10-28 16:18:52,497 - TopNet - INFO - 02958343	703	0.015 	49.418 	7.543 	0.000 	car	
2025-10-28 16:18:52,497 - TopNet - INFO - 02880940	38	0.005 	125.562 	51.800 	0.000 	bowl	
2025-10-28 16:18:52,497 - TopNet - INFO - 04099429	17	0.087 	38.767 	6.093 	0.000 	rocket	
2025-10-28 16:18:52,497 - TopNet - INFO - 02828884	363	0.021 	53.817 	9.909 	0.000 	bench	
2025-10-28 16:18:52,497 - TopNet - INFO - 04090263	475	0.113 	32.221 	4.618 	0.000 	rifle	
2025-10-28 16:18:52,497 - TopNet - INFO - 03211117	219	0.013 	62.681 	13.126 	0.000 	display	
2025-10-28 16:18:52,497 - TopNet - INFO - 02876657	100	0.015 	60.610 	12.422 	0.000 	bottle	
2025-10-28 16:18:52,497 - TopNet - INFO - 03710193	19	0.024 	58.004 	11.365 	0.000 	mailbox	
2025-10-28 16:18:52,497 - TopNet - INFO - 03790512	68	0.028 	48.138 	8.050 	0.000 	motorbike	
2025-10-28 16:18:52,497 - TopNet - INFO - 03325088	149	0.018 	74.150 	19.681 	0.000 	faucet	
2025-10-28 16:18:52,497 - TopNet - INFO - 02801938	23	0.005 	87.224 	26.528 	0.000 	basket	
2025-10-28 16:18:52,497 - TopNet - INFO - 03337140	60	0.009 	66.254 	13.482 	0.000 	file cabinet	
2025-10-28 16:18:52,497 - TopNet - INFO - 02843684	15	0.009 	64.229 	12.522 	0.000 	birdhouse	
2025-10-28 16:18:52,497 - TopNet - INFO - 03624134	85	0.074 	43.011 	8.802 	0.000 	knife	
2025-10-28 16:18:52,497 - TopNet - INFO - 03991062	121	0.009 	74.808 	18.539 	0.000 	flowerpot	
2025-10-28 16:18:52,497 - TopNet - INFO - 03948459	62	0.053 	46.314 	8.508 	0.000 	pistol	
2025-10-28 16:18:52,497 - TopNet - INFO - 03928116	48	0.012 	62.414 	11.746 	0.000 	piano	
2025-10-28 16:18:52,497 - TopNet - INFO - 03207941	19	0.005 	71.912 	14.994 	0.000 	dishwasher	
2025-10-28 16:18:52,497 - TopNet - INFO - 04074963	14	0.017 	53.836 	10.047 	0.000 	remote	
2025-10-28 16:18:52,497 - TopNet - INFO - 03085013	13	0.029 	46.956 	8.014 	0.000 	keyboard	
2025-10-28 16:18:52,497 - TopNet - INFO - Overall		0.021 	65.817 	15.575 	0.000 	
2025-10-28 16:18:52,562 - TopNet - INFO - Save checkpoint at ./experiments/TopNet/ShapeNet55_models/TopNet_fog/ckpt-best.pth
2025-10-28 16:18:52,622 - TopNet - INFO - Save checkpoint at ./experiments/TopNet/ShapeNet55_models/TopNet_fog/ckpt-last.pth
2025-10-28 16:18:52,953 - TopNet - INFO - [Epoch 1/150][Batch 1/2622] BatchTime = 0.330 (s) DataTime = 0.070 (s) Losses = ['15.4870', '15.4870'] lr = 0.0010000
2025-10-28 16:19:22,601 - TopNet - INFO - [Epoch 1/150][Batch 101/2622] BatchTime = 0.122 (s) DataTime = 0.001 (s) Losses = ['12.1510', '12.1510'] lr = 0.0010000
2025-10-28 16:19:50,287 - TopNet - INFO - [Epoch 1/150][Batch 201/2622] BatchTime = 0.484 (s) DataTime = 0.001 (s) Losses = ['12.5556', '12.5556'] lr = 0.0010000
2025-10-28 16:20:17,282 - TopNet - INFO - [Epoch 1/150][Batch 301/2622] BatchTime = 0.249 (s) DataTime = 0.001 (s) Losses = ['10.2646', '10.2646'] lr = 0.0010000
2025-10-28 16:20:45,866 - TopNet - INFO - [Epoch 1/150][Batch 401/2622] BatchTime = 0.252 (s) DataTime = 0.001 (s) Losses = ['13.1108', '13.1108'] lr = 0.0010000
2025-10-28 16:21:11,925 - TopNet - INFO - [Epoch 1/150][Batch 501/2622] BatchTime = 0.308 (s) DataTime = 0.001 (s) Losses = ['9.3062', '9.3062'] lr = 0.0010000
2025-10-28 16:21:39,648 - TopNet - INFO - [Epoch 1/150][Batch 601/2622] BatchTime = 0.325 (s) DataTime = 0.001 (s) Losses = ['7.5327', '7.5327'] lr = 0.0010000
2025-10-28 16:22:05,859 - TopNet - INFO - [Epoch 1/150][Batch 701/2622] BatchTime = 0.235 (s) DataTime = 0.001 (s) Losses = ['10.0154', '10.0154'] lr = 0.0010000
2025-10-28 16:22:34,700 - TopNet - INFO - [Epoch 1/150][Batch 801/2622] BatchTime = 0.137 (s) DataTime = 0.001 (s) Losses = ['14.2157', '14.2157'] lr = 0.0010000
2025-10-28 16:23:02,567 - TopNet - INFO - [Epoch 1/150][Batch 901/2622] BatchTime = 0.322 (s) DataTime = 0.001 (s) Losses = ['9.9426', '9.9426'] lr = 0.0010000
2025-10-28 16:23:30,511 - TopNet - INFO - [Epoch 1/150][Batch 1001/2622] BatchTime = 0.338 (s) DataTime = 0.001 (s) Losses = ['10.4486', '10.4486'] lr = 0.0010000
2025-10-28 16:23:57,511 - TopNet - INFO - [Epoch 1/150][Batch 1101/2622] BatchTime = 0.193 (s) DataTime = 0.001 (s) Losses = ['10.6550', '10.6550'] lr = 0.0010000
2025-10-28 16:24:25,580 - TopNet - INFO - [Epoch 1/150][Batch 1201/2622] BatchTime = 0.318 (s) DataTime = 0.001 (s) Losses = ['12.0294', '12.0294'] lr = 0.0010000
2025-10-28 16:24:53,612 - TopNet - INFO - [Epoch 1/150][Batch 1301/2622] BatchTime = 0.202 (s) DataTime = 0.001 (s) Losses = ['9.5286', '9.5286'] lr = 0.0010000
2025-10-28 16:25:21,676 - TopNet - INFO - [Epoch 1/150][Batch 1401/2622] BatchTime = 0.324 (s) DataTime = 0.001 (s) Losses = ['9.1777', '9.1777'] lr = 0.0010000
2025-10-28 16:25:51,064 - TopNet - INFO - [Epoch 1/150][Batch 1501/2622] BatchTime = 0.310 (s) DataTime = 0.001 (s) Losses = ['7.3156', '7.3156'] lr = 0.0010000
2025-10-28 16:26:17,623 - TopNet - INFO - [Epoch 1/150][Batch 1601/2622] BatchTime = 0.261 (s) DataTime = 0.001 (s) Losses = ['11.9505', '11.9505'] lr = 0.0010000
2025-10-28 16:26:43,388 - TopNet - INFO - [Epoch 1/150][Batch 1701/2622] BatchTime = 0.221 (s) DataTime = 0.001 (s) Losses = ['7.4924', '7.4924'] lr = 0.0010000
2025-10-28 16:27:11,669 - TopNet - INFO - [Epoch 1/150][Batch 1801/2622] BatchTime = 0.426 (s) DataTime = 0.001 (s) Losses = ['8.1386', '8.1386'] lr = 0.0010000
2025-10-28 16:27:38,731 - TopNet - INFO - [Epoch 1/150][Batch 1901/2622] BatchTime = 0.294 (s) DataTime = 0.001 (s) Losses = ['7.3058', '7.3058'] lr = 0.0010000
2025-10-28 16:28:07,110 - TopNet - INFO - [Epoch 1/150][Batch 2001/2622] BatchTime = 0.196 (s) DataTime = 0.001 (s) Losses = ['11.7156', '11.7156'] lr = 0.0010000
2025-10-28 16:28:33,790 - TopNet - INFO - [Epoch 1/150][Batch 2101/2622] BatchTime = 0.133 (s) DataTime = 0.001 (s) Losses = ['8.9433', '8.9433'] lr = 0.0010000
2025-10-28 16:29:00,666 - TopNet - INFO - [Epoch 1/150][Batch 2201/2622] BatchTime = 0.234 (s) DataTime = 0.001 (s) Losses = ['6.1187', '6.1187'] lr = 0.0010000
2025-10-28 16:29:26,439 - TopNet - INFO - [Epoch 1/150][Batch 2301/2622] BatchTime = 0.314 (s) DataTime = 0.001 (s) Losses = ['8.2260', '8.2260'] lr = 0.0010000
2025-10-28 16:29:53,324 - TopNet - INFO - [Epoch 1/150][Batch 2401/2622] BatchTime = 0.228 (s) DataTime = 0.001 (s) Losses = ['8.9646', '8.9646'] lr = 0.0010000
2025-10-28 16:30:20,041 - TopNet - INFO - [Epoch 1/150][Batch 2501/2622] BatchTime = 0.218 (s) DataTime = 0.001 (s) Losses = ['6.4708', '6.4708'] lr = 0.0010000
2025-10-28 16:30:45,227 - TopNet - INFO - [Epoch 1/150][Batch 2601/2622] BatchTime = 0.209 (s) DataTime = 0.001 (s) Losses = ['11.1671', '11.1671'] lr = 0.0010000
2025-10-28 16:30:51,234 - TopNet - INFO - [Training] EPOCH: 1 EpochTime = 718.611 (s) Losses = ['10.7584', '10.7584']
2025-10-28 16:30:51,329 - TopNet - INFO - Save checkpoint at ./experiments/TopNet/ShapeNet55_models/TopNet_fog/ckpt-last.pth
2025-10-28 16:30:51,555 - TopNet - INFO - [Epoch 2/150][Batch 1/2622] BatchTime = 0.225 (s) DataTime = 0.068 (s) Losses = ['5.8847', '5.8847'] lr = 0.0010000
2025-10-28 16:31:19,403 - TopNet - INFO - [Epoch 2/150][Batch 101/2622] BatchTime = 0.225 (s) DataTime = 0.001 (s) Losses = ['13.0340', '13.0340'] lr = 0.0010000
2025-10-28 16:31:46,906 - TopNet - INFO - [Epoch 2/150][Batch 201/2622] BatchTime = 0.238 (s) DataTime = 0.001 (s) Losses = ['6.4961', '6.4961'] lr = 0.0010000
2025-10-28 16:32:14,461 - TopNet - INFO - [Epoch 2/150][Batch 301/2622] BatchTime = 0.205 (s) DataTime = 0.001 (s) Losses = ['9.9227', '9.9227'] lr = 0.0010000
2025-10-28 16:32:40,367 - TopNet - INFO - [Epoch 2/150][Batch 401/2622] BatchTime = 0.236 (s) DataTime = 0.001 (s) Losses = ['7.6277', '7.6277'] lr = 0.0010000
2025-10-28 16:33:07,981 - TopNet - INFO - [Epoch 2/150][Batch 501/2622] BatchTime = 0.230 (s) DataTime = 0.001 (s) Losses = ['7.7657', '7.7657'] lr = 0.0010000
2025-10-28 16:33:33,881 - TopNet - INFO - [Epoch 2/150][Batch 601/2622] BatchTime = 0.209 (s) DataTime = 0.001 (s) Losses = ['10.1042', '10.1042'] lr = 0.0010000
2025-10-28 16:34:02,113 - TopNet - INFO - [Epoch 2/150][Batch 701/2622] BatchTime = 0.306 (s) DataTime = 0.001 (s) Losses = ['13.7122', '13.7122'] lr = 0.0010000
2025-10-28 16:34:28,411 - TopNet - INFO - [Epoch 2/150][Batch 801/2622] BatchTime = 0.318 (s) DataTime = 0.001 (s) Losses = ['9.7925', '9.7925'] lr = 0.0010000
2025-10-28 16:34:58,992 - TopNet - INFO - [Epoch 2/150][Batch 901/2622] BatchTime = 0.391 (s) DataTime = 0.001 (s) Losses = ['8.1411', '8.1411'] lr = 0.0010000
2025-10-28 16:35:26,314 - TopNet - INFO - [Epoch 2/150][Batch 1001/2622] BatchTime = 0.119 (s) DataTime = 0.001 (s) Losses = ['5.9181', '5.9181'] lr = 0.0010000
2025-10-28 16:35:53,869 - TopNet - INFO - [Epoch 2/150][Batch 1101/2622] BatchTime = 0.210 (s) DataTime = 0.001 (s) Losses = ['8.3062', '8.3062'] lr = 0.0010000
2025-10-28 16:36:19,341 - TopNet - INFO - [Epoch 2/150][Batch 1201/2622] BatchTime = 0.146 (s) DataTime = 0.001 (s) Losses = ['7.6313', '7.6313'] lr = 0.0010000
2025-10-28 16:36:46,710 - TopNet - INFO - [Epoch 2/150][Batch 1301/2622] BatchTime = 0.229 (s) DataTime = 0.001 (s) Losses = ['7.9648', '7.9648'] lr = 0.0010000
2025-10-28 16:37:13,808 - TopNet - INFO - [Epoch 2/150][Batch 1401/2622] BatchTime = 0.159 (s) DataTime = 0.001 (s) Losses = ['8.9981', '8.9981'] lr = 0.0010000
2025-10-28 16:37:38,934 - TopNet - INFO - [Epoch 2/150][Batch 1501/2622] BatchTime = 0.437 (s) DataTime = 0.001 (s) Losses = ['8.1396', '8.1396'] lr = 0.0010000
2025-10-28 16:38:07,594 - TopNet - INFO - [Epoch 2/150][Batch 1601/2622] BatchTime = 0.197 (s) DataTime = 0.001 (s) Losses = ['6.9754', '6.9754'] lr = 0.0010000
2025-10-28 16:38:36,376 - TopNet - INFO - [Epoch 2/150][Batch 1701/2622] BatchTime = 0.415 (s) DataTime = 0.001 (s) Losses = ['16.5268', '16.5268'] lr = 0.0010000
2025-10-28 16:39:02,396 - TopNet - INFO - [Epoch 2/150][Batch 1801/2622] BatchTime = 0.109 (s) DataTime = 0.001 (s) Losses = ['10.4843', '10.4843'] lr = 0.0010000
2025-10-28 16:39:30,521 - TopNet - INFO - [Epoch 2/150][Batch 1901/2622] BatchTime = 0.345 (s) DataTime = 0.001 (s) Losses = ['8.1518', '8.1518'] lr = 0.0010000
2025-10-28 16:39:58,693 - TopNet - INFO - [Epoch 2/150][Batch 2001/2622] BatchTime = 0.281 (s) DataTime = 0.001 (s) Losses = ['6.8789', '6.8789'] lr = 0.0010000
2025-10-28 16:40:25,296 - TopNet - INFO - [Epoch 2/150][Batch 2101/2622] BatchTime = 0.113 (s) DataTime = 0.001 (s) Losses = ['11.7941', '11.7941'] lr = 0.0010000
2025-10-28 16:40:54,782 - TopNet - INFO - [Epoch 2/150][Batch 2201/2622] BatchTime = 0.211 (s) DataTime = 0.001 (s) Losses = ['7.1394', '7.1394'] lr = 0.0010000
2025-10-28 16:41:22,261 - TopNet - INFO - [Epoch 2/150][Batch 2301/2622] BatchTime = 0.272 (s) DataTime = 0.001 (s) Losses = ['6.0616', '6.0616'] lr = 0.0010000
2025-10-28 16:41:50,042 - TopNet - INFO - [Epoch 2/150][Batch 2401/2622] BatchTime = 0.122 (s) DataTime = 0.001 (s) Losses = ['5.8267', '5.8267'] lr = 0.0010000
2025-10-28 16:42:17,547 - TopNet - INFO - [Epoch 2/150][Batch 2501/2622] BatchTime = 0.494 (s) DataTime = 0.001 (s) Losses = ['6.6258', '6.6258'] lr = 0.0010000
2025-10-28 16:42:43,014 - TopNet - INFO - [Epoch 2/150][Batch 2601/2622] BatchTime = 0.310 (s) DataTime = 0.001 (s) Losses = ['6.1678', '6.1678'] lr = 0.0010000
2025-10-28 16:42:48,266 - TopNet - INFO - [Training] EPOCH: 2 EpochTime = 716.936 (s) Losses = ['8.6634', '8.6634']
2025-10-28 16:42:48,355 - TopNet - INFO - Save checkpoint at ./experiments/TopNet/ShapeNet55_models/TopNet_fog/ckpt-last.pth
2025-10-28 16:42:48,645 - TopNet - INFO - [Epoch 3/150][Batch 1/2622] BatchTime = 0.290 (s) DataTime = 0.070 (s) Losses = ['7.6008', '7.6008'] lr = 0.0010000
2025-10-28 16:43:13,624 - TopNet - INFO - [Epoch 3/150][Batch 101/2622] BatchTime = 0.227 (s) DataTime = 0.001 (s) Losses = ['8.3230', '8.3230'] lr = 0.0010000
2025-10-28 16:43:39,830 - TopNet - INFO - [Epoch 3/150][Batch 201/2622] BatchTime = 0.247 (s) DataTime = 0.001 (s) Losses = ['7.3955', '7.3955'] lr = 0.0010000
2025-10-28 16:44:08,788 - TopNet - INFO - [Epoch 3/150][Batch 301/2622] BatchTime = 0.309 (s) DataTime = 0.001 (s) Losses = ['7.9923', '7.9923'] lr = 0.0010000
2025-10-28 16:44:36,534 - TopNet - INFO - [Epoch 3/150][Batch 401/2622] BatchTime = 0.137 (s) DataTime = 0.001 (s) Losses = ['9.9424', '9.9424'] lr = 0.0010000
2025-10-28 16:45:04,543 - TopNet - INFO - [Epoch 3/150][Batch 501/2622] BatchTime = 0.109 (s) DataTime = 0.001 (s) Losses = ['6.4152', '6.4152'] lr = 0.0010000
2025-10-28 16:45:32,802 - TopNet - INFO - [Epoch 3/150][Batch 601/2622] BatchTime = 0.196 (s) DataTime = 0.001 (s) Losses = ['5.8997', '5.8997'] lr = 0.0010000
2025-10-28 16:46:02,267 - TopNet - INFO - [Epoch 3/150][Batch 701/2622] BatchTime = 0.401 (s) DataTime = 0.001 (s) Losses = ['7.2012', '7.2012'] lr = 0.0010000
2025-10-28 16:46:28,779 - TopNet - INFO - [Epoch 3/150][Batch 801/2622] BatchTime = 0.337 (s) DataTime = 0.001 (s) Losses = ['6.7597', '6.7597'] lr = 0.0010000
2025-10-28 16:46:55,991 - TopNet - INFO - [Epoch 3/150][Batch 901/2622] BatchTime = 0.293 (s) DataTime = 0.001 (s) Losses = ['8.1718', '8.1718'] lr = 0.0010000
2025-10-28 16:47:21,275 - TopNet - INFO - [Epoch 3/150][Batch 1001/2622] BatchTime = 0.113 (s) DataTime = 0.001 (s) Losses = ['8.4225', '8.4225'] lr = 0.0010000
2025-10-28 16:47:48,670 - TopNet - INFO - [Epoch 3/150][Batch 1101/2622] BatchTime = 0.356 (s) DataTime = 0.001 (s) Losses = ['7.4974', '7.4974'] lr = 0.0010000
2025-10-28 16:48:13,123 - TopNet - INFO - [Epoch 3/150][Batch 1201/2622] BatchTime = 0.247 (s) DataTime = 0.001 (s) Losses = ['6.6160', '6.6160'] lr = 0.0010000
2025-10-28 16:48:40,253 - TopNet - INFO - [Epoch 3/150][Batch 1301/2622] BatchTime = 0.191 (s) DataTime = 0.001 (s) Losses = ['9.0575', '9.0575'] lr = 0.0010000
2025-10-28 16:49:08,295 - TopNet - INFO - [Epoch 3/150][Batch 1401/2622] BatchTime = 0.421 (s) DataTime = 0.001 (s) Losses = ['10.1789', '10.1789'] lr = 0.0010000
2025-10-28 16:49:36,466 - TopNet - INFO - [Epoch 3/150][Batch 1501/2622] BatchTime = 0.364 (s) DataTime = 0.001 (s) Losses = ['4.6007', '4.6007'] lr = 0.0010000
2025-10-28 16:50:05,004 - TopNet - INFO - [Epoch 3/150][Batch 1601/2622] BatchTime = 0.247 (s) DataTime = 0.001 (s) Losses = ['9.0680', '9.0680'] lr = 0.0010000
2025-10-28 16:50:33,038 - TopNet - INFO - [Epoch 3/150][Batch 1701/2622] BatchTime = 0.474 (s) DataTime = 0.001 (s) Losses = ['6.8482', '6.8482'] lr = 0.0010000
2025-10-28 16:51:00,344 - TopNet - INFO - [Epoch 3/150][Batch 1801/2622] BatchTime = 0.368 (s) DataTime = 0.001 (s) Losses = ['13.1446', '13.1446'] lr = 0.0010000
2025-10-28 16:51:27,713 - TopNet - INFO - [Epoch 3/150][Batch 1901/2622] BatchTime = 0.202 (s) DataTime = 0.001 (s) Losses = ['7.0636', '7.0636'] lr = 0.0010000
2025-10-28 16:51:52,894 - TopNet - INFO - [Epoch 3/150][Batch 2001/2622] BatchTime = 0.350 (s) DataTime = 0.001 (s) Losses = ['8.7586', '8.7586'] lr = 0.0010000
2025-10-28 16:52:22,060 - TopNet - INFO - [Epoch 3/150][Batch 2101/2622] BatchTime = 0.211 (s) DataTime = 0.001 (s) Losses = ['7.2370', '7.2370'] lr = 0.0010000
2025-10-28 16:52:49,580 - TopNet - INFO - [Epoch 3/150][Batch 2201/2622] BatchTime = 0.203 (s) DataTime = 0.001 (s) Losses = ['8.2887', '8.2887'] lr = 0.0010000
2025-10-28 16:53:16,395 - TopNet - INFO - [Epoch 3/150][Batch 2301/2622] BatchTime = 0.316 (s) DataTime = 0.001 (s) Losses = ['4.1752', '4.1752'] lr = 0.0010000
2025-10-28 16:53:42,434 - TopNet - INFO - [Epoch 3/150][Batch 2401/2622] BatchTime = 0.317 (s) DataTime = 0.001 (s) Losses = ['7.1344', '7.1344'] lr = 0.0010000
2025-10-28 16:54:09,894 - TopNet - INFO - [Epoch 3/150][Batch 2501/2622] BatchTime = 0.231 (s) DataTime = 0.001 (s) Losses = ['6.9415', '6.9415'] lr = 0.0010000
2025-10-28 16:54:37,691 - TopNet - INFO - [Epoch 3/150][Batch 2601/2622] BatchTime = 0.719 (s) DataTime = 0.001 (s) Losses = ['8.2265', '8.2265'] lr = 0.0010000
2025-10-28 16:54:42,884 - TopNet - INFO - [Training] EPOCH: 3 EpochTime = 714.529 (s) Losses = ['7.8947', '7.8947']
2025-10-28 16:54:42,973 - TopNet - INFO - Save checkpoint at ./experiments/TopNet/ShapeNet55_models/TopNet_fog/ckpt-last.pth
2025-10-28 16:54:43,300 - TopNet - INFO - [Epoch 4/150][Batch 1/2622] BatchTime = 0.327 (s) DataTime = 0.071 (s) Losses = ['8.2408', '8.2408'] lr = 0.0010000
2025-10-28 16:55:12,396 - TopNet - INFO - [Epoch 4/150][Batch 101/2622] BatchTime = 0.348 (s) DataTime = 0.001 (s) Losses = ['8.4041', '8.4041'] lr = 0.0010000
2025-10-28 16:55:39,283 - TopNet - INFO - [Epoch 4/150][Batch 201/2622] BatchTime = 0.228 (s) DataTime = 0.001 (s) Losses = ['6.2402', '6.2402'] lr = 0.0010000
2025-10-28 16:56:07,357 - TopNet - INFO - [Epoch 4/150][Batch 301/2622] BatchTime = 0.540 (s) DataTime = 0.001 (s) Losses = ['6.7546', '6.7546'] lr = 0.0010000
2025-10-28 16:56:33,887 - TopNet - INFO - [Epoch 4/150][Batch 401/2622] BatchTime = 0.198 (s) DataTime = 0.001 (s) Losses = ['8.5509', '8.5509'] lr = 0.0010000
2025-10-28 16:56:59,532 - TopNet - INFO - [Epoch 4/150][Batch 501/2622] BatchTime = 0.452 (s) DataTime = 0.001 (s) Losses = ['6.4847', '6.4847'] lr = 0.0010000
2025-10-28 16:57:24,547 - TopNet - INFO - [Epoch 4/150][Batch 601/2622] BatchTime = 0.347 (s) DataTime = 0.001 (s) Losses = ['4.8593', '4.8593'] lr = 0.0010000
2025-10-28 16:57:49,971 - TopNet - INFO - [Epoch 4/150][Batch 701/2622] BatchTime = 0.203 (s) DataTime = 0.001 (s) Losses = ['7.0189', '7.0189'] lr = 0.0010000
2025-10-28 16:58:15,550 - TopNet - INFO - [Epoch 4/150][Batch 801/2622] BatchTime = 0.126 (s) DataTime = 0.001 (s) Losses = ['9.1127', '9.1127'] lr = 0.0010000
2025-10-28 16:58:44,743 - TopNet - INFO - [Epoch 4/150][Batch 901/2622] BatchTime = 0.555 (s) DataTime = 0.001 (s) Losses = ['6.5114', '6.5114'] lr = 0.0010000
2025-10-28 16:59:13,288 - TopNet - INFO - [Epoch 4/150][Batch 1001/2622] BatchTime = 0.364 (s) DataTime = 0.001 (s) Losses = ['6.4761', '6.4761'] lr = 0.0010000
2025-10-28 16:59:40,613 - TopNet - INFO - [Epoch 4/150][Batch 1101/2622] BatchTime = 0.139 (s) DataTime = 0.001 (s) Losses = ['5.8919', '5.8919'] lr = 0.0010000
2025-10-28 17:00:08,917 - TopNet - INFO - [Epoch 4/150][Batch 1201/2622] BatchTime = 0.131 (s) DataTime = 0.001 (s) Losses = ['7.0996', '7.0996'] lr = 0.0010000
2025-10-28 17:00:36,156 - TopNet - INFO - [Epoch 4/150][Batch 1301/2622] BatchTime = 0.323 (s) DataTime = 0.001 (s) Losses = ['5.4973', '5.4973'] lr = 0.0010000
2025-10-28 17:01:01,879 - TopNet - INFO - [Epoch 4/150][Batch 1401/2622] BatchTime = 0.120 (s) DataTime = 0.001 (s) Losses = ['5.6063', '5.6063'] lr = 0.0010000
2025-10-28 17:01:31,267 - TopNet - INFO - [Epoch 4/150][Batch 1501/2622] BatchTime = 0.517 (s) DataTime = 0.001 (s) Losses = ['7.0278', '7.0278'] lr = 0.0010000
2025-10-28 17:01:57,670 - TopNet - INFO - [Epoch 4/150][Batch 1601/2622] BatchTime = 0.197 (s) DataTime = 0.001 (s) Losses = ['11.5256', '11.5256'] lr = 0.0010000
2025-10-28 17:02:25,301 - TopNet - INFO - [Epoch 4/150][Batch 1701/2622] BatchTime = 0.109 (s) DataTime = 0.001 (s) Losses = ['14.4541', '14.4541'] lr = 0.0010000
2025-10-28 17:02:52,426 - TopNet - INFO - [Epoch 4/150][Batch 1801/2622] BatchTime = 0.114 (s) DataTime = 0.001 (s) Losses = ['8.2324', '8.2324'] lr = 0.0010000
2025-10-28 17:03:19,124 - TopNet - INFO - [Epoch 4/150][Batch 1901/2622] BatchTime = 0.124 (s) DataTime = 0.001 (s) Losses = ['5.9899', '5.9899'] lr = 0.0010000
2025-10-28 17:03:46,899 - TopNet - INFO - [Epoch 4/150][Batch 2001/2622] BatchTime = 0.235 (s) DataTime = 0.001 (s) Losses = ['7.4238', '7.4238'] lr = 0.0010000
2025-10-28 17:04:13,706 - TopNet - INFO - [Epoch 4/150][Batch 2101/2622] BatchTime = 0.484 (s) DataTime = 0.001 (s) Losses = ['6.6707', '6.6707'] lr = 0.0010000
2025-10-28 17:04:41,028 - TopNet - INFO - [Epoch 4/150][Batch 2201/2622] BatchTime = 0.259 (s) DataTime = 0.001 (s) Losses = ['8.6929', '8.6929'] lr = 0.0010000
2025-10-28 17:05:09,598 - TopNet - INFO - [Epoch 4/150][Batch 2301/2622] BatchTime = 0.239 (s) DataTime = 0.001 (s) Losses = ['6.8255', '6.8255'] lr = 0.0010000
2025-10-28 17:05:37,228 - TopNet - INFO - [Epoch 4/150][Batch 2401/2622] BatchTime = 0.513 (s) DataTime = 0.001 (s) Losses = ['6.0620', '6.0620'] lr = 0.0010000
2025-10-28 17:06:05,810 - TopNet - INFO - [Epoch 4/150][Batch 2501/2622] BatchTime = 0.232 (s) DataTime = 0.001 (s) Losses = ['6.5812', '6.5812'] lr = 0.0010000
2025-10-28 17:06:34,522 - TopNet - INFO - [Epoch 4/150][Batch 2601/2622] BatchTime = 0.132 (s) DataTime = 0.001 (s) Losses = ['6.0607', '6.0607'] lr = 0.0010000
2025-10-28 17:06:40,749 - TopNet - INFO - [Training] EPOCH: 4 EpochTime = 717.776 (s) Losses = ['7.4367', '7.4367']
2025-10-28 17:06:40,834 - TopNet - INFO - Save checkpoint at ./experiments/TopNet/ShapeNet55_models/TopNet_fog/ckpt-last.pth
2025-10-28 17:06:41,237 - TopNet - INFO - [Epoch 5/150][Batch 1/2622] BatchTime = 0.402 (s) DataTime = 0.071 (s) Losses = ['5.9361', '5.9361'] lr = 0.0010000
2025-10-28 17:07:08,859 - TopNet - INFO - [Epoch 5/150][Batch 101/2622] BatchTime = 0.229 (s) DataTime = 0.001 (s) Losses = ['8.7102', '8.7102'] lr = 0.0010000
2025-10-28 17:07:37,361 - TopNet - INFO - [Epoch 5/150][Batch 201/2622] BatchTime = 0.191 (s) DataTime = 0.001 (s) Losses = ['8.5853', '8.5853'] lr = 0.0010000
2025-10-28 17:08:03,449 - TopNet - INFO - [Epoch 5/150][Batch 301/2622] BatchTime = 0.141 (s) DataTime = 0.001 (s) Losses = ['4.5345', '4.5345'] lr = 0.0010000
2025-10-28 17:08:31,608 - TopNet - INFO - [Epoch 5/150][Batch 401/2622] BatchTime = 0.220 (s) DataTime = 0.001 (s) Losses = ['5.8362', '5.8362'] lr = 0.0010000
2025-10-28 17:09:00,169 - TopNet - INFO - [Epoch 5/150][Batch 501/2622] BatchTime = 0.431 (s) DataTime = 0.001 (s) Losses = ['6.3255', '6.3255'] lr = 0.0010000
2025-10-28 17:09:27,427 - TopNet - INFO - [Epoch 5/150][Batch 601/2622] BatchTime = 0.370 (s) DataTime = 0.001 (s) Losses = ['5.7493', '5.7493'] lr = 0.0010000
2025-10-28 17:09:53,232 - TopNet - INFO - [Epoch 5/150][Batch 701/2622] BatchTime = 0.140 (s) DataTime = 0.001 (s) Losses = ['7.6837', '7.6837'] lr = 0.0010000
2025-10-28 17:10:20,187 - TopNet - INFO - [Epoch 5/150][Batch 801/2622] BatchTime = 0.116 (s) DataTime = 0.001 (s) Losses = ['7.0888', '7.0888'] lr = 0.0010000
2025-10-28 17:10:49,424 - TopNet - INFO - [Epoch 5/150][Batch 901/2622] BatchTime = 0.252 (s) DataTime = 0.001 (s) Losses = ['8.6783', '8.6783'] lr = 0.0010000
2025-10-28 17:11:15,508 - TopNet - INFO - [Epoch 5/150][Batch 1001/2622] BatchTime = 0.121 (s) DataTime = 0.001 (s) Losses = ['8.5050', '8.5050'] lr = 0.0010000
2025-10-28 17:11:43,637 - TopNet - INFO - [Epoch 5/150][Batch 1101/2622] BatchTime = 0.303 (s) DataTime = 0.001 (s) Losses = ['7.1657', '7.1657'] lr = 0.0010000
2025-10-28 17:12:12,619 - TopNet - INFO - [Epoch 5/150][Batch 1201/2622] BatchTime = 0.497 (s) DataTime = 0.001 (s) Losses = ['4.4603', '4.4603'] lr = 0.0010000
2025-10-28 17:12:40,184 - TopNet - INFO - [Epoch 5/150][Batch 1301/2622] BatchTime = 0.382 (s) DataTime = 0.001 (s) Losses = ['7.5182', '7.5182'] lr = 0.0010000
2025-10-28 17:13:06,552 - TopNet - INFO - [Epoch 5/150][Batch 1401/2622] BatchTime = 0.162 (s) DataTime = 0.001 (s) Losses = ['8.9001', '8.9001'] lr = 0.0010000
2025-10-28 17:13:33,477 - TopNet - INFO - [Epoch 5/150][Batch 1501/2622] BatchTime = 0.386 (s) DataTime = 0.001 (s) Losses = ['5.7608', '5.7608'] lr = 0.0010000
2025-10-28 17:14:00,359 - TopNet - INFO - [Epoch 5/150][Batch 1601/2622] BatchTime = 0.229 (s) DataTime = 0.001 (s) Losses = ['6.9367', '6.9367'] lr = 0.0010000
2025-10-28 17:14:27,377 - TopNet - INFO - [Epoch 5/150][Batch 1701/2622] BatchTime = 0.303 (s) DataTime = 0.001 (s) Losses = ['6.0333', '6.0333'] lr = 0.0010000
2025-10-28 17:14:54,819 - TopNet - INFO - [Epoch 5/150][Batch 1801/2622] BatchTime = 0.116 (s) DataTime = 0.001 (s) Losses = ['6.9936', '6.9936'] lr = 0.0010000
2025-10-28 17:15:20,922 - TopNet - INFO - [Epoch 5/150][Batch 1901/2622] BatchTime = 0.337 (s) DataTime = 0.001 (s) Losses = ['5.3379', '5.3379'] lr = 0.0010000
2025-10-28 17:15:48,520 - TopNet - INFO - [Epoch 5/150][Batch 2001/2622] BatchTime = 0.253 (s) DataTime = 0.001 (s) Losses = ['7.2491', '7.2491'] lr = 0.0010000
2025-10-28 17:16:15,215 - TopNet - INFO - [Epoch 5/150][Batch 2101/2622] BatchTime = 0.353 (s) DataTime = 0.001 (s) Losses = ['8.6885', '8.6885'] lr = 0.0010000
2025-10-28 17:16:43,211 - TopNet - INFO - [Epoch 5/150][Batch 2201/2622] BatchTime = 0.114 (s) DataTime = 0.001 (s) Losses = ['7.0795', '7.0795'] lr = 0.0010000
2025-10-28 17:17:09,773 - TopNet - INFO - [Epoch 5/150][Batch 2301/2622] BatchTime = 0.409 (s) DataTime = 0.001 (s) Losses = ['6.7737', '6.7737'] lr = 0.0010000
2025-10-28 17:17:38,953 - TopNet - INFO - [Epoch 5/150][Batch 2401/2622] BatchTime = 0.263 (s) DataTime = 0.001 (s) Losses = ['6.5794', '6.5794'] lr = 0.0010000
2025-10-28 17:18:05,436 - TopNet - INFO - [Epoch 5/150][Batch 2501/2622] BatchTime = 0.227 (s) DataTime = 0.001 (s) Losses = ['6.4860', '6.4860'] lr = 0.0010000
2025-10-28 17:18:34,470 - TopNet - INFO - [Epoch 5/150][Batch 2601/2622] BatchTime = 0.140 (s) DataTime = 0.001 (s) Losses = ['4.1851', '4.1851'] lr = 0.0010000
2025-10-28 17:18:39,580 - TopNet - INFO - [Training] EPOCH: 5 EpochTime = 718.745 (s) Losses = ['6.8111', '6.8111']
2025-10-28 17:18:39,580 - TopNet - INFO - [VALIDATION] Start validating epoch 5
2025-10-28 17:19:18,543 - TopNet - INFO - Test[1051/10518] Taxonomy = 02691156 Sample = c7749c0a8b61f43bc9b9e28055202e3d Losses = ['32.6483', '3.4123', '32.6483', '3.4123'] Metrics = ['0.0727', '32.6483', '3.4123', '0.0000']
2025-10-28 17:19:55,799 - TopNet - INFO - Test[2102/10518] Taxonomy = 03211117 Sample = ab2f9418c111cc6ddb965514105122a4 Losses = ['48.7743', '6.7721', '48.7743', '6.7721'] Metrics = ['0.0264', '48.7743', '6.7721', '0.0000']
2025-10-28 17:20:33,837 - TopNet - INFO - Test[3153/10518] Taxonomy = 02876657 Sample = c5032e4be091aabb36fe7a88df793982 Losses = ['74.2016', '13.6663', '74.2016', '13.6663'] Metrics = ['0.0087', '74.2016', '13.6663', '0.0000']
2025-10-28 17:21:11,434 - TopNet - INFO - Test[4204/10518] Taxonomy = 03211117 Sample = 722df1da5778d45b1e43523279c7f09f Losses = ['42.6166', '5.9121', '42.6166', '5.9121'] Metrics = ['0.0461', '42.6166', '5.9121', '0.0000']
2025-10-28 17:21:49,169 - TopNet - INFO - Test[5255/10518] Taxonomy = 02828884 Sample = 14b63361a48a9fffe4a048c146e8bd43 Losses = ['65.6940', '10.8198', '65.6940', '10.8198'] Metrics = ['0.0102', '65.6940', '10.8198', '0.0000']
2025-10-28 17:22:26,250 - TopNet - INFO - Test[6306/10518] Taxonomy = 03211117 Sample = d330d50a0255529d19ed6e1a590c9122 Losses = ['40.1769', '5.1565', '40.1769', '5.1565'] Metrics = ['0.0283', '40.1769', '5.1565', '0.0000']
2025-10-28 17:23:03,011 - TopNet - INFO - Test[7357/10518] Taxonomy = 04379243 Sample = b1ca280d9567270ade98d10ab5975b59 Losses = ['38.2407', '5.1499', '38.2407', '5.1499'] Metrics = ['0.0331', '38.2407', '5.1499', '0.0000']
2025-10-28 17:23:40,520 - TopNet - INFO - Test[8408/10518] Taxonomy = 03001627 Sample = 89208a619341d9fdb8c516ed5c4ce32 Losses = ['49.7895', '6.2036', '49.7895', '6.2036'] Metrics = ['0.0099', '49.7895', '6.2036', '0.0000']
2025-10-28 17:24:18,203 - TopNet - INFO - Test[9459/10518] Taxonomy = 03001627 Sample = d0255120e3351121c3bd24f986301745 Losses = ['36.9830', '4.5656', '36.9830', '4.5656'] Metrics = ['0.0291', '36.9830', '4.5656', '0.0000']
2025-10-28 17:24:55,238 - TopNet - INFO - Test[10510/10518] Taxonomy = 03636649 Sample = ea9ec4d9db2e06202471e6dd5ac3ef92 Losses = ['50.1024', '7.9890', '50.1024', '7.9890'] Metrics = ['0.0138', '50.1024', '7.9890', '0.0000']
2025-10-28 17:24:55,617 - TopNet - INFO - [Validation] EPOCH: 5  Metrics = ['0.0366', '49.7016', '8.4857', '0.0000']
2025-10-28 17:24:55,618 - TopNet - INFO - ============================ TEST RESULTS ============================
2025-10-28 17:24:55,618 - TopNet - INFO - Taxonomy	#Sample	F-Score	CDL1	CDL2	EMDistance	#ModelName	
2025-10-28 17:24:55,618 - TopNet - INFO - 03759954	14	0.051 	53.722 	12.384 	0.000 	microphone	
2025-10-28 17:24:55,618 - TopNet - INFO - 04330267	44	0.015 	53.734 	8.410 	0.000 	stove	
2025-10-28 17:24:55,618 - TopNet - INFO - 03261776	15	0.018 	64.563 	17.924 	0.000 	earphone	
2025-10-28 17:24:55,618 - TopNet - INFO - 03513137	33	0.007 	72.468 	16.523 	0.000 	helmet	
2025-10-28 17:24:55,618 - TopNet - INFO - 04460130	27	0.037 	44.127 	6.352 	0.000 	tower	
2025-10-28 17:24:55,618 - TopNet - INFO - 04468005	78	0.040 	38.333 	4.340 	0.000 	train	
2025-10-28 17:24:55,618 - TopNet - INFO - 03761084	31	0.008 	61.060 	10.489 	0.000 	microwaves	
2025-10-28 17:24:55,618 - TopNet - INFO - 04004475	34	0.013 	59.610 	10.408 	0.000 	printer	
2025-10-28 17:24:55,618 - TopNet - INFO - 03938244	20	0.009 	71.223 	15.670 	0.000 	pillow	
2025-10-28 17:24:55,618 - TopNet - INFO - 02992529	167	0.032 	37.486 	4.571 	0.000 	cellphone	
2025-10-28 17:24:55,618 - TopNet - INFO - 02808440	172	0.016 	52.175 	8.721 	0.000 	bathtub	
2025-10-28 17:24:55,618 - TopNet - INFO - 04530566	388	0.053 	38.653 	4.707 	0.000 	watercraft	
2025-10-28 17:24:55,618 - TopNet - INFO - 02871439	91	0.022 	44.277 	5.885 	0.000 	bookshelf	
2025-10-28 17:24:55,618 - TopNet - INFO - 03593526	120	0.015 	66.500 	15.549 	0.000 	jar	
2025-10-28 17:24:55,618 - TopNet - INFO - 04554684	34	0.007 	61.683 	10.046 	0.000 	washer	
2025-10-28 17:24:55,618 - TopNet - INFO - 03467517	160	0.154 	26.197 	2.992 	0.000 	guitar	
2025-10-28 17:24:55,618 - TopNet - INFO - 04401088	218	0.032 	36.538 	3.909 	0.000 	telephone	
2025-10-28 17:24:55,618 - TopNet - INFO - 02954340	12	0.005 	95.072 	27.007 	0.000 	cap	
2025-10-28 17:24:55,618 - TopNet - INFO - 02933112	315	0.016 	48.010 	6.608 	0.000 	cabinet	
2025-10-28 17:24:55,618 - TopNet - INFO - 03642806	92	0.033 	40.697 	5.419 	0.000 	laptop	
2025-10-28 17:24:55,618 - TopNet - INFO - 02924116	188	0.024 	43.451 	5.346 	0.000 	bus	
2025-10-28 17:24:55,618 - TopNet - INFO - 02946921	22	0.010 	56.263 	9.984 	0.000 	can	
2025-10-28 17:24:55,618 - TopNet - INFO - 02818832	47	0.020 	52.686 	9.256 	0.000 	bed	
2025-10-28 17:24:55,618 - TopNet - INFO - 04256520	635	0.023 	44.607 	5.870 	0.000 	sofa	
2025-10-28 17:24:55,618 - TopNet - INFO - 04379243	1687	0.040 	41.482 	6.087 	0.000 	table	
2025-10-28 17:24:55,618 - TopNet - INFO - 02747177	69	0.013 	50.064 	7.799 	0.000 	trash bin	
2025-10-28 17:24:55,618 - TopNet - INFO - 03046257	131	0.020 	52.164 	8.297 	0.000 	clock	
2025-10-28 17:24:55,618 - TopNet - INFO - 04225987	31	0.071 	35.167 	4.526 	0.000 	skateboard	
2025-10-28 17:24:55,618 - TopNet - INFO - 03797390	43	0.009 	56.300 	10.660 	0.000 	mug	
2025-10-28 17:24:55,618 - TopNet - INFO - 03001627	1356	0.029 	44.239 	6.280 	0.000 	chair	
2025-10-28 17:24:55,618 - TopNet - INFO - 03691459	320	0.012 	56.010 	9.199 	0.000 	loudspeaker	
2025-10-28 17:24:55,618 - TopNet - INFO - 02942699	23	0.010 	64.346 	12.084 	0.000 	camera	
2025-10-28 17:24:55,618 - TopNet - INFO - 03636649	464	0.038 	57.048 	11.491 	0.000 	lamp	
2025-10-28 17:24:55,618 - TopNet - INFO - 02691156	809	0.092 	31.043 	3.476 	0.000 	airplane	
2025-10-28 17:24:55,618 - TopNet - INFO - 02773838	17	0.018 	50.643 	7.546 	0.000 	bag	
2025-10-28 17:24:55,618 - TopNet - INFO - 02958343	703	0.027 	37.774 	4.200 	0.000 	car	
2025-10-28 17:24:55,618 - TopNet - INFO - 02880940	38	0.006 	78.687 	20.916 	0.000 	bowl	
2025-10-28 17:24:55,618 - TopNet - INFO - 04099429	17	0.142 	33.639 	4.167 	0.000 	rocket	
2025-10-28 17:24:55,618 - TopNet - INFO - 02828884	363	0.048 	38.263 	4.990 	0.000 	bench	
2025-10-28 17:24:55,618 - TopNet - INFO - 04090263	475	0.185 	25.516 	2.684 	0.000 	rifle	
2025-10-28 17:24:55,618 - TopNet - INFO - 03211117	219	0.026 	43.669 	6.310 	0.000 	display	
2025-10-28 17:24:55,618 - TopNet - INFO - 02876657	100	0.016 	48.884 	6.808 	0.000 	bottle	
2025-10-28 17:24:55,618 - TopNet - INFO - 03710193	19	0.035 	48.228 	7.076 	0.000 	mailbox	
2025-10-28 17:24:55,618 - TopNet - INFO - 03790512	68	0.047 	38.613 	5.053 	0.000 	motorbike	
2025-10-28 17:24:55,618 - TopNet - INFO - 03325088	149	0.028 	56.314 	10.758 	0.000 	faucet	
2025-10-28 17:24:55,618 - TopNet - INFO - 02801938	23	0.008 	66.915 	13.966 	0.000 	basket	
2025-10-28 17:24:55,618 - TopNet - INFO - 03337140	60	0.015 	48.864 	7.055 	0.000 	file cabinet	
2025-10-28 17:24:55,618 - TopNet - INFO - 02843684	15	0.013 	50.344 	7.899 	0.000 	birdhouse	
2025-10-28 17:24:55,618 - TopNet - INFO - 03624134	85	0.172 	25.022 	2.849 	0.000 	knife	
2025-10-28 17:24:55,619 - TopNet - INFO - 03991062	121	0.013 	61.198 	12.091 	0.000 	flowerpot	
2025-10-28 17:24:55,619 - TopNet - INFO - 03948459	62	0.075 	37.106 	4.464 	0.000 	pistol	
2025-10-28 17:24:55,619 - TopNet - INFO - 03928116	48	0.015 	60.094 	10.919 	0.000 	piano	
2025-10-28 17:24:55,619 - TopNet - INFO - 03207941	19	0.008 	62.888 	10.923 	0.000 	dishwasher	
2025-10-28 17:24:55,619 - TopNet - INFO - 04074963	14	0.026 	43.016 	5.151 	0.000 	remote	
2025-10-28 17:24:55,619 - TopNet - INFO - 03085013	13	0.096 	26.908 	2.614 	0.000 	keyboard	
2025-10-28 17:24:55,619 - TopNet - INFO - Overall		0.037 	49.702 	8.486 	0.000 	
2025-10-28 17:24:55,714 - TopNet - INFO - Save checkpoint at ./experiments/TopNet/ShapeNet55_models/TopNet_fog/ckpt-best.pth
2025-10-28 17:24:55,803 - TopNet - INFO - Save checkpoint at ./experiments/TopNet/ShapeNet55_models/TopNet_fog/ckpt-last.pth
2025-10-28 17:24:56,079 - TopNet - INFO - [Epoch 6/150][Batch 1/2622] BatchTime = 0.275 (s) DataTime = 0.071 (s) Losses = ['5.3118', '5.3118'] lr = 0.0010000
2025-10-28 17:25:21,103 - TopNet - INFO - [Epoch 6/150][Batch 101/2622] BatchTime = 0.327 (s) DataTime = 0.001 (s) Losses = ['5.3287', '5.3287'] lr = 0.0010000
2025-10-28 17:25:45,589 - TopNet - INFO - [Epoch 6/150][Batch 201/2622] BatchTime = 0.131 (s) DataTime = 0.001 (s) Losses = ['5.4564', '5.4564'] lr = 0.0010000
2025-10-28 17:26:13,245 - TopNet - INFO - [Epoch 6/150][Batch 301/2622] BatchTime = 0.294 (s) DataTime = 0.001 (s) Losses = ['5.8401', '5.8401'] lr = 0.0010000
2025-10-28 17:26:40,551 - TopNet - INFO - [Epoch 6/150][Batch 401/2622] BatchTime = 0.389 (s) DataTime = 0.001 (s) Losses = ['5.4925', '5.4925'] lr = 0.0010000
2025-10-28 17:27:06,811 - TopNet - INFO - [Epoch 6/150][Batch 501/2622] BatchTime = 0.370 (s) DataTime = 0.001 (s) Losses = ['8.2225', '8.2225'] lr = 0.0010000
2025-10-28 17:27:35,777 - TopNet - INFO - [Epoch 6/150][Batch 601/2622] BatchTime = 0.408 (s) DataTime = 0.001 (s) Losses = ['5.9596', '5.9596'] lr = 0.0010000
2025-10-28 17:28:04,105 - TopNet - INFO - [Epoch 6/150][Batch 701/2622] BatchTime = 0.313 (s) DataTime = 0.001 (s) Losses = ['4.8432', '4.8432'] lr = 0.0010000
2025-10-28 17:28:32,587 - TopNet - INFO - [Epoch 6/150][Batch 801/2622] BatchTime = 0.142 (s) DataTime = 0.001 (s) Losses = ['7.9980', '7.9980'] lr = 0.0010000
2025-10-28 17:29:01,273 - TopNet - INFO - [Epoch 6/150][Batch 901/2622] BatchTime = 0.294 (s) DataTime = 0.001 (s) Losses = ['4.3559', '4.3559'] lr = 0.0010000
2025-10-28 17:29:27,359 - TopNet - INFO - [Epoch 6/150][Batch 1001/2622] BatchTime = 0.195 (s) DataTime = 0.001 (s) Losses = ['3.4067', '3.4067'] lr = 0.0010000
2025-10-28 17:29:55,878 - TopNet - INFO - [Epoch 6/150][Batch 1101/2622] BatchTime = 0.329 (s) DataTime = 0.001 (s) Losses = ['5.9358', '5.9358'] lr = 0.0010000
2025-10-28 17:30:22,746 - TopNet - INFO - [Epoch 6/150][Batch 1201/2622] BatchTime = 0.212 (s) DataTime = 0.001 (s) Losses = ['5.0117', '5.0117'] lr = 0.0010000
2025-10-28 17:30:47,799 - TopNet - INFO - [Epoch 6/150][Batch 1301/2622] BatchTime = 0.344 (s) DataTime = 0.001 (s) Losses = ['4.5327', '4.5327'] lr = 0.0010000
2025-10-28 17:31:16,074 - TopNet - INFO - [Epoch 6/150][Batch 1401/2622] BatchTime = 0.382 (s) DataTime = 0.001 (s) Losses = ['11.9274', '11.9274'] lr = 0.0010000
2025-10-28 17:31:44,626 - TopNet - INFO - [Epoch 6/150][Batch 1501/2622] BatchTime = 0.317 (s) DataTime = 0.001 (s) Losses = ['6.2922', '6.2922'] lr = 0.0010000
2025-10-28 17:32:12,122 - TopNet - INFO - [Epoch 6/150][Batch 1601/2622] BatchTime = 0.114 (s) DataTime = 0.001 (s) Losses = ['6.2758', '6.2758'] lr = 0.0010000
2025-10-28 17:32:39,153 - TopNet - INFO - [Epoch 6/150][Batch 1701/2622] BatchTime = 0.390 (s) DataTime = 0.001 (s) Losses = ['6.8027', '6.8027'] lr = 0.0010000
2025-10-28 17:33:07,637 - TopNet - INFO - [Epoch 6/150][Batch 1801/2622] BatchTime = 0.318 (s) DataTime = 0.001 (s) Losses = ['9.0229', '9.0229'] lr = 0.0010000
2025-10-28 17:33:36,852 - TopNet - INFO - [Epoch 6/150][Batch 1901/2622] BatchTime = 0.297 (s) DataTime = 0.001 (s) Losses = ['5.4780', '5.4780'] lr = 0.0010000
2025-10-28 17:34:03,157 - TopNet - INFO - [Epoch 6/150][Batch 2001/2622] BatchTime = 0.221 (s) DataTime = 0.001 (s) Losses = ['9.0528', '9.0528'] lr = 0.0010000
2025-10-28 17:34:29,481 - TopNet - INFO - [Epoch 6/150][Batch 2101/2622] BatchTime = 0.311 (s) DataTime = 0.001 (s) Losses = ['9.5499', '9.5499'] lr = 0.0010000
2025-10-28 17:34:58,226 - TopNet - INFO - [Epoch 6/150][Batch 2201/2622] BatchTime = 0.435 (s) DataTime = 0.001 (s) Losses = ['8.2156', '8.2156'] lr = 0.0010000
2025-10-28 17:35:26,255 - TopNet - INFO - [Epoch 6/150][Batch 2301/2622] BatchTime = 0.228 (s) DataTime = 0.001 (s) Losses = ['5.4720', '5.4720'] lr = 0.0010000
2025-10-28 17:35:52,341 - TopNet - INFO - [Epoch 6/150][Batch 2401/2622] BatchTime = 0.339 (s) DataTime = 0.001 (s) Losses = ['5.9093', '5.9093'] lr = 0.0010000
2025-10-28 17:36:20,676 - TopNet - INFO - [Epoch 6/150][Batch 2501/2622] BatchTime = 0.219 (s) DataTime = 0.001 (s) Losses = ['5.2235', '5.2235'] lr = 0.0010000
2025-10-28 17:36:47,183 - TopNet - INFO - [Epoch 6/150][Batch 2601/2622] BatchTime = 0.245 (s) DataTime = 0.001 (s) Losses = ['5.0334', '5.0334'] lr = 0.0010000
2025-10-28 17:36:52,836 - TopNet - INFO - [Training] EPOCH: 6 EpochTime = 717.032 (s) Losses = ['6.6033', '6.6033']
2025-10-28 17:36:52,923 - TopNet - INFO - Save checkpoint at ./experiments/TopNet/ShapeNet55_models/TopNet_fog/ckpt-last.pth
2025-10-28 17:36:53,237 - TopNet - INFO - [Epoch 7/150][Batch 1/2622] BatchTime = 0.314 (s) DataTime = 0.070 (s) Losses = ['7.9772', '7.9772'] lr = 0.0010000
2025-10-28 17:37:19,933 - TopNet - INFO - [Epoch 7/150][Batch 101/2622] BatchTime = 0.331 (s) DataTime = 0.001 (s) Losses = ['6.8564', '6.8564'] lr = 0.0010000
2025-10-28 17:37:47,757 - TopNet - INFO - [Epoch 7/150][Batch 201/2622] BatchTime = 0.516 (s) DataTime = 0.001 (s) Losses = ['3.7363', '3.7363'] lr = 0.0010000
2025-10-28 17:38:16,115 - TopNet - INFO - [Epoch 7/150][Batch 301/2622] BatchTime = 0.231 (s) DataTime = 0.001 (s) Losses = ['8.6776', '8.6776'] lr = 0.0010000
2025-10-28 17:38:44,050 - TopNet - INFO - [Epoch 7/150][Batch 401/2622] BatchTime = 0.121 (s) DataTime = 0.001 (s) Losses = ['7.2027', '7.2027'] lr = 0.0010000
2025-10-28 17:39:11,726 - TopNet - INFO - [Epoch 7/150][Batch 501/2622] BatchTime = 0.217 (s) DataTime = 0.001 (s) Losses = ['6.3754', '6.3754'] lr = 0.0010000
2025-10-28 17:39:38,862 - TopNet - INFO - [Epoch 7/150][Batch 601/2622] BatchTime = 0.196 (s) DataTime = 0.001 (s) Losses = ['5.3624', '5.3624'] lr = 0.0010000
2025-10-28 17:40:07,170 - TopNet - INFO - [Epoch 7/150][Batch 701/2622] BatchTime = 0.534 (s) DataTime = 0.001 (s) Losses = ['6.0516', '6.0516'] lr = 0.0010000
2025-10-28 17:40:31,517 - TopNet - INFO - [Epoch 7/150][Batch 801/2622] BatchTime = 0.132 (s) DataTime = 0.001 (s) Losses = ['9.6755', '9.6755'] lr = 0.0010000
2025-10-28 17:40:58,729 - TopNet - INFO - [Epoch 7/150][Batch 901/2622] BatchTime = 0.316 (s) DataTime = 0.001 (s) Losses = ['4.8558', '4.8558'] lr = 0.0010000
2025-10-28 17:41:26,601 - TopNet - INFO - [Epoch 7/150][Batch 1001/2622] BatchTime = 0.409 (s) DataTime = 0.001 (s) Losses = ['6.4514', '6.4514'] lr = 0.0010000
2025-10-28 17:41:51,323 - TopNet - INFO - [Epoch 7/150][Batch 1101/2622] BatchTime = 0.109 (s) DataTime = 0.001 (s) Losses = ['7.8562', '7.8562'] lr = 0.0010000
2025-10-28 17:42:19,126 - TopNet - INFO - [Epoch 7/150][Batch 1201/2622] BatchTime = 0.305 (s) DataTime = 0.001 (s) Losses = ['8.5700', '8.5700'] lr = 0.0010000
2025-10-28 17:42:46,779 - TopNet - INFO - [Epoch 7/150][Batch 1301/2622] BatchTime = 0.481 (s) DataTime = 0.001 (s) Losses = ['5.5413', '5.5413'] lr = 0.0010000
2025-10-28 17:43:13,462 - TopNet - INFO - [Epoch 7/150][Batch 1401/2622] BatchTime = 0.205 (s) DataTime = 0.001 (s) Losses = ['6.8872', '6.8872'] lr = 0.0010000
2025-10-28 17:43:42,442 - TopNet - INFO - [Epoch 7/150][Batch 1501/2622] BatchTime = 0.294 (s) DataTime = 0.001 (s) Losses = ['8.2151', '8.2151'] lr = 0.0010000
2025-10-28 17:44:10,382 - TopNet - INFO - [Epoch 7/150][Batch 1601/2622] BatchTime = 0.228 (s) DataTime = 0.001 (s) Losses = ['5.9173', '5.9173'] lr = 0.0010000
2025-10-28 17:44:39,121 - TopNet - INFO - [Epoch 7/150][Batch 1701/2622] BatchTime = 0.117 (s) DataTime = 0.001 (s) Losses = ['7.8904', '7.8904'] lr = 0.0010000
2025-10-28 17:45:07,013 - TopNet - INFO - [Epoch 7/150][Batch 1801/2622] BatchTime = 0.250 (s) DataTime = 0.001 (s) Losses = ['5.4909', '5.4909'] lr = 0.0010000
2025-10-28 17:45:35,557 - TopNet - INFO - [Epoch 7/150][Batch 1901/2622] BatchTime = 0.204 (s) DataTime = 0.001 (s) Losses = ['6.3643', '6.3643'] lr = 0.0010000
2025-10-28 17:46:03,281 - TopNet - INFO - [Epoch 7/150][Batch 2001/2622] BatchTime = 0.111 (s) DataTime = 0.001 (s) Losses = ['10.2919', '10.2919'] lr = 0.0010000
2025-10-28 17:46:27,440 - TopNet - INFO - [Epoch 7/150][Batch 2101/2622] BatchTime = 0.349 (s) DataTime = 0.001 (s) Losses = ['6.7035', '6.7035'] lr = 0.0010000
2025-10-28 17:46:55,397 - TopNet - INFO - [Epoch 7/150][Batch 2201/2622] BatchTime = 0.109 (s) DataTime = 0.001 (s) Losses = ['4.6744', '4.6744'] lr = 0.0010000
2025-10-28 17:47:23,079 - TopNet - INFO - [Epoch 7/150][Batch 2301/2622] BatchTime = 0.557 (s) DataTime = 0.001 (s) Losses = ['4.9364', '4.9364'] lr = 0.0010000
2025-10-28 17:47:50,861 - TopNet - INFO - [Epoch 7/150][Batch 2401/2622] BatchTime = 0.331 (s) DataTime = 0.001 (s) Losses = ['5.6915', '5.6915'] lr = 0.0010000
2025-10-28 17:48:18,356 - TopNet - INFO - [Epoch 7/150][Batch 2501/2622] BatchTime = 0.276 (s) DataTime = 0.001 (s) Losses = ['6.0138', '6.0138'] lr = 0.0010000
2025-10-28 17:48:45,688 - TopNet - INFO - [Epoch 7/150][Batch 2601/2622] BatchTime = 0.197 (s) DataTime = 0.001 (s) Losses = ['6.0009', '6.0009'] lr = 0.0010000
2025-10-28 17:48:51,258 - TopNet - INFO - [Training] EPOCH: 7 EpochTime = 718.334 (s) Losses = ['6.3534', '6.3534']
2025-10-28 17:48:51,356 - TopNet - INFO - Save checkpoint at ./experiments/TopNet/ShapeNet55_models/TopNet_fog/ckpt-last.pth
2025-10-28 17:48:51,584 - TopNet - INFO - [Epoch 8/150][Batch 1/2622] BatchTime = 0.228 (s) DataTime = 0.073 (s) Losses = ['5.0548', '5.0548'] lr = 0.0010000
2025-10-28 17:49:20,515 - TopNet - INFO - [Epoch 8/150][Batch 101/2622] BatchTime = 0.200 (s) DataTime = 0.001 (s) Losses = ['4.8209', '4.8209'] lr = 0.0010000
2025-10-28 17:49:48,573 - TopNet - INFO - [Epoch 8/150][Batch 201/2622] BatchTime = 0.203 (s) DataTime = 0.001 (s) Losses = ['5.0041', '5.0041'] lr = 0.0010000
2025-10-28 17:50:15,515 - TopNet - INFO - [Epoch 8/150][Batch 301/2622] BatchTime = 0.479 (s) DataTime = 0.001 (s) Losses = ['4.3612', '4.3612'] lr = 0.0010000
2025-10-28 17:50:43,592 - TopNet - INFO - [Epoch 8/150][Batch 401/2622] BatchTime = 0.204 (s) DataTime = 0.001 (s) Losses = ['6.4468', '6.4468'] lr = 0.0010000
2025-10-28 17:51:11,093 - TopNet - INFO - [Epoch 8/150][Batch 501/2622] BatchTime = 0.388 (s) DataTime = 0.001 (s) Losses = ['5.1494', '5.1494'] lr = 0.0010000
2025-10-28 17:51:37,816 - TopNet - INFO - [Epoch 8/150][Batch 601/2622] BatchTime = 0.194 (s) DataTime = 0.001 (s) Losses = ['6.9128', '6.9128'] lr = 0.0010000
2025-10-28 17:52:02,813 - TopNet - INFO - [Epoch 8/150][Batch 701/2622] BatchTime = 0.312 (s) DataTime = 0.001 (s) Losses = ['5.2167', '5.2167'] lr = 0.0010000
2025-10-28 17:52:31,560 - TopNet - INFO - [Epoch 8/150][Batch 801/2622] BatchTime = 0.279 (s) DataTime = 0.001 (s) Losses = ['5.5528', '5.5528'] lr = 0.0010000
2025-10-28 17:53:00,359 - TopNet - INFO - [Epoch 8/150][Batch 901/2622] BatchTime = 0.481 (s) DataTime = 0.001 (s) Losses = ['4.8371', '4.8371'] lr = 0.0010000
2025-10-28 17:53:27,486 - TopNet - INFO - [Epoch 8/150][Batch 1001/2622] BatchTime = 0.426 (s) DataTime = 0.001 (s) Losses = ['4.8913', '4.8913'] lr = 0.0010000
2025-10-28 17:53:54,869 - TopNet - INFO - [Epoch 8/150][Batch 1101/2622] BatchTime = 0.250 (s) DataTime = 0.001 (s) Losses = ['4.6458', '4.6458'] lr = 0.0010000
2025-10-28 17:54:21,336 - TopNet - INFO - [Epoch 8/150][Batch 1201/2622] BatchTime = 0.404 (s) DataTime = 0.001 (s) Losses = ['4.0185', '4.0185'] lr = 0.0010000
2025-10-28 17:54:47,944 - TopNet - INFO - [Epoch 8/150][Batch 1301/2622] BatchTime = 0.368 (s) DataTime = 0.001 (s) Losses = ['4.6749', '4.6749'] lr = 0.0010000
2025-10-28 17:55:15,612 - TopNet - INFO - [Epoch 8/150][Batch 1401/2622] BatchTime = 0.271 (s) DataTime = 0.001 (s) Losses = ['6.9627', '6.9627'] lr = 0.0010000
2025-10-28 17:55:43,433 - TopNet - INFO - [Epoch 8/150][Batch 1501/2622] BatchTime = 0.116 (s) DataTime = 0.001 (s) Losses = ['4.5332', '4.5332'] lr = 0.0010000
2025-10-28 17:56:11,009 - TopNet - INFO - [Epoch 8/150][Batch 1601/2622] BatchTime = 0.499 (s) DataTime = 0.001 (s) Losses = ['3.8114', '3.8114'] lr = 0.0010000
2025-10-28 17:56:39,560 - TopNet - INFO - [Epoch 8/150][Batch 1701/2622] BatchTime = 0.195 (s) DataTime = 0.001 (s) Losses = ['3.8864', '3.8864'] lr = 0.0010000
2025-10-28 17:57:06,956 - TopNet - INFO - [Epoch 8/150][Batch 1801/2622] BatchTime = 0.239 (s) DataTime = 0.001 (s) Losses = ['4.7488', '4.7488'] lr = 0.0010000
2025-10-28 17:57:33,974 - TopNet - INFO - [Epoch 8/150][Batch 1901/2622] BatchTime = 0.114 (s) DataTime = 0.001 (s) Losses = ['7.1170', '7.1170'] lr = 0.0010000
2025-10-28 17:58:00,918 - TopNet - INFO - [Epoch 8/150][Batch 2001/2622] BatchTime = 0.339 (s) DataTime = 0.001 (s) Losses = ['5.9766', '5.9766'] lr = 0.0010000
2025-10-28 17:58:30,684 - TopNet - INFO - [Epoch 8/150][Batch 2101/2622] BatchTime = 0.333 (s) DataTime = 0.001 (s) Losses = ['4.9834', '4.9834'] lr = 0.0010000
2025-10-28 17:58:58,284 - TopNet - INFO - [Epoch 8/150][Batch 2201/2622] BatchTime = 0.415 (s) DataTime = 0.001 (s) Losses = ['5.1189', '5.1189'] lr = 0.0010000
2025-10-28 17:59:24,436 - TopNet - INFO - [Epoch 8/150][Batch 2301/2622] BatchTime = 0.195 (s) DataTime = 0.001 (s) Losses = ['7.5522', '7.5522'] lr = 0.0010000
2025-10-28 17:59:52,843 - TopNet - INFO - [Epoch 8/150][Batch 2401/2622] BatchTime = 0.292 (s) DataTime = 0.001 (s) Losses = ['5.5934', '5.5934'] lr = 0.0010000
2025-10-28 18:00:19,688 - TopNet - INFO - [Epoch 8/150][Batch 2501/2622] BatchTime = 0.147 (s) DataTime = 0.001 (s) Losses = ['4.3304', '4.3304'] lr = 0.0010000
2025-10-28 18:00:46,363 - TopNet - INFO - [Epoch 8/150][Batch 2601/2622] BatchTime = 0.400 (s) DataTime = 0.001 (s) Losses = ['6.1494', '6.1494'] lr = 0.0010000
2025-10-28 18:00:51,948 - TopNet - INFO - [Training] EPOCH: 8 EpochTime = 720.591 (s) Losses = ['6.0609', '6.0609']
2025-10-28 18:00:52,037 - TopNet - INFO - Save checkpoint at ./experiments/TopNet/ShapeNet55_models/TopNet_fog/ckpt-last.pth
2025-10-28 18:00:52,438 - TopNet - INFO - [Epoch 9/150][Batch 1/2622] BatchTime = 0.401 (s) DataTime = 0.070 (s) Losses = ['4.9979', '4.9979'] lr = 0.0010000
2025-10-28 18:01:19,475 - TopNet - INFO - [Epoch 9/150][Batch 101/2622] BatchTime = 0.194 (s) DataTime = 0.001 (s) Losses = ['6.3116', '6.3116'] lr = 0.0010000
2025-10-28 18:01:47,635 - TopNet - INFO - [Epoch 9/150][Batch 201/2622] BatchTime = 0.134 (s) DataTime = 0.001 (s) Losses = ['6.1359', '6.1359'] lr = 0.0010000
2025-10-28 18:02:17,408 - TopNet - INFO - [Epoch 9/150][Batch 301/2622] BatchTime = 0.355 (s) DataTime = 0.001 (s) Losses = ['5.2073', '5.2073'] lr = 0.0010000
2025-10-28 18:02:43,787 - TopNet - INFO - [Epoch 9/150][Batch 401/2622] BatchTime = 0.323 (s) DataTime = 0.001 (s) Losses = ['4.8166', '4.8166'] lr = 0.0010000
2025-10-28 18:03:13,569 - TopNet - INFO - [Epoch 9/150][Batch 501/2622] BatchTime = 0.451 (s) DataTime = 0.001 (s) Losses = ['4.3575', '4.3575'] lr = 0.0010000
2025-10-28 18:03:40,623 - TopNet - INFO - [Epoch 9/150][Batch 601/2622] BatchTime = 0.245 (s) DataTime = 0.001 (s) Losses = ['5.5590', '5.5590'] lr = 0.0010000
2025-10-28 18:04:09,060 - TopNet - INFO - [Epoch 9/150][Batch 701/2622] BatchTime = 0.140 (s) DataTime = 0.001 (s) Losses = ['6.1860', '6.1860'] lr = 0.0010000
2025-10-28 18:04:37,215 - TopNet - INFO - [Epoch 9/150][Batch 801/2622] BatchTime = 0.697 (s) DataTime = 0.001 (s) Losses = ['5.9844', '5.9844'] lr = 0.0010000
2025-10-28 18:05:04,677 - TopNet - INFO - [Epoch 9/150][Batch 901/2622] BatchTime = 0.254 (s) DataTime = 0.001 (s) Losses = ['4.9418', '4.9418'] lr = 0.0010000
2025-10-28 18:05:33,448 - TopNet - INFO - [Epoch 9/150][Batch 1001/2622] BatchTime = 0.292 (s) DataTime = 0.001 (s) Losses = ['9.1130', '9.1130'] lr = 0.0010000
2025-10-28 18:05:58,707 - TopNet - INFO - [Epoch 9/150][Batch 1101/2622] BatchTime = 0.221 (s) DataTime = 0.001 (s) Losses = ['8.4138', '8.4138'] lr = 0.0010000
2025-10-28 18:06:27,832 - TopNet - INFO - [Epoch 9/150][Batch 1201/2622] BatchTime = 0.214 (s) DataTime = 0.001 (s) Losses = ['6.3645', '6.3645'] lr = 0.0010000
2025-10-28 18:06:56,850 - TopNet - INFO - [Epoch 9/150][Batch 1301/2622] BatchTime = 0.200 (s) DataTime = 0.001 (s) Losses = ['4.9994', '4.9994'] lr = 0.0010000
2025-10-28 18:07:25,415 - TopNet - INFO - [Epoch 9/150][Batch 1401/2622] BatchTime = 0.352 (s) DataTime = 0.001 (s) Losses = ['6.1896', '6.1896'] lr = 0.0010000
2025-10-28 18:07:52,909 - TopNet - INFO - [Epoch 9/150][Batch 1501/2622] BatchTime = 0.362 (s) DataTime = 0.001 (s) Losses = ['4.6382', '4.6382'] lr = 0.0010000
2025-10-28 18:08:19,650 - TopNet - INFO - [Epoch 9/150][Batch 1601/2622] BatchTime = 0.301 (s) DataTime = 0.001 (s) Losses = ['3.9107', '3.9107'] lr = 0.0010000
2025-10-28 18:08:48,801 - TopNet - INFO - [Epoch 9/150][Batch 1701/2622] BatchTime = 0.211 (s) DataTime = 0.001 (s) Losses = ['7.2830', '7.2830'] lr = 0.0010000
2025-10-28 18:09:16,263 - TopNet - INFO - [Epoch 9/150][Batch 1801/2622] BatchTime = 0.444 (s) DataTime = 0.001 (s) Losses = ['6.1977', '6.1977'] lr = 0.0010000
2025-10-28 18:09:42,842 - TopNet - INFO - [Epoch 9/150][Batch 1901/2622] BatchTime = 0.215 (s) DataTime = 0.001 (s) Losses = ['5.0643', '5.0643'] lr = 0.0010000
2025-10-28 18:10:10,156 - TopNet - INFO - [Epoch 9/150][Batch 2001/2622] BatchTime = 0.107 (s) DataTime = 0.001 (s) Losses = ['5.5583', '5.5583'] lr = 0.0010000
2025-10-28 18:10:38,099 - TopNet - INFO - [Epoch 9/150][Batch 2101/2622] BatchTime = 0.558 (s) DataTime = 0.001 (s) Losses = ['7.3507', '7.3507'] lr = 0.0010000
2025-10-28 18:11:04,776 - TopNet - INFO - [Epoch 9/150][Batch 2201/2622] BatchTime = 0.310 (s) DataTime = 0.001 (s) Losses = ['5.2755', '5.2755'] lr = 0.0010000
2025-10-28 18:11:32,964 - TopNet - INFO - [Epoch 9/150][Batch 2301/2622] BatchTime = 0.109 (s) DataTime = 0.001 (s) Losses = ['11.8673', '11.8673'] lr = 0.0010000
2025-10-28 18:12:01,009 - TopNet - INFO - [Epoch 9/150][Batch 2401/2622] BatchTime = 0.229 (s) DataTime = 0.001 (s) Losses = ['3.2863', '3.2863'] lr = 0.0010000
2025-10-28 18:12:29,797 - TopNet - INFO - [Epoch 9/150][Batch 2501/2622] BatchTime = 0.326 (s) DataTime = 0.001 (s) Losses = ['5.7570', '5.7570'] lr = 0.0010000
2025-10-28 18:12:56,199 - TopNet - INFO - [Epoch 9/150][Batch 2601/2622] BatchTime = 0.221 (s) DataTime = 0.001 (s) Losses = ['6.0372', '6.0372'] lr = 0.0010000
2025-10-28 18:13:01,617 - TopNet - INFO - [Training] EPOCH: 9 EpochTime = 729.579 (s) Losses = ['5.8847', '5.8847']
2025-10-28 18:13:01,713 - TopNet - INFO - Save checkpoint at ./experiments/TopNet/ShapeNet55_models/TopNet_fog/ckpt-last.pth
2025-10-28 18:13:02,317 - TopNet - INFO - [Epoch 10/150][Batch 1/2622] BatchTime = 0.604 (s) DataTime = 0.070 (s) Losses = ['4.5928', '4.5928'] lr = 0.0010000
2025-10-28 18:13:28,710 - TopNet - INFO - [Epoch 10/150][Batch 101/2622] BatchTime = 0.198 (s) DataTime = 0.001 (s) Losses = ['4.9276', '4.9276'] lr = 0.0010000
2025-10-28 18:13:56,232 - TopNet - INFO - [Epoch 10/150][Batch 201/2622] BatchTime = 0.330 (s) DataTime = 0.001 (s) Losses = ['4.7929', '4.7929'] lr = 0.0010000
2025-10-28 18:14:23,422 - TopNet - INFO - [Epoch 10/150][Batch 301/2622] BatchTime = 0.219 (s) DataTime = 0.001 (s) Losses = ['5.2865', '5.2865'] lr = 0.0010000
2025-10-28 18:14:49,387 - TopNet - INFO - [Epoch 10/150][Batch 401/2622] BatchTime = 0.583 (s) DataTime = 0.001 (s) Losses = ['5.1887', '5.1887'] lr = 0.0010000
2025-10-28 18:15:17,515 - TopNet - INFO - [Epoch 10/150][Batch 501/2622] BatchTime = 0.234 (s) DataTime = 0.001 (s) Losses = ['6.1334', '6.1334'] lr = 0.0010000
2025-10-28 18:15:46,784 - TopNet - INFO - [Epoch 10/150][Batch 601/2622] BatchTime = 0.206 (s) DataTime = 0.001 (s) Losses = ['4.9455', '4.9455'] lr = 0.0010000
2025-10-28 18:16:13,766 - TopNet - INFO - [Epoch 10/150][Batch 701/2622] BatchTime = 0.212 (s) DataTime = 0.001 (s) Losses = ['6.3976', '6.3976'] lr = 0.0010000
2025-10-28 18:16:42,033 - TopNet - INFO - [Epoch 10/150][Batch 801/2622] BatchTime = 0.380 (s) DataTime = 0.001 (s) Losses = ['5.5806', '5.5806'] lr = 0.0010000
2025-10-28 18:17:10,488 - TopNet - INFO - [Epoch 10/150][Batch 901/2622] BatchTime = 0.109 (s) DataTime = 0.001 (s) Losses = ['3.8466', '3.8466'] lr = 0.0010000
2025-10-28 18:17:38,909 - TopNet - INFO - [Epoch 10/150][Batch 1001/2622] BatchTime = 0.114 (s) DataTime = 0.001 (s) Losses = ['7.0996', '7.0996'] lr = 0.0010000
2025-10-28 18:18:07,955 - TopNet - INFO - [Epoch 10/150][Batch 1101/2622] BatchTime = 0.467 (s) DataTime = 0.001 (s) Losses = ['6.4967', '6.4967'] lr = 0.0010000
2025-10-28 18:18:32,487 - TopNet - INFO - [Epoch 10/150][Batch 1201/2622] BatchTime = 0.233 (s) DataTime = 0.001 (s) Losses = ['3.7202', '3.7202'] lr = 0.0010000
2025-10-28 18:19:00,775 - TopNet - INFO - [Epoch 10/150][Batch 1301/2622] BatchTime = 0.126 (s) DataTime = 0.001 (s) Losses = ['5.6171', '5.6171'] lr = 0.0010000
2025-10-28 18:19:28,813 - TopNet - INFO - [Epoch 10/150][Batch 1401/2622] BatchTime = 0.321 (s) DataTime = 0.001 (s) Losses = ['4.7260', '4.7260'] lr = 0.0010000
2025-10-28 18:19:56,612 - TopNet - INFO - [Epoch 10/150][Batch 1501/2622] BatchTime = 0.350 (s) DataTime = 0.001 (s) Losses = ['4.4845', '4.4845'] lr = 0.0010000
2025-10-28 18:20:24,961 - TopNet - INFO - [Epoch 10/150][Batch 1601/2622] BatchTime = 0.241 (s) DataTime = 0.001 (s) Losses = ['5.2066', '5.2066'] lr = 0.0010000
2025-10-28 18:20:53,116 - TopNet - INFO - [Epoch 10/150][Batch 1701/2622] BatchTime = 0.316 (s) DataTime = 0.001 (s) Losses = ['5.2671', '5.2671'] lr = 0.0010000
2025-10-28 18:21:20,118 - TopNet - INFO - [Epoch 10/150][Batch 1801/2622] BatchTime = 0.295 (s) DataTime = 0.001 (s) Losses = ['5.1970', '5.1970'] lr = 0.0010000
2025-10-28 18:21:49,452 - TopNet - INFO - [Epoch 10/150][Batch 1901/2622] BatchTime = 0.120 (s) DataTime = 0.001 (s) Losses = ['6.0075', '6.0075'] lr = 0.0010000
2025-10-28 18:22:16,558 - TopNet - INFO - [Epoch 10/150][Batch 2001/2622] BatchTime = 0.330 (s) DataTime = 0.001 (s) Losses = ['5.1597', '5.1597'] lr = 0.0010000
2025-10-28 18:22:43,691 - TopNet - INFO - [Epoch 10/150][Batch 2101/2622] BatchTime = 0.256 (s) DataTime = 0.001 (s) Losses = ['3.8558', '3.8558'] lr = 0.0010000
2025-10-28 18:23:10,229 - TopNet - INFO - [Epoch 10/150][Batch 2201/2622] BatchTime = 0.535 (s) DataTime = 0.001 (s) Losses = ['5.5607', '5.5607'] lr = 0.0010000
2025-10-28 18:23:37,434 - TopNet - INFO - [Epoch 10/150][Batch 2301/2622] BatchTime = 0.213 (s) DataTime = 0.001 (s) Losses = ['6.6784', '6.6784'] lr = 0.0010000
2025-10-28 18:24:04,238 - TopNet - INFO - [Epoch 10/150][Batch 2401/2622] BatchTime = 0.365 (s) DataTime = 0.001 (s) Losses = ['4.8714', '4.8714'] lr = 0.0010000
2025-10-28 18:24:32,284 - TopNet - INFO - [Epoch 10/150][Batch 2501/2622] BatchTime = 0.331 (s) DataTime = 0.001 (s) Losses = ['4.0608', '4.0608'] lr = 0.0010000
2025-10-28 18:25:01,033 - TopNet - INFO - [Epoch 10/150][Batch 2601/2622] BatchTime = 0.110 (s) DataTime = 0.001 (s) Losses = ['14.3196', '14.3196'] lr = 0.0010000
2025-10-28 18:25:07,066 - TopNet - INFO - [Training] EPOCH: 10 EpochTime = 725.353 (s) Losses = ['5.7201', '5.7201']
2025-10-28 18:25:07,066 - TopNet - INFO - [VALIDATION] Start validating epoch 10
2025-10-28 18:25:47,076 - TopNet - INFO - Test[1051/10518] Taxonomy = 02691156 Sample = c7749c0a8b61f43bc9b9e28055202e3d Losses = ['30.2771', '3.2567', '30.2771', '3.2567'] Metrics = ['0.0382', '30.2771', '3.2567', '0.0000']
2025-10-28 18:26:26,933 - TopNet - INFO - Test[2102/10518] Taxonomy = 03211117 Sample = ab2f9418c111cc6ddb965514105122a4 Losses = ['33.3636', '3.5990', '33.3636', '3.5990'] Metrics = ['0.0365', '33.3636', '3.5990', '0.0000']
2025-10-28 18:27:05,470 - TopNet - INFO - Test[3153/10518] Taxonomy = 02876657 Sample = c5032e4be091aabb36fe7a88df793982 Losses = ['53.6422', '7.5393', '53.6422', '7.5393'] Metrics = ['0.0093', '53.6422', '7.5393', '0.0000']
2025-10-28 18:27:44,106 - TopNet - INFO - Test[4204/10518] Taxonomy = 03211117 Sample = 722df1da5778d45b1e43523279c7f09f Losses = ['32.4089', '3.5144', '32.4089', '3.5144'] Metrics = ['0.0620', '32.4089', '3.5144', '0.0000']
2025-10-28 18:28:22,746 - TopNet - INFO - Test[5255/10518] Taxonomy = 02828884 Sample = 14b63361a48a9fffe4a048c146e8bd43 Losses = ['61.4102', '9.4869', '61.4102', '9.4869'] Metrics = ['0.0131', '61.4102', '9.4869', '0.0000']
2025-10-28 18:28:59,531 - TopNet - INFO - Test[6306/10518] Taxonomy = 03211117 Sample = d330d50a0255529d19ed6e1a590c9122 Losses = ['37.4831', '4.1719', '37.4831', '4.1719'] Metrics = ['0.0264', '37.4831', '4.1719', '0.0000']
2025-10-28 18:29:36,478 - TopNet - INFO - Test[7357/10518] Taxonomy = 04379243 Sample = b1ca280d9567270ade98d10ab5975b59 Losses = ['39.3756', '5.4082', '39.3756', '5.4082'] Metrics = ['0.0248', '39.3756', '5.4082', '0.0000']
2025-10-28 18:30:14,610 - TopNet - INFO - Test[8408/10518] Taxonomy = 03001627 Sample = 89208a619341d9fdb8c516ed5c4ce32 Losses = ['37.5974', '3.8876', '37.5974', '3.8876'] Metrics = ['0.0120', '37.5974', '3.8876', '0.0000']
2025-10-28 18:30:50,672 - TopNet - INFO - Test[9459/10518] Taxonomy = 03001627 Sample = d0255120e3351121c3bd24f986301745 Losses = ['39.1141', '4.9334', '39.1141', '4.9334'] Metrics = ['0.0268', '39.1141', '4.9334', '0.0000']
2025-10-28 18:31:27,839 - TopNet - INFO - Test[10510/10518] Taxonomy = 03636649 Sample = ea9ec4d9db2e06202471e6dd5ac3ef92 Losses = ['24.5446', '2.1947', '24.5446', '2.1947'] Metrics = ['0.2163', '24.5446', '2.1947', '0.0000']
2025-10-28 18:31:28,306 - TopNet - INFO - [Validation] EPOCH: 10  Metrics = ['0.0450', '41.6682', '6.0806', '0.0000']
2025-10-28 18:31:28,306 - TopNet - INFO - ============================ TEST RESULTS ============================
2025-10-28 18:31:28,306 - TopNet - INFO - Taxonomy	#Sample	F-Score	CDL1	CDL2	EMDistance	#ModelName	
2025-10-28 18:31:28,306 - TopNet - INFO - 03759954	14	0.046 	51.666 	9.758 	0.000 	microphone	
2025-10-28 18:31:28,306 - TopNet - INFO - 04330267	44	0.022 	43.459 	5.894 	0.000 	stove	
2025-10-28 18:31:28,306 - TopNet - INFO - 03261776	15	0.029 	62.566 	27.834 	0.000 	earphone	
2025-10-28 18:31:28,306 - TopNet - INFO - 03513137	33	0.008 	60.837 	11.466 	0.000 	helmet	
2025-10-28 18:31:28,306 - TopNet - INFO - 04460130	27	0.053 	38.237 	4.982 	0.000 	tower	
2025-10-28 18:31:28,306 - TopNet - INFO - 04468005	78	0.060 	31.002 	2.814 	0.000 	train	
2025-10-28 18:31:28,306 - TopNet - INFO - 03761084	31	0.009 	51.612 	7.749 	0.000 	microwaves	
2025-10-28 18:31:28,306 - TopNet - INFO - 04004475	34	0.015 	51.507 	7.865 	0.000 	printer	
2025-10-28 18:31:28,306 - TopNet - INFO - 03938244	20	0.014 	53.534 	8.432 	0.000 	pillow	
2025-10-28 18:31:28,306 - TopNet - INFO - 02992529	167	0.040 	31.708 	2.791 	0.000 	cellphone	
2025-10-28 18:31:28,306 - TopNet - INFO - 02808440	172	0.017 	44.513 	6.094 	0.000 	bathtub	
2025-10-28 18:31:28,306 - TopNet - INFO - 04530566	388	0.072 	32.671 	3.455 	0.000 	watercraft	
2025-10-28 18:31:28,306 - TopNet - INFO - 02871439	91	0.025 	40.815 	5.229 	0.000 	bookshelf	
2025-10-28 18:31:28,306 - TopNet - INFO - 03593526	120	0.018 	53.352 	8.868 	0.000 	jar	
2025-10-28 18:31:28,306 - TopNet - INFO - 04554684	34	0.010 	45.983 	6.068 	0.000 	washer	
2025-10-28 18:31:28,306 - TopNet - INFO - 03467517	160	0.199 	22.747 	1.860 	0.000 	guitar	
2025-10-28 18:31:28,306 - TopNet - INFO - 04401088	218	0.041 	30.724 	2.648 	0.000 	telephone	
2025-10-28 18:31:28,306 - TopNet - INFO - 02954340	12	0.009 	60.073 	12.519 	0.000 	cap	
2025-10-28 18:31:28,306 - TopNet - INFO - 02933112	315	0.019 	39.924 	4.539 	0.000 	cabinet	
2025-10-28 18:31:28,306 - TopNet - INFO - 03642806	92	0.039 	33.044 	3.440 	0.000 	laptop	
2025-10-28 18:31:28,306 - TopNet - INFO - 02924116	188	0.040 	33.784 	3.334 	0.000 	bus	
2025-10-28 18:31:28,306 - TopNet - INFO - 02946921	22	0.011 	47.363 	6.774 	0.000 	can	
2025-10-28 18:31:28,306 - TopNet - INFO - 02818832	47	0.017 	52.958 	9.288 	0.000 	bed	
2025-10-28 18:31:28,306 - TopNet - INFO - 04256520	635	0.023 	39.242 	4.433 	0.000 	sofa	
2025-10-28 18:31:28,306 - TopNet - INFO - 04379243	1687	0.041 	38.981 	5.078 	0.000 	table	
2025-10-28 18:31:28,306 - TopNet - INFO - 02747177	69	0.012 	45.233 	5.932 	0.000 	trash bin	
2025-10-28 18:31:28,306 - TopNet - INFO - 03046257	131	0.027 	43.188 	5.654 	0.000 	clock	
2025-10-28 18:31:28,306 - TopNet - INFO - 04225987	31	0.073 	29.901 	3.021 	0.000 	skateboard	
2025-10-28 18:31:28,306 - TopNet - INFO - 03797390	43	0.011 	48.862 	7.170 	0.000 	mug	
2025-10-28 18:31:28,306 - TopNet - INFO - 03001627	1356	0.029 	39.576 	5.031 	0.000 	chair	
2025-10-28 18:31:28,306 - TopNet - INFO - 03691459	320	0.015 	47.889 	6.853 	0.000 	loudspeaker	
2025-10-28 18:31:28,306 - TopNet - INFO - 02942699	23	0.013 	51.148 	8.049 	0.000 	camera	
2025-10-28 18:31:28,306 - TopNet - INFO - 03636649	464	0.047 	49.370 	9.196 	0.000 	lamp	
2025-10-28 18:31:28,306 - TopNet - INFO - 02691156	809	0.110 	28.293 	2.763 	0.000 	airplane	
2025-10-28 18:31:28,306 - TopNet - INFO - 02773838	17	0.024 	46.505 	6.498 	0.000 	bag	
2025-10-28 18:31:28,306 - TopNet - INFO - 02958343	703	0.034 	32.496 	2.999 	0.000 	car	
2025-10-28 18:31:28,306 - TopNet - INFO - 02880940	38	0.011 	57.866 	10.279 	0.000 	bowl	
2025-10-28 18:31:28,306 - TopNet - INFO - 04099429	17	0.174 	29.129 	3.285 	0.000 	rocket	
2025-10-28 18:31:28,306 - TopNet - INFO - 02828884	363	0.056 	34.241 	3.910 	0.000 	bench	
2025-10-28 18:31:28,307 - TopNet - INFO - 04090263	475	0.229 	22.960 	2.314 	0.000 	rifle	
2025-10-28 18:31:28,307 - TopNet - INFO - 03211117	219	0.031 	39.846 	5.044 	0.000 	display	
2025-10-28 18:31:28,307 - TopNet - INFO - 02876657	100	0.034 	37.227 	4.404 	0.000 	bottle	
2025-10-28 18:31:28,307 - TopNet - INFO - 03710193	19	0.036 	42.330 	5.659 	0.000 	mailbox	
2025-10-28 18:31:28,307 - TopNet - INFO - 03790512	68	0.050 	33.027 	3.446 	0.000 	motorbike	
2025-10-28 18:31:28,307 - TopNet - INFO - 03325088	149	0.037 	48.670 	8.386 	0.000 	faucet	
2025-10-28 18:31:28,307 - TopNet - INFO - 02801938	23	0.013 	49.864 	8.139 	0.000 	basket	
2025-10-28 18:31:28,307 - TopNet - INFO - 03337140	60	0.020 	40.693 	4.923 	0.000 	file cabinet	
2025-10-28 18:31:28,307 - TopNet - INFO - 02843684	15	0.016 	45.712 	6.249 	0.000 	birdhouse	
2025-10-28 18:31:28,307 - TopNet - INFO - 03624134	85	0.200 	22.018 	1.938 	0.000 	knife	
2025-10-28 18:31:28,307 - TopNet - INFO - 03991062	121	0.015 	53.374 	8.857 	0.000 	flowerpot	
2025-10-28 18:31:28,307 - TopNet - INFO - 03948459	62	0.097 	28.645 	2.710 	0.000 	pistol	
2025-10-28 18:31:28,307 - TopNet - INFO - 03928116	48	0.016 	50.709 	7.637 	0.000 	piano	
2025-10-28 18:31:28,307 - TopNet - INFO - 03207941	19	0.012 	44.757 	5.928 	0.000 	dishwasher	
2025-10-28 18:31:28,307 - TopNet - INFO - 04074963	14	0.045 	31.690 	2.748 	0.000 	remote	
2025-10-28 18:31:28,307 - TopNet - INFO - 03085013	13	0.111 	24.228 	2.199 	0.000 	keyboard	
2025-10-28 18:31:28,307 - TopNet - INFO - Overall		0.045 	41.668 	6.081 	0.000 	
2025-10-28 18:31:28,404 - TopNet - INFO - Save checkpoint at ./experiments/TopNet/ShapeNet55_models/TopNet_fog/ckpt-best.pth
2025-10-28 18:31:28,493 - TopNet - INFO - Save checkpoint at ./experiments/TopNet/ShapeNet55_models/TopNet_fog/ckpt-last.pth
2025-10-28 18:31:28,707 - TopNet - INFO - [Epoch 11/150][Batch 1/2622] BatchTime = 0.214 (s) DataTime = 0.073 (s) Losses = ['4.0838', '4.0838'] lr = 0.0010000
2025-10-28 18:31:56,263 - TopNet - INFO - [Epoch 11/150][Batch 101/2622] BatchTime = 0.279 (s) DataTime = 0.001 (s) Losses = ['7.8777', '7.8777'] lr = 0.0010000
2025-10-28 18:32:24,355 - TopNet - INFO - [Epoch 11/150][Batch 201/2622] BatchTime = 0.216 (s) DataTime = 0.001 (s) Losses = ['4.1318', '4.1318'] lr = 0.0010000
2025-10-28 18:32:52,703 - TopNet - INFO - [Epoch 11/150][Batch 301/2622] BatchTime = 0.324 (s) DataTime = 0.001 (s) Losses = ['3.9027', '3.9027'] lr = 0.0010000
2025-10-28 18:33:18,831 - TopNet - INFO - [Epoch 11/150][Batch 401/2622] BatchTime = 0.325 (s) DataTime = 0.001 (s) Losses = ['6.5905', '6.5905'] lr = 0.0010000
2025-10-28 18:33:45,641 - TopNet - INFO - [Epoch 11/150][Batch 501/2622] BatchTime = 0.135 (s) DataTime = 0.001 (s) Losses = ['3.6919', '3.6919'] lr = 0.0010000
2025-10-28 18:34:12,602 - TopNet - INFO - [Epoch 11/150][Batch 601/2622] BatchTime = 0.104 (s) DataTime = 0.001 (s) Losses = ['4.0309', '4.0309'] lr = 0.0010000
2025-10-28 18:34:38,180 - TopNet - INFO - [Epoch 11/150][Batch 701/2622] BatchTime = 0.210 (s) DataTime = 0.001 (s) Losses = ['6.1803', '6.1803'] lr = 0.0010000
2025-10-28 18:35:04,833 - TopNet - INFO - [Epoch 11/150][Batch 801/2622] BatchTime = 0.112 (s) DataTime = 0.001 (s) Losses = ['5.0127', '5.0127'] lr = 0.0010000
2025-10-28 18:35:33,022 - TopNet - INFO - [Epoch 11/150][Batch 901/2622] BatchTime = 0.215 (s) DataTime = 0.001 (s) Losses = ['5.5691', '5.5691'] lr = 0.0010000
2025-10-28 18:36:01,651 - TopNet - INFO - [Epoch 11/150][Batch 1001/2622] BatchTime = 0.291 (s) DataTime = 0.001 (s) Losses = ['6.9661', '6.9661'] lr = 0.0010000
2025-10-28 18:36:29,426 - TopNet - INFO - [Epoch 11/150][Batch 1101/2622] BatchTime = 0.131 (s) DataTime = 0.001 (s) Losses = ['6.1373', '6.1373'] lr = 0.0010000
2025-10-28 18:36:57,539 - TopNet - INFO - [Epoch 11/150][Batch 1201/2622] BatchTime = 0.443 (s) DataTime = 0.001 (s) Losses = ['6.7700', '6.7700'] lr = 0.0010000
2025-10-28 18:37:24,975 - TopNet - INFO - [Epoch 11/150][Batch 1301/2622] BatchTime = 0.306 (s) DataTime = 0.001 (s) Losses = ['5.5147', '5.5147'] lr = 0.0010000
2025-10-28 18:37:50,802 - TopNet - INFO - [Epoch 11/150][Batch 1401/2622] BatchTime = 0.117 (s) DataTime = 0.001 (s) Losses = ['4.1053', '4.1053'] lr = 0.0010000
2025-10-28 18:38:19,047 - TopNet - INFO - [Epoch 11/150][Batch 1501/2622] BatchTime = 0.228 (s) DataTime = 0.001 (s) Losses = ['5.0710', '5.0710'] lr = 0.0010000
2025-10-28 18:38:47,386 - TopNet - INFO - [Epoch 11/150][Batch 1601/2622] BatchTime = 0.199 (s) DataTime = 0.001 (s) Losses = ['6.5948', '6.5948'] lr = 0.0010000
2025-10-28 18:39:14,609 - TopNet - INFO - [Epoch 11/150][Batch 1701/2622] BatchTime = 0.227 (s) DataTime = 0.001 (s) Losses = ['5.2155', '5.2155'] lr = 0.0010000
2025-10-28 18:39:42,599 - TopNet - INFO - [Epoch 11/150][Batch 1801/2622] BatchTime = 0.362 (s) DataTime = 0.001 (s) Losses = ['7.0275', '7.0275'] lr = 0.0010000
2025-10-28 18:40:08,068 - TopNet - INFO - [Epoch 11/150][Batch 1901/2622] BatchTime = 0.418 (s) DataTime = 0.001 (s) Losses = ['6.0462', '6.0462'] lr = 0.0010000
2025-10-28 18:40:35,171 - TopNet - INFO - [Epoch 11/150][Batch 2001/2622] BatchTime = 0.322 (s) DataTime = 0.001 (s) Losses = ['6.0093', '6.0093'] lr = 0.0010000
2025-10-28 18:41:02,142 - TopNet - INFO - [Epoch 11/150][Batch 2101/2622] BatchTime = 0.314 (s) DataTime = 0.001 (s) Losses = ['5.1450', '5.1450'] lr = 0.0010000
2025-10-28 18:41:28,848 - TopNet - INFO - [Epoch 11/150][Batch 2201/2622] BatchTime = 0.135 (s) DataTime = 0.001 (s) Losses = ['4.2382', '4.2382'] lr = 0.0010000
2025-10-28 18:41:55,977 - TopNet - INFO - [Epoch 11/150][Batch 2301/2622] BatchTime = 0.318 (s) DataTime = 0.001 (s) Losses = ['6.4081', '6.4081'] lr = 0.0010000
2025-10-28 18:42:21,966 - TopNet - INFO - [Epoch 11/150][Batch 2401/2622] BatchTime = 0.194 (s) DataTime = 0.001 (s) Losses = ['4.7938', '4.7938'] lr = 0.0010000
2025-10-28 18:42:48,756 - TopNet - INFO - [Epoch 11/150][Batch 2501/2622] BatchTime = 0.334 (s) DataTime = 0.001 (s) Losses = ['5.7278', '5.7278'] lr = 0.0010000
2025-10-28 18:43:15,196 - TopNet - INFO - [Epoch 11/150][Batch 2601/2622] BatchTime = 0.121 (s) DataTime = 0.001 (s) Losses = ['6.3083', '6.3083'] lr = 0.0010000
2025-10-28 18:43:21,339 - TopNet - INFO - [Training] EPOCH: 11 EpochTime = 712.846 (s) Losses = ['5.4498', '5.4498']
2025-10-28 18:43:21,439 - TopNet - INFO - Save checkpoint at ./experiments/TopNet/ShapeNet55_models/TopNet_fog/ckpt-last.pth
2025-10-28 18:43:21,794 - TopNet - INFO - [Epoch 12/150][Batch 1/2622] BatchTime = 0.354 (s) DataTime = 0.070 (s) Losses = ['6.2381', '6.2381'] lr = 0.0010000
2025-10-28 18:43:47,945 - TopNet - INFO - [Epoch 12/150][Batch 101/2622] BatchTime = 0.113 (s) DataTime = 0.001 (s) Losses = ['6.3052', '6.3052'] lr = 0.0010000
2025-10-28 18:44:16,152 - TopNet - INFO - [Epoch 12/150][Batch 201/2622] BatchTime = 0.419 (s) DataTime = 0.001 (s) Losses = ['5.2691', '5.2691'] lr = 0.0010000
2025-10-28 18:44:42,531 - TopNet - INFO - [Epoch 12/150][Batch 301/2622] BatchTime = 0.381 (s) DataTime = 0.001 (s) Losses = ['5.0656', '5.0656'] lr = 0.0010000
2025-10-28 18:45:08,954 - TopNet - INFO - [Epoch 12/150][Batch 401/2622] BatchTime = 0.257 (s) DataTime = 0.001 (s) Losses = ['5.7863', '5.7863'] lr = 0.0010000
2025-10-28 18:45:36,275 - TopNet - INFO - [Epoch 12/150][Batch 501/2622] BatchTime = 0.200 (s) DataTime = 0.001 (s) Losses = ['4.8641', '4.8641'] lr = 0.0010000
2025-10-28 18:46:02,207 - TopNet - INFO - [Epoch 12/150][Batch 601/2622] BatchTime = 0.245 (s) DataTime = 0.001 (s) Losses = ['6.5505', '6.5505'] lr = 0.0010000
2025-10-28 18:46:30,071 - TopNet - INFO - [Epoch 12/150][Batch 701/2622] BatchTime = 0.403 (s) DataTime = 0.001 (s) Losses = ['6.0170', '6.0170'] lr = 0.0010000
2025-10-28 18:46:55,124 - TopNet - INFO - [Epoch 12/150][Batch 801/2622] BatchTime = 0.123 (s) DataTime = 0.001 (s) Losses = ['4.8832', '4.8832'] lr = 0.0010000
2025-10-28 18:47:24,199 - TopNet - INFO - [Epoch 12/150][Batch 901/2622] BatchTime = 0.225 (s) DataTime = 0.001 (s) Losses = ['5.2437', '5.2437'] lr = 0.0010000
2025-10-28 18:47:52,164 - TopNet - INFO - [Epoch 12/150][Batch 1001/2622] BatchTime = 0.257 (s) DataTime = 0.001 (s) Losses = ['6.3413', '6.3413'] lr = 0.0010000
2025-10-28 18:48:19,155 - TopNet - INFO - [Epoch 12/150][Batch 1101/2622] BatchTime = 0.144 (s) DataTime = 0.001 (s) Losses = ['5.4703', '5.4703'] lr = 0.0010000
2025-10-28 18:48:47,763 - TopNet - INFO - [Epoch 12/150][Batch 1201/2622] BatchTime = 0.298 (s) DataTime = 0.001 (s) Losses = ['7.8373', '7.8373'] lr = 0.0010000
2025-10-28 18:49:14,306 - TopNet - INFO - [Epoch 12/150][Batch 1301/2622] BatchTime = 0.302 (s) DataTime = 0.001 (s) Losses = ['5.1198', '5.1198'] lr = 0.0010000
2025-10-28 18:49:41,433 - TopNet - INFO - [Epoch 12/150][Batch 1401/2622] BatchTime = 0.220 (s) DataTime = 0.001 (s) Losses = ['10.2892', '10.2892'] lr = 0.0010000
2025-10-28 18:50:09,644 - TopNet - INFO - [Epoch 12/150][Batch 1501/2622] BatchTime = 0.221 (s) DataTime = 0.001 (s) Losses = ['10.1392', '10.1392'] lr = 0.0010000
2025-10-28 18:50:36,274 - TopNet - INFO - [Epoch 12/150][Batch 1601/2622] BatchTime = 0.288 (s) DataTime = 0.001 (s) Losses = ['5.7411', '5.7411'] lr = 0.0010000
2025-10-28 18:51:02,929 - TopNet - INFO - [Epoch 12/150][Batch 1701/2622] BatchTime = 0.279 (s) DataTime = 0.001 (s) Losses = ['6.6589', '6.6589'] lr = 0.0010000
2025-10-28 18:51:31,816 - TopNet - INFO - [Epoch 12/150][Batch 1801/2622] BatchTime = 0.343 (s) DataTime = 0.001 (s) Losses = ['4.3012', '4.3012'] lr = 0.0010000
2025-10-28 18:51:58,468 - TopNet - INFO - [Epoch 12/150][Batch 1901/2622] BatchTime = 0.296 (s) DataTime = 0.001 (s) Losses = ['6.8682', '6.8682'] lr = 0.0010000
2025-10-28 18:52:22,444 - TopNet - INFO - [Epoch 12/150][Batch 2001/2622] BatchTime = 0.278 (s) DataTime = 0.001 (s) Losses = ['4.1991', '4.1991'] lr = 0.0010000
2025-10-28 18:52:49,864 - TopNet - INFO - [Epoch 12/150][Batch 2101/2622] BatchTime = 0.293 (s) DataTime = 0.001 (s) Losses = ['6.9927', '6.9927'] lr = 0.0010000
2025-10-28 18:53:17,654 - TopNet - INFO - [Epoch 12/150][Batch 2201/2622] BatchTime = 0.111 (s) DataTime = 0.001 (s) Losses = ['6.6173', '6.6173'] lr = 0.0010000
2025-10-28 18:53:45,617 - TopNet - INFO - [Epoch 12/150][Batch 2301/2622] BatchTime = 0.370 (s) DataTime = 0.001 (s) Losses = ['4.5990', '4.5990'] lr = 0.0010000
2025-10-28 18:54:11,563 - TopNet - INFO - [Epoch 12/150][Batch 2401/2622] BatchTime = 0.198 (s) DataTime = 0.001 (s) Losses = ['6.6822', '6.6822'] lr = 0.0010000
2025-10-28 18:54:38,594 - TopNet - INFO - [Epoch 12/150][Batch 2501/2622] BatchTime = 0.206 (s) DataTime = 0.001 (s) Losses = ['4.6507', '4.6507'] lr = 0.0010000
2025-10-28 18:55:07,418 - TopNet - INFO - [Epoch 12/150][Batch 2601/2622] BatchTime = 0.386 (s) DataTime = 0.001 (s) Losses = ['5.4659', '5.4659'] lr = 0.0010000
2025-10-28 18:55:12,705 - TopNet - INFO - [Training] EPOCH: 12 EpochTime = 711.265 (s) Losses = ['5.3881', '5.3881']
2025-10-28 18:55:12,801 - TopNet - INFO - Save checkpoint at ./experiments/TopNet/ShapeNet55_models/TopNet_fog/ckpt-last.pth
2025-10-28 18:55:13,384 - TopNet - INFO - [Epoch 13/150][Batch 1/2622] BatchTime = 0.582 (s) DataTime = 0.070 (s) Losses = ['5.2554', '5.2554'] lr = 0.0010000
2025-10-28 18:55:42,550 - TopNet - INFO - [Epoch 13/150][Batch 101/2622] BatchTime = 0.313 (s) DataTime = 0.001 (s) Losses = ['6.0651', '6.0651'] lr = 0.0010000
2025-10-28 18:56:10,708 - TopNet - INFO - [Epoch 13/150][Batch 201/2622] BatchTime = 0.220 (s) DataTime = 0.001 (s) Losses = ['5.0956', '5.0956'] lr = 0.0010000
2025-10-28 18:56:38,778 - TopNet - INFO - [Epoch 13/150][Batch 301/2622] BatchTime = 0.287 (s) DataTime = 0.001 (s) Losses = ['5.7400', '5.7400'] lr = 0.0010000
2025-10-28 18:57:06,827 - TopNet - INFO - [Epoch 13/150][Batch 401/2622] BatchTime = 0.230 (s) DataTime = 0.001 (s) Losses = ['4.3365', '4.3365'] lr = 0.0010000
2025-10-28 18:57:34,783 - TopNet - INFO - [Epoch 13/150][Batch 501/2622] BatchTime = 0.121 (s) DataTime = 0.001 (s) Losses = ['4.7929', '4.7929'] lr = 0.0010000
2025-10-28 18:58:01,726 - TopNet - INFO - [Epoch 13/150][Batch 601/2622] BatchTime = 0.137 (s) DataTime = 0.001 (s) Losses = ['3.8430', '3.8430'] lr = 0.0010000
2025-10-28 18:58:30,657 - TopNet - INFO - [Epoch 13/150][Batch 701/2622] BatchTime = 0.333 (s) DataTime = 0.001 (s) Losses = ['5.2108', '5.2108'] lr = 0.0010000
2025-10-28 18:58:58,368 - TopNet - INFO - [Epoch 13/150][Batch 801/2622] BatchTime = 0.333 (s) DataTime = 0.001 (s) Losses = ['5.2606', '5.2606'] lr = 0.0010000
2025-10-28 18:59:25,543 - TopNet - INFO - [Epoch 13/150][Batch 901/2622] BatchTime = 0.113 (s) DataTime = 0.001 (s) Losses = ['5.5713', '5.5713'] lr = 0.0010000
2025-10-28 18:59:51,991 - TopNet - INFO - [Epoch 13/150][Batch 1001/2622] BatchTime = 0.219 (s) DataTime = 0.001 (s) Losses = ['5.6438', '5.6438'] lr = 0.0010000
2025-10-28 19:00:18,762 - TopNet - INFO - [Epoch 13/150][Batch 1101/2622] BatchTime = 0.233 (s) DataTime = 0.001 (s) Losses = ['5.0400', '5.0400'] lr = 0.0010000
2025-10-28 19:00:46,110 - TopNet - INFO - [Epoch 13/150][Batch 1201/2622] BatchTime = 0.471 (s) DataTime = 0.001 (s) Losses = ['4.7612', '4.7612'] lr = 0.0010000
2025-10-28 19:01:12,766 - TopNet - INFO - [Epoch 13/150][Batch 1301/2622] BatchTime = 0.356 (s) DataTime = 0.001 (s) Losses = ['7.6698', '7.6698'] lr = 0.0010000
2025-10-28 19:01:38,517 - TopNet - INFO - [Epoch 13/150][Batch 1401/2622] BatchTime = 0.210 (s) DataTime = 0.001 (s) Losses = ['3.4755', '3.4755'] lr = 0.0010000
2025-10-28 19:02:04,905 - TopNet - INFO - [Epoch 13/150][Batch 1501/2622] BatchTime = 0.270 (s) DataTime = 0.001 (s) Losses = ['4.0819', '4.0819'] lr = 0.0010000
2025-10-28 19:02:31,498 - TopNet - INFO - [Epoch 13/150][Batch 1601/2622] BatchTime = 0.407 (s) DataTime = 0.001 (s) Losses = ['3.7766', '3.7766'] lr = 0.0010000
2025-10-28 19:02:59,314 - TopNet - INFO - [Epoch 13/150][Batch 1701/2622] BatchTime = 0.312 (s) DataTime = 0.001 (s) Losses = ['4.8199', '4.8199'] lr = 0.0010000
2025-10-28 19:03:26,702 - TopNet - INFO - [Epoch 13/150][Batch 1801/2622] BatchTime = 0.538 (s) DataTime = 0.001 (s) Losses = ['4.6331', '4.6331'] lr = 0.0010000
2025-10-28 19:03:52,877 - TopNet - INFO - [Epoch 13/150][Batch 1901/2622] BatchTime = 0.389 (s) DataTime = 0.001 (s) Losses = ['7.0366', '7.0366'] lr = 0.0010000
2025-10-28 19:04:22,068 - TopNet - INFO - [Epoch 13/150][Batch 2001/2622] BatchTime = 0.312 (s) DataTime = 0.001 (s) Losses = ['4.7467', '4.7467'] lr = 0.0010000
2025-10-28 19:04:46,915 - TopNet - INFO - [Epoch 13/150][Batch 2101/2622] BatchTime = 0.309 (s) DataTime = 0.001 (s) Losses = ['4.3202', '4.3202'] lr = 0.0010000
2025-10-28 19:05:13,891 - TopNet - INFO - [Epoch 13/150][Batch 2201/2622] BatchTime = 0.117 (s) DataTime = 0.001 (s) Losses = ['4.6282', '4.6282'] lr = 0.0010000
2025-10-28 19:05:38,889 - TopNet - INFO - [Epoch 13/150][Batch 2301/2622] BatchTime = 0.319 (s) DataTime = 0.001 (s) Losses = ['5.3330', '5.3330'] lr = 0.0010000
2025-10-28 19:06:05,428 - TopNet - INFO - [Epoch 13/150][Batch 2401/2622] BatchTime = 0.125 (s) DataTime = 0.001 (s) Losses = ['5.9893', '5.9893'] lr = 0.0010000
2025-10-28 19:06:30,189 - TopNet - INFO - [Epoch 13/150][Batch 2501/2622] BatchTime = 0.286 (s) DataTime = 0.001 (s) Losses = ['4.8837', '4.8837'] lr = 0.0010000
2025-10-28 19:06:58,726 - TopNet - INFO - [Epoch 13/150][Batch 2601/2622] BatchTime = 0.123 (s) DataTime = 0.001 (s) Losses = ['4.1190', '4.1190'] lr = 0.0010000
2025-10-28 19:07:03,748 - TopNet - INFO - [Training] EPOCH: 13 EpochTime = 710.947 (s) Losses = ['5.3032', '5.3032']
2025-10-28 19:07:03,845 - TopNet - INFO - Save checkpoint at ./experiments/TopNet/ShapeNet55_models/TopNet_fog/ckpt-last.pth
2025-10-28 19:07:04,144 - TopNet - INFO - [Epoch 14/150][Batch 1/2622] BatchTime = 0.298 (s) DataTime = 0.072 (s) Losses = ['7.4984', '7.4984'] lr = 0.0010000
2025-10-28 19:07:29,856 - TopNet - INFO - [Epoch 14/150][Batch 101/2622] BatchTime = 0.216 (s) DataTime = 0.001 (s) Losses = ['4.1319', '4.1319'] lr = 0.0010000
2025-10-28 19:07:58,375 - TopNet - INFO - [Epoch 14/150][Batch 201/2622] BatchTime = 0.496 (s) DataTime = 0.001 (s) Losses = ['4.9928', '4.9928'] lr = 0.0010000
2025-10-28 19:08:25,506 - TopNet - INFO - [Epoch 14/150][Batch 301/2622] BatchTime = 0.122 (s) DataTime = 0.001 (s) Losses = ['4.7592', '4.7592'] lr = 0.0010000
2025-10-28 19:08:53,314 - TopNet - INFO - [Epoch 14/150][Batch 401/2622] BatchTime = 0.216 (s) DataTime = 0.001 (s) Losses = ['4.7137', '4.7137'] lr = 0.0010000
2025-10-28 19:09:21,468 - TopNet - INFO - [Epoch 14/150][Batch 501/2622] BatchTime = 0.197 (s) DataTime = 0.001 (s) Losses = ['4.5610', '4.5610'] lr = 0.0010000
2025-10-28 19:09:48,711 - TopNet - INFO - [Epoch 14/150][Batch 601/2622] BatchTime = 0.227 (s) DataTime = 0.001 (s) Losses = ['5.8626', '5.8626'] lr = 0.0010000
2025-10-28 19:10:16,219 - TopNet - INFO - [Epoch 14/150][Batch 701/2622] BatchTime = 0.396 (s) DataTime = 0.001 (s) Losses = ['5.1321', '5.1321'] lr = 0.0010000
2025-10-28 19:10:43,264 - TopNet - INFO - [Epoch 14/150][Batch 801/2622] BatchTime = 0.112 (s) DataTime = 0.001 (s) Losses = ['6.0930', '6.0930'] lr = 0.0010000
2025-10-28 19:11:09,679 - TopNet - INFO - [Epoch 14/150][Batch 901/2622] BatchTime = 0.283 (s) DataTime = 0.001 (s) Losses = ['6.4063', '6.4063'] lr = 0.0010000
2025-10-28 19:11:37,692 - TopNet - INFO - [Epoch 14/150][Batch 1001/2622] BatchTime = 0.146 (s) DataTime = 0.001 (s) Losses = ['5.2465', '5.2465'] lr = 0.0010000
2025-10-28 19:12:07,070 - TopNet - INFO - [Epoch 14/150][Batch 1101/2622] BatchTime = 0.194 (s) DataTime = 0.001 (s) Losses = ['4.2422', '4.2422'] lr = 0.0010000
2025-10-28 19:12:35,158 - TopNet - INFO - [Epoch 14/150][Batch 1201/2622] BatchTime = 0.420 (s) DataTime = 0.001 (s) Losses = ['6.1810', '6.1810'] lr = 0.0010000
2025-10-28 19:13:03,249 - TopNet - INFO - [Epoch 14/150][Batch 1301/2622] BatchTime = 0.428 (s) DataTime = 0.001 (s) Losses = ['3.5418', '3.5418'] lr = 0.0010000
2025-10-28 19:13:31,115 - TopNet - INFO - [Epoch 14/150][Batch 1401/2622] BatchTime = 0.220 (s) DataTime = 0.001 (s) Losses = ['6.1866', '6.1866'] lr = 0.0010000
2025-10-28 19:13:56,818 - TopNet - INFO - [Epoch 14/150][Batch 1501/2622] BatchTime = 0.245 (s) DataTime = 0.001 (s) Losses = ['4.4755', '4.4755'] lr = 0.0010000
2025-10-28 19:14:24,256 - TopNet - INFO - [Epoch 14/150][Batch 1601/2622] BatchTime = 0.116 (s) DataTime = 0.001 (s) Losses = ['4.8341', '4.8341'] lr = 0.0010000
2025-10-28 19:14:52,181 - TopNet - INFO - [Epoch 14/150][Batch 1701/2622] BatchTime = 0.487 (s) DataTime = 0.001 (s) Losses = ['3.1831', '3.1831'] lr = 0.0010000
2025-10-28 19:15:19,625 - TopNet - INFO - [Epoch 14/150][Batch 1801/2622] BatchTime = 0.204 (s) DataTime = 0.001 (s) Losses = ['3.9211', '3.9211'] lr = 0.0010000
2025-10-28 19:15:45,441 - TopNet - INFO - [Epoch 14/150][Batch 1901/2622] BatchTime = 0.371 (s) DataTime = 0.001 (s) Losses = ['5.2535', '5.2535'] lr = 0.0010000
2025-10-28 19:16:15,441 - TopNet - INFO - [Epoch 14/150][Batch 2001/2622] BatchTime = 0.311 (s) DataTime = 0.001 (s) Losses = ['5.2473', '5.2473'] lr = 0.0010000
2025-10-28 19:16:42,146 - TopNet - INFO - [Epoch 14/150][Batch 2101/2622] BatchTime = 0.294 (s) DataTime = 0.001 (s) Losses = ['5.0168', '5.0168'] lr = 0.0010000
2025-10-28 19:17:08,845 - TopNet - INFO - [Epoch 14/150][Batch 2201/2622] BatchTime = 0.214 (s) DataTime = 0.001 (s) Losses = ['3.9606', '3.9606'] lr = 0.0010000
2025-10-28 19:17:39,631 - TopNet - INFO - [Epoch 14/150][Batch 2301/2622] BatchTime = 0.302 (s) DataTime = 0.001 (s) Losses = ['8.8932', '8.8932'] lr = 0.0010000
2025-10-28 19:18:07,278 - TopNet - INFO - [Epoch 14/150][Batch 2401/2622] BatchTime = 0.353 (s) DataTime = 0.001 (s) Losses = ['5.7716', '5.7716'] lr = 0.0010000
2025-10-28 19:18:33,365 - TopNet - INFO - [Epoch 14/150][Batch 2501/2622] BatchTime = 0.346 (s) DataTime = 0.001 (s) Losses = ['5.0838', '5.0838'] lr = 0.0010000
2025-10-28 19:19:01,034 - TopNet - INFO - [Epoch 14/150][Batch 2601/2622] BatchTime = 0.206 (s) DataTime = 0.001 (s) Losses = ['4.0596', '4.0596'] lr = 0.0010000
2025-10-28 19:19:06,906 - TopNet - INFO - [Training] EPOCH: 14 EpochTime = 723.061 (s) Losses = ['5.1202', '5.1202']
2025-10-28 19:19:07,002 - TopNet - INFO - Save checkpoint at ./experiments/TopNet/ShapeNet55_models/TopNet_fog/ckpt-last.pth
2025-10-28 19:19:07,356 - TopNet - INFO - [Epoch 15/150][Batch 1/2622] BatchTime = 0.354 (s) DataTime = 0.072 (s) Losses = ['4.1804', '4.1804'] lr = 0.0010000
2025-10-28 19:19:32,797 - TopNet - INFO - [Epoch 15/150][Batch 101/2622] BatchTime = 0.157 (s) DataTime = 0.001 (s) Losses = ['8.1866', '8.1866'] lr = 0.0010000
2025-10-28 19:19:59,476 - TopNet - INFO - [Epoch 15/150][Batch 201/2622] BatchTime = 0.282 (s) DataTime = 0.001 (s) Losses = ['4.0843', '4.0843'] lr = 0.0010000
2025-10-28 19:20:27,100 - TopNet - INFO - [Epoch 15/150][Batch 301/2622] BatchTime = 0.348 (s) DataTime = 0.001 (s) Losses = ['3.7699', '3.7699'] lr = 0.0010000
2025-10-28 19:20:55,032 - TopNet - INFO - [Epoch 15/150][Batch 401/2622] BatchTime = 0.311 (s) DataTime = 0.001 (s) Losses = ['3.3019', '3.3019'] lr = 0.0010000
2025-10-28 19:21:22,395 - TopNet - INFO - [Epoch 15/150][Batch 501/2622] BatchTime = 0.233 (s) DataTime = 0.001 (s) Losses = ['6.4297', '6.4297'] lr = 0.0010000
2025-10-28 19:21:48,950 - TopNet - INFO - [Epoch 15/150][Batch 601/2622] BatchTime = 0.214 (s) DataTime = 0.001 (s) Losses = ['7.9069', '7.9069'] lr = 0.0010000
2025-10-28 19:22:15,195 - TopNet - INFO - [Epoch 15/150][Batch 701/2622] BatchTime = 0.197 (s) DataTime = 0.001 (s) Losses = ['4.0256', '4.0256'] lr = 0.0010000
2025-10-28 19:22:43,223 - TopNet - INFO - [Epoch 15/150][Batch 801/2622] BatchTime = 0.187 (s) DataTime = 0.001 (s) Losses = ['3.2380', '3.2380'] lr = 0.0010000
2025-10-28 19:23:12,643 - TopNet - INFO - [Epoch 15/150][Batch 901/2622] BatchTime = 0.140 (s) DataTime = 0.001 (s) Losses = ['3.8886', '3.8886'] lr = 0.0010000
2025-10-28 19:23:40,075 - TopNet - INFO - [Epoch 15/150][Batch 1001/2622] BatchTime = 0.438 (s) DataTime = 0.001 (s) Losses = ['4.6189', '4.6189'] lr = 0.0010000
2025-10-28 19:24:09,374 - TopNet - INFO - [Epoch 15/150][Batch 1101/2622] BatchTime = 0.119 (s) DataTime = 0.001 (s) Losses = ['3.2316', '3.2316'] lr = 0.0010000
2025-10-28 19:24:35,803 - TopNet - INFO - [Epoch 15/150][Batch 1201/2622] BatchTime = 0.216 (s) DataTime = 0.001 (s) Losses = ['4.3160', '4.3160'] lr = 0.0010000
2025-10-28 19:25:04,548 - TopNet - INFO - [Epoch 15/150][Batch 1301/2622] BatchTime = 0.419 (s) DataTime = 0.001 (s) Losses = ['3.5575', '3.5575'] lr = 0.0010000
2025-10-28 19:25:30,553 - TopNet - INFO - [Epoch 15/150][Batch 1401/2622] BatchTime = 0.240 (s) DataTime = 0.001 (s) Losses = ['5.5806', '5.5806'] lr = 0.0010000
2025-10-28 19:25:58,460 - TopNet - INFO - [Epoch 15/150][Batch 1501/2622] BatchTime = 0.549 (s) DataTime = 0.001 (s) Losses = ['5.0764', '5.0764'] lr = 0.0010000
2025-10-28 19:26:26,009 - TopNet - INFO - [Epoch 15/150][Batch 1601/2622] BatchTime = 0.421 (s) DataTime = 0.001 (s) Losses = ['6.4258', '6.4258'] lr = 0.0010000
2025-10-28 19:26:54,267 - TopNet - INFO - [Epoch 15/150][Batch 1701/2622] BatchTime = 0.247 (s) DataTime = 0.001 (s) Losses = ['5.4261', '5.4261'] lr = 0.0010000
2025-10-28 19:27:20,938 - TopNet - INFO - [Epoch 15/150][Batch 1801/2622] BatchTime = 0.213 (s) DataTime = 0.001 (s) Losses = ['4.3487', '4.3487'] lr = 0.0010000
2025-10-28 19:27:48,930 - TopNet - INFO - [Epoch 15/150][Batch 1901/2622] BatchTime = 0.249 (s) DataTime = 0.001 (s) Losses = ['3.6262', '3.6262'] lr = 0.0010000
2025-10-28 19:28:15,795 - TopNet - INFO - [Epoch 15/150][Batch 2001/2622] BatchTime = 0.220 (s) DataTime = 0.001 (s) Losses = ['4.1001', '4.1001'] lr = 0.0010000
2025-10-28 19:28:43,800 - TopNet - INFO - [Epoch 15/150][Batch 2101/2622] BatchTime = 0.116 (s) DataTime = 0.001 (s) Losses = ['6.6710', '6.6710'] lr = 0.0010000
2025-10-28 19:29:13,053 - TopNet - INFO - [Epoch 15/150][Batch 2201/2622] BatchTime = 0.242 (s) DataTime = 0.001 (s) Losses = ['4.1139', '4.1139'] lr = 0.0010000
2025-10-28 19:29:39,197 - TopNet - INFO - [Epoch 15/150][Batch 2301/2622] BatchTime = 0.303 (s) DataTime = 0.001 (s) Losses = ['5.4019', '5.4019'] lr = 0.0010000
2025-10-28 19:30:05,928 - TopNet - INFO - [Epoch 15/150][Batch 2401/2622] BatchTime = 0.353 (s) DataTime = 0.001 (s) Losses = ['5.8495', '5.8495'] lr = 0.0010000
2025-10-28 19:30:32,388 - TopNet - INFO - [Epoch 15/150][Batch 2501/2622] BatchTime = 0.305 (s) DataTime = 0.001 (s) Losses = ['6.7501', '6.7501'] lr = 0.0010000
2025-10-28 19:30:57,166 - TopNet - INFO - [Epoch 15/150][Batch 2601/2622] BatchTime = 0.366 (s) DataTime = 0.001 (s) Losses = ['6.2361', '6.2361'] lr = 0.0010000
2025-10-28 19:31:02,795 - TopNet - INFO - [Training] EPOCH: 15 EpochTime = 715.793 (s) Losses = ['5.0577', '5.0577']
2025-10-28 19:31:02,796 - TopNet - INFO - [VALIDATION] Start validating epoch 15
2025-10-28 19:31:40,930 - TopNet - INFO - Test[1051/10518] Taxonomy = 02691156 Sample = c7749c0a8b61f43bc9b9e28055202e3d Losses = ['34.5742', '3.6464', '34.5742', '3.6464'] Metrics = ['0.0662', '34.5742', '3.6464', '0.0000']
2025-10-28 19:32:19,253 - TopNet - INFO - Test[2102/10518] Taxonomy = 03211117 Sample = ab2f9418c111cc6ddb965514105122a4 Losses = ['24.5128', '1.8375', '24.5128', '1.8375'] Metrics = ['0.1073', '24.5128', '1.8375', '0.0000']
2025-10-28 19:32:57,617 - TopNet - INFO - Test[3153/10518] Taxonomy = 02876657 Sample = c5032e4be091aabb36fe7a88df793982 Losses = ['53.0428', '7.2407', '53.0428', '7.2407'] Metrics = ['0.0109', '53.0428', '7.2407', '0.0000']
2025-10-28 19:33:37,616 - TopNet - INFO - Test[4204/10518] Taxonomy = 03211117 Sample = 722df1da5778d45b1e43523279c7f09f Losses = ['35.8009', '3.6507', '35.8009', '3.6507'] Metrics = ['0.0387', '35.8009', '3.6507', '0.0000']
2025-10-28 19:34:16,442 - TopNet - INFO - Test[5255/10518] Taxonomy = 02828884 Sample = 14b63361a48a9fffe4a048c146e8bd43 Losses = ['44.5221', '4.9855', '44.5221', '4.9855'] Metrics = ['0.0224', '44.5221', '4.9855', '0.0000']
2025-10-28 19:34:54,150 - TopNet - INFO - Test[6306/10518] Taxonomy = 03211117 Sample = d330d50a0255529d19ed6e1a590c9122 Losses = ['37.8248', '4.0549', '37.8248', '4.0549'] Metrics = ['0.0356', '37.8248', '4.0549', '0.0000']
2025-10-28 19:35:31,806 - TopNet - INFO - Test[7357/10518] Taxonomy = 04379243 Sample = b1ca280d9567270ade98d10ab5975b59 Losses = ['38.6013', '5.7473', '38.6013', '5.7473'] Metrics = ['0.0415', '38.6013', '5.7473', '0.0000']
2025-10-28 19:36:10,618 - TopNet - INFO - Test[8408/10518] Taxonomy = 03001627 Sample = 89208a619341d9fdb8c516ed5c4ce32 Losses = ['42.8252', '4.5383', '42.8252', '4.5383'] Metrics = ['0.0115', '42.8252', '4.5383', '0.0000']
2025-10-28 19:36:49,422 - TopNet - INFO - Test[9459/10518] Taxonomy = 03001627 Sample = d0255120e3351121c3bd24f986301745 Losses = ['38.0926', '4.6780', '38.0926', '4.6780'] Metrics = ['0.0314', '38.0926', '4.6780', '0.0000']
2025-10-28 19:37:27,368 - TopNet - INFO - Test[10510/10518] Taxonomy = 03636649 Sample = ea9ec4d9db2e06202471e6dd5ac3ef92 Losses = ['33.7437', '2.9494', '33.7437', '2.9494'] Metrics = ['0.0248', '33.7437', '2.9494', '0.0000']
2025-10-28 19:37:27,837 - TopNet - INFO - [Validation] EPOCH: 15  Metrics = ['0.0467', '40.6372', '5.7204', '0.0000']
2025-10-28 19:37:27,837 - TopNet - INFO - ============================ TEST RESULTS ============================
2025-10-28 19:37:27,837 - TopNet - INFO - Taxonomy	#Sample	F-Score	CDL1	CDL2	EMDistance	#ModelName	
2025-10-28 19:37:27,837 - TopNet - INFO - 03759954	14	0.067 	48.446 	10.713 	0.000 	microphone	
2025-10-28 19:37:27,837 - TopNet - INFO - 04330267	44	0.024 	41.930 	5.286 	0.000 	stove	
2025-10-28 19:37:27,837 - TopNet - INFO - 03261776	15	0.025 	52.037 	11.313 	0.000 	earphone	
2025-10-28 19:37:27,837 - TopNet - INFO - 03513137	33	0.009 	63.347 	12.627 	0.000 	helmet	
2025-10-28 19:37:27,837 - TopNet - INFO - 04460130	27	0.056 	38.239 	4.945 	0.000 	tower	
2025-10-28 19:37:27,837 - TopNet - INFO - 04468005	78	0.065 	31.436 	3.092 	0.000 	train	
2025-10-28 19:37:27,837 - TopNet - INFO - 03761084	31	0.011 	50.911 	7.395 	0.000 	microwaves	
2025-10-28 19:37:27,837 - TopNet - INFO - 04004475	34	0.017 	49.746 	7.912 	0.000 	printer	
2025-10-28 19:37:27,837 - TopNet - INFO - 03938244	20	0.013 	56.595 	9.097 	0.000 	pillow	
2025-10-28 19:37:27,837 - TopNet - INFO - 02992529	167	0.045 	28.639 	2.236 	0.000 	cellphone	
2025-10-28 19:37:27,837 - TopNet - INFO - 02808440	172	0.021 	41.755 	5.457 	0.000 	bathtub	
2025-10-28 19:37:27,837 - TopNet - INFO - 04530566	388	0.081 	31.521 	3.528 	0.000 	watercraft	
2025-10-28 19:37:27,837 - TopNet - INFO - 02871439	91	0.028 	38.197 	4.436 	0.000 	bookshelf	
2025-10-28 19:37:27,837 - TopNet - INFO - 03593526	120	0.017 	48.894 	7.646 	0.000 	jar	
2025-10-28 19:37:27,838 - TopNet - INFO - 04554684	34	0.010 	49.968 	6.786 	0.000 	washer	
2025-10-28 19:37:27,838 - TopNet - INFO - 03467517	160	0.198 	19.652 	1.280 	0.000 	guitar	
2025-10-28 19:37:27,838 - TopNet - INFO - 04401088	218	0.047 	28.815 	2.320 	0.000 	telephone	
2025-10-28 19:37:27,838 - TopNet - INFO - 02954340	12	0.008 	72.214 	16.312 	0.000 	cap	
2025-10-28 19:37:27,838 - TopNet - INFO - 02933112	315	0.023 	36.968 	3.882 	0.000 	cabinet	
2025-10-28 19:37:27,838 - TopNet - INFO - 03642806	92	0.040 	32.514 	3.231 	0.000 	laptop	
2025-10-28 19:37:27,838 - TopNet - INFO - 02924116	188	0.045 	32.758 	3.214 	0.000 	bus	
2025-10-28 19:37:27,838 - TopNet - INFO - 02946921	22	0.011 	49.442 	6.898 	0.000 	can	
2025-10-28 19:37:27,838 - TopNet - INFO - 02818832	47	0.023 	48.810 	8.298 	0.000 	bed	
2025-10-28 19:37:27,838 - TopNet - INFO - 04256520	635	0.024 	38.047 	4.125 	0.000 	sofa	
2025-10-28 19:37:27,838 - TopNet - INFO - 04379243	1687	0.051 	35.104 	4.382 	0.000 	table	
2025-10-28 19:37:27,838 - TopNet - INFO - 02747177	69	0.014 	43.090 	5.371 	0.000 	trash bin	
2025-10-28 19:37:27,838 - TopNet - INFO - 03046257	131	0.027 	41.786 	5.390 	0.000 	clock	
2025-10-28 19:37:27,838 - TopNet - INFO - 04225987	31	0.084 	33.893 	5.423 	0.000 	skateboard	
2025-10-28 19:37:27,838 - TopNet - INFO - 03797390	43	0.013 	46.011 	6.249 	0.000 	mug	
2025-10-28 19:37:27,838 - TopNet - INFO - 03001627	1356	0.032 	38.331 	4.656 	0.000 	chair	
2025-10-28 19:37:27,838 - TopNet - INFO - 03691459	320	0.018 	45.348 	6.298 	0.000 	loudspeaker	
2025-10-28 19:37:27,838 - TopNet - INFO - 02942699	23	0.013 	54.076 	8.928 	0.000 	camera	
2025-10-28 19:37:27,838 - TopNet - INFO - 03636649	464	0.043 	46.179 	7.952 	0.000 	lamp	
2025-10-28 19:37:27,838 - TopNet - INFO - 02691156	809	0.111 	27.874 	2.993 	0.000 	airplane	
2025-10-28 19:37:27,838 - TopNet - INFO - 02773838	17	0.026 	43.134 	5.645 	0.000 	bag	
2025-10-28 19:37:27,838 - TopNet - INFO - 02958343	703	0.034 	33.244 	3.071 	0.000 	car	
2025-10-28 19:37:27,838 - TopNet - INFO - 02880940	38	0.014 	62.235 	15.157 	0.000 	bowl	
2025-10-28 19:37:27,838 - TopNet - INFO - 04099429	17	0.197 	27.358 	3.016 	0.000 	rocket	
2025-10-28 19:37:27,838 - TopNet - INFO - 02828884	363	0.058 	32.614 	3.607 	0.000 	bench	
2025-10-28 19:37:27,838 - TopNet - INFO - 04090263	475	0.242 	19.687 	1.500 	0.000 	rifle	
2025-10-28 19:37:27,838 - TopNet - INFO - 03211117	219	0.035 	37.202 	4.281 	0.000 	display	
2025-10-28 19:37:27,838 - TopNet - INFO - 02876657	100	0.034 	35.090 	3.786 	0.000 	bottle	
2025-10-28 19:37:27,838 - TopNet - INFO - 03710193	19	0.027 	38.310 	4.290 	0.000 	mailbox	
2025-10-28 19:37:27,838 - TopNet - INFO - 03790512	68	0.053 	33.239 	3.477 	0.000 	motorbike	
2025-10-28 19:37:27,838 - TopNet - INFO - 03325088	149	0.040 	46.028 	7.704 	0.000 	faucet	
2025-10-28 19:37:27,838 - TopNet - INFO - 02801938	23	0.015 	48.177 	7.121 	0.000 	basket	
2025-10-28 19:37:27,838 - TopNet - INFO - 03337140	60	0.022 	38.648 	4.407 	0.000 	file cabinet	
2025-10-28 19:37:27,838 - TopNet - INFO - 02843684	15	0.017 	47.689 	7.591 	0.000 	birdhouse	
2025-10-28 19:37:27,838 - TopNet - INFO - 03624134	85	0.146 	22.664 	1.669 	0.000 	knife	
2025-10-28 19:37:27,838 - TopNet - INFO - 03991062	121	0.017 	51.201 	8.057 	0.000 	flowerpot	
2025-10-28 19:37:27,838 - TopNet - INFO - 03948459	62	0.107 	25.774 	2.200 	0.000 	pistol	
2025-10-28 19:37:27,838 - TopNet - INFO - 03928116	48	0.020 	50.165 	7.841 	0.000 	piano	
2025-10-28 19:37:27,838 - TopNet - INFO - 03207941	19	0.011 	46.871 	6.229 	0.000 	dishwasher	
2025-10-28 19:37:27,838 - TopNet - INFO - 04074963	14	0.042 	28.874 	2.231 	0.000 	remote	
2025-10-28 19:37:27,838 - TopNet - INFO - 03085013	13	0.099 	24.268 	2.076 	0.000 	keyboard	
2025-10-28 19:37:27,838 - TopNet - INFO - Overall		0.047 	40.637 	5.720 	0.000 	
2025-10-28 19:37:27,935 - TopNet - INFO - Save checkpoint at ./experiments/TopNet/ShapeNet55_models/TopNet_fog/ckpt-best.pth
2025-10-28 19:37:28,024 - TopNet - INFO - Save checkpoint at ./experiments/TopNet/ShapeNet55_models/TopNet_fog/ckpt-last.pth
2025-10-28 19:37:28,397 - TopNet - INFO - [Epoch 16/150][Batch 1/2622] BatchTime = 0.372 (s) DataTime = 0.074 (s) Losses = ['5.9842', '5.9842'] lr = 0.0010000
2025-10-28 19:37:56,587 - TopNet - INFO - [Epoch 16/150][Batch 101/2622] BatchTime = 0.225 (s) DataTime = 0.001 (s) Losses = ['5.2160', '5.2160'] lr = 0.0010000
2025-10-28 19:38:21,963 - TopNet - INFO - [Epoch 16/150][Batch 201/2622] BatchTime = 0.200 (s) DataTime = 0.001 (s) Losses = ['4.0548', '4.0548'] lr = 0.0010000
2025-10-28 19:38:49,129 - TopNet - INFO - [Epoch 16/150][Batch 301/2622] BatchTime = 0.422 (s) DataTime = 0.001 (s) Losses = ['7.2024', '7.2024'] lr = 0.0010000
2025-10-28 19:39:17,380 - TopNet - INFO - [Epoch 16/150][Batch 401/2622] BatchTime = 0.501 (s) DataTime = 0.001 (s) Losses = ['3.4420', '3.4420'] lr = 0.0010000
2025-10-28 19:39:43,560 - TopNet - INFO - [Epoch 16/150][Batch 501/2622] BatchTime = 0.160 (s) DataTime = 0.001 (s) Losses = ['5.0339', '5.0339'] lr = 0.0010000
2025-10-28 19:40:11,522 - TopNet - INFO - [Epoch 16/150][Batch 601/2622] BatchTime = 0.287 (s) DataTime = 0.001 (s) Losses = ['3.6104', '3.6104'] lr = 0.0010000
2025-10-28 19:40:38,209 - TopNet - INFO - [Epoch 16/150][Batch 701/2622] BatchTime = 0.293 (s) DataTime = 0.001 (s) Losses = ['4.5914', '4.5914'] lr = 0.0010000
2025-10-28 19:41:04,134 - TopNet - INFO - [Epoch 16/150][Batch 801/2622] BatchTime = 0.389 (s) DataTime = 0.001 (s) Losses = ['6.9483', '6.9483'] lr = 0.0010000
2025-10-28 19:41:30,780 - TopNet - INFO - [Epoch 16/150][Batch 901/2622] BatchTime = 0.249 (s) DataTime = 0.001 (s) Losses = ['3.3929', '3.3929'] lr = 0.0010000
2025-10-28 19:41:57,144 - TopNet - INFO - [Epoch 16/150][Batch 1001/2622] BatchTime = 0.112 (s) DataTime = 0.001 (s) Losses = ['4.1339', '4.1339'] lr = 0.0010000
2025-10-28 19:42:25,132 - TopNet - INFO - [Epoch 16/150][Batch 1101/2622] BatchTime = 0.348 (s) DataTime = 0.001 (s) Losses = ['8.8378', '8.8378'] lr = 0.0010000
2025-10-28 19:42:52,003 - TopNet - INFO - [Epoch 16/150][Batch 1201/2622] BatchTime = 0.237 (s) DataTime = 0.001 (s) Losses = ['4.2874', '4.2874'] lr = 0.0010000
2025-10-28 19:43:17,279 - TopNet - INFO - [Epoch 16/150][Batch 1301/2622] BatchTime = 0.226 (s) DataTime = 0.001 (s) Losses = ['5.0076', '5.0076'] lr = 0.0010000
2025-10-28 19:43:46,454 - TopNet - INFO - [Epoch 16/150][Batch 1401/2622] BatchTime = 0.235 (s) DataTime = 0.001 (s) Losses = ['5.2810', '5.2810'] lr = 0.0010000
2025-10-28 19:44:14,067 - TopNet - INFO - [Epoch 16/150][Batch 1501/2622] BatchTime = 0.134 (s) DataTime = 0.001 (s) Losses = ['7.3108', '7.3108'] lr = 0.0010000
2025-10-28 19:44:41,809 - TopNet - INFO - [Epoch 16/150][Batch 1601/2622] BatchTime = 0.217 (s) DataTime = 0.001 (s) Losses = ['4.3630', '4.3630'] lr = 0.0010000
2025-10-28 19:45:07,343 - TopNet - INFO - [Epoch 16/150][Batch 1701/2622] BatchTime = 0.430 (s) DataTime = 0.001 (s) Losses = ['4.7728', '4.7728'] lr = 0.0010000
2025-10-28 19:45:35,961 - TopNet - INFO - [Epoch 16/150][Batch 1801/2622] BatchTime = 0.146 (s) DataTime = 0.001 (s) Losses = ['4.2508', '4.2508'] lr = 0.0010000
2025-10-28 19:46:03,731 - TopNet - INFO - [Epoch 16/150][Batch 1901/2622] BatchTime = 0.194 (s) DataTime = 0.001 (s) Losses = ['3.7237', '3.7237'] lr = 0.0010000
2025-10-28 19:46:32,101 - TopNet - INFO - [Epoch 16/150][Batch 2001/2622] BatchTime = 0.209 (s) DataTime = 0.001 (s) Losses = ['3.7749', '3.7749'] lr = 0.0010000
2025-10-28 19:46:58,746 - TopNet - INFO - [Epoch 16/150][Batch 2101/2622] BatchTime = 0.206 (s) DataTime = 0.001 (s) Losses = ['4.0783', '4.0783'] lr = 0.0010000
2025-10-28 19:47:28,113 - TopNet - INFO - [Epoch 16/150][Batch 2201/2622] BatchTime = 0.230 (s) DataTime = 0.001 (s) Losses = ['4.6636', '4.6636'] lr = 0.0010000
2025-10-28 19:47:55,564 - TopNet - INFO - [Epoch 16/150][Batch 2301/2622] BatchTime = 0.135 (s) DataTime = 0.001 (s) Losses = ['7.4298', '7.4298'] lr = 0.0010000
2025-10-28 19:48:21,906 - TopNet - INFO - [Epoch 16/150][Batch 2401/2622] BatchTime = 0.155 (s) DataTime = 0.001 (s) Losses = ['6.6243', '6.6243'] lr = 0.0010000
2025-10-28 19:48:50,354 - TopNet - INFO - [Epoch 16/150][Batch 2501/2622] BatchTime = 0.375 (s) DataTime = 0.001 (s) Losses = ['13.2264', '13.2264'] lr = 0.0010000
2025-10-28 19:49:17,730 - TopNet - INFO - [Epoch 16/150][Batch 2601/2622] BatchTime = 0.226 (s) DataTime = 0.001 (s) Losses = ['4.7843', '4.7843'] lr = 0.0010000
2025-10-28 19:49:23,241 - TopNet - INFO - [Training] EPOCH: 16 EpochTime = 715.216 (s) Losses = ['5.0121', '5.0121']
2025-10-28 19:49:23,327 - TopNet - INFO - Save checkpoint at ./experiments/TopNet/ShapeNet55_models/TopNet_fog/ckpt-last.pth
2025-10-28 19:49:23,524 - TopNet - INFO - [Epoch 17/150][Batch 1/2622] BatchTime = 0.197 (s) DataTime = 0.072 (s) Losses = ['6.0262', '6.0262'] lr = 0.0010000
2025-10-28 19:49:49,636 - TopNet - INFO - [Epoch 17/150][Batch 101/2622] BatchTime = 0.205 (s) DataTime = 0.001 (s) Losses = ['5.6930', '5.6930'] lr = 0.0010000
2025-10-28 19:50:16,951 - TopNet - INFO - [Epoch 17/150][Batch 201/2622] BatchTime = 0.433 (s) DataTime = 0.001 (s) Losses = ['4.0386', '4.0386'] lr = 0.0010000
2025-10-28 19:50:43,450 - TopNet - INFO - [Epoch 17/150][Batch 301/2622] BatchTime = 0.286 (s) DataTime = 0.001 (s) Losses = ['5.4565', '5.4565'] lr = 0.0010000
2025-10-28 19:51:11,260 - TopNet - INFO - [Epoch 17/150][Batch 401/2622] BatchTime = 0.200 (s) DataTime = 0.001 (s) Losses = ['3.2740', '3.2740'] lr = 0.0010000
2025-10-28 19:51:38,236 - TopNet - INFO - [Epoch 17/150][Batch 501/2622] BatchTime = 0.122 (s) DataTime = 0.001 (s) Losses = ['4.5181', '4.5181'] lr = 0.0010000
2025-10-28 19:52:04,731 - TopNet - INFO - [Epoch 17/150][Batch 601/2622] BatchTime = 0.104 (s) DataTime = 0.001 (s) Losses = ['3.2951', '3.2951'] lr = 0.0010000
2025-10-28 19:52:35,230 - TopNet - INFO - [Epoch 17/150][Batch 701/2622] BatchTime = 0.414 (s) DataTime = 0.001 (s) Losses = ['5.0573', '5.0573'] lr = 0.0010000
2025-10-28 19:53:00,500 - TopNet - INFO - [Epoch 17/150][Batch 801/2622] BatchTime = 0.370 (s) DataTime = 0.001 (s) Losses = ['5.7595', '5.7595'] lr = 0.0010000
2025-10-28 19:53:25,973 - TopNet - INFO - [Epoch 17/150][Batch 901/2622] BatchTime = 0.318 (s) DataTime = 0.001 (s) Losses = ['5.2263', '5.2263'] lr = 0.0010000
2025-10-28 19:53:53,005 - TopNet - INFO - [Epoch 17/150][Batch 1001/2622] BatchTime = 0.110 (s) DataTime = 0.001 (s) Losses = ['5.2973', '5.2973'] lr = 0.0010000
2025-10-28 19:54:19,848 - TopNet - INFO - [Epoch 17/150][Batch 1101/2622] BatchTime = 0.525 (s) DataTime = 0.001 (s) Losses = ['5.5734', '5.5734'] lr = 0.0010000
2025-10-28 19:54:46,464 - TopNet - INFO - [Epoch 17/150][Batch 1201/2622] BatchTime = 0.346 (s) DataTime = 0.001 (s) Losses = ['5.0121', '5.0121'] lr = 0.0010000
2025-10-28 19:55:14,172 - TopNet - INFO - [Epoch 17/150][Batch 1301/2622] BatchTime = 0.315 (s) DataTime = 0.001 (s) Losses = ['3.6474', '3.6474'] lr = 0.0010000
2025-10-28 19:55:41,276 - TopNet - INFO - [Epoch 17/150][Batch 1401/2622] BatchTime = 0.217 (s) DataTime = 0.001 (s) Losses = ['3.7036', '3.7036'] lr = 0.0010000
2025-10-28 19:56:10,237 - TopNet - INFO - [Epoch 17/150][Batch 1501/2622] BatchTime = 0.319 (s) DataTime = 0.001 (s) Losses = ['3.9245', '3.9245'] lr = 0.0010000
2025-10-28 19:56:38,940 - TopNet - INFO - [Epoch 17/150][Batch 1601/2622] BatchTime = 0.287 (s) DataTime = 0.001 (s) Losses = ['6.2279', '6.2279'] lr = 0.0010000
2025-10-28 19:57:04,809 - TopNet - INFO - [Epoch 17/150][Batch 1701/2622] BatchTime = 0.194 (s) DataTime = 0.001 (s) Losses = ['4.2082', '4.2082'] lr = 0.0010000
2025-10-28 19:57:32,456 - TopNet - INFO - [Epoch 17/150][Batch 1801/2622] BatchTime = 0.127 (s) DataTime = 0.001 (s) Losses = ['6.2358', '6.2358'] lr = 0.0010000
2025-10-28 19:58:00,625 - TopNet - INFO - [Epoch 17/150][Batch 1901/2622] BatchTime = 0.286 (s) DataTime = 0.001 (s) Losses = ['4.1640', '4.1640'] lr = 0.0010000
2025-10-28 19:58:27,180 - TopNet - INFO - [Epoch 17/150][Batch 2001/2622] BatchTime = 0.227 (s) DataTime = 0.001 (s) Losses = ['4.3741', '4.3741'] lr = 0.0010000
2025-10-28 19:58:56,022 - TopNet - INFO - [Epoch 17/150][Batch 2101/2622] BatchTime = 0.117 (s) DataTime = 0.001 (s) Losses = ['5.2200', '5.2200'] lr = 0.0010000
2025-10-28 19:59:24,310 - TopNet - INFO - [Epoch 17/150][Batch 2201/2622] BatchTime = 0.247 (s) DataTime = 0.001 (s) Losses = ['5.0987', '5.0987'] lr = 0.0010000
2025-10-28 19:59:51,599 - TopNet - INFO - [Epoch 17/150][Batch 2301/2622] BatchTime = 0.443 (s) DataTime = 0.001 (s) Losses = ['5.6123', '5.6123'] lr = 0.0010000
2025-10-28 20:00:19,491 - TopNet - INFO - [Epoch 17/150][Batch 2401/2622] BatchTime = 0.390 (s) DataTime = 0.001 (s) Losses = ['4.7955', '4.7955'] lr = 0.0010000
2025-10-28 20:00:44,536 - TopNet - INFO - [Epoch 17/150][Batch 2501/2622] BatchTime = 0.464 (s) DataTime = 0.001 (s) Losses = ['3.4424', '3.4424'] lr = 0.0010000
2025-10-28 20:01:11,656 - TopNet - INFO - [Epoch 17/150][Batch 2601/2622] BatchTime = 0.204 (s) DataTime = 0.001 (s) Losses = ['3.0581', '3.0581'] lr = 0.0010000
2025-10-28 20:01:17,683 - TopNet - INFO - [Training] EPOCH: 17 EpochTime = 714.355 (s) Losses = ['4.8892', '4.8892']
2025-10-28 20:01:17,773 - TopNet - INFO - Save checkpoint at ./experiments/TopNet/ShapeNet55_models/TopNet_fog/ckpt-last.pth
2025-10-28 20:01:18,142 - TopNet - INFO - [Epoch 18/150][Batch 1/2622] BatchTime = 0.369 (s) DataTime = 0.072 (s) Losses = ['4.1855', '4.1855'] lr = 0.0010000
2025-10-28 20:01:46,653 - TopNet - INFO - [Epoch 18/150][Batch 101/2622] BatchTime = 0.197 (s) DataTime = 0.001 (s) Losses = ['6.0556', '6.0556'] lr = 0.0010000
2025-10-28 20:02:15,159 - TopNet - INFO - [Epoch 18/150][Batch 201/2622] BatchTime = 0.118 (s) DataTime = 0.001 (s) Losses = ['5.7106', '5.7106'] lr = 0.0010000
2025-10-28 20:02:43,663 - TopNet - INFO - [Epoch 18/150][Batch 301/2622] BatchTime = 0.112 (s) DataTime = 0.001 (s) Losses = ['3.7722', '3.7722'] lr = 0.0010000
2025-10-28 20:03:11,823 - TopNet - INFO - [Epoch 18/150][Batch 401/2622] BatchTime = 0.209 (s) DataTime = 0.001 (s) Losses = ['5.8428', '5.8428'] lr = 0.0010000
2025-10-28 20:03:39,123 - TopNet - INFO - [Epoch 18/150][Batch 501/2622] BatchTime = 0.413 (s) DataTime = 0.001 (s) Losses = ['3.7828', '3.7828'] lr = 0.0010000
2025-10-28 20:04:05,894 - TopNet - INFO - [Epoch 18/150][Batch 601/2622] BatchTime = 0.283 (s) DataTime = 0.001 (s) Losses = ['4.9742', '4.9742'] lr = 0.0010000
2025-10-28 20:04:34,231 - TopNet - INFO - [Epoch 18/150][Batch 701/2622] BatchTime = 0.352 (s) DataTime = 0.001 (s) Losses = ['4.4222', '4.4222'] lr = 0.0010000
2025-10-28 20:05:02,040 - TopNet - INFO - [Epoch 18/150][Batch 801/2622] BatchTime = 0.199 (s) DataTime = 0.001 (s) Losses = ['3.0407', '3.0407'] lr = 0.0010000
2025-10-28 20:05:29,548 - TopNet - INFO - [Epoch 18/150][Batch 901/2622] BatchTime = 0.209 (s) DataTime = 0.001 (s) Losses = ['4.4567', '4.4567'] lr = 0.0010000
2025-10-28 20:05:57,439 - TopNet - INFO - [Epoch 18/150][Batch 1001/2622] BatchTime = 0.417 (s) DataTime = 0.001 (s) Losses = ['6.2351', '6.2351'] lr = 0.0010000
2025-10-28 20:06:23,600 - TopNet - INFO - [Epoch 18/150][Batch 1101/2622] BatchTime = 0.217 (s) DataTime = 0.001 (s) Losses = ['4.9707', '4.9707'] lr = 0.0010000
2025-10-28 20:06:52,919 - TopNet - INFO - [Epoch 18/150][Batch 1201/2622] BatchTime = 0.147 (s) DataTime = 0.001 (s) Losses = ['7.0848', '7.0848'] lr = 0.0010000
2025-10-28 20:07:22,891 - TopNet - INFO - [Epoch 18/150][Batch 1301/2622] BatchTime = 0.309 (s) DataTime = 0.001 (s) Losses = ['5.9429', '5.9429'] lr = 0.0010000
2025-10-28 20:07:50,226 - TopNet - INFO - [Epoch 18/150][Batch 1401/2622] BatchTime = 0.257 (s) DataTime = 0.001 (s) Losses = ['5.9509', '5.9509'] lr = 0.0010000
2025-10-28 20:08:17,689 - TopNet - INFO - [Epoch 18/150][Batch 1501/2622] BatchTime = 0.231 (s) DataTime = 0.001 (s) Losses = ['5.9532', '5.9532'] lr = 0.0010000
2025-10-28 20:08:45,138 - TopNet - INFO - [Epoch 18/150][Batch 1601/2622] BatchTime = 0.211 (s) DataTime = 0.001 (s) Losses = ['5.4874', '5.4874'] lr = 0.0010000
2025-10-28 20:09:12,191 - TopNet - INFO - [Epoch 18/150][Batch 1701/2622] BatchTime = 0.239 (s) DataTime = 0.001 (s) Losses = ['6.5240', '6.5240'] lr = 0.0010000
2025-10-28 20:09:39,112 - TopNet - INFO - [Epoch 18/150][Batch 1801/2622] BatchTime = 0.408 (s) DataTime = 0.001 (s) Losses = ['6.2935', '6.2935'] lr = 0.0010000
2025-10-28 20:10:07,722 - TopNet - INFO - [Epoch 18/150][Batch 1901/2622] BatchTime = 0.330 (s) DataTime = 0.001 (s) Losses = ['5.0524', '5.0524'] lr = 0.0010000
2025-10-28 20:10:35,231 - TopNet - INFO - [Epoch 18/150][Batch 2001/2622] BatchTime = 0.317 (s) DataTime = 0.001 (s) Losses = ['6.3299', '6.3299'] lr = 0.0010000
2025-10-28 20:11:01,648 - TopNet - INFO - [Epoch 18/150][Batch 2101/2622] BatchTime = 0.372 (s) DataTime = 0.001 (s) Losses = ['3.4688', '3.4688'] lr = 0.0010000
2025-10-28 20:11:30,362 - TopNet - INFO - [Epoch 18/150][Batch 2201/2622] BatchTime = 0.504 (s) DataTime = 0.001 (s) Losses = ['6.2571', '6.2571'] lr = 0.0010000
2025-10-28 20:11:57,527 - TopNet - INFO - [Epoch 18/150][Batch 2301/2622] BatchTime = 0.308 (s) DataTime = 0.001 (s) Losses = ['4.2092', '4.2092'] lr = 0.0010000
2025-10-28 20:12:23,730 - TopNet - INFO - [Epoch 18/150][Batch 2401/2622] BatchTime = 0.114 (s) DataTime = 0.001 (s) Losses = ['4.0291', '4.0291'] lr = 0.0010000
2025-10-28 20:12:50,286 - TopNet - INFO - [Epoch 18/150][Batch 2501/2622] BatchTime = 0.270 (s) DataTime = 0.001 (s) Losses = ['4.6147', '4.6147'] lr = 0.0010000
2025-10-28 20:13:17,461 - TopNet - INFO - [Epoch 18/150][Batch 2601/2622] BatchTime = 0.310 (s) DataTime = 0.001 (s) Losses = ['3.7854', '3.7854'] lr = 0.0010000
2025-10-28 20:13:23,455 - TopNet - INFO - [Training] EPOCH: 18 EpochTime = 725.681 (s) Losses = ['4.8207', '4.8207']
2025-10-28 20:13:23,548 - TopNet - INFO - Save checkpoint at ./experiments/TopNet/ShapeNet55_models/TopNet_fog/ckpt-last.pth
2025-10-28 20:13:23,993 - TopNet - INFO - [Epoch 19/150][Batch 1/2622] BatchTime = 0.444 (s) DataTime = 0.071 (s) Losses = ['4.2360', '4.2360'] lr = 0.0010000
2025-10-28 20:13:50,499 - TopNet - INFO - [Epoch 19/150][Batch 101/2622] BatchTime = 0.192 (s) DataTime = 0.001 (s) Losses = ['5.0309', '5.0309'] lr = 0.0010000
2025-10-28 20:14:19,844 - TopNet - INFO - [Epoch 19/150][Batch 201/2622] BatchTime = 0.256 (s) DataTime = 0.001 (s) Losses = ['4.2555', '4.2555'] lr = 0.0010000
2025-10-28 20:14:47,287 - TopNet - INFO - [Epoch 19/150][Batch 301/2622] BatchTime = 0.191 (s) DataTime = 0.001 (s) Losses = ['5.9216', '5.9216'] lr = 0.0010000
2025-10-28 20:15:18,311 - TopNet - INFO - [Epoch 19/150][Batch 401/2622] BatchTime = 0.255 (s) DataTime = 0.001 (s) Losses = ['8.1759', '8.1759'] lr = 0.0010000
2025-10-28 20:15:46,844 - TopNet - INFO - [Epoch 19/150][Batch 501/2622] BatchTime = 0.280 (s) DataTime = 0.001 (s) Losses = ['2.9325', '2.9325'] lr = 0.0010000
2025-10-28 20:16:14,100 - TopNet - INFO - [Epoch 19/150][Batch 601/2622] BatchTime = 0.117 (s) DataTime = 0.001 (s) Losses = ['4.8298', '4.8298'] lr = 0.0010000
2025-10-28 20:16:43,010 - TopNet - INFO - [Epoch 19/150][Batch 701/2622] BatchTime = 0.210 (s) DataTime = 0.001 (s) Losses = ['4.0630', '4.0630'] lr = 0.0010000
2025-10-28 20:17:10,343 - TopNet - INFO - [Epoch 19/150][Batch 801/2622] BatchTime = 0.405 (s) DataTime = 0.001 (s) Losses = ['4.2610', '4.2610'] lr = 0.0010000
2025-10-28 20:17:37,698 - TopNet - INFO - [Epoch 19/150][Batch 901/2622] BatchTime = 0.230 (s) DataTime = 0.001 (s) Losses = ['3.5820', '3.5820'] lr = 0.0010000
2025-10-28 20:18:04,247 - TopNet - INFO - [Epoch 19/150][Batch 1001/2622] BatchTime = 0.300 (s) DataTime = 0.001 (s) Losses = ['6.0944', '6.0944'] lr = 0.0010000
2025-10-28 20:18:31,161 - TopNet - INFO - [Epoch 19/150][Batch 1101/2622] BatchTime = 0.319 (s) DataTime = 0.001 (s) Losses = ['3.9735', '3.9735'] lr = 0.0010000
2025-10-28 20:18:58,429 - TopNet - INFO - [Epoch 19/150][Batch 1201/2622] BatchTime = 0.116 (s) DataTime = 0.001 (s) Losses = ['5.7019', '5.7019'] lr = 0.0010000
2025-10-28 20:19:27,626 - TopNet - INFO - [Epoch 19/150][Batch 1301/2622] BatchTime = 0.341 (s) DataTime = 0.001 (s) Losses = ['4.2567', '4.2567'] lr = 0.0010000
2025-10-28 20:19:56,261 - TopNet - INFO - [Epoch 19/150][Batch 1401/2622] BatchTime = 0.221 (s) DataTime = 0.001 (s) Losses = ['4.1012', '4.1012'] lr = 0.0010000
2025-10-28 20:20:22,774 - TopNet - INFO - [Epoch 19/150][Batch 1501/2622] BatchTime = 0.206 (s) DataTime = 0.001 (s) Losses = ['5.1647', '5.1647'] lr = 0.0010000
2025-10-28 20:20:51,397 - TopNet - INFO - [Epoch 19/150][Batch 1601/2622] BatchTime = 0.352 (s) DataTime = 0.001 (s) Losses = ['3.6322', '3.6322'] lr = 0.0010000
2025-10-28 20:21:18,405 - TopNet - INFO - [Epoch 19/150][Batch 1701/2622] BatchTime = 0.317 (s) DataTime = 0.001 (s) Losses = ['6.8405', '6.8405'] lr = 0.0010000
2025-10-28 20:21:46,746 - TopNet - INFO - [Epoch 19/150][Batch 1801/2622] BatchTime = 0.122 (s) DataTime = 0.001 (s) Losses = ['3.9824', '3.9824'] lr = 0.0010000
2025-10-28 20:22:17,053 - TopNet - INFO - [Epoch 19/150][Batch 1901/2622] BatchTime = 0.209 (s) DataTime = 0.001 (s) Losses = ['5.2436', '5.2436'] lr = 0.0010000
2025-10-28 20:22:45,078 - TopNet - INFO - [Epoch 19/150][Batch 2001/2622] BatchTime = 0.401 (s) DataTime = 0.001 (s) Losses = ['5.5536', '5.5536'] lr = 0.0010000
2025-10-28 20:23:13,766 - TopNet - INFO - [Epoch 19/150][Batch 2101/2622] BatchTime = 0.443 (s) DataTime = 0.001 (s) Losses = ['3.9875', '3.9875'] lr = 0.0010000
2025-10-28 20:23:42,519 - TopNet - INFO - [Epoch 19/150][Batch 2201/2622] BatchTime = 0.140 (s) DataTime = 0.001 (s) Losses = ['5.2001', '5.2001'] lr = 0.0010000
2025-10-28 20:24:11,901 - TopNet - INFO - [Epoch 19/150][Batch 2301/2622] BatchTime = 0.297 (s) DataTime = 0.001 (s) Losses = ['4.6645', '4.6645'] lr = 0.0010000
2025-10-28 20:24:38,611 - TopNet - INFO - [Epoch 19/150][Batch 2401/2622] BatchTime = 0.291 (s) DataTime = 0.001 (s) Losses = ['5.6043', '5.6043'] lr = 0.0010000
2025-10-28 20:25:05,676 - TopNet - INFO - [Epoch 19/150][Batch 2501/2622] BatchTime = 0.413 (s) DataTime = 0.001 (s) Losses = ['5.6485', '5.6485'] lr = 0.0010000
2025-10-28 20:25:33,683 - TopNet - INFO - [Epoch 19/150][Batch 2601/2622] BatchTime = 0.217 (s) DataTime = 0.001 (s) Losses = ['4.2461', '4.2461'] lr = 0.0010000
2025-10-28 20:25:38,876 - TopNet - INFO - [Training] EPOCH: 19 EpochTime = 735.328 (s) Losses = ['4.7395', '4.7395']
2025-10-28 20:25:39,527 - TopNet - INFO - Save checkpoint at ./experiments/TopNet/ShapeNet55_models/TopNet_fog/ckpt-last.pth
2025-10-28 20:25:39,748 - TopNet - INFO - [Epoch 20/150][Batch 1/2622] BatchTime = 0.220 (s) DataTime = 0.071 (s) Losses = ['6.8652', '6.8652'] lr = 0.0010000
2025-10-28 20:26:05,814 - TopNet - INFO - [Epoch 20/150][Batch 101/2622] BatchTime = 0.117 (s) DataTime = 0.001 (s) Losses = ['8.1719', '8.1719'] lr = 0.0010000
2025-10-28 20:26:33,010 - TopNet - INFO - [Epoch 20/150][Batch 201/2622] BatchTime = 0.189 (s) DataTime = 0.001 (s) Losses = ['3.5095', '3.5095'] lr = 0.0010000
2025-10-28 20:26:59,368 - TopNet - INFO - [Epoch 20/150][Batch 301/2622] BatchTime = 0.114 (s) DataTime = 0.001 (s) Losses = ['5.2748', '5.2748'] lr = 0.0010000
2025-10-28 20:27:26,894 - TopNet - INFO - [Epoch 20/150][Batch 401/2622] BatchTime = 0.583 (s) DataTime = 0.001 (s) Losses = ['6.1547', '6.1547'] lr = 0.0010000
2025-10-28 20:27:52,192 - TopNet - INFO - [Epoch 20/150][Batch 501/2622] BatchTime = 0.339 (s) DataTime = 0.001 (s) Losses = ['4.6198', '4.6198'] lr = 0.0010000
2025-10-28 20:28:18,906 - TopNet - INFO - [Epoch 20/150][Batch 601/2622] BatchTime = 0.125 (s) DataTime = 0.001 (s) Losses = ['5.2537', '5.2537'] lr = 0.0010000
2025-10-28 20:28:46,169 - TopNet - INFO - [Epoch 20/150][Batch 701/2622] BatchTime = 0.227 (s) DataTime = 0.001 (s) Losses = ['3.8657', '3.8657'] lr = 0.0010000
2025-10-28 20:29:11,781 - TopNet - INFO - [Epoch 20/150][Batch 801/2622] BatchTime = 0.252 (s) DataTime = 0.001 (s) Losses = ['4.0231', '4.0231'] lr = 0.0010000
2025-10-28 20:29:39,527 - TopNet - INFO - [Epoch 20/150][Batch 901/2622] BatchTime = 0.133 (s) DataTime = 0.001 (s) Losses = ['4.9384', '4.9384'] lr = 0.0010000
2025-10-28 20:30:07,954 - TopNet - INFO - [Epoch 20/150][Batch 1001/2622] BatchTime = 0.548 (s) DataTime = 0.001 (s) Losses = ['3.2657', '3.2657'] lr = 0.0010000
2025-10-28 20:30:34,186 - TopNet - INFO - [Epoch 20/150][Batch 1101/2622] BatchTime = 0.303 (s) DataTime = 0.001 (s) Losses = ['4.1241', '4.1241'] lr = 0.0010000
2025-10-28 20:30:58,953 - TopNet - INFO - [Epoch 20/150][Batch 1201/2622] BatchTime = 0.319 (s) DataTime = 0.001 (s) Losses = ['3.4772', '3.4772'] lr = 0.0010000
2025-10-28 20:31:26,440 - TopNet - INFO - [Epoch 20/150][Batch 1301/2622] BatchTime = 0.417 (s) DataTime = 0.001 (s) Losses = ['3.9740', '3.9740'] lr = 0.0010000
2025-10-28 20:31:55,105 - TopNet - INFO - [Epoch 20/150][Batch 1401/2622] BatchTime = 0.309 (s) DataTime = 0.001 (s) Losses = ['3.9530', '3.9530'] lr = 0.0010000
2025-10-28 20:32:24,232 - TopNet - INFO - [Epoch 20/150][Batch 1501/2622] BatchTime = 0.410 (s) DataTime = 0.001 (s) Losses = ['3.9385', '3.9385'] lr = 0.0010000
2025-10-28 20:32:52,538 - TopNet - INFO - [Epoch 20/150][Batch 1601/2622] BatchTime = 0.228 (s) DataTime = 0.001 (s) Losses = ['4.8643', '4.8643'] lr = 0.0010000
2025-10-28 20:33:22,477 - TopNet - INFO - [Epoch 20/150][Batch 1701/2622] BatchTime = 0.310 (s) DataTime = 0.001 (s) Losses = ['4.2865', '4.2865'] lr = 0.0010000
2025-10-28 20:33:48,668 - TopNet - INFO - [Epoch 20/150][Batch 1801/2622] BatchTime = 0.240 (s) DataTime = 0.001 (s) Losses = ['3.7568', '3.7568'] lr = 0.0010000
2025-10-28 20:34:15,934 - TopNet - INFO - [Epoch 20/150][Batch 1901/2622] BatchTime = 0.111 (s) DataTime = 0.001 (s) Losses = ['5.8127', '5.8127'] lr = 0.0010000
2025-10-28 20:34:46,633 - TopNet - INFO - [Epoch 20/150][Batch 2001/2622] BatchTime = 0.147 (s) DataTime = 0.001 (s) Losses = ['7.2597', '7.2597'] lr = 0.0010000
2025-10-28 20:35:14,922 - TopNet - INFO - [Epoch 20/150][Batch 2101/2622] BatchTime = 0.288 (s) DataTime = 0.001 (s) Losses = ['4.4490', '4.4490'] lr = 0.0010000
2025-10-28 20:35:43,094 - TopNet - INFO - [Epoch 20/150][Batch 2201/2622] BatchTime = 0.110 (s) DataTime = 0.001 (s) Losses = ['4.8420', '4.8420'] lr = 0.0010000
2025-10-28 20:36:11,414 - TopNet - INFO - [Epoch 20/150][Batch 2301/2622] BatchTime = 0.333 (s) DataTime = 0.001 (s) Losses = ['6.5853', '6.5853'] lr = 0.0010000
2025-10-28 20:36:37,840 - TopNet - INFO - [Epoch 20/150][Batch 2401/2622] BatchTime = 0.204 (s) DataTime = 0.001 (s) Losses = ['5.3844', '5.3844'] lr = 0.0010000
2025-10-28 20:37:04,848 - TopNet - INFO - [Epoch 20/150][Batch 2501/2622] BatchTime = 0.287 (s) DataTime = 0.001 (s) Losses = ['4.7067', '4.7067'] lr = 0.0010000
2025-10-28 20:37:33,405 - TopNet - INFO - [Epoch 20/150][Batch 2601/2622] BatchTime = 0.231 (s) DataTime = 0.001 (s) Losses = ['5.3207', '5.3207'] lr = 0.0010000
2025-10-28 20:37:39,729 - TopNet - INFO - [Training] EPOCH: 20 EpochTime = 720.201 (s) Losses = ['4.6914', '4.6914']
2025-10-28 20:37:39,729 - TopNet - INFO - [VALIDATION] Start validating epoch 20
2025-10-28 20:38:20,079 - TopNet - INFO - Test[1051/10518] Taxonomy = 02691156 Sample = c7749c0a8b61f43bc9b9e28055202e3d Losses = ['21.3775', '1.7877', '21.3775', '1.7877'] Metrics = ['0.1661', '21.3775', '1.7877', '0.0000']
2025-10-28 20:38:58,164 - TopNet - INFO - Test[2102/10518] Taxonomy = 03211117 Sample = ab2f9418c111cc6ddb965514105122a4 Losses = ['32.9179', '2.9208', '32.9179', '2.9208'] Metrics = ['0.0575', '32.9179', '2.9208', '0.0000']
2025-10-28 20:39:37,309 - TopNet - INFO - Test[3153/10518] Taxonomy = 02876657 Sample = c5032e4be091aabb36fe7a88df793982 Losses = ['62.1372', '10.0373', '62.1372', '10.0373'] Metrics = ['0.0142', '62.1372', '10.0373', '0.0000']
2025-10-28 20:40:15,713 - TopNet - INFO - Test[4204/10518] Taxonomy = 03211117 Sample = 722df1da5778d45b1e43523279c7f09f Losses = ['32.0559', '3.1307', '32.0559', '3.1307'] Metrics = ['0.0319', '32.0559', '3.1307', '0.0000']
2025-10-28 20:40:54,528 - TopNet - INFO - Test[5255/10518] Taxonomy = 02828884 Sample = 14b63361a48a9fffe4a048c146e8bd43 Losses = ['36.1731', '3.5318', '36.1731', '3.5318'] Metrics = ['0.0500', '36.1731', '3.5318', '0.0000']
2025-10-28 20:41:34,923 - TopNet - INFO - Test[6306/10518] Taxonomy = 03211117 Sample = d330d50a0255529d19ed6e1a590c9122 Losses = ['35.4194', '3.5268', '35.4194', '3.5268'] Metrics = ['0.0390', '35.4194', '3.5268', '0.0000']
2025-10-28 20:42:12,231 - TopNet - INFO - Test[7357/10518] Taxonomy = 04379243 Sample = b1ca280d9567270ade98d10ab5975b59 Losses = ['35.5425', '4.3819', '35.5425', '4.3819'] Metrics = ['0.0509', '35.5425', '4.3819', '0.0000']
2025-10-28 20:42:51,656 - TopNet - INFO - Test[8408/10518] Taxonomy = 03001627 Sample = 89208a619341d9fdb8c516ed5c4ce32 Losses = ['38.2282', '3.9208', '38.2282', '3.9208'] Metrics = ['0.0190', '38.2281', '3.9208', '0.0000']
2025-10-28 20:43:29,543 - TopNet - INFO - Test[9459/10518] Taxonomy = 03001627 Sample = d0255120e3351121c3bd24f986301745 Losses = ['36.3821', '4.2798', '36.3821', '4.2798'] Metrics = ['0.0285', '36.3821', '4.2798', '0.0000']
2025-10-28 20:44:06,168 - TopNet - INFO - Test[10510/10518] Taxonomy = 03636649 Sample = ea9ec4d9db2e06202471e6dd5ac3ef92 Losses = ['31.0548', '2.6064', '31.0548', '2.6064'] Metrics = ['0.0460', '31.0548', '2.6064', '0.0000']
2025-10-28 20:44:06,490 - TopNet - INFO - [Validation] EPOCH: 20  Metrics = ['0.0512', '39.0611', '5.2232', '0.0000']
2025-10-28 20:44:06,490 - TopNet - INFO - ============================ TEST RESULTS ============================
2025-10-28 20:44:06,490 - TopNet - INFO - Taxonomy	#Sample	F-Score	CDL1	CDL2	EMDistance	#ModelName	
2025-10-28 20:44:06,490 - TopNet - INFO - 03759954	14	0.052 	50.863 	10.118 	0.000 	microphone	
2025-10-28 20:44:06,490 - TopNet - INFO - 04330267	44	0.021 	42.324 	5.263 	0.000 	stove	
2025-10-28 20:44:06,490 - TopNet - INFO - 03261776	15	0.042 	46.889 	11.530 	0.000 	earphone	
2025-10-28 20:44:06,490 - TopNet - INFO - 03513137	33	0.011 	57.278 	10.280 	0.000 	helmet	
2025-10-28 20:44:06,491 - TopNet - INFO - 04460130	27	0.065 	34.270 	3.901 	0.000 	tower	
2025-10-28 20:44:06,491 - TopNet - INFO - 04468005	78	0.069 	28.858 	2.511 	0.000 	train	
2025-10-28 20:44:06,491 - TopNet - INFO - 03761084	31	0.012 	46.745 	6.266 	0.000 	microwaves	
2025-10-28 20:44:06,491 - TopNet - INFO - 04004475	34	0.021 	47.872 	7.236 	0.000 	printer	
2025-10-28 20:44:06,491 - TopNet - INFO - 03938244	20	0.016 	50.504 	7.523 	0.000 	pillow	
2025-10-28 20:44:06,491 - TopNet - INFO - 02992529	167	0.054 	28.482 	2.240 	0.000 	cellphone	
2025-10-28 20:44:06,491 - TopNet - INFO - 02808440	172	0.025 	40.497 	5.082 	0.000 	bathtub	
2025-10-28 20:44:06,491 - TopNet - INFO - 04530566	388	0.090 	28.980 	2.706 	0.000 	watercraft	
2025-10-28 20:44:06,491 - TopNet - INFO - 02871439	91	0.029 	40.303 	4.900 	0.000 	bookshelf	
2025-10-28 20:44:06,491 - TopNet - INFO - 03593526	120	0.022 	49.602 	8.253 	0.000 	jar	
2025-10-28 20:44:06,491 - TopNet - INFO - 04554684	34	0.013 	45.287 	5.777 	0.000 	washer	
2025-10-28 20:44:06,491 - TopNet - INFO - 03467517	160	0.219 	18.748 	1.222 	0.000 	guitar	
2025-10-28 20:44:06,491 - TopNet - INFO - 04401088	218	0.056 	28.026 	2.178 	0.000 	telephone	
2025-10-28 20:44:06,491 - TopNet - INFO - 02954340	12	0.010 	72.144 	16.656 	0.000 	cap	
2025-10-28 20:44:06,491 - TopNet - INFO - 02933112	315	0.025 	36.772 	3.857 	0.000 	cabinet	
2025-10-28 20:44:06,491 - TopNet - INFO - 03642806	92	0.052 	30.767 	2.751 	0.000 	laptop	
2025-10-28 20:44:06,491 - TopNet - INFO - 02924116	188	0.044 	33.269 	3.185 	0.000 	bus	
2025-10-28 20:44:06,491 - TopNet - INFO - 02946921	22	0.015 	46.981 	6.562 	0.000 	can	
2025-10-28 20:44:06,491 - TopNet - INFO - 02818832	47	0.023 	47.104 	7.888 	0.000 	bed	
2025-10-28 20:44:06,491 - TopNet - INFO - 04256520	635	0.028 	37.364 	3.936 	0.000 	sofa	
2025-10-28 20:44:06,491 - TopNet - INFO - 04379243	1687	0.058 	33.919 	4.118 	0.000 	table	
2025-10-28 20:44:06,491 - TopNet - INFO - 02747177	69	0.016 	41.246 	5.025 	0.000 	trash bin	
2025-10-28 20:44:06,491 - TopNet - INFO - 03046257	131	0.031 	40.111 	4.974 	0.000 	clock	
2025-10-28 20:44:06,491 - TopNet - INFO - 04225987	31	0.069 	30.259 	2.921 	0.000 	skateboard	
2025-10-28 20:44:06,491 - TopNet - INFO - 03797390	43	0.014 	42.043 	5.446 	0.000 	mug	
2025-10-28 20:44:06,491 - TopNet - INFO - 03001627	1356	0.037 	37.006 	4.354 	0.000 	chair	
2025-10-28 20:44:06,491 - TopNet - INFO - 03691459	320	0.020 	44.679 	6.096 	0.000 	loudspeaker	
2025-10-28 20:44:06,491 - TopNet - INFO - 02942699	23	0.015 	54.300 	8.698 	0.000 	camera	
2025-10-28 20:44:06,491 - TopNet - INFO - 03636649	464	0.050 	44.900 	7.691 	0.000 	lamp	
2025-10-28 20:44:06,491 - TopNet - INFO - 02691156	809	0.129 	24.598 	2.057 	0.000 	airplane	
2025-10-28 20:44:06,491 - TopNet - INFO - 02773838	17	0.027 	43.049 	5.662 	0.000 	bag	
2025-10-28 20:44:06,491 - TopNet - INFO - 02958343	703	0.039 	31.454 	2.775 	0.000 	car	
2025-10-28 20:44:06,491 - TopNet - INFO - 02880940	38	0.019 	50.074 	8.995 	0.000 	bowl	
2025-10-28 20:44:06,491 - TopNet - INFO - 04099429	17	0.211 	22.539 	1.770 	0.000 	rocket	
2025-10-28 20:44:06,491 - TopNet - INFO - 02828884	363	0.067 	32.006 	3.460 	0.000 	bench	
2025-10-28 20:44:06,491 - TopNet - INFO - 04090263	475	0.219 	20.223 	1.483 	0.000 	rifle	
2025-10-28 20:44:06,491 - TopNet - INFO - 03211117	219	0.039 	37.364 	4.339 	0.000 	display	
2025-10-28 20:44:06,491 - TopNet - INFO - 02876657	100	0.043 	33.571 	3.511 	0.000 	bottle	
2025-10-28 20:44:06,491 - TopNet - INFO - 03710193	19	0.047 	38.212 	4.331 	0.000 	mailbox	
2025-10-28 20:44:06,491 - TopNet - INFO - 03790512	68	0.055 	33.604 	3.584 	0.000 	motorbike	
2025-10-28 20:44:06,491 - TopNet - INFO - 03325088	149	0.033 	47.125 	7.620 	0.000 	faucet	
2025-10-28 20:44:06,491 - TopNet - INFO - 02801938	23	0.014 	47.448 	6.772 	0.000 	basket	
2025-10-28 20:44:06,491 - TopNet - INFO - 03337140	60	0.024 	37.865 	4.268 	0.000 	file cabinet	
2025-10-28 20:44:06,491 - TopNet - INFO - 02843684	15	0.018 	44.910 	5.979 	0.000 	birdhouse	
2025-10-28 20:44:06,491 - TopNet - INFO - 03624134	85	0.213 	19.611 	1.424 	0.000 	knife	
2025-10-28 20:44:06,491 - TopNet - INFO - 03991062	121	0.018 	49.925 	7.883 	0.000 	flowerpot	
2025-10-28 20:44:06,491 - TopNet - INFO - 03948459	62	0.107 	26.550 	2.346 	0.000 	pistol	
2025-10-28 20:44:06,491 - TopNet - INFO - 03928116	48	0.022 	47.976 	7.176 	0.000 	piano	
2025-10-28 20:44:06,491 - TopNet - INFO - 03207941	19	0.014 	43.862 	5.553 	0.000 	dishwasher	
2025-10-28 20:44:06,491 - TopNet - INFO - 04074963	14	0.040 	33.281 	3.229 	0.000 	remote	
2025-10-28 20:44:06,491 - TopNet - INFO - 03085013	13	0.091 	24.722 	1.918 	0.000 	keyboard	
2025-10-28 20:44:06,491 - TopNet - INFO - Overall		0.051 	39.061 	5.223 	0.000 	
2025-10-28 20:44:06,586 - TopNet - INFO - Save checkpoint at ./experiments/TopNet/ShapeNet55_models/TopNet_fog/ckpt-best.pth
2025-10-28 20:44:06,674 - TopNet - INFO - Save checkpoint at ./experiments/TopNet/ShapeNet55_models/TopNet_fog/ckpt-last.pth
2025-10-28 20:44:06,906 - TopNet - INFO - [Epoch 21/150][Batch 1/2622] BatchTime = 0.231 (s) DataTime = 0.075 (s) Losses = ['4.0977', '4.0977'] lr = 0.0010000
2025-10-28 20:44:35,165 - TopNet - INFO - [Epoch 21/150][Batch 101/2622] BatchTime = 0.236 (s) DataTime = 0.001 (s) Losses = ['4.3705', '4.3705'] lr = 0.0010000
2025-10-28 20:45:02,329 - TopNet - INFO - [Epoch 21/150][Batch 201/2622] BatchTime = 0.112 (s) DataTime = 0.001 (s) Losses = ['5.7446', '5.7446'] lr = 0.0010000
2025-10-28 20:45:28,972 - TopNet - INFO - [Epoch 21/150][Batch 301/2622] BatchTime = 0.317 (s) DataTime = 0.001 (s) Losses = ['4.6291', '4.6291'] lr = 0.0010000
2025-10-28 20:45:56,183 - TopNet - INFO - [Epoch 21/150][Batch 401/2622] BatchTime = 0.114 (s) DataTime = 0.001 (s) Losses = ['5.5074', '5.5074'] lr = 0.0010000
2025-10-28 20:46:22,021 - TopNet - INFO - [Epoch 21/150][Batch 501/2622] BatchTime = 0.243 (s) DataTime = 0.001 (s) Losses = ['5.3690', '5.3690'] lr = 0.0010000
2025-10-28 20:46:50,346 - TopNet - INFO - [Epoch 21/150][Batch 601/2622] BatchTime = 0.659 (s) DataTime = 0.001 (s) Losses = ['6.2469', '6.2469'] lr = 0.0010000
2025-10-28 20:47:18,787 - TopNet - INFO - [Epoch 21/150][Batch 701/2622] BatchTime = 0.120 (s) DataTime = 0.001 (s) Losses = ['4.3180', '4.3180'] lr = 0.0010000
2025-10-28 20:47:46,039 - TopNet - INFO - [Epoch 21/150][Batch 801/2622] BatchTime = 0.328 (s) DataTime = 0.001 (s) Losses = ['4.3701', '4.3701'] lr = 0.0010000
2025-10-28 20:48:15,446 - TopNet - INFO - [Epoch 21/150][Batch 901/2622] BatchTime = 0.216 (s) DataTime = 0.001 (s) Losses = ['3.8335', '3.8335'] lr = 0.0010000
2025-10-28 20:48:42,763 - TopNet - INFO - [Epoch 21/150][Batch 1001/2622] BatchTime = 0.367 (s) DataTime = 0.001 (s) Losses = ['3.7522', '3.7522'] lr = 0.0010000
2025-10-28 20:49:09,319 - TopNet - INFO - [Epoch 21/150][Batch 1101/2622] BatchTime = 0.262 (s) DataTime = 0.001 (s) Losses = ['5.3611', '5.3611'] lr = 0.0010000
2025-10-28 20:49:37,546 - TopNet - INFO - [Epoch 21/150][Batch 1201/2622] BatchTime = 0.216 (s) DataTime = 0.001 (s) Losses = ['4.0385', '4.0385'] lr = 0.0010000
2025-10-28 20:50:06,474 - TopNet - INFO - [Epoch 21/150][Batch 1301/2622] BatchTime = 0.135 (s) DataTime = 0.001 (s) Losses = ['3.7097', '3.7097'] lr = 0.0010000
2025-10-28 20:50:33,872 - TopNet - INFO - [Epoch 21/150][Batch 1401/2622] BatchTime = 0.403 (s) DataTime = 0.001 (s) Losses = ['4.6743', '4.6743'] lr = 0.0010000
2025-10-28 20:50:58,176 - TopNet - INFO - [Epoch 21/150][Batch 1501/2622] BatchTime = 0.359 (s) DataTime = 0.001 (s) Losses = ['4.7419', '4.7419'] lr = 0.0010000
2025-10-28 20:51:26,324 - TopNet - INFO - [Epoch 21/150][Batch 1601/2622] BatchTime = 0.227 (s) DataTime = 0.001 (s) Losses = ['3.4851', '3.4851'] lr = 0.0010000
2025-10-28 20:51:53,294 - TopNet - INFO - [Epoch 21/150][Batch 1701/2622] BatchTime = 0.425 (s) DataTime = 0.001 (s) Losses = ['4.2860', '4.2860'] lr = 0.0010000
2025-10-28 20:52:18,595 - TopNet - INFO - [Epoch 21/150][Batch 1801/2622] BatchTime = 0.243 (s) DataTime = 0.001 (s) Losses = ['5.1308', '5.1308'] lr = 0.0010000
2025-10-28 20:52:46,944 - TopNet - INFO - [Epoch 21/150][Batch 1901/2622] BatchTime = 0.319 (s) DataTime = 0.001 (s) Losses = ['6.4333', '6.4333'] lr = 0.0010000
2025-10-28 20:53:13,066 - TopNet - INFO - [Epoch 21/150][Batch 2001/2622] BatchTime = 0.362 (s) DataTime = 0.001 (s) Losses = ['2.7363', '2.7363'] lr = 0.0010000
2025-10-28 20:53:40,038 - TopNet - INFO - [Epoch 21/150][Batch 2101/2622] BatchTime = 0.133 (s) DataTime = 0.001 (s) Losses = ['4.4025', '4.4025'] lr = 0.0010000
2025-10-28 20:54:09,599 - TopNet - INFO - [Epoch 21/150][Batch 2201/2622] BatchTime = 0.205 (s) DataTime = 0.001 (s) Losses = ['8.9570', '8.9570'] lr = 0.0010000
2025-10-28 20:54:35,370 - TopNet - INFO - [Epoch 21/150][Batch 2301/2622] BatchTime = 0.279 (s) DataTime = 0.001 (s) Losses = ['3.6265', '3.6265'] lr = 0.0010000
2025-10-28 20:55:03,076 - TopNet - INFO - [Epoch 21/150][Batch 2401/2622] BatchTime = 0.120 (s) DataTime = 0.001 (s) Losses = ['5.7033', '5.7033'] lr = 0.0010000
2025-10-28 20:55:30,553 - TopNet - INFO - [Epoch 21/150][Batch 2501/2622] BatchTime = 0.484 (s) DataTime = 0.001 (s) Losses = ['4.1542', '4.1542'] lr = 0.0010000
2025-10-28 20:55:56,601 - TopNet - INFO - [Epoch 21/150][Batch 2601/2622] BatchTime = 0.336 (s) DataTime = 0.001 (s) Losses = ['7.9082', '7.9082'] lr = 0.0010000
2025-10-28 20:56:02,754 - TopNet - INFO - [Training] EPOCH: 21 EpochTime = 716.080 (s) Losses = ['4.6488', '4.6488']
2025-10-28 20:56:02,852 - TopNet - INFO - Save checkpoint at ./experiments/TopNet/ShapeNet55_models/TopNet_fog/ckpt-last.pth
2025-10-28 20:56:03,079 - TopNet - INFO - [Epoch 22/150][Batch 1/2622] BatchTime = 0.226 (s) DataTime = 0.074 (s) Losses = ['4.9493', '4.9493'] lr = 0.0010000
2025-10-28 20:56:30,486 - TopNet - INFO - [Epoch 22/150][Batch 101/2622] BatchTime = 0.304 (s) DataTime = 0.001 (s) Losses = ['5.3041', '5.3041'] lr = 0.0010000
2025-10-28 20:56:57,030 - TopNet - INFO - [Epoch 22/150][Batch 201/2622] BatchTime = 0.384 (s) DataTime = 0.001 (s) Losses = ['6.2247', '6.2247'] lr = 0.0010000
2025-10-28 20:57:26,818 - TopNet - INFO - [Epoch 22/150][Batch 301/2622] BatchTime = 0.403 (s) DataTime = 0.001 (s) Losses = ['4.9900', '4.9900'] lr = 0.0010000
2025-10-28 20:57:55,830 - TopNet - INFO - [Epoch 22/150][Batch 401/2622] BatchTime = 0.314 (s) DataTime = 0.001 (s) Losses = ['5.9583', '5.9583'] lr = 0.0010000
2025-10-28 20:58:21,629 - TopNet - INFO - [Epoch 22/150][Batch 501/2622] BatchTime = 0.380 (s) DataTime = 0.001 (s) Losses = ['3.4742', '3.4742'] lr = 0.0010000
2025-10-28 20:58:48,283 - TopNet - INFO - [Epoch 22/150][Batch 601/2622] BatchTime = 0.124 (s) DataTime = 0.001 (s) Losses = ['3.8464', '3.8464'] lr = 0.0010000
2025-10-28 20:59:19,037 - TopNet - INFO - [Epoch 22/150][Batch 701/2622] BatchTime = 0.219 (s) DataTime = 0.001 (s) Losses = ['3.6325', '3.6325'] lr = 0.0010000
2025-10-28 20:59:48,724 - TopNet - INFO - [Epoch 22/150][Batch 801/2622] BatchTime = 0.111 (s) DataTime = 0.001 (s) Losses = ['4.4884', '4.4884'] lr = 0.0010000
2025-10-28 21:00:16,255 - TopNet - INFO - [Epoch 22/150][Batch 901/2622] BatchTime = 0.120 (s) DataTime = 0.001 (s) Losses = ['4.9808', '4.9808'] lr = 0.0010000
2025-10-28 21:00:44,541 - TopNet - INFO - [Epoch 22/150][Batch 1001/2622] BatchTime = 0.180 (s) DataTime = 0.001 (s) Losses = ['7.2522', '7.2522'] lr = 0.0010000
2025-10-28 21:01:10,640 - TopNet - INFO - [Epoch 22/150][Batch 1101/2622] BatchTime = 0.239 (s) DataTime = 0.001 (s) Losses = ['6.0790', '6.0790'] lr = 0.0010000
2025-10-28 21:01:37,735 - TopNet - INFO - [Epoch 22/150][Batch 1201/2622] BatchTime = 0.124 (s) DataTime = 0.001 (s) Losses = ['4.1213', '4.1213'] lr = 0.0010000
2025-10-28 21:02:04,624 - TopNet - INFO - [Epoch 22/150][Batch 1301/2622] BatchTime = 0.294 (s) DataTime = 0.001 (s) Losses = ['4.1919', '4.1919'] lr = 0.0010000
2025-10-28 21:02:36,013 - TopNet - INFO - [Epoch 22/150][Batch 1401/2622] BatchTime = 0.242 (s) DataTime = 0.001 (s) Losses = ['3.0102', '3.0102'] lr = 0.0010000
2025-10-28 21:03:03,858 - TopNet - INFO - [Epoch 22/150][Batch 1501/2622] BatchTime = 0.405 (s) DataTime = 0.001 (s) Losses = ['5.6436', '5.6436'] lr = 0.0010000
2025-10-28 21:03:31,039 - TopNet - INFO - [Epoch 22/150][Batch 1601/2622] BatchTime = 0.111 (s) DataTime = 0.001 (s) Losses = ['3.5673', '3.5673'] lr = 0.0010000
2025-10-28 21:03:58,498 - TopNet - INFO - [Epoch 22/150][Batch 1701/2622] BatchTime = 0.118 (s) DataTime = 0.001 (s) Losses = ['4.9637', '4.9637'] lr = 0.0010000
2025-10-28 21:04:25,228 - TopNet - INFO - [Epoch 22/150][Batch 1801/2622] BatchTime = 0.265 (s) DataTime = 0.001 (s) Losses = ['4.0381', '4.0381'] lr = 0.0010000
2025-10-28 21:04:52,828 - TopNet - INFO - [Epoch 22/150][Batch 1901/2622] BatchTime = 0.133 (s) DataTime = 0.001 (s) Losses = ['4.4235', '4.4235'] lr = 0.0010000
2025-10-28 21:05:21,919 - TopNet - INFO - [Epoch 22/150][Batch 2001/2622] BatchTime = 0.322 (s) DataTime = 0.001 (s) Losses = ['5.9711', '5.9711'] lr = 0.0010000
2025-10-28 21:05:50,648 - TopNet - INFO - [Epoch 22/150][Batch 2101/2622] BatchTime = 0.131 (s) DataTime = 0.001 (s) Losses = ['4.3255', '4.3255'] lr = 0.0010000
2025-10-28 21:06:16,553 - TopNet - INFO - [Epoch 22/150][Batch 2201/2622] BatchTime = 0.295 (s) DataTime = 0.001 (s) Losses = ['7.1354', '7.1354'] lr = 0.0010000
2025-10-28 21:06:42,306 - TopNet - INFO - [Epoch 22/150][Batch 2301/2622] BatchTime = 0.220 (s) DataTime = 0.001 (s) Losses = ['5.0190', '5.0190'] lr = 0.0010000
2025-10-28 21:07:09,678 - TopNet - INFO - [Epoch 22/150][Batch 2401/2622] BatchTime = 0.498 (s) DataTime = 0.001 (s) Losses = ['4.1143', '4.1143'] lr = 0.0010000
2025-10-28 21:07:38,195 - TopNet - INFO - [Epoch 22/150][Batch 2501/2622] BatchTime = 0.377 (s) DataTime = 0.001 (s) Losses = ['3.2591', '3.2591'] lr = 0.0010000
2025-10-28 21:08:05,525 - TopNet - INFO - [Epoch 22/150][Batch 2601/2622] BatchTime = 0.113 (s) DataTime = 0.001 (s) Losses = ['3.7462', '3.7462'] lr = 0.0010000
2025-10-28 21:08:10,763 - TopNet - INFO - [Training] EPOCH: 22 EpochTime = 727.910 (s) Losses = ['4.5705', '4.5705']
2025-10-28 21:08:10,854 - TopNet - INFO - Save checkpoint at ./experiments/TopNet/ShapeNet55_models/TopNet_fog/ckpt-last.pth
2025-10-28 21:08:11,043 - TopNet - INFO - [Epoch 23/150][Batch 1/2622] BatchTime = 0.189 (s) DataTime = 0.072 (s) Losses = ['4.7492', '4.7492'] lr = 0.0010000
2025-10-28 21:08:39,361 - TopNet - INFO - [Epoch 23/150][Batch 101/2622] BatchTime = 0.248 (s) DataTime = 0.001 (s) Losses = ['4.5122', '4.5122'] lr = 0.0010000
2025-10-28 21:09:07,883 - TopNet - INFO - [Epoch 23/150][Batch 201/2622] BatchTime = 0.116 (s) DataTime = 0.001 (s) Losses = ['6.1850', '6.1850'] lr = 0.0010000
2025-10-28 21:09:34,588 - TopNet - INFO - [Epoch 23/150][Batch 301/2622] BatchTime = 0.382 (s) DataTime = 0.001 (s) Losses = ['4.3738', '4.3738'] lr = 0.0010000
2025-10-28 21:10:00,699 - TopNet - INFO - [Epoch 23/150][Batch 401/2622] BatchTime = 0.358 (s) DataTime = 0.001 (s) Losses = ['3.1547', '3.1547'] lr = 0.0010000
2025-10-28 21:10:28,959 - TopNet - INFO - [Epoch 23/150][Batch 501/2622] BatchTime = 0.199 (s) DataTime = 0.001 (s) Losses = ['3.1380', '3.1380'] lr = 0.0010000
2025-10-28 21:10:57,123 - TopNet - INFO - [Epoch 23/150][Batch 601/2622] BatchTime = 0.335 (s) DataTime = 0.001 (s) Losses = ['3.1820', '3.1820'] lr = 0.0010000
2025-10-28 21:11:22,983 - TopNet - INFO - [Epoch 23/150][Batch 701/2622] BatchTime = 0.191 (s) DataTime = 0.001 (s) Losses = ['3.6680', '3.6680'] lr = 0.0010000
2025-10-28 21:11:49,854 - TopNet - INFO - [Epoch 23/150][Batch 801/2622] BatchTime = 0.223 (s) DataTime = 0.001 (s) Losses = ['6.1606', '6.1606'] lr = 0.0010000
2025-10-28 21:12:17,529 - TopNet - INFO - [Epoch 23/150][Batch 901/2622] BatchTime = 0.118 (s) DataTime = 0.001 (s) Losses = ['7.5147', '7.5147'] lr = 0.0010000
2025-10-28 21:12:44,062 - TopNet - INFO - [Epoch 23/150][Batch 1001/2622] BatchTime = 0.283 (s) DataTime = 0.001 (s) Losses = ['5.2737', '5.2737'] lr = 0.0010000
2025-10-28 21:13:09,430 - TopNet - INFO - [Epoch 23/150][Batch 1101/2622] BatchTime = 0.212 (s) DataTime = 0.001 (s) Losses = ['3.4017', '3.4017'] lr = 0.0010000
2025-10-28 21:13:36,865 - TopNet - INFO - [Epoch 23/150][Batch 1201/2622] BatchTime = 0.268 (s) DataTime = 0.001 (s) Losses = ['7.3855', '7.3855'] lr = 0.0010000
2025-10-28 21:14:06,617 - TopNet - INFO - [Epoch 23/150][Batch 1301/2622] BatchTime = 0.263 (s) DataTime = 0.001 (s) Losses = ['4.1563', '4.1563'] lr = 0.0010000
2025-10-28 21:14:32,165 - TopNet - INFO - [Epoch 23/150][Batch 1401/2622] BatchTime = 0.305 (s) DataTime = 0.001 (s) Losses = ['4.7196', '4.7196'] lr = 0.0010000
2025-10-28 21:14:56,806 - TopNet - INFO - [Epoch 23/150][Batch 1501/2622] BatchTime = 0.396 (s) DataTime = 0.001 (s) Losses = ['7.8897', '7.8897'] lr = 0.0010000
2025-10-28 21:15:24,953 - TopNet - INFO - [Epoch 23/150][Batch 1601/2622] BatchTime = 0.211 (s) DataTime = 0.001 (s) Losses = ['4.5542', '4.5542'] lr = 0.0010000
2025-10-28 21:15:52,262 - TopNet - INFO - [Epoch 23/150][Batch 1701/2622] BatchTime = 0.251 (s) DataTime = 0.001 (s) Losses = ['4.7476', '4.7476'] lr = 0.0010000
2025-10-28 21:16:19,556 - TopNet - INFO - [Epoch 23/150][Batch 1801/2622] BatchTime = 0.332 (s) DataTime = 0.001 (s) Losses = ['5.3905', '5.3905'] lr = 0.0010000
2025-10-28 21:16:46,174 - TopNet - INFO - [Epoch 23/150][Batch 1901/2622] BatchTime = 0.313 (s) DataTime = 0.001 (s) Losses = ['4.5099', '4.5099'] lr = 0.0010000
2025-10-28 21:17:12,562 - TopNet - INFO - [Epoch 23/150][Batch 2001/2622] BatchTime = 0.400 (s) DataTime = 0.001 (s) Losses = ['3.8626', '3.8626'] lr = 0.0010000
2025-10-28 21:17:40,983 - TopNet - INFO - [Epoch 23/150][Batch 2101/2622] BatchTime = 0.399 (s) DataTime = 0.001 (s) Losses = ['4.5567', '4.5567'] lr = 0.0010000
2025-10-28 21:18:06,168 - TopNet - INFO - [Epoch 23/150][Batch 2201/2622] BatchTime = 0.138 (s) DataTime = 0.001 (s) Losses = ['4.8168', '4.8168'] lr = 0.0010000
2025-10-28 21:18:33,770 - TopNet - INFO - [Epoch 23/150][Batch 2301/2622] BatchTime = 0.312 (s) DataTime = 0.001 (s) Losses = ['4.5525', '4.5525'] lr = 0.0010000
2025-10-28 21:19:00,821 - TopNet - INFO - [Epoch 23/150][Batch 2401/2622] BatchTime = 0.251 (s) DataTime = 0.001 (s) Losses = ['4.9475', '4.9475'] lr = 0.0010000
2025-10-28 21:19:28,213 - TopNet - INFO - [Epoch 23/150][Batch 2501/2622] BatchTime = 0.218 (s) DataTime = 0.001 (s) Losses = ['3.7316', '3.7316'] lr = 0.0010000
2025-10-28 21:19:55,519 - TopNet - INFO - [Epoch 23/150][Batch 2601/2622] BatchTime = 0.137 (s) DataTime = 0.001 (s) Losses = ['4.3174', '4.3174'] lr = 0.0010000
2025-10-28 21:20:02,179 - TopNet - INFO - [Training] EPOCH: 23 EpochTime = 711.325 (s) Losses = ['4.5518', '4.5518']
2025-10-28 21:20:02,276 - TopNet - INFO - Save checkpoint at ./experiments/TopNet/ShapeNet55_models/TopNet_fog/ckpt-last.pth
2025-10-28 21:20:02,671 - TopNet - INFO - [Epoch 24/150][Batch 1/2622] BatchTime = 0.395 (s) DataTime = 0.074 (s) Losses = ['3.6844', '3.6844'] lr = 0.0010000
2025-10-28 21:20:30,260 - TopNet - INFO - [Epoch 24/150][Batch 101/2622] BatchTime = 0.319 (s) DataTime = 0.001 (s) Losses = ['5.6776', '5.6776'] lr = 0.0010000
2025-10-28 21:20:56,323 - TopNet - INFO - [Epoch 24/150][Batch 201/2622] BatchTime = 0.250 (s) DataTime = 0.001 (s) Losses = ['4.4710', '4.4710'] lr = 0.0010000
2025-10-28 21:21:23,178 - TopNet - INFO - [Epoch 24/150][Batch 301/2622] BatchTime = 0.197 (s) DataTime = 0.001 (s) Losses = ['3.4743', '3.4743'] lr = 0.0010000
2025-10-28 21:21:49,642 - TopNet - INFO - [Epoch 24/150][Batch 401/2622] BatchTime = 0.288 (s) DataTime = 0.001 (s) Losses = ['4.4490', '4.4490'] lr = 0.0010000
2025-10-28 21:22:17,514 - TopNet - INFO - [Epoch 24/150][Batch 501/2622] BatchTime = 0.127 (s) DataTime = 0.001 (s) Losses = ['4.2835', '4.2835'] lr = 0.0010000
2025-10-28 21:22:45,218 - TopNet - INFO - [Epoch 24/150][Batch 601/2622] BatchTime = 0.318 (s) DataTime = 0.001 (s) Losses = ['4.3757', '4.3757'] lr = 0.0010000
2025-10-28 21:23:11,196 - TopNet - INFO - [Epoch 24/150][Batch 701/2622] BatchTime = 0.361 (s) DataTime = 0.001 (s) Losses = ['3.3727', '3.3727'] lr = 0.0010000
2025-10-28 21:23:36,958 - TopNet - INFO - [Epoch 24/150][Batch 801/2622] BatchTime = 0.193 (s) DataTime = 0.001 (s) Losses = ['3.7686', '3.7686'] lr = 0.0010000
2025-10-28 21:24:04,558 - TopNet - INFO - [Epoch 24/150][Batch 901/2622] BatchTime = 0.314 (s) DataTime = 0.001 (s) Losses = ['3.5548', '3.5548'] lr = 0.0010000
2025-10-28 21:24:31,659 - TopNet - INFO - [Epoch 24/150][Batch 1001/2622] BatchTime = 0.389 (s) DataTime = 0.001 (s) Losses = ['5.1428', '5.1428'] lr = 0.0010000
2025-10-28 21:24:58,900 - TopNet - INFO - [Epoch 24/150][Batch 1101/2622] BatchTime = 0.304 (s) DataTime = 0.001 (s) Losses = ['5.0407', '5.0407'] lr = 0.0010000
2025-10-28 21:25:23,872 - TopNet - INFO - [Epoch 24/150][Batch 1201/2622] BatchTime = 0.216 (s) DataTime = 0.001 (s) Losses = ['3.3812', '3.3812'] lr = 0.0010000
2025-10-28 21:25:51,008 - TopNet - INFO - [Epoch 24/150][Batch 1301/2622] BatchTime = 0.366 (s) DataTime = 0.001 (s) Losses = ['7.1388', '7.1388'] lr = 0.0010000
2025-10-28 21:26:18,098 - TopNet - INFO - [Epoch 24/150][Batch 1401/2622] BatchTime = 0.197 (s) DataTime = 0.001 (s) Losses = ['10.3856', '10.3856'] lr = 0.0010000
2025-10-28 21:26:46,128 - TopNet - INFO - [Epoch 24/150][Batch 1501/2622] BatchTime = 0.226 (s) DataTime = 0.001 (s) Losses = ['4.1256', '4.1256'] lr = 0.0010000
2025-10-28 21:27:13,550 - TopNet - INFO - [Epoch 24/150][Batch 1601/2622] BatchTime = 0.109 (s) DataTime = 0.001 (s) Losses = ['4.9984', '4.9984'] lr = 0.0010000
2025-10-28 21:27:40,991 - TopNet - INFO - [Epoch 24/150][Batch 1701/2622] BatchTime = 0.230 (s) DataTime = 0.001 (s) Losses = ['5.3971', '5.3971'] lr = 0.0010000
2025-10-28 21:28:07,937 - TopNet - INFO - [Epoch 24/150][Batch 1801/2622] BatchTime = 0.214 (s) DataTime = 0.001 (s) Losses = ['5.5613', '5.5613'] lr = 0.0010000
2025-10-28 21:28:34,578 - TopNet - INFO - [Epoch 24/150][Batch 1901/2622] BatchTime = 0.126 (s) DataTime = 0.001 (s) Losses = ['6.2066', '6.2066'] lr = 0.0010000
2025-10-28 21:29:02,024 - TopNet - INFO - [Epoch 24/150][Batch 2001/2622] BatchTime = 0.242 (s) DataTime = 0.001 (s) Losses = ['4.1999', '4.1999'] lr = 0.0010000
2025-10-28 21:29:29,315 - TopNet - INFO - [Epoch 24/150][Batch 2101/2622] BatchTime = 0.113 (s) DataTime = 0.001 (s) Losses = ['5.8842', '5.8842'] lr = 0.0010000
2025-10-28 21:29:57,470 - TopNet - INFO - [Epoch 24/150][Batch 2201/2622] BatchTime = 0.225 (s) DataTime = 0.001 (s) Losses = ['7.7826', '7.7826'] lr = 0.0010000
2025-10-28 21:30:26,834 - TopNet - INFO - [Epoch 24/150][Batch 2301/2622] BatchTime = 0.325 (s) DataTime = 0.001 (s) Losses = ['4.7740', '4.7740'] lr = 0.0010000
2025-10-28 21:30:55,572 - TopNet - INFO - [Epoch 24/150][Batch 2401/2622] BatchTime = 0.285 (s) DataTime = 0.001 (s) Losses = ['2.9240', '2.9240'] lr = 0.0010000
2025-10-28 21:31:22,052 - TopNet - INFO - [Epoch 24/150][Batch 2501/2622] BatchTime = 0.214 (s) DataTime = 0.001 (s) Losses = ['4.2579', '4.2579'] lr = 0.0010000
2025-10-28 21:31:48,449 - TopNet - INFO - [Epoch 24/150][Batch 2601/2622] BatchTime = 0.244 (s) DataTime = 0.001 (s) Losses = ['5.4667', '5.4667'] lr = 0.0010000
2025-10-28 21:31:55,242 - TopNet - INFO - [Training] EPOCH: 24 EpochTime = 712.966 (s) Losses = ['4.5198', '4.5198']
2025-10-28 21:31:55,338 - TopNet - INFO - Save checkpoint at ./experiments/TopNet/ShapeNet55_models/TopNet_fog/ckpt-last.pth
2025-10-28 21:31:55,628 - TopNet - INFO - [Epoch 25/150][Batch 1/2622] BatchTime = 0.290 (s) DataTime = 0.072 (s) Losses = ['3.9177', '3.9177'] lr = 0.0010000
2025-10-28 21:32:22,529 - TopNet - INFO - [Epoch 25/150][Batch 101/2622] BatchTime = 0.209 (s) DataTime = 0.001 (s) Losses = ['3.6359', '3.6359'] lr = 0.0010000
2025-10-28 21:32:49,488 - TopNet - INFO - [Epoch 25/150][Batch 201/2622] BatchTime = 0.116 (s) DataTime = 0.001 (s) Losses = ['5.0512', '5.0512'] lr = 0.0010000
2025-10-28 21:33:14,557 - TopNet - INFO - [Epoch 25/150][Batch 301/2622] BatchTime = 0.212 (s) DataTime = 0.001 (s) Losses = ['2.9842', '2.9842'] lr = 0.0010000
2025-10-28 21:33:42,237 - TopNet - INFO - [Epoch 25/150][Batch 401/2622] BatchTime = 0.524 (s) DataTime = 0.001 (s) Losses = ['2.8383', '2.8383'] lr = 0.0010000
2025-10-28 21:34:11,356 - TopNet - INFO - [Epoch 25/150][Batch 501/2622] BatchTime = 0.363 (s) DataTime = 0.001 (s) Losses = ['3.7348', '3.7348'] lr = 0.0010000
2025-10-28 21:34:39,456 - TopNet - INFO - [Epoch 25/150][Batch 601/2622] BatchTime = 0.324 (s) DataTime = 0.001 (s) Losses = ['3.4963', '3.4963'] lr = 0.0010000
2025-10-28 21:35:06,802 - TopNet - INFO - [Epoch 25/150][Batch 701/2622] BatchTime = 0.317 (s) DataTime = 0.001 (s) Losses = ['3.8977', '3.8977'] lr = 0.0010000
2025-10-28 21:35:34,208 - TopNet - INFO - [Epoch 25/150][Batch 801/2622] BatchTime = 0.254 (s) DataTime = 0.001 (s) Losses = ['4.0006', '4.0006'] lr = 0.0010000
2025-10-28 21:36:01,478 - TopNet - INFO - [Epoch 25/150][Batch 901/2622] BatchTime = 0.110 (s) DataTime = 0.001 (s) Losses = ['6.2954', '6.2954'] lr = 0.0010000
2025-10-28 21:36:27,737 - TopNet - INFO - [Epoch 25/150][Batch 1001/2622] BatchTime = 0.526 (s) DataTime = 0.001 (s) Losses = ['8.8072', '8.8072'] lr = 0.0010000
2025-10-28 21:36:55,490 - TopNet - INFO - [Epoch 25/150][Batch 1101/2622] BatchTime = 0.497 (s) DataTime = 0.001 (s) Losses = ['3.8736', '3.8736'] lr = 0.0010000
2025-10-28 21:37:23,683 - TopNet - INFO - [Epoch 25/150][Batch 1201/2622] BatchTime = 0.207 (s) DataTime = 0.001 (s) Losses = ['4.9043', '4.9043'] lr = 0.0010000
2025-10-28 21:37:51,227 - TopNet - INFO - [Epoch 25/150][Batch 1301/2622] BatchTime = 0.366 (s) DataTime = 0.001 (s) Losses = ['6.3154', '6.3154'] lr = 0.0010000
2025-10-28 21:38:19,375 - TopNet - INFO - [Epoch 25/150][Batch 1401/2622] BatchTime = 0.216 (s) DataTime = 0.001 (s) Losses = ['4.2489', '4.2489'] lr = 0.0010000
2025-10-28 21:38:47,360 - TopNet - INFO - [Epoch 25/150][Batch 1501/2622] BatchTime = 0.119 (s) DataTime = 0.001 (s) Losses = ['3.4481', '3.4481'] lr = 0.0010000
2025-10-28 21:39:13,604 - TopNet - INFO - [Epoch 25/150][Batch 1601/2622] BatchTime = 0.311 (s) DataTime = 0.001 (s) Losses = ['5.8292', '5.8292'] lr = 0.0010000
2025-10-28 21:39:40,391 - TopNet - INFO - [Epoch 25/150][Batch 1701/2622] BatchTime = 0.233 (s) DataTime = 0.001 (s) Losses = ['4.9659', '4.9659'] lr = 0.0010000
2025-10-28 21:40:06,739 - TopNet - INFO - [Epoch 25/150][Batch 1801/2622] BatchTime = 0.117 (s) DataTime = 0.001 (s) Losses = ['4.0718', '4.0718'] lr = 0.0010000
2025-10-28 21:40:35,180 - TopNet - INFO - [Epoch 25/150][Batch 1901/2622] BatchTime = 0.270 (s) DataTime = 0.001 (s) Losses = ['4.4847', '4.4847'] lr = 0.0010000
2025-10-28 21:41:01,735 - TopNet - INFO - [Epoch 25/150][Batch 2001/2622] BatchTime = 0.223 (s) DataTime = 0.001 (s) Losses = ['5.5811', '5.5811'] lr = 0.0010000
2025-10-28 21:41:29,272 - TopNet - INFO - [Epoch 25/150][Batch 2101/2622] BatchTime = 0.251 (s) DataTime = 0.001 (s) Losses = ['6.2756', '6.2756'] lr = 0.0010000
2025-10-28 21:41:55,713 - TopNet - INFO - [Epoch 25/150][Batch 2201/2622] BatchTime = 0.200 (s) DataTime = 0.001 (s) Losses = ['3.5147', '3.5147'] lr = 0.0010000
2025-10-28 21:42:24,191 - TopNet - INFO - [Epoch 25/150][Batch 2301/2622] BatchTime = 0.120 (s) DataTime = 0.001 (s) Losses = ['4.7867', '4.7867'] lr = 0.0010000
2025-10-28 21:42:51,774 - TopNet - INFO - [Epoch 25/150][Batch 2401/2622] BatchTime = 0.235 (s) DataTime = 0.001 (s) Losses = ['3.8117', '3.8117'] lr = 0.0010000
2025-10-28 21:43:19,919 - TopNet - INFO - [Epoch 25/150][Batch 2501/2622] BatchTime = 0.112 (s) DataTime = 0.001 (s) Losses = ['5.2147', '5.2147'] lr = 0.0010000
2025-10-28 21:43:47,565 - TopNet - INFO - [Epoch 25/150][Batch 2601/2622] BatchTime = 0.258 (s) DataTime = 0.001 (s) Losses = ['5.0377', '5.0377'] lr = 0.0010000
2025-10-28 21:43:52,632 - TopNet - INFO - [Training] EPOCH: 25 EpochTime = 717.294 (s) Losses = ['4.4675', '4.4675']
2025-10-28 21:43:52,633 - TopNet - INFO - [VALIDATION] Start validating epoch 25
2025-10-28 21:44:33,940 - TopNet - INFO - Test[1051/10518] Taxonomy = 02691156 Sample = c7749c0a8b61f43bc9b9e28055202e3d Losses = ['28.1709', '2.1598', '28.1709', '2.1598'] Metrics = ['0.0585', '28.1709', '2.1598', '0.0000']
2025-10-28 21:45:11,345 - TopNet - INFO - Test[2102/10518] Taxonomy = 03211117 Sample = ab2f9418c111cc6ddb965514105122a4 Losses = ['27.0769', '2.0180', '27.0769', '2.0180'] Metrics = ['0.0617', '27.0769', '2.0180', '0.0000']
2025-10-28 21:45:49,529 - TopNet - INFO - Test[3153/10518] Taxonomy = 02876657 Sample = c5032e4be091aabb36fe7a88df793982 Losses = ['42.6430', '5.4591', '42.6430', '5.4591'] Metrics = ['0.0154', '42.6430', '5.4591', '0.0000']
2025-10-28 21:46:30,063 - TopNet - INFO - Test[4204/10518] Taxonomy = 03211117 Sample = 722df1da5778d45b1e43523279c7f09f Losses = ['31.4310', '3.0065', '31.4310', '3.0065'] Metrics = ['0.0660', '31.4310', '3.0065', '0.0000']
2025-10-28 21:47:09,345 - TopNet - INFO - Test[5255/10518] Taxonomy = 02828884 Sample = 14b63361a48a9fffe4a048c146e8bd43 Losses = ['38.0719', '3.8556', '38.0719', '3.8556'] Metrics = ['0.0266', '38.0719', '3.8556', '0.0000']
2025-10-28 21:47:46,824 - TopNet - INFO - Test[6306/10518] Taxonomy = 03211117 Sample = d330d50a0255529d19ed6e1a590c9122 Losses = ['32.7247', '2.9836', '32.7247', '2.9836'] Metrics = ['0.0586', '32.7247', '2.9836', '0.0000']
2025-10-28 21:48:21,799 - TopNet - INFO - Test[7357/10518] Taxonomy = 04379243 Sample = b1ca280d9567270ade98d10ab5975b59 Losses = ['54.6539', '7.5281', '54.6539', '7.5281'] Metrics = ['0.0121', '54.6539', '7.5281', '0.0000']
2025-10-28 21:48:59,478 - TopNet - INFO - Test[8408/10518] Taxonomy = 03001627 Sample = 89208a619341d9fdb8c516ed5c4ce32 Losses = ['32.2955', '2.9145', '32.2955', '2.9145'] Metrics = ['0.0207', '32.2955', '2.9145', '0.0000']
2025-10-28 21:49:34,491 - TopNet - INFO - Test[9459/10518] Taxonomy = 03001627 Sample = d0255120e3351121c3bd24f986301745 Losses = ['37.6720', '4.3822', '37.6720', '4.3822'] Metrics = ['0.0321', '37.6720', '4.3822', '0.0000']
2025-10-28 21:50:10,421 - TopNet - INFO - Test[10510/10518] Taxonomy = 03636649 Sample = ea9ec4d9db2e06202471e6dd5ac3ef92 Losses = ['21.7165', '1.6766', '21.7165', '1.6766'] Metrics = ['0.1822', '21.7165', '1.6766', '0.0000']
2025-10-28 21:50:10,632 - TopNet - INFO - [Validation] EPOCH: 25  Metrics = ['0.0554', '37.4874', '4.8212', '0.0000']
2025-10-28 21:50:10,632 - TopNet - INFO - ============================ TEST RESULTS ============================
2025-10-28 21:50:10,632 - TopNet - INFO - Taxonomy	#Sample	F-Score	CDL1	CDL2	EMDistance	#ModelName	
2025-10-28 21:50:10,632 - TopNet - INFO - 03759954	14	0.063 	45.081 	9.259 	0.000 	microphone	
2025-10-28 21:50:10,632 - TopNet - INFO - 04330267	44	0.027 	39.960 	4.863 	0.000 	stove	
2025-10-28 21:50:10,632 - TopNet - INFO - 03261776	15	0.028 	52.249 	12.275 	0.000 	earphone	
2025-10-28 21:50:10,632 - TopNet - INFO - 03513137	33	0.011 	51.865 	9.054 	0.000 	helmet	
2025-10-28 21:50:10,632 - TopNet - INFO - 04460130	27	0.051 	35.936 	4.138 	0.000 	tower	
2025-10-28 21:50:10,632 - TopNet - INFO - 04468005	78	0.066 	29.217 	2.519 	0.000 	train	
2025-10-28 21:50:10,632 - TopNet - INFO - 03761084	31	0.017 	42.218 	5.273 	0.000 	microwaves	
2025-10-28 21:50:10,632 - TopNet - INFO - 04004475	34	0.018 	46.614 	6.967 	0.000 	printer	
2025-10-28 21:50:10,632 - TopNet - INFO - 03938244	20	0.020 	50.602 	8.136 	0.000 	pillow	
2025-10-28 21:50:10,632 - TopNet - INFO - 02992529	167	0.058 	28.256 	2.243 	0.000 	cellphone	
2025-10-28 21:50:10,632 - TopNet - INFO - 02808440	172	0.025 	39.248 	4.752 	0.000 	bathtub	
2025-10-28 21:50:10,632 - TopNet - INFO - 04530566	388	0.087 	28.337 	2.576 	0.000 	watercraft	
2025-10-28 21:50:10,632 - TopNet - INFO - 02871439	91	0.032 	37.180 	4.285 	0.000 	bookshelf	
2025-10-28 21:50:10,632 - TopNet - INFO - 03593526	120	0.022 	48.504 	7.461 	0.000 	jar	
2025-10-28 21:50:10,632 - TopNet - INFO - 04554684	34	0.015 	41.813 	4.921 	0.000 	washer	
2025-10-28 21:50:10,632 - TopNet - INFO - 03467517	160	0.244 	19.338 	1.278 	0.000 	guitar	
2025-10-28 21:50:10,632 - TopNet - INFO - 04401088	218	0.059 	27.842 	2.179 	0.000 	telephone	
2025-10-28 21:50:10,632 - TopNet - INFO - 02954340	12	0.015 	56.495 	11.033 	0.000 	cap	
2025-10-28 21:50:10,632 - TopNet - INFO - 02933112	315	0.028 	36.071 	3.785 	0.000 	cabinet	
2025-10-28 21:50:10,632 - TopNet - INFO - 03642806	92	0.054 	29.255 	2.512 	0.000 	laptop	
2025-10-28 21:50:10,632 - TopNet - INFO - 02924116	188	0.050 	30.672 	2.755 	0.000 	bus	
2025-10-28 21:50:10,632 - TopNet - INFO - 02946921	22	0.012 	45.952 	6.001 	0.000 	can	
2025-10-28 21:50:10,632 - TopNet - INFO - 02818832	47	0.024 	43.087 	6.284 	0.000 	bed	
2025-10-28 21:50:10,632 - TopNet - INFO - 04256520	635	0.030 	35.869 	3.623 	0.000 	sofa	
2025-10-28 21:50:10,633 - TopNet - INFO - 04379243	1687	0.064 	32.828 	3.856 	0.000 	table	
2025-10-28 21:50:10,633 - TopNet - INFO - 02747177	69	0.017 	40.515 	4.951 	0.000 	trash bin	
2025-10-28 21:50:10,633 - TopNet - INFO - 03046257	131	0.036 	39.823 	4.825 	0.000 	clock	
2025-10-28 21:50:10,633 - TopNet - INFO - 04225987	31	0.092 	29.034 	3.146 	0.000 	skateboard	
2025-10-28 21:50:10,633 - TopNet - INFO - 03797390	43	0.016 	41.160 	5.129 	0.000 	mug	
2025-10-28 21:50:10,633 - TopNet - INFO - 03001627	1356	0.042 	35.536 	4.104 	0.000 	chair	
2025-10-28 21:50:10,633 - TopNet - INFO - 03691459	320	0.020 	43.270 	5.724 	0.000 	loudspeaker	
2025-10-28 21:50:10,633 - TopNet - INFO - 02942699	23	0.021 	49.535 	7.859 	0.000 	camera	
2025-10-28 21:50:10,633 - TopNet - INFO - 03636649	464	0.058 	42.802 	6.731 	0.000 	lamp	
2025-10-28 21:50:10,633 - TopNet - INFO - 02691156	809	0.122 	25.419 	2.381 	0.000 	airplane	
2025-10-28 21:50:10,633 - TopNet - INFO - 02773838	17	0.030 	41.044 	5.011 	0.000 	bag	
2025-10-28 21:50:10,633 - TopNet - INFO - 02958343	703	0.040 	31.333 	2.771 	0.000 	car	
2025-10-28 21:50:10,633 - TopNet - INFO - 02880940	38	0.017 	46.128 	6.328 	0.000 	bowl	
2025-10-28 21:50:10,633 - TopNet - INFO - 04099429	17	0.191 	26.112 	2.513 	0.000 	rocket	
2025-10-28 21:50:10,633 - TopNet - INFO - 02828884	363	0.080 	30.223 	3.097 	0.000 	bench	
2025-10-28 21:50:10,633 - TopNet - INFO - 04090263	475	0.256 	19.162 	1.395 	0.000 	rifle	
2025-10-28 21:50:10,633 - TopNet - INFO - 03211117	219	0.045 	35.032 	3.789 	0.000 	display	
2025-10-28 21:50:10,633 - TopNet - INFO - 02876657	100	0.037 	34.465 	3.546 	0.000 	bottle	
2025-10-28 21:50:10,633 - TopNet - INFO - 03710193	19	0.053 	36.362 	4.045 	0.000 	mailbox	
2025-10-28 21:50:10,633 - TopNet - INFO - 03790512	68	0.050 	34.445 	3.786 	0.000 	motorbike	
2025-10-28 21:50:10,633 - TopNet - INFO - 03325088	149	0.037 	44.545 	7.101 	0.000 	faucet	
2025-10-28 21:50:10,633 - TopNet - INFO - 02801938	23	0.018 	44.440 	6.050 	0.000 	basket	
2025-10-28 21:50:10,633 - TopNet - INFO - 03337140	60	0.027 	35.597 	3.785 	0.000 	file cabinet	
2025-10-28 21:50:10,633 - TopNet - INFO - 02843684	15	0.020 	45.921 	7.474 	0.000 	birdhouse	
2025-10-28 21:50:10,633 - TopNet - INFO - 03624134	85	0.253 	18.495 	1.157 	0.000 	knife	
2025-10-28 21:50:10,633 - TopNet - INFO - 03991062	121	0.022 	47.739 	7.224 	0.000 	flowerpot	
2025-10-28 21:50:10,633 - TopNet - INFO - 03948459	62	0.106 	25.911 	2.127 	0.000 	pistol	
2025-10-28 21:50:10,633 - TopNet - INFO - 03928116	48	0.025 	47.400 	7.171 	0.000 	piano	
2025-10-28 21:50:10,633 - TopNet - INFO - 03207941	19	0.018 	42.107 	5.419 	0.000 	dishwasher	
2025-10-28 21:50:10,633 - TopNet - INFO - 04074963	14	0.040 	32.492 	2.941 	0.000 	remote	
2025-10-28 21:50:10,633 - TopNet - INFO - 03085013	13	0.136 	21.268 	1.560 	0.000 	keyboard	
2025-10-28 21:50:10,633 - TopNet - INFO - Overall		0.055 	37.487 	4.821 	0.000 	
2025-10-28 21:50:10,731 - TopNet - INFO - Save checkpoint at ./experiments/TopNet/ShapeNet55_models/TopNet_fog/ckpt-best.pth
2025-10-28 21:50:10,821 - TopNet - INFO - Save checkpoint at ./experiments/TopNet/ShapeNet55_models/TopNet_fog/ckpt-last.pth
2025-10-28 21:50:11,301 - TopNet - INFO - [Epoch 26/150][Batch 1/2622] BatchTime = 0.479 (s) DataTime = 0.073 (s) Losses = ['6.5547', '6.5547'] lr = 0.0010000
2025-10-28 21:50:38,034 - TopNet - INFO - [Epoch 26/150][Batch 101/2622] BatchTime = 0.265 (s) DataTime = 0.001 (s) Losses = ['4.4668', '4.4668'] lr = 0.0010000
2025-10-28 21:51:06,341 - TopNet - INFO - [Epoch 26/150][Batch 201/2622] BatchTime = 0.301 (s) DataTime = 0.001 (s) Losses = ['5.4640', '5.4640'] lr = 0.0010000
2025-10-28 21:51:33,592 - TopNet - INFO - [Epoch 26/150][Batch 301/2622] BatchTime = 0.256 (s) DataTime = 0.001 (s) Losses = ['3.3709', '3.3709'] lr = 0.0010000
2025-10-28 21:52:00,199 - TopNet - INFO - [Epoch 26/150][Batch 401/2622] BatchTime = 0.320 (s) DataTime = 0.001 (s) Losses = ['4.0871', '4.0871'] lr = 0.0010000
2025-10-28 21:52:27,509 - TopNet - INFO - [Epoch 26/150][Batch 501/2622] BatchTime = 0.261 (s) DataTime = 0.001 (s) Losses = ['4.0831', '4.0831'] lr = 0.0010000
2025-10-28 21:52:56,227 - TopNet - INFO - [Epoch 26/150][Batch 601/2622] BatchTime = 0.354 (s) DataTime = 0.001 (s) Losses = ['6.2178', '6.2178'] lr = 0.0010000
2025-10-28 21:53:23,638 - TopNet - INFO - [Epoch 26/150][Batch 701/2622] BatchTime = 0.329 (s) DataTime = 0.001 (s) Losses = ['4.9173', '4.9173'] lr = 0.0010000
2025-10-28 21:53:51,929 - TopNet - INFO - [Epoch 26/150][Batch 801/2622] BatchTime = 0.110 (s) DataTime = 0.001 (s) Losses = ['4.8936', '4.8936'] lr = 0.0010000
2025-10-28 21:54:18,917 - TopNet - INFO - [Epoch 26/150][Batch 901/2622] BatchTime = 0.367 (s) DataTime = 0.001 (s) Losses = ['5.5465', '5.5465'] lr = 0.0010000
2025-10-28 21:54:47,205 - TopNet - INFO - [Epoch 26/150][Batch 1001/2622] BatchTime = 0.553 (s) DataTime = 0.001 (s) Losses = ['4.2939', '4.2939'] lr = 0.0010000
2025-10-28 21:55:15,712 - TopNet - INFO - [Epoch 26/150][Batch 1101/2622] BatchTime = 0.398 (s) DataTime = 0.001 (s) Losses = ['4.0440', '4.0440'] lr = 0.0010000
2025-10-28 21:55:42,249 - TopNet - INFO - [Epoch 26/150][Batch 1201/2622] BatchTime = 0.112 (s) DataTime = 0.001 (s) Losses = ['3.8599', '3.8599'] lr = 0.0010000
2025-10-28 21:56:11,527 - TopNet - INFO - [Epoch 26/150][Batch 1301/2622] BatchTime = 0.288 (s) DataTime = 0.001 (s) Losses = ['4.4644', '4.4644'] lr = 0.0010000
2025-10-28 21:56:39,134 - TopNet - INFO - [Epoch 26/150][Batch 1401/2622] BatchTime = 0.392 (s) DataTime = 0.001 (s) Losses = ['3.9442', '3.9442'] lr = 0.0010000
2025-10-28 21:57:06,577 - TopNet - INFO - [Epoch 26/150][Batch 1501/2622] BatchTime = 0.448 (s) DataTime = 0.001 (s) Losses = ['4.0501', '4.0501'] lr = 0.0010000
2025-10-28 21:57:36,142 - TopNet - INFO - [Epoch 26/150][Batch 1601/2622] BatchTime = 0.311 (s) DataTime = 0.001 (s) Losses = ['3.6708', '3.6708'] lr = 0.0010000
2025-10-28 21:58:05,177 - TopNet - INFO - [Epoch 26/150][Batch 1701/2622] BatchTime = 0.359 (s) DataTime = 0.001 (s) Losses = ['3.7957', '3.7957'] lr = 0.0010000
2025-10-28 21:58:31,958 - TopNet - INFO - [Epoch 26/150][Batch 1801/2622] BatchTime = 0.404 (s) DataTime = 0.001 (s) Losses = ['6.2009', '6.2009'] lr = 0.0010000
2025-10-28 21:58:58,903 - TopNet - INFO - [Epoch 26/150][Batch 1901/2622] BatchTime = 0.278 (s) DataTime = 0.001 (s) Losses = ['5.2298', '5.2298'] lr = 0.0010000
2025-10-28 21:59:28,698 - TopNet - INFO - [Epoch 26/150][Batch 2001/2622] BatchTime = 0.355 (s) DataTime = 0.001 (s) Losses = ['3.9439', '3.9439'] lr = 0.0010000
2025-10-28 21:59:55,301 - TopNet - INFO - [Epoch 26/150][Batch 2101/2622] BatchTime = 0.299 (s) DataTime = 0.001 (s) Losses = ['5.0864', '5.0864'] lr = 0.0010000
2025-10-28 22:00:21,866 - TopNet - INFO - [Epoch 26/150][Batch 2201/2622] BatchTime = 0.408 (s) DataTime = 0.001 (s) Losses = ['5.7849', '5.7849'] lr = 0.0010000
2025-10-28 22:00:49,328 - TopNet - INFO - [Epoch 26/150][Batch 2301/2622] BatchTime = 0.203 (s) DataTime = 0.001 (s) Losses = ['3.9708', '3.9708'] lr = 0.0010000
2025-10-28 22:01:16,668 - TopNet - INFO - [Epoch 26/150][Batch 2401/2622] BatchTime = 0.233 (s) DataTime = 0.001 (s) Losses = ['4.8459', '4.8459'] lr = 0.0010000
2025-10-28 22:01:40,634 - TopNet - INFO - [Epoch 26/150][Batch 2501/2622] BatchTime = 0.435 (s) DataTime = 0.001 (s) Losses = ['4.4856', '4.4856'] lr = 0.0010000
2025-10-28 22:02:09,034 - TopNet - INFO - [Epoch 26/150][Batch 2601/2622] BatchTime = 0.134 (s) DataTime = 0.001 (s) Losses = ['6.3944', '6.3944'] lr = 0.0010000
2025-10-28 22:02:14,499 - TopNet - INFO - [Training] EPOCH: 26 EpochTime = 723.677 (s) Losses = ['4.4341', '4.4341']
2025-10-28 22:02:14,588 - TopNet - INFO - Save checkpoint at ./experiments/TopNet/ShapeNet55_models/TopNet_fog/ckpt-last.pth
2025-10-28 22:02:14,898 - TopNet - INFO - [Epoch 27/150][Batch 1/2622] BatchTime = 0.310 (s) DataTime = 0.073 (s) Losses = ['5.0340', '5.0340'] lr = 0.0010000
2025-10-28 22:02:41,272 - TopNet - INFO - [Epoch 27/150][Batch 101/2622] BatchTime = 0.492 (s) DataTime = 0.001 (s) Losses = ['4.5550', '4.5550'] lr = 0.0010000
2025-10-28 22:03:09,093 - TopNet - INFO - [Epoch 27/150][Batch 201/2622] BatchTime = 0.205 (s) DataTime = 0.001 (s) Losses = ['3.8207', '3.8207'] lr = 0.0010000
2025-10-28 22:03:37,393 - TopNet - INFO - [Epoch 27/150][Batch 301/2622] BatchTime = 0.201 (s) DataTime = 0.001 (s) Losses = ['4.1723', '4.1723'] lr = 0.0010000
2025-10-28 22:04:04,082 - TopNet - INFO - [Epoch 27/150][Batch 401/2622] BatchTime = 0.140 (s) DataTime = 0.001 (s) Losses = ['3.9855', '3.9855'] lr = 0.0010000
2025-10-28 22:04:32,305 - TopNet - INFO - [Epoch 27/150][Batch 501/2622] BatchTime = 0.125 (s) DataTime = 0.001 (s) Losses = ['4.3484', '4.3484'] lr = 0.0010000
2025-10-28 22:04:57,980 - TopNet - INFO - [Epoch 27/150][Batch 601/2622] BatchTime = 0.452 (s) DataTime = 0.001 (s) Losses = ['3.4843', '3.4843'] lr = 0.0010000
2025-10-28 22:05:24,887 - TopNet - INFO - [Epoch 27/150][Batch 701/2622] BatchTime = 0.149 (s) DataTime = 0.001 (s) Losses = ['9.5734', '9.5734'] lr = 0.0010000
2025-10-28 22:05:50,846 - TopNet - INFO - [Epoch 27/150][Batch 801/2622] BatchTime = 0.319 (s) DataTime = 0.001 (s) Losses = ['4.7911', '4.7911'] lr = 0.0010000
2025-10-28 22:06:17,139 - TopNet - INFO - [Epoch 27/150][Batch 901/2622] BatchTime = 0.521 (s) DataTime = 0.001 (s) Losses = ['5.3552', '5.3552'] lr = 0.0010000
2025-10-28 22:06:45,663 - TopNet - INFO - [Epoch 27/150][Batch 1001/2622] BatchTime = 0.333 (s) DataTime = 0.001 (s) Losses = ['4.4803', '4.4803'] lr = 0.0010000
2025-10-28 22:07:14,142 - TopNet - INFO - [Epoch 27/150][Batch 1101/2622] BatchTime = 0.364 (s) DataTime = 0.001 (s) Losses = ['3.9601', '3.9601'] lr = 0.0010000
2025-10-28 22:07:42,574 - TopNet - INFO - [Epoch 27/150][Batch 1201/2622] BatchTime = 0.224 (s) DataTime = 0.001 (s) Losses = ['3.6388', '3.6388'] lr = 0.0010000
2025-10-28 22:08:08,468 - TopNet - INFO - [Epoch 27/150][Batch 1301/2622] BatchTime = 0.312 (s) DataTime = 0.001 (s) Losses = ['5.0141', '5.0141'] lr = 0.0010000
2025-10-28 22:08:34,998 - TopNet - INFO - [Epoch 27/150][Batch 1401/2622] BatchTime = 0.432 (s) DataTime = 0.001 (s) Losses = ['4.0385', '4.0385'] lr = 0.0010000
2025-10-28 22:09:03,385 - TopNet - INFO - [Epoch 27/150][Batch 1501/2622] BatchTime = 0.231 (s) DataTime = 0.001 (s) Losses = ['4.0546', '4.0546'] lr = 0.0010000
2025-10-28 22:09:29,638 - TopNet - INFO - [Epoch 27/150][Batch 1601/2622] BatchTime = 0.210 (s) DataTime = 0.001 (s) Losses = ['3.3325', '3.3325'] lr = 0.0010000
2025-10-28 22:09:57,433 - TopNet - INFO - [Epoch 27/150][Batch 1701/2622] BatchTime = 0.190 (s) DataTime = 0.001 (s) Losses = ['4.8775', '4.8775'] lr = 0.0010000
2025-10-28 22:10:24,105 - TopNet - INFO - [Epoch 27/150][Batch 1801/2622] BatchTime = 0.290 (s) DataTime = 0.001 (s) Losses = ['3.5298', '3.5298'] lr = 0.0010000
2025-10-28 22:10:49,983 - TopNet - INFO - [Epoch 27/150][Batch 1901/2622] BatchTime = 0.386 (s) DataTime = 0.001 (s) Losses = ['4.3728', '4.3728'] lr = 0.0010000
2025-10-28 22:11:18,348 - TopNet - INFO - [Epoch 27/150][Batch 2001/2622] BatchTime = 0.346 (s) DataTime = 0.001 (s) Losses = ['3.0075', '3.0075'] lr = 0.0010000
2025-10-28 22:11:47,408 - TopNet - INFO - [Epoch 27/150][Batch 2101/2622] BatchTime = 0.439 (s) DataTime = 0.001 (s) Losses = ['3.0612', '3.0612'] lr = 0.0010000
2025-10-28 22:12:13,173 - TopNet - INFO - [Epoch 27/150][Batch 2201/2622] BatchTime = 0.203 (s) DataTime = 0.001 (s) Losses = ['4.4403', '4.4403'] lr = 0.0010000
2025-10-28 22:12:40,411 - TopNet - INFO - [Epoch 27/150][Batch 2301/2622] BatchTime = 0.114 (s) DataTime = 0.001 (s) Losses = ['4.2828', '4.2828'] lr = 0.0010000
2025-10-28 22:13:07,474 - TopNet - INFO - [Epoch 27/150][Batch 2401/2622] BatchTime = 0.209 (s) DataTime = 0.001 (s) Losses = ['4.2415', '4.2415'] lr = 0.0010000
2025-10-28 22:13:33,723 - TopNet - INFO - [Epoch 27/150][Batch 2501/2622] BatchTime = 0.112 (s) DataTime = 0.001 (s) Losses = ['4.2022', '4.2022'] lr = 0.0010000
2025-10-28 22:14:02,270 - TopNet - INFO - [Epoch 27/150][Batch 2601/2622] BatchTime = 0.132 (s) DataTime = 0.001 (s) Losses = ['4.2571', '4.2571'] lr = 0.0010000
2025-10-28 22:14:08,595 - TopNet - INFO - [Training] EPOCH: 27 EpochTime = 714.006 (s) Losses = ['4.4337', '4.4337']
2025-10-28 22:14:08,699 - TopNet - INFO - Save checkpoint at ./experiments/TopNet/ShapeNet55_models/TopNet_fog/ckpt-last.pth
2025-10-28 22:14:09,338 - TopNet - INFO - [Epoch 28/150][Batch 1/2622] BatchTime = 0.639 (s) DataTime = 0.072 (s) Losses = ['4.4484', '4.4484'] lr = 0.0010000
2025-10-28 22:14:37,907 - TopNet - INFO - [Epoch 28/150][Batch 101/2622] BatchTime = 0.251 (s) DataTime = 0.001 (s) Losses = ['3.7035', '3.7035'] lr = 0.0010000
2025-10-28 22:15:07,317 - TopNet - INFO - [Epoch 28/150][Batch 201/2622] BatchTime = 0.353 (s) DataTime = 0.001 (s) Losses = ['4.5881', '4.5881'] lr = 0.0010000
2025-10-28 22:15:34,642 - TopNet - INFO - [Epoch 28/150][Batch 301/2622] BatchTime = 0.133 (s) DataTime = 0.001 (s) Losses = ['5.0354', '5.0354'] lr = 0.0010000
2025-10-28 22:16:03,829 - TopNet - INFO - [Epoch 28/150][Batch 401/2622] BatchTime = 0.446 (s) DataTime = 0.001 (s) Losses = ['4.7833', '4.7833'] lr = 0.0010000
2025-10-28 22:16:31,804 - TopNet - INFO - [Epoch 28/150][Batch 501/2622] BatchTime = 0.111 (s) DataTime = 0.001 (s) Losses = ['4.6073', '4.6073'] lr = 0.0010000
2025-10-28 22:17:00,284 - TopNet - INFO - [Epoch 28/150][Batch 601/2622] BatchTime = 0.428 (s) DataTime = 0.001 (s) Losses = ['4.4098', '4.4098'] lr = 0.0010000
2025-10-28 22:17:25,777 - TopNet - INFO - [Epoch 28/150][Batch 701/2622] BatchTime = 0.215 (s) DataTime = 0.001 (s) Losses = ['4.3640', '4.3640'] lr = 0.0010000
2025-10-28 22:17:54,899 - TopNet - INFO - [Epoch 28/150][Batch 801/2622] BatchTime = 0.110 (s) DataTime = 0.001 (s) Losses = ['7.2667', '7.2667'] lr = 0.0010000
2025-10-28 22:18:20,720 - TopNet - INFO - [Epoch 28/150][Batch 901/2622] BatchTime = 0.318 (s) DataTime = 0.001 (s) Losses = ['5.7541', '5.7541'] lr = 0.0010000
2025-10-28 22:18:49,086 - TopNet - INFO - [Epoch 28/150][Batch 1001/2622] BatchTime = 0.232 (s) DataTime = 0.001 (s) Losses = ['3.7391', '3.7391'] lr = 0.0010000
2025-10-28 22:19:18,565 - TopNet - INFO - [Epoch 28/150][Batch 1101/2622] BatchTime = 0.527 (s) DataTime = 0.001 (s) Losses = ['4.3150', '4.3150'] lr = 0.0010000
2025-10-28 22:19:45,801 - TopNet - INFO - [Epoch 28/150][Batch 1201/2622] BatchTime = 0.113 (s) DataTime = 0.001 (s) Losses = ['5.0186', '5.0186'] lr = 0.0010000
2025-10-28 22:20:12,917 - TopNet - INFO - [Epoch 28/150][Batch 1301/2622] BatchTime = 0.130 (s) DataTime = 0.001 (s) Losses = ['4.0877', '4.0877'] lr = 0.0010000
2025-10-28 22:20:41,388 - TopNet - INFO - [Epoch 28/150][Batch 1401/2622] BatchTime = 0.199 (s) DataTime = 0.001 (s) Losses = ['3.7964', '3.7964'] lr = 0.0010000
2025-10-28 22:21:10,106 - TopNet - INFO - [Epoch 28/150][Batch 1501/2622] BatchTime = 0.295 (s) DataTime = 0.001 (s) Losses = ['3.9516', '3.9516'] lr = 0.0010000
2025-10-28 22:21:37,810 - TopNet - INFO - [Epoch 28/150][Batch 1601/2622] BatchTime = 0.130 (s) DataTime = 0.001 (s) Losses = ['6.1362', '6.1362'] lr = 0.0010000
2025-10-28 22:22:06,242 - TopNet - INFO - [Epoch 28/150][Batch 1701/2622] BatchTime = 0.441 (s) DataTime = 0.001 (s) Losses = ['5.1785', '5.1785'] lr = 0.0010000
2025-10-28 22:22:34,105 - TopNet - INFO - [Epoch 28/150][Batch 1801/2622] BatchTime = 0.107 (s) DataTime = 0.001 (s) Losses = ['3.6987', '3.6987'] lr = 0.0010000
2025-10-28 22:23:01,105 - TopNet - INFO - [Epoch 28/150][Batch 1901/2622] BatchTime = 0.213 (s) DataTime = 0.001 (s) Losses = ['4.1941', '4.1941'] lr = 0.0010000
2025-10-28 22:23:27,391 - TopNet - INFO - [Epoch 28/150][Batch 2001/2622] BatchTime = 0.212 (s) DataTime = 0.001 (s) Losses = ['4.3059', '4.3059'] lr = 0.0010000
2025-10-28 22:23:53,744 - TopNet - INFO - [Epoch 28/150][Batch 2101/2622] BatchTime = 0.266 (s) DataTime = 0.001 (s) Losses = ['3.4035', '3.4035'] lr = 0.0010000
2025-10-28 22:24:21,090 - TopNet - INFO - [Epoch 28/150][Batch 2201/2622] BatchTime = 0.114 (s) DataTime = 0.001 (s) Losses = ['3.1867', '3.1867'] lr = 0.0010000
2025-10-28 22:24:47,065 - TopNet - INFO - [Epoch 28/150][Batch 2301/2622] BatchTime = 0.428 (s) DataTime = 0.001 (s) Losses = ['3.7227', '3.7227'] lr = 0.0010000
2025-10-28 22:25:13,814 - TopNet - INFO - [Epoch 28/150][Batch 2401/2622] BatchTime = 0.360 (s) DataTime = 0.001 (s) Losses = ['3.3956', '3.3956'] lr = 0.0010000
2025-10-28 22:25:41,194 - TopNet - INFO - [Epoch 28/150][Batch 2501/2622] BatchTime = 0.336 (s) DataTime = 0.001 (s) Losses = ['4.2841', '4.2841'] lr = 0.0010000
2025-10-28 22:26:08,223 - TopNet - INFO - [Epoch 28/150][Batch 2601/2622] BatchTime = 0.415 (s) DataTime = 0.001 (s) Losses = ['3.9379', '3.9379'] lr = 0.0010000
2025-10-28 22:26:14,408 - TopNet - INFO - [Training] EPOCH: 28 EpochTime = 725.709 (s) Losses = ['4.5033', '4.5033']
2025-10-28 22:26:14,506 - TopNet - INFO - Save checkpoint at ./experiments/TopNet/ShapeNet55_models/TopNet_fog/ckpt-last.pth
2025-10-28 22:26:15,056 - TopNet - INFO - [Epoch 29/150][Batch 1/2622] BatchTime = 0.550 (s) DataTime = 0.071 (s) Losses = ['4.6864', '4.6864'] lr = 0.0010000
2025-10-28 22:26:40,320 - TopNet - INFO - [Epoch 29/150][Batch 101/2622] BatchTime = 0.234 (s) DataTime = 0.001 (s) Losses = ['5.4821', '5.4821'] lr = 0.0010000
2025-10-28 22:27:08,390 - TopNet - INFO - [Epoch 29/150][Batch 201/2622] BatchTime = 0.223 (s) DataTime = 0.001 (s) Losses = ['4.1703', '4.1703'] lr = 0.0010000
2025-10-28 22:27:35,084 - TopNet - INFO - [Epoch 29/150][Batch 301/2622] BatchTime = 0.234 (s) DataTime = 0.001 (s) Losses = ['3.8755', '3.8755'] lr = 0.0010000
2025-10-28 22:27:59,680 - TopNet - INFO - [Epoch 29/150][Batch 401/2622] BatchTime = 0.360 (s) DataTime = 0.001 (s) Losses = ['4.7915', '4.7915'] lr = 0.0010000
2025-10-28 22:28:28,861 - TopNet - INFO - [Epoch 29/150][Batch 501/2622] BatchTime = 0.107 (s) DataTime = 0.001 (s) Losses = ['3.8318', '3.8318'] lr = 0.0010000
2025-10-28 22:28:55,791 - TopNet - INFO - [Epoch 29/150][Batch 601/2622] BatchTime = 0.201 (s) DataTime = 0.001 (s) Losses = ['3.9725', '3.9725'] lr = 0.0010000
2025-10-28 22:29:25,095 - TopNet - INFO - [Epoch 29/150][Batch 701/2622] BatchTime = 0.217 (s) DataTime = 0.001 (s) Losses = ['4.1637', '4.1637'] lr = 0.0010000
2025-10-28 22:29:53,112 - TopNet - INFO - [Epoch 29/150][Batch 801/2622] BatchTime = 0.302 (s) DataTime = 0.001 (s) Losses = ['4.6696', '4.6696'] lr = 0.0010000
2025-10-28 22:30:21,749 - TopNet - INFO - [Epoch 29/150][Batch 901/2622] BatchTime = 0.331 (s) DataTime = 0.001 (s) Losses = ['3.3706', '3.3706'] lr = 0.0010000
2025-10-28 22:30:50,359 - TopNet - INFO - [Epoch 29/150][Batch 1001/2622] BatchTime = 0.307 (s) DataTime = 0.001 (s) Losses = ['7.2166', '7.2166'] lr = 0.0010000
2025-10-28 22:31:16,500 - TopNet - INFO - [Epoch 29/150][Batch 1101/2622] BatchTime = 0.200 (s) DataTime = 0.001 (s) Losses = ['2.8054', '2.8054'] lr = 0.0010000
2025-10-28 22:31:45,770 - TopNet - INFO - [Epoch 29/150][Batch 1201/2622] BatchTime = 0.225 (s) DataTime = 0.001 (s) Losses = ['4.9583', '4.9583'] lr = 0.0010000
2025-10-28 22:32:13,229 - TopNet - INFO - [Epoch 29/150][Batch 1301/2622] BatchTime = 0.325 (s) DataTime = 0.001 (s) Losses = ['4.9708', '4.9708'] lr = 0.0010000
2025-10-28 22:32:39,133 - TopNet - INFO - [Epoch 29/150][Batch 1401/2622] BatchTime = 0.109 (s) DataTime = 0.001 (s) Losses = ['3.1868', '3.1868'] lr = 0.0010000
2025-10-28 22:33:07,056 - TopNet - INFO - [Epoch 29/150][Batch 1501/2622] BatchTime = 0.217 (s) DataTime = 0.001 (s) Losses = ['8.6222', '8.6222'] lr = 0.0010000
2025-10-28 22:33:34,589 - TopNet - INFO - [Epoch 29/150][Batch 1601/2622] BatchTime = 0.542 (s) DataTime = 0.001 (s) Losses = ['4.2037', '4.2037'] lr = 0.0010000
2025-10-28 22:34:02,094 - TopNet - INFO - [Epoch 29/150][Batch 1701/2622] BatchTime = 0.212 (s) DataTime = 0.001 (s) Losses = ['3.7891', '3.7891'] lr = 0.0010000
2025-10-28 22:34:29,126 - TopNet - INFO - [Epoch 29/150][Batch 1801/2622] BatchTime = 0.441 (s) DataTime = 0.001 (s) Losses = ['3.5250', '3.5250'] lr = 0.0010000
2025-10-28 22:34:56,368 - TopNet - INFO - [Epoch 29/150][Batch 1901/2622] BatchTime = 0.399 (s) DataTime = 0.001 (s) Losses = ['3.9437', '3.9437'] lr = 0.0010000
2025-10-28 22:35:23,612 - TopNet - INFO - [Epoch 29/150][Batch 2001/2622] BatchTime = 0.503 (s) DataTime = 0.001 (s) Losses = ['4.7940', '4.7940'] lr = 0.0010000
2025-10-28 22:35:50,046 - TopNet - INFO - [Epoch 29/150][Batch 2101/2622] BatchTime = 0.142 (s) DataTime = 0.001 (s) Losses = ['3.4416', '3.4416'] lr = 0.0010000
2025-10-28 22:36:17,107 - TopNet - INFO - [Epoch 29/150][Batch 2201/2622] BatchTime = 0.317 (s) DataTime = 0.001 (s) Losses = ['3.1136', '3.1136'] lr = 0.0010000
2025-10-28 22:36:45,337 - TopNet - INFO - [Epoch 29/150][Batch 2301/2622] BatchTime = 0.137 (s) DataTime = 0.001 (s) Losses = ['4.1985', '4.1985'] lr = 0.0010000
2025-10-28 22:37:13,420 - TopNet - INFO - [Epoch 29/150][Batch 2401/2622] BatchTime = 0.496 (s) DataTime = 0.001 (s) Losses = ['6.6044', '6.6044'] lr = 0.0010000
2025-10-28 22:37:40,527 - TopNet - INFO - [Epoch 29/150][Batch 2501/2622] BatchTime = 0.107 (s) DataTime = 0.001 (s) Losses = ['4.1540', '4.1540'] lr = 0.0010000
2025-10-28 22:38:08,265 - TopNet - INFO - [Epoch 29/150][Batch 2601/2622] BatchTime = 0.435 (s) DataTime = 0.001 (s) Losses = ['5.0556', '5.0556'] lr = 0.0010000
2025-10-28 22:38:13,740 - TopNet - INFO - [Training] EPOCH: 29 EpochTime = 719.234 (s) Losses = ['4.3585', '4.3585']
2025-10-28 22:38:13,838 - TopNet - INFO - Save checkpoint at ./experiments/TopNet/ShapeNet55_models/TopNet_fog/ckpt-last.pth
2025-10-28 22:38:14,284 - TopNet - INFO - [Epoch 30/150][Batch 1/2622] BatchTime = 0.445 (s) DataTime = 0.070 (s) Losses = ['3.9875', '3.9875'] lr = 0.0010000
2025-10-28 22:38:42,657 - TopNet - INFO - [Epoch 30/150][Batch 101/2622] BatchTime = 0.353 (s) DataTime = 0.001 (s) Losses = ['4.7788', '4.7788'] lr = 0.0010000
2025-10-28 22:39:10,035 - TopNet - INFO - [Epoch 30/150][Batch 201/2622] BatchTime = 0.116 (s) DataTime = 0.001 (s) Losses = ['5.1929', '5.1929'] lr = 0.0010000
2025-10-28 22:39:37,973 - TopNet - INFO - [Epoch 30/150][Batch 301/2622] BatchTime = 0.219 (s) DataTime = 0.001 (s) Losses = ['3.2435', '3.2435'] lr = 0.0010000
2025-10-28 22:40:04,610 - TopNet - INFO - [Epoch 30/150][Batch 401/2622] BatchTime = 0.420 (s) DataTime = 0.001 (s) Losses = ['5.5602', '5.5602'] lr = 0.0010000
2025-10-28 22:40:31,525 - TopNet - INFO - [Epoch 30/150][Batch 501/2622] BatchTime = 0.303 (s) DataTime = 0.001 (s) Losses = ['4.1623', '4.1623'] lr = 0.0010000
2025-10-28 22:40:59,822 - TopNet - INFO - [Epoch 30/150][Batch 601/2622] BatchTime = 0.308 (s) DataTime = 0.001 (s) Losses = ['4.3650', '4.3650'] lr = 0.0010000
2025-10-28 22:41:26,796 - TopNet - INFO - [Epoch 30/150][Batch 701/2622] BatchTime = 0.277 (s) DataTime = 0.001 (s) Losses = ['4.6720', '4.6720'] lr = 0.0010000
2025-10-28 22:41:53,710 - TopNet - INFO - [Epoch 30/150][Batch 801/2622] BatchTime = 0.219 (s) DataTime = 0.001 (s) Losses = ['5.0990', '5.0990'] lr = 0.0010000
2025-10-28 22:42:24,376 - TopNet - INFO - [Epoch 30/150][Batch 901/2622] BatchTime = 0.314 (s) DataTime = 0.001 (s) Losses = ['4.1841', '4.1841'] lr = 0.0010000
2025-10-28 22:42:52,366 - TopNet - INFO - [Epoch 30/150][Batch 1001/2622] BatchTime = 0.294 (s) DataTime = 0.001 (s) Losses = ['3.6190', '3.6190'] lr = 0.0010000
2025-10-28 22:43:20,023 - TopNet - INFO - [Epoch 30/150][Batch 1101/2622] BatchTime = 0.318 (s) DataTime = 0.001 (s) Losses = ['6.7419', '6.7419'] lr = 0.0010000
2025-10-28 22:43:45,624 - TopNet - INFO - [Epoch 30/150][Batch 1201/2622] BatchTime = 0.113 (s) DataTime = 0.001 (s) Losses = ['3.7876', '3.7876'] lr = 0.0010000
2025-10-28 22:44:11,151 - TopNet - INFO - [Epoch 30/150][Batch 1301/2622] BatchTime = 0.347 (s) DataTime = 0.001 (s) Losses = ['5.2354', '5.2354'] lr = 0.0010000
2025-10-28 22:44:37,724 - TopNet - INFO - [Epoch 30/150][Batch 1401/2622] BatchTime = 0.299 (s) DataTime = 0.001 (s) Losses = ['4.3129', '4.3129'] lr = 0.0010000
2025-10-28 22:45:05,078 - TopNet - INFO - [Epoch 30/150][Batch 1501/2622] BatchTime = 0.301 (s) DataTime = 0.001 (s) Losses = ['8.2423', '8.2423'] lr = 0.0010000
2025-10-28 22:45:32,291 - TopNet - INFO - [Epoch 30/150][Batch 1601/2622] BatchTime = 0.127 (s) DataTime = 0.001 (s) Losses = ['3.3208', '3.3208'] lr = 0.0010000
2025-10-28 22:45:58,124 - TopNet - INFO - [Epoch 30/150][Batch 1701/2622] BatchTime = 0.465 (s) DataTime = 0.001 (s) Losses = ['3.4857', '3.4857'] lr = 0.0010000
2025-10-28 22:46:26,731 - TopNet - INFO - [Epoch 30/150][Batch 1801/2622] BatchTime = 0.245 (s) DataTime = 0.001 (s) Losses = ['3.9965', '3.9965'] lr = 0.0010000
2025-10-28 22:46:54,783 - TopNet - INFO - [Epoch 30/150][Batch 1901/2622] BatchTime = 0.229 (s) DataTime = 0.001 (s) Losses = ['4.2208', '4.2208'] lr = 0.0010000
2025-10-28 22:47:21,288 - TopNet - INFO - [Epoch 30/150][Batch 2001/2622] BatchTime = 0.105 (s) DataTime = 0.001 (s) Losses = ['5.2764', '5.2764'] lr = 0.0010000
2025-10-28 22:47:49,299 - TopNet - INFO - [Epoch 30/150][Batch 2101/2622] BatchTime = 0.128 (s) DataTime = 0.001 (s) Losses = ['4.4718', '4.4718'] lr = 0.0010000
2025-10-28 22:48:19,196 - TopNet - INFO - [Epoch 30/150][Batch 2201/2622] BatchTime = 0.309 (s) DataTime = 0.001 (s) Losses = ['3.3990', '3.3990'] lr = 0.0010000
2025-10-28 22:48:45,945 - TopNet - INFO - [Epoch 30/150][Batch 2301/2622] BatchTime = 0.379 (s) DataTime = 0.001 (s) Losses = ['3.4572', '3.4572'] lr = 0.0010000
2025-10-28 22:49:13,627 - TopNet - INFO - [Epoch 30/150][Batch 2401/2622] BatchTime = 0.309 (s) DataTime = 0.001 (s) Losses = ['3.2059', '3.2059'] lr = 0.0010000
2025-10-28 22:49:41,888 - TopNet - INFO - [Epoch 30/150][Batch 2501/2622] BatchTime = 0.238 (s) DataTime = 0.001 (s) Losses = ['5.2015', '5.2015'] lr = 0.0010000
2025-10-28 22:50:08,915 - TopNet - INFO - [Epoch 30/150][Batch 2601/2622] BatchTime = 0.214 (s) DataTime = 0.001 (s) Losses = ['4.4120', '4.4120'] lr = 0.0010000
2025-10-28 22:50:14,697 - TopNet - INFO - [Training] EPOCH: 30 EpochTime = 720.858 (s) Losses = ['4.3433', '4.3433']
2025-10-28 22:50:14,698 - TopNet - INFO - [VALIDATION] Start validating epoch 30
2025-10-28 22:50:54,904 - TopNet - INFO - Test[1051/10518] Taxonomy = 02691156 Sample = c7749c0a8b61f43bc9b9e28055202e3d Losses = ['28.8730', '2.9312', '28.8730', '2.9312'] Metrics = ['0.0971', '28.8730', '2.9312', '0.0000']
2025-10-28 22:51:32,524 - TopNet - INFO - Test[2102/10518] Taxonomy = 03211117 Sample = ab2f9418c111cc6ddb965514105122a4 Losses = ['43.4590', '5.6234', '43.4590', '5.6234'] Metrics = ['0.0202', '43.4590', '5.6234', '0.0000']
2025-10-28 22:52:09,717 - TopNet - INFO - Test[3153/10518] Taxonomy = 02876657 Sample = c5032e4be091aabb36fe7a88df793982 Losses = ['44.5224', '5.2428', '44.5224', '5.2428'] Metrics = ['0.0116', '44.5224', '5.2428', '0.0000']
2025-10-28 22:52:46,835 - TopNet - INFO - Test[4204/10518] Taxonomy = 03211117 Sample = 722df1da5778d45b1e43523279c7f09f Losses = ['30.1639', '3.1906', '30.1639', '3.1906'] Metrics = ['0.0685', '30.1639', '3.1906', '0.0000']
2025-10-28 22:53:26,084 - TopNet - INFO - Test[5255/10518] Taxonomy = 02828884 Sample = 14b63361a48a9fffe4a048c146e8bd43 Losses = ['35.4254', '3.4537', '35.4254', '3.4537'] Metrics = ['0.0229', '35.4254', '3.4537', '0.0000']
2025-10-28 22:54:04,568 - TopNet - INFO - Test[6306/10518] Taxonomy = 03211117 Sample = d330d50a0255529d19ed6e1a590c9122 Losses = ['34.2143', '2.9311', '34.2143', '2.9311'] Metrics = ['0.0432', '34.2143', '2.9311', '0.0000']
2025-10-28 22:54:41,670 - TopNet - INFO - Test[7357/10518] Taxonomy = 04379243 Sample = b1ca280d9567270ade98d10ab5975b59 Losses = ['30.2637', '3.3261', '30.2637', '3.3261'] Metrics = ['0.0587', '30.2637', '3.3261', '0.0000']
2025-10-28 22:55:21,159 - TopNet - INFO - Test[8408/10518] Taxonomy = 03001627 Sample = 89208a619341d9fdb8c516ed5c4ce32 Losses = ['29.2506', '2.5709', '29.2506', '2.5709'] Metrics = ['0.0418', '29.2506', '2.5709', '0.0000']
2025-10-28 22:55:58,909 - TopNet - INFO - Test[9459/10518] Taxonomy = 03001627 Sample = d0255120e3351121c3bd24f986301745 Losses = ['37.8622', '4.1481', '37.8622', '4.1481'] Metrics = ['0.0188', '37.8622', '4.1481', '0.0000']
2025-10-28 22:56:38,508 - TopNet - INFO - Test[10510/10518] Taxonomy = 03636649 Sample = ea9ec4d9db2e06202471e6dd5ac3ef92 Losses = ['19.9999', '1.4304', '19.9999', '1.4304'] Metrics = ['0.2133', '19.9999', '1.4304', '0.0000']
2025-10-28 22:56:38,887 - TopNet - INFO - [Validation] EPOCH: 30  Metrics = ['0.0578', '37.2573', '4.8373', '0.0000']
2025-10-28 22:56:38,887 - TopNet - INFO - ============================ TEST RESULTS ============================
2025-10-28 22:56:38,887 - TopNet - INFO - Taxonomy	#Sample	F-Score	CDL1	CDL2	EMDistance	#ModelName	
2025-10-28 22:56:38,887 - TopNet - INFO - 03759954	14	0.071 	42.829 	7.566 	0.000 	microphone	
2025-10-28 22:56:38,887 - TopNet - INFO - 04330267	44	0.027 	39.658 	4.820 	0.000 	stove	
2025-10-28 22:56:38,887 - TopNet - INFO - 03261776	15	0.032 	52.521 	13.734 	0.000 	earphone	
2025-10-28 22:56:38,887 - TopNet - INFO - 03513137	33	0.012 	53.273 	9.654 	0.000 	helmet	
2025-10-28 22:56:38,887 - TopNet - INFO - 04460130	27	0.060 	35.270 	4.161 	0.000 	tower	
2025-10-28 22:56:38,887 - TopNet - INFO - 04468005	78	0.074 	27.305 	2.218 	0.000 	train	
2025-10-28 22:56:38,887 - TopNet - INFO - 03761084	31	0.012 	46.921 	6.498 	0.000 	microwaves	
2025-10-28 22:56:38,887 - TopNet - INFO - 04004475	34	0.021 	45.773 	6.462 	0.000 	printer	
2025-10-28 22:56:38,888 - TopNet - INFO - 03938244	20	0.020 	48.307 	6.985 	0.000 	pillow	
2025-10-28 22:56:38,888 - TopNet - INFO - 02992529	167	0.061 	26.933 	1.997 	0.000 	cellphone	
2025-10-28 22:56:38,888 - TopNet - INFO - 02808440	172	0.026 	39.253 	4.814 	0.000 	bathtub	
2025-10-28 22:56:38,888 - TopNet - INFO - 04530566	388	0.091 	28.187 	2.573 	0.000 	watercraft	
2025-10-28 22:56:38,888 - TopNet - INFO - 02871439	91	0.036 	36.608 	4.160 	0.000 	bookshelf	
2025-10-28 22:56:38,888 - TopNet - INFO - 03593526	120	0.023 	45.682 	6.720 	0.000 	jar	
2025-10-28 22:56:38,888 - TopNet - INFO - 04554684	34	0.015 	42.769 	5.197 	0.000 	washer	
2025-10-28 22:56:38,888 - TopNet - INFO - 03467517	160	0.265 	18.361 	1.127 	0.000 	guitar	
2025-10-28 22:56:38,888 - TopNet - INFO - 04401088	218	0.063 	27.274 	2.093 	0.000 	telephone	
2025-10-28 22:56:38,888 - TopNet - INFO - 02954340	12	0.016 	54.970 	11.030 	0.000 	cap	
2025-10-28 22:56:38,888 - TopNet - INFO - 02933112	315	0.025 	37.089 	3.922 	0.000 	cabinet	
2025-10-28 22:56:38,888 - TopNet - INFO - 03642806	92	0.056 	28.377 	2.423 	0.000 	laptop	
2025-10-28 22:56:38,888 - TopNet - INFO - 02924116	188	0.057 	29.623 	2.646 	0.000 	bus	
2025-10-28 22:56:38,888 - TopNet - INFO - 02946921	22	0.014 	44.398 	5.538 	0.000 	can	
2025-10-28 22:56:38,888 - TopNet - INFO - 02818832	47	0.026 	44.259 	6.509 	0.000 	bed	
2025-10-28 22:56:38,888 - TopNet - INFO - 04256520	635	0.029 	37.094 	3.931 	0.000 	sofa	
2025-10-28 22:56:38,888 - TopNet - INFO - 04379243	1687	0.063 	33.580 	4.064 	0.000 	table	
2025-10-28 22:56:38,888 - TopNet - INFO - 02747177	69	0.017 	40.827 	5.096 	0.000 	trash bin	
2025-10-28 22:56:38,888 - TopNet - INFO - 03046257	131	0.036 	40.220 	5.031 	0.000 	clock	
2025-10-28 22:56:38,888 - TopNet - INFO - 04225987	31	0.110 	27.589 	2.801 	0.000 	skateboard	
2025-10-28 22:56:38,888 - TopNet - INFO - 03797390	43	0.016 	42.205 	5.563 	0.000 	mug	
2025-10-28 22:56:38,888 - TopNet - INFO - 03001627	1356	0.044 	35.428 	4.032 	0.000 	chair	
2025-10-28 22:56:38,888 - TopNet - INFO - 03691459	320	0.021 	43.738 	5.820 	0.000 	loudspeaker	
2025-10-28 22:56:38,888 - TopNet - INFO - 02942699	23	0.014 	53.295 	9.071 	0.000 	camera	
2025-10-28 22:56:38,888 - TopNet - INFO - 03636649	464	0.058 	42.222 	6.522 	0.000 	lamp	
2025-10-28 22:56:38,888 - TopNet - INFO - 02691156	809	0.141 	25.407 	2.516 	0.000 	airplane	
2025-10-28 22:56:38,888 - TopNet - INFO - 02773838	17	0.034 	42.695 	6.201 	0.000 	bag	
2025-10-28 22:56:38,888 - TopNet - INFO - 02958343	703	0.044 	30.737 	2.712 	0.000 	car	
2025-10-28 22:56:38,888 - TopNet - INFO - 02880940	38	0.016 	47.133 	7.049 	0.000 	bowl	
2025-10-28 22:56:38,888 - TopNet - INFO - 04099429	17	0.206 	24.971 	2.431 	0.000 	rocket	
2025-10-28 22:56:38,888 - TopNet - INFO - 02828884	363	0.077 	31.540 	3.389 	0.000 	bench	
2025-10-28 22:56:38,888 - TopNet - INFO - 04090263	475	0.247 	19.574 	1.556 	0.000 	rifle	
2025-10-28 22:56:38,888 - TopNet - INFO - 03211117	219	0.044 	34.625 	3.813 	0.000 	display	
2025-10-28 22:56:38,888 - TopNet - INFO - 02876657	100	0.046 	33.963 	3.780 	0.000 	bottle	
2025-10-28 22:56:38,888 - TopNet - INFO - 03710193	19	0.060 	34.424 	3.834 	0.000 	mailbox	
2025-10-28 22:56:38,888 - TopNet - INFO - 03790512	68	0.055 	30.859 	2.945 	0.000 	motorbike	
2025-10-28 22:56:38,888 - TopNet - INFO - 03325088	149	0.042 	45.161 	8.241 	0.000 	faucet	
2025-10-28 22:56:38,888 - TopNet - INFO - 02801938	23	0.017 	42.548 	5.710 	0.000 	basket	
2025-10-28 22:56:38,888 - TopNet - INFO - 03337140	60	0.026 	37.802 	4.261 	0.000 	file cabinet	
2025-10-28 22:56:38,888 - TopNet - INFO - 02843684	15	0.022 	42.978 	5.731 	0.000 	birdhouse	
2025-10-28 22:56:38,888 - TopNet - INFO - 03624134	85	0.247 	18.452 	1.188 	0.000 	knife	
2025-10-28 22:56:38,888 - TopNet - INFO - 03991062	121	0.018 	46.955 	6.762 	0.000 	flowerpot	
2025-10-28 22:56:38,888 - TopNet - INFO - 03948459	62	0.097 	25.922 	2.159 	0.000 	pistol	
2025-10-28 22:56:38,888 - TopNet - INFO - 03928116	48	0.025 	45.882 	6.886 	0.000 	piano	
2025-10-28 22:56:38,888 - TopNet - INFO - 03207941	19	0.018 	42.767 	5.606 	0.000 	dishwasher	
2025-10-28 22:56:38,888 - TopNet - INFO - 04074963	14	0.050 	30.909 	2.801 	0.000 	remote	
2025-10-28 22:56:38,888 - TopNet - INFO - 03085013	13	0.136 	22.011 	1.704 	0.000 	keyboard	
2025-10-28 22:56:38,888 - TopNet - INFO - Overall		0.058 	37.257 	4.837 	0.000 	
2025-10-28 22:56:39,115 - TopNet - INFO - Save checkpoint at ./experiments/TopNet/ShapeNet55_models/TopNet_fog/ckpt-best.pth
2025-10-28 22:56:39,203 - TopNet - INFO - Save checkpoint at ./experiments/TopNet/ShapeNet55_models/TopNet_fog/ckpt-last.pth
2025-10-28 22:56:39,397 - TopNet - INFO - [Epoch 31/150][Batch 1/2622] BatchTime = 0.194 (s) DataTime = 0.071 (s) Losses = ['3.5650', '3.5650'] lr = 0.0010000
2025-10-28 22:57:08,790 - TopNet - INFO - [Epoch 31/150][Batch 101/2622] BatchTime = 0.248 (s) DataTime = 0.001 (s) Losses = ['3.7929', '3.7929'] lr = 0.0010000
2025-10-28 22:57:37,571 - TopNet - INFO - [Epoch 31/150][Batch 201/2622] BatchTime = 0.403 (s) DataTime = 0.001 (s) Losses = ['4.6722', '4.6722'] lr = 0.0010000
2025-10-28 22:58:03,407 - TopNet - INFO - [Epoch 31/150][Batch 301/2622] BatchTime = 0.217 (s) DataTime = 0.001 (s) Losses = ['4.6186', '4.6186'] lr = 0.0010000
2025-10-28 22:58:30,776 - TopNet - INFO - [Epoch 31/150][Batch 401/2622] BatchTime = 0.540 (s) DataTime = 0.001 (s) Losses = ['4.9188', '4.9188'] lr = 0.0010000
2025-10-28 22:58:57,712 - TopNet - INFO - [Epoch 31/150][Batch 501/2622] BatchTime = 0.113 (s) DataTime = 0.001 (s) Losses = ['3.7045', '3.7045'] lr = 0.0010000
2025-10-28 22:59:23,201 - TopNet - INFO - [Epoch 31/150][Batch 601/2622] BatchTime = 0.410 (s) DataTime = 0.001 (s) Losses = ['3.1337', '3.1337'] lr = 0.0010000
2025-10-28 22:59:50,244 - TopNet - INFO - [Epoch 31/150][Batch 701/2622] BatchTime = 0.107 (s) DataTime = 0.001 (s) Losses = ['5.4855', '5.4855'] lr = 0.0010000
2025-10-28 23:00:17,812 - TopNet - INFO - [Epoch 31/150][Batch 801/2622] BatchTime = 0.137 (s) DataTime = 0.001 (s) Losses = ['4.3087', '4.3087'] lr = 0.0010000
2025-10-28 23:00:45,360 - TopNet - INFO - [Epoch 31/150][Batch 901/2622] BatchTime = 0.429 (s) DataTime = 0.001 (s) Losses = ['2.8760', '2.8760'] lr = 0.0010000
2025-10-28 23:01:11,360 - TopNet - INFO - [Epoch 31/150][Batch 1001/2622] BatchTime = 0.289 (s) DataTime = 0.001 (s) Losses = ['6.3262', '6.3262'] lr = 0.0010000
2025-10-28 23:01:38,959 - TopNet - INFO - [Epoch 31/150][Batch 1101/2622] BatchTime = 0.406 (s) DataTime = 0.001 (s) Losses = ['4.8261', '4.8261'] lr = 0.0010000
2025-10-28 23:02:08,696 - TopNet - INFO - [Epoch 31/150][Batch 1201/2622] BatchTime = 0.207 (s) DataTime = 0.001 (s) Losses = ['4.4497', '4.4497'] lr = 0.0010000
2025-10-28 23:02:36,713 - TopNet - INFO - [Epoch 31/150][Batch 1301/2622] BatchTime = 0.453 (s) DataTime = 0.001 (s) Losses = ['3.9906', '3.9906'] lr = 0.0010000
2025-10-28 23:03:02,245 - TopNet - INFO - [Epoch 31/150][Batch 1401/2622] BatchTime = 0.406 (s) DataTime = 0.001 (s) Losses = ['3.7963', '3.7963'] lr = 0.0010000
2025-10-28 23:03:27,423 - TopNet - INFO - [Epoch 31/150][Batch 1501/2622] BatchTime = 0.213 (s) DataTime = 0.001 (s) Losses = ['5.0484', '5.0484'] lr = 0.0010000
2025-10-28 23:03:54,155 - TopNet - INFO - [Epoch 31/150][Batch 1601/2622] BatchTime = 0.228 (s) DataTime = 0.001 (s) Losses = ['3.9818', '3.9818'] lr = 0.0010000
2025-10-28 23:04:23,435 - TopNet - INFO - [Epoch 31/150][Batch 1701/2622] BatchTime = 0.107 (s) DataTime = 0.001 (s) Losses = ['4.2935', '4.2935'] lr = 0.0010000
2025-10-28 23:04:53,098 - TopNet - INFO - [Epoch 31/150][Batch 1801/2622] BatchTime = 0.227 (s) DataTime = 0.001 (s) Losses = ['2.9573', '2.9573'] lr = 0.0010000
2025-10-28 23:05:21,025 - TopNet - INFO - [Epoch 31/150][Batch 1901/2622] BatchTime = 0.299 (s) DataTime = 0.001 (s) Losses = ['2.8016', '2.8016'] lr = 0.0010000
2025-10-28 23:05:48,614 - TopNet - INFO - [Epoch 31/150][Batch 2001/2622] BatchTime = 0.237 (s) DataTime = 0.001 (s) Losses = ['3.5757', '3.5757'] lr = 0.0010000
2025-10-28 23:06:15,577 - TopNet - INFO - [Epoch 31/150][Batch 2101/2622] BatchTime = 0.122 (s) DataTime = 0.001 (s) Losses = ['3.8486', '3.8486'] lr = 0.0010000
2025-10-28 23:06:42,721 - TopNet - INFO - [Epoch 31/150][Batch 2201/2622] BatchTime = 0.166 (s) DataTime = 0.001 (s) Losses = ['3.4777', '3.4777'] lr = 0.0010000
2025-10-28 23:07:10,793 - TopNet - INFO - [Epoch 31/150][Batch 2301/2622] BatchTime = 0.328 (s) DataTime = 0.001 (s) Losses = ['3.5856', '3.5856'] lr = 0.0010000
2025-10-28 23:07:37,782 - TopNet - INFO - [Epoch 31/150][Batch 2401/2622] BatchTime = 0.115 (s) DataTime = 0.001 (s) Losses = ['6.6995', '6.6995'] lr = 0.0010000
2025-10-28 23:08:04,289 - TopNet - INFO - [Epoch 31/150][Batch 2501/2622] BatchTime = 0.589 (s) DataTime = 0.001 (s) Losses = ['4.0183', '4.0183'] lr = 0.0010000
2025-10-28 23:08:30,739 - TopNet - INFO - [Epoch 31/150][Batch 2601/2622] BatchTime = 0.202 (s) DataTime = 0.001 (s) Losses = ['3.5268', '3.5268'] lr = 0.0010000
2025-10-28 23:08:36,399 - TopNet - INFO - [Training] EPOCH: 31 EpochTime = 717.195 (s) Losses = ['4.2826', '4.2826']
2025-10-28 23:08:36,496 - TopNet - INFO - Save checkpoint at ./experiments/TopNet/ShapeNet55_models/TopNet_fog/ckpt-last.pth
2025-10-28 23:08:36,805 - TopNet - INFO - [Epoch 32/150][Batch 1/2622] BatchTime = 0.308 (s) DataTime = 0.071 (s) Losses = ['2.9661', '2.9661'] lr = 0.0010000
2025-10-28 23:09:04,654 - TopNet - INFO - [Epoch 32/150][Batch 101/2622] BatchTime = 0.466 (s) DataTime = 0.001 (s) Losses = ['3.2591', '3.2591'] lr = 0.0010000
2025-10-28 23:09:32,494 - TopNet - INFO - [Epoch 32/150][Batch 201/2622] BatchTime = 0.193 (s) DataTime = 0.001 (s) Losses = ['4.0599', '4.0599'] lr = 0.0010000
2025-10-28 23:09:58,723 - TopNet - INFO - [Epoch 32/150][Batch 301/2622] BatchTime = 0.199 (s) DataTime = 0.001 (s) Losses = ['2.8514', '2.8514'] lr = 0.0010000
2025-10-28 23:10:24,794 - TopNet - INFO - [Epoch 32/150][Batch 401/2622] BatchTime = 0.371 (s) DataTime = 0.001 (s) Losses = ['6.5587', '6.5587'] lr = 0.0010000
2025-10-28 23:10:52,853 - TopNet - INFO - [Epoch 32/150][Batch 501/2622] BatchTime = 0.332 (s) DataTime = 0.001 (s) Losses = ['4.1337', '4.1337'] lr = 0.0010000
2025-10-28 23:11:19,836 - TopNet - INFO - [Epoch 32/150][Batch 601/2622] BatchTime = 0.345 (s) DataTime = 0.001 (s) Losses = ['4.0277', '4.0277'] lr = 0.0010000
2025-10-28 23:11:46,547 - TopNet - INFO - [Epoch 32/150][Batch 701/2622] BatchTime = 0.409 (s) DataTime = 0.001 (s) Losses = ['4.3924', '4.3924'] lr = 0.0010000
2025-10-28 23:12:12,927 - TopNet - INFO - [Epoch 32/150][Batch 801/2622] BatchTime = 0.227 (s) DataTime = 0.001 (s) Losses = ['3.5084', '3.5084'] lr = 0.0010000
2025-10-28 23:12:39,358 - TopNet - INFO - [Epoch 32/150][Batch 901/2622] BatchTime = 0.144 (s) DataTime = 0.001 (s) Losses = ['4.0055', '4.0055'] lr = 0.0010000
2025-10-28 23:13:06,385 - TopNet - INFO - [Epoch 32/150][Batch 1001/2622] BatchTime = 0.193 (s) DataTime = 0.001 (s) Losses = ['3.4840', '3.4840'] lr = 0.0010000
2025-10-28 23:13:33,494 - TopNet - INFO - [Epoch 32/150][Batch 1101/2622] BatchTime = 0.204 (s) DataTime = 0.001 (s) Losses = ['3.6662', '3.6662'] lr = 0.0010000
2025-10-28 23:14:02,625 - TopNet - INFO - [Epoch 32/150][Batch 1201/2622] BatchTime = 0.232 (s) DataTime = 0.001 (s) Losses = ['4.4534', '4.4534'] lr = 0.0010000
2025-10-28 23:14:31,015 - TopNet - INFO - [Epoch 32/150][Batch 1301/2622] BatchTime = 0.301 (s) DataTime = 0.001 (s) Losses = ['3.5742', '3.5742'] lr = 0.0010000
2025-10-28 23:15:00,208 - TopNet - INFO - [Epoch 32/150][Batch 1401/2622] BatchTime = 0.223 (s) DataTime = 0.001 (s) Losses = ['5.4969', '5.4969'] lr = 0.0010000
2025-10-28 23:15:25,456 - TopNet - INFO - [Epoch 32/150][Batch 1501/2622] BatchTime = 0.125 (s) DataTime = 0.001 (s) Losses = ['4.9816', '4.9816'] lr = 0.0010000
2025-10-28 23:15:51,281 - TopNet - INFO - [Epoch 32/150][Batch 1601/2622] BatchTime = 0.140 (s) DataTime = 0.001 (s) Losses = ['7.7262', '7.7262'] lr = 0.0010000
2025-10-28 23:16:17,484 - TopNet - INFO - [Epoch 32/150][Batch 1701/2622] BatchTime = 0.135 (s) DataTime = 0.001 (s) Losses = ['4.3692', '4.3692'] lr = 0.0010000
2025-10-28 23:16:43,519 - TopNet - INFO - [Epoch 32/150][Batch 1801/2622] BatchTime = 0.234 (s) DataTime = 0.001 (s) Losses = ['3.7043', '3.7043'] lr = 0.0010000
2025-10-28 23:17:11,350 - TopNet - INFO - [Epoch 32/150][Batch 1901/2622] BatchTime = 0.346 (s) DataTime = 0.001 (s) Losses = ['4.1781', '4.1781'] lr = 0.0010000
2025-10-28 23:17:39,972 - TopNet - INFO - [Epoch 32/150][Batch 2001/2622] BatchTime = 0.417 (s) DataTime = 0.001 (s) Losses = ['3.8749', '3.8749'] lr = 0.0010000
2025-10-28 23:18:06,472 - TopNet - INFO - [Epoch 32/150][Batch 2101/2622] BatchTime = 0.215 (s) DataTime = 0.001 (s) Losses = ['4.4899', '4.4899'] lr = 0.0010000
2025-10-28 23:18:32,393 - TopNet - INFO - [Epoch 32/150][Batch 2201/2622] BatchTime = 0.202 (s) DataTime = 0.001 (s) Losses = ['2.6878', '2.6878'] lr = 0.0010000
2025-10-28 23:19:00,271 - TopNet - INFO - [Epoch 32/150][Batch 2301/2622] BatchTime = 0.237 (s) DataTime = 0.001 (s) Losses = ['4.0880', '4.0880'] lr = 0.0010000
2025-10-28 23:19:27,823 - TopNet - INFO - [Epoch 32/150][Batch 2401/2622] BatchTime = 0.577 (s) DataTime = 0.001 (s) Losses = ['2.8027', '2.8027'] lr = 0.0010000
2025-10-28 23:19:56,800 - TopNet - INFO - [Epoch 32/150][Batch 2501/2622] BatchTime = 0.117 (s) DataTime = 0.001 (s) Losses = ['3.2563', '3.2563'] lr = 0.0010000
2025-10-28 23:20:23,911 - TopNet - INFO - [Epoch 32/150][Batch 2601/2622] BatchTime = 0.187 (s) DataTime = 0.001 (s) Losses = ['4.2813', '4.2813'] lr = 0.0010000
2025-10-28 23:20:29,990 - TopNet - INFO - [Training] EPOCH: 32 EpochTime = 713.494 (s) Losses = ['4.2601', '4.2601']
2025-10-28 23:20:30,088 - TopNet - INFO - Save checkpoint at ./experiments/TopNet/ShapeNet55_models/TopNet_fog/ckpt-last.pth
2025-10-28 23:20:30,474 - TopNet - INFO - [Epoch 33/150][Batch 1/2622] BatchTime = 0.385 (s) DataTime = 0.078 (s) Losses = ['3.9464', '3.9464'] lr = 0.0010000
2025-10-28 23:20:58,966 - TopNet - INFO - [Epoch 33/150][Batch 101/2622] BatchTime = 0.205 (s) DataTime = 0.001 (s) Losses = ['4.9315', '4.9315'] lr = 0.0010000
2025-10-28 23:21:27,036 - TopNet - INFO - [Epoch 33/150][Batch 201/2622] BatchTime = 0.228 (s) DataTime = 0.001 (s) Losses = ['3.3770', '3.3770'] lr = 0.0010000
2025-10-28 23:21:53,915 - TopNet - INFO - [Epoch 33/150][Batch 301/2622] BatchTime = 0.189 (s) DataTime = 0.001 (s) Losses = ['2.9566', '2.9566'] lr = 0.0010000
2025-10-28 23:22:20,976 - TopNet - INFO - [Epoch 33/150][Batch 401/2622] BatchTime = 0.287 (s) DataTime = 0.001 (s) Losses = ['4.2835', '4.2835'] lr = 0.0010000
2025-10-28 23:22:49,132 - TopNet - INFO - [Epoch 33/150][Batch 501/2622] BatchTime = 0.210 (s) DataTime = 0.001 (s) Losses = ['5.9459', '5.9459'] lr = 0.0010000
2025-10-28 23:23:16,386 - TopNet - INFO - [Epoch 33/150][Batch 601/2622] BatchTime = 0.402 (s) DataTime = 0.001 (s) Losses = ['4.2943', '4.2943'] lr = 0.0010000
2025-10-28 23:23:43,419 - TopNet - INFO - [Epoch 33/150][Batch 701/2622] BatchTime = 0.137 (s) DataTime = 0.001 (s) Losses = ['4.9403', '4.9403'] lr = 0.0010000
2025-10-28 23:24:11,284 - TopNet - INFO - [Epoch 33/150][Batch 801/2622] BatchTime = 0.388 (s) DataTime = 0.001 (s) Losses = ['2.9576', '2.9576'] lr = 0.0010000
2025-10-28 23:24:38,678 - TopNet - INFO - [Epoch 33/150][Batch 901/2622] BatchTime = 0.206 (s) DataTime = 0.001 (s) Losses = ['4.4740', '4.4740'] lr = 0.0010000
2025-10-28 23:25:06,582 - TopNet - INFO - [Epoch 33/150][Batch 1001/2622] BatchTime = 0.362 (s) DataTime = 0.001 (s) Losses = ['3.8014', '3.8014'] lr = 0.0010000
2025-10-28 23:25:31,828 - TopNet - INFO - [Epoch 33/150][Batch 1101/2622] BatchTime = 0.204 (s) DataTime = 0.001 (s) Losses = ['3.4811', '3.4811'] lr = 0.0010000
2025-10-28 23:25:59,768 - TopNet - INFO - [Epoch 33/150][Batch 1201/2622] BatchTime = 0.227 (s) DataTime = 0.001 (s) Losses = ['3.4822', '3.4822'] lr = 0.0010000
2025-10-28 23:26:24,754 - TopNet - INFO - [Epoch 33/150][Batch 1301/2622] BatchTime = 0.376 (s) DataTime = 0.001 (s) Losses = ['3.8400', '3.8400'] lr = 0.0010000
2025-10-28 23:26:52,714 - TopNet - INFO - [Epoch 33/150][Batch 1401/2622] BatchTime = 0.311 (s) DataTime = 0.001 (s) Losses = ['4.5008', '4.5008'] lr = 0.0010000
2025-10-28 23:27:19,674 - TopNet - INFO - [Epoch 33/150][Batch 1501/2622] BatchTime = 0.500 (s) DataTime = 0.001 (s) Losses = ['3.0829', '3.0829'] lr = 0.0010000
2025-10-28 23:27:48,082 - TopNet - INFO - [Epoch 33/150][Batch 1601/2622] BatchTime = 0.483 (s) DataTime = 0.001 (s) Losses = ['3.0517', '3.0517'] lr = 0.0010000
2025-10-28 23:28:15,250 - TopNet - INFO - [Epoch 33/150][Batch 1701/2622] BatchTime = 0.350 (s) DataTime = 0.001 (s) Losses = ['2.9960', '2.9960'] lr = 0.0010000
2025-10-28 23:28:41,632 - TopNet - INFO - [Epoch 33/150][Batch 1801/2622] BatchTime = 0.229 (s) DataTime = 0.001 (s) Losses = ['3.9229', '3.9229'] lr = 0.0010000
2025-10-28 23:29:08,153 - TopNet - INFO - [Epoch 33/150][Batch 1901/2622] BatchTime = 0.311 (s) DataTime = 0.001 (s) Losses = ['4.0567', '4.0567'] lr = 0.0010000
2025-10-28 23:29:34,728 - TopNet - INFO - [Epoch 33/150][Batch 2001/2622] BatchTime = 0.161 (s) DataTime = 0.001 (s) Losses = ['3.5678', '3.5678'] lr = 0.0010000
2025-10-28 23:30:02,335 - TopNet - INFO - [Epoch 33/150][Batch 2101/2622] BatchTime = 0.324 (s) DataTime = 0.001 (s) Losses = ['3.6383', '3.6383'] lr = 0.0010000
2025-10-28 23:30:28,367 - TopNet - INFO - [Epoch 33/150][Batch 2201/2622] BatchTime = 0.205 (s) DataTime = 0.001 (s) Losses = ['4.0944', '4.0944'] lr = 0.0010000
2025-10-28 23:30:54,936 - TopNet - INFO - [Epoch 33/150][Batch 2301/2622] BatchTime = 0.198 (s) DataTime = 0.001 (s) Losses = ['5.9680', '5.9680'] lr = 0.0010000
2025-10-28 23:31:20,849 - TopNet - INFO - [Epoch 33/150][Batch 2401/2622] BatchTime = 0.129 (s) DataTime = 0.001 (s) Losses = ['5.0385', '5.0385'] lr = 0.0010000
2025-10-28 23:31:48,687 - TopNet - INFO - [Epoch 33/150][Batch 2501/2622] BatchTime = 0.252 (s) DataTime = 0.001 (s) Losses = ['4.3545', '4.3545'] lr = 0.0010000
2025-10-28 23:32:14,942 - TopNet - INFO - [Epoch 33/150][Batch 2601/2622] BatchTime = 0.252 (s) DataTime = 0.001 (s) Losses = ['3.8939', '3.8939'] lr = 0.0010000
2025-10-28 23:32:21,081 - TopNet - INFO - [Training] EPOCH: 33 EpochTime = 710.992 (s) Losses = ['4.2162', '4.2162']
2025-10-28 23:32:21,173 - TopNet - INFO - Save checkpoint at ./experiments/TopNet/ShapeNet55_models/TopNet_fog/ckpt-last.pth
2025-10-28 23:32:21,641 - TopNet - INFO - [Epoch 34/150][Batch 1/2622] BatchTime = 0.467 (s) DataTime = 0.073 (s) Losses = ['4.2288', '4.2288'] lr = 0.0010000
2025-10-28 23:32:49,138 - TopNet - INFO - [Epoch 34/150][Batch 101/2622] BatchTime = 0.430 (s) DataTime = 0.001 (s) Losses = ['4.7492', '4.7492'] lr = 0.0010000
2025-10-28 23:33:16,512 - TopNet - INFO - [Epoch 34/150][Batch 201/2622] BatchTime = 0.325 (s) DataTime = 0.001 (s) Losses = ['3.0364', '3.0364'] lr = 0.0010000
2025-10-28 23:33:42,882 - TopNet - INFO - [Epoch 34/150][Batch 301/2622] BatchTime = 0.123 (s) DataTime = 0.001 (s) Losses = ['3.8941', '3.8941'] lr = 0.0010000
2025-10-28 23:34:09,018 - TopNet - INFO - [Epoch 34/150][Batch 401/2622] BatchTime = 0.333 (s) DataTime = 0.001 (s) Losses = ['3.4818', '3.4818'] lr = 0.0010000
2025-10-28 23:34:36,389 - TopNet - INFO - [Epoch 34/150][Batch 501/2622] BatchTime = 0.245 (s) DataTime = 0.001 (s) Losses = ['2.6577', '2.6577'] lr = 0.0010000
2025-10-28 23:35:04,909 - TopNet - INFO - [Epoch 34/150][Batch 601/2622] BatchTime = 0.490 (s) DataTime = 0.001 (s) Losses = ['4.5368', '4.5368'] lr = 0.0010000
2025-10-28 23:35:30,559 - TopNet - INFO - [Epoch 34/150][Batch 701/2622] BatchTime = 0.371 (s) DataTime = 0.001 (s) Losses = ['4.3194', '4.3194'] lr = 0.0010000
2025-10-28 23:35:59,348 - TopNet - INFO - [Epoch 34/150][Batch 801/2622] BatchTime = 0.198 (s) DataTime = 0.001 (s) Losses = ['6.5902', '6.5902'] lr = 0.0010000
2025-10-28 23:36:28,391 - TopNet - INFO - [Epoch 34/150][Batch 901/2622] BatchTime = 0.135 (s) DataTime = 0.001 (s) Losses = ['4.7128', '4.7128'] lr = 0.0010000
2025-10-28 23:36:55,596 - TopNet - INFO - [Epoch 34/150][Batch 1001/2622] BatchTime = 0.108 (s) DataTime = 0.001 (s) Losses = ['5.3825', '5.3825'] lr = 0.0010000
2025-10-28 23:37:22,502 - TopNet - INFO - [Epoch 34/150][Batch 1101/2622] BatchTime = 0.531 (s) DataTime = 0.001 (s) Losses = ['3.8845', '3.8845'] lr = 0.0010000
2025-10-28 23:37:52,146 - TopNet - INFO - [Epoch 34/150][Batch 1201/2622] BatchTime = 0.371 (s) DataTime = 0.001 (s) Losses = ['4.7097', '4.7097'] lr = 0.0010000
2025-10-28 23:38:17,688 - TopNet - INFO - [Epoch 34/150][Batch 1301/2622] BatchTime = 0.431 (s) DataTime = 0.001 (s) Losses = ['3.0726', '3.0726'] lr = 0.0010000
2025-10-28 23:38:46,437 - TopNet - INFO - [Epoch 34/150][Batch 1401/2622] BatchTime = 0.113 (s) DataTime = 0.001 (s) Losses = ['5.4521', '5.4521'] lr = 0.0010000
2025-10-28 23:39:13,372 - TopNet - INFO - [Epoch 34/150][Batch 1501/2622] BatchTime = 0.274 (s) DataTime = 0.001 (s) Losses = ['4.0654', '4.0654'] lr = 0.0010000
2025-10-28 23:39:40,824 - TopNet - INFO - [Epoch 34/150][Batch 1601/2622] BatchTime = 0.396 (s) DataTime = 0.001 (s) Losses = ['4.6981', '4.6981'] lr = 0.0010000
2025-10-28 23:40:09,755 - TopNet - INFO - [Epoch 34/150][Batch 1701/2622] BatchTime = 0.381 (s) DataTime = 0.001 (s) Losses = ['4.2370', '4.2370'] lr = 0.0010000
2025-10-28 23:40:35,914 - TopNet - INFO - [Epoch 34/150][Batch 1801/2622] BatchTime = 0.148 (s) DataTime = 0.001 (s) Losses = ['3.7692', '3.7692'] lr = 0.0010000
2025-10-28 23:41:02,282 - TopNet - INFO - [Epoch 34/150][Batch 1901/2622] BatchTime = 0.147 (s) DataTime = 0.001 (s) Losses = ['4.7170', '4.7170'] lr = 0.0010000
2025-10-28 23:41:28,768 - TopNet - INFO - [Epoch 34/150][Batch 2001/2622] BatchTime = 0.135 (s) DataTime = 0.001 (s) Losses = ['4.8523', '4.8523'] lr = 0.0010000
2025-10-28 23:41:56,937 - TopNet - INFO - [Epoch 34/150][Batch 2101/2622] BatchTime = 0.316 (s) DataTime = 0.001 (s) Losses = ['4.0478', '4.0478'] lr = 0.0010000
2025-10-28 23:42:24,217 - TopNet - INFO - [Epoch 34/150][Batch 2201/2622] BatchTime = 0.241 (s) DataTime = 0.001 (s) Losses = ['4.4206', '4.4206'] lr = 0.0010000
2025-10-28 23:42:50,104 - TopNet - INFO - [Epoch 34/150][Batch 2301/2622] BatchTime = 0.105 (s) DataTime = 0.001 (s) Losses = ['4.7990', '4.7990'] lr = 0.0010000
2025-10-28 23:43:17,326 - TopNet - INFO - [Epoch 34/150][Batch 2401/2622] BatchTime = 0.220 (s) DataTime = 0.001 (s) Losses = ['2.6999', '2.6999'] lr = 0.0010000
2025-10-28 23:43:43,940 - TopNet - INFO - [Epoch 34/150][Batch 2501/2622] BatchTime = 0.239 (s) DataTime = 0.001 (s) Losses = ['3.8108', '3.8108'] lr = 0.0010000
2025-10-28 23:44:11,076 - TopNet - INFO - [Epoch 34/150][Batch 2601/2622] BatchTime = 0.485 (s) DataTime = 0.001 (s) Losses = ['2.8899', '2.8899'] lr = 0.0010000
2025-10-28 23:44:17,460 - TopNet - INFO - [Training] EPOCH: 34 EpochTime = 716.286 (s) Losses = ['4.2447', '4.2447']
2025-10-28 23:44:17,557 - TopNet - INFO - Save checkpoint at ./experiments/TopNet/ShapeNet55_models/TopNet_fog/ckpt-last.pth
2025-10-28 23:44:17,963 - TopNet - INFO - [Epoch 35/150][Batch 1/2622] BatchTime = 0.406 (s) DataTime = 0.070 (s) Losses = ['4.9384', '4.9384'] lr = 0.0010000
2025-10-28 23:44:44,811 - TopNet - INFO - [Epoch 35/150][Batch 101/2622] BatchTime = 0.313 (s) DataTime = 0.001 (s) Losses = ['5.0762', '5.0762'] lr = 0.0010000
2025-10-28 23:45:11,493 - TopNet - INFO - [Epoch 35/150][Batch 201/2622] BatchTime = 0.121 (s) DataTime = 0.001 (s) Losses = ['3.6292', '3.6292'] lr = 0.0010000
2025-10-28 23:45:38,613 - TopNet - INFO - [Epoch 35/150][Batch 301/2622] BatchTime = 0.292 (s) DataTime = 0.001 (s) Losses = ['4.6665', '4.6665'] lr = 0.0010000
2025-10-28 23:46:06,826 - TopNet - INFO - [Epoch 35/150][Batch 401/2622] BatchTime = 0.229 (s) DataTime = 0.001 (s) Losses = ['4.1862', '4.1862'] lr = 0.0010000
2025-10-28 23:46:34,287 - TopNet - INFO - [Epoch 35/150][Batch 501/2622] BatchTime = 0.200 (s) DataTime = 0.001 (s) Losses = ['3.7563', '3.7563'] lr = 0.0010000
2025-10-28 23:47:00,800 - TopNet - INFO - [Epoch 35/150][Batch 601/2622] BatchTime = 0.158 (s) DataTime = 0.001 (s) Losses = ['4.1919', '4.1919'] lr = 0.0010000
2025-10-28 23:47:27,128 - TopNet - INFO - [Epoch 35/150][Batch 701/2622] BatchTime = 0.499 (s) DataTime = 0.001 (s) Losses = ['2.9482', '2.9482'] lr = 0.0010000
2025-10-28 23:47:55,308 - TopNet - INFO - [Epoch 35/150][Batch 801/2622] BatchTime = 0.295 (s) DataTime = 0.001 (s) Losses = ['2.7559', '2.7559'] lr = 0.0010000
2025-10-28 23:48:22,364 - TopNet - INFO - [Epoch 35/150][Batch 901/2622] BatchTime = 0.221 (s) DataTime = 0.001 (s) Losses = ['4.1451', '4.1451'] lr = 0.0010000
2025-10-28 23:48:51,908 - TopNet - INFO - [Epoch 35/150][Batch 1001/2622] BatchTime = 0.395 (s) DataTime = 0.001 (s) Losses = ['3.1815', '3.1815'] lr = 0.0010000
2025-10-28 23:49:18,300 - TopNet - INFO - [Epoch 35/150][Batch 1101/2622] BatchTime = 0.388 (s) DataTime = 0.001 (s) Losses = ['3.1189', '3.1189'] lr = 0.0010000
2025-10-28 23:49:45,330 - TopNet - INFO - [Epoch 35/150][Batch 1201/2622] BatchTime = 0.299 (s) DataTime = 0.001 (s) Losses = ['3.6757', '3.6757'] lr = 0.0010000
2025-10-28 23:50:11,440 - TopNet - INFO - [Epoch 35/150][Batch 1301/2622] BatchTime = 0.215 (s) DataTime = 0.001 (s) Losses = ['3.9520', '3.9520'] lr = 0.0010000
2025-10-28 23:50:37,837 - TopNet - INFO - [Epoch 35/150][Batch 1401/2622] BatchTime = 0.261 (s) DataTime = 0.001 (s) Losses = ['4.6336', '4.6336'] lr = 0.0010000
2025-10-28 23:51:05,694 - TopNet - INFO - [Epoch 35/150][Batch 1501/2622] BatchTime = 0.291 (s) DataTime = 0.001 (s) Losses = ['4.0811', '4.0811'] lr = 0.0010000
2025-10-28 23:51:33,291 - TopNet - INFO - [Epoch 35/150][Batch 1601/2622] BatchTime = 0.327 (s) DataTime = 0.001 (s) Losses = ['3.6413', '3.6413'] lr = 0.0010000
2025-10-28 23:52:01,053 - TopNet - INFO - [Epoch 35/150][Batch 1701/2622] BatchTime = 0.155 (s) DataTime = 0.001 (s) Losses = ['5.2367', '5.2367'] lr = 0.0010000
2025-10-28 23:52:28,312 - TopNet - INFO - [Epoch 35/150][Batch 1801/2622] BatchTime = 0.244 (s) DataTime = 0.001 (s) Losses = ['2.9321', '2.9321'] lr = 0.0010000
2025-10-28 23:52:55,650 - TopNet - INFO - [Epoch 35/150][Batch 1901/2622] BatchTime = 0.332 (s) DataTime = 0.001 (s) Losses = ['7.5396', '7.5396'] lr = 0.0010000
2025-10-28 23:53:23,540 - TopNet - INFO - [Epoch 35/150][Batch 2001/2622] BatchTime = 0.318 (s) DataTime = 0.001 (s) Losses = ['2.9579', '2.9579'] lr = 0.0010000
2025-10-28 23:53:52,246 - TopNet - INFO - [Epoch 35/150][Batch 2101/2622] BatchTime = 0.263 (s) DataTime = 0.001 (s) Losses = ['4.1017', '4.1017'] lr = 0.0010000
2025-10-28 23:54:20,864 - TopNet - INFO - [Epoch 35/150][Batch 2201/2622] BatchTime = 0.433 (s) DataTime = 0.001 (s) Losses = ['4.2902', '4.2902'] lr = 0.0010000
2025-10-28 23:54:48,135 - TopNet - INFO - [Epoch 35/150][Batch 2301/2622] BatchTime = 0.118 (s) DataTime = 0.001 (s) Losses = ['4.7780', '4.7780'] lr = 0.0010000
2025-10-28 23:55:14,854 - TopNet - INFO - [Epoch 35/150][Batch 2401/2622] BatchTime = 0.360 (s) DataTime = 0.001 (s) Losses = ['3.5592', '3.5592'] lr = 0.0010000
2025-10-28 23:55:40,450 - TopNet - INFO - [Epoch 35/150][Batch 2501/2622] BatchTime = 0.236 (s) DataTime = 0.001 (s) Losses = ['4.9494', '4.9494'] lr = 0.0010000
2025-10-28 23:56:06,263 - TopNet - INFO - [Epoch 35/150][Batch 2601/2622] BatchTime = 0.429 (s) DataTime = 0.001 (s) Losses = ['3.8541', '3.8541'] lr = 0.0010000
2025-10-28 23:56:11,970 - TopNet - INFO - [Training] EPOCH: 35 EpochTime = 714.412 (s) Losses = ['4.1856', '4.1856']
2025-10-28 23:56:11,970 - TopNet - INFO - [VALIDATION] Start validating epoch 35
2025-10-28 23:56:51,982 - TopNet - INFO - Test[1051/10518] Taxonomy = 02691156 Sample = c7749c0a8b61f43bc9b9e28055202e3d Losses = ['23.2669', '2.2630', '23.2669', '2.2630'] Metrics = ['0.1915', '23.2669', '2.2630', '0.0000']
2025-10-28 23:57:29,995 - TopNet - INFO - Test[2102/10518] Taxonomy = 03211117 Sample = ab2f9418c111cc6ddb965514105122a4 Losses = ['34.1693', '3.1295', '34.1693', '3.1295'] Metrics = ['0.0466', '34.1693', '3.1295', '0.0000']
2025-10-28 23:58:10,563 - TopNet - INFO - Test[3153/10518] Taxonomy = 02876657 Sample = c5032e4be091aabb36fe7a88df793982 Losses = ['53.3623', '7.8964', '53.3623', '7.8964'] Metrics = ['0.0137', '53.3623', '7.8964', '0.0000']
2025-10-28 23:58:49,801 - TopNet - INFO - Test[4204/10518] Taxonomy = 03211117 Sample = 722df1da5778d45b1e43523279c7f09f Losses = ['37.8526', '3.8000', '37.8526', '3.8000'] Metrics = ['0.0314', '37.8526', '3.8000', '0.0000']
2025-10-28 23:59:30,070 - TopNet - INFO - Test[5255/10518] Taxonomy = 02828884 Sample = 14b63361a48a9fffe4a048c146e8bd43 Losses = ['35.2396', '3.4320', '35.2396', '3.4320'] Metrics = ['0.0301', '35.2396', '3.4320', '0.0000']
2025-10-29 00:00:08,180 - TopNet - INFO - Test[6306/10518] Taxonomy = 03211117 Sample = d330d50a0255529d19ed6e1a590c9122 Losses = ['30.9403', '2.4591', '30.9403', '2.4591'] Metrics = ['0.0421', '30.9403', '2.4591', '0.0000']
2025-10-29 00:00:47,086 - TopNet - INFO - Test[7357/10518] Taxonomy = 04379243 Sample = b1ca280d9567270ade98d10ab5975b59 Losses = ['34.9369', '4.2806', '34.9369', '4.2806'] Metrics = ['0.0511', '34.9369', '4.2806', '0.0000']
2025-10-29 00:01:26,939 - TopNet - INFO - Test[8408/10518] Taxonomy = 03001627 Sample = 89208a619341d9fdb8c516ed5c4ce32 Losses = ['58.0247', '8.6899', '58.0247', '8.6899'] Metrics = ['0.0058', '58.0247', '8.6899', '0.0000']
2025-10-29 00:02:05,769 - TopNet - INFO - Test[9459/10518] Taxonomy = 03001627 Sample = d0255120e3351121c3bd24f986301745 Losses = ['37.9991', '4.3679', '37.9991', '4.3679'] Metrics = ['0.0374', '37.9991', '4.3679', '0.0000']
2025-10-29 00:02:41,842 - TopNet - INFO - Test[10510/10518] Taxonomy = 03636649 Sample = ea9ec4d9db2e06202471e6dd5ac3ef92 Losses = ['25.1616', '2.2290', '25.1616', '2.2290'] Metrics = ['0.1342', '25.1616', '2.2290', '0.0000']
2025-10-29 00:02:42,270 - TopNet - INFO - [Validation] EPOCH: 35  Metrics = ['0.0576', '38.2786', '5.1468', '0.0000']
2025-10-29 00:02:42,270 - TopNet - INFO - ============================ TEST RESULTS ============================
2025-10-29 00:02:42,270 - TopNet - INFO - Taxonomy	#Sample	F-Score	CDL1	CDL2	EMDistance	#ModelName	
2025-10-29 00:02:42,270 - TopNet - INFO - 03759954	14	0.080 	50.821 	13.947 	0.000 	microphone	
2025-10-29 00:02:42,270 - TopNet - INFO - 04330267	44	0.028 	41.837 	5.228 	0.000 	stove	
2025-10-29 00:02:42,270 - TopNet - INFO - 03261776	15	0.038 	48.992 	10.998 	0.000 	earphone	
2025-10-29 00:02:42,270 - TopNet - INFO - 03513137	33	0.010 	58.797 	10.967 	0.000 	helmet	
2025-10-29 00:02:42,270 - TopNet - INFO - 04460130	27	0.069 	35.159 	4.202 	0.000 	tower	
2025-10-29 00:02:42,270 - TopNet - INFO - 04468005	78	0.078 	27.851 	2.330 	0.000 	train	
2025-10-29 00:02:42,270 - TopNet - INFO - 03761084	31	0.012 	48.499 	6.749 	0.000 	microwaves	
2025-10-29 00:02:42,270 - TopNet - INFO - 04004475	34	0.019 	46.692 	6.704 	0.000 	printer	
2025-10-29 00:02:42,270 - TopNet - INFO - 03938244	20	0.023 	48.511 	7.363 	0.000 	pillow	
2025-10-29 00:02:42,270 - TopNet - INFO - 02992529	167	0.056 	28.320 	2.346 	0.000 	cellphone	
2025-10-29 00:02:42,270 - TopNet - INFO - 02808440	172	0.028 	39.489 	4.851 	0.000 	bathtub	
2025-10-29 00:02:42,270 - TopNet - INFO - 04530566	388	0.097 	28.563 	2.588 	0.000 	watercraft	
2025-10-29 00:02:42,270 - TopNet - INFO - 02871439	91	0.034 	37.765 	4.494 	0.000 	bookshelf	
2025-10-29 00:02:42,270 - TopNet - INFO - 03593526	120	0.022 	48.524 	7.442 	0.000 	jar	
2025-10-29 00:02:42,270 - TopNet - INFO - 04554684	34	0.012 	47.174 	6.237 	0.000 	washer	
2025-10-29 00:02:42,270 - TopNet - INFO - 03467517	160	0.252 	17.789 	1.021 	0.000 	guitar	
2025-10-29 00:02:42,270 - TopNet - INFO - 04401088	218	0.059 	27.850 	2.182 	0.000 	telephone	
2025-10-29 00:02:42,270 - TopNet - INFO - 02954340	12	0.014 	65.932 	16.773 	0.000 	cap	
2025-10-29 00:02:42,270 - TopNet - INFO - 02933112	315	0.027 	36.857 	4.041 	0.000 	cabinet	
2025-10-29 00:02:42,270 - TopNet - INFO - 03642806	92	0.063 	27.337 	2.193 	0.000 	laptop	
2025-10-29 00:02:42,270 - TopNet - INFO - 02924116	188	0.061 	29.284 	2.558 	0.000 	bus	
2025-10-29 00:02:42,270 - TopNet - INFO - 02946921	22	0.012 	51.160 	7.738 	0.000 	can	
2025-10-29 00:02:42,270 - TopNet - INFO - 02818832	47	0.023 	47.566 	7.640 	0.000 	bed	
2025-10-29 00:02:42,270 - TopNet - INFO - 04256520	635	0.029 	36.212 	3.675 	0.000 	sofa	
2025-10-29 00:02:42,270 - TopNet - INFO - 04379243	1687	0.061 	33.794 	4.055 	0.000 	table	
2025-10-29 00:02:42,271 - TopNet - INFO - 02747177	69	0.018 	41.380 	5.267 	0.000 	trash bin	
2025-10-29 00:02:42,271 - TopNet - INFO - 03046257	131	0.038 	40.527 	5.122 	0.000 	clock	
2025-10-29 00:02:42,271 - TopNet - INFO - 04225987	31	0.113 	28.034 	2.756 	0.000 	skateboard	
2025-10-29 00:02:42,271 - TopNet - INFO - 03797390	43	0.017 	43.201 	6.043 	0.000 	mug	
2025-10-29 00:02:42,271 - TopNet - INFO - 03001627	1356	0.040 	36.500 	4.229 	0.000 	chair	
2025-10-29 00:02:42,271 - TopNet - INFO - 03691459	320	0.022 	43.496 	5.713 	0.000 	loudspeaker	
2025-10-29 00:02:42,271 - TopNet - INFO - 02942699	23	0.018 	52.186 	8.565 	0.000 	camera	
2025-10-29 00:02:42,271 - TopNet - INFO - 03636649	464	0.057 	43.255 	7.084 	0.000 	lamp	
2025-10-29 00:02:42,271 - TopNet - INFO - 02691156	809	0.138 	25.003 	2.159 	0.000 	airplane	
2025-10-29 00:02:42,271 - TopNet - INFO - 02773838	17	0.032 	39.195 	4.822 	0.000 	bag	
2025-10-29 00:02:42,271 - TopNet - INFO - 02958343	703	0.047 	30.385 	2.630 	0.000 	car	
2025-10-29 00:02:42,271 - TopNet - INFO - 02880940	38	0.017 	48.420 	7.098 	0.000 	bowl	
2025-10-29 00:02:42,271 - TopNet - INFO - 04099429	17	0.199 	25.354 	2.440 	0.000 	rocket	
2025-10-29 00:02:42,271 - TopNet - INFO - 02828884	363	0.080 	30.358 	3.138 	0.000 	bench	
2025-10-29 00:02:42,271 - TopNet - INFO - 04090263	475	0.264 	19.056 	1.371 	0.000 	rifle	
2025-10-29 00:02:42,271 - TopNet - INFO - 03211117	219	0.047 	35.390 	3.860 	0.000 	display	
2025-10-29 00:02:42,271 - TopNet - INFO - 02876657	100	0.045 	32.647 	3.363 	0.000 	bottle	
2025-10-29 00:02:42,271 - TopNet - INFO - 03710193	19	0.052 	35.202 	3.787 	0.000 	mailbox	
2025-10-29 00:02:42,271 - TopNet - INFO - 03790512	68	0.054 	32.790 	3.343 	0.000 	motorbike	
2025-10-29 00:02:42,271 - TopNet - INFO - 03325088	149	0.047 	42.710 	6.468 	0.000 	faucet	
2025-10-29 00:02:42,271 - TopNet - INFO - 02801938	23	0.021 	43.183 	5.996 	0.000 	basket	
2025-10-29 00:02:42,271 - TopNet - INFO - 03337140	60	0.027 	38.056 	4.416 	0.000 	file cabinet	
2025-10-29 00:02:42,271 - TopNet - INFO - 02843684	15	0.018 	45.418 	6.257 	0.000 	birdhouse	
2025-10-29 00:02:42,271 - TopNet - INFO - 03624134	85	0.215 	19.262 	1.231 	0.000 	knife	
2025-10-29 00:02:42,271 - TopNet - INFO - 03991062	121	0.019 	47.992 	7.141 	0.000 	flowerpot	
2025-10-29 00:02:42,271 - TopNet - INFO - 03948459	62	0.114 	25.333 	2.174 	0.000 	pistol	
2025-10-29 00:02:42,271 - TopNet - INFO - 03928116	48	0.023 	48.748 	7.352 	0.000 	piano	
2025-10-29 00:02:42,271 - TopNet - INFO - 03207941	19	0.014 	45.552 	6.067 	0.000 	dishwasher	
2025-10-29 00:02:42,271 - TopNet - INFO - 04074963	14	0.046 	33.267 	3.147 	0.000 	remote	
2025-10-29 00:02:42,271 - TopNet - INFO - 03085013	13	0.122 	22.646 	1.713 	0.000 	keyboard	
2025-10-29 00:02:42,271 - TopNet - INFO - Overall		0.058 	38.279 	5.147 	0.000 	
2025-10-29 00:02:42,370 - TopNet - INFO - Save checkpoint at ./experiments/TopNet/ShapeNet55_models/TopNet_fog/ckpt-last.pth
2025-10-29 00:02:42,739 - TopNet - INFO - [Epoch 36/150][Batch 1/2622] BatchTime = 0.368 (s) DataTime = 0.072 (s) Losses = ['4.7729', '4.7729'] lr = 0.0010000
2025-10-29 00:03:09,625 - TopNet - INFO - [Epoch 36/150][Batch 101/2622] BatchTime = 0.130 (s) DataTime = 0.001 (s) Losses = ['3.0800', '3.0800'] lr = 0.0010000
2025-10-29 00:03:37,485 - TopNet - INFO - [Epoch 36/150][Batch 201/2622] BatchTime = 0.342 (s) DataTime = 0.001 (s) Losses = ['3.6724', '3.6724'] lr = 0.0010000
2025-10-29 00:04:04,908 - TopNet - INFO - [Epoch 36/150][Batch 301/2622] BatchTime = 0.312 (s) DataTime = 0.001 (s) Losses = ['4.5227', '4.5227'] lr = 0.0010000
2025-10-29 00:04:31,133 - TopNet - INFO - [Epoch 36/150][Batch 401/2622] BatchTime = 0.115 (s) DataTime = 0.001 (s) Losses = ['4.2267', '4.2267'] lr = 0.0010000
2025-10-29 00:04:57,910 - TopNet - INFO - [Epoch 36/150][Batch 501/2622] BatchTime = 0.246 (s) DataTime = 0.001 (s) Losses = ['7.2745', '7.2745'] lr = 0.0010000
2025-10-29 00:05:23,858 - TopNet - INFO - [Epoch 36/150][Batch 601/2622] BatchTime = 0.224 (s) DataTime = 0.001 (s) Losses = ['3.7902', '3.7902'] lr = 0.0010000
2025-10-29 00:05:50,029 - TopNet - INFO - [Epoch 36/150][Batch 701/2622] BatchTime = 0.222 (s) DataTime = 0.001 (s) Losses = ['3.8156', '3.8156'] lr = 0.0010000
2025-10-29 00:06:17,559 - TopNet - INFO - [Epoch 36/150][Batch 801/2622] BatchTime = 0.197 (s) DataTime = 0.001 (s) Losses = ['3.5412', '3.5412'] lr = 0.0010000
2025-10-29 00:06:46,218 - TopNet - INFO - [Epoch 36/150][Batch 901/2622] BatchTime = 0.200 (s) DataTime = 0.001 (s) Losses = ['5.3962', '5.3962'] lr = 0.0010000
2025-10-29 00:07:13,703 - TopNet - INFO - [Epoch 36/150][Batch 1001/2622] BatchTime = 0.316 (s) DataTime = 0.001 (s) Losses = ['3.2865', '3.2865'] lr = 0.0010000
2025-10-29 00:07:41,304 - TopNet - INFO - [Epoch 36/150][Batch 1101/2622] BatchTime = 0.290 (s) DataTime = 0.001 (s) Losses = ['4.7735', '4.7735'] lr = 0.0010000
2025-10-29 00:08:09,172 - TopNet - INFO - [Epoch 36/150][Batch 1201/2622] BatchTime = 0.287 (s) DataTime = 0.001 (s) Losses = ['3.5181', '3.5181'] lr = 0.0010000
2025-10-29 00:08:36,435 - TopNet - INFO - [Epoch 36/150][Batch 1301/2622] BatchTime = 0.550 (s) DataTime = 0.001 (s) Losses = ['4.8036', '4.8036'] lr = 0.0010000
2025-10-29 00:09:01,604 - TopNet - INFO - [Epoch 36/150][Batch 1401/2622] BatchTime = 0.119 (s) DataTime = 0.001 (s) Losses = ['6.0475', '6.0475'] lr = 0.0010000
2025-10-29 00:09:29,178 - TopNet - INFO - [Epoch 36/150][Batch 1501/2622] BatchTime = 0.196 (s) DataTime = 0.001 (s) Losses = ['4.4472', '4.4472'] lr = 0.0010000
2025-10-29 00:09:56,042 - TopNet - INFO - [Epoch 36/150][Batch 1601/2622] BatchTime = 0.112 (s) DataTime = 0.001 (s) Losses = ['4.0498', '4.0498'] lr = 0.0010000
2025-10-29 00:10:21,582 - TopNet - INFO - [Epoch 36/150][Batch 1701/2622] BatchTime = 0.216 (s) DataTime = 0.001 (s) Losses = ['4.1160', '4.1160'] lr = 0.0010000
2025-10-29 00:10:49,289 - TopNet - INFO - [Epoch 36/150][Batch 1801/2622] BatchTime = 0.461 (s) DataTime = 0.001 (s) Losses = ['4.1606', '4.1606'] lr = 0.0010000
2025-10-29 00:11:16,472 - TopNet - INFO - [Epoch 36/150][Batch 1901/2622] BatchTime = 0.235 (s) DataTime = 0.001 (s) Losses = ['7.4723', '7.4723'] lr = 0.0010000
2025-10-29 00:11:45,082 - TopNet - INFO - [Epoch 36/150][Batch 2001/2622] BatchTime = 0.106 (s) DataTime = 0.001 (s) Losses = ['3.8621', '3.8621'] lr = 0.0010000
2025-10-29 00:12:10,862 - TopNet - INFO - [Epoch 36/150][Batch 2101/2622] BatchTime = 0.238 (s) DataTime = 0.001 (s) Losses = ['3.0902', '3.0902'] lr = 0.0010000
2025-10-29 00:12:40,528 - TopNet - INFO - [Epoch 36/150][Batch 2201/2622] BatchTime = 0.315 (s) DataTime = 0.001 (s) Losses = ['5.1798', '5.1798'] lr = 0.0010000
2025-10-29 00:13:08,240 - TopNet - INFO - [Epoch 36/150][Batch 2301/2622] BatchTime = 0.293 (s) DataTime = 0.001 (s) Losses = ['4.4476', '4.4476'] lr = 0.0010000
2025-10-29 00:13:34,013 - TopNet - INFO - [Epoch 36/150][Batch 2401/2622] BatchTime = 0.116 (s) DataTime = 0.001 (s) Losses = ['3.3537', '3.3537'] lr = 0.0010000
2025-10-29 00:14:02,057 - TopNet - INFO - [Epoch 36/150][Batch 2501/2622] BatchTime = 0.107 (s) DataTime = 0.001 (s) Losses = ['4.6063', '4.6063'] lr = 0.0010000
2025-10-29 00:14:30,816 - TopNet - INFO - [Epoch 36/150][Batch 2601/2622] BatchTime = 0.218 (s) DataTime = 0.001 (s) Losses = ['2.9773', '2.9773'] lr = 0.0010000
2025-10-29 00:14:37,253 - TopNet - INFO - [Training] EPOCH: 36 EpochTime = 714.882 (s) Losses = ['4.2412', '4.2412']
2025-10-29 00:14:37,343 - TopNet - INFO - Save checkpoint at ./experiments/TopNet/ShapeNet55_models/TopNet_fog/ckpt-last.pth
2025-10-29 00:14:37,708 - TopNet - INFO - [Epoch 37/150][Batch 1/2622] BatchTime = 0.364 (s) DataTime = 0.071 (s) Losses = ['3.2485', '3.2485'] lr = 0.0010000
2025-10-29 00:15:02,933 - TopNet - INFO - [Epoch 37/150][Batch 101/2622] BatchTime = 0.140 (s) DataTime = 0.001 (s) Losses = ['3.3982', '3.3982'] lr = 0.0010000
2025-10-29 00:15:30,006 - TopNet - INFO - [Epoch 37/150][Batch 201/2622] BatchTime = 0.203 (s) DataTime = 0.001 (s) Losses = ['5.0328', '5.0328'] lr = 0.0010000
2025-10-29 00:15:56,242 - TopNet - INFO - [Epoch 37/150][Batch 301/2622] BatchTime = 0.197 (s) DataTime = 0.001 (s) Losses = ['3.0926', '3.0926'] lr = 0.0010000
2025-10-29 00:16:23,305 - TopNet - INFO - [Epoch 37/150][Batch 401/2622] BatchTime = 0.243 (s) DataTime = 0.001 (s) Losses = ['4.6478', '4.6478'] lr = 0.0010000
2025-10-29 00:16:49,689 - TopNet - INFO - [Epoch 37/150][Batch 501/2622] BatchTime = 0.379 (s) DataTime = 0.001 (s) Losses = ['3.2353', '3.2353'] lr = 0.0010000
2025-10-29 00:17:15,552 - TopNet - INFO - [Epoch 37/150][Batch 601/2622] BatchTime = 0.163 (s) DataTime = 0.001 (s) Losses = ['3.5148', '3.5148'] lr = 0.0010000
2025-10-29 00:17:41,700 - TopNet - INFO - [Epoch 37/150][Batch 701/2622] BatchTime = 0.439 (s) DataTime = 0.001 (s) Losses = ['2.9526', '2.9526'] lr = 0.0010000
2025-10-29 00:18:09,481 - TopNet - INFO - [Epoch 37/150][Batch 801/2622] BatchTime = 0.401 (s) DataTime = 0.001 (s) Losses = ['5.2746', '5.2746'] lr = 0.0010000
2025-10-29 00:18:36,904 - TopNet - INFO - [Epoch 37/150][Batch 901/2622] BatchTime = 0.235 (s) DataTime = 0.001 (s) Losses = ['4.7773', '4.7773'] lr = 0.0010000
2025-10-29 00:19:04,424 - TopNet - INFO - [Epoch 37/150][Batch 1001/2622] BatchTime = 0.374 (s) DataTime = 0.001 (s) Losses = ['2.9397', '2.9397'] lr = 0.0010000
2025-10-29 00:19:30,591 - TopNet - INFO - [Epoch 37/150][Batch 1101/2622] BatchTime = 0.327 (s) DataTime = 0.001 (s) Losses = ['2.9136', '2.9136'] lr = 0.0010000
2025-10-29 00:19:57,884 - TopNet - INFO - [Epoch 37/150][Batch 1201/2622] BatchTime = 0.304 (s) DataTime = 0.001 (s) Losses = ['3.8711', '3.8711'] lr = 0.0010000
2025-10-29 00:20:25,708 - TopNet - INFO - [Epoch 37/150][Batch 1301/2622] BatchTime = 0.106 (s) DataTime = 0.001 (s) Losses = ['5.1638', '5.1638'] lr = 0.0010000
2025-10-29 00:20:54,640 - TopNet - INFO - [Epoch 37/150][Batch 1401/2622] BatchTime = 0.214 (s) DataTime = 0.001 (s) Losses = ['2.9678', '2.9678'] lr = 0.0010000
2025-10-29 00:21:22,239 - TopNet - INFO - [Epoch 37/150][Batch 1501/2622] BatchTime = 0.486 (s) DataTime = 0.001 (s) Losses = ['3.7501', '3.7501'] lr = 0.0010000
2025-10-29 00:21:50,166 - TopNet - INFO - [Epoch 37/150][Batch 1601/2622] BatchTime = 0.203 (s) DataTime = 0.001 (s) Losses = ['3.0421', '3.0421'] lr = 0.0010000
2025-10-29 00:22:16,467 - TopNet - INFO - [Epoch 37/150][Batch 1701/2622] BatchTime = 0.304 (s) DataTime = 0.002 (s) Losses = ['5.1129', '5.1129'] lr = 0.0010000
2025-10-29 00:22:42,864 - TopNet - INFO - [Epoch 37/150][Batch 1801/2622] BatchTime = 0.217 (s) DataTime = 0.001 (s) Losses = ['7.7773', '7.7773'] lr = 0.0010000
2025-10-29 00:23:09,746 - TopNet - INFO - [Epoch 37/150][Batch 1901/2622] BatchTime = 0.261 (s) DataTime = 0.001 (s) Losses = ['3.9015', '3.9015'] lr = 0.0010000
2025-10-29 00:23:36,481 - TopNet - INFO - [Epoch 37/150][Batch 2001/2622] BatchTime = 0.340 (s) DataTime = 0.001 (s) Losses = ['5.1445', '5.1445'] lr = 0.0010000
2025-10-29 00:24:01,131 - TopNet - INFO - [Epoch 37/150][Batch 2101/2622] BatchTime = 0.213 (s) DataTime = 0.001 (s) Losses = ['5.2607', '5.2607'] lr = 0.0010000
2025-10-29 00:24:26,953 - TopNet - INFO - [Epoch 37/150][Batch 2201/2622] BatchTime = 0.321 (s) DataTime = 0.001 (s) Losses = ['3.4839', '3.4839'] lr = 0.0010000
2025-10-29 00:24:52,685 - TopNet - INFO - [Epoch 37/150][Batch 2301/2622] BatchTime = 0.408 (s) DataTime = 0.001 (s) Losses = ['3.4766', '3.4766'] lr = 0.0010000
2025-10-29 00:25:20,887 - TopNet - INFO - [Epoch 37/150][Batch 2401/2622] BatchTime = 0.298 (s) DataTime = 0.001 (s) Losses = ['3.6269', '3.6269'] lr = 0.0010000
2025-10-29 00:25:47,668 - TopNet - INFO - [Epoch 37/150][Batch 2501/2622] BatchTime = 0.119 (s) DataTime = 0.001 (s) Losses = ['2.7370', '2.7370'] lr = 0.0010000
2025-10-29 00:26:17,361 - TopNet - INFO - [Epoch 37/150][Batch 2601/2622] BatchTime = 0.117 (s) DataTime = 0.001 (s) Losses = ['3.7787', '3.7787'] lr = 0.0010000
2025-10-29 00:26:22,251 - TopNet - INFO - [Training] EPOCH: 37 EpochTime = 704.908 (s) Losses = ['4.1822', '4.1822']
2025-10-29 00:26:22,349 - TopNet - INFO - Save checkpoint at ./experiments/TopNet/ShapeNet55_models/TopNet_fog/ckpt-last.pth
2025-10-29 00:26:22,630 - TopNet - INFO - [Epoch 38/150][Batch 1/2622] BatchTime = 0.281 (s) DataTime = 0.076 (s) Losses = ['3.8673', '3.8673'] lr = 0.0010000
2025-10-29 00:26:49,780 - TopNet - INFO - [Epoch 38/150][Batch 101/2622] BatchTime = 0.115 (s) DataTime = 0.001 (s) Losses = ['4.7304', '4.7304'] lr = 0.0010000
2025-10-29 00:27:17,994 - TopNet - INFO - [Epoch 38/150][Batch 201/2622] BatchTime = 0.139 (s) DataTime = 0.001 (s) Losses = ['4.0973', '4.0973'] lr = 0.0010000
2025-10-29 00:27:44,415 - TopNet - INFO - [Epoch 38/150][Batch 301/2622] BatchTime = 0.213 (s) DataTime = 0.001 (s) Losses = ['6.3065', '6.3065'] lr = 0.0010000
2025-10-29 00:28:13,712 - TopNet - INFO - [Epoch 38/150][Batch 401/2622] BatchTime = 0.359 (s) DataTime = 0.001 (s) Losses = ['4.1087', '4.1087'] lr = 0.0010000
2025-10-29 00:28:40,560 - TopNet - INFO - [Epoch 38/150][Batch 501/2622] BatchTime = 0.229 (s) DataTime = 0.001 (s) Losses = ['4.4266', '4.4266'] lr = 0.0010000
2025-10-29 00:29:07,686 - TopNet - INFO - [Epoch 38/150][Batch 601/2622] BatchTime = 0.576 (s) DataTime = 0.001 (s) Losses = ['3.5444', '3.5444'] lr = 0.0010000
2025-10-29 00:29:35,935 - TopNet - INFO - [Epoch 38/150][Batch 701/2622] BatchTime = 0.111 (s) DataTime = 0.001 (s) Losses = ['4.2621', '4.2621'] lr = 0.0010000
2025-10-29 00:30:02,465 - TopNet - INFO - [Epoch 38/150][Batch 801/2622] BatchTime = 0.257 (s) DataTime = 0.001 (s) Losses = ['2.6560', '2.6560'] lr = 0.0010000
2025-10-29 00:30:30,880 - TopNet - INFO - [Epoch 38/150][Batch 901/2622] BatchTime = 0.315 (s) DataTime = 0.001 (s) Losses = ['5.0679', '5.0679'] lr = 0.0010000
2025-10-29 00:30:58,592 - TopNet - INFO - [Epoch 38/150][Batch 1001/2622] BatchTime = 0.199 (s) DataTime = 0.001 (s) Losses = ['6.8969', '6.8969'] lr = 0.0010000
2025-10-29 00:31:27,554 - TopNet - INFO - [Epoch 38/150][Batch 1101/2622] BatchTime = 0.213 (s) DataTime = 0.001 (s) Losses = ['2.9510', '2.9510'] lr = 0.0010000
2025-10-29 00:31:53,902 - TopNet - INFO - [Epoch 38/150][Batch 1201/2622] BatchTime = 0.209 (s) DataTime = 0.001 (s) Losses = ['4.2579', '4.2579'] lr = 0.0010000
2025-10-29 00:32:24,400 - TopNet - INFO - [Epoch 38/150][Batch 1301/2622] BatchTime = 0.205 (s) DataTime = 0.001 (s) Losses = ['3.9865', '3.9865'] lr = 0.0010000
2025-10-29 00:32:50,445 - TopNet - INFO - [Epoch 38/150][Batch 1401/2622] BatchTime = 0.208 (s) DataTime = 0.001 (s) Losses = ['3.5378', '3.5378'] lr = 0.0010000
2025-10-29 00:33:17,192 - TopNet - INFO - [Epoch 38/150][Batch 1501/2622] BatchTime = 0.279 (s) DataTime = 0.001 (s) Losses = ['5.5980', '5.5980'] lr = 0.0010000
2025-10-29 00:33:42,388 - TopNet - INFO - [Epoch 38/150][Batch 1601/2622] BatchTime = 0.362 (s) DataTime = 0.001 (s) Losses = ['4.5964', '4.5964'] lr = 0.0010000
2025-10-29 00:34:08,764 - TopNet - INFO - [Epoch 38/150][Batch 1701/2622] BatchTime = 0.418 (s) DataTime = 0.001 (s) Losses = ['2.7994', '2.7994'] lr = 0.0010000
2025-10-29 00:34:36,347 - TopNet - INFO - [Epoch 38/150][Batch 1801/2622] BatchTime = 0.122 (s) DataTime = 0.001 (s) Losses = ['3.3969', '3.3969'] lr = 0.0010000
2025-10-29 00:35:03,677 - TopNet - INFO - [Epoch 38/150][Batch 1901/2622] BatchTime = 0.263 (s) DataTime = 0.001 (s) Losses = ['3.8692', '3.8692'] lr = 0.0010000
2025-10-29 00:35:31,336 - TopNet - INFO - [Epoch 38/150][Batch 2001/2622] BatchTime = 0.214 (s) DataTime = 0.001 (s) Losses = ['3.9896', '3.9896'] lr = 0.0010000
2025-10-29 00:35:57,354 - TopNet - INFO - [Epoch 38/150][Batch 2101/2622] BatchTime = 0.250 (s) DataTime = 0.001 (s) Losses = ['3.7931', '3.7931'] lr = 0.0010000
2025-10-29 00:36:24,554 - TopNet - INFO - [Epoch 38/150][Batch 2201/2622] BatchTime = 0.469 (s) DataTime = 0.001 (s) Losses = ['3.2480', '3.2480'] lr = 0.0010000
2025-10-29 00:36:49,917 - TopNet - INFO - [Epoch 38/150][Batch 2301/2622] BatchTime = 0.124 (s) DataTime = 0.001 (s) Losses = ['4.6242', '4.6242'] lr = 0.0010000
2025-10-29 00:37:17,601 - TopNet - INFO - [Epoch 38/150][Batch 2401/2622] BatchTime = 0.325 (s) DataTime = 0.001 (s) Losses = ['4.4663', '4.4663'] lr = 0.0010000
2025-10-29 00:37:43,476 - TopNet - INFO - [Epoch 38/150][Batch 2501/2622] BatchTime = 0.370 (s) DataTime = 0.001 (s) Losses = ['5.3753', '5.3753'] lr = 0.0010000
2025-10-29 00:38:12,121 - TopNet - INFO - [Epoch 38/150][Batch 2601/2622] BatchTime = 0.126 (s) DataTime = 0.001 (s) Losses = ['2.3726', '2.3726'] lr = 0.0010000
2025-10-29 00:38:18,612 - TopNet - INFO - [Training] EPOCH: 38 EpochTime = 716.263 (s) Losses = ['4.1614', '4.1614']
2025-10-29 00:38:18,706 - TopNet - INFO - Save checkpoint at ./experiments/TopNet/ShapeNet55_models/TopNet_fog/ckpt-last.pth
2025-10-29 00:38:19,026 - TopNet - INFO - [Epoch 39/150][Batch 1/2622] BatchTime = 0.320 (s) DataTime = 0.071 (s) Losses = ['3.0893', '3.0893'] lr = 0.0010000
2025-10-29 00:38:44,571 - TopNet - INFO - [Epoch 39/150][Batch 101/2622] BatchTime = 0.291 (s) DataTime = 0.001 (s) Losses = ['4.3282', '4.3282'] lr = 0.0010000
2025-10-29 00:39:11,691 - TopNet - INFO - [Epoch 39/150][Batch 201/2622] BatchTime = 0.111 (s) DataTime = 0.001 (s) Losses = ['2.5027', '2.5027'] lr = 0.0010000
2025-10-29 00:39:37,879 - TopNet - INFO - [Epoch 39/150][Batch 301/2622] BatchTime = 0.212 (s) DataTime = 0.001 (s) Losses = ['7.4863', '7.4863'] lr = 0.0010000
2025-10-29 00:40:05,178 - TopNet - INFO - [Epoch 39/150][Batch 401/2622] BatchTime = 0.209 (s) DataTime = 0.001 (s) Losses = ['4.3406', '4.3406'] lr = 0.0010000
2025-10-29 00:40:34,049 - TopNet - INFO - [Epoch 39/150][Batch 501/2622] BatchTime = 0.245 (s) DataTime = 0.001 (s) Losses = ['6.3548', '6.3548'] lr = 0.0010000
2025-10-29 00:41:02,118 - TopNet - INFO - [Epoch 39/150][Batch 601/2622] BatchTime = 0.506 (s) DataTime = 0.001 (s) Losses = ['5.3841', '5.3841'] lr = 0.0010000
2025-10-29 00:41:29,126 - TopNet - INFO - [Epoch 39/150][Batch 701/2622] BatchTime = 0.251 (s) DataTime = 0.001 (s) Losses = ['2.5886', '2.5886'] lr = 0.0010000
2025-10-29 00:41:56,937 - TopNet - INFO - [Epoch 39/150][Batch 801/2622] BatchTime = 0.111 (s) DataTime = 0.001 (s) Losses = ['3.8567', '3.8567'] lr = 0.0010000
2025-10-29 00:42:22,491 - TopNet - INFO - [Epoch 39/150][Batch 901/2622] BatchTime = 0.378 (s) DataTime = 0.001 (s) Losses = ['5.6093', '5.6093'] lr = 0.0010000
2025-10-29 00:42:48,826 - TopNet - INFO - [Epoch 39/150][Batch 1001/2622] BatchTime = 0.108 (s) DataTime = 0.001 (s) Losses = ['4.0543', '4.0543'] lr = 0.0010000
2025-10-29 00:43:15,673 - TopNet - INFO - [Epoch 39/150][Batch 1101/2622] BatchTime = 0.356 (s) DataTime = 0.001 (s) Losses = ['4.3813', '4.3813'] lr = 0.0010000
2025-10-29 00:43:44,650 - TopNet - INFO - [Epoch 39/150][Batch 1201/2622] BatchTime = 0.544 (s) DataTime = 0.001 (s) Losses = ['3.5996', '3.5996'] lr = 0.0010000
2025-10-29 00:44:11,370 - TopNet - INFO - [Epoch 39/150][Batch 1301/2622] BatchTime = 0.419 (s) DataTime = 0.001 (s) Losses = ['5.1989', '5.1989'] lr = 0.0010000
2025-10-29 00:44:39,537 - TopNet - INFO - [Epoch 39/150][Batch 1401/2622] BatchTime = 0.116 (s) DataTime = 0.001 (s) Losses = ['3.4717', '3.4717'] lr = 0.0010000
2025-10-29 00:45:06,469 - TopNet - INFO - [Epoch 39/150][Batch 1501/2622] BatchTime = 0.131 (s) DataTime = 0.001 (s) Losses = ['2.7410', '2.7410'] lr = 0.0010000
2025-10-29 00:45:30,950 - TopNet - INFO - [Epoch 39/150][Batch 1601/2622] BatchTime = 0.226 (s) DataTime = 0.001 (s) Losses = ['3.2668', '3.2668'] lr = 0.0010000
2025-10-29 00:45:57,292 - TopNet - INFO - [Epoch 39/150][Batch 1701/2622] BatchTime = 0.284 (s) DataTime = 0.001 (s) Losses = ['4.4974', '4.4974'] lr = 0.0010000
2025-10-29 00:46:25,338 - TopNet - INFO - [Epoch 39/150][Batch 1801/2622] BatchTime = 0.215 (s) DataTime = 0.001 (s) Losses = ['2.9096', '2.9096'] lr = 0.0010000
2025-10-29 00:46:53,165 - TopNet - INFO - [Epoch 39/150][Batch 1901/2622] BatchTime = 0.126 (s) DataTime = 0.001 (s) Losses = ['5.7685', '5.7685'] lr = 0.0010000
2025-10-29 00:47:19,782 - TopNet - INFO - [Epoch 39/150][Batch 2001/2622] BatchTime = 0.196 (s) DataTime = 0.001 (s) Losses = ['6.9816', '6.9816'] lr = 0.0010000
2025-10-29 00:47:46,745 - TopNet - INFO - [Epoch 39/150][Batch 2101/2622] BatchTime = 0.279 (s) DataTime = 0.001 (s) Losses = ['4.2485', '4.2485'] lr = 0.0010000
2025-10-29 00:48:12,475 - TopNet - INFO - [Epoch 39/150][Batch 2201/2622] BatchTime = 0.300 (s) DataTime = 0.001 (s) Losses = ['4.8725', '4.8725'] lr = 0.0010000
2025-10-29 00:48:36,868 - TopNet - INFO - [Epoch 39/150][Batch 2301/2622] BatchTime = 0.284 (s) DataTime = 0.001 (s) Losses = ['3.4636', '3.4636'] lr = 0.0010000
2025-10-29 00:49:06,293 - TopNet - INFO - [Epoch 39/150][Batch 2401/2622] BatchTime = 0.424 (s) DataTime = 0.001 (s) Losses = ['3.3697', '3.3697'] lr = 0.0010000
2025-10-29 00:49:33,051 - TopNet - INFO - [Epoch 39/150][Batch 2501/2622] BatchTime = 0.227 (s) DataTime = 0.001 (s) Losses = ['3.6649', '3.6649'] lr = 0.0010000
2025-10-29 00:50:00,406 - TopNet - INFO - [Epoch 39/150][Batch 2601/2622] BatchTime = 0.416 (s) DataTime = 0.001 (s) Losses = ['2.8770', '2.8770'] lr = 0.0010000
2025-10-29 00:50:06,013 - TopNet - INFO - [Training] EPOCH: 39 EpochTime = 707.306 (s) Losses = ['4.1092', '4.1092']
2025-10-29 00:50:06,105 - TopNet - INFO - Save checkpoint at ./experiments/TopNet/ShapeNet55_models/TopNet_fog/ckpt-last.pth
2025-10-29 00:50:06,294 - TopNet - INFO - [Epoch 40/150][Batch 1/2622] BatchTime = 0.188 (s) DataTime = 0.072 (s) Losses = ['9.1919', '9.1919'] lr = 0.0010000
2025-10-29 00:50:32,861 - TopNet - INFO - [Epoch 40/150][Batch 101/2622] BatchTime = 0.321 (s) DataTime = 0.001 (s) Losses = ['3.2772', '3.2772'] lr = 0.0010000
2025-10-29 00:50:58,986 - TopNet - INFO - [Epoch 40/150][Batch 201/2622] BatchTime = 0.348 (s) DataTime = 0.001 (s) Losses = ['3.3001', '3.3001'] lr = 0.0010000
2025-10-29 00:51:28,190 - TopNet - INFO - [Epoch 40/150][Batch 301/2622] BatchTime = 0.220 (s) DataTime = 0.001 (s) Losses = ['4.8500', '4.8500'] lr = 0.0010000
2025-10-29 00:51:53,727 - TopNet - INFO - [Epoch 40/150][Batch 401/2622] BatchTime = 0.339 (s) DataTime = 0.001 (s) Losses = ['4.1582', '4.1582'] lr = 0.0010000
2025-10-29 00:52:21,270 - TopNet - INFO - [Epoch 40/150][Batch 501/2622] BatchTime = 0.216 (s) DataTime = 0.001 (s) Losses = ['4.0405', '4.0405'] lr = 0.0010000
2025-10-29 00:52:47,105 - TopNet - INFO - [Epoch 40/150][Batch 601/2622] BatchTime = 0.203 (s) DataTime = 0.001 (s) Losses = ['3.1100', '3.1100'] lr = 0.0010000
2025-10-29 00:53:14,267 - TopNet - INFO - [Epoch 40/150][Batch 701/2622] BatchTime = 0.114 (s) DataTime = 0.001 (s) Losses = ['4.0485', '4.0485'] lr = 0.0010000
2025-10-29 00:53:39,392 - TopNet - INFO - [Epoch 40/150][Batch 801/2622] BatchTime = 0.218 (s) DataTime = 0.001 (s) Losses = ['3.4892', '3.4892'] lr = 0.0010000
2025-10-29 00:54:08,086 - TopNet - INFO - [Epoch 40/150][Batch 901/2622] BatchTime = 0.296 (s) DataTime = 0.001 (s) Losses = ['5.0710', '5.0710'] lr = 0.0010000
2025-10-29 00:54:35,709 - TopNet - INFO - [Epoch 40/150][Batch 1001/2622] BatchTime = 0.430 (s) DataTime = 0.001 (s) Losses = ['3.7929', '3.7929'] lr = 0.0010000
2025-10-29 00:55:01,939 - TopNet - INFO - [Epoch 40/150][Batch 1101/2622] BatchTime = 0.275 (s) DataTime = 0.001 (s) Losses = ['6.1491', '6.1491'] lr = 0.0010000
2025-10-29 00:55:30,105 - TopNet - INFO - [Epoch 40/150][Batch 1201/2622] BatchTime = 0.235 (s) DataTime = 0.001 (s) Losses = ['4.2480', '4.2480'] lr = 0.0010000
2025-10-29 00:55:55,880 - TopNet - INFO - [Epoch 40/150][Batch 1301/2622] BatchTime = 0.213 (s) DataTime = 0.001 (s) Losses = ['5.0106', '5.0106'] lr = 0.0010000
2025-10-29 00:56:21,688 - TopNet - INFO - [Epoch 40/150][Batch 1401/2622] BatchTime = 0.214 (s) DataTime = 0.001 (s) Losses = ['3.0751', '3.0751'] lr = 0.0010000
2025-10-29 00:56:49,349 - TopNet - INFO - [Epoch 40/150][Batch 1501/2622] BatchTime = 0.108 (s) DataTime = 0.001 (s) Losses = ['3.3513', '3.3513'] lr = 0.0010000
2025-10-29 00:57:16,850 - TopNet - INFO - [Epoch 40/150][Batch 1601/2622] BatchTime = 0.302 (s) DataTime = 0.001 (s) Losses = ['2.9132', '2.9132'] lr = 0.0010000
2025-10-29 00:57:44,311 - TopNet - INFO - [Epoch 40/150][Batch 1701/2622] BatchTime = 0.109 (s) DataTime = 0.001 (s) Losses = ['4.2370', '4.2370'] lr = 0.0010000
2025-10-29 00:58:13,710 - TopNet - INFO - [Epoch 40/150][Batch 1801/2622] BatchTime = 0.298 (s) DataTime = 0.001 (s) Losses = ['4.3248', '4.3248'] lr = 0.0010000
2025-10-29 00:58:41,214 - TopNet - INFO - [Epoch 40/150][Batch 1901/2622] BatchTime = 0.303 (s) DataTime = 0.001 (s) Losses = ['4.8233', '4.8233'] lr = 0.0010000
2025-10-29 00:59:08,654 - TopNet - INFO - [Epoch 40/150][Batch 2001/2622] BatchTime = 0.310 (s) DataTime = 0.001 (s) Losses = ['2.6763', '2.6763'] lr = 0.0010000
2025-10-29 00:59:36,236 - TopNet - INFO - [Epoch 40/150][Batch 2101/2622] BatchTime = 0.194 (s) DataTime = 0.001 (s) Losses = ['4.1076', '4.1076'] lr = 0.0010000
2025-10-29 01:00:03,308 - TopNet - INFO - [Epoch 40/150][Batch 2201/2622] BatchTime = 0.127 (s) DataTime = 0.001 (s) Losses = ['3.5708', '3.5708'] lr = 0.0010000
2025-10-29 01:00:29,413 - TopNet - INFO - [Epoch 40/150][Batch 2301/2622] BatchTime = 0.345 (s) DataTime = 0.001 (s) Losses = ['7.0102', '7.0102'] lr = 0.0010000
2025-10-29 01:00:58,726 - TopNet - INFO - [Epoch 40/150][Batch 2401/2622] BatchTime = 0.151 (s) DataTime = 0.001 (s) Losses = ['3.8269', '3.8269'] lr = 0.0010000
2025-10-29 01:01:27,191 - TopNet - INFO - [Epoch 40/150][Batch 2501/2622] BatchTime = 0.302 (s) DataTime = 0.001 (s) Losses = ['4.0621', '4.0621'] lr = 0.0010000
2025-10-29 01:01:54,665 - TopNet - INFO - [Epoch 40/150][Batch 2601/2622] BatchTime = 0.205 (s) DataTime = 0.001 (s) Losses = ['3.4093', '3.4093'] lr = 0.0010000
2025-10-29 01:02:00,518 - TopNet - INFO - [Training] EPOCH: 40 EpochTime = 714.412 (s) Losses = ['4.0918', '4.0918']
2025-10-29 01:02:00,518 - TopNet - INFO - [VALIDATION] Start validating epoch 40
2025-10-29 01:02:39,987 - TopNet - INFO - Test[1051/10518] Taxonomy = 02691156 Sample = c7749c0a8b61f43bc9b9e28055202e3d Losses = ['26.5069', '2.1647', '26.5069', '2.1647'] Metrics = ['0.0783', '26.5069', '2.1647', '0.0000']
2025-10-29 01:03:18,802 - TopNet - INFO - Test[2102/10518] Taxonomy = 03211117 Sample = ab2f9418c111cc6ddb965514105122a4 Losses = ['35.9804', '3.8303', '35.9804', '3.8303'] Metrics = ['0.0312', '35.9804', '3.8303', '0.0000']
2025-10-29 01:03:57,235 - TopNet - INFO - Test[3153/10518] Taxonomy = 02876657 Sample = c5032e4be091aabb36fe7a88df793982 Losses = ['62.3651', '9.8575', '62.3651', '9.8575'] Metrics = ['0.0138', '62.3651', '9.8575', '0.0000']
2025-10-29 01:04:35,821 - TopNet - INFO - Test[4204/10518] Taxonomy = 03211117 Sample = 722df1da5778d45b1e43523279c7f09f Losses = ['34.5128', '4.4951', '34.5128', '4.4951'] Metrics = ['0.0797', '34.5128', '4.4951', '0.0000']
2025-10-29 01:05:14,907 - TopNet - INFO - Test[5255/10518] Taxonomy = 02828884 Sample = 14b63361a48a9fffe4a048c146e8bd43 Losses = ['37.6999', '3.9897', '37.6999', '3.9897'] Metrics = ['0.0516', '37.6999', '3.9897', '0.0000']
2025-10-29 01:05:53,067 - TopNet - INFO - Test[6306/10518] Taxonomy = 03211117 Sample = d330d50a0255529d19ed6e1a590c9122 Losses = ['28.2507', '2.1734', '28.2507', '2.1734'] Metrics = ['0.0341', '28.2507', '2.1734', '0.0000']
2025-10-29 01:06:29,006 - TopNet - INFO - Test[7357/10518] Taxonomy = 04379243 Sample = b1ca280d9567270ade98d10ab5975b59 Losses = ['29.7366', '2.9629', '29.7366', '2.9629'] Metrics = ['0.0346', '29.7366', '2.9629', '0.0000']
2025-10-29 01:07:07,059 - TopNet - INFO - Test[8408/10518] Taxonomy = 03001627 Sample = 89208a619341d9fdb8c516ed5c4ce32 Losses = ['50.1644', '7.4849', '50.1644', '7.4849'] Metrics = ['0.0117', '50.1644', '7.4849', '0.0000']
2025-10-29 01:07:45,413 - TopNet - INFO - Test[9459/10518] Taxonomy = 03001627 Sample = d0255120e3351121c3bd24f986301745 Losses = ['35.8794', '3.6582', '35.8794', '3.6582'] Metrics = ['0.0280', '35.8794', '3.6582', '0.0000']
2025-10-29 01:08:23,168 - TopNet - INFO - Test[10510/10518] Taxonomy = 03636649 Sample = ea9ec4d9db2e06202471e6dd5ac3ef92 Losses = ['19.5301', '1.4109', '19.5301', '1.4109'] Metrics = ['0.2213', '19.5301', '1.4109', '0.0000']
2025-10-29 01:08:23,651 - TopNet - INFO - [Validation] EPOCH: 40  Metrics = ['0.0587', '37.6375', '4.7232', '0.0000']
2025-10-29 01:08:23,651 - TopNet - INFO - ============================ TEST RESULTS ============================
2025-10-29 01:08:23,651 - TopNet - INFO - Taxonomy	#Sample	F-Score	CDL1	CDL2	EMDistance	#ModelName	
2025-10-29 01:08:23,651 - TopNet - INFO - 03759954	14	0.078 	41.467 	7.072 	0.000 	microphone	
2025-10-29 01:08:23,652 - TopNet - INFO - 04330267	44	0.028 	40.217 	4.743 	0.000 	stove	
2025-10-29 01:08:23,652 - TopNet - INFO - 03261776	15	0.039 	46.595 	10.572 	0.000 	earphone	
2025-10-29 01:08:23,652 - TopNet - INFO - 03513137	33	0.010 	59.117 	10.477 	0.000 	helmet	
2025-10-29 01:08:23,652 - TopNet - INFO - 04460130	27	0.066 	34.266 	3.576 	0.000 	tower	
2025-10-29 01:08:23,652 - TopNet - INFO - 04468005	78	0.076 	27.984 	2.380 	0.000 	train	
2025-10-29 01:08:23,652 - TopNet - INFO - 03761084	31	0.014 	46.174 	6.090 	0.000 	microwaves	
2025-10-29 01:08:23,652 - TopNet - INFO - 04004475	34	0.019 	46.058 	6.605 	0.000 	printer	
2025-10-29 01:08:23,652 - TopNet - INFO - 03938244	20	0.018 	50.226 	7.165 	0.000 	pillow	
2025-10-29 01:08:23,652 - TopNet - INFO - 02992529	167	0.055 	27.957 	2.152 	0.000 	cellphone	
2025-10-29 01:08:23,652 - TopNet - INFO - 02808440	172	0.028 	40.377 	5.115 	0.000 	bathtub	
2025-10-29 01:08:23,652 - TopNet - INFO - 04530566	388	0.089 	29.040 	2.620 	0.000 	watercraft	
2025-10-29 01:08:23,652 - TopNet - INFO - 02871439	91	0.037 	37.000 	4.371 	0.000 	bookshelf	
2025-10-29 01:08:23,652 - TopNet - INFO - 03593526	120	0.023 	47.552 	7.001 	0.000 	jar	
2025-10-29 01:08:23,652 - TopNet - INFO - 04554684	34	0.013 	46.854 	5.928 	0.000 	washer	
2025-10-29 01:08:23,652 - TopNet - INFO - 03467517	160	0.267 	18.220 	1.106 	0.000 	guitar	
2025-10-29 01:08:23,652 - TopNet - INFO - 04401088	218	0.055 	28.022 	2.206 	0.000 	telephone	
2025-10-29 01:08:23,652 - TopNet - INFO - 02954340	12	0.010 	69.309 	15.482 	0.000 	cap	
2025-10-29 01:08:23,652 - TopNet - INFO - 02933112	315	0.027 	35.909 	3.614 	0.000 	cabinet	
2025-10-29 01:08:23,652 - TopNet - INFO - 03642806	92	0.064 	27.107 	2.122 	0.000 	laptop	
2025-10-29 01:08:23,652 - TopNet - INFO - 02924116	188	0.058 	28.592 	2.364 	0.000 	bus	
2025-10-29 01:08:23,652 - TopNet - INFO - 02946921	22	0.013 	47.226 	6.391 	0.000 	can	
2025-10-29 01:08:23,652 - TopNet - INFO - 02818832	47	0.025 	43.041 	5.702 	0.000 	bed	
2025-10-29 01:08:23,652 - TopNet - INFO - 04256520	635	0.031 	36.014 	3.669 	0.000 	sofa	
2025-10-29 01:08:23,652 - TopNet - INFO - 04379243	1687	0.066 	32.413 	3.649 	0.000 	table	
2025-10-29 01:08:23,652 - TopNet - INFO - 02747177	69	0.017 	40.748 	4.768 	0.000 	trash bin	
2025-10-29 01:08:23,652 - TopNet - INFO - 03046257	131	0.037 	37.986 	4.316 	0.000 	clock	
2025-10-29 01:08:23,652 - TopNet - INFO - 04225987	31	0.110 	27.026 	2.506 	0.000 	skateboard	
2025-10-29 01:08:23,652 - TopNet - INFO - 03797390	43	0.014 	44.621 	5.811 	0.000 	mug	
2025-10-29 01:08:23,652 - TopNet - INFO - 03001627	1356	0.042 	36.139 	4.050 	0.000 	chair	
2025-10-29 01:08:23,652 - TopNet - INFO - 03691459	320	0.022 	42.483 	5.331 	0.000 	loudspeaker	
2025-10-29 01:08:23,652 - TopNet - INFO - 02942699	23	0.019 	49.010 	7.513 	0.000 	camera	
2025-10-29 01:08:23,652 - TopNet - INFO - 03636649	464	0.061 	40.859 	6.070 	0.000 	lamp	
2025-10-29 01:08:23,652 - TopNet - INFO - 02691156	809	0.150 	23.529 	1.904 	0.000 	airplane	
2025-10-29 01:08:23,652 - TopNet - INFO - 02773838	17	0.036 	40.608 	5.129 	0.000 	bag	
2025-10-29 01:08:23,652 - TopNet - INFO - 02958343	703	0.043 	30.288 	2.553 	0.000 	car	
2025-10-29 01:08:23,652 - TopNet - INFO - 02880940	38	0.017 	47.905 	6.823 	0.000 	bowl	
2025-10-29 01:08:23,652 - TopNet - INFO - 04099429	17	0.193 	25.842 	2.375 	0.000 	rocket	
2025-10-29 01:08:23,652 - TopNet - INFO - 02828884	363	0.080 	30.232 	3.110 	0.000 	bench	
2025-10-29 01:08:23,652 - TopNet - INFO - 04090263	475	0.274 	18.567 	1.286 	0.000 	rifle	
2025-10-29 01:08:23,652 - TopNet - INFO - 03211117	219	0.047 	35.101 	3.722 	0.000 	display	
2025-10-29 01:08:23,652 - TopNet - INFO - 02876657	100	0.039 	35.631 	3.747 	0.000 	bottle	
2025-10-29 01:08:23,652 - TopNet - INFO - 03710193	19	0.050 	38.547 	4.471 	0.000 	mailbox	
2025-10-29 01:08:23,652 - TopNet - INFO - 03790512	68	0.057 	31.612 	3.084 	0.000 	motorbike	
2025-10-29 01:08:23,652 - TopNet - INFO - 03325088	149	0.041 	41.262 	6.126 	0.000 	faucet	
2025-10-29 01:08:23,652 - TopNet - INFO - 02801938	23	0.016 	47.242 	6.546 	0.000 	basket	
2025-10-29 01:08:23,652 - TopNet - INFO - 03337140	60	0.024 	38.672 	4.343 	0.000 	file cabinet	
2025-10-29 01:08:23,652 - TopNet - INFO - 02843684	15	0.019 	42.708 	5.371 	0.000 	birdhouse	
2025-10-29 01:08:23,652 - TopNet - INFO - 03624134	85	0.263 	18.119 	1.108 	0.000 	knife	
2025-10-29 01:08:23,652 - TopNet - INFO - 03991062	121	0.020 	46.342 	6.562 	0.000 	flowerpot	
2025-10-29 01:08:23,653 - TopNet - INFO - 03948459	62	0.120 	24.228 	1.905 	0.000 	pistol	
2025-10-29 01:08:23,653 - TopNet - INFO - 03928116	48	0.024 	44.470 	6.136 	0.000 	piano	
2025-10-29 01:08:23,653 - TopNet - INFO - 03207941	19	0.015 	45.448 	5.828 	0.000 	dishwasher	
2025-10-29 01:08:23,653 - TopNet - INFO - 04074963	14	0.036 	36.501 	3.570 	0.000 	remote	
2025-10-29 01:08:23,653 - TopNet - INFO - 03085013	13	0.135 	21.603 	1.538 	0.000 	keyboard	
2025-10-29 01:08:23,653 - TopNet - INFO - Overall		0.059 	37.638 	4.723 	0.000 	
2025-10-29 01:08:23,749 - TopNet - INFO - Save checkpoint at ./experiments/TopNet/ShapeNet55_models/TopNet_fog/ckpt-last.pth
2025-10-29 01:08:24,060 - TopNet - INFO - [Epoch 41/150][Batch 1/2622] BatchTime = 0.311 (s) DataTime = 0.071 (s) Losses = ['3.5860', '3.5860'] lr = 0.0010000
2025-10-29 01:08:49,716 - TopNet - INFO - [Epoch 41/150][Batch 101/2622] BatchTime = 0.213 (s) DataTime = 0.001 (s) Losses = ['3.6082', '3.6082'] lr = 0.0010000
2025-10-29 01:09:18,847 - TopNet - INFO - [Epoch 41/150][Batch 201/2622] BatchTime = 0.301 (s) DataTime = 0.001 (s) Losses = ['4.7692', '4.7692'] lr = 0.0010000
2025-10-29 01:09:46,770 - TopNet - INFO - [Epoch 41/150][Batch 301/2622] BatchTime = 0.247 (s) DataTime = 0.001 (s) Losses = ['4.9994', '4.9994'] lr = 0.0010000
2025-10-29 01:10:15,349 - TopNet - INFO - [Epoch 41/150][Batch 401/2622] BatchTime = 0.157 (s) DataTime = 0.001 (s) Losses = ['3.2781', '3.2781'] lr = 0.0010000
2025-10-29 01:10:44,472 - TopNet - INFO - [Epoch 41/150][Batch 501/2622] BatchTime = 0.271 (s) DataTime = 0.001 (s) Losses = ['5.2476', '5.2476'] lr = 0.0010000
2025-10-29 01:11:12,070 - TopNet - INFO - [Epoch 41/150][Batch 601/2622] BatchTime = 0.113 (s) DataTime = 0.001 (s) Losses = ['3.6215', '3.6215'] lr = 0.0010000
2025-10-29 01:11:39,277 - TopNet - INFO - [Epoch 41/150][Batch 701/2622] BatchTime = 0.317 (s) DataTime = 0.001 (s) Losses = ['5.6266', '5.6266'] lr = 0.0010000
2025-10-29 01:12:07,018 - TopNet - INFO - [Epoch 41/150][Batch 801/2622] BatchTime = 0.341 (s) DataTime = 0.001 (s) Losses = ['3.4234', '3.4234'] lr = 0.0010000
2025-10-29 01:12:34,794 - TopNet - INFO - [Epoch 41/150][Batch 901/2622] BatchTime = 0.441 (s) DataTime = 0.001 (s) Losses = ['2.9815', '2.9815'] lr = 0.0010000
2025-10-29 01:13:01,806 - TopNet - INFO - [Epoch 41/150][Batch 1001/2622] BatchTime = 0.117 (s) DataTime = 0.001 (s) Losses = ['6.2777', '6.2777'] lr = 0.0010000
2025-10-29 01:13:28,454 - TopNet - INFO - [Epoch 41/150][Batch 1101/2622] BatchTime = 0.243 (s) DataTime = 0.001 (s) Losses = ['4.3489', '4.3489'] lr = 0.0010000
2025-10-29 01:13:54,209 - TopNet - INFO - [Epoch 41/150][Batch 1201/2622] BatchTime = 0.209 (s) DataTime = 0.001 (s) Losses = ['3.5459', '3.5459'] lr = 0.0010000
2025-10-29 01:14:21,169 - TopNet - INFO - [Epoch 41/150][Batch 1301/2622] BatchTime = 0.506 (s) DataTime = 0.001 (s) Losses = ['3.5218', '3.5218'] lr = 0.0010000
2025-10-29 01:14:46,953 - TopNet - INFO - [Epoch 41/150][Batch 1401/2622] BatchTime = 0.241 (s) DataTime = 0.001 (s) Losses = ['3.7396', '3.7396'] lr = 0.0010000
2025-10-29 01:15:13,558 - TopNet - INFO - [Epoch 41/150][Batch 1501/2622] BatchTime = 0.457 (s) DataTime = 0.001 (s) Losses = ['4.0017', '4.0017'] lr = 0.0010000
2025-10-29 01:15:40,630 - TopNet - INFO - [Epoch 41/150][Batch 1601/2622] BatchTime = 0.287 (s) DataTime = 0.001 (s) Losses = ['3.6568', '3.6568'] lr = 0.0010000
2025-10-29 01:16:07,532 - TopNet - INFO - [Epoch 41/150][Batch 1701/2622] BatchTime = 0.138 (s) DataTime = 0.001 (s) Losses = ['3.9362', '3.9362'] lr = 0.0010000
2025-10-29 01:16:33,535 - TopNet - INFO - [Epoch 41/150][Batch 1801/2622] BatchTime = 0.405 (s) DataTime = 0.001 (s) Losses = ['5.4235', '5.4235'] lr = 0.0010000
2025-10-29 01:17:01,884 - TopNet - INFO - [Epoch 41/150][Batch 1901/2622] BatchTime = 0.229 (s) DataTime = 0.001 (s) Losses = ['4.0596', '4.0596'] lr = 0.0010000
2025-10-29 01:17:30,022 - TopNet - INFO - [Epoch 41/150][Batch 2001/2622] BatchTime = 0.327 (s) DataTime = 0.001 (s) Losses = ['3.3649', '3.3649'] lr = 0.0010000
2025-10-29 01:17:56,171 - TopNet - INFO - [Epoch 41/150][Batch 2101/2622] BatchTime = 0.116 (s) DataTime = 0.001 (s) Losses = ['6.1627', '6.1627'] lr = 0.0010000
2025-10-29 01:18:23,277 - TopNet - INFO - [Epoch 41/150][Batch 2201/2622] BatchTime = 0.141 (s) DataTime = 0.001 (s) Losses = ['5.3805', '5.3805'] lr = 0.0010000
2025-10-29 01:18:51,298 - TopNet - INFO - [Epoch 41/150][Batch 2301/2622] BatchTime = 0.223 (s) DataTime = 0.001 (s) Losses = ['4.2217', '4.2217'] lr = 0.0010000
2025-10-29 01:19:19,299 - TopNet - INFO - [Epoch 41/150][Batch 2401/2622] BatchTime = 0.109 (s) DataTime = 0.001 (s) Losses = ['5.2778', '5.2778'] lr = 0.0010000
2025-10-29 01:19:48,046 - TopNet - INFO - [Epoch 41/150][Batch 2501/2622] BatchTime = 0.398 (s) DataTime = 0.001 (s) Losses = ['4.0352', '4.0352'] lr = 0.0010000
2025-10-29 01:20:13,761 - TopNet - INFO - [Epoch 41/150][Batch 2601/2622] BatchTime = 0.149 (s) DataTime = 0.001 (s) Losses = ['5.1033', '5.1033'] lr = 0.0010000
2025-10-29 01:20:19,135 - TopNet - INFO - [Training] EPOCH: 41 EpochTime = 715.385 (s) Losses = ['4.0400', '4.0400']
2025-10-29 01:20:19,223 - TopNet - INFO - Save checkpoint at ./experiments/TopNet/ShapeNet55_models/TopNet_fog/ckpt-last.pth
2025-10-29 01:20:19,413 - TopNet - INFO - [Epoch 42/150][Batch 1/2622] BatchTime = 0.189 (s) DataTime = 0.070 (s) Losses = ['3.6450', '3.6450'] lr = 0.0010000
2025-10-29 01:20:47,117 - TopNet - INFO - [Epoch 42/150][Batch 101/2622] BatchTime = 0.236 (s) DataTime = 0.001 (s) Losses = ['4.3859', '4.3859'] lr = 0.0010000
2025-10-29 01:21:14,328 - TopNet - INFO - [Epoch 42/150][Batch 201/2622] BatchTime = 0.138 (s) DataTime = 0.001 (s) Losses = ['3.8145', '3.8145'] lr = 0.0010000
2025-10-29 01:21:41,810 - TopNet - INFO - [Epoch 42/150][Batch 301/2622] BatchTime = 0.305 (s) DataTime = 0.001 (s) Losses = ['2.5237', '2.5237'] lr = 0.0010000
2025-10-29 01:22:09,061 - TopNet - INFO - [Epoch 42/150][Batch 401/2622] BatchTime = 0.112 (s) DataTime = 0.001 (s) Losses = ['5.9875', '5.9875'] lr = 0.0010000
2025-10-29 01:22:36,775 - TopNet - INFO - [Epoch 42/150][Batch 501/2622] BatchTime = 0.233 (s) DataTime = 0.001 (s) Losses = ['3.7905', '3.7905'] lr = 0.0010000
2025-10-29 01:23:05,863 - TopNet - INFO - [Epoch 42/150][Batch 601/2622] BatchTime = 0.114 (s) DataTime = 0.001 (s) Losses = ['4.7399', '4.7399'] lr = 0.0010000
2025-10-29 01:23:33,285 - TopNet - INFO - [Epoch 42/150][Batch 701/2622] BatchTime = 0.236 (s) DataTime = 0.001 (s) Losses = ['4.9137', '4.9137'] lr = 0.0010000
2025-10-29 01:23:59,475 - TopNet - INFO - [Epoch 42/150][Batch 801/2622] BatchTime = 0.141 (s) DataTime = 0.001 (s) Losses = ['3.8636', '3.8636'] lr = 0.0010000
2025-10-29 01:24:25,307 - TopNet - INFO - [Epoch 42/150][Batch 901/2622] BatchTime = 0.195 (s) DataTime = 0.001 (s) Losses = ['5.3591', '5.3591'] lr = 0.0010000
2025-10-29 01:24:53,363 - TopNet - INFO - [Epoch 42/150][Batch 1001/2622] BatchTime = 0.221 (s) DataTime = 0.001 (s) Losses = ['4.2598', '4.2598'] lr = 0.0010000
2025-10-29 01:25:21,142 - TopNet - INFO - [Epoch 42/150][Batch 1101/2622] BatchTime = 0.247 (s) DataTime = 0.001 (s) Losses = ['3.4547', '3.4547'] lr = 0.0010000
2025-10-29 01:25:50,577 - TopNet - INFO - [Epoch 42/150][Batch 1201/2622] BatchTime = 0.437 (s) DataTime = 0.001 (s) Losses = ['3.4817', '3.4817'] lr = 0.0010000
2025-10-29 01:26:16,641 - TopNet - INFO - [Epoch 42/150][Batch 1301/2622] BatchTime = 0.324 (s) DataTime = 0.001 (s) Losses = ['2.8999', '2.8999'] lr = 0.0010000
2025-10-29 01:26:42,513 - TopNet - INFO - [Epoch 42/150][Batch 1401/2622] BatchTime = 0.110 (s) DataTime = 0.001 (s) Losses = ['3.7473', '3.7473'] lr = 0.0010000
2025-10-29 01:27:10,997 - TopNet - INFO - [Epoch 42/150][Batch 1501/2622] BatchTime = 0.197 (s) DataTime = 0.001 (s) Losses = ['2.9888', '2.9888'] lr = 0.0010000
2025-10-29 01:27:38,611 - TopNet - INFO - [Epoch 42/150][Batch 1601/2622] BatchTime = 0.136 (s) DataTime = 0.001 (s) Losses = ['4.0764', '4.0764'] lr = 0.0010000
2025-10-29 01:28:08,199 - TopNet - INFO - [Epoch 42/150][Batch 1701/2622] BatchTime = 0.394 (s) DataTime = 0.001 (s) Losses = ['4.4281', '4.4281'] lr = 0.0010000
2025-10-29 01:28:39,170 - TopNet - INFO - [Epoch 42/150][Batch 1801/2622] BatchTime = 0.131 (s) DataTime = 0.001 (s) Losses = ['2.9013', '2.9013'] lr = 0.0010000
2025-10-29 01:29:07,518 - TopNet - INFO - [Epoch 42/150][Batch 1901/2622] BatchTime = 0.233 (s) DataTime = 0.001 (s) Losses = ['3.7633', '3.7633'] lr = 0.0010000
2025-10-29 01:29:35,627 - TopNet - INFO - [Epoch 42/150][Batch 2001/2622] BatchTime = 0.224 (s) DataTime = 0.001 (s) Losses = ['3.8256', '3.8256'] lr = 0.0010000
2025-10-29 01:30:02,661 - TopNet - INFO - [Epoch 42/150][Batch 2101/2622] BatchTime = 0.380 (s) DataTime = 0.001 (s) Losses = ['3.2353', '3.2353'] lr = 0.0010000
2025-10-29 01:30:31,412 - TopNet - INFO - [Epoch 42/150][Batch 2201/2622] BatchTime = 0.586 (s) DataTime = 0.001 (s) Losses = ['14.6734', '14.6734'] lr = 0.0010000
2025-10-29 01:30:58,365 - TopNet - INFO - [Epoch 42/150][Batch 2301/2622] BatchTime = 0.306 (s) DataTime = 0.001 (s) Losses = ['4.7112', '4.7112'] lr = 0.0010000
2025-10-29 01:31:23,605 - TopNet - INFO - [Epoch 42/150][Batch 2401/2622] BatchTime = 0.108 (s) DataTime = 0.001 (s) Losses = ['3.3863', '3.3863'] lr = 0.0010000
2025-10-29 01:31:52,582 - TopNet - INFO - [Epoch 42/150][Batch 2501/2622] BatchTime = 0.569 (s) DataTime = 0.001 (s) Losses = ['4.0784', '4.0784'] lr = 0.0010000
2025-10-29 01:32:19,313 - TopNet - INFO - [Epoch 42/150][Batch 2601/2622] BatchTime = 0.224 (s) DataTime = 0.001 (s) Losses = ['3.4775', '3.4775'] lr = 0.0010000
2025-10-29 01:32:25,170 - TopNet - INFO - [Training] EPOCH: 42 EpochTime = 725.946 (s) Losses = ['4.0330', '4.0330']
2025-10-29 01:32:25,260 - TopNet - INFO - Save checkpoint at ./experiments/TopNet/ShapeNet55_models/TopNet_fog/ckpt-last.pth
2025-10-29 01:32:25,758 - TopNet - INFO - [Epoch 43/150][Batch 1/2622] BatchTime = 0.498 (s) DataTime = 0.071 (s) Losses = ['3.0104', '3.0104'] lr = 0.0010000
2025-10-29 01:32:50,600 - TopNet - INFO - [Epoch 43/150][Batch 101/2622] BatchTime = 0.235 (s) DataTime = 0.001 (s) Losses = ['4.5185', '4.5185'] lr = 0.0010000
2025-10-29 01:33:17,507 - TopNet - INFO - [Epoch 43/150][Batch 201/2622] BatchTime = 0.337 (s) DataTime = 0.001 (s) Losses = ['3.7029', '3.7029'] lr = 0.0010000
2025-10-29 01:33:43,979 - TopNet - INFO - [Epoch 43/150][Batch 301/2622] BatchTime = 0.235 (s) DataTime = 0.001 (s) Losses = ['4.2076', '4.2076'] lr = 0.0010000
2025-10-29 01:34:11,889 - TopNet - INFO - [Epoch 43/150][Batch 401/2622] BatchTime = 0.133 (s) DataTime = 0.001 (s) Losses = ['4.6833', '4.6833'] lr = 0.0010000
2025-10-29 01:34:39,143 - TopNet - INFO - [Epoch 43/150][Batch 501/2622] BatchTime = 0.220 (s) DataTime = 0.001 (s) Losses = ['3.7193', '3.7193'] lr = 0.0010000
2025-10-29 01:35:07,412 - TopNet - INFO - [Epoch 43/150][Batch 601/2622] BatchTime = 0.110 (s) DataTime = 0.001 (s) Losses = ['3.7274', '3.7274'] lr = 0.0010000
2025-10-29 01:35:33,818 - TopNet - INFO - [Epoch 43/150][Batch 701/2622] BatchTime = 0.342 (s) DataTime = 0.001 (s) Losses = ['4.8991', '4.8991'] lr = 0.0010000
2025-10-29 01:36:01,309 - TopNet - INFO - [Epoch 43/150][Batch 801/2622] BatchTime = 0.299 (s) DataTime = 0.001 (s) Losses = ['4.9014', '4.9014'] lr = 0.0010000
2025-10-29 01:36:29,649 - TopNet - INFO - [Epoch 43/150][Batch 901/2622] BatchTime = 0.314 (s) DataTime = 0.001 (s) Losses = ['3.7927', '3.7927'] lr = 0.0010000
2025-10-29 01:36:58,420 - TopNet - INFO - [Epoch 43/150][Batch 1001/2622] BatchTime = 0.288 (s) DataTime = 0.001 (s) Losses = ['3.9286', '3.9286'] lr = 0.0010000
2025-10-29 01:37:25,825 - TopNet - INFO - [Epoch 43/150][Batch 1101/2622] BatchTime = 0.141 (s) DataTime = 0.001 (s) Losses = ['4.2167', '4.2167'] lr = 0.0010000
2025-10-29 01:37:53,438 - TopNet - INFO - [Epoch 43/150][Batch 1201/2622] BatchTime = 0.230 (s) DataTime = 0.001 (s) Losses = ['4.0741', '4.0741'] lr = 0.0010000
2025-10-29 01:38:20,747 - TopNet - INFO - [Epoch 43/150][Batch 1301/2622] BatchTime = 0.220 (s) DataTime = 0.001 (s) Losses = ['4.9867', '4.9867'] lr = 0.0010000
2025-10-29 01:38:48,456 - TopNet - INFO - [Epoch 43/150][Batch 1401/2622] BatchTime = 0.194 (s) DataTime = 0.001 (s) Losses = ['4.5269', '4.5269'] lr = 0.0010000
2025-10-29 01:39:14,247 - TopNet - INFO - [Epoch 43/150][Batch 1501/2622] BatchTime = 0.120 (s) DataTime = 0.001 (s) Losses = ['4.0350', '4.0350'] lr = 0.0010000
2025-10-29 01:39:40,898 - TopNet - INFO - [Epoch 43/150][Batch 1601/2622] BatchTime = 0.202 (s) DataTime = 0.001 (s) Losses = ['3.9886', '3.9886'] lr = 0.0010000
2025-10-29 01:40:06,377 - TopNet - INFO - [Epoch 43/150][Batch 1701/2622] BatchTime = 0.219 (s) DataTime = 0.001 (s) Losses = ['4.1103', '4.1103'] lr = 0.0010000
2025-10-29 01:40:32,427 - TopNet - INFO - [Epoch 43/150][Batch 1801/2622] BatchTime = 0.218 (s) DataTime = 0.001 (s) Losses = ['4.6772', '4.6772'] lr = 0.0010000
2025-10-29 01:41:01,256 - TopNet - INFO - [Epoch 43/150][Batch 1901/2622] BatchTime = 0.141 (s) DataTime = 0.001 (s) Losses = ['3.8425', '3.8425'] lr = 0.0010000
2025-10-29 01:41:28,225 - TopNet - INFO - [Epoch 43/150][Batch 2001/2622] BatchTime = 0.212 (s) DataTime = 0.001 (s) Losses = ['4.0412', '4.0412'] lr = 0.0010000
2025-10-29 01:41:55,342 - TopNet - INFO - [Epoch 43/150][Batch 2101/2622] BatchTime = 0.326 (s) DataTime = 0.001 (s) Losses = ['3.2067', '3.2067'] lr = 0.0010000
2025-10-29 01:42:23,037 - TopNet - INFO - [Epoch 43/150][Batch 2201/2622] BatchTime = 0.481 (s) DataTime = 0.001 (s) Losses = ['4.4478', '4.4478'] lr = 0.0010000
2025-10-29 01:42:48,532 - TopNet - INFO - [Epoch 43/150][Batch 2301/2622] BatchTime = 0.144 (s) DataTime = 0.001 (s) Losses = ['3.1750', '3.1750'] lr = 0.0010000
2025-10-29 01:43:14,825 - TopNet - INFO - [Epoch 43/150][Batch 2401/2622] BatchTime = 0.316 (s) DataTime = 0.001 (s) Losses = ['4.6002', '4.6002'] lr = 0.0010000
2025-10-29 01:43:41,687 - TopNet - INFO - [Epoch 43/150][Batch 2501/2622] BatchTime = 0.156 (s) DataTime = 0.001 (s) Losses = ['4.2544', '4.2544'] lr = 0.0010000
2025-10-29 01:44:08,626 - TopNet - INFO - [Epoch 43/150][Batch 2601/2622] BatchTime = 0.491 (s) DataTime = 0.001 (s) Losses = ['4.9363', '4.9363'] lr = 0.0010000
2025-10-29 01:44:14,780 - TopNet - INFO - [Training] EPOCH: 43 EpochTime = 709.520 (s) Losses = ['4.0113', '4.0113']
2025-10-29 01:44:14,871 - TopNet - INFO - Save checkpoint at ./experiments/TopNet/ShapeNet55_models/TopNet_fog/ckpt-last.pth
2025-10-29 01:44:15,159 - TopNet - INFO - [Epoch 44/150][Batch 1/2622] BatchTime = 0.287 (s) DataTime = 0.073 (s) Losses = ['4.1412', '4.1412'] lr = 0.0010000
2025-10-29 01:44:41,967 - TopNet - INFO - [Epoch 44/150][Batch 101/2622] BatchTime = 0.221 (s) DataTime = 0.001 (s) Losses = ['3.9038', '3.9038'] lr = 0.0010000
2025-10-29 01:45:08,392 - TopNet - INFO - [Epoch 44/150][Batch 201/2622] BatchTime = 0.230 (s) DataTime = 0.001 (s) Losses = ['3.1140', '3.1140'] lr = 0.0010000
2025-10-29 01:45:37,450 - TopNet - INFO - [Epoch 44/150][Batch 301/2622] BatchTime = 0.523 (s) DataTime = 0.001 (s) Losses = ['3.5538', '3.5538'] lr = 0.0010000
2025-10-29 01:46:04,051 - TopNet - INFO - [Epoch 44/150][Batch 401/2622] BatchTime = 0.198 (s) DataTime = 0.001 (s) Losses = ['5.9778', '5.9778'] lr = 0.0010000
2025-10-29 01:46:31,754 - TopNet - INFO - [Epoch 44/150][Batch 501/2622] BatchTime = 0.290 (s) DataTime = 0.001 (s) Losses = ['5.0307', '5.0307'] lr = 0.0010000
2025-10-29 01:46:58,743 - TopNet - INFO - [Epoch 44/150][Batch 601/2622] BatchTime = 0.318 (s) DataTime = 0.001 (s) Losses = ['5.7832', '5.7832'] lr = 0.0010000
2025-10-29 01:47:25,667 - TopNet - INFO - [Epoch 44/150][Batch 701/2622] BatchTime = 0.190 (s) DataTime = 0.001 (s) Losses = ['2.8357', '2.8357'] lr = 0.0010000
2025-10-29 01:47:53,608 - TopNet - INFO - [Epoch 44/150][Batch 801/2622] BatchTime = 0.216 (s) DataTime = 0.001 (s) Losses = ['3.6248', '3.6248'] lr = 0.0010000
2025-10-29 01:48:22,155 - TopNet - INFO - [Epoch 44/150][Batch 901/2622] BatchTime = 0.511 (s) DataTime = 0.001 (s) Losses = ['6.6154', '6.6154'] lr = 0.0010000
2025-10-29 01:48:50,717 - TopNet - INFO - [Epoch 44/150][Batch 1001/2622] BatchTime = 0.222 (s) DataTime = 0.001 (s) Losses = ['5.2820', '5.2820'] lr = 0.0010000
2025-10-29 01:49:17,349 - TopNet - INFO - [Epoch 44/150][Batch 1101/2622] BatchTime = 0.534 (s) DataTime = 0.001 (s) Losses = ['3.2835', '3.2835'] lr = 0.0010000
2025-10-29 01:49:43,973 - TopNet - INFO - [Epoch 44/150][Batch 1201/2622] BatchTime = 0.231 (s) DataTime = 0.001 (s) Losses = ['2.8327', '2.8327'] lr = 0.0010000
2025-10-29 01:50:11,477 - TopNet - INFO - [Epoch 44/150][Batch 1301/2622] BatchTime = 0.380 (s) DataTime = 0.001 (s) Losses = ['3.0895', '3.0895'] lr = 0.0010000
2025-10-29 01:50:38,418 - TopNet - INFO - [Epoch 44/150][Batch 1401/2622] BatchTime = 0.354 (s) DataTime = 0.001 (s) Losses = ['3.3440', '3.3440'] lr = 0.0010000
2025-10-29 01:51:04,027 - TopNet - INFO - [Epoch 44/150][Batch 1501/2622] BatchTime = 0.130 (s) DataTime = 0.001 (s) Losses = ['3.3500', '3.3500'] lr = 0.0010000
2025-10-29 01:51:28,269 - TopNet - INFO - [Epoch 44/150][Batch 1601/2622] BatchTime = 0.192 (s) DataTime = 0.001 (s) Losses = ['5.1969', '5.1969'] lr = 0.0010000
2025-10-29 01:51:57,456 - TopNet - INFO - [Epoch 44/150][Batch 1701/2622] BatchTime = 0.213 (s) DataTime = 0.001 (s) Losses = ['2.9039', '2.9039'] lr = 0.0010000
2025-10-29 01:52:23,632 - TopNet - INFO - [Epoch 44/150][Batch 1801/2622] BatchTime = 0.523 (s) DataTime = 0.001 (s) Losses = ['2.5504', '2.5504'] lr = 0.0010000
2025-10-29 01:52:53,260 - TopNet - INFO - [Epoch 44/150][Batch 1901/2622] BatchTime = 0.737 (s) DataTime = 0.001 (s) Losses = ['3.4147', '3.4147'] lr = 0.0010000
2025-10-29 01:53:20,122 - TopNet - INFO - [Epoch 44/150][Batch 2001/2622] BatchTime = 0.295 (s) DataTime = 0.001 (s) Losses = ['2.9615', '2.9615'] lr = 0.0010000
2025-10-29 01:53:45,916 - TopNet - INFO - [Epoch 44/150][Batch 2101/2622] BatchTime = 0.228 (s) DataTime = 0.001 (s) Losses = ['4.0497', '4.0497'] lr = 0.0010000
2025-10-29 01:54:13,387 - TopNet - INFO - [Epoch 44/150][Batch 2201/2622] BatchTime = 0.208 (s) DataTime = 0.001 (s) Losses = ['2.6311', '2.6311'] lr = 0.0010000
2025-10-29 01:54:39,468 - TopNet - INFO - [Epoch 44/150][Batch 2301/2622] BatchTime = 0.297 (s) DataTime = 0.001 (s) Losses = ['4.0474', '4.0474'] lr = 0.0010000
2025-10-29 01:55:07,392 - TopNet - INFO - [Epoch 44/150][Batch 2401/2622] BatchTime = 0.117 (s) DataTime = 0.001 (s) Losses = ['3.4718', '3.4718'] lr = 0.0010000
2025-10-29 01:55:33,140 - TopNet - INFO - [Epoch 44/150][Batch 2501/2622] BatchTime = 0.107 (s) DataTime = 0.001 (s) Losses = ['3.3256', '3.3256'] lr = 0.0010000
2025-10-29 01:56:00,019 - TopNet - INFO - [Epoch 44/150][Batch 2601/2622] BatchTime = 0.315 (s) DataTime = 0.001 (s) Losses = ['4.0491', '4.0491'] lr = 0.0010000
2025-10-29 01:56:06,084 - TopNet - INFO - [Training] EPOCH: 44 EpochTime = 711.212 (s) Losses = ['3.9830', '3.9830']
2025-10-29 01:56:06,185 - TopNet - INFO - Save checkpoint at ./experiments/TopNet/ShapeNet55_models/TopNet_fog/ckpt-last.pth
2025-10-29 01:56:06,468 - TopNet - INFO - [Epoch 45/150][Batch 1/2622] BatchTime = 0.283 (s) DataTime = 0.074 (s) Losses = ['3.8914', '3.8914'] lr = 0.0010000
2025-10-29 01:56:33,143 - TopNet - INFO - [Epoch 45/150][Batch 101/2622] BatchTime = 0.117 (s) DataTime = 0.001 (s) Losses = ['4.6403', '4.6403'] lr = 0.0010000
2025-10-29 01:57:01,049 - TopNet - INFO - [Epoch 45/150][Batch 201/2622] BatchTime = 0.110 (s) DataTime = 0.001 (s) Losses = ['3.4631', '3.4631'] lr = 0.0010000
2025-10-29 01:57:29,710 - TopNet - INFO - [Epoch 45/150][Batch 301/2622] BatchTime = 0.481 (s) DataTime = 0.001 (s) Losses = ['3.6553', '3.6553'] lr = 0.0010000
2025-10-29 01:57:58,105 - TopNet - INFO - [Epoch 45/150][Batch 401/2622] BatchTime = 0.373 (s) DataTime = 0.001 (s) Losses = ['4.0468', '4.0468'] lr = 0.0010000
2025-10-29 01:58:25,923 - TopNet - INFO - [Epoch 45/150][Batch 501/2622] BatchTime = 0.214 (s) DataTime = 0.001 (s) Losses = ['3.5616', '3.5616'] lr = 0.0010000
2025-10-29 01:58:55,844 - TopNet - INFO - [Epoch 45/150][Batch 601/2622] BatchTime = 0.211 (s) DataTime = 0.001 (s) Losses = ['4.1379', '4.1379'] lr = 0.0010000
2025-10-29 01:59:22,837 - TopNet - INFO - [Epoch 45/150][Batch 701/2622] BatchTime = 0.325 (s) DataTime = 0.001 (s) Losses = ['3.2125', '3.2125'] lr = 0.0010000
2025-10-29 01:59:51,495 - TopNet - INFO - [Epoch 45/150][Batch 801/2622] BatchTime = 0.241 (s) DataTime = 0.001 (s) Losses = ['3.8010', '3.8010'] lr = 0.0010000
2025-10-29 02:00:20,492 - TopNet - INFO - [Epoch 45/150][Batch 901/2622] BatchTime = 0.197 (s) DataTime = 0.001 (s) Losses = ['8.2263', '8.2263'] lr = 0.0010000
2025-10-29 02:00:48,446 - TopNet - INFO - [Epoch 45/150][Batch 1001/2622] BatchTime = 0.158 (s) DataTime = 0.001 (s) Losses = ['3.3805', '3.3805'] lr = 0.0010000
2025-10-29 02:01:16,717 - TopNet - INFO - [Epoch 45/150][Batch 1101/2622] BatchTime = 0.327 (s) DataTime = 0.001 (s) Losses = ['2.8737', '2.8737'] lr = 0.0010000
2025-10-29 02:01:41,959 - TopNet - INFO - [Epoch 45/150][Batch 1201/2622] BatchTime = 0.197 (s) DataTime = 0.001 (s) Losses = ['3.1938', '3.1938'] lr = 0.0010000
2025-10-29 02:02:11,251 - TopNet - INFO - [Epoch 45/150][Batch 1301/2622] BatchTime = 0.109 (s) DataTime = 0.001 (s) Losses = ['3.2615', '3.2615'] lr = 0.0010000
2025-10-29 02:02:35,828 - TopNet - INFO - [Epoch 45/150][Batch 1401/2622] BatchTime = 0.141 (s) DataTime = 0.001 (s) Losses = ['2.9064', '2.9064'] lr = 0.0010000
2025-10-29 02:03:02,708 - TopNet - INFO - [Epoch 45/150][Batch 1501/2622] BatchTime = 0.603 (s) DataTime = 0.001 (s) Losses = ['3.5026', '3.5026'] lr = 0.0010000
2025-10-29 02:03:31,111 - TopNet - INFO - [Epoch 45/150][Batch 1601/2622] BatchTime = 0.308 (s) DataTime = 0.001 (s) Losses = ['4.1663', '4.1663'] lr = 0.0010000
2025-10-29 02:03:57,739 - TopNet - INFO - [Epoch 45/150][Batch 1701/2622] BatchTime = 0.403 (s) DataTime = 0.001 (s) Losses = ['3.3177', '3.3177'] lr = 0.0010000
2025-10-29 02:04:24,621 - TopNet - INFO - [Epoch 45/150][Batch 1801/2622] BatchTime = 0.136 (s) DataTime = 0.001 (s) Losses = ['3.8271', '3.8271'] lr = 0.0010000
2025-10-29 02:04:52,000 - TopNet - INFO - [Epoch 45/150][Batch 1901/2622] BatchTime = 0.233 (s) DataTime = 0.001 (s) Losses = ['2.0832', '2.0832'] lr = 0.0010000
2025-10-29 02:05:19,246 - TopNet - INFO - [Epoch 45/150][Batch 2001/2622] BatchTime = 0.259 (s) DataTime = 0.001 (s) Losses = ['2.8685', '2.8685'] lr = 0.0010000
2025-10-29 02:05:47,056 - TopNet - INFO - [Epoch 45/150][Batch 2101/2622] BatchTime = 0.377 (s) DataTime = 0.001 (s) Losses = ['4.0064', '4.0064'] lr = 0.0010000
2025-10-29 02:06:14,024 - TopNet - INFO - [Epoch 45/150][Batch 2201/2622] BatchTime = 0.201 (s) DataTime = 0.001 (s) Losses = ['3.1273', '3.1273'] lr = 0.0010000
2025-10-29 02:06:40,411 - TopNet - INFO - [Epoch 45/150][Batch 2301/2622] BatchTime = 0.227 (s) DataTime = 0.001 (s) Losses = ['3.4420', '3.4420'] lr = 0.0010000
2025-10-29 02:07:06,987 - TopNet - INFO - [Epoch 45/150][Batch 2401/2622] BatchTime = 0.204 (s) DataTime = 0.001 (s) Losses = ['3.0635', '3.0635'] lr = 0.0010000
2025-10-29 02:07:34,675 - TopNet - INFO - [Epoch 45/150][Batch 2501/2622] BatchTime = 0.605 (s) DataTime = 0.001 (s) Losses = ['3.5671', '3.5671'] lr = 0.0010000
2025-10-29 02:08:01,980 - TopNet - INFO - [Epoch 45/150][Batch 2601/2622] BatchTime = 0.287 (s) DataTime = 0.001 (s) Losses = ['2.6979', '2.6979'] lr = 0.0010000
2025-10-29 02:08:08,553 - TopNet - INFO - [Training] EPOCH: 45 EpochTime = 722.368 (s) Losses = ['3.9668', '3.9668']
2025-10-29 02:08:08,554 - TopNet - INFO - [VALIDATION] Start validating epoch 45
2025-10-29 02:08:48,766 - TopNet - INFO - Test[1051/10518] Taxonomy = 02691156 Sample = c7749c0a8b61f43bc9b9e28055202e3d Losses = ['32.8881', '3.0257', '32.8881', '3.0257'] Metrics = ['0.0562', '32.8881', '3.0257', '0.0000']
2025-10-29 02:09:26,354 - TopNet - INFO - Test[2102/10518] Taxonomy = 03211117 Sample = ab2f9418c111cc6ddb965514105122a4 Losses = ['25.5933', '1.8061', '25.5933', '1.8061'] Metrics = ['0.0629', '25.5933', '1.8061', '0.0000']
2025-10-29 02:10:04,978 - TopNet - INFO - Test[3153/10518] Taxonomy = 02876657 Sample = c5032e4be091aabb36fe7a88df793982 Losses = ['45.4557', '6.2213', '45.4557', '6.2213'] Metrics = ['0.0220', '45.4557', '6.2213', '0.0000']
2025-10-29 02:10:45,422 - TopNet - INFO - Test[4204/10518] Taxonomy = 03211117 Sample = 722df1da5778d45b1e43523279c7f09f Losses = ['35.6608', '3.4137', '35.6608', '3.4137'] Metrics = ['0.0443', '35.6608', '3.4137', '0.0000']
2025-10-29 02:11:25,331 - TopNet - INFO - Test[5255/10518] Taxonomy = 02828884 Sample = 14b63361a48a9fffe4a048c146e8bd43 Losses = ['32.6402', '2.9836', '32.6402', '2.9836'] Metrics = ['0.0242', '32.6402', '2.9836', '0.0000']
2025-10-29 02:12:04,773 - TopNet - INFO - Test[6306/10518] Taxonomy = 03211117 Sample = d330d50a0255529d19ed6e1a590c9122 Losses = ['27.1579', '2.3493', '27.1579', '2.3493'] Metrics = ['0.0721', '27.1579', '2.3493', '0.0000']
2025-10-29 02:12:41,415 - TopNet - INFO - Test[7357/10518] Taxonomy = 04379243 Sample = b1ca280d9567270ade98d10ab5975b59 Losses = ['33.3430', '3.6927', '33.3430', '3.6927'] Metrics = ['0.0412', '33.3430', '3.6927', '0.0000']
2025-10-29 02:13:20,123 - TopNet - INFO - Test[8408/10518] Taxonomy = 03001627 Sample = 89208a619341d9fdb8c516ed5c4ce32 Losses = ['36.1266', '3.5001', '36.1266', '3.5001'] Metrics = ['0.0189', '36.1266', '3.5001', '0.0000']
2025-10-29 02:13:58,248 - TopNet - INFO - Test[9459/10518] Taxonomy = 03001627 Sample = d0255120e3351121c3bd24f986301745 Losses = ['36.4037', '3.9943', '36.4037', '3.9943'] Metrics = ['0.0242', '36.4037', '3.9943', '0.0000']
2025-10-29 02:14:37,529 - TopNet - INFO - Test[10510/10518] Taxonomy = 03636649 Sample = ea9ec4d9db2e06202471e6dd5ac3ef92 Losses = ['21.5842', '1.9129', '21.5842', '1.9129'] Metrics = ['0.2175', '21.5842', '1.9129', '0.0000']
2025-10-29 02:14:37,979 - TopNet - INFO - [Validation] EPOCH: 45  Metrics = ['0.0564', '37.6516', '4.7078', '0.0000']
2025-10-29 02:14:37,980 - TopNet - INFO - ============================ TEST RESULTS ============================
2025-10-29 02:14:37,980 - TopNet - INFO - Taxonomy	#Sample	F-Score	CDL1	CDL2	EMDistance	#ModelName	
2025-10-29 02:14:37,980 - TopNet - INFO - 03759954	14	0.069 	42.820 	7.760 	0.000 	microphone	
2025-10-29 02:14:37,980 - TopNet - INFO - 04330267	44	0.025 	42.492 	5.191 	0.000 	stove	
2025-10-29 02:14:37,980 - TopNet - INFO - 03261776	15	0.035 	50.918 	10.932 	0.000 	earphone	
2025-10-29 02:14:37,980 - TopNet - INFO - 03513137	33	0.009 	58.241 	10.366 	0.000 	helmet	
2025-10-29 02:14:37,980 - TopNet - INFO - 04460130	27	0.057 	34.998 	3.738 	0.000 	tower	
2025-10-29 02:14:37,980 - TopNet - INFO - 04468005	78	0.065 	29.511 	2.586 	0.000 	train	
2025-10-29 02:14:37,980 - TopNet - INFO - 03761084	31	0.013 	43.767 	5.369 	0.000 	microwaves	
2025-10-29 02:14:37,980 - TopNet - INFO - 04004475	34	0.020 	46.350 	6.569 	0.000 	printer	
2025-10-29 02:14:37,980 - TopNet - INFO - 03938244	20	0.018 	48.815 	7.049 	0.000 	pillow	
2025-10-29 02:14:37,980 - TopNet - INFO - 02992529	167	0.060 	27.749 	2.156 	0.000 	cellphone	
2025-10-29 02:14:37,980 - TopNet - INFO - 02808440	172	0.026 	40.122 	5.201 	0.000 	bathtub	
2025-10-29 02:14:37,980 - TopNet - INFO - 04530566	388	0.091 	28.508 	2.606 	0.000 	watercraft	
2025-10-29 02:14:37,980 - TopNet - INFO - 02871439	91	0.032 	36.931 	4.140 	0.000 	bookshelf	
2025-10-29 02:14:37,980 - TopNet - INFO - 03593526	120	0.020 	47.462 	6.896 	0.000 	jar	
2025-10-29 02:14:37,980 - TopNet - INFO - 04554684	34	0.013 	44.319 	5.409 	0.000 	washer	
2025-10-29 02:14:37,980 - TopNet - INFO - 03467517	160	0.274 	17.128 	0.957 	0.000 	guitar	
2025-10-29 02:14:37,980 - TopNet - INFO - 04401088	218	0.062 	26.906 	2.005 	0.000 	telephone	
2025-10-29 02:14:37,980 - TopNet - INFO - 02954340	12	0.013 	57.906 	11.926 	0.000 	cap	
2025-10-29 02:14:37,980 - TopNet - INFO - 02933112	315	0.026 	37.031 	3.857 	0.000 	cabinet	
2025-10-29 02:14:37,980 - TopNet - INFO - 03642806	92	0.063 	27.725 	2.318 	0.000 	laptop	
2025-10-29 02:14:37,980 - TopNet - INFO - 02924116	188	0.047 	32.007 	3.053 	0.000 	bus	
2025-10-29 02:14:37,980 - TopNet - INFO - 02946921	22	0.009 	50.541 	6.686 	0.000 	can	
2025-10-29 02:14:37,980 - TopNet - INFO - 02818832	47	0.024 	45.443 	6.844 	0.000 	bed	
2025-10-29 02:14:37,980 - TopNet - INFO - 04256520	635	0.030 	36.156 	3.692 	0.000 	sofa	
2025-10-29 02:14:37,980 - TopNet - INFO - 04379243	1687	0.072 	32.047 	3.697 	0.000 	table	
2025-10-29 02:14:37,980 - TopNet - INFO - 02747177	69	0.015 	41.683 	4.958 	0.000 	trash bin	
2025-10-29 02:14:37,980 - TopNet - INFO - 03046257	131	0.034 	39.255 	4.615 	0.000 	clock	
2025-10-29 02:14:37,980 - TopNet - INFO - 04225987	31	0.111 	26.107 	2.389 	0.000 	skateboard	
2025-10-29 02:14:37,980 - TopNet - INFO - 03797390	43	0.010 	48.381 	6.605 	0.000 	mug	
2025-10-29 02:14:37,980 - TopNet - INFO - 03001627	1356	0.040 	36.233 	4.104 	0.000 	chair	
2025-10-29 02:14:37,980 - TopNet - INFO - 03691459	320	0.020 	43.729 	5.631 	0.000 	loudspeaker	
2025-10-29 02:14:37,980 - TopNet - INFO - 02942699	23	0.015 	51.917 	8.144 	0.000 	camera	
2025-10-29 02:14:37,980 - TopNet - INFO - 03636649	464	0.056 	41.118 	6.100 	0.000 	lamp	
2025-10-29 02:14:37,980 - TopNet - INFO - 02691156	809	0.145 	23.287 	1.885 	0.000 	airplane	
2025-10-29 02:14:37,980 - TopNet - INFO - 02773838	17	0.028 	41.929 	5.481 	0.000 	bag	
2025-10-29 02:14:37,980 - TopNet - INFO - 02958343	703	0.042 	31.212 	2.785 	0.000 	car	
2025-10-29 02:14:37,980 - TopNet - INFO - 02880940	38	0.017 	44.926 	6.030 	0.000 	bowl	
2025-10-29 02:14:37,980 - TopNet - INFO - 04099429	17	0.161 	24.648 	2.059 	0.000 	rocket	
2025-10-29 02:14:37,980 - TopNet - INFO - 02828884	363	0.085 	29.656 	2.973 	0.000 	bench	
2025-10-29 02:14:37,980 - TopNet - INFO - 04090263	475	0.263 	18.898 	1.332 	0.000 	rifle	
2025-10-29 02:14:37,980 - TopNet - INFO - 03211117	219	0.047 	34.274 	3.539 	0.000 	display	
2025-10-29 02:14:37,980 - TopNet - INFO - 02876657	100	0.037 	35.832 	3.687 	0.000 	bottle	
2025-10-29 02:14:37,980 - TopNet - INFO - 03710193	19	0.044 	40.307 	5.138 	0.000 	mailbox	
2025-10-29 02:14:37,980 - TopNet - INFO - 03790512	68	0.058 	31.921 	3.151 	0.000 	motorbike	
2025-10-29 02:14:37,980 - TopNet - INFO - 03325088	149	0.044 	40.111 	5.596 	0.000 	faucet	
2025-10-29 02:14:37,980 - TopNet - INFO - 02801938	23	0.020 	43.375 	5.687 	0.000 	basket	
2025-10-29 02:14:37,980 - TopNet - INFO - 03337140	60	0.025 	38.946 	4.259 	0.000 	file cabinet	
2025-10-29 02:14:37,980 - TopNet - INFO - 02843684	15	0.022 	40.351 	5.090 	0.000 	birdhouse	
2025-10-29 02:14:37,980 - TopNet - INFO - 03624134	85	0.255 	17.678 	1.064 	0.000 	knife	
2025-10-29 02:14:37,981 - TopNet - INFO - 03991062	121	0.017 	47.685 	6.715 	0.000 	flowerpot	
2025-10-29 02:14:37,981 - TopNet - INFO - 03948459	62	0.105 	25.218 	2.083 	0.000 	pistol	
2025-10-29 02:14:37,981 - TopNet - INFO - 03928116	48	0.026 	45.047 	6.291 	0.000 	piano	
2025-10-29 02:14:37,981 - TopNet - INFO - 03207941	19	0.012 	45.809 	5.894 	0.000 	dishwasher	
2025-10-29 02:14:37,981 - TopNet - INFO - 04074963	14	0.041 	33.082 	2.832 	0.000 	remote	
2025-10-29 02:14:37,981 - TopNet - INFO - 03085013	13	0.133 	22.334 	1.808 	0.000 	keyboard	
2025-10-29 02:14:37,981 - TopNet - INFO - Overall		0.056 	37.652 	4.708 	0.000 	
2025-10-29 02:14:38,078 - TopNet - INFO - Save checkpoint at ./experiments/TopNet/ShapeNet55_models/TopNet_fog/ckpt-last.pth
2025-10-29 02:14:38,365 - TopNet - INFO - [Epoch 46/150][Batch 1/2622] BatchTime = 0.287 (s) DataTime = 0.072 (s) Losses = ['4.8411', '4.8411'] lr = 0.0010000
2025-10-29 02:15:04,585 - TopNet - INFO - [Epoch 46/150][Batch 101/2622] BatchTime = 0.286 (s) DataTime = 0.001 (s) Losses = ['3.3215', '3.3215'] lr = 0.0010000
2025-10-29 02:15:31,947 - TopNet - INFO - [Epoch 46/150][Batch 201/2622] BatchTime = 0.123 (s) DataTime = 0.001 (s) Losses = ['3.3004', '3.3004'] lr = 0.0010000
2025-10-29 02:15:59,987 - TopNet - INFO - [Epoch 46/150][Batch 301/2622] BatchTime = 0.114 (s) DataTime = 0.001 (s) Losses = ['3.8886', '3.8886'] lr = 0.0010000
2025-10-29 02:16:27,982 - TopNet - INFO - [Epoch 46/150][Batch 401/2622] BatchTime = 0.399 (s) DataTime = 0.001 (s) Losses = ['3.1027', '3.1027'] lr = 0.0010000
2025-10-29 02:16:54,780 - TopNet - INFO - [Epoch 46/150][Batch 501/2622] BatchTime = 0.413 (s) DataTime = 0.001 (s) Losses = ['2.6454', '2.6454'] lr = 0.0010000
2025-10-29 02:17:22,212 - TopNet - INFO - [Epoch 46/150][Batch 601/2622] BatchTime = 0.133 (s) DataTime = 0.001 (s) Losses = ['4.1073', '4.1073'] lr = 0.0010000
2025-10-29 02:17:49,121 - TopNet - INFO - [Epoch 46/150][Batch 701/2622] BatchTime = 0.370 (s) DataTime = 0.001 (s) Losses = ['2.9272', '2.9272'] lr = 0.0010000
2025-10-29 02:18:17,535 - TopNet - INFO - [Epoch 46/150][Batch 801/2622] BatchTime = 0.393 (s) DataTime = 0.001 (s) Losses = ['5.0329', '5.0329'] lr = 0.0010000
2025-10-29 02:18:44,283 - TopNet - INFO - [Epoch 46/150][Batch 901/2622] BatchTime = 0.351 (s) DataTime = 0.001 (s) Losses = ['4.7065', '4.7065'] lr = 0.0010000
2025-10-29 02:19:11,791 - TopNet - INFO - [Epoch 46/150][Batch 1001/2622] BatchTime = 0.344 (s) DataTime = 0.001 (s) Losses = ['5.0876', '5.0876'] lr = 0.0010000
2025-10-29 02:19:38,149 - TopNet - INFO - [Epoch 46/150][Batch 1101/2622] BatchTime = 0.288 (s) DataTime = 0.001 (s) Losses = ['5.4924', '5.4924'] lr = 0.0010000
2025-10-29 02:20:06,085 - TopNet - INFO - [Epoch 46/150][Batch 1201/2622] BatchTime = 0.412 (s) DataTime = 0.001 (s) Losses = ['5.6083', '5.6083'] lr = 0.0010000
2025-10-29 02:20:36,080 - TopNet - INFO - [Epoch 46/150][Batch 1301/2622] BatchTime = 0.144 (s) DataTime = 0.001 (s) Losses = ['3.6988', '3.6988'] lr = 0.0010000
2025-10-29 02:21:02,650 - TopNet - INFO - [Epoch 46/150][Batch 1401/2622] BatchTime = 0.197 (s) DataTime = 0.001 (s) Losses = ['2.6943', '2.6943'] lr = 0.0010000
2025-10-29 02:21:30,310 - TopNet - INFO - [Epoch 46/150][Batch 1501/2622] BatchTime = 0.365 (s) DataTime = 0.001 (s) Losses = ['4.1104', '4.1104'] lr = 0.0010000
2025-10-29 02:21:58,729 - TopNet - INFO - [Epoch 46/150][Batch 1601/2622] BatchTime = 0.395 (s) DataTime = 0.001 (s) Losses = ['5.7040', '5.7040'] lr = 0.0010000
2025-10-29 02:22:27,124 - TopNet - INFO - [Epoch 46/150][Batch 1701/2622] BatchTime = 0.329 (s) DataTime = 0.001 (s) Losses = ['3.1461', '3.1461'] lr = 0.0010000
2025-10-29 02:22:52,805 - TopNet - INFO - [Epoch 46/150][Batch 1801/2622] BatchTime = 0.313 (s) DataTime = 0.001 (s) Losses = ['2.9759', '2.9759'] lr = 0.0010000
2025-10-29 02:23:19,939 - TopNet - INFO - [Epoch 46/150][Batch 1901/2622] BatchTime = 0.207 (s) DataTime = 0.001 (s) Losses = ['2.4190', '2.4190'] lr = 0.0010000
2025-10-29 02:23:47,178 - TopNet - INFO - [Epoch 46/150][Batch 2001/2622] BatchTime = 0.312 (s) DataTime = 0.001 (s) Losses = ['3.7039', '3.7039'] lr = 0.0010000
2025-10-29 02:24:13,388 - TopNet - INFO - [Epoch 46/150][Batch 2101/2622] BatchTime = 0.255 (s) DataTime = 0.001 (s) Losses = ['3.3491', '3.3491'] lr = 0.0010000
2025-10-29 02:24:40,771 - TopNet - INFO - [Epoch 46/150][Batch 2201/2622] BatchTime = 0.392 (s) DataTime = 0.001 (s) Losses = ['4.4481', '4.4481'] lr = 0.0010000
2025-10-29 02:25:07,780 - TopNet - INFO - [Epoch 46/150][Batch 2301/2622] BatchTime = 0.136 (s) DataTime = 0.001 (s) Losses = ['3.2930', '3.2930'] lr = 0.0010000
2025-10-29 02:25:33,669 - TopNet - INFO - [Epoch 46/150][Batch 2401/2622] BatchTime = 0.225 (s) DataTime = 0.001 (s) Losses = ['4.2478', '4.2478'] lr = 0.0010000
2025-10-29 02:26:00,583 - TopNet - INFO - [Epoch 46/150][Batch 2501/2622] BatchTime = 0.357 (s) DataTime = 0.001 (s) Losses = ['3.0726', '3.0726'] lr = 0.0010000
2025-10-29 02:26:27,840 - TopNet - INFO - [Epoch 46/150][Batch 2601/2622] BatchTime = 0.424 (s) DataTime = 0.001 (s) Losses = ['3.6473', '3.6473'] lr = 0.0010000
2025-10-29 02:26:34,566 - TopNet - INFO - [Training] EPOCH: 46 EpochTime = 716.487 (s) Losses = ['3.9627', '3.9627']
2025-10-29 02:26:34,663 - TopNet - INFO - Save checkpoint at ./experiments/TopNet/ShapeNet55_models/TopNet_fog/ckpt-last.pth
2025-10-29 02:26:34,857 - TopNet - INFO - [Epoch 47/150][Batch 1/2622] BatchTime = 0.194 (s) DataTime = 0.070 (s) Losses = ['6.4726', '6.4726'] lr = 0.0010000
2025-10-29 02:27:01,399 - TopNet - INFO - [Epoch 47/150][Batch 101/2622] BatchTime = 0.225 (s) DataTime = 0.001 (s) Losses = ['3.9687', '3.9687'] lr = 0.0010000
2025-10-29 02:27:28,715 - TopNet - INFO - [Epoch 47/150][Batch 201/2622] BatchTime = 0.290 (s) DataTime = 0.001 (s) Losses = ['5.2746', '5.2746'] lr = 0.0010000
2025-10-29 02:27:57,155 - TopNet - INFO - [Epoch 47/150][Batch 301/2622] BatchTime = 0.217 (s) DataTime = 0.001 (s) Losses = ['5.7896', '5.7896'] lr = 0.0010000
2025-10-29 02:28:21,378 - TopNet - INFO - [Epoch 47/150][Batch 401/2622] BatchTime = 0.429 (s) DataTime = 0.001 (s) Losses = ['4.8582', '4.8582'] lr = 0.0010000
2025-10-29 02:28:47,292 - TopNet - INFO - [Epoch 47/150][Batch 501/2622] BatchTime = 0.114 (s) DataTime = 0.001 (s) Losses = ['3.2636', '3.2636'] lr = 0.0010000
2025-10-29 02:29:14,812 - TopNet - INFO - [Epoch 47/150][Batch 601/2622] BatchTime = 0.382 (s) DataTime = 0.001 (s) Losses = ['4.4853', '4.4853'] lr = 0.0010000
2025-10-29 02:29:41,895 - TopNet - INFO - [Epoch 47/150][Batch 701/2622] BatchTime = 0.203 (s) DataTime = 0.001 (s) Losses = ['2.9224', '2.9224'] lr = 0.0010000
2025-10-29 02:30:10,680 - TopNet - INFO - [Epoch 47/150][Batch 801/2622] BatchTime = 0.508 (s) DataTime = 0.001 (s) Losses = ['3.5533', '3.5533'] lr = 0.0010000
2025-10-29 02:30:37,183 - TopNet - INFO - [Epoch 47/150][Batch 901/2622] BatchTime = 0.116 (s) DataTime = 0.001 (s) Losses = ['4.7237', '4.7237'] lr = 0.0010000
2025-10-29 02:31:05,003 - TopNet - INFO - [Epoch 47/150][Batch 1001/2622] BatchTime = 0.238 (s) DataTime = 0.001 (s) Losses = ['3.7793', '3.7793'] lr = 0.0010000
2025-10-29 02:31:32,807 - TopNet - INFO - [Epoch 47/150][Batch 1101/2622] BatchTime = 0.204 (s) DataTime = 0.001 (s) Losses = ['5.1858', '5.1858'] lr = 0.0010000
2025-10-29 02:31:59,317 - TopNet - INFO - [Epoch 47/150][Batch 1201/2622] BatchTime = 0.292 (s) DataTime = 0.001 (s) Losses = ['3.8827', '3.8827'] lr = 0.0010000
2025-10-29 02:32:26,976 - TopNet - INFO - [Epoch 47/150][Batch 1301/2622] BatchTime = 0.217 (s) DataTime = 0.001 (s) Losses = ['3.5249', '3.5249'] lr = 0.0010000
2025-10-29 02:32:54,356 - TopNet - INFO - [Epoch 47/150][Batch 1401/2622] BatchTime = 0.229 (s) DataTime = 0.001 (s) Losses = ['4.1274', '4.1274'] lr = 0.0010000
2025-10-29 02:33:21,991 - TopNet - INFO - [Epoch 47/150][Batch 1501/2622] BatchTime = 0.199 (s) DataTime = 0.001 (s) Losses = ['3.6051', '3.6051'] lr = 0.0010000
2025-10-29 02:33:50,107 - TopNet - INFO - [Epoch 47/150][Batch 1601/2622] BatchTime = 0.404 (s) DataTime = 0.001 (s) Losses = ['5.4089', '5.4089'] lr = 0.0010000
2025-10-29 02:34:16,970 - TopNet - INFO - [Epoch 47/150][Batch 1701/2622] BatchTime = 0.221 (s) DataTime = 0.001 (s) Losses = ['3.1728', '3.1728'] lr = 0.0010000
2025-10-29 02:34:46,059 - TopNet - INFO - [Epoch 47/150][Batch 1801/2622] BatchTime = 0.290 (s) DataTime = 0.001 (s) Losses = ['3.5981', '3.5981'] lr = 0.0010000
2025-10-29 02:35:14,374 - TopNet - INFO - [Epoch 47/150][Batch 1901/2622] BatchTime = 0.108 (s) DataTime = 0.001 (s) Losses = ['2.6507', '2.6507'] lr = 0.0010000
2025-10-29 02:35:39,581 - TopNet - INFO - [Epoch 47/150][Batch 2001/2622] BatchTime = 0.525 (s) DataTime = 0.001 (s) Losses = ['4.5146', '4.5146'] lr = 0.0010000
2025-10-29 02:36:08,287 - TopNet - INFO - [Epoch 47/150][Batch 2101/2622] BatchTime = 0.538 (s) DataTime = 0.001 (s) Losses = ['5.0182', '5.0182'] lr = 0.0010000
2025-10-29 02:36:34,638 - TopNet - INFO - [Epoch 47/150][Batch 2201/2622] BatchTime = 0.350 (s) DataTime = 0.001 (s) Losses = ['4.2481', '4.2481'] lr = 0.0010000
2025-10-29 02:37:03,159 - TopNet - INFO - [Epoch 47/150][Batch 2301/2622] BatchTime = 0.389 (s) DataTime = 0.001 (s) Losses = ['4.2083', '4.2083'] lr = 0.0010000
2025-10-29 02:37:30,637 - TopNet - INFO - [Epoch 47/150][Batch 2401/2622] BatchTime = 0.119 (s) DataTime = 0.001 (s) Losses = ['3.4400', '3.4400'] lr = 0.0010000
2025-10-29 02:37:57,011 - TopNet - INFO - [Epoch 47/150][Batch 2501/2622] BatchTime = 0.216 (s) DataTime = 0.001 (s) Losses = ['3.9335', '3.9335'] lr = 0.0010000
2025-10-29 02:38:22,731 - TopNet - INFO - [Epoch 47/150][Batch 2601/2622] BatchTime = 0.336 (s) DataTime = 0.001 (s) Losses = ['4.6707', '4.6707'] lr = 0.0010000
2025-10-29 02:38:28,856 - TopNet - INFO - [Training] EPOCH: 47 EpochTime = 714.192 (s) Losses = ['3.9270', '3.9270']
2025-10-29 02:38:28,954 - TopNet - INFO - Save checkpoint at ./experiments/TopNet/ShapeNet55_models/TopNet_fog/ckpt-last.pth
2025-10-29 02:38:29,601 - TopNet - INFO - [Epoch 48/150][Batch 1/2622] BatchTime = 0.647 (s) DataTime = 0.072 (s) Losses = ['4.6476', '4.6476'] lr = 0.0010000
2025-10-29 02:38:55,695 - TopNet - INFO - [Epoch 48/150][Batch 101/2622] BatchTime = 0.639 (s) DataTime = 0.001 (s) Losses = ['3.6173', '3.6173'] lr = 0.0010000
2025-10-29 02:39:22,365 - TopNet - INFO - [Epoch 48/150][Batch 201/2622] BatchTime = 0.227 (s) DataTime = 0.001 (s) Losses = ['2.6337', '2.6337'] lr = 0.0010000
2025-10-29 02:39:50,006 - TopNet - INFO - [Epoch 48/150][Batch 301/2622] BatchTime = 0.224 (s) DataTime = 0.001 (s) Losses = ['4.1755', '4.1755'] lr = 0.0010000
2025-10-29 02:40:16,559 - TopNet - INFO - [Epoch 48/150][Batch 401/2622] BatchTime = 0.181 (s) DataTime = 0.001 (s) Losses = ['3.7210', '3.7210'] lr = 0.0010000
2025-10-29 02:40:42,479 - TopNet - INFO - [Epoch 48/150][Batch 501/2622] BatchTime = 0.400 (s) DataTime = 0.001 (s) Losses = ['3.1431', '3.1431'] lr = 0.0010000
2025-10-29 02:41:09,740 - TopNet - INFO - [Epoch 48/150][Batch 601/2622] BatchTime = 0.400 (s) DataTime = 0.001 (s) Losses = ['4.7673', '4.7673'] lr = 0.0010000
2025-10-29 02:41:38,516 - TopNet - INFO - [Epoch 48/150][Batch 701/2622] BatchTime = 0.133 (s) DataTime = 0.001 (s) Losses = ['2.9362', '2.9362'] lr = 0.0010000
2025-10-29 02:42:04,686 - TopNet - INFO - [Epoch 48/150][Batch 801/2622] BatchTime = 0.498 (s) DataTime = 0.001 (s) Losses = ['3.3846', '3.3846'] lr = 0.0010000
2025-10-29 02:42:31,900 - TopNet - INFO - [Epoch 48/150][Batch 901/2622] BatchTime = 0.120 (s) DataTime = 0.001 (s) Losses = ['3.7830', '3.7830'] lr = 0.0010000
2025-10-29 02:42:59,849 - TopNet - INFO - [Epoch 48/150][Batch 1001/2622] BatchTime = 0.319 (s) DataTime = 0.001 (s) Losses = ['3.4707', '3.4707'] lr = 0.0010000
2025-10-29 02:43:26,686 - TopNet - INFO - [Epoch 48/150][Batch 1101/2622] BatchTime = 0.494 (s) DataTime = 0.001 (s) Losses = ['3.2024', '3.2024'] lr = 0.0010000
2025-10-29 02:43:52,284 - TopNet - INFO - [Epoch 48/150][Batch 1201/2622] BatchTime = 0.395 (s) DataTime = 0.001 (s) Losses = ['3.2363', '3.2363'] lr = 0.0010000
2025-10-29 02:44:19,389 - TopNet - INFO - [Epoch 48/150][Batch 1301/2622] BatchTime = 0.298 (s) DataTime = 0.001 (s) Losses = ['3.2401', '3.2401'] lr = 0.0010000
2025-10-29 02:44:46,058 - TopNet - INFO - [Epoch 48/150][Batch 1401/2622] BatchTime = 0.267 (s) DataTime = 0.001 (s) Losses = ['3.4750', '3.4750'] lr = 0.0010000
2025-10-29 02:45:16,156 - TopNet - INFO - [Epoch 48/150][Batch 1501/2622] BatchTime = 0.441 (s) DataTime = 0.001 (s) Losses = ['3.1530', '3.1530'] lr = 0.0010000
2025-10-29 02:45:44,434 - TopNet - INFO - [Epoch 48/150][Batch 1601/2622] BatchTime = 0.481 (s) DataTime = 0.001 (s) Losses = ['3.7765', '3.7765'] lr = 0.0010000
2025-10-29 02:46:13,333 - TopNet - INFO - [Epoch 48/150][Batch 1701/2622] BatchTime = 0.217 (s) DataTime = 0.001 (s) Losses = ['5.4802', '5.4802'] lr = 0.0010000
2025-10-29 02:46:40,367 - TopNet - INFO - [Epoch 48/150][Batch 1801/2622] BatchTime = 0.204 (s) DataTime = 0.001 (s) Losses = ['2.4504', '2.4504'] lr = 0.0010000
2025-10-29 02:47:08,271 - TopNet - INFO - [Epoch 48/150][Batch 1901/2622] BatchTime = 0.192 (s) DataTime = 0.001 (s) Losses = ['3.6394', '3.6394'] lr = 0.0010000
2025-10-29 02:47:33,211 - TopNet - INFO - [Epoch 48/150][Batch 2001/2622] BatchTime = 0.230 (s) DataTime = 0.001 (s) Losses = ['3.9293', '3.9293'] lr = 0.0010000
2025-10-29 02:48:02,353 - TopNet - INFO - [Epoch 48/150][Batch 2101/2622] BatchTime = 0.392 (s) DataTime = 0.001 (s) Losses = ['5.2271', '5.2271'] lr = 0.0010000
2025-10-29 02:48:29,818 - TopNet - INFO - [Epoch 48/150][Batch 2201/2622] BatchTime = 0.517 (s) DataTime = 0.001 (s) Losses = ['2.9937', '2.9937'] lr = 0.0010000
2025-10-29 02:48:55,750 - TopNet - INFO - [Epoch 48/150][Batch 2301/2622] BatchTime = 0.300 (s) DataTime = 0.001 (s) Losses = ['3.1851', '3.1851'] lr = 0.0010000
2025-10-29 02:49:22,235 - TopNet - INFO - [Epoch 48/150][Batch 2401/2622] BatchTime = 0.379 (s) DataTime = 0.001 (s) Losses = ['2.8920', '2.8920'] lr = 0.0010000
2025-10-29 02:49:46,898 - TopNet - INFO - [Epoch 48/150][Batch 2501/2622] BatchTime = 0.315 (s) DataTime = 0.001 (s) Losses = ['4.3557', '4.3557'] lr = 0.0010000
2025-10-29 02:50:12,872 - TopNet - INFO - [Epoch 48/150][Batch 2601/2622] BatchTime = 0.351 (s) DataTime = 0.001 (s) Losses = ['3.5460', '3.5460'] lr = 0.0010000
2025-10-29 02:50:18,572 - TopNet - INFO - [Training] EPOCH: 48 EpochTime = 709.618 (s) Losses = ['3.9047', '3.9047']
2025-10-29 02:50:18,673 - TopNet - INFO - Save checkpoint at ./experiments/TopNet/ShapeNet55_models/TopNet_fog/ckpt-last.pth
2025-10-29 02:50:19,000 - TopNet - INFO - [Epoch 49/150][Batch 1/2622] BatchTime = 0.326 (s) DataTime = 0.076 (s) Losses = ['2.6735', '2.6735'] lr = 0.0010000
2025-10-29 02:50:46,887 - TopNet - INFO - [Epoch 49/150][Batch 101/2622] BatchTime = 0.472 (s) DataTime = 0.001 (s) Losses = ['4.5364', '4.5364'] lr = 0.0010000
2025-10-29 02:51:13,116 - TopNet - INFO - [Epoch 49/150][Batch 201/2622] BatchTime = 0.204 (s) DataTime = 0.001 (s) Losses = ['3.6077', '3.6077'] lr = 0.0010000
2025-10-29 02:51:38,987 - TopNet - INFO - [Epoch 49/150][Batch 301/2622] BatchTime = 0.108 (s) DataTime = 0.001 (s) Losses = ['3.8929', '3.8929'] lr = 0.0010000
2025-10-29 02:52:05,389 - TopNet - INFO - [Epoch 49/150][Batch 401/2622] BatchTime = 0.255 (s) DataTime = 0.001 (s) Losses = ['4.7007', '4.7007'] lr = 0.0010000
2025-10-29 02:52:34,317 - TopNet - INFO - [Epoch 49/150][Batch 501/2622] BatchTime = 0.234 (s) DataTime = 0.001 (s) Losses = ['3.3786', '3.3786'] lr = 0.0010000
2025-10-29 02:53:03,009 - TopNet - INFO - [Epoch 49/150][Batch 601/2622] BatchTime = 0.254 (s) DataTime = 0.001 (s) Losses = ['4.1569', '4.1569'] lr = 0.0010000
2025-10-29 02:53:28,623 - TopNet - INFO - [Epoch 49/150][Batch 701/2622] BatchTime = 0.117 (s) DataTime = 0.001 (s) Losses = ['5.6585', '5.6585'] lr = 0.0010000
2025-10-29 02:53:56,149 - TopNet - INFO - [Epoch 49/150][Batch 801/2622] BatchTime = 0.201 (s) DataTime = 0.001 (s) Losses = ['3.4721', '3.4721'] lr = 0.0010000
2025-10-29 02:54:21,801 - TopNet - INFO - [Epoch 49/150][Batch 901/2622] BatchTime = 0.192 (s) DataTime = 0.001 (s) Losses = ['3.9843', '3.9843'] lr = 0.0010000
2025-10-29 02:54:50,077 - TopNet - INFO - [Epoch 49/150][Batch 1001/2622] BatchTime = 0.206 (s) DataTime = 0.001 (s) Losses = ['3.3478', '3.3478'] lr = 0.0010000
2025-10-29 02:55:17,362 - TopNet - INFO - [Epoch 49/150][Batch 1101/2622] BatchTime = 0.346 (s) DataTime = 0.001 (s) Losses = ['2.7506', '2.7506'] lr = 0.0010000
2025-10-29 02:55:43,790 - TopNet - INFO - [Epoch 49/150][Batch 1201/2622] BatchTime = 0.104 (s) DataTime = 0.001 (s) Losses = ['4.4132', '4.4132'] lr = 0.0010000
2025-10-29 02:56:10,895 - TopNet - INFO - [Epoch 49/150][Batch 1301/2622] BatchTime = 0.332 (s) DataTime = 0.001 (s) Losses = ['4.4993', '4.4993'] lr = 0.0010000
2025-10-29 02:56:38,598 - TopNet - INFO - [Epoch 49/150][Batch 1401/2622] BatchTime = 0.131 (s) DataTime = 0.001 (s) Losses = ['4.3808', '4.3808'] lr = 0.0010000
2025-10-29 02:57:06,737 - TopNet - INFO - [Epoch 49/150][Batch 1501/2622] BatchTime = 0.231 (s) DataTime = 0.001 (s) Losses = ['3.0398', '3.0398'] lr = 0.0010000
2025-10-29 02:57:32,661 - TopNet - INFO - [Epoch 49/150][Batch 1601/2622] BatchTime = 0.411 (s) DataTime = 0.001 (s) Losses = ['3.1140', '3.1140'] lr = 0.0010000
2025-10-29 02:58:01,089 - TopNet - INFO - [Epoch 49/150][Batch 1701/2622] BatchTime = 0.110 (s) DataTime = 0.001 (s) Losses = ['2.9835', '2.9835'] lr = 0.0010000
2025-10-29 02:58:27,473 - TopNet - INFO - [Epoch 49/150][Batch 1801/2622] BatchTime = 0.278 (s) DataTime = 0.001 (s) Losses = ['3.0207', '3.0207'] lr = 0.0010000
2025-10-29 02:58:56,351 - TopNet - INFO - [Epoch 49/150][Batch 1901/2622] BatchTime = 0.241 (s) DataTime = 0.001 (s) Losses = ['4.8859', '4.8859'] lr = 0.0010000
2025-10-29 02:59:22,527 - TopNet - INFO - [Epoch 49/150][Batch 2001/2622] BatchTime = 0.285 (s) DataTime = 0.001 (s) Losses = ['4.9283', '4.9283'] lr = 0.0010000
2025-10-29 02:59:49,197 - TopNet - INFO - [Epoch 49/150][Batch 2101/2622] BatchTime = 0.221 (s) DataTime = 0.001 (s) Losses = ['4.4998', '4.4998'] lr = 0.0010000
2025-10-29 03:00:17,261 - TopNet - INFO - [Epoch 49/150][Batch 2201/2622] BatchTime = 0.220 (s) DataTime = 0.001 (s) Losses = ['4.5558', '4.5558'] lr = 0.0010000
2025-10-29 03:00:42,438 - TopNet - INFO - [Epoch 49/150][Batch 2301/2622] BatchTime = 0.227 (s) DataTime = 0.001 (s) Losses = ['3.7659', '3.7659'] lr = 0.0010000
2025-10-29 03:01:08,501 - TopNet - INFO - [Epoch 49/150][Batch 2401/2622] BatchTime = 0.210 (s) DataTime = 0.001 (s) Losses = ['3.5320', '3.5320'] lr = 0.0010000
2025-10-29 03:01:35,433 - TopNet - INFO - [Epoch 49/150][Batch 2501/2622] BatchTime = 0.122 (s) DataTime = 0.001 (s) Losses = ['3.2552', '3.2552'] lr = 0.0010000
2025-10-29 03:02:02,818 - TopNet - INFO - [Epoch 49/150][Batch 2601/2622] BatchTime = 0.207 (s) DataTime = 0.001 (s) Losses = ['3.1293', '3.1293'] lr = 0.0010000
2025-10-29 03:02:08,608 - TopNet - INFO - [Training] EPOCH: 49 EpochTime = 709.934 (s) Losses = ['3.8946', '3.8946']
2025-10-29 03:02:08,707 - TopNet - INFO - Save checkpoint at ./experiments/TopNet/ShapeNet55_models/TopNet_fog/ckpt-last.pth
2025-10-29 03:02:08,907 - TopNet - INFO - [Epoch 50/150][Batch 1/2622] BatchTime = 0.199 (s) DataTime = 0.072 (s) Losses = ['3.5420', '3.5420'] lr = 0.0005000
2025-10-29 03:02:35,924 - TopNet - INFO - [Epoch 50/150][Batch 101/2622] BatchTime = 0.506 (s) DataTime = 0.001 (s) Losses = ['2.2225', '2.2225'] lr = 0.0005000
2025-10-29 03:03:03,015 - TopNet - INFO - [Epoch 50/150][Batch 201/2622] BatchTime = 0.241 (s) DataTime = 0.001 (s) Losses = ['2.8815', '2.8815'] lr = 0.0005000
2025-10-29 03:03:30,915 - TopNet - INFO - [Epoch 50/150][Batch 301/2622] BatchTime = 0.231 (s) DataTime = 0.001 (s) Losses = ['2.1632', '2.1632'] lr = 0.0005000
2025-10-29 03:03:57,668 - TopNet - INFO - [Epoch 50/150][Batch 401/2622] BatchTime = 0.354 (s) DataTime = 0.001 (s) Losses = ['3.4386', '3.4386'] lr = 0.0005000
2025-10-29 03:04:26,820 - TopNet - INFO - [Epoch 50/150][Batch 501/2622] BatchTime = 0.212 (s) DataTime = 0.001 (s) Losses = ['3.7415', '3.7415'] lr = 0.0005000
2025-10-29 03:04:54,475 - TopNet - INFO - [Epoch 50/150][Batch 601/2622] BatchTime = 0.309 (s) DataTime = 0.001 (s) Losses = ['4.0576', '4.0576'] lr = 0.0005000
2025-10-29 03:05:22,327 - TopNet - INFO - [Epoch 50/150][Batch 701/2622] BatchTime = 0.215 (s) DataTime = 0.001 (s) Losses = ['3.8029', '3.8029'] lr = 0.0005000
2025-10-29 03:05:48,697 - TopNet - INFO - [Epoch 50/150][Batch 801/2622] BatchTime = 0.292 (s) DataTime = 0.001 (s) Losses = ['3.7149', '3.7149'] lr = 0.0005000
2025-10-29 03:06:16,012 - TopNet - INFO - [Epoch 50/150][Batch 901/2622] BatchTime = 0.223 (s) DataTime = 0.001 (s) Losses = ['5.6014', '5.6014'] lr = 0.0005000
2025-10-29 03:06:44,814 - TopNet - INFO - [Epoch 50/150][Batch 1001/2622] BatchTime = 0.530 (s) DataTime = 0.001 (s) Losses = ['2.8416', '2.8416'] lr = 0.0005000
2025-10-29 03:07:12,210 - TopNet - INFO - [Epoch 50/150][Batch 1101/2622] BatchTime = 0.109 (s) DataTime = 0.001 (s) Losses = ['5.2906', '5.2906'] lr = 0.0005000
2025-10-29 03:07:42,101 - TopNet - INFO - [Epoch 50/150][Batch 1201/2622] BatchTime = 0.376 (s) DataTime = 0.001 (s) Losses = ['2.2411', '2.2411'] lr = 0.0005000
2025-10-29 03:08:08,538 - TopNet - INFO - [Epoch 50/150][Batch 1301/2622] BatchTime = 0.471 (s) DataTime = 0.001 (s) Losses = ['3.7844', '3.7844'] lr = 0.0005000
2025-10-29 03:08:35,435 - TopNet - INFO - [Epoch 50/150][Batch 1401/2622] BatchTime = 0.291 (s) DataTime = 0.001 (s) Losses = ['4.5120', '4.5120'] lr = 0.0005000
2025-10-29 03:09:02,838 - TopNet - INFO - [Epoch 50/150][Batch 1501/2622] BatchTime = 0.191 (s) DataTime = 0.001 (s) Losses = ['3.7541', '3.7541'] lr = 0.0005000
2025-10-29 03:09:29,744 - TopNet - INFO - [Epoch 50/150][Batch 1601/2622] BatchTime = 0.434 (s) DataTime = 0.001 (s) Losses = ['2.9870', '2.9870'] lr = 0.0005000
2025-10-29 03:09:55,014 - TopNet - INFO - [Epoch 50/150][Batch 1701/2622] BatchTime = 0.205 (s) DataTime = 0.001 (s) Losses = ['3.3295', '3.3295'] lr = 0.0005000
2025-10-29 03:10:23,108 - TopNet - INFO - [Epoch 50/150][Batch 1801/2622] BatchTime = 0.275 (s) DataTime = 0.001 (s) Losses = ['4.2153', '4.2153'] lr = 0.0005000
2025-10-29 03:10:49,688 - TopNet - INFO - [Epoch 50/150][Batch 1901/2622] BatchTime = 0.231 (s) DataTime = 0.001 (s) Losses = ['3.1324', '3.1324'] lr = 0.0005000
2025-10-29 03:11:14,404 - TopNet - INFO - [Epoch 50/150][Batch 2001/2622] BatchTime = 0.113 (s) DataTime = 0.001 (s) Losses = ['4.8233', '4.8233'] lr = 0.0005000
2025-10-29 03:11:42,501 - TopNet - INFO - [Epoch 50/150][Batch 2101/2622] BatchTime = 0.408 (s) DataTime = 0.001 (s) Losses = ['7.0050', '7.0050'] lr = 0.0005000
2025-10-29 03:12:10,082 - TopNet - INFO - [Epoch 50/150][Batch 2201/2622] BatchTime = 0.295 (s) DataTime = 0.001 (s) Losses = ['3.7144', '3.7144'] lr = 0.0005000
2025-10-29 03:12:38,920 - TopNet - INFO - [Epoch 50/150][Batch 2301/2622] BatchTime = 0.195 (s) DataTime = 0.001 (s) Losses = ['3.0749', '3.0749'] lr = 0.0005000
2025-10-29 03:13:04,506 - TopNet - INFO - [Epoch 50/150][Batch 2401/2622] BatchTime = 0.329 (s) DataTime = 0.001 (s) Losses = ['3.0771', '3.0771'] lr = 0.0005000
2025-10-29 03:13:29,681 - TopNet - INFO - [Epoch 50/150][Batch 2501/2622] BatchTime = 0.313 (s) DataTime = 0.001 (s) Losses = ['5.0273', '5.0273'] lr = 0.0005000
2025-10-29 03:13:56,245 - TopNet - INFO - [Epoch 50/150][Batch 2601/2622] BatchTime = 0.219 (s) DataTime = 0.001 (s) Losses = ['4.0235', '4.0235'] lr = 0.0005000
2025-10-29 03:14:01,792 - TopNet - INFO - [Training] EPOCH: 50 EpochTime = 713.084 (s) Losses = ['3.6959', '3.6959']
2025-10-29 03:14:01,792 - TopNet - INFO - [VALIDATION] Start validating epoch 50
2025-10-29 03:14:42,441 - TopNet - INFO - Test[1051/10518] Taxonomy = 02691156 Sample = c7749c0a8b61f43bc9b9e28055202e3d Losses = ['29.3277', '2.8707', '29.3277', '2.8707'] Metrics = ['0.1159', '29.3277', '2.8707', '0.0000']
2025-10-29 03:15:19,816 - TopNet - INFO - Test[2102/10518] Taxonomy = 03211117 Sample = ab2f9418c111cc6ddb965514105122a4 Losses = ['26.8793', '1.9971', '26.8793', '1.9971'] Metrics = ['0.0831', '26.8793', '1.9971', '0.0000']
2025-10-29 03:15:55,987 - TopNet - INFO - Test[3153/10518] Taxonomy = 02876657 Sample = c5032e4be091aabb36fe7a88df793982 Losses = ['43.4092', '5.6119', '43.4092', '5.6119'] Metrics = ['0.0242', '43.4092', '5.6119', '0.0000']
2025-10-29 03:16:32,532 - TopNet - INFO - Test[4204/10518] Taxonomy = 03211117 Sample = 722df1da5778d45b1e43523279c7f09f Losses = ['32.7164', '3.3019', '32.7164', '3.3019'] Metrics = ['0.0692', '32.7164', '3.3019', '0.0000']
2025-10-29 03:17:09,191 - TopNet - INFO - Test[5255/10518] Taxonomy = 02828884 Sample = 14b63361a48a9fffe4a048c146e8bd43 Losses = ['45.0945', '5.2045', '45.0945', '5.2045'] Metrics = ['0.0188', '45.0945', '5.2045', '0.0000']
2025-10-29 03:17:44,948 - TopNet - INFO - Test[6306/10518] Taxonomy = 03211117 Sample = d330d50a0255529d19ed6e1a590c9122 Losses = ['26.2334', '1.9865', '26.2334', '1.9865'] Metrics = ['0.0666', '26.2334', '1.9865', '0.0000']
2025-10-29 03:18:18,631 - TopNet - INFO - Test[7357/10518] Taxonomy = 04379243 Sample = b1ca280d9567270ade98d10ab5975b59 Losses = ['28.9817', '3.0761', '28.9817', '3.0761'] Metrics = ['0.0630', '28.9817', '3.0761', '0.0000']
2025-10-29 03:18:55,156 - TopNet - INFO - Test[8408/10518] Taxonomy = 03001627 Sample = 89208a619341d9fdb8c516ed5c4ce32 Losses = ['37.6055', '5.9647', '37.6055', '5.9647'] Metrics = ['0.0294', '37.6055', '5.9647', '0.0000']
2025-10-29 03:19:31,782 - TopNet - INFO - Test[9459/10518] Taxonomy = 03001627 Sample = d0255120e3351121c3bd24f986301745 Losses = ['36.7808', '3.9490', '36.7808', '3.9490'] Metrics = ['0.0233', '36.7808', '3.9490', '0.0000']
2025-10-29 03:20:08,076 - TopNet - INFO - Test[10510/10518] Taxonomy = 03636649 Sample = ea9ec4d9db2e06202471e6dd5ac3ef92 Losses = ['18.9032', '1.2651', '18.9032', '1.2651'] Metrics = ['0.2436', '18.9032', '1.2651', '0.0000']
2025-10-29 03:20:08,292 - TopNet - INFO - [Validation] EPOCH: 50  Metrics = ['0.0621', '35.0465', '4.0759', '0.0000']
2025-10-29 03:20:08,293 - TopNet - INFO - ============================ TEST RESULTS ============================
2025-10-29 03:20:08,293 - TopNet - INFO - Taxonomy	#Sample	F-Score	CDL1	CDL2	EMDistance	#ModelName	
2025-10-29 03:20:08,293 - TopNet - INFO - 03759954	14	0.050 	40.296 	6.276 	0.000 	microphone	
2025-10-29 03:20:08,293 - TopNet - INFO - 04330267	44	0.026 	37.668 	4.140 	0.000 	stove	
2025-10-29 03:20:08,293 - TopNet - INFO - 03261776	15	0.038 	43.852 	8.121 	0.000 	earphone	
2025-10-29 03:20:08,293 - TopNet - INFO - 03513137	33	0.012 	51.012 	8.409 	0.000 	helmet	
2025-10-29 03:20:08,293 - TopNet - INFO - 04460130	27	0.060 	34.786 	4.083 	0.000 	tower	
2025-10-29 03:20:08,293 - TopNet - INFO - 04468005	78	0.074 	27.263 	2.166 	0.000 	train	
2025-10-29 03:20:08,293 - TopNet - INFO - 03761084	31	0.014 	42.705 	5.241 	0.000 	microwaves	
2025-10-29 03:20:08,293 - TopNet - INFO - 04004475	34	0.021 	43.621 	5.986 	0.000 	printer	
2025-10-29 03:20:08,293 - TopNet - INFO - 03938244	20	0.019 	46.726 	6.482 	0.000 	pillow	
2025-10-29 03:20:08,293 - TopNet - INFO - 02992529	167	0.072 	25.431 	1.799 	0.000 	cellphone	
2025-10-29 03:20:08,293 - TopNet - INFO - 02808440	172	0.030 	37.738 	4.590 	0.000 	bathtub	
2025-10-29 03:20:08,293 - TopNet - INFO - 04530566	388	0.101 	26.608 	2.253 	0.000 	watercraft	
2025-10-29 03:20:08,293 - TopNet - INFO - 02871439	91	0.037 	35.450 	3.942 	0.000 	bookshelf	
2025-10-29 03:20:08,293 - TopNet - INFO - 03593526	120	0.026 	43.854 	6.430 	0.000 	jar	
2025-10-29 03:20:08,293 - TopNet - INFO - 04554684	34	0.018 	39.635 	4.522 	0.000 	washer	
2025-10-29 03:20:08,293 - TopNet - INFO - 03467517	160	0.298 	16.313 	0.849 	0.000 	guitar	
2025-10-29 03:20:08,293 - TopNet - INFO - 04401088	218	0.076 	24.640 	1.686 	0.000 	telephone	
2025-10-29 03:20:08,293 - TopNet - INFO - 02954340	12	0.013 	51.571 	8.266 	0.000 	cap	
2025-10-29 03:20:08,293 - TopNet - INFO - 02933112	315	0.030 	34.425 	3.308 	0.000 	cabinet	
2025-10-29 03:20:08,293 - TopNet - INFO - 03642806	92	0.071 	26.021 	1.950 	0.000 	laptop	
2025-10-29 03:20:08,293 - TopNet - INFO - 02924116	188	0.057 	28.199 	2.307 	0.000 	bus	
2025-10-29 03:20:08,293 - TopNet - INFO - 02946921	22	0.015 	45.277 	6.282 	0.000 	can	
2025-10-29 03:20:08,293 - TopNet - INFO - 02818832	47	0.031 	41.945 	5.636 	0.000 	bed	
2025-10-29 03:20:08,293 - TopNet - INFO - 04256520	635	0.031 	35.274 	3.451 	0.000 	sofa	
2025-10-29 03:20:08,293 - TopNet - INFO - 04379243	1687	0.072 	31.153 	3.411 	0.000 	table	
2025-10-29 03:20:08,293 - TopNet - INFO - 02747177	69	0.019 	38.547 	4.332 	0.000 	trash bin	
2025-10-29 03:20:08,293 - TopNet - INFO - 03046257	131	0.042 	37.261 	4.189 	0.000 	clock	
2025-10-29 03:20:08,293 - TopNet - INFO - 04225987	31	0.117 	26.631 	2.498 	0.000 	skateboard	
2025-10-29 03:20:08,293 - TopNet - INFO - 03797390	43	0.017 	39.971 	4.799 	0.000 	mug	
2025-10-29 03:20:08,293 - TopNet - INFO - 03001627	1356	0.046 	33.912 	3.625 	0.000 	chair	
2025-10-29 03:20:08,293 - TopNet - INFO - 03691459	320	0.023 	41.021 	5.001 	0.000 	loudspeaker	
2025-10-29 03:20:08,293 - TopNet - INFO - 02942699	23	0.016 	48.929 	7.030 	0.000 	camera	
2025-10-29 03:20:08,293 - TopNet - INFO - 03636649	464	0.067 	38.297 	5.296 	0.000 	lamp	
2025-10-29 03:20:08,293 - TopNet - INFO - 02691156	809	0.152 	22.453 	1.685 	0.000 	airplane	
2025-10-29 03:20:08,293 - TopNet - INFO - 02773838	17	0.033 	36.784 	4.335 	0.000 	bag	
2025-10-29 03:20:08,293 - TopNet - INFO - 02958343	703	0.047 	28.773 	2.329 	0.000 	car	
2025-10-29 03:20:08,293 - TopNet - INFO - 02880940	38	0.018 	42.360 	5.467 	0.000 	bowl	
2025-10-29 03:20:08,293 - TopNet - INFO - 04099429	17	0.225 	21.384 	1.648 	0.000 	rocket	
2025-10-29 03:20:08,293 - TopNet - INFO - 02828884	363	0.089 	28.651 	2.749 	0.000 	bench	
2025-10-29 03:20:08,293 - TopNet - INFO - 04090263	475	0.283 	17.947 	1.214 	0.000 	rifle	
2025-10-29 03:20:08,293 - TopNet - INFO - 03211117	219	0.050 	33.745 	3.466 	0.000 	display	
2025-10-29 03:20:08,293 - TopNet - INFO - 02876657	100	0.052 	30.786 	2.863 	0.000 	bottle	
2025-10-29 03:20:08,293 - TopNet - INFO - 03710193	19	0.054 	34.575 	3.595 	0.000 	mailbox	
2025-10-29 03:20:08,293 - TopNet - INFO - 03790512	68	0.053 	31.227 	2.900 	0.000 	motorbike	
2025-10-29 03:20:08,293 - TopNet - INFO - 03325088	149	0.043 	40.202 	5.714 	0.000 	faucet	
2025-10-29 03:20:08,293 - TopNet - INFO - 02801938	23	0.020 	40.993 	5.027 	0.000 	basket	
2025-10-29 03:20:08,293 - TopNet - INFO - 03337140	60	0.029 	35.980 	3.854 	0.000 	file cabinet	
2025-10-29 03:20:08,293 - TopNet - INFO - 02843684	15	0.019 	45.324 	6.035 	0.000 	birdhouse	
2025-10-29 03:20:08,293 - TopNet - INFO - 03624134	85	0.270 	17.121 	0.953 	0.000 	knife	
2025-10-29 03:20:08,293 - TopNet - INFO - 03991062	121	0.022 	44.302 	6.041 	0.000 	flowerpot	
2025-10-29 03:20:08,293 - TopNet - INFO - 03948459	62	0.117 	24.382 	1.786 	0.000 	pistol	
2025-10-29 03:20:08,293 - TopNet - INFO - 03928116	48	0.025 	42.991 	5.600 	0.000 	piano	
2025-10-29 03:20:08,293 - TopNet - INFO - 03207941	19	0.018 	37.697 	4.195 	0.000 	dishwasher	
2025-10-29 03:20:08,293 - TopNet - INFO - 04074963	14	0.047 	30.884 	2.667 	0.000 	remote	
2025-10-29 03:20:08,293 - TopNet - INFO - 03085013	13	0.113 	22.970 	1.694 	0.000 	keyboard	
2025-10-29 03:20:08,293 - TopNet - INFO - Overall		0.062 	35.047 	4.076 	0.000 	
2025-10-29 03:20:08,394 - TopNet - INFO - Save checkpoint at ./experiments/TopNet/ShapeNet55_models/TopNet_fog/ckpt-best.pth
2025-10-29 03:20:08,483 - TopNet - INFO - Save checkpoint at ./experiments/TopNet/ShapeNet55_models/TopNet_fog/ckpt-last.pth
2025-10-29 03:20:08,780 - TopNet - INFO - [Epoch 51/150][Batch 1/2622] BatchTime = 0.297 (s) DataTime = 0.075 (s) Losses = ['2.8776', '2.8776'] lr = 0.0005000
2025-10-29 03:20:36,629 - TopNet - INFO - [Epoch 51/150][Batch 101/2622] BatchTime = 0.312 (s) DataTime = 0.001 (s) Losses = ['3.3510', '3.3510'] lr = 0.0005000
2025-10-29 03:21:03,722 - TopNet - INFO - [Epoch 51/150][Batch 201/2622] BatchTime = 0.307 (s) DataTime = 0.001 (s) Losses = ['3.2898', '3.2898'] lr = 0.0005000
2025-10-29 03:21:31,109 - TopNet - INFO - [Epoch 51/150][Batch 301/2622] BatchTime = 0.432 (s) DataTime = 0.001 (s) Losses = ['3.6766', '3.6766'] lr = 0.0005000
2025-10-29 03:21:56,762 - TopNet - INFO - [Epoch 51/150][Batch 401/2622] BatchTime = 0.301 (s) DataTime = 0.001 (s) Losses = ['3.1235', '3.1235'] lr = 0.0005000
2025-10-29 03:22:22,303 - TopNet - INFO - [Epoch 51/150][Batch 501/2622] BatchTime = 0.199 (s) DataTime = 0.001 (s) Losses = ['2.9865', '2.9865'] lr = 0.0005000
2025-10-29 03:22:49,787 - TopNet - INFO - [Epoch 51/150][Batch 601/2622] BatchTime = 0.540 (s) DataTime = 0.001 (s) Losses = ['4.0199', '4.0199'] lr = 0.0005000
2025-10-29 03:23:17,549 - TopNet - INFO - [Epoch 51/150][Batch 701/2622] BatchTime = 0.256 (s) DataTime = 0.001 (s) Losses = ['2.5061', '2.5061'] lr = 0.0005000
2025-10-29 03:23:43,071 - TopNet - INFO - [Epoch 51/150][Batch 801/2622] BatchTime = 0.130 (s) DataTime = 0.001 (s) Losses = ['4.7387', '4.7387'] lr = 0.0005000
2025-10-29 03:24:09,135 - TopNet - INFO - [Epoch 51/150][Batch 901/2622] BatchTime = 0.276 (s) DataTime = 0.001 (s) Losses = ['4.2902', '4.2902'] lr = 0.0005000
2025-10-29 03:24:36,662 - TopNet - INFO - [Epoch 51/150][Batch 1001/2622] BatchTime = 0.299 (s) DataTime = 0.001 (s) Losses = ['6.8007', '6.8007'] lr = 0.0005000
2025-10-29 03:25:04,614 - TopNet - INFO - [Epoch 51/150][Batch 1101/2622] BatchTime = 0.200 (s) DataTime = 0.001 (s) Losses = ['3.5923', '3.5923'] lr = 0.0005000
2025-10-29 03:25:32,650 - TopNet - INFO - [Epoch 51/150][Batch 1201/2622] BatchTime = 0.113 (s) DataTime = 0.001 (s) Losses = ['3.4581', '3.4581'] lr = 0.0005000
2025-10-29 03:25:59,873 - TopNet - INFO - [Epoch 51/150][Batch 1301/2622] BatchTime = 0.193 (s) DataTime = 0.001 (s) Losses = ['3.3339', '3.3339'] lr = 0.0005000
2025-10-29 03:26:28,162 - TopNet - INFO - [Epoch 51/150][Batch 1401/2622] BatchTime = 0.418 (s) DataTime = 0.001 (s) Losses = ['2.7325', '2.7325'] lr = 0.0005000
2025-10-29 03:26:54,585 - TopNet - INFO - [Epoch 51/150][Batch 1501/2622] BatchTime = 0.218 (s) DataTime = 0.001 (s) Losses = ['3.4482', '3.4482'] lr = 0.0005000
2025-10-29 03:27:19,831 - TopNet - INFO - [Epoch 51/150][Batch 1601/2622] BatchTime = 0.429 (s) DataTime = 0.001 (s) Losses = ['3.3163', '3.3163'] lr = 0.0005000
2025-10-29 03:27:46,722 - TopNet - INFO - [Epoch 51/150][Batch 1701/2622] BatchTime = 0.342 (s) DataTime = 0.001 (s) Losses = ['4.4535', '4.4535'] lr = 0.0005000
2025-10-29 03:28:14,122 - TopNet - INFO - [Epoch 51/150][Batch 1801/2622] BatchTime = 0.441 (s) DataTime = 0.001 (s) Losses = ['3.1960', '3.1960'] lr = 0.0005000
2025-10-29 03:28:40,409 - TopNet - INFO - [Epoch 51/150][Batch 1901/2622] BatchTime = 0.117 (s) DataTime = 0.001 (s) Losses = ['3.6130', '3.6130'] lr = 0.0005000
2025-10-29 03:29:08,674 - TopNet - INFO - [Epoch 51/150][Batch 2001/2622] BatchTime = 0.289 (s) DataTime = 0.001 (s) Losses = ['3.7405', '3.7405'] lr = 0.0005000
2025-10-29 03:29:34,123 - TopNet - INFO - [Epoch 51/150][Batch 2101/2622] BatchTime = 0.248 (s) DataTime = 0.001 (s) Losses = ['3.9011', '3.9011'] lr = 0.0005000
2025-10-29 03:30:02,000 - TopNet - INFO - [Epoch 51/150][Batch 2201/2622] BatchTime = 0.282 (s) DataTime = 0.001 (s) Losses = ['2.6469', '2.6469'] lr = 0.0005000
2025-10-29 03:30:30,065 - TopNet - INFO - [Epoch 51/150][Batch 2301/2622] BatchTime = 0.339 (s) DataTime = 0.001 (s) Losses = ['7.2179', '7.2179'] lr = 0.0005000
2025-10-29 03:30:56,042 - TopNet - INFO - [Epoch 51/150][Batch 2401/2622] BatchTime = 0.202 (s) DataTime = 0.001 (s) Losses = ['3.7962', '3.7962'] lr = 0.0005000
2025-10-29 03:31:25,731 - TopNet - INFO - [Epoch 51/150][Batch 2501/2622] BatchTime = 0.405 (s) DataTime = 0.001 (s) Losses = ['3.0751', '3.0751'] lr = 0.0005000
2025-10-29 03:31:53,972 - TopNet - INFO - [Epoch 51/150][Batch 2601/2622] BatchTime = 0.237 (s) DataTime = 0.001 (s) Losses = ['2.8107', '2.8107'] lr = 0.0005000
2025-10-29 03:31:59,485 - TopNet - INFO - [Training] EPOCH: 51 EpochTime = 711.002 (s) Losses = ['3.6091', '3.6091']
2025-10-29 03:31:59,597 - TopNet - INFO - Save checkpoint at ./experiments/TopNet/ShapeNet55_models/TopNet_fog/ckpt-last.pth
2025-10-29 03:32:00,119 - TopNet - INFO - [Epoch 52/150][Batch 1/2622] BatchTime = 0.522 (s) DataTime = 0.072 (s) Losses = ['4.3414', '4.3414'] lr = 0.0005000
2025-10-29 03:32:28,969 - TopNet - INFO - [Epoch 52/150][Batch 101/2622] BatchTime = 0.161 (s) DataTime = 0.001 (s) Losses = ['2.7693', '2.7693'] lr = 0.0005000
2025-10-29 03:32:53,936 - TopNet - INFO - [Epoch 52/150][Batch 201/2622] BatchTime = 0.368 (s) DataTime = 0.001 (s) Losses = ['3.3711', '3.3711'] lr = 0.0005000
2025-10-29 03:33:21,991 - TopNet - INFO - [Epoch 52/150][Batch 301/2622] BatchTime = 0.118 (s) DataTime = 0.001 (s) Losses = ['2.8872', '2.8872'] lr = 0.0005000
2025-10-29 03:33:50,363 - TopNet - INFO - [Epoch 52/150][Batch 401/2622] BatchTime = 0.357 (s) DataTime = 0.001 (s) Losses = ['3.3845', '3.3845'] lr = 0.0005000
2025-10-29 03:34:16,250 - TopNet - INFO - [Epoch 52/150][Batch 501/2622] BatchTime = 0.321 (s) DataTime = 0.001 (s) Losses = ['3.7053', '3.7053'] lr = 0.0005000
2025-10-29 03:34:44,552 - TopNet - INFO - [Epoch 52/150][Batch 601/2622] BatchTime = 0.203 (s) DataTime = 0.001 (s) Losses = ['3.8835', '3.8835'] lr = 0.0005000
2025-10-29 03:35:14,262 - TopNet - INFO - [Epoch 52/150][Batch 701/2622] BatchTime = 0.236 (s) DataTime = 0.001 (s) Losses = ['2.4244', '2.4244'] lr = 0.0005000
2025-10-29 03:35:43,252 - TopNet - INFO - [Epoch 52/150][Batch 801/2622] BatchTime = 0.207 (s) DataTime = 0.001 (s) Losses = ['4.3635', '4.3635'] lr = 0.0005000
2025-10-29 03:36:09,763 - TopNet - INFO - [Epoch 52/150][Batch 901/2622] BatchTime = 0.309 (s) DataTime = 0.001 (s) Losses = ['6.8562', '6.8562'] lr = 0.0005000
2025-10-29 03:36:36,394 - TopNet - INFO - [Epoch 52/150][Batch 1001/2622] BatchTime = 0.135 (s) DataTime = 0.001 (s) Losses = ['3.4541', '3.4541'] lr = 0.0005000
2025-10-29 03:37:04,272 - TopNet - INFO - [Epoch 52/150][Batch 1101/2622] BatchTime = 0.122 (s) DataTime = 0.001 (s) Losses = ['2.8943', '2.8943'] lr = 0.0005000
2025-10-29 03:37:34,107 - TopNet - INFO - [Epoch 52/150][Batch 1201/2622] BatchTime = 0.547 (s) DataTime = 0.001 (s) Losses = ['4.1625', '4.1625'] lr = 0.0005000
2025-10-29 03:37:59,757 - TopNet - INFO - [Epoch 52/150][Batch 1301/2622] BatchTime = 0.266 (s) DataTime = 0.001 (s) Losses = ['3.5868', '3.5868'] lr = 0.0005000
2025-10-29 03:38:26,013 - TopNet - INFO - [Epoch 52/150][Batch 1401/2622] BatchTime = 0.239 (s) DataTime = 0.001 (s) Losses = ['3.1556', '3.1556'] lr = 0.0005000
2025-10-29 03:38:53,209 - TopNet - INFO - [Epoch 52/150][Batch 1501/2622] BatchTime = 0.305 (s) DataTime = 0.001 (s) Losses = ['6.6940', '6.6940'] lr = 0.0005000
2025-10-29 03:39:20,745 - TopNet - INFO - [Epoch 52/150][Batch 1601/2622] BatchTime = 0.398 (s) DataTime = 0.001 (s) Losses = ['6.0304', '6.0304'] lr = 0.0005000
2025-10-29 03:39:47,663 - TopNet - INFO - [Epoch 52/150][Batch 1701/2622] BatchTime = 0.439 (s) DataTime = 0.001 (s) Losses = ['3.1619', '3.1619'] lr = 0.0005000
2025-10-29 03:40:16,066 - TopNet - INFO - [Epoch 52/150][Batch 1801/2622] BatchTime = 0.304 (s) DataTime = 0.001 (s) Losses = ['3.4179', '3.4179'] lr = 0.0005000
2025-10-29 03:40:41,508 - TopNet - INFO - [Epoch 52/150][Batch 1901/2622] BatchTime = 0.119 (s) DataTime = 0.001 (s) Losses = ['3.4048', '3.4048'] lr = 0.0005000
2025-10-29 03:41:08,989 - TopNet - INFO - [Epoch 52/150][Batch 2001/2622] BatchTime = 0.243 (s) DataTime = 0.001 (s) Losses = ['2.8911', '2.8911'] lr = 0.0005000
2025-10-29 03:41:36,175 - TopNet - INFO - [Epoch 52/150][Batch 2101/2622] BatchTime = 0.134 (s) DataTime = 0.001 (s) Losses = ['3.0964', '3.0964'] lr = 0.0005000
2025-10-29 03:42:03,394 - TopNet - INFO - [Epoch 52/150][Batch 2201/2622] BatchTime = 0.110 (s) DataTime = 0.001 (s) Losses = ['3.8332', '3.8332'] lr = 0.0005000
2025-10-29 03:42:32,715 - TopNet - INFO - [Epoch 52/150][Batch 2301/2622] BatchTime = 0.335 (s) DataTime = 0.001 (s) Losses = ['2.7993', '2.7993'] lr = 0.0005000
2025-10-29 03:43:00,318 - TopNet - INFO - [Epoch 52/150][Batch 2401/2622] BatchTime = 0.217 (s) DataTime = 0.001 (s) Losses = ['3.7538', '3.7538'] lr = 0.0005000
2025-10-29 03:43:26,963 - TopNet - INFO - [Epoch 52/150][Batch 2501/2622] BatchTime = 0.205 (s) DataTime = 0.001 (s) Losses = ['4.1954', '4.1954'] lr = 0.0005000
2025-10-29 03:43:53,494 - TopNet - INFO - [Epoch 52/150][Batch 2601/2622] BatchTime = 0.329 (s) DataTime = 0.001 (s) Losses = ['4.5858', '4.5858'] lr = 0.0005000
2025-10-29 03:43:59,222 - TopNet - INFO - [Training] EPOCH: 52 EpochTime = 719.625 (s) Losses = ['3.6106', '3.6106']
2025-10-29 03:43:59,315 - TopNet - INFO - Save checkpoint at ./experiments/TopNet/ShapeNet55_models/TopNet_fog/ckpt-last.pth
2025-10-29 03:43:59,759 - TopNet - INFO - [Epoch 53/150][Batch 1/2622] BatchTime = 0.444 (s) DataTime = 0.076 (s) Losses = ['3.3292', '3.3292'] lr = 0.0005000
2025-10-29 03:44:26,607 - TopNet - INFO - [Epoch 53/150][Batch 101/2622] BatchTime = 0.282 (s) DataTime = 0.001 (s) Losses = ['3.9230', '3.9230'] lr = 0.0005000
2025-10-29 03:44:52,796 - TopNet - INFO - [Epoch 53/150][Batch 201/2622] BatchTime = 0.258 (s) DataTime = 0.001 (s) Losses = ['4.0419', '4.0419'] lr = 0.0005000
2025-10-29 03:45:18,873 - TopNet - INFO - [Epoch 53/150][Batch 301/2622] BatchTime = 0.203 (s) DataTime = 0.001 (s) Losses = ['4.7609', '4.7609'] lr = 0.0005000
2025-10-29 03:45:47,844 - TopNet - INFO - [Epoch 53/150][Batch 401/2622] BatchTime = 0.218 (s) DataTime = 0.001 (s) Losses = ['5.2253', '5.2253'] lr = 0.0005000
2025-10-29 03:46:14,638 - TopNet - INFO - [Epoch 53/150][Batch 501/2622] BatchTime = 0.454 (s) DataTime = 0.001 (s) Losses = ['3.6645', '3.6645'] lr = 0.0005000
2025-10-29 03:46:41,221 - TopNet - INFO - [Epoch 53/150][Batch 601/2622] BatchTime = 0.226 (s) DataTime = 0.001 (s) Losses = ['4.2050', '4.2050'] lr = 0.0005000
2025-10-29 03:47:05,939 - TopNet - INFO - [Epoch 53/150][Batch 701/2622] BatchTime = 0.487 (s) DataTime = 0.001 (s) Losses = ['2.8436', '2.8436'] lr = 0.0005000
2025-10-29 03:47:32,355 - TopNet - INFO - [Epoch 53/150][Batch 801/2622] BatchTime = 0.234 (s) DataTime = 0.001 (s) Losses = ['3.0561', '3.0561'] lr = 0.0005000
2025-10-29 03:47:59,379 - TopNet - INFO - [Epoch 53/150][Batch 901/2622] BatchTime = 0.108 (s) DataTime = 0.001 (s) Losses = ['4.8399', '4.8399'] lr = 0.0005000
2025-10-29 03:48:26,800 - TopNet - INFO - [Epoch 53/150][Batch 1001/2622] BatchTime = 0.246 (s) DataTime = 0.001 (s) Losses = ['4.5023', '4.5023'] lr = 0.0005000
2025-10-29 03:48:53,502 - TopNet - INFO - [Epoch 53/150][Batch 1101/2622] BatchTime = 0.140 (s) DataTime = 0.001 (s) Losses = ['2.8779', '2.8779'] lr = 0.0005000
2025-10-29 03:49:19,727 - TopNet - INFO - [Epoch 53/150][Batch 1201/2622] BatchTime = 0.128 (s) DataTime = 0.001 (s) Losses = ['2.4988', '2.4988'] lr = 0.0005000
2025-10-29 03:49:46,501 - TopNet - INFO - [Epoch 53/150][Batch 1301/2622] BatchTime = 0.384 (s) DataTime = 0.001 (s) Losses = ['2.9174', '2.9174'] lr = 0.0005000
2025-10-29 03:50:16,028 - TopNet - INFO - [Epoch 53/150][Batch 1401/2622] BatchTime = 0.212 (s) DataTime = 0.001 (s) Losses = ['3.1783', '3.1783'] lr = 0.0005000
2025-10-29 03:50:43,718 - TopNet - INFO - [Epoch 53/150][Batch 1501/2622] BatchTime = 0.216 (s) DataTime = 0.001 (s) Losses = ['3.3146', '3.3146'] lr = 0.0005000
2025-10-29 03:51:12,547 - TopNet - INFO - [Epoch 53/150][Batch 1601/2622] BatchTime = 0.500 (s) DataTime = 0.001 (s) Losses = ['2.5087', '2.5087'] lr = 0.0005000
2025-10-29 03:51:39,522 - TopNet - INFO - [Epoch 53/150][Batch 1701/2622] BatchTime = 0.516 (s) DataTime = 0.001 (s) Losses = ['2.8203', '2.8203'] lr = 0.0005000
2025-10-29 03:52:08,775 - TopNet - INFO - [Epoch 53/150][Batch 1801/2622] BatchTime = 0.133 (s) DataTime = 0.001 (s) Losses = ['2.5771', '2.5771'] lr = 0.0005000
2025-10-29 03:52:36,370 - TopNet - INFO - [Epoch 53/150][Batch 1901/2622] BatchTime = 0.196 (s) DataTime = 0.001 (s) Losses = ['4.1701', '4.1701'] lr = 0.0005000
2025-10-29 03:53:01,665 - TopNet - INFO - [Epoch 53/150][Batch 2001/2622] BatchTime = 0.234 (s) DataTime = 0.001 (s) Losses = ['4.0493', '4.0493'] lr = 0.0005000
2025-10-29 03:53:28,747 - TopNet - INFO - [Epoch 53/150][Batch 2101/2622] BatchTime = 0.190 (s) DataTime = 0.001 (s) Losses = ['2.9099', '2.9099'] lr = 0.0005000
2025-10-29 03:53:55,210 - TopNet - INFO - [Epoch 53/150][Batch 2201/2622] BatchTime = 0.306 (s) DataTime = 0.001 (s) Losses = ['2.9186', '2.9186'] lr = 0.0005000
2025-10-29 03:54:20,884 - TopNet - INFO - [Epoch 53/150][Batch 2301/2622] BatchTime = 0.145 (s) DataTime = 0.001 (s) Losses = ['2.8708', '2.8708'] lr = 0.0005000
2025-10-29 03:54:48,804 - TopNet - INFO - [Epoch 53/150][Batch 2401/2622] BatchTime = 0.320 (s) DataTime = 0.001 (s) Losses = ['3.2506', '3.2506'] lr = 0.0005000
2025-10-29 03:55:14,733 - TopNet - INFO - [Epoch 53/150][Batch 2501/2622] BatchTime = 0.296 (s) DataTime = 0.001 (s) Losses = ['4.6494', '4.6494'] lr = 0.0005000
2025-10-29 03:55:42,784 - TopNet - INFO - [Epoch 53/150][Batch 2601/2622] BatchTime = 0.108 (s) DataTime = 0.001 (s) Losses = ['3.4953', '3.4953'] lr = 0.0005000
2025-10-29 03:55:48,475 - TopNet - INFO - [Training] EPOCH: 53 EpochTime = 709.160 (s) Losses = ['3.5728', '3.5728']
2025-10-29 03:55:48,572 - TopNet - INFO - Save checkpoint at ./experiments/TopNet/ShapeNet55_models/TopNet_fog/ckpt-last.pth
2025-10-29 03:55:48,778 - TopNet - INFO - [Epoch 54/150][Batch 1/2622] BatchTime = 0.205 (s) DataTime = 0.083 (s) Losses = ['4.0287', '4.0287'] lr = 0.0005000
2025-10-29 03:56:16,734 - TopNet - INFO - [Epoch 54/150][Batch 101/2622] BatchTime = 0.219 (s) DataTime = 0.001 (s) Losses = ['2.6537', '2.6537'] lr = 0.0005000
2025-10-29 03:56:44,148 - TopNet - INFO - [Epoch 54/150][Batch 201/2622] BatchTime = 0.112 (s) DataTime = 0.001 (s) Losses = ['3.4403', '3.4403'] lr = 0.0005000
2025-10-29 03:57:10,982 - TopNet - INFO - [Epoch 54/150][Batch 301/2622] BatchTime = 0.222 (s) DataTime = 0.001 (s) Losses = ['3.2426', '3.2426'] lr = 0.0005000
2025-10-29 03:57:35,862 - TopNet - INFO - [Epoch 54/150][Batch 401/2622] BatchTime = 0.232 (s) DataTime = 0.001 (s) Losses = ['3.4676', '3.4676'] lr = 0.0005000
2025-10-29 03:58:03,037 - TopNet - INFO - [Epoch 54/150][Batch 501/2622] BatchTime = 0.334 (s) DataTime = 0.001 (s) Losses = ['3.5342', '3.5342'] lr = 0.0005000
2025-10-29 03:58:31,633 - TopNet - INFO - [Epoch 54/150][Batch 601/2622] BatchTime = 0.122 (s) DataTime = 0.001 (s) Losses = ['2.3477', '2.3477'] lr = 0.0005000
2025-10-29 03:58:57,536 - TopNet - INFO - [Epoch 54/150][Batch 701/2622] BatchTime = 0.335 (s) DataTime = 0.001 (s) Losses = ['4.5391', '4.5391'] lr = 0.0005000
2025-10-29 03:59:26,405 - TopNet - INFO - [Epoch 54/150][Batch 801/2622] BatchTime = 0.499 (s) DataTime = 0.001 (s) Losses = ['3.7448', '3.7448'] lr = 0.0005000
2025-10-29 03:59:53,387 - TopNet - INFO - [Epoch 54/150][Batch 901/2622] BatchTime = 0.108 (s) DataTime = 0.001 (s) Losses = ['3.3429', '3.3429'] lr = 0.0005000
2025-10-29 04:00:21,668 - TopNet - INFO - [Epoch 54/150][Batch 1001/2622] BatchTime = 0.308 (s) DataTime = 0.001 (s) Losses = ['3.4362', '3.4362'] lr = 0.0005000
2025-10-29 04:00:47,460 - TopNet - INFO - [Epoch 54/150][Batch 1101/2622] BatchTime = 0.144 (s) DataTime = 0.001 (s) Losses = ['3.7827', '3.7827'] lr = 0.0005000
2025-10-29 04:01:14,304 - TopNet - INFO - [Epoch 54/150][Batch 1201/2622] BatchTime = 0.229 (s) DataTime = 0.001 (s) Losses = ['3.4714', '3.4714'] lr = 0.0005000
2025-10-29 04:01:42,367 - TopNet - INFO - [Epoch 54/150][Batch 1301/2622] BatchTime = 0.210 (s) DataTime = 0.001 (s) Losses = ['3.1050', '3.1050'] lr = 0.0005000
2025-10-29 04:02:11,861 - TopNet - INFO - [Epoch 54/150][Batch 1401/2622] BatchTime = 0.398 (s) DataTime = 0.001 (s) Losses = ['3.2099', '3.2099'] lr = 0.0005000
2025-10-29 04:02:38,755 - TopNet - INFO - [Epoch 54/150][Batch 1501/2622] BatchTime = 0.187 (s) DataTime = 0.001 (s) Losses = ['3.2646', '3.2646'] lr = 0.0005000
2025-10-29 04:03:05,386 - TopNet - INFO - [Epoch 54/150][Batch 1601/2622] BatchTime = 0.335 (s) DataTime = 0.001 (s) Losses = ['5.5158', '5.5158'] lr = 0.0005000
2025-10-29 04:03:32,714 - TopNet - INFO - [Epoch 54/150][Batch 1701/2622] BatchTime = 0.275 (s) DataTime = 0.001 (s) Losses = ['3.4679', '3.4679'] lr = 0.0005000
2025-10-29 04:04:00,267 - TopNet - INFO - [Epoch 54/150][Batch 1801/2622] BatchTime = 0.209 (s) DataTime = 0.001 (s) Losses = ['9.2980', '9.2980'] lr = 0.0005000
2025-10-29 04:04:25,521 - TopNet - INFO - [Epoch 54/150][Batch 1901/2622] BatchTime = 0.116 (s) DataTime = 0.001 (s) Losses = ['3.5992', '3.5992'] lr = 0.0005000
2025-10-29 04:04:51,586 - TopNet - INFO - [Epoch 54/150][Batch 2001/2622] BatchTime = 0.337 (s) DataTime = 0.001 (s) Losses = ['4.1031', '4.1031'] lr = 0.0005000
2025-10-29 04:05:18,590 - TopNet - INFO - [Epoch 54/150][Batch 2101/2622] BatchTime = 0.191 (s) DataTime = 0.001 (s) Losses = ['3.8236', '3.8236'] lr = 0.0005000
2025-10-29 04:05:45,434 - TopNet - INFO - [Epoch 54/150][Batch 2201/2622] BatchTime = 0.205 (s) DataTime = 0.001 (s) Losses = ['3.4497', '3.4497'] lr = 0.0005000
2025-10-29 04:06:11,833 - TopNet - INFO - [Epoch 54/150][Batch 2301/2622] BatchTime = 0.115 (s) DataTime = 0.001 (s) Losses = ['3.1038', '3.1038'] lr = 0.0005000
2025-10-29 04:06:38,416 - TopNet - INFO - [Epoch 54/150][Batch 2401/2622] BatchTime = 0.688 (s) DataTime = 0.001 (s) Losses = ['3.6561', '3.6561'] lr = 0.0005000
2025-10-29 04:07:06,278 - TopNet - INFO - [Epoch 54/150][Batch 2501/2622] BatchTime = 0.224 (s) DataTime = 0.001 (s) Losses = ['4.1925', '4.1925'] lr = 0.0005000
2025-10-29 04:07:33,880 - TopNet - INFO - [Epoch 54/150][Batch 2601/2622] BatchTime = 0.314 (s) DataTime = 0.001 (s) Losses = ['3.9938', '3.9938'] lr = 0.0005000
2025-10-29 04:07:39,257 - TopNet - INFO - [Training] EPOCH: 54 EpochTime = 710.685 (s) Losses = ['3.5897', '3.5897']
2025-10-29 04:07:39,348 - TopNet - INFO - Save checkpoint at ./experiments/TopNet/ShapeNet55_models/TopNet_fog/ckpt-last.pth
2025-10-29 04:07:39,720 - TopNet - INFO - [Epoch 55/150][Batch 1/2622] BatchTime = 0.372 (s) DataTime = 0.072 (s) Losses = ['5.2035', '5.2035'] lr = 0.0005000
2025-10-29 04:08:06,188 - TopNet - INFO - [Epoch 55/150][Batch 101/2622] BatchTime = 0.112 (s) DataTime = 0.001 (s) Losses = ['3.0794', '3.0794'] lr = 0.0005000
2025-10-29 04:08:33,711 - TopNet - INFO - [Epoch 55/150][Batch 201/2622] BatchTime = 0.131 (s) DataTime = 0.001 (s) Losses = ['3.1823', '3.1823'] lr = 0.0005000
2025-10-29 04:09:02,304 - TopNet - INFO - [Epoch 55/150][Batch 301/2622] BatchTime = 0.110 (s) DataTime = 0.001 (s) Losses = ['3.3132', '3.3132'] lr = 0.0005000
2025-10-29 04:09:29,635 - TopNet - INFO - [Epoch 55/150][Batch 401/2622] BatchTime = 0.626 (s) DataTime = 0.001 (s) Losses = ['3.7340', '3.7340'] lr = 0.0005000
2025-10-29 04:09:57,053 - TopNet - INFO - [Epoch 55/150][Batch 501/2622] BatchTime = 0.131 (s) DataTime = 0.001 (s) Losses = ['5.0457', '5.0457'] lr = 0.0005000
2025-10-29 04:10:23,257 - TopNet - INFO - [Epoch 55/150][Batch 601/2622] BatchTime = 0.133 (s) DataTime = 0.001 (s) Losses = ['4.5912', '4.5912'] lr = 0.0005000
2025-10-29 04:10:48,032 - TopNet - INFO - [Epoch 55/150][Batch 701/2622] BatchTime = 0.126 (s) DataTime = 0.001 (s) Losses = ['2.4092', '2.4092'] lr = 0.0005000
2025-10-29 04:11:15,367 - TopNet - INFO - [Epoch 55/150][Batch 801/2622] BatchTime = 0.629 (s) DataTime = 0.001 (s) Losses = ['3.2262', '3.2262'] lr = 0.0005000
2025-10-29 04:11:43,189 - TopNet - INFO - [Epoch 55/150][Batch 901/2622] BatchTime = 0.306 (s) DataTime = 0.001 (s) Losses = ['4.1381', '4.1381'] lr = 0.0005000
2025-10-29 04:12:10,657 - TopNet - INFO - [Epoch 55/150][Batch 1001/2622] BatchTime = 0.327 (s) DataTime = 0.001 (s) Losses = ['3.9650', '3.9650'] lr = 0.0005000
2025-10-29 04:12:39,826 - TopNet - INFO - [Epoch 55/150][Batch 1101/2622] BatchTime = 0.129 (s) DataTime = 0.001 (s) Losses = ['3.5000', '3.5000'] lr = 0.0005000
2025-10-29 04:13:06,805 - TopNet - INFO - [Epoch 55/150][Batch 1201/2622] BatchTime = 0.250 (s) DataTime = 0.001 (s) Losses = ['3.1234', '3.1234'] lr = 0.0005000
2025-10-29 04:13:32,402 - TopNet - INFO - [Epoch 55/150][Batch 1301/2622] BatchTime = 0.112 (s) DataTime = 0.001 (s) Losses = ['4.3570', '4.3570'] lr = 0.0005000
2025-10-29 04:14:00,709 - TopNet - INFO - [Epoch 55/150][Batch 1401/2622] BatchTime = 0.313 (s) DataTime = 0.001 (s) Losses = ['3.2017', '3.2017'] lr = 0.0005000
2025-10-29 04:14:27,720 - TopNet - INFO - [Epoch 55/150][Batch 1501/2622] BatchTime = 0.211 (s) DataTime = 0.001 (s) Losses = ['5.1753', '5.1753'] lr = 0.0005000
2025-10-29 04:14:55,391 - TopNet - INFO - [Epoch 55/150][Batch 1601/2622] BatchTime = 0.295 (s) DataTime = 0.001 (s) Losses = ['3.5895', '3.5895'] lr = 0.0005000
2025-10-29 04:15:20,202 - TopNet - INFO - [Epoch 55/150][Batch 1701/2622] BatchTime = 0.209 (s) DataTime = 0.001 (s) Losses = ['2.7838', '2.7838'] lr = 0.0005000
2025-10-29 04:15:45,768 - TopNet - INFO - [Epoch 55/150][Batch 1801/2622] BatchTime = 0.326 (s) DataTime = 0.001 (s) Losses = ['3.5091', '3.5091'] lr = 0.0005000
2025-10-29 04:16:10,486 - TopNet - INFO - [Epoch 55/150][Batch 1901/2622] BatchTime = 0.206 (s) DataTime = 0.001 (s) Losses = ['3.1354', '3.1354'] lr = 0.0005000
2025-10-29 04:16:36,842 - TopNet - INFO - [Epoch 55/150][Batch 2001/2622] BatchTime = 0.253 (s) DataTime = 0.001 (s) Losses = ['3.7506', '3.7506'] lr = 0.0005000
2025-10-29 04:17:02,945 - TopNet - INFO - [Epoch 55/150][Batch 2101/2622] BatchTime = 0.212 (s) DataTime = 0.001 (s) Losses = ['3.8471', '3.8471'] lr = 0.0005000
2025-10-29 04:17:30,339 - TopNet - INFO - [Epoch 55/150][Batch 2201/2622] BatchTime = 0.466 (s) DataTime = 0.001 (s) Losses = ['3.2814', '3.2814'] lr = 0.0005000
2025-10-29 04:17:58,833 - TopNet - INFO - [Epoch 55/150][Batch 2301/2622] BatchTime = 0.453 (s) DataTime = 0.001 (s) Losses = ['5.4606', '5.4606'] lr = 0.0005000
2025-10-29 04:18:26,168 - TopNet - INFO - [Epoch 55/150][Batch 2401/2622] BatchTime = 0.196 (s) DataTime = 0.001 (s) Losses = ['4.9952', '4.9952'] lr = 0.0005000
2025-10-29 04:18:51,589 - TopNet - INFO - [Epoch 55/150][Batch 2501/2622] BatchTime = 0.193 (s) DataTime = 0.001 (s) Losses = ['3.0196', '3.0196'] lr = 0.0005000
2025-10-29 04:19:19,964 - TopNet - INFO - [Epoch 55/150][Batch 2601/2622] BatchTime = 0.404 (s) DataTime = 0.001 (s) Losses = ['3.5527', '3.5527'] lr = 0.0005000
2025-10-29 04:19:26,251 - TopNet - INFO - [Training] EPOCH: 55 EpochTime = 706.903 (s) Losses = ['3.5333', '3.5333']
2025-10-29 04:19:26,252 - TopNet - INFO - [VALIDATION] Start validating epoch 55
2025-10-29 04:20:07,783 - TopNet - INFO - Test[1051/10518] Taxonomy = 02691156 Sample = c7749c0a8b61f43bc9b9e28055202e3d Losses = ['23.9976', '2.2079', '23.9976', '2.2079'] Metrics = ['0.1403', '23.9976', '2.2079', '0.0000']
2025-10-29 04:20:46,238 - TopNet - INFO - Test[2102/10518] Taxonomy = 03211117 Sample = ab2f9418c111cc6ddb965514105122a4 Losses = ['24.9291', '1.6608', '24.9291', '1.6608'] Metrics = ['0.0688', '24.9291', '1.6608', '0.0000']
2025-10-29 04:21:23,904 - TopNet - INFO - Test[3153/10518] Taxonomy = 02876657 Sample = c5032e4be091aabb36fe7a88df793982 Losses = ['41.8027', '5.7579', '41.8027', '5.7579'] Metrics = ['0.0273', '41.8027', '5.7579', '0.0000']
2025-10-29 04:22:04,484 - TopNet - INFO - Test[4204/10518] Taxonomy = 03211117 Sample = 722df1da5778d45b1e43523279c7f09f Losses = ['33.0310', '3.3737', '33.0310', '3.3737'] Metrics = ['0.0568', '33.0310', '3.3737', '0.0000']
2025-10-29 04:22:45,287 - TopNet - INFO - Test[5255/10518] Taxonomy = 02828884 Sample = 14b63361a48a9fffe4a048c146e8bd43 Losses = ['37.0320', '3.4310', '37.0320', '3.4310'] Metrics = ['0.0303', '37.0320', '3.4310', '0.0000']
2025-10-29 04:23:22,823 - TopNet - INFO - Test[6306/10518] Taxonomy = 03211117 Sample = d330d50a0255529d19ed6e1a590c9122 Losses = ['31.8589', '2.5668', '31.8589', '2.5668'] Metrics = ['0.0487', '31.8589', '2.5668', '0.0000']
2025-10-29 04:24:00,234 - TopNet - INFO - Test[7357/10518] Taxonomy = 04379243 Sample = b1ca280d9567270ade98d10ab5975b59 Losses = ['31.1921', '2.8711', '31.1921', '2.8711'] Metrics = ['0.0330', '31.1921', '2.8711', '0.0000']
2025-10-29 04:24:37,565 - TopNet - INFO - Test[8408/10518] Taxonomy = 03001627 Sample = 89208a619341d9fdb8c516ed5c4ce32 Losses = ['32.8529', '2.7260', '32.8529', '2.7260'] Metrics = ['0.0253', '32.8529', '2.7260', '0.0000']
2025-10-29 04:25:15,286 - TopNet - INFO - Test[9459/10518] Taxonomy = 03001627 Sample = d0255120e3351121c3bd24f986301745 Losses = ['33.9561', '3.3091', '33.9561', '3.3091'] Metrics = ['0.0254', '33.9561', '3.3091', '0.0000']
2025-10-29 04:25:53,544 - TopNet - INFO - Test[10510/10518] Taxonomy = 03636649 Sample = ea9ec4d9db2e06202471e6dd5ac3ef92 Losses = ['29.4864', '2.2128', '29.4864', '2.2128'] Metrics = ['0.0654', '29.4864', '2.2128', '0.0000']
2025-10-29 04:25:53,910 - TopNet - INFO - [Validation] EPOCH: 55  Metrics = ['0.0649', '34.9022', '4.0871', '0.0000']
2025-10-29 04:25:53,911 - TopNet - INFO - ============================ TEST RESULTS ============================
2025-10-29 04:25:53,911 - TopNet - INFO - Taxonomy	#Sample	F-Score	CDL1	CDL2	EMDistance	#ModelName	
2025-10-29 04:25:53,911 - TopNet - INFO - 03759954	14	0.079 	34.462 	6.044 	0.000 	microphone	
2025-10-29 04:25:53,911 - TopNet - INFO - 04330267	44	0.030 	39.562 	4.734 	0.000 	stove	
2025-10-29 04:25:53,911 - TopNet - INFO - 03261776	15	0.040 	42.215 	7.372 	0.000 	earphone	
2025-10-29 04:25:53,911 - TopNet - INFO - 03513137	33	0.013 	53.321 	9.136 	0.000 	helmet	
2025-10-29 04:25:53,911 - TopNet - INFO - 04460130	27	0.060 	33.227 	3.685 	0.000 	tower	
2025-10-29 04:25:53,911 - TopNet - INFO - 04468005	78	0.095 	25.750 	1.988 	0.000 	train	
2025-10-29 04:25:53,911 - TopNet - INFO - 03761084	31	0.012 	44.823 	5.690 	0.000 	microwaves	
2025-10-29 04:25:53,911 - TopNet - INFO - 04004475	34	0.019 	45.386 	6.201 	0.000 	printer	
2025-10-29 04:25:53,911 - TopNet - INFO - 03938244	20	0.020 	48.415 	6.917 	0.000 	pillow	
2025-10-29 04:25:53,911 - TopNet - INFO - 02992529	167	0.070 	24.722 	1.646 	0.000 	cellphone	
2025-10-29 04:25:53,911 - TopNet - INFO - 02808440	172	0.031 	37.333 	4.282 	0.000 	bathtub	
2025-10-29 04:25:53,911 - TopNet - INFO - 04530566	388	0.112 	25.449 	2.101 	0.000 	watercraft	
2025-10-29 04:25:53,911 - TopNet - INFO - 02871439	91	0.036 	35.201 	3.832 	0.000 	bookshelf	
2025-10-29 04:25:53,911 - TopNet - INFO - 03593526	120	0.022 	44.967 	6.325 	0.000 	jar	
2025-10-29 04:25:53,911 - TopNet - INFO - 04554684	34	0.014 	44.577 	5.682 	0.000 	washer	
2025-10-29 04:25:53,911 - TopNet - INFO - 03467517	160	0.299 	15.506 	0.766 	0.000 	guitar	
2025-10-29 04:25:53,911 - TopNet - INFO - 04401088	218	0.074 	25.029 	1.774 	0.000 	telephone	
2025-10-29 04:25:53,911 - TopNet - INFO - 02954340	12	0.014 	46.583 	7.411 	0.000 	cap	
2025-10-29 04:25:53,911 - TopNet - INFO - 02933112	315	0.029 	34.827 	3.398 	0.000 	cabinet	
2025-10-29 04:25:53,911 - TopNet - INFO - 03642806	92	0.068 	26.418 	1.981 	0.000 	laptop	
2025-10-29 04:25:53,911 - TopNet - INFO - 02924116	188	0.071 	26.908 	2.115 	0.000 	bus	
2025-10-29 04:25:53,911 - TopNet - INFO - 02946921	22	0.013 	45.529 	5.762 	0.000 	can	
2025-10-29 04:25:53,911 - TopNet - INFO - 02818832	47	0.030 	41.502 	5.729 	0.000 	bed	
2025-10-29 04:25:53,911 - TopNet - INFO - 04256520	635	0.030 	35.819 	3.524 	0.000 	sofa	
2025-10-29 04:25:53,911 - TopNet - INFO - 04379243	1687	0.081 	29.838 	3.202 	0.000 	table	
2025-10-29 04:25:53,911 - TopNet - INFO - 02747177	69	0.018 	38.651 	4.408 	0.000 	trash bin	
2025-10-29 04:25:53,911 - TopNet - INFO - 03046257	131	0.036 	37.605 	4.335 	0.000 	clock	
2025-10-29 04:25:53,911 - TopNet - INFO - 04225987	31	0.122 	24.759 	2.051 	0.000 	skateboard	
2025-10-29 04:25:53,911 - TopNet - INFO - 03797390	43	0.016 	40.000 	4.696 	0.000 	mug	
2025-10-29 04:25:53,911 - TopNet - INFO - 03001627	1356	0.048 	33.733 	3.600 	0.000 	chair	
2025-10-29 04:25:53,911 - TopNet - INFO - 03691459	320	0.023 	41.069 	4.965 	0.000 	loudspeaker	
2025-10-29 04:25:53,911 - TopNet - INFO - 02942699	23	0.016 	47.526 	6.699 	0.000 	camera	
2025-10-29 04:25:53,911 - TopNet - INFO - 03636649	464	0.072 	37.594 	5.243 	0.000 	lamp	
2025-10-29 04:25:53,911 - TopNet - INFO - 02691156	809	0.162 	22.061 	1.645 	0.000 	airplane	
2025-10-29 04:25:53,911 - TopNet - INFO - 02773838	17	0.041 	37.047 	4.433 	0.000 	bag	
2025-10-29 04:25:53,911 - TopNet - INFO - 02958343	703	0.051 	28.300 	2.268 	0.000 	car	
2025-10-29 04:25:53,911 - TopNet - INFO - 02880940	38	0.019 	46.178 	7.015 	0.000 	bowl	
2025-10-29 04:25:53,911 - TopNet - INFO - 04099429	17	0.211 	21.970 	1.781 	0.000 	rocket	
2025-10-29 04:25:53,911 - TopNet - INFO - 02828884	363	0.088 	28.610 	2.838 	0.000 	bench	
2025-10-29 04:25:53,911 - TopNet - INFO - 04090263	475	0.292 	17.950 	1.213 	0.000 	rifle	
2025-10-29 04:25:53,911 - TopNet - INFO - 03211117	219	0.051 	32.514 	3.259 	0.000 	display	
2025-10-29 04:25:53,911 - TopNet - INFO - 02876657	100	0.045 	32.653 	3.193 	0.000 	bottle	
2025-10-29 04:25:53,911 - TopNet - INFO - 03710193	19	0.043 	36.219 	3.852 	0.000 	mailbox	
2025-10-29 04:25:53,911 - TopNet - INFO - 03790512	68	0.060 	30.807 	2.877 	0.000 	motorbike	
2025-10-29 04:25:53,911 - TopNet - INFO - 03325088	149	0.047 	40.271 	5.568 	0.000 	faucet	
2025-10-29 04:25:53,911 - TopNet - INFO - 02801938	23	0.021 	42.631 	5.562 	0.000 	basket	
2025-10-29 04:25:53,912 - TopNet - INFO - 03337140	60	0.029 	36.381 	3.854 	0.000 	file cabinet	
2025-10-29 04:25:53,912 - TopNet - INFO - 02843684	15	0.023 	41.779 	5.286 	0.000 	birdhouse	
2025-10-29 04:25:53,912 - TopNet - INFO - 03624134	85	0.278 	16.298 	0.883 	0.000 	knife	
2025-10-29 04:25:53,912 - TopNet - INFO - 03991062	121	0.024 	44.442 	6.162 	0.000 	flowerpot	
2025-10-29 04:25:53,912 - TopNet - INFO - 03948459	62	0.129 	23.964 	1.803 	0.000 	pistol	
2025-10-29 04:25:53,912 - TopNet - INFO - 03928116	48	0.030 	42.606 	5.554 	0.000 	piano	
2025-10-29 04:25:53,912 - TopNet - INFO - 03207941	19	0.019 	39.879 	4.859 	0.000 	dishwasher	
2025-10-29 04:25:53,912 - TopNet - INFO - 04074963	14	0.057 	26.761 	1.896 	0.000 	remote	
2025-10-29 04:25:53,912 - TopNet - INFO - 03085013	13	0.132 	21.992 	1.695 	0.000 	keyboard	
2025-10-29 04:25:53,912 - TopNet - INFO - Overall		0.065 	34.902 	4.087 	0.000 	
2025-10-29 04:25:54,008 - TopNet - INFO - Save checkpoint at ./experiments/TopNet/ShapeNet55_models/TopNet_fog/ckpt-best.pth
2025-10-29 04:25:54,101 - TopNet - INFO - Save checkpoint at ./experiments/TopNet/ShapeNet55_models/TopNet_fog/ckpt-last.pth
2025-10-29 04:25:54,495 - TopNet - INFO - [Epoch 56/150][Batch 1/2622] BatchTime = 0.393 (s) DataTime = 0.070 (s) Losses = ['3.1657', '3.1657'] lr = 0.0005000
2025-10-29 04:26:22,383 - TopNet - INFO - [Epoch 56/150][Batch 101/2622] BatchTime = 0.457 (s) DataTime = 0.001 (s) Losses = ['3.4709', '3.4709'] lr = 0.0005000
2025-10-29 04:26:50,877 - TopNet - INFO - [Epoch 56/150][Batch 201/2622] BatchTime = 0.391 (s) DataTime = 0.001 (s) Losses = ['4.2945', '4.2945'] lr = 0.0005000
2025-10-29 04:27:18,443 - TopNet - INFO - [Epoch 56/150][Batch 301/2622] BatchTime = 0.299 (s) DataTime = 0.001 (s) Losses = ['3.4344', '3.4344'] lr = 0.0005000
2025-10-29 04:27:46,904 - TopNet - INFO - [Epoch 56/150][Batch 401/2622] BatchTime = 0.308 (s) DataTime = 0.001 (s) Losses = ['3.4559', '3.4559'] lr = 0.0005000
2025-10-29 04:28:13,290 - TopNet - INFO - [Epoch 56/150][Batch 501/2622] BatchTime = 0.495 (s) DataTime = 0.001 (s) Losses = ['2.9924', '2.9924'] lr = 0.0005000
2025-10-29 04:28:39,797 - TopNet - INFO - [Epoch 56/150][Batch 601/2622] BatchTime = 0.116 (s) DataTime = 0.001 (s) Losses = ['3.2088', '3.2088'] lr = 0.0005000
2025-10-29 04:29:06,855 - TopNet - INFO - [Epoch 56/150][Batch 701/2622] BatchTime = 0.368 (s) DataTime = 0.001 (s) Losses = ['3.4843', '3.4843'] lr = 0.0005000
2025-10-29 04:29:35,426 - TopNet - INFO - [Epoch 56/150][Batch 801/2622] BatchTime = 0.508 (s) DataTime = 0.001 (s) Losses = ['4.0182', '4.0182'] lr = 0.0005000
2025-10-29 04:30:02,099 - TopNet - INFO - [Epoch 56/150][Batch 901/2622] BatchTime = 0.213 (s) DataTime = 0.001 (s) Losses = ['4.9129', '4.9129'] lr = 0.0005000
2025-10-29 04:30:29,185 - TopNet - INFO - [Epoch 56/150][Batch 1001/2622] BatchTime = 0.226 (s) DataTime = 0.001 (s) Losses = ['2.9494', '2.9494'] lr = 0.0005000
2025-10-29 04:30:56,877 - TopNet - INFO - [Epoch 56/150][Batch 1101/2622] BatchTime = 0.111 (s) DataTime = 0.001 (s) Losses = ['2.7504', '2.7504'] lr = 0.0005000
2025-10-29 04:31:22,960 - TopNet - INFO - [Epoch 56/150][Batch 1201/2622] BatchTime = 0.106 (s) DataTime = 0.001 (s) Losses = ['2.9184', '2.9184'] lr = 0.0005000
2025-10-29 04:31:52,605 - TopNet - INFO - [Epoch 56/150][Batch 1301/2622] BatchTime = 0.138 (s) DataTime = 0.001 (s) Losses = ['4.3490', '4.3490'] lr = 0.0005000
2025-10-29 04:32:19,431 - TopNet - INFO - [Epoch 56/150][Batch 1401/2622] BatchTime = 0.191 (s) DataTime = 0.001 (s) Losses = ['4.5882', '4.5882'] lr = 0.0005000
2025-10-29 04:32:46,938 - TopNet - INFO - [Epoch 56/150][Batch 1501/2622] BatchTime = 0.124 (s) DataTime = 0.001 (s) Losses = ['3.1364', '3.1364'] lr = 0.0005000
2025-10-29 04:33:14,195 - TopNet - INFO - [Epoch 56/150][Batch 1601/2622] BatchTime = 0.214 (s) DataTime = 0.001 (s) Losses = ['3.6191', '3.6191'] lr = 0.0005000
2025-10-29 04:33:42,926 - TopNet - INFO - [Epoch 56/150][Batch 1701/2622] BatchTime = 0.291 (s) DataTime = 0.001 (s) Losses = ['3.2980', '3.2980'] lr = 0.0005000
2025-10-29 04:34:11,448 - TopNet - INFO - [Epoch 56/150][Batch 1801/2622] BatchTime = 0.317 (s) DataTime = 0.001 (s) Losses = ['3.4322', '3.4322'] lr = 0.0005000
2025-10-29 04:34:37,749 - TopNet - INFO - [Epoch 56/150][Batch 1901/2622] BatchTime = 0.233 (s) DataTime = 0.001 (s) Losses = ['3.4982', '3.4982'] lr = 0.0005000
2025-10-29 04:35:04,597 - TopNet - INFO - [Epoch 56/150][Batch 2001/2622] BatchTime = 0.204 (s) DataTime = 0.001 (s) Losses = ['2.9675', '2.9675'] lr = 0.0005000
2025-10-29 04:35:33,519 - TopNet - INFO - [Epoch 56/150][Batch 2101/2622] BatchTime = 0.116 (s) DataTime = 0.001 (s) Losses = ['4.5934', '4.5934'] lr = 0.0005000
2025-10-29 04:36:02,214 - TopNet - INFO - [Epoch 56/150][Batch 2201/2622] BatchTime = 0.303 (s) DataTime = 0.001 (s) Losses = ['4.1489', '4.1489'] lr = 0.0005000
2025-10-29 04:36:30,722 - TopNet - INFO - [Epoch 56/150][Batch 2301/2622] BatchTime = 0.214 (s) DataTime = 0.001 (s) Losses = ['4.2005', '4.2005'] lr = 0.0005000
2025-10-29 04:36:55,799 - TopNet - INFO - [Epoch 56/150][Batch 2401/2622] BatchTime = 0.136 (s) DataTime = 0.001 (s) Losses = ['2.8116', '2.8116'] lr = 0.0005000
2025-10-29 04:37:22,485 - TopNet - INFO - [Epoch 56/150][Batch 2501/2622] BatchTime = 0.452 (s) DataTime = 0.001 (s) Losses = ['3.9773', '3.9773'] lr = 0.0005000
2025-10-29 04:37:48,062 - TopNet - INFO - [Epoch 56/150][Batch 2601/2622] BatchTime = 0.212 (s) DataTime = 0.001 (s) Losses = ['4.7198', '4.7198'] lr = 0.0005000
2025-10-29 04:37:53,946 - TopNet - INFO - [Training] EPOCH: 56 EpochTime = 719.844 (s) Losses = ['3.5171', '3.5171']
2025-10-29 04:37:54,045 - TopNet - INFO - Save checkpoint at ./experiments/TopNet/ShapeNet55_models/TopNet_fog/ckpt-last.pth
2025-10-29 04:37:54,336 - TopNet - INFO - [Epoch 57/150][Batch 1/2622] BatchTime = 0.291 (s) DataTime = 0.077 (s) Losses = ['3.1294', '3.1294'] lr = 0.0005000
2025-10-29 04:38:21,468 - TopNet - INFO - [Epoch 57/150][Batch 101/2622] BatchTime = 0.489 (s) DataTime = 0.001 (s) Losses = ['3.2368', '3.2368'] lr = 0.0005000
2025-10-29 04:38:47,463 - TopNet - INFO - [Epoch 57/150][Batch 201/2622] BatchTime = 0.128 (s) DataTime = 0.001 (s) Losses = ['3.1039', '3.1039'] lr = 0.0005000
2025-10-29 04:39:13,566 - TopNet - INFO - [Epoch 57/150][Batch 301/2622] BatchTime = 0.294 (s) DataTime = 0.001 (s) Losses = ['2.9016', '2.9016'] lr = 0.0005000
2025-10-29 04:39:40,924 - TopNet - INFO - [Epoch 57/150][Batch 401/2622] BatchTime = 0.322 (s) DataTime = 0.001 (s) Losses = ['4.1322', '4.1322'] lr = 0.0005000
2025-10-29 04:40:07,382 - TopNet - INFO - [Epoch 57/150][Batch 501/2622] BatchTime = 0.127 (s) DataTime = 0.001 (s) Losses = ['2.8420', '2.8420'] lr = 0.0005000
2025-10-29 04:40:35,190 - TopNet - INFO - [Epoch 57/150][Batch 601/2622] BatchTime = 0.105 (s) DataTime = 0.001 (s) Losses = ['3.5762', '3.5762'] lr = 0.0005000
2025-10-29 04:41:03,731 - TopNet - INFO - [Epoch 57/150][Batch 701/2622] BatchTime = 0.135 (s) DataTime = 0.001 (s) Losses = ['3.9922', '3.9922'] lr = 0.0005000
2025-10-29 04:41:32,054 - TopNet - INFO - [Epoch 57/150][Batch 801/2622] BatchTime = 0.195 (s) DataTime = 0.001 (s) Losses = ['3.9938', '3.9938'] lr = 0.0005000
2025-10-29 04:41:58,684 - TopNet - INFO - [Epoch 57/150][Batch 901/2622] BatchTime = 0.326 (s) DataTime = 0.001 (s) Losses = ['3.1819', '3.1819'] lr = 0.0005000
2025-10-29 04:42:25,681 - TopNet - INFO - [Epoch 57/150][Batch 1001/2622] BatchTime = 0.202 (s) DataTime = 0.001 (s) Losses = ['2.1314', '2.1314'] lr = 0.0005000
2025-10-29 04:42:53,309 - TopNet - INFO - [Epoch 57/150][Batch 1101/2622] BatchTime = 0.232 (s) DataTime = 0.001 (s) Losses = ['4.5432', '4.5432'] lr = 0.0005000
2025-10-29 04:43:20,671 - TopNet - INFO - [Epoch 57/150][Batch 1201/2622] BatchTime = 0.134 (s) DataTime = 0.001 (s) Losses = ['2.9664', '2.9664'] lr = 0.0005000
2025-10-29 04:43:48,761 - TopNet - INFO - [Epoch 57/150][Batch 1301/2622] BatchTime = 0.301 (s) DataTime = 0.001 (s) Losses = ['3.9552', '3.9552'] lr = 0.0005000
2025-10-29 04:44:15,374 - TopNet - INFO - [Epoch 57/150][Batch 1401/2622] BatchTime = 0.246 (s) DataTime = 0.001 (s) Losses = ['2.3197', '2.3197'] lr = 0.0005000
2025-10-29 04:44:41,624 - TopNet - INFO - [Epoch 57/150][Batch 1501/2622] BatchTime = 0.354 (s) DataTime = 0.001 (s) Losses = ['3.1339', '3.1339'] lr = 0.0005000
2025-10-29 04:45:08,674 - TopNet - INFO - [Epoch 57/150][Batch 1601/2622] BatchTime = 0.114 (s) DataTime = 0.001 (s) Losses = ['3.3417', '3.3417'] lr = 0.0005000
2025-10-29 04:45:35,507 - TopNet - INFO - [Epoch 57/150][Batch 1701/2622] BatchTime = 0.130 (s) DataTime = 0.001 (s) Losses = ['5.6282', '5.6282'] lr = 0.0005000
2025-10-29 04:46:02,410 - TopNet - INFO - [Epoch 57/150][Batch 1801/2622] BatchTime = 0.117 (s) DataTime = 0.001 (s) Losses = ['2.7846', '2.7846'] lr = 0.0005000
2025-10-29 04:46:28,866 - TopNet - INFO - [Epoch 57/150][Batch 1901/2622] BatchTime = 0.380 (s) DataTime = 0.001 (s) Losses = ['2.7722', '2.7722'] lr = 0.0005000
2025-10-29 04:46:55,599 - TopNet - INFO - [Epoch 57/150][Batch 2001/2622] BatchTime = 0.235 (s) DataTime = 0.001 (s) Losses = ['3.5841', '3.5841'] lr = 0.0005000
2025-10-29 04:47:22,403 - TopNet - INFO - [Epoch 57/150][Batch 2101/2622] BatchTime = 0.274 (s) DataTime = 0.001 (s) Losses = ['3.4615', '3.4615'] lr = 0.0005000
2025-10-29 04:47:51,571 - TopNet - INFO - [Epoch 57/150][Batch 2201/2622] BatchTime = 0.374 (s) DataTime = 0.001 (s) Losses = ['2.7852', '2.7852'] lr = 0.0005000
2025-10-29 04:48:19,382 - TopNet - INFO - [Epoch 57/150][Batch 2301/2622] BatchTime = 0.277 (s) DataTime = 0.001 (s) Losses = ['4.1193', '4.1193'] lr = 0.0005000
2025-10-29 04:48:46,556 - TopNet - INFO - [Epoch 57/150][Batch 2401/2622] BatchTime = 0.335 (s) DataTime = 0.001 (s) Losses = ['3.3500', '3.3500'] lr = 0.0005000
2025-10-29 04:49:13,902 - TopNet - INFO - [Epoch 57/150][Batch 2501/2622] BatchTime = 0.286 (s) DataTime = 0.001 (s) Losses = ['7.5934', '7.5934'] lr = 0.0005000
2025-10-29 04:49:43,376 - TopNet - INFO - [Epoch 57/150][Batch 2601/2622] BatchTime = 0.554 (s) DataTime = 0.001 (s) Losses = ['3.0015', '3.0015'] lr = 0.0005000
2025-10-29 04:49:49,725 - TopNet - INFO - [Training] EPOCH: 57 EpochTime = 715.679 (s) Losses = ['3.5123', '3.5123']
2025-10-29 04:49:49,821 - TopNet - INFO - Save checkpoint at ./experiments/TopNet/ShapeNet55_models/TopNet_fog/ckpt-last.pth
2025-10-29 04:49:50,057 - TopNet - INFO - [Epoch 58/150][Batch 1/2622] BatchTime = 0.236 (s) DataTime = 0.071 (s) Losses = ['4.0569', '4.0569'] lr = 0.0005000
2025-10-29 04:50:18,474 - TopNet - INFO - [Epoch 58/150][Batch 101/2622] BatchTime = 0.381 (s) DataTime = 0.001 (s) Losses = ['2.6761', '2.6761'] lr = 0.0005000
2025-10-29 04:50:47,761 - TopNet - INFO - [Epoch 58/150][Batch 201/2622] BatchTime = 0.569 (s) DataTime = 0.001 (s) Losses = ['3.6970', '3.6970'] lr = 0.0005000
2025-10-29 04:51:14,257 - TopNet - INFO - [Epoch 58/150][Batch 301/2622] BatchTime = 0.236 (s) DataTime = 0.001 (s) Losses = ['4.6885', '4.6885'] lr = 0.0005000
2025-10-29 04:51:41,820 - TopNet - INFO - [Epoch 58/150][Batch 401/2622] BatchTime = 0.291 (s) DataTime = 0.001 (s) Losses = ['2.4224', '2.4224'] lr = 0.0005000
2025-10-29 04:52:10,738 - TopNet - INFO - [Epoch 58/150][Batch 501/2622] BatchTime = 0.196 (s) DataTime = 0.001 (s) Losses = ['2.4656', '2.4656'] lr = 0.0005000
2025-10-29 04:52:36,607 - TopNet - INFO - [Epoch 58/150][Batch 601/2622] BatchTime = 0.467 (s) DataTime = 0.001 (s) Losses = ['2.2985', '2.2985'] lr = 0.0005000
2025-10-29 04:53:04,174 - TopNet - INFO - [Epoch 58/150][Batch 701/2622] BatchTime = 0.352 (s) DataTime = 0.001 (s) Losses = ['3.0397', '3.0397'] lr = 0.0005000
2025-10-29 04:53:32,946 - TopNet - INFO - [Epoch 58/150][Batch 801/2622] BatchTime = 0.297 (s) DataTime = 0.001 (s) Losses = ['2.9978', '2.9978'] lr = 0.0005000
2025-10-29 04:53:59,154 - TopNet - INFO - [Epoch 58/150][Batch 901/2622] BatchTime = 0.114 (s) DataTime = 0.001 (s) Losses = ['2.5050', '2.5050'] lr = 0.0005000
2025-10-29 04:54:27,978 - TopNet - INFO - [Epoch 58/150][Batch 1001/2622] BatchTime = 0.385 (s) DataTime = 0.001 (s) Losses = ['3.2633', '3.2633'] lr = 0.0005000
2025-10-29 04:54:53,647 - TopNet - INFO - [Epoch 58/150][Batch 1101/2622] BatchTime = 0.273 (s) DataTime = 0.001 (s) Losses = ['4.3720', '4.3720'] lr = 0.0005000
2025-10-29 04:55:20,608 - TopNet - INFO - [Epoch 58/150][Batch 1201/2622] BatchTime = 0.393 (s) DataTime = 0.001 (s) Losses = ['3.1957', '3.1957'] lr = 0.0005000
2025-10-29 04:55:47,072 - TopNet - INFO - [Epoch 58/150][Batch 1301/2622] BatchTime = 0.335 (s) DataTime = 0.001 (s) Losses = ['3.1813', '3.1813'] lr = 0.0005000
2025-10-29 04:56:14,152 - TopNet - INFO - [Epoch 58/150][Batch 1401/2622] BatchTime = 0.419 (s) DataTime = 0.001 (s) Losses = ['2.7130', '2.7130'] lr = 0.0005000
2025-10-29 04:56:42,715 - TopNet - INFO - [Epoch 58/150][Batch 1501/2622] BatchTime = 0.208 (s) DataTime = 0.001 (s) Losses = ['3.8309', '3.8309'] lr = 0.0005000
2025-10-29 04:57:08,394 - TopNet - INFO - [Epoch 58/150][Batch 1601/2622] BatchTime = 0.339 (s) DataTime = 0.001 (s) Losses = ['3.7250', '3.7250'] lr = 0.0005000
2025-10-29 04:57:36,739 - TopNet - INFO - [Epoch 58/150][Batch 1701/2622] BatchTime = 0.209 (s) DataTime = 0.001 (s) Losses = ['2.8032', '2.8032'] lr = 0.0005000
2025-10-29 04:58:03,107 - TopNet - INFO - [Epoch 58/150][Batch 1801/2622] BatchTime = 0.241 (s) DataTime = 0.001 (s) Losses = ['4.3822', '4.3822'] lr = 0.0005000
2025-10-29 04:58:29,360 - TopNet - INFO - [Epoch 58/150][Batch 1901/2622] BatchTime = 0.110 (s) DataTime = 0.001 (s) Losses = ['4.1268', '4.1268'] lr = 0.0005000
2025-10-29 04:58:56,504 - TopNet - INFO - [Epoch 58/150][Batch 2001/2622] BatchTime = 0.301 (s) DataTime = 0.001 (s) Losses = ['3.0621', '3.0621'] lr = 0.0005000
2025-10-29 04:59:22,149 - TopNet - INFO - [Epoch 58/150][Batch 2101/2622] BatchTime = 0.393 (s) DataTime = 0.001 (s) Losses = ['2.7808', '2.7808'] lr = 0.0005000
2025-10-29 04:59:50,181 - TopNet - INFO - [Epoch 58/150][Batch 2201/2622] BatchTime = 0.595 (s) DataTime = 0.001 (s) Losses = ['3.9061', '3.9061'] lr = 0.0005000
2025-10-29 05:00:19,577 - TopNet - INFO - [Epoch 58/150][Batch 2301/2622] BatchTime = 0.431 (s) DataTime = 0.001 (s) Losses = ['4.7297', '4.7297'] lr = 0.0005000
2025-10-29 05:00:46,144 - TopNet - INFO - [Epoch 58/150][Batch 2401/2622] BatchTime = 0.670 (s) DataTime = 0.001 (s) Losses = ['3.2682', '3.2682'] lr = 0.0005000
2025-10-29 05:01:15,470 - TopNet - INFO - [Epoch 58/150][Batch 2501/2622] BatchTime = 0.384 (s) DataTime = 0.001 (s) Losses = ['3.1737', '3.1737'] lr = 0.0005000
2025-10-29 05:01:42,937 - TopNet - INFO - [Epoch 58/150][Batch 2601/2622] BatchTime = 0.194 (s) DataTime = 0.001 (s) Losses = ['3.4596', '3.4596'] lr = 0.0005000
2025-10-29 05:01:49,753 - TopNet - INFO - [Training] EPOCH: 58 EpochTime = 719.931 (s) Losses = ['3.4974', '3.4974']
2025-10-29 05:01:49,848 - TopNet - INFO - Save checkpoint at ./experiments/TopNet/ShapeNet55_models/TopNet_fog/ckpt-last.pth
2025-10-29 05:01:50,213 - TopNet - INFO - [Epoch 59/150][Batch 1/2622] BatchTime = 0.364 (s) DataTime = 0.069 (s) Losses = ['3.5277', '3.5277'] lr = 0.0005000
2025-10-29 05:02:16,937 - TopNet - INFO - [Epoch 59/150][Batch 101/2622] BatchTime = 0.480 (s) DataTime = 0.001 (s) Losses = ['2.7739', '2.7739'] lr = 0.0005000
2025-10-29 05:02:43,700 - TopNet - INFO - [Epoch 59/150][Batch 201/2622] BatchTime = 0.388 (s) DataTime = 0.001 (s) Losses = ['3.2680', '3.2680'] lr = 0.0005000
2025-10-29 05:03:11,091 - TopNet - INFO - [Epoch 59/150][Batch 301/2622] BatchTime = 0.242 (s) DataTime = 0.001 (s) Losses = ['3.6747', '3.6747'] lr = 0.0005000
2025-10-29 05:03:36,497 - TopNet - INFO - [Epoch 59/150][Batch 401/2622] BatchTime = 0.227 (s) DataTime = 0.001 (s) Losses = ['4.9459', '4.9459'] lr = 0.0005000
2025-10-29 05:04:04,355 - TopNet - INFO - [Epoch 59/150][Batch 501/2622] BatchTime = 0.320 (s) DataTime = 0.001 (s) Losses = ['2.6535', '2.6535'] lr = 0.0005000
2025-10-29 05:04:31,889 - TopNet - INFO - [Epoch 59/150][Batch 601/2622] BatchTime = 0.226 (s) DataTime = 0.001 (s) Losses = ['4.9935', '4.9935'] lr = 0.0005000
2025-10-29 05:05:01,881 - TopNet - INFO - [Epoch 59/150][Batch 701/2622] BatchTime = 0.200 (s) DataTime = 0.001 (s) Losses = ['3.2941', '3.2941'] lr = 0.0005000
2025-10-29 05:05:28,504 - TopNet - INFO - [Epoch 59/150][Batch 801/2622] BatchTime = 0.117 (s) DataTime = 0.001 (s) Losses = ['4.3093', '4.3093'] lr = 0.0005000
2025-10-29 05:05:56,523 - TopNet - INFO - [Epoch 59/150][Batch 901/2622] BatchTime = 0.391 (s) DataTime = 0.001 (s) Losses = ['4.0500', '4.0500'] lr = 0.0005000
2025-10-29 05:06:24,453 - TopNet - INFO - [Epoch 59/150][Batch 1001/2622] BatchTime = 0.189 (s) DataTime = 0.001 (s) Losses = ['3.0761', '3.0761'] lr = 0.0005000
2025-10-29 05:06:53,663 - TopNet - INFO - [Epoch 59/150][Batch 1101/2622] BatchTime = 0.467 (s) DataTime = 0.001 (s) Losses = ['3.1458', '3.1458'] lr = 0.0005000
2025-10-29 05:07:23,613 - TopNet - INFO - [Epoch 59/150][Batch 1201/2622] BatchTime = 0.121 (s) DataTime = 0.001 (s) Losses = ['3.6449', '3.6449'] lr = 0.0005000
2025-10-29 05:07:51,817 - TopNet - INFO - [Epoch 59/150][Batch 1301/2622] BatchTime = 0.326 (s) DataTime = 0.001 (s) Losses = ['5.8886', '5.8886'] lr = 0.0005000
2025-10-29 05:08:19,398 - TopNet - INFO - [Epoch 59/150][Batch 1401/2622] BatchTime = 0.320 (s) DataTime = 0.001 (s) Losses = ['4.9106', '4.9106'] lr = 0.0005000
2025-10-29 05:08:46,754 - TopNet - INFO - [Epoch 59/150][Batch 1501/2622] BatchTime = 0.291 (s) DataTime = 0.001 (s) Losses = ['3.4534', '3.4534'] lr = 0.0005000
2025-10-29 05:09:14,288 - TopNet - INFO - [Epoch 59/150][Batch 1601/2622] BatchTime = 0.575 (s) DataTime = 0.001 (s) Losses = ['3.4165', '3.4165'] lr = 0.0005000
2025-10-29 05:09:40,796 - TopNet - INFO - [Epoch 59/150][Batch 1701/2622] BatchTime = 0.346 (s) DataTime = 0.001 (s) Losses = ['4.4950', '4.4950'] lr = 0.0005000
2025-10-29 05:10:07,546 - TopNet - INFO - [Epoch 59/150][Batch 1801/2622] BatchTime = 0.133 (s) DataTime = 0.001 (s) Losses = ['3.7325', '3.7325'] lr = 0.0005000
2025-10-29 05:10:34,732 - TopNet - INFO - [Epoch 59/150][Batch 1901/2622] BatchTime = 0.442 (s) DataTime = 0.001 (s) Losses = ['3.3107', '3.3107'] lr = 0.0005000
2025-10-29 05:11:01,393 - TopNet - INFO - [Epoch 59/150][Batch 2001/2622] BatchTime = 0.143 (s) DataTime = 0.001 (s) Losses = ['2.4653', '2.4653'] lr = 0.0005000
2025-10-29 05:11:28,463 - TopNet - INFO - [Epoch 59/150][Batch 2101/2622] BatchTime = 0.376 (s) DataTime = 0.001 (s) Losses = ['3.4750', '3.4750'] lr = 0.0005000
2025-10-29 05:11:54,841 - TopNet - INFO - [Epoch 59/150][Batch 2201/2622] BatchTime = 0.106 (s) DataTime = 0.001 (s) Losses = ['4.3451', '4.3451'] lr = 0.0005000
2025-10-29 05:12:23,437 - TopNet - INFO - [Epoch 59/150][Batch 2301/2622] BatchTime = 0.590 (s) DataTime = 0.001 (s) Losses = ['2.1332', '2.1332'] lr = 0.0005000
2025-10-29 05:12:52,994 - TopNet - INFO - [Epoch 59/150][Batch 2401/2622] BatchTime = 0.483 (s) DataTime = 0.001 (s) Losses = ['3.2351', '3.2351'] lr = 0.0005000
2025-10-29 05:13:25,292 - TopNet - INFO - [Epoch 59/150][Batch 2501/2622] BatchTime = 0.288 (s) DataTime = 0.001 (s) Losses = ['3.0802', '3.0802'] lr = 0.0005000
2025-10-29 05:13:57,115 - TopNet - INFO - [Epoch 59/150][Batch 2601/2622] BatchTime = 0.257 (s) DataTime = 0.001 (s) Losses = ['4.0233', '4.0233'] lr = 0.0005000
2025-10-29 05:14:02,338 - TopNet - INFO - [Training] EPOCH: 59 EpochTime = 732.489 (s) Losses = ['3.4949', '3.4949']
2025-10-29 05:14:02,436 - TopNet - INFO - Save checkpoint at ./experiments/TopNet/ShapeNet55_models/TopNet_fog/ckpt-last.pth
2025-10-29 05:14:02,844 - TopNet - INFO - [Epoch 60/150][Batch 1/2622] BatchTime = 0.407 (s) DataTime = 0.078 (s) Losses = ['2.7152', '2.7152'] lr = 0.0005000
2025-10-29 05:14:34,408 - TopNet - INFO - [Epoch 60/150][Batch 101/2622] BatchTime = 0.242 (s) DataTime = 0.001 (s) Losses = ['3.9191', '3.9191'] lr = 0.0005000
2025-10-29 05:15:02,924 - TopNet - INFO - [Epoch 60/150][Batch 201/2622] BatchTime = 0.469 (s) DataTime = 0.001 (s) Losses = ['5.2434', '5.2434'] lr = 0.0005000
2025-10-29 05:15:31,373 - TopNet - INFO - [Epoch 60/150][Batch 301/2622] BatchTime = 0.280 (s) DataTime = 0.001 (s) Losses = ['5.6722', '5.6722'] lr = 0.0005000
2025-10-29 05:16:00,057 - TopNet - INFO - [Epoch 60/150][Batch 401/2622] BatchTime = 0.277 (s) DataTime = 0.001 (s) Losses = ['3.3240', '3.3240'] lr = 0.0005000
2025-10-29 05:16:27,954 - TopNet - INFO - [Epoch 60/150][Batch 501/2622] BatchTime = 0.411 (s) DataTime = 0.001 (s) Losses = ['2.9226', '2.9226'] lr = 0.0005000
2025-10-29 05:16:54,903 - TopNet - INFO - [Epoch 60/150][Batch 601/2622] BatchTime = 0.330 (s) DataTime = 0.001 (s) Losses = ['2.9937', '2.9937'] lr = 0.0005000
2025-10-29 05:17:21,266 - TopNet - INFO - [Epoch 60/150][Batch 701/2622] BatchTime = 0.291 (s) DataTime = 0.001 (s) Losses = ['3.0064', '3.0064'] lr = 0.0005000
2025-10-29 05:17:49,712 - TopNet - INFO - [Epoch 60/150][Batch 801/2622] BatchTime = 0.332 (s) DataTime = 0.001 (s) Losses = ['3.2824', '3.2824'] lr = 0.0005000
2025-10-29 05:18:16,390 - TopNet - INFO - [Epoch 60/150][Batch 901/2622] BatchTime = 0.229 (s) DataTime = 0.001 (s) Losses = ['2.6465', '2.6465'] lr = 0.0005000
2025-10-29 05:18:42,297 - TopNet - INFO - [Epoch 60/150][Batch 1001/2622] BatchTime = 0.423 (s) DataTime = 0.001 (s) Losses = ['3.2863', '3.2863'] lr = 0.0005000
2025-10-29 05:19:09,236 - TopNet - INFO - [Epoch 60/150][Batch 1101/2622] BatchTime = 0.306 (s) DataTime = 0.001 (s) Losses = ['3.9047', '3.9047'] lr = 0.0005000
2025-10-29 05:19:37,340 - TopNet - INFO - [Epoch 60/150][Batch 1201/2622] BatchTime = 0.412 (s) DataTime = 0.001 (s) Losses = ['2.2752', '2.2752'] lr = 0.0005000
2025-10-29 05:20:03,639 - TopNet - INFO - [Epoch 60/150][Batch 1301/2622] BatchTime = 0.344 (s) DataTime = 0.001 (s) Losses = ['3.6858', '3.6858'] lr = 0.0005000
2025-10-29 05:20:30,004 - TopNet - INFO - [Epoch 60/150][Batch 1401/2622] BatchTime = 0.330 (s) DataTime = 0.001 (s) Losses = ['3.2835', '3.2835'] lr = 0.0005000
2025-10-29 05:20:56,839 - TopNet - INFO - [Epoch 60/150][Batch 1501/2622] BatchTime = 0.466 (s) DataTime = 0.001 (s) Losses = ['3.8625', '3.8625'] lr = 0.0005000
2025-10-29 05:21:25,344 - TopNet - INFO - [Epoch 60/150][Batch 1601/2622] BatchTime = 0.274 (s) DataTime = 0.001 (s) Losses = ['2.8496', '2.8496'] lr = 0.0005000
2025-10-29 05:21:51,494 - TopNet - INFO - [Epoch 60/150][Batch 1701/2622] BatchTime = 0.213 (s) DataTime = 0.001 (s) Losses = ['2.8424', '2.8424'] lr = 0.0005000
2025-10-29 05:22:19,815 - TopNet - INFO - [Epoch 60/150][Batch 1801/2622] BatchTime = 0.458 (s) DataTime = 0.001 (s) Losses = ['2.4507', '2.4507'] lr = 0.0005000
2025-10-29 05:22:47,736 - TopNet - INFO - [Epoch 60/150][Batch 1901/2622] BatchTime = 0.469 (s) DataTime = 0.001 (s) Losses = ['2.7887', '2.7887'] lr = 0.0005000
2025-10-29 05:23:14,149 - TopNet - INFO - [Epoch 60/150][Batch 2001/2622] BatchTime = 0.110 (s) DataTime = 0.001 (s) Losses = ['3.5909', '3.5909'] lr = 0.0005000
2025-10-29 05:23:40,113 - TopNet - INFO - [Epoch 60/150][Batch 2101/2622] BatchTime = 0.207 (s) DataTime = 0.001 (s) Losses = ['2.3530', '2.3530'] lr = 0.0005000
2025-10-29 05:24:07,850 - TopNet - INFO - [Epoch 60/150][Batch 2201/2622] BatchTime = 0.218 (s) DataTime = 0.001 (s) Losses = ['2.7891', '2.7891'] lr = 0.0005000
2025-10-29 05:24:36,445 - TopNet - INFO - [Epoch 60/150][Batch 2301/2622] BatchTime = 0.532 (s) DataTime = 0.001 (s) Losses = ['2.8795', '2.8795'] lr = 0.0005000
2025-10-29 05:25:02,877 - TopNet - INFO - [Epoch 60/150][Batch 2401/2622] BatchTime = 0.289 (s) DataTime = 0.001 (s) Losses = ['4.7274', '4.7274'] lr = 0.0005000
2025-10-29 05:25:29,828 - TopNet - INFO - [Epoch 60/150][Batch 2501/2622] BatchTime = 0.193 (s) DataTime = 0.001 (s) Losses = ['3.0589', '3.0589'] lr = 0.0005000
2025-10-29 05:25:58,475 - TopNet - INFO - [Epoch 60/150][Batch 2601/2622] BatchTime = 0.147 (s) DataTime = 0.001 (s) Losses = ['3.7781', '3.7781'] lr = 0.0005000
2025-10-29 05:26:03,814 - TopNet - INFO - [Training] EPOCH: 60 EpochTime = 721.378 (s) Losses = ['3.4826', '3.4826']
2025-10-29 05:26:03,815 - TopNet - INFO - [VALIDATION] Start validating epoch 60
2025-10-29 05:26:44,492 - TopNet - INFO - Test[1051/10518] Taxonomy = 02691156 Sample = c7749c0a8b61f43bc9b9e28055202e3d Losses = ['22.0373', '1.7567', '22.0373', '1.7567'] Metrics = ['0.1703', '22.0373', '1.7567', '0.0000']
2025-10-29 05:27:23,562 - TopNet - INFO - Test[2102/10518] Taxonomy = 03211117 Sample = ab2f9418c111cc6ddb965514105122a4 Losses = ['26.2539', '1.8443', '26.2539', '1.8443'] Metrics = ['0.0794', '26.2539', '1.8443', '0.0000']
2025-10-29 05:28:02,172 - TopNet - INFO - Test[3153/10518] Taxonomy = 02876657 Sample = c5032e4be091aabb36fe7a88df793982 Losses = ['41.5162', '5.2729', '41.5162', '5.2729'] Metrics = ['0.0144', '41.5162', '5.2729', '0.0000']
2025-10-29 05:28:42,653 - TopNet - INFO - Test[4204/10518] Taxonomy = 03211117 Sample = 722df1da5778d45b1e43523279c7f09f Losses = ['32.8430', '3.5367', '32.8430', '3.5367'] Metrics = ['0.0604', '32.8430', '3.5367', '0.0000']
2025-10-29 05:29:22,898 - TopNet - INFO - Test[5255/10518] Taxonomy = 02828884 Sample = 14b63361a48a9fffe4a048c146e8bd43 Losses = ['42.6428', '4.6445', '42.6428', '4.6445'] Metrics = ['0.0216', '42.6428', '4.6445', '0.0000']
2025-10-29 05:30:01,367 - TopNet - INFO - Test[6306/10518] Taxonomy = 03211117 Sample = d330d50a0255529d19ed6e1a590c9122 Losses = ['27.8870', '2.2981', '27.8870', '2.2981'] Metrics = ['0.0773', '27.8870', '2.2981', '0.0000']
2025-10-29 05:30:37,645 - TopNet - INFO - Test[7357/10518] Taxonomy = 04379243 Sample = b1ca280d9567270ade98d10ab5975b59 Losses = ['31.1775', '2.9024', '31.1775', '2.9024'] Metrics = ['0.0464', '31.1775', '2.9024', '0.0000']
2025-10-29 05:31:16,102 - TopNet - INFO - Test[8408/10518] Taxonomy = 03001627 Sample = 89208a619341d9fdb8c516ed5c4ce32 Losses = ['32.3106', '2.7068', '32.3106', '2.7068'] Metrics = ['0.0312', '32.3106', '2.7068', '0.0000']
2025-10-29 05:31:55,525 - TopNet - INFO - Test[9459/10518] Taxonomy = 03001627 Sample = d0255120e3351121c3bd24f986301745 Losses = ['35.8471', '4.2065', '35.8471', '4.2065'] Metrics = ['0.0287', '35.8471', '4.2065', '0.0000']
2025-10-29 05:32:35,042 - TopNet - INFO - Test[10510/10518] Taxonomy = 03636649 Sample = ea9ec4d9db2e06202471e6dd5ac3ef92 Losses = ['21.3011', '1.6572', '21.3011', '1.6572'] Metrics = ['0.1876', '21.3011', '1.6572', '0.0000']
2025-10-29 05:32:35,509 - TopNet - INFO - [Validation] EPOCH: 60  Metrics = ['0.0636', '35.5804', '4.1803', '0.0000']
2025-10-29 05:32:35,509 - TopNet - INFO - ============================ TEST RESULTS ============================
2025-10-29 05:32:35,509 - TopNet - INFO - Taxonomy	#Sample	F-Score	CDL1	CDL2	EMDistance	#ModelName	
2025-10-29 05:32:35,509 - TopNet - INFO - 03759954	14	0.087 	37.330 	5.867 	0.000 	microphone	
2025-10-29 05:32:35,509 - TopNet - INFO - 04330267	44	0.033 	38.552 	4.379 	0.000 	stove	
2025-10-29 05:32:35,509 - TopNet - INFO - 03261776	15	0.034 	47.834 	10.362 	0.000 	earphone	
2025-10-29 05:32:35,509 - TopNet - INFO - 03513137	33	0.011 	55.025 	9.296 	0.000 	helmet	
2025-10-29 05:32:35,509 - TopNet - INFO - 04460130	27	0.077 	34.464 	3.873 	0.000 	tower	
2025-10-29 05:32:35,509 - TopNet - INFO - 04468005	78	0.082 	26.396 	2.104 	0.000 	train	
2025-10-29 05:32:35,509 - TopNet - INFO - 03761084	31	0.018 	41.341 	4.963 	0.000 	microwaves	
2025-10-29 05:32:35,509 - TopNet - INFO - 04004475	34	0.022 	44.626 	6.136 	0.000 	printer	
2025-10-29 05:32:35,509 - TopNet - INFO - 03938244	20	0.021 	48.488 	6.992 	0.000 	pillow	
2025-10-29 05:32:35,509 - TopNet - INFO - 02992529	167	0.062 	27.424 	2.010 	0.000 	cellphone	
2025-10-29 05:32:35,509 - TopNet - INFO - 02808440	172	0.030 	38.834 	4.727 	0.000 	bathtub	
2025-10-29 05:32:35,509 - TopNet - INFO - 04530566	388	0.104 	26.062 	2.135 	0.000 	watercraft	
2025-10-29 05:32:35,509 - TopNet - INFO - 02871439	91	0.034 	36.551 	3.966 	0.000 	bookshelf	
2025-10-29 05:32:35,509 - TopNet - INFO - 03593526	120	0.026 	45.023 	6.196 	0.000 	jar	
2025-10-29 05:32:35,509 - TopNet - INFO - 04554684	34	0.015 	43.295 	5.058 	0.000 	washer	
2025-10-29 05:32:35,509 - TopNet - INFO - 03467517	160	0.315 	15.816 	0.811 	0.000 	guitar	
2025-10-29 05:32:35,509 - TopNet - INFO - 04401088	218	0.065 	26.956 	2.015 	0.000 	telephone	
2025-10-29 05:32:35,509 - TopNet - INFO - 02954340	12	0.013 	54.058 	9.291 	0.000 	cap	
2025-10-29 05:32:35,509 - TopNet - INFO - 02933112	315	0.027 	35.947 	3.528 	0.000 	cabinet	
2025-10-29 05:32:35,509 - TopNet - INFO - 03642806	92	0.073 	26.494 	2.086 	0.000 	laptop	
2025-10-29 05:32:35,510 - TopNet - INFO - 02924116	188	0.060 	28.169 	2.250 	0.000 	bus	
2025-10-29 05:32:35,510 - TopNet - INFO - 02946921	22	0.011 	47.101 	5.968 	0.000 	can	
2025-10-29 05:32:35,510 - TopNet - INFO - 02818832	47	0.029 	42.200 	5.615 	0.000 	bed	
2025-10-29 05:32:35,510 - TopNet - INFO - 04256520	635	0.030 	37.245 	3.770 	0.000 	sofa	
2025-10-29 05:32:35,510 - TopNet - INFO - 04379243	1687	0.068 	32.381 	3.506 	0.000 	table	
2025-10-29 05:32:35,510 - TopNet - INFO - 02747177	69	0.019 	39.555 	4.512 	0.000 	trash bin	
2025-10-29 05:32:35,510 - TopNet - INFO - 03046257	131	0.040 	37.745 	4.278 	0.000 	clock	
2025-10-29 05:32:35,510 - TopNet - INFO - 04225987	31	0.121 	25.176 	2.077 	0.000 	skateboard	
2025-10-29 05:32:35,510 - TopNet - INFO - 03797390	43	0.019 	40.418 	4.815 	0.000 	mug	
2025-10-29 05:32:35,510 - TopNet - INFO - 03001627	1356	0.044 	34.242 	3.653 	0.000 	chair	
2025-10-29 05:32:35,510 - TopNet - INFO - 03691459	320	0.022 	41.574 	4.996 	0.000 	loudspeaker	
2025-10-29 05:32:35,510 - TopNet - INFO - 02942699	23	0.017 	46.966 	6.458 	0.000 	camera	
2025-10-29 05:32:35,510 - TopNet - INFO - 03636649	464	0.062 	38.383 	5.583 	0.000 	lamp	
2025-10-29 05:32:35,510 - TopNet - INFO - 02691156	809	0.153 	22.895 	1.802 	0.000 	airplane	
2025-10-29 05:32:35,510 - TopNet - INFO - 02773838	17	0.031 	42.480 	5.221 	0.000 	bag	
2025-10-29 05:32:35,510 - TopNet - INFO - 02958343	703	0.047 	29.600 	2.464 	0.000 	car	
2025-10-29 05:32:35,510 - TopNet - INFO - 02880940	38	0.021 	41.408 	5.123 	0.000 	bowl	
2025-10-29 05:32:35,510 - TopNet - INFO - 04099429	17	0.195 	23.247 	1.991 	0.000 	rocket	
2025-10-29 05:32:35,510 - TopNet - INFO - 02828884	363	0.089 	29.536 	2.926 	0.000 	bench	
2025-10-29 05:32:35,510 - TopNet - INFO - 04090263	475	0.293 	17.719 	1.199 	0.000 	rifle	
2025-10-29 05:32:35,510 - TopNet - INFO - 03211117	219	0.049 	33.882 	3.489 	0.000 	display	
2025-10-29 05:32:35,510 - TopNet - INFO - 02876657	100	0.051 	31.356 	2.916 	0.000 	bottle	
2025-10-29 05:32:35,510 - TopNet - INFO - 03710193	19	0.063 	34.074 	3.524 	0.000 	mailbox	
2025-10-29 05:32:35,510 - TopNet - INFO - 03790512	68	0.059 	30.383 	2.786 	0.000 	motorbike	
2025-10-29 05:32:35,510 - TopNet - INFO - 03325088	149	0.045 	40.387 	5.646 	0.000 	faucet	
2025-10-29 05:32:35,510 - TopNet - INFO - 02801938	23	0.025 	38.568 	4.658 	0.000 	basket	
2025-10-29 05:32:35,510 - TopNet - INFO - 03337140	60	0.028 	37.134 	3.969 	0.000 	file cabinet	
2025-10-29 05:32:35,510 - TopNet - INFO - 02843684	15	0.022 	40.559 	5.135 	0.000 	birdhouse	
2025-10-29 05:32:35,510 - TopNet - INFO - 03624134	85	0.252 	16.843 	0.911 	0.000 	knife	
2025-10-29 05:32:35,510 - TopNet - INFO - 03991062	121	0.024 	44.761 	6.399 	0.000 	flowerpot	
2025-10-29 05:32:35,510 - TopNet - INFO - 03948459	62	0.124 	23.177 	1.623 	0.000 	pistol	
2025-10-29 05:32:35,510 - TopNet - INFO - 03928116	48	0.027 	44.788 	6.089 	0.000 	piano	
2025-10-29 05:32:35,510 - TopNet - INFO - 03207941	19	0.020 	39.348 	4.437 	0.000 	dishwasher	
2025-10-29 05:32:35,510 - TopNet - INFO - 04074963	14	0.055 	30.452 	2.587 	0.000 	remote	
2025-10-29 05:32:35,510 - TopNet - INFO - 03085013	13	0.137 	22.652 	1.741 	0.000 	keyboard	
2025-10-29 05:32:35,510 - TopNet - INFO - Overall		0.064 	35.580 	4.180 	0.000 	
2025-10-29 05:32:35,603 - TopNet - INFO - Save checkpoint at ./experiments/TopNet/ShapeNet55_models/TopNet_fog/ckpt-last.pth
2025-10-29 05:32:35,918 - TopNet - INFO - [Epoch 61/150][Batch 1/2622] BatchTime = 0.315 (s) DataTime = 0.073 (s) Losses = ['3.0720', '3.0720'] lr = 0.0005000
2025-10-29 05:33:02,919 - TopNet - INFO - [Epoch 61/150][Batch 101/2622] BatchTime = 0.340 (s) DataTime = 0.001 (s) Losses = ['4.3294', '4.3294'] lr = 0.0005000
2025-10-29 05:33:31,833 - TopNet - INFO - [Epoch 61/150][Batch 201/2622] BatchTime = 0.289 (s) DataTime = 0.001 (s) Losses = ['2.4208', '2.4208'] lr = 0.0005000
2025-10-29 05:33:57,653 - TopNet - INFO - [Epoch 61/150][Batch 301/2622] BatchTime = 0.122 (s) DataTime = 0.001 (s) Losses = ['3.5505', '3.5505'] lr = 0.0005000
2025-10-29 05:34:26,530 - TopNet - INFO - [Epoch 61/150][Batch 401/2622] BatchTime = 0.476 (s) DataTime = 0.001 (s) Losses = ['2.6509', '2.6509'] lr = 0.0005000
2025-10-29 05:34:55,499 - TopNet - INFO - [Epoch 61/150][Batch 501/2622] BatchTime = 0.245 (s) DataTime = 0.001 (s) Losses = ['3.9991', '3.9991'] lr = 0.0005000
2025-10-29 05:35:25,068 - TopNet - INFO - [Epoch 61/150][Batch 601/2622] BatchTime = 0.324 (s) DataTime = 0.001 (s) Losses = ['4.6512', '4.6512'] lr = 0.0005000
2025-10-29 05:35:53,635 - TopNet - INFO - [Epoch 61/150][Batch 701/2622] BatchTime = 0.104 (s) DataTime = 0.001 (s) Losses = ['2.5625', '2.5625'] lr = 0.0005000
2025-10-29 05:36:21,499 - TopNet - INFO - [Epoch 61/150][Batch 801/2622] BatchTime = 0.273 (s) DataTime = 0.001 (s) Losses = ['4.2633', '4.2633'] lr = 0.0005000
2025-10-29 05:36:49,221 - TopNet - INFO - [Epoch 61/150][Batch 901/2622] BatchTime = 0.296 (s) DataTime = 0.001 (s) Losses = ['3.5797', '3.5797'] lr = 0.0005000
2025-10-29 05:37:15,014 - TopNet - INFO - [Epoch 61/150][Batch 1001/2622] BatchTime = 0.364 (s) DataTime = 0.001 (s) Losses = ['4.1599', '4.1599'] lr = 0.0005000
2025-10-29 05:37:41,537 - TopNet - INFO - [Epoch 61/150][Batch 1101/2622] BatchTime = 0.199 (s) DataTime = 0.001 (s) Losses = ['4.5977', '4.5977'] lr = 0.0005000
2025-10-29 05:38:10,616 - TopNet - INFO - [Epoch 61/150][Batch 1201/2622] BatchTime = 0.241 (s) DataTime = 0.001 (s) Losses = ['3.4183', '3.4183'] lr = 0.0005000
2025-10-29 05:38:37,213 - TopNet - INFO - [Epoch 61/150][Batch 1301/2622] BatchTime = 0.113 (s) DataTime = 0.001 (s) Losses = ['2.9644', '2.9644'] lr = 0.0005000
2025-10-29 05:39:03,086 - TopNet - INFO - [Epoch 61/150][Batch 1401/2622] BatchTime = 0.237 (s) DataTime = 0.001 (s) Losses = ['3.5800', '3.5800'] lr = 0.0005000
2025-10-29 05:39:30,762 - TopNet - INFO - [Epoch 61/150][Batch 1501/2622] BatchTime = 0.351 (s) DataTime = 0.001 (s) Losses = ['2.8868', '2.8868'] lr = 0.0005000
2025-10-29 05:39:57,113 - TopNet - INFO - [Epoch 61/150][Batch 1601/2622] BatchTime = 0.110 (s) DataTime = 0.001 (s) Losses = ['3.2460', '3.2460'] lr = 0.0005000
2025-10-29 05:40:24,144 - TopNet - INFO - [Epoch 61/150][Batch 1701/2622] BatchTime = 0.196 (s) DataTime = 0.001 (s) Losses = ['4.1849', '4.1849'] lr = 0.0005000
2025-10-29 05:40:50,491 - TopNet - INFO - [Epoch 61/150][Batch 1801/2622] BatchTime = 0.214 (s) DataTime = 0.001 (s) Losses = ['2.0963', '2.0963'] lr = 0.0005000
2025-10-29 05:41:19,192 - TopNet - INFO - [Epoch 61/150][Batch 1901/2622] BatchTime = 0.115 (s) DataTime = 0.001 (s) Losses = ['3.5845', '3.5845'] lr = 0.0005000
2025-10-29 05:41:47,124 - TopNet - INFO - [Epoch 61/150][Batch 2001/2622] BatchTime = 0.141 (s) DataTime = 0.001 (s) Losses = ['3.8864', '3.8864'] lr = 0.0005000
2025-10-29 05:42:11,988 - TopNet - INFO - [Epoch 61/150][Batch 2101/2622] BatchTime = 0.228 (s) DataTime = 0.001 (s) Losses = ['2.6278', '2.6278'] lr = 0.0005000
2025-10-29 05:42:40,865 - TopNet - INFO - [Epoch 61/150][Batch 2201/2622] BatchTime = 0.103 (s) DataTime = 0.001 (s) Losses = ['2.6656', '2.6656'] lr = 0.0005000
2025-10-29 05:43:08,254 - TopNet - INFO - [Epoch 61/150][Batch 2301/2622] BatchTime = 0.138 (s) DataTime = 0.001 (s) Losses = ['3.4803', '3.4803'] lr = 0.0005000
2025-10-29 05:43:34,636 - TopNet - INFO - [Epoch 61/150][Batch 2401/2622] BatchTime = 0.562 (s) DataTime = 0.001 (s) Losses = ['3.2027', '3.2027'] lr = 0.0005000
2025-10-29 05:44:02,950 - TopNet - INFO - [Epoch 61/150][Batch 2501/2622] BatchTime = 0.788 (s) DataTime = 0.001 (s) Losses = ['3.5154', '3.5154'] lr = 0.0005000
2025-10-29 05:44:31,421 - TopNet - INFO - [Epoch 61/150][Batch 2601/2622] BatchTime = 0.205 (s) DataTime = 0.001 (s) Losses = ['2.7841', '2.7841'] lr = 0.0005000
2025-10-29 05:44:37,426 - TopNet - INFO - [Training] EPOCH: 61 EpochTime = 721.823 (s) Losses = ['3.4592', '3.4592']
2025-10-29 05:44:37,523 - TopNet - INFO - Save checkpoint at ./experiments/TopNet/ShapeNet55_models/TopNet_fog/ckpt-last.pth
2025-10-29 05:44:37,904 - TopNet - INFO - [Epoch 62/150][Batch 1/2622] BatchTime = 0.381 (s) DataTime = 0.079 (s) Losses = ['3.7734', '3.7734'] lr = 0.0005000
2025-10-29 05:45:06,809 - TopNet - INFO - [Epoch 62/150][Batch 101/2622] BatchTime = 0.304 (s) DataTime = 0.001 (s) Losses = ['2.3160', '2.3160'] lr = 0.0005000
2025-10-29 05:45:33,127 - TopNet - INFO - [Epoch 62/150][Batch 201/2622] BatchTime = 0.329 (s) DataTime = 0.001 (s) Losses = ['4.1112', '4.1112'] lr = 0.0005000
2025-10-29 05:45:59,464 - TopNet - INFO - [Epoch 62/150][Batch 301/2622] BatchTime = 0.397 (s) DataTime = 0.001 (s) Losses = ['2.8126', '2.8126'] lr = 0.0005000
2025-10-29 05:46:24,993 - TopNet - INFO - [Epoch 62/150][Batch 401/2622] BatchTime = 0.241 (s) DataTime = 0.001 (s) Losses = ['2.8647', '2.8647'] lr = 0.0005000
2025-10-29 05:46:51,139 - TopNet - INFO - [Epoch 62/150][Batch 501/2622] BatchTime = 0.145 (s) DataTime = 0.001 (s) Losses = ['3.4995', '3.4995'] lr = 0.0005000
2025-10-29 05:47:18,701 - TopNet - INFO - [Epoch 62/150][Batch 601/2622] BatchTime = 0.443 (s) DataTime = 0.001 (s) Losses = ['3.2422', '3.2422'] lr = 0.0005000
2025-10-29 05:47:46,223 - TopNet - INFO - [Epoch 62/150][Batch 701/2622] BatchTime = 0.230 (s) DataTime = 0.001 (s) Losses = ['2.1826', '2.1826'] lr = 0.0005000
2025-10-29 05:48:13,128 - TopNet - INFO - [Epoch 62/150][Batch 801/2622] BatchTime = 0.506 (s) DataTime = 0.001 (s) Losses = ['3.8010', '3.8010'] lr = 0.0005000
2025-10-29 05:48:40,539 - TopNet - INFO - [Epoch 62/150][Batch 901/2622] BatchTime = 0.439 (s) DataTime = 0.001 (s) Losses = ['2.7601', '2.7601'] lr = 0.0005000
2025-10-29 05:49:07,386 - TopNet - INFO - [Epoch 62/150][Batch 1001/2622] BatchTime = 0.210 (s) DataTime = 0.001 (s) Losses = ['3.7884', '3.7884'] lr = 0.0005000
2025-10-29 05:49:32,917 - TopNet - INFO - [Epoch 62/150][Batch 1101/2622] BatchTime = 0.117 (s) DataTime = 0.001 (s) Losses = ['2.7889', '2.7889'] lr = 0.0005000
2025-10-29 05:50:00,343 - TopNet - INFO - [Epoch 62/150][Batch 1201/2622] BatchTime = 0.222 (s) DataTime = 0.001 (s) Losses = ['3.2697', '3.2697'] lr = 0.0005000
2025-10-29 05:50:27,279 - TopNet - INFO - [Epoch 62/150][Batch 1301/2622] BatchTime = 0.291 (s) DataTime = 0.001 (s) Losses = ['2.7201', '2.7201'] lr = 0.0005000
2025-10-29 05:50:54,699 - TopNet - INFO - [Epoch 62/150][Batch 1401/2622] BatchTime = 0.302 (s) DataTime = 0.001 (s) Losses = ['3.6374', '3.6374'] lr = 0.0005000
2025-10-29 05:51:21,107 - TopNet - INFO - [Epoch 62/150][Batch 1501/2622] BatchTime = 0.316 (s) DataTime = 0.001 (s) Losses = ['3.3616', '3.3616'] lr = 0.0005000
2025-10-29 05:51:47,764 - TopNet - INFO - [Epoch 62/150][Batch 1601/2622] BatchTime = 0.323 (s) DataTime = 0.001 (s) Losses = ['3.0165', '3.0165'] lr = 0.0005000
2025-10-29 05:52:16,084 - TopNet - INFO - [Epoch 62/150][Batch 1701/2622] BatchTime = 0.229 (s) DataTime = 0.001 (s) Losses = ['2.7831', '2.7831'] lr = 0.0005000
2025-10-29 05:52:46,280 - TopNet - INFO - [Epoch 62/150][Batch 1801/2622] BatchTime = 0.421 (s) DataTime = 0.001 (s) Losses = ['3.6697', '3.6697'] lr = 0.0005000
2025-10-29 05:53:13,870 - TopNet - INFO - [Epoch 62/150][Batch 1901/2622] BatchTime = 0.314 (s) DataTime = 0.001 (s) Losses = ['3.3374', '3.3374'] lr = 0.0005000
2025-10-29 05:53:43,436 - TopNet - INFO - [Epoch 62/150][Batch 2001/2622] BatchTime = 0.226 (s) DataTime = 0.001 (s) Losses = ['2.2273', '2.2273'] lr = 0.0005000
2025-10-29 05:54:10,149 - TopNet - INFO - [Epoch 62/150][Batch 2101/2622] BatchTime = 0.314 (s) DataTime = 0.001 (s) Losses = ['3.1142', '3.1142'] lr = 0.0005000
2025-10-29 05:54:38,502 - TopNet - INFO - [Epoch 62/150][Batch 2201/2622] BatchTime = 0.415 (s) DataTime = 0.001 (s) Losses = ['3.3261', '3.3261'] lr = 0.0005000
2025-10-29 05:55:05,342 - TopNet - INFO - [Epoch 62/150][Batch 2301/2622] BatchTime = 0.243 (s) DataTime = 0.001 (s) Losses = ['3.0575', '3.0575'] lr = 0.0005000
2025-10-29 05:55:32,589 - TopNet - INFO - [Epoch 62/150][Batch 2401/2622] BatchTime = 0.202 (s) DataTime = 0.001 (s) Losses = ['4.1437', '4.1437'] lr = 0.0005000
2025-10-29 05:56:00,258 - TopNet - INFO - [Epoch 62/150][Batch 2501/2622] BatchTime = 0.353 (s) DataTime = 0.001 (s) Losses = ['3.6513', '3.6513'] lr = 0.0005000
2025-10-29 05:56:27,238 - TopNet - INFO - [Epoch 62/150][Batch 2601/2622] BatchTime = 0.231 (s) DataTime = 0.001 (s) Losses = ['3.1756', '3.1756'] lr = 0.0005000
2025-10-29 05:56:33,603 - TopNet - INFO - [Training] EPOCH: 62 EpochTime = 716.080 (s) Losses = ['3.4607', '3.4607']
2025-10-29 05:56:33,698 - TopNet - INFO - Save checkpoint at ./experiments/TopNet/ShapeNet55_models/TopNet_fog/ckpt-last.pth
2025-10-29 05:56:34,087 - TopNet - INFO - [Epoch 63/150][Batch 1/2622] BatchTime = 0.388 (s) DataTime = 0.071 (s) Losses = ['2.8764', '2.8764'] lr = 0.0005000
2025-10-29 05:57:01,374 - TopNet - INFO - [Epoch 63/150][Batch 101/2622] BatchTime = 0.189 (s) DataTime = 0.001 (s) Losses = ['3.6168', '3.6168'] lr = 0.0005000
2025-10-29 05:57:30,058 - TopNet - INFO - [Epoch 63/150][Batch 201/2622] BatchTime = 0.214 (s) DataTime = 0.001 (s) Losses = ['3.1623', '3.1623'] lr = 0.0005000
2025-10-29 05:57:55,692 - TopNet - INFO - [Epoch 63/150][Batch 301/2622] BatchTime = 0.222 (s) DataTime = 0.001 (s) Losses = ['3.7213', '3.7213'] lr = 0.0005000
2025-10-29 05:58:23,931 - TopNet - INFO - [Epoch 63/150][Batch 401/2622] BatchTime = 0.219 (s) DataTime = 0.001 (s) Losses = ['3.4070', '3.4070'] lr = 0.0005000
2025-10-29 05:58:52,343 - TopNet - INFO - [Epoch 63/150][Batch 501/2622] BatchTime = 0.114 (s) DataTime = 0.001 (s) Losses = ['3.4319', '3.4319'] lr = 0.0005000
2025-10-29 05:59:19,185 - TopNet - INFO - [Epoch 63/150][Batch 601/2622] BatchTime = 0.311 (s) DataTime = 0.001 (s) Losses = ['2.6856', '2.6856'] lr = 0.0005000
2025-10-29 05:59:46,699 - TopNet - INFO - [Epoch 63/150][Batch 701/2622] BatchTime = 0.432 (s) DataTime = 0.001 (s) Losses = ['3.8810', '3.8810'] lr = 0.0005000
2025-10-29 06:00:16,413 - TopNet - INFO - [Epoch 63/150][Batch 801/2622] BatchTime = 0.317 (s) DataTime = 0.001 (s) Losses = ['3.6861', '3.6861'] lr = 0.0005000
2025-10-29 06:00:41,385 - TopNet - INFO - [Epoch 63/150][Batch 901/2622] BatchTime = 0.199 (s) DataTime = 0.001 (s) Losses = ['4.0714', '4.0714'] lr = 0.0005000
2025-10-29 06:01:07,346 - TopNet - INFO - [Epoch 63/150][Batch 1001/2622] BatchTime = 0.107 (s) DataTime = 0.001 (s) Losses = ['3.2489', '3.2489'] lr = 0.0005000
2025-10-29 06:01:34,222 - TopNet - INFO - [Epoch 63/150][Batch 1101/2622] BatchTime = 0.331 (s) DataTime = 0.001 (s) Losses = ['2.6830', '2.6830'] lr = 0.0005000
2025-10-29 06:02:00,078 - TopNet - INFO - [Epoch 63/150][Batch 1201/2622] BatchTime = 0.117 (s) DataTime = 0.001 (s) Losses = ['2.6444', '2.6444'] lr = 0.0005000
2025-10-29 06:02:27,279 - TopNet - INFO - [Epoch 63/150][Batch 1301/2622] BatchTime = 0.207 (s) DataTime = 0.001 (s) Losses = ['2.6073', '2.6073'] lr = 0.0005000
2025-10-29 06:02:56,676 - TopNet - INFO - [Epoch 63/150][Batch 1401/2622] BatchTime = 0.290 (s) DataTime = 0.001 (s) Losses = ['3.2472', '3.2472'] lr = 0.0005000
2025-10-29 06:03:23,861 - TopNet - INFO - [Epoch 63/150][Batch 1501/2622] BatchTime = 0.209 (s) DataTime = 0.001 (s) Losses = ['3.5327', '3.5327'] lr = 0.0005000
2025-10-29 06:03:51,743 - TopNet - INFO - [Epoch 63/150][Batch 1601/2622] BatchTime = 0.311 (s) DataTime = 0.001 (s) Losses = ['3.3595', '3.3595'] lr = 0.0005000
2025-10-29 06:04:19,285 - TopNet - INFO - [Epoch 63/150][Batch 1701/2622] BatchTime = 0.266 (s) DataTime = 0.001 (s) Losses = ['4.8762', '4.8762'] lr = 0.0005000
2025-10-29 06:04:46,071 - TopNet - INFO - [Epoch 63/150][Batch 1801/2622] BatchTime = 0.189 (s) DataTime = 0.001 (s) Losses = ['3.1633', '3.1633'] lr = 0.0005000
2025-10-29 06:05:13,418 - TopNet - INFO - [Epoch 63/150][Batch 1901/2622] BatchTime = 0.201 (s) DataTime = 0.001 (s) Losses = ['4.2873', '4.2873'] lr = 0.0005000
2025-10-29 06:05:39,739 - TopNet - INFO - [Epoch 63/150][Batch 2001/2622] BatchTime = 0.398 (s) DataTime = 0.001 (s) Losses = ['2.7587', '2.7587'] lr = 0.0005000
2025-10-29 06:06:05,531 - TopNet - INFO - [Epoch 63/150][Batch 2101/2622] BatchTime = 0.115 (s) DataTime = 0.001 (s) Losses = ['3.7798', '3.7798'] lr = 0.0005000
2025-10-29 06:06:32,117 - TopNet - INFO - [Epoch 63/150][Batch 2201/2622] BatchTime = 0.355 (s) DataTime = 0.001 (s) Losses = ['3.4003', '3.4003'] lr = 0.0005000
2025-10-29 06:07:00,503 - TopNet - INFO - [Epoch 63/150][Batch 2301/2622] BatchTime = 0.206 (s) DataTime = 0.001 (s) Losses = ['4.2690', '4.2690'] lr = 0.0005000
2025-10-29 06:07:26,235 - TopNet - INFO - [Epoch 63/150][Batch 2401/2622] BatchTime = 0.291 (s) DataTime = 0.001 (s) Losses = ['2.9084', '2.9084'] lr = 0.0005000
2025-10-29 06:07:53,733 - TopNet - INFO - [Epoch 63/150][Batch 2501/2622] BatchTime = 0.434 (s) DataTime = 0.001 (s) Losses = ['4.2328', '4.2328'] lr = 0.0005000
2025-10-29 06:08:22,039 - TopNet - INFO - [Epoch 63/150][Batch 2601/2622] BatchTime = 0.203 (s) DataTime = 0.001 (s) Losses = ['3.4414', '3.4414'] lr = 0.0005000
2025-10-29 06:08:26,921 - TopNet - INFO - [Training] EPOCH: 63 EpochTime = 713.222 (s) Losses = ['3.4937', '3.4937']
2025-10-29 06:08:27,019 - TopNet - INFO - Save checkpoint at ./experiments/TopNet/ShapeNet55_models/TopNet_fog/ckpt-last.pth
2025-10-29 06:08:27,206 - TopNet - INFO - [Epoch 64/150][Batch 1/2622] BatchTime = 0.187 (s) DataTime = 0.071 (s) Losses = ['3.2769', '3.2769'] lr = 0.0005000
2025-10-29 06:08:54,093 - TopNet - INFO - [Epoch 64/150][Batch 101/2622] BatchTime = 0.209 (s) DataTime = 0.001 (s) Losses = ['3.8144', '3.8144'] lr = 0.0005000
2025-10-29 06:09:21,781 - TopNet - INFO - [Epoch 64/150][Batch 201/2622] BatchTime = 0.210 (s) DataTime = 0.001 (s) Losses = ['2.6854', '2.6854'] lr = 0.0005000
2025-10-29 06:09:49,265 - TopNet - INFO - [Epoch 64/150][Batch 301/2622] BatchTime = 0.181 (s) DataTime = 0.001 (s) Losses = ['3.3616', '3.3616'] lr = 0.0005000
2025-10-29 06:10:17,194 - TopNet - INFO - [Epoch 64/150][Batch 401/2622] BatchTime = 0.142 (s) DataTime = 0.001 (s) Losses = ['2.6407', '2.6407'] lr = 0.0005000
2025-10-29 06:10:43,143 - TopNet - INFO - [Epoch 64/150][Batch 501/2622] BatchTime = 0.197 (s) DataTime = 0.001 (s) Losses = ['3.8168', '3.8168'] lr = 0.0005000
2025-10-29 06:11:09,461 - TopNet - INFO - [Epoch 64/150][Batch 601/2622] BatchTime = 0.204 (s) DataTime = 0.001 (s) Losses = ['2.7828', '2.7828'] lr = 0.0005000
2025-10-29 06:11:37,183 - TopNet - INFO - [Epoch 64/150][Batch 701/2622] BatchTime = 0.427 (s) DataTime = 0.001 (s) Losses = ['5.3919', '5.3919'] lr = 0.0005000
2025-10-29 06:12:05,938 - TopNet - INFO - [Epoch 64/150][Batch 801/2622] BatchTime = 0.119 (s) DataTime = 0.001 (s) Losses = ['3.0617', '3.0617'] lr = 0.0005000
2025-10-29 06:12:31,521 - TopNet - INFO - [Epoch 64/150][Batch 901/2622] BatchTime = 0.119 (s) DataTime = 0.001 (s) Losses = ['3.4236', '3.4236'] lr = 0.0005000
2025-10-29 06:12:58,904 - TopNet - INFO - [Epoch 64/150][Batch 1001/2622] BatchTime = 0.329 (s) DataTime = 0.001 (s) Losses = ['3.9165', '3.9165'] lr = 0.0005000
2025-10-29 06:13:25,558 - TopNet - INFO - [Epoch 64/150][Batch 1101/2622] BatchTime = 0.208 (s) DataTime = 0.001 (s) Losses = ['4.0650', '4.0650'] lr = 0.0005000
2025-10-29 06:13:52,371 - TopNet - INFO - [Epoch 64/150][Batch 1201/2622] BatchTime = 0.213 (s) DataTime = 0.001 (s) Losses = ['3.4655', '3.4655'] lr = 0.0005000
2025-10-29 06:14:20,861 - TopNet - INFO - [Epoch 64/150][Batch 1301/2622] BatchTime = 0.134 (s) DataTime = 0.001 (s) Losses = ['3.4558', '3.4558'] lr = 0.0005000
2025-10-29 06:14:46,166 - TopNet - INFO - [Epoch 64/150][Batch 1401/2622] BatchTime = 0.112 (s) DataTime = 0.001 (s) Losses = ['3.9537', '3.9537'] lr = 0.0005000
2025-10-29 06:15:15,293 - TopNet - INFO - [Epoch 64/150][Batch 1501/2622] BatchTime = 0.220 (s) DataTime = 0.001 (s) Losses = ['2.5886', '2.5886'] lr = 0.0005000
2025-10-29 06:15:43,834 - TopNet - INFO - [Epoch 64/150][Batch 1601/2622] BatchTime = 0.309 (s) DataTime = 0.001 (s) Losses = ['2.8766', '2.8766'] lr = 0.0005000
2025-10-29 06:16:09,687 - TopNet - INFO - [Epoch 64/150][Batch 1701/2622] BatchTime = 0.122 (s) DataTime = 0.001 (s) Losses = ['2.8599', '2.8599'] lr = 0.0005000
2025-10-29 06:16:37,146 - TopNet - INFO - [Epoch 64/150][Batch 1801/2622] BatchTime = 0.319 (s) DataTime = 0.001 (s) Losses = ['2.6623', '2.6623'] lr = 0.0005000
2025-10-29 06:17:04,281 - TopNet - INFO - [Epoch 64/150][Batch 1901/2622] BatchTime = 0.128 (s) DataTime = 0.001 (s) Losses = ['3.5371', '3.5371'] lr = 0.0005000
2025-10-29 06:17:33,269 - TopNet - INFO - [Epoch 64/150][Batch 2001/2622] BatchTime = 0.506 (s) DataTime = 0.001 (s) Losses = ['2.7819', '2.7819'] lr = 0.0005000
2025-10-29 06:17:59,408 - TopNet - INFO - [Epoch 64/150][Batch 2101/2622] BatchTime = 0.232 (s) DataTime = 0.001 (s) Losses = ['3.3609', '3.3609'] lr = 0.0005000
2025-10-29 06:18:26,337 - TopNet - INFO - [Epoch 64/150][Batch 2201/2622] BatchTime = 0.431 (s) DataTime = 0.001 (s) Losses = ['3.4002', '3.4002'] lr = 0.0005000
2025-10-29 06:18:52,900 - TopNet - INFO - [Epoch 64/150][Batch 2301/2622] BatchTime = 0.422 (s) DataTime = 0.001 (s) Losses = ['4.1910', '4.1910'] lr = 0.0005000
2025-10-29 06:19:19,121 - TopNet - INFO - [Epoch 64/150][Batch 2401/2622] BatchTime = 0.487 (s) DataTime = 0.001 (s) Losses = ['2.9695', '2.9695'] lr = 0.0005000
2025-10-29 06:19:45,593 - TopNet - INFO - [Epoch 64/150][Batch 2501/2622] BatchTime = 0.110 (s) DataTime = 0.001 (s) Losses = ['3.2129', '3.2129'] lr = 0.0005000
2025-10-29 06:20:12,433 - TopNet - INFO - [Epoch 64/150][Batch 2601/2622] BatchTime = 0.209 (s) DataTime = 0.001 (s) Losses = ['4.2412', '4.2412'] lr = 0.0005000
2025-10-29 06:20:18,701 - TopNet - INFO - [Training] EPOCH: 64 EpochTime = 711.682 (s) Losses = ['3.4333', '3.4333']
2025-10-29 06:20:18,800 - TopNet - INFO - Save checkpoint at ./experiments/TopNet/ShapeNet55_models/TopNet_fog/ckpt-last.pth
2025-10-29 06:20:19,214 - TopNet - INFO - [Epoch 65/150][Batch 1/2622] BatchTime = 0.413 (s) DataTime = 0.073 (s) Losses = ['2.7810', '2.7810'] lr = 0.0005000
2025-10-29 06:20:47,059 - TopNet - INFO - [Epoch 65/150][Batch 101/2622] BatchTime = 0.308 (s) DataTime = 0.001 (s) Losses = ['3.8881', '3.8881'] lr = 0.0005000
2025-10-29 06:21:14,330 - TopNet - INFO - [Epoch 65/150][Batch 201/2622] BatchTime = 0.229 (s) DataTime = 0.001 (s) Losses = ['4.0193', '4.0193'] lr = 0.0005000
2025-10-29 06:21:41,446 - TopNet - INFO - [Epoch 65/150][Batch 301/2622] BatchTime = 0.572 (s) DataTime = 0.001 (s) Losses = ['4.2841', '4.2841'] lr = 0.0005000
2025-10-29 06:22:08,257 - TopNet - INFO - [Epoch 65/150][Batch 401/2622] BatchTime = 0.121 (s) DataTime = 0.001 (s) Losses = ['3.8915', '3.8915'] lr = 0.0005000
2025-10-29 06:22:35,101 - TopNet - INFO - [Epoch 65/150][Batch 501/2622] BatchTime = 0.263 (s) DataTime = 0.001 (s) Losses = ['2.4446', '2.4446'] lr = 0.0005000
2025-10-29 06:23:01,829 - TopNet - INFO - [Epoch 65/150][Batch 601/2622] BatchTime = 0.114 (s) DataTime = 0.001 (s) Losses = ['2.4333', '2.4333'] lr = 0.0005000
2025-10-29 06:23:27,962 - TopNet - INFO - [Epoch 65/150][Batch 701/2622] BatchTime = 0.277 (s) DataTime = 0.001 (s) Losses = ['3.8280', '3.8280'] lr = 0.0005000
2025-10-29 06:23:54,667 - TopNet - INFO - [Epoch 65/150][Batch 801/2622] BatchTime = 0.581 (s) DataTime = 0.001 (s) Losses = ['3.6880', '3.6880'] lr = 0.0005000
2025-10-29 06:24:22,011 - TopNet - INFO - [Epoch 65/150][Batch 901/2622] BatchTime = 0.117 (s) DataTime = 0.001 (s) Losses = ['3.8808', '3.8808'] lr = 0.0005000
2025-10-29 06:24:48,637 - TopNet - INFO - [Epoch 65/150][Batch 1001/2622] BatchTime = 0.316 (s) DataTime = 0.001 (s) Losses = ['2.7129', '2.7129'] lr = 0.0005000
2025-10-29 06:25:16,197 - TopNet - INFO - [Epoch 65/150][Batch 1101/2622] BatchTime = 0.214 (s) DataTime = 0.001 (s) Losses = ['3.6351', '3.6351'] lr = 0.0005000
2025-10-29 06:25:42,576 - TopNet - INFO - [Epoch 65/150][Batch 1201/2622] BatchTime = 0.281 (s) DataTime = 0.001 (s) Losses = ['2.8575', '2.8575'] lr = 0.0005000
2025-10-29 06:26:09,081 - TopNet - INFO - [Epoch 65/150][Batch 1301/2622] BatchTime = 0.105 (s) DataTime = 0.001 (s) Losses = ['4.7089', '4.7089'] lr = 0.0005000
2025-10-29 06:26:36,269 - TopNet - INFO - [Epoch 65/150][Batch 1401/2622] BatchTime = 0.350 (s) DataTime = 0.001 (s) Losses = ['2.9561', '2.9561'] lr = 0.0005000
2025-10-29 06:27:06,546 - TopNet - INFO - [Epoch 65/150][Batch 1501/2622] BatchTime = 0.454 (s) DataTime = 0.001 (s) Losses = ['4.1578', '4.1578'] lr = 0.0005000
2025-10-29 06:27:34,437 - TopNet - INFO - [Epoch 65/150][Batch 1601/2622] BatchTime = 0.258 (s) DataTime = 0.001 (s) Losses = ['4.1175', '4.1175'] lr = 0.0005000
2025-10-29 06:28:04,577 - TopNet - INFO - [Epoch 65/150][Batch 1701/2622] BatchTime = 0.297 (s) DataTime = 0.001 (s) Losses = ['3.2021', '3.2021'] lr = 0.0005000
2025-10-29 06:28:31,299 - TopNet - INFO - [Epoch 65/150][Batch 1801/2622] BatchTime = 0.222 (s) DataTime = 0.001 (s) Losses = ['3.8857', '3.8857'] lr = 0.0005000
2025-10-29 06:29:01,158 - TopNet - INFO - [Epoch 65/150][Batch 1901/2622] BatchTime = 0.204 (s) DataTime = 0.001 (s) Losses = ['3.6975', '3.6975'] lr = 0.0005000
2025-10-29 06:29:27,362 - TopNet - INFO - [Epoch 65/150][Batch 2001/2622] BatchTime = 0.440 (s) DataTime = 0.001 (s) Losses = ['4.6597', '4.6597'] lr = 0.0005000
2025-10-29 06:29:54,162 - TopNet - INFO - [Epoch 65/150][Batch 2101/2622] BatchTime = 0.331 (s) DataTime = 0.001 (s) Losses = ['3.4761', '3.4761'] lr = 0.0005000
2025-10-29 06:30:19,645 - TopNet - INFO - [Epoch 65/150][Batch 2201/2622] BatchTime = 0.155 (s) DataTime = 0.001 (s) Losses = ['3.1473', '3.1473'] lr = 0.0005000
2025-10-29 06:30:45,484 - TopNet - INFO - [Epoch 65/150][Batch 2301/2622] BatchTime = 0.361 (s) DataTime = 0.001 (s) Losses = ['3.8060', '3.8060'] lr = 0.0005000
2025-10-29 06:31:12,318 - TopNet - INFO - [Epoch 65/150][Batch 2401/2622] BatchTime = 0.231 (s) DataTime = 0.001 (s) Losses = ['3.2287', '3.2287'] lr = 0.0005000
2025-10-29 06:31:39,372 - TopNet - INFO - [Epoch 65/150][Batch 2501/2622] BatchTime = 0.388 (s) DataTime = 0.001 (s) Losses = ['3.9131', '3.9131'] lr = 0.0005000
2025-10-29 06:32:07,132 - TopNet - INFO - [Epoch 65/150][Batch 2601/2622] BatchTime = 0.113 (s) DataTime = 0.001 (s) Losses = ['3.1644', '3.1644'] lr = 0.0005000
2025-10-29 06:32:13,036 - TopNet - INFO - [Training] EPOCH: 65 EpochTime = 714.235 (s) Losses = ['3.4669', '3.4669']
2025-10-29 06:32:13,036 - TopNet - INFO - [VALIDATION] Start validating epoch 65
2025-10-29 06:32:53,826 - TopNet - INFO - Test[1051/10518] Taxonomy = 02691156 Sample = c7749c0a8b61f43bc9b9e28055202e3d Losses = ['21.1825', '1.5872', '21.1825', '1.5872'] Metrics = ['0.1752', '21.1825', '1.5872', '0.0000']
2025-10-29 06:33:32,892 - TopNet - INFO - Test[2102/10518] Taxonomy = 03211117 Sample = ab2f9418c111cc6ddb965514105122a4 Losses = ['22.1426', '1.4498', '22.1426', '1.4498'] Metrics = ['0.1403', '22.1426', '1.4498', '0.0000']
2025-10-29 06:34:10,134 - TopNet - INFO - Test[3153/10518] Taxonomy = 02876657 Sample = c5032e4be091aabb36fe7a88df793982 Losses = ['50.8706', '6.6355', '50.8706', '6.6355'] Metrics = ['0.0131', '50.8706', '6.6355', '0.0000']
2025-10-29 06:34:48,057 - TopNet - INFO - Test[4204/10518] Taxonomy = 03211117 Sample = 722df1da5778d45b1e43523279c7f09f Losses = ['34.2820', '3.4998', '34.2820', '3.4998'] Metrics = ['0.0355', '34.2820', '3.4998', '0.0000']
2025-10-29 06:35:28,118 - TopNet - INFO - Test[5255/10518] Taxonomy = 02828884 Sample = 14b63361a48a9fffe4a048c146e8bd43 Losses = ['36.2419', '3.5003', '36.2419', '3.5003'] Metrics = ['0.0264', '36.2419', '3.5003', '0.0000']
2025-10-29 06:36:06,232 - TopNet - INFO - Test[6306/10518] Taxonomy = 03211117 Sample = d330d50a0255529d19ed6e1a590c9122 Losses = ['28.2311', '2.1300', '28.2311', '2.1300'] Metrics = ['0.0615', '28.2311', '2.1300', '0.0000']
2025-10-29 06:36:44,691 - TopNet - INFO - Test[7357/10518] Taxonomy = 04379243 Sample = b1ca280d9567270ade98d10ab5975b59 Losses = ['27.7079', '2.9641', '27.7079', '2.9641'] Metrics = ['0.0841', '27.7079', '2.9641', '0.0000']
2025-10-29 06:37:25,330 - TopNet - INFO - Test[8408/10518] Taxonomy = 03001627 Sample = 89208a619341d9fdb8c516ed5c4ce32 Losses = ['28.7344', '2.4391', '28.7344', '2.4391'] Metrics = ['0.0378', '28.7344', '2.4391', '0.0000']
2025-10-29 06:38:03,478 - TopNet - INFO - Test[9459/10518] Taxonomy = 03001627 Sample = d0255120e3351121c3bd24f986301745 Losses = ['37.8310', '4.2513', '37.8310', '4.2513'] Metrics = ['0.0300', '37.8310', '4.2513', '0.0000']
2025-10-29 06:38:41,318 - TopNet - INFO - Test[10510/10518] Taxonomy = 03636649 Sample = ea9ec4d9db2e06202471e6dd5ac3ef92 Losses = ['44.5592', '5.1432', '44.5592', '5.1432'] Metrics = ['0.0287', '44.5592', '5.1432', '0.0000']
2025-10-29 06:38:41,576 - TopNet - INFO - [Validation] EPOCH: 65  Metrics = ['0.0684', '34.3817', '3.9230', '0.0000']
2025-10-29 06:38:41,576 - TopNet - INFO - ============================ TEST RESULTS ============================
2025-10-29 06:38:41,576 - TopNet - INFO - Taxonomy	#Sample	F-Score	CDL1	CDL2	EMDistance	#ModelName	
2025-10-29 06:38:41,576 - TopNet - INFO - 03759954	14	0.056 	37.248 	5.742 	0.000 	microphone	
2025-10-29 06:38:41,576 - TopNet - INFO - 04330267	44	0.031 	39.362 	4.657 	0.000 	stove	
2025-10-29 06:38:41,576 - TopNet - INFO - 03261776	15	0.037 	41.718 	7.160 	0.000 	earphone	
2025-10-29 06:38:41,576 - TopNet - INFO - 03513137	33	0.014 	48.468 	7.284 	0.000 	helmet	
2025-10-29 06:38:41,576 - TopNet - INFO - 04460130	27	0.074 	32.851 	3.580 	0.000 	tower	
2025-10-29 06:38:41,576 - TopNet - INFO - 04468005	78	0.087 	26.227 	2.069 	0.000 	train	
2025-10-29 06:38:41,576 - TopNet - INFO - 03761084	31	0.015 	43.372 	5.311 	0.000 	microwaves	
2025-10-29 06:38:41,576 - TopNet - INFO - 04004475	34	0.025 	42.246 	5.638 	0.000 	printer	
2025-10-29 06:38:41,576 - TopNet - INFO - 03938244	20	0.029 	43.677 	5.767 	0.000 	pillow	
2025-10-29 06:38:41,576 - TopNet - INFO - 02992529	167	0.078 	24.966 	1.739 	0.000 	cellphone	
2025-10-29 06:38:41,576 - TopNet - INFO - 02808440	172	0.036 	36.749 	4.226 	0.000 	bathtub	
2025-10-29 06:38:41,576 - TopNet - INFO - 04530566	388	0.115 	25.320 	2.108 	0.000 	watercraft	
2025-10-29 06:38:41,576 - TopNet - INFO - 02871439	91	0.040 	35.467 	3.878 	0.000 	bookshelf	
2025-10-29 06:38:41,576 - TopNet - INFO - 03593526	120	0.027 	43.517 	5.813 	0.000 	jar	
2025-10-29 06:38:41,576 - TopNet - INFO - 04554684	34	0.013 	43.599 	5.026 	0.000 	washer	
2025-10-29 06:38:41,576 - TopNet - INFO - 03467517	160	0.310 	15.911 	0.825 	0.000 	guitar	
2025-10-29 06:38:41,576 - TopNet - INFO - 04401088	218	0.082 	24.413 	1.682 	0.000 	telephone	
2025-10-29 06:38:41,576 - TopNet - INFO - 02954340	12	0.022 	42.836 	6.841 	0.000 	cap	
2025-10-29 06:38:41,576 - TopNet - INFO - 02933112	315	0.032 	34.176 	3.266 	0.000 	cabinet	
2025-10-29 06:38:41,576 - TopNet - INFO - 03642806	92	0.077 	25.271 	1.798 	0.000 	laptop	
2025-10-29 06:38:41,576 - TopNet - INFO - 02924116	188	0.066 	28.385 	2.408 	0.000 	bus	
2025-10-29 06:38:41,576 - TopNet - INFO - 02946921	22	0.014 	43.866 	5.351 	0.000 	can	
2025-10-29 06:38:41,576 - TopNet - INFO - 02818832	47	0.038 	41.040 	5.788 	0.000 	bed	
2025-10-29 06:38:41,576 - TopNet - INFO - 04256520	635	0.033 	34.875 	3.384 	0.000 	sofa	
2025-10-29 06:38:41,577 - TopNet - INFO - 04379243	1687	0.086 	29.958 	3.229 	0.000 	table	
2025-10-29 06:38:41,577 - TopNet - INFO - 02747177	69	0.019 	38.946 	4.364 	0.000 	trash bin	
2025-10-29 06:38:41,577 - TopNet - INFO - 03046257	131	0.039 	37.069 	4.352 	0.000 	clock	
2025-10-29 06:38:41,577 - TopNet - INFO - 04225987	31	0.122 	24.448 	2.074 	0.000 	skateboard	
2025-10-29 06:38:41,577 - TopNet - INFO - 03797390	43	0.018 	40.546 	4.780 	0.000 	mug	
2025-10-29 06:38:41,577 - TopNet - INFO - 03001627	1356	0.049 	34.008 	3.595 	0.000 	chair	
2025-10-29 06:38:41,577 - TopNet - INFO - 03691459	320	0.027 	40.647 	4.931 	0.000 	loudspeaker	
2025-10-29 06:38:41,577 - TopNet - INFO - 02942699	23	0.016 	51.049 	7.702 	0.000 	camera	
2025-10-29 06:38:41,577 - TopNet - INFO - 03636649	464	0.071 	37.438 	5.055 	0.000 	lamp	
2025-10-29 06:38:41,577 - TopNet - INFO - 02691156	809	0.171 	21.764 	1.633 	0.000 	airplane	
2025-10-29 06:38:41,577 - TopNet - INFO - 02773838	17	0.039 	37.819 	4.312 	0.000 	bag	
2025-10-29 06:38:41,577 - TopNet - INFO - 02958343	703	0.052 	28.683 	2.321 	0.000 	car	
2025-10-29 06:38:41,577 - TopNet - INFO - 02880940	38	0.022 	40.856 	4.914 	0.000 	bowl	
2025-10-29 06:38:41,577 - TopNet - INFO - 04099429	17	0.246 	20.843 	1.647 	0.000 	rocket	
2025-10-29 06:38:41,577 - TopNet - INFO - 02828884	363	0.103 	27.804 	2.625 	0.000 	bench	
2025-10-29 06:38:41,577 - TopNet - INFO - 04090263	475	0.303 	17.086 	1.088 	0.000 	rifle	
2025-10-29 06:38:41,577 - TopNet - INFO - 03211117	219	0.055 	32.026 	3.083 	0.000 	display	
2025-10-29 06:38:41,577 - TopNet - INFO - 02876657	100	0.054 	32.344 	3.198 	0.000 	bottle	
2025-10-29 06:38:41,577 - TopNet - INFO - 03710193	19	0.049 	36.119 	3.944 	0.000 	mailbox	
2025-10-29 06:38:41,577 - TopNet - INFO - 03790512	68	0.068 	30.033 	2.748 	0.000 	motorbike	
2025-10-29 06:38:41,577 - TopNet - INFO - 03325088	149	0.048 	39.933 	5.554 	0.000 	faucet	
2025-10-29 06:38:41,577 - TopNet - INFO - 02801938	23	0.022 	43.618 	5.758 	0.000 	basket	
2025-10-29 06:38:41,577 - TopNet - INFO - 03337140	60	0.032 	35.877 	3.771 	0.000 	file cabinet	
2025-10-29 06:38:41,577 - TopNet - INFO - 02843684	15	0.021 	40.214 	5.230 	0.000 	birdhouse	
2025-10-29 06:38:41,577 - TopNet - INFO - 03624134	85	0.263 	16.941 	0.941 	0.000 	knife	
2025-10-29 06:38:41,577 - TopNet - INFO - 03991062	121	0.024 	44.823 	6.198 	0.000 	flowerpot	
2025-10-29 06:38:41,577 - TopNet - INFO - 03948459	62	0.126 	23.692 	1.726 	0.000 	pistol	
2025-10-29 06:38:41,577 - TopNet - INFO - 03928116	48	0.031 	41.880 	5.381 	0.000 	piano	
2025-10-29 06:38:41,577 - TopNet - INFO - 03207941	19	0.018 	39.314 	4.414 	0.000 	dishwasher	
2025-10-29 06:38:41,577 - TopNet - INFO - 04074963	14	0.074 	27.066 	2.078 	0.000 	remote	
2025-10-29 06:38:41,577 - TopNet - INFO - 03085013	13	0.142 	22.589 	1.780 	0.000 	keyboard	
2025-10-29 06:38:41,577 - TopNet - INFO - Overall		0.068 	34.382 	3.923 	0.000 	
2025-10-29 06:38:41,674 - TopNet - INFO - Save checkpoint at ./experiments/TopNet/ShapeNet55_models/TopNet_fog/ckpt-best.pth
2025-10-29 06:38:41,763 - TopNet - INFO - Save checkpoint at ./experiments/TopNet/ShapeNet55_models/TopNet_fog/ckpt-last.pth
2025-10-29 06:38:42,079 - TopNet - INFO - [Epoch 66/150][Batch 1/2622] BatchTime = 0.316 (s) DataTime = 0.072 (s) Losses = ['2.2516', '2.2516'] lr = 0.0005000
2025-10-29 06:39:10,062 - TopNet - INFO - [Epoch 66/150][Batch 101/2622] BatchTime = 0.105 (s) DataTime = 0.001 (s) Losses = ['3.8257', '3.8257'] lr = 0.0005000
2025-10-29 06:39:37,369 - TopNet - INFO - [Epoch 66/150][Batch 201/2622] BatchTime = 0.395 (s) DataTime = 0.001 (s) Losses = ['3.0808', '3.0808'] lr = 0.0005000
2025-10-29 06:40:03,499 - TopNet - INFO - [Epoch 66/150][Batch 301/2622] BatchTime = 0.200 (s) DataTime = 0.001 (s) Losses = ['3.1550', '3.1550'] lr = 0.0005000
2025-10-29 06:40:31,067 - TopNet - INFO - [Epoch 66/150][Batch 401/2622] BatchTime = 0.229 (s) DataTime = 0.001 (s) Losses = ['3.3219', '3.3219'] lr = 0.0005000
2025-10-29 06:40:59,460 - TopNet - INFO - [Epoch 66/150][Batch 501/2622] BatchTime = 0.419 (s) DataTime = 0.001 (s) Losses = ['3.1363', '3.1363'] lr = 0.0005000
2025-10-29 06:41:26,908 - TopNet - INFO - [Epoch 66/150][Batch 601/2622] BatchTime = 0.135 (s) DataTime = 0.001 (s) Losses = ['2.8693', '2.8693'] lr = 0.0005000
2025-10-29 06:41:54,004 - TopNet - INFO - [Epoch 66/150][Batch 701/2622] BatchTime = 0.273 (s) DataTime = 0.001 (s) Losses = ['3.9750', '3.9750'] lr = 0.0005000
2025-10-29 06:42:22,061 - TopNet - INFO - [Epoch 66/150][Batch 801/2622] BatchTime = 0.110 (s) DataTime = 0.001 (s) Losses = ['3.1608', '3.1608'] lr = 0.0005000
2025-10-29 06:42:50,529 - TopNet - INFO - [Epoch 66/150][Batch 901/2622] BatchTime = 0.360 (s) DataTime = 0.001 (s) Losses = ['3.7279', '3.7279'] lr = 0.0005000
2025-10-29 06:43:16,354 - TopNet - INFO - [Epoch 66/150][Batch 1001/2622] BatchTime = 0.493 (s) DataTime = 0.001 (s) Losses = ['2.6476', '2.6476'] lr = 0.0005000
2025-10-29 06:43:42,536 - TopNet - INFO - [Epoch 66/150][Batch 1101/2622] BatchTime = 0.437 (s) DataTime = 0.001 (s) Losses = ['3.7074', '3.7074'] lr = 0.0005000
2025-10-29 06:44:10,240 - TopNet - INFO - [Epoch 66/150][Batch 1201/2622] BatchTime = 0.282 (s) DataTime = 0.001 (s) Losses = ['3.2040', '3.2040'] lr = 0.0005000
2025-10-29 06:44:38,217 - TopNet - INFO - [Epoch 66/150][Batch 1301/2622] BatchTime = 0.301 (s) DataTime = 0.001 (s) Losses = ['3.6556', '3.6556'] lr = 0.0005000
2025-10-29 06:45:05,099 - TopNet - INFO - [Epoch 66/150][Batch 1401/2622] BatchTime = 0.201 (s) DataTime = 0.001 (s) Losses = ['6.5840', '6.5840'] lr = 0.0005000
2025-10-29 06:45:32,909 - TopNet - INFO - [Epoch 66/150][Batch 1501/2622] BatchTime = 0.311 (s) DataTime = 0.001 (s) Losses = ['5.1614', '5.1614'] lr = 0.0005000
2025-10-29 06:45:59,034 - TopNet - INFO - [Epoch 66/150][Batch 1601/2622] BatchTime = 0.257 (s) DataTime = 0.001 (s) Losses = ['3.4770', '3.4770'] lr = 0.0005000
2025-10-29 06:46:26,843 - TopNet - INFO - [Epoch 66/150][Batch 1701/2622] BatchTime = 0.205 (s) DataTime = 0.001 (s) Losses = ['3.3455', '3.3455'] lr = 0.0005000
2025-10-29 06:46:54,347 - TopNet - INFO - [Epoch 66/150][Batch 1801/2622] BatchTime = 0.205 (s) DataTime = 0.001 (s) Losses = ['4.2526', '4.2526'] lr = 0.0005000
2025-10-29 06:47:20,743 - TopNet - INFO - [Epoch 66/150][Batch 1901/2622] BatchTime = 0.290 (s) DataTime = 0.001 (s) Losses = ['4.6683', '4.6683'] lr = 0.0005000
2025-10-29 06:47:44,611 - TopNet - INFO - [Epoch 66/150][Batch 2001/2622] BatchTime = 0.105 (s) DataTime = 0.001 (s) Losses = ['3.2333', '3.2333'] lr = 0.0005000
2025-10-29 06:48:12,744 - TopNet - INFO - [Epoch 66/150][Batch 2101/2622] BatchTime = 0.334 (s) DataTime = 0.001 (s) Losses = ['3.9033', '3.9033'] lr = 0.0005000
2025-10-29 06:48:40,339 - TopNet - INFO - [Epoch 66/150][Batch 2201/2622] BatchTime = 0.197 (s) DataTime = 0.001 (s) Losses = ['2.8765', '2.8765'] lr = 0.0005000
2025-10-29 06:49:08,240 - TopNet - INFO - [Epoch 66/150][Batch 2301/2622] BatchTime = 0.433 (s) DataTime = 0.001 (s) Losses = ['2.8552', '2.8552'] lr = 0.0005000
2025-10-29 06:49:34,819 - TopNet - INFO - [Epoch 66/150][Batch 2401/2622] BatchTime = 0.116 (s) DataTime = 0.001 (s) Losses = ['4.8343', '4.8343'] lr = 0.0005000
2025-10-29 06:50:03,264 - TopNet - INFO - [Epoch 66/150][Batch 2501/2622] BatchTime = 0.499 (s) DataTime = 0.001 (s) Losses = ['2.8819', '2.8819'] lr = 0.0005000
2025-10-29 06:50:30,623 - TopNet - INFO - [Epoch 66/150][Batch 2601/2622] BatchTime = 0.152 (s) DataTime = 0.001 (s) Losses = ['3.7133', '3.7133'] lr = 0.0005000
2025-10-29 06:50:35,484 - TopNet - INFO - [Training] EPOCH: 66 EpochTime = 713.720 (s) Losses = ['3.4397', '3.4397']
2025-10-29 06:50:35,587 - TopNet - INFO - Save checkpoint at ./experiments/TopNet/ShapeNet55_models/TopNet_fog/ckpt-last.pth
2025-10-29 06:50:35,776 - TopNet - INFO - [Epoch 67/150][Batch 1/2622] BatchTime = 0.189 (s) DataTime = 0.076 (s) Losses = ['2.6387', '2.6387'] lr = 0.0005000
2025-10-29 06:51:03,744 - TopNet - INFO - [Epoch 67/150][Batch 101/2622] BatchTime = 0.323 (s) DataTime = 0.001 (s) Losses = ['3.5426', '3.5426'] lr = 0.0005000
2025-10-29 06:51:30,715 - TopNet - INFO - [Epoch 67/150][Batch 201/2622] BatchTime = 0.393 (s) DataTime = 0.001 (s) Losses = ['3.2376', '3.2376'] lr = 0.0005000
2025-10-29 06:51:56,624 - TopNet - INFO - [Epoch 67/150][Batch 301/2622] BatchTime = 0.130 (s) DataTime = 0.001 (s) Losses = ['3.5407', '3.5407'] lr = 0.0005000
2025-10-29 06:52:24,072 - TopNet - INFO - [Epoch 67/150][Batch 401/2622] BatchTime = 0.428 (s) DataTime = 0.001 (s) Losses = ['3.3400', '3.3400'] lr = 0.0005000
2025-10-29 06:52:51,216 - TopNet - INFO - [Epoch 67/150][Batch 501/2622] BatchTime = 0.462 (s) DataTime = 0.001 (s) Losses = ['3.1443', '3.1443'] lr = 0.0005000
2025-10-29 06:53:17,025 - TopNet - INFO - [Epoch 67/150][Batch 601/2622] BatchTime = 0.111 (s) DataTime = 0.001 (s) Losses = ['2.7338', '2.7338'] lr = 0.0005000
2025-10-29 06:53:43,289 - TopNet - INFO - [Epoch 67/150][Batch 701/2622] BatchTime = 0.376 (s) DataTime = 0.001 (s) Losses = ['2.8396', '2.8396'] lr = 0.0005000
2025-10-29 06:54:11,504 - TopNet - INFO - [Epoch 67/150][Batch 801/2622] BatchTime = 0.135 (s) DataTime = 0.001 (s) Losses = ['2.7565', '2.7565'] lr = 0.0005000
2025-10-29 06:54:40,148 - TopNet - INFO - [Epoch 67/150][Batch 901/2622] BatchTime = 0.333 (s) DataTime = 0.001 (s) Losses = ['2.8634', '2.8634'] lr = 0.0005000
2025-10-29 06:55:06,756 - TopNet - INFO - [Epoch 67/150][Batch 1001/2622] BatchTime = 0.393 (s) DataTime = 0.001 (s) Losses = ['3.0759', '3.0759'] lr = 0.0005000
2025-10-29 06:55:31,666 - TopNet - INFO - [Epoch 67/150][Batch 1101/2622] BatchTime = 0.298 (s) DataTime = 0.001 (s) Losses = ['4.7050', '4.7050'] lr = 0.0005000
2025-10-29 06:55:58,809 - TopNet - INFO - [Epoch 67/150][Batch 1201/2622] BatchTime = 0.716 (s) DataTime = 0.001 (s) Losses = ['3.4997', '3.4997'] lr = 0.0005000
2025-10-29 06:56:25,466 - TopNet - INFO - [Epoch 67/150][Batch 1301/2622] BatchTime = 0.427 (s) DataTime = 0.001 (s) Losses = ['3.2931', '3.2931'] lr = 0.0005000
2025-10-29 06:56:53,243 - TopNet - INFO - [Epoch 67/150][Batch 1401/2622] BatchTime = 0.231 (s) DataTime = 0.001 (s) Losses = ['4.1492', '4.1492'] lr = 0.0005000
2025-10-29 06:57:21,907 - TopNet - INFO - [Epoch 67/150][Batch 1501/2622] BatchTime = 0.300 (s) DataTime = 0.001 (s) Losses = ['3.3260', '3.3260'] lr = 0.0005000
2025-10-29 06:57:47,406 - TopNet - INFO - [Epoch 67/150][Batch 1601/2622] BatchTime = 0.292 (s) DataTime = 0.001 (s) Losses = ['2.8704', '2.8704'] lr = 0.0005000
2025-10-29 06:58:15,491 - TopNet - INFO - [Epoch 67/150][Batch 1701/2622] BatchTime = 0.190 (s) DataTime = 0.001 (s) Losses = ['3.5341', '3.5341'] lr = 0.0005000
2025-10-29 06:58:45,323 - TopNet - INFO - [Epoch 67/150][Batch 1801/2622] BatchTime = 0.429 (s) DataTime = 0.001 (s) Losses = ['2.9557', '2.9557'] lr = 0.0005000
2025-10-29 06:59:11,593 - TopNet - INFO - [Epoch 67/150][Batch 1901/2622] BatchTime = 0.106 (s) DataTime = 0.001 (s) Losses = ['3.0290', '3.0290'] lr = 0.0005000
2025-10-29 06:59:40,795 - TopNet - INFO - [Epoch 67/150][Batch 2001/2622] BatchTime = 0.204 (s) DataTime = 0.001 (s) Losses = ['3.4679', '3.4679'] lr = 0.0005000
2025-10-29 07:00:09,786 - TopNet - INFO - [Epoch 67/150][Batch 2101/2622] BatchTime = 0.208 (s) DataTime = 0.001 (s) Losses = ['3.5869', '3.5869'] lr = 0.0005000
2025-10-29 07:00:36,500 - TopNet - INFO - [Epoch 67/150][Batch 2201/2622] BatchTime = 0.220 (s) DataTime = 0.001 (s) Losses = ['3.5414', '3.5414'] lr = 0.0005000
2025-10-29 07:01:01,996 - TopNet - INFO - [Epoch 67/150][Batch 2301/2622] BatchTime = 0.484 (s) DataTime = 0.001 (s) Losses = ['3.3597', '3.3597'] lr = 0.0005000
2025-10-29 07:01:31,716 - TopNet - INFO - [Epoch 67/150][Batch 2401/2622] BatchTime = 0.268 (s) DataTime = 0.001 (s) Losses = ['2.9218', '2.9218'] lr = 0.0005000
2025-10-29 07:01:57,605 - TopNet - INFO - [Epoch 67/150][Batch 2501/2622] BatchTime = 0.110 (s) DataTime = 0.001 (s) Losses = ['3.4477', '3.4477'] lr = 0.0005000
2025-10-29 07:02:22,764 - TopNet - INFO - [Epoch 67/150][Batch 2601/2622] BatchTime = 0.333 (s) DataTime = 0.001 (s) Losses = ['4.2869', '4.2869'] lr = 0.0005000
2025-10-29 07:02:28,029 - TopNet - INFO - [Training] EPOCH: 67 EpochTime = 712.442 (s) Losses = ['3.4183', '3.4183']
2025-10-29 07:02:28,120 - TopNet - INFO - Save checkpoint at ./experiments/TopNet/ShapeNet55_models/TopNet_fog/ckpt-last.pth
2025-10-29 07:02:28,696 - TopNet - INFO - [Epoch 68/150][Batch 1/2622] BatchTime = 0.575 (s) DataTime = 0.073 (s) Losses = ['4.0536', '4.0536'] lr = 0.0005000
2025-10-29 07:02:57,250 - TopNet - INFO - [Epoch 68/150][Batch 101/2622] BatchTime = 0.110 (s) DataTime = 0.001 (s) Losses = ['3.2830', '3.2830'] lr = 0.0005000
2025-10-29 07:03:24,189 - TopNet - INFO - [Epoch 68/150][Batch 201/2622] BatchTime = 0.297 (s) DataTime = 0.001 (s) Losses = ['2.6102', '2.6102'] lr = 0.0005000
2025-10-29 07:03:51,742 - TopNet - INFO - [Epoch 68/150][Batch 301/2622] BatchTime = 0.409 (s) DataTime = 0.001 (s) Losses = ['3.3954', '3.3954'] lr = 0.0005000
2025-10-29 07:04:20,033 - TopNet - INFO - [Epoch 68/150][Batch 401/2622] BatchTime = 0.378 (s) DataTime = 0.001 (s) Losses = ['3.0154', '3.0154'] lr = 0.0005000
2025-10-29 07:04:45,806 - TopNet - INFO - [Epoch 68/150][Batch 501/2622] BatchTime = 0.398 (s) DataTime = 0.001 (s) Losses = ['3.8186', '3.8186'] lr = 0.0005000
2025-10-29 07:05:15,060 - TopNet - INFO - [Epoch 68/150][Batch 601/2622] BatchTime = 0.314 (s) DataTime = 0.001 (s) Losses = ['3.8039', '3.8039'] lr = 0.0005000
2025-10-29 07:05:42,718 - TopNet - INFO - [Epoch 68/150][Batch 701/2622] BatchTime = 0.489 (s) DataTime = 0.001 (s) Losses = ['5.6391', '5.6391'] lr = 0.0005000
2025-10-29 07:06:10,865 - TopNet - INFO - [Epoch 68/150][Batch 801/2622] BatchTime = 0.392 (s) DataTime = 0.001 (s) Losses = ['2.8163', '2.8163'] lr = 0.0005000
2025-10-29 07:06:36,322 - TopNet - INFO - [Epoch 68/150][Batch 901/2622] BatchTime = 0.147 (s) DataTime = 0.001 (s) Losses = ['2.6897', '2.6897'] lr = 0.0005000
2025-10-29 07:07:03,883 - TopNet - INFO - [Epoch 68/150][Batch 1001/2622] BatchTime = 0.260 (s) DataTime = 0.001 (s) Losses = ['3.2056', '3.2056'] lr = 0.0005000
2025-10-29 07:07:29,842 - TopNet - INFO - [Epoch 68/150][Batch 1101/2622] BatchTime = 0.125 (s) DataTime = 0.001 (s) Losses = ['3.4664', '3.4664'] lr = 0.0005000
2025-10-29 07:07:57,481 - TopNet - INFO - [Epoch 68/150][Batch 1201/2622] BatchTime = 0.319 (s) DataTime = 0.001 (s) Losses = ['3.1083', '3.1083'] lr = 0.0005000
2025-10-29 07:08:22,502 - TopNet - INFO - [Epoch 68/150][Batch 1301/2622] BatchTime = 0.339 (s) DataTime = 0.001 (s) Losses = ['4.0851', '4.0851'] lr = 0.0005000
2025-10-29 07:08:50,180 - TopNet - INFO - [Epoch 68/150][Batch 1401/2622] BatchTime = 0.189 (s) DataTime = 0.001 (s) Losses = ['3.2166', '3.2166'] lr = 0.0005000
2025-10-29 07:09:15,662 - TopNet - INFO - [Epoch 68/150][Batch 1501/2622] BatchTime = 0.136 (s) DataTime = 0.001 (s) Losses = ['3.4832', '3.4832'] lr = 0.0005000
2025-10-29 07:09:42,168 - TopNet - INFO - [Epoch 68/150][Batch 1601/2622] BatchTime = 0.207 (s) DataTime = 0.001 (s) Losses = ['3.9293', '3.9293'] lr = 0.0005000
2025-10-29 07:10:11,890 - TopNet - INFO - [Epoch 68/150][Batch 1701/2622] BatchTime = 0.113 (s) DataTime = 0.001 (s) Losses = ['3.3665', '3.3665'] lr = 0.0005000
2025-10-29 07:10:40,518 - TopNet - INFO - [Epoch 68/150][Batch 1801/2622] BatchTime = 0.441 (s) DataTime = 0.001 (s) Losses = ['3.2889', '3.2889'] lr = 0.0005000
2025-10-29 07:11:06,990 - TopNet - INFO - [Epoch 68/150][Batch 1901/2622] BatchTime = 0.324 (s) DataTime = 0.001 (s) Losses = ['2.7263', '2.7263'] lr = 0.0005000
2025-10-29 07:11:34,518 - TopNet - INFO - [Epoch 68/150][Batch 2001/2622] BatchTime = 0.242 (s) DataTime = 0.001 (s) Losses = ['3.2014', '3.2014'] lr = 0.0005000
2025-10-29 07:12:00,626 - TopNet - INFO - [Epoch 68/150][Batch 2101/2622] BatchTime = 0.221 (s) DataTime = 0.001 (s) Losses = ['5.0886', '5.0886'] lr = 0.0005000
2025-10-29 07:12:26,878 - TopNet - INFO - [Epoch 68/150][Batch 2201/2622] BatchTime = 0.142 (s) DataTime = 0.001 (s) Losses = ['2.9393', '2.9393'] lr = 0.0005000
2025-10-29 07:12:53,653 - TopNet - INFO - [Epoch 68/150][Batch 2301/2622] BatchTime = 0.132 (s) DataTime = 0.001 (s) Losses = ['4.1667', '4.1667'] lr = 0.0005000
2025-10-29 07:13:20,254 - TopNet - INFO - [Epoch 68/150][Batch 2401/2622] BatchTime = 0.206 (s) DataTime = 0.001 (s) Losses = ['3.0228', '3.0228'] lr = 0.0005000
2025-10-29 07:13:48,831 - TopNet - INFO - [Epoch 68/150][Batch 2501/2622] BatchTime = 0.115 (s) DataTime = 0.001 (s) Losses = ['3.1291', '3.1291'] lr = 0.0005000
2025-10-29 07:14:15,682 - TopNet - INFO - [Epoch 68/150][Batch 2601/2622] BatchTime = 0.133 (s) DataTime = 0.001 (s) Losses = ['2.8749', '2.8749'] lr = 0.0005000
2025-10-29 07:14:21,184 - TopNet - INFO - [Training] EPOCH: 68 EpochTime = 713.063 (s) Losses = ['3.4169', '3.4169']
2025-10-29 07:14:21,282 - TopNet - INFO - Save checkpoint at ./experiments/TopNet/ShapeNet55_models/TopNet_fog/ckpt-last.pth
2025-10-29 07:14:21,493 - TopNet - INFO - [Epoch 69/150][Batch 1/2622] BatchTime = 0.211 (s) DataTime = 0.073 (s) Losses = ['3.0352', '3.0352'] lr = 0.0005000
2025-10-29 07:14:46,536 - TopNet - INFO - [Epoch 69/150][Batch 101/2622] BatchTime = 0.260 (s) DataTime = 0.001 (s) Losses = ['3.0359', '3.0359'] lr = 0.0005000
2025-10-29 07:15:12,664 - TopNet - INFO - [Epoch 69/150][Batch 201/2622] BatchTime = 0.543 (s) DataTime = 0.001 (s) Losses = ['2.6532', '2.6532'] lr = 0.0005000
2025-10-29 07:15:39,656 - TopNet - INFO - [Epoch 69/150][Batch 301/2622] BatchTime = 0.299 (s) DataTime = 0.001 (s) Losses = ['2.1486', '2.1486'] lr = 0.0005000
2025-10-29 07:16:08,005 - TopNet - INFO - [Epoch 69/150][Batch 401/2622] BatchTime = 0.109 (s) DataTime = 0.001 (s) Losses = ['2.2920', '2.2920'] lr = 0.0005000
2025-10-29 07:16:34,807 - TopNet - INFO - [Epoch 69/150][Batch 501/2622] BatchTime = 0.221 (s) DataTime = 0.001 (s) Losses = ['3.1562', '3.1562'] lr = 0.0005000
2025-10-29 07:17:01,747 - TopNet - INFO - [Epoch 69/150][Batch 601/2622] BatchTime = 0.109 (s) DataTime = 0.001 (s) Losses = ['2.8901', '2.8901'] lr = 0.0005000
2025-10-29 07:17:29,641 - TopNet - INFO - [Epoch 69/150][Batch 701/2622] BatchTime = 0.140 (s) DataTime = 0.001 (s) Losses = ['3.4962', '3.4962'] lr = 0.0005000
2025-10-29 07:17:57,120 - TopNet - INFO - [Epoch 69/150][Batch 801/2622] BatchTime = 0.136 (s) DataTime = 0.001 (s) Losses = ['3.5754', '3.5754'] lr = 0.0005000
2025-10-29 07:18:23,431 - TopNet - INFO - [Epoch 69/150][Batch 901/2622] BatchTime = 0.148 (s) DataTime = 0.001 (s) Losses = ['3.3240', '3.3240'] lr = 0.0005000
2025-10-29 07:18:51,574 - TopNet - INFO - [Epoch 69/150][Batch 1001/2622] BatchTime = 0.198 (s) DataTime = 0.001 (s) Losses = ['5.4917', '5.4917'] lr = 0.0005000
2025-10-29 07:19:19,333 - TopNet - INFO - [Epoch 69/150][Batch 1101/2622] BatchTime = 0.306 (s) DataTime = 0.001 (s) Losses = ['3.0733', '3.0733'] lr = 0.0005000
2025-10-29 07:19:46,802 - TopNet - INFO - [Epoch 69/150][Batch 1201/2622] BatchTime = 0.112 (s) DataTime = 0.001 (s) Losses = ['4.6640', '4.6640'] lr = 0.0005000
2025-10-29 07:20:13,277 - TopNet - INFO - [Epoch 69/150][Batch 1301/2622] BatchTime = 0.297 (s) DataTime = 0.001 (s) Losses = ['3.6744', '3.6744'] lr = 0.0005000
2025-10-29 07:20:39,945 - TopNet - INFO - [Epoch 69/150][Batch 1401/2622] BatchTime = 0.119 (s) DataTime = 0.001 (s) Losses = ['4.8654', '4.8654'] lr = 0.0005000
2025-10-29 07:21:05,815 - TopNet - INFO - [Epoch 69/150][Batch 1501/2622] BatchTime = 0.299 (s) DataTime = 0.001 (s) Losses = ['3.7335', '3.7335'] lr = 0.0005000
2025-10-29 07:21:32,374 - TopNet - INFO - [Epoch 69/150][Batch 1601/2622] BatchTime = 0.225 (s) DataTime = 0.001 (s) Losses = ['4.0524', '4.0524'] lr = 0.0005000
2025-10-29 07:21:56,222 - TopNet - INFO - [Epoch 69/150][Batch 1701/2622] BatchTime = 0.239 (s) DataTime = 0.001 (s) Losses = ['2.5408', '2.5408'] lr = 0.0005000
2025-10-29 07:22:23,058 - TopNet - INFO - [Epoch 69/150][Batch 1801/2622] BatchTime = 0.442 (s) DataTime = 0.001 (s) Losses = ['2.7391', '2.7391'] lr = 0.0005000
2025-10-29 07:22:50,632 - TopNet - INFO - [Epoch 69/150][Batch 1901/2622] BatchTime = 0.447 (s) DataTime = 0.001 (s) Losses = ['4.3162', '4.3162'] lr = 0.0005000
2025-10-29 07:23:19,467 - TopNet - INFO - [Epoch 69/150][Batch 2001/2622] BatchTime = 0.466 (s) DataTime = 0.001 (s) Losses = ['2.9241', '2.9241'] lr = 0.0005000
2025-10-29 07:23:47,035 - TopNet - INFO - [Epoch 69/150][Batch 2101/2622] BatchTime = 0.192 (s) DataTime = 0.001 (s) Losses = ['2.9395', '2.9395'] lr = 0.0005000
2025-10-29 07:24:15,275 - TopNet - INFO - [Epoch 69/150][Batch 2201/2622] BatchTime = 0.117 (s) DataTime = 0.001 (s) Losses = ['4.6384', '4.6384'] lr = 0.0005000
2025-10-29 07:24:42,672 - TopNet - INFO - [Epoch 69/150][Batch 2301/2622] BatchTime = 0.110 (s) DataTime = 0.001 (s) Losses = ['3.5276', '3.5276'] lr = 0.0005000
2025-10-29 07:25:09,859 - TopNet - INFO - [Epoch 69/150][Batch 2401/2622] BatchTime = 0.211 (s) DataTime = 0.001 (s) Losses = ['3.4128', '3.4128'] lr = 0.0005000
2025-10-29 07:25:38,284 - TopNet - INFO - [Epoch 69/150][Batch 2501/2622] BatchTime = 0.314 (s) DataTime = 0.001 (s) Losses = ['3.1198', '3.1198'] lr = 0.0005000
2025-10-29 07:26:05,533 - TopNet - INFO - [Epoch 69/150][Batch 2601/2622] BatchTime = 0.282 (s) DataTime = 0.001 (s) Losses = ['3.8613', '3.8613'] lr = 0.0005000
2025-10-29 07:26:11,950 - TopNet - INFO - [Training] EPOCH: 69 EpochTime = 710.668 (s) Losses = ['3.3928', '3.3928']
2025-10-29 07:26:12,050 - TopNet - INFO - Save checkpoint at ./experiments/TopNet/ShapeNet55_models/TopNet_fog/ckpt-last.pth
2025-10-29 07:26:12,330 - TopNet - INFO - [Epoch 70/150][Batch 1/2622] BatchTime = 0.280 (s) DataTime = 0.074 (s) Losses = ['3.6328', '3.6328'] lr = 0.0005000
2025-10-29 07:26:37,747 - TopNet - INFO - [Epoch 70/150][Batch 101/2622] BatchTime = 0.239 (s) DataTime = 0.001 (s) Losses = ['2.7589', '2.7589'] lr = 0.0005000
2025-10-29 07:27:04,186 - TopNet - INFO - [Epoch 70/150][Batch 201/2622] BatchTime = 0.214 (s) DataTime = 0.001 (s) Losses = ['3.1412', '3.1412'] lr = 0.0005000
2025-10-29 07:27:31,976 - TopNet - INFO - [Epoch 70/150][Batch 301/2622] BatchTime = 0.438 (s) DataTime = 0.001 (s) Losses = ['4.5216', '4.5216'] lr = 0.0005000
2025-10-29 07:27:59,668 - TopNet - INFO - [Epoch 70/150][Batch 401/2622] BatchTime = 0.118 (s) DataTime = 0.001 (s) Losses = ['3.1122', '3.1122'] lr = 0.0005000
2025-10-29 07:28:28,817 - TopNet - INFO - [Epoch 70/150][Batch 501/2622] BatchTime = 0.196 (s) DataTime = 0.001 (s) Losses = ['3.6881', '3.6881'] lr = 0.0005000
2025-10-29 07:28:57,211 - TopNet - INFO - [Epoch 70/150][Batch 601/2622] BatchTime = 0.333 (s) DataTime = 0.001 (s) Losses = ['6.4543', '6.4543'] lr = 0.0005000
2025-10-29 07:29:26,886 - TopNet - INFO - [Epoch 70/150][Batch 701/2622] BatchTime = 0.368 (s) DataTime = 0.001 (s) Losses = ['3.6413', '3.6413'] lr = 0.0005000
2025-10-29 07:29:53,362 - TopNet - INFO - [Epoch 70/150][Batch 801/2622] BatchTime = 0.111 (s) DataTime = 0.001 (s) Losses = ['3.4380', '3.4380'] lr = 0.0005000
2025-10-29 07:30:19,888 - TopNet - INFO - [Epoch 70/150][Batch 901/2622] BatchTime = 0.127 (s) DataTime = 0.001 (s) Losses = ['3.1539', '3.1539'] lr = 0.0005000
2025-10-29 07:30:49,759 - TopNet - INFO - [Epoch 70/150][Batch 1001/2622] BatchTime = 0.231 (s) DataTime = 0.001 (s) Losses = ['2.1566', '2.1566'] lr = 0.0005000
2025-10-29 07:31:14,139 - TopNet - INFO - [Epoch 70/150][Batch 1101/2622] BatchTime = 0.437 (s) DataTime = 0.001 (s) Losses = ['3.2292', '3.2292'] lr = 0.0005000
2025-10-29 07:31:40,667 - TopNet - INFO - [Epoch 70/150][Batch 1201/2622] BatchTime = 0.198 (s) DataTime = 0.001 (s) Losses = ['3.4019', '3.4019'] lr = 0.0005000
2025-10-29 07:32:06,257 - TopNet - INFO - [Epoch 70/150][Batch 1301/2622] BatchTime = 0.108 (s) DataTime = 0.001 (s) Losses = ['5.0881', '5.0881'] lr = 0.0005000
2025-10-29 07:32:33,982 - TopNet - INFO - [Epoch 70/150][Batch 1401/2622] BatchTime = 0.349 (s) DataTime = 0.001 (s) Losses = ['3.0253', '3.0253'] lr = 0.0005000
2025-10-29 07:32:59,924 - TopNet - INFO - [Epoch 70/150][Batch 1501/2622] BatchTime = 0.401 (s) DataTime = 0.001 (s) Losses = ['5.3614', '5.3614'] lr = 0.0005000
2025-10-29 07:33:27,103 - TopNet - INFO - [Epoch 70/150][Batch 1601/2622] BatchTime = 0.118 (s) DataTime = 0.001 (s) Losses = ['2.9971', '2.9971'] lr = 0.0005000
2025-10-29 07:33:54,074 - TopNet - INFO - [Epoch 70/150][Batch 1701/2622] BatchTime = 0.515 (s) DataTime = 0.001 (s) Losses = ['4.1607', '4.1607'] lr = 0.0005000
2025-10-29 07:34:20,784 - TopNet - INFO - [Epoch 70/150][Batch 1801/2622] BatchTime = 0.325 (s) DataTime = 0.001 (s) Losses = ['2.7733', '2.7733'] lr = 0.0005000
2025-10-29 07:34:47,584 - TopNet - INFO - [Epoch 70/150][Batch 1901/2622] BatchTime = 0.188 (s) DataTime = 0.001 (s) Losses = ['2.8828', '2.8828'] lr = 0.0005000
2025-10-29 07:35:14,199 - TopNet - INFO - [Epoch 70/150][Batch 2001/2622] BatchTime = 0.150 (s) DataTime = 0.001 (s) Losses = ['2.7823', '2.7823'] lr = 0.0005000
2025-10-29 07:35:42,706 - TopNet - INFO - [Epoch 70/150][Batch 2101/2622] BatchTime = 0.452 (s) DataTime = 0.001 (s) Losses = ['3.0435', '3.0435'] lr = 0.0005000
2025-10-29 07:36:09,564 - TopNet - INFO - [Epoch 70/150][Batch 2201/2622] BatchTime = 0.122 (s) DataTime = 0.001 (s) Losses = ['3.4131', '3.4131'] lr = 0.0005000
2025-10-29 07:36:38,625 - TopNet - INFO - [Epoch 70/150][Batch 2301/2622] BatchTime = 0.121 (s) DataTime = 0.001 (s) Losses = ['2.8371', '2.8371'] lr = 0.0005000
2025-10-29 07:37:06,304 - TopNet - INFO - [Epoch 70/150][Batch 2401/2622] BatchTime = 0.214 (s) DataTime = 0.001 (s) Losses = ['4.7368', '4.7368'] lr = 0.0005000
2025-10-29 07:37:34,271 - TopNet - INFO - [Epoch 70/150][Batch 2501/2622] BatchTime = 0.200 (s) DataTime = 0.001 (s) Losses = ['2.8940', '2.8940'] lr = 0.0005000
2025-10-29 07:38:02,017 - TopNet - INFO - [Epoch 70/150][Batch 2601/2622] BatchTime = 0.195 (s) DataTime = 0.001 (s) Losses = ['2.6502', '2.6502'] lr = 0.0005000
2025-10-29 07:38:06,854 - TopNet - INFO - [Training] EPOCH: 70 EpochTime = 714.803 (s) Losses = ['3.3978', '3.3978']
2025-10-29 07:38:06,854 - TopNet - INFO - [VALIDATION] Start validating epoch 70
2025-10-29 07:38:47,391 - TopNet - INFO - Test[1051/10518] Taxonomy = 02691156 Sample = c7749c0a8b61f43bc9b9e28055202e3d Losses = ['28.3551', '2.2726', '28.3551', '2.2726'] Metrics = ['0.0649', '28.3551', '2.2726', '0.0000']
2025-10-29 07:39:25,752 - TopNet - INFO - Test[2102/10518] Taxonomy = 03211117 Sample = ab2f9418c111cc6ddb965514105122a4 Losses = ['23.8586', '1.9038', '23.8586', '1.9038'] Metrics = ['0.1443', '23.8586', '1.9038', '0.0000']
2025-10-29 07:40:03,461 - TopNet - INFO - Test[3153/10518] Taxonomy = 02876657 Sample = c5032e4be091aabb36fe7a88df793982 Losses = ['47.0170', '6.5473', '47.0170', '6.5473'] Metrics = ['0.0236', '47.0170', '6.5473', '0.0000']
2025-10-29 07:40:44,780 - TopNet - INFO - Test[4204/10518] Taxonomy = 03211117 Sample = 722df1da5778d45b1e43523279c7f09f Losses = ['33.6813', '3.4410', '33.6813', '3.4410'] Metrics = ['0.0549', '33.6813', '3.4410', '0.0000']
2025-10-29 07:41:25,219 - TopNet - INFO - Test[5255/10518] Taxonomy = 02828884 Sample = 14b63361a48a9fffe4a048c146e8bd43 Losses = ['41.7536', '4.4208', '41.7536', '4.4208'] Metrics = ['0.0263', '41.7536', '4.4208', '0.0000']
2025-10-29 07:42:03,930 - TopNet - INFO - Test[6306/10518] Taxonomy = 03211117 Sample = d330d50a0255529d19ed6e1a590c9122 Losses = ['25.7200', '1.9712', '25.7200', '1.9712'] Metrics = ['0.0738', '25.7200', '1.9712', '0.0000']
2025-10-29 07:42:42,135 - TopNet - INFO - Test[7357/10518] Taxonomy = 04379243 Sample = b1ca280d9567270ade98d10ab5975b59 Losses = ['29.1655', '2.6429', '29.1655', '2.6429'] Metrics = ['0.0546', '29.1655', '2.6429', '0.0000']
2025-10-29 07:43:20,302 - TopNet - INFO - Test[8408/10518] Taxonomy = 03001627 Sample = 89208a619341d9fdb8c516ed5c4ce32 Losses = ['47.9478', '5.8204', '47.9478', '5.8204'] Metrics = ['0.0129', '47.9478', '5.8204', '0.0000']
2025-10-29 07:43:59,390 - TopNet - INFO - Test[9459/10518] Taxonomy = 03001627 Sample = d0255120e3351121c3bd24f986301745 Losses = ['40.4569', '5.1026', '40.4569', '5.1026'] Metrics = ['0.0260', '40.4569', '5.1026', '0.0000']
2025-10-29 07:44:35,417 - TopNet - INFO - Test[10510/10518] Taxonomy = 03636649 Sample = ea9ec4d9db2e06202471e6dd5ac3ef92 Losses = ['30.8523', '2.8561', '30.8523', '2.8561'] Metrics = ['0.0484', '30.8523', '2.8561', '0.0000']
2025-10-29 07:44:35,811 - TopNet - INFO - [Validation] EPOCH: 70  Metrics = ['0.0668', '35.4367', '4.1743', '0.0000']
2025-10-29 07:44:35,811 - TopNet - INFO - ============================ TEST RESULTS ============================
2025-10-29 07:44:35,811 - TopNet - INFO - Taxonomy	#Sample	F-Score	CDL1	CDL2	EMDistance	#ModelName	
2025-10-29 07:44:35,811 - TopNet - INFO - 03759954	14	0.074 	37.812 	6.434 	0.000 	microphone	
2025-10-29 07:44:35,811 - TopNet - INFO - 04330267	44	0.025 	42.793 	5.345 	0.000 	stove	
2025-10-29 07:44:35,811 - TopNet - INFO - 03261776	15	0.036 	40.848 	7.159 	0.000 	earphone	
2025-10-29 07:44:35,811 - TopNet - INFO - 03513137	33	0.013 	52.047 	8.876 	0.000 	helmet	
2025-10-29 07:44:35,811 - TopNet - INFO - 04460130	27	0.067 	34.432 	3.708 	0.000 	tower	
2025-10-29 07:44:35,811 - TopNet - INFO - 04468005	78	0.086 	26.923 	2.159 	0.000 	train	
2025-10-29 07:44:35,811 - TopNet - INFO - 03761084	31	0.014 	43.595 	5.350 	0.000 	microwaves	
2025-10-29 07:44:35,811 - TopNet - INFO - 04004475	34	0.020 	44.710 	5.822 	0.000 	printer	
2025-10-29 07:44:35,811 - TopNet - INFO - 03938244	20	0.024 	45.680 	6.108 	0.000 	pillow	
2025-10-29 07:44:35,811 - TopNet - INFO - 02992529	167	0.074 	25.933 	1.853 	0.000 	cellphone	
2025-10-29 07:44:35,811 - TopNet - INFO - 02808440	172	0.035 	36.248 	4.016 	0.000 	bathtub	
2025-10-29 07:44:35,811 - TopNet - INFO - 04530566	388	0.109 	26.737 	2.305 	0.000 	watercraft	
2025-10-29 07:44:35,811 - TopNet - INFO - 02871439	91	0.037 	36.196 	4.055 	0.000 	bookshelf	
2025-10-29 07:44:35,811 - TopNet - INFO - 03593526	120	0.026 	44.330 	6.111 	0.000 	jar	
2025-10-29 07:44:35,811 - TopNet - INFO - 04554684	34	0.012 	47.989 	6.238 	0.000 	washer	
2025-10-29 07:44:35,811 - TopNet - INFO - 03467517	160	0.313 	16.118 	0.878 	0.000 	guitar	
2025-10-29 07:44:35,811 - TopNet - INFO - 04401088	218	0.077 	25.551 	1.864 	0.000 	telephone	
2025-10-29 07:44:35,811 - TopNet - INFO - 02954340	12	0.016 	48.054 	7.429 	0.000 	cap	
2025-10-29 07:44:35,811 - TopNet - INFO - 02933112	315	0.033 	34.878 	3.463 	0.000 	cabinet	
2025-10-29 07:44:35,811 - TopNet - INFO - 03642806	92	0.075 	25.786 	1.902 	0.000 	laptop	
2025-10-29 07:44:35,811 - TopNet - INFO - 02924116	188	0.062 	28.525 	2.310 	0.000 	bus	
2025-10-29 07:44:35,811 - TopNet - INFO - 02946921	22	0.013 	47.145 	6.266 	0.000 	can	
2025-10-29 07:44:35,811 - TopNet - INFO - 02818832	47	0.030 	40.797 	5.384 	0.000 	bed	
2025-10-29 07:44:35,811 - TopNet - INFO - 04256520	635	0.036 	34.658 	3.393 	0.000 	sofa	
2025-10-29 07:44:35,811 - TopNet - INFO - 04379243	1687	0.082 	31.032 	3.447 	0.000 	table	
2025-10-29 07:44:35,811 - TopNet - INFO - 02747177	69	0.019 	40.343 	4.757 	0.000 	trash bin	
2025-10-29 07:44:35,811 - TopNet - INFO - 03046257	131	0.037 	37.896 	4.346 	0.000 	clock	
2025-10-29 07:44:35,811 - TopNet - INFO - 04225987	31	0.124 	24.755 	2.084 	0.000 	skateboard	
2025-10-29 07:44:35,811 - TopNet - INFO - 03797390	43	0.014 	47.143 	6.798 	0.000 	mug	
2025-10-29 07:44:35,811 - TopNet - INFO - 03001627	1356	0.049 	33.603 	3.558 	0.000 	chair	
2025-10-29 07:44:35,811 - TopNet - INFO - 03691459	320	0.024 	42.507 	5.434 	0.000 	loudspeaker	
2025-10-29 07:44:35,812 - TopNet - INFO - 02942699	23	0.020 	46.888 	6.710 	0.000 	camera	
2025-10-29 07:44:35,812 - TopNet - INFO - 03636649	464	0.066 	38.801 	5.891 	0.000 	lamp	
2025-10-29 07:44:35,812 - TopNet - INFO - 02691156	809	0.167 	22.186 	1.678 	0.000 	airplane	
2025-10-29 07:44:35,812 - TopNet - INFO - 02773838	17	0.037 	43.664 	6.157 	0.000 	bag	
2025-10-29 07:44:35,812 - TopNet - INFO - 02958343	703	0.049 	29.582 	2.454 	0.000 	car	
2025-10-29 07:44:35,812 - TopNet - INFO - 02880940	38	0.018 	44.601 	5.735 	0.000 	bowl	
2025-10-29 07:44:35,812 - TopNet - INFO - 04099429	17	0.201 	22.274 	1.710 	0.000 	rocket	
2025-10-29 07:44:35,812 - TopNet - INFO - 02828884	363	0.099 	28.301 	2.713 	0.000 	bench	
2025-10-29 07:44:35,812 - TopNet - INFO - 04090263	475	0.317 	17.305 	1.143 	0.000 	rifle	
2025-10-29 07:44:35,812 - TopNet - INFO - 03211117	219	0.053 	33.222 	3.442 	0.000 	display	
2025-10-29 07:44:35,812 - TopNet - INFO - 02876657	100	0.057 	30.743 	2.885 	0.000 	bottle	
2025-10-29 07:44:35,812 - TopNet - INFO - 03710193	19	0.064 	33.301 	3.447 	0.000 	mailbox	
2025-10-29 07:44:35,812 - TopNet - INFO - 03790512	68	0.065 	30.310 	2.783 	0.000 	motorbike	
2025-10-29 07:44:35,812 - TopNet - INFO - 03325088	149	0.048 	39.955 	5.633 	0.000 	faucet	
2025-10-29 07:44:35,812 - TopNet - INFO - 02801938	23	0.024 	39.638 	4.816 	0.000 	basket	
2025-10-29 07:44:35,812 - TopNet - INFO - 03337140	60	0.031 	38.077 	4.236 	0.000 	file cabinet	
2025-10-29 07:44:35,812 - TopNet - INFO - 02843684	15	0.021 	43.160 	5.534 	0.000 	birdhouse	
2025-10-29 07:44:35,812 - TopNet - INFO - 03624134	85	0.263 	17.311 	1.003 	0.000 	knife	
2025-10-29 07:44:35,812 - TopNet - INFO - 03991062	121	0.026 	44.162 	6.088 	0.000 	flowerpot	
2025-10-29 07:44:35,812 - TopNet - INFO - 03948459	62	0.137 	22.568 	1.587 	0.000 	pistol	
2025-10-29 07:44:35,812 - TopNet - INFO - 03928116	48	0.029 	43.250 	5.662 	0.000 	piano	
2025-10-29 07:44:35,812 - TopNet - INFO - 03207941	19	0.016 	44.069 	5.548 	0.000 	dishwasher	
2025-10-29 07:44:35,812 - TopNet - INFO - 04074963	14	0.069 	29.133 	2.373 	0.000 	remote	
2025-10-29 07:44:35,812 - TopNet - INFO - 03085013	13	0.142 	21.451 	1.506 	0.000 	keyboard	
2025-10-29 07:44:35,812 - TopNet - INFO - Overall		0.067 	35.437 	4.174 	0.000 	
2025-10-29 07:44:35,910 - TopNet - INFO - Save checkpoint at ./experiments/TopNet/ShapeNet55_models/TopNet_fog/ckpt-last.pth
2025-10-29 07:44:36,310 - TopNet - INFO - [Epoch 71/150][Batch 1/2622] BatchTime = 0.399 (s) DataTime = 0.070 (s) Losses = ['3.7823', '3.7823'] lr = 0.0005000
2025-10-29 07:45:03,213 - TopNet - INFO - [Epoch 71/150][Batch 101/2622] BatchTime = 0.215 (s) DataTime = 0.001 (s) Losses = ['2.3333', '2.3333'] lr = 0.0005000
2025-10-29 07:45:29,393 - TopNet - INFO - [Epoch 71/150][Batch 201/2622] BatchTime = 0.205 (s) DataTime = 0.001 (s) Losses = ['3.7166', '3.7166'] lr = 0.0005000
2025-10-29 07:45:56,622 - TopNet - INFO - [Epoch 71/150][Batch 301/2622] BatchTime = 0.419 (s) DataTime = 0.001 (s) Losses = ['3.7330', '3.7330'] lr = 0.0005000
2025-10-29 07:46:23,553 - TopNet - INFO - [Epoch 71/150][Batch 401/2622] BatchTime = 0.105 (s) DataTime = 0.001 (s) Losses = ['3.9974', '3.9974'] lr = 0.0005000
2025-10-29 07:46:51,969 - TopNet - INFO - [Epoch 71/150][Batch 501/2622] BatchTime = 0.314 (s) DataTime = 0.001 (s) Losses = ['3.2890', '3.2890'] lr = 0.0005000
2025-10-29 07:47:19,905 - TopNet - INFO - [Epoch 71/150][Batch 601/2622] BatchTime = 0.428 (s) DataTime = 0.001 (s) Losses = ['3.0434', '3.0434'] lr = 0.0005000
2025-10-29 07:47:48,137 - TopNet - INFO - [Epoch 71/150][Batch 701/2622] BatchTime = 0.245 (s) DataTime = 0.001 (s) Losses = ['3.1789', '3.1789'] lr = 0.0005000
2025-10-29 07:48:15,597 - TopNet - INFO - [Epoch 71/150][Batch 801/2622] BatchTime = 0.136 (s) DataTime = 0.001 (s) Losses = ['5.7848', '5.7848'] lr = 0.0005000
2025-10-29 07:48:42,866 - TopNet - INFO - [Epoch 71/150][Batch 901/2622] BatchTime = 0.220 (s) DataTime = 0.001 (s) Losses = ['3.6677', '3.6677'] lr = 0.0005000
2025-10-29 07:49:09,214 - TopNet - INFO - [Epoch 71/150][Batch 1001/2622] BatchTime = 0.290 (s) DataTime = 0.001 (s) Losses = ['4.5159', '4.5159'] lr = 0.0005000
2025-10-29 07:49:35,540 - TopNet - INFO - [Epoch 71/150][Batch 1101/2622] BatchTime = 0.207 (s) DataTime = 0.001 (s) Losses = ['2.8561', '2.8561'] lr = 0.0005000
2025-10-29 07:50:01,820 - TopNet - INFO - [Epoch 71/150][Batch 1201/2622] BatchTime = 0.336 (s) DataTime = 0.001 (s) Losses = ['2.3535', '2.3535'] lr = 0.0005000
2025-10-29 07:50:29,321 - TopNet - INFO - [Epoch 71/150][Batch 1301/2622] BatchTime = 0.558 (s) DataTime = 0.001 (s) Losses = ['3.8526', '3.8526'] lr = 0.0005000
2025-10-29 07:50:57,981 - TopNet - INFO - [Epoch 71/150][Batch 1401/2622] BatchTime = 0.203 (s) DataTime = 0.001 (s) Losses = ['4.5022', '4.5022'] lr = 0.0005000
2025-10-29 07:51:24,521 - TopNet - INFO - [Epoch 71/150][Batch 1501/2622] BatchTime = 0.105 (s) DataTime = 0.001 (s) Losses = ['3.0478', '3.0478'] lr = 0.0005000
2025-10-29 07:51:51,383 - TopNet - INFO - [Epoch 71/150][Batch 1601/2622] BatchTime = 0.492 (s) DataTime = 0.001 (s) Losses = ['2.8357', '2.8357'] lr = 0.0005000
2025-10-29 07:52:17,490 - TopNet - INFO - [Epoch 71/150][Batch 1701/2622] BatchTime = 0.391 (s) DataTime = 0.001 (s) Losses = ['4.4395', '4.4395'] lr = 0.0005000
2025-10-29 07:52:45,663 - TopNet - INFO - [Epoch 71/150][Batch 1801/2622] BatchTime = 0.333 (s) DataTime = 0.001 (s) Losses = ['2.6511', '2.6511'] lr = 0.0005000
2025-10-29 07:53:11,584 - TopNet - INFO - [Epoch 71/150][Batch 1901/2622] BatchTime = 0.301 (s) DataTime = 0.001 (s) Losses = ['6.8762', '6.8762'] lr = 0.0005000
2025-10-29 07:53:38,832 - TopNet - INFO - [Epoch 71/150][Batch 2001/2622] BatchTime = 0.504 (s) DataTime = 0.001 (s) Losses = ['3.5447', '3.5447'] lr = 0.0005000
2025-10-29 07:54:06,459 - TopNet - INFO - [Epoch 71/150][Batch 2101/2622] BatchTime = 0.399 (s) DataTime = 0.001 (s) Losses = ['4.6934', '4.6934'] lr = 0.0005000
2025-10-29 07:54:31,750 - TopNet - INFO - [Epoch 71/150][Batch 2201/2622] BatchTime = 0.361 (s) DataTime = 0.001 (s) Losses = ['3.2476', '3.2476'] lr = 0.0005000
2025-10-29 07:54:59,876 - TopNet - INFO - [Epoch 71/150][Batch 2301/2622] BatchTime = 0.110 (s) DataTime = 0.001 (s) Losses = ['4.8240', '4.8240'] lr = 0.0005000
2025-10-29 07:55:27,430 - TopNet - INFO - [Epoch 71/150][Batch 2401/2622] BatchTime = 0.219 (s) DataTime = 0.001 (s) Losses = ['3.5674', '3.5674'] lr = 0.0005000
2025-10-29 07:55:55,957 - TopNet - INFO - [Epoch 71/150][Batch 2501/2622] BatchTime = 0.387 (s) DataTime = 0.001 (s) Losses = ['4.3450', '4.3450'] lr = 0.0005000
2025-10-29 07:56:24,284 - TopNet - INFO - [Epoch 71/150][Batch 2601/2622] BatchTime = 0.359 (s) DataTime = 0.001 (s) Losses = ['2.3320', '2.3320'] lr = 0.0005000
2025-10-29 07:56:30,208 - TopNet - INFO - [Training] EPOCH: 71 EpochTime = 714.297 (s) Losses = ['3.3970', '3.3970']
2025-10-29 07:56:30,305 - TopNet - INFO - Save checkpoint at ./experiments/TopNet/ShapeNet55_models/TopNet_fog/ckpt-last.pth
2025-10-29 07:56:30,639 - TopNet - INFO - [Epoch 72/150][Batch 1/2622] BatchTime = 0.333 (s) DataTime = 0.072 (s) Losses = ['4.2124', '4.2124'] lr = 0.0005000
2025-10-29 07:56:58,686 - TopNet - INFO - [Epoch 72/150][Batch 101/2622] BatchTime = 0.242 (s) DataTime = 0.001 (s) Losses = ['2.8292', '2.8292'] lr = 0.0005000
2025-10-29 07:57:26,092 - TopNet - INFO - [Epoch 72/150][Batch 201/2622] BatchTime = 0.155 (s) DataTime = 0.001 (s) Losses = ['3.0712', '3.0712'] lr = 0.0005000
2025-10-29 07:57:54,394 - TopNet - INFO - [Epoch 72/150][Batch 301/2622] BatchTime = 0.116 (s) DataTime = 0.001 (s) Losses = ['3.6622', '3.6622'] lr = 0.0005000
2025-10-29 07:58:22,814 - TopNet - INFO - [Epoch 72/150][Batch 401/2622] BatchTime = 0.407 (s) DataTime = 0.001 (s) Losses = ['4.0393', '4.0393'] lr = 0.0005000
2025-10-29 07:58:48,688 - TopNet - INFO - [Epoch 72/150][Batch 501/2622] BatchTime = 0.113 (s) DataTime = 0.001 (s) Losses = ['2.8623', '2.8623'] lr = 0.0005000
2025-10-29 07:59:14,097 - TopNet - INFO - [Epoch 72/150][Batch 601/2622] BatchTime = 0.114 (s) DataTime = 0.001 (s) Losses = ['3.6045', '3.6045'] lr = 0.0005000
2025-10-29 07:59:40,078 - TopNet - INFO - [Epoch 72/150][Batch 701/2622] BatchTime = 0.387 (s) DataTime = 0.001 (s) Losses = ['3.4105', '3.4105'] lr = 0.0005000
2025-10-29 08:00:07,166 - TopNet - INFO - [Epoch 72/150][Batch 801/2622] BatchTime = 0.304 (s) DataTime = 0.001 (s) Losses = ['2.6584', '2.6584'] lr = 0.0005000
2025-10-29 08:00:33,818 - TopNet - INFO - [Epoch 72/150][Batch 901/2622] BatchTime = 0.511 (s) DataTime = 0.001 (s) Losses = ['3.2834', '3.2834'] lr = 0.0005000
2025-10-29 08:00:59,742 - TopNet - INFO - [Epoch 72/150][Batch 1001/2622] BatchTime = 0.213 (s) DataTime = 0.001 (s) Losses = ['2.5611', '2.5611'] lr = 0.0005000
2025-10-29 08:01:26,856 - TopNet - INFO - [Epoch 72/150][Batch 1101/2622] BatchTime = 0.222 (s) DataTime = 0.001 (s) Losses = ['2.3206', '2.3206'] lr = 0.0005000
2025-10-29 08:01:53,777 - TopNet - INFO - [Epoch 72/150][Batch 1201/2622] BatchTime = 0.237 (s) DataTime = 0.001 (s) Losses = ['3.6213', '3.6213'] lr = 0.0005000
2025-10-29 08:02:20,970 - TopNet - INFO - [Epoch 72/150][Batch 1301/2622] BatchTime = 0.205 (s) DataTime = 0.001 (s) Losses = ['3.6486', '3.6486'] lr = 0.0005000
2025-10-29 08:02:46,985 - TopNet - INFO - [Epoch 72/150][Batch 1401/2622] BatchTime = 0.312 (s) DataTime = 0.001 (s) Losses = ['2.2943', '2.2943'] lr = 0.0005000
2025-10-29 08:03:14,195 - TopNet - INFO - [Epoch 72/150][Batch 1501/2622] BatchTime = 0.322 (s) DataTime = 0.001 (s) Losses = ['3.4858', '3.4858'] lr = 0.0005000
2025-10-29 08:03:40,550 - TopNet - INFO - [Epoch 72/150][Batch 1601/2622] BatchTime = 0.243 (s) DataTime = 0.001 (s) Losses = ['2.7529', '2.7529'] lr = 0.0005000
2025-10-29 08:04:09,782 - TopNet - INFO - [Epoch 72/150][Batch 1701/2622] BatchTime = 0.108 (s) DataTime = 0.001 (s) Losses = ['2.2355', '2.2355'] lr = 0.0005000
2025-10-29 08:04:38,949 - TopNet - INFO - [Epoch 72/150][Batch 1801/2622] BatchTime = 0.240 (s) DataTime = 0.001 (s) Losses = ['3.0278', '3.0278'] lr = 0.0005000
2025-10-29 08:05:04,966 - TopNet - INFO - [Epoch 72/150][Batch 1901/2622] BatchTime = 0.211 (s) DataTime = 0.001 (s) Losses = ['3.4971', '3.4971'] lr = 0.0005000
2025-10-29 08:05:34,415 - TopNet - INFO - [Epoch 72/150][Batch 2001/2622] BatchTime = 0.338 (s) DataTime = 0.001 (s) Losses = ['4.0438', '4.0438'] lr = 0.0005000
2025-10-29 08:06:01,856 - TopNet - INFO - [Epoch 72/150][Batch 2101/2622] BatchTime = 0.222 (s) DataTime = 0.001 (s) Losses = ['2.4322', '2.4322'] lr = 0.0005000
2025-10-29 08:06:28,252 - TopNet - INFO - [Epoch 72/150][Batch 2201/2622] BatchTime = 0.307 (s) DataTime = 0.001 (s) Losses = ['2.6142', '2.6142'] lr = 0.0005000
2025-10-29 08:06:56,657 - TopNet - INFO - [Epoch 72/150][Batch 2301/2622] BatchTime = 0.219 (s) DataTime = 0.001 (s) Losses = ['3.3847', '3.3847'] lr = 0.0005000
2025-10-29 08:07:26,081 - TopNet - INFO - [Epoch 72/150][Batch 2401/2622] BatchTime = 0.315 (s) DataTime = 0.001 (s) Losses = ['2.4961', '2.4961'] lr = 0.0005000
2025-10-29 08:07:54,775 - TopNet - INFO - [Epoch 72/150][Batch 2501/2622] BatchTime = 0.211 (s) DataTime = 0.001 (s) Losses = ['3.5501', '3.5501'] lr = 0.0005000
2025-10-29 08:08:22,131 - TopNet - INFO - [Epoch 72/150][Batch 2601/2622] BatchTime = 0.454 (s) DataTime = 0.001 (s) Losses = ['3.6584', '3.6584'] lr = 0.0005000
2025-10-29 08:08:27,231 - TopNet - INFO - [Training] EPOCH: 72 EpochTime = 716.926 (s) Losses = ['3.3774', '3.3774']
2025-10-29 08:08:27,329 - TopNet - INFO - Save checkpoint at ./experiments/TopNet/ShapeNet55_models/TopNet_fog/ckpt-last.pth
2025-10-29 08:08:27,600 - TopNet - INFO - [Epoch 73/150][Batch 1/2622] BatchTime = 0.270 (s) DataTime = 0.070 (s) Losses = ['3.1587', '3.1587'] lr = 0.0005000
2025-10-29 08:08:56,714 - TopNet - INFO - [Epoch 73/150][Batch 101/2622] BatchTime = 0.432 (s) DataTime = 0.001 (s) Losses = ['2.6991', '2.6991'] lr = 0.0005000
2025-10-29 08:09:23,734 - TopNet - INFO - [Epoch 73/150][Batch 201/2622] BatchTime = 0.413 (s) DataTime = 0.001 (s) Losses = ['2.8454', '2.8454'] lr = 0.0005000
2025-10-29 08:09:51,595 - TopNet - INFO - [Epoch 73/150][Batch 301/2622] BatchTime = 0.540 (s) DataTime = 0.001 (s) Losses = ['3.4779', '3.4779'] lr = 0.0005000
2025-10-29 08:10:18,316 - TopNet - INFO - [Epoch 73/150][Batch 401/2622] BatchTime = 0.296 (s) DataTime = 0.001 (s) Losses = ['3.3203', '3.3203'] lr = 0.0005000
2025-10-29 08:10:46,045 - TopNet - INFO - [Epoch 73/150][Batch 501/2622] BatchTime = 0.198 (s) DataTime = 0.001 (s) Losses = ['2.6004', '2.6004'] lr = 0.0005000
2025-10-29 08:11:14,778 - TopNet - INFO - [Epoch 73/150][Batch 601/2622] BatchTime = 0.223 (s) DataTime = 0.001 (s) Losses = ['3.0304', '3.0304'] lr = 0.0005000
2025-10-29 08:11:41,345 - TopNet - INFO - [Epoch 73/150][Batch 701/2622] BatchTime = 0.226 (s) DataTime = 0.001 (s) Losses = ['4.7693', '4.7693'] lr = 0.0005000
2025-10-29 08:12:06,451 - TopNet - INFO - [Epoch 73/150][Batch 801/2622] BatchTime = 0.412 (s) DataTime = 0.001 (s) Losses = ['2.8663', '2.8663'] lr = 0.0005000
2025-10-29 08:12:34,025 - TopNet - INFO - [Epoch 73/150][Batch 901/2622] BatchTime = 0.214 (s) DataTime = 0.001 (s) Losses = ['3.6475', '3.6475'] lr = 0.0005000
2025-10-29 08:13:00,723 - TopNet - INFO - [Epoch 73/150][Batch 1001/2622] BatchTime = 0.359 (s) DataTime = 0.001 (s) Losses = ['3.0222', '3.0222'] lr = 0.0005000
2025-10-29 08:13:26,706 - TopNet - INFO - [Epoch 73/150][Batch 1101/2622] BatchTime = 0.309 (s) DataTime = 0.001 (s) Losses = ['6.8952', '6.8952'] lr = 0.0005000
2025-10-29 08:13:53,421 - TopNet - INFO - [Epoch 73/150][Batch 1201/2622] BatchTime = 0.189 (s) DataTime = 0.001 (s) Losses = ['3.2143', '3.2143'] lr = 0.0005000
2025-10-29 08:14:20,345 - TopNet - INFO - [Epoch 73/150][Batch 1301/2622] BatchTime = 0.442 (s) DataTime = 0.001 (s) Losses = ['3.6410', '3.6410'] lr = 0.0005000
2025-10-29 08:14:47,308 - TopNet - INFO - [Epoch 73/150][Batch 1401/2622] BatchTime = 0.370 (s) DataTime = 0.001 (s) Losses = ['2.5088', '2.5088'] lr = 0.0005000
2025-10-29 08:15:13,700 - TopNet - INFO - [Epoch 73/150][Batch 1501/2622] BatchTime = 0.327 (s) DataTime = 0.001 (s) Losses = ['3.0426', '3.0426'] lr = 0.0005000
2025-10-29 08:15:43,006 - TopNet - INFO - [Epoch 73/150][Batch 1601/2622] BatchTime = 0.223 (s) DataTime = 0.001 (s) Losses = ['3.1083', '3.1083'] lr = 0.0005000
2025-10-29 08:16:10,362 - TopNet - INFO - [Epoch 73/150][Batch 1701/2622] BatchTime = 0.332 (s) DataTime = 0.001 (s) Losses = ['3.5802', '3.5802'] lr = 0.0005000
2025-10-29 08:16:38,696 - TopNet - INFO - [Epoch 73/150][Batch 1801/2622] BatchTime = 0.252 (s) DataTime = 0.001 (s) Losses = ['2.8645', '2.8645'] lr = 0.0005000
2025-10-29 08:17:05,474 - TopNet - INFO - [Epoch 73/150][Batch 1901/2622] BatchTime = 0.335 (s) DataTime = 0.001 (s) Losses = ['3.4381', '3.4381'] lr = 0.0005000
2025-10-29 08:17:31,016 - TopNet - INFO - [Epoch 73/150][Batch 2001/2622] BatchTime = 0.107 (s) DataTime = 0.001 (s) Losses = ['3.0949', '3.0949'] lr = 0.0005000
2025-10-29 08:17:56,681 - TopNet - INFO - [Epoch 73/150][Batch 2101/2622] BatchTime = 0.247 (s) DataTime = 0.001 (s) Losses = ['7.1351', '7.1351'] lr = 0.0005000
2025-10-29 08:18:25,387 - TopNet - INFO - [Epoch 73/150][Batch 2201/2622] BatchTime = 0.206 (s) DataTime = 0.001 (s) Losses = ['3.0984', '3.0984'] lr = 0.0005000
2025-10-29 08:18:49,747 - TopNet - INFO - [Epoch 73/150][Batch 2301/2622] BatchTime = 0.230 (s) DataTime = 0.001 (s) Losses = ['3.3390', '3.3390'] lr = 0.0005000
2025-10-29 08:19:18,534 - TopNet - INFO - [Epoch 73/150][Batch 2401/2622] BatchTime = 0.198 (s) DataTime = 0.001 (s) Losses = ['3.0927', '3.0927'] lr = 0.0005000
2025-10-29 08:19:45,987 - TopNet - INFO - [Epoch 73/150][Batch 2501/2622] BatchTime = 0.122 (s) DataTime = 0.001 (s) Losses = ['1.9345', '1.9345'] lr = 0.0005000
2025-10-29 08:20:11,821 - TopNet - INFO - [Epoch 73/150][Batch 2601/2622] BatchTime = 0.399 (s) DataTime = 0.001 (s) Losses = ['3.4817', '3.4817'] lr = 0.0005000
2025-10-29 08:20:18,086 - TopNet - INFO - [Training] EPOCH: 73 EpochTime = 710.757 (s) Losses = ['3.3864', '3.3864']
2025-10-29 08:20:18,187 - TopNet - INFO - Save checkpoint at ./experiments/TopNet/ShapeNet55_models/TopNet_fog/ckpt-last.pth
2025-10-29 08:20:18,593 - TopNet - INFO - [Epoch 74/150][Batch 1/2622] BatchTime = 0.405 (s) DataTime = 0.072 (s) Losses = ['2.8937', '2.8937'] lr = 0.0005000
2025-10-29 08:20:45,855 - TopNet - INFO - [Epoch 74/150][Batch 101/2622] BatchTime = 0.641 (s) DataTime = 0.001 (s) Losses = ['3.4098', '3.4098'] lr = 0.0005000
2025-10-29 08:21:11,712 - TopNet - INFO - [Epoch 74/150][Batch 201/2622] BatchTime = 0.110 (s) DataTime = 0.001 (s) Losses = ['2.3368', '2.3368'] lr = 0.0005000
2025-10-29 08:21:37,350 - TopNet - INFO - [Epoch 74/150][Batch 301/2622] BatchTime = 0.211 (s) DataTime = 0.001 (s) Losses = ['4.1293', '4.1293'] lr = 0.0005000
2025-10-29 08:22:05,931 - TopNet - INFO - [Epoch 74/150][Batch 401/2622] BatchTime = 0.224 (s) DataTime = 0.001 (s) Losses = ['3.3070', '3.3070'] lr = 0.0005000
2025-10-29 08:22:34,600 - TopNet - INFO - [Epoch 74/150][Batch 501/2622] BatchTime = 0.477 (s) DataTime = 0.001 (s) Losses = ['2.0262', '2.0262'] lr = 0.0005000
2025-10-29 08:23:03,617 - TopNet - INFO - [Epoch 74/150][Batch 601/2622] BatchTime = 0.357 (s) DataTime = 0.001 (s) Losses = ['2.3172', '2.3172'] lr = 0.0005000
2025-10-29 08:23:28,179 - TopNet - INFO - [Epoch 74/150][Batch 701/2622] BatchTime = 0.126 (s) DataTime = 0.001 (s) Losses = ['2.9560', '2.9560'] lr = 0.0005000
2025-10-29 08:23:56,802 - TopNet - INFO - [Epoch 74/150][Batch 801/2622] BatchTime = 0.203 (s) DataTime = 0.001 (s) Losses = ['4.5775', '4.5775'] lr = 0.0005000
2025-10-29 08:24:26,135 - TopNet - INFO - [Epoch 74/150][Batch 901/2622] BatchTime = 0.205 (s) DataTime = 0.001 (s) Losses = ['3.6425', '3.6425'] lr = 0.0005000
2025-10-29 08:24:54,451 - TopNet - INFO - [Epoch 74/150][Batch 1001/2622] BatchTime = 0.228 (s) DataTime = 0.001 (s) Losses = ['2.4674', '2.4674'] lr = 0.0005000
2025-10-29 08:25:22,050 - TopNet - INFO - [Epoch 74/150][Batch 1101/2622] BatchTime = 0.210 (s) DataTime = 0.001 (s) Losses = ['3.4759', '3.4759'] lr = 0.0005000
2025-10-29 08:25:49,012 - TopNet - INFO - [Epoch 74/150][Batch 1201/2622] BatchTime = 0.112 (s) DataTime = 0.001 (s) Losses = ['2.8164', '2.8164'] lr = 0.0005000
2025-10-29 08:26:16,213 - TopNet - INFO - [Epoch 74/150][Batch 1301/2622] BatchTime = 0.396 (s) DataTime = 0.001 (s) Losses = ['3.0913', '3.0913'] lr = 0.0005000
2025-10-29 08:26:44,321 - TopNet - INFO - [Epoch 74/150][Batch 1401/2622] BatchTime = 0.477 (s) DataTime = 0.001 (s) Losses = ['3.6716', '3.6716'] lr = 0.0005000
2025-10-29 08:27:11,323 - TopNet - INFO - [Epoch 74/150][Batch 1501/2622] BatchTime = 0.244 (s) DataTime = 0.001 (s) Losses = ['4.1708', '4.1708'] lr = 0.0005000
2025-10-29 08:27:38,266 - TopNet - INFO - [Epoch 74/150][Batch 1601/2622] BatchTime = 0.112 (s) DataTime = 0.001 (s) Losses = ['3.0446', '3.0446'] lr = 0.0005000
2025-10-29 08:28:06,720 - TopNet - INFO - [Epoch 74/150][Batch 1701/2622] BatchTime = 0.387 (s) DataTime = 0.001 (s) Losses = ['2.7379', '2.7379'] lr = 0.0005000
2025-10-29 08:28:33,443 - TopNet - INFO - [Epoch 74/150][Batch 1801/2622] BatchTime = 0.113 (s) DataTime = 0.001 (s) Losses = ['3.2346', '3.2346'] lr = 0.0005000
2025-10-29 08:29:01,519 - TopNet - INFO - [Epoch 74/150][Batch 1901/2622] BatchTime = 0.210 (s) DataTime = 0.001 (s) Losses = ['2.6846', '2.6846'] lr = 0.0005000
2025-10-29 08:29:27,348 - TopNet - INFO - [Epoch 74/150][Batch 2001/2622] BatchTime = 0.339 (s) DataTime = 0.001 (s) Losses = ['2.4358', '2.4358'] lr = 0.0005000
2025-10-29 08:29:52,638 - TopNet - INFO - [Epoch 74/150][Batch 2101/2622] BatchTime = 0.232 (s) DataTime = 0.001 (s) Losses = ['4.6780', '4.6780'] lr = 0.0005000
2025-10-29 08:30:18,974 - TopNet - INFO - [Epoch 74/150][Batch 2201/2622] BatchTime = 0.236 (s) DataTime = 0.001 (s) Losses = ['3.0547', '3.0547'] lr = 0.0005000
2025-10-29 08:30:43,688 - TopNet - INFO - [Epoch 74/150][Batch 2301/2622] BatchTime = 0.255 (s) DataTime = 0.001 (s) Losses = ['3.7220', '3.7220'] lr = 0.0005000
2025-10-29 08:31:09,763 - TopNet - INFO - [Epoch 74/150][Batch 2401/2622] BatchTime = 0.245 (s) DataTime = 0.001 (s) Losses = ['2.9157', '2.9157'] lr = 0.0005000
2025-10-29 08:31:35,862 - TopNet - INFO - [Epoch 74/150][Batch 2501/2622] BatchTime = 0.211 (s) DataTime = 0.001 (s) Losses = ['2.8270', '2.8270'] lr = 0.0005000
2025-10-29 08:32:01,015 - TopNet - INFO - [Epoch 74/150][Batch 2601/2622] BatchTime = 0.255 (s) DataTime = 0.001 (s) Losses = ['4.7993', '4.7993'] lr = 0.0005000
2025-10-29 08:32:05,870 - TopNet - INFO - [Training] EPOCH: 74 EpochTime = 707.683 (s) Losses = ['3.3531', '3.3531']
2025-10-29 08:32:05,965 - TopNet - INFO - Save checkpoint at ./experiments/TopNet/ShapeNet55_models/TopNet_fog/ckpt-last.pth
2025-10-29 08:32:06,351 - TopNet - INFO - [Epoch 75/150][Batch 1/2622] BatchTime = 0.386 (s) DataTime = 0.070 (s) Losses = ['4.4920', '4.4920'] lr = 0.0005000
2025-10-29 08:32:34,539 - TopNet - INFO - [Epoch 75/150][Batch 101/2622] BatchTime = 0.197 (s) DataTime = 0.001 (s) Losses = ['2.9749', '2.9749'] lr = 0.0005000
2025-10-29 08:33:02,786 - TopNet - INFO - [Epoch 75/150][Batch 201/2622] BatchTime = 0.296 (s) DataTime = 0.001 (s) Losses = ['2.3798', '2.3798'] lr = 0.0005000
2025-10-29 08:33:31,582 - TopNet - INFO - [Epoch 75/150][Batch 301/2622] BatchTime = 0.227 (s) DataTime = 0.001 (s) Losses = ['2.9777', '2.9777'] lr = 0.0005000
2025-10-29 08:33:58,966 - TopNet - INFO - [Epoch 75/150][Batch 401/2622] BatchTime = 0.199 (s) DataTime = 0.001 (s) Losses = ['2.1867', '2.1867'] lr = 0.0005000
2025-10-29 08:34:27,800 - TopNet - INFO - [Epoch 75/150][Batch 501/2622] BatchTime = 0.384 (s) DataTime = 0.001 (s) Losses = ['3.7970', '3.7970'] lr = 0.0005000
2025-10-29 08:34:55,922 - TopNet - INFO - [Epoch 75/150][Batch 601/2622] BatchTime = 0.210 (s) DataTime = 0.001 (s) Losses = ['3.6338', '3.6338'] lr = 0.0005000
2025-10-29 08:35:23,440 - TopNet - INFO - [Epoch 75/150][Batch 701/2622] BatchTime = 0.384 (s) DataTime = 0.001 (s) Losses = ['3.5174', '3.5174'] lr = 0.0005000
2025-10-29 08:35:51,330 - TopNet - INFO - [Epoch 75/150][Batch 801/2622] BatchTime = 0.263 (s) DataTime = 0.001 (s) Losses = ['6.0720', '6.0720'] lr = 0.0005000
2025-10-29 08:36:20,464 - TopNet - INFO - [Epoch 75/150][Batch 901/2622] BatchTime = 0.297 (s) DataTime = 0.001 (s) Losses = ['3.1576', '3.1576'] lr = 0.0005000
2025-10-29 08:36:46,704 - TopNet - INFO - [Epoch 75/150][Batch 1001/2622] BatchTime = 0.117 (s) DataTime = 0.001 (s) Losses = ['3.0226', '3.0226'] lr = 0.0005000
2025-10-29 08:37:15,879 - TopNet - INFO - [Epoch 75/150][Batch 1101/2622] BatchTime = 0.307 (s) DataTime = 0.001 (s) Losses = ['3.4794', '3.4794'] lr = 0.0005000
2025-10-29 08:37:43,170 - TopNet - INFO - [Epoch 75/150][Batch 1201/2622] BatchTime = 0.393 (s) DataTime = 0.001 (s) Losses = ['2.3696', '2.3696'] lr = 0.0005000
2025-10-29 08:38:10,017 - TopNet - INFO - [Epoch 75/150][Batch 1301/2622] BatchTime = 0.186 (s) DataTime = 0.001 (s) Losses = ['2.0428', '2.0428'] lr = 0.0005000
2025-10-29 08:38:38,415 - TopNet - INFO - [Epoch 75/150][Batch 1401/2622] BatchTime = 0.117 (s) DataTime = 0.001 (s) Losses = ['3.5881', '3.5881'] lr = 0.0005000
2025-10-29 08:39:04,334 - TopNet - INFO - [Epoch 75/150][Batch 1501/2622] BatchTime = 0.194 (s) DataTime = 0.001 (s) Losses = ['3.3786', '3.3786'] lr = 0.0005000
2025-10-29 08:39:33,691 - TopNet - INFO - [Epoch 75/150][Batch 1601/2622] BatchTime = 0.122 (s) DataTime = 0.001 (s) Losses = ['2.3645', '2.3645'] lr = 0.0005000
2025-10-29 08:40:00,622 - TopNet - INFO - [Epoch 75/150][Batch 1701/2622] BatchTime = 0.211 (s) DataTime = 0.001 (s) Losses = ['3.4778', '3.4778'] lr = 0.0005000
2025-10-29 08:40:26,644 - TopNet - INFO - [Epoch 75/150][Batch 1801/2622] BatchTime = 0.222 (s) DataTime = 0.001 (s) Losses = ['4.1359', '4.1359'] lr = 0.0005000
2025-10-29 08:40:51,980 - TopNet - INFO - [Epoch 75/150][Batch 1901/2622] BatchTime = 0.190 (s) DataTime = 0.001 (s) Losses = ['3.6615', '3.6615'] lr = 0.0005000
2025-10-29 08:41:17,936 - TopNet - INFO - [Epoch 75/150][Batch 2001/2622] BatchTime = 0.405 (s) DataTime = 0.001 (s) Losses = ['3.0562', '3.0562'] lr = 0.0005000
2025-10-29 08:41:45,785 - TopNet - INFO - [Epoch 75/150][Batch 2101/2622] BatchTime = 0.127 (s) DataTime = 0.001 (s) Losses = ['4.1424', '4.1424'] lr = 0.0005000
2025-10-29 08:42:10,866 - TopNet - INFO - [Epoch 75/150][Batch 2201/2622] BatchTime = 0.147 (s) DataTime = 0.001 (s) Losses = ['2.9177', '2.9177'] lr = 0.0005000
2025-10-29 08:42:40,570 - TopNet - INFO - [Epoch 75/150][Batch 2301/2622] BatchTime = 0.393 (s) DataTime = 0.001 (s) Losses = ['4.1958', '4.1958'] lr = 0.0005000
2025-10-29 08:43:10,354 - TopNet - INFO - [Epoch 75/150][Batch 2401/2622] BatchTime = 0.304 (s) DataTime = 0.001 (s) Losses = ['2.6109', '2.6109'] lr = 0.0005000
2025-10-29 08:43:36,097 - TopNet - INFO - [Epoch 75/150][Batch 2501/2622] BatchTime = 0.203 (s) DataTime = 0.001 (s) Losses = ['3.3704', '3.3704'] lr = 0.0005000
2025-10-29 08:44:03,086 - TopNet - INFO - [Epoch 75/150][Batch 2601/2622] BatchTime = 0.230 (s) DataTime = 0.001 (s) Losses = ['3.8652', '3.8652'] lr = 0.0005000
2025-10-29 08:44:08,720 - TopNet - INFO - [Training] EPOCH: 75 EpochTime = 722.755 (s) Losses = ['3.3852', '3.3852']
2025-10-29 08:44:08,721 - TopNet - INFO - [VALIDATION] Start validating epoch 75
2025-10-29 08:44:45,986 - TopNet - INFO - Test[1051/10518] Taxonomy = 02691156 Sample = c7749c0a8b61f43bc9b9e28055202e3d Losses = ['22.5448', '1.6586', '22.5448', '1.6586'] Metrics = ['0.1306', '22.5448', '1.6586', '0.0000']
2025-10-29 08:45:21,243 - TopNet - INFO - Test[2102/10518] Taxonomy = 03211117 Sample = ab2f9418c111cc6ddb965514105122a4 Losses = ['21.1527', '1.2429', '21.1527', '1.2429'] Metrics = ['0.1406', '21.1527', '1.2429', '0.0000']
2025-10-29 08:45:57,283 - TopNet - INFO - Test[3153/10518] Taxonomy = 02876657 Sample = c5032e4be091aabb36fe7a88df793982 Losses = ['53.0693', '8.3249', '53.0693', '8.3249'] Metrics = ['0.0141', '53.0693', '8.3249', '0.0000']
2025-10-29 08:46:33,959 - TopNet - INFO - Test[4204/10518] Taxonomy = 03211117 Sample = 722df1da5778d45b1e43523279c7f09f Losses = ['32.6776', '3.1477', '32.6776', '3.1477'] Metrics = ['0.0508', '32.6776', '3.1477', '0.0000']
2025-10-29 08:47:11,530 - TopNet - INFO - Test[5255/10518] Taxonomy = 02828884 Sample = 14b63361a48a9fffe4a048c146e8bd43 Losses = ['29.2395', '2.6241', '29.2395', '2.6241'] Metrics = ['0.0642', '29.2395', '2.6241', '0.0000']
2025-10-29 08:47:47,498 - TopNet - INFO - Test[6306/10518] Taxonomy = 03211117 Sample = d330d50a0255529d19ed6e1a590c9122 Losses = ['27.8338', '1.9654', '27.8338', '1.9654'] Metrics = ['0.0547', '27.8338', '1.9654', '0.0000']
2025-10-29 08:48:23,317 - TopNet - INFO - Test[7357/10518] Taxonomy = 04379243 Sample = b1ca280d9567270ade98d10ab5975b59 Losses = ['31.7823', '3.3460', '31.7823', '3.3460'] Metrics = ['0.0358', '31.7823', '3.3460', '0.0000']
2025-10-29 08:49:01,765 - TopNet - INFO - Test[8408/10518] Taxonomy = 03001627 Sample = 89208a619341d9fdb8c516ed5c4ce32 Losses = ['29.1578', '2.3753', '29.1578', '2.3753'] Metrics = ['0.0381', '29.1578', '2.3753', '0.0000']
2025-10-29 08:49:40,448 - TopNet - INFO - Test[9459/10518] Taxonomy = 03001627 Sample = d0255120e3351121c3bd24f986301745 Losses = ['34.6033', '3.8908', '34.6033', '3.8908'] Metrics = ['0.0369', '34.6033', '3.8908', '0.0000']
2025-10-29 08:50:18,095 - TopNet - INFO - Test[10510/10518] Taxonomy = 03636649 Sample = ea9ec4d9db2e06202471e6dd5ac3ef92 Losses = ['20.0643', '1.2843', '20.0643', '1.2843'] Metrics = ['0.1134', '20.0643', '1.2843', '0.0000']
2025-10-29 08:50:18,513 - TopNet - INFO - [Validation] EPOCH: 75  Metrics = ['0.0671', '34.6327', '3.9430', '0.0000']
2025-10-29 08:50:18,514 - TopNet - INFO - ============================ TEST RESULTS ============================
2025-10-29 08:50:18,514 - TopNet - INFO - Taxonomy	#Sample	F-Score	CDL1	CDL2	EMDistance	#ModelName	
2025-10-29 08:50:18,514 - TopNet - INFO - 03759954	14	0.084 	37.944 	6.026 	0.000 	microphone	
2025-10-29 08:50:18,514 - TopNet - INFO - 04330267	44	0.029 	39.111 	4.415 	0.000 	stove	
2025-10-29 08:50:18,514 - TopNet - INFO - 03261776	15	0.036 	40.812 	6.930 	0.000 	earphone	
2025-10-29 08:50:18,514 - TopNet - INFO - 03513137	33	0.012 	53.964 	9.407 	0.000 	helmet	
2025-10-29 08:50:18,514 - TopNet - INFO - 04460130	27	0.075 	33.181 	3.565 	0.000 	tower	
2025-10-29 08:50:18,514 - TopNet - INFO - 04468005	78	0.081 	26.671 	2.085 	0.000 	train	
2025-10-29 08:50:18,514 - TopNet - INFO - 03761084	31	0.014 	42.665 	5.108 	0.000 	microwaves	
2025-10-29 08:50:18,514 - TopNet - INFO - 04004475	34	0.024 	42.591 	5.433 	0.000 	printer	
2025-10-29 08:50:18,514 - TopNet - INFO - 03938244	20	0.025 	46.241 	6.568 	0.000 	pillow	
2025-10-29 08:50:18,514 - TopNet - INFO - 02992529	167	0.084 	24.003 	1.580 	0.000 	cellphone	
2025-10-29 08:50:18,514 - TopNet - INFO - 02808440	172	0.034 	36.629 	4.216 	0.000 	bathtub	
2025-10-29 08:50:18,514 - TopNet - INFO - 04530566	388	0.106 	26.231 	2.166 	0.000 	watercraft	
2025-10-29 08:50:18,514 - TopNet - INFO - 02871439	91	0.040 	35.181 	3.866 	0.000 	bookshelf	
2025-10-29 08:50:18,514 - TopNet - INFO - 03593526	120	0.027 	43.242 	5.730 	0.000 	jar	
2025-10-29 08:50:18,514 - TopNet - INFO - 04554684	34	0.012 	44.094 	5.173 	0.000 	washer	
2025-10-29 08:50:18,514 - TopNet - INFO - 03467517	160	0.327 	15.130 	0.741 	0.000 	guitar	
2025-10-29 08:50:18,514 - TopNet - INFO - 04401088	218	0.080 	24.479 	1.663 	0.000 	telephone	
2025-10-29 08:50:18,514 - TopNet - INFO - 02954340	12	0.015 	48.289 	7.177 	0.000 	cap	
2025-10-29 08:50:18,514 - TopNet - INFO - 02933112	315	0.033 	33.332 	3.139 	0.000 	cabinet	
2025-10-29 08:50:18,514 - TopNet - INFO - 03642806	92	0.072 	25.984 	1.924 	0.000 	laptop	
2025-10-29 08:50:18,514 - TopNet - INFO - 02924116	188	0.062 	29.003 	2.405 	0.000 	bus	
2025-10-29 08:50:18,514 - TopNet - INFO - 02946921	22	0.010 	47.221 	6.019 	0.000 	can	
2025-10-29 08:50:18,514 - TopNet - INFO - 02818832	47	0.031 	42.346 	5.989 	0.000 	bed	
2025-10-29 08:50:18,514 - TopNet - INFO - 04256520	635	0.033 	34.908 	3.389 	0.000 	sofa	
2025-10-29 08:50:18,514 - TopNet - INFO - 04379243	1687	0.087 	29.658 	3.171 	0.000 	table	
2025-10-29 08:50:18,514 - TopNet - INFO - 02747177	69	0.016 	40.843 	4.724 	0.000 	trash bin	
2025-10-29 08:50:18,514 - TopNet - INFO - 03046257	131	0.038 	36.679 	4.034 	0.000 	clock	
2025-10-29 08:50:18,514 - TopNet - INFO - 04225987	31	0.110 	25.723 	2.215 	0.000 	skateboard	
2025-10-29 08:50:18,514 - TopNet - INFO - 03797390	43	0.014 	43.218 	5.355 	0.000 	mug	
2025-10-29 08:50:18,514 - TopNet - INFO - 03001627	1356	0.045 	34.307 	3.649 	0.000 	chair	
2025-10-29 08:50:18,514 - TopNet - INFO - 03691459	320	0.025 	40.083 	4.853 	0.000 	loudspeaker	
2025-10-29 08:50:18,514 - TopNet - INFO - 02942699	23	0.017 	47.885 	6.654 	0.000 	camera	
2025-10-29 08:50:18,514 - TopNet - INFO - 03636649	464	0.069 	37.406 	5.199 	0.000 	lamp	
2025-10-29 08:50:18,514 - TopNet - INFO - 02691156	809	0.164 	22.475 	1.724 	0.000 	airplane	
2025-10-29 08:50:18,514 - TopNet - INFO - 02773838	17	0.038 	38.327 	4.721 	0.000 	bag	
2025-10-29 08:50:18,514 - TopNet - INFO - 02958343	703	0.048 	29.290 	2.439 	0.000 	car	
2025-10-29 08:50:18,514 - TopNet - INFO - 02880940	38	0.018 	43.039 	5.479 	0.000 	bowl	
2025-10-29 08:50:18,514 - TopNet - INFO - 04099429	17	0.215 	21.951 	1.745 	0.000 	rocket	
2025-10-29 08:50:18,514 - TopNet - INFO - 02828884	363	0.097 	27.729 	2.614 	0.000 	bench	
2025-10-29 08:50:18,514 - TopNet - INFO - 04090263	475	0.305 	17.407 	1.154 	0.000 	rifle	
2025-10-29 08:50:18,514 - TopNet - INFO - 03211117	219	0.058 	31.076 	2.930 	0.000 	display	
2025-10-29 08:50:18,514 - TopNet - INFO - 02876657	100	0.051 	33.090 	3.259 	0.000 	bottle	
2025-10-29 08:50:18,514 - TopNet - INFO - 03710193	19	0.051 	34.415 	3.640 	0.000 	mailbox	
2025-10-29 08:50:18,514 - TopNet - INFO - 03790512	68	0.062 	30.382 	2.773 	0.000 	motorbike	
2025-10-29 08:50:18,514 - TopNet - INFO - 03325088	149	0.051 	38.224 	5.078 	0.000 	faucet	
2025-10-29 08:50:18,514 - TopNet - INFO - 02801938	23	0.021 	40.147 	4.971 	0.000 	basket	
2025-10-29 08:50:18,514 - TopNet - INFO - 03337140	60	0.028 	36.587 	3.843 	0.000 	file cabinet	
2025-10-29 08:50:18,514 - TopNet - INFO - 02843684	15	0.022 	40.364 	4.783 	0.000 	birdhouse	
2025-10-29 08:50:18,515 - TopNet - INFO - 03624134	85	0.281 	15.784 	0.820 	0.000 	knife	
2025-10-29 08:50:18,515 - TopNet - INFO - 03991062	121	0.023 	43.845 	5.815 	0.000 	flowerpot	
2025-10-29 08:50:18,515 - TopNet - INFO - 03948459	62	0.129 	23.319 	1.697 	0.000 	pistol	
2025-10-29 08:50:18,515 - TopNet - INFO - 03928116	48	0.030 	40.802 	4.976 	0.000 	piano	
2025-10-29 08:50:18,515 - TopNet - INFO - 03207941	19	0.016 	40.300 	4.546 	0.000 	dishwasher	
2025-10-29 08:50:18,515 - TopNet - INFO - 04074963	14	0.065 	26.928 	1.947 	0.000 	remote	
2025-10-29 08:50:18,515 - TopNet - INFO - 03085013	13	0.148 	20.264 	1.342 	0.000 	keyboard	
2025-10-29 08:50:18,515 - TopNet - INFO - Overall		0.067 	34.633 	3.943 	0.000 	
2025-10-29 08:50:18,611 - TopNet - INFO - Save checkpoint at ./experiments/TopNet/ShapeNet55_models/TopNet_fog/ckpt-last.pth
2025-10-29 08:50:18,798 - TopNet - INFO - [Epoch 76/150][Batch 1/2622] BatchTime = 0.187 (s) DataTime = 0.073 (s) Losses = ['3.4603', '3.4603'] lr = 0.0005000
2025-10-29 08:50:46,016 - TopNet - INFO - [Epoch 76/150][Batch 101/2622] BatchTime = 0.304 (s) DataTime = 0.001 (s) Losses = ['2.3266', '2.3266'] lr = 0.0005000
2025-10-29 08:51:15,042 - TopNet - INFO - [Epoch 76/150][Batch 201/2622] BatchTime = 0.218 (s) DataTime = 0.001 (s) Losses = ['2.1828', '2.1828'] lr = 0.0005000
2025-10-29 08:51:39,058 - TopNet - INFO - [Epoch 76/150][Batch 301/2622] BatchTime = 0.109 (s) DataTime = 0.001 (s) Losses = ['4.2626', '4.2626'] lr = 0.0005000
2025-10-29 08:52:07,441 - TopNet - INFO - [Epoch 76/150][Batch 401/2622] BatchTime = 0.403 (s) DataTime = 0.001 (s) Losses = ['3.6986', '3.6986'] lr = 0.0005000
2025-10-29 08:52:34,614 - TopNet - INFO - [Epoch 76/150][Batch 501/2622] BatchTime = 0.113 (s) DataTime = 0.001 (s) Losses = ['3.6583', '3.6583'] lr = 0.0005000
2025-10-29 08:53:03,960 - TopNet - INFO - [Epoch 76/150][Batch 601/2622] BatchTime = 0.113 (s) DataTime = 0.001 (s) Losses = ['3.0545', '3.0545'] lr = 0.0005000
2025-10-29 08:53:32,222 - TopNet - INFO - [Epoch 76/150][Batch 701/2622] BatchTime = 0.241 (s) DataTime = 0.001 (s) Losses = ['3.2054', '3.2054'] lr = 0.0005000
2025-10-29 08:54:00,628 - TopNet - INFO - [Epoch 76/150][Batch 801/2622] BatchTime = 0.117 (s) DataTime = 0.001 (s) Losses = ['3.5326', '3.5326'] lr = 0.0005000
2025-10-29 08:54:27,372 - TopNet - INFO - [Epoch 76/150][Batch 901/2622] BatchTime = 0.131 (s) DataTime = 0.001 (s) Losses = ['2.9443', '2.9443'] lr = 0.0005000
2025-10-29 08:54:54,008 - TopNet - INFO - [Epoch 76/150][Batch 1001/2622] BatchTime = 0.112 (s) DataTime = 0.001 (s) Losses = ['3.2413', '3.2413'] lr = 0.0005000
2025-10-29 08:55:21,317 - TopNet - INFO - [Epoch 76/150][Batch 1101/2622] BatchTime = 0.232 (s) DataTime = 0.001 (s) Losses = ['3.4602', '3.4602'] lr = 0.0005000
2025-10-29 08:55:48,883 - TopNet - INFO - [Epoch 76/150][Batch 1201/2622] BatchTime = 0.313 (s) DataTime = 0.001 (s) Losses = ['2.6625', '2.6625'] lr = 0.0005000
2025-10-29 08:56:14,675 - TopNet - INFO - [Epoch 76/150][Batch 1301/2622] BatchTime = 0.266 (s) DataTime = 0.001 (s) Losses = ['3.1534', '3.1534'] lr = 0.0005000
2025-10-29 08:56:41,992 - TopNet - INFO - [Epoch 76/150][Batch 1401/2622] BatchTime = 0.350 (s) DataTime = 0.001 (s) Losses = ['3.7127', '3.7127'] lr = 0.0005000
2025-10-29 08:57:10,631 - TopNet - INFO - [Epoch 76/150][Batch 1501/2622] BatchTime = 0.313 (s) DataTime = 0.001 (s) Losses = ['1.8921', '1.8921'] lr = 0.0005000
2025-10-29 08:57:39,503 - TopNet - INFO - [Epoch 76/150][Batch 1601/2622] BatchTime = 0.245 (s) DataTime = 0.001 (s) Losses = ['4.3077', '4.3077'] lr = 0.0005000
2025-10-29 08:58:05,870 - TopNet - INFO - [Epoch 76/150][Batch 1701/2622] BatchTime = 0.378 (s) DataTime = 0.001 (s) Losses = ['3.1758', '3.1758'] lr = 0.0005000
2025-10-29 08:58:33,737 - TopNet - INFO - [Epoch 76/150][Batch 1801/2622] BatchTime = 0.208 (s) DataTime = 0.001 (s) Losses = ['2.1956', '2.1956'] lr = 0.0005000
2025-10-29 08:59:00,566 - TopNet - INFO - [Epoch 76/150][Batch 1901/2622] BatchTime = 0.252 (s) DataTime = 0.001 (s) Losses = ['3.9879', '3.9879'] lr = 0.0005000
2025-10-29 08:59:26,234 - TopNet - INFO - [Epoch 76/150][Batch 2001/2622] BatchTime = 0.245 (s) DataTime = 0.001 (s) Losses = ['3.8000', '3.8000'] lr = 0.0005000
2025-10-29 08:59:54,201 - TopNet - INFO - [Epoch 76/150][Batch 2101/2622] BatchTime = 0.333 (s) DataTime = 0.001 (s) Losses = ['2.3961', '2.3961'] lr = 0.0005000
2025-10-29 09:00:20,153 - TopNet - INFO - [Epoch 76/150][Batch 2201/2622] BatchTime = 0.104 (s) DataTime = 0.001 (s) Losses = ['3.2001', '3.2001'] lr = 0.0005000
2025-10-29 09:00:46,237 - TopNet - INFO - [Epoch 76/150][Batch 2301/2622] BatchTime = 0.132 (s) DataTime = 0.001 (s) Losses = ['2.7553', '2.7553'] lr = 0.0005000
2025-10-29 09:01:15,394 - TopNet - INFO - [Epoch 76/150][Batch 2401/2622] BatchTime = 0.108 (s) DataTime = 0.001 (s) Losses = ['5.5576', '5.5576'] lr = 0.0005000
2025-10-29 09:01:43,777 - TopNet - INFO - [Epoch 76/150][Batch 2501/2622] BatchTime = 0.290 (s) DataTime = 0.001 (s) Losses = ['3.2526', '3.2526'] lr = 0.0005000
2025-10-29 09:02:10,434 - TopNet - INFO - [Epoch 76/150][Batch 2601/2622] BatchTime = 0.122 (s) DataTime = 0.001 (s) Losses = ['3.3508', '3.3508'] lr = 0.0005000
2025-10-29 09:02:16,135 - TopNet - INFO - [Training] EPOCH: 76 EpochTime = 717.524 (s) Losses = ['3.3857', '3.3857']
2025-10-29 09:02:16,230 - TopNet - INFO - Save checkpoint at ./experiments/TopNet/ShapeNet55_models/TopNet_fog/ckpt-last.pth
2025-10-29 09:02:16,726 - TopNet - INFO - [Epoch 77/150][Batch 1/2622] BatchTime = 0.496 (s) DataTime = 0.073 (s) Losses = ['5.0259', '5.0259'] lr = 0.0005000
2025-10-29 09:02:46,501 - TopNet - INFO - [Epoch 77/150][Batch 101/2622] BatchTime = 0.380 (s) DataTime = 0.001 (s) Losses = ['2.8314', '2.8314'] lr = 0.0005000
2025-10-29 09:03:14,483 - TopNet - INFO - [Epoch 77/150][Batch 201/2622] BatchTime = 0.312 (s) DataTime = 0.001 (s) Losses = ['3.5295', '3.5295'] lr = 0.0005000
2025-10-29 09:03:42,170 - TopNet - INFO - [Epoch 77/150][Batch 301/2622] BatchTime = 0.302 (s) DataTime = 0.001 (s) Losses = ['3.0515', '3.0515'] lr = 0.0005000
2025-10-29 09:04:09,078 - TopNet - INFO - [Epoch 77/150][Batch 401/2622] BatchTime = 0.164 (s) DataTime = 0.001 (s) Losses = ['3.0739', '3.0739'] lr = 0.0005000
2025-10-29 09:04:37,120 - TopNet - INFO - [Epoch 77/150][Batch 501/2622] BatchTime = 0.312 (s) DataTime = 0.001 (s) Losses = ['3.4364', '3.4364'] lr = 0.0005000
2025-10-29 09:05:03,575 - TopNet - INFO - [Epoch 77/150][Batch 601/2622] BatchTime = 0.569 (s) DataTime = 0.001 (s) Losses = ['2.6825', '2.6825'] lr = 0.0005000
2025-10-29 09:05:32,115 - TopNet - INFO - [Epoch 77/150][Batch 701/2622] BatchTime = 0.553 (s) DataTime = 0.001 (s) Losses = ['3.6276', '3.6276'] lr = 0.0005000
2025-10-29 09:05:58,966 - TopNet - INFO - [Epoch 77/150][Batch 801/2622] BatchTime = 0.443 (s) DataTime = 0.001 (s) Losses = ['2.5627', '2.5627'] lr = 0.0005000
2025-10-29 09:06:27,764 - TopNet - INFO - [Epoch 77/150][Batch 901/2622] BatchTime = 0.112 (s) DataTime = 0.001 (s) Losses = ['3.7100', '3.7100'] lr = 0.0005000
2025-10-29 09:06:55,257 - TopNet - INFO - [Epoch 77/150][Batch 1001/2622] BatchTime = 0.111 (s) DataTime = 0.001 (s) Losses = ['3.2316', '3.2316'] lr = 0.0005000
2025-10-29 09:07:21,116 - TopNet - INFO - [Epoch 77/150][Batch 1101/2622] BatchTime = 0.425 (s) DataTime = 0.001 (s) Losses = ['3.2572', '3.2572'] lr = 0.0005000
2025-10-29 09:07:50,330 - TopNet - INFO - [Epoch 77/150][Batch 1201/2622] BatchTime = 0.440 (s) DataTime = 0.001 (s) Losses = ['3.8797', '3.8797'] lr = 0.0005000
2025-10-29 09:08:18,479 - TopNet - INFO - [Epoch 77/150][Batch 1301/2622] BatchTime = 0.227 (s) DataTime = 0.001 (s) Losses = ['5.0101', '5.0101'] lr = 0.0005000
2025-10-29 09:08:44,739 - TopNet - INFO - [Epoch 77/150][Batch 1401/2622] BatchTime = 0.511 (s) DataTime = 0.001 (s) Losses = ['2.9848', '2.9848'] lr = 0.0005000
2025-10-29 09:09:11,999 - TopNet - INFO - [Epoch 77/150][Batch 1501/2622] BatchTime = 0.261 (s) DataTime = 0.001 (s) Losses = ['2.3445', '2.3445'] lr = 0.0005000
2025-10-29 09:09:39,250 - TopNet - INFO - [Epoch 77/150][Batch 1601/2622] BatchTime = 0.186 (s) DataTime = 0.001 (s) Losses = ['3.3125', '3.3125'] lr = 0.0005000
2025-10-29 09:10:07,145 - TopNet - INFO - [Epoch 77/150][Batch 1701/2622] BatchTime = 0.380 (s) DataTime = 0.001 (s) Losses = ['2.8498', '2.8498'] lr = 0.0005000
2025-10-29 09:10:33,102 - TopNet - INFO - [Epoch 77/150][Batch 1801/2622] BatchTime = 0.203 (s) DataTime = 0.001 (s) Losses = ['4.5618', '4.5618'] lr = 0.0005000
2025-10-29 09:11:00,357 - TopNet - INFO - [Epoch 77/150][Batch 1901/2622] BatchTime = 0.110 (s) DataTime = 0.001 (s) Losses = ['2.6631', '2.6631'] lr = 0.0005000
2025-10-29 09:11:28,290 - TopNet - INFO - [Epoch 77/150][Batch 2001/2622] BatchTime = 0.184 (s) DataTime = 0.001 (s) Losses = ['4.2379', '4.2379'] lr = 0.0005000
2025-10-29 09:11:55,619 - TopNet - INFO - [Epoch 77/150][Batch 2101/2622] BatchTime = 0.492 (s) DataTime = 0.001 (s) Losses = ['3.9139', '3.9139'] lr = 0.0005000
2025-10-29 09:12:22,961 - TopNet - INFO - [Epoch 77/150][Batch 2201/2622] BatchTime = 0.262 (s) DataTime = 0.001 (s) Losses = ['5.3838', '5.3838'] lr = 0.0005000
2025-10-29 09:12:50,021 - TopNet - INFO - [Epoch 77/150][Batch 2301/2622] BatchTime = 0.276 (s) DataTime = 0.001 (s) Losses = ['2.7898', '2.7898'] lr = 0.0005000
2025-10-29 09:13:19,724 - TopNet - INFO - [Epoch 77/150][Batch 2401/2622] BatchTime = 0.373 (s) DataTime = 0.001 (s) Losses = ['4.4089', '4.4089'] lr = 0.0005000
2025-10-29 09:13:45,147 - TopNet - INFO - [Epoch 77/150][Batch 2501/2622] BatchTime = 0.258 (s) DataTime = 0.001 (s) Losses = ['2.8391', '2.8391'] lr = 0.0005000
2025-10-29 09:14:11,419 - TopNet - INFO - [Epoch 77/150][Batch 2601/2622] BatchTime = 0.389 (s) DataTime = 0.001 (s) Losses = ['3.0222', '3.0222'] lr = 0.0005000
2025-10-29 09:14:16,155 - TopNet - INFO - [Training] EPOCH: 77 EpochTime = 719.925 (s) Losses = ['3.3772', '3.3772']
2025-10-29 09:14:16,252 - TopNet - INFO - Save checkpoint at ./experiments/TopNet/ShapeNet55_models/TopNet_fog/ckpt-last.pth
2025-10-29 09:14:16,445 - TopNet - INFO - [Epoch 78/150][Batch 1/2622] BatchTime = 0.193 (s) DataTime = 0.071 (s) Losses = ['4.2193', '4.2193'] lr = 0.0005000
2025-10-29 09:14:42,606 - TopNet - INFO - [Epoch 78/150][Batch 101/2622] BatchTime = 0.142 (s) DataTime = 0.001 (s) Losses = ['2.9933', '2.9933'] lr = 0.0005000
2025-10-29 09:15:08,310 - TopNet - INFO - [Epoch 78/150][Batch 201/2622] BatchTime = 0.339 (s) DataTime = 0.001 (s) Losses = ['3.7331', '3.7331'] lr = 0.0005000
2025-10-29 09:15:35,959 - TopNet - INFO - [Epoch 78/150][Batch 301/2622] BatchTime = 0.304 (s) DataTime = 0.001 (s) Losses = ['2.9187', '2.9187'] lr = 0.0005000
2025-10-29 09:16:04,615 - TopNet - INFO - [Epoch 78/150][Batch 401/2622] BatchTime = 0.111 (s) DataTime = 0.001 (s) Losses = ['4.1162', '4.1162'] lr = 0.0005000
2025-10-29 09:16:32,288 - TopNet - INFO - [Epoch 78/150][Batch 501/2622] BatchTime = 0.339 (s) DataTime = 0.001 (s) Losses = ['3.0406', '3.0406'] lr = 0.0005000
2025-10-29 09:16:57,940 - TopNet - INFO - [Epoch 78/150][Batch 601/2622] BatchTime = 0.272 (s) DataTime = 0.001 (s) Losses = ['2.8080', '2.8080'] lr = 0.0005000
2025-10-29 09:17:23,364 - TopNet - INFO - [Epoch 78/150][Batch 701/2622] BatchTime = 0.372 (s) DataTime = 0.001 (s) Losses = ['2.6148', '2.6148'] lr = 0.0005000
2025-10-29 09:17:49,233 - TopNet - INFO - [Epoch 78/150][Batch 801/2622] BatchTime = 0.510 (s) DataTime = 0.001 (s) Losses = ['4.1757', '4.1757'] lr = 0.0005000
2025-10-29 09:18:18,488 - TopNet - INFO - [Epoch 78/150][Batch 901/2622] BatchTime = 0.350 (s) DataTime = 0.001 (s) Losses = ['3.1968', '3.1968'] lr = 0.0005000
2025-10-29 09:18:46,201 - TopNet - INFO - [Epoch 78/150][Batch 1001/2622] BatchTime = 0.282 (s) DataTime = 0.001 (s) Losses = ['3.7083', '3.7083'] lr = 0.0005000
2025-10-29 09:19:12,947 - TopNet - INFO - [Epoch 78/150][Batch 1101/2622] BatchTime = 0.291 (s) DataTime = 0.001 (s) Losses = ['3.5155', '3.5155'] lr = 0.0005000
2025-10-29 09:19:41,287 - TopNet - INFO - [Epoch 78/150][Batch 1201/2622] BatchTime = 0.241 (s) DataTime = 0.001 (s) Losses = ['2.5257', '2.5257'] lr = 0.0005000
2025-10-29 09:20:09,967 - TopNet - INFO - [Epoch 78/150][Batch 1301/2622] BatchTime = 0.109 (s) DataTime = 0.001 (s) Losses = ['4.0012', '4.0012'] lr = 0.0005000
2025-10-29 09:20:34,894 - TopNet - INFO - [Epoch 78/150][Batch 1401/2622] BatchTime = 0.212 (s) DataTime = 0.001 (s) Losses = ['3.2018', '3.2018'] lr = 0.0005000
2025-10-29 09:21:04,253 - TopNet - INFO - [Epoch 78/150][Batch 1501/2622] BatchTime = 0.331 (s) DataTime = 0.001 (s) Losses = ['3.0520', '3.0520'] lr = 0.0005000
2025-10-29 09:21:31,100 - TopNet - INFO - [Epoch 78/150][Batch 1601/2622] BatchTime = 0.195 (s) DataTime = 0.001 (s) Losses = ['2.2682', '2.2682'] lr = 0.0005000
2025-10-29 09:21:57,301 - TopNet - INFO - [Epoch 78/150][Batch 1701/2622] BatchTime = 0.464 (s) DataTime = 0.001 (s) Losses = ['3.0919', '3.0919'] lr = 0.0005000
2025-10-29 09:22:24,202 - TopNet - INFO - [Epoch 78/150][Batch 1801/2622] BatchTime = 0.179 (s) DataTime = 0.001 (s) Losses = ['3.9526', '3.9526'] lr = 0.0005000
2025-10-29 09:22:51,182 - TopNet - INFO - [Epoch 78/150][Batch 1901/2622] BatchTime = 0.214 (s) DataTime = 0.001 (s) Losses = ['4.0867', '4.0867'] lr = 0.0005000
2025-10-29 09:23:17,990 - TopNet - INFO - [Epoch 78/150][Batch 2001/2622] BatchTime = 0.296 (s) DataTime = 0.001 (s) Losses = ['3.6470', '3.6470'] lr = 0.0005000
2025-10-29 09:23:44,682 - TopNet - INFO - [Epoch 78/150][Batch 2101/2622] BatchTime = 0.129 (s) DataTime = 0.001 (s) Losses = ['3.2586', '3.2586'] lr = 0.0005000
2025-10-29 09:24:11,695 - TopNet - INFO - [Epoch 78/150][Batch 2201/2622] BatchTime = 0.319 (s) DataTime = 0.001 (s) Losses = ['2.6077', '2.6077'] lr = 0.0005000
2025-10-29 09:24:37,179 - TopNet - INFO - [Epoch 78/150][Batch 2301/2622] BatchTime = 0.299 (s) DataTime = 0.001 (s) Losses = ['3.1371', '3.1371'] lr = 0.0005000
2025-10-29 09:25:05,808 - TopNet - INFO - [Epoch 78/150][Batch 2401/2622] BatchTime = 0.109 (s) DataTime = 0.001 (s) Losses = ['3.0184', '3.0184'] lr = 0.0005000
2025-10-29 09:25:33,665 - TopNet - INFO - [Epoch 78/150][Batch 2501/2622] BatchTime = 0.125 (s) DataTime = 0.001 (s) Losses = ['3.8098', '3.8098'] lr = 0.0005000
2025-10-29 09:25:59,787 - TopNet - INFO - [Epoch 78/150][Batch 2601/2622] BatchTime = 0.307 (s) DataTime = 0.001 (s) Losses = ['6.0201', '6.0201'] lr = 0.0005000
2025-10-29 09:26:04,498 - TopNet - INFO - [Training] EPOCH: 78 EpochTime = 708.246 (s) Losses = ['3.3746', '3.3746']
2025-10-29 09:26:04,595 - TopNet - INFO - Save checkpoint at ./experiments/TopNet/ShapeNet55_models/TopNet_fog/ckpt-last.pth
2025-10-29 09:26:04,899 - TopNet - INFO - [Epoch 79/150][Batch 1/2622] BatchTime = 0.304 (s) DataTime = 0.071 (s) Losses = ['3.6967', '3.6967'] lr = 0.0005000
2025-10-29 09:26:32,127 - TopNet - INFO - [Epoch 79/150][Batch 101/2622] BatchTime = 0.428 (s) DataTime = 0.001 (s) Losses = ['2.0790', '2.0790'] lr = 0.0005000
2025-10-29 09:26:59,053 - TopNet - INFO - [Epoch 79/150][Batch 201/2622] BatchTime = 0.252 (s) DataTime = 0.001 (s) Losses = ['2.6947', '2.6947'] lr = 0.0005000
2025-10-29 09:27:26,691 - TopNet - INFO - [Epoch 79/150][Batch 301/2622] BatchTime = 0.194 (s) DataTime = 0.001 (s) Losses = ['2.7895', '2.7895'] lr = 0.0005000
2025-10-29 09:27:54,420 - TopNet - INFO - [Epoch 79/150][Batch 401/2622] BatchTime = 0.112 (s) DataTime = 0.001 (s) Losses = ['3.1392', '3.1392'] lr = 0.0005000
2025-10-29 09:28:21,148 - TopNet - INFO - [Epoch 79/150][Batch 501/2622] BatchTime = 0.111 (s) DataTime = 0.001 (s) Losses = ['2.9419', '2.9419'] lr = 0.0005000
2025-10-29 09:28:50,907 - TopNet - INFO - [Epoch 79/150][Batch 601/2622] BatchTime = 0.226 (s) DataTime = 0.001 (s) Losses = ['3.0890', '3.0890'] lr = 0.0005000
2025-10-29 09:29:19,064 - TopNet - INFO - [Epoch 79/150][Batch 701/2622] BatchTime = 0.120 (s) DataTime = 0.001 (s) Losses = ['3.2799', '3.2799'] lr = 0.0005000
2025-10-29 09:29:47,438 - TopNet - INFO - [Epoch 79/150][Batch 801/2622] BatchTime = 0.333 (s) DataTime = 0.001 (s) Losses = ['3.2221', '3.2221'] lr = 0.0005000
2025-10-29 09:30:16,598 - TopNet - INFO - [Epoch 79/150][Batch 901/2622] BatchTime = 0.272 (s) DataTime = 0.001 (s) Losses = ['3.2304', '3.2304'] lr = 0.0005000
2025-10-29 09:30:45,116 - TopNet - INFO - [Epoch 79/150][Batch 1001/2622] BatchTime = 0.117 (s) DataTime = 0.001 (s) Losses = ['2.8561', '2.8561'] lr = 0.0005000
2025-10-29 09:31:11,487 - TopNet - INFO - [Epoch 79/150][Batch 1101/2622] BatchTime = 0.104 (s) DataTime = 0.001 (s) Losses = ['3.8574', '3.8574'] lr = 0.0005000
2025-10-29 09:31:39,478 - TopNet - INFO - [Epoch 79/150][Batch 1201/2622] BatchTime = 0.351 (s) DataTime = 0.001 (s) Losses = ['2.4161', '2.4161'] lr = 0.0005000
2025-10-29 09:32:06,098 - TopNet - INFO - [Epoch 79/150][Batch 1301/2622] BatchTime = 0.191 (s) DataTime = 0.001 (s) Losses = ['3.0309', '3.0309'] lr = 0.0005000
2025-10-29 09:32:31,761 - TopNet - INFO - [Epoch 79/150][Batch 1401/2622] BatchTime = 0.413 (s) DataTime = 0.001 (s) Losses = ['3.2387', '3.2387'] lr = 0.0005000
2025-10-29 09:33:00,740 - TopNet - INFO - [Epoch 79/150][Batch 1501/2622] BatchTime = 0.365 (s) DataTime = 0.001 (s) Losses = ['3.2110', '3.2110'] lr = 0.0005000
2025-10-29 09:33:30,067 - TopNet - INFO - [Epoch 79/150][Batch 1601/2622] BatchTime = 0.400 (s) DataTime = 0.001 (s) Losses = ['3.6553', '3.6553'] lr = 0.0005000
2025-10-29 09:33:56,534 - TopNet - INFO - [Epoch 79/150][Batch 1701/2622] BatchTime = 0.217 (s) DataTime = 0.001 (s) Losses = ['2.6466', '2.6466'] lr = 0.0005000
2025-10-29 09:34:24,461 - TopNet - INFO - [Epoch 79/150][Batch 1801/2622] BatchTime = 0.215 (s) DataTime = 0.001 (s) Losses = ['3.6242', '3.6242'] lr = 0.0005000
2025-10-29 09:34:49,319 - TopNet - INFO - [Epoch 79/150][Batch 1901/2622] BatchTime = 0.264 (s) DataTime = 0.001 (s) Losses = ['2.4759', '2.4759'] lr = 0.0005000
2025-10-29 09:35:15,583 - TopNet - INFO - [Epoch 79/150][Batch 2001/2622] BatchTime = 0.444 (s) DataTime = 0.001 (s) Losses = ['2.8363', '2.8363'] lr = 0.0005000
2025-10-29 09:35:45,177 - TopNet - INFO - [Epoch 79/150][Batch 2101/2622] BatchTime = 0.135 (s) DataTime = 0.001 (s) Losses = ['2.8351', '2.8351'] lr = 0.0005000
2025-10-29 09:36:12,800 - TopNet - INFO - [Epoch 79/150][Batch 2201/2622] BatchTime = 0.526 (s) DataTime = 0.001 (s) Losses = ['3.9144', '3.9144'] lr = 0.0005000
2025-10-29 09:36:40,066 - TopNet - INFO - [Epoch 79/150][Batch 2301/2622] BatchTime = 0.392 (s) DataTime = 0.001 (s) Losses = ['3.4677', '3.4677'] lr = 0.0005000
2025-10-29 09:37:07,385 - TopNet - INFO - [Epoch 79/150][Batch 2401/2622] BatchTime = 0.240 (s) DataTime = 0.001 (s) Losses = ['2.8143', '2.8143'] lr = 0.0005000
2025-10-29 09:37:34,752 - TopNet - INFO - [Epoch 79/150][Batch 2501/2622] BatchTime = 0.104 (s) DataTime = 0.001 (s) Losses = ['3.4319', '3.4319'] lr = 0.0005000
2025-10-29 09:38:03,916 - TopNet - INFO - [Epoch 79/150][Batch 2601/2622] BatchTime = 0.545 (s) DataTime = 0.001 (s) Losses = ['3.6879', '3.6879'] lr = 0.0005000
2025-10-29 09:38:08,067 - TopNet - INFO - [Training] EPOCH: 79 EpochTime = 723.471 (s) Losses = ['3.3459', '3.3459']
2025-10-29 09:38:08,165 - TopNet - INFO - Save checkpoint at ./experiments/TopNet/ShapeNet55_models/TopNet_fog/ckpt-last.pth
2025-10-29 09:38:08,482 - TopNet - INFO - [Epoch 80/150][Batch 1/2622] BatchTime = 0.316 (s) DataTime = 0.070 (s) Losses = ['2.5475', '2.5475'] lr = 0.0005000
2025-10-29 09:38:32,957 - TopNet - INFO - [Epoch 80/150][Batch 101/2622] BatchTime = 0.315 (s) DataTime = 0.001 (s) Losses = ['3.6429', '3.6429'] lr = 0.0005000
2025-10-29 09:39:00,506 - TopNet - INFO - [Epoch 80/150][Batch 201/2622] BatchTime = 0.250 (s) DataTime = 0.001 (s) Losses = ['2.7783', '2.7783'] lr = 0.0005000
2025-10-29 09:39:26,870 - TopNet - INFO - [Epoch 80/150][Batch 301/2622] BatchTime = 0.522 (s) DataTime = 0.001 (s) Losses = ['2.5034', '2.5034'] lr = 0.0005000
2025-10-29 09:39:54,965 - TopNet - INFO - [Epoch 80/150][Batch 401/2622] BatchTime = 0.117 (s) DataTime = 0.001 (s) Losses = ['4.1548', '4.1548'] lr = 0.0005000
2025-10-29 09:40:21,754 - TopNet - INFO - [Epoch 80/150][Batch 501/2622] BatchTime = 0.156 (s) DataTime = 0.001 (s) Losses = ['2.5783', '2.5783'] lr = 0.0005000
2025-10-29 09:40:48,835 - TopNet - INFO - [Epoch 80/150][Batch 601/2622] BatchTime = 0.326 (s) DataTime = 0.001 (s) Losses = ['2.9372', '2.9372'] lr = 0.0005000
2025-10-29 09:41:15,285 - TopNet - INFO - [Epoch 80/150][Batch 701/2622] BatchTime = 0.313 (s) DataTime = 0.001 (s) Losses = ['5.2356', '5.2356'] lr = 0.0005000
2025-10-29 09:41:40,316 - TopNet - INFO - [Epoch 80/150][Batch 801/2622] BatchTime = 0.118 (s) DataTime = 0.001 (s) Losses = ['3.3527', '3.3527'] lr = 0.0005000
2025-10-29 09:42:05,733 - TopNet - INFO - [Epoch 80/150][Batch 901/2622] BatchTime = 0.358 (s) DataTime = 0.001 (s) Losses = ['4.0605', '4.0605'] lr = 0.0005000
2025-10-29 09:42:35,732 - TopNet - INFO - [Epoch 80/150][Batch 1001/2622] BatchTime = 0.612 (s) DataTime = 0.001 (s) Losses = ['2.5672', '2.5672'] lr = 0.0005000
2025-10-29 09:43:04,330 - TopNet - INFO - [Epoch 80/150][Batch 1101/2622] BatchTime = 0.417 (s) DataTime = 0.001 (s) Losses = ['2.0738', '2.0738'] lr = 0.0005000
2025-10-29 09:43:32,060 - TopNet - INFO - [Epoch 80/150][Batch 1201/2622] BatchTime = 0.241 (s) DataTime = 0.001 (s) Losses = ['3.7405', '3.7405'] lr = 0.0005000
2025-10-29 09:43:59,001 - TopNet - INFO - [Epoch 80/150][Batch 1301/2622] BatchTime = 0.307 (s) DataTime = 0.001 (s) Losses = ['2.5847', '2.5847'] lr = 0.0005000
2025-10-29 09:44:26,182 - TopNet - INFO - [Epoch 80/150][Batch 1401/2622] BatchTime = 0.299 (s) DataTime = 0.001 (s) Losses = ['3.0397', '3.0397'] lr = 0.0005000
2025-10-29 09:44:56,599 - TopNet - INFO - [Epoch 80/150][Batch 1501/2622] BatchTime = 0.251 (s) DataTime = 0.001 (s) Losses = ['2.9105', '2.9105'] lr = 0.0005000
2025-10-29 09:45:23,464 - TopNet - INFO - [Epoch 80/150][Batch 1601/2622] BatchTime = 0.184 (s) DataTime = 0.001 (s) Losses = ['3.3523', '3.3523'] lr = 0.0005000
2025-10-29 09:45:51,549 - TopNet - INFO - [Epoch 80/150][Batch 1701/2622] BatchTime = 0.308 (s) DataTime = 0.001 (s) Losses = ['3.7955', '3.7955'] lr = 0.0005000
2025-10-29 09:46:20,885 - TopNet - INFO - [Epoch 80/150][Batch 1801/2622] BatchTime = 0.314 (s) DataTime = 0.001 (s) Losses = ['4.6189', '4.6189'] lr = 0.0005000
2025-10-29 09:46:45,976 - TopNet - INFO - [Epoch 80/150][Batch 1901/2622] BatchTime = 0.314 (s) DataTime = 0.001 (s) Losses = ['7.0233', '7.0233'] lr = 0.0005000
2025-10-29 09:47:15,656 - TopNet - INFO - [Epoch 80/150][Batch 2001/2622] BatchTime = 0.213 (s) DataTime = 0.001 (s) Losses = ['3.8128', '3.8128'] lr = 0.0005000
2025-10-29 09:47:43,804 - TopNet - INFO - [Epoch 80/150][Batch 2101/2622] BatchTime = 0.153 (s) DataTime = 0.001 (s) Losses = ['3.0745', '3.0745'] lr = 0.0005000
2025-10-29 09:48:10,678 - TopNet - INFO - [Epoch 80/150][Batch 2201/2622] BatchTime = 0.374 (s) DataTime = 0.001 (s) Losses = ['4.8176', '4.8176'] lr = 0.0005000
2025-10-29 09:48:39,200 - TopNet - INFO - [Epoch 80/150][Batch 2301/2622] BatchTime = 0.408 (s) DataTime = 0.001 (s) Losses = ['3.6165', '3.6165'] lr = 0.0005000
2025-10-29 09:49:08,268 - TopNet - INFO - [Epoch 80/150][Batch 2401/2622] BatchTime = 0.295 (s) DataTime = 0.001 (s) Losses = ['3.0991', '3.0991'] lr = 0.0005000
2025-10-29 09:49:35,946 - TopNet - INFO - [Epoch 80/150][Batch 2501/2622] BatchTime = 0.362 (s) DataTime = 0.001 (s) Losses = ['4.5132', '4.5132'] lr = 0.0005000
2025-10-29 09:50:02,786 - TopNet - INFO - [Epoch 80/150][Batch 2601/2622] BatchTime = 0.303 (s) DataTime = 0.001 (s) Losses = ['4.2337', '4.2337'] lr = 0.0005000
2025-10-29 09:50:08,509 - TopNet - INFO - [Training] EPOCH: 80 EpochTime = 720.344 (s) Losses = ['3.3386', '3.3386']
2025-10-29 09:50:08,509 - TopNet - INFO - [VALIDATION] Start validating epoch 80
2025-10-29 09:50:49,099 - TopNet - INFO - Test[1051/10518] Taxonomy = 02691156 Sample = c7749c0a8b61f43bc9b9e28055202e3d Losses = ['27.9994', '2.4940', '27.9994', '2.4940'] Metrics = ['0.0960', '27.9994', '2.4940', '0.0000']
2025-10-29 09:51:26,800 - TopNet - INFO - Test[2102/10518] Taxonomy = 03211117 Sample = ab2f9418c111cc6ddb965514105122a4 Losses = ['21.7099', '1.3884', '21.7099', '1.3884'] Metrics = ['0.1283', '21.7099', '1.3884', '0.0000']
2025-10-29 09:52:05,131 - TopNet - INFO - Test[3153/10518] Taxonomy = 02876657 Sample = c5032e4be091aabb36fe7a88df793982 Losses = ['40.0616', '4.9444', '40.0616', '4.9444'] Metrics = ['0.0217', '40.0616', '4.9444', '0.0000']
2025-10-29 09:52:44,082 - TopNet - INFO - Test[4204/10518] Taxonomy = 03211117 Sample = 722df1da5778d45b1e43523279c7f09f Losses = ['28.3920', '2.6654', '28.3920', '2.6654'] Metrics = ['0.0583', '28.3920', '2.6654', '0.0000']
2025-10-29 09:53:22,326 - TopNet - INFO - Test[5255/10518] Taxonomy = 02828884 Sample = 14b63361a48a9fffe4a048c146e8bd43 Losses = ['37.0277', '4.1532', '37.0277', '4.1532'] Metrics = ['0.0277', '37.0277', '4.1532', '0.0000']
2025-10-29 09:53:59,507 - TopNet - INFO - Test[6306/10518] Taxonomy = 03211117 Sample = d330d50a0255529d19ed6e1a590c9122 Losses = ['23.5816', '1.7841', '23.5816', '1.7841'] Metrics = ['0.1229', '23.5816', '1.7841', '0.0000']
2025-10-29 09:54:36,546 - TopNet - INFO - Test[7357/10518] Taxonomy = 04379243 Sample = b1ca280d9567270ade98d10ab5975b59 Losses = ['28.7425', '2.6954', '28.7425', '2.6954'] Metrics = ['0.0475', '28.7425', '2.6954', '0.0000']
2025-10-29 09:55:14,991 - TopNet - INFO - Test[8408/10518] Taxonomy = 03001627 Sample = 89208a619341d9fdb8c516ed5c4ce32 Losses = ['30.1611', '2.4296', '30.1611', '2.4296'] Metrics = ['0.0325', '30.1611', '2.4296', '0.0000']
2025-10-29 09:55:52,192 - TopNet - INFO - Test[9459/10518] Taxonomy = 03001627 Sample = d0255120e3351121c3bd24f986301745 Losses = ['35.2521', '3.4047', '35.2521', '3.4047'] Metrics = ['0.0261', '35.2521', '3.4047', '0.0000']
2025-10-29 09:56:29,053 - TopNet - INFO - Test[10510/10518] Taxonomy = 03636649 Sample = ea9ec4d9db2e06202471e6dd5ac3ef92 Losses = ['20.8940', '1.4988', '20.8940', '1.4988'] Metrics = ['0.1732', '20.8940', '1.4988', '0.0000']
2025-10-29 09:56:29,517 - TopNet - INFO - [Validation] EPOCH: 80  Metrics = ['0.0674', '34.4028', '3.9264', '0.0000']
2025-10-29 09:56:29,517 - TopNet - INFO - ============================ TEST RESULTS ============================
2025-10-29 09:56:29,517 - TopNet - INFO - Taxonomy	#Sample	F-Score	CDL1	CDL2	EMDistance	#ModelName	
2025-10-29 09:56:29,517 - TopNet - INFO - 03759954	14	0.086 	38.905 	6.447 	0.000 	microphone	
2025-10-29 09:56:29,517 - TopNet - INFO - 04330267	44	0.029 	39.491 	4.588 	0.000 	stove	
2025-10-29 09:56:29,517 - TopNet - INFO - 03261776	15	0.038 	43.430 	7.993 	0.000 	earphone	
2025-10-29 09:56:29,517 - TopNet - INFO - 03513137	33	0.013 	52.409 	8.717 	0.000 	helmet	
2025-10-29 09:56:29,517 - TopNet - INFO - 04460130	27	0.073 	34.317 	3.882 	0.000 	tower	
2025-10-29 09:56:29,517 - TopNet - INFO - 04468005	78	0.087 	25.755 	1.994 	0.000 	train	
2025-10-29 09:56:29,517 - TopNet - INFO - 03761084	31	0.018 	41.292 	4.776 	0.000 	microwaves	
2025-10-29 09:56:29,517 - TopNet - INFO - 04004475	34	0.027 	41.278 	5.344 	0.000 	printer	
2025-10-29 09:56:29,517 - TopNet - INFO - 03938244	20	0.024 	45.465 	6.058 	0.000 	pillow	
2025-10-29 09:56:29,517 - TopNet - INFO - 02992529	167	0.075 	25.243 	1.701 	0.000 	cellphone	
2025-10-29 09:56:29,517 - TopNet - INFO - 02808440	172	0.034 	37.340 	4.321 	0.000 	bathtub	
2025-10-29 09:56:29,517 - TopNet - INFO - 04530566	388	0.105 	26.043 	2.151 	0.000 	watercraft	
2025-10-29 09:56:29,517 - TopNet - INFO - 02871439	91	0.042 	34.725 	3.736 	0.000 	bookshelf	
2025-10-29 09:56:29,517 - TopNet - INFO - 03593526	120	0.028 	43.661 	6.017 	0.000 	jar	
2025-10-29 09:56:29,517 - TopNet - INFO - 04554684	34	0.021 	39.940 	4.522 	0.000 	washer	
2025-10-29 09:56:29,517 - TopNet - INFO - 03467517	160	0.306 	16.216 	0.844 	0.000 	guitar	
2025-10-29 09:56:29,517 - TopNet - INFO - 04401088	218	0.078 	24.735 	1.726 	0.000 	telephone	
2025-10-29 09:56:29,517 - TopNet - INFO - 02954340	12	0.021 	46.851 	7.766 	0.000 	cap	
2025-10-29 09:56:29,517 - TopNet - INFO - 02933112	315	0.031 	34.540 	3.329 	0.000 	cabinet	
2025-10-29 09:56:29,517 - TopNet - INFO - 03642806	92	0.074 	25.324 	1.810 	0.000 	laptop	
2025-10-29 09:56:29,517 - TopNet - INFO - 02924116	188	0.070 	26.610 	2.051 	0.000 	bus	
2025-10-29 09:56:29,517 - TopNet - INFO - 02946921	22	0.015 	46.025 	5.801 	0.000 	can	
2025-10-29 09:56:29,517 - TopNet - INFO - 02818832	47	0.033 	38.916 	4.867 	0.000 	bed	
2025-10-29 09:56:29,517 - TopNet - INFO - 04256520	635	0.032 	35.095 	3.384 	0.000 	sofa	
2025-10-29 09:56:29,517 - TopNet - INFO - 04379243	1687	0.082 	29.840 	3.188 	0.000 	table	
2025-10-29 09:56:29,517 - TopNet - INFO - 02747177	69	0.019 	40.108 	4.583 	0.000 	trash bin	
2025-10-29 09:56:29,517 - TopNet - INFO - 03046257	131	0.043 	36.592 	3.949 	0.000 	clock	
2025-10-29 09:56:29,517 - TopNet - INFO - 04225987	31	0.128 	23.832 	1.911 	0.000 	skateboard	
2025-10-29 09:56:29,518 - TopNet - INFO - 03797390	43	0.020 	40.286 	4.944 	0.000 	mug	
2025-10-29 09:56:29,518 - TopNet - INFO - 03001627	1356	0.051 	33.364 	3.492 	0.000 	chair	
2025-10-29 09:56:29,518 - TopNet - INFO - 03691459	320	0.026 	40.921 	4.927 	0.000 	loudspeaker	
2025-10-29 09:56:29,518 - TopNet - INFO - 02942699	23	0.018 	47.564 	6.896 	0.000 	camera	
2025-10-29 09:56:29,518 - TopNet - INFO - 03636649	464	0.077 	37.474 	5.450 	0.000 	lamp	
2025-10-29 09:56:29,518 - TopNet - INFO - 02691156	809	0.164 	22.370 	1.779 	0.000 	airplane	
2025-10-29 09:56:29,518 - TopNet - INFO - 02773838	17	0.033 	38.486 	4.611 	0.000 	bag	
2025-10-29 09:56:29,518 - TopNet - INFO - 02958343	703	0.052 	28.530 	2.303 	0.000 	car	
2025-10-29 09:56:29,518 - TopNet - INFO - 02880940	38	0.023 	39.009 	4.606 	0.000 	bowl	
2025-10-29 09:56:29,518 - TopNet - INFO - 04099429	17	0.161 	23.679 	1.819 	0.000 	rocket	
2025-10-29 09:56:29,518 - TopNet - INFO - 02828884	363	0.097 	27.621 	2.560 	0.000 	bench	
2025-10-29 09:56:29,518 - TopNet - INFO - 04090263	475	0.309 	17.172 	1.125 	0.000 	rifle	
2025-10-29 09:56:29,518 - TopNet - INFO - 03211117	219	0.054 	32.466 	3.204 	0.000 	display	
2025-10-29 09:56:29,518 - TopNet - INFO - 02876657	100	0.054 	31.792 	3.040 	0.000 	bottle	
2025-10-29 09:56:29,518 - TopNet - INFO - 03710193	19	0.054 	35.381 	3.820 	0.000 	mailbox	
2025-10-29 09:56:29,518 - TopNet - INFO - 03790512	68	0.058 	31.377 	2.973 	0.000 	motorbike	
2025-10-29 09:56:29,518 - TopNet - INFO - 03325088	149	0.049 	39.748 	5.495 	0.000 	faucet	
2025-10-29 09:56:29,518 - TopNet - INFO - 02801938	23	0.021 	41.044 	4.878 	0.000 	basket	
2025-10-29 09:56:29,518 - TopNet - INFO - 03337140	60	0.032 	34.706 	3.474 	0.000 	file cabinet	
2025-10-29 09:56:29,518 - TopNet - INFO - 02843684	15	0.021 	43.859 	5.857 	0.000 	birdhouse	
2025-10-29 09:56:29,518 - TopNet - INFO - 03624134	85	0.289 	16.468 	0.918 	0.000 	knife	
2025-10-29 09:56:29,518 - TopNet - INFO - 03991062	121	0.027 	42.555 	5.581 	0.000 	flowerpot	
2025-10-29 09:56:29,518 - TopNet - INFO - 03948459	62	0.131 	22.882 	1.659 	0.000 	pistol	
2025-10-29 09:56:29,518 - TopNet - INFO - 03928116	48	0.026 	42.131 	5.404 	0.000 	piano	
2025-10-29 09:56:29,518 - TopNet - INFO - 03207941	19	0.024 	35.978 	3.796 	0.000 	dishwasher	
2025-10-29 09:56:29,518 - TopNet - INFO - 04074963	14	0.044 	30.818 	2.536 	0.000 	remote	
2025-10-29 09:56:29,518 - TopNet - INFO - 03085013	13	0.162 	20.496 	1.350 	0.000 	keyboard	
2025-10-29 09:56:29,518 - TopNet - INFO - Overall		0.067 	34.403 	3.926 	0.000 	
2025-10-29 09:56:29,618 - TopNet - INFO - Save checkpoint at ./experiments/TopNet/ShapeNet55_models/TopNet_fog/ckpt-last.pth
2025-10-29 09:56:30,000 - TopNet - INFO - [Epoch 81/150][Batch 1/2622] BatchTime = 0.381 (s) DataTime = 0.075 (s) Losses = ['3.3889', '3.3889'] lr = 0.0005000
2025-10-29 09:56:55,309 - TopNet - INFO - [Epoch 81/150][Batch 101/2622] BatchTime = 0.114 (s) DataTime = 0.001 (s) Losses = ['4.4863', '4.4863'] lr = 0.0005000
2025-10-29 09:57:23,727 - TopNet - INFO - [Epoch 81/150][Batch 201/2622] BatchTime = 0.494 (s) DataTime = 0.001 (s) Losses = ['3.0437', '3.0437'] lr = 0.0005000
2025-10-29 09:57:51,180 - TopNet - INFO - [Epoch 81/150][Batch 301/2622] BatchTime = 0.298 (s) DataTime = 0.001 (s) Losses = ['3.0743', '3.0743'] lr = 0.0005000
2025-10-29 09:58:16,773 - TopNet - INFO - [Epoch 81/150][Batch 401/2622] BatchTime = 0.114 (s) DataTime = 0.001 (s) Losses = ['3.1846', '3.1846'] lr = 0.0005000
2025-10-29 09:58:44,854 - TopNet - INFO - [Epoch 81/150][Batch 501/2622] BatchTime = 0.209 (s) DataTime = 0.001 (s) Losses = ['2.0892', '2.0892'] lr = 0.0005000
2025-10-29 09:59:11,863 - TopNet - INFO - [Epoch 81/150][Batch 601/2622] BatchTime = 0.346 (s) DataTime = 0.001 (s) Losses = ['3.6514', '3.6514'] lr = 0.0005000
2025-10-29 09:59:42,047 - TopNet - INFO - [Epoch 81/150][Batch 701/2622] BatchTime = 0.148 (s) DataTime = 0.001 (s) Losses = ['2.6254', '2.6254'] lr = 0.0005000
2025-10-29 10:00:09,404 - TopNet - INFO - [Epoch 81/150][Batch 801/2622] BatchTime = 0.114 (s) DataTime = 0.001 (s) Losses = ['3.1259', '3.1259'] lr = 0.0005000
2025-10-29 10:00:36,536 - TopNet - INFO - [Epoch 81/150][Batch 901/2622] BatchTime = 0.369 (s) DataTime = 0.001 (s) Losses = ['2.7963', '2.7963'] lr = 0.0005000
2025-10-29 10:01:04,468 - TopNet - INFO - [Epoch 81/150][Batch 1001/2622] BatchTime = 0.295 (s) DataTime = 0.001 (s) Losses = ['3.0158', '3.0158'] lr = 0.0005000
2025-10-29 10:01:30,695 - TopNet - INFO - [Epoch 81/150][Batch 1101/2622] BatchTime = 0.240 (s) DataTime = 0.001 (s) Losses = ['3.0863', '3.0863'] lr = 0.0005000
2025-10-29 10:01:57,798 - TopNet - INFO - [Epoch 81/150][Batch 1201/2622] BatchTime = 0.498 (s) DataTime = 0.001 (s) Losses = ['2.8898', '2.8898'] lr = 0.0005000
2025-10-29 10:02:24,792 - TopNet - INFO - [Epoch 81/150][Batch 1301/2622] BatchTime = 0.254 (s) DataTime = 0.001 (s) Losses = ['2.9480', '2.9480'] lr = 0.0005000
2025-10-29 10:02:53,152 - TopNet - INFO - [Epoch 81/150][Batch 1401/2622] BatchTime = 0.120 (s) DataTime = 0.001 (s) Losses = ['2.6492', '2.6492'] lr = 0.0005000
2025-10-29 10:03:20,526 - TopNet - INFO - [Epoch 81/150][Batch 1501/2622] BatchTime = 0.215 (s) DataTime = 0.001 (s) Losses = ['2.9565', '2.9565'] lr = 0.0005000
2025-10-29 10:03:48,111 - TopNet - INFO - [Epoch 81/150][Batch 1601/2622] BatchTime = 0.236 (s) DataTime = 0.001 (s) Losses = ['3.3002', '3.3002'] lr = 0.0005000
2025-10-29 10:04:15,277 - TopNet - INFO - [Epoch 81/150][Batch 1701/2622] BatchTime = 0.112 (s) DataTime = 0.001 (s) Losses = ['4.2628', '4.2628'] lr = 0.0005000
2025-10-29 10:04:42,486 - TopNet - INFO - [Epoch 81/150][Batch 1801/2622] BatchTime = 0.334 (s) DataTime = 0.001 (s) Losses = ['3.7899', '3.7899'] lr = 0.0005000
2025-10-29 10:05:10,198 - TopNet - INFO - [Epoch 81/150][Batch 1901/2622] BatchTime = 0.745 (s) DataTime = 0.001 (s) Losses = ['3.9221', '3.9221'] lr = 0.0005000
2025-10-29 10:05:37,731 - TopNet - INFO - [Epoch 81/150][Batch 2001/2622] BatchTime = 0.287 (s) DataTime = 0.001 (s) Losses = ['3.2995', '3.2995'] lr = 0.0005000
2025-10-29 10:06:03,905 - TopNet - INFO - [Epoch 81/150][Batch 2101/2622] BatchTime = 0.635 (s) DataTime = 0.001 (s) Losses = ['3.7235', '3.7235'] lr = 0.0005000
2025-10-29 10:06:30,055 - TopNet - INFO - [Epoch 81/150][Batch 2201/2622] BatchTime = 0.228 (s) DataTime = 0.001 (s) Losses = ['3.7371', '3.7371'] lr = 0.0005000
2025-10-29 10:06:58,143 - TopNet - INFO - [Epoch 81/150][Batch 2301/2622] BatchTime = 0.226 (s) DataTime = 0.001 (s) Losses = ['3.5445', '3.5445'] lr = 0.0005000
2025-10-29 10:07:25,232 - TopNet - INFO - [Epoch 81/150][Batch 2401/2622] BatchTime = 0.391 (s) DataTime = 0.001 (s) Losses = ['2.5696', '2.5696'] lr = 0.0005000
2025-10-29 10:07:53,389 - TopNet - INFO - [Epoch 81/150][Batch 2501/2622] BatchTime = 0.223 (s) DataTime = 0.001 (s) Losses = ['2.4666', '2.4666'] lr = 0.0005000
2025-10-29 10:08:22,102 - TopNet - INFO - [Epoch 81/150][Batch 2601/2622] BatchTime = 0.113 (s) DataTime = 0.001 (s) Losses = ['4.2412', '4.2412'] lr = 0.0005000
2025-10-29 10:08:27,779 - TopNet - INFO - [Training] EPOCH: 81 EpochTime = 718.160 (s) Losses = ['3.3581', '3.3581']
2025-10-29 10:08:27,883 - TopNet - INFO - Save checkpoint at ./experiments/TopNet/ShapeNet55_models/TopNet_fog/ckpt-last.pth
2025-10-29 10:08:28,084 - TopNet - INFO - [Epoch 82/150][Batch 1/2622] BatchTime = 0.200 (s) DataTime = 0.075 (s) Losses = ['3.9122', '3.9122'] lr = 0.0005000
2025-10-29 10:08:55,763 - TopNet - INFO - [Epoch 82/150][Batch 101/2622] BatchTime = 0.400 (s) DataTime = 0.001 (s) Losses = ['3.0439', '3.0439'] lr = 0.0005000
2025-10-29 10:09:21,284 - TopNet - INFO - [Epoch 82/150][Batch 201/2622] BatchTime = 0.497 (s) DataTime = 0.001 (s) Losses = ['3.2237', '3.2237'] lr = 0.0005000
2025-10-29 10:09:48,121 - TopNet - INFO - [Epoch 82/150][Batch 301/2622] BatchTime = 0.330 (s) DataTime = 0.001 (s) Losses = ['3.4001', '3.4001'] lr = 0.0005000
2025-10-29 10:10:14,237 - TopNet - INFO - [Epoch 82/150][Batch 401/2622] BatchTime = 0.406 (s) DataTime = 0.001 (s) Losses = ['3.8042', '3.8042'] lr = 0.0005000
2025-10-29 10:10:40,940 - TopNet - INFO - [Epoch 82/150][Batch 501/2622] BatchTime = 0.286 (s) DataTime = 0.001 (s) Losses = ['3.2633', '3.2633'] lr = 0.0005000
2025-10-29 10:11:09,093 - TopNet - INFO - [Epoch 82/150][Batch 601/2622] BatchTime = 0.467 (s) DataTime = 0.001 (s) Losses = ['3.2749', '3.2749'] lr = 0.0005000
2025-10-29 10:11:37,106 - TopNet - INFO - [Epoch 82/150][Batch 701/2622] BatchTime = 0.133 (s) DataTime = 0.001 (s) Losses = ['2.6390', '2.6390'] lr = 0.0005000
2025-10-29 10:12:05,674 - TopNet - INFO - [Epoch 82/150][Batch 801/2622] BatchTime = 0.118 (s) DataTime = 0.001 (s) Losses = ['2.4660', '2.4660'] lr = 0.0005000
2025-10-29 10:12:32,493 - TopNet - INFO - [Epoch 82/150][Batch 901/2622] BatchTime = 0.188 (s) DataTime = 0.001 (s) Losses = ['2.5579', '2.5579'] lr = 0.0005000
2025-10-29 10:12:59,367 - TopNet - INFO - [Epoch 82/150][Batch 1001/2622] BatchTime = 0.286 (s) DataTime = 0.001 (s) Losses = ['3.7008', '3.7008'] lr = 0.0005000
2025-10-29 10:13:27,556 - TopNet - INFO - [Epoch 82/150][Batch 1101/2622] BatchTime = 0.312 (s) DataTime = 0.001 (s) Losses = ['4.1915', '4.1915'] lr = 0.0005000
2025-10-29 10:13:56,494 - TopNet - INFO - [Epoch 82/150][Batch 1201/2622] BatchTime = 0.512 (s) DataTime = 0.001 (s) Losses = ['3.1397', '3.1397'] lr = 0.0005000
2025-10-29 10:14:21,752 - TopNet - INFO - [Epoch 82/150][Batch 1301/2622] BatchTime = 0.252 (s) DataTime = 0.001 (s) Losses = ['2.1923', '2.1923'] lr = 0.0005000
2025-10-29 10:14:49,603 - TopNet - INFO - [Epoch 82/150][Batch 1401/2622] BatchTime = 0.218 (s) DataTime = 0.001 (s) Losses = ['3.6633', '3.6633'] lr = 0.0005000
2025-10-29 10:15:16,416 - TopNet - INFO - [Epoch 82/150][Batch 1501/2622] BatchTime = 0.109 (s) DataTime = 0.001 (s) Losses = ['3.3502', '3.3502'] lr = 0.0005000
2025-10-29 10:15:43,738 - TopNet - INFO - [Epoch 82/150][Batch 1601/2622] BatchTime = 0.330 (s) DataTime = 0.001 (s) Losses = ['2.7717', '2.7717'] lr = 0.0005000
2025-10-29 10:16:07,863 - TopNet - INFO - [Epoch 82/150][Batch 1701/2622] BatchTime = 0.280 (s) DataTime = 0.001 (s) Losses = ['2.8963', '2.8963'] lr = 0.0005000
2025-10-29 10:16:35,740 - TopNet - INFO - [Epoch 82/150][Batch 1801/2622] BatchTime = 0.366 (s) DataTime = 0.001 (s) Losses = ['3.6201', '3.6201'] lr = 0.0005000
2025-10-29 10:17:03,408 - TopNet - INFO - [Epoch 82/150][Batch 1901/2622] BatchTime = 0.336 (s) DataTime = 0.001 (s) Losses = ['2.8862', '2.8862'] lr = 0.0005000
2025-10-29 10:17:31,175 - TopNet - INFO - [Epoch 82/150][Batch 2001/2622] BatchTime = 0.312 (s) DataTime = 0.001 (s) Losses = ['2.6811', '2.6811'] lr = 0.0005000
2025-10-29 10:17:58,083 - TopNet - INFO - [Epoch 82/150][Batch 2101/2622] BatchTime = 0.234 (s) DataTime = 0.001 (s) Losses = ['4.2100', '4.2100'] lr = 0.0005000
2025-10-29 10:18:25,309 - TopNet - INFO - [Epoch 82/150][Batch 2201/2622] BatchTime = 0.130 (s) DataTime = 0.001 (s) Losses = ['3.2599', '3.2599'] lr = 0.0005000
2025-10-29 10:18:54,120 - TopNet - INFO - [Epoch 82/150][Batch 2301/2622] BatchTime = 0.116 (s) DataTime = 0.001 (s) Losses = ['3.9127', '3.9127'] lr = 0.0005000
2025-10-29 10:19:21,676 - TopNet - INFO - [Epoch 82/150][Batch 2401/2622] BatchTime = 0.196 (s) DataTime = 0.001 (s) Losses = ['2.7579', '2.7579'] lr = 0.0005000
2025-10-29 10:19:49,784 - TopNet - INFO - [Epoch 82/150][Batch 2501/2622] BatchTime = 0.271 (s) DataTime = 0.001 (s) Losses = ['3.3137', '3.3137'] lr = 0.0005000
2025-10-29 10:20:18,545 - TopNet - INFO - [Epoch 82/150][Batch 2601/2622] BatchTime = 0.230 (s) DataTime = 0.001 (s) Losses = ['3.8971', '3.8971'] lr = 0.0005000
2025-10-29 10:20:23,871 - TopNet - INFO - [Training] EPOCH: 82 EpochTime = 715.988 (s) Losses = ['3.3178', '3.3178']
2025-10-29 10:20:23,964 - TopNet - INFO - Save checkpoint at ./experiments/TopNet/ShapeNet55_models/TopNet_fog/ckpt-last.pth
2025-10-29 10:20:24,261 - TopNet - INFO - [Epoch 83/150][Batch 1/2622] BatchTime = 0.297 (s) DataTime = 0.070 (s) Losses = ['5.5343', '5.5343'] lr = 0.0005000
2025-10-29 10:20:52,076 - TopNet - INFO - [Epoch 83/150][Batch 101/2622] BatchTime = 0.357 (s) DataTime = 0.001 (s) Losses = ['3.6234', '3.6234'] lr = 0.0005000
2025-10-29 10:21:18,581 - TopNet - INFO - [Epoch 83/150][Batch 201/2622] BatchTime = 0.110 (s) DataTime = 0.001 (s) Losses = ['2.5617', '2.5617'] lr = 0.0005000
2025-10-29 10:21:45,095 - TopNet - INFO - [Epoch 83/150][Batch 301/2622] BatchTime = 0.203 (s) DataTime = 0.001 (s) Losses = ['3.8147', '3.8147'] lr = 0.0005000
2025-10-29 10:22:12,437 - TopNet - INFO - [Epoch 83/150][Batch 401/2622] BatchTime = 0.691 (s) DataTime = 0.001 (s) Losses = ['2.9551', '2.9551'] lr = 0.0005000
2025-10-29 10:22:39,740 - TopNet - INFO - [Epoch 83/150][Batch 501/2622] BatchTime = 0.112 (s) DataTime = 0.001 (s) Losses = ['3.2836', '3.2836'] lr = 0.0005000
2025-10-29 10:23:08,180 - TopNet - INFO - [Epoch 83/150][Batch 601/2622] BatchTime = 0.309 (s) DataTime = 0.001 (s) Losses = ['4.1015', '4.1015'] lr = 0.0005000
2025-10-29 10:23:35,489 - TopNet - INFO - [Epoch 83/150][Batch 701/2622] BatchTime = 0.129 (s) DataTime = 0.001 (s) Losses = ['3.2694', '3.2694'] lr = 0.0005000
2025-10-29 10:24:02,624 - TopNet - INFO - [Epoch 83/150][Batch 801/2622] BatchTime = 0.366 (s) DataTime = 0.001 (s) Losses = ['3.5375', '3.5375'] lr = 0.0005000
2025-10-29 10:24:30,288 - TopNet - INFO - [Epoch 83/150][Batch 901/2622] BatchTime = 0.300 (s) DataTime = 0.001 (s) Losses = ['2.4287', '2.4287'] lr = 0.0005000
2025-10-29 10:24:59,052 - TopNet - INFO - [Epoch 83/150][Batch 1001/2622] BatchTime = 0.197 (s) DataTime = 0.001 (s) Losses = ['3.7775', '3.7775'] lr = 0.0005000
2025-10-29 10:25:27,261 - TopNet - INFO - [Epoch 83/150][Batch 1101/2622] BatchTime = 0.113 (s) DataTime = 0.001 (s) Losses = ['3.1670', '3.1670'] lr = 0.0005000
2025-10-29 10:25:54,926 - TopNet - INFO - [Epoch 83/150][Batch 1201/2622] BatchTime = 0.311 (s) DataTime = 0.001 (s) Losses = ['3.1422', '3.1422'] lr = 0.0005000
2025-10-29 10:26:19,949 - TopNet - INFO - [Epoch 83/150][Batch 1301/2622] BatchTime = 0.335 (s) DataTime = 0.001 (s) Losses = ['2.8158', '2.8158'] lr = 0.0005000
2025-10-29 10:26:48,314 - TopNet - INFO - [Epoch 83/150][Batch 1401/2622] BatchTime = 0.247 (s) DataTime = 0.001 (s) Losses = ['3.8574', '3.8574'] lr = 0.0005000
2025-10-29 10:27:17,449 - TopNet - INFO - [Epoch 83/150][Batch 1501/2622] BatchTime = 0.123 (s) DataTime = 0.001 (s) Losses = ['3.7677', '3.7677'] lr = 0.0005000
2025-10-29 10:27:44,970 - TopNet - INFO - [Epoch 83/150][Batch 1601/2622] BatchTime = 0.326 (s) DataTime = 0.001 (s) Losses = ['3.9146', '3.9146'] lr = 0.0005000
2025-10-29 10:28:12,244 - TopNet - INFO - [Epoch 83/150][Batch 1701/2622] BatchTime = 0.219 (s) DataTime = 0.001 (s) Losses = ['4.0450', '4.0450'] lr = 0.0005000
2025-10-29 10:28:38,999 - TopNet - INFO - [Epoch 83/150][Batch 1801/2622] BatchTime = 0.204 (s) DataTime = 0.001 (s) Losses = ['3.0526', '3.0526'] lr = 0.0005000
2025-10-29 10:29:07,581 - TopNet - INFO - [Epoch 83/150][Batch 1901/2622] BatchTime = 0.137 (s) DataTime = 0.001 (s) Losses = ['3.3788', '3.3788'] lr = 0.0005000
2025-10-29 10:29:35,501 - TopNet - INFO - [Epoch 83/150][Batch 2001/2622] BatchTime = 0.106 (s) DataTime = 0.001 (s) Losses = ['2.7506', '2.7506'] lr = 0.0005000
2025-10-29 10:30:03,837 - TopNet - INFO - [Epoch 83/150][Batch 2101/2622] BatchTime = 0.442 (s) DataTime = 0.001 (s) Losses = ['2.9201', '2.9201'] lr = 0.0005000
2025-10-29 10:30:32,228 - TopNet - INFO - [Epoch 83/150][Batch 2201/2622] BatchTime = 0.434 (s) DataTime = 0.001 (s) Losses = ['3.0642', '3.0642'] lr = 0.0005000
2025-10-29 10:30:59,113 - TopNet - INFO - [Epoch 83/150][Batch 2301/2622] BatchTime = 0.314 (s) DataTime = 0.001 (s) Losses = ['5.7782', '5.7782'] lr = 0.0005000
2025-10-29 10:31:28,658 - TopNet - INFO - [Epoch 83/150][Batch 2401/2622] BatchTime = 0.115 (s) DataTime = 0.001 (s) Losses = ['2.9614', '2.9614'] lr = 0.0005000
2025-10-29 10:31:55,433 - TopNet - INFO - [Epoch 83/150][Batch 2501/2622] BatchTime = 0.259 (s) DataTime = 0.001 (s) Losses = ['3.4353', '3.4353'] lr = 0.0005000
2025-10-29 10:32:22,076 - TopNet - INFO - [Epoch 83/150][Batch 2601/2622] BatchTime = 0.119 (s) DataTime = 0.001 (s) Losses = ['3.2157', '3.2157'] lr = 0.0005000
2025-10-29 10:32:27,020 - TopNet - INFO - [Training] EPOCH: 83 EpochTime = 723.056 (s) Losses = ['3.3423', '3.3423']
2025-10-29 10:32:27,117 - TopNet - INFO - Save checkpoint at ./experiments/TopNet/ShapeNet55_models/TopNet_fog/ckpt-last.pth
2025-10-29 10:32:27,412 - TopNet - INFO - [Epoch 84/150][Batch 1/2622] BatchTime = 0.295 (s) DataTime = 0.072 (s) Losses = ['2.5553', '2.5553'] lr = 0.0005000
2025-10-29 10:32:54,427 - TopNet - INFO - [Epoch 84/150][Batch 101/2622] BatchTime = 0.305 (s) DataTime = 0.001 (s) Losses = ['4.8784', '4.8784'] lr = 0.0005000
2025-10-29 10:33:20,013 - TopNet - INFO - [Epoch 84/150][Batch 201/2622] BatchTime = 0.405 (s) DataTime = 0.001 (s) Losses = ['3.0563', '3.0563'] lr = 0.0005000
2025-10-29 10:33:47,588 - TopNet - INFO - [Epoch 84/150][Batch 301/2622] BatchTime = 0.124 (s) DataTime = 0.001 (s) Losses = ['2.3196', '2.3196'] lr = 0.0005000
2025-10-29 10:34:15,495 - TopNet - INFO - [Epoch 84/150][Batch 401/2622] BatchTime = 0.385 (s) DataTime = 0.001 (s) Losses = ['3.6972', '3.6972'] lr = 0.0005000
2025-10-29 10:34:43,929 - TopNet - INFO - [Epoch 84/150][Batch 501/2622] BatchTime = 0.357 (s) DataTime = 0.001 (s) Losses = ['3.3296', '3.3296'] lr = 0.0005000
2025-10-29 10:35:11,299 - TopNet - INFO - [Epoch 84/150][Batch 601/2622] BatchTime = 0.315 (s) DataTime = 0.001 (s) Losses = ['2.5462', '2.5462'] lr = 0.0005000
2025-10-29 10:35:37,548 - TopNet - INFO - [Epoch 84/150][Batch 701/2622] BatchTime = 0.108 (s) DataTime = 0.001 (s) Losses = ['2.7016', '2.7016'] lr = 0.0005000
2025-10-29 10:36:04,082 - TopNet - INFO - [Epoch 84/150][Batch 801/2622] BatchTime = 0.116 (s) DataTime = 0.001 (s) Losses = ['4.1286', '4.1286'] lr = 0.0005000
2025-10-29 10:36:31,547 - TopNet - INFO - [Epoch 84/150][Batch 901/2622] BatchTime = 0.280 (s) DataTime = 0.001 (s) Losses = ['3.4301', '3.4301'] lr = 0.0005000
2025-10-29 10:36:59,185 - TopNet - INFO - [Epoch 84/150][Batch 1001/2622] BatchTime = 0.152 (s) DataTime = 0.001 (s) Losses = ['3.5936', '3.5936'] lr = 0.0005000
2025-10-29 10:37:25,961 - TopNet - INFO - [Epoch 84/150][Batch 1101/2622] BatchTime = 0.164 (s) DataTime = 0.001 (s) Losses = ['4.4270', '4.4270'] lr = 0.0005000
2025-10-29 10:37:51,689 - TopNet - INFO - [Epoch 84/150][Batch 1201/2622] BatchTime = 0.156 (s) DataTime = 0.001 (s) Losses = ['2.4416', '2.4416'] lr = 0.0005000
2025-10-29 10:38:19,324 - TopNet - INFO - [Epoch 84/150][Batch 1301/2622] BatchTime = 0.196 (s) DataTime = 0.001 (s) Losses = ['5.3199', '5.3199'] lr = 0.0005000
2025-10-29 10:38:46,786 - TopNet - INFO - [Epoch 84/150][Batch 1401/2622] BatchTime = 0.257 (s) DataTime = 0.001 (s) Losses = ['4.2717', '4.2717'] lr = 0.0005000
2025-10-29 10:39:13,524 - TopNet - INFO - [Epoch 84/150][Batch 1501/2622] BatchTime = 0.304 (s) DataTime = 0.001 (s) Losses = ['4.1485', '4.1485'] lr = 0.0005000
2025-10-29 10:39:39,256 - TopNet - INFO - [Epoch 84/150][Batch 1601/2622] BatchTime = 0.339 (s) DataTime = 0.001 (s) Losses = ['3.5406', '3.5406'] lr = 0.0005000
2025-10-29 10:40:05,389 - TopNet - INFO - [Epoch 84/150][Batch 1701/2622] BatchTime = 0.262 (s) DataTime = 0.001 (s) Losses = ['3.6391', '3.6391'] lr = 0.0005000
2025-10-29 10:40:32,326 - TopNet - INFO - [Epoch 84/150][Batch 1801/2622] BatchTime = 0.208 (s) DataTime = 0.001 (s) Losses = ['2.7855', '2.7855'] lr = 0.0005000
2025-10-29 10:40:59,878 - TopNet - INFO - [Epoch 84/150][Batch 1901/2622] BatchTime = 0.401 (s) DataTime = 0.001 (s) Losses = ['2.8395', '2.8395'] lr = 0.0005000
2025-10-29 10:41:26,480 - TopNet - INFO - [Epoch 84/150][Batch 2001/2622] BatchTime = 0.312 (s) DataTime = 0.001 (s) Losses = ['3.3684', '3.3684'] lr = 0.0005000
2025-10-29 10:41:56,027 - TopNet - INFO - [Epoch 84/150][Batch 2101/2622] BatchTime = 0.225 (s) DataTime = 0.001 (s) Losses = ['3.4551', '3.4551'] lr = 0.0005000
2025-10-29 10:42:23,667 - TopNet - INFO - [Epoch 84/150][Batch 2201/2622] BatchTime = 0.199 (s) DataTime = 0.001 (s) Losses = ['3.3819', '3.3819'] lr = 0.0005000
2025-10-29 10:42:48,220 - TopNet - INFO - [Epoch 84/150][Batch 2301/2622] BatchTime = 0.325 (s) DataTime = 0.001 (s) Losses = ['2.6335', '2.6335'] lr = 0.0005000
2025-10-29 10:43:16,052 - TopNet - INFO - [Epoch 84/150][Batch 2401/2622] BatchTime = 0.342 (s) DataTime = 0.001 (s) Losses = ['3.0032', '3.0032'] lr = 0.0005000
2025-10-29 10:43:44,446 - TopNet - INFO - [Epoch 84/150][Batch 2501/2622] BatchTime = 0.203 (s) DataTime = 0.001 (s) Losses = ['2.5485', '2.5485'] lr = 0.0005000
2025-10-29 10:44:12,718 - TopNet - INFO - [Epoch 84/150][Batch 2601/2622] BatchTime = 0.259 (s) DataTime = 0.001 (s) Losses = ['2.8577', '2.8577'] lr = 0.0005000
2025-10-29 10:44:18,023 - TopNet - INFO - [Training] EPOCH: 84 EpochTime = 710.906 (s) Losses = ['3.3168', '3.3168']
2025-10-29 10:44:18,119 - TopNet - INFO - Save checkpoint at ./experiments/TopNet/ShapeNet55_models/TopNet_fog/ckpt-last.pth
2025-10-29 10:44:18,504 - TopNet - INFO - [Epoch 85/150][Batch 1/2622] BatchTime = 0.384 (s) DataTime = 0.071 (s) Losses = ['2.7759', '2.7759'] lr = 0.0005000
2025-10-29 10:44:46,535 - TopNet - INFO - [Epoch 85/150][Batch 101/2622] BatchTime = 0.127 (s) DataTime = 0.001 (s) Losses = ['3.0065', '3.0065'] lr = 0.0005000
2025-10-29 10:45:14,378 - TopNet - INFO - [Epoch 85/150][Batch 201/2622] BatchTime = 0.273 (s) DataTime = 0.001 (s) Losses = ['3.3276', '3.3276'] lr = 0.0005000
2025-10-29 10:45:40,005 - TopNet - INFO - [Epoch 85/150][Batch 301/2622] BatchTime = 0.236 (s) DataTime = 0.001 (s) Losses = ['3.1766', '3.1766'] lr = 0.0005000
2025-10-29 10:46:07,997 - TopNet - INFO - [Epoch 85/150][Batch 401/2622] BatchTime = 0.107 (s) DataTime = 0.001 (s) Losses = ['4.7491', '4.7491'] lr = 0.0005000
2025-10-29 10:46:36,898 - TopNet - INFO - [Epoch 85/150][Batch 501/2622] BatchTime = 0.275 (s) DataTime = 0.001 (s) Losses = ['2.2558', '2.2558'] lr = 0.0005000
2025-10-29 10:47:03,141 - TopNet - INFO - [Epoch 85/150][Batch 601/2622] BatchTime = 0.391 (s) DataTime = 0.001 (s) Losses = ['4.1237', '4.1237'] lr = 0.0005000
2025-10-29 10:47:29,791 - TopNet - INFO - [Epoch 85/150][Batch 701/2622] BatchTime = 0.196 (s) DataTime = 0.001 (s) Losses = ['2.9553', '2.9553'] lr = 0.0005000
2025-10-29 10:47:56,704 - TopNet - INFO - [Epoch 85/150][Batch 801/2622] BatchTime = 0.407 (s) DataTime = 0.001 (s) Losses = ['2.2678', '2.2678'] lr = 0.0005000
2025-10-29 10:48:22,647 - TopNet - INFO - [Epoch 85/150][Batch 901/2622] BatchTime = 0.344 (s) DataTime = 0.001 (s) Losses = ['3.1980', '3.1980'] lr = 0.0005000
2025-10-29 10:48:52,522 - TopNet - INFO - [Epoch 85/150][Batch 1001/2622] BatchTime = 0.428 (s) DataTime = 0.001 (s) Losses = ['3.1902', '3.1902'] lr = 0.0005000
2025-10-29 10:49:18,933 - TopNet - INFO - [Epoch 85/150][Batch 1101/2622] BatchTime = 0.119 (s) DataTime = 0.001 (s) Losses = ['3.0924', '3.0924'] lr = 0.0005000
2025-10-29 10:49:45,302 - TopNet - INFO - [Epoch 85/150][Batch 1201/2622] BatchTime = 0.333 (s) DataTime = 0.001 (s) Losses = ['3.1185', '3.1185'] lr = 0.0005000
2025-10-29 10:50:12,419 - TopNet - INFO - [Epoch 85/150][Batch 1301/2622] BatchTime = 0.108 (s) DataTime = 0.001 (s) Losses = ['3.5313', '3.5313'] lr = 0.0005000
2025-10-29 10:50:40,167 - TopNet - INFO - [Epoch 85/150][Batch 1401/2622] BatchTime = 0.334 (s) DataTime = 0.001 (s) Losses = ['2.7140', '2.7140'] lr = 0.0005000
2025-10-29 10:51:08,494 - TopNet - INFO - [Epoch 85/150][Batch 1501/2622] BatchTime = 0.194 (s) DataTime = 0.001 (s) Losses = ['3.0371', '3.0371'] lr = 0.0005000
2025-10-29 10:51:37,184 - TopNet - INFO - [Epoch 85/150][Batch 1601/2622] BatchTime = 0.416 (s) DataTime = 0.001 (s) Losses = ['3.0935', '3.0935'] lr = 0.0005000
2025-10-29 10:52:04,523 - TopNet - INFO - [Epoch 85/150][Batch 1701/2622] BatchTime = 0.322 (s) DataTime = 0.001 (s) Losses = ['2.8298', '2.8298'] lr = 0.0005000
2025-10-29 10:52:30,682 - TopNet - INFO - [Epoch 85/150][Batch 1801/2622] BatchTime = 0.385 (s) DataTime = 0.001 (s) Losses = ['3.0098', '3.0098'] lr = 0.0005000
2025-10-29 10:52:56,413 - TopNet - INFO - [Epoch 85/150][Batch 1901/2622] BatchTime = 0.115 (s) DataTime = 0.001 (s) Losses = ['3.8777', '3.8777'] lr = 0.0005000
2025-10-29 10:53:24,964 - TopNet - INFO - [Epoch 85/150][Batch 2001/2622] BatchTime = 0.379 (s) DataTime = 0.001 (s) Losses = ['4.7684', '4.7684'] lr = 0.0005000
2025-10-29 10:53:53,675 - TopNet - INFO - [Epoch 85/150][Batch 2101/2622] BatchTime = 0.117 (s) DataTime = 0.001 (s) Losses = ['3.3427', '3.3427'] lr = 0.0005000
2025-10-29 10:54:20,989 - TopNet - INFO - [Epoch 85/150][Batch 2201/2622] BatchTime = 0.427 (s) DataTime = 0.001 (s) Losses = ['2.6775', '2.6775'] lr = 0.0005000
2025-10-29 10:54:48,958 - TopNet - INFO - [Epoch 85/150][Batch 2301/2622] BatchTime = 0.189 (s) DataTime = 0.001 (s) Losses = ['3.4321', '3.4321'] lr = 0.0005000
2025-10-29 10:55:16,341 - TopNet - INFO - [Epoch 85/150][Batch 2401/2622] BatchTime = 0.109 (s) DataTime = 0.001 (s) Losses = ['4.9925', '4.9925'] lr = 0.0005000
2025-10-29 10:55:43,540 - TopNet - INFO - [Epoch 85/150][Batch 2501/2622] BatchTime = 0.587 (s) DataTime = 0.001 (s) Losses = ['3.5367', '3.5367'] lr = 0.0005000
2025-10-29 10:56:10,530 - TopNet - INFO - [Epoch 85/150][Batch 2601/2622] BatchTime = 0.235 (s) DataTime = 0.001 (s) Losses = ['2.7444', '2.7444'] lr = 0.0005000
2025-10-29 10:56:16,760 - TopNet - INFO - [Training] EPOCH: 85 EpochTime = 718.641 (s) Losses = ['3.3080', '3.3080']
2025-10-29 10:56:16,760 - TopNet - INFO - [VALIDATION] Start validating epoch 85
2025-10-29 10:56:57,871 - TopNet - INFO - Test[1051/10518] Taxonomy = 02691156 Sample = c7749c0a8b61f43bc9b9e28055202e3d Losses = ['26.7260', '2.1737', '26.7260', '2.1737'] Metrics = ['0.1048', '26.7260', '2.1737', '0.0000']
2025-10-29 10:57:37,128 - TopNet - INFO - Test[2102/10518] Taxonomy = 03211117 Sample = ab2f9418c111cc6ddb965514105122a4 Losses = ['27.2298', '1.9363', '27.2298', '1.9363'] Metrics = ['0.0450', '27.2298', '1.9363', '0.0000']
2025-10-29 10:58:16,065 - TopNet - INFO - Test[3153/10518] Taxonomy = 02876657 Sample = c5032e4be091aabb36fe7a88df793982 Losses = ['42.0975', '5.1971', '42.0975', '5.1971'] Metrics = ['0.0220', '42.0975', '5.1971', '0.0000']
2025-10-29 10:58:55,925 - TopNet - INFO - Test[4204/10518] Taxonomy = 03211117 Sample = 722df1da5778d45b1e43523279c7f09f Losses = ['32.8430', '2.9545', '32.8430', '2.9545'] Metrics = ['0.0232', '32.8430', '2.9545', '0.0000']
2025-10-29 10:59:35,748 - TopNet - INFO - Test[5255/10518] Taxonomy = 02828884 Sample = 14b63361a48a9fffe4a048c146e8bd43 Losses = ['35.5466', '3.2600', '35.5466', '3.2600'] Metrics = ['0.0298', '35.5466', '3.2600', '0.0000']
2025-10-29 11:00:13,618 - TopNet - INFO - Test[6306/10518] Taxonomy = 03211117 Sample = d330d50a0255529d19ed6e1a590c9122 Losses = ['24.2339', '1.5506', '24.2339', '1.5506'] Metrics = ['0.0698', '24.2339', '1.5506', '0.0000']
2025-10-29 11:00:51,602 - TopNet - INFO - Test[7357/10518] Taxonomy = 04379243 Sample = b1ca280d9567270ade98d10ab5975b59 Losses = ['29.5461', '2.9053', '29.5461', '2.9053'] Metrics = ['0.0526', '29.5461', '2.9053', '0.0000']
2025-10-29 11:01:31,426 - TopNet - INFO - Test[8408/10518] Taxonomy = 03001627 Sample = 89208a619341d9fdb8c516ed5c4ce32 Losses = ['31.4582', '2.7057', '31.4582', '2.7057'] Metrics = ['0.0359', '31.4582', '2.7057', '0.0000']
2025-10-29 11:02:10,259 - TopNet - INFO - Test[9459/10518] Taxonomy = 03001627 Sample = d0255120e3351121c3bd24f986301745 Losses = ['33.3358', '3.4801', '33.3358', '3.4801'] Metrics = ['0.0458', '33.3358', '3.4801', '0.0000']
2025-10-29 11:02:47,855 - TopNet - INFO - Test[10510/10518] Taxonomy = 03636649 Sample = ea9ec4d9db2e06202471e6dd5ac3ef92 Losses = ['19.7697', '1.5681', '19.7697', '1.5681'] Metrics = ['0.2173', '19.7697', '1.5681', '0.0000']
2025-10-29 11:02:48,212 - TopNet - INFO - [Validation] EPOCH: 85  Metrics = ['0.0671', '34.8291', '3.9843', '0.0000']
2025-10-29 11:02:48,213 - TopNet - INFO - ============================ TEST RESULTS ============================
2025-10-29 11:02:48,213 - TopNet - INFO - Taxonomy	#Sample	F-Score	CDL1	CDL2	EMDistance	#ModelName	
2025-10-29 11:02:48,213 - TopNet - INFO - 03759954	14	0.065 	37.273 	5.684 	0.000 	microphone	
2025-10-29 11:02:48,213 - TopNet - INFO - 04330267	44	0.031 	39.389 	4.606 	0.000 	stove	
2025-10-29 11:02:48,213 - TopNet - INFO - 03261776	15	0.035 	41.867 	6.999 	0.000 	earphone	
2025-10-29 11:02:48,213 - TopNet - INFO - 03513137	33	0.011 	56.757 	9.689 	0.000 	helmet	
2025-10-29 11:02:48,213 - TopNet - INFO - 04460130	27	0.071 	31.688 	3.198 	0.000 	tower	
2025-10-29 11:02:48,213 - TopNet - INFO - 04468005	78	0.082 	26.584 	2.071 	0.000 	train	
2025-10-29 11:02:48,213 - TopNet - INFO - 03761084	31	0.013 	44.354 	5.499 	0.000 	microwaves	
2025-10-29 11:02:48,213 - TopNet - INFO - 04004475	34	0.019 	43.762 	5.697 	0.000 	printer	
2025-10-29 11:02:48,213 - TopNet - INFO - 03938244	20	0.022 	45.104 	5.892 	0.000 	pillow	
2025-10-29 11:02:48,213 - TopNet - INFO - 02992529	167	0.077 	24.586 	1.657 	0.000 	cellphone	
2025-10-29 11:02:48,213 - TopNet - INFO - 02808440	172	0.031 	36.975 	4.165 	0.000 	bathtub	
2025-10-29 11:02:48,213 - TopNet - INFO - 04530566	388	0.104 	25.808 	2.112 	0.000 	watercraft	
2025-10-29 11:02:48,213 - TopNet - INFO - 02871439	91	0.036 	35.461 	3.786 	0.000 	bookshelf	
2025-10-29 11:02:48,213 - TopNet - INFO - 03593526	120	0.029 	43.160 	5.886 	0.000 	jar	
2025-10-29 11:02:48,213 - TopNet - INFO - 04554684	34	0.013 	46.015 	5.667 	0.000 	washer	
2025-10-29 11:02:48,213 - TopNet - INFO - 03467517	160	0.323 	15.348 	0.767 	0.000 	guitar	
2025-10-29 11:02:48,213 - TopNet - INFO - 04401088	218	0.074 	24.552 	1.657 	0.000 	telephone	
2025-10-29 11:02:48,213 - TopNet - INFO - 02954340	12	0.014 	50.653 	7.640 	0.000 	cap	
2025-10-29 11:02:48,213 - TopNet - INFO - 02933112	315	0.030 	34.358 	3.286 	0.000 	cabinet	
2025-10-29 11:02:48,213 - TopNet - INFO - 03642806	92	0.076 	25.301 	1.864 	0.000 	laptop	
2025-10-29 11:02:48,213 - TopNet - INFO - 02924116	188	0.062 	28.357 	2.303 	0.000 	bus	
2025-10-29 11:02:48,213 - TopNet - INFO - 02946921	22	0.016 	45.943 	6.393 	0.000 	can	
2025-10-29 11:02:48,213 - TopNet - INFO - 02818832	47	0.028 	41.297 	5.252 	0.000 	bed	
2025-10-29 11:02:48,213 - TopNet - INFO - 04256520	635	0.032 	34.629 	3.271 	0.000 	sofa	
2025-10-29 11:02:48,213 - TopNet - INFO - 04379243	1687	0.077 	30.677 	3.264 	0.000 	table	
2025-10-29 11:02:48,213 - TopNet - INFO - 02747177	69	0.016 	40.679 	4.669 	0.000 	trash bin	
2025-10-29 11:02:48,213 - TopNet - INFO - 03046257	131	0.038 	36.476 	4.014 	0.000 	clock	
2025-10-29 11:02:48,213 - TopNet - INFO - 04225987	31	0.121 	25.657 	2.255 	0.000 	skateboard	
2025-10-29 11:02:48,213 - TopNet - INFO - 03797390	43	0.019 	40.506 	4.862 	0.000 	mug	
2025-10-29 11:02:48,213 - TopNet - INFO - 03001627	1356	0.048 	33.611 	3.520 	0.000 	chair	
2025-10-29 11:02:48,213 - TopNet - INFO - 03691459	320	0.023 	41.185 	4.911 	0.000 	loudspeaker	
2025-10-29 11:02:48,213 - TopNet - INFO - 02942699	23	0.016 	50.465 	7.493 	0.000 	camera	
2025-10-29 11:02:48,213 - TopNet - INFO - 03636649	464	0.074 	36.050 	4.763 	0.000 	lamp	
2025-10-29 11:02:48,213 - TopNet - INFO - 02691156	809	0.164 	21.810 	1.629 	0.000 	airplane	
2025-10-29 11:02:48,214 - TopNet - INFO - 02773838	17	0.043 	39.646 	4.864 	0.000 	bag	
2025-10-29 11:02:48,214 - TopNet - INFO - 02958343	703	0.048 	29.668 	2.491 	0.000 	car	
2025-10-29 11:02:48,214 - TopNet - INFO - 02880940	38	0.020 	39.954 	4.577 	0.000 	bowl	
2025-10-29 11:02:48,214 - TopNet - INFO - 04099429	17	0.254 	21.549 	1.819 	0.000 	rocket	
2025-10-29 11:02:48,214 - TopNet - INFO - 02828884	363	0.100 	27.701 	2.656 	0.000 	bench	
2025-10-29 11:02:48,214 - TopNet - INFO - 04090263	475	0.290 	17.594 	1.142 	0.000 	rifle	
2025-10-29 11:02:48,214 - TopNet - INFO - 03211117	219	0.052 	31.776 	3.031 	0.000 	display	
2025-10-29 11:02:48,214 - TopNet - INFO - 02876657	100	0.054 	30.538 	2.784 	0.000 	bottle	
2025-10-29 11:02:48,214 - TopNet - INFO - 03710193	19	0.066 	34.159 	3.531 	0.000 	mailbox	
2025-10-29 11:02:48,214 - TopNet - INFO - 03790512	68	0.058 	30.937 	2.945 	0.000 	motorbike	
2025-10-29 11:02:48,214 - TopNet - INFO - 03325088	149	0.046 	38.477 	5.251 	0.000 	faucet	
2025-10-29 11:02:48,214 - TopNet - INFO - 02801938	23	0.022 	40.574 	4.769 	0.000 	basket	
2025-10-29 11:02:48,214 - TopNet - INFO - 03337140	60	0.029 	36.824 	3.998 	0.000 	file cabinet	
2025-10-29 11:02:48,214 - TopNet - INFO - 02843684	15	0.022 	43.754 	5.929 	0.000 	birdhouse	
2025-10-29 11:02:48,214 - TopNet - INFO - 03624134	85	0.285 	15.717 	0.831 	0.000 	knife	
2025-10-29 11:02:48,214 - TopNet - INFO - 03991062	121	0.024 	44.014 	6.084 	0.000 	flowerpot	
2025-10-29 11:02:48,214 - TopNet - INFO - 03948459	62	0.130 	22.967 	1.678 	0.000 	pistol	
2025-10-29 11:02:48,214 - TopNet - INFO - 03928116	48	0.026 	43.092 	5.620 	0.000 	piano	
2025-10-29 11:02:48,214 - TopNet - INFO - 03207941	19	0.016 	41.866 	5.158 	0.000 	dishwasher	
2025-10-29 11:02:48,214 - TopNet - INFO - 04074963	14	0.068 	27.128 	2.027 	0.000 	remote	
2025-10-29 11:02:48,214 - TopNet - INFO - 03085013	13	0.147 	21.327 	1.526 	0.000 	keyboard	
2025-10-29 11:02:48,214 - TopNet - INFO - Overall		0.067 	34.829 	3.984 	0.000 	
2025-10-29 11:02:48,311 - TopNet - INFO - Save checkpoint at ./experiments/TopNet/ShapeNet55_models/TopNet_fog/ckpt-last.pth
2025-10-29 11:02:48,586 - TopNet - INFO - [Epoch 86/150][Batch 1/2622] BatchTime = 0.274 (s) DataTime = 0.072 (s) Losses = ['3.8374', '3.8374'] lr = 0.0005000
2025-10-29 11:03:15,707 - TopNet - INFO - [Epoch 86/150][Batch 101/2622] BatchTime = 0.468 (s) DataTime = 0.001 (s) Losses = ['3.6368', '3.6368'] lr = 0.0005000
2025-10-29 11:03:42,575 - TopNet - INFO - [Epoch 86/150][Batch 201/2622] BatchTime = 0.232 (s) DataTime = 0.001 (s) Losses = ['3.1305', '3.1305'] lr = 0.0005000
2025-10-29 11:04:09,102 - TopNet - INFO - [Epoch 86/150][Batch 301/2622] BatchTime = 0.210 (s) DataTime = 0.001 (s) Losses = ['3.2092', '3.2092'] lr = 0.0005000
2025-10-29 11:04:36,761 - TopNet - INFO - [Epoch 86/150][Batch 401/2622] BatchTime = 0.217 (s) DataTime = 0.001 (s) Losses = ['2.0034', '2.0034'] lr = 0.0005000
2025-10-29 11:05:03,412 - TopNet - INFO - [Epoch 86/150][Batch 501/2622] BatchTime = 0.395 (s) DataTime = 0.001 (s) Losses = ['3.2913', '3.2913'] lr = 0.0005000
2025-10-29 11:05:31,298 - TopNet - INFO - [Epoch 86/150][Batch 601/2622] BatchTime = 0.219 (s) DataTime = 0.001 (s) Losses = ['3.0610', '3.0610'] lr = 0.0005000
2025-10-29 11:05:58,065 - TopNet - INFO - [Epoch 86/150][Batch 701/2622] BatchTime = 0.123 (s) DataTime = 0.001 (s) Losses = ['3.1436', '3.1436'] lr = 0.0005000
2025-10-29 11:06:26,543 - TopNet - INFO - [Epoch 86/150][Batch 801/2622] BatchTime = 0.732 (s) DataTime = 0.001 (s) Losses = ['3.1344', '3.1344'] lr = 0.0005000
2025-10-29 11:06:54,020 - TopNet - INFO - [Epoch 86/150][Batch 901/2622] BatchTime = 0.218 (s) DataTime = 0.001 (s) Losses = ['3.0672', '3.0672'] lr = 0.0005000
2025-10-29 11:07:21,452 - TopNet - INFO - [Epoch 86/150][Batch 1001/2622] BatchTime = 0.395 (s) DataTime = 0.001 (s) Losses = ['3.3872', '3.3872'] lr = 0.0005000
2025-10-29 11:07:47,843 - TopNet - INFO - [Epoch 86/150][Batch 1101/2622] BatchTime = 0.284 (s) DataTime = 0.001 (s) Losses = ['2.3177', '2.3177'] lr = 0.0005000
2025-10-29 11:08:13,579 - TopNet - INFO - [Epoch 86/150][Batch 1201/2622] BatchTime = 0.254 (s) DataTime = 0.001 (s) Losses = ['3.2402', '3.2402'] lr = 0.0005000
2025-10-29 11:08:40,369 - TopNet - INFO - [Epoch 86/150][Batch 1301/2622] BatchTime = 0.332 (s) DataTime = 0.001 (s) Losses = ['3.0156', '3.0156'] lr = 0.0005000
2025-10-29 11:09:09,886 - TopNet - INFO - [Epoch 86/150][Batch 1401/2622] BatchTime = 0.207 (s) DataTime = 0.001 (s) Losses = ['4.0998', '4.0998'] lr = 0.0005000
2025-10-29 11:09:38,846 - TopNet - INFO - [Epoch 86/150][Batch 1501/2622] BatchTime = 0.416 (s) DataTime = 0.001 (s) Losses = ['3.6155', '3.6155'] lr = 0.0005000
2025-10-29 11:10:04,959 - TopNet - INFO - [Epoch 86/150][Batch 1601/2622] BatchTime = 0.629 (s) DataTime = 0.001 (s) Losses = ['3.1999', '3.1999'] lr = 0.0005000
2025-10-29 11:10:31,620 - TopNet - INFO - [Epoch 86/150][Batch 1701/2622] BatchTime = 0.115 (s) DataTime = 0.001 (s) Losses = ['5.3815', '5.3815'] lr = 0.0005000
2025-10-29 11:11:00,937 - TopNet - INFO - [Epoch 86/150][Batch 1801/2622] BatchTime = 0.193 (s) DataTime = 0.001 (s) Losses = ['4.6720', '4.6720'] lr = 0.0005000
2025-10-29 11:11:29,621 - TopNet - INFO - [Epoch 86/150][Batch 1901/2622] BatchTime = 0.460 (s) DataTime = 0.001 (s) Losses = ['3.8059', '3.8059'] lr = 0.0005000
2025-10-29 11:11:55,014 - TopNet - INFO - [Epoch 86/150][Batch 2001/2622] BatchTime = 0.349 (s) DataTime = 0.001 (s) Losses = ['2.6318', '2.6318'] lr = 0.0005000
2025-10-29 11:12:23,479 - TopNet - INFO - [Epoch 86/150][Batch 2101/2622] BatchTime = 0.107 (s) DataTime = 0.001 (s) Losses = ['2.8008', '2.8008'] lr = 0.0005000
2025-10-29 11:12:49,810 - TopNet - INFO - [Epoch 86/150][Batch 2201/2622] BatchTime = 0.256 (s) DataTime = 0.001 (s) Losses = ['2.9498', '2.9498'] lr = 0.0005000
2025-10-29 11:13:16,180 - TopNet - INFO - [Epoch 86/150][Batch 2301/2622] BatchTime = 0.205 (s) DataTime = 0.001 (s) Losses = ['3.6531', '3.6531'] lr = 0.0005000
2025-10-29 11:13:42,348 - TopNet - INFO - [Epoch 86/150][Batch 2401/2622] BatchTime = 0.410 (s) DataTime = 0.001 (s) Losses = ['2.9186', '2.9186'] lr = 0.0005000
2025-10-29 11:14:10,788 - TopNet - INFO - [Epoch 86/150][Batch 2501/2622] BatchTime = 0.122 (s) DataTime = 0.001 (s) Losses = ['3.2134', '3.2134'] lr = 0.0005000
2025-10-29 11:14:37,367 - TopNet - INFO - [Epoch 86/150][Batch 2601/2622] BatchTime = 0.337 (s) DataTime = 0.001 (s) Losses = ['3.6348', '3.6348'] lr = 0.0005000
2025-10-29 11:14:42,601 - TopNet - INFO - [Training] EPOCH: 86 EpochTime = 714.290 (s) Losses = ['3.3160', '3.3160']
2025-10-29 11:14:42,695 - TopNet - INFO - Save checkpoint at ./experiments/TopNet/ShapeNet55_models/TopNet_fog/ckpt-last.pth
2025-10-29 11:14:43,124 - TopNet - INFO - [Epoch 87/150][Batch 1/2622] BatchTime = 0.428 (s) DataTime = 0.075 (s) Losses = ['2.6394', '2.6394'] lr = 0.0005000
2025-10-29 11:15:11,194 - TopNet - INFO - [Epoch 87/150][Batch 101/2622] BatchTime = 0.427 (s) DataTime = 0.001 (s) Losses = ['3.8130', '3.8130'] lr = 0.0005000
2025-10-29 11:15:36,535 - TopNet - INFO - [Epoch 87/150][Batch 201/2622] BatchTime = 0.233 (s) DataTime = 0.001 (s) Losses = ['3.3514', '3.3514'] lr = 0.0005000
2025-10-29 11:16:06,234 - TopNet - INFO - [Epoch 87/150][Batch 301/2622] BatchTime = 0.238 (s) DataTime = 0.001 (s) Losses = ['3.8913', '3.8913'] lr = 0.0005000
2025-10-29 11:16:35,119 - TopNet - INFO - [Epoch 87/150][Batch 401/2622] BatchTime = 0.310 (s) DataTime = 0.001 (s) Losses = ['3.4301', '3.4301'] lr = 0.0005000
2025-10-29 11:17:03,866 - TopNet - INFO - [Epoch 87/150][Batch 501/2622] BatchTime = 0.140 (s) DataTime = 0.001 (s) Losses = ['4.0501', '4.0501'] lr = 0.0005000
2025-10-29 11:17:31,248 - TopNet - INFO - [Epoch 87/150][Batch 601/2622] BatchTime = 0.223 (s) DataTime = 0.001 (s) Losses = ['2.3601', '2.3601'] lr = 0.0005000
2025-10-29 11:17:58,832 - TopNet - INFO - [Epoch 87/150][Batch 701/2622] BatchTime = 0.379 (s) DataTime = 0.001 (s) Losses = ['4.4857', '4.4857'] lr = 0.0005000
2025-10-29 11:18:25,462 - TopNet - INFO - [Epoch 87/150][Batch 801/2622] BatchTime = 0.372 (s) DataTime = 0.001 (s) Losses = ['3.1920', '3.1920'] lr = 0.0005000
2025-10-29 11:18:53,365 - TopNet - INFO - [Epoch 87/150][Batch 901/2622] BatchTime = 0.327 (s) DataTime = 0.001 (s) Losses = ['4.2945', '4.2945'] lr = 0.0005000
2025-10-29 11:19:20,748 - TopNet - INFO - [Epoch 87/150][Batch 1001/2622] BatchTime = 0.316 (s) DataTime = 0.001 (s) Losses = ['2.4547', '2.4547'] lr = 0.0005000
2025-10-29 11:19:46,936 - TopNet - INFO - [Epoch 87/150][Batch 1101/2622] BatchTime = 0.295 (s) DataTime = 0.001 (s) Losses = ['1.9132', '1.9132'] lr = 0.0005000
2025-10-29 11:20:15,682 - TopNet - INFO - [Epoch 87/150][Batch 1201/2622] BatchTime = 0.142 (s) DataTime = 0.001 (s) Losses = ['3.2701', '3.2701'] lr = 0.0005000
2025-10-29 11:20:42,870 - TopNet - INFO - [Epoch 87/150][Batch 1301/2622] BatchTime = 0.405 (s) DataTime = 0.001 (s) Losses = ['3.8573', '3.8573'] lr = 0.0005000
2025-10-29 11:21:09,975 - TopNet - INFO - [Epoch 87/150][Batch 1401/2622] BatchTime = 0.128 (s) DataTime = 0.001 (s) Losses = ['2.4954', '2.4954'] lr = 0.0005000
2025-10-29 11:21:38,637 - TopNet - INFO - [Epoch 87/150][Batch 1501/2622] BatchTime = 0.119 (s) DataTime = 0.001 (s) Losses = ['3.4625', '3.4625'] lr = 0.0005000
2025-10-29 11:22:04,711 - TopNet - INFO - [Epoch 87/150][Batch 1601/2622] BatchTime = 0.198 (s) DataTime = 0.001 (s) Losses = ['2.6005', '2.6005'] lr = 0.0005000
2025-10-29 11:22:31,299 - TopNet - INFO - [Epoch 87/150][Batch 1701/2622] BatchTime = 0.239 (s) DataTime = 0.001 (s) Losses = ['3.7466', '3.7466'] lr = 0.0005000
2025-10-29 11:22:57,757 - TopNet - INFO - [Epoch 87/150][Batch 1801/2622] BatchTime = 0.117 (s) DataTime = 0.001 (s) Losses = ['3.7818', '3.7818'] lr = 0.0005000
2025-10-29 11:23:24,985 - TopNet - INFO - [Epoch 87/150][Batch 1901/2622] BatchTime = 0.440 (s) DataTime = 0.001 (s) Losses = ['3.3187', '3.3187'] lr = 0.0005000
2025-10-29 11:23:52,815 - TopNet - INFO - [Epoch 87/150][Batch 2001/2622] BatchTime = 0.110 (s) DataTime = 0.001 (s) Losses = ['3.1722', '3.1722'] lr = 0.0005000
2025-10-29 11:24:19,199 - TopNet - INFO - [Epoch 87/150][Batch 2101/2622] BatchTime = 0.207 (s) DataTime = 0.001 (s) Losses = ['2.6520', '2.6520'] lr = 0.0005000
2025-10-29 11:24:47,002 - TopNet - INFO - [Epoch 87/150][Batch 2201/2622] BatchTime = 0.113 (s) DataTime = 0.001 (s) Losses = ['2.9481', '2.9481'] lr = 0.0005000
2025-10-29 11:25:12,595 - TopNet - INFO - [Epoch 87/150][Batch 2301/2622] BatchTime = 0.230 (s) DataTime = 0.001 (s) Losses = ['2.4546', '2.4546'] lr = 0.0005000
2025-10-29 11:25:40,256 - TopNet - INFO - [Epoch 87/150][Batch 2401/2622] BatchTime = 0.203 (s) DataTime = 0.001 (s) Losses = ['2.5952', '2.5952'] lr = 0.0005000
2025-10-29 11:26:08,341 - TopNet - INFO - [Epoch 87/150][Batch 2501/2622] BatchTime = 0.125 (s) DataTime = 0.001 (s) Losses = ['3.7785', '3.7785'] lr = 0.0005000
2025-10-29 11:26:36,182 - TopNet - INFO - [Epoch 87/150][Batch 2601/2622] BatchTime = 0.208 (s) DataTime = 0.001 (s) Losses = ['2.8566', '2.8566'] lr = 0.0005000
2025-10-29 11:26:41,700 - TopNet - INFO - [Training] EPOCH: 87 EpochTime = 719.004 (s) Losses = ['3.2976', '3.2976']
2025-10-29 11:26:41,802 - TopNet - INFO - Save checkpoint at ./experiments/TopNet/ShapeNet55_models/TopNet_fog/ckpt-last.pth
2025-10-29 11:26:42,022 - TopNet - INFO - [Epoch 88/150][Batch 1/2622] BatchTime = 0.220 (s) DataTime = 0.075 (s) Losses = ['2.7965', '2.7965'] lr = 0.0005000
2025-10-29 11:27:10,120 - TopNet - INFO - [Epoch 88/150][Batch 101/2622] BatchTime = 0.113 (s) DataTime = 0.001 (s) Losses = ['3.0339', '3.0339'] lr = 0.0005000
2025-10-29 11:27:38,857 - TopNet - INFO - [Epoch 88/150][Batch 201/2622] BatchTime = 0.205 (s) DataTime = 0.001 (s) Losses = ['2.7587', '2.7587'] lr = 0.0005000
2025-10-29 11:28:08,341 - TopNet - INFO - [Epoch 88/150][Batch 301/2622] BatchTime = 0.295 (s) DataTime = 0.001 (s) Losses = ['3.0821', '3.0821'] lr = 0.0005000
2025-10-29 11:28:35,137 - TopNet - INFO - [Epoch 88/150][Batch 401/2622] BatchTime = 0.114 (s) DataTime = 0.001 (s) Losses = ['2.4900', '2.4900'] lr = 0.0005000
2025-10-29 11:29:03,039 - TopNet - INFO - [Epoch 88/150][Batch 501/2622] BatchTime = 0.428 (s) DataTime = 0.001 (s) Losses = ['3.5367', '3.5367'] lr = 0.0005000
2025-10-29 11:29:29,042 - TopNet - INFO - [Epoch 88/150][Batch 601/2622] BatchTime = 0.430 (s) DataTime = 0.001 (s) Losses = ['3.2969', '3.2969'] lr = 0.0005000
2025-10-29 11:29:56,280 - TopNet - INFO - [Epoch 88/150][Batch 701/2622] BatchTime = 0.127 (s) DataTime = 0.001 (s) Losses = ['4.0147', '4.0147'] lr = 0.0005000
2025-10-29 11:30:24,068 - TopNet - INFO - [Epoch 88/150][Batch 801/2622] BatchTime = 0.298 (s) DataTime = 0.001 (s) Losses = ['3.0100', '3.0100'] lr = 0.0005000
2025-10-29 11:30:50,421 - TopNet - INFO - [Epoch 88/150][Batch 901/2622] BatchTime = 0.115 (s) DataTime = 0.001 (s) Losses = ['2.5743', '2.5743'] lr = 0.0005000
2025-10-29 11:31:18,350 - TopNet - INFO - [Epoch 88/150][Batch 1001/2622] BatchTime = 0.120 (s) DataTime = 0.001 (s) Losses = ['2.8950', '2.8950'] lr = 0.0005000
2025-10-29 11:31:43,480 - TopNet - INFO - [Epoch 88/150][Batch 1101/2622] BatchTime = 0.115 (s) DataTime = 0.001 (s) Losses = ['2.8939', '2.8939'] lr = 0.0005000
2025-10-29 11:32:10,747 - TopNet - INFO - [Epoch 88/150][Batch 1201/2622] BatchTime = 0.221 (s) DataTime = 0.001 (s) Losses = ['2.6077', '2.6077'] lr = 0.0005000
2025-10-29 11:32:39,395 - TopNet - INFO - [Epoch 88/150][Batch 1301/2622] BatchTime = 0.222 (s) DataTime = 0.001 (s) Losses = ['3.3548', '3.3548'] lr = 0.0005000
2025-10-29 11:33:04,525 - TopNet - INFO - [Epoch 88/150][Batch 1401/2622] BatchTime = 0.219 (s) DataTime = 0.001 (s) Losses = ['3.3943', '3.3943'] lr = 0.0005000
2025-10-29 11:33:32,524 - TopNet - INFO - [Epoch 88/150][Batch 1501/2622] BatchTime = 0.214 (s) DataTime = 0.001 (s) Losses = ['2.0109', '2.0109'] lr = 0.0005000
2025-10-29 11:33:58,390 - TopNet - INFO - [Epoch 88/150][Batch 1601/2622] BatchTime = 0.306 (s) DataTime = 0.001 (s) Losses = ['2.3752', '2.3752'] lr = 0.0005000
2025-10-29 11:34:26,913 - TopNet - INFO - [Epoch 88/150][Batch 1701/2622] BatchTime = 0.209 (s) DataTime = 0.001 (s) Losses = ['3.1903', '3.1903'] lr = 0.0005000
2025-10-29 11:34:54,332 - TopNet - INFO - [Epoch 88/150][Batch 1801/2622] BatchTime = 0.463 (s) DataTime = 0.001 (s) Losses = ['2.9290', '2.9290'] lr = 0.0005000
2025-10-29 11:35:22,472 - TopNet - INFO - [Epoch 88/150][Batch 1901/2622] BatchTime = 0.312 (s) DataTime = 0.001 (s) Losses = ['2.1317', '2.1317'] lr = 0.0005000
2025-10-29 11:35:50,419 - TopNet - INFO - [Epoch 88/150][Batch 2001/2622] BatchTime = 0.413 (s) DataTime = 0.001 (s) Losses = ['2.0616', '2.0616'] lr = 0.0005000
2025-10-29 11:36:17,385 - TopNet - INFO - [Epoch 88/150][Batch 2101/2622] BatchTime = 0.194 (s) DataTime = 0.001 (s) Losses = ['2.9829', '2.9829'] lr = 0.0005000
2025-10-29 11:36:44,719 - TopNet - INFO - [Epoch 88/150][Batch 2201/2622] BatchTime = 0.533 (s) DataTime = 0.001 (s) Losses = ['3.0907', '3.0907'] lr = 0.0005000
2025-10-29 11:37:13,326 - TopNet - INFO - [Epoch 88/150][Batch 2301/2622] BatchTime = 0.202 (s) DataTime = 0.001 (s) Losses = ['3.2884', '3.2884'] lr = 0.0005000
2025-10-29 11:37:38,089 - TopNet - INFO - [Epoch 88/150][Batch 2401/2622] BatchTime = 0.296 (s) DataTime = 0.001 (s) Losses = ['2.8251', '2.8251'] lr = 0.0005000
2025-10-29 11:38:05,827 - TopNet - INFO - [Epoch 88/150][Batch 2501/2622] BatchTime = 0.371 (s) DataTime = 0.001 (s) Losses = ['2.5750', '2.5750'] lr = 0.0005000
2025-10-29 11:38:33,259 - TopNet - INFO - [Epoch 88/150][Batch 2601/2622] BatchTime = 0.386 (s) DataTime = 0.001 (s) Losses = ['3.1225', '3.1225'] lr = 0.0005000
2025-10-29 11:38:38,971 - TopNet - INFO - [Training] EPOCH: 88 EpochTime = 717.168 (s) Losses = ['3.2956', '3.2956']
2025-10-29 11:38:39,062 - TopNet - INFO - Save checkpoint at ./experiments/TopNet/ShapeNet55_models/TopNet_fog/ckpt-last.pth
2025-10-29 11:38:39,251 - TopNet - INFO - [Epoch 89/150][Batch 1/2622] BatchTime = 0.189 (s) DataTime = 0.071 (s) Losses = ['3.1423', '3.1423'] lr = 0.0005000
2025-10-29 11:39:06,920 - TopNet - INFO - [Epoch 89/150][Batch 101/2622] BatchTime = 0.308 (s) DataTime = 0.001 (s) Losses = ['2.7195', '2.7195'] lr = 0.0005000
2025-10-29 11:39:33,302 - TopNet - INFO - [Epoch 89/150][Batch 201/2622] BatchTime = 0.230 (s) DataTime = 0.001 (s) Losses = ['3.3960', '3.3960'] lr = 0.0005000
2025-10-29 11:40:02,757 - TopNet - INFO - [Epoch 89/150][Batch 301/2622] BatchTime = 0.219 (s) DataTime = 0.001 (s) Losses = ['3.7317', '3.7317'] lr = 0.0005000
2025-10-29 11:40:30,407 - TopNet - INFO - [Epoch 89/150][Batch 401/2622] BatchTime = 0.207 (s) DataTime = 0.001 (s) Losses = ['3.3990', '3.3990'] lr = 0.0005000
2025-10-29 11:40:58,562 - TopNet - INFO - [Epoch 89/150][Batch 501/2622] BatchTime = 0.311 (s) DataTime = 0.001 (s) Losses = ['2.7785', '2.7785'] lr = 0.0005000
2025-10-29 11:41:25,079 - TopNet - INFO - [Epoch 89/150][Batch 601/2622] BatchTime = 0.193 (s) DataTime = 0.001 (s) Losses = ['3.9406', '3.9406'] lr = 0.0005000
2025-10-29 11:41:52,857 - TopNet - INFO - [Epoch 89/150][Batch 701/2622] BatchTime = 0.253 (s) DataTime = 0.001 (s) Losses = ['3.1674', '3.1674'] lr = 0.0005000
2025-10-29 11:42:21,052 - TopNet - INFO - [Epoch 89/150][Batch 801/2622] BatchTime = 0.213 (s) DataTime = 0.001 (s) Losses = ['1.9146', '1.9146'] lr = 0.0005000
2025-10-29 11:42:47,479 - TopNet - INFO - [Epoch 89/150][Batch 901/2622] BatchTime = 0.113 (s) DataTime = 0.001 (s) Losses = ['3.7022', '3.7022'] lr = 0.0005000
2025-10-29 11:43:13,922 - TopNet - INFO - [Epoch 89/150][Batch 1001/2622] BatchTime = 0.344 (s) DataTime = 0.001 (s) Losses = ['4.8999', '4.8999'] lr = 0.0005000
2025-10-29 11:43:43,576 - TopNet - INFO - [Epoch 89/150][Batch 1101/2622] BatchTime = 0.451 (s) DataTime = 0.001 (s) Losses = ['5.1140', '5.1140'] lr = 0.0005000
2025-10-29 11:44:11,026 - TopNet - INFO - [Epoch 89/150][Batch 1201/2622] BatchTime = 0.323 (s) DataTime = 0.001 (s) Losses = ['2.9387', '2.9387'] lr = 0.0005000
2025-10-29 11:44:40,969 - TopNet - INFO - [Epoch 89/150][Batch 1301/2622] BatchTime = 0.575 (s) DataTime = 0.001 (s) Losses = ['3.2892', '3.2892'] lr = 0.0005000
2025-10-29 11:45:09,300 - TopNet - INFO - [Epoch 89/150][Batch 1401/2622] BatchTime = 0.370 (s) DataTime = 0.001 (s) Losses = ['2.3692', '2.3692'] lr = 0.0005000
2025-10-29 11:45:36,511 - TopNet - INFO - [Epoch 89/150][Batch 1501/2622] BatchTime = 0.118 (s) DataTime = 0.001 (s) Losses = ['3.1551', '3.1551'] lr = 0.0005000
2025-10-29 11:46:03,646 - TopNet - INFO - [Epoch 89/150][Batch 1601/2622] BatchTime = 0.461 (s) DataTime = 0.001 (s) Losses = ['3.1729', '3.1729'] lr = 0.0005000
2025-10-29 11:46:30,425 - TopNet - INFO - [Epoch 89/150][Batch 1701/2622] BatchTime = 0.292 (s) DataTime = 0.001 (s) Losses = ['3.5078', '3.5078'] lr = 0.0005000
2025-10-29 11:46:58,969 - TopNet - INFO - [Epoch 89/150][Batch 1801/2622] BatchTime = 0.117 (s) DataTime = 0.001 (s) Losses = ['2.5656', '2.5656'] lr = 0.0005000
2025-10-29 11:47:27,501 - TopNet - INFO - [Epoch 89/150][Batch 1901/2622] BatchTime = 0.283 (s) DataTime = 0.001 (s) Losses = ['2.8226', '2.8226'] lr = 0.0005000
2025-10-29 11:47:54,234 - TopNet - INFO - [Epoch 89/150][Batch 2001/2622] BatchTime = 0.218 (s) DataTime = 0.001 (s) Losses = ['4.1896', '4.1896'] lr = 0.0005000
2025-10-29 11:48:20,765 - TopNet - INFO - [Epoch 89/150][Batch 2101/2622] BatchTime = 0.137 (s) DataTime = 0.001 (s) Losses = ['2.8627', '2.8627'] lr = 0.0005000
2025-10-29 11:48:49,276 - TopNet - INFO - [Epoch 89/150][Batch 2201/2622] BatchTime = 0.227 (s) DataTime = 0.001 (s) Losses = ['3.0204', '3.0204'] lr = 0.0005000
2025-10-29 11:49:14,053 - TopNet - INFO - [Epoch 89/150][Batch 2301/2622] BatchTime = 0.126 (s) DataTime = 0.001 (s) Losses = ['2.7640', '2.7640'] lr = 0.0005000
2025-10-29 11:49:39,761 - TopNet - INFO - [Epoch 89/150][Batch 2401/2622] BatchTime = 0.108 (s) DataTime = 0.001 (s) Losses = ['3.9522', '3.9522'] lr = 0.0005000
2025-10-29 11:50:07,999 - TopNet - INFO - [Epoch 89/150][Batch 2501/2622] BatchTime = 0.784 (s) DataTime = 0.001 (s) Losses = ['2.6510', '2.6510'] lr = 0.0005000
2025-10-29 11:50:33,752 - TopNet - INFO - [Epoch 89/150][Batch 2601/2622] BatchTime = 0.155 (s) DataTime = 0.001 (s) Losses = ['4.3005', '4.3005'] lr = 0.0005000
2025-10-29 11:50:39,692 - TopNet - INFO - [Training] EPOCH: 89 EpochTime = 720.630 (s) Losses = ['3.3041', '3.3041']
2025-10-29 11:50:39,783 - TopNet - INFO - Save checkpoint at ./experiments/TopNet/ShapeNet55_models/TopNet_fog/ckpt-last.pth
2025-10-29 11:50:39,968 - TopNet - INFO - [Epoch 90/150][Batch 1/2622] BatchTime = 0.184 (s) DataTime = 0.076 (s) Losses = ['3.2978', '3.2978'] lr = 0.0005000
2025-10-29 11:51:08,388 - TopNet - INFO - [Epoch 90/150][Batch 101/2622] BatchTime = 0.326 (s) DataTime = 0.001 (s) Losses = ['3.9899', '3.9899'] lr = 0.0005000
2025-10-29 11:51:35,964 - TopNet - INFO - [Epoch 90/150][Batch 201/2622] BatchTime = 0.396 (s) DataTime = 0.001 (s) Losses = ['2.6191', '2.6191'] lr = 0.0005000
2025-10-29 11:52:01,914 - TopNet - INFO - [Epoch 90/150][Batch 301/2622] BatchTime = 0.474 (s) DataTime = 0.001 (s) Losses = ['2.9839', '2.9839'] lr = 0.0005000
2025-10-29 11:52:25,872 - TopNet - INFO - [Epoch 90/150][Batch 401/2622] BatchTime = 0.243 (s) DataTime = 0.001 (s) Losses = ['3.1103', '3.1103'] lr = 0.0005000
2025-10-29 11:52:52,137 - TopNet - INFO - [Epoch 90/150][Batch 501/2622] BatchTime = 0.283 (s) DataTime = 0.001 (s) Losses = ['2.7951', '2.7951'] lr = 0.0005000
2025-10-29 11:53:22,840 - TopNet - INFO - [Epoch 90/150][Batch 601/2622] BatchTime = 0.143 (s) DataTime = 0.001 (s) Losses = ['2.7271', '2.7271'] lr = 0.0005000
2025-10-29 11:53:48,756 - TopNet - INFO - [Epoch 90/150][Batch 701/2622] BatchTime = 0.205 (s) DataTime = 0.001 (s) Losses = ['3.3356', '3.3356'] lr = 0.0005000
2025-10-29 11:54:15,336 - TopNet - INFO - [Epoch 90/150][Batch 801/2622] BatchTime = 0.370 (s) DataTime = 0.001 (s) Losses = ['2.9929', '2.9929'] lr = 0.0005000
2025-10-29 11:54:42,632 - TopNet - INFO - [Epoch 90/150][Batch 901/2622] BatchTime = 0.628 (s) DataTime = 0.001 (s) Losses = ['2.2031', '2.2031'] lr = 0.0005000
2025-10-29 11:55:08,124 - TopNet - INFO - [Epoch 90/150][Batch 1001/2622] BatchTime = 0.139 (s) DataTime = 0.001 (s) Losses = ['2.7617', '2.7617'] lr = 0.0005000
2025-10-29 11:55:35,819 - TopNet - INFO - [Epoch 90/150][Batch 1101/2622] BatchTime = 0.118 (s) DataTime = 0.001 (s) Losses = ['2.6402', '2.6402'] lr = 0.0005000
2025-10-29 11:56:01,224 - TopNet - INFO - [Epoch 90/150][Batch 1201/2622] BatchTime = 0.247 (s) DataTime = 0.001 (s) Losses = ['2.3352', '2.3352'] lr = 0.0005000
2025-10-29 11:56:27,809 - TopNet - INFO - [Epoch 90/150][Batch 1301/2622] BatchTime = 0.121 (s) DataTime = 0.001 (s) Losses = ['2.0979', '2.0979'] lr = 0.0005000
2025-10-29 11:56:53,636 - TopNet - INFO - [Epoch 90/150][Batch 1401/2622] BatchTime = 0.197 (s) DataTime = 0.001 (s) Losses = ['4.0033', '4.0033'] lr = 0.0005000
2025-10-29 11:57:20,531 - TopNet - INFO - [Epoch 90/150][Batch 1501/2622] BatchTime = 0.401 (s) DataTime = 0.001 (s) Losses = ['4.4199', '4.4199'] lr = 0.0005000
2025-10-29 11:57:48,573 - TopNet - INFO - [Epoch 90/150][Batch 1601/2622] BatchTime = 0.300 (s) DataTime = 0.001 (s) Losses = ['2.9777', '2.9777'] lr = 0.0005000
2025-10-29 11:58:15,837 - TopNet - INFO - [Epoch 90/150][Batch 1701/2622] BatchTime = 0.466 (s) DataTime = 0.001 (s) Losses = ['2.8676', '2.8676'] lr = 0.0005000
2025-10-29 11:58:42,533 - TopNet - INFO - [Epoch 90/150][Batch 1801/2622] BatchTime = 0.390 (s) DataTime = 0.001 (s) Losses = ['4.0363', '4.0363'] lr = 0.0005000
2025-10-29 11:59:09,611 - TopNet - INFO - [Epoch 90/150][Batch 1901/2622] BatchTime = 0.139 (s) DataTime = 0.001 (s) Losses = ['3.4289', '3.4289'] lr = 0.0005000
2025-10-29 11:59:35,642 - TopNet - INFO - [Epoch 90/150][Batch 2001/2622] BatchTime = 0.301 (s) DataTime = 0.001 (s) Losses = ['3.5720', '3.5720'] lr = 0.0005000
2025-10-29 12:00:05,443 - TopNet - INFO - [Epoch 90/150][Batch 2101/2622] BatchTime = 0.367 (s) DataTime = 0.001 (s) Losses = ['6.8817', '6.8817'] lr = 0.0005000
2025-10-29 12:00:31,953 - TopNet - INFO - [Epoch 90/150][Batch 2201/2622] BatchTime = 0.239 (s) DataTime = 0.001 (s) Losses = ['2.8843', '2.8843'] lr = 0.0005000
2025-10-29 12:01:00,116 - TopNet - INFO - [Epoch 90/150][Batch 2301/2622] BatchTime = 0.117 (s) DataTime = 0.001 (s) Losses = ['2.4691', '2.4691'] lr = 0.0005000
2025-10-29 12:01:26,921 - TopNet - INFO - [Epoch 90/150][Batch 2401/2622] BatchTime = 0.293 (s) DataTime = 0.001 (s) Losses = ['3.0114', '3.0114'] lr = 0.0005000
2025-10-29 12:01:54,451 - TopNet - INFO - [Epoch 90/150][Batch 2501/2622] BatchTime = 0.219 (s) DataTime = 0.001 (s) Losses = ['3.7663', '3.7663'] lr = 0.0005000
2025-10-29 12:02:20,470 - TopNet - INFO - [Epoch 90/150][Batch 2601/2622] BatchTime = 0.122 (s) DataTime = 0.001 (s) Losses = ['3.4777', '3.4777'] lr = 0.0005000
2025-10-29 12:02:26,480 - TopNet - INFO - [Training] EPOCH: 90 EpochTime = 706.696 (s) Losses = ['3.2976', '3.2976']
2025-10-29 12:02:26,480 - TopNet - INFO - [VALIDATION] Start validating epoch 90
2025-10-29 12:03:09,730 - TopNet - INFO - Test[1051/10518] Taxonomy = 02691156 Sample = c7749c0a8b61f43bc9b9e28055202e3d Losses = ['23.2643', '1.7892', '23.2643', '1.7892'] Metrics = ['0.1621', '23.2643', '1.7892', '0.0000']
2025-10-29 12:03:49,408 - TopNet - INFO - Test[2102/10518] Taxonomy = 03211117 Sample = ab2f9418c111cc6ddb965514105122a4 Losses = ['24.9283', '1.7943', '24.9283', '1.7943'] Metrics = ['0.1085', '24.9283', '1.7943', '0.0000']
2025-10-29 12:04:26,416 - TopNet - INFO - Test[3153/10518] Taxonomy = 02876657 Sample = c5032e4be091aabb36fe7a88df793982 Losses = ['37.6299', '4.0865', '37.6299', '4.0865'] Metrics = ['0.0217', '37.6299', '4.0865', '0.0000']
2025-10-29 12:05:06,915 - TopNet - INFO - Test[4204/10518] Taxonomy = 03211117 Sample = 722df1da5778d45b1e43523279c7f09f Losses = ['31.2059', '3.0183', '31.2059', '3.0183'] Metrics = ['0.0634', '31.2059', '3.0183', '0.0000']
2025-10-29 12:05:46,822 - TopNet - INFO - Test[5255/10518] Taxonomy = 02828884 Sample = 14b63361a48a9fffe4a048c146e8bd43 Losses = ['37.9160', '3.8271', '37.9160', '3.8271'] Metrics = ['0.0288', '37.9160', '3.8271', '0.0000']
2025-10-29 12:06:26,685 - TopNet - INFO - Test[6306/10518] Taxonomy = 03211117 Sample = d330d50a0255529d19ed6e1a590c9122 Losses = ['30.6489', '2.6350', '30.6489', '2.6350'] Metrics = ['0.0741', '30.6489', '2.6350', '0.0000']
2025-10-29 12:07:05,499 - TopNet - INFO - Test[7357/10518] Taxonomy = 04379243 Sample = b1ca280d9567270ade98d10ab5975b59 Losses = ['29.8559', '2.8156', '29.8559', '2.8156'] Metrics = ['0.0520', '29.8559', '2.8156', '0.0000']
2025-10-29 12:07:42,927 - TopNet - INFO - Test[8408/10518] Taxonomy = 03001627 Sample = 89208a619341d9fdb8c516ed5c4ce32 Losses = ['32.4375', '2.8748', '32.4375', '2.8748'] Metrics = ['0.0276', '32.4375', '2.8748', '0.0000']
2025-10-29 12:08:21,184 - TopNet - INFO - Test[9459/10518] Taxonomy = 03001627 Sample = d0255120e3351121c3bd24f986301745 Losses = ['34.1544', '3.4900', '34.1544', '3.4900'] Metrics = ['0.0283', '34.1544', '3.4900', '0.0000']
2025-10-29 12:08:59,957 - TopNet - INFO - Test[10510/10518] Taxonomy = 03636649 Sample = ea9ec4d9db2e06202471e6dd5ac3ef92 Losses = ['19.5635', '1.6332', '19.5635', '1.6332'] Metrics = ['0.2544', '19.5635', '1.6332', '0.0000']
2025-10-29 12:09:00,375 - TopNet - INFO - [Validation] EPOCH: 90  Metrics = ['0.0704', '34.4777', '3.9381', '0.0000']
2025-10-29 12:09:00,376 - TopNet - INFO - ============================ TEST RESULTS ============================
2025-10-29 12:09:00,376 - TopNet - INFO - Taxonomy	#Sample	F-Score	CDL1	CDL2	EMDistance	#ModelName	
2025-10-29 12:09:00,376 - TopNet - INFO - 03759954	14	0.078 	38.276 	6.381 	0.000 	microphone	
2025-10-29 12:09:00,376 - TopNet - INFO - 04330267	44	0.029 	38.338 	4.258 	0.000 	stove	
2025-10-29 12:09:00,376 - TopNet - INFO - 03261776	15	0.038 	41.338 	7.711 	0.000 	earphone	
2025-10-29 12:09:00,376 - TopNet - INFO - 03513137	33	0.009 	56.149 	9.438 	0.000 	helmet	
2025-10-29 12:09:00,376 - TopNet - INFO - 04460130	27	0.076 	33.741 	3.615 	0.000 	tower	
2025-10-29 12:09:00,376 - TopNet - INFO - 04468005	78	0.092 	25.966 	2.031 	0.000 	train	
2025-10-29 12:09:00,376 - TopNet - INFO - 03761084	31	0.016 	41.742 	4.976 	0.000 	microwaves	
2025-10-29 12:09:00,376 - TopNet - INFO - 04004475	34	0.023 	42.172 	5.280 	0.000 	printer	
2025-10-29 12:09:00,376 - TopNet - INFO - 03938244	20	0.021 	46.272 	6.381 	0.000 	pillow	
2025-10-29 12:09:00,376 - TopNet - INFO - 02992529	167	0.079 	25.069 	1.830 	0.000 	cellphone	
2025-10-29 12:09:00,376 - TopNet - INFO - 02808440	172	0.034 	37.418 	4.400 	0.000 	bathtub	
2025-10-29 12:09:00,376 - TopNet - INFO - 04530566	388	0.112 	25.808 	2.144 	0.000 	watercraft	
2025-10-29 12:09:00,376 - TopNet - INFO - 02871439	91	0.039 	35.277 	4.072 	0.000 	bookshelf	
2025-10-29 12:09:00,376 - TopNet - INFO - 03593526	120	0.030 	43.136 	5.800 	0.000 	jar	
2025-10-29 12:09:00,376 - TopNet - INFO - 04554684	34	0.015 	43.692 	5.074 	0.000 	washer	
2025-10-29 12:09:00,376 - TopNet - INFO - 03467517	160	0.330 	14.822 	0.703 	0.000 	guitar	
2025-10-29 12:09:00,376 - TopNet - INFO - 04401088	218	0.084 	24.162 	1.676 	0.000 	telephone	
2025-10-29 12:09:00,376 - TopNet - INFO - 02954340	12	0.012 	47.031 	6.429 	0.000 	cap	
2025-10-29 12:09:00,376 - TopNet - INFO - 02933112	315	0.033 	33.778 	3.260 	0.000 	cabinet	
2025-10-29 12:09:00,376 - TopNet - INFO - 03642806	92	0.082 	24.488 	1.692 	0.000 	laptop	
2025-10-29 12:09:00,376 - TopNet - INFO - 02924116	188	0.065 	28.060 	2.284 	0.000 	bus	
2025-10-29 12:09:00,376 - TopNet - INFO - 02946921	22	0.010 	50.473 	6.764 	0.000 	can	
2025-10-29 12:09:00,376 - TopNet - INFO - 02818832	47	0.033 	41.016 	5.090 	0.000 	bed	
2025-10-29 12:09:00,376 - TopNet - INFO - 04256520	635	0.035 	33.906 	3.226 	0.000 	sofa	
2025-10-29 12:09:00,376 - TopNet - INFO - 04379243	1687	0.088 	29.653 	3.197 	0.000 	table	
2025-10-29 12:09:00,376 - TopNet - INFO - 02747177	69	0.019 	40.432 	4.659 	0.000 	trash bin	
2025-10-29 12:09:00,376 - TopNet - INFO - 03046257	131	0.043 	35.017 	3.710 	0.000 	clock	
2025-10-29 12:09:00,376 - TopNet - INFO - 04225987	31	0.126 	23.541 	1.874 	0.000 	skateboard	
2025-10-29 12:09:00,376 - TopNet - INFO - 03797390	43	0.016 	43.178 	5.524 	0.000 	mug	
2025-10-29 12:09:00,376 - TopNet - INFO - 03001627	1356	0.049 	33.393 	3.476 	0.000 	chair	
2025-10-29 12:09:00,376 - TopNet - INFO - 03691459	320	0.026 	40.222 	4.825 	0.000 	loudspeaker	
2025-10-29 12:09:00,377 - TopNet - INFO - 02942699	23	0.019 	49.421 	7.333 	0.000 	camera	
2025-10-29 12:09:00,377 - TopNet - INFO - 03636649	464	0.079 	36.740 	4.850 	0.000 	lamp	
2025-10-29 12:09:00,377 - TopNet - INFO - 02691156	809	0.171 	21.552 	1.571 	0.000 	airplane	
2025-10-29 12:09:00,377 - TopNet - INFO - 02773838	17	0.034 	39.539 	4.849 	0.000 	bag	
2025-10-29 12:09:00,377 - TopNet - INFO - 02958343	703	0.048 	29.286 	2.428 	0.000 	car	
2025-10-29 12:09:00,377 - TopNet - INFO - 02880940	38	0.023 	41.757 	5.318 	0.000 	bowl	
2025-10-29 12:09:00,377 - TopNet - INFO - 04099429	17	0.203 	21.394 	1.680 	0.000 	rocket	
2025-10-29 12:09:00,377 - TopNet - INFO - 02828884	363	0.105 	27.119 	2.545 	0.000 	bench	
2025-10-29 12:09:00,377 - TopNet - INFO - 04090263	475	0.320 	16.854 	1.058 	0.000 	rifle	
2025-10-29 12:09:00,377 - TopNet - INFO - 03211117	219	0.057 	32.073 	3.134 	0.000 	display	
2025-10-29 12:09:00,377 - TopNet - INFO - 02876657	100	0.055 	31.432 	2.916 	0.000 	bottle	
2025-10-29 12:09:00,377 - TopNet - INFO - 03710193	19	0.049 	36.758 	4.061 	0.000 	mailbox	
2025-10-29 12:09:00,377 - TopNet - INFO - 03790512	68	0.064 	29.025 	2.539 	0.000 	motorbike	
2025-10-29 12:09:00,377 - TopNet - INFO - 03325088	149	0.049 	38.524 	5.268 	0.000 	faucet	
2025-10-29 12:09:00,377 - TopNet - INFO - 02801938	23	0.022 	41.100 	5.046 	0.000 	basket	
2025-10-29 12:09:00,377 - TopNet - INFO - 03337140	60	0.029 	36.139 	3.792 	0.000 	file cabinet	
2025-10-29 12:09:00,377 - TopNet - INFO - 02843684	15	0.024 	40.673 	4.871 	0.000 	birdhouse	
2025-10-29 12:09:00,377 - TopNet - INFO - 03624134	85	0.319 	16.127 	1.028 	0.000 	knife	
2025-10-29 12:09:00,377 - TopNet - INFO - 03991062	121	0.028 	41.975 	5.488 	0.000 	flowerpot	
2025-10-29 12:09:00,377 - TopNet - INFO - 03948459	62	0.140 	22.745 	1.598 	0.000 	pistol	
2025-10-29 12:09:00,377 - TopNet - INFO - 03928116	48	0.030 	41.383 	5.241 	0.000 	piano	
2025-10-29 12:09:00,377 - TopNet - INFO - 03207941	19	0.017 	41.910 	5.122 	0.000 	dishwasher	
2025-10-29 12:09:00,377 - TopNet - INFO - 04074963	14	0.080 	25.430 	1.799 	0.000 	remote	
2025-10-29 12:09:00,377 - TopNet - INFO - 03085013	13	0.170 	19.757 	1.285 	0.000 	keyboard	
2025-10-29 12:09:00,377 - TopNet - INFO - Overall		0.070 	34.478 	3.938 	0.000 	
2025-10-29 12:09:00,476 - TopNet - INFO - Save checkpoint at ./experiments/TopNet/ShapeNet55_models/TopNet_fog/ckpt-last.pth
2025-10-29 12:09:00,672 - TopNet - INFO - [Epoch 91/150][Batch 1/2622] BatchTime = 0.196 (s) DataTime = 0.073 (s) Losses = ['2.8585', '2.8585'] lr = 0.0005000
2025-10-29 12:09:27,949 - TopNet - INFO - [Epoch 91/150][Batch 101/2622] BatchTime = 0.213 (s) DataTime = 0.001 (s) Losses = ['3.1757', '3.1757'] lr = 0.0005000
2025-10-29 12:09:54,392 - TopNet - INFO - [Epoch 91/150][Batch 201/2622] BatchTime = 0.132 (s) DataTime = 0.001 (s) Losses = ['3.7303', '3.7303'] lr = 0.0005000
2025-10-29 12:10:22,109 - TopNet - INFO - [Epoch 91/150][Batch 301/2622] BatchTime = 0.375 (s) DataTime = 0.001 (s) Losses = ['3.2607', '3.2607'] lr = 0.0005000
2025-10-29 12:10:47,612 - TopNet - INFO - [Epoch 91/150][Batch 401/2622] BatchTime = 0.133 (s) DataTime = 0.001 (s) Losses = ['3.6972', '3.6972'] lr = 0.0005000
2025-10-29 12:11:16,384 - TopNet - INFO - [Epoch 91/150][Batch 501/2622] BatchTime = 0.304 (s) DataTime = 0.001 (s) Losses = ['2.7253', '2.7253'] lr = 0.0005000
2025-10-29 12:11:45,777 - TopNet - INFO - [Epoch 91/150][Batch 601/2622] BatchTime = 0.349 (s) DataTime = 0.001 (s) Losses = ['2.9337', '2.9337'] lr = 0.0005000
2025-10-29 12:12:13,508 - TopNet - INFO - [Epoch 91/150][Batch 701/2622] BatchTime = 0.192 (s) DataTime = 0.001 (s) Losses = ['3.2870', '3.2870'] lr = 0.0005000
2025-10-29 12:12:40,432 - TopNet - INFO - [Epoch 91/150][Batch 801/2622] BatchTime = 0.121 (s) DataTime = 0.001 (s) Losses = ['2.3475', '2.3475'] lr = 0.0005000
2025-10-29 12:13:06,846 - TopNet - INFO - [Epoch 91/150][Batch 901/2622] BatchTime = 0.209 (s) DataTime = 0.001 (s) Losses = ['4.7934', '4.7934'] lr = 0.0005000
2025-10-29 12:13:34,038 - TopNet - INFO - [Epoch 91/150][Batch 1001/2622] BatchTime = 0.228 (s) DataTime = 0.001 (s) Losses = ['4.3935', '4.3935'] lr = 0.0005000
2025-10-29 12:14:02,930 - TopNet - INFO - [Epoch 91/150][Batch 1101/2622] BatchTime = 0.506 (s) DataTime = 0.001 (s) Losses = ['2.9719', '2.9719'] lr = 0.0005000
2025-10-29 12:14:31,754 - TopNet - INFO - [Epoch 91/150][Batch 1201/2622] BatchTime = 0.542 (s) DataTime = 0.001 (s) Losses = ['2.8030', '2.8030'] lr = 0.0005000
2025-10-29 12:14:58,632 - TopNet - INFO - [Epoch 91/150][Batch 1301/2622] BatchTime = 0.144 (s) DataTime = 0.001 (s) Losses = ['2.4745', '2.4745'] lr = 0.0005000
2025-10-29 12:15:27,572 - TopNet - INFO - [Epoch 91/150][Batch 1401/2622] BatchTime = 0.285 (s) DataTime = 0.001 (s) Losses = ['4.7898', '4.7898'] lr = 0.0005000
2025-10-29 12:15:54,146 - TopNet - INFO - [Epoch 91/150][Batch 1501/2622] BatchTime = 0.113 (s) DataTime = 0.001 (s) Losses = ['3.9752', '3.9752'] lr = 0.0005000
2025-10-29 12:16:21,260 - TopNet - INFO - [Epoch 91/150][Batch 1601/2622] BatchTime = 0.213 (s) DataTime = 0.001 (s) Losses = ['3.2636', '3.2636'] lr = 0.0005000
2025-10-29 12:16:46,250 - TopNet - INFO - [Epoch 91/150][Batch 1701/2622] BatchTime = 0.231 (s) DataTime = 0.001 (s) Losses = ['3.1133', '3.1133'] lr = 0.0005000
2025-10-29 12:17:14,415 - TopNet - INFO - [Epoch 91/150][Batch 1801/2622] BatchTime = 0.138 (s) DataTime = 0.001 (s) Losses = ['2.9191', '2.9191'] lr = 0.0005000
2025-10-29 12:17:41,207 - TopNet - INFO - [Epoch 91/150][Batch 1901/2622] BatchTime = 0.230 (s) DataTime = 0.001 (s) Losses = ['2.8679', '2.8679'] lr = 0.0005000
2025-10-29 12:18:07,759 - TopNet - INFO - [Epoch 91/150][Batch 2001/2622] BatchTime = 0.210 (s) DataTime = 0.001 (s) Losses = ['2.5813', '2.5813'] lr = 0.0005000
2025-10-29 12:18:35,005 - TopNet - INFO - [Epoch 91/150][Batch 2101/2622] BatchTime = 0.239 (s) DataTime = 0.001 (s) Losses = ['4.5429', '4.5429'] lr = 0.0005000
2025-10-29 12:19:00,613 - TopNet - INFO - [Epoch 91/150][Batch 2201/2622] BatchTime = 0.324 (s) DataTime = 0.001 (s) Losses = ['2.4052', '2.4052'] lr = 0.0005000
2025-10-29 12:19:28,616 - TopNet - INFO - [Epoch 91/150][Batch 2301/2622] BatchTime = 0.309 (s) DataTime = 0.001 (s) Losses = ['3.3660', '3.3660'] lr = 0.0005000
2025-10-29 12:19:55,385 - TopNet - INFO - [Epoch 91/150][Batch 2401/2622] BatchTime = 0.407 (s) DataTime = 0.001 (s) Losses = ['2.3035', '2.3035'] lr = 0.0005000
2025-10-29 12:20:23,676 - TopNet - INFO - [Epoch 91/150][Batch 2501/2622] BatchTime = 0.111 (s) DataTime = 0.001 (s) Losses = ['3.4597', '3.4597'] lr = 0.0005000
2025-10-29 12:20:51,944 - TopNet - INFO - [Epoch 91/150][Batch 2601/2622] BatchTime = 0.347 (s) DataTime = 0.001 (s) Losses = ['3.4539', '3.4539'] lr = 0.0005000
2025-10-29 12:20:57,210 - TopNet - INFO - [Training] EPOCH: 91 EpochTime = 716.733 (s) Losses = ['3.2980', '3.2980']
2025-10-29 12:20:57,306 - TopNet - INFO - Save checkpoint at ./experiments/TopNet/ShapeNet55_models/TopNet_fog/ckpt-last.pth
2025-10-29 12:20:57,653 - TopNet - INFO - [Epoch 92/150][Batch 1/2622] BatchTime = 0.346 (s) DataTime = 0.074 (s) Losses = ['2.4800', '2.4800'] lr = 0.0005000
2025-10-29 12:21:27,528 - TopNet - INFO - [Epoch 92/150][Batch 101/2622] BatchTime = 0.325 (s) DataTime = 0.001 (s) Losses = ['3.3555', '3.3555'] lr = 0.0005000
2025-10-29 12:21:54,447 - TopNet - INFO - [Epoch 92/150][Batch 201/2622] BatchTime = 0.301 (s) DataTime = 0.001 (s) Losses = ['2.5829', '2.5829'] lr = 0.0005000
2025-10-29 12:22:22,276 - TopNet - INFO - [Epoch 92/150][Batch 301/2622] BatchTime = 0.280 (s) DataTime = 0.001 (s) Losses = ['2.9930', '2.9930'] lr = 0.0005000
2025-10-29 12:22:52,753 - TopNet - INFO - [Epoch 92/150][Batch 401/2622] BatchTime = 0.395 (s) DataTime = 0.001 (s) Losses = ['3.0280', '3.0280'] lr = 0.0005000
2025-10-29 12:23:18,690 - TopNet - INFO - [Epoch 92/150][Batch 501/2622] BatchTime = 0.229 (s) DataTime = 0.001 (s) Losses = ['4.5629', '4.5629'] lr = 0.0005000
2025-10-29 12:23:47,799 - TopNet - INFO - [Epoch 92/150][Batch 601/2622] BatchTime = 0.392 (s) DataTime = 0.001 (s) Losses = ['2.6675', '2.6675'] lr = 0.0005000
2025-10-29 12:24:12,307 - TopNet - INFO - [Epoch 92/150][Batch 701/2622] BatchTime = 0.224 (s) DataTime = 0.001 (s) Losses = ['2.2398', '2.2398'] lr = 0.0005000
2025-10-29 12:24:39,564 - TopNet - INFO - [Epoch 92/150][Batch 801/2622] BatchTime = 0.318 (s) DataTime = 0.001 (s) Losses = ['3.6157', '3.6157'] lr = 0.0005000
2025-10-29 12:25:06,982 - TopNet - INFO - [Epoch 92/150][Batch 901/2622] BatchTime = 0.203 (s) DataTime = 0.001 (s) Losses = ['2.4813', '2.4813'] lr = 0.0005000
2025-10-29 12:25:34,204 - TopNet - INFO - [Epoch 92/150][Batch 1001/2622] BatchTime = 0.382 (s) DataTime = 0.001 (s) Losses = ['3.1569', '3.1569'] lr = 0.0005000
2025-10-29 12:26:01,242 - TopNet - INFO - [Epoch 92/150][Batch 1101/2622] BatchTime = 0.311 (s) DataTime = 0.001 (s) Losses = ['3.1655', '3.1655'] lr = 0.0005000
2025-10-29 12:26:25,440 - TopNet - INFO - [Epoch 92/150][Batch 1201/2622] BatchTime = 0.195 (s) DataTime = 0.001 (s) Losses = ['3.6009', '3.6009'] lr = 0.0005000
2025-10-29 12:26:53,911 - TopNet - INFO - [Epoch 92/150][Batch 1301/2622] BatchTime = 0.302 (s) DataTime = 0.001 (s) Losses = ['3.5094', '3.5094'] lr = 0.0005000
2025-10-29 12:27:21,518 - TopNet - INFO - [Epoch 92/150][Batch 1401/2622] BatchTime = 0.280 (s) DataTime = 0.001 (s) Losses = ['3.2255', '3.2255'] lr = 0.0005000
2025-10-29 12:27:51,111 - TopNet - INFO - [Epoch 92/150][Batch 1501/2622] BatchTime = 0.114 (s) DataTime = 0.001 (s) Losses = ['3.0883', '3.0883'] lr = 0.0005000
2025-10-29 12:28:16,009 - TopNet - INFO - [Epoch 92/150][Batch 1601/2622] BatchTime = 0.132 (s) DataTime = 0.001 (s) Losses = ['2.8507', '2.8507'] lr = 0.0005000
2025-10-29 12:28:42,165 - TopNet - INFO - [Epoch 92/150][Batch 1701/2622] BatchTime = 0.526 (s) DataTime = 0.001 (s) Losses = ['3.8926', '3.8926'] lr = 0.0005000
2025-10-29 12:29:08,170 - TopNet - INFO - [Epoch 92/150][Batch 1801/2622] BatchTime = 0.206 (s) DataTime = 0.001 (s) Losses = ['4.9906', '4.9906'] lr = 0.0005000
2025-10-29 12:29:35,135 - TopNet - INFO - [Epoch 92/150][Batch 1901/2622] BatchTime = 0.367 (s) DataTime = 0.001 (s) Losses = ['3.6201', '3.6201'] lr = 0.0005000
2025-10-29 12:30:02,771 - TopNet - INFO - [Epoch 92/150][Batch 2001/2622] BatchTime = 0.218 (s) DataTime = 0.001 (s) Losses = ['4.1000', '4.1000'] lr = 0.0005000
2025-10-29 12:30:28,948 - TopNet - INFO - [Epoch 92/150][Batch 2101/2622] BatchTime = 0.333 (s) DataTime = 0.001 (s) Losses = ['2.4229', '2.4229'] lr = 0.0005000
2025-10-29 12:30:57,110 - TopNet - INFO - [Epoch 92/150][Batch 2201/2622] BatchTime = 0.599 (s) DataTime = 0.001 (s) Losses = ['3.0000', '3.0000'] lr = 0.0005000
2025-10-29 12:31:26,412 - TopNet - INFO - [Epoch 92/150][Batch 2301/2622] BatchTime = 0.622 (s) DataTime = 0.001 (s) Losses = ['3.0793', '3.0793'] lr = 0.0005000
2025-10-29 12:31:55,432 - TopNet - INFO - [Epoch 92/150][Batch 2401/2622] BatchTime = 0.499 (s) DataTime = 0.001 (s) Losses = ['2.9885', '2.9885'] lr = 0.0005000
2025-10-29 12:32:23,375 - TopNet - INFO - [Epoch 92/150][Batch 2501/2622] BatchTime = 0.282 (s) DataTime = 0.001 (s) Losses = ['3.4708', '3.4708'] lr = 0.0005000
2025-10-29 12:32:51,591 - TopNet - INFO - [Epoch 92/150][Batch 2601/2622] BatchTime = 0.320 (s) DataTime = 0.001 (s) Losses = ['3.1173', '3.1173'] lr = 0.0005000
2025-10-29 12:32:57,033 - TopNet - INFO - [Training] EPOCH: 92 EpochTime = 719.727 (s) Losses = ['3.2706', '3.2706']
2025-10-29 12:32:57,130 - TopNet - INFO - Save checkpoint at ./experiments/TopNet/ShapeNet55_models/TopNet_fog/ckpt-last.pth
2025-10-29 12:32:57,426 - TopNet - INFO - [Epoch 93/150][Batch 1/2622] BatchTime = 0.296 (s) DataTime = 0.071 (s) Losses = ['3.1417', '3.1417'] lr = 0.0005000
2025-10-29 12:33:24,236 - TopNet - INFO - [Epoch 93/150][Batch 101/2622] BatchTime = 0.202 (s) DataTime = 0.001 (s) Losses = ['3.0196', '3.0196'] lr = 0.0005000
2025-10-29 12:33:52,124 - TopNet - INFO - [Epoch 93/150][Batch 201/2622] BatchTime = 0.224 (s) DataTime = 0.001 (s) Losses = ['3.7958', '3.7958'] lr = 0.0005000
2025-10-29 12:34:18,894 - TopNet - INFO - [Epoch 93/150][Batch 301/2622] BatchTime = 0.319 (s) DataTime = 0.001 (s) Losses = ['3.8607', '3.8607'] lr = 0.0005000
2025-10-29 12:34:45,934 - TopNet - INFO - [Epoch 93/150][Batch 401/2622] BatchTime = 0.324 (s) DataTime = 0.001 (s) Losses = ['2.2648', '2.2648'] lr = 0.0005000
2025-10-29 12:35:11,267 - TopNet - INFO - [Epoch 93/150][Batch 501/2622] BatchTime = 0.116 (s) DataTime = 0.001 (s) Losses = ['2.3720', '2.3720'] lr = 0.0005000
2025-10-29 12:35:38,050 - TopNet - INFO - [Epoch 93/150][Batch 601/2622] BatchTime = 0.671 (s) DataTime = 0.001 (s) Losses = ['2.4055', '2.4055'] lr = 0.0005000
2025-10-29 12:36:05,152 - TopNet - INFO - [Epoch 93/150][Batch 701/2622] BatchTime = 0.202 (s) DataTime = 0.001 (s) Losses = ['2.3588', '2.3588'] lr = 0.0005000
2025-10-29 12:36:32,411 - TopNet - INFO - [Epoch 93/150][Batch 801/2622] BatchTime = 0.305 (s) DataTime = 0.001 (s) Losses = ['3.6125', '3.6125'] lr = 0.0005000
2025-10-29 12:36:58,996 - TopNet - INFO - [Epoch 93/150][Batch 901/2622] BatchTime = 0.140 (s) DataTime = 0.001 (s) Losses = ['3.7126', '3.7126'] lr = 0.0005000
2025-10-29 12:37:26,073 - TopNet - INFO - [Epoch 93/150][Batch 1001/2622] BatchTime = 0.252 (s) DataTime = 0.001 (s) Losses = ['3.3141', '3.3141'] lr = 0.0005000
2025-10-29 12:37:51,377 - TopNet - INFO - [Epoch 93/150][Batch 1101/2622] BatchTime = 0.123 (s) DataTime = 0.001 (s) Losses = ['3.6338', '3.6338'] lr = 0.0005000
2025-10-29 12:38:16,218 - TopNet - INFO - [Epoch 93/150][Batch 1201/2622] BatchTime = 0.212 (s) DataTime = 0.001 (s) Losses = ['3.6837', '3.6837'] lr = 0.0005000
2025-10-29 12:38:44,718 - TopNet - INFO - [Epoch 93/150][Batch 1301/2622] BatchTime = 0.313 (s) DataTime = 0.001 (s) Losses = ['2.6485', '2.6485'] lr = 0.0005000
2025-10-29 12:39:11,576 - TopNet - INFO - [Epoch 93/150][Batch 1401/2622] BatchTime = 0.318 (s) DataTime = 0.001 (s) Losses = ['2.6937', '2.6937'] lr = 0.0005000
2025-10-29 12:39:41,492 - TopNet - INFO - [Epoch 93/150][Batch 1501/2622] BatchTime = 0.357 (s) DataTime = 0.001 (s) Losses = ['3.5344', '3.5344'] lr = 0.0005000
2025-10-29 12:40:09,389 - TopNet - INFO - [Epoch 93/150][Batch 1601/2622] BatchTime = 0.114 (s) DataTime = 0.001 (s) Losses = ['3.7394', '3.7394'] lr = 0.0005000
2025-10-29 12:40:36,194 - TopNet - INFO - [Epoch 93/150][Batch 1701/2622] BatchTime = 0.257 (s) DataTime = 0.001 (s) Losses = ['3.2960', '3.2960'] lr = 0.0005000
2025-10-29 12:41:02,613 - TopNet - INFO - [Epoch 93/150][Batch 1801/2622] BatchTime = 0.211 (s) DataTime = 0.001 (s) Losses = ['3.8662', '3.8662'] lr = 0.0005000
2025-10-29 12:41:30,766 - TopNet - INFO - [Epoch 93/150][Batch 1901/2622] BatchTime = 0.448 (s) DataTime = 0.001 (s) Losses = ['2.2536', '2.2536'] lr = 0.0005000
2025-10-29 12:41:58,012 - TopNet - INFO - [Epoch 93/150][Batch 2001/2622] BatchTime = 0.108 (s) DataTime = 0.001 (s) Losses = ['4.8014', '4.8014'] lr = 0.0005000
2025-10-29 12:42:26,546 - TopNet - INFO - [Epoch 93/150][Batch 2101/2622] BatchTime = 0.390 (s) DataTime = 0.001 (s) Losses = ['3.5463', '3.5463'] lr = 0.0005000
2025-10-29 12:42:55,678 - TopNet - INFO - [Epoch 93/150][Batch 2201/2622] BatchTime = 0.112 (s) DataTime = 0.001 (s) Losses = ['2.2823', '2.2823'] lr = 0.0005000
2025-10-29 12:43:23,570 - TopNet - INFO - [Epoch 93/150][Batch 2301/2622] BatchTime = 0.207 (s) DataTime = 0.001 (s) Losses = ['2.2952', '2.2952'] lr = 0.0005000
2025-10-29 12:43:50,332 - TopNet - INFO - [Epoch 93/150][Batch 2401/2622] BatchTime = 0.197 (s) DataTime = 0.001 (s) Losses = ['4.1738', '4.1738'] lr = 0.0005000
2025-10-29 12:44:19,142 - TopNet - INFO - [Epoch 93/150][Batch 2501/2622] BatchTime = 0.195 (s) DataTime = 0.001 (s) Losses = ['3.5447', '3.5447'] lr = 0.0005000
2025-10-29 12:44:49,058 - TopNet - INFO - [Epoch 93/150][Batch 2601/2622] BatchTime = 0.328 (s) DataTime = 0.001 (s) Losses = ['2.7815', '2.7815'] lr = 0.0005000
2025-10-29 12:44:53,965 - TopNet - INFO - [Training] EPOCH: 93 EpochTime = 716.835 (s) Losses = ['3.2755', '3.2755']
2025-10-29 12:44:54,062 - TopNet - INFO - Save checkpoint at ./experiments/TopNet/ShapeNet55_models/TopNet_fog/ckpt-last.pth
2025-10-29 12:44:54,254 - TopNet - INFO - [Epoch 94/150][Batch 1/2622] BatchTime = 0.192 (s) DataTime = 0.072 (s) Losses = ['2.5119', '2.5119'] lr = 0.0005000
2025-10-29 12:45:21,716 - TopNet - INFO - [Epoch 94/150][Batch 101/2622] BatchTime = 0.318 (s) DataTime = 0.001 (s) Losses = ['3.0262', '3.0262'] lr = 0.0005000
2025-10-29 12:45:49,185 - TopNet - INFO - [Epoch 94/150][Batch 201/2622] BatchTime = 0.111 (s) DataTime = 0.001 (s) Losses = ['3.5812', '3.5812'] lr = 0.0005000
2025-10-29 12:46:15,861 - TopNet - INFO - [Epoch 94/150][Batch 301/2622] BatchTime = 0.292 (s) DataTime = 0.001 (s) Losses = ['2.1770', '2.1770'] lr = 0.0005000
2025-10-29 12:46:43,177 - TopNet - INFO - [Epoch 94/150][Batch 401/2622] BatchTime = 0.197 (s) DataTime = 0.001 (s) Losses = ['2.5130', '2.5130'] lr = 0.0005000
2025-10-29 12:47:12,143 - TopNet - INFO - [Epoch 94/150][Batch 501/2622] BatchTime = 0.297 (s) DataTime = 0.001 (s) Losses = ['3.2102', '3.2102'] lr = 0.0005000
2025-10-29 12:47:39,173 - TopNet - INFO - [Epoch 94/150][Batch 601/2622] BatchTime = 0.124 (s) DataTime = 0.001 (s) Losses = ['2.3523', '2.3523'] lr = 0.0005000
2025-10-29 12:48:08,861 - TopNet - INFO - [Epoch 94/150][Batch 701/2622] BatchTime = 0.200 (s) DataTime = 0.001 (s) Losses = ['3.3294', '3.3294'] lr = 0.0005000
2025-10-29 12:48:34,311 - TopNet - INFO - [Epoch 94/150][Batch 801/2622] BatchTime = 0.106 (s) DataTime = 0.001 (s) Losses = ['3.7255', '3.7255'] lr = 0.0005000
2025-10-29 12:49:01,152 - TopNet - INFO - [Epoch 94/150][Batch 901/2622] BatchTime = 0.209 (s) DataTime = 0.001 (s) Losses = ['5.3761', '5.3761'] lr = 0.0005000
2025-10-29 12:49:29,123 - TopNet - INFO - [Epoch 94/150][Batch 1001/2622] BatchTime = 0.447 (s) DataTime = 0.001 (s) Losses = ['4.1788', '4.1788'] lr = 0.0005000
2025-10-29 12:49:55,972 - TopNet - INFO - [Epoch 94/150][Batch 1101/2622] BatchTime = 0.215 (s) DataTime = 0.001 (s) Losses = ['3.8212', '3.8212'] lr = 0.0005000
2025-10-29 12:50:24,330 - TopNet - INFO - [Epoch 94/150][Batch 1201/2622] BatchTime = 0.228 (s) DataTime = 0.001 (s) Losses = ['2.5747', '2.5747'] lr = 0.0005000
2025-10-29 12:50:51,682 - TopNet - INFO - [Epoch 94/150][Batch 1301/2622] BatchTime = 0.527 (s) DataTime = 0.001 (s) Losses = ['5.1498', '5.1498'] lr = 0.0005000
2025-10-29 12:51:19,399 - TopNet - INFO - [Epoch 94/150][Batch 1401/2622] BatchTime = 0.211 (s) DataTime = 0.001 (s) Losses = ['3.0638', '3.0638'] lr = 0.0005000
2025-10-29 12:51:47,007 - TopNet - INFO - [Epoch 94/150][Batch 1501/2622] BatchTime = 0.201 (s) DataTime = 0.001 (s) Losses = ['3.0061', '3.0061'] lr = 0.0005000
2025-10-29 12:52:15,238 - TopNet - INFO - [Epoch 94/150][Batch 1601/2622] BatchTime = 0.341 (s) DataTime = 0.001 (s) Losses = ['3.2476', '3.2476'] lr = 0.0005000
2025-10-29 12:52:40,360 - TopNet - INFO - [Epoch 94/150][Batch 1701/2622] BatchTime = 0.313 (s) DataTime = 0.001 (s) Losses = ['2.7148', '2.7148'] lr = 0.0005000
2025-10-29 12:53:07,191 - TopNet - INFO - [Epoch 94/150][Batch 1801/2622] BatchTime = 0.226 (s) DataTime = 0.001 (s) Losses = ['2.4869', '2.4869'] lr = 0.0005000
2025-10-29 12:53:34,213 - TopNet - INFO - [Epoch 94/150][Batch 1901/2622] BatchTime = 0.120 (s) DataTime = 0.001 (s) Losses = ['3.2402', '3.2402'] lr = 0.0005000
2025-10-29 12:54:00,115 - TopNet - INFO - [Epoch 94/150][Batch 2001/2622] BatchTime = 0.286 (s) DataTime = 0.001 (s) Losses = ['3.8754', '3.8754'] lr = 0.0005000
2025-10-29 12:54:26,556 - TopNet - INFO - [Epoch 94/150][Batch 2101/2622] BatchTime = 0.181 (s) DataTime = 0.001 (s) Losses = ['2.6812', '2.6812'] lr = 0.0005000
2025-10-29 12:54:53,078 - TopNet - INFO - [Epoch 94/150][Batch 2201/2622] BatchTime = 0.471 (s) DataTime = 0.001 (s) Losses = ['3.2023', '3.2023'] lr = 0.0005000
2025-10-29 12:55:22,597 - TopNet - INFO - [Epoch 94/150][Batch 2301/2622] BatchTime = 0.296 (s) DataTime = 0.001 (s) Losses = ['2.9492', '2.9492'] lr = 0.0005000
2025-10-29 12:55:49,801 - TopNet - INFO - [Epoch 94/150][Batch 2401/2622] BatchTime = 0.312 (s) DataTime = 0.001 (s) Losses = ['2.4653', '2.4653'] lr = 0.0005000
2025-10-29 12:56:16,166 - TopNet - INFO - [Epoch 94/150][Batch 2501/2622] BatchTime = 0.349 (s) DataTime = 0.001 (s) Losses = ['2.0681', '2.0681'] lr = 0.0005000
2025-10-29 12:56:43,311 - TopNet - INFO - [Epoch 94/150][Batch 2601/2622] BatchTime = 0.325 (s) DataTime = 0.001 (s) Losses = ['2.8236', '2.8236'] lr = 0.0005000
2025-10-29 12:56:49,270 - TopNet - INFO - [Training] EPOCH: 94 EpochTime = 715.208 (s) Losses = ['3.2556', '3.2556']
2025-10-29 12:56:49,359 - TopNet - INFO - Save checkpoint at ./experiments/TopNet/ShapeNet55_models/TopNet_fog/ckpt-last.pth
2025-10-29 12:56:49,580 - TopNet - INFO - [Epoch 95/150][Batch 1/2622] BatchTime = 0.221 (s) DataTime = 0.071 (s) Losses = ['3.3611', '3.3611'] lr = 0.0005000
2025-10-29 12:57:15,845 - TopNet - INFO - [Epoch 95/150][Batch 101/2622] BatchTime = 0.369 (s) DataTime = 0.001 (s) Losses = ['6.5550', '6.5550'] lr = 0.0005000
2025-10-29 12:57:44,338 - TopNet - INFO - [Epoch 95/150][Batch 201/2622] BatchTime = 0.219 (s) DataTime = 0.001 (s) Losses = ['2.4464', '2.4464'] lr = 0.0005000
2025-10-29 12:58:12,373 - TopNet - INFO - [Epoch 95/150][Batch 301/2622] BatchTime = 0.336 (s) DataTime = 0.001 (s) Losses = ['2.1193', '2.1193'] lr = 0.0005000
2025-10-29 12:58:38,468 - TopNet - INFO - [Epoch 95/150][Batch 401/2622] BatchTime = 0.368 (s) DataTime = 0.001 (s) Losses = ['2.8549', '2.8549'] lr = 0.0005000
2025-10-29 12:59:05,503 - TopNet - INFO - [Epoch 95/150][Batch 501/2622] BatchTime = 0.527 (s) DataTime = 0.001 (s) Losses = ['3.8878', '3.8878'] lr = 0.0005000
2025-10-29 12:59:33,475 - TopNet - INFO - [Epoch 95/150][Batch 601/2622] BatchTime = 0.370 (s) DataTime = 0.001 (s) Losses = ['2.6107', '2.6107'] lr = 0.0005000
2025-10-29 13:00:00,974 - TopNet - INFO - [Epoch 95/150][Batch 701/2622] BatchTime = 0.298 (s) DataTime = 0.001 (s) Losses = ['5.2887', '5.2887'] lr = 0.0005000
2025-10-29 13:00:27,904 - TopNet - INFO - [Epoch 95/150][Batch 801/2622] BatchTime = 0.109 (s) DataTime = 0.001 (s) Losses = ['3.8125', '3.8125'] lr = 0.0005000
2025-10-29 13:00:55,086 - TopNet - INFO - [Epoch 95/150][Batch 901/2622] BatchTime = 0.233 (s) DataTime = 0.001 (s) Losses = ['4.1408', '4.1408'] lr = 0.0005000
2025-10-29 13:01:22,257 - TopNet - INFO - [Epoch 95/150][Batch 1001/2622] BatchTime = 0.389 (s) DataTime = 0.001 (s) Losses = ['3.7639', '3.7639'] lr = 0.0005000
2025-10-29 13:01:48,832 - TopNet - INFO - [Epoch 95/150][Batch 1101/2622] BatchTime = 0.114 (s) DataTime = 0.001 (s) Losses = ['3.8051', '3.8051'] lr = 0.0005000
2025-10-29 13:02:17,194 - TopNet - INFO - [Epoch 95/150][Batch 1201/2622] BatchTime = 0.117 (s) DataTime = 0.001 (s) Losses = ['3.7470', '3.7470'] lr = 0.0005000
2025-10-29 13:02:44,493 - TopNet - INFO - [Epoch 95/150][Batch 1301/2622] BatchTime = 0.218 (s) DataTime = 0.001 (s) Losses = ['3.5075', '3.5075'] lr = 0.0005000
2025-10-29 13:03:11,581 - TopNet - INFO - [Epoch 95/150][Batch 1401/2622] BatchTime = 0.104 (s) DataTime = 0.001 (s) Losses = ['2.9921', '2.9921'] lr = 0.0005000
2025-10-29 13:03:37,482 - TopNet - INFO - [Epoch 95/150][Batch 1501/2622] BatchTime = 0.235 (s) DataTime = 0.001 (s) Losses = ['2.9648', '2.9648'] lr = 0.0005000
2025-10-29 13:04:04,326 - TopNet - INFO - [Epoch 95/150][Batch 1601/2622] BatchTime = 0.121 (s) DataTime = 0.001 (s) Losses = ['2.6918', '2.6918'] lr = 0.0005000
2025-10-29 13:04:32,569 - TopNet - INFO - [Epoch 95/150][Batch 1701/2622] BatchTime = 0.130 (s) DataTime = 0.001 (s) Losses = ['2.7703', '2.7703'] lr = 0.0005000
2025-10-29 13:05:01,210 - TopNet - INFO - [Epoch 95/150][Batch 1801/2622] BatchTime = 0.328 (s) DataTime = 0.001 (s) Losses = ['2.9603', '2.9603'] lr = 0.0005000
2025-10-29 13:05:26,973 - TopNet - INFO - [Epoch 95/150][Batch 1901/2622] BatchTime = 0.341 (s) DataTime = 0.001 (s) Losses = ['3.4992', '3.4992'] lr = 0.0005000
2025-10-29 13:05:52,266 - TopNet - INFO - [Epoch 95/150][Batch 2001/2622] BatchTime = 0.336 (s) DataTime = 0.001 (s) Losses = ['4.4423', '4.4423'] lr = 0.0005000
2025-10-29 13:06:19,950 - TopNet - INFO - [Epoch 95/150][Batch 2101/2622] BatchTime = 0.220 (s) DataTime = 0.001 (s) Losses = ['2.5436', '2.5436'] lr = 0.0005000
2025-10-29 13:06:45,645 - TopNet - INFO - [Epoch 95/150][Batch 2201/2622] BatchTime = 0.420 (s) DataTime = 0.001 (s) Losses = ['2.5677', '2.5677'] lr = 0.0005000
2025-10-29 13:07:12,253 - TopNet - INFO - [Epoch 95/150][Batch 2301/2622] BatchTime = 0.292 (s) DataTime = 0.001 (s) Losses = ['2.6516', '2.6516'] lr = 0.0005000
2025-10-29 13:07:37,308 - TopNet - INFO - [Epoch 95/150][Batch 2401/2622] BatchTime = 0.295 (s) DataTime = 0.001 (s) Losses = ['6.1219', '6.1219'] lr = 0.0005000
2025-10-29 13:08:05,299 - TopNet - INFO - [Epoch 95/150][Batch 2501/2622] BatchTime = 0.120 (s) DataTime = 0.001 (s) Losses = ['5.6417', '5.6417'] lr = 0.0005000
2025-10-29 13:08:31,868 - TopNet - INFO - [Epoch 95/150][Batch 2601/2622] BatchTime = 0.120 (s) DataTime = 0.001 (s) Losses = ['3.2355', '3.2355'] lr = 0.0005000
2025-10-29 13:08:36,994 - TopNet - INFO - [Training] EPOCH: 95 EpochTime = 707.635 (s) Losses = ['3.2864', '3.2864']
2025-10-29 13:08:36,994 - TopNet - INFO - [VALIDATION] Start validating epoch 95
2025-10-29 13:09:18,591 - TopNet - INFO - Test[1051/10518] Taxonomy = 02691156 Sample = c7749c0a8b61f43bc9b9e28055202e3d Losses = ['26.0388', '2.0722', '26.0388', '2.0722'] Metrics = ['0.0948', '26.0388', '2.0722', '0.0000']
2025-10-29 13:09:57,321 - TopNet - INFO - Test[2102/10518] Taxonomy = 03211117 Sample = ab2f9418c111cc6ddb965514105122a4 Losses = ['29.5598', '2.2613', '29.5598', '2.2613'] Metrics = ['0.0378', '29.5598', '2.2613', '0.0000']
2025-10-29 13:10:35,460 - TopNet - INFO - Test[3153/10518] Taxonomy = 02876657 Sample = c5032e4be091aabb36fe7a88df793982 Losses = ['41.1629', '4.9666', '41.1629', '4.9666'] Metrics = ['0.0127', '41.1629', '4.9666', '0.0000']
2025-10-29 13:11:14,591 - TopNet - INFO - Test[4204/10518] Taxonomy = 03211117 Sample = 722df1da5778d45b1e43523279c7f09f Losses = ['31.4070', '2.9124', '31.4070', '2.9124'] Metrics = ['0.0297', '31.4070', '2.9124', '0.0000']
2025-10-29 13:11:53,715 - TopNet - INFO - Test[5255/10518] Taxonomy = 02828884 Sample = 14b63361a48a9fffe4a048c146e8bd43 Losses = ['43.4336', '5.5293', '43.4336', '5.5293'] Metrics = ['0.0607', '43.4336', '5.5293', '0.0000']
2025-10-29 13:12:32,441 - TopNet - INFO - Test[6306/10518] Taxonomy = 03211117 Sample = d330d50a0255529d19ed6e1a590c9122 Losses = ['30.2648', '2.3224', '30.2648', '2.3224'] Metrics = ['0.0600', '30.2648', '2.3224', '0.0000']
2025-10-29 13:13:10,593 - TopNet - INFO - Test[7357/10518] Taxonomy = 04379243 Sample = b1ca280d9567270ade98d10ab5975b59 Losses = ['25.6062', '2.3388', '25.6062', '2.3388'] Metrics = ['0.0828', '25.6062', '2.3388', '0.0000']
2025-10-29 13:13:49,855 - TopNet - INFO - Test[8408/10518] Taxonomy = 03001627 Sample = 89208a619341d9fdb8c516ed5c4ce32 Losses = ['29.1387', '2.3811', '29.1387', '2.3811'] Metrics = ['0.0320', '29.1387', '2.3811', '0.0000']
2025-10-29 13:14:27,347 - TopNet - INFO - Test[9459/10518] Taxonomy = 03001627 Sample = d0255120e3351121c3bd24f986301745 Losses = ['34.8415', '4.1171', '34.8415', '4.1171'] Metrics = ['0.0421', '34.8415', '4.1171', '0.0000']
2025-10-29 13:15:05,586 - TopNet - INFO - Test[10510/10518] Taxonomy = 03636649 Sample = ea9ec4d9db2e06202471e6dd5ac3ef92 Losses = ['23.7754', '1.9006', '23.7754', '1.9006'] Metrics = ['0.1410', '23.7754', '1.9006', '0.0000']
2025-10-29 13:15:06,036 - TopNet - INFO - [Validation] EPOCH: 95  Metrics = ['0.0679', '34.7448', '3.9885', '0.0000']
2025-10-29 13:15:06,036 - TopNet - INFO - ============================ TEST RESULTS ============================
2025-10-29 13:15:06,036 - TopNet - INFO - Taxonomy	#Sample	F-Score	CDL1	CDL2	EMDistance	#ModelName	
2025-10-29 13:15:06,036 - TopNet - INFO - 03759954	14	0.072 	37.497 	5.942 	0.000 	microphone	
2025-10-29 13:15:06,036 - TopNet - INFO - 04330267	44	0.026 	40.762 	4.852 	0.000 	stove	
2025-10-29 13:15:06,036 - TopNet - INFO - 03261776	15	0.034 	41.708 	6.653 	0.000 	earphone	
2025-10-29 13:15:06,036 - TopNet - INFO - 03513137	33	0.012 	53.747 	8.974 	0.000 	helmet	
2025-10-29 13:15:06,036 - TopNet - INFO - 04460130	27	0.079 	31.568 	3.173 	0.000 	tower	
2025-10-29 13:15:06,036 - TopNet - INFO - 04468005	78	0.089 	26.838 	2.162 	0.000 	train	
2025-10-29 13:15:06,036 - TopNet - INFO - 03761084	31	0.016 	44.006 	5.636 	0.000 	microwaves	
2025-10-29 13:15:06,036 - TopNet - INFO - 04004475	34	0.026 	42.305 	5.503 	0.000 	printer	
2025-10-29 13:15:06,036 - TopNet - INFO - 03938244	20	0.029 	45.434 	6.330 	0.000 	pillow	
2025-10-29 13:15:06,036 - TopNet - INFO - 02992529	167	0.087 	24.006 	1.592 	0.000 	cellphone	
2025-10-29 13:15:06,036 - TopNet - INFO - 02808440	172	0.034 	38.255 	4.618 	0.000 	bathtub	
2025-10-29 13:15:06,036 - TopNet - INFO - 04530566	388	0.100 	27.033 	2.256 	0.000 	watercraft	
2025-10-29 13:15:06,036 - TopNet - INFO - 02871439	91	0.042 	35.077 	4.089 	0.000 	bookshelf	
2025-10-29 13:15:06,036 - TopNet - INFO - 03593526	120	0.026 	45.307 	6.315 	0.000 	jar	
2025-10-29 13:15:06,036 - TopNet - INFO - 04554684	34	0.014 	44.161 	5.401 	0.000 	washer	
2025-10-29 13:15:06,036 - TopNet - INFO - 03467517	160	0.322 	15.503 	0.779 	0.000 	guitar	
2025-10-29 13:15:06,036 - TopNet - INFO - 04401088	218	0.088 	23.936 	1.629 	0.000 	telephone	
2025-10-29 13:15:06,036 - TopNet - INFO - 02954340	12	0.018 	44.942 	6.793 	0.000 	cap	
2025-10-29 13:15:06,036 - TopNet - INFO - 02933112	315	0.032 	34.506 	3.367 	0.000 	cabinet	
2025-10-29 13:15:06,036 - TopNet - INFO - 03642806	92	0.080 	24.773 	1.757 	0.000 	laptop	
2025-10-29 13:15:06,036 - TopNet - INFO - 02924116	188	0.054 	30.263 	2.556 	0.000 	bus	
2025-10-29 13:15:06,036 - TopNet - INFO - 02946921	22	0.011 	47.293 	5.963 	0.000 	can	
2025-10-29 13:15:06,036 - TopNet - INFO - 02818832	47	0.030 	40.857 	5.297 	0.000 	bed	
2025-10-29 13:15:06,036 - TopNet - INFO - 04256520	635	0.036 	34.266 	3.295 	0.000 	sofa	
2025-10-29 13:15:06,036 - TopNet - INFO - 04379243	1687	0.085 	30.491 	3.378 	0.000 	table	
2025-10-29 13:15:06,036 - TopNet - INFO - 02747177	69	0.017 	40.356 	4.613 	0.000 	trash bin	
2025-10-29 13:15:06,036 - TopNet - INFO - 03046257	131	0.043 	36.166 	4.032 	0.000 	clock	
2025-10-29 13:15:06,036 - TopNet - INFO - 04225987	31	0.119 	24.770 	2.085 	0.000 	skateboard	
2025-10-29 13:15:06,036 - TopNet - INFO - 03797390	43	0.018 	40.005 	4.751 	0.000 	mug	
2025-10-29 13:15:06,036 - TopNet - INFO - 03001627	1356	0.051 	33.851 	3.564 	0.000 	chair	
2025-10-29 13:15:06,036 - TopNet - INFO - 03691459	320	0.025 	40.900 	4.887 	0.000 	loudspeaker	
2025-10-29 13:15:06,036 - TopNet - INFO - 02942699	23	0.021 	45.891 	6.530 	0.000 	camera	
2025-10-29 13:15:06,037 - TopNet - INFO - 03636649	464	0.077 	36.205 	4.895 	0.000 	lamp	
2025-10-29 13:15:06,037 - TopNet - INFO - 02691156	809	0.163 	22.263 	1.760 	0.000 	airplane	
2025-10-29 13:15:06,037 - TopNet - INFO - 02773838	17	0.034 	39.774 	5.013 	0.000 	bag	
2025-10-29 13:15:06,037 - TopNet - INFO - 02958343	703	0.047 	29.542 	2.447 	0.000 	car	
2025-10-29 13:15:06,037 - TopNet - INFO - 02880940	38	0.023 	40.304 	4.878 	0.000 	bowl	
2025-10-29 13:15:06,037 - TopNet - INFO - 04099429	17	0.192 	22.551 	1.696 	0.000 	rocket	
2025-10-29 13:15:06,037 - TopNet - INFO - 02828884	363	0.102 	28.366 	2.779 	0.000 	bench	
2025-10-29 13:15:06,037 - TopNet - INFO - 04090263	475	0.293 	17.645 	1.133 	0.000 	rifle	
2025-10-29 13:15:06,037 - TopNet - INFO - 03211117	219	0.055 	32.162 	3.243 	0.000 	display	
2025-10-29 13:15:06,037 - TopNet - INFO - 02876657	100	0.051 	31.967 	2.990 	0.000 	bottle	
2025-10-29 13:15:06,037 - TopNet - INFO - 03710193	19	0.043 	38.820 	4.501 	0.000 	mailbox	
2025-10-29 13:15:06,037 - TopNet - INFO - 03790512	68	0.065 	30.303 	2.795 	0.000 	motorbike	
2025-10-29 13:15:06,037 - TopNet - INFO - 03325088	149	0.053 	37.871 	5.101 	0.000 	faucet	
2025-10-29 13:15:06,037 - TopNet - INFO - 02801938	23	0.022 	41.967 	5.430 	0.000 	basket	
2025-10-29 13:15:06,037 - TopNet - INFO - 03337140	60	0.029 	36.300 	3.779 	0.000 	file cabinet	
2025-10-29 13:15:06,037 - TopNet - INFO - 02843684	15	0.019 	43.266 	5.557 	0.000 	birdhouse	
2025-10-29 13:15:06,037 - TopNet - INFO - 03624134	85	0.309 	15.432 	0.792 	0.000 	knife	
2025-10-29 13:15:06,037 - TopNet - INFO - 03991062	121	0.027 	42.908 	5.700 	0.000 	flowerpot	
2025-10-29 13:15:06,037 - TopNet - INFO - 03948459	62	0.131 	23.283 	1.640 	0.000 	pistol	
2025-10-29 13:15:06,037 - TopNet - INFO - 03928116	48	0.029 	43.211 	5.751 	0.000 	piano	
2025-10-29 13:15:06,037 - TopNet - INFO - 03207941	19	0.018 	41.561 	5.176 	0.000 	dishwasher	
2025-10-29 13:15:06,037 - TopNet - INFO - 04074963	14	0.064 	27.790 	2.077 	0.000 	remote	
2025-10-29 13:15:06,037 - TopNet - INFO - 03085013	13	0.152 	20.997 	1.467 	0.000 	keyboard	
2025-10-29 13:15:06,037 - TopNet - INFO - Overall		0.068 	34.745 	3.989 	0.000 	
2025-10-29 13:15:06,136 - TopNet - INFO - Save checkpoint at ./experiments/TopNet/ShapeNet55_models/TopNet_fog/ckpt-last.pth
2025-10-29 13:15:06,506 - TopNet - INFO - [Epoch 96/150][Batch 1/2622] BatchTime = 0.370 (s) DataTime = 0.075 (s) Losses = ['2.7632', '2.7632'] lr = 0.0005000
2025-10-29 13:15:35,526 - TopNet - INFO - [Epoch 96/150][Batch 101/2622] BatchTime = 0.333 (s) DataTime = 0.001 (s) Losses = ['2.4615', '2.4615'] lr = 0.0005000
2025-10-29 13:16:03,320 - TopNet - INFO - [Epoch 96/150][Batch 201/2622] BatchTime = 0.453 (s) DataTime = 0.001 (s) Losses = ['3.0011', '3.0011'] lr = 0.0005000
2025-10-29 13:16:29,520 - TopNet - INFO - [Epoch 96/150][Batch 301/2622] BatchTime = 0.308 (s) DataTime = 0.001 (s) Losses = ['3.2461', '3.2461'] lr = 0.0005000
2025-10-29 13:16:58,520 - TopNet - INFO - [Epoch 96/150][Batch 401/2622] BatchTime = 0.405 (s) DataTime = 0.001 (s) Losses = ['2.8173', '2.8173'] lr = 0.0005000
2025-10-29 13:17:25,840 - TopNet - INFO - [Epoch 96/150][Batch 501/2622] BatchTime = 0.107 (s) DataTime = 0.001 (s) Losses = ['3.2744', '3.2744'] lr = 0.0005000
2025-10-29 13:17:53,607 - TopNet - INFO - [Epoch 96/150][Batch 601/2622] BatchTime = 0.296 (s) DataTime = 0.001 (s) Losses = ['2.3179', '2.3179'] lr = 0.0005000
2025-10-29 13:18:20,639 - TopNet - INFO - [Epoch 96/150][Batch 701/2622] BatchTime = 0.213 (s) DataTime = 0.001 (s) Losses = ['1.7818', '1.7818'] lr = 0.0005000
2025-10-29 13:18:47,099 - TopNet - INFO - [Epoch 96/150][Batch 801/2622] BatchTime = 0.318 (s) DataTime = 0.001 (s) Losses = ['3.4672', '3.4672'] lr = 0.0005000
2025-10-29 13:19:13,833 - TopNet - INFO - [Epoch 96/150][Batch 901/2622] BatchTime = 0.237 (s) DataTime = 0.001 (s) Losses = ['3.0893', '3.0893'] lr = 0.0005000
2025-10-29 13:19:42,078 - TopNet - INFO - [Epoch 96/150][Batch 1001/2622] BatchTime = 0.423 (s) DataTime = 0.001 (s) Losses = ['2.5203', '2.5203'] lr = 0.0005000
2025-10-29 13:20:10,489 - TopNet - INFO - [Epoch 96/150][Batch 1101/2622] BatchTime = 0.422 (s) DataTime = 0.001 (s) Losses = ['4.4137', '4.4137'] lr = 0.0005000
2025-10-29 13:20:39,265 - TopNet - INFO - [Epoch 96/150][Batch 1201/2622] BatchTime = 0.117 (s) DataTime = 0.001 (s) Losses = ['3.0787', '3.0787'] lr = 0.0005000
2025-10-29 13:21:04,503 - TopNet - INFO - [Epoch 96/150][Batch 1301/2622] BatchTime = 0.329 (s) DataTime = 0.001 (s) Losses = ['3.1186', '3.1186'] lr = 0.0005000
2025-10-29 13:21:29,071 - TopNet - INFO - [Epoch 96/150][Batch 1401/2622] BatchTime = 0.292 (s) DataTime = 0.001 (s) Losses = ['2.6549', '2.6549'] lr = 0.0005000
2025-10-29 13:21:56,499 - TopNet - INFO - [Epoch 96/150][Batch 1501/2622] BatchTime = 0.244 (s) DataTime = 0.001 (s) Losses = ['4.2766', '4.2766'] lr = 0.0005000
2025-10-29 13:22:23,327 - TopNet - INFO - [Epoch 96/150][Batch 1601/2622] BatchTime = 0.341 (s) DataTime = 0.001 (s) Losses = ['2.4912', '2.4912'] lr = 0.0005000
2025-10-29 13:22:51,305 - TopNet - INFO - [Epoch 96/150][Batch 1701/2622] BatchTime = 0.199 (s) DataTime = 0.001 (s) Losses = ['2.8837', '2.8837'] lr = 0.0005000
2025-10-29 13:23:19,577 - TopNet - INFO - [Epoch 96/150][Batch 1801/2622] BatchTime = 0.238 (s) DataTime = 0.001 (s) Losses = ['3.4144', '3.4144'] lr = 0.0005000
2025-10-29 13:23:46,302 - TopNet - INFO - [Epoch 96/150][Batch 1901/2622] BatchTime = 0.288 (s) DataTime = 0.001 (s) Losses = ['2.2065', '2.2065'] lr = 0.0005000
2025-10-29 13:24:13,725 - TopNet - INFO - [Epoch 96/150][Batch 2001/2622] BatchTime = 0.144 (s) DataTime = 0.001 (s) Losses = ['4.2023', '4.2023'] lr = 0.0005000
2025-10-29 13:24:39,710 - TopNet - INFO - [Epoch 96/150][Batch 2101/2622] BatchTime = 0.292 (s) DataTime = 0.001 (s) Losses = ['2.7333', '2.7333'] lr = 0.0005000
2025-10-29 13:25:06,352 - TopNet - INFO - [Epoch 96/150][Batch 2201/2622] BatchTime = 0.441 (s) DataTime = 0.001 (s) Losses = ['2.8080', '2.8080'] lr = 0.0005000
2025-10-29 13:25:31,785 - TopNet - INFO - [Epoch 96/150][Batch 2301/2622] BatchTime = 0.223 (s) DataTime = 0.001 (s) Losses = ['2.8688', '2.8688'] lr = 0.0005000
2025-10-29 13:25:59,460 - TopNet - INFO - [Epoch 96/150][Batch 2401/2622] BatchTime = 0.114 (s) DataTime = 0.001 (s) Losses = ['2.7716', '2.7716'] lr = 0.0005000
2025-10-29 13:26:25,161 - TopNet - INFO - [Epoch 96/150][Batch 2501/2622] BatchTime = 0.129 (s) DataTime = 0.001 (s) Losses = ['2.8753', '2.8753'] lr = 0.0005000
2025-10-29 13:26:53,203 - TopNet - INFO - [Epoch 96/150][Batch 2601/2622] BatchTime = 0.142 (s) DataTime = 0.001 (s) Losses = ['3.4355', '3.4355'] lr = 0.0005000
2025-10-29 13:26:58,357 - TopNet - INFO - [Training] EPOCH: 96 EpochTime = 712.221 (s) Losses = ['3.2708', '3.2708']
2025-10-29 13:26:58,455 - TopNet - INFO - Save checkpoint at ./experiments/TopNet/ShapeNet55_models/TopNet_fog/ckpt-last.pth
2025-10-29 13:26:58,998 - TopNet - INFO - [Epoch 97/150][Batch 1/2622] BatchTime = 0.543 (s) DataTime = 0.072 (s) Losses = ['2.4460', '2.4460'] lr = 0.0005000
2025-10-29 13:27:29,879 - TopNet - INFO - [Epoch 97/150][Batch 101/2622] BatchTime = 0.316 (s) DataTime = 0.001 (s) Losses = ['3.2133', '3.2133'] lr = 0.0005000
2025-10-29 13:27:57,041 - TopNet - INFO - [Epoch 97/150][Batch 201/2622] BatchTime = 0.300 (s) DataTime = 0.001 (s) Losses = ['2.6235', '2.6235'] lr = 0.0005000
2025-10-29 13:28:25,534 - TopNet - INFO - [Epoch 97/150][Batch 301/2622] BatchTime = 0.113 (s) DataTime = 0.001 (s) Losses = ['3.5146', '3.5146'] lr = 0.0005000
2025-10-29 13:28:52,674 - TopNet - INFO - [Epoch 97/150][Batch 401/2622] BatchTime = 0.220 (s) DataTime = 0.001 (s) Losses = ['4.1610', '4.1610'] lr = 0.0005000
2025-10-29 13:29:18,448 - TopNet - INFO - [Epoch 97/150][Batch 501/2622] BatchTime = 0.334 (s) DataTime = 0.001 (s) Losses = ['4.6692', '4.6692'] lr = 0.0005000
2025-10-29 13:29:46,320 - TopNet - INFO - [Epoch 97/150][Batch 601/2622] BatchTime = 0.191 (s) DataTime = 0.001 (s) Losses = ['4.9626', '4.9626'] lr = 0.0005000
2025-10-29 13:30:12,565 - TopNet - INFO - [Epoch 97/150][Batch 701/2622] BatchTime = 0.236 (s) DataTime = 0.001 (s) Losses = ['2.8062', '2.8062'] lr = 0.0005000
2025-10-29 13:30:38,305 - TopNet - INFO - [Epoch 97/150][Batch 801/2622] BatchTime = 0.197 (s) DataTime = 0.001 (s) Losses = ['4.1889', '4.1889'] lr = 0.0005000
2025-10-29 13:31:03,642 - TopNet - INFO - [Epoch 97/150][Batch 901/2622] BatchTime = 0.305 (s) DataTime = 0.001 (s) Losses = ['3.0042', '3.0042'] lr = 0.0005000
2025-10-29 13:31:31,247 - TopNet - INFO - [Epoch 97/150][Batch 1001/2622] BatchTime = 0.230 (s) DataTime = 0.001 (s) Losses = ['2.5698', '2.5698'] lr = 0.0005000
2025-10-29 13:31:58,877 - TopNet - INFO - [Epoch 97/150][Batch 1101/2622] BatchTime = 0.121 (s) DataTime = 0.001 (s) Losses = ['3.8735', '3.8735'] lr = 0.0005000
2025-10-29 13:32:26,137 - TopNet - INFO - [Epoch 97/150][Batch 1201/2622] BatchTime = 0.119 (s) DataTime = 0.001 (s) Losses = ['2.8072', '2.8072'] lr = 0.0005000
2025-10-29 13:32:53,113 - TopNet - INFO - [Epoch 97/150][Batch 1301/2622] BatchTime = 0.234 (s) DataTime = 0.001 (s) Losses = ['4.4069', '4.4069'] lr = 0.0005000
2025-10-29 13:33:18,113 - TopNet - INFO - [Epoch 97/150][Batch 1401/2622] BatchTime = 0.279 (s) DataTime = 0.001 (s) Losses = ['3.8815', '3.8815'] lr = 0.0005000
2025-10-29 13:33:45,546 - TopNet - INFO - [Epoch 97/150][Batch 1501/2622] BatchTime = 0.134 (s) DataTime = 0.001 (s) Losses = ['3.5445', '3.5445'] lr = 0.0005000
2025-10-29 13:34:11,829 - TopNet - INFO - [Epoch 97/150][Batch 1601/2622] BatchTime = 0.290 (s) DataTime = 0.001 (s) Losses = ['3.0187', '3.0187'] lr = 0.0005000
2025-10-29 13:34:38,902 - TopNet - INFO - [Epoch 97/150][Batch 1701/2622] BatchTime = 0.195 (s) DataTime = 0.001 (s) Losses = ['3.5247', '3.5247'] lr = 0.0005000
2025-10-29 13:35:04,874 - TopNet - INFO - [Epoch 97/150][Batch 1801/2622] BatchTime = 0.363 (s) DataTime = 0.001 (s) Losses = ['3.1151', '3.1151'] lr = 0.0005000
2025-10-29 13:35:33,187 - TopNet - INFO - [Epoch 97/150][Batch 1901/2622] BatchTime = 0.224 (s) DataTime = 0.001 (s) Losses = ['3.8103', '3.8103'] lr = 0.0005000
2025-10-29 13:36:00,013 - TopNet - INFO - [Epoch 97/150][Batch 2001/2622] BatchTime = 0.192 (s) DataTime = 0.001 (s) Losses = ['3.0535', '3.0535'] lr = 0.0005000
2025-10-29 13:36:25,844 - TopNet - INFO - [Epoch 97/150][Batch 2101/2622] BatchTime = 0.307 (s) DataTime = 0.001 (s) Losses = ['2.9878', '2.9878'] lr = 0.0005000
2025-10-29 13:36:52,056 - TopNet - INFO - [Epoch 97/150][Batch 2201/2622] BatchTime = 0.368 (s) DataTime = 0.001 (s) Losses = ['2.8661', '2.8661'] lr = 0.0005000
2025-10-29 13:37:18,026 - TopNet - INFO - [Epoch 97/150][Batch 2301/2622] BatchTime = 0.223 (s) DataTime = 0.001 (s) Losses = ['1.9157', '1.9157'] lr = 0.0005000
2025-10-29 13:37:44,510 - TopNet - INFO - [Epoch 97/150][Batch 2401/2622] BatchTime = 0.527 (s) DataTime = 0.001 (s) Losses = ['2.2365', '2.2365'] lr = 0.0005000
2025-10-29 13:38:11,176 - TopNet - INFO - [Epoch 97/150][Batch 2501/2622] BatchTime = 0.214 (s) DataTime = 0.001 (s) Losses = ['2.8990', '2.8990'] lr = 0.0005000
2025-10-29 13:38:41,189 - TopNet - INFO - [Epoch 97/150][Batch 2601/2622] BatchTime = 0.127 (s) DataTime = 0.001 (s) Losses = ['3.3762', '3.3762'] lr = 0.0005000
2025-10-29 13:38:47,121 - TopNet - INFO - [Training] EPOCH: 97 EpochTime = 708.666 (s) Losses = ['3.2576', '3.2576']
2025-10-29 13:38:47,217 - TopNet - INFO - Save checkpoint at ./experiments/TopNet/ShapeNet55_models/TopNet_fog/ckpt-last.pth
2025-10-29 13:38:47,604 - TopNet - INFO - [Epoch 98/150][Batch 1/2622] BatchTime = 0.386 (s) DataTime = 0.071 (s) Losses = ['2.5549', '2.5549'] lr = 0.0005000
2025-10-29 13:39:15,271 - TopNet - INFO - [Epoch 98/150][Batch 101/2622] BatchTime = 0.338 (s) DataTime = 0.001 (s) Losses = ['5.7750', '5.7750'] lr = 0.0005000
2025-10-29 13:39:42,322 - TopNet - INFO - [Epoch 98/150][Batch 201/2622] BatchTime = 0.316 (s) DataTime = 0.001 (s) Losses = ['2.9481', '2.9481'] lr = 0.0005000
2025-10-29 13:40:08,922 - TopNet - INFO - [Epoch 98/150][Batch 301/2622] BatchTime = 0.126 (s) DataTime = 0.001 (s) Losses = ['2.4787', '2.4787'] lr = 0.0005000
2025-10-29 13:40:35,849 - TopNet - INFO - [Epoch 98/150][Batch 401/2622] BatchTime = 0.204 (s) DataTime = 0.001 (s) Losses = ['3.9226', '3.9226'] lr = 0.0005000
2025-10-29 13:41:04,764 - TopNet - INFO - [Epoch 98/150][Batch 501/2622] BatchTime = 0.231 (s) DataTime = 0.001 (s) Losses = ['2.5940', '2.5940'] lr = 0.0005000
2025-10-29 13:41:32,856 - TopNet - INFO - [Epoch 98/150][Batch 601/2622] BatchTime = 0.451 (s) DataTime = 0.001 (s) Losses = ['3.0374', '3.0374'] lr = 0.0005000
2025-10-29 13:41:59,389 - TopNet - INFO - [Epoch 98/150][Batch 701/2622] BatchTime = 0.253 (s) DataTime = 0.001 (s) Losses = ['3.2023', '3.2023'] lr = 0.0005000
2025-10-29 13:42:25,226 - TopNet - INFO - [Epoch 98/150][Batch 801/2622] BatchTime = 0.325 (s) DataTime = 0.001 (s) Losses = ['2.4009', '2.4009'] lr = 0.0005000
2025-10-29 13:42:53,853 - TopNet - INFO - [Epoch 98/150][Batch 901/2622] BatchTime = 0.105 (s) DataTime = 0.001 (s) Losses = ['3.0928', '3.0928'] lr = 0.0005000
2025-10-29 13:43:22,521 - TopNet - INFO - [Epoch 98/150][Batch 1001/2622] BatchTime = 0.251 (s) DataTime = 0.001 (s) Losses = ['2.3847', '2.3847'] lr = 0.0005000
2025-10-29 13:43:50,606 - TopNet - INFO - [Epoch 98/150][Batch 1101/2622] BatchTime = 0.135 (s) DataTime = 0.001 (s) Losses = ['2.6812', '2.6812'] lr = 0.0005000
2025-10-29 13:44:17,870 - TopNet - INFO - [Epoch 98/150][Batch 1201/2622] BatchTime = 0.117 (s) DataTime = 0.001 (s) Losses = ['3.5639', '3.5639'] lr = 0.0005000
2025-10-29 13:44:45,284 - TopNet - INFO - [Epoch 98/150][Batch 1301/2622] BatchTime = 0.290 (s) DataTime = 0.001 (s) Losses = ['3.8090', '3.8090'] lr = 0.0005000
2025-10-29 13:45:12,584 - TopNet - INFO - [Epoch 98/150][Batch 1401/2622] BatchTime = 0.400 (s) DataTime = 0.001 (s) Losses = ['2.4312', '2.4312'] lr = 0.0005000
2025-10-29 13:45:41,012 - TopNet - INFO - [Epoch 98/150][Batch 1501/2622] BatchTime = 0.191 (s) DataTime = 0.001 (s) Losses = ['2.6380', '2.6380'] lr = 0.0005000
2025-10-29 13:46:08,440 - TopNet - INFO - [Epoch 98/150][Batch 1601/2622] BatchTime = 0.425 (s) DataTime = 0.001 (s) Losses = ['2.8830', '2.8830'] lr = 0.0005000
2025-10-29 13:46:37,139 - TopNet - INFO - [Epoch 98/150][Batch 1701/2622] BatchTime = 0.312 (s) DataTime = 0.001 (s) Losses = ['3.1055', '3.1055'] lr = 0.0005000
2025-10-29 13:47:04,117 - TopNet - INFO - [Epoch 98/150][Batch 1801/2622] BatchTime = 0.242 (s) DataTime = 0.001 (s) Losses = ['2.1619', '2.1619'] lr = 0.0005000
2025-10-29 13:47:30,531 - TopNet - INFO - [Epoch 98/150][Batch 1901/2622] BatchTime = 0.319 (s) DataTime = 0.001 (s) Losses = ['3.6944', '3.6944'] lr = 0.0005000
2025-10-29 13:47:58,784 - TopNet - INFO - [Epoch 98/150][Batch 2001/2622] BatchTime = 0.159 (s) DataTime = 0.001 (s) Losses = ['3.7693', '3.7693'] lr = 0.0005000
2025-10-29 13:48:27,408 - TopNet - INFO - [Epoch 98/150][Batch 2101/2622] BatchTime = 0.216 (s) DataTime = 0.001 (s) Losses = ['3.4657', '3.4657'] lr = 0.0005000
2025-10-29 13:48:52,845 - TopNet - INFO - [Epoch 98/150][Batch 2201/2622] BatchTime = 0.206 (s) DataTime = 0.001 (s) Losses = ['3.0426', '3.0426'] lr = 0.0005000
2025-10-29 13:49:20,307 - TopNet - INFO - [Epoch 98/150][Batch 2301/2622] BatchTime = 0.401 (s) DataTime = 0.001 (s) Losses = ['3.9606', '3.9606'] lr = 0.0005000
2025-10-29 13:49:48,059 - TopNet - INFO - [Epoch 98/150][Batch 2401/2622] BatchTime = 0.290 (s) DataTime = 0.001 (s) Losses = ['4.0235', '4.0235'] lr = 0.0005000
2025-10-29 13:50:15,968 - TopNet - INFO - [Epoch 98/150][Batch 2501/2622] BatchTime = 0.145 (s) DataTime = 0.001 (s) Losses = ['3.0534', '3.0534'] lr = 0.0005000
2025-10-29 13:50:46,166 - TopNet - INFO - [Epoch 98/150][Batch 2601/2622] BatchTime = 0.228 (s) DataTime = 0.001 (s) Losses = ['3.8309', '3.8309'] lr = 0.0005000
2025-10-29 13:50:51,622 - TopNet - INFO - [Training] EPOCH: 98 EpochTime = 724.404 (s) Losses = ['3.2506', '3.2506']
2025-10-29 13:50:51,713 - TopNet - INFO - Save checkpoint at ./experiments/TopNet/ShapeNet55_models/TopNet_fog/ckpt-last.pth
2025-10-29 13:50:51,988 - TopNet - INFO - [Epoch 99/150][Batch 1/2622] BatchTime = 0.274 (s) DataTime = 0.073 (s) Losses = ['4.4586', '4.4586'] lr = 0.0005000
2025-10-29 13:51:22,645 - TopNet - INFO - [Epoch 99/150][Batch 101/2622] BatchTime = 0.195 (s) DataTime = 0.001 (s) Losses = ['4.3771', '4.3771'] lr = 0.0005000
2025-10-29 13:51:46,048 - TopNet - INFO - [Epoch 99/150][Batch 201/2622] BatchTime = 0.395 (s) DataTime = 0.001 (s) Losses = ['2.0308', '2.0308'] lr = 0.0005000
2025-10-29 13:52:13,275 - TopNet - INFO - [Epoch 99/150][Batch 301/2622] BatchTime = 0.200 (s) DataTime = 0.001 (s) Losses = ['3.7172', '3.7172'] lr = 0.0005000
2025-10-29 13:52:39,242 - TopNet - INFO - [Epoch 99/150][Batch 401/2622] BatchTime = 0.319 (s) DataTime = 0.001 (s) Losses = ['3.9679', '3.9679'] lr = 0.0005000
2025-10-29 13:53:09,030 - TopNet - INFO - [Epoch 99/150][Batch 501/2622] BatchTime = 0.441 (s) DataTime = 0.001 (s) Losses = ['2.7139', '2.7139'] lr = 0.0005000
2025-10-29 13:53:36,311 - TopNet - INFO - [Epoch 99/150][Batch 601/2622] BatchTime = 0.324 (s) DataTime = 0.001 (s) Losses = ['2.3486', '2.3486'] lr = 0.0005000
2025-10-29 13:54:03,669 - TopNet - INFO - [Epoch 99/150][Batch 701/2622] BatchTime = 0.214 (s) DataTime = 0.001 (s) Losses = ['3.7543', '3.7543'] lr = 0.0005000
2025-10-29 13:54:31,267 - TopNet - INFO - [Epoch 99/150][Batch 801/2622] BatchTime = 0.226 (s) DataTime = 0.001 (s) Losses = ['2.6164', '2.6164'] lr = 0.0005000
2025-10-29 13:55:00,391 - TopNet - INFO - [Epoch 99/150][Batch 901/2622] BatchTime = 0.314 (s) DataTime = 0.001 (s) Losses = ['2.6678', '2.6678'] lr = 0.0005000
2025-10-29 13:55:27,585 - TopNet - INFO - [Epoch 99/150][Batch 1001/2622] BatchTime = 0.247 (s) DataTime = 0.001 (s) Losses = ['2.4456', '2.4456'] lr = 0.0005000
2025-10-29 13:55:55,803 - TopNet - INFO - [Epoch 99/150][Batch 1101/2622] BatchTime = 0.338 (s) DataTime = 0.001 (s) Losses = ['2.8786', '2.8786'] lr = 0.0005000
2025-10-29 13:56:23,537 - TopNet - INFO - [Epoch 99/150][Batch 1201/2622] BatchTime = 0.157 (s) DataTime = 0.001 (s) Losses = ['2.3799', '2.3799'] lr = 0.0005000
2025-10-29 13:56:51,111 - TopNet - INFO - [Epoch 99/150][Batch 1301/2622] BatchTime = 0.481 (s) DataTime = 0.001 (s) Losses = ['3.0316', '3.0316'] lr = 0.0005000
2025-10-29 13:57:17,293 - TopNet - INFO - [Epoch 99/150][Batch 1401/2622] BatchTime = 0.126 (s) DataTime = 0.001 (s) Losses = ['3.8507', '3.8507'] lr = 0.0005000
2025-10-29 13:57:46,277 - TopNet - INFO - [Epoch 99/150][Batch 1501/2622] BatchTime = 0.341 (s) DataTime = 0.001 (s) Losses = ['3.8177', '3.8177'] lr = 0.0005000
2025-10-29 13:58:13,614 - TopNet - INFO - [Epoch 99/150][Batch 1601/2622] BatchTime = 0.419 (s) DataTime = 0.001 (s) Losses = ['2.4396', '2.4396'] lr = 0.0005000
2025-10-29 13:58:41,599 - TopNet - INFO - [Epoch 99/150][Batch 1701/2622] BatchTime = 0.301 (s) DataTime = 0.001 (s) Losses = ['4.5236', '4.5236'] lr = 0.0005000
2025-10-29 13:59:07,839 - TopNet - INFO - [Epoch 99/150][Batch 1801/2622] BatchTime = 0.218 (s) DataTime = 0.001 (s) Losses = ['3.0510', '3.0510'] lr = 0.0005000
2025-10-29 13:59:35,589 - TopNet - INFO - [Epoch 99/150][Batch 1901/2622] BatchTime = 0.252 (s) DataTime = 0.001 (s) Losses = ['2.1923', '2.1923'] lr = 0.0005000
2025-10-29 14:00:03,399 - TopNet - INFO - [Epoch 99/150][Batch 2001/2622] BatchTime = 0.131 (s) DataTime = 0.001 (s) Losses = ['2.1155', '2.1155'] lr = 0.0005000
2025-10-29 14:00:30,879 - TopNet - INFO - [Epoch 99/150][Batch 2101/2622] BatchTime = 0.232 (s) DataTime = 0.001 (s) Losses = ['2.5714', '2.5714'] lr = 0.0005000
2025-10-29 14:00:58,123 - TopNet - INFO - [Epoch 99/150][Batch 2201/2622] BatchTime = 0.299 (s) DataTime = 0.001 (s) Losses = ['3.2670', '3.2670'] lr = 0.0005000
2025-10-29 14:01:22,347 - TopNet - INFO - [Epoch 99/150][Batch 2301/2622] BatchTime = 0.404 (s) DataTime = 0.001 (s) Losses = ['2.9043', '2.9043'] lr = 0.0005000
2025-10-29 14:01:48,520 - TopNet - INFO - [Epoch 99/150][Batch 2401/2622] BatchTime = 0.223 (s) DataTime = 0.001 (s) Losses = ['2.4966', '2.4966'] lr = 0.0005000
2025-10-29 14:02:14,428 - TopNet - INFO - [Epoch 99/150][Batch 2501/2622] BatchTime = 0.239 (s) DataTime = 0.001 (s) Losses = ['4.3032', '4.3032'] lr = 0.0005000
2025-10-29 14:02:40,580 - TopNet - INFO - [Epoch 99/150][Batch 2601/2622] BatchTime = 0.224 (s) DataTime = 0.001 (s) Losses = ['3.3702', '3.3702'] lr = 0.0005000
2025-10-29 14:02:46,410 - TopNet - INFO - [Training] EPOCH: 99 EpochTime = 714.696 (s) Losses = ['3.2493', '3.2493']
2025-10-29 14:02:46,507 - TopNet - INFO - Save checkpoint at ./experiments/TopNet/ShapeNet55_models/TopNet_fog/ckpt-last.pth
2025-10-29 14:02:46,717 - TopNet - INFO - [Epoch 100/150][Batch 1/2622] BatchTime = 0.209 (s) DataTime = 0.073 (s) Losses = ['3.4408', '3.4408'] lr = 0.0002500
2025-10-29 14:03:14,220 - TopNet - INFO - [Epoch 100/150][Batch 101/2622] BatchTime = 0.107 (s) DataTime = 0.001 (s) Losses = ['2.6476', '2.6476'] lr = 0.0002500
2025-10-29 14:03:41,510 - TopNet - INFO - [Epoch 100/150][Batch 201/2622] BatchTime = 0.216 (s) DataTime = 0.001 (s) Losses = ['3.3967', '3.3967'] lr = 0.0002500
2025-10-29 14:04:07,904 - TopNet - INFO - [Epoch 100/150][Batch 301/2622] BatchTime = 0.255 (s) DataTime = 0.001 (s) Losses = ['2.1140', '2.1140'] lr = 0.0002500
2025-10-29 14:04:34,946 - TopNet - INFO - [Epoch 100/150][Batch 401/2622] BatchTime = 0.210 (s) DataTime = 0.001 (s) Losses = ['2.0756', '2.0756'] lr = 0.0002500
2025-10-29 14:05:00,390 - TopNet - INFO - [Epoch 100/150][Batch 501/2622] BatchTime = 0.346 (s) DataTime = 0.001 (s) Losses = ['2.6539', '2.6539'] lr = 0.0002500
2025-10-29 14:05:27,597 - TopNet - INFO - [Epoch 100/150][Batch 601/2622] BatchTime = 0.225 (s) DataTime = 0.001 (s) Losses = ['3.1676', '3.1676'] lr = 0.0002500
2025-10-29 14:05:54,874 - TopNet - INFO - [Epoch 100/150][Batch 701/2622] BatchTime = 0.292 (s) DataTime = 0.001 (s) Losses = ['3.6969', '3.6969'] lr = 0.0002500
2025-10-29 14:06:21,317 - TopNet - INFO - [Epoch 100/150][Batch 801/2622] BatchTime = 0.102 (s) DataTime = 0.001 (s) Losses = ['5.2012', '5.2012'] lr = 0.0002500
2025-10-29 14:06:46,915 - TopNet - INFO - [Epoch 100/150][Batch 901/2622] BatchTime = 0.299 (s) DataTime = 0.001 (s) Losses = ['3.0537', '3.0537'] lr = 0.0002500
2025-10-29 14:07:13,045 - TopNet - INFO - [Epoch 100/150][Batch 1001/2622] BatchTime = 0.237 (s) DataTime = 0.001 (s) Losses = ['2.7998', '2.7998'] lr = 0.0002500
2025-10-29 14:07:39,360 - TopNet - INFO - [Epoch 100/150][Batch 1101/2622] BatchTime = 0.508 (s) DataTime = 0.001 (s) Losses = ['3.8097', '3.8097'] lr = 0.0002500
2025-10-29 14:08:07,108 - TopNet - INFO - [Epoch 100/150][Batch 1201/2622] BatchTime = 0.247 (s) DataTime = 0.001 (s) Losses = ['2.7551', '2.7551'] lr = 0.0002500
2025-10-29 14:08:36,120 - TopNet - INFO - [Epoch 100/150][Batch 1301/2622] BatchTime = 0.254 (s) DataTime = 0.001 (s) Losses = ['3.9521', '3.9521'] lr = 0.0002500
2025-10-29 14:09:02,629 - TopNet - INFO - [Epoch 100/150][Batch 1401/2622] BatchTime = 0.115 (s) DataTime = 0.001 (s) Losses = ['2.6455', '2.6455'] lr = 0.0002500
2025-10-29 14:09:31,926 - TopNet - INFO - [Epoch 100/150][Batch 1501/2622] BatchTime = 0.456 (s) DataTime = 0.001 (s) Losses = ['2.5110', '2.5110'] lr = 0.0002500
2025-10-29 14:10:00,543 - TopNet - INFO - [Epoch 100/150][Batch 1601/2622] BatchTime = 0.490 (s) DataTime = 0.001 (s) Losses = ['2.4632', '2.4632'] lr = 0.0002500
2025-10-29 14:10:29,190 - TopNet - INFO - [Epoch 100/150][Batch 1701/2622] BatchTime = 0.302 (s) DataTime = 0.001 (s) Losses = ['2.3140', '2.3140'] lr = 0.0002500
2025-10-29 14:10:55,052 - TopNet - INFO - [Epoch 100/150][Batch 1801/2622] BatchTime = 0.122 (s) DataTime = 0.001 (s) Losses = ['2.7857', '2.7857'] lr = 0.0002500
2025-10-29 14:11:24,916 - TopNet - INFO - [Epoch 100/150][Batch 1901/2622] BatchTime = 0.119 (s) DataTime = 0.001 (s) Losses = ['3.3168', '3.3168'] lr = 0.0002500
2025-10-29 14:11:50,424 - TopNet - INFO - [Epoch 100/150][Batch 2001/2622] BatchTime = 0.197 (s) DataTime = 0.001 (s) Losses = ['2.6423', '2.6423'] lr = 0.0002500
2025-10-29 14:12:19,390 - TopNet - INFO - [Epoch 100/150][Batch 2101/2622] BatchTime = 0.121 (s) DataTime = 0.001 (s) Losses = ['3.0611', '3.0611'] lr = 0.0002500
2025-10-29 14:12:47,336 - TopNet - INFO - [Epoch 100/150][Batch 2201/2622] BatchTime = 0.206 (s) DataTime = 0.001 (s) Losses = ['4.1529', '4.1529'] lr = 0.0002500
2025-10-29 14:13:13,658 - TopNet - INFO - [Epoch 100/150][Batch 2301/2622] BatchTime = 0.305 (s) DataTime = 0.001 (s) Losses = ['2.7873', '2.7873'] lr = 0.0002500
2025-10-29 14:13:39,458 - TopNet - INFO - [Epoch 100/150][Batch 2401/2622] BatchTime = 0.148 (s) DataTime = 0.001 (s) Losses = ['3.0589', '3.0589'] lr = 0.0002500
2025-10-29 14:14:08,830 - TopNet - INFO - [Epoch 100/150][Batch 2501/2622] BatchTime = 0.118 (s) DataTime = 0.001 (s) Losses = ['2.9145', '2.9145'] lr = 0.0002500
2025-10-29 14:14:35,020 - TopNet - INFO - [Epoch 100/150][Batch 2601/2622] BatchTime = 0.124 (s) DataTime = 0.001 (s) Losses = ['1.9872', '1.9872'] lr = 0.0002500
2025-10-29 14:14:39,764 - TopNet - INFO - [Training] EPOCH: 100 EpochTime = 713.257 (s) Losses = ['3.1369', '3.1369']
2025-10-29 14:14:39,765 - TopNet - INFO - [VALIDATION] Start validating epoch 100
2025-10-29 14:15:17,622 - TopNet - INFO - Test[1051/10518] Taxonomy = 02691156 Sample = c7749c0a8b61f43bc9b9e28055202e3d Losses = ['22.5275', '1.6721', '22.5275', '1.6721'] Metrics = ['0.1368', '22.5275', '1.6721', '0.0000']
2025-10-29 14:15:52,708 - TopNet - INFO - Test[2102/10518] Taxonomy = 03211117 Sample = ab2f9418c111cc6ddb965514105122a4 Losses = ['22.6936', '1.5538', '22.6936', '1.5538'] Metrics = ['0.1378', '22.6936', '1.5538', '0.0000']
2025-10-29 14:16:27,502 - TopNet - INFO - Test[3153/10518] Taxonomy = 02876657 Sample = c5032e4be091aabb36fe7a88df793982 Losses = ['40.3942', '5.0046', '40.3942', '5.0046'] Metrics = ['0.0382', '40.3942', '5.0046', '0.0000']
2025-10-29 14:17:05,902 - TopNet - INFO - Test[4204/10518] Taxonomy = 03211117 Sample = 722df1da5778d45b1e43523279c7f09f Losses = ['47.9394', '6.0209', '47.9394', '6.0209'] Metrics = ['0.0245', '47.9394', '6.0209', '0.0000']
2025-10-29 14:17:45,313 - TopNet - INFO - Test[5255/10518] Taxonomy = 02828884 Sample = 14b63361a48a9fffe4a048c146e8bd43 Losses = ['31.7184', '2.8318', '31.7184', '2.8318'] Metrics = ['0.0543', '31.7184', '2.8318', '0.0000']
2025-10-29 14:18:24,514 - TopNet - INFO - Test[6306/10518] Taxonomy = 03211117 Sample = d330d50a0255529d19ed6e1a590c9122 Losses = ['24.3023', '1.8170', '24.3023', '1.8170'] Metrics = ['0.0872', '24.3023', '1.8170', '0.0000']
2025-10-29 14:19:01,140 - TopNet - INFO - Test[7357/10518] Taxonomy = 04379243 Sample = b1ca280d9567270ade98d10ab5975b59 Losses = ['28.8788', '2.7164', '28.8788', '2.7164'] Metrics = ['0.0629', '28.8788', '2.7164', '0.0000']
2025-10-29 14:19:39,771 - TopNet - INFO - Test[8408/10518] Taxonomy = 03001627 Sample = 89208a619341d9fdb8c516ed5c4ce32 Losses = ['28.7736', '2.3981', '28.7736', '2.3981'] Metrics = ['0.0470', '28.7736', '2.3981', '0.0000']
2025-10-29 14:20:17,407 - TopNet - INFO - Test[9459/10518] Taxonomy = 03001627 Sample = d0255120e3351121c3bd24f986301745 Losses = ['33.9872', '3.4164', '33.9872', '3.4164'] Metrics = ['0.0340', '33.9872', '3.4164', '0.0000']
2025-10-29 14:20:54,499 - TopNet - INFO - Test[10510/10518] Taxonomy = 03636649 Sample = ea9ec4d9db2e06202471e6dd5ac3ef92 Losses = ['18.8366', '1.1592', '18.8366', '1.1592'] Metrics = ['0.1775', '18.8366', '1.1592', '0.0000']
2025-10-29 14:20:55,052 - TopNet - INFO - [Validation] EPOCH: 100  Metrics = ['0.0706', '33.6989', '3.7094', '0.0000']
2025-10-29 14:20:55,053 - TopNet - INFO - ============================ TEST RESULTS ============================
2025-10-29 14:20:55,053 - TopNet - INFO - Taxonomy	#Sample	F-Score	CDL1	CDL2	EMDistance	#ModelName	
2025-10-29 14:20:55,053 - TopNet - INFO - 03759954	14	0.079 	35.828 	4.843 	0.000 	microphone	
2025-10-29 14:20:55,053 - TopNet - INFO - 04330267	44	0.030 	38.986 	4.437 	0.000 	stove	
2025-10-29 14:20:55,053 - TopNet - INFO - 03261776	15	0.039 	40.848 	7.069 	0.000 	earphone	
2025-10-29 14:20:55,053 - TopNet - INFO - 03513137	33	0.013 	50.428 	8.104 	0.000 	helmet	
2025-10-29 14:20:55,053 - TopNet - INFO - 04460130	27	0.073 	32.539 	3.283 	0.000 	tower	
2025-10-29 14:20:55,053 - TopNet - INFO - 04468005	78	0.093 	25.961 	2.025 	0.000 	train	
2025-10-29 14:20:55,053 - TopNet - INFO - 03761084	31	0.018 	42.668 	5.157 	0.000 	microwaves	
2025-10-29 14:20:55,053 - TopNet - INFO - 04004475	34	0.024 	42.319 	5.451 	0.000 	printer	
2025-10-29 14:20:55,053 - TopNet - INFO - 03938244	20	0.026 	41.664 	5.175 	0.000 	pillow	
2025-10-29 14:20:55,053 - TopNet - INFO - 02992529	167	0.083 	23.962 	1.552 	0.000 	cellphone	
2025-10-29 14:20:55,053 - TopNet - INFO - 02808440	172	0.035 	36.088 	4.036 	0.000 	bathtub	
2025-10-29 14:20:55,053 - TopNet - INFO - 04530566	388	0.111 	25.300 	2.070 	0.000 	watercraft	
2025-10-29 14:20:55,053 - TopNet - INFO - 02871439	91	0.041 	34.832 	3.824 	0.000 	bookshelf	
2025-10-29 14:20:55,053 - TopNet - INFO - 03593526	120	0.029 	42.311 	5.641 	0.000 	jar	
2025-10-29 14:20:55,053 - TopNet - INFO - 04554684	34	0.013 	42.900 	4.829 	0.000 	washer	
2025-10-29 14:20:55,053 - TopNet - INFO - 03467517	160	0.347 	14.843 	0.714 	0.000 	guitar	
2025-10-29 14:20:55,053 - TopNet - INFO - 04401088	218	0.089 	23.653 	1.571 	0.000 	telephone	
2025-10-29 14:20:55,053 - TopNet - INFO - 02954340	12	0.019 	47.829 	6.833 	0.000 	cap	
2025-10-29 14:20:55,053 - TopNet - INFO - 02933112	315	0.031 	33.550 	3.129 	0.000 	cabinet	
2025-10-29 14:20:55,053 - TopNet - INFO - 03642806	92	0.078 	24.736 	1.730 	0.000 	laptop	
2025-10-29 14:20:55,053 - TopNet - INFO - 02924116	188	0.063 	28.290 	2.247 	0.000 	bus	
2025-10-29 14:20:55,053 - TopNet - INFO - 02946921	22	0.011 	45.010 	5.330 	0.000 	can	
2025-10-29 14:20:55,053 - TopNet - INFO - 02818832	47	0.032 	40.083 	5.216 	0.000 	bed	
2025-10-29 14:20:55,053 - TopNet - INFO - 04256520	635	0.034 	33.941 	3.171 	0.000 	sofa	
2025-10-29 14:20:55,053 - TopNet - INFO - 04379243	1687	0.090 	29.092 	3.036 	0.000 	table	
2025-10-29 14:20:55,053 - TopNet - INFO - 02747177	69	0.019 	37.756 	4.056 	0.000 	trash bin	
2025-10-29 14:20:55,053 - TopNet - INFO - 03046257	131	0.046 	35.508 	3.844 	0.000 	clock	
2025-10-29 14:20:55,053 - TopNet - INFO - 04225987	31	0.133 	23.863 	1.958 	0.000 	skateboard	
2025-10-29 14:20:55,053 - TopNet - INFO - 03797390	43	0.016 	42.538 	5.345 	0.000 	mug	
2025-10-29 14:20:55,053 - TopNet - INFO - 03001627	1356	0.051 	32.547 	3.279 	0.000 	chair	
2025-10-29 14:20:55,053 - TopNet - INFO - 03691459	320	0.024 	40.222 	4.732 	0.000 	loudspeaker	
2025-10-29 14:20:55,053 - TopNet - INFO - 02942699	23	0.022 	47.947 	7.077 	0.000 	camera	
2025-10-29 14:20:55,054 - TopNet - INFO - 03636649	464	0.076 	35.804 	4.750 	0.000 	lamp	
2025-10-29 14:20:55,054 - TopNet - INFO - 02691156	809	0.166 	21.440 	1.549 	0.000 	airplane	
2025-10-29 14:20:55,054 - TopNet - INFO - 02773838	17	0.046 	34.284 	3.786 	0.000 	bag	
2025-10-29 14:20:55,054 - TopNet - INFO - 02958343	703	0.053 	28.195 	2.228 	0.000 	car	
2025-10-29 14:20:55,054 - TopNet - INFO - 02880940	38	0.023 	40.760 	4.896 	0.000 	bowl	
2025-10-29 14:20:55,054 - TopNet - INFO - 04099429	17	0.225 	21.865 	1.786 	0.000 	rocket	
2025-10-29 14:20:55,054 - TopNet - INFO - 02828884	363	0.107 	26.488 	2.374 	0.000 	bench	
2025-10-29 14:20:55,054 - TopNet - INFO - 04090263	475	0.305 	16.929 	1.058 	0.000 	rifle	
2025-10-29 14:20:55,054 - TopNet - INFO - 03211117	219	0.056 	30.981 	2.874 	0.000 	display	
2025-10-29 14:20:55,054 - TopNet - INFO - 02876657	100	0.048 	31.665 	2.931 	0.000 	bottle	
2025-10-29 14:20:55,054 - TopNet - INFO - 03710193	19	0.073 	33.143 	3.382 	0.000 	mailbox	
2025-10-29 14:20:55,054 - TopNet - INFO - 03790512	68	0.064 	29.612 	2.662 	0.000 	motorbike	
2025-10-29 14:20:55,054 - TopNet - INFO - 03325088	149	0.051 	37.196 	4.912 	0.000 	faucet	
2025-10-29 14:20:55,054 - TopNet - INFO - 02801938	23	0.024 	40.423 	4.779 	0.000 	basket	
2025-10-29 14:20:55,054 - TopNet - INFO - 03337140	60	0.032 	34.720 	3.484 	0.000 	file cabinet	
2025-10-29 14:20:55,054 - TopNet - INFO - 02843684	15	0.023 	41.592 	5.071 	0.000 	birdhouse	
2025-10-29 14:20:55,054 - TopNet - INFO - 03624134	85	0.312 	15.317 	0.773 	0.000 	knife	
2025-10-29 14:20:55,054 - TopNet - INFO - 03991062	121	0.026 	42.556 	5.499 	0.000 	flowerpot	
2025-10-29 14:20:55,054 - TopNet - INFO - 03948459	62	0.124 	23.135 	1.628 	0.000 	pistol	
2025-10-29 14:20:55,054 - TopNet - INFO - 03928116	48	0.036 	39.323 	4.698 	0.000 	piano	
2025-10-29 14:20:55,054 - TopNet - INFO - 03207941	19	0.020 	39.495 	4.344 	0.000 	dishwasher	
2025-10-29 14:20:55,054 - TopNet - INFO - 04074963	14	0.061 	27.628 	2.050 	0.000 	remote	
2025-10-29 14:20:55,054 - TopNet - INFO - 03085013	13	0.120 	22.849 	1.741 	0.000 	keyboard	
2025-10-29 14:20:55,054 - TopNet - INFO - Overall		0.071 	33.699 	3.709 	0.000 	
2025-10-29 14:20:55,153 - TopNet - INFO - Save checkpoint at ./experiments/TopNet/ShapeNet55_models/TopNet_fog/ckpt-best.pth
2025-10-29 14:20:55,243 - TopNet - INFO - Save checkpoint at ./experiments/TopNet/ShapeNet55_models/TopNet_fog/ckpt-last.pth
2025-10-29 14:20:55,434 - TopNet - INFO - [Epoch 101/150][Batch 1/2622] BatchTime = 0.191 (s) DataTime = 0.073 (s) Losses = ['2.3787', '2.3787'] lr = 0.0002500
2025-10-29 14:21:22,230 - TopNet - INFO - [Epoch 101/150][Batch 101/2622] BatchTime = 0.293 (s) DataTime = 0.001 (s) Losses = ['4.6680', '4.6680'] lr = 0.0002500
2025-10-29 14:21:50,851 - TopNet - INFO - [Epoch 101/150][Batch 201/2622] BatchTime = 0.115 (s) DataTime = 0.001 (s) Losses = ['2.5605', '2.5605'] lr = 0.0002500
2025-10-29 14:22:19,297 - TopNet - INFO - [Epoch 101/150][Batch 301/2622] BatchTime = 0.336 (s) DataTime = 0.001 (s) Losses = ['2.6316', '2.6316'] lr = 0.0002500
2025-10-29 14:22:47,777 - TopNet - INFO - [Epoch 101/150][Batch 401/2622] BatchTime = 0.228 (s) DataTime = 0.001 (s) Losses = ['3.0159', '3.0159'] lr = 0.0002500
2025-10-29 14:23:15,702 - TopNet - INFO - [Epoch 101/150][Batch 501/2622] BatchTime = 0.107 (s) DataTime = 0.001 (s) Losses = ['2.9103', '2.9103'] lr = 0.0002500
2025-10-29 14:23:39,905 - TopNet - INFO - [Epoch 101/150][Batch 601/2622] BatchTime = 0.372 (s) DataTime = 0.001 (s) Losses = ['3.3822', '3.3822'] lr = 0.0002500
2025-10-29 14:24:06,000 - TopNet - INFO - [Epoch 101/150][Batch 701/2622] BatchTime = 0.112 (s) DataTime = 0.001 (s) Losses = ['2.8284', '2.8284'] lr = 0.0002500
2025-10-29 14:24:33,378 - TopNet - INFO - [Epoch 101/150][Batch 801/2622] BatchTime = 0.330 (s) DataTime = 0.001 (s) Losses = ['2.8205', '2.8205'] lr = 0.0002500
2025-10-29 14:25:01,296 - TopNet - INFO - [Epoch 101/150][Batch 901/2622] BatchTime = 0.307 (s) DataTime = 0.001 (s) Losses = ['3.2270', '3.2270'] lr = 0.0002500
2025-10-29 14:25:29,768 - TopNet - INFO - [Epoch 101/150][Batch 1001/2622] BatchTime = 0.372 (s) DataTime = 0.001 (s) Losses = ['3.9134', '3.9134'] lr = 0.0002500
2025-10-29 14:25:57,105 - TopNet - INFO - [Epoch 101/150][Batch 1101/2622] BatchTime = 0.221 (s) DataTime = 0.001 (s) Losses = ['2.6263', '2.6263'] lr = 0.0002500
2025-10-29 14:26:24,515 - TopNet - INFO - [Epoch 101/150][Batch 1201/2622] BatchTime = 0.347 (s) DataTime = 0.001 (s) Losses = ['2.8672', '2.8672'] lr = 0.0002500
2025-10-29 14:26:48,673 - TopNet - INFO - [Epoch 101/150][Batch 1301/2622] BatchTime = 0.119 (s) DataTime = 0.001 (s) Losses = ['4.0916', '4.0916'] lr = 0.0002500
2025-10-29 14:27:16,819 - TopNet - INFO - [Epoch 101/150][Batch 1401/2622] BatchTime = 0.246 (s) DataTime = 0.001 (s) Losses = ['3.4811', '3.4811'] lr = 0.0002500
2025-10-29 14:27:43,976 - TopNet - INFO - [Epoch 101/150][Batch 1501/2622] BatchTime = 0.207 (s) DataTime = 0.001 (s) Losses = ['3.1096', '3.1096'] lr = 0.0002500
2025-10-29 14:28:13,104 - TopNet - INFO - [Epoch 101/150][Batch 1601/2622] BatchTime = 0.251 (s) DataTime = 0.001 (s) Losses = ['2.9682', '2.9682'] lr = 0.0002500
2025-10-29 14:28:40,473 - TopNet - INFO - [Epoch 101/150][Batch 1701/2622] BatchTime = 0.317 (s) DataTime = 0.001 (s) Losses = ['2.6189', '2.6189'] lr = 0.0002500
2025-10-29 14:29:08,121 - TopNet - INFO - [Epoch 101/150][Batch 1801/2622] BatchTime = 0.392 (s) DataTime = 0.001 (s) Losses = ['2.5220', '2.5220'] lr = 0.0002500
2025-10-29 14:29:35,386 - TopNet - INFO - [Epoch 101/150][Batch 1901/2622] BatchTime = 0.246 (s) DataTime = 0.001 (s) Losses = ['2.5898', '2.5898'] lr = 0.0002500
2025-10-29 14:30:03,566 - TopNet - INFO - [Epoch 101/150][Batch 2001/2622] BatchTime = 0.305 (s) DataTime = 0.001 (s) Losses = ['2.5454', '2.5454'] lr = 0.0002500
2025-10-29 14:30:30,339 - TopNet - INFO - [Epoch 101/150][Batch 2101/2622] BatchTime = 0.441 (s) DataTime = 0.001 (s) Losses = ['2.3366', '2.3366'] lr = 0.0002500
2025-10-29 14:30:58,813 - TopNet - INFO - [Epoch 101/150][Batch 2201/2622] BatchTime = 0.298 (s) DataTime = 0.001 (s) Losses = ['3.4276', '3.4276'] lr = 0.0002500
2025-10-29 14:31:25,186 - TopNet - INFO - [Epoch 101/150][Batch 2301/2622] BatchTime = 0.200 (s) DataTime = 0.001 (s) Losses = ['3.0826', '3.0826'] lr = 0.0002500
2025-10-29 14:31:51,475 - TopNet - INFO - [Epoch 101/150][Batch 2401/2622] BatchTime = 0.239 (s) DataTime = 0.001 (s) Losses = ['2.9066', '2.9066'] lr = 0.0002500
2025-10-29 14:32:16,395 - TopNet - INFO - [Epoch 101/150][Batch 2501/2622] BatchTime = 0.226 (s) DataTime = 0.001 (s) Losses = ['3.3993', '3.3993'] lr = 0.0002500
2025-10-29 14:32:44,072 - TopNet - INFO - [Epoch 101/150][Batch 2601/2622] BatchTime = 0.295 (s) DataTime = 0.001 (s) Losses = ['2.3275', '2.3275'] lr = 0.0002500
2025-10-29 14:32:49,036 - TopNet - INFO - [Training] EPOCH: 101 EpochTime = 713.792 (s) Losses = ['3.1251', '3.1251']
2025-10-29 14:32:49,126 - TopNet - INFO - Save checkpoint at ./experiments/TopNet/ShapeNet55_models/TopNet_fog/ckpt-last.pth
2025-10-29 14:32:49,311 - TopNet - INFO - [Epoch 102/150][Batch 1/2622] BatchTime = 0.185 (s) DataTime = 0.072 (s) Losses = ['2.9951', '2.9951'] lr = 0.0002500
2025-10-29 14:33:15,564 - TopNet - INFO - [Epoch 102/150][Batch 101/2622] BatchTime = 0.298 (s) DataTime = 0.001 (s) Losses = ['3.6432', '3.6432'] lr = 0.0002500
2025-10-29 14:33:43,238 - TopNet - INFO - [Epoch 102/150][Batch 201/2622] BatchTime = 0.211 (s) DataTime = 0.001 (s) Losses = ['2.7618', '2.7618'] lr = 0.0002500
2025-10-29 14:34:09,828 - TopNet - INFO - [Epoch 102/150][Batch 301/2622] BatchTime = 0.360 (s) DataTime = 0.001 (s) Losses = ['2.3445', '2.3445'] lr = 0.0002500
2025-10-29 14:34:37,451 - TopNet - INFO - [Epoch 102/150][Batch 401/2622] BatchTime = 0.290 (s) DataTime = 0.001 (s) Losses = ['4.1712', '4.1712'] lr = 0.0002500
2025-10-29 14:35:06,928 - TopNet - INFO - [Epoch 102/150][Batch 501/2622] BatchTime = 0.791 (s) DataTime = 0.001 (s) Losses = ['2.6218', '2.6218'] lr = 0.0002500
2025-10-29 14:35:34,295 - TopNet - INFO - [Epoch 102/150][Batch 601/2622] BatchTime = 0.227 (s) DataTime = 0.001 (s) Losses = ['2.1889', '2.1889'] lr = 0.0002500
2025-10-29 14:36:00,525 - TopNet - INFO - [Epoch 102/150][Batch 701/2622] BatchTime = 0.115 (s) DataTime = 0.001 (s) Losses = ['3.4625', '3.4625'] lr = 0.0002500
2025-10-29 14:36:28,195 - TopNet - INFO - [Epoch 102/150][Batch 801/2622] BatchTime = 0.233 (s) DataTime = 0.001 (s) Losses = ['3.9081', '3.9081'] lr = 0.0002500
2025-10-29 14:36:55,430 - TopNet - INFO - [Epoch 102/150][Batch 901/2622] BatchTime = 0.308 (s) DataTime = 0.001 (s) Losses = ['2.5505', '2.5505'] lr = 0.0002500
2025-10-29 14:37:23,342 - TopNet - INFO - [Epoch 102/150][Batch 1001/2622] BatchTime = 0.371 (s) DataTime = 0.001 (s) Losses = ['4.1673', '4.1673'] lr = 0.0002500
2025-10-29 14:37:49,075 - TopNet - INFO - [Epoch 102/150][Batch 1101/2622] BatchTime = 0.278 (s) DataTime = 0.001 (s) Losses = ['3.1058', '3.1058'] lr = 0.0002500
2025-10-29 14:38:17,473 - TopNet - INFO - [Epoch 102/150][Batch 1201/2622] BatchTime = 0.216 (s) DataTime = 0.001 (s) Losses = ['3.2312', '3.2312'] lr = 0.0002500
2025-10-29 14:38:43,494 - TopNet - INFO - [Epoch 102/150][Batch 1301/2622] BatchTime = 0.136 (s) DataTime = 0.001 (s) Losses = ['3.3801', '3.3801'] lr = 0.0002500
2025-10-29 14:39:10,406 - TopNet - INFO - [Epoch 102/150][Batch 1401/2622] BatchTime = 0.293 (s) DataTime = 0.001 (s) Losses = ['3.0112', '3.0112'] lr = 0.0002500
2025-10-29 14:39:36,841 - TopNet - INFO - [Epoch 102/150][Batch 1501/2622] BatchTime = 0.449 (s) DataTime = 0.001 (s) Losses = ['2.9494', '2.9494'] lr = 0.0002500
2025-10-29 14:40:03,916 - TopNet - INFO - [Epoch 102/150][Batch 1601/2622] BatchTime = 0.120 (s) DataTime = 0.001 (s) Losses = ['2.8261', '2.8261'] lr = 0.0002500
2025-10-29 14:40:29,825 - TopNet - INFO - [Epoch 102/150][Batch 1701/2622] BatchTime = 0.667 (s) DataTime = 0.001 (s) Losses = ['2.3612', '2.3612'] lr = 0.0002500
2025-10-29 14:40:57,041 - TopNet - INFO - [Epoch 102/150][Batch 1801/2622] BatchTime = 0.488 (s) DataTime = 0.001 (s) Losses = ['3.4306', '3.4306'] lr = 0.0002500
2025-10-29 14:41:24,512 - TopNet - INFO - [Epoch 102/150][Batch 1901/2622] BatchTime = 0.142 (s) DataTime = 0.001 (s) Losses = ['2.7815', '2.7815'] lr = 0.0002500
2025-10-29 14:41:53,692 - TopNet - INFO - [Epoch 102/150][Batch 2001/2622] BatchTime = 0.511 (s) DataTime = 0.001 (s) Losses = ['2.6928', '2.6928'] lr = 0.0002500
2025-10-29 14:42:18,908 - TopNet - INFO - [Epoch 102/150][Batch 2101/2622] BatchTime = 0.211 (s) DataTime = 0.001 (s) Losses = ['3.4997', '3.4997'] lr = 0.0002500
2025-10-29 14:42:44,620 - TopNet - INFO - [Epoch 102/150][Batch 2201/2622] BatchTime = 0.200 (s) DataTime = 0.001 (s) Losses = ['3.1023', '3.1023'] lr = 0.0002500
2025-10-29 14:43:12,087 - TopNet - INFO - [Epoch 102/150][Batch 2301/2622] BatchTime = 0.131 (s) DataTime = 0.001 (s) Losses = ['4.1783', '4.1783'] lr = 0.0002500
2025-10-29 14:43:40,638 - TopNet - INFO - [Epoch 102/150][Batch 2401/2622] BatchTime = 0.405 (s) DataTime = 0.001 (s) Losses = ['2.9002', '2.9002'] lr = 0.0002500
2025-10-29 14:44:08,089 - TopNet - INFO - [Epoch 102/150][Batch 2501/2622] BatchTime = 0.390 (s) DataTime = 0.001 (s) Losses = ['3.1948', '3.1948'] lr = 0.0002500
2025-10-29 14:44:37,071 - TopNet - INFO - [Epoch 102/150][Batch 2601/2622] BatchTime = 0.293 (s) DataTime = 0.001 (s) Losses = ['3.5288', '3.5288'] lr = 0.0002500
2025-10-29 14:44:43,057 - TopNet - INFO - [Training] EPOCH: 102 EpochTime = 713.931 (s) Losses = ['3.1081', '3.1081']
2025-10-29 14:44:43,155 - TopNet - INFO - Save checkpoint at ./experiments/TopNet/ShapeNet55_models/TopNet_fog/ckpt-last.pth
2025-10-29 14:44:43,490 - TopNet - INFO - [Epoch 103/150][Batch 1/2622] BatchTime = 0.335 (s) DataTime = 0.071 (s) Losses = ['3.5929', '3.5929'] lr = 0.0002500
2025-10-29 14:45:10,278 - TopNet - INFO - [Epoch 103/150][Batch 101/2622] BatchTime = 0.305 (s) DataTime = 0.001 (s) Losses = ['2.8276', '2.8276'] lr = 0.0002500
2025-10-29 14:45:36,254 - TopNet - INFO - [Epoch 103/150][Batch 201/2622] BatchTime = 0.110 (s) DataTime = 0.001 (s) Losses = ['2.6467', '2.6467'] lr = 0.0002500
2025-10-29 14:46:03,011 - TopNet - INFO - [Epoch 103/150][Batch 301/2622] BatchTime = 0.136 (s) DataTime = 0.001 (s) Losses = ['3.1667', '3.1667'] lr = 0.0002500
2025-10-29 14:46:31,219 - TopNet - INFO - [Epoch 103/150][Batch 401/2622] BatchTime = 0.219 (s) DataTime = 0.001 (s) Losses = ['2.4976', '2.4976'] lr = 0.0002500
2025-10-29 14:46:57,027 - TopNet - INFO - [Epoch 103/150][Batch 501/2622] BatchTime = 0.337 (s) DataTime = 0.001 (s) Losses = ['2.3783', '2.3783'] lr = 0.0002500
2025-10-29 14:47:22,543 - TopNet - INFO - [Epoch 103/150][Batch 601/2622] BatchTime = 0.432 (s) DataTime = 0.001 (s) Losses = ['2.7416', '2.7416'] lr = 0.0002500
2025-10-29 14:47:49,292 - TopNet - INFO - [Epoch 103/150][Batch 701/2622] BatchTime = 0.422 (s) DataTime = 0.001 (s) Losses = ['3.5190', '3.5190'] lr = 0.0002500
2025-10-29 14:48:17,195 - TopNet - INFO - [Epoch 103/150][Batch 801/2622] BatchTime = 0.301 (s) DataTime = 0.001 (s) Losses = ['2.1801', '2.1801'] lr = 0.0002500
2025-10-29 14:48:45,281 - TopNet - INFO - [Epoch 103/150][Batch 901/2622] BatchTime = 0.409 (s) DataTime = 0.001 (s) Losses = ['2.4952', '2.4952'] lr = 0.0002500
2025-10-29 14:49:11,846 - TopNet - INFO - [Epoch 103/150][Batch 1001/2622] BatchTime = 0.218 (s) DataTime = 0.001 (s) Losses = ['2.7849', '2.7849'] lr = 0.0002500
2025-10-29 14:49:39,559 - TopNet - INFO - [Epoch 103/150][Batch 1101/2622] BatchTime = 0.326 (s) DataTime = 0.001 (s) Losses = ['2.6505', '2.6505'] lr = 0.0002500
2025-10-29 14:50:06,689 - TopNet - INFO - [Epoch 103/150][Batch 1201/2622] BatchTime = 0.106 (s) DataTime = 0.001 (s) Losses = ['3.0770', '3.0770'] lr = 0.0002500
2025-10-29 14:50:31,647 - TopNet - INFO - [Epoch 103/150][Batch 1301/2622] BatchTime = 0.146 (s) DataTime = 0.001 (s) Losses = ['3.0009', '3.0009'] lr = 0.0002500
2025-10-29 14:50:59,037 - TopNet - INFO - [Epoch 103/150][Batch 1401/2622] BatchTime = 0.459 (s) DataTime = 0.001 (s) Losses = ['2.9764', '2.9764'] lr = 0.0002500
2025-10-29 14:51:26,485 - TopNet - INFO - [Epoch 103/150][Batch 1501/2622] BatchTime = 0.430 (s) DataTime = 0.001 (s) Losses = ['3.4680', '3.4680'] lr = 0.0002500
2025-10-29 14:51:53,581 - TopNet - INFO - [Epoch 103/150][Batch 1601/2622] BatchTime = 0.116 (s) DataTime = 0.001 (s) Losses = ['2.6226', '2.6226'] lr = 0.0002500
2025-10-29 14:52:20,019 - TopNet - INFO - [Epoch 103/150][Batch 1701/2622] BatchTime = 0.321 (s) DataTime = 0.001 (s) Losses = ['3.0304', '3.0304'] lr = 0.0002500
2025-10-29 14:52:45,635 - TopNet - INFO - [Epoch 103/150][Batch 1801/2622] BatchTime = 0.109 (s) DataTime = 0.001 (s) Losses = ['2.7670', '2.7670'] lr = 0.0002500
2025-10-29 14:53:13,531 - TopNet - INFO - [Epoch 103/150][Batch 1901/2622] BatchTime = 0.165 (s) DataTime = 0.001 (s) Losses = ['3.6950', '3.6950'] lr = 0.0002500
2025-10-29 14:53:39,458 - TopNet - INFO - [Epoch 103/150][Batch 2001/2622] BatchTime = 0.425 (s) DataTime = 0.001 (s) Losses = ['3.3906', '3.3906'] lr = 0.0002500
2025-10-29 14:54:05,945 - TopNet - INFO - [Epoch 103/150][Batch 2101/2622] BatchTime = 0.105 (s) DataTime = 0.001 (s) Losses = ['4.5632', '4.5632'] lr = 0.0002500
2025-10-29 14:54:33,748 - TopNet - INFO - [Epoch 103/150][Batch 2201/2622] BatchTime = 0.255 (s) DataTime = 0.001 (s) Losses = ['3.3043', '3.3043'] lr = 0.0002500
2025-10-29 14:55:01,773 - TopNet - INFO - [Epoch 103/150][Batch 2301/2622] BatchTime = 0.305 (s) DataTime = 0.001 (s) Losses = ['2.6682', '2.6682'] lr = 0.0002500
2025-10-29 14:55:30,618 - TopNet - INFO - [Epoch 103/150][Batch 2401/2622] BatchTime = 0.281 (s) DataTime = 0.001 (s) Losses = ['4.2774', '4.2774'] lr = 0.0002500
2025-10-29 14:55:58,076 - TopNet - INFO - [Epoch 103/150][Batch 2501/2622] BatchTime = 0.308 (s) DataTime = 0.001 (s) Losses = ['5.5763', '5.5763'] lr = 0.0002500
2025-10-29 14:56:26,357 - TopNet - INFO - [Epoch 103/150][Batch 2601/2622] BatchTime = 0.202 (s) DataTime = 0.001 (s) Losses = ['3.0306', '3.0306'] lr = 0.0002500
2025-10-29 14:56:32,067 - TopNet - INFO - [Training] EPOCH: 103 EpochTime = 708.912 (s) Losses = ['3.0933', '3.0933']
2025-10-29 14:56:32,156 - TopNet - INFO - Save checkpoint at ./experiments/TopNet/ShapeNet55_models/TopNet_fog/ckpt-last.pth
2025-10-29 14:56:32,460 - TopNet - INFO - [Epoch 104/150][Batch 1/2622] BatchTime = 0.304 (s) DataTime = 0.071 (s) Losses = ['2.5925', '2.5925'] lr = 0.0002500
2025-10-29 14:56:57,035 - TopNet - INFO - [Epoch 104/150][Batch 101/2622] BatchTime = 0.338 (s) DataTime = 0.001 (s) Losses = ['3.3787', '3.3787'] lr = 0.0002500
2025-10-29 14:57:24,056 - TopNet - INFO - [Epoch 104/150][Batch 201/2622] BatchTime = 0.190 (s) DataTime = 0.001 (s) Losses = ['3.6119', '3.6119'] lr = 0.0002500
2025-10-29 14:57:52,219 - TopNet - INFO - [Epoch 104/150][Batch 301/2622] BatchTime = 0.127 (s) DataTime = 0.001 (s) Losses = ['3.8578', '3.8578'] lr = 0.0002500
2025-10-29 14:58:18,533 - TopNet - INFO - [Epoch 104/150][Batch 401/2622] BatchTime = 0.118 (s) DataTime = 0.001 (s) Losses = ['4.8079', '4.8079'] lr = 0.0002500
2025-10-29 14:58:44,108 - TopNet - INFO - [Epoch 104/150][Batch 501/2622] BatchTime = 0.329 (s) DataTime = 0.001 (s) Losses = ['2.6340', '2.6340'] lr = 0.0002500
2025-10-29 14:59:13,083 - TopNet - INFO - [Epoch 104/150][Batch 601/2622] BatchTime = 0.304 (s) DataTime = 0.001 (s) Losses = ['4.1908', '4.1908'] lr = 0.0002500
2025-10-29 14:59:41,860 - TopNet - INFO - [Epoch 104/150][Batch 701/2622] BatchTime = 0.219 (s) DataTime = 0.001 (s) Losses = ['2.8215', '2.8215'] lr = 0.0002500
2025-10-29 15:00:08,779 - TopNet - INFO - [Epoch 104/150][Batch 801/2622] BatchTime = 0.295 (s) DataTime = 0.001 (s) Losses = ['2.4152', '2.4152'] lr = 0.0002500
2025-10-29 15:00:36,531 - TopNet - INFO - [Epoch 104/150][Batch 901/2622] BatchTime = 0.191 (s) DataTime = 0.001 (s) Losses = ['2.9321', '2.9321'] lr = 0.0002500
2025-10-29 15:01:03,691 - TopNet - INFO - [Epoch 104/150][Batch 1001/2622] BatchTime = 0.371 (s) DataTime = 0.001 (s) Losses = ['2.4240', '2.4240'] lr = 0.0002500
2025-10-29 15:01:31,497 - TopNet - INFO - [Epoch 104/150][Batch 1101/2622] BatchTime = 0.132 (s) DataTime = 0.001 (s) Losses = ['3.6044', '3.6044'] lr = 0.0002500
2025-10-29 15:01:58,512 - TopNet - INFO - [Epoch 104/150][Batch 1201/2622] BatchTime = 0.188 (s) DataTime = 0.001 (s) Losses = ['2.6608', '2.6608'] lr = 0.0002500
2025-10-29 15:02:25,972 - TopNet - INFO - [Epoch 104/150][Batch 1301/2622] BatchTime = 0.211 (s) DataTime = 0.001 (s) Losses = ['3.0214', '3.0214'] lr = 0.0002500
2025-10-29 15:02:54,719 - TopNet - INFO - [Epoch 104/150][Batch 1401/2622] BatchTime = 0.420 (s) DataTime = 0.001 (s) Losses = ['4.4554', '4.4554'] lr = 0.0002500
2025-10-29 15:03:25,364 - TopNet - INFO - [Epoch 104/150][Batch 1501/2622] BatchTime = 0.217 (s) DataTime = 0.001 (s) Losses = ['2.8550', '2.8550'] lr = 0.0002500
2025-10-29 15:03:52,713 - TopNet - INFO - [Epoch 104/150][Batch 1601/2622] BatchTime = 0.280 (s) DataTime = 0.001 (s) Losses = ['2.4252', '2.4252'] lr = 0.0002500
2025-10-29 15:04:19,391 - TopNet - INFO - [Epoch 104/150][Batch 1701/2622] BatchTime = 0.198 (s) DataTime = 0.001 (s) Losses = ['2.8833', '2.8833'] lr = 0.0002500
2025-10-29 15:04:47,980 - TopNet - INFO - [Epoch 104/150][Batch 1801/2622] BatchTime = 0.228 (s) DataTime = 0.001 (s) Losses = ['2.9946', '2.9946'] lr = 0.0002500
2025-10-29 15:05:15,053 - TopNet - INFO - [Epoch 104/150][Batch 1901/2622] BatchTime = 0.252 (s) DataTime = 0.001 (s) Losses = ['3.6469', '3.6469'] lr = 0.0002500
2025-10-29 15:05:42,101 - TopNet - INFO - [Epoch 104/150][Batch 2001/2622] BatchTime = 0.426 (s) DataTime = 0.001 (s) Losses = ['3.2755', '3.2755'] lr = 0.0002500
2025-10-29 15:06:10,153 - TopNet - INFO - [Epoch 104/150][Batch 2101/2622] BatchTime = 0.115 (s) DataTime = 0.001 (s) Losses = ['4.1725', '4.1725'] lr = 0.0002500
2025-10-29 15:06:39,464 - TopNet - INFO - [Epoch 104/150][Batch 2201/2622] BatchTime = 0.287 (s) DataTime = 0.001 (s) Losses = ['3.1158', '3.1158'] lr = 0.0002500
2025-10-29 15:07:05,368 - TopNet - INFO - [Epoch 104/150][Batch 2301/2622] BatchTime = 0.203 (s) DataTime = 0.001 (s) Losses = ['2.8996', '2.8996'] lr = 0.0002500
2025-10-29 15:07:34,024 - TopNet - INFO - [Epoch 104/150][Batch 2401/2622] BatchTime = 0.203 (s) DataTime = 0.001 (s) Losses = ['4.0598', '4.0598'] lr = 0.0002500
2025-10-29 15:08:00,499 - TopNet - INFO - [Epoch 104/150][Batch 2501/2622] BatchTime = 0.210 (s) DataTime = 0.001 (s) Losses = ['3.9343', '3.9343'] lr = 0.0002500
2025-10-29 15:08:26,685 - TopNet - INFO - [Epoch 104/150][Batch 2601/2622] BatchTime = 0.323 (s) DataTime = 0.001 (s) Losses = ['2.9274', '2.9274'] lr = 0.0002500
2025-10-29 15:08:32,195 - TopNet - INFO - [Training] EPOCH: 104 EpochTime = 720.038 (s) Losses = ['3.1060', '3.1060']
2025-10-29 15:08:32,292 - TopNet - INFO - Save checkpoint at ./experiments/TopNet/ShapeNet55_models/TopNet_fog/ckpt-last.pth
2025-10-29 15:08:32,893 - TopNet - INFO - [Epoch 105/150][Batch 1/2622] BatchTime = 0.601 (s) DataTime = 0.071 (s) Losses = ['3.1223', '3.1223'] lr = 0.0002500
2025-10-29 15:09:00,714 - TopNet - INFO - [Epoch 105/150][Batch 101/2622] BatchTime = 0.115 (s) DataTime = 0.001 (s) Losses = ['2.1626', '2.1626'] lr = 0.0002500
2025-10-29 15:09:28,452 - TopNet - INFO - [Epoch 105/150][Batch 201/2622] BatchTime = 0.286 (s) DataTime = 0.001 (s) Losses = ['2.2152', '2.2152'] lr = 0.0002500
2025-10-29 15:09:55,275 - TopNet - INFO - [Epoch 105/150][Batch 301/2622] BatchTime = 0.195 (s) DataTime = 0.001 (s) Losses = ['3.9908', '3.9908'] lr = 0.0002500
2025-10-29 15:10:22,528 - TopNet - INFO - [Epoch 105/150][Batch 401/2622] BatchTime = 0.106 (s) DataTime = 0.001 (s) Losses = ['3.5320', '3.5320'] lr = 0.0002500
2025-10-29 15:10:49,831 - TopNet - INFO - [Epoch 105/150][Batch 501/2622] BatchTime = 0.117 (s) DataTime = 0.001 (s) Losses = ['3.7703', '3.7703'] lr = 0.0002500
2025-10-29 15:11:16,076 - TopNet - INFO - [Epoch 105/150][Batch 601/2622] BatchTime = 0.264 (s) DataTime = 0.001 (s) Losses = ['2.4767', '2.4767'] lr = 0.0002500
2025-10-29 15:11:44,976 - TopNet - INFO - [Epoch 105/150][Batch 701/2622] BatchTime = 0.197 (s) DataTime = 0.001 (s) Losses = ['2.8213', '2.8213'] lr = 0.0002500
2025-10-29 15:12:13,897 - TopNet - INFO - [Epoch 105/150][Batch 801/2622] BatchTime = 0.109 (s) DataTime = 0.001 (s) Losses = ['3.9484', '3.9484'] lr = 0.0002500
2025-10-29 15:12:42,246 - TopNet - INFO - [Epoch 105/150][Batch 901/2622] BatchTime = 0.331 (s) DataTime = 0.001 (s) Losses = ['2.2522', '2.2522'] lr = 0.0002500
2025-10-29 15:13:09,254 - TopNet - INFO - [Epoch 105/150][Batch 1001/2622] BatchTime = 0.264 (s) DataTime = 0.001 (s) Losses = ['2.1353', '2.1353'] lr = 0.0002500
2025-10-29 15:13:39,126 - TopNet - INFO - [Epoch 105/150][Batch 1101/2622] BatchTime = 0.425 (s) DataTime = 0.001 (s) Losses = ['3.0450', '3.0450'] lr = 0.0002500
2025-10-29 15:14:07,867 - TopNet - INFO - [Epoch 105/150][Batch 1201/2622] BatchTime = 0.117 (s) DataTime = 0.001 (s) Losses = ['3.5131', '3.5131'] lr = 0.0002500
2025-10-29 15:14:33,575 - TopNet - INFO - [Epoch 105/150][Batch 1301/2622] BatchTime = 0.125 (s) DataTime = 0.001 (s) Losses = ['2.6092', '2.6092'] lr = 0.0002500
2025-10-29 15:14:59,511 - TopNet - INFO - [Epoch 105/150][Batch 1401/2622] BatchTime = 0.198 (s) DataTime = 0.001 (s) Losses = ['2.0446', '2.0446'] lr = 0.0002500
2025-10-29 15:15:26,710 - TopNet - INFO - [Epoch 105/150][Batch 1501/2622] BatchTime = 0.100 (s) DataTime = 0.001 (s) Losses = ['4.0150', '4.0150'] lr = 0.0002500
2025-10-29 15:15:52,350 - TopNet - INFO - [Epoch 105/150][Batch 1601/2622] BatchTime = 0.300 (s) DataTime = 0.001 (s) Losses = ['3.7253', '3.7253'] lr = 0.0002500
2025-10-29 15:16:20,509 - TopNet - INFO - [Epoch 105/150][Batch 1701/2622] BatchTime = 0.357 (s) DataTime = 0.001 (s) Losses = ['3.9333', '3.9333'] lr = 0.0002500
2025-10-29 15:16:48,710 - TopNet - INFO - [Epoch 105/150][Batch 1801/2622] BatchTime = 0.364 (s) DataTime = 0.001 (s) Losses = ['1.9558', '1.9558'] lr = 0.0002500
2025-10-29 15:17:17,144 - TopNet - INFO - [Epoch 105/150][Batch 1901/2622] BatchTime = 0.124 (s) DataTime = 0.001 (s) Losses = ['2.6672', '2.6672'] lr = 0.0002500
2025-10-29 15:17:44,366 - TopNet - INFO - [Epoch 105/150][Batch 2001/2622] BatchTime = 0.234 (s) DataTime = 0.001 (s) Losses = ['2.8575', '2.8575'] lr = 0.0002500
2025-10-29 15:18:12,755 - TopNet - INFO - [Epoch 105/150][Batch 2101/2622] BatchTime = 0.215 (s) DataTime = 0.001 (s) Losses = ['2.9294', '2.9294'] lr = 0.0002500
2025-10-29 15:18:39,585 - TopNet - INFO - [Epoch 105/150][Batch 2201/2622] BatchTime = 0.296 (s) DataTime = 0.001 (s) Losses = ['3.8587', '3.8587'] lr = 0.0002500
2025-10-29 15:19:07,720 - TopNet - INFO - [Epoch 105/150][Batch 2301/2622] BatchTime = 0.382 (s) DataTime = 0.001 (s) Losses = ['2.1391', '2.1391'] lr = 0.0002500
2025-10-29 15:19:35,149 - TopNet - INFO - [Epoch 105/150][Batch 2401/2622] BatchTime = 0.210 (s) DataTime = 0.001 (s) Losses = ['2.4501', '2.4501'] lr = 0.0002500
2025-10-29 15:20:02,301 - TopNet - INFO - [Epoch 105/150][Batch 2501/2622] BatchTime = 0.105 (s) DataTime = 0.001 (s) Losses = ['2.9339', '2.9339'] lr = 0.0002500
2025-10-29 15:20:27,666 - TopNet - INFO - [Epoch 105/150][Batch 2601/2622] BatchTime = 0.289 (s) DataTime = 0.001 (s) Losses = ['2.8092', '2.8092'] lr = 0.0002500
2025-10-29 15:20:33,319 - TopNet - INFO - [Training] EPOCH: 105 EpochTime = 721.027 (s) Losses = ['3.0888', '3.0888']
2025-10-29 15:20:33,319 - TopNet - INFO - [VALIDATION] Start validating epoch 105
2025-10-29 15:21:13,343 - TopNet - INFO - Test[1051/10518] Taxonomy = 02691156 Sample = c7749c0a8b61f43bc9b9e28055202e3d Losses = ['21.4341', '1.6384', '21.4341', '1.6384'] Metrics = ['0.1840', '21.4341', '1.6384', '0.0000']
2025-10-29 15:21:50,491 - TopNet - INFO - Test[2102/10518] Taxonomy = 03211117 Sample = ab2f9418c111cc6ddb965514105122a4 Losses = ['19.5027', '1.1821', '19.5027', '1.1821'] Metrics = ['0.1375', '19.5027', '1.1821', '0.0000']
2025-10-29 15:22:28,640 - TopNet - INFO - Test[3153/10518] Taxonomy = 02876657 Sample = c5032e4be091aabb36fe7a88df793982 Losses = ['41.8377', '5.1652', '41.8377', '5.1652'] Metrics = ['0.0215', '41.8377', '5.1652', '0.0000']
2025-10-29 15:23:08,435 - TopNet - INFO - Test[4204/10518] Taxonomy = 03211117 Sample = 722df1da5778d45b1e43523279c7f09f Losses = ['34.6889', '3.2103', '34.6889', '3.2103'] Metrics = ['0.0300', '34.6889', '3.2103', '0.0000']
2025-10-29 15:23:47,363 - TopNet - INFO - Test[5255/10518] Taxonomy = 02828884 Sample = 14b63361a48a9fffe4a048c146e8bd43 Losses = ['32.7889', '3.2492', '32.7889', '3.2492'] Metrics = ['0.0635', '32.7889', '3.2492', '0.0000']
2025-10-29 15:24:25,967 - TopNet - INFO - Test[6306/10518] Taxonomy = 03211117 Sample = d330d50a0255529d19ed6e1a590c9122 Losses = ['23.4663', '1.6298', '23.4663', '1.6298'] Metrics = ['0.0886', '23.4663', '1.6298', '0.0000']
2025-10-29 15:25:04,206 - TopNet - INFO - Test[7357/10518] Taxonomy = 04379243 Sample = b1ca280d9567270ade98d10ab5975b59 Losses = ['29.4433', '3.2236', '29.4433', '3.2236'] Metrics = ['0.0722', '29.4433', '3.2236', '0.0000']
2025-10-29 15:25:42,014 - TopNet - INFO - Test[8408/10518] Taxonomy = 03001627 Sample = 89208a619341d9fdb8c516ed5c4ce32 Losses = ['29.2289', '2.3732', '29.2289', '2.3732'] Metrics = ['0.0402', '29.2289', '2.3732', '0.0000']
2025-10-29 15:26:18,791 - TopNet - INFO - Test[9459/10518] Taxonomy = 03001627 Sample = d0255120e3351121c3bd24f986301745 Losses = ['30.2024', '2.6555', '30.2024', '2.6555'] Metrics = ['0.0405', '30.2024', '2.6555', '0.0000']
2025-10-29 15:26:56,381 - TopNet - INFO - Test[10510/10518] Taxonomy = 03636649 Sample = ea9ec4d9db2e06202471e6dd5ac3ef92 Losses = ['21.6388', '1.5140', '21.6388', '1.5140'] Metrics = ['0.0870', '21.6388', '1.5140', '0.0000']
2025-10-29 15:26:56,708 - TopNet - INFO - [Validation] EPOCH: 105  Metrics = ['0.0736', '33.0452', '3.5844', '0.0000']
2025-10-29 15:26:56,708 - TopNet - INFO - ============================ TEST RESULTS ============================
2025-10-29 15:26:56,708 - TopNet - INFO - Taxonomy	#Sample	F-Score	CDL1	CDL2	EMDistance	#ModelName	
2025-10-29 15:26:56,708 - TopNet - INFO - 03759954	14	0.095 	34.890 	4.867 	0.000 	microphone	
2025-10-29 15:26:56,708 - TopNet - INFO - 04330267	44	0.032 	38.292 	4.289 	0.000 	stove	
2025-10-29 15:26:56,708 - TopNet - INFO - 03261776	15	0.038 	42.241 	6.813 	0.000 	earphone	
2025-10-29 15:26:56,708 - TopNet - INFO - 03513137	33	0.014 	48.472 	7.269 	0.000 	helmet	
2025-10-29 15:26:56,708 - TopNet - INFO - 04460130	27	0.078 	31.860 	3.228 	0.000 	tower	
2025-10-29 15:26:56,708 - TopNet - INFO - 04468005	78	0.090 	25.304 	1.928 	0.000 	train	
2025-10-29 15:26:56,708 - TopNet - INFO - 03761084	31	0.019 	38.911 	4.364 	0.000 	microwaves	
2025-10-29 15:26:56,708 - TopNet - INFO - 04004475	34	0.021 	43.733 	5.700 	0.000 	printer	
2025-10-29 15:26:56,708 - TopNet - INFO - 03938244	20	0.022 	43.528 	5.483 	0.000 	pillow	
2025-10-29 15:26:56,708 - TopNet - INFO - 02992529	167	0.094 	23.058 	1.455 	0.000 	cellphone	
2025-10-29 15:26:56,709 - TopNet - INFO - 02808440	172	0.033 	35.903 	3.959 	0.000 	bathtub	
2025-10-29 15:26:56,709 - TopNet - INFO - 04530566	388	0.117 	24.162 	1.882 	0.000 	watercraft	
2025-10-29 15:26:56,709 - TopNet - INFO - 02871439	91	0.043 	34.875 	3.896 	0.000 	bookshelf	
2025-10-29 15:26:56,709 - TopNet - INFO - 03593526	120	0.032 	41.061 	5.303 	0.000 	jar	
2025-10-29 15:26:56,709 - TopNet - INFO - 04554684	34	0.014 	41.963 	4.728 	0.000 	washer	
2025-10-29 15:26:56,709 - TopNet - INFO - 03467517	160	0.361 	14.390 	0.665 	0.000 	guitar	
2025-10-29 15:26:56,709 - TopNet - INFO - 04401088	218	0.097 	22.870 	1.509 	0.000 	telephone	
2025-10-29 15:26:56,709 - TopNet - INFO - 02954340	12	0.022 	43.446 	6.419 	0.000 	cap	
2025-10-29 15:26:56,709 - TopNet - INFO - 02933112	315	0.034 	32.871 	3.016 	0.000 	cabinet	
2025-10-29 15:26:56,709 - TopNet - INFO - 03642806	92	0.084 	23.686 	1.559 	0.000 	laptop	
2025-10-29 15:26:56,709 - TopNet - INFO - 02924116	188	0.070 	26.329 	1.973 	0.000 	bus	
2025-10-29 15:26:56,709 - TopNet - INFO - 02946921	22	0.015 	41.784 	4.949 	0.000 	can	
2025-10-29 15:26:56,709 - TopNet - INFO - 02818832	47	0.031 	38.803 	4.817 	0.000 	bed	
2025-10-29 15:26:56,709 - TopNet - INFO - 04256520	635	0.035 	33.632 	3.131 	0.000 	sofa	
2025-10-29 15:26:56,709 - TopNet - INFO - 04379243	1687	0.081 	29.982 	3.066 	0.000 	table	
2025-10-29 15:26:56,709 - TopNet - INFO - 02747177	69	0.021 	36.540 	3.809 	0.000 	trash bin	
2025-10-29 15:26:56,709 - TopNet - INFO - 03046257	131	0.046 	34.386 	3.685 	0.000 	clock	
2025-10-29 15:26:56,709 - TopNet - INFO - 04225987	31	0.153 	23.032 	1.855 	0.000 	skateboard	
2025-10-29 15:26:56,709 - TopNet - INFO - 03797390	43	0.017 	38.667 	4.322 	0.000 	mug	
2025-10-29 15:26:56,709 - TopNet - INFO - 03001627	1356	0.056 	31.598 	3.111 	0.000 	chair	
2025-10-29 15:26:56,709 - TopNet - INFO - 03691459	320	0.026 	39.428 	4.580 	0.000 	loudspeaker	
2025-10-29 15:26:56,709 - TopNet - INFO - 02942699	23	0.021 	48.734 	7.296 	0.000 	camera	
2025-10-29 15:26:56,709 - TopNet - INFO - 03636649	464	0.083 	34.898 	4.440 	0.000 	lamp	
2025-10-29 15:26:56,709 - TopNet - INFO - 02691156	809	0.179 	21.073 	1.501 	0.000 	airplane	
2025-10-29 15:26:56,709 - TopNet - INFO - 02773838	17	0.041 	37.120 	4.122 	0.000 	bag	
2025-10-29 15:26:56,709 - TopNet - INFO - 02958343	703	0.055 	27.443 	2.107 	0.000 	car	
2025-10-29 15:26:56,709 - TopNet - INFO - 02880940	38	0.026 	38.855 	4.503 	0.000 	bowl	
2025-10-29 15:26:56,709 - TopNet - INFO - 04099429	17	0.243 	19.475 	1.308 	0.000 	rocket	
2025-10-29 15:26:56,709 - TopNet - INFO - 02828884	363	0.107 	26.609 	2.357 	0.000 	bench	
2025-10-29 15:26:56,709 - TopNet - INFO - 04090263	475	0.316 	16.486 	0.991 	0.000 	rifle	
2025-10-29 15:26:56,709 - TopNet - INFO - 03211117	219	0.062 	30.368 	2.836 	0.000 	display	
2025-10-29 15:26:56,709 - TopNet - INFO - 02876657	100	0.058 	29.874 	2.593 	0.000 	bottle	
2025-10-29 15:26:56,709 - TopNet - INFO - 03710193	19	0.053 	34.524 	3.496 	0.000 	mailbox	
2025-10-29 15:26:56,709 - TopNet - INFO - 03790512	68	0.064 	29.474 	2.631 	0.000 	motorbike	
2025-10-29 15:26:56,709 - TopNet - INFO - 03325088	149	0.054 	37.624 	5.174 	0.000 	faucet	
2025-10-29 15:26:56,709 - TopNet - INFO - 02801938	23	0.021 	39.493 	4.578 	0.000 	basket	
2025-10-29 15:26:56,709 - TopNet - INFO - 03337140	60	0.032 	34.856 	3.461 	0.000 	file cabinet	
2025-10-29 15:26:56,709 - TopNet - INFO - 02843684	15	0.023 	42.358 	5.230 	0.000 	birdhouse	
2025-10-29 15:26:56,709 - TopNet - INFO - 03624134	85	0.303 	15.784 	0.822 	0.000 	knife	
2025-10-29 15:26:56,709 - TopNet - INFO - 03991062	121	0.027 	41.045 	5.174 	0.000 	flowerpot	
2025-10-29 15:26:56,709 - TopNet - INFO - 03948459	62	0.129 	22.527 	1.536 	0.000 	pistol	
2025-10-29 15:26:56,709 - TopNet - INFO - 03928116	48	0.028 	41.278 	5.008 	0.000 	piano	
2025-10-29 15:26:56,709 - TopNet - INFO - 03207941	19	0.019 	41.106 	5.114 	0.000 	dishwasher	
2025-10-29 15:26:56,709 - TopNet - INFO - 04074963	14	0.078 	24.746 	1.682 	0.000 	remote	
2025-10-29 15:26:56,709 - TopNet - INFO - 03085013	13	0.134 	22.040 	1.555 	0.000 	keyboard	
2025-10-29 15:26:56,709 - TopNet - INFO - Overall		0.074 	33.045 	3.584 	0.000 	
2025-10-29 15:26:56,806 - TopNet - INFO - Save checkpoint at ./experiments/TopNet/ShapeNet55_models/TopNet_fog/ckpt-best.pth
2025-10-29 15:26:56,896 - TopNet - INFO - Save checkpoint at ./experiments/TopNet/ShapeNet55_models/TopNet_fog/ckpt-last.pth
2025-10-29 15:26:57,096 - TopNet - INFO - [Epoch 106/150][Batch 1/2622] BatchTime = 0.199 (s) DataTime = 0.071 (s) Losses = ['3.1799', '3.1799'] lr = 0.0002500
2025-10-29 15:27:23,436 - TopNet - INFO - [Epoch 106/150][Batch 101/2622] BatchTime = 0.213 (s) DataTime = 0.001 (s) Losses = ['2.4450', '2.4450'] lr = 0.0002500
2025-10-29 15:27:52,434 - TopNet - INFO - [Epoch 106/150][Batch 201/2622] BatchTime = 0.290 (s) DataTime = 0.001 (s) Losses = ['2.5170', '2.5170'] lr = 0.0002500
2025-10-29 15:28:20,497 - TopNet - INFO - [Epoch 106/150][Batch 301/2622] BatchTime = 0.258 (s) DataTime = 0.001 (s) Losses = ['5.7428', '5.7428'] lr = 0.0002500
2025-10-29 15:28:45,320 - TopNet - INFO - [Epoch 106/150][Batch 401/2622] BatchTime = 0.214 (s) DataTime = 0.001 (s) Losses = ['2.9758', '2.9758'] lr = 0.0002500
2025-10-29 15:29:14,232 - TopNet - INFO - [Epoch 106/150][Batch 501/2622] BatchTime = 0.698 (s) DataTime = 0.001 (s) Losses = ['3.1860', '3.1860'] lr = 0.0002500
2025-10-29 15:29:43,211 - TopNet - INFO - [Epoch 106/150][Batch 601/2622] BatchTime = 0.421 (s) DataTime = 0.001 (s) Losses = ['3.2792', '3.2792'] lr = 0.0002500
2025-10-29 15:30:11,405 - TopNet - INFO - [Epoch 106/150][Batch 701/2622] BatchTime = 0.272 (s) DataTime = 0.001 (s) Losses = ['2.4736', '2.4736'] lr = 0.0002500
2025-10-29 15:30:39,249 - TopNet - INFO - [Epoch 106/150][Batch 801/2622] BatchTime = 0.105 (s) DataTime = 0.001 (s) Losses = ['2.3903', '2.3903'] lr = 0.0002500
2025-10-29 15:31:07,779 - TopNet - INFO - [Epoch 106/150][Batch 901/2622] BatchTime = 0.197 (s) DataTime = 0.001 (s) Losses = ['2.4612', '2.4612'] lr = 0.0002500
2025-10-29 15:31:34,302 - TopNet - INFO - [Epoch 106/150][Batch 1001/2622] BatchTime = 0.281 (s) DataTime = 0.001 (s) Losses = ['3.0746', '3.0746'] lr = 0.0002500
2025-10-29 15:32:03,455 - TopNet - INFO - [Epoch 106/150][Batch 1101/2622] BatchTime = 0.275 (s) DataTime = 0.001 (s) Losses = ['2.8943', '2.8943'] lr = 0.0002500
2025-10-29 15:32:32,449 - TopNet - INFO - [Epoch 106/150][Batch 1201/2622] BatchTime = 0.351 (s) DataTime = 0.001 (s) Losses = ['2.1603', '2.1603'] lr = 0.0002500
2025-10-29 15:32:59,397 - TopNet - INFO - [Epoch 106/150][Batch 1301/2622] BatchTime = 0.314 (s) DataTime = 0.001 (s) Losses = ['2.3952', '2.3952'] lr = 0.0002500
2025-10-29 15:33:23,644 - TopNet - INFO - [Epoch 106/150][Batch 1401/2622] BatchTime = 0.114 (s) DataTime = 0.001 (s) Losses = ['2.4500', '2.4500'] lr = 0.0002500
2025-10-29 15:33:50,943 - TopNet - INFO - [Epoch 106/150][Batch 1501/2622] BatchTime = 0.523 (s) DataTime = 0.001 (s) Losses = ['2.4761', '2.4761'] lr = 0.0002500
2025-10-29 15:34:19,976 - TopNet - INFO - [Epoch 106/150][Batch 1601/2622] BatchTime = 0.193 (s) DataTime = 0.001 (s) Losses = ['3.3788', '3.3788'] lr = 0.0002500
2025-10-29 15:34:47,117 - TopNet - INFO - [Epoch 106/150][Batch 1701/2622] BatchTime = 0.116 (s) DataTime = 0.001 (s) Losses = ['3.1301', '3.1301'] lr = 0.0002500
2025-10-29 15:35:15,242 - TopNet - INFO - [Epoch 106/150][Batch 1801/2622] BatchTime = 0.200 (s) DataTime = 0.001 (s) Losses = ['3.2378', '3.2378'] lr = 0.0002500
2025-10-29 15:35:41,706 - TopNet - INFO - [Epoch 106/150][Batch 1901/2622] BatchTime = 0.221 (s) DataTime = 0.001 (s) Losses = ['4.2971', '4.2971'] lr = 0.0002500
2025-10-29 15:36:08,027 - TopNet - INFO - [Epoch 106/150][Batch 2001/2622] BatchTime = 0.220 (s) DataTime = 0.001 (s) Losses = ['2.5059', '2.5059'] lr = 0.0002500
2025-10-29 15:36:36,402 - TopNet - INFO - [Epoch 106/150][Batch 2101/2622] BatchTime = 0.218 (s) DataTime = 0.001 (s) Losses = ['2.9780', '2.9780'] lr = 0.0002500
2025-10-29 15:37:02,995 - TopNet - INFO - [Epoch 106/150][Batch 2201/2622] BatchTime = 0.527 (s) DataTime = 0.001 (s) Losses = ['2.5351', '2.5351'] lr = 0.0002500
2025-10-29 15:37:28,353 - TopNet - INFO - [Epoch 106/150][Batch 2301/2622] BatchTime = 0.219 (s) DataTime = 0.001 (s) Losses = ['3.2611', '3.2611'] lr = 0.0002500
2025-10-29 15:37:55,587 - TopNet - INFO - [Epoch 106/150][Batch 2401/2622] BatchTime = 0.289 (s) DataTime = 0.001 (s) Losses = ['4.5859', '4.5859'] lr = 0.0002500
2025-10-29 15:38:23,228 - TopNet - INFO - [Epoch 106/150][Batch 2501/2622] BatchTime = 0.340 (s) DataTime = 0.001 (s) Losses = ['2.4422', '2.4422'] lr = 0.0002500
2025-10-29 15:38:50,661 - TopNet - INFO - [Epoch 106/150][Batch 2601/2622] BatchTime = 0.307 (s) DataTime = 0.001 (s) Losses = ['3.0003', '3.0003'] lr = 0.0002500
2025-10-29 15:38:56,538 - TopNet - INFO - [Training] EPOCH: 106 EpochTime = 719.641 (s) Losses = ['3.0852', '3.0852']
2025-10-29 15:38:56,636 - TopNet - INFO - Save checkpoint at ./experiments/TopNet/ShapeNet55_models/TopNet_fog/ckpt-last.pth
2025-10-29 15:38:56,931 - TopNet - INFO - [Epoch 107/150][Batch 1/2622] BatchTime = 0.294 (s) DataTime = 0.071 (s) Losses = ['3.6005', '3.6005'] lr = 0.0002500
2025-10-29 15:39:21,885 - TopNet - INFO - [Epoch 107/150][Batch 101/2622] BatchTime = 0.239 (s) DataTime = 0.001 (s) Losses = ['2.0862', '2.0862'] lr = 0.0002500
2025-10-29 15:39:49,732 - TopNet - INFO - [Epoch 107/150][Batch 201/2622] BatchTime = 0.541 (s) DataTime = 0.001 (s) Losses = ['2.4958', '2.4958'] lr = 0.0002500
2025-10-29 15:40:18,466 - TopNet - INFO - [Epoch 107/150][Batch 301/2622] BatchTime = 0.211 (s) DataTime = 0.001 (s) Losses = ['4.0508', '4.0508'] lr = 0.0002500
2025-10-29 15:40:46,444 - TopNet - INFO - [Epoch 107/150][Batch 401/2622] BatchTime = 0.225 (s) DataTime = 0.001 (s) Losses = ['2.9609', '2.9609'] lr = 0.0002500
2025-10-29 15:41:14,054 - TopNet - INFO - [Epoch 107/150][Batch 501/2622] BatchTime = 0.432 (s) DataTime = 0.001 (s) Losses = ['3.5994', '3.5994'] lr = 0.0002500
2025-10-29 15:41:43,033 - TopNet - INFO - [Epoch 107/150][Batch 601/2622] BatchTime = 0.229 (s) DataTime = 0.001 (s) Losses = ['2.6621', '2.6621'] lr = 0.0002500
2025-10-29 15:42:07,070 - TopNet - INFO - [Epoch 107/150][Batch 701/2622] BatchTime = 0.423 (s) DataTime = 0.001 (s) Losses = ['3.2713', '3.2713'] lr = 0.0002500
2025-10-29 15:42:34,768 - TopNet - INFO - [Epoch 107/150][Batch 801/2622] BatchTime = 0.360 (s) DataTime = 0.001 (s) Losses = ['2.7131', '2.7131'] lr = 0.0002500
2025-10-29 15:43:02,490 - TopNet - INFO - [Epoch 107/150][Batch 901/2622] BatchTime = 0.313 (s) DataTime = 0.001 (s) Losses = ['3.4965', '3.4965'] lr = 0.0002500
2025-10-29 15:43:30,928 - TopNet - INFO - [Epoch 107/150][Batch 1001/2622] BatchTime = 0.240 (s) DataTime = 0.001 (s) Losses = ['2.5091', '2.5091'] lr = 0.0002500
2025-10-29 15:43:58,771 - TopNet - INFO - [Epoch 107/150][Batch 1101/2622] BatchTime = 0.208 (s) DataTime = 0.001 (s) Losses = ['2.9441', '2.9441'] lr = 0.0002500
2025-10-29 15:44:24,860 - TopNet - INFO - [Epoch 107/150][Batch 1201/2622] BatchTime = 0.135 (s) DataTime = 0.001 (s) Losses = ['2.9495', '2.9495'] lr = 0.0002500
2025-10-29 15:44:53,010 - TopNet - INFO - [Epoch 107/150][Batch 1301/2622] BatchTime = 0.231 (s) DataTime = 0.001 (s) Losses = ['3.0089', '3.0089'] lr = 0.0002500
2025-10-29 15:45:19,875 - TopNet - INFO - [Epoch 107/150][Batch 1401/2622] BatchTime = 0.491 (s) DataTime = 0.001 (s) Losses = ['3.2308', '3.2308'] lr = 0.0002500
2025-10-29 15:45:48,468 - TopNet - INFO - [Epoch 107/150][Batch 1501/2622] BatchTime = 0.222 (s) DataTime = 0.001 (s) Losses = ['3.0642', '3.0642'] lr = 0.0002500
2025-10-29 15:46:16,636 - TopNet - INFO - [Epoch 107/150][Batch 1601/2622] BatchTime = 0.258 (s) DataTime = 0.001 (s) Losses = ['1.8120', '1.8120'] lr = 0.0002500
2025-10-29 15:46:45,749 - TopNet - INFO - [Epoch 107/150][Batch 1701/2622] BatchTime = 0.309 (s) DataTime = 0.001 (s) Losses = ['2.8030', '2.8030'] lr = 0.0002500
2025-10-29 15:47:13,554 - TopNet - INFO - [Epoch 107/150][Batch 1801/2622] BatchTime = 0.213 (s) DataTime = 0.001 (s) Losses = ['3.3241', '3.3241'] lr = 0.0002500
2025-10-29 15:47:40,617 - TopNet - INFO - [Epoch 107/150][Batch 1901/2622] BatchTime = 0.116 (s) DataTime = 0.001 (s) Losses = ['2.5798', '2.5798'] lr = 0.0002500
2025-10-29 15:48:08,120 - TopNet - INFO - [Epoch 107/150][Batch 2001/2622] BatchTime = 0.301 (s) DataTime = 0.001 (s) Losses = ['3.0374', '3.0374'] lr = 0.0002500
2025-10-29 15:48:34,140 - TopNet - INFO - [Epoch 107/150][Batch 2101/2622] BatchTime = 0.113 (s) DataTime = 0.001 (s) Losses = ['3.0426', '3.0426'] lr = 0.0002500
2025-10-29 15:49:01,504 - TopNet - INFO - [Epoch 107/150][Batch 2201/2622] BatchTime = 0.228 (s) DataTime = 0.001 (s) Losses = ['2.5284', '2.5284'] lr = 0.0002500
2025-10-29 15:49:27,373 - TopNet - INFO - [Epoch 107/150][Batch 2301/2622] BatchTime = 0.193 (s) DataTime = 0.001 (s) Losses = ['2.6048', '2.6048'] lr = 0.0002500
2025-10-29 15:49:55,722 - TopNet - INFO - [Epoch 107/150][Batch 2401/2622] BatchTime = 0.113 (s) DataTime = 0.001 (s) Losses = ['3.8067', '3.8067'] lr = 0.0002500
2025-10-29 15:50:21,764 - TopNet - INFO - [Epoch 107/150][Batch 2501/2622] BatchTime = 0.230 (s) DataTime = 0.001 (s) Losses = ['2.9719', '2.9719'] lr = 0.0002500
2025-10-29 15:50:51,478 - TopNet - INFO - [Epoch 107/150][Batch 2601/2622] BatchTime = 0.112 (s) DataTime = 0.001 (s) Losses = ['3.3338', '3.3338'] lr = 0.0002500
2025-10-29 15:50:57,634 - TopNet - INFO - [Training] EPOCH: 107 EpochTime = 720.997 (s) Losses = ['3.0983', '3.0983']
2025-10-29 15:50:57,732 - TopNet - INFO - Save checkpoint at ./experiments/TopNet/ShapeNet55_models/TopNet_fog/ckpt-last.pth
2025-10-29 15:50:57,928 - TopNet - INFO - [Epoch 108/150][Batch 1/2622] BatchTime = 0.196 (s) DataTime = 0.071 (s) Losses = ['2.2621', '2.2621'] lr = 0.0002500
2025-10-29 15:51:25,875 - TopNet - INFO - [Epoch 108/150][Batch 101/2622] BatchTime = 0.105 (s) DataTime = 0.001 (s) Losses = ['3.5062', '3.5062'] lr = 0.0002500
2025-10-29 15:51:55,500 - TopNet - INFO - [Epoch 108/150][Batch 201/2622] BatchTime = 0.201 (s) DataTime = 0.001 (s) Losses = ['2.7386', '2.7386'] lr = 0.0002500
2025-10-29 15:52:23,248 - TopNet - INFO - [Epoch 108/150][Batch 301/2622] BatchTime = 0.302 (s) DataTime = 0.001 (s) Losses = ['3.3145', '3.3145'] lr = 0.0002500
2025-10-29 15:52:49,160 - TopNet - INFO - [Epoch 108/150][Batch 401/2622] BatchTime = 0.213 (s) DataTime = 0.001 (s) Losses = ['4.3464', '4.3464'] lr = 0.0002500
2025-10-29 15:53:17,705 - TopNet - INFO - [Epoch 108/150][Batch 501/2622] BatchTime = 0.343 (s) DataTime = 0.001 (s) Losses = ['2.6640', '2.6640'] lr = 0.0002500
2025-10-29 15:53:44,776 - TopNet - INFO - [Epoch 108/150][Batch 601/2622] BatchTime = 0.388 (s) DataTime = 0.001 (s) Losses = ['2.1405', '2.1405'] lr = 0.0002500
2025-10-29 15:54:12,763 - TopNet - INFO - [Epoch 108/150][Batch 701/2622] BatchTime = 0.311 (s) DataTime = 0.001 (s) Losses = ['3.3180', '3.3180'] lr = 0.0002500
2025-10-29 15:54:38,229 - TopNet - INFO - [Epoch 108/150][Batch 801/2622] BatchTime = 0.222 (s) DataTime = 0.001 (s) Losses = ['3.2869', '3.2869'] lr = 0.0002500
2025-10-29 15:55:04,951 - TopNet - INFO - [Epoch 108/150][Batch 901/2622] BatchTime = 0.109 (s) DataTime = 0.001 (s) Losses = ['2.4733', '2.4733'] lr = 0.0002500
2025-10-29 15:55:31,218 - TopNet - INFO - [Epoch 108/150][Batch 1001/2622] BatchTime = 0.136 (s) DataTime = 0.001 (s) Losses = ['2.4582', '2.4582'] lr = 0.0002500
2025-10-29 15:55:57,634 - TopNet - INFO - [Epoch 108/150][Batch 1101/2622] BatchTime = 0.135 (s) DataTime = 0.001 (s) Losses = ['2.6437', '2.6437'] lr = 0.0002500
2025-10-29 15:56:25,519 - TopNet - INFO - [Epoch 108/150][Batch 1201/2622] BatchTime = 0.282 (s) DataTime = 0.001 (s) Losses = ['2.9912', '2.9912'] lr = 0.0002500
2025-10-29 15:56:52,979 - TopNet - INFO - [Epoch 108/150][Batch 1301/2622] BatchTime = 0.343 (s) DataTime = 0.001 (s) Losses = ['2.8360', '2.8360'] lr = 0.0002500
2025-10-29 15:57:20,286 - TopNet - INFO - [Epoch 108/150][Batch 1401/2622] BatchTime = 0.392 (s) DataTime = 0.001 (s) Losses = ['2.7221', '2.7221'] lr = 0.0002500
2025-10-29 15:57:47,218 - TopNet - INFO - [Epoch 108/150][Batch 1501/2622] BatchTime = 0.119 (s) DataTime = 0.001 (s) Losses = ['3.8460', '3.8460'] lr = 0.0002500
2025-10-29 15:58:14,229 - TopNet - INFO - [Epoch 108/150][Batch 1601/2622] BatchTime = 0.426 (s) DataTime = 0.001 (s) Losses = ['3.2171', '3.2171'] lr = 0.0002500
2025-10-29 15:58:40,164 - TopNet - INFO - [Epoch 108/150][Batch 1701/2622] BatchTime = 0.126 (s) DataTime = 0.001 (s) Losses = ['2.6127', '2.6127'] lr = 0.0002500
2025-10-29 15:59:06,840 - TopNet - INFO - [Epoch 108/150][Batch 1801/2622] BatchTime = 0.172 (s) DataTime = 0.001 (s) Losses = ['3.2512', '3.2512'] lr = 0.0002500
2025-10-29 15:59:36,246 - TopNet - INFO - [Epoch 108/150][Batch 1901/2622] BatchTime = 0.211 (s) DataTime = 0.001 (s) Losses = ['2.7690', '2.7690'] lr = 0.0002500
2025-10-29 16:00:04,060 - TopNet - INFO - [Epoch 108/150][Batch 2001/2622] BatchTime = 0.307 (s) DataTime = 0.001 (s) Losses = ['2.7033', '2.7033'] lr = 0.0002500
2025-10-29 16:00:32,798 - TopNet - INFO - [Epoch 108/150][Batch 2101/2622] BatchTime = 0.218 (s) DataTime = 0.001 (s) Losses = ['3.2891', '3.2891'] lr = 0.0002500
2025-10-29 16:00:59,215 - TopNet - INFO - [Epoch 108/150][Batch 2201/2622] BatchTime = 0.205 (s) DataTime = 0.001 (s) Losses = ['2.2997', '2.2997'] lr = 0.0002500
2025-10-29 16:01:28,248 - TopNet - INFO - [Epoch 108/150][Batch 2301/2622] BatchTime = 0.114 (s) DataTime = 0.001 (s) Losses = ['2.3997', '2.3997'] lr = 0.0002500
2025-10-29 16:01:53,226 - TopNet - INFO - [Epoch 108/150][Batch 2401/2622] BatchTime = 0.380 (s) DataTime = 0.001 (s) Losses = ['2.5635', '2.5635'] lr = 0.0002500
2025-10-29 16:02:20,712 - TopNet - INFO - [Epoch 108/150][Batch 2501/2622] BatchTime = 0.214 (s) DataTime = 0.001 (s) Losses = ['1.8675', '1.8675'] lr = 0.0002500
2025-10-29 16:02:47,419 - TopNet - INFO - [Epoch 108/150][Batch 2601/2622] BatchTime = 0.199 (s) DataTime = 0.001 (s) Losses = ['2.1544', '2.1544'] lr = 0.0002500
2025-10-29 16:02:53,205 - TopNet - INFO - [Training] EPOCH: 108 EpochTime = 715.473 (s) Losses = ['3.0845', '3.0845']
2025-10-29 16:02:53,303 - TopNet - INFO - Save checkpoint at ./experiments/TopNet/ShapeNet55_models/TopNet_fog/ckpt-last.pth
2025-10-29 16:02:53,576 - TopNet - INFO - [Epoch 109/150][Batch 1/2622] BatchTime = 0.273 (s) DataTime = 0.074 (s) Losses = ['2.3659', '2.3659'] lr = 0.0002500
2025-10-29 16:03:20,656 - TopNet - INFO - [Epoch 109/150][Batch 101/2622] BatchTime = 0.287 (s) DataTime = 0.001 (s) Losses = ['3.7989', '3.7989'] lr = 0.0002500
2025-10-29 16:03:47,980 - TopNet - INFO - [Epoch 109/150][Batch 201/2622] BatchTime = 0.402 (s) DataTime = 0.001 (s) Losses = ['4.4027', '4.4027'] lr = 0.0002500
2025-10-29 16:04:16,002 - TopNet - INFO - [Epoch 109/150][Batch 301/2622] BatchTime = 0.109 (s) DataTime = 0.001 (s) Losses = ['2.3983', '2.3983'] lr = 0.0002500
2025-10-29 16:04:44,791 - TopNet - INFO - [Epoch 109/150][Batch 401/2622] BatchTime = 0.111 (s) DataTime = 0.001 (s) Losses = ['4.5061', '4.5061'] lr = 0.0002500
2025-10-29 16:05:13,771 - TopNet - INFO - [Epoch 109/150][Batch 501/2622] BatchTime = 0.467 (s) DataTime = 0.001 (s) Losses = ['4.2911', '4.2911'] lr = 0.0002500
2025-10-29 16:05:41,685 - TopNet - INFO - [Epoch 109/150][Batch 601/2622] BatchTime = 0.157 (s) DataTime = 0.001 (s) Losses = ['2.5174', '2.5174'] lr = 0.0002500
2025-10-29 16:06:09,915 - TopNet - INFO - [Epoch 109/150][Batch 701/2622] BatchTime = 0.274 (s) DataTime = 0.001 (s) Losses = ['2.2869', '2.2869'] lr = 0.0002500
2025-10-29 16:06:38,494 - TopNet - INFO - [Epoch 109/150][Batch 801/2622] BatchTime = 0.230 (s) DataTime = 0.001 (s) Losses = ['2.5053', '2.5053'] lr = 0.0002500
2025-10-29 16:07:05,804 - TopNet - INFO - [Epoch 109/150][Batch 901/2622] BatchTime = 0.215 (s) DataTime = 0.001 (s) Losses = ['2.5171', '2.5171'] lr = 0.0002500
2025-10-29 16:07:35,190 - TopNet - INFO - [Epoch 109/150][Batch 1001/2622] BatchTime = 0.430 (s) DataTime = 0.001 (s) Losses = ['3.2240', '3.2240'] lr = 0.0002500
2025-10-29 16:08:02,507 - TopNet - INFO - [Epoch 109/150][Batch 1101/2622] BatchTime = 0.216 (s) DataTime = 0.001 (s) Losses = ['3.2093', '3.2093'] lr = 0.0002500
2025-10-29 16:08:29,146 - TopNet - INFO - [Epoch 109/150][Batch 1201/2622] BatchTime = 0.206 (s) DataTime = 0.001 (s) Losses = ['2.7341', '2.7341'] lr = 0.0002500
2025-10-29 16:08:56,164 - TopNet - INFO - [Epoch 109/150][Batch 1301/2622] BatchTime = 0.294 (s) DataTime = 0.001 (s) Losses = ['2.7331', '2.7331'] lr = 0.0002500
2025-10-29 16:09:24,625 - TopNet - INFO - [Epoch 109/150][Batch 1401/2622] BatchTime = 0.121 (s) DataTime = 0.001 (s) Losses = ['3.5340', '3.5340'] lr = 0.0002500
2025-10-29 16:09:50,943 - TopNet - INFO - [Epoch 109/150][Batch 1501/2622] BatchTime = 0.239 (s) DataTime = 0.001 (s) Losses = ['4.0703', '4.0703'] lr = 0.0002500
2025-10-29 16:10:17,272 - TopNet - INFO - [Epoch 109/150][Batch 1601/2622] BatchTime = 0.314 (s) DataTime = 0.001 (s) Losses = ['3.2122', '3.2122'] lr = 0.0002500
2025-10-29 16:10:45,400 - TopNet - INFO - [Epoch 109/150][Batch 1701/2622] BatchTime = 0.196 (s) DataTime = 0.001 (s) Losses = ['2.5143', '2.5143'] lr = 0.0002500
2025-10-29 16:11:12,157 - TopNet - INFO - [Epoch 109/150][Batch 1801/2622] BatchTime = 0.113 (s) DataTime = 0.001 (s) Losses = ['2.3314', '2.3314'] lr = 0.0002500
2025-10-29 16:11:41,022 - TopNet - INFO - [Epoch 109/150][Batch 1901/2622] BatchTime = 0.160 (s) DataTime = 0.001 (s) Losses = ['3.0134', '3.0134'] lr = 0.0002500
2025-10-29 16:12:09,207 - TopNet - INFO - [Epoch 109/150][Batch 2001/2622] BatchTime = 0.313 (s) DataTime = 0.001 (s) Losses = ['3.3310', '3.3310'] lr = 0.0002500
2025-10-29 16:12:37,260 - TopNet - INFO - [Epoch 109/150][Batch 2101/2622] BatchTime = 0.109 (s) DataTime = 0.001 (s) Losses = ['3.2942', '3.2942'] lr = 0.0002500
2025-10-29 16:13:04,572 - TopNet - INFO - [Epoch 109/150][Batch 2201/2622] BatchTime = 0.402 (s) DataTime = 0.001 (s) Losses = ['3.6831', '3.6831'] lr = 0.0002500
2025-10-29 16:13:30,963 - TopNet - INFO - [Epoch 109/150][Batch 2301/2622] BatchTime = 0.114 (s) DataTime = 0.001 (s) Losses = ['2.7689', '2.7689'] lr = 0.0002500
2025-10-29 16:13:58,342 - TopNet - INFO - [Epoch 109/150][Batch 2401/2622] BatchTime = 0.336 (s) DataTime = 0.001 (s) Losses = ['4.1935', '4.1935'] lr = 0.0002500
2025-10-29 16:14:24,859 - TopNet - INFO - [Epoch 109/150][Batch 2501/2622] BatchTime = 0.410 (s) DataTime = 0.001 (s) Losses = ['4.2648', '4.2648'] lr = 0.0002500
2025-10-29 16:14:50,849 - TopNet - INFO - [Epoch 109/150][Batch 2601/2622] BatchTime = 0.341 (s) DataTime = 0.001 (s) Losses = ['3.0992', '3.0992'] lr = 0.0002500
2025-10-29 16:14:56,424 - TopNet - INFO - [Training] EPOCH: 109 EpochTime = 723.121 (s) Losses = ['3.0895', '3.0895']
2025-10-29 16:14:56,520 - TopNet - INFO - Save checkpoint at ./experiments/TopNet/ShapeNet55_models/TopNet_fog/ckpt-last.pth
2025-10-29 16:14:56,817 - TopNet - INFO - [Epoch 110/150][Batch 1/2622] BatchTime = 0.296 (s) DataTime = 0.075 (s) Losses = ['3.4466', '3.4466'] lr = 0.0002500
2025-10-29 16:15:23,196 - TopNet - INFO - [Epoch 110/150][Batch 101/2622] BatchTime = 0.130 (s) DataTime = 0.001 (s) Losses = ['2.7873', '2.7873'] lr = 0.0002500
2025-10-29 16:15:49,663 - TopNet - INFO - [Epoch 110/150][Batch 201/2622] BatchTime = 0.210 (s) DataTime = 0.001 (s) Losses = ['3.5122', '3.5122'] lr = 0.0002500
2025-10-29 16:16:17,308 - TopNet - INFO - [Epoch 110/150][Batch 301/2622] BatchTime = 0.385 (s) DataTime = 0.001 (s) Losses = ['2.2339', '2.2339'] lr = 0.0002500
2025-10-29 16:16:44,862 - TopNet - INFO - [Epoch 110/150][Batch 401/2622] BatchTime = 0.193 (s) DataTime = 0.001 (s) Losses = ['3.0474', '3.0474'] lr = 0.0002500
2025-10-29 16:17:12,521 - TopNet - INFO - [Epoch 110/150][Batch 501/2622] BatchTime = 0.336 (s) DataTime = 0.001 (s) Losses = ['3.0182', '3.0182'] lr = 0.0002500
2025-10-29 16:17:39,605 - TopNet - INFO - [Epoch 110/150][Batch 601/2622] BatchTime = 0.208 (s) DataTime = 0.001 (s) Losses = ['3.1896', '3.1896'] lr = 0.0002500
2025-10-29 16:18:05,291 - TopNet - INFO - [Epoch 110/150][Batch 701/2622] BatchTime = 0.272 (s) DataTime = 0.001 (s) Losses = ['2.8218', '2.8218'] lr = 0.0002500
2025-10-29 16:18:32,423 - TopNet - INFO - [Epoch 110/150][Batch 801/2622] BatchTime = 0.297 (s) DataTime = 0.001 (s) Losses = ['3.1708', '3.1708'] lr = 0.0002500
2025-10-29 16:18:59,422 - TopNet - INFO - [Epoch 110/150][Batch 901/2622] BatchTime = 0.150 (s) DataTime = 0.001 (s) Losses = ['3.2912', '3.2912'] lr = 0.0002500
2025-10-29 16:19:27,697 - TopNet - INFO - [Epoch 110/150][Batch 1001/2622] BatchTime = 0.215 (s) DataTime = 0.001 (s) Losses = ['2.2963', '2.2963'] lr = 0.0002500
2025-10-29 16:19:55,061 - TopNet - INFO - [Epoch 110/150][Batch 1101/2622] BatchTime = 0.337 (s) DataTime = 0.001 (s) Losses = ['4.5508', '4.5508'] lr = 0.0002500
2025-10-29 16:20:22,757 - TopNet - INFO - [Epoch 110/150][Batch 1201/2622] BatchTime = 0.382 (s) DataTime = 0.001 (s) Losses = ['2.6189', '2.6189'] lr = 0.0002500
2025-10-29 16:20:51,043 - TopNet - INFO - [Epoch 110/150][Batch 1301/2622] BatchTime = 0.390 (s) DataTime = 0.002 (s) Losses = ['2.9164', '2.9164'] lr = 0.0002500
2025-10-29 16:21:17,080 - TopNet - INFO - [Epoch 110/150][Batch 1401/2622] BatchTime = 0.116 (s) DataTime = 0.001 (s) Losses = ['2.6863', '2.6863'] lr = 0.0002500
2025-10-29 16:21:45,821 - TopNet - INFO - [Epoch 110/150][Batch 1501/2622] BatchTime = 0.446 (s) DataTime = 0.001 (s) Losses = ['3.7723', '3.7723'] lr = 0.0002500
2025-10-29 16:22:15,439 - TopNet - INFO - [Epoch 110/150][Batch 1601/2622] BatchTime = 0.435 (s) DataTime = 0.001 (s) Losses = ['2.9600', '2.9600'] lr = 0.0002500
2025-10-29 16:22:40,895 - TopNet - INFO - [Epoch 110/150][Batch 1701/2622] BatchTime = 0.254 (s) DataTime = 0.001 (s) Losses = ['5.8978', '5.8978'] lr = 0.0002500
2025-10-29 16:23:07,468 - TopNet - INFO - [Epoch 110/150][Batch 1801/2622] BatchTime = 0.206 (s) DataTime = 0.001 (s) Losses = ['3.6625', '3.6625'] lr = 0.0002500
2025-10-29 16:23:34,477 - TopNet - INFO - [Epoch 110/150][Batch 1901/2622] BatchTime = 0.208 (s) DataTime = 0.001 (s) Losses = ['2.5926', '2.5926'] lr = 0.0002500
2025-10-29 16:24:03,102 - TopNet - INFO - [Epoch 110/150][Batch 2001/2622] BatchTime = 0.238 (s) DataTime = 0.001 (s) Losses = ['2.9008', '2.9008'] lr = 0.0002500
2025-10-29 16:24:27,966 - TopNet - INFO - [Epoch 110/150][Batch 2101/2622] BatchTime = 0.115 (s) DataTime = 0.001 (s) Losses = ['2.7723', '2.7723'] lr = 0.0002500
2025-10-29 16:24:55,528 - TopNet - INFO - [Epoch 110/150][Batch 2201/2622] BatchTime = 0.161 (s) DataTime = 0.001 (s) Losses = ['2.8887', '2.8887'] lr = 0.0002500
2025-10-29 16:25:23,098 - TopNet - INFO - [Epoch 110/150][Batch 2301/2622] BatchTime = 0.430 (s) DataTime = 0.001 (s) Losses = ['3.3987', '3.3987'] lr = 0.0002500
2025-10-29 16:25:50,574 - TopNet - INFO - [Epoch 110/150][Batch 2401/2622] BatchTime = 0.237 (s) DataTime = 0.001 (s) Losses = ['3.0475', '3.0475'] lr = 0.0002500
2025-10-29 16:26:18,615 - TopNet - INFO - [Epoch 110/150][Batch 2501/2622] BatchTime = 0.202 (s) DataTime = 0.001 (s) Losses = ['2.0022', '2.0022'] lr = 0.0002500
2025-10-29 16:26:43,537 - TopNet - INFO - [Epoch 110/150][Batch 2601/2622] BatchTime = 0.108 (s) DataTime = 0.001 (s) Losses = ['2.9036', '2.9036'] lr = 0.0002500
2025-10-29 16:26:49,999 - TopNet - INFO - [Training] EPOCH: 110 EpochTime = 713.478 (s) Losses = ['3.0629', '3.0629']
2025-10-29 16:26:49,999 - TopNet - INFO - [VALIDATION] Start validating epoch 110
2025-10-29 16:27:30,963 - TopNet - INFO - Test[1051/10518] Taxonomy = 02691156 Sample = c7749c0a8b61f43bc9b9e28055202e3d Losses = ['24.4915', '1.9680', '24.4915', '1.9680'] Metrics = ['0.1194', '24.4915', '1.9680', '0.0000']
2025-10-29 16:28:08,822 - TopNet - INFO - Test[2102/10518] Taxonomy = 03211117 Sample = ab2f9418c111cc6ddb965514105122a4 Losses = ['24.9557', '1.5213', '24.9557', '1.5213'] Metrics = ['0.0617', '24.9557', '1.5213', '0.0000']
2025-10-29 16:28:47,513 - TopNet - INFO - Test[3153/10518] Taxonomy = 02876657 Sample = c5032e4be091aabb36fe7a88df793982 Losses = ['54.7938', '7.4786', '54.7938', '7.4786'] Metrics = ['0.0134', '54.7938', '7.4786', '0.0000']
2025-10-29 16:29:26,929 - TopNet - INFO - Test[4204/10518] Taxonomy = 03211117 Sample = 722df1da5778d45b1e43523279c7f09f Losses = ['33.2391', '3.3524', '33.2391', '3.3524'] Metrics = ['0.0673', '33.2391', '3.3524', '0.0000']
2025-10-29 16:30:06,087 - TopNet - INFO - Test[5255/10518] Taxonomy = 02828884 Sample = 14b63361a48a9fffe4a048c146e8bd43 Losses = ['35.6064', '3.1562', '35.6064', '3.1562'] Metrics = ['0.0300', '35.6064', '3.1562', '0.0000']
2025-10-29 16:30:45,323 - TopNet - INFO - Test[6306/10518] Taxonomy = 03211117 Sample = d330d50a0255529d19ed6e1a590c9122 Losses = ['23.7556', '1.7129', '23.7556', '1.7129'] Metrics = ['0.1038', '23.7556', '1.7129', '0.0000']
2025-10-29 16:31:24,483 - TopNet - INFO - Test[7357/10518] Taxonomy = 04379243 Sample = b1ca280d9567270ade98d10ab5975b59 Losses = ['27.7344', '2.4956', '27.7344', '2.4956'] Metrics = ['0.0497', '27.7344', '2.4956', '0.0000']
2025-10-29 16:32:01,299 - TopNet - INFO - Test[8408/10518] Taxonomy = 03001627 Sample = 89208a619341d9fdb8c516ed5c4ce32 Losses = ['40.4500', '4.0562', '40.4500', '4.0562'] Metrics = ['0.0157', '40.4500', '4.0562', '0.0000']
2025-10-29 16:32:38,169 - TopNet - INFO - Test[9459/10518] Taxonomy = 03001627 Sample = d0255120e3351121c3bd24f986301745 Losses = ['32.9861', '2.9813', '32.9861', '2.9813'] Metrics = ['0.0228', '32.9861', '2.9813', '0.0000']
2025-10-29 16:33:15,020 - TopNet - INFO - Test[10510/10518] Taxonomy = 03636649 Sample = ea9ec4d9db2e06202471e6dd5ac3ef92 Losses = ['16.9455', '1.0372', '16.9455', '1.0372'] Metrics = ['0.2890', '16.9455', '1.0372', '0.0000']
2025-10-29 16:33:15,596 - TopNet - INFO - [Validation] EPOCH: 110  Metrics = ['0.0698', '34.0535', '3.7820', '0.0000']
2025-10-29 16:33:15,597 - TopNet - INFO - ============================ TEST RESULTS ============================
2025-10-29 16:33:15,597 - TopNet - INFO - Taxonomy	#Sample	F-Score	CDL1	CDL2	EMDistance	#ModelName	
2025-10-29 16:33:15,597 - TopNet - INFO - 03759954	14	0.083 	36.115 	5.204 	0.000 	microphone	
2025-10-29 16:33:15,597 - TopNet - INFO - 04330267	44	0.027 	39.292 	4.429 	0.000 	stove	
2025-10-29 16:33:15,597 - TopNet - INFO - 03261776	15	0.033 	41.265 	6.931 	0.000 	earphone	
2025-10-29 16:33:15,597 - TopNet - INFO - 03513137	33	0.015 	52.162 	8.533 	0.000 	helmet	
2025-10-29 16:33:15,597 - TopNet - INFO - 04460130	27	0.080 	31.322 	3.064 	0.000 	tower	
2025-10-29 16:33:15,597 - TopNet - INFO - 04468005	78	0.086 	26.636 	2.184 	0.000 	train	
2025-10-29 16:33:15,597 - TopNet - INFO - 03761084	31	0.015 	43.321 	5.278 	0.000 	microwaves	
2025-10-29 16:33:15,597 - TopNet - INFO - 04004475	34	0.021 	42.148 	5.422 	0.000 	printer	
2025-10-29 16:33:15,597 - TopNet - INFO - 03938244	20	0.023 	45.017 	5.774 	0.000 	pillow	
2025-10-29 16:33:15,597 - TopNet - INFO - 02992529	167	0.077 	24.909 	1.685 	0.000 	cellphone	
2025-10-29 16:33:15,597 - TopNet - INFO - 02808440	172	0.034 	36.049 	3.990 	0.000 	bathtub	
2025-10-29 16:33:15,597 - TopNet - INFO - 04530566	388	0.107 	25.049 	1.975 	0.000 	watercraft	
2025-10-29 16:33:15,597 - TopNet - INFO - 02871439	91	0.042 	33.426 	3.305 	0.000 	bookshelf	
2025-10-29 16:33:15,597 - TopNet - INFO - 03593526	120	0.030 	42.519 	5.593 	0.000 	jar	
2025-10-29 16:33:15,597 - TopNet - INFO - 04554684	34	0.012 	45.025 	5.225 	0.000 	washer	
2025-10-29 16:33:15,597 - TopNet - INFO - 03467517	160	0.316 	15.636 	0.769 	0.000 	guitar	
2025-10-29 16:33:15,597 - TopNet - INFO - 04401088	218	0.081 	24.432 	1.671 	0.000 	telephone	
2025-10-29 16:33:15,597 - TopNet - INFO - 02954340	12	0.019 	47.695 	7.651 	0.000 	cap	
2025-10-29 16:33:15,597 - TopNet - INFO - 02933112	315	0.031 	34.158 	3.204 	0.000 	cabinet	
2025-10-29 16:33:15,597 - TopNet - INFO - 03642806	92	0.081 	24.300 	1.633 	0.000 	laptop	
2025-10-29 16:33:15,597 - TopNet - INFO - 02924116	188	0.063 	27.629 	2.176 	0.000 	bus	
2025-10-29 16:33:15,597 - TopNet - INFO - 02946921	22	0.013 	45.300 	5.523 	0.000 	can	
2025-10-29 16:33:15,597 - TopNet - INFO - 02818832	47	0.033 	39.043 	4.725 	0.000 	bed	
2025-10-29 16:33:15,597 - TopNet - INFO - 04256520	635	0.034 	34.347 	3.243 	0.000 	sofa	
2025-10-29 16:33:15,597 - TopNet - INFO - 04379243	1687	0.085 	29.783 	3.058 	0.000 	table	
2025-10-29 16:33:15,597 - TopNet - INFO - 02747177	69	0.021 	38.896 	4.445 	0.000 	trash bin	
2025-10-29 16:33:15,597 - TopNet - INFO - 03046257	131	0.044 	35.486 	3.817 	0.000 	clock	
2025-10-29 16:33:15,597 - TopNet - INFO - 04225987	31	0.129 	24.682 	2.391 	0.000 	skateboard	
2025-10-29 16:33:15,597 - TopNet - INFO - 03797390	43	0.018 	40.174 	4.678 	0.000 	mug	
2025-10-29 16:33:15,597 - TopNet - INFO - 03001627	1356	0.050 	33.399 	3.418 	0.000 	chair	
2025-10-29 16:33:15,597 - TopNet - INFO - 03691459	320	0.025 	40.677 	4.756 	0.000 	loudspeaker	
2025-10-29 16:33:15,597 - TopNet - INFO - 02942699	23	0.017 	49.408 	7.118 	0.000 	camera	
2025-10-29 16:33:15,597 - TopNet - INFO - 03636649	464	0.081 	34.548 	4.203 	0.000 	lamp	
2025-10-29 16:33:15,597 - TopNet - INFO - 02691156	809	0.174 	21.084 	1.538 	0.000 	airplane	
2025-10-29 16:33:15,597 - TopNet - INFO - 02773838	17	0.051 	38.289 	4.744 	0.000 	bag	
2025-10-29 16:33:15,597 - TopNet - INFO - 02958343	703	0.050 	28.357 	2.264 	0.000 	car	
2025-10-29 16:33:15,597 - TopNet - INFO - 02880940	38	0.025 	38.756 	4.582 	0.000 	bowl	
2025-10-29 16:33:15,597 - TopNet - INFO - 04099429	17	0.224 	21.172 	1.505 	0.000 	rocket	
2025-10-29 16:33:15,597 - TopNet - INFO - 02828884	363	0.108 	27.129 	2.520 	0.000 	bench	
2025-10-29 16:33:15,597 - TopNet - INFO - 04090263	475	0.312 	16.647 	1.044 	0.000 	rifle	
2025-10-29 16:33:15,597 - TopNet - INFO - 03211117	219	0.058 	31.656 	3.070 	0.000 	display	
2025-10-29 16:33:15,597 - TopNet - INFO - 02876657	100	0.053 	32.026 	2.984 	0.000 	bottle	
2025-10-29 16:33:15,597 - TopNet - INFO - 03710193	19	0.052 	36.469 	3.970 	0.000 	mailbox	
2025-10-29 16:33:15,597 - TopNet - INFO - 03790512	68	0.057 	30.433 	2.818 	0.000 	motorbike	
2025-10-29 16:33:15,597 - TopNet - INFO - 03325088	149	0.049 	37.519 	4.806 	0.000 	faucet	
2025-10-29 16:33:15,597 - TopNet - INFO - 02801938	23	0.022 	42.470 	5.613 	0.000 	basket	
2025-10-29 16:33:15,597 - TopNet - INFO - 03337140	60	0.032 	35.089 	3.528 	0.000 	file cabinet	
2025-10-29 16:33:15,597 - TopNet - INFO - 02843684	15	0.024 	39.006 	4.428 	0.000 	birdhouse	
2025-10-29 16:33:15,597 - TopNet - INFO - 03624134	85	0.317 	15.294 	0.799 	0.000 	knife	
2025-10-29 16:33:15,597 - TopNet - INFO - 03991062	121	0.025 	43.668 	6.049 	0.000 	flowerpot	
2025-10-29 16:33:15,597 - TopNet - INFO - 03948459	62	0.125 	22.236 	1.516 	0.000 	pistol	
2025-10-29 16:33:15,597 - TopNet - INFO - 03928116	48	0.025 	43.017 	5.379 	0.000 	piano	
2025-10-29 16:33:15,597 - TopNet - INFO - 03207941	19	0.018 	39.617 	4.340 	0.000 	dishwasher	
2025-10-29 16:33:15,597 - TopNet - INFO - 04074963	14	0.057 	28.710 	2.157 	0.000 	remote	
2025-10-29 16:33:15,597 - TopNet - INFO - 03085013	13	0.153 	20.450 	1.290 	0.000 	keyboard	
2025-10-29 16:33:15,597 - TopNet - INFO - Overall		0.070 	34.053 	3.782 	0.000 	
2025-10-29 16:33:15,695 - TopNet - INFO - Save checkpoint at ./experiments/TopNet/ShapeNet55_models/TopNet_fog/ckpt-last.pth
2025-10-29 16:33:15,976 - TopNet - INFO - [Epoch 111/150][Batch 1/2622] BatchTime = 0.281 (s) DataTime = 0.073 (s) Losses = ['2.1042', '2.1042'] lr = 0.0002500
2025-10-29 16:33:41,987 - TopNet - INFO - [Epoch 111/150][Batch 101/2622] BatchTime = 0.131 (s) DataTime = 0.001 (s) Losses = ['2.9100', '2.9100'] lr = 0.0002500
2025-10-29 16:34:11,200 - TopNet - INFO - [Epoch 111/150][Batch 201/2622] BatchTime = 0.120 (s) DataTime = 0.001 (s) Losses = ['2.6608', '2.6608'] lr = 0.0002500
2025-10-29 16:34:38,014 - TopNet - INFO - [Epoch 111/150][Batch 301/2622] BatchTime = 0.321 (s) DataTime = 0.001 (s) Losses = ['2.2444', '2.2444'] lr = 0.0002500
2025-10-29 16:35:03,929 - TopNet - INFO - [Epoch 111/150][Batch 401/2622] BatchTime = 0.252 (s) DataTime = 0.001 (s) Losses = ['2.6898', '2.6898'] lr = 0.0002500
2025-10-29 16:35:30,982 - TopNet - INFO - [Epoch 111/150][Batch 501/2622] BatchTime = 0.219 (s) DataTime = 0.001 (s) Losses = ['2.1156', '2.1156'] lr = 0.0002500
2025-10-29 16:35:59,519 - TopNet - INFO - [Epoch 111/150][Batch 601/2622] BatchTime = 0.474 (s) DataTime = 0.001 (s) Losses = ['2.8088', '2.8088'] lr = 0.0002500
2025-10-29 16:36:25,702 - TopNet - INFO - [Epoch 111/150][Batch 701/2622] BatchTime = 0.132 (s) DataTime = 0.001 (s) Losses = ['3.5934', '3.5934'] lr = 0.0002500
2025-10-29 16:36:53,665 - TopNet - INFO - [Epoch 111/150][Batch 801/2622] BatchTime = 0.294 (s) DataTime = 0.001 (s) Losses = ['3.1934', '3.1934'] lr = 0.0002500
2025-10-29 16:37:21,591 - TopNet - INFO - [Epoch 111/150][Batch 901/2622] BatchTime = 0.312 (s) DataTime = 0.001 (s) Losses = ['3.5109', '3.5109'] lr = 0.0002500
2025-10-29 16:37:46,995 - TopNet - INFO - [Epoch 111/150][Batch 1001/2622] BatchTime = 0.278 (s) DataTime = 0.001 (s) Losses = ['2.4685', '2.4685'] lr = 0.0002500
2025-10-29 16:38:16,276 - TopNet - INFO - [Epoch 111/150][Batch 1101/2622] BatchTime = 0.294 (s) DataTime = 0.001 (s) Losses = ['2.6170', '2.6170'] lr = 0.0002500
2025-10-29 16:38:43,663 - TopNet - INFO - [Epoch 111/150][Batch 1201/2622] BatchTime = 0.211 (s) DataTime = 0.001 (s) Losses = ['2.9888', '2.9888'] lr = 0.0002500
2025-10-29 16:39:10,072 - TopNet - INFO - [Epoch 111/150][Batch 1301/2622] BatchTime = 0.405 (s) DataTime = 0.001 (s) Losses = ['2.9821', '2.9821'] lr = 0.0002500
2025-10-29 16:39:37,402 - TopNet - INFO - [Epoch 111/150][Batch 1401/2622] BatchTime = 0.409 (s) DataTime = 0.001 (s) Losses = ['3.0996', '3.0996'] lr = 0.0002500
2025-10-29 16:40:03,544 - TopNet - INFO - [Epoch 111/150][Batch 1501/2622] BatchTime = 0.342 (s) DataTime = 0.001 (s) Losses = ['5.0399', '5.0399'] lr = 0.0002500
2025-10-29 16:40:31,402 - TopNet - INFO - [Epoch 111/150][Batch 1601/2622] BatchTime = 0.316 (s) DataTime = 0.001 (s) Losses = ['3.8537', '3.8537'] lr = 0.0002500
2025-10-29 16:40:59,742 - TopNet - INFO - [Epoch 111/150][Batch 1701/2622] BatchTime = 0.226 (s) DataTime = 0.001 (s) Losses = ['2.4120', '2.4120'] lr = 0.0002500
2025-10-29 16:41:25,416 - TopNet - INFO - [Epoch 111/150][Batch 1801/2622] BatchTime = 0.203 (s) DataTime = 0.001 (s) Losses = ['3.2086', '3.2086'] lr = 0.0002500
2025-10-29 16:41:52,702 - TopNet - INFO - [Epoch 111/150][Batch 1901/2622] BatchTime = 0.499 (s) DataTime = 0.001 (s) Losses = ['3.0332', '3.0332'] lr = 0.0002500
2025-10-29 16:42:18,964 - TopNet - INFO - [Epoch 111/150][Batch 2001/2622] BatchTime = 0.321 (s) DataTime = 0.001 (s) Losses = ['2.8939', '2.8939'] lr = 0.0002500
2025-10-29 16:42:44,268 - TopNet - INFO - [Epoch 111/150][Batch 2101/2622] BatchTime = 0.203 (s) DataTime = 0.001 (s) Losses = ['2.4764', '2.4764'] lr = 0.0002500
2025-10-29 16:43:13,919 - TopNet - INFO - [Epoch 111/150][Batch 2201/2622] BatchTime = 0.307 (s) DataTime = 0.001 (s) Losses = ['2.1007', '2.1007'] lr = 0.0002500
2025-10-29 16:43:40,008 - TopNet - INFO - [Epoch 111/150][Batch 2301/2622] BatchTime = 0.111 (s) DataTime = 0.001 (s) Losses = ['3.2477', '3.2477'] lr = 0.0002500
2025-10-29 16:44:09,530 - TopNet - INFO - [Epoch 111/150][Batch 2401/2622] BatchTime = 0.139 (s) DataTime = 0.001 (s) Losses = ['2.2009', '2.2009'] lr = 0.0002500
2025-10-29 16:44:35,976 - TopNet - INFO - [Epoch 111/150][Batch 2501/2622] BatchTime = 0.127 (s) DataTime = 0.001 (s) Losses = ['3.0864', '3.0864'] lr = 0.0002500
2025-10-29 16:45:04,046 - TopNet - INFO - [Epoch 111/150][Batch 2601/2622] BatchTime = 0.257 (s) DataTime = 0.001 (s) Losses = ['2.7066', '2.7066'] lr = 0.0002500
2025-10-29 16:45:09,410 - TopNet - INFO - [Training] EPOCH: 111 EpochTime = 713.715 (s) Losses = ['3.0682', '3.0682']
2025-10-29 16:45:09,502 - TopNet - INFO - Save checkpoint at ./experiments/TopNet/ShapeNet55_models/TopNet_fog/ckpt-last.pth
2025-10-29 16:45:09,778 - TopNet - INFO - [Epoch 112/150][Batch 1/2622] BatchTime = 0.275 (s) DataTime = 0.073 (s) Losses = ['3.0042', '3.0042'] lr = 0.0002500
2025-10-29 16:45:36,884 - TopNet - INFO - [Epoch 112/150][Batch 101/2622] BatchTime = 0.318 (s) DataTime = 0.001 (s) Losses = ['2.9478', '2.9478'] lr = 0.0002500
2025-10-29 16:46:02,071 - TopNet - INFO - [Epoch 112/150][Batch 201/2622] BatchTime = 0.215 (s) DataTime = 0.001 (s) Losses = ['2.3792', '2.3792'] lr = 0.0002500
2025-10-29 16:46:30,026 - TopNet - INFO - [Epoch 112/150][Batch 301/2622] BatchTime = 0.282 (s) DataTime = 0.001 (s) Losses = ['2.3616', '2.3616'] lr = 0.0002500
2025-10-29 16:46:57,864 - TopNet - INFO - [Epoch 112/150][Batch 401/2622] BatchTime = 0.276 (s) DataTime = 0.001 (s) Losses = ['3.6430', '3.6430'] lr = 0.0002500
2025-10-29 16:47:26,298 - TopNet - INFO - [Epoch 112/150][Batch 501/2622] BatchTime = 0.374 (s) DataTime = 0.001 (s) Losses = ['4.3096', '4.3096'] lr = 0.0002500
2025-10-29 16:47:53,265 - TopNet - INFO - [Epoch 112/150][Batch 601/2622] BatchTime = 0.310 (s) DataTime = 0.001 (s) Losses = ['2.0307', '2.0307'] lr = 0.0002500
2025-10-29 16:48:20,061 - TopNet - INFO - [Epoch 112/150][Batch 701/2622] BatchTime = 0.415 (s) DataTime = 0.001 (s) Losses = ['2.9447', '2.9447'] lr = 0.0002500
2025-10-29 16:48:48,838 - TopNet - INFO - [Epoch 112/150][Batch 801/2622] BatchTime = 0.206 (s) DataTime = 0.001 (s) Losses = ['2.8750', '2.8750'] lr = 0.0002500
2025-10-29 16:49:17,072 - TopNet - INFO - [Epoch 112/150][Batch 901/2622] BatchTime = 0.201 (s) DataTime = 0.001 (s) Losses = ['2.3036', '2.3036'] lr = 0.0002500
2025-10-29 16:49:42,788 - TopNet - INFO - [Epoch 112/150][Batch 1001/2622] BatchTime = 0.397 (s) DataTime = 0.001 (s) Losses = ['2.1657', '2.1657'] lr = 0.0002500
2025-10-29 16:50:08,664 - TopNet - INFO - [Epoch 112/150][Batch 1101/2622] BatchTime = 0.303 (s) DataTime = 0.001 (s) Losses = ['4.4667', '4.4667'] lr = 0.0002500
2025-10-29 16:50:35,023 - TopNet - INFO - [Epoch 112/150][Batch 1201/2622] BatchTime = 0.339 (s) DataTime = 0.001 (s) Losses = ['2.0647', '2.0647'] lr = 0.0002500
2025-10-29 16:51:01,798 - TopNet - INFO - [Epoch 112/150][Batch 1301/2622] BatchTime = 0.328 (s) DataTime = 0.001 (s) Losses = ['2.9227', '2.9227'] lr = 0.0002500
2025-10-29 16:51:31,632 - TopNet - INFO - [Epoch 112/150][Batch 1401/2622] BatchTime = 0.317 (s) DataTime = 0.001 (s) Losses = ['3.0735', '3.0735'] lr = 0.0002500
2025-10-29 16:52:01,348 - TopNet - INFO - [Epoch 112/150][Batch 1501/2622] BatchTime = 0.130 (s) DataTime = 0.001 (s) Losses = ['3.1519', '3.1519'] lr = 0.0002500
2025-10-29 16:52:29,322 - TopNet - INFO - [Epoch 112/150][Batch 1601/2622] BatchTime = 0.518 (s) DataTime = 0.001 (s) Losses = ['2.7099', '2.7099'] lr = 0.0002500
2025-10-29 16:52:56,840 - TopNet - INFO - [Epoch 112/150][Batch 1701/2622] BatchTime = 0.309 (s) DataTime = 0.001 (s) Losses = ['2.6615', '2.6615'] lr = 0.0002500
2025-10-29 16:53:21,338 - TopNet - INFO - [Epoch 112/150][Batch 1801/2622] BatchTime = 0.324 (s) DataTime = 0.001 (s) Losses = ['2.7590', '2.7590'] lr = 0.0002500
2025-10-29 16:53:48,702 - TopNet - INFO - [Epoch 112/150][Batch 1901/2622] BatchTime = 0.220 (s) DataTime = 0.001 (s) Losses = ['3.0383', '3.0383'] lr = 0.0002500
2025-10-29 16:54:16,165 - TopNet - INFO - [Epoch 112/150][Batch 2001/2622] BatchTime = 0.419 (s) DataTime = 0.001 (s) Losses = ['2.2469', '2.2469'] lr = 0.0002500
2025-10-29 16:54:44,381 - TopNet - INFO - [Epoch 112/150][Batch 2101/2622] BatchTime = 0.117 (s) DataTime = 0.001 (s) Losses = ['3.7574', '3.7574'] lr = 0.0002500
2025-10-29 16:55:10,903 - TopNet - INFO - [Epoch 112/150][Batch 2201/2622] BatchTime = 0.123 (s) DataTime = 0.001 (s) Losses = ['5.0930', '5.0930'] lr = 0.0002500
2025-10-29 16:55:39,030 - TopNet - INFO - [Epoch 112/150][Batch 2301/2622] BatchTime = 0.203 (s) DataTime = 0.001 (s) Losses = ['3.2036', '3.2036'] lr = 0.0002500
2025-10-29 16:56:06,610 - TopNet - INFO - [Epoch 112/150][Batch 2401/2622] BatchTime = 0.867 (s) DataTime = 0.001 (s) Losses = ['3.7116', '3.7116'] lr = 0.0002500
2025-10-29 16:56:34,245 - TopNet - INFO - [Epoch 112/150][Batch 2501/2622] BatchTime = 0.271 (s) DataTime = 0.001 (s) Losses = ['2.3776', '2.3776'] lr = 0.0002500
2025-10-29 16:57:01,228 - TopNet - INFO - [Epoch 112/150][Batch 2601/2622] BatchTime = 0.116 (s) DataTime = 0.001 (s) Losses = ['3.2691', '3.2691'] lr = 0.0002500
2025-10-29 16:57:06,437 - TopNet - INFO - [Training] EPOCH: 112 EpochTime = 716.935 (s) Losses = ['3.0709', '3.0709']
2025-10-29 16:57:06,536 - TopNet - INFO - Save checkpoint at ./experiments/TopNet/ShapeNet55_models/TopNet_fog/ckpt-last.pth
2025-10-29 16:57:06,958 - TopNet - INFO - [Epoch 113/150][Batch 1/2622] BatchTime = 0.421 (s) DataTime = 0.075 (s) Losses = ['2.4568', '2.4568'] lr = 0.0002500
2025-10-29 16:57:30,490 - TopNet - INFO - [Epoch 113/150][Batch 101/2622] BatchTime = 0.213 (s) DataTime = 0.001 (s) Losses = ['1.7951', '1.7951'] lr = 0.0002500
2025-10-29 16:57:55,228 - TopNet - INFO - [Epoch 113/150][Batch 201/2622] BatchTime = 0.296 (s) DataTime = 0.001 (s) Losses = ['2.7779', '2.7779'] lr = 0.0002500
2025-10-29 16:58:23,394 - TopNet - INFO - [Epoch 113/150][Batch 301/2622] BatchTime = 0.248 (s) DataTime = 0.001 (s) Losses = ['2.4881', '2.4881'] lr = 0.0002500
2025-10-29 16:58:51,069 - TopNet - INFO - [Epoch 113/150][Batch 401/2622] BatchTime = 0.295 (s) DataTime = 0.001 (s) Losses = ['2.7701', '2.7701'] lr = 0.0002500
2025-10-29 16:59:17,818 - TopNet - INFO - [Epoch 113/150][Batch 501/2622] BatchTime = 0.521 (s) DataTime = 0.001 (s) Losses = ['2.7943', '2.7943'] lr = 0.0002500
2025-10-29 16:59:46,366 - TopNet - INFO - [Epoch 113/150][Batch 601/2622] BatchTime = 0.356 (s) DataTime = 0.001 (s) Losses = ['3.0869', '3.0869'] lr = 0.0002500
2025-10-29 17:00:12,557 - TopNet - INFO - [Epoch 113/150][Batch 701/2622] BatchTime = 0.260 (s) DataTime = 0.001 (s) Losses = ['2.7790', '2.7790'] lr = 0.0002500
2025-10-29 17:00:42,213 - TopNet - INFO - [Epoch 113/150][Batch 801/2622] BatchTime = 0.290 (s) DataTime = 0.001 (s) Losses = ['2.5370', '2.5370'] lr = 0.0002500
2025-10-29 17:01:07,883 - TopNet - INFO - [Epoch 113/150][Batch 901/2622] BatchTime = 0.291 (s) DataTime = 0.001 (s) Losses = ['3.9675', '3.9675'] lr = 0.0002500
2025-10-29 17:01:35,459 - TopNet - INFO - [Epoch 113/150][Batch 1001/2622] BatchTime = 0.308 (s) DataTime = 0.001 (s) Losses = ['3.3383', '3.3383'] lr = 0.0002500
2025-10-29 17:02:03,723 - TopNet - INFO - [Epoch 113/150][Batch 1101/2622] BatchTime = 0.507 (s) DataTime = 0.001 (s) Losses = ['3.0616', '3.0616'] lr = 0.0002500
2025-10-29 17:02:30,682 - TopNet - INFO - [Epoch 113/150][Batch 1201/2622] BatchTime = 0.220 (s) DataTime = 0.001 (s) Losses = ['3.9437', '3.9437'] lr = 0.0002500
2025-10-29 17:02:57,441 - TopNet - INFO - [Epoch 113/150][Batch 1301/2622] BatchTime = 0.221 (s) DataTime = 0.001 (s) Losses = ['4.2088', '4.2088'] lr = 0.0002500
2025-10-29 17:03:25,628 - TopNet - INFO - [Epoch 113/150][Batch 1401/2622] BatchTime = 0.325 (s) DataTime = 0.001 (s) Losses = ['3.2285', '3.2285'] lr = 0.0002500
2025-10-29 17:03:54,732 - TopNet - INFO - [Epoch 113/150][Batch 1501/2622] BatchTime = 0.355 (s) DataTime = 0.001 (s) Losses = ['3.2420', '3.2420'] lr = 0.0002500
2025-10-29 17:04:22,678 - TopNet - INFO - [Epoch 113/150][Batch 1601/2622] BatchTime = 0.209 (s) DataTime = 0.001 (s) Losses = ['3.8357', '3.8357'] lr = 0.0002500
2025-10-29 17:04:49,068 - TopNet - INFO - [Epoch 113/150][Batch 1701/2622] BatchTime = 0.472 (s) DataTime = 0.001 (s) Losses = ['2.7372', '2.7372'] lr = 0.0002500
2025-10-29 17:05:15,270 - TopNet - INFO - [Epoch 113/150][Batch 1801/2622] BatchTime = 0.333 (s) DataTime = 0.001 (s) Losses = ['3.6108', '3.6108'] lr = 0.0002500
2025-10-29 17:05:43,541 - TopNet - INFO - [Epoch 113/150][Batch 1901/2622] BatchTime = 0.236 (s) DataTime = 0.001 (s) Losses = ['2.5500', '2.5500'] lr = 0.0002500
2025-10-29 17:06:10,084 - TopNet - INFO - [Epoch 113/150][Batch 2001/2622] BatchTime = 0.411 (s) DataTime = 0.001 (s) Losses = ['3.4325', '3.4325'] lr = 0.0002500
2025-10-29 17:06:37,918 - TopNet - INFO - [Epoch 113/150][Batch 2101/2622] BatchTime = 0.112 (s) DataTime = 0.001 (s) Losses = ['3.2866', '3.2866'] lr = 0.0002500
2025-10-29 17:07:08,312 - TopNet - INFO - [Epoch 113/150][Batch 2201/2622] BatchTime = 0.111 (s) DataTime = 0.001 (s) Losses = ['3.5850', '3.5850'] lr = 0.0002500
2025-10-29 17:07:37,709 - TopNet - INFO - [Epoch 113/150][Batch 2301/2622] BatchTime = 0.238 (s) DataTime = 0.001 (s) Losses = ['3.8170', '3.8170'] lr = 0.0002500
2025-10-29 17:08:05,426 - TopNet - INFO - [Epoch 113/150][Batch 2401/2622] BatchTime = 0.274 (s) DataTime = 0.001 (s) Losses = ['2.7045', '2.7045'] lr = 0.0002500
2025-10-29 17:08:33,251 - TopNet - INFO - [Epoch 113/150][Batch 2501/2622] BatchTime = 0.229 (s) DataTime = 0.001 (s) Losses = ['4.2444', '4.2444'] lr = 0.0002500
2025-10-29 17:09:00,492 - TopNet - INFO - [Epoch 113/150][Batch 2601/2622] BatchTime = 0.239 (s) DataTime = 0.001 (s) Losses = ['2.6849', '2.6849'] lr = 0.0002500
2025-10-29 17:09:05,836 - TopNet - INFO - [Training] EPOCH: 113 EpochTime = 719.300 (s) Losses = ['3.0709', '3.0709']
2025-10-29 17:09:05,928 - TopNet - INFO - Save checkpoint at ./experiments/TopNet/ShapeNet55_models/TopNet_fog/ckpt-last.pth
2025-10-29 17:09:06,117 - TopNet - INFO - [Epoch 114/150][Batch 1/2622] BatchTime = 0.189 (s) DataTime = 0.070 (s) Losses = ['2.8425', '2.8425'] lr = 0.0002500
2025-10-29 17:09:33,254 - TopNet - INFO - [Epoch 114/150][Batch 101/2622] BatchTime = 0.381 (s) DataTime = 0.001 (s) Losses = ['2.3162', '2.3162'] lr = 0.0002500
2025-10-29 17:10:00,630 - TopNet - INFO - [Epoch 114/150][Batch 201/2622] BatchTime = 0.124 (s) DataTime = 0.001 (s) Losses = ['2.1159', '2.1159'] lr = 0.0002500
2025-10-29 17:10:26,864 - TopNet - INFO - [Epoch 114/150][Batch 301/2622] BatchTime = 0.118 (s) DataTime = 0.001 (s) Losses = ['2.7947', '2.7947'] lr = 0.0002500
2025-10-29 17:10:54,114 - TopNet - INFO - [Epoch 114/150][Batch 401/2622] BatchTime = 0.443 (s) DataTime = 0.001 (s) Losses = ['2.8047', '2.8047'] lr = 0.0002500
2025-10-29 17:11:21,333 - TopNet - INFO - [Epoch 114/150][Batch 501/2622] BatchTime = 0.292 (s) DataTime = 0.001 (s) Losses = ['3.0937', '3.0937'] lr = 0.0002500
2025-10-29 17:11:47,605 - TopNet - INFO - [Epoch 114/150][Batch 601/2622] BatchTime = 0.354 (s) DataTime = 0.001 (s) Losses = ['2.4070', '2.4070'] lr = 0.0002500
2025-10-29 17:12:15,488 - TopNet - INFO - [Epoch 114/150][Batch 701/2622] BatchTime = 0.253 (s) DataTime = 0.001 (s) Losses = ['2.5436', '2.5436'] lr = 0.0002500
2025-10-29 17:12:41,564 - TopNet - INFO - [Epoch 114/150][Batch 801/2622] BatchTime = 0.242 (s) DataTime = 0.001 (s) Losses = ['3.1156', '3.1156'] lr = 0.0002500
2025-10-29 17:13:07,393 - TopNet - INFO - [Epoch 114/150][Batch 901/2622] BatchTime = 0.316 (s) DataTime = 0.001 (s) Losses = ['2.7169', '2.7169'] lr = 0.0002500
2025-10-29 17:13:34,583 - TopNet - INFO - [Epoch 114/150][Batch 1001/2622] BatchTime = 0.176 (s) DataTime = 0.001 (s) Losses = ['5.3334', '5.3334'] lr = 0.0002500
2025-10-29 17:14:03,837 - TopNet - INFO - [Epoch 114/150][Batch 1101/2622] BatchTime = 0.443 (s) DataTime = 0.001 (s) Losses = ['4.0771', '4.0771'] lr = 0.0002500
2025-10-29 17:14:30,507 - TopNet - INFO - [Epoch 114/150][Batch 1201/2622] BatchTime = 0.199 (s) DataTime = 0.001 (s) Losses = ['3.2202', '3.2202'] lr = 0.0002500
2025-10-29 17:14:57,793 - TopNet - INFO - [Epoch 114/150][Batch 1301/2622] BatchTime = 0.114 (s) DataTime = 0.001 (s) Losses = ['3.5085', '3.5085'] lr = 0.0002500
2025-10-29 17:15:24,067 - TopNet - INFO - [Epoch 114/150][Batch 1401/2622] BatchTime = 0.158 (s) DataTime = 0.001 (s) Losses = ['4.1685', '4.1685'] lr = 0.0002500
2025-10-29 17:15:50,694 - TopNet - INFO - [Epoch 114/150][Batch 1501/2622] BatchTime = 0.138 (s) DataTime = 0.001 (s) Losses = ['3.7441', '3.7441'] lr = 0.0002500
2025-10-29 17:16:16,273 - TopNet - INFO - [Epoch 114/150][Batch 1601/2622] BatchTime = 0.135 (s) DataTime = 0.001 (s) Losses = ['2.3801', '2.3801'] lr = 0.0002500
2025-10-29 17:16:45,027 - TopNet - INFO - [Epoch 114/150][Batch 1701/2622] BatchTime = 0.298 (s) DataTime = 0.001 (s) Losses = ['2.4730', '2.4730'] lr = 0.0002500
2025-10-29 17:17:12,540 - TopNet - INFO - [Epoch 114/150][Batch 1801/2622] BatchTime = 0.234 (s) DataTime = 0.001 (s) Losses = ['2.4120', '2.4120'] lr = 0.0002500
2025-10-29 17:17:40,343 - TopNet - INFO - [Epoch 114/150][Batch 1901/2622] BatchTime = 0.204 (s) DataTime = 0.001 (s) Losses = ['4.0101', '4.0101'] lr = 0.0002500
2025-10-29 17:18:08,812 - TopNet - INFO - [Epoch 114/150][Batch 2001/2622] BatchTime = 0.650 (s) DataTime = 0.001 (s) Losses = ['2.9522', '2.9522'] lr = 0.0002500
2025-10-29 17:18:35,324 - TopNet - INFO - [Epoch 114/150][Batch 2101/2622] BatchTime = 0.340 (s) DataTime = 0.001 (s) Losses = ['3.2879', '3.2879'] lr = 0.0002500
2025-10-29 17:19:02,560 - TopNet - INFO - [Epoch 114/150][Batch 2201/2622] BatchTime = 0.214 (s) DataTime = 0.001 (s) Losses = ['2.6306', '2.6306'] lr = 0.0002500
2025-10-29 17:19:28,803 - TopNet - INFO - [Epoch 114/150][Batch 2301/2622] BatchTime = 0.283 (s) DataTime = 0.001 (s) Losses = ['2.6451', '2.6451'] lr = 0.0002500
2025-10-29 17:19:54,112 - TopNet - INFO - [Epoch 114/150][Batch 2401/2622] BatchTime = 0.310 (s) DataTime = 0.001 (s) Losses = ['2.6704', '2.6704'] lr = 0.0002500
2025-10-29 17:20:19,993 - TopNet - INFO - [Epoch 114/150][Batch 2501/2622] BatchTime = 0.250 (s) DataTime = 0.001 (s) Losses = ['2.6726', '2.6726'] lr = 0.0002500
2025-10-29 17:20:48,033 - TopNet - INFO - [Epoch 114/150][Batch 2601/2622] BatchTime = 0.208 (s) DataTime = 0.001 (s) Losses = ['3.2053', '3.2053'] lr = 0.0002500
2025-10-29 17:20:53,317 - TopNet - INFO - [Training] EPOCH: 114 EpochTime = 707.389 (s) Losses = ['3.0786', '3.0786']
2025-10-29 17:20:53,410 - TopNet - INFO - Save checkpoint at ./experiments/TopNet/ShapeNet55_models/TopNet_fog/ckpt-last.pth
2025-10-29 17:20:53,719 - TopNet - INFO - [Epoch 115/150][Batch 1/2622] BatchTime = 0.309 (s) DataTime = 0.073 (s) Losses = ['4.0046', '4.0046'] lr = 0.0002500
2025-10-29 17:21:22,439 - TopNet - INFO - [Epoch 115/150][Batch 101/2622] BatchTime = 0.198 (s) DataTime = 0.001 (s) Losses = ['2.6811', '2.6811'] lr = 0.0002500
2025-10-29 17:21:50,374 - TopNet - INFO - [Epoch 115/150][Batch 201/2622] BatchTime = 0.324 (s) DataTime = 0.001 (s) Losses = ['2.2847', '2.2847'] lr = 0.0002500
2025-10-29 17:22:17,481 - TopNet - INFO - [Epoch 115/150][Batch 301/2622] BatchTime = 0.504 (s) DataTime = 0.001 (s) Losses = ['3.0074', '3.0074'] lr = 0.0002500
2025-10-29 17:22:43,845 - TopNet - INFO - [Epoch 115/150][Batch 401/2622] BatchTime = 0.467 (s) DataTime = 0.001 (s) Losses = ['2.0560', '2.0560'] lr = 0.0002500
2025-10-29 17:23:10,269 - TopNet - INFO - [Epoch 115/150][Batch 501/2622] BatchTime = 0.533 (s) DataTime = 0.001 (s) Losses = ['3.9312', '3.9312'] lr = 0.0002500
2025-10-29 17:23:38,582 - TopNet - INFO - [Epoch 115/150][Batch 601/2622] BatchTime = 0.230 (s) DataTime = 0.001 (s) Losses = ['2.8990', '2.8990'] lr = 0.0002500
2025-10-29 17:24:05,588 - TopNet - INFO - [Epoch 115/150][Batch 701/2622] BatchTime = 0.523 (s) DataTime = 0.001 (s) Losses = ['2.5072', '2.5072'] lr = 0.0002500
2025-10-29 17:24:34,377 - TopNet - INFO - [Epoch 115/150][Batch 801/2622] BatchTime = 0.218 (s) DataTime = 0.001 (s) Losses = ['3.7258', '3.7258'] lr = 0.0002500
2025-10-29 17:25:02,115 - TopNet - INFO - [Epoch 115/150][Batch 901/2622] BatchTime = 0.304 (s) DataTime = 0.001 (s) Losses = ['3.4260', '3.4260'] lr = 0.0002500
2025-10-29 17:25:26,421 - TopNet - INFO - [Epoch 115/150][Batch 1001/2622] BatchTime = 0.210 (s) DataTime = 0.001 (s) Losses = ['3.3034', '3.3034'] lr = 0.0002500
2025-10-29 17:25:53,777 - TopNet - INFO - [Epoch 115/150][Batch 1101/2622] BatchTime = 0.234 (s) DataTime = 0.001 (s) Losses = ['3.0478', '3.0478'] lr = 0.0002500
2025-10-29 17:26:21,376 - TopNet - INFO - [Epoch 115/150][Batch 1201/2622] BatchTime = 0.258 (s) DataTime = 0.001 (s) Losses = ['3.4301', '3.4301'] lr = 0.0002500
2025-10-29 17:26:48,941 - TopNet - INFO - [Epoch 115/150][Batch 1301/2622] BatchTime = 0.228 (s) DataTime = 0.001 (s) Losses = ['3.4984', '3.4984'] lr = 0.0002500
2025-10-29 17:27:15,609 - TopNet - INFO - [Epoch 115/150][Batch 1401/2622] BatchTime = 0.361 (s) DataTime = 0.001 (s) Losses = ['2.8937', '2.8937'] lr = 0.0002500
2025-10-29 17:27:44,363 - TopNet - INFO - [Epoch 115/150][Batch 1501/2622] BatchTime = 0.106 (s) DataTime = 0.001 (s) Losses = ['3.2973', '3.2973'] lr = 0.0002500
2025-10-29 17:28:09,674 - TopNet - INFO - [Epoch 115/150][Batch 1601/2622] BatchTime = 0.315 (s) DataTime = 0.001 (s) Losses = ['3.2460', '3.2460'] lr = 0.0002500
2025-10-29 17:28:35,633 - TopNet - INFO - [Epoch 115/150][Batch 1701/2622] BatchTime = 0.246 (s) DataTime = 0.001 (s) Losses = ['3.7454', '3.7454'] lr = 0.0002500
2025-10-29 17:29:02,787 - TopNet - INFO - [Epoch 115/150][Batch 1801/2622] BatchTime = 0.652 (s) DataTime = 0.001 (s) Losses = ['1.7478', '1.7478'] lr = 0.0002500
2025-10-29 17:29:27,630 - TopNet - INFO - [Epoch 115/150][Batch 1901/2622] BatchTime = 0.290 (s) DataTime = 0.001 (s) Losses = ['3.4466', '3.4466'] lr = 0.0002500
2025-10-29 17:29:54,453 - TopNet - INFO - [Epoch 115/150][Batch 2001/2622] BatchTime = 0.188 (s) DataTime = 0.001 (s) Losses = ['4.3022', '4.3022'] lr = 0.0002500
2025-10-29 17:30:21,459 - TopNet - INFO - [Epoch 115/150][Batch 2101/2622] BatchTime = 0.317 (s) DataTime = 0.001 (s) Losses = ['4.8068', '4.8068'] lr = 0.0002500
2025-10-29 17:30:49,397 - TopNet - INFO - [Epoch 115/150][Batch 2201/2622] BatchTime = 0.433 (s) DataTime = 0.001 (s) Losses = ['2.7549', '2.7549'] lr = 0.0002500
2025-10-29 17:31:16,848 - TopNet - INFO - [Epoch 115/150][Batch 2301/2622] BatchTime = 0.412 (s) DataTime = 0.001 (s) Losses = ['2.9996', '2.9996'] lr = 0.0002500
2025-10-29 17:31:44,050 - TopNet - INFO - [Epoch 115/150][Batch 2401/2622] BatchTime = 0.295 (s) DataTime = 0.001 (s) Losses = ['3.4368', '3.4368'] lr = 0.0002500
2025-10-29 17:32:09,203 - TopNet - INFO - [Epoch 115/150][Batch 2501/2622] BatchTime = 0.215 (s) DataTime = 0.001 (s) Losses = ['2.7774', '2.7774'] lr = 0.0002500
2025-10-29 17:32:37,182 - TopNet - INFO - [Epoch 115/150][Batch 2601/2622] BatchTime = 0.327 (s) DataTime = 0.001 (s) Losses = ['3.0135', '3.0135'] lr = 0.0002500
2025-10-29 17:32:43,585 - TopNet - INFO - [Training] EPOCH: 115 EpochTime = 710.175 (s) Losses = ['3.0684', '3.0684']
2025-10-29 17:32:43,586 - TopNet - INFO - [VALIDATION] Start validating epoch 115
2025-10-29 17:33:23,377 - TopNet - INFO - Test[1051/10518] Taxonomy = 02691156 Sample = c7749c0a8b61f43bc9b9e28055202e3d Losses = ['24.6002', '2.1149', '24.6002', '2.1149'] Metrics = ['0.1056', '24.6002', '2.1149', '0.0000']
2025-10-29 17:34:00,828 - TopNet - INFO - Test[2102/10518] Taxonomy = 03211117 Sample = ab2f9418c111cc6ddb965514105122a4 Losses = ['29.9771', '2.2057', '29.9771', '2.2057'] Metrics = ['0.0369', '29.9771', '2.2057', '0.0000']
2025-10-29 17:34:39,988 - TopNet - INFO - Test[3153/10518] Taxonomy = 02876657 Sample = c5032e4be091aabb36fe7a88df793982 Losses = ['45.4657', '5.7903', '45.4657', '5.7903'] Metrics = ['0.0191', '45.4657', '5.7903', '0.0000']
2025-10-29 17:35:20,844 - TopNet - INFO - Test[4204/10518] Taxonomy = 03211117 Sample = 722df1da5778d45b1e43523279c7f09f Losses = ['32.2805', '2.9389', '32.2805', '2.9389'] Metrics = ['0.0398', '32.2805', '2.9389', '0.0000']
2025-10-29 17:36:00,486 - TopNet - INFO - Test[5255/10518] Taxonomy = 02828884 Sample = 14b63361a48a9fffe4a048c146e8bd43 Losses = ['32.1841', '2.9476', '32.1841', '2.9476'] Metrics = ['0.0284', '32.1841', '2.9476', '0.0000']
2025-10-29 17:36:38,954 - TopNet - INFO - Test[6306/10518] Taxonomy = 03211117 Sample = d330d50a0255529d19ed6e1a590c9122 Losses = ['22.9432', '1.7606', '22.9432', '1.7606'] Metrics = ['0.1561', '22.9432', '1.7606', '0.0000']
2025-10-29 17:37:16,621 - TopNet - INFO - Test[7357/10518] Taxonomy = 04379243 Sample = b1ca280d9567270ade98d10ab5975b59 Losses = ['30.6595', '3.0127', '30.6595', '3.0127'] Metrics = ['0.0542', '30.6595', '3.0127', '0.0000']
2025-10-29 17:37:58,004 - TopNet - INFO - Test[8408/10518] Taxonomy = 03001627 Sample = 89208a619341d9fdb8c516ed5c4ce32 Losses = ['32.8614', '2.7784', '32.8614', '2.7784'] Metrics = ['0.0185', '32.8614', '2.7784', '0.0000']
2025-10-29 17:38:35,938 - TopNet - INFO - Test[9459/10518] Taxonomy = 03001627 Sample = d0255120e3351121c3bd24f986301745 Losses = ['32.3208', '2.8739', '32.3208', '2.8739'] Metrics = ['0.0289', '32.3208', '2.8739', '0.0000']
2025-10-29 17:39:13,600 - TopNet - INFO - Test[10510/10518] Taxonomy = 03636649 Sample = ea9ec4d9db2e06202471e6dd5ac3ef92 Losses = ['58.2877', '9.6800', '58.2877', '9.6800'] Metrics = ['0.0216', '58.2877', '9.6800', '0.0000']
2025-10-29 17:39:13,809 - TopNet - INFO - [Validation] EPOCH: 115  Metrics = ['0.0715', '33.3010', '3.6636', '0.0000']
2025-10-29 17:39:13,809 - TopNet - INFO - ============================ TEST RESULTS ============================
2025-10-29 17:39:13,809 - TopNet - INFO - Taxonomy	#Sample	F-Score	CDL1	CDL2	EMDistance	#ModelName	
2025-10-29 17:39:13,809 - TopNet - INFO - 03759954	14	0.072 	36.342 	5.030 	0.000 	microphone	
2025-10-29 17:39:13,809 - TopNet - INFO - 04330267	44	0.031 	38.465 	4.422 	0.000 	stove	
2025-10-29 17:39:13,809 - TopNet - INFO - 03261776	15	0.041 	44.485 	8.577 	0.000 	earphone	
2025-10-29 17:39:13,809 - TopNet - INFO - 03513137	33	0.012 	50.609 	8.088 	0.000 	helmet	
2025-10-29 17:39:13,809 - TopNet - INFO - 04460130	27	0.074 	31.926 	3.446 	0.000 	tower	
2025-10-29 17:39:13,809 - TopNet - INFO - 04468005	78	0.093 	26.265 	2.148 	0.000 	train	
2025-10-29 17:39:13,809 - TopNet - INFO - 03761084	31	0.018 	43.151 	5.424 	0.000 	microwaves	
2025-10-29 17:39:13,809 - TopNet - INFO - 04004475	34	0.025 	41.812 	5.144 	0.000 	printer	
2025-10-29 17:39:13,809 - TopNet - INFO - 03938244	20	0.026 	43.632 	5.629 	0.000 	pillow	
2025-10-29 17:39:13,809 - TopNet - INFO - 02992529	167	0.092 	23.290 	1.496 	0.000 	cellphone	
2025-10-29 17:39:13,809 - TopNet - INFO - 02808440	172	0.038 	35.117 	3.759 	0.000 	bathtub	
2025-10-29 17:39:13,809 - TopNet - INFO - 04530566	388	0.117 	24.483 	1.904 	0.000 	watercraft	
2025-10-29 17:39:13,809 - TopNet - INFO - 02871439	91	0.037 	35.352 	3.914 	0.000 	bookshelf	
2025-10-29 17:39:13,809 - TopNet - INFO - 03593526	120	0.030 	39.876 	5.020 	0.000 	jar	
2025-10-29 17:39:13,809 - TopNet - INFO - 04554684	34	0.015 	41.238 	4.663 	0.000 	washer	
2025-10-29 17:39:13,809 - TopNet - INFO - 03467517	160	0.329 	14.735 	0.691 	0.000 	guitar	
2025-10-29 17:39:13,809 - TopNet - INFO - 04401088	218	0.095 	22.895 	1.500 	0.000 	telephone	
2025-10-29 17:39:13,809 - TopNet - INFO - 02954340	12	0.015 	46.851 	6.775 	0.000 	cap	
2025-10-29 17:39:13,809 - TopNet - INFO - 02933112	315	0.035 	32.488 	2.958 	0.000 	cabinet	
2025-10-29 17:39:13,809 - TopNet - INFO - 03642806	92	0.089 	23.441 	1.547 	0.000 	laptop	
2025-10-29 17:39:13,809 - TopNet - INFO - 02924116	188	0.070 	26.621 	2.053 	0.000 	bus	
2025-10-29 17:39:13,809 - TopNet - INFO - 02946921	22	0.017 	40.106 	4.570 	0.000 	can	
2025-10-29 17:39:13,809 - TopNet - INFO - 02818832	47	0.033 	39.611 	4.893 	0.000 	bed	
2025-10-29 17:39:13,809 - TopNet - INFO - 04256520	635	0.036 	33.269 	3.058 	0.000 	sofa	
2025-10-29 17:39:13,809 - TopNet - INFO - 04379243	1687	0.077 	30.813 	3.203 	0.000 	table	
2025-10-29 17:39:13,809 - TopNet - INFO - 02747177	69	0.022 	36.811 	4.022 	0.000 	trash bin	
2025-10-29 17:39:13,809 - TopNet - INFO - 03046257	131	0.048 	34.303 	3.556 	0.000 	clock	
2025-10-29 17:39:13,809 - TopNet - INFO - 04225987	31	0.143 	22.830 	1.724 	0.000 	skateboard	
2025-10-29 17:39:13,809 - TopNet - INFO - 03797390	43	0.019 	38.546 	4.368 	0.000 	mug	
2025-10-29 17:39:13,809 - TopNet - INFO - 03001627	1356	0.052 	32.343 	3.236 	0.000 	chair	
2025-10-29 17:39:13,809 - TopNet - INFO - 03691459	320	0.028 	39.453 	4.677 	0.000 	loudspeaker	
2025-10-29 17:39:13,809 - TopNet - INFO - 02942699	23	0.018 	49.624 	7.339 	0.000 	camera	
2025-10-29 17:39:13,809 - TopNet - INFO - 03636649	464	0.074 	36.199 	4.798 	0.000 	lamp	
2025-10-29 17:39:13,809 - TopNet - INFO - 02691156	809	0.172 	21.136 	1.501 	0.000 	airplane	
2025-10-29 17:39:13,809 - TopNet - INFO - 02773838	17	0.032 	38.262 	4.398 	0.000 	bag	
2025-10-29 17:39:13,809 - TopNet - INFO - 02958343	703	0.052 	28.594 	2.332 	0.000 	car	
2025-10-29 17:39:13,810 - TopNet - INFO - 02880940	38	0.026 	38.258 	4.234 	0.000 	bowl	
2025-10-29 17:39:13,810 - TopNet - INFO - 04099429	17	0.207 	21.239 	1.601 	0.000 	rocket	
2025-10-29 17:39:13,810 - TopNet - INFO - 02828884	363	0.100 	27.294 	2.490 	0.000 	bench	
2025-10-29 17:39:13,810 - TopNet - INFO - 04090263	475	0.311 	16.930 	1.077 	0.000 	rifle	
2025-10-29 17:39:13,810 - TopNet - INFO - 03211117	219	0.060 	30.746 	2.883 	0.000 	display	
2025-10-29 17:39:13,810 - TopNet - INFO - 02876657	100	0.050 	31.726 	3.152 	0.000 	bottle	
2025-10-29 17:39:13,810 - TopNet - INFO - 03710193	19	0.057 	32.905 	3.261 	0.000 	mailbox	
2025-10-29 17:39:13,810 - TopNet - INFO - 03790512	68	0.060 	29.772 	2.628 	0.000 	motorbike	
2025-10-29 17:39:13,810 - TopNet - INFO - 03325088	149	0.053 	35.936 	4.623 	0.000 	faucet	
2025-10-29 17:39:13,810 - TopNet - INFO - 02801938	23	0.023 	40.971 	5.092 	0.000 	basket	
2025-10-29 17:39:13,810 - TopNet - INFO - 03337140	60	0.033 	34.668 	3.585 	0.000 	file cabinet	
2025-10-29 17:39:13,810 - TopNet - INFO - 02843684	15	0.021 	42.687 	5.615 	0.000 	birdhouse	
2025-10-29 17:39:13,810 - TopNet - INFO - 03624134	85	0.321 	15.648 	0.841 	0.000 	knife	
2025-10-29 17:39:13,810 - TopNet - INFO - 03991062	121	0.029 	40.240 	5.006 	0.000 	flowerpot	
2025-10-29 17:39:13,810 - TopNet - INFO - 03948459	62	0.136 	22.431 	1.583 	0.000 	pistol	
2025-10-29 17:39:13,810 - TopNet - INFO - 03928116	48	0.030 	39.347 	4.543 	0.000 	piano	
2025-10-29 17:39:13,810 - TopNet - INFO - 03207941	19	0.022 	37.841 	4.068 	0.000 	dishwasher	
2025-10-29 17:39:13,810 - TopNet - INFO - 04074963	14	0.068 	27.067 	2.030 	0.000 	remote	
2025-10-29 17:39:13,810 - TopNet - INFO - 03085013	13	0.145 	20.877 	1.326 	0.000 	keyboard	
2025-10-29 17:39:13,810 - TopNet - INFO - Overall		0.071 	33.301 	3.664 	0.000 	
2025-10-29 17:39:13,901 - TopNet - INFO - Save checkpoint at ./experiments/TopNet/ShapeNet55_models/TopNet_fog/ckpt-last.pth
2025-10-29 17:39:14,087 - TopNet - INFO - [Epoch 116/150][Batch 1/2622] BatchTime = 0.186 (s) DataTime = 0.070 (s) Losses = ['3.4220', '3.4220'] lr = 0.0002500
2025-10-29 17:39:42,563 - TopNet - INFO - [Epoch 116/150][Batch 101/2622] BatchTime = 0.336 (s) DataTime = 0.001 (s) Losses = ['2.8754', '2.8754'] lr = 0.0002500
2025-10-29 17:40:09,752 - TopNet - INFO - [Epoch 116/150][Batch 201/2622] BatchTime = 0.300 (s) DataTime = 0.001 (s) Losses = ['2.1222', '2.1222'] lr = 0.0002500
2025-10-29 17:40:37,100 - TopNet - INFO - [Epoch 116/150][Batch 301/2622] BatchTime = 0.231 (s) DataTime = 0.001 (s) Losses = ['3.9696', '3.9696'] lr = 0.0002500
2025-10-29 17:41:05,176 - TopNet - INFO - [Epoch 116/150][Batch 401/2622] BatchTime = 0.228 (s) DataTime = 0.001 (s) Losses = ['2.6972', '2.6972'] lr = 0.0002500
2025-10-29 17:41:30,962 - TopNet - INFO - [Epoch 116/150][Batch 501/2622] BatchTime = 0.335 (s) DataTime = 0.001 (s) Losses = ['2.5409', '2.5409'] lr = 0.0002500
2025-10-29 17:41:57,577 - TopNet - INFO - [Epoch 116/150][Batch 601/2622] BatchTime = 0.354 (s) DataTime = 0.001 (s) Losses = ['2.9693', '2.9693'] lr = 0.0002500
2025-10-29 17:42:26,213 - TopNet - INFO - [Epoch 116/150][Batch 701/2622] BatchTime = 0.401 (s) DataTime = 0.001 (s) Losses = ['3.8162', '3.8162'] lr = 0.0002500
2025-10-29 17:42:52,097 - TopNet - INFO - [Epoch 116/150][Batch 801/2622] BatchTime = 0.484 (s) DataTime = 0.001 (s) Losses = ['2.3329', '2.3329'] lr = 0.0002500
2025-10-29 17:43:18,224 - TopNet - INFO - [Epoch 116/150][Batch 901/2622] BatchTime = 0.319 (s) DataTime = 0.001 (s) Losses = ['3.0812', '3.0812'] lr = 0.0002500
2025-10-29 17:43:43,827 - TopNet - INFO - [Epoch 116/150][Batch 1001/2622] BatchTime = 0.312 (s) DataTime = 0.001 (s) Losses = ['2.6608', '2.6608'] lr = 0.0002500
2025-10-29 17:44:12,872 - TopNet - INFO - [Epoch 116/150][Batch 1101/2622] BatchTime = 0.294 (s) DataTime = 0.001 (s) Losses = ['2.9439', '2.9439'] lr = 0.0002500
2025-10-29 17:44:41,824 - TopNet - INFO - [Epoch 116/150][Batch 1201/2622] BatchTime = 0.118 (s) DataTime = 0.001 (s) Losses = ['3.1731', '3.1731'] lr = 0.0002500
2025-10-29 17:45:09,188 - TopNet - INFO - [Epoch 116/150][Batch 1301/2622] BatchTime = 0.300 (s) DataTime = 0.001 (s) Losses = ['2.2951', '2.2951'] lr = 0.0002500
2025-10-29 17:45:36,823 - TopNet - INFO - [Epoch 116/150][Batch 1401/2622] BatchTime = 0.117 (s) DataTime = 0.001 (s) Losses = ['2.9123', '2.9123'] lr = 0.0002500
2025-10-29 17:46:04,936 - TopNet - INFO - [Epoch 116/150][Batch 1501/2622] BatchTime = 0.307 (s) DataTime = 0.001 (s) Losses = ['2.5754', '2.5754'] lr = 0.0002500
2025-10-29 17:46:33,198 - TopNet - INFO - [Epoch 116/150][Batch 1601/2622] BatchTime = 0.115 (s) DataTime = 0.001 (s) Losses = ['2.9597', '2.9597'] lr = 0.0002500
2025-10-29 17:47:00,011 - TopNet - INFO - [Epoch 116/150][Batch 1701/2622] BatchTime = 0.208 (s) DataTime = 0.001 (s) Losses = ['2.2995', '2.2995'] lr = 0.0002500
2025-10-29 17:47:27,999 - TopNet - INFO - [Epoch 116/150][Batch 1801/2622] BatchTime = 0.203 (s) DataTime = 0.001 (s) Losses = ['2.3115', '2.3115'] lr = 0.0002500
2025-10-29 17:47:56,457 - TopNet - INFO - [Epoch 116/150][Batch 1901/2622] BatchTime = 0.227 (s) DataTime = 0.001 (s) Losses = ['3.7984', '3.7984'] lr = 0.0002500
2025-10-29 17:48:23,267 - TopNet - INFO - [Epoch 116/150][Batch 2001/2622] BatchTime = 0.127 (s) DataTime = 0.001 (s) Losses = ['3.5651', '3.5651'] lr = 0.0002500
2025-10-29 17:48:50,668 - TopNet - INFO - [Epoch 116/150][Batch 2101/2622] BatchTime = 0.328 (s) DataTime = 0.001 (s) Losses = ['2.8925', '2.8925'] lr = 0.0002500
2025-10-29 17:49:16,846 - TopNet - INFO - [Epoch 116/150][Batch 2201/2622] BatchTime = 0.326 (s) DataTime = 0.001 (s) Losses = ['3.3897', '3.3897'] lr = 0.0002500
2025-10-29 17:49:42,768 - TopNet - INFO - [Epoch 116/150][Batch 2301/2622] BatchTime = 0.209 (s) DataTime = 0.001 (s) Losses = ['2.5233', '2.5233'] lr = 0.0002500
2025-10-29 17:50:13,802 - TopNet - INFO - [Epoch 116/150][Batch 2401/2622] BatchTime = 0.471 (s) DataTime = 0.001 (s) Losses = ['3.2136', '3.2136'] lr = 0.0002500
2025-10-29 17:50:41,050 - TopNet - INFO - [Epoch 116/150][Batch 2501/2622] BatchTime = 0.223 (s) DataTime = 0.001 (s) Losses = ['3.5515', '3.5515'] lr = 0.0002500
2025-10-29 17:51:08,519 - TopNet - INFO - [Epoch 116/150][Batch 2601/2622] BatchTime = 0.306 (s) DataTime = 0.001 (s) Losses = ['2.3472', '2.3472'] lr = 0.0002500
2025-10-29 17:51:14,561 - TopNet - INFO - [Training] EPOCH: 116 EpochTime = 720.660 (s) Losses = ['3.0382', '3.0382']
2025-10-29 17:51:14,660 - TopNet - INFO - Save checkpoint at ./experiments/TopNet/ShapeNet55_models/TopNet_fog/ckpt-last.pth
2025-10-29 17:51:15,170 - TopNet - INFO - [Epoch 117/150][Batch 1/2622] BatchTime = 0.510 (s) DataTime = 0.070 (s) Losses = ['4.2333', '4.2333'] lr = 0.0002500
2025-10-29 17:51:44,284 - TopNet - INFO - [Epoch 117/150][Batch 101/2622] BatchTime = 0.376 (s) DataTime = 0.001 (s) Losses = ['3.1648', '3.1648'] lr = 0.0002500
2025-10-29 17:52:12,958 - TopNet - INFO - [Epoch 117/150][Batch 201/2622] BatchTime = 0.544 (s) DataTime = 0.001 (s) Losses = ['2.7280', '2.7280'] lr = 0.0002500
2025-10-29 17:52:40,167 - TopNet - INFO - [Epoch 117/150][Batch 301/2622] BatchTime = 0.579 (s) DataTime = 0.001 (s) Losses = ['2.1662', '2.1662'] lr = 0.0002500
2025-10-29 17:53:07,501 - TopNet - INFO - [Epoch 117/150][Batch 401/2622] BatchTime = 0.423 (s) DataTime = 0.001 (s) Losses = ['6.5571', '6.5571'] lr = 0.0002500
2025-10-29 17:53:34,129 - TopNet - INFO - [Epoch 117/150][Batch 501/2622] BatchTime = 0.129 (s) DataTime = 0.001 (s) Losses = ['2.5434', '2.5434'] lr = 0.0002500
2025-10-29 17:54:01,643 - TopNet - INFO - [Epoch 117/150][Batch 601/2622] BatchTime = 0.227 (s) DataTime = 0.001 (s) Losses = ['3.8332', '3.8332'] lr = 0.0002500
2025-10-29 17:54:28,709 - TopNet - INFO - [Epoch 117/150][Batch 701/2622] BatchTime = 0.405 (s) DataTime = 0.001 (s) Losses = ['2.1931', '2.1931'] lr = 0.0002500
2025-10-29 17:54:56,415 - TopNet - INFO - [Epoch 117/150][Batch 801/2622] BatchTime = 0.134 (s) DataTime = 0.001 (s) Losses = ['3.1489', '3.1489'] lr = 0.0002500
2025-10-29 17:55:22,999 - TopNet - INFO - [Epoch 117/150][Batch 901/2622] BatchTime = 0.111 (s) DataTime = 0.001 (s) Losses = ['2.4928', '2.4928'] lr = 0.0002500
2025-10-29 17:55:50,752 - TopNet - INFO - [Epoch 117/150][Batch 1001/2622] BatchTime = 0.139 (s) DataTime = 0.001 (s) Losses = ['3.4287', '3.4287'] lr = 0.0002500
2025-10-29 17:56:19,189 - TopNet - INFO - [Epoch 117/150][Batch 1101/2622] BatchTime = 0.342 (s) DataTime = 0.001 (s) Losses = ['2.7448', '2.7448'] lr = 0.0002500
2025-10-29 17:56:47,706 - TopNet - INFO - [Epoch 117/150][Batch 1201/2622] BatchTime = 0.113 (s) DataTime = 0.001 (s) Losses = ['2.9015', '2.9015'] lr = 0.0002500
2025-10-29 17:57:14,987 - TopNet - INFO - [Epoch 117/150][Batch 1301/2622] BatchTime = 0.219 (s) DataTime = 0.001 (s) Losses = ['2.8570', '2.8570'] lr = 0.0002500
2025-10-29 17:57:41,083 - TopNet - INFO - [Epoch 117/150][Batch 1401/2622] BatchTime = 0.473 (s) DataTime = 0.001 (s) Losses = ['3.2148', '3.2148'] lr = 0.0002500
2025-10-29 17:58:09,440 - TopNet - INFO - [Epoch 117/150][Batch 1501/2622] BatchTime = 0.250 (s) DataTime = 0.001 (s) Losses = ['2.7095', '2.7095'] lr = 0.0002500
2025-10-29 17:58:35,280 - TopNet - INFO - [Epoch 117/150][Batch 1601/2622] BatchTime = 0.249 (s) DataTime = 0.001 (s) Losses = ['2.9377', '2.9377'] lr = 0.0002500
2025-10-29 17:58:59,690 - TopNet - INFO - [Epoch 117/150][Batch 1701/2622] BatchTime = 0.192 (s) DataTime = 0.001 (s) Losses = ['3.5318', '3.5318'] lr = 0.0002500
2025-10-29 17:59:27,864 - TopNet - INFO - [Epoch 117/150][Batch 1801/2622] BatchTime = 0.477 (s) DataTime = 0.001 (s) Losses = ['3.7628', '3.7628'] lr = 0.0002500
2025-10-29 17:59:56,493 - TopNet - INFO - [Epoch 117/150][Batch 1901/2622] BatchTime = 0.442 (s) DataTime = 0.001 (s) Losses = ['2.5277', '2.5277'] lr = 0.0002500
2025-10-29 18:00:21,292 - TopNet - INFO - [Epoch 117/150][Batch 2001/2622] BatchTime = 0.235 (s) DataTime = 0.001 (s) Losses = ['3.1362', '3.1362'] lr = 0.0002500
2025-10-29 18:00:47,686 - TopNet - INFO - [Epoch 117/150][Batch 2101/2622] BatchTime = 0.204 (s) DataTime = 0.001 (s) Losses = ['3.0450', '3.0450'] lr = 0.0002500
2025-10-29 18:01:16,701 - TopNet - INFO - [Epoch 117/150][Batch 2201/2622] BatchTime = 0.392 (s) DataTime = 0.001 (s) Losses = ['3.9580', '3.9580'] lr = 0.0002500
2025-10-29 18:01:45,095 - TopNet - INFO - [Epoch 117/150][Batch 2301/2622] BatchTime = 0.496 (s) DataTime = 0.001 (s) Losses = ['2.6255', '2.6255'] lr = 0.0002500
2025-10-29 18:02:12,488 - TopNet - INFO - [Epoch 117/150][Batch 2401/2622] BatchTime = 0.281 (s) DataTime = 0.001 (s) Losses = ['3.0211', '3.0211'] lr = 0.0002500
2025-10-29 18:02:38,746 - TopNet - INFO - [Epoch 117/150][Batch 2501/2622] BatchTime = 0.423 (s) DataTime = 0.001 (s) Losses = ['3.4312', '3.4312'] lr = 0.0002500
2025-10-29 18:03:05,695 - TopNet - INFO - [Epoch 117/150][Batch 2601/2622] BatchTime = 0.114 (s) DataTime = 0.001 (s) Losses = ['4.6299', '4.6299'] lr = 0.0002500
2025-10-29 18:03:11,343 - TopNet - INFO - [Training] EPOCH: 117 EpochTime = 716.683 (s) Losses = ['3.0375', '3.0375']
2025-10-29 18:03:11,441 - TopNet - INFO - Save checkpoint at ./experiments/TopNet/ShapeNet55_models/TopNet_fog/ckpt-last.pth
2025-10-29 18:03:11,900 - TopNet - INFO - [Epoch 118/150][Batch 1/2622] BatchTime = 0.459 (s) DataTime = 0.073 (s) Losses = ['3.3202', '3.3202'] lr = 0.0002500
2025-10-29 18:03:37,929 - TopNet - INFO - [Epoch 118/150][Batch 101/2622] BatchTime = 0.122 (s) DataTime = 0.001 (s) Losses = ['2.6926', '2.6926'] lr = 0.0002500
2025-10-29 18:04:04,504 - TopNet - INFO - [Epoch 118/150][Batch 201/2622] BatchTime = 0.131 (s) DataTime = 0.001 (s) Losses = ['2.7811', '2.7811'] lr = 0.0002500
2025-10-29 18:04:32,427 - TopNet - INFO - [Epoch 118/150][Batch 301/2622] BatchTime = 0.380 (s) DataTime = 0.001 (s) Losses = ['3.0040', '3.0040'] lr = 0.0002500
2025-10-29 18:05:00,458 - TopNet - INFO - [Epoch 118/150][Batch 401/2622] BatchTime = 0.197 (s) DataTime = 0.001 (s) Losses = ['3.3632', '3.3632'] lr = 0.0002500
2025-10-29 18:05:25,821 - TopNet - INFO - [Epoch 118/150][Batch 501/2622] BatchTime = 0.627 (s) DataTime = 0.001 (s) Losses = ['2.6408', '2.6408'] lr = 0.0002500
2025-10-29 18:05:52,034 - TopNet - INFO - [Epoch 118/150][Batch 601/2622] BatchTime = 0.111 (s) DataTime = 0.001 (s) Losses = ['3.6017', '3.6017'] lr = 0.0002500
2025-10-29 18:06:20,563 - TopNet - INFO - [Epoch 118/150][Batch 701/2622] BatchTime = 0.128 (s) DataTime = 0.001 (s) Losses = ['3.3357', '3.3357'] lr = 0.0002500
2025-10-29 18:06:46,966 - TopNet - INFO - [Epoch 118/150][Batch 801/2622] BatchTime = 0.229 (s) DataTime = 0.001 (s) Losses = ['2.3712', '2.3712'] lr = 0.0002500
2025-10-29 18:07:13,555 - TopNet - INFO - [Epoch 118/150][Batch 901/2622] BatchTime = 0.345 (s) DataTime = 0.001 (s) Losses = ['2.7775', '2.7775'] lr = 0.0002500
2025-10-29 18:07:39,664 - TopNet - INFO - [Epoch 118/150][Batch 1001/2622] BatchTime = 0.259 (s) DataTime = 0.001 (s) Losses = ['2.4178', '2.4178'] lr = 0.0002500
2025-10-29 18:08:07,542 - TopNet - INFO - [Epoch 118/150][Batch 1101/2622] BatchTime = 0.303 (s) DataTime = 0.001 (s) Losses = ['2.7877', '2.7877'] lr = 0.0002500
2025-10-29 18:08:33,175 - TopNet - INFO - [Epoch 118/150][Batch 1201/2622] BatchTime = 0.149 (s) DataTime = 0.001 (s) Losses = ['3.0272', '3.0272'] lr = 0.0002500
2025-10-29 18:08:59,368 - TopNet - INFO - [Epoch 118/150][Batch 1301/2622] BatchTime = 0.143 (s) DataTime = 0.001 (s) Losses = ['2.7361', '2.7361'] lr = 0.0002500
2025-10-29 18:09:26,316 - TopNet - INFO - [Epoch 118/150][Batch 1401/2622] BatchTime = 0.260 (s) DataTime = 0.001 (s) Losses = ['3.0550', '3.0550'] lr = 0.0002500
2025-10-29 18:09:54,365 - TopNet - INFO - [Epoch 118/150][Batch 1501/2622] BatchTime = 0.122 (s) DataTime = 0.001 (s) Losses = ['3.5671', '3.5671'] lr = 0.0002500
2025-10-29 18:10:19,557 - TopNet - INFO - [Epoch 118/150][Batch 1601/2622] BatchTime = 0.596 (s) DataTime = 0.001 (s) Losses = ['3.0964', '3.0964'] lr = 0.0002500
2025-10-29 18:10:48,956 - TopNet - INFO - [Epoch 118/150][Batch 1701/2622] BatchTime = 0.206 (s) DataTime = 0.001 (s) Losses = ['2.8164', '2.8164'] lr = 0.0002500
2025-10-29 18:11:17,260 - TopNet - INFO - [Epoch 118/150][Batch 1801/2622] BatchTime = 0.119 (s) DataTime = 0.001 (s) Losses = ['2.6258', '2.6258'] lr = 0.0002500
2025-10-29 18:11:44,334 - TopNet - INFO - [Epoch 118/150][Batch 1901/2622] BatchTime = 0.343 (s) DataTime = 0.001 (s) Losses = ['2.3369', '2.3369'] lr = 0.0002500
2025-10-29 18:12:12,435 - TopNet - INFO - [Epoch 118/150][Batch 2001/2622] BatchTime = 0.211 (s) DataTime = 0.001 (s) Losses = ['2.9059', '2.9059'] lr = 0.0002500
2025-10-29 18:12:39,249 - TopNet - INFO - [Epoch 118/150][Batch 2101/2622] BatchTime = 0.233 (s) DataTime = 0.001 (s) Losses = ['3.3747', '3.3747'] lr = 0.0002500
2025-10-29 18:13:06,203 - TopNet - INFO - [Epoch 118/150][Batch 2201/2622] BatchTime = 0.323 (s) DataTime = 0.001 (s) Losses = ['3.3228', '3.3228'] lr = 0.0002500
2025-10-29 18:13:34,347 - TopNet - INFO - [Epoch 118/150][Batch 2301/2622] BatchTime = 0.335 (s) DataTime = 0.001 (s) Losses = ['2.9432', '2.9432'] lr = 0.0002500
2025-10-29 18:14:01,012 - TopNet - INFO - [Epoch 118/150][Batch 2401/2622] BatchTime = 0.123 (s) DataTime = 0.001 (s) Losses = ['3.8605', '3.8605'] lr = 0.0002500
2025-10-29 18:14:27,798 - TopNet - INFO - [Epoch 118/150][Batch 2501/2622] BatchTime = 0.288 (s) DataTime = 0.001 (s) Losses = ['2.1813', '2.1813'] lr = 0.0002500
2025-10-29 18:14:57,312 - TopNet - INFO - [Epoch 118/150][Batch 2601/2622] BatchTime = 0.416 (s) DataTime = 0.001 (s) Losses = ['2.9778', '2.9778'] lr = 0.0002500
2025-10-29 18:15:03,580 - TopNet - INFO - [Training] EPOCH: 118 EpochTime = 712.139 (s) Losses = ['3.0604', '3.0604']
2025-10-29 18:15:03,678 - TopNet - INFO - Save checkpoint at ./experiments/TopNet/ShapeNet55_models/TopNet_fog/ckpt-last.pth
2025-10-29 18:15:04,164 - TopNet - INFO - [Epoch 119/150][Batch 1/2622] BatchTime = 0.486 (s) DataTime = 0.075 (s) Losses = ['2.6933', '2.6933'] lr = 0.0002500
2025-10-29 18:15:29,023 - TopNet - INFO - [Epoch 119/150][Batch 101/2622] BatchTime = 0.361 (s) DataTime = 0.001 (s) Losses = ['2.3232', '2.3232'] lr = 0.0002500
2025-10-29 18:15:59,235 - TopNet - INFO - [Epoch 119/150][Batch 201/2622] BatchTime = 0.437 (s) DataTime = 0.001 (s) Losses = ['2.7068', '2.7068'] lr = 0.0002500
2025-10-29 18:16:25,392 - TopNet - INFO - [Epoch 119/150][Batch 301/2622] BatchTime = 0.351 (s) DataTime = 0.001 (s) Losses = ['3.3078', '3.3078'] lr = 0.0002500
2025-10-29 18:16:52,371 - TopNet - INFO - [Epoch 119/150][Batch 401/2622] BatchTime = 0.328 (s) DataTime = 0.001 (s) Losses = ['3.0039', '3.0039'] lr = 0.0002500
2025-10-29 18:17:20,545 - TopNet - INFO - [Epoch 119/150][Batch 501/2622] BatchTime = 0.425 (s) DataTime = 0.001 (s) Losses = ['4.7598', '4.7598'] lr = 0.0002500
2025-10-29 18:17:49,007 - TopNet - INFO - [Epoch 119/150][Batch 601/2622] BatchTime = 0.214 (s) DataTime = 0.001 (s) Losses = ['3.8699', '3.8699'] lr = 0.0002500
2025-10-29 18:18:15,510 - TopNet - INFO - [Epoch 119/150][Batch 701/2622] BatchTime = 0.233 (s) DataTime = 0.001 (s) Losses = ['2.4703', '2.4703'] lr = 0.0002500
2025-10-29 18:18:43,716 - TopNet - INFO - [Epoch 119/150][Batch 801/2622] BatchTime = 0.103 (s) DataTime = 0.001 (s) Losses = ['2.1641', '2.1641'] lr = 0.0002500
2025-10-29 18:19:09,482 - TopNet - INFO - [Epoch 119/150][Batch 901/2622] BatchTime = 0.121 (s) DataTime = 0.001 (s) Losses = ['3.8155', '3.8155'] lr = 0.0002500
2025-10-29 18:19:37,262 - TopNet - INFO - [Epoch 119/150][Batch 1001/2622] BatchTime = 0.207 (s) DataTime = 0.001 (s) Losses = ['2.5817', '2.5817'] lr = 0.0002500
2025-10-29 18:20:03,479 - TopNet - INFO - [Epoch 119/150][Batch 1101/2622] BatchTime = 0.115 (s) DataTime = 0.001 (s) Losses = ['2.5980', '2.5980'] lr = 0.0002500
2025-10-29 18:20:28,824 - TopNet - INFO - [Epoch 119/150][Batch 1201/2622] BatchTime = 0.119 (s) DataTime = 0.001 (s) Losses = ['1.8621', '1.8621'] lr = 0.0002500
2025-10-29 18:20:54,523 - TopNet - INFO - [Epoch 119/150][Batch 1301/2622] BatchTime = 0.418 (s) DataTime = 0.001 (s) Losses = ['2.0857', '2.0857'] lr = 0.0002500
2025-10-29 18:21:22,039 - TopNet - INFO - [Epoch 119/150][Batch 1401/2622] BatchTime = 0.414 (s) DataTime = 0.001 (s) Losses = ['2.2044', '2.2044'] lr = 0.0002500
2025-10-29 18:21:50,297 - TopNet - INFO - [Epoch 119/150][Batch 1501/2622] BatchTime = 0.225 (s) DataTime = 0.001 (s) Losses = ['4.0145', '4.0145'] lr = 0.0002500
2025-10-29 18:22:18,032 - TopNet - INFO - [Epoch 119/150][Batch 1601/2622] BatchTime = 0.232 (s) DataTime = 0.001 (s) Losses = ['3.5043', '3.5043'] lr = 0.0002500
2025-10-29 18:22:45,017 - TopNet - INFO - [Epoch 119/150][Batch 1701/2622] BatchTime = 0.112 (s) DataTime = 0.001 (s) Losses = ['2.7863', '2.7863'] lr = 0.0002500
2025-10-29 18:23:12,806 - TopNet - INFO - [Epoch 119/150][Batch 1801/2622] BatchTime = 0.438 (s) DataTime = 0.001 (s) Losses = ['3.2343', '3.2343'] lr = 0.0002500
2025-10-29 18:23:40,940 - TopNet - INFO - [Epoch 119/150][Batch 1901/2622] BatchTime = 0.113 (s) DataTime = 0.001 (s) Losses = ['3.1492', '3.1492'] lr = 0.0002500
2025-10-29 18:24:10,186 - TopNet - INFO - [Epoch 119/150][Batch 2001/2622] BatchTime = 0.238 (s) DataTime = 0.001 (s) Losses = ['2.6945', '2.6945'] lr = 0.0002500
2025-10-29 18:24:39,618 - TopNet - INFO - [Epoch 119/150][Batch 2101/2622] BatchTime = 0.280 (s) DataTime = 0.001 (s) Losses = ['3.0029', '3.0029'] lr = 0.0002500
2025-10-29 18:25:07,327 - TopNet - INFO - [Epoch 119/150][Batch 2201/2622] BatchTime = 0.116 (s) DataTime = 0.001 (s) Losses = ['2.3516', '2.3516'] lr = 0.0002500
2025-10-29 18:25:34,673 - TopNet - INFO - [Epoch 119/150][Batch 2301/2622] BatchTime = 0.320 (s) DataTime = 0.001 (s) Losses = ['5.0184', '5.0184'] lr = 0.0002500
2025-10-29 18:26:03,484 - TopNet - INFO - [Epoch 119/150][Batch 2401/2622] BatchTime = 0.105 (s) DataTime = 0.001 (s) Losses = ['2.6323', '2.6323'] lr = 0.0002500
2025-10-29 18:26:32,122 - TopNet - INFO - [Epoch 119/150][Batch 2501/2622] BatchTime = 0.282 (s) DataTime = 0.001 (s) Losses = ['6.1599', '6.1599'] lr = 0.0002500
2025-10-29 18:26:58,590 - TopNet - INFO - [Epoch 119/150][Batch 2601/2622] BatchTime = 0.136 (s) DataTime = 0.001 (s) Losses = ['3.6220', '3.6220'] lr = 0.0002500
2025-10-29 18:27:03,702 - TopNet - INFO - [Training] EPOCH: 119 EpochTime = 720.024 (s) Losses = ['3.0434', '3.0434']
2025-10-29 18:27:03,791 - TopNet - INFO - Save checkpoint at ./experiments/TopNet/ShapeNet55_models/TopNet_fog/ckpt-last.pth
2025-10-29 18:27:03,979 - TopNet - INFO - [Epoch 120/150][Batch 1/2622] BatchTime = 0.188 (s) DataTime = 0.071 (s) Losses = ['3.1373', '3.1373'] lr = 0.0002500
2025-10-29 18:27:32,257 - TopNet - INFO - [Epoch 120/150][Batch 101/2622] BatchTime = 0.203 (s) DataTime = 0.001 (s) Losses = ['3.2860', '3.2860'] lr = 0.0002500
2025-10-29 18:28:00,072 - TopNet - INFO - [Epoch 120/150][Batch 201/2622] BatchTime = 0.152 (s) DataTime = 0.001 (s) Losses = ['2.3381', '2.3381'] lr = 0.0002500
2025-10-29 18:28:28,570 - TopNet - INFO - [Epoch 120/150][Batch 301/2622] BatchTime = 0.435 (s) DataTime = 0.001 (s) Losses = ['2.8178', '2.8178'] lr = 0.0002500
2025-10-29 18:28:55,000 - TopNet - INFO - [Epoch 120/150][Batch 401/2622] BatchTime = 0.294 (s) DataTime = 0.001 (s) Losses = ['2.4800', '2.4800'] lr = 0.0002500
2025-10-29 18:29:23,779 - TopNet - INFO - [Epoch 120/150][Batch 501/2622] BatchTime = 0.324 (s) DataTime = 0.001 (s) Losses = ['3.5574', '3.5574'] lr = 0.0002500
2025-10-29 18:29:51,592 - TopNet - INFO - [Epoch 120/150][Batch 601/2622] BatchTime = 0.109 (s) DataTime = 0.001 (s) Losses = ['3.0914', '3.0914'] lr = 0.0002500
2025-10-29 18:30:19,227 - TopNet - INFO - [Epoch 120/150][Batch 701/2622] BatchTime = 0.202 (s) DataTime = 0.001 (s) Losses = ['4.1936', '4.1936'] lr = 0.0002500
2025-10-29 18:30:47,241 - TopNet - INFO - [Epoch 120/150][Batch 801/2622] BatchTime = 0.327 (s) DataTime = 0.001 (s) Losses = ['2.5182', '2.5182'] lr = 0.0002500
2025-10-29 18:31:13,176 - TopNet - INFO - [Epoch 120/150][Batch 901/2622] BatchTime = 0.130 (s) DataTime = 0.001 (s) Losses = ['1.9926', '1.9926'] lr = 0.0002500
2025-10-29 18:31:42,443 - TopNet - INFO - [Epoch 120/150][Batch 1001/2622] BatchTime = 0.117 (s) DataTime = 0.001 (s) Losses = ['2.2764', '2.2764'] lr = 0.0002500
2025-10-29 18:32:09,127 - TopNet - INFO - [Epoch 120/150][Batch 1101/2622] BatchTime = 0.334 (s) DataTime = 0.001 (s) Losses = ['2.8164', '2.8164'] lr = 0.0002500
2025-10-29 18:32:35,389 - TopNet - INFO - [Epoch 120/150][Batch 1201/2622] BatchTime = 0.223 (s) DataTime = 0.001 (s) Losses = ['2.9756', '2.9756'] lr = 0.0002500
2025-10-29 18:33:05,201 - TopNet - INFO - [Epoch 120/150][Batch 1301/2622] BatchTime = 0.209 (s) DataTime = 0.001 (s) Losses = ['2.9666', '2.9666'] lr = 0.0002500
2025-10-29 18:33:30,856 - TopNet - INFO - [Epoch 120/150][Batch 1401/2622] BatchTime = 0.253 (s) DataTime = 0.001 (s) Losses = ['2.8553', '2.8553'] lr = 0.0002500
2025-10-29 18:33:59,110 - TopNet - INFO - [Epoch 120/150][Batch 1501/2622] BatchTime = 0.362 (s) DataTime = 0.001 (s) Losses = ['3.1924', '3.1924'] lr = 0.0002500
2025-10-29 18:34:26,887 - TopNet - INFO - [Epoch 120/150][Batch 1601/2622] BatchTime = 0.125 (s) DataTime = 0.001 (s) Losses = ['3.3849', '3.3849'] lr = 0.0002500
2025-10-29 18:34:52,405 - TopNet - INFO - [Epoch 120/150][Batch 1701/2622] BatchTime = 0.145 (s) DataTime = 0.001 (s) Losses = ['2.8630', '2.8630'] lr = 0.0002500
2025-10-29 18:35:19,312 - TopNet - INFO - [Epoch 120/150][Batch 1801/2622] BatchTime = 0.114 (s) DataTime = 0.001 (s) Losses = ['3.4763', '3.4763'] lr = 0.0002500
2025-10-29 18:35:46,840 - TopNet - INFO - [Epoch 120/150][Batch 1901/2622] BatchTime = 0.114 (s) DataTime = 0.001 (s) Losses = ['3.9835', '3.9835'] lr = 0.0002500
2025-10-29 18:36:12,972 - TopNet - INFO - [Epoch 120/150][Batch 2001/2622] BatchTime = 0.118 (s) DataTime = 0.001 (s) Losses = ['2.5596', '2.5596'] lr = 0.0002500
2025-10-29 18:36:43,289 - TopNet - INFO - [Epoch 120/150][Batch 2101/2622] BatchTime = 0.327 (s) DataTime = 0.001 (s) Losses = ['4.0640', '4.0640'] lr = 0.0002500
2025-10-29 18:37:12,449 - TopNet - INFO - [Epoch 120/150][Batch 2201/2622] BatchTime = 0.135 (s) DataTime = 0.001 (s) Losses = ['3.3098', '3.3098'] lr = 0.0002500
2025-10-29 18:37:41,343 - TopNet - INFO - [Epoch 120/150][Batch 2301/2622] BatchTime = 0.298 (s) DataTime = 0.001 (s) Losses = ['2.4432', '2.4432'] lr = 0.0002500
2025-10-29 18:38:08,861 - TopNet - INFO - [Epoch 120/150][Batch 2401/2622] BatchTime = 0.207 (s) DataTime = 0.001 (s) Losses = ['3.0902', '3.0902'] lr = 0.0002500
2025-10-29 18:38:37,690 - TopNet - INFO - [Epoch 120/150][Batch 2501/2622] BatchTime = 0.408 (s) DataTime = 0.001 (s) Losses = ['2.9273', '2.9273'] lr = 0.0002500
2025-10-29 18:39:04,977 - TopNet - INFO - [Epoch 120/150][Batch 2601/2622] BatchTime = 0.223 (s) DataTime = 0.001 (s) Losses = ['3.4395', '3.4395'] lr = 0.0002500
2025-10-29 18:39:10,546 - TopNet - INFO - [Training] EPOCH: 120 EpochTime = 726.755 (s) Losses = ['3.0739', '3.0739']
2025-10-29 18:39:10,547 - TopNet - INFO - [VALIDATION] Start validating epoch 120
2025-10-29 18:39:51,636 - TopNet - INFO - Test[1051/10518] Taxonomy = 02691156 Sample = c7749c0a8b61f43bc9b9e28055202e3d Losses = ['34.7276', '3.1598', '34.7276', '3.1598'] Metrics = ['0.0590', '34.7276', '3.1598', '0.0000']
2025-10-29 18:40:30,116 - TopNet - INFO - Test[2102/10518] Taxonomy = 03211117 Sample = ab2f9418c111cc6ddb965514105122a4 Losses = ['22.6725', '1.4963', '22.6725', '1.4963'] Metrics = ['0.1246', '22.6725', '1.4963', '0.0000']
2025-10-29 18:41:07,517 - TopNet - INFO - Test[3153/10518] Taxonomy = 02876657 Sample = c5032e4be091aabb36fe7a88df793982 Losses = ['41.0911', '4.5359', '41.0911', '4.5359'] Metrics = ['0.0151', '41.0911', '4.5359', '0.0000']
2025-10-29 18:41:46,388 - TopNet - INFO - Test[4204/10518] Taxonomy = 03211117 Sample = 722df1da5778d45b1e43523279c7f09f Losses = ['60.8043', '11.7778', '60.8043', '11.7778'] Metrics = ['0.0332', '60.8043', '11.7778', '0.0000']
2025-10-29 18:42:25,097 - TopNet - INFO - Test[5255/10518] Taxonomy = 02828884 Sample = 14b63361a48a9fffe4a048c146e8bd43 Losses = ['31.4194', '2.6824', '31.4194', '2.6824'] Metrics = ['0.0478', '31.4194', '2.6824', '0.0000']
2025-10-29 18:43:04,582 - TopNet - INFO - Test[6306/10518] Taxonomy = 03211117 Sample = d330d50a0255529d19ed6e1a590c9122 Losses = ['22.8089', '1.6476', '22.8089', '1.6476'] Metrics = ['0.1331', '22.8089', '1.6476', '0.0000']
2025-10-29 18:43:43,408 - TopNet - INFO - Test[7357/10518] Taxonomy = 04379243 Sample = b1ca280d9567270ade98d10ab5975b59 Losses = ['31.1521', '3.6393', '31.1521', '3.6393'] Metrics = ['0.0611', '31.1521', '3.6393', '0.0000']
2025-10-29 18:44:22,874 - TopNet - INFO - Test[8408/10518] Taxonomy = 03001627 Sample = 89208a619341d9fdb8c516ed5c4ce32 Losses = ['31.7287', '2.7458', '31.7287', '2.7458'] Metrics = ['0.0284', '31.7287', '2.7458', '0.0000']
2025-10-29 18:45:01,393 - TopNet - INFO - Test[9459/10518] Taxonomy = 03001627 Sample = d0255120e3351121c3bd24f986301745 Losses = ['32.8202', '3.0482', '32.8202', '3.0482'] Metrics = ['0.0515', '32.8202', '3.0482', '0.0000']
2025-10-29 18:45:41,201 - TopNet - INFO - Test[10510/10518] Taxonomy = 03636649 Sample = ea9ec4d9db2e06202471e6dd5ac3ef92 Losses = ['20.0982', '1.8301', '20.0982', '1.8301'] Metrics = ['0.2938', '20.0982', '1.8301', '0.0000']
2025-10-29 18:45:41,592 - TopNet - INFO - [Validation] EPOCH: 120  Metrics = ['0.0715', '33.5082', '3.6661', '0.0000']
2025-10-29 18:45:41,592 - TopNet - INFO - ============================ TEST RESULTS ============================
2025-10-29 18:45:41,592 - TopNet - INFO - Taxonomy	#Sample	F-Score	CDL1	CDL2	EMDistance	#ModelName	
2025-10-29 18:45:41,592 - TopNet - INFO - 03759954	14	0.077 	37.151 	5.229 	0.000 	microphone	
2025-10-29 18:45:41,592 - TopNet - INFO - 04330267	44	0.036 	37.488 	4.206 	0.000 	stove	
2025-10-29 18:45:41,592 - TopNet - INFO - 03261776	15	0.036 	45.673 	7.756 	0.000 	earphone	
2025-10-29 18:45:41,592 - TopNet - INFO - 03513137	33	0.012 	52.264 	8.065 	0.000 	helmet	
2025-10-29 18:45:41,592 - TopNet - INFO - 04460130	27	0.066 	32.118 	3.194 	0.000 	tower	
2025-10-29 18:45:41,592 - TopNet - INFO - 04468005	78	0.093 	25.199 	1.893 	0.000 	train	
2025-10-29 18:45:41,592 - TopNet - INFO - 03761084	31	0.018 	40.560 	4.802 	0.000 	microwaves	
2025-10-29 18:45:41,592 - TopNet - INFO - 04004475	34	0.026 	41.412 	5.136 	0.000 	printer	
2025-10-29 18:45:41,592 - TopNet - INFO - 03938244	20	0.026 	43.091 	5.656 	0.000 	pillow	
2025-10-29 18:45:41,592 - TopNet - INFO - 02992529	167	0.082 	24.361 	1.646 	0.000 	cellphone	
2025-10-29 18:45:41,592 - TopNet - INFO - 02808440	172	0.041 	34.472 	3.679 	0.000 	bathtub	
2025-10-29 18:45:41,592 - TopNet - INFO - 04530566	388	0.112 	24.994 	1.975 	0.000 	watercraft	
2025-10-29 18:45:41,592 - TopNet - INFO - 02871439	91	0.040 	34.835 	3.818 	0.000 	bookshelf	
2025-10-29 18:45:41,592 - TopNet - INFO - 03593526	120	0.028 	41.989 	5.395 	0.000 	jar	
2025-10-29 18:45:41,592 - TopNet - INFO - 04554684	34	0.013 	45.847 	5.618 	0.000 	washer	
2025-10-29 18:45:41,592 - TopNet - INFO - 03467517	160	0.329 	15.374 	0.778 	0.000 	guitar	
2025-10-29 18:45:41,592 - TopNet - INFO - 04401088	218	0.088 	23.796 	1.577 	0.000 	telephone	
2025-10-29 18:45:41,592 - TopNet - INFO - 02954340	12	0.023 	42.571 	6.099 	0.000 	cap	
2025-10-29 18:45:41,592 - TopNet - INFO - 02933112	315	0.033 	32.810 	2.987 	0.000 	cabinet	
2025-10-29 18:45:41,592 - TopNet - INFO - 03642806	92	0.088 	23.577 	1.581 	0.000 	laptop	
2025-10-29 18:45:41,592 - TopNet - INFO - 02924116	188	0.074 	26.815 	2.079 	0.000 	bus	
2025-10-29 18:45:41,592 - TopNet - INFO - 02946921	22	0.018 	40.960 	4.719 	0.000 	can	
2025-10-29 18:45:41,592 - TopNet - INFO - 02818832	47	0.034 	38.832 	4.745 	0.000 	bed	
2025-10-29 18:45:41,592 - TopNet - INFO - 04256520	635	0.037 	32.873 	2.998 	0.000 	sofa	
2025-10-29 18:45:41,592 - TopNet - INFO - 04379243	1687	0.090 	28.675 	2.881 	0.000 	table	
2025-10-29 18:45:41,592 - TopNet - INFO - 02747177	69	0.021 	37.975 	4.115 	0.000 	trash bin	
2025-10-29 18:45:41,592 - TopNet - INFO - 03046257	131	0.046 	34.197 	3.544 	0.000 	clock	
2025-10-29 18:45:41,593 - TopNet - INFO - 04225987	31	0.133 	24.039 	2.030 	0.000 	skateboard	
2025-10-29 18:45:41,593 - TopNet - INFO - 03797390	43	0.019 	39.787 	4.599 	0.000 	mug	
2025-10-29 18:45:41,593 - TopNet - INFO - 03001627	1356	0.053 	32.229 	3.199 	0.000 	chair	
2025-10-29 18:45:41,593 - TopNet - INFO - 03691459	320	0.027 	38.911 	4.497 	0.000 	loudspeaker	
2025-10-29 18:45:41,593 - TopNet - INFO - 02942699	23	0.018 	47.064 	6.597 	0.000 	camera	
2025-10-29 18:45:41,593 - TopNet - INFO - 03636649	464	0.074 	36.917 	4.961 	0.000 	lamp	
2025-10-29 18:45:41,593 - TopNet - INFO - 02691156	809	0.185 	20.647 	1.426 	0.000 	airplane	
2025-10-29 18:45:41,593 - TopNet - INFO - 02773838	17	0.037 	39.170 	4.993 	0.000 	bag	
2025-10-29 18:45:41,593 - TopNet - INFO - 02958343	703	0.055 	28.039 	2.200 	0.000 	car	
2025-10-29 18:45:41,593 - TopNet - INFO - 02880940	38	0.025 	40.190 	4.805 	0.000 	bowl	
2025-10-29 18:45:41,593 - TopNet - INFO - 04099429	17	0.219 	22.154 	1.740 	0.000 	rocket	
2025-10-29 18:45:41,593 - TopNet - INFO - 02828884	363	0.110 	26.561 	2.413 	0.000 	bench	
2025-10-29 18:45:41,593 - TopNet - INFO - 04090263	475	0.317 	16.648 	1.032 	0.000 	rifle	
2025-10-29 18:45:41,593 - TopNet - INFO - 03211117	219	0.057 	31.889 	3.114 	0.000 	display	
2025-10-29 18:45:41,593 - TopNet - INFO - 02876657	100	0.048 	30.688 	2.617 	0.000 	bottle	
2025-10-29 18:45:41,593 - TopNet - INFO - 03710193	19	0.062 	35.108 	3.662 	0.000 	mailbox	
2025-10-29 18:45:41,593 - TopNet - INFO - 03790512	68	0.062 	30.696 	2.861 	0.000 	motorbike	
2025-10-29 18:45:41,593 - TopNet - INFO - 03325088	149	0.051 	37.223 	4.794 	0.000 	faucet	
2025-10-29 18:45:41,593 - TopNet - INFO - 02801938	23	0.024 	37.717 	4.332 	0.000 	basket	
2025-10-29 18:45:41,593 - TopNet - INFO - 03337140	60	0.034 	34.476 	3.387 	0.000 	file cabinet	
2025-10-29 18:45:41,593 - TopNet - INFO - 02843684	15	0.019 	44.437 	5.715 	0.000 	birdhouse	
2025-10-29 18:45:41,593 - TopNet - INFO - 03624134	85	0.300 	15.927 	0.829 	0.000 	knife	
2025-10-29 18:45:41,593 - TopNet - INFO - 03991062	121	0.025 	42.318 	5.586 	0.000 	flowerpot	
2025-10-29 18:45:41,593 - TopNet - INFO - 03948459	62	0.132 	22.832 	1.634 	0.000 	pistol	
2025-10-29 18:45:41,593 - TopNet - INFO - 03928116	48	0.030 	39.449 	4.612 	0.000 	piano	
2025-10-29 18:45:41,593 - TopNet - INFO - 03207941	19	0.020 	39.274 	4.405 	0.000 	dishwasher	
2025-10-29 18:45:41,593 - TopNet - INFO - 04074963	14	0.068 	27.394 	1.995 	0.000 	remote	
2025-10-29 18:45:41,593 - TopNet - INFO - 03085013	13	0.142 	21.257 	1.431 	0.000 	keyboard	
2025-10-29 18:45:41,593 - TopNet - INFO - Overall		0.072 	33.508 	3.666 	0.000 	
2025-10-29 18:45:41,691 - TopNet - INFO - Save checkpoint at ./experiments/TopNet/ShapeNet55_models/TopNet_fog/ckpt-last.pth
2025-10-29 18:45:41,987 - TopNet - INFO - [Epoch 121/150][Batch 1/2622] BatchTime = 0.296 (s) DataTime = 0.074 (s) Losses = ['4.5559', '4.5559'] lr = 0.0002500
2025-10-29 18:46:10,004 - TopNet - INFO - [Epoch 121/150][Batch 101/2622] BatchTime = 0.325 (s) DataTime = 0.001 (s) Losses = ['2.8861', '2.8861'] lr = 0.0002500
2025-10-29 18:46:35,390 - TopNet - INFO - [Epoch 121/150][Batch 201/2622] BatchTime = 0.220 (s) DataTime = 0.001 (s) Losses = ['3.7720', '3.7720'] lr = 0.0002500
2025-10-29 18:47:03,081 - TopNet - INFO - [Epoch 121/150][Batch 301/2622] BatchTime = 0.205 (s) DataTime = 0.001 (s) Losses = ['3.0131', '3.0131'] lr = 0.0002500
2025-10-29 18:47:30,635 - TopNet - INFO - [Epoch 121/150][Batch 401/2622] BatchTime = 0.118 (s) DataTime = 0.001 (s) Losses = ['3.9088', '3.9088'] lr = 0.0002500
2025-10-29 18:47:56,394 - TopNet - INFO - [Epoch 121/150][Batch 501/2622] BatchTime = 0.137 (s) DataTime = 0.001 (s) Losses = ['3.1623', '3.1623'] lr = 0.0002500
2025-10-29 18:48:23,150 - TopNet - INFO - [Epoch 121/150][Batch 601/2622] BatchTime = 0.327 (s) DataTime = 0.001 (s) Losses = ['2.2087', '2.2087'] lr = 0.0002500
2025-10-29 18:48:50,664 - TopNet - INFO - [Epoch 121/150][Batch 701/2622] BatchTime = 0.109 (s) DataTime = 0.001 (s) Losses = ['2.4264', '2.4264'] lr = 0.0002500
2025-10-29 18:49:18,126 - TopNet - INFO - [Epoch 121/150][Batch 801/2622] BatchTime = 0.343 (s) DataTime = 0.001 (s) Losses = ['3.2997', '3.2997'] lr = 0.0002500
2025-10-29 18:49:46,459 - TopNet - INFO - [Epoch 121/150][Batch 901/2622] BatchTime = 0.319 (s) DataTime = 0.001 (s) Losses = ['2.7649', '2.7649'] lr = 0.0002500
2025-10-29 18:50:13,770 - TopNet - INFO - [Epoch 121/150][Batch 1001/2622] BatchTime = 0.133 (s) DataTime = 0.001 (s) Losses = ['3.3684', '3.3684'] lr = 0.0002500
2025-10-29 18:50:39,178 - TopNet - INFO - [Epoch 121/150][Batch 1101/2622] BatchTime = 0.219 (s) DataTime = 0.001 (s) Losses = ['1.9941', '1.9941'] lr = 0.0002500
2025-10-29 18:51:07,127 - TopNet - INFO - [Epoch 121/150][Batch 1201/2622] BatchTime = 0.137 (s) DataTime = 0.001 (s) Losses = ['2.7908', '2.7908'] lr = 0.0002500
2025-10-29 18:51:35,253 - TopNet - INFO - [Epoch 121/150][Batch 1301/2622] BatchTime = 0.117 (s) DataTime = 0.001 (s) Losses = ['2.8116', '2.8116'] lr = 0.0002500
2025-10-29 18:52:01,006 - TopNet - INFO - [Epoch 121/150][Batch 1401/2622] BatchTime = 0.193 (s) DataTime = 0.001 (s) Losses = ['2.5955', '2.5955'] lr = 0.0002500
2025-10-29 18:52:26,802 - TopNet - INFO - [Epoch 121/150][Batch 1501/2622] BatchTime = 0.373 (s) DataTime = 0.001 (s) Losses = ['2.4198', '2.4198'] lr = 0.0002500
2025-10-29 18:52:53,983 - TopNet - INFO - [Epoch 121/150][Batch 1601/2622] BatchTime = 0.324 (s) DataTime = 0.001 (s) Losses = ['2.8345', '2.8345'] lr = 0.0002500
2025-10-29 18:53:23,096 - TopNet - INFO - [Epoch 121/150][Batch 1701/2622] BatchTime = 0.253 (s) DataTime = 0.001 (s) Losses = ['2.4188', '2.4188'] lr = 0.0002500
2025-10-29 18:53:50,927 - TopNet - INFO - [Epoch 121/150][Batch 1801/2622] BatchTime = 0.217 (s) DataTime = 0.001 (s) Losses = ['2.2992', '2.2992'] lr = 0.0002500
2025-10-29 18:54:18,537 - TopNet - INFO - [Epoch 121/150][Batch 1901/2622] BatchTime = 0.318 (s) DataTime = 0.001 (s) Losses = ['3.5453', '3.5453'] lr = 0.0002500
2025-10-29 18:54:44,881 - TopNet - INFO - [Epoch 121/150][Batch 2001/2622] BatchTime = 0.256 (s) DataTime = 0.001 (s) Losses = ['2.9162', '2.9162'] lr = 0.0002500
2025-10-29 18:55:13,093 - TopNet - INFO - [Epoch 121/150][Batch 2101/2622] BatchTime = 0.343 (s) DataTime = 0.001 (s) Losses = ['3.3466', '3.3466'] lr = 0.0002500
2025-10-29 18:55:40,463 - TopNet - INFO - [Epoch 121/150][Batch 2201/2622] BatchTime = 0.230 (s) DataTime = 0.001 (s) Losses = ['2.6828', '2.6828'] lr = 0.0002500
2025-10-29 18:56:09,263 - TopNet - INFO - [Epoch 121/150][Batch 2301/2622] BatchTime = 0.211 (s) DataTime = 0.001 (s) Losses = ['3.0731', '3.0731'] lr = 0.0002500
2025-10-29 18:56:36,740 - TopNet - INFO - [Epoch 121/150][Batch 2401/2622] BatchTime = 0.399 (s) DataTime = 0.001 (s) Losses = ['3.2131', '3.2131'] lr = 0.0002500
2025-10-29 18:57:04,167 - TopNet - INFO - [Epoch 121/150][Batch 2501/2622] BatchTime = 0.472 (s) DataTime = 0.001 (s) Losses = ['3.2390', '3.2390'] lr = 0.0002500
2025-10-29 18:57:33,860 - TopNet - INFO - [Epoch 121/150][Batch 2601/2622] BatchTime = 0.137 (s) DataTime = 0.001 (s) Losses = ['2.8217', '2.8217'] lr = 0.0002500
2025-10-29 18:57:38,641 - TopNet - INFO - [Training] EPOCH: 121 EpochTime = 716.950 (s) Losses = ['3.0418', '3.0418']
2025-10-29 18:57:38,738 - TopNet - INFO - Save checkpoint at ./experiments/TopNet/ShapeNet55_models/TopNet_fog/ckpt-last.pth
2025-10-29 18:57:39,307 - TopNet - INFO - [Epoch 122/150][Batch 1/2622] BatchTime = 0.568 (s) DataTime = 0.072 (s) Losses = ['3.4752', '3.4752'] lr = 0.0002500
2025-10-29 18:58:08,299 - TopNet - INFO - [Epoch 122/150][Batch 101/2622] BatchTime = 0.214 (s) DataTime = 0.001 (s) Losses = ['2.8600', '2.8600'] lr = 0.0002500
2025-10-29 18:58:35,598 - TopNet - INFO - [Epoch 122/150][Batch 201/2622] BatchTime = 0.497 (s) DataTime = 0.001 (s) Losses = ['2.7810', '2.7810'] lr = 0.0002500
2025-10-29 18:59:03,724 - TopNet - INFO - [Epoch 122/150][Batch 301/2622] BatchTime = 0.302 (s) DataTime = 0.001 (s) Losses = ['3.8096', '3.8096'] lr = 0.0002500
2025-10-29 18:59:30,542 - TopNet - INFO - [Epoch 122/150][Batch 401/2622] BatchTime = 0.700 (s) DataTime = 0.001 (s) Losses = ['2.4212', '2.4212'] lr = 0.0002500
2025-10-29 18:59:56,549 - TopNet - INFO - [Epoch 122/150][Batch 501/2622] BatchTime = 0.100 (s) DataTime = 0.001 (s) Losses = ['3.2625', '3.2625'] lr = 0.0002500
2025-10-29 19:00:26,246 - TopNet - INFO - [Epoch 122/150][Batch 601/2622] BatchTime = 0.195 (s) DataTime = 0.001 (s) Losses = ['3.5572', '3.5572'] lr = 0.0002500
2025-10-29 19:00:53,473 - TopNet - INFO - [Epoch 122/150][Batch 701/2622] BatchTime = 0.113 (s) DataTime = 0.001 (s) Losses = ['2.3030', '2.3030'] lr = 0.0002500
2025-10-29 19:01:21,827 - TopNet - INFO - [Epoch 122/150][Batch 801/2622] BatchTime = 0.125 (s) DataTime = 0.001 (s) Losses = ['2.6550', '2.6550'] lr = 0.0002500
2025-10-29 19:01:50,471 - TopNet - INFO - [Epoch 122/150][Batch 901/2622] BatchTime = 0.370 (s) DataTime = 0.001 (s) Losses = ['3.1818', '3.1818'] lr = 0.0002500
2025-10-29 19:02:17,251 - TopNet - INFO - [Epoch 122/150][Batch 1001/2622] BatchTime = 0.121 (s) DataTime = 0.001 (s) Losses = ['3.1516', '3.1516'] lr = 0.0002500
2025-10-29 19:02:44,079 - TopNet - INFO - [Epoch 122/150][Batch 1101/2622] BatchTime = 0.374 (s) DataTime = 0.001 (s) Losses = ['3.9975', '3.9975'] lr = 0.0002500
2025-10-29 19:03:11,212 - TopNet - INFO - [Epoch 122/150][Batch 1201/2622] BatchTime = 0.277 (s) DataTime = 0.001 (s) Losses = ['2.8496', '2.8496'] lr = 0.0002500
2025-10-29 19:03:37,445 - TopNet - INFO - [Epoch 122/150][Batch 1301/2622] BatchTime = 0.226 (s) DataTime = 0.001 (s) Losses = ['2.9693', '2.9693'] lr = 0.0002500
2025-10-29 19:04:04,390 - TopNet - INFO - [Epoch 122/150][Batch 1401/2622] BatchTime = 0.122 (s) DataTime = 0.001 (s) Losses = ['2.5958', '2.5958'] lr = 0.0002500
2025-10-29 19:04:32,367 - TopNet - INFO - [Epoch 122/150][Batch 1501/2622] BatchTime = 0.629 (s) DataTime = 0.001 (s) Losses = ['2.1192', '2.1192'] lr = 0.0002500
2025-10-29 19:05:00,204 - TopNet - INFO - [Epoch 122/150][Batch 1601/2622] BatchTime = 0.129 (s) DataTime = 0.001 (s) Losses = ['3.2067', '3.2067'] lr = 0.0002500
2025-10-29 19:05:27,172 - TopNet - INFO - [Epoch 122/150][Batch 1701/2622] BatchTime = 0.206 (s) DataTime = 0.001 (s) Losses = ['2.6457', '2.6457'] lr = 0.0002500
2025-10-29 19:05:53,919 - TopNet - INFO - [Epoch 122/150][Batch 1801/2622] BatchTime = 0.300 (s) DataTime = 0.001 (s) Losses = ['2.5406', '2.5406'] lr = 0.0002500
2025-10-29 19:06:21,031 - TopNet - INFO - [Epoch 122/150][Batch 1901/2622] BatchTime = 0.229 (s) DataTime = 0.001 (s) Losses = ['3.3493', '3.3493'] lr = 0.0002500
2025-10-29 19:06:48,978 - TopNet - INFO - [Epoch 122/150][Batch 2001/2622] BatchTime = 0.109 (s) DataTime = 0.001 (s) Losses = ['2.8116', '2.8116'] lr = 0.0002500
2025-10-29 19:07:16,148 - TopNet - INFO - [Epoch 122/150][Batch 2101/2622] BatchTime = 0.108 (s) DataTime = 0.001 (s) Losses = ['4.4688', '4.4688'] lr = 0.0002500
2025-10-29 19:07:42,132 - TopNet - INFO - [Epoch 122/150][Batch 2201/2622] BatchTime = 0.234 (s) DataTime = 0.001 (s) Losses = ['2.6734', '2.6734'] lr = 0.0002500
2025-10-29 19:08:08,596 - TopNet - INFO - [Epoch 122/150][Batch 2301/2622] BatchTime = 0.212 (s) DataTime = 0.001 (s) Losses = ['4.8417', '4.8417'] lr = 0.0002500
2025-10-29 19:08:35,993 - TopNet - INFO - [Epoch 122/150][Batch 2401/2622] BatchTime = 0.297 (s) DataTime = 0.001 (s) Losses = ['3.2453', '3.2453'] lr = 0.0002500
2025-10-29 19:09:04,462 - TopNet - INFO - [Epoch 122/150][Batch 2501/2622] BatchTime = 0.341 (s) DataTime = 0.001 (s) Losses = ['2.6353', '2.6353'] lr = 0.0002500
2025-10-29 19:09:33,687 - TopNet - INFO - [Epoch 122/150][Batch 2601/2622] BatchTime = 0.287 (s) DataTime = 0.001 (s) Losses = ['2.6397', '2.6397'] lr = 0.0002500
2025-10-29 19:09:38,547 - TopNet - INFO - [Training] EPOCH: 122 EpochTime = 719.808 (s) Losses = ['3.0470', '3.0470']
2025-10-29 19:09:38,637 - TopNet - INFO - Save checkpoint at ./experiments/TopNet/ShapeNet55_models/TopNet_fog/ckpt-last.pth
2025-10-29 19:09:39,021 - TopNet - INFO - [Epoch 123/150][Batch 1/2622] BatchTime = 0.383 (s) DataTime = 0.072 (s) Losses = ['2.4595', '2.4595'] lr = 0.0002500
2025-10-29 19:10:05,355 - TopNet - INFO - [Epoch 123/150][Batch 101/2622] BatchTime = 0.329 (s) DataTime = 0.001 (s) Losses = ['2.3788', '2.3788'] lr = 0.0002500
2025-10-29 19:10:30,457 - TopNet - INFO - [Epoch 123/150][Batch 201/2622] BatchTime = 0.115 (s) DataTime = 0.001 (s) Losses = ['3.0857', '3.0857'] lr = 0.0002500
2025-10-29 19:10:59,196 - TopNet - INFO - [Epoch 123/150][Batch 301/2622] BatchTime = 0.340 (s) DataTime = 0.001 (s) Losses = ['4.1751', '4.1751'] lr = 0.0002500
2025-10-29 19:11:27,420 - TopNet - INFO - [Epoch 123/150][Batch 401/2622] BatchTime = 0.209 (s) DataTime = 0.001 (s) Losses = ['2.5801', '2.5801'] lr = 0.0002500
2025-10-29 19:11:52,387 - TopNet - INFO - [Epoch 123/150][Batch 501/2622] BatchTime = 0.116 (s) DataTime = 0.001 (s) Losses = ['2.0443', '2.0443'] lr = 0.0002500
2025-10-29 19:12:20,447 - TopNet - INFO - [Epoch 123/150][Batch 601/2622] BatchTime = 0.193 (s) DataTime = 0.001 (s) Losses = ['3.0510', '3.0510'] lr = 0.0002500
2025-10-29 19:12:47,867 - TopNet - INFO - [Epoch 123/150][Batch 701/2622] BatchTime = 0.250 (s) DataTime = 0.001 (s) Losses = ['2.1887', '2.1887'] lr = 0.0002500
2025-10-29 19:13:16,882 - TopNet - INFO - [Epoch 123/150][Batch 801/2622] BatchTime = 0.291 (s) DataTime = 0.001 (s) Losses = ['2.9056', '2.9056'] lr = 0.0002500
2025-10-29 19:13:44,197 - TopNet - INFO - [Epoch 123/150][Batch 901/2622] BatchTime = 0.228 (s) DataTime = 0.001 (s) Losses = ['3.2860', '3.2860'] lr = 0.0002500
2025-10-29 19:14:10,733 - TopNet - INFO - [Epoch 123/150][Batch 1001/2622] BatchTime = 0.304 (s) DataTime = 0.001 (s) Losses = ['2.7214', '2.7214'] lr = 0.0002500
2025-10-29 19:14:38,248 - TopNet - INFO - [Epoch 123/150][Batch 1101/2622] BatchTime = 0.307 (s) DataTime = 0.001 (s) Losses = ['2.7352', '2.7352'] lr = 0.0002500
2025-10-29 19:15:06,241 - TopNet - INFO - [Epoch 123/150][Batch 1201/2622] BatchTime = 0.528 (s) DataTime = 0.001 (s) Losses = ['2.7063', '2.7063'] lr = 0.0002500
2025-10-29 19:15:34,990 - TopNet - INFO - [Epoch 123/150][Batch 1301/2622] BatchTime = 0.116 (s) DataTime = 0.001 (s) Losses = ['2.5682', '2.5682'] lr = 0.0002500
2025-10-29 19:16:02,168 - TopNet - INFO - [Epoch 123/150][Batch 1401/2622] BatchTime = 0.436 (s) DataTime = 0.001 (s) Losses = ['3.9863', '3.9863'] lr = 0.0002500
2025-10-29 19:16:27,686 - TopNet - INFO - [Epoch 123/150][Batch 1501/2622] BatchTime = 0.232 (s) DataTime = 0.001 (s) Losses = ['3.9277', '3.9277'] lr = 0.0002500
2025-10-29 19:16:57,066 - TopNet - INFO - [Epoch 123/150][Batch 1601/2622] BatchTime = 0.202 (s) DataTime = 0.001 (s) Losses = ['3.4091', '3.4091'] lr = 0.0002500
2025-10-29 19:17:25,972 - TopNet - INFO - [Epoch 123/150][Batch 1701/2622] BatchTime = 0.247 (s) DataTime = 0.001 (s) Losses = ['3.2760', '3.2760'] lr = 0.0002500
2025-10-29 19:17:53,269 - TopNet - INFO - [Epoch 123/150][Batch 1801/2622] BatchTime = 0.312 (s) DataTime = 0.001 (s) Losses = ['3.5868', '3.5868'] lr = 0.0002500
2025-10-29 19:18:20,884 - TopNet - INFO - [Epoch 123/150][Batch 1901/2622] BatchTime = 0.226 (s) DataTime = 0.001 (s) Losses = ['4.3668', '4.3668'] lr = 0.0002500
2025-10-29 19:18:48,806 - TopNet - INFO - [Epoch 123/150][Batch 2001/2622] BatchTime = 0.278 (s) DataTime = 0.001 (s) Losses = ['2.3580', '2.3580'] lr = 0.0002500
2025-10-29 19:19:15,225 - TopNet - INFO - [Epoch 123/150][Batch 2101/2622] BatchTime = 0.222 (s) DataTime = 0.001 (s) Losses = ['2.8533', '2.8533'] lr = 0.0002500
2025-10-29 19:19:45,159 - TopNet - INFO - [Epoch 123/150][Batch 2201/2622] BatchTime = 0.224 (s) DataTime = 0.001 (s) Losses = ['3.4814', '3.4814'] lr = 0.0002500
2025-10-29 19:20:14,687 - TopNet - INFO - [Epoch 123/150][Batch 2301/2622] BatchTime = 0.343 (s) DataTime = 0.001 (s) Losses = ['2.0568', '2.0568'] lr = 0.0002500
2025-10-29 19:20:40,025 - TopNet - INFO - [Epoch 123/150][Batch 2401/2622] BatchTime = 0.243 (s) DataTime = 0.001 (s) Losses = ['3.3129', '3.3129'] lr = 0.0002500
2025-10-29 19:21:07,282 - TopNet - INFO - [Epoch 123/150][Batch 2501/2622] BatchTime = 0.553 (s) DataTime = 0.001 (s) Losses = ['4.2663', '4.2663'] lr = 0.0002500
2025-10-29 19:21:34,942 - TopNet - INFO - [Epoch 123/150][Batch 2601/2622] BatchTime = 0.271 (s) DataTime = 0.001 (s) Losses = ['2.7558', '2.7558'] lr = 0.0002500
2025-10-29 19:21:40,333 - TopNet - INFO - [Training] EPOCH: 123 EpochTime = 721.695 (s) Losses = ['3.0388', '3.0388']
2025-10-29 19:21:40,431 - TopNet - INFO - Save checkpoint at ./experiments/TopNet/ShapeNet55_models/TopNet_fog/ckpt-last.pth
2025-10-29 19:21:40,792 - TopNet - INFO - [Epoch 124/150][Batch 1/2622] BatchTime = 0.361 (s) DataTime = 0.071 (s) Losses = ['2.9011', '2.9011'] lr = 0.0002500
2025-10-29 19:22:07,985 - TopNet - INFO - [Epoch 124/150][Batch 101/2622] BatchTime = 0.213 (s) DataTime = 0.001 (s) Losses = ['2.6919', '2.6919'] lr = 0.0002500
2025-10-29 19:22:34,964 - TopNet - INFO - [Epoch 124/150][Batch 201/2622] BatchTime = 0.263 (s) DataTime = 0.001 (s) Losses = ['3.5991', '3.5991'] lr = 0.0002500
2025-10-29 19:23:02,506 - TopNet - INFO - [Epoch 124/150][Batch 301/2622] BatchTime = 0.393 (s) DataTime = 0.001 (s) Losses = ['3.8059', '3.8059'] lr = 0.0002500
2025-10-29 19:23:30,190 - TopNet - INFO - [Epoch 124/150][Batch 401/2622] BatchTime = 0.465 (s) DataTime = 0.001 (s) Losses = ['3.9215', '3.9215'] lr = 0.0002500
2025-10-29 19:23:58,277 - TopNet - INFO - [Epoch 124/150][Batch 501/2622] BatchTime = 0.200 (s) DataTime = 0.001 (s) Losses = ['3.4029', '3.4029'] lr = 0.0002500
2025-10-29 19:24:23,815 - TopNet - INFO - [Epoch 124/150][Batch 601/2622] BatchTime = 0.214 (s) DataTime = 0.001 (s) Losses = ['3.7787', '3.7787'] lr = 0.0002500
2025-10-29 19:24:51,583 - TopNet - INFO - [Epoch 124/150][Batch 701/2622] BatchTime = 0.212 (s) DataTime = 0.001 (s) Losses = ['2.9674', '2.9674'] lr = 0.0002500
2025-10-29 19:25:19,169 - TopNet - INFO - [Epoch 124/150][Batch 801/2622] BatchTime = 0.125 (s) DataTime = 0.001 (s) Losses = ['2.7696', '2.7696'] lr = 0.0002500
2025-10-29 19:25:47,329 - TopNet - INFO - [Epoch 124/150][Batch 901/2622] BatchTime = 0.336 (s) DataTime = 0.001 (s) Losses = ['2.7777', '2.7777'] lr = 0.0002500
2025-10-29 19:26:14,622 - TopNet - INFO - [Epoch 124/150][Batch 1001/2622] BatchTime = 0.199 (s) DataTime = 0.001 (s) Losses = ['3.5267', '3.5267'] lr = 0.0002500
2025-10-29 19:26:41,611 - TopNet - INFO - [Epoch 124/150][Batch 1101/2622] BatchTime = 0.229 (s) DataTime = 0.001 (s) Losses = ['2.8877', '2.8877'] lr = 0.0002500
2025-10-29 19:27:07,718 - TopNet - INFO - [Epoch 124/150][Batch 1201/2622] BatchTime = 0.133 (s) DataTime = 0.001 (s) Losses = ['2.5536', '2.5536'] lr = 0.0002500
2025-10-29 19:27:34,620 - TopNet - INFO - [Epoch 124/150][Batch 1301/2622] BatchTime = 0.128 (s) DataTime = 0.001 (s) Losses = ['2.6837', '2.6837'] lr = 0.0002500
2025-10-29 19:28:01,515 - TopNet - INFO - [Epoch 124/150][Batch 1401/2622] BatchTime = 0.118 (s) DataTime = 0.001 (s) Losses = ['3.7431', '3.7431'] lr = 0.0002500
2025-10-29 19:28:28,187 - TopNet - INFO - [Epoch 124/150][Batch 1501/2622] BatchTime = 0.307 (s) DataTime = 0.001 (s) Losses = ['2.5605', '2.5605'] lr = 0.0002500
2025-10-29 19:28:54,183 - TopNet - INFO - [Epoch 124/150][Batch 1601/2622] BatchTime = 0.216 (s) DataTime = 0.001 (s) Losses = ['3.9332', '3.9332'] lr = 0.0002500
2025-10-29 19:29:21,765 - TopNet - INFO - [Epoch 124/150][Batch 1701/2622] BatchTime = 0.200 (s) DataTime = 0.001 (s) Losses = ['3.3842', '3.3842'] lr = 0.0002500
2025-10-29 19:29:48,571 - TopNet - INFO - [Epoch 124/150][Batch 1801/2622] BatchTime = 0.500 (s) DataTime = 0.001 (s) Losses = ['2.4996', '2.4996'] lr = 0.0002500
2025-10-29 19:30:15,594 - TopNet - INFO - [Epoch 124/150][Batch 1901/2622] BatchTime = 0.366 (s) DataTime = 0.001 (s) Losses = ['2.7159', '2.7159'] lr = 0.0002500
2025-10-29 19:30:43,612 - TopNet - INFO - [Epoch 124/150][Batch 2001/2622] BatchTime = 0.342 (s) DataTime = 0.001 (s) Losses = ['8.9385', '8.9385'] lr = 0.0002500
2025-10-29 19:31:10,476 - TopNet - INFO - [Epoch 124/150][Batch 2101/2622] BatchTime = 0.203 (s) DataTime = 0.001 (s) Losses = ['3.0351', '3.0351'] lr = 0.0002500
2025-10-29 19:31:38,232 - TopNet - INFO - [Epoch 124/150][Batch 2201/2622] BatchTime = 0.156 (s) DataTime = 0.001 (s) Losses = ['3.3326', '3.3326'] lr = 0.0002500
2025-10-29 19:32:07,241 - TopNet - INFO - [Epoch 124/150][Batch 2301/2622] BatchTime = 0.314 (s) DataTime = 0.001 (s) Losses = ['2.0480', '2.0480'] lr = 0.0002500
2025-10-29 19:32:34,557 - TopNet - INFO - [Epoch 124/150][Batch 2401/2622] BatchTime = 0.313 (s) DataTime = 0.001 (s) Losses = ['2.5523', '2.5523'] lr = 0.0002500
2025-10-29 19:33:01,124 - TopNet - INFO - [Epoch 124/150][Batch 2501/2622] BatchTime = 0.268 (s) DataTime = 0.001 (s) Losses = ['2.3037', '2.3037'] lr = 0.0002500
2025-10-29 19:33:27,010 - TopNet - INFO - [Epoch 124/150][Batch 2601/2622] BatchTime = 0.442 (s) DataTime = 0.001 (s) Losses = ['2.4378', '2.4378'] lr = 0.0002500
2025-10-29 19:33:33,302 - TopNet - INFO - [Training] EPOCH: 124 EpochTime = 712.871 (s) Losses = ['3.0386', '3.0386']
2025-10-29 19:33:33,406 - TopNet - INFO - Save checkpoint at ./experiments/TopNet/ShapeNet55_models/TopNet_fog/ckpt-last.pth
2025-10-29 19:33:33,597 - TopNet - INFO - [Epoch 125/150][Batch 1/2622] BatchTime = 0.190 (s) DataTime = 0.070 (s) Losses = ['3.5986', '3.5986'] lr = 0.0002500
2025-10-29 19:33:59,193 - TopNet - INFO - [Epoch 125/150][Batch 101/2622] BatchTime = 0.111 (s) DataTime = 0.001 (s) Losses = ['3.5697', '3.5697'] lr = 0.0002500
2025-10-29 19:34:23,796 - TopNet - INFO - [Epoch 125/150][Batch 201/2622] BatchTime = 0.358 (s) DataTime = 0.001 (s) Losses = ['2.7644', '2.7644'] lr = 0.0002500
2025-10-29 19:34:51,324 - TopNet - INFO - [Epoch 125/150][Batch 301/2622] BatchTime = 0.242 (s) DataTime = 0.001 (s) Losses = ['2.9854', '2.9854'] lr = 0.0002500
2025-10-29 19:35:17,499 - TopNet - INFO - [Epoch 125/150][Batch 401/2622] BatchTime = 0.135 (s) DataTime = 0.001 (s) Losses = ['1.6079', '1.6079'] lr = 0.0002500
2025-10-29 19:35:47,454 - TopNet - INFO - [Epoch 125/150][Batch 501/2622] BatchTime = 0.226 (s) DataTime = 0.001 (s) Losses = ['2.6333', '2.6333'] lr = 0.0002500
2025-10-29 19:36:15,922 - TopNet - INFO - [Epoch 125/150][Batch 601/2622] BatchTime = 0.147 (s) DataTime = 0.001 (s) Losses = ['3.0199', '3.0199'] lr = 0.0002500
2025-10-29 19:36:44,307 - TopNet - INFO - [Epoch 125/150][Batch 701/2622] BatchTime = 0.303 (s) DataTime = 0.001 (s) Losses = ['2.8812', '2.8812'] lr = 0.0002500
2025-10-29 19:37:13,755 - TopNet - INFO - [Epoch 125/150][Batch 801/2622] BatchTime = 0.287 (s) DataTime = 0.001 (s) Losses = ['3.2087', '3.2087'] lr = 0.0002500
2025-10-29 19:37:42,913 - TopNet - INFO - [Epoch 125/150][Batch 901/2622] BatchTime = 0.336 (s) DataTime = 0.001 (s) Losses = ['2.7417', '2.7417'] lr = 0.0002500
2025-10-29 19:38:09,526 - TopNet - INFO - [Epoch 125/150][Batch 1001/2622] BatchTime = 0.358 (s) DataTime = 0.001 (s) Losses = ['3.1768', '3.1768'] lr = 0.0002500
2025-10-29 19:38:37,261 - TopNet - INFO - [Epoch 125/150][Batch 1101/2622] BatchTime = 0.304 (s) DataTime = 0.001 (s) Losses = ['2.9766', '2.9766'] lr = 0.0002500
2025-10-29 19:39:05,012 - TopNet - INFO - [Epoch 125/150][Batch 1201/2622] BatchTime = 0.137 (s) DataTime = 0.001 (s) Losses = ['2.3581', '2.3581'] lr = 0.0002500
2025-10-29 19:39:33,710 - TopNet - INFO - [Epoch 125/150][Batch 1301/2622] BatchTime = 0.406 (s) DataTime = 0.001 (s) Losses = ['3.6903', '3.6903'] lr = 0.0002500
2025-10-29 19:39:59,826 - TopNet - INFO - [Epoch 125/150][Batch 1401/2622] BatchTime = 0.424 (s) DataTime = 0.001 (s) Losses = ['7.4529', '7.4529'] lr = 0.0002500
2025-10-29 19:40:25,919 - TopNet - INFO - [Epoch 125/150][Batch 1501/2622] BatchTime = 0.212 (s) DataTime = 0.001 (s) Losses = ['2.4310', '2.4310'] lr = 0.0002500
2025-10-29 19:40:52,466 - TopNet - INFO - [Epoch 125/150][Batch 1601/2622] BatchTime = 0.297 (s) DataTime = 0.001 (s) Losses = ['2.1803', '2.1803'] lr = 0.0002500
2025-10-29 19:41:17,347 - TopNet - INFO - [Epoch 125/150][Batch 1701/2622] BatchTime = 0.120 (s) DataTime = 0.001 (s) Losses = ['2.4941', '2.4941'] lr = 0.0002500
2025-10-29 19:41:40,400 - TopNet - INFO - [Epoch 125/150][Batch 1801/2622] BatchTime = 0.226 (s) DataTime = 0.001 (s) Losses = ['2.8962', '2.8962'] lr = 0.0002500
2025-10-29 19:42:08,217 - TopNet - INFO - [Epoch 125/150][Batch 1901/2622] BatchTime = 0.236 (s) DataTime = 0.001 (s) Losses = ['2.6122', '2.6122'] lr = 0.0002500
2025-10-29 19:42:37,299 - TopNet - INFO - [Epoch 125/150][Batch 2001/2622] BatchTime = 0.138 (s) DataTime = 0.001 (s) Losses = ['3.2522', '3.2522'] lr = 0.0002500
2025-10-29 19:43:05,724 - TopNet - INFO - [Epoch 125/150][Batch 2101/2622] BatchTime = 0.102 (s) DataTime = 0.001 (s) Losses = ['2.4086', '2.4086'] lr = 0.0002500
2025-10-29 19:43:31,963 - TopNet - INFO - [Epoch 125/150][Batch 2201/2622] BatchTime = 0.203 (s) DataTime = 0.001 (s) Losses = ['4.6437', '4.6437'] lr = 0.0002500
2025-10-29 19:43:59,291 - TopNet - INFO - [Epoch 125/150][Batch 2301/2622] BatchTime = 0.403 (s) DataTime = 0.001 (s) Losses = ['2.8636', '2.8636'] lr = 0.0002500
2025-10-29 19:44:26,212 - TopNet - INFO - [Epoch 125/150][Batch 2401/2622] BatchTime = 0.231 (s) DataTime = 0.001 (s) Losses = ['3.1616', '3.1616'] lr = 0.0002500
2025-10-29 19:44:55,419 - TopNet - INFO - [Epoch 125/150][Batch 2501/2622] BatchTime = 0.403 (s) DataTime = 0.001 (s) Losses = ['3.1697', '3.1697'] lr = 0.0002500
2025-10-29 19:45:21,147 - TopNet - INFO - [Epoch 125/150][Batch 2601/2622] BatchTime = 0.116 (s) DataTime = 0.001 (s) Losses = ['3.7119', '3.7119'] lr = 0.0002500
2025-10-29 19:45:27,515 - TopNet - INFO - [Training] EPOCH: 125 EpochTime = 714.109 (s) Losses = ['3.0066', '3.0066']
2025-10-29 19:45:27,515 - TopNet - INFO - [VALIDATION] Start validating epoch 125
2025-10-29 19:46:08,025 - TopNet - INFO - Test[1051/10518] Taxonomy = 02691156 Sample = c7749c0a8b61f43bc9b9e28055202e3d Losses = ['27.2428', '2.3066', '27.2428', '2.3066'] Metrics = ['0.1112', '27.2428', '2.3066', '0.0000']
2025-10-29 19:46:46,202 - TopNet - INFO - Test[2102/10518] Taxonomy = 03211117 Sample = ab2f9418c111cc6ddb965514105122a4 Losses = ['26.4203', '1.8109', '26.4203', '1.8109'] Metrics = ['0.0576', '26.4203', '1.8109', '0.0000']
2025-10-29 19:47:23,518 - TopNet - INFO - Test[3153/10518] Taxonomy = 02876657 Sample = c5032e4be091aabb36fe7a88df793982 Losses = ['51.7472', '7.2421', '51.7472', '7.2421'] Metrics = ['0.0106', '51.7472', '7.2421', '0.0000']
2025-10-29 19:48:02,064 - TopNet - INFO - Test[4204/10518] Taxonomy = 03211117 Sample = 722df1da5778d45b1e43523279c7f09f Losses = ['37.3726', '4.8505', '37.3726', '4.8505'] Metrics = ['0.0455', '37.3726', '4.8505', '0.0000']
2025-10-29 19:48:40,716 - TopNet - INFO - Test[5255/10518] Taxonomy = 02828884 Sample = 14b63361a48a9fffe4a048c146e8bd43 Losses = ['42.3937', '4.9624', '42.3937', '4.9624'] Metrics = ['0.0225', '42.3937', '4.9624', '0.0000']
2025-10-29 19:49:19,963 - TopNet - INFO - Test[6306/10518] Taxonomy = 03211117 Sample = d330d50a0255529d19ed6e1a590c9122 Losses = ['26.5626', '2.0157', '26.5626', '2.0157'] Metrics = ['0.0588', '26.5626', '2.0157', '0.0000']
2025-10-29 19:49:57,855 - TopNet - INFO - Test[7357/10518] Taxonomy = 04379243 Sample = b1ca280d9567270ade98d10ab5975b59 Losses = ['27.9988', '2.6349', '27.9988', '2.6349'] Metrics = ['0.0732', '27.9988', '2.6349', '0.0000']
2025-10-29 19:50:35,039 - TopNet - INFO - Test[8408/10518] Taxonomy = 03001627 Sample = 89208a619341d9fdb8c516ed5c4ce32 Losses = ['29.5077', '2.4417', '29.5077', '2.4417'] Metrics = ['0.0437', '29.5077', '2.4417', '0.0000']
2025-10-29 19:51:12,041 - TopNet - INFO - Test[9459/10518] Taxonomy = 03001627 Sample = d0255120e3351121c3bd24f986301745 Losses = ['35.7684', '3.5428', '35.7684', '3.5428'] Metrics = ['0.0247', '35.7684', '3.5428', '0.0000']
2025-10-29 19:51:49,487 - TopNet - INFO - Test[10510/10518] Taxonomy = 03636649 Sample = ea9ec4d9db2e06202471e6dd5ac3ef92 Losses = ['18.0555', '1.1862', '18.0555', '1.1862'] Metrics = ['0.2883', '18.0555', '1.1862', '0.0000']
2025-10-29 19:51:49,802 - TopNet - INFO - [Validation] EPOCH: 125  Metrics = ['0.0733', '33.2538', '3.6363', '0.0000']
2025-10-29 19:51:49,802 - TopNet - INFO - ============================ TEST RESULTS ============================
2025-10-29 19:51:49,802 - TopNet - INFO - Taxonomy	#Sample	F-Score	CDL1	CDL2	EMDistance	#ModelName	
2025-10-29 19:51:49,802 - TopNet - INFO - 03759954	14	0.095 	33.130 	4.522 	0.000 	microphone	
2025-10-29 19:51:49,802 - TopNet - INFO - 04330267	44	0.033 	38.422 	4.212 	0.000 	stove	
2025-10-29 19:51:49,802 - TopNet - INFO - 03261776	15	0.041 	42.338 	8.175 	0.000 	earphone	
2025-10-29 19:51:49,802 - TopNet - INFO - 03513137	33	0.014 	50.695 	7.989 	0.000 	helmet	
2025-10-29 19:51:49,802 - TopNet - INFO - 04460130	27	0.085 	31.032 	3.051 	0.000 	tower	
2025-10-29 19:51:49,802 - TopNet - INFO - 04468005	78	0.095 	25.156 	1.903 	0.000 	train	
2025-10-29 19:51:49,802 - TopNet - INFO - 03761084	31	0.016 	41.710 	4.835 	0.000 	microwaves	
2025-10-29 19:51:49,802 - TopNet - INFO - 04004475	34	0.029 	41.207 	5.284 	0.000 	printer	
2025-10-29 19:51:49,802 - TopNet - INFO - 03938244	20	0.030 	40.677 	4.951 	0.000 	pillow	
2025-10-29 19:51:49,802 - TopNet - INFO - 02992529	167	0.088 	23.942 	1.570 	0.000 	cellphone	
2025-10-29 19:51:49,802 - TopNet - INFO - 02808440	172	0.040 	34.505 	3.689 	0.000 	bathtub	
2025-10-29 19:51:49,802 - TopNet - INFO - 04530566	388	0.111 	25.146 	2.000 	0.000 	watercraft	
2025-10-29 19:51:49,802 - TopNet - INFO - 02871439	91	0.041 	34.235 	3.509 	0.000 	bookshelf	
2025-10-29 19:51:49,802 - TopNet - INFO - 03593526	120	0.026 	43.013 	5.584 	0.000 	jar	
2025-10-29 19:51:49,802 - TopNet - INFO - 04554684	34	0.016 	41.784 	4.725 	0.000 	washer	
2025-10-29 19:51:49,802 - TopNet - INFO - 03467517	160	0.357 	14.401 	0.663 	0.000 	guitar	
2025-10-29 19:51:49,802 - TopNet - INFO - 04401088	218	0.091 	23.824 	1.581 	0.000 	telephone	
2025-10-29 19:51:49,802 - TopNet - INFO - 02954340	12	0.022 	41.137 	5.620 	0.000 	cap	
2025-10-29 19:51:49,802 - TopNet - INFO - 02933112	315	0.033 	33.223 	3.037 	0.000 	cabinet	
2025-10-29 19:51:49,802 - TopNet - INFO - 03642806	92	0.078 	24.435 	1.700 	0.000 	laptop	
2025-10-29 19:51:49,802 - TopNet - INFO - 02924116	188	0.066 	27.519 	2.150 	0.000 	bus	
2025-10-29 19:51:49,802 - TopNet - INFO - 02946921	22	0.015 	46.000 	5.744 	0.000 	can	
2025-10-29 19:51:49,802 - TopNet - INFO - 02818832	47	0.035 	40.034 	5.276 	0.000 	bed	
2025-10-29 19:51:49,802 - TopNet - INFO - 04256520	635	0.035 	33.601 	3.068 	0.000 	sofa	
2025-10-29 19:51:49,802 - TopNet - INFO - 04379243	1687	0.088 	28.900 	2.938 	0.000 	table	
2025-10-29 19:51:49,802 - TopNet - INFO - 02747177	69	0.020 	39.331 	4.343 	0.000 	trash bin	
2025-10-29 19:51:49,802 - TopNet - INFO - 03046257	131	0.050 	34.112 	3.511 	0.000 	clock	
2025-10-29 19:51:49,802 - TopNet - INFO - 04225987	31	0.140 	22.569 	1.692 	0.000 	skateboard	
2025-10-29 19:51:49,802 - TopNet - INFO - 03797390	43	0.018 	41.536 	5.130 	0.000 	mug	
2025-10-29 19:51:49,802 - TopNet - INFO - 03001627	1356	0.052 	32.653 	3.280 	0.000 	chair	
2025-10-29 19:51:49,802 - TopNet - INFO - 03691459	320	0.027 	39.996 	4.667 	0.000 	loudspeaker	
2025-10-29 19:51:49,803 - TopNet - INFO - 02942699	23	0.022 	47.981 	7.410 	0.000 	camera	
2025-10-29 19:51:49,803 - TopNet - INFO - 03636649	464	0.079 	35.958 	4.727 	0.000 	lamp	
2025-10-29 19:51:49,803 - TopNet - INFO - 02691156	809	0.179 	20.934 	1.475 	0.000 	airplane	
2025-10-29 19:51:49,803 - TopNet - INFO - 02773838	17	0.048 	37.798 	4.469 	0.000 	bag	
2025-10-29 19:51:49,803 - TopNet - INFO - 02958343	703	0.051 	28.732 	2.327 	0.000 	car	
2025-10-29 19:51:49,803 - TopNet - INFO - 02880940	38	0.023 	40.437 	4.966 	0.000 	bowl	
2025-10-29 19:51:49,803 - TopNet - INFO - 04099429	17	0.222 	19.813 	1.320 	0.000 	rocket	
2025-10-29 19:51:49,803 - TopNet - INFO - 02828884	363	0.107 	26.820 	2.481 	0.000 	bench	
2025-10-29 19:51:49,803 - TopNet - INFO - 04090263	475	0.308 	16.877 	1.041 	0.000 	rifle	
2025-10-29 19:51:49,803 - TopNet - INFO - 03211117	219	0.063 	30.309 	2.785 	0.000 	display	
2025-10-29 19:51:49,803 - TopNet - INFO - 02876657	100	0.056 	31.574 	2.972 	0.000 	bottle	
2025-10-29 19:51:49,803 - TopNet - INFO - 03710193	19	0.049 	34.293 	3.487 	0.000 	mailbox	
2025-10-29 19:51:49,803 - TopNet - INFO - 03790512	68	0.066 	29.499 	2.642 	0.000 	motorbike	
2025-10-29 19:51:49,803 - TopNet - INFO - 03325088	149	0.052 	36.701 	4.567 	0.000 	faucet	
2025-10-29 19:51:49,803 - TopNet - INFO - 02801938	23	0.023 	39.111 	4.446 	0.000 	basket	
2025-10-29 19:51:49,803 - TopNet - INFO - 03337140	60	0.035 	34.866 	3.460 	0.000 	file cabinet	
2025-10-29 19:51:49,803 - TopNet - INFO - 02843684	15	0.025 	40.680 	5.039 	0.000 	birdhouse	
2025-10-29 19:51:49,803 - TopNet - INFO - 03624134	85	0.309 	15.492 	0.777 	0.000 	knife	
2025-10-29 19:51:49,803 - TopNet - INFO - 03991062	121	0.028 	41.434 	5.337 	0.000 	flowerpot	
2025-10-29 19:51:49,803 - TopNet - INFO - 03948459	62	0.122 	22.897 	1.579 	0.000 	pistol	
2025-10-29 19:51:49,803 - TopNet - INFO - 03928116	48	0.030 	40.373 	4.905 	0.000 	piano	
2025-10-29 19:51:49,803 - TopNet - INFO - 03207941	19	0.021 	37.947 	4.000 	0.000 	dishwasher	
2025-10-29 19:51:49,803 - TopNet - INFO - 04074963	14	0.069 	27.906 	2.093 	0.000 	remote	
2025-10-29 19:51:49,803 - TopNet - INFO - 03085013	13	0.162 	20.260 	1.290 	0.000 	keyboard	
2025-10-29 19:51:49,803 - TopNet - INFO - Overall		0.073 	33.254 	3.636 	0.000 	
2025-10-29 19:51:49,900 - TopNet - INFO - Save checkpoint at ./experiments/TopNet/ShapeNet55_models/TopNet_fog/ckpt-last.pth
2025-10-29 19:51:50,446 - TopNet - INFO - [Epoch 126/150][Batch 1/2622] BatchTime = 0.545 (s) DataTime = 0.074 (s) Losses = ['3.4399', '3.4399'] lr = 0.0002500
2025-10-29 19:52:19,812 - TopNet - INFO - [Epoch 126/150][Batch 101/2622] BatchTime = 0.626 (s) DataTime = 0.001 (s) Losses = ['2.7451', '2.7451'] lr = 0.0002500
2025-10-29 19:52:48,597 - TopNet - INFO - [Epoch 126/150][Batch 201/2622] BatchTime = 0.406 (s) DataTime = 0.001 (s) Losses = ['2.9057', '2.9057'] lr = 0.0002500
2025-10-29 19:53:14,480 - TopNet - INFO - [Epoch 126/150][Batch 301/2622] BatchTime = 0.186 (s) DataTime = 0.001 (s) Losses = ['3.8398', '3.8398'] lr = 0.0002500
2025-10-29 19:53:40,173 - TopNet - INFO - [Epoch 126/150][Batch 401/2622] BatchTime = 0.205 (s) DataTime = 0.001 (s) Losses = ['3.2914', '3.2914'] lr = 0.0002500
2025-10-29 19:54:07,202 - TopNet - INFO - [Epoch 126/150][Batch 501/2622] BatchTime = 0.297 (s) DataTime = 0.001 (s) Losses = ['3.2843', '3.2843'] lr = 0.0002500
2025-10-29 19:54:35,664 - TopNet - INFO - [Epoch 126/150][Batch 601/2622] BatchTime = 0.115 (s) DataTime = 0.001 (s) Losses = ['2.5412', '2.5412'] lr = 0.0002500
2025-10-29 19:55:03,696 - TopNet - INFO - [Epoch 126/150][Batch 701/2622] BatchTime = 0.460 (s) DataTime = 0.001 (s) Losses = ['2.4965', '2.4965'] lr = 0.0002500
2025-10-29 19:55:30,424 - TopNet - INFO - [Epoch 126/150][Batch 801/2622] BatchTime = 0.305 (s) DataTime = 0.001 (s) Losses = ['2.6770', '2.6770'] lr = 0.0002500
2025-10-29 19:55:56,720 - TopNet - INFO - [Epoch 126/150][Batch 901/2622] BatchTime = 0.597 (s) DataTime = 0.001 (s) Losses = ['2.9492', '2.9492'] lr = 0.0002500
2025-10-29 19:56:23,223 - TopNet - INFO - [Epoch 126/150][Batch 1001/2622] BatchTime = 0.207 (s) DataTime = 0.001 (s) Losses = ['3.4323', '3.4323'] lr = 0.0002500
2025-10-29 19:56:49,716 - TopNet - INFO - [Epoch 126/150][Batch 1101/2622] BatchTime = 0.526 (s) DataTime = 0.001 (s) Losses = ['2.4817', '2.4817'] lr = 0.0002500
2025-10-29 19:57:16,887 - TopNet - INFO - [Epoch 126/150][Batch 1201/2622] BatchTime = 0.286 (s) DataTime = 0.001 (s) Losses = ['3.3421', '3.3421'] lr = 0.0002500
2025-10-29 19:57:45,372 - TopNet - INFO - [Epoch 126/150][Batch 1301/2622] BatchTime = 0.212 (s) DataTime = 0.001 (s) Losses = ['2.2998', '2.2998'] lr = 0.0002500
2025-10-29 19:58:13,685 - TopNet - INFO - [Epoch 126/150][Batch 1401/2622] BatchTime = 0.518 (s) DataTime = 0.001 (s) Losses = ['2.7809', '2.7809'] lr = 0.0002500
2025-10-29 19:58:42,516 - TopNet - INFO - [Epoch 126/150][Batch 1501/2622] BatchTime = 0.192 (s) DataTime = 0.001 (s) Losses = ['4.7545', '4.7545'] lr = 0.0002500
2025-10-29 19:59:10,732 - TopNet - INFO - [Epoch 126/150][Batch 1601/2622] BatchTime = 0.200 (s) DataTime = 0.001 (s) Losses = ['3.1743', '3.1743'] lr = 0.0002500
2025-10-29 19:59:39,159 - TopNet - INFO - [Epoch 126/150][Batch 1701/2622] BatchTime = 0.218 (s) DataTime = 0.001 (s) Losses = ['2.3388', '2.3388'] lr = 0.0002500
2025-10-29 20:00:06,911 - TopNet - INFO - [Epoch 126/150][Batch 1801/2622] BatchTime = 0.270 (s) DataTime = 0.001 (s) Losses = ['3.5269', '3.5269'] lr = 0.0002500
2025-10-29 20:00:32,148 - TopNet - INFO - [Epoch 126/150][Batch 1901/2622] BatchTime = 0.272 (s) DataTime = 0.001 (s) Losses = ['2.3933', '2.3933'] lr = 0.0002500
2025-10-29 20:00:59,132 - TopNet - INFO - [Epoch 126/150][Batch 2001/2622] BatchTime = 0.340 (s) DataTime = 0.001 (s) Losses = ['2.4267', '2.4267'] lr = 0.0002500
2025-10-29 20:01:25,828 - TopNet - INFO - [Epoch 126/150][Batch 2101/2622] BatchTime = 0.458 (s) DataTime = 0.001 (s) Losses = ['2.4279', '2.4279'] lr = 0.0002500
2025-10-29 20:01:51,490 - TopNet - INFO - [Epoch 126/150][Batch 2201/2622] BatchTime = 0.138 (s) DataTime = 0.001 (s) Losses = ['3.1402', '3.1402'] lr = 0.0002500
2025-10-29 20:02:19,784 - TopNet - INFO - [Epoch 126/150][Batch 2301/2622] BatchTime = 0.143 (s) DataTime = 0.001 (s) Losses = ['1.8178', '1.8178'] lr = 0.0002500
2025-10-29 20:02:48,316 - TopNet - INFO - [Epoch 126/150][Batch 2401/2622] BatchTime = 0.102 (s) DataTime = 0.001 (s) Losses = ['3.4777', '3.4777'] lr = 0.0002500
2025-10-29 20:03:15,902 - TopNet - INFO - [Epoch 126/150][Batch 2501/2622] BatchTime = 0.415 (s) DataTime = 0.001 (s) Losses = ['2.2795', '2.2795'] lr = 0.0002500
2025-10-29 20:03:44,223 - TopNet - INFO - [Epoch 126/150][Batch 2601/2622] BatchTime = 0.382 (s) DataTime = 0.001 (s) Losses = ['3.3276', '3.3276'] lr = 0.0002500
2025-10-29 20:03:50,583 - TopNet - INFO - [Training] EPOCH: 126 EpochTime = 720.682 (s) Losses = ['3.0124', '3.0124']
2025-10-29 20:03:50,673 - TopNet - INFO - Save checkpoint at ./experiments/TopNet/ShapeNet55_models/TopNet_fog/ckpt-last.pth
2025-10-29 20:03:51,010 - TopNet - INFO - [Epoch 127/150][Batch 1/2622] BatchTime = 0.337 (s) DataTime = 0.073 (s) Losses = ['1.9928', '1.9928'] lr = 0.0002500
2025-10-29 20:04:17,400 - TopNet - INFO - [Epoch 127/150][Batch 101/2622] BatchTime = 0.213 (s) DataTime = 0.001 (s) Losses = ['1.9468', '1.9468'] lr = 0.0002500
2025-10-29 20:04:43,455 - TopNet - INFO - [Epoch 127/150][Batch 201/2622] BatchTime = 0.391 (s) DataTime = 0.001 (s) Losses = ['2.7934', '2.7934'] lr = 0.0002500
2025-10-29 20:05:11,326 - TopNet - INFO - [Epoch 127/150][Batch 301/2622] BatchTime = 0.215 (s) DataTime = 0.001 (s) Losses = ['2.2109', '2.2109'] lr = 0.0002500
2025-10-29 20:05:39,606 - TopNet - INFO - [Epoch 127/150][Batch 401/2622] BatchTime = 0.235 (s) DataTime = 0.001 (s) Losses = ['3.0715', '3.0715'] lr = 0.0002500
2025-10-29 20:06:07,046 - TopNet - INFO - [Epoch 127/150][Batch 501/2622] BatchTime = 0.198 (s) DataTime = 0.001 (s) Losses = ['2.6531', '2.6531'] lr = 0.0002500
2025-10-29 20:06:31,760 - TopNet - INFO - [Epoch 127/150][Batch 601/2622] BatchTime = 0.185 (s) DataTime = 0.001 (s) Losses = ['3.0775', '3.0775'] lr = 0.0002500
2025-10-29 20:06:59,738 - TopNet - INFO - [Epoch 127/150][Batch 701/2622] BatchTime = 0.136 (s) DataTime = 0.001 (s) Losses = ['2.7397', '2.7397'] lr = 0.0002500
2025-10-29 20:07:25,657 - TopNet - INFO - [Epoch 127/150][Batch 801/2622] BatchTime = 0.161 (s) DataTime = 0.001 (s) Losses = ['2.7371', '2.7371'] lr = 0.0002500
2025-10-29 20:07:54,850 - TopNet - INFO - [Epoch 127/150][Batch 901/2622] BatchTime = 0.118 (s) DataTime = 0.001 (s) Losses = ['3.6315', '3.6315'] lr = 0.0002500
2025-10-29 20:08:21,276 - TopNet - INFO - [Epoch 127/150][Batch 1001/2622] BatchTime = 0.345 (s) DataTime = 0.001 (s) Losses = ['2.2520', '2.2520'] lr = 0.0002500
2025-10-29 20:08:48,747 - TopNet - INFO - [Epoch 127/150][Batch 1101/2622] BatchTime = 0.197 (s) DataTime = 0.001 (s) Losses = ['2.5581', '2.5581'] lr = 0.0002500
2025-10-29 20:09:14,852 - TopNet - INFO - [Epoch 127/150][Batch 1201/2622] BatchTime = 0.132 (s) DataTime = 0.001 (s) Losses = ['2.9723', '2.9723'] lr = 0.0002500
2025-10-29 20:09:42,911 - TopNet - INFO - [Epoch 127/150][Batch 1301/2622] BatchTime = 0.245 (s) DataTime = 0.001 (s) Losses = ['2.8235', '2.8235'] lr = 0.0002500
2025-10-29 20:10:10,784 - TopNet - INFO - [Epoch 127/150][Batch 1401/2622] BatchTime = 0.109 (s) DataTime = 0.001 (s) Losses = ['3.0792', '3.0792'] lr = 0.0002500
2025-10-29 20:10:36,282 - TopNet - INFO - [Epoch 127/150][Batch 1501/2622] BatchTime = 0.107 (s) DataTime = 0.001 (s) Losses = ['2.8917', '2.8917'] lr = 0.0002500
2025-10-29 20:11:03,740 - TopNet - INFO - [Epoch 127/150][Batch 1601/2622] BatchTime = 0.247 (s) DataTime = 0.001 (s) Losses = ['2.4412', '2.4412'] lr = 0.0002500
2025-10-29 20:11:32,057 - TopNet - INFO - [Epoch 127/150][Batch 1701/2622] BatchTime = 0.191 (s) DataTime = 0.001 (s) Losses = ['3.1394', '3.1394'] lr = 0.0002500
2025-10-29 20:11:58,454 - TopNet - INFO - [Epoch 127/150][Batch 1801/2622] BatchTime = 0.400 (s) DataTime = 0.001 (s) Losses = ['2.6472', '2.6472'] lr = 0.0002500
2025-10-29 20:12:25,022 - TopNet - INFO - [Epoch 127/150][Batch 1901/2622] BatchTime = 0.257 (s) DataTime = 0.001 (s) Losses = ['3.5397', '3.5397'] lr = 0.0002500
2025-10-29 20:12:51,126 - TopNet - INFO - [Epoch 127/150][Batch 2001/2622] BatchTime = 0.312 (s) DataTime = 0.001 (s) Losses = ['3.3548', '3.3548'] lr = 0.0002500
2025-10-29 20:13:18,675 - TopNet - INFO - [Epoch 127/150][Batch 2101/2622] BatchTime = 0.414 (s) DataTime = 0.001 (s) Losses = ['3.1414', '3.1414'] lr = 0.0002500
2025-10-29 20:13:45,261 - TopNet - INFO - [Epoch 127/150][Batch 2201/2622] BatchTime = 0.402 (s) DataTime = 0.001 (s) Losses = ['3.6379', '3.6379'] lr = 0.0002500
2025-10-29 20:14:13,531 - TopNet - INFO - [Epoch 127/150][Batch 2301/2622] BatchTime = 0.332 (s) DataTime = 0.001 (s) Losses = ['2.6577', '2.6577'] lr = 0.0002500
2025-10-29 20:14:41,067 - TopNet - INFO - [Epoch 127/150][Batch 2401/2622] BatchTime = 0.119 (s) DataTime = 0.001 (s) Losses = ['4.1205', '4.1205'] lr = 0.0002500
2025-10-29 20:15:09,051 - TopNet - INFO - [Epoch 127/150][Batch 2501/2622] BatchTime = 0.194 (s) DataTime = 0.001 (s) Losses = ['3.1184', '3.1184'] lr = 0.0002500
2025-10-29 20:15:35,543 - TopNet - INFO - [Epoch 127/150][Batch 2601/2622] BatchTime = 0.404 (s) DataTime = 0.001 (s) Losses = ['3.9264', '3.9264'] lr = 0.0002500
2025-10-29 20:15:41,618 - TopNet - INFO - [Training] EPOCH: 127 EpochTime = 710.945 (s) Losses = ['3.0321', '3.0321']
2025-10-29 20:15:41,719 - TopNet - INFO - Save checkpoint at ./experiments/TopNet/ShapeNet55_models/TopNet_fog/ckpt-last.pth
2025-10-29 20:15:42,191 - TopNet - INFO - [Epoch 128/150][Batch 1/2622] BatchTime = 0.471 (s) DataTime = 0.073 (s) Losses = ['3.0158', '3.0158'] lr = 0.0002500
2025-10-29 20:16:09,342 - TopNet - INFO - [Epoch 128/150][Batch 101/2622] BatchTime = 0.346 (s) DataTime = 0.001 (s) Losses = ['2.8564', '2.8564'] lr = 0.0002500
2025-10-29 20:16:35,090 - TopNet - INFO - [Epoch 128/150][Batch 201/2622] BatchTime = 0.212 (s) DataTime = 0.001 (s) Losses = ['3.3803', '3.3803'] lr = 0.0002500
2025-10-29 20:17:02,601 - TopNet - INFO - [Epoch 128/150][Batch 301/2622] BatchTime = 0.434 (s) DataTime = 0.001 (s) Losses = ['2.1766', '2.1766'] lr = 0.0002500
2025-10-29 20:17:30,058 - TopNet - INFO - [Epoch 128/150][Batch 401/2622] BatchTime = 0.327 (s) DataTime = 0.001 (s) Losses = ['2.8804', '2.8804'] lr = 0.0002500
2025-10-29 20:17:58,802 - TopNet - INFO - [Epoch 128/150][Batch 501/2622] BatchTime = 0.298 (s) DataTime = 0.001 (s) Losses = ['4.2538', '4.2538'] lr = 0.0002500
2025-10-29 20:18:26,057 - TopNet - INFO - [Epoch 128/150][Batch 601/2622] BatchTime = 0.427 (s) DataTime = 0.001 (s) Losses = ['1.9967', '1.9967'] lr = 0.0002500
2025-10-29 20:18:55,615 - TopNet - INFO - [Epoch 128/150][Batch 701/2622] BatchTime = 0.137 (s) DataTime = 0.001 (s) Losses = ['2.5753', '2.5753'] lr = 0.0002500
2025-10-29 20:19:24,216 - TopNet - INFO - [Epoch 128/150][Batch 801/2622] BatchTime = 0.407 (s) DataTime = 0.001 (s) Losses = ['2.8802', '2.8802'] lr = 0.0002500
2025-10-29 20:19:50,651 - TopNet - INFO - [Epoch 128/150][Batch 901/2622] BatchTime = 0.446 (s) DataTime = 0.001 (s) Losses = ['3.4788', '3.4788'] lr = 0.0002500
2025-10-29 20:20:15,250 - TopNet - INFO - [Epoch 128/150][Batch 1001/2622] BatchTime = 0.412 (s) DataTime = 0.001 (s) Losses = ['2.5427', '2.5427'] lr = 0.0002500
2025-10-29 20:20:44,712 - TopNet - INFO - [Epoch 128/150][Batch 1101/2622] BatchTime = 0.501 (s) DataTime = 0.001 (s) Losses = ['2.3041', '2.3041'] lr = 0.0002500
2025-10-29 20:21:13,482 - TopNet - INFO - [Epoch 128/150][Batch 1201/2622] BatchTime = 0.206 (s) DataTime = 0.001 (s) Losses = ['3.1225', '3.1225'] lr = 0.0002500
2025-10-29 20:21:39,205 - TopNet - INFO - [Epoch 128/150][Batch 1301/2622] BatchTime = 0.138 (s) DataTime = 0.001 (s) Losses = ['2.9420', '2.9420'] lr = 0.0002500
2025-10-29 20:22:05,796 - TopNet - INFO - [Epoch 128/150][Batch 1401/2622] BatchTime = 0.198 (s) DataTime = 0.001 (s) Losses = ['3.0376', '3.0376'] lr = 0.0002500
2025-10-29 20:22:34,140 - TopNet - INFO - [Epoch 128/150][Batch 1501/2622] BatchTime = 0.137 (s) DataTime = 0.001 (s) Losses = ['2.9888', '2.9888'] lr = 0.0002500
2025-10-29 20:22:57,380 - TopNet - INFO - [Epoch 128/150][Batch 1601/2622] BatchTime = 0.114 (s) DataTime = 0.001 (s) Losses = ['3.2486', '3.2486'] lr = 0.0002500
2025-10-29 20:23:24,616 - TopNet - INFO - [Epoch 128/150][Batch 1701/2622] BatchTime = 0.300 (s) DataTime = 0.001 (s) Losses = ['2.5823', '2.5823'] lr = 0.0002500
2025-10-29 20:23:51,572 - TopNet - INFO - [Epoch 128/150][Batch 1801/2622] BatchTime = 0.554 (s) DataTime = 0.001 (s) Losses = ['2.8172', '2.8172'] lr = 0.0002500
2025-10-29 20:24:18,598 - TopNet - INFO - [Epoch 128/150][Batch 1901/2622] BatchTime = 0.549 (s) DataTime = 0.001 (s) Losses = ['2.4882', '2.4882'] lr = 0.0002500
2025-10-29 20:24:47,848 - TopNet - INFO - [Epoch 128/150][Batch 2001/2622] BatchTime = 0.399 (s) DataTime = 0.001 (s) Losses = ['2.4525', '2.4525'] lr = 0.0002500
2025-10-29 20:25:14,363 - TopNet - INFO - [Epoch 128/150][Batch 2101/2622] BatchTime = 0.225 (s) DataTime = 0.001 (s) Losses = ['3.4290', '3.4290'] lr = 0.0002500
2025-10-29 20:25:40,815 - TopNet - INFO - [Epoch 128/150][Batch 2201/2622] BatchTime = 0.118 (s) DataTime = 0.001 (s) Losses = ['4.8325', '4.8325'] lr = 0.0002500
2025-10-29 20:26:07,123 - TopNet - INFO - [Epoch 128/150][Batch 2301/2622] BatchTime = 0.153 (s) DataTime = 0.001 (s) Losses = ['4.0849', '4.0849'] lr = 0.0002500
2025-10-29 20:26:34,546 - TopNet - INFO - [Epoch 128/150][Batch 2401/2622] BatchTime = 0.337 (s) DataTime = 0.001 (s) Losses = ['2.1306', '2.1306'] lr = 0.0002500
2025-10-29 20:27:01,715 - TopNet - INFO - [Epoch 128/150][Batch 2501/2622] BatchTime = 0.442 (s) DataTime = 0.001 (s) Losses = ['2.6426', '2.6426'] lr = 0.0002500
2025-10-29 20:27:29,615 - TopNet - INFO - [Epoch 128/150][Batch 2601/2622] BatchTime = 0.118 (s) DataTime = 0.001 (s) Losses = ['2.2313', '2.2313'] lr = 0.0002500
2025-10-29 20:27:35,406 - TopNet - INFO - [Training] EPOCH: 128 EpochTime = 713.686 (s) Losses = ['3.0176', '3.0176']
2025-10-29 20:27:35,499 - TopNet - INFO - Save checkpoint at ./experiments/TopNet/ShapeNet55_models/TopNet_fog/ckpt-last.pth
2025-10-29 20:27:35,830 - TopNet - INFO - [Epoch 129/150][Batch 1/2622] BatchTime = 0.331 (s) DataTime = 0.071 (s) Losses = ['2.6010', '2.6010'] lr = 0.0002500
2025-10-29 20:28:01,142 - TopNet - INFO - [Epoch 129/150][Batch 101/2622] BatchTime = 0.231 (s) DataTime = 0.001 (s) Losses = ['1.9386', '1.9386'] lr = 0.0002500
2025-10-29 20:28:28,245 - TopNet - INFO - [Epoch 129/150][Batch 201/2622] BatchTime = 0.307 (s) DataTime = 0.001 (s) Losses = ['2.8097', '2.8097'] lr = 0.0002500
2025-10-29 20:28:55,024 - TopNet - INFO - [Epoch 129/150][Batch 301/2622] BatchTime = 0.320 (s) DataTime = 0.001 (s) Losses = ['2.4988', '2.4988'] lr = 0.0002500
2025-10-29 20:29:24,299 - TopNet - INFO - [Epoch 129/150][Batch 401/2622] BatchTime = 0.220 (s) DataTime = 0.001 (s) Losses = ['3.4119', '3.4119'] lr = 0.0002500
2025-10-29 20:29:53,112 - TopNet - INFO - [Epoch 129/150][Batch 501/2622] BatchTime = 0.212 (s) DataTime = 0.001 (s) Losses = ['4.0101', '4.0101'] lr = 0.0002500
2025-10-29 20:30:20,135 - TopNet - INFO - [Epoch 129/150][Batch 601/2622] BatchTime = 0.360 (s) DataTime = 0.001 (s) Losses = ['2.8943', '2.8943'] lr = 0.0002500
2025-10-29 20:30:46,335 - TopNet - INFO - [Epoch 129/150][Batch 701/2622] BatchTime = 0.205 (s) DataTime = 0.001 (s) Losses = ['2.8684', '2.8684'] lr = 0.0002500
2025-10-29 20:31:14,818 - TopNet - INFO - [Epoch 129/150][Batch 801/2622] BatchTime = 0.109 (s) DataTime = 0.001 (s) Losses = ['4.3133', '4.3133'] lr = 0.0002500
2025-10-29 20:31:43,482 - TopNet - INFO - [Epoch 129/150][Batch 901/2622] BatchTime = 0.114 (s) DataTime = 0.001 (s) Losses = ['2.2214', '2.2214'] lr = 0.0002500
2025-10-29 20:32:08,647 - TopNet - INFO - [Epoch 129/150][Batch 1001/2622] BatchTime = 0.217 (s) DataTime = 0.001 (s) Losses = ['2.5944', '2.5944'] lr = 0.0002500
2025-10-29 20:32:37,255 - TopNet - INFO - [Epoch 129/150][Batch 1101/2622] BatchTime = 0.115 (s) DataTime = 0.001 (s) Losses = ['3.8429', '3.8429'] lr = 0.0002500
2025-10-29 20:33:05,079 - TopNet - INFO - [Epoch 129/150][Batch 1201/2622] BatchTime = 0.191 (s) DataTime = 0.001 (s) Losses = ['4.0291', '4.0291'] lr = 0.0002500
2025-10-29 20:33:31,349 - TopNet - INFO - [Epoch 129/150][Batch 1301/2622] BatchTime = 0.327 (s) DataTime = 0.001 (s) Losses = ['2.3338', '2.3338'] lr = 0.0002500
2025-10-29 20:33:58,281 - TopNet - INFO - [Epoch 129/150][Batch 1401/2622] BatchTime = 0.229 (s) DataTime = 0.001 (s) Losses = ['3.5631', '3.5631'] lr = 0.0002500
2025-10-29 20:34:25,788 - TopNet - INFO - [Epoch 129/150][Batch 1501/2622] BatchTime = 0.138 (s) DataTime = 0.001 (s) Losses = ['3.0970', '3.0970'] lr = 0.0002500
2025-10-29 20:34:53,544 - TopNet - INFO - [Epoch 129/150][Batch 1601/2622] BatchTime = 0.346 (s) DataTime = 0.001 (s) Losses = ['3.6605', '3.6605'] lr = 0.0002500
2025-10-29 20:35:21,411 - TopNet - INFO - [Epoch 129/150][Batch 1701/2622] BatchTime = 0.396 (s) DataTime = 0.001 (s) Losses = ['8.0577', '8.0577'] lr = 0.0002500
2025-10-29 20:35:49,299 - TopNet - INFO - [Epoch 129/150][Batch 1801/2622] BatchTime = 0.204 (s) DataTime = 0.001 (s) Losses = ['2.6000', '2.6000'] lr = 0.0002500
2025-10-29 20:36:17,722 - TopNet - INFO - [Epoch 129/150][Batch 1901/2622] BatchTime = 0.491 (s) DataTime = 0.001 (s) Losses = ['2.9926', '2.9926'] lr = 0.0002500
2025-10-29 20:36:44,899 - TopNet - INFO - [Epoch 129/150][Batch 2001/2622] BatchTime = 0.292 (s) DataTime = 0.001 (s) Losses = ['3.3792', '3.3792'] lr = 0.0002500
2025-10-29 20:37:13,440 - TopNet - INFO - [Epoch 129/150][Batch 2101/2622] BatchTime = 0.319 (s) DataTime = 0.001 (s) Losses = ['3.2202', '3.2202'] lr = 0.0002500
2025-10-29 20:37:42,699 - TopNet - INFO - [Epoch 129/150][Batch 2201/2622] BatchTime = 0.306 (s) DataTime = 0.001 (s) Losses = ['2.7272', '2.7272'] lr = 0.0002500
2025-10-29 20:38:09,299 - TopNet - INFO - [Epoch 129/150][Batch 2301/2622] BatchTime = 0.334 (s) DataTime = 0.001 (s) Losses = ['4.3443', '4.3443'] lr = 0.0002500
2025-10-29 20:38:37,199 - TopNet - INFO - [Epoch 129/150][Batch 2401/2622] BatchTime = 0.382 (s) DataTime = 0.001 (s) Losses = ['2.4950', '2.4950'] lr = 0.0002500
2025-10-29 20:39:04,618 - TopNet - INFO - [Epoch 129/150][Batch 2501/2622] BatchTime = 0.122 (s) DataTime = 0.001 (s) Losses = ['3.3382', '3.3382'] lr = 0.0002500
2025-10-29 20:39:32,555 - TopNet - INFO - [Epoch 129/150][Batch 2601/2622] BatchTime = 0.208 (s) DataTime = 0.001 (s) Losses = ['4.7368', '4.7368'] lr = 0.0002500
2025-10-29 20:39:37,732 - TopNet - INFO - [Training] EPOCH: 129 EpochTime = 722.233 (s) Losses = ['3.0298', '3.0298']
2025-10-29 20:39:37,824 - TopNet - INFO - Save checkpoint at ./experiments/TopNet/ShapeNet55_models/TopNet_fog/ckpt-last.pth
2025-10-29 20:39:38,299 - TopNet - INFO - [Epoch 130/150][Batch 1/2622] BatchTime = 0.475 (s) DataTime = 0.078 (s) Losses = ['3.4663', '3.4663'] lr = 0.0002500
2025-10-29 20:40:06,573 - TopNet - INFO - [Epoch 130/150][Batch 101/2622] BatchTime = 0.129 (s) DataTime = 0.001 (s) Losses = ['2.6626', '2.6626'] lr = 0.0002500
2025-10-29 20:40:35,260 - TopNet - INFO - [Epoch 130/150][Batch 201/2622] BatchTime = 0.204 (s) DataTime = 0.001 (s) Losses = ['3.3113', '3.3113'] lr = 0.0002500
2025-10-29 20:41:02,541 - TopNet - INFO - [Epoch 130/150][Batch 301/2622] BatchTime = 0.405 (s) DataTime = 0.001 (s) Losses = ['2.9050', '2.9050'] lr = 0.0002500
2025-10-29 20:41:28,665 - TopNet - INFO - [Epoch 130/150][Batch 401/2622] BatchTime = 0.201 (s) DataTime = 0.001 (s) Losses = ['3.8066', '3.8066'] lr = 0.0002500
2025-10-29 20:41:56,476 - TopNet - INFO - [Epoch 130/150][Batch 501/2622] BatchTime = 0.301 (s) DataTime = 0.001 (s) Losses = ['2.6698', '2.6698'] lr = 0.0002500
2025-10-29 20:42:25,161 - TopNet - INFO - [Epoch 130/150][Batch 601/2622] BatchTime = 0.421 (s) DataTime = 0.001 (s) Losses = ['3.7889', '3.7889'] lr = 0.0002500
2025-10-29 20:42:54,453 - TopNet - INFO - [Epoch 130/150][Batch 701/2622] BatchTime = 0.297 (s) DataTime = 0.001 (s) Losses = ['3.9583', '3.9583'] lr = 0.0002500
2025-10-29 20:43:22,086 - TopNet - INFO - [Epoch 130/150][Batch 801/2622] BatchTime = 0.429 (s) DataTime = 0.001 (s) Losses = ['3.1289', '3.1289'] lr = 0.0002500
2025-10-29 20:43:47,734 - TopNet - INFO - [Epoch 130/150][Batch 901/2622] BatchTime = 0.377 (s) DataTime = 0.001 (s) Losses = ['1.9368', '1.9368'] lr = 0.0002500
2025-10-29 20:44:14,925 - TopNet - INFO - [Epoch 130/150][Batch 1001/2622] BatchTime = 0.186 (s) DataTime = 0.001 (s) Losses = ['2.5643', '2.5643'] lr = 0.0002500
2025-10-29 20:44:42,591 - TopNet - INFO - [Epoch 130/150][Batch 1101/2622] BatchTime = 0.217 (s) DataTime = 0.001 (s) Losses = ['3.6970', '3.6970'] lr = 0.0002500
2025-10-29 20:45:09,082 - TopNet - INFO - [Epoch 130/150][Batch 1201/2622] BatchTime = 0.308 (s) DataTime = 0.001 (s) Losses = ['3.4352', '3.4352'] lr = 0.0002500
2025-10-29 20:45:33,803 - TopNet - INFO - [Epoch 130/150][Batch 1301/2622] BatchTime = 0.111 (s) DataTime = 0.001 (s) Losses = ['2.6603', '2.6603'] lr = 0.0002500
2025-10-29 20:45:59,552 - TopNet - INFO - [Epoch 130/150][Batch 1401/2622] BatchTime = 0.198 (s) DataTime = 0.001 (s) Losses = ['2.3322', '2.3322'] lr = 0.0002500
2025-10-29 20:46:27,083 - TopNet - INFO - [Epoch 130/150][Batch 1501/2622] BatchTime = 0.206 (s) DataTime = 0.001 (s) Losses = ['2.6604', '2.6604'] lr = 0.0002500
2025-10-29 20:46:53,660 - TopNet - INFO - [Epoch 130/150][Batch 1601/2622] BatchTime = 0.213 (s) DataTime = 0.001 (s) Losses = ['2.3112', '2.3112'] lr = 0.0002500
2025-10-29 20:47:20,926 - TopNet - INFO - [Epoch 130/150][Batch 1701/2622] BatchTime = 0.322 (s) DataTime = 0.001 (s) Losses = ['3.8162', '3.8162'] lr = 0.0002500
2025-10-29 20:47:51,411 - TopNet - INFO - [Epoch 130/150][Batch 1801/2622] BatchTime = 0.252 (s) DataTime = 0.001 (s) Losses = ['2.3184', '2.3184'] lr = 0.0002500
2025-10-29 20:48:19,860 - TopNet - INFO - [Epoch 130/150][Batch 1901/2622] BatchTime = 0.284 (s) DataTime = 0.001 (s) Losses = ['2.5980', '2.5980'] lr = 0.0002500
2025-10-29 20:48:46,948 - TopNet - INFO - [Epoch 130/150][Batch 2001/2622] BatchTime = 0.134 (s) DataTime = 0.001 (s) Losses = ['2.2980', '2.2980'] lr = 0.0002500
2025-10-29 20:49:13,312 - TopNet - INFO - [Epoch 130/150][Batch 2101/2622] BatchTime = 0.203 (s) DataTime = 0.001 (s) Losses = ['3.7868', '3.7868'] lr = 0.0002500
2025-10-29 20:49:38,968 - TopNet - INFO - [Epoch 130/150][Batch 2201/2622] BatchTime = 0.221 (s) DataTime = 0.001 (s) Losses = ['5.4076', '5.4076'] lr = 0.0002500
2025-10-29 20:50:05,343 - TopNet - INFO - [Epoch 130/150][Batch 2301/2622] BatchTime = 0.352 (s) DataTime = 0.001 (s) Losses = ['2.3630', '2.3630'] lr = 0.0002500
2025-10-29 20:50:35,762 - TopNet - INFO - [Epoch 130/150][Batch 2401/2622] BatchTime = 0.105 (s) DataTime = 0.001 (s) Losses = ['3.7648', '3.7648'] lr = 0.0002500
2025-10-29 20:51:01,511 - TopNet - INFO - [Epoch 130/150][Batch 2501/2622] BatchTime = 0.550 (s) DataTime = 0.001 (s) Losses = ['2.6264', '2.6264'] lr = 0.0002500
2025-10-29 20:51:30,610 - TopNet - INFO - [Epoch 130/150][Batch 2601/2622] BatchTime = 0.130 (s) DataTime = 0.001 (s) Losses = ['2.6817', '2.6817'] lr = 0.0002500
2025-10-29 20:51:37,165 - TopNet - INFO - [Training] EPOCH: 130 EpochTime = 719.341 (s) Losses = ['3.0342', '3.0342']
2025-10-29 20:51:37,166 - TopNet - INFO - [VALIDATION] Start validating epoch 130
2025-10-29 20:52:16,721 - TopNet - INFO - Test[1051/10518] Taxonomy = 02691156 Sample = c7749c0a8b61f43bc9b9e28055202e3d Losses = ['23.2387', '1.8816', '23.2387', '1.8816'] Metrics = ['0.1546', '23.2387', '1.8816', '0.0000']
2025-10-29 20:52:55,126 - TopNet - INFO - Test[2102/10518] Taxonomy = 03211117 Sample = ab2f9418c111cc6ddb965514105122a4 Losses = ['27.3341', '2.1186', '27.3341', '2.1186'] Metrics = ['0.0641', '27.3341', '2.1186', '0.0000']
2025-10-29 20:53:33,399 - TopNet - INFO - Test[3153/10518] Taxonomy = 02876657 Sample = c5032e4be091aabb36fe7a88df793982 Losses = ['38.1345', '4.3353', '38.1345', '4.3353'] Metrics = ['0.0388', '38.1345', '4.3353', '0.0000']
2025-10-29 20:54:13,478 - TopNet - INFO - Test[4204/10518] Taxonomy = 03211117 Sample = 722df1da5778d45b1e43523279c7f09f Losses = ['34.3227', '3.6469', '34.3227', '3.6469'] Metrics = ['0.0673', '34.3227', '3.6469', '0.0000']
2025-10-29 20:54:52,217 - TopNet - INFO - Test[5255/10518] Taxonomy = 02828884 Sample = 14b63361a48a9fffe4a048c146e8bd43 Losses = ['27.8852', '2.4584', '27.8852', '2.4584'] Metrics = ['0.0905', '27.8852', '2.4584', '0.0000']
2025-10-29 20:55:30,114 - TopNet - INFO - Test[6306/10518] Taxonomy = 03211117 Sample = d330d50a0255529d19ed6e1a590c9122 Losses = ['25.6578', '1.9426', '25.6578', '1.9426'] Metrics = ['0.0687', '25.6578', '1.9426', '0.0000']
2025-10-29 20:56:08,005 - TopNet - INFO - Test[7357/10518] Taxonomy = 04379243 Sample = b1ca280d9567270ade98d10ab5975b59 Losses = ['30.8196', '3.9166', '30.8196', '3.9166'] Metrics = ['0.0634', '30.8196', '3.9166', '0.0000']
2025-10-29 20:56:46,856 - TopNet - INFO - Test[8408/10518] Taxonomy = 03001627 Sample = 89208a619341d9fdb8c516ed5c4ce32 Losses = ['27.3821', '2.1607', '27.3821', '2.1607'] Metrics = ['0.0470', '27.3821', '2.1607', '0.0000']
2025-10-29 20:57:23,965 - TopNet - INFO - Test[9459/10518] Taxonomy = 03001627 Sample = d0255120e3351121c3bd24f986301745 Losses = ['31.5391', '2.9815', '31.5391', '2.9815'] Metrics = ['0.0444', '31.5391', '2.9815', '0.0000']
2025-10-29 20:58:02,844 - TopNet - INFO - Test[10510/10518] Taxonomy = 03636649 Sample = ea9ec4d9db2e06202471e6dd5ac3ef92 Losses = ['18.5497', '1.1342', '18.5497', '1.1342'] Metrics = ['0.2519', '18.5497', '1.1342', '0.0000']
2025-10-29 20:58:03,172 - TopNet - INFO - [Validation] EPOCH: 130  Metrics = ['0.0737', '32.3541', '3.5101', '0.0000']
2025-10-29 20:58:03,172 - TopNet - INFO - ============================ TEST RESULTS ============================
2025-10-29 20:58:03,172 - TopNet - INFO - Taxonomy	#Sample	F-Score	CDL1	CDL2	EMDistance	#ModelName	
2025-10-29 20:58:03,172 - TopNet - INFO - 03759954	14	0.096 	33.189 	4.638 	0.000 	microphone	
2025-10-29 20:58:03,172 - TopNet - INFO - 04330267	44	0.033 	36.087 	3.959 	0.000 	stove	
2025-10-29 20:58:03,172 - TopNet - INFO - 03261776	15	0.041 	42.128 	7.399 	0.000 	earphone	
2025-10-29 20:58:03,172 - TopNet - INFO - 03513137	33	0.014 	49.100 	7.848 	0.000 	helmet	
2025-10-29 20:58:03,172 - TopNet - INFO - 04460130	27	0.085 	30.029 	2.919 	0.000 	tower	
2025-10-29 20:58:03,172 - TopNet - INFO - 04468005	78	0.085 	25.988 	1.976 	0.000 	train	
2025-10-29 20:58:03,172 - TopNet - INFO - 03761084	31	0.020 	38.864 	4.413 	0.000 	microwaves	
2025-10-29 20:58:03,172 - TopNet - INFO - 04004475	34	0.027 	39.913 	4.787 	0.000 	printer	
2025-10-29 20:58:03,172 - TopNet - INFO - 03938244	20	0.031 	39.148 	4.636 	0.000 	pillow	
2025-10-29 20:58:03,172 - TopNet - INFO - 02992529	167	0.094 	23.326 	1.541 	0.000 	cellphone	
2025-10-29 20:58:03,172 - TopNet - INFO - 02808440	172	0.041 	33.877 	3.558 	0.000 	bathtub	
2025-10-29 20:58:03,172 - TopNet - INFO - 04530566	388	0.118 	24.422 	1.918 	0.000 	watercraft	
2025-10-29 20:58:03,172 - TopNet - INFO - 02871439	91	0.044 	33.896 	3.649 	0.000 	bookshelf	
2025-10-29 20:58:03,172 - TopNet - INFO - 03593526	120	0.031 	40.564 	5.345 	0.000 	jar	
2025-10-29 20:58:03,172 - TopNet - INFO - 04554684	34	0.016 	40.343 	4.577 	0.000 	washer	
2025-10-29 20:58:03,172 - TopNet - INFO - 03467517	160	0.339 	14.466 	0.673 	0.000 	guitar	
2025-10-29 20:58:03,172 - TopNet - INFO - 04401088	218	0.097 	22.951 	1.503 	0.000 	telephone	
2025-10-29 20:58:03,172 - TopNet - INFO - 02954340	12	0.014 	53.746 	9.245 	0.000 	cap	
2025-10-29 20:58:03,172 - TopNet - INFO - 02933112	315	0.039 	31.346 	2.822 	0.000 	cabinet	
2025-10-29 20:58:03,172 - TopNet - INFO - 03642806	92	0.086 	23.572 	1.538 	0.000 	laptop	
2025-10-29 20:58:03,172 - TopNet - INFO - 02924116	188	0.073 	26.408 	2.032 	0.000 	bus	
2025-10-29 20:58:03,172 - TopNet - INFO - 02946921	22	0.020 	40.229 	4.637 	0.000 	can	
2025-10-29 20:58:03,172 - TopNet - INFO - 02818832	47	0.033 	39.126 	4.827 	0.000 	bed	
2025-10-29 20:58:03,172 - TopNet - INFO - 04256520	635	0.038 	32.658 	2.981 	0.000 	sofa	
2025-10-29 20:58:03,172 - TopNet - INFO - 04379243	1687	0.090 	28.605 	2.927 	0.000 	table	
2025-10-29 20:58:03,172 - TopNet - INFO - 02747177	69	0.022 	36.957 	4.010 	0.000 	trash bin	
2025-10-29 20:58:03,172 - TopNet - INFO - 03046257	131	0.048 	33.018 	3.384 	0.000 	clock	
2025-10-29 20:58:03,172 - TopNet - INFO - 04225987	31	0.121 	24.094 	1.871 	0.000 	skateboard	
2025-10-29 20:58:03,172 - TopNet - INFO - 03797390	43	0.018 	39.169 	4.437 	0.000 	mug	
2025-10-29 20:58:03,173 - TopNet - INFO - 03001627	1356	0.053 	32.145 	3.217 	0.000 	chair	
2025-10-29 20:58:03,173 - TopNet - INFO - 03691459	320	0.029 	37.519 	4.184 	0.000 	loudspeaker	
2025-10-29 20:58:03,173 - TopNet - INFO - 02942699	23	0.021 	44.225 	6.279 	0.000 	camera	
2025-10-29 20:58:03,173 - TopNet - INFO - 03636649	464	0.081 	34.793 	4.457 	0.000 	lamp	
2025-10-29 20:58:03,173 - TopNet - INFO - 02691156	809	0.169 	21.360 	1.533 	0.000 	airplane	
2025-10-29 20:58:03,173 - TopNet - INFO - 02773838	17	0.044 	37.041 	4.521 	0.000 	bag	
2025-10-29 20:58:03,173 - TopNet - INFO - 02958343	703	0.053 	28.131 	2.231 	0.000 	car	
2025-10-29 20:58:03,173 - TopNet - INFO - 02880940	38	0.025 	37.438 	4.098 	0.000 	bowl	
2025-10-29 20:58:03,173 - TopNet - INFO - 04099429	17	0.211 	22.496 	2.124 	0.000 	rocket	
2025-10-29 20:58:03,173 - TopNet - INFO - 02828884	363	0.111 	26.341 	2.397 	0.000 	bench	
2025-10-29 20:58:03,173 - TopNet - INFO - 04090263	475	0.307 	16.855 	1.052 	0.000 	rifle	
2025-10-29 20:58:03,173 - TopNet - INFO - 03211117	219	0.062 	30.597 	2.853 	0.000 	display	
2025-10-29 20:58:03,173 - TopNet - INFO - 02876657	100	0.068 	27.771 	2.400 	0.000 	bottle	
2025-10-29 20:58:03,173 - TopNet - INFO - 03710193	19	0.062 	29.921 	2.724 	0.000 	mailbox	
2025-10-29 20:58:03,173 - TopNet - INFO - 03790512	68	0.061 	28.946 	2.510 	0.000 	motorbike	
2025-10-29 20:58:03,173 - TopNet - INFO - 03325088	149	0.052 	36.379 	4.795 	0.000 	faucet	
2025-10-29 20:58:03,173 - TopNet - INFO - 02801938	23	0.029 	36.801 	4.133 	0.000 	basket	
2025-10-29 20:58:03,173 - TopNet - INFO - 03337140	60	0.037 	32.954 	3.160 	0.000 	file cabinet	
2025-10-29 20:58:03,173 - TopNet - INFO - 02843684	15	0.022 	38.771 	4.549 	0.000 	birdhouse	
2025-10-29 20:58:03,173 - TopNet - INFO - 03624134	85	0.314 	15.437 	0.776 	0.000 	knife	
2025-10-29 20:58:03,173 - TopNet - INFO - 03991062	121	0.031 	40.357 	5.101 	0.000 	flowerpot	
2025-10-29 20:58:03,173 - TopNet - INFO - 03948459	62	0.129 	22.202 	1.502 	0.000 	pistol	
2025-10-29 20:58:03,173 - TopNet - INFO - 03928116	48	0.033 	39.395 	4.759 	0.000 	piano	
2025-10-29 20:58:03,173 - TopNet - INFO - 03207941	19	0.024 	37.236 	4.344 	0.000 	dishwasher	
2025-10-29 20:58:03,173 - TopNet - INFO - 04074963	14	0.075 	26.200 	1.917 	0.000 	remote	
2025-10-29 20:58:03,173 - TopNet - INFO - 03085013	13	0.137 	20.945 	1.388 	0.000 	keyboard	
2025-10-29 20:58:03,173 - TopNet - INFO - Overall		0.074 	32.354 	3.510 	0.000 	
2025-10-29 20:58:03,269 - TopNet - INFO - Save checkpoint at ./experiments/TopNet/ShapeNet55_models/TopNet_fog/ckpt-best.pth
2025-10-29 20:58:03,357 - TopNet - INFO - Save checkpoint at ./experiments/TopNet/ShapeNet55_models/TopNet_fog/ckpt-last.pth
2025-10-29 20:58:03,628 - TopNet - INFO - [Epoch 131/150][Batch 1/2622] BatchTime = 0.270 (s) DataTime = 0.072 (s) Losses = ['3.7035', '3.7035'] lr = 0.0002500
2025-10-29 20:58:32,364 - TopNet - INFO - [Epoch 131/150][Batch 101/2622] BatchTime = 0.333 (s) DataTime = 0.001 (s) Losses = ['3.2240', '3.2240'] lr = 0.0002500
2025-10-29 20:58:59,897 - TopNet - INFO - [Epoch 131/150][Batch 201/2622] BatchTime = 0.122 (s) DataTime = 0.001 (s) Losses = ['3.1845', '3.1845'] lr = 0.0002500
2025-10-29 20:59:27,249 - TopNet - INFO - [Epoch 131/150][Batch 301/2622] BatchTime = 0.339 (s) DataTime = 0.001 (s) Losses = ['2.5914', '2.5914'] lr = 0.0002500
2025-10-29 20:59:55,536 - TopNet - INFO - [Epoch 131/150][Batch 401/2622] BatchTime = 0.113 (s) DataTime = 0.001 (s) Losses = ['2.7615', '2.7615'] lr = 0.0002500
2025-10-29 21:00:23,774 - TopNet - INFO - [Epoch 131/150][Batch 501/2622] BatchTime = 0.215 (s) DataTime = 0.001 (s) Losses = ['2.0158', '2.0158'] lr = 0.0002500
2025-10-29 21:00:52,476 - TopNet - INFO - [Epoch 131/150][Batch 601/2622] BatchTime = 0.281 (s) DataTime = 0.001 (s) Losses = ['3.9137', '3.9137'] lr = 0.0002500
2025-10-29 21:01:19,409 - TopNet - INFO - [Epoch 131/150][Batch 701/2622] BatchTime = 0.419 (s) DataTime = 0.001 (s) Losses = ['2.2026', '2.2026'] lr = 0.0002500
2025-10-29 21:01:46,403 - TopNet - INFO - [Epoch 131/150][Batch 801/2622] BatchTime = 0.350 (s) DataTime = 0.001 (s) Losses = ['2.4300', '2.4300'] lr = 0.0002500
2025-10-29 21:02:12,898 - TopNet - INFO - [Epoch 131/150][Batch 901/2622] BatchTime = 0.199 (s) DataTime = 0.001 (s) Losses = ['3.7373', '3.7373'] lr = 0.0002500
2025-10-29 21:02:38,904 - TopNet - INFO - [Epoch 131/150][Batch 1001/2622] BatchTime = 0.207 (s) DataTime = 0.001 (s) Losses = ['2.4112', '2.4112'] lr = 0.0002500
2025-10-29 21:03:04,939 - TopNet - INFO - [Epoch 131/150][Batch 1101/2622] BatchTime = 0.242 (s) DataTime = 0.001 (s) Losses = ['3.3587', '3.3587'] lr = 0.0002500
2025-10-29 21:03:30,277 - TopNet - INFO - [Epoch 131/150][Batch 1201/2622] BatchTime = 0.259 (s) DataTime = 0.001 (s) Losses = ['3.1418', '3.1418'] lr = 0.0002500
2025-10-29 21:03:57,847 - TopNet - INFO - [Epoch 131/150][Batch 1301/2622] BatchTime = 0.540 (s) DataTime = 0.001 (s) Losses = ['2.3128', '2.3128'] lr = 0.0002500
2025-10-29 21:04:24,735 - TopNet - INFO - [Epoch 131/150][Batch 1401/2622] BatchTime = 0.213 (s) DataTime = 0.001 (s) Losses = ['3.6001', '3.6001'] lr = 0.0002500
2025-10-29 21:04:51,234 - TopNet - INFO - [Epoch 131/150][Batch 1501/2622] BatchTime = 0.210 (s) DataTime = 0.001 (s) Losses = ['2.8807', '2.8807'] lr = 0.0002500
2025-10-29 21:05:18,404 - TopNet - INFO - [Epoch 131/150][Batch 1601/2622] BatchTime = 0.228 (s) DataTime = 0.001 (s) Losses = ['3.0016', '3.0016'] lr = 0.0002500
2025-10-29 21:05:47,816 - TopNet - INFO - [Epoch 131/150][Batch 1701/2622] BatchTime = 0.207 (s) DataTime = 0.001 (s) Losses = ['2.5812', '2.5812'] lr = 0.0002500
2025-10-29 21:06:16,447 - TopNet - INFO - [Epoch 131/150][Batch 1801/2622] BatchTime = 0.256 (s) DataTime = 0.001 (s) Losses = ['2.7400', '2.7400'] lr = 0.0002500
2025-10-29 21:06:43,042 - TopNet - INFO - [Epoch 131/150][Batch 1901/2622] BatchTime = 0.303 (s) DataTime = 0.001 (s) Losses = ['3.1066', '3.1066'] lr = 0.0002500
2025-10-29 21:07:07,804 - TopNet - INFO - [Epoch 131/150][Batch 2001/2622] BatchTime = 0.125 (s) DataTime = 0.001 (s) Losses = ['2.7774', '2.7774'] lr = 0.0002500
2025-10-29 21:07:35,744 - TopNet - INFO - [Epoch 131/150][Batch 2101/2622] BatchTime = 0.315 (s) DataTime = 0.001 (s) Losses = ['2.4893', '2.4893'] lr = 0.0002500
2025-10-29 21:08:03,520 - TopNet - INFO - [Epoch 131/150][Batch 2201/2622] BatchTime = 0.100 (s) DataTime = 0.001 (s) Losses = ['3.6195', '3.6195'] lr = 0.0002500
2025-10-29 21:08:31,456 - TopNet - INFO - [Epoch 131/150][Batch 2301/2622] BatchTime = 0.217 (s) DataTime = 0.001 (s) Losses = ['3.4290', '3.4290'] lr = 0.0002500
2025-10-29 21:08:59,243 - TopNet - INFO - [Epoch 131/150][Batch 2401/2622] BatchTime = 0.117 (s) DataTime = 0.001 (s) Losses = ['3.8107', '3.8107'] lr = 0.0002500
2025-10-29 21:09:24,543 - TopNet - INFO - [Epoch 131/150][Batch 2501/2622] BatchTime = 0.219 (s) DataTime = 0.001 (s) Losses = ['3.1832', '3.1832'] lr = 0.0002500
2025-10-29 21:09:52,528 - TopNet - INFO - [Epoch 131/150][Batch 2601/2622] BatchTime = 0.417 (s) DataTime = 0.001 (s) Losses = ['3.0333', '3.0333'] lr = 0.0002500
2025-10-29 21:09:58,801 - TopNet - INFO - [Training] EPOCH: 131 EpochTime = 715.444 (s) Losses = ['3.0373', '3.0373']
2025-10-29 21:09:58,901 - TopNet - INFO - Save checkpoint at ./experiments/TopNet/ShapeNet55_models/TopNet_fog/ckpt-last.pth
2025-10-29 21:09:59,205 - TopNet - INFO - [Epoch 132/150][Batch 1/2622] BatchTime = 0.303 (s) DataTime = 0.071 (s) Losses = ['2.4878', '2.4878'] lr = 0.0002500
2025-10-29 21:10:25,552 - TopNet - INFO - [Epoch 132/150][Batch 101/2622] BatchTime = 0.222 (s) DataTime = 0.001 (s) Losses = ['3.2910', '3.2910'] lr = 0.0002500
2025-10-29 21:10:50,507 - TopNet - INFO - [Epoch 132/150][Batch 201/2622] BatchTime = 0.199 (s) DataTime = 0.001 (s) Losses = ['3.0721', '3.0721'] lr = 0.0002500
2025-10-29 21:11:17,626 - TopNet - INFO - [Epoch 132/150][Batch 301/2622] BatchTime = 0.214 (s) DataTime = 0.001 (s) Losses = ['3.0661', '3.0661'] lr = 0.0002500
2025-10-29 21:11:47,576 - TopNet - INFO - [Epoch 132/150][Batch 401/2622] BatchTime = 0.107 (s) DataTime = 0.001 (s) Losses = ['2.7066', '2.7066'] lr = 0.0002500
2025-10-29 21:12:14,005 - TopNet - INFO - [Epoch 132/150][Batch 501/2622] BatchTime = 0.616 (s) DataTime = 0.001 (s) Losses = ['3.0930', '3.0930'] lr = 0.0002500
2025-10-29 21:12:42,971 - TopNet - INFO - [Epoch 132/150][Batch 601/2622] BatchTime = 0.287 (s) DataTime = 0.001 (s) Losses = ['2.0821', '2.0821'] lr = 0.0002500
2025-10-29 21:13:11,424 - TopNet - INFO - [Epoch 132/150][Batch 701/2622] BatchTime = 0.757 (s) DataTime = 0.001 (s) Losses = ['2.7458', '2.7458'] lr = 0.0002500
2025-10-29 21:13:39,308 - TopNet - INFO - [Epoch 132/150][Batch 801/2622] BatchTime = 0.394 (s) DataTime = 0.001 (s) Losses = ['2.3848', '2.3848'] lr = 0.0002500
2025-10-29 21:14:05,977 - TopNet - INFO - [Epoch 132/150][Batch 901/2622] BatchTime = 0.338 (s) DataTime = 0.001 (s) Losses = ['2.5375', '2.5375'] lr = 0.0002500
2025-10-29 21:14:32,928 - TopNet - INFO - [Epoch 132/150][Batch 1001/2622] BatchTime = 0.290 (s) DataTime = 0.001 (s) Losses = ['2.5684', '2.5684'] lr = 0.0002500
2025-10-29 21:14:57,571 - TopNet - INFO - [Epoch 132/150][Batch 1101/2622] BatchTime = 0.253 (s) DataTime = 0.001 (s) Losses = ['2.6319', '2.6319'] lr = 0.0002500
2025-10-29 21:15:24,694 - TopNet - INFO - [Epoch 132/150][Batch 1201/2622] BatchTime = 0.315 (s) DataTime = 0.001 (s) Losses = ['2.5006', '2.5006'] lr = 0.0002500
2025-10-29 21:15:54,121 - TopNet - INFO - [Epoch 132/150][Batch 1301/2622] BatchTime = 0.454 (s) DataTime = 0.001 (s) Losses = ['5.0603', '5.0603'] lr = 0.0002500
2025-10-29 21:16:22,551 - TopNet - INFO - [Epoch 132/150][Batch 1401/2622] BatchTime = 0.306 (s) DataTime = 0.001 (s) Losses = ['2.5083', '2.5083'] lr = 0.0002500
2025-10-29 21:16:48,961 - TopNet - INFO - [Epoch 132/150][Batch 1501/2622] BatchTime = 0.213 (s) DataTime = 0.001 (s) Losses = ['4.4655', '4.4655'] lr = 0.0002500
2025-10-29 21:17:14,479 - TopNet - INFO - [Epoch 132/150][Batch 1601/2622] BatchTime = 0.252 (s) DataTime = 0.001 (s) Losses = ['4.2273', '4.2273'] lr = 0.0002500
2025-10-29 21:17:43,702 - TopNet - INFO - [Epoch 132/150][Batch 1701/2622] BatchTime = 0.580 (s) DataTime = 0.001 (s) Losses = ['2.2241', '2.2241'] lr = 0.0002500
2025-10-29 21:18:12,170 - TopNet - INFO - [Epoch 132/150][Batch 1801/2622] BatchTime = 0.236 (s) DataTime = 0.001 (s) Losses = ['2.8308', '2.8308'] lr = 0.0002500
2025-10-29 21:18:40,103 - TopNet - INFO - [Epoch 132/150][Batch 1901/2622] BatchTime = 0.307 (s) DataTime = 0.001 (s) Losses = ['5.1531', '5.1531'] lr = 0.0002500
2025-10-29 21:19:09,082 - TopNet - INFO - [Epoch 132/150][Batch 2001/2622] BatchTime = 0.347 (s) DataTime = 0.001 (s) Losses = ['3.1918', '3.1918'] lr = 0.0002500
2025-10-29 21:19:38,181 - TopNet - INFO - [Epoch 132/150][Batch 2101/2622] BatchTime = 0.226 (s) DataTime = 0.001 (s) Losses = ['3.0004', '3.0004'] lr = 0.0002500
2025-10-29 21:20:04,496 - TopNet - INFO - [Epoch 132/150][Batch 2201/2622] BatchTime = 0.206 (s) DataTime = 0.001 (s) Losses = ['2.3924', '2.3924'] lr = 0.0002500
2025-10-29 21:20:31,582 - TopNet - INFO - [Epoch 132/150][Batch 2301/2622] BatchTime = 0.300 (s) DataTime = 0.001 (s) Losses = ['2.6857', '2.6857'] lr = 0.0002500
2025-10-29 21:21:00,375 - TopNet - INFO - [Epoch 132/150][Batch 2401/2622] BatchTime = 0.246 (s) DataTime = 0.001 (s) Losses = ['3.0906', '3.0906'] lr = 0.0002500
2025-10-29 21:21:25,330 - TopNet - INFO - [Epoch 132/150][Batch 2501/2622] BatchTime = 0.222 (s) DataTime = 0.001 (s) Losses = ['4.0821', '4.0821'] lr = 0.0002500
2025-10-29 21:21:52,884 - TopNet - INFO - [Epoch 132/150][Batch 2601/2622] BatchTime = 0.200 (s) DataTime = 0.001 (s) Losses = ['2.1713', '2.1713'] lr = 0.0002500
2025-10-29 21:21:58,524 - TopNet - INFO - [Training] EPOCH: 132 EpochTime = 719.623 (s) Losses = ['3.0170', '3.0170']
2025-10-29 21:21:58,615 - TopNet - INFO - Save checkpoint at ./experiments/TopNet/ShapeNet55_models/TopNet_fog/ckpt-last.pth
2025-10-29 21:21:58,940 - TopNet - INFO - [Epoch 133/150][Batch 1/2622] BatchTime = 0.324 (s) DataTime = 0.072 (s) Losses = ['2.8278', '2.8278'] lr = 0.0002500
2025-10-29 21:22:24,922 - TopNet - INFO - [Epoch 133/150][Batch 101/2622] BatchTime = 0.217 (s) DataTime = 0.001 (s) Losses = ['3.5392', '3.5392'] lr = 0.0002500
2025-10-29 21:22:52,240 - TopNet - INFO - [Epoch 133/150][Batch 201/2622] BatchTime = 0.198 (s) DataTime = 0.001 (s) Losses = ['2.7945', '2.7945'] lr = 0.0002500
2025-10-29 21:23:19,442 - TopNet - INFO - [Epoch 133/150][Batch 301/2622] BatchTime = 0.209 (s) DataTime = 0.001 (s) Losses = ['4.1766', '4.1766'] lr = 0.0002500
2025-10-29 21:23:47,555 - TopNet - INFO - [Epoch 133/150][Batch 401/2622] BatchTime = 0.245 (s) DataTime = 0.001 (s) Losses = ['2.4112', '2.4112'] lr = 0.0002500
2025-10-29 21:24:13,994 - TopNet - INFO - [Epoch 133/150][Batch 501/2622] BatchTime = 0.105 (s) DataTime = 0.001 (s) Losses = ['2.9320', '2.9320'] lr = 0.0002500
2025-10-29 21:24:41,496 - TopNet - INFO - [Epoch 133/150][Batch 601/2622] BatchTime = 0.344 (s) DataTime = 0.001 (s) Losses = ['2.9983', '2.9983'] lr = 0.0002500
2025-10-29 21:25:06,727 - TopNet - INFO - [Epoch 133/150][Batch 701/2622] BatchTime = 0.141 (s) DataTime = 0.001 (s) Losses = ['2.7791', '2.7791'] lr = 0.0002500
2025-10-29 21:25:33,239 - TopNet - INFO - [Epoch 133/150][Batch 801/2622] BatchTime = 0.205 (s) DataTime = 0.001 (s) Losses = ['3.4483', '3.4483'] lr = 0.0002500
2025-10-29 21:25:59,973 - TopNet - INFO - [Epoch 133/150][Batch 901/2622] BatchTime = 0.119 (s) DataTime = 0.001 (s) Losses = ['3.0567', '3.0567'] lr = 0.0002500
2025-10-29 21:26:27,108 - TopNet - INFO - [Epoch 133/150][Batch 1001/2622] BatchTime = 0.393 (s) DataTime = 0.001 (s) Losses = ['2.9548', '2.9548'] lr = 0.0002500
2025-10-29 21:26:54,643 - TopNet - INFO - [Epoch 133/150][Batch 1101/2622] BatchTime = 0.213 (s) DataTime = 0.001 (s) Losses = ['3.2030', '3.2030'] lr = 0.0002500
2025-10-29 21:27:22,161 - TopNet - INFO - [Epoch 133/150][Batch 1201/2622] BatchTime = 0.207 (s) DataTime = 0.001 (s) Losses = ['2.3477', '2.3477'] lr = 0.0002500
2025-10-29 21:27:49,621 - TopNet - INFO - [Epoch 133/150][Batch 1301/2622] BatchTime = 0.114 (s) DataTime = 0.001 (s) Losses = ['3.8209', '3.8209'] lr = 0.0002500
2025-10-29 21:28:17,277 - TopNet - INFO - [Epoch 133/150][Batch 1401/2622] BatchTime = 0.367 (s) DataTime = 0.001 (s) Losses = ['2.8962', '2.8962'] lr = 0.0002500
2025-10-29 21:28:45,071 - TopNet - INFO - [Epoch 133/150][Batch 1501/2622] BatchTime = 0.112 (s) DataTime = 0.001 (s) Losses = ['4.4075', '4.4075'] lr = 0.0002500
2025-10-29 21:29:12,487 - TopNet - INFO - [Epoch 133/150][Batch 1601/2622] BatchTime = 0.520 (s) DataTime = 0.001 (s) Losses = ['2.7650', '2.7650'] lr = 0.0002500
2025-10-29 21:29:39,736 - TopNet - INFO - [Epoch 133/150][Batch 1701/2622] BatchTime = 0.227 (s) DataTime = 0.001 (s) Losses = ['3.4947', '3.4947'] lr = 0.0002500
2025-10-29 21:30:06,936 - TopNet - INFO - [Epoch 133/150][Batch 1801/2622] BatchTime = 0.110 (s) DataTime = 0.001 (s) Losses = ['3.5131', '3.5131'] lr = 0.0002500
2025-10-29 21:30:33,421 - TopNet - INFO - [Epoch 133/150][Batch 1901/2622] BatchTime = 0.341 (s) DataTime = 0.001 (s) Losses = ['3.8707', '3.8707'] lr = 0.0002500
2025-10-29 21:31:00,686 - TopNet - INFO - [Epoch 133/150][Batch 2001/2622] BatchTime = 0.309 (s) DataTime = 0.001 (s) Losses = ['2.5630', '2.5630'] lr = 0.0002500
2025-10-29 21:31:28,658 - TopNet - INFO - [Epoch 133/150][Batch 2101/2622] BatchTime = 0.119 (s) DataTime = 0.001 (s) Losses = ['2.7379', '2.7379'] lr = 0.0002500
2025-10-29 21:31:55,039 - TopNet - INFO - [Epoch 133/150][Batch 2201/2622] BatchTime = 0.217 (s) DataTime = 0.001 (s) Losses = ['3.3492', '3.3492'] lr = 0.0002500
2025-10-29 21:32:23,420 - TopNet - INFO - [Epoch 133/150][Batch 2301/2622] BatchTime = 0.415 (s) DataTime = 0.001 (s) Losses = ['3.2467', '3.2467'] lr = 0.0002500
2025-10-29 21:32:51,232 - TopNet - INFO - [Epoch 133/150][Batch 2401/2622] BatchTime = 0.233 (s) DataTime = 0.001 (s) Losses = ['2.5122', '2.5122'] lr = 0.0002500
2025-10-29 21:33:19,264 - TopNet - INFO - [Epoch 133/150][Batch 2501/2622] BatchTime = 0.690 (s) DataTime = 0.001 (s) Losses = ['2.6203', '2.6203'] lr = 0.0002500
2025-10-29 21:33:49,900 - TopNet - INFO - [Epoch 133/150][Batch 2601/2622] BatchTime = 0.335 (s) DataTime = 0.001 (s) Losses = ['2.8349', '2.8349'] lr = 0.0002500
2025-10-29 21:33:55,780 - TopNet - INFO - [Training] EPOCH: 133 EpochTime = 717.164 (s) Losses = ['3.0282', '3.0282']
2025-10-29 21:33:55,877 - TopNet - INFO - Save checkpoint at ./experiments/TopNet/ShapeNet55_models/TopNet_fog/ckpt-last.pth
2025-10-29 21:33:56,152 - TopNet - INFO - [Epoch 134/150][Batch 1/2622] BatchTime = 0.275 (s) DataTime = 0.076 (s) Losses = ['4.1325', '4.1325'] lr = 0.0002500
2025-10-29 21:34:23,881 - TopNet - INFO - [Epoch 134/150][Batch 101/2622] BatchTime = 0.132 (s) DataTime = 0.001 (s) Losses = ['3.0794', '3.0794'] lr = 0.0002500
2025-10-29 21:34:49,031 - TopNet - INFO - [Epoch 134/150][Batch 201/2622] BatchTime = 0.421 (s) DataTime = 0.001 (s) Losses = ['2.8440', '2.8440'] lr = 0.0002500
2025-10-29 21:35:15,282 - TopNet - INFO - [Epoch 134/150][Batch 301/2622] BatchTime = 0.114 (s) DataTime = 0.001 (s) Losses = ['3.1865', '3.1865'] lr = 0.0002500
2025-10-29 21:35:42,909 - TopNet - INFO - [Epoch 134/150][Batch 401/2622] BatchTime = 0.452 (s) DataTime = 0.001 (s) Losses = ['2.7235', '2.7235'] lr = 0.0002500
2025-10-29 21:36:09,732 - TopNet - INFO - [Epoch 134/150][Batch 501/2622] BatchTime = 0.299 (s) DataTime = 0.001 (s) Losses = ['4.0874', '4.0874'] lr = 0.0002500
2025-10-29 21:36:37,604 - TopNet - INFO - [Epoch 134/150][Batch 601/2622] BatchTime = 0.149 (s) DataTime = 0.001 (s) Losses = ['2.0085', '2.0085'] lr = 0.0002500
2025-10-29 21:37:05,330 - TopNet - INFO - [Epoch 134/150][Batch 701/2622] BatchTime = 0.113 (s) DataTime = 0.001 (s) Losses = ['2.9705', '2.9705'] lr = 0.0002500
2025-10-29 21:37:31,894 - TopNet - INFO - [Epoch 134/150][Batch 801/2622] BatchTime = 0.112 (s) DataTime = 0.001 (s) Losses = ['4.7625', '4.7625'] lr = 0.0002500
2025-10-29 21:38:01,206 - TopNet - INFO - [Epoch 134/150][Batch 901/2622] BatchTime = 0.432 (s) DataTime = 0.001 (s) Losses = ['2.3767', '2.3767'] lr = 0.0002500
2025-10-29 21:38:29,891 - TopNet - INFO - [Epoch 134/150][Batch 1001/2622] BatchTime = 0.472 (s) DataTime = 0.001 (s) Losses = ['3.4662', '3.4662'] lr = 0.0002500
2025-10-29 21:38:56,176 - TopNet - INFO - [Epoch 134/150][Batch 1101/2622] BatchTime = 0.296 (s) DataTime = 0.001 (s) Losses = ['2.7498', '2.7498'] lr = 0.0002500
2025-10-29 21:39:22,832 - TopNet - INFO - [Epoch 134/150][Batch 1201/2622] BatchTime = 0.303 (s) DataTime = 0.001 (s) Losses = ['3.1486', '3.1486'] lr = 0.0002500
2025-10-29 21:39:48,360 - TopNet - INFO - [Epoch 134/150][Batch 1301/2622] BatchTime = 0.111 (s) DataTime = 0.001 (s) Losses = ['2.5862', '2.5862'] lr = 0.0002500
2025-10-29 21:40:12,865 - TopNet - INFO - [Epoch 134/150][Batch 1401/2622] BatchTime = 0.351 (s) DataTime = 0.001 (s) Losses = ['2.6604', '2.6604'] lr = 0.0002500
2025-10-29 21:40:40,282 - TopNet - INFO - [Epoch 134/150][Batch 1501/2622] BatchTime = 0.202 (s) DataTime = 0.001 (s) Losses = ['2.4895', '2.4895'] lr = 0.0002500
2025-10-29 21:41:06,062 - TopNet - INFO - [Epoch 134/150][Batch 1601/2622] BatchTime = 0.197 (s) DataTime = 0.001 (s) Losses = ['1.9370', '1.9370'] lr = 0.0002500
2025-10-29 21:41:33,420 - TopNet - INFO - [Epoch 134/150][Batch 1701/2622] BatchTime = 0.104 (s) DataTime = 0.001 (s) Losses = ['3.5738', '3.5738'] lr = 0.0002500
2025-10-29 21:42:00,235 - TopNet - INFO - [Epoch 134/150][Batch 1801/2622] BatchTime = 0.117 (s) DataTime = 0.001 (s) Losses = ['2.1091', '2.1091'] lr = 0.0002500
2025-10-29 21:42:28,197 - TopNet - INFO - [Epoch 134/150][Batch 1901/2622] BatchTime = 0.373 (s) DataTime = 0.001 (s) Losses = ['3.2001', '3.2001'] lr = 0.0002500
2025-10-29 21:42:57,519 - TopNet - INFO - [Epoch 134/150][Batch 2001/2622] BatchTime = 0.109 (s) DataTime = 0.001 (s) Losses = ['2.9269', '2.9269'] lr = 0.0002500
2025-10-29 21:43:25,311 - TopNet - INFO - [Epoch 134/150][Batch 2101/2622] BatchTime = 0.585 (s) DataTime = 0.001 (s) Losses = ['4.0273', '4.0273'] lr = 0.0002500
2025-10-29 21:43:53,130 - TopNet - INFO - [Epoch 134/150][Batch 2201/2622] BatchTime = 0.340 (s) DataTime = 0.001 (s) Losses = ['2.9953', '2.9953'] lr = 0.0002500
2025-10-29 21:44:20,379 - TopNet - INFO - [Epoch 134/150][Batch 2301/2622] BatchTime = 0.314 (s) DataTime = 0.001 (s) Losses = ['3.2601', '3.2601'] lr = 0.0002500
2025-10-29 21:44:47,766 - TopNet - INFO - [Epoch 134/150][Batch 2401/2622] BatchTime = 0.115 (s) DataTime = 0.001 (s) Losses = ['3.3436', '3.3436'] lr = 0.0002500
2025-10-29 21:45:14,451 - TopNet - INFO - [Epoch 134/150][Batch 2501/2622] BatchTime = 0.220 (s) DataTime = 0.001 (s) Losses = ['2.8378', '2.8378'] lr = 0.0002500
2025-10-29 21:45:41,068 - TopNet - INFO - [Epoch 134/150][Batch 2601/2622] BatchTime = 0.313 (s) DataTime = 0.001 (s) Losses = ['2.8407', '2.8407'] lr = 0.0002500
2025-10-29 21:45:46,673 - TopNet - INFO - [Training] EPOCH: 134 EpochTime = 710.795 (s) Losses = ['2.9995', '2.9995']
2025-10-29 21:45:46,772 - TopNet - INFO - Save checkpoint at ./experiments/TopNet/ShapeNet55_models/TopNet_fog/ckpt-last.pth
2025-10-29 21:45:47,101 - TopNet - INFO - [Epoch 135/150][Batch 1/2622] BatchTime = 0.328 (s) DataTime = 0.074 (s) Losses = ['3.8471', '3.8471'] lr = 0.0002500
2025-10-29 21:46:15,093 - TopNet - INFO - [Epoch 135/150][Batch 101/2622] BatchTime = 0.395 (s) DataTime = 0.001 (s) Losses = ['2.9063', '2.9063'] lr = 0.0002500
2025-10-29 21:46:41,769 - TopNet - INFO - [Epoch 135/150][Batch 201/2622] BatchTime = 0.310 (s) DataTime = 0.001 (s) Losses = ['3.1021', '3.1021'] lr = 0.0002500
2025-10-29 21:47:09,279 - TopNet - INFO - [Epoch 135/150][Batch 301/2622] BatchTime = 0.515 (s) DataTime = 0.001 (s) Losses = ['2.4523', '2.4523'] lr = 0.0002500
2025-10-29 21:47:35,773 - TopNet - INFO - [Epoch 135/150][Batch 401/2622] BatchTime = 0.428 (s) DataTime = 0.001 (s) Losses = ['5.0410', '5.0410'] lr = 0.0002500
2025-10-29 21:48:01,929 - TopNet - INFO - [Epoch 135/150][Batch 501/2622] BatchTime = 0.114 (s) DataTime = 0.001 (s) Losses = ['2.9050', '2.9050'] lr = 0.0002500
2025-10-29 21:48:29,715 - TopNet - INFO - [Epoch 135/150][Batch 601/2622] BatchTime = 0.205 (s) DataTime = 0.001 (s) Losses = ['4.2111', '4.2111'] lr = 0.0002500
2025-10-29 21:48:55,830 - TopNet - INFO - [Epoch 135/150][Batch 701/2622] BatchTime = 0.222 (s) DataTime = 0.001 (s) Losses = ['2.9688', '2.9688'] lr = 0.0002500
2025-10-29 21:49:21,668 - TopNet - INFO - [Epoch 135/150][Batch 801/2622] BatchTime = 0.481 (s) DataTime = 0.001 (s) Losses = ['3.0066', '3.0066'] lr = 0.0002500
2025-10-29 21:49:49,699 - TopNet - INFO - [Epoch 135/150][Batch 901/2622] BatchTime = 0.225 (s) DataTime = 0.001 (s) Losses = ['2.3315', '2.3315'] lr = 0.0002500
2025-10-29 21:50:16,636 - TopNet - INFO - [Epoch 135/150][Batch 1001/2622] BatchTime = 0.409 (s) DataTime = 0.001 (s) Losses = ['2.6567', '2.6567'] lr = 0.0002500
2025-10-29 21:50:44,810 - TopNet - INFO - [Epoch 135/150][Batch 1101/2622] BatchTime = 0.217 (s) DataTime = 0.001 (s) Losses = ['2.7282', '2.7282'] lr = 0.0002500
2025-10-29 21:51:13,856 - TopNet - INFO - [Epoch 135/150][Batch 1201/2622] BatchTime = 0.200 (s) DataTime = 0.001 (s) Losses = ['2.7238', '2.7238'] lr = 0.0002500
2025-10-29 21:51:41,670 - TopNet - INFO - [Epoch 135/150][Batch 1301/2622] BatchTime = 0.209 (s) DataTime = 0.001 (s) Losses = ['2.9277', '2.9277'] lr = 0.0002500
2025-10-29 21:52:09,295 - TopNet - INFO - [Epoch 135/150][Batch 1401/2622] BatchTime = 0.204 (s) DataTime = 0.001 (s) Losses = ['2.7770', '2.7770'] lr = 0.0002500
2025-10-29 21:52:35,153 - TopNet - INFO - [Epoch 135/150][Batch 1501/2622] BatchTime = 0.184 (s) DataTime = 0.001 (s) Losses = ['3.6106', '3.6106'] lr = 0.0002500
2025-10-29 21:53:01,136 - TopNet - INFO - [Epoch 135/150][Batch 1601/2622] BatchTime = 0.316 (s) DataTime = 0.001 (s) Losses = ['3.2658', '3.2658'] lr = 0.0002500
2025-10-29 21:53:28,901 - TopNet - INFO - [Epoch 135/150][Batch 1701/2622] BatchTime = 0.314 (s) DataTime = 0.001 (s) Losses = ['2.4647', '2.4647'] lr = 0.0002500
2025-10-29 21:53:55,485 - TopNet - INFO - [Epoch 135/150][Batch 1801/2622] BatchTime = 0.202 (s) DataTime = 0.001 (s) Losses = ['2.4873', '2.4873'] lr = 0.0002500
2025-10-29 21:54:23,014 - TopNet - INFO - [Epoch 135/150][Batch 1901/2622] BatchTime = 0.125 (s) DataTime = 0.001 (s) Losses = ['2.7542', '2.7542'] lr = 0.0002500
2025-10-29 21:54:52,220 - TopNet - INFO - [Epoch 135/150][Batch 2001/2622] BatchTime = 0.400 (s) DataTime = 0.001 (s) Losses = ['2.8872', '2.8872'] lr = 0.0002500
2025-10-29 21:55:16,684 - TopNet - INFO - [Epoch 135/150][Batch 2101/2622] BatchTime = 0.219 (s) DataTime = 0.001 (s) Losses = ['2.2981', '2.2981'] lr = 0.0002500
2025-10-29 21:55:44,693 - TopNet - INFO - [Epoch 135/150][Batch 2201/2622] BatchTime = 0.254 (s) DataTime = 0.001 (s) Losses = ['4.3263', '4.3263'] lr = 0.0002500
2025-10-29 21:56:13,810 - TopNet - INFO - [Epoch 135/150][Batch 2301/2622] BatchTime = 0.384 (s) DataTime = 0.001 (s) Losses = ['2.3129', '2.3129'] lr = 0.0002500
2025-10-29 21:56:40,011 - TopNet - INFO - [Epoch 135/150][Batch 2401/2622] BatchTime = 0.115 (s) DataTime = 0.001 (s) Losses = ['2.2025', '2.2025'] lr = 0.0002500
2025-10-29 21:57:07,759 - TopNet - INFO - [Epoch 135/150][Batch 2501/2622] BatchTime = 0.123 (s) DataTime = 0.001 (s) Losses = ['3.2113', '3.2113'] lr = 0.0002500
2025-10-29 21:57:35,156 - TopNet - INFO - [Epoch 135/150][Batch 2601/2622] BatchTime = 0.203 (s) DataTime = 0.001 (s) Losses = ['2.4235', '2.4235'] lr = 0.0002500
2025-10-29 21:57:40,979 - TopNet - INFO - [Training] EPOCH: 135 EpochTime = 714.206 (s) Losses = ['3.0216', '3.0216']
2025-10-29 21:57:40,980 - TopNet - INFO - [VALIDATION] Start validating epoch 135
2025-10-29 21:58:20,722 - TopNet - INFO - Test[1051/10518] Taxonomy = 02691156 Sample = c7749c0a8b61f43bc9b9e28055202e3d Losses = ['26.4447', '2.1432', '26.4447', '2.1432'] Metrics = ['0.1059', '26.4447', '2.1432', '0.0000']
2025-10-29 21:58:58,428 - TopNet - INFO - Test[2102/10518] Taxonomy = 03211117 Sample = ab2f9418c111cc6ddb965514105122a4 Losses = ['24.6987', '1.7410', '24.6987', '1.7410'] Metrics = ['0.0960', '24.6987', '1.7410', '0.0000']
2025-10-29 21:59:38,104 - TopNet - INFO - Test[3153/10518] Taxonomy = 02876657 Sample = c5032e4be091aabb36fe7a88df793982 Losses = ['39.6870', '4.8289', '39.6870', '4.8289'] Metrics = ['0.0311', '39.6870', '4.8289', '0.0000']
2025-10-29 22:00:17,192 - TopNet - INFO - Test[4204/10518] Taxonomy = 03211117 Sample = 722df1da5778d45b1e43523279c7f09f Losses = ['32.1429', '3.4899', '32.1429', '3.4899'] Metrics = ['0.0578', '32.1429', '3.4899', '0.0000']
2025-10-29 22:00:54,812 - TopNet - INFO - Test[5255/10518] Taxonomy = 02828884 Sample = 14b63361a48a9fffe4a048c146e8bd43 Losses = ['32.3488', '3.0545', '32.3488', '3.0545'] Metrics = ['0.0340', '32.3488', '3.0545', '0.0000']
2025-10-29 22:01:32,658 - TopNet - INFO - Test[6306/10518] Taxonomy = 03211117 Sample = d330d50a0255529d19ed6e1a590c9122 Losses = ['22.9788', '1.5988', '22.9788', '1.5988'] Metrics = ['0.0801', '22.9788', '1.5988', '0.0000']
2025-10-29 22:02:10,142 - TopNet - INFO - Test[7357/10518] Taxonomy = 04379243 Sample = b1ca280d9567270ade98d10ab5975b59 Losses = ['28.5536', '2.7098', '28.5536', '2.7098'] Metrics = ['0.0577', '28.5536', '2.7098', '0.0000']
2025-10-29 22:02:50,424 - TopNet - INFO - Test[8408/10518] Taxonomy = 03001627 Sample = 89208a619341d9fdb8c516ed5c4ce32 Losses = ['27.8285', '2.2718', '27.8285', '2.2718'] Metrics = ['0.0513', '27.8285', '2.2718', '0.0000']
2025-10-29 22:03:27,014 - TopNet - INFO - Test[9459/10518] Taxonomy = 03001627 Sample = d0255120e3351121c3bd24f986301745 Losses = ['32.3784', '3.0132', '32.3784', '3.0132'] Metrics = ['0.0298', '32.3784', '3.0132', '0.0000']
2025-10-29 22:04:05,850 - TopNet - INFO - Test[10510/10518] Taxonomy = 03636649 Sample = ea9ec4d9db2e06202471e6dd5ac3ef92 Losses = ['20.4677', '1.7980', '20.4677', '1.7980'] Metrics = ['0.2544', '20.4677', '1.7980', '0.0000']
2025-10-29 22:04:06,254 - TopNet - INFO - [Validation] EPOCH: 135  Metrics = ['0.0729', '32.5263', '3.5176', '0.0000']
2025-10-29 22:04:06,254 - TopNet - INFO - ============================ TEST RESULTS ============================
2025-10-29 22:04:06,254 - TopNet - INFO - Taxonomy	#Sample	F-Score	CDL1	CDL2	EMDistance	#ModelName	
2025-10-29 22:04:06,254 - TopNet - INFO - 03759954	14	0.096 	32.094 	4.760 	0.000 	microphone	
2025-10-29 22:04:06,254 - TopNet - INFO - 04330267	44	0.031 	38.142 	4.283 	0.000 	stove	
2025-10-29 22:04:06,254 - TopNet - INFO - 03261776	15	0.040 	47.768 	9.412 	0.000 	earphone	
2025-10-29 22:04:06,254 - TopNet - INFO - 03513137	33	0.012 	51.554 	8.362 	0.000 	helmet	
2025-10-29 22:04:06,254 - TopNet - INFO - 04460130	27	0.076 	29.128 	2.716 	0.000 	tower	
2025-10-29 22:04:06,254 - TopNet - INFO - 04468005	78	0.091 	25.357 	1.927 	0.000 	train	
2025-10-29 22:04:06,254 - TopNet - INFO - 03761084	31	0.016 	40.154 	4.492 	0.000 	microwaves	
2025-10-29 22:04:06,254 - TopNet - INFO - 04004475	34	0.024 	39.830 	4.789 	0.000 	printer	
2025-10-29 22:04:06,254 - TopNet - INFO - 03938244	20	0.027 	40.719 	5.069 	0.000 	pillow	
2025-10-29 22:04:06,254 - TopNet - INFO - 02992529	167	0.084 	23.506 	1.513 	0.000 	cellphone	
2025-10-29 22:04:06,254 - TopNet - INFO - 02808440	172	0.036 	35.293 	3.817 	0.000 	bathtub	
2025-10-29 22:04:06,254 - TopNet - INFO - 04530566	388	0.108 	24.627 	1.917 	0.000 	watercraft	
2025-10-29 22:04:06,254 - TopNet - INFO - 02871439	91	0.044 	33.617 	3.524 	0.000 	bookshelf	
2025-10-29 22:04:06,254 - TopNet - INFO - 03593526	120	0.032 	40.172 	5.145 	0.000 	jar	
2025-10-29 22:04:06,254 - TopNet - INFO - 04554684	34	0.015 	40.944 	4.496 	0.000 	washer	
2025-10-29 22:04:06,254 - TopNet - INFO - 03467517	160	0.346 	14.627 	0.678 	0.000 	guitar	
2025-10-29 22:04:06,254 - TopNet - INFO - 04401088	218	0.085 	23.451 	1.547 	0.000 	telephone	
2025-10-29 22:04:06,254 - TopNet - INFO - 02954340	12	0.020 	42.628 	6.121 	0.000 	cap	
2025-10-29 22:04:06,254 - TopNet - INFO - 02933112	315	0.037 	31.837 	2.855 	0.000 	cabinet	
2025-10-29 22:04:06,254 - TopNet - INFO - 03642806	92	0.086 	23.684 	1.536 	0.000 	laptop	
2025-10-29 22:04:06,254 - TopNet - INFO - 02924116	188	0.066 	26.997 	2.065 	0.000 	bus	
2025-10-29 22:04:06,254 - TopNet - INFO - 02946921	22	0.021 	39.560 	4.579 	0.000 	can	
2025-10-29 22:04:06,254 - TopNet - INFO - 02818832	47	0.032 	39.914 	4.819 	0.000 	bed	
2025-10-29 22:04:06,254 - TopNet - INFO - 04256520	635	0.037 	32.761 	2.983 	0.000 	sofa	
2025-10-29 22:04:06,255 - TopNet - INFO - 04379243	1687	0.089 	28.544 	2.873 	0.000 	table	
2025-10-29 22:04:06,255 - TopNet - INFO - 02747177	69	0.024 	36.316 	3.822 	0.000 	trash bin	
2025-10-29 22:04:06,255 - TopNet - INFO - 03046257	131	0.045 	33.498 	3.398 	0.000 	clock	
2025-10-29 22:04:06,255 - TopNet - INFO - 04225987	31	0.128 	23.086 	1.764 	0.000 	skateboard	
2025-10-29 22:04:06,255 - TopNet - INFO - 03797390	43	0.020 	38.897 	4.481 	0.000 	mug	
2025-10-29 22:04:06,255 - TopNet - INFO - 03001627	1356	0.055 	31.626 	3.096 	0.000 	chair	
2025-10-29 22:04:06,255 - TopNet - INFO - 03691459	320	0.028 	38.538 	4.349 	0.000 	loudspeaker	
2025-10-29 22:04:06,255 - TopNet - INFO - 02942699	23	0.020 	47.293 	7.076 	0.000 	camera	
2025-10-29 22:04:06,255 - TopNet - INFO - 03636649	464	0.087 	33.989 	4.342 	0.000 	lamp	
2025-10-29 22:04:06,255 - TopNet - INFO - 02691156	809	0.174 	21.035 	1.518 	0.000 	airplane	
2025-10-29 22:04:06,255 - TopNet - INFO - 02773838	17	0.042 	34.384 	3.580 	0.000 	bag	
2025-10-29 22:04:06,255 - TopNet - INFO - 02958343	703	0.052 	27.909 	2.158 	0.000 	car	
2025-10-29 22:04:06,255 - TopNet - INFO - 02880940	38	0.022 	39.677 	4.459 	0.000 	bowl	
2025-10-29 22:04:06,255 - TopNet - INFO - 04099429	17	0.205 	21.469 	1.588 	0.000 	rocket	
2025-10-29 22:04:06,255 - TopNet - INFO - 02828884	363	0.113 	25.953 	2.295 	0.000 	bench	
2025-10-29 22:04:06,255 - TopNet - INFO - 04090263	475	0.301 	16.778 	1.023 	0.000 	rifle	
2025-10-29 22:04:06,255 - TopNet - INFO - 03211117	219	0.062 	29.779 	2.652 	0.000 	display	
2025-10-29 22:04:06,255 - TopNet - INFO - 02876657	100	0.077 	26.545 	2.188 	0.000 	bottle	
2025-10-29 22:04:06,255 - TopNet - INFO - 03710193	19	0.067 	30.433 	2.791 	0.000 	mailbox	
2025-10-29 22:04:06,255 - TopNet - INFO - 03790512	68	0.059 	29.428 	2.546 	0.000 	motorbike	
2025-10-29 22:04:06,255 - TopNet - INFO - 03325088	149	0.053 	36.287 	4.555 	0.000 	faucet	
2025-10-29 22:04:06,255 - TopNet - INFO - 02801938	23	0.024 	39.975 	5.159 	0.000 	basket	
2025-10-29 22:04:06,255 - TopNet - INFO - 03337140	60	0.039 	33.222 	3.273 	0.000 	file cabinet	
2025-10-29 22:04:06,255 - TopNet - INFO - 02843684	15	0.019 	42.145 	5.285 	0.000 	birdhouse	
2025-10-29 22:04:06,255 - TopNet - INFO - 03624134	85	0.304 	15.824 	0.825 	0.000 	knife	
2025-10-29 22:04:06,255 - TopNet - INFO - 03991062	121	0.028 	42.595 	5.591 	0.000 	flowerpot	
2025-10-29 22:04:06,255 - TopNet - INFO - 03948459	62	0.127 	22.593 	1.567 	0.000 	pistol	
2025-10-29 22:04:06,255 - TopNet - INFO - 03928116	48	0.031 	39.886 	4.709 	0.000 	piano	
2025-10-29 22:04:06,255 - TopNet - INFO - 03207941	19	0.020 	38.944 	4.286 	0.000 	dishwasher	
2025-10-29 22:04:06,255 - TopNet - INFO - 04074963	14	0.075 	23.987 	1.579 	0.000 	remote	
2025-10-29 22:04:06,255 - TopNet - INFO - 03085013	13	0.155 	19.951 	1.236 	0.000 	keyboard	
2025-10-29 22:04:06,255 - TopNet - INFO - Overall		0.073 	32.526 	3.518 	0.000 	
2025-10-29 22:04:06,354 - TopNet - INFO - Save checkpoint at ./experiments/TopNet/ShapeNet55_models/TopNet_fog/ckpt-last.pth
2025-10-29 22:04:06,659 - TopNet - INFO - [Epoch 136/150][Batch 1/2622] BatchTime = 0.305 (s) DataTime = 0.073 (s) Losses = ['2.5252', '2.5252'] lr = 0.0002500
2025-10-29 22:04:33,464 - TopNet - INFO - [Epoch 136/150][Batch 101/2622] BatchTime = 0.106 (s) DataTime = 0.001 (s) Losses = ['3.1311', '3.1311'] lr = 0.0002500
2025-10-29 22:05:03,188 - TopNet - INFO - [Epoch 136/150][Batch 201/2622] BatchTime = 0.413 (s) DataTime = 0.001 (s) Losses = ['3.2017', '3.2017'] lr = 0.0002500
2025-10-29 22:05:32,704 - TopNet - INFO - [Epoch 136/150][Batch 301/2622] BatchTime = 0.286 (s) DataTime = 0.001 (s) Losses = ['2.2303', '2.2303'] lr = 0.0002500
2025-10-29 22:05:59,808 - TopNet - INFO - [Epoch 136/150][Batch 401/2622] BatchTime = 0.395 (s) DataTime = 0.001 (s) Losses = ['2.8854', '2.8854'] lr = 0.0002500
2025-10-29 22:06:28,592 - TopNet - INFO - [Epoch 136/150][Batch 501/2622] BatchTime = 0.399 (s) DataTime = 0.001 (s) Losses = ['2.4422', '2.4422'] lr = 0.0002500
2025-10-29 22:06:59,471 - TopNet - INFO - [Epoch 136/150][Batch 601/2622] BatchTime = 0.339 (s) DataTime = 0.001 (s) Losses = ['2.2200', '2.2200'] lr = 0.0002500
2025-10-29 22:07:26,016 - TopNet - INFO - [Epoch 136/150][Batch 701/2622] BatchTime = 0.446 (s) DataTime = 0.001 (s) Losses = ['2.3538', '2.3538'] lr = 0.0002500
2025-10-29 22:07:55,267 - TopNet - INFO - [Epoch 136/150][Batch 801/2622] BatchTime = 0.188 (s) DataTime = 0.001 (s) Losses = ['2.4332', '2.4332'] lr = 0.0002500
2025-10-29 22:08:22,763 - TopNet - INFO - [Epoch 136/150][Batch 901/2622] BatchTime = 0.229 (s) DataTime = 0.001 (s) Losses = ['2.7660', '2.7660'] lr = 0.0002500
2025-10-29 22:08:50,444 - TopNet - INFO - [Epoch 136/150][Batch 1001/2622] BatchTime = 0.207 (s) DataTime = 0.001 (s) Losses = ['2.5597', '2.5597'] lr = 0.0002500
2025-10-29 22:09:18,696 - TopNet - INFO - [Epoch 136/150][Batch 1101/2622] BatchTime = 0.316 (s) DataTime = 0.001 (s) Losses = ['2.6194', '2.6194'] lr = 0.0002500
2025-10-29 22:09:46,463 - TopNet - INFO - [Epoch 136/150][Batch 1201/2622] BatchTime = 0.238 (s) DataTime = 0.001 (s) Losses = ['2.5458', '2.5458'] lr = 0.0002500
2025-10-29 22:10:12,743 - TopNet - INFO - [Epoch 136/150][Batch 1301/2622] BatchTime = 0.150 (s) DataTime = 0.001 (s) Losses = ['2.2334', '2.2334'] lr = 0.0002500
2025-10-29 22:10:38,469 - TopNet - INFO - [Epoch 136/150][Batch 1401/2622] BatchTime = 0.321 (s) DataTime = 0.001 (s) Losses = ['2.4744', '2.4744'] lr = 0.0002500
2025-10-29 22:11:05,063 - TopNet - INFO - [Epoch 136/150][Batch 1501/2622] BatchTime = 0.282 (s) DataTime = 0.001 (s) Losses = ['3.2130', '3.2130'] lr = 0.0002500
2025-10-29 22:11:32,580 - TopNet - INFO - [Epoch 136/150][Batch 1601/2622] BatchTime = 0.203 (s) DataTime = 0.001 (s) Losses = ['2.6103', '2.6103'] lr = 0.0002500
2025-10-29 22:12:01,446 - TopNet - INFO - [Epoch 136/150][Batch 1701/2622] BatchTime = 0.377 (s) DataTime = 0.001 (s) Losses = ['1.9131', '1.9131'] lr = 0.0002500
2025-10-29 22:12:29,772 - TopNet - INFO - [Epoch 136/150][Batch 1801/2622] BatchTime = 0.222 (s) DataTime = 0.001 (s) Losses = ['3.0012', '3.0012'] lr = 0.0002500
2025-10-29 22:12:55,852 - TopNet - INFO - [Epoch 136/150][Batch 1901/2622] BatchTime = 0.265 (s) DataTime = 0.001 (s) Losses = ['3.3756', '3.3756'] lr = 0.0002500
2025-10-29 22:13:22,709 - TopNet - INFO - [Epoch 136/150][Batch 2001/2622] BatchTime = 0.292 (s) DataTime = 0.001 (s) Losses = ['2.8915', '2.8915'] lr = 0.0002500
2025-10-29 22:13:47,964 - TopNet - INFO - [Epoch 136/150][Batch 2101/2622] BatchTime = 0.318 (s) DataTime = 0.001 (s) Losses = ['3.1514', '3.1514'] lr = 0.0002500
2025-10-29 22:14:16,647 - TopNet - INFO - [Epoch 136/150][Batch 2201/2622] BatchTime = 0.221 (s) DataTime = 0.001 (s) Losses = ['3.0034', '3.0034'] lr = 0.0002500
2025-10-29 22:14:42,801 - TopNet - INFO - [Epoch 136/150][Batch 2301/2622] BatchTime = 0.235 (s) DataTime = 0.001 (s) Losses = ['2.2544', '2.2544'] lr = 0.0002500
2025-10-29 22:15:09,124 - TopNet - INFO - [Epoch 136/150][Batch 2401/2622] BatchTime = 0.203 (s) DataTime = 0.001 (s) Losses = ['3.5899', '3.5899'] lr = 0.0002500
2025-10-29 22:15:35,015 - TopNet - INFO - [Epoch 136/150][Batch 2501/2622] BatchTime = 0.280 (s) DataTime = 0.001 (s) Losses = ['1.9503', '1.9503'] lr = 0.0002500
2025-10-29 22:16:00,926 - TopNet - INFO - [Epoch 136/150][Batch 2601/2622] BatchTime = 0.455 (s) DataTime = 0.001 (s) Losses = ['3.1396', '3.1396'] lr = 0.0002500
2025-10-29 22:16:06,660 - TopNet - INFO - [Training] EPOCH: 136 EpochTime = 720.306 (s) Losses = ['3.0098', '3.0098']
2025-10-29 22:16:06,758 - TopNet - INFO - Save checkpoint at ./experiments/TopNet/ShapeNet55_models/TopNet_fog/ckpt-last.pth
2025-10-29 22:16:06,957 - TopNet - INFO - [Epoch 137/150][Batch 1/2622] BatchTime = 0.198 (s) DataTime = 0.074 (s) Losses = ['5.8354', '5.8354'] lr = 0.0002500
2025-10-29 22:16:34,971 - TopNet - INFO - [Epoch 137/150][Batch 101/2622] BatchTime = 0.659 (s) DataTime = 0.001 (s) Losses = ['2.6714', '2.6714'] lr = 0.0002500
2025-10-29 22:17:00,567 - TopNet - INFO - [Epoch 137/150][Batch 201/2622] BatchTime = 0.373 (s) DataTime = 0.001 (s) Losses = ['2.9081', '2.9081'] lr = 0.0002500
2025-10-29 22:17:27,421 - TopNet - INFO - [Epoch 137/150][Batch 301/2622] BatchTime = 0.211 (s) DataTime = 0.001 (s) Losses = ['2.6373', '2.6373'] lr = 0.0002500
2025-10-29 22:17:54,506 - TopNet - INFO - [Epoch 137/150][Batch 401/2622] BatchTime = 0.137 (s) DataTime = 0.001 (s) Losses = ['3.1378', '3.1378'] lr = 0.0002500
2025-10-29 22:18:23,677 - TopNet - INFO - [Epoch 137/150][Batch 501/2622] BatchTime = 0.327 (s) DataTime = 0.001 (s) Losses = ['3.2752', '3.2752'] lr = 0.0002500
2025-10-29 22:18:51,587 - TopNet - INFO - [Epoch 137/150][Batch 601/2622] BatchTime = 0.609 (s) DataTime = 0.001 (s) Losses = ['3.6352', '3.6352'] lr = 0.0002500
2025-10-29 22:19:18,744 - TopNet - INFO - [Epoch 137/150][Batch 701/2622] BatchTime = 0.245 (s) DataTime = 0.001 (s) Losses = ['2.5234', '2.5234'] lr = 0.0002500
2025-10-29 22:19:45,103 - TopNet - INFO - [Epoch 137/150][Batch 801/2622] BatchTime = 0.531 (s) DataTime = 0.001 (s) Losses = ['2.3383', '2.3383'] lr = 0.0002500
2025-10-29 22:20:15,630 - TopNet - INFO - [Epoch 137/150][Batch 901/2622] BatchTime = 0.534 (s) DataTime = 0.001 (s) Losses = ['3.0932', '3.0932'] lr = 0.0002500
2025-10-29 22:20:43,401 - TopNet - INFO - [Epoch 137/150][Batch 1001/2622] BatchTime = 0.409 (s) DataTime = 0.001 (s) Losses = ['2.7810', '2.7810'] lr = 0.0002500
2025-10-29 22:21:11,336 - TopNet - INFO - [Epoch 137/150][Batch 1101/2622] BatchTime = 0.408 (s) DataTime = 0.001 (s) Losses = ['2.5431', '2.5431'] lr = 0.0002500
2025-10-29 22:21:38,026 - TopNet - INFO - [Epoch 137/150][Batch 1201/2622] BatchTime = 0.336 (s) DataTime = 0.001 (s) Losses = ['3.9736', '3.9736'] lr = 0.0002500
2025-10-29 22:22:05,807 - TopNet - INFO - [Epoch 137/150][Batch 1301/2622] BatchTime = 0.356 (s) DataTime = 0.001 (s) Losses = ['3.1959', '3.1959'] lr = 0.0002500
2025-10-29 22:22:33,658 - TopNet - INFO - [Epoch 137/150][Batch 1401/2622] BatchTime = 0.324 (s) DataTime = 0.001 (s) Losses = ['2.0844', '2.0844'] lr = 0.0002500
2025-10-29 22:23:00,116 - TopNet - INFO - [Epoch 137/150][Batch 1501/2622] BatchTime = 0.210 (s) DataTime = 0.001 (s) Losses = ['2.7286', '2.7286'] lr = 0.0002500
2025-10-29 22:23:28,109 - TopNet - INFO - [Epoch 137/150][Batch 1601/2622] BatchTime = 0.203 (s) DataTime = 0.001 (s) Losses = ['3.7142', '3.7142'] lr = 0.0002500
2025-10-29 22:23:56,180 - TopNet - INFO - [Epoch 137/150][Batch 1701/2622] BatchTime = 0.202 (s) DataTime = 0.001 (s) Losses = ['3.1755', '3.1755'] lr = 0.0002500
2025-10-29 22:24:22,779 - TopNet - INFO - [Epoch 137/150][Batch 1801/2622] BatchTime = 0.218 (s) DataTime = 0.001 (s) Losses = ['2.9917', '2.9917'] lr = 0.0002500
2025-10-29 22:24:47,731 - TopNet - INFO - [Epoch 137/150][Batch 1901/2622] BatchTime = 0.122 (s) DataTime = 0.001 (s) Losses = ['4.0311', '4.0311'] lr = 0.0002500
2025-10-29 22:25:16,276 - TopNet - INFO - [Epoch 137/150][Batch 2001/2622] BatchTime = 0.316 (s) DataTime = 0.001 (s) Losses = ['2.7456', '2.7456'] lr = 0.0002500
2025-10-29 22:25:45,270 - TopNet - INFO - [Epoch 137/150][Batch 2101/2622] BatchTime = 0.244 (s) DataTime = 0.001 (s) Losses = ['2.5703', '2.5703'] lr = 0.0002500
2025-10-29 22:26:13,187 - TopNet - INFO - [Epoch 137/150][Batch 2201/2622] BatchTime = 0.324 (s) DataTime = 0.001 (s) Losses = ['2.5292', '2.5292'] lr = 0.0002500
2025-10-29 22:26:40,902 - TopNet - INFO - [Epoch 137/150][Batch 2301/2622] BatchTime = 0.583 (s) DataTime = 0.001 (s) Losses = ['3.1774', '3.1774'] lr = 0.0002500
2025-10-29 22:27:09,204 - TopNet - INFO - [Epoch 137/150][Batch 2401/2622] BatchTime = 0.123 (s) DataTime = 0.001 (s) Losses = ['1.9693', '1.9693'] lr = 0.0002500
2025-10-29 22:27:36,874 - TopNet - INFO - [Epoch 137/150][Batch 2501/2622] BatchTime = 0.123 (s) DataTime = 0.001 (s) Losses = ['2.2777', '2.2777'] lr = 0.0002500
2025-10-29 22:28:04,437 - TopNet - INFO - [Epoch 137/150][Batch 2601/2622] BatchTime = 0.113 (s) DataTime = 0.001 (s) Losses = ['3.3296', '3.3296'] lr = 0.0002500
2025-10-29 22:28:10,135 - TopNet - INFO - [Training] EPOCH: 137 EpochTime = 723.376 (s) Losses = ['2.9890', '2.9890']
2025-10-29 22:28:10,238 - TopNet - INFO - Save checkpoint at ./experiments/TopNet/ShapeNet55_models/TopNet_fog/ckpt-last.pth
2025-10-29 22:28:10,577 - TopNet - INFO - [Epoch 138/150][Batch 1/2622] BatchTime = 0.338 (s) DataTime = 0.081 (s) Losses = ['3.4230', '3.4230'] lr = 0.0002500
2025-10-29 22:28:36,785 - TopNet - INFO - [Epoch 138/150][Batch 101/2622] BatchTime = 0.295 (s) DataTime = 0.001 (s) Losses = ['3.2509', '3.2509'] lr = 0.0002500
2025-10-29 22:29:04,530 - TopNet - INFO - [Epoch 138/150][Batch 201/2622] BatchTime = 0.332 (s) DataTime = 0.001 (s) Losses = ['3.2222', '3.2222'] lr = 0.0002500
2025-10-29 22:29:30,827 - TopNet - INFO - [Epoch 138/150][Batch 301/2622] BatchTime = 0.196 (s) DataTime = 0.001 (s) Losses = ['2.3591', '2.3591'] lr = 0.0002500
2025-10-29 22:29:55,540 - TopNet - INFO - [Epoch 138/150][Batch 401/2622] BatchTime = 0.260 (s) DataTime = 0.001 (s) Losses = ['2.6029', '2.6029'] lr = 0.0002500
2025-10-29 22:30:20,300 - TopNet - INFO - [Epoch 138/150][Batch 501/2622] BatchTime = 0.282 (s) DataTime = 0.001 (s) Losses = ['2.2156', '2.2156'] lr = 0.0002500
2025-10-29 22:30:50,750 - TopNet - INFO - [Epoch 138/150][Batch 601/2622] BatchTime = 0.192 (s) DataTime = 0.001 (s) Losses = ['2.7805', '2.7805'] lr = 0.0002500
2025-10-29 22:31:19,198 - TopNet - INFO - [Epoch 138/150][Batch 701/2622] BatchTime = 0.120 (s) DataTime = 0.001 (s) Losses = ['2.7642', '2.7642'] lr = 0.0002500
2025-10-29 22:31:45,836 - TopNet - INFO - [Epoch 138/150][Batch 801/2622] BatchTime = 0.191 (s) DataTime = 0.001 (s) Losses = ['2.8797', '2.8797'] lr = 0.0002500
2025-10-29 22:32:13,807 - TopNet - INFO - [Epoch 138/150][Batch 901/2622] BatchTime = 0.116 (s) DataTime = 0.001 (s) Losses = ['2.5084', '2.5084'] lr = 0.0002500
2025-10-29 22:32:40,165 - TopNet - INFO - [Epoch 138/150][Batch 1001/2622] BatchTime = 0.205 (s) DataTime = 0.001 (s) Losses = ['3.1411', '3.1411'] lr = 0.0002500
2025-10-29 22:33:06,851 - TopNet - INFO - [Epoch 138/150][Batch 1101/2622] BatchTime = 0.183 (s) DataTime = 0.001 (s) Losses = ['2.4913', '2.4913'] lr = 0.0002500
2025-10-29 22:33:36,395 - TopNet - INFO - [Epoch 138/150][Batch 1201/2622] BatchTime = 0.196 (s) DataTime = 0.001 (s) Losses = ['3.2015', '3.2015'] lr = 0.0002500
2025-10-29 22:34:04,350 - TopNet - INFO - [Epoch 138/150][Batch 1301/2622] BatchTime = 0.205 (s) DataTime = 0.001 (s) Losses = ['2.6927', '2.6927'] lr = 0.0002500
2025-10-29 22:34:30,843 - TopNet - INFO - [Epoch 138/150][Batch 1401/2622] BatchTime = 0.390 (s) DataTime = 0.001 (s) Losses = ['3.5455', '3.5455'] lr = 0.0002500
2025-10-29 22:35:00,272 - TopNet - INFO - [Epoch 138/150][Batch 1501/2622] BatchTime = 0.331 (s) DataTime = 0.001 (s) Losses = ['2.7845', '2.7845'] lr = 0.0002500
2025-10-29 22:35:27,786 - TopNet - INFO - [Epoch 138/150][Batch 1601/2622] BatchTime = 0.249 (s) DataTime = 0.001 (s) Losses = ['3.1442', '3.1442'] lr = 0.0002500
2025-10-29 22:35:54,976 - TopNet - INFO - [Epoch 138/150][Batch 1701/2622] BatchTime = 0.208 (s) DataTime = 0.001 (s) Losses = ['3.2794', '3.2794'] lr = 0.0002500
2025-10-29 22:36:23,601 - TopNet - INFO - [Epoch 138/150][Batch 1801/2622] BatchTime = 0.252 (s) DataTime = 0.001 (s) Losses = ['3.2418', '3.2418'] lr = 0.0002500
2025-10-29 22:36:51,493 - TopNet - INFO - [Epoch 138/150][Batch 1901/2622] BatchTime = 0.308 (s) DataTime = 0.001 (s) Losses = ['2.3836', '2.3836'] lr = 0.0002500
2025-10-29 22:37:20,116 - TopNet - INFO - [Epoch 138/150][Batch 2001/2622] BatchTime = 0.219 (s) DataTime = 0.001 (s) Losses = ['4.0948', '4.0948'] lr = 0.0002500
2025-10-29 22:37:46,079 - TopNet - INFO - [Epoch 138/150][Batch 2101/2622] BatchTime = 0.491 (s) DataTime = 0.001 (s) Losses = ['2.9170', '2.9170'] lr = 0.0002500
2025-10-29 22:38:13,351 - TopNet - INFO - [Epoch 138/150][Batch 2201/2622] BatchTime = 0.478 (s) DataTime = 0.001 (s) Losses = ['2.3635', '2.3635'] lr = 0.0002500
2025-10-29 22:38:41,964 - TopNet - INFO - [Epoch 138/150][Batch 2301/2622] BatchTime = 0.390 (s) DataTime = 0.001 (s) Losses = ['1.8911', '1.8911'] lr = 0.0002500
2025-10-29 22:39:09,230 - TopNet - INFO - [Epoch 138/150][Batch 2401/2622] BatchTime = 0.112 (s) DataTime = 0.001 (s) Losses = ['2.1914', '2.1914'] lr = 0.0002500
2025-10-29 22:39:36,734 - TopNet - INFO - [Epoch 138/150][Batch 2501/2622] BatchTime = 0.108 (s) DataTime = 0.001 (s) Losses = ['3.3036', '3.3036'] lr = 0.0002500
2025-10-29 22:40:05,414 - TopNet - INFO - [Epoch 138/150][Batch 2601/2622] BatchTime = 0.246 (s) DataTime = 0.001 (s) Losses = ['2.1801', '2.1801'] lr = 0.0002500
2025-10-29 22:40:10,514 - TopNet - INFO - [Training] EPOCH: 138 EpochTime = 720.275 (s) Losses = ['3.0004', '3.0004']
2025-10-29 22:40:10,612 - TopNet - INFO - Save checkpoint at ./experiments/TopNet/ShapeNet55_models/TopNet_fog/ckpt-last.pth
2025-10-29 22:40:11,269 - TopNet - INFO - [Epoch 139/150][Batch 1/2622] BatchTime = 0.657 (s) DataTime = 0.074 (s) Losses = ['2.5320', '2.5320'] lr = 0.0002500
2025-10-29 22:40:38,477 - TopNet - INFO - [Epoch 139/150][Batch 101/2622] BatchTime = 0.099 (s) DataTime = 0.001 (s) Losses = ['2.4250', '2.4250'] lr = 0.0002500
2025-10-29 22:41:04,822 - TopNet - INFO - [Epoch 139/150][Batch 201/2622] BatchTime = 0.134 (s) DataTime = 0.001 (s) Losses = ['2.9319', '2.9319'] lr = 0.0002500
2025-10-29 22:41:32,329 - TopNet - INFO - [Epoch 139/150][Batch 301/2622] BatchTime = 0.129 (s) DataTime = 0.001 (s) Losses = ['2.8829', '2.8829'] lr = 0.0002500
2025-10-29 22:41:59,938 - TopNet - INFO - [Epoch 139/150][Batch 401/2622] BatchTime = 0.228 (s) DataTime = 0.001 (s) Losses = ['2.6997', '2.6997'] lr = 0.0002500
2025-10-29 22:42:26,441 - TopNet - INFO - [Epoch 139/150][Batch 501/2622] BatchTime = 0.584 (s) DataTime = 0.001 (s) Losses = ['2.4593', '2.4593'] lr = 0.0002500
2025-10-29 22:42:53,152 - TopNet - INFO - [Epoch 139/150][Batch 601/2622] BatchTime = 0.442 (s) DataTime = 0.001 (s) Losses = ['2.8650', '2.8650'] lr = 0.0002500
2025-10-29 22:43:22,578 - TopNet - INFO - [Epoch 139/150][Batch 701/2622] BatchTime = 0.275 (s) DataTime = 0.001 (s) Losses = ['3.8431', '3.8431'] lr = 0.0002500
2025-10-29 22:43:48,132 - TopNet - INFO - [Epoch 139/150][Batch 801/2622] BatchTime = 0.214 (s) DataTime = 0.001 (s) Losses = ['2.8115', '2.8115'] lr = 0.0002500
2025-10-29 22:44:14,639 - TopNet - INFO - [Epoch 139/150][Batch 901/2622] BatchTime = 0.111 (s) DataTime = 0.001 (s) Losses = ['2.3574', '2.3574'] lr = 0.0002500
2025-10-29 22:44:42,918 - TopNet - INFO - [Epoch 139/150][Batch 1001/2622] BatchTime = 0.348 (s) DataTime = 0.001 (s) Losses = ['2.5343', '2.5343'] lr = 0.0002500
2025-10-29 22:45:10,708 - TopNet - INFO - [Epoch 139/150][Batch 1101/2622] BatchTime = 0.160 (s) DataTime = 0.001 (s) Losses = ['2.9481', '2.9481'] lr = 0.0002500
2025-10-29 22:45:40,353 - TopNet - INFO - [Epoch 139/150][Batch 1201/2622] BatchTime = 0.457 (s) DataTime = 0.001 (s) Losses = ['1.9940', '1.9940'] lr = 0.0002500
2025-10-29 22:46:08,753 - TopNet - INFO - [Epoch 139/150][Batch 1301/2622] BatchTime = 0.453 (s) DataTime = 0.001 (s) Losses = ['3.8010', '3.8010'] lr = 0.0002500
2025-10-29 22:46:35,031 - TopNet - INFO - [Epoch 139/150][Batch 1401/2622] BatchTime = 0.330 (s) DataTime = 0.001 (s) Losses = ['3.0843', '3.0843'] lr = 0.0002500
2025-10-29 22:47:02,965 - TopNet - INFO - [Epoch 139/150][Batch 1501/2622] BatchTime = 0.418 (s) DataTime = 0.001 (s) Losses = ['3.6610', '3.6610'] lr = 0.0002500
2025-10-29 22:47:29,608 - TopNet - INFO - [Epoch 139/150][Batch 1601/2622] BatchTime = 0.331 (s) DataTime = 0.001 (s) Losses = ['2.8982', '2.8982'] lr = 0.0002500
2025-10-29 22:47:56,555 - TopNet - INFO - [Epoch 139/150][Batch 1701/2622] BatchTime = 0.274 (s) DataTime = 0.001 (s) Losses = ['2.7200', '2.7200'] lr = 0.0002500
2025-10-29 22:48:22,616 - TopNet - INFO - [Epoch 139/150][Batch 1801/2622] BatchTime = 0.421 (s) DataTime = 0.001 (s) Losses = ['2.2051', '2.2051'] lr = 0.0002500
2025-10-29 22:48:50,424 - TopNet - INFO - [Epoch 139/150][Batch 1901/2622] BatchTime = 0.328 (s) DataTime = 0.001 (s) Losses = ['3.2960', '3.2960'] lr = 0.0002500
2025-10-29 22:49:18,585 - TopNet - INFO - [Epoch 139/150][Batch 2001/2622] BatchTime = 0.280 (s) DataTime = 0.001 (s) Losses = ['3.0287', '3.0287'] lr = 0.0002500
2025-10-29 22:49:44,519 - TopNet - INFO - [Epoch 139/150][Batch 2101/2622] BatchTime = 0.312 (s) DataTime = 0.001 (s) Losses = ['3.6024', '3.6024'] lr = 0.0002500
2025-10-29 22:50:10,588 - TopNet - INFO - [Epoch 139/150][Batch 2201/2622] BatchTime = 0.218 (s) DataTime = 0.001 (s) Losses = ['2.6358', '2.6358'] lr = 0.0002500
2025-10-29 22:50:39,867 - TopNet - INFO - [Epoch 139/150][Batch 2301/2622] BatchTime = 0.259 (s) DataTime = 0.001 (s) Losses = ['2.7730', '2.7730'] lr = 0.0002500
2025-10-29 22:51:07,314 - TopNet - INFO - [Epoch 139/150][Batch 2401/2622] BatchTime = 0.115 (s) DataTime = 0.001 (s) Losses = ['2.4783', '2.4783'] lr = 0.0002500
2025-10-29 22:51:34,975 - TopNet - INFO - [Epoch 139/150][Batch 2501/2622] BatchTime = 0.383 (s) DataTime = 0.001 (s) Losses = ['2.4518', '2.4518'] lr = 0.0002500
2025-10-29 22:52:01,834 - TopNet - INFO - [Epoch 139/150][Batch 2601/2622] BatchTime = 0.241 (s) DataTime = 0.001 (s) Losses = ['3.2582', '3.2582'] lr = 0.0002500
2025-10-29 22:52:07,435 - TopNet - INFO - [Training] EPOCH: 139 EpochTime = 716.823 (s) Losses = ['2.9826', '2.9826']
2025-10-29 22:52:07,532 - TopNet - INFO - Save checkpoint at ./experiments/TopNet/ShapeNet55_models/TopNet_fog/ckpt-last.pth
2025-10-29 22:52:07,853 - TopNet - INFO - [Epoch 140/150][Batch 1/2622] BatchTime = 0.320 (s) DataTime = 0.072 (s) Losses = ['2.4663', '2.4663'] lr = 0.0002500
2025-10-29 22:52:34,305 - TopNet - INFO - [Epoch 140/150][Batch 101/2622] BatchTime = 0.213 (s) DataTime = 0.001 (s) Losses = ['3.2026', '3.2026'] lr = 0.0002500
2025-10-29 22:53:01,413 - TopNet - INFO - [Epoch 140/150][Batch 201/2622] BatchTime = 0.227 (s) DataTime = 0.001 (s) Losses = ['6.5631', '6.5631'] lr = 0.0002500
2025-10-29 22:53:29,315 - TopNet - INFO - [Epoch 140/150][Batch 301/2622] BatchTime = 0.235 (s) DataTime = 0.001 (s) Losses = ['2.7595', '2.7595'] lr = 0.0002500
2025-10-29 22:53:54,992 - TopNet - INFO - [Epoch 140/150][Batch 401/2622] BatchTime = 0.197 (s) DataTime = 0.001 (s) Losses = ['2.4324', '2.4324'] lr = 0.0002500
2025-10-29 22:54:24,209 - TopNet - INFO - [Epoch 140/150][Batch 501/2622] BatchTime = 0.119 (s) DataTime = 0.001 (s) Losses = ['3.3107', '3.3107'] lr = 0.0002500
2025-10-29 22:54:52,059 - TopNet - INFO - [Epoch 140/150][Batch 601/2622] BatchTime = 0.190 (s) DataTime = 0.001 (s) Losses = ['4.0790', '4.0790'] lr = 0.0002500
2025-10-29 22:55:18,998 - TopNet - INFO - [Epoch 140/150][Batch 701/2622] BatchTime = 0.112 (s) DataTime = 0.001 (s) Losses = ['3.1116', '3.1116'] lr = 0.0002500
2025-10-29 22:55:46,656 - TopNet - INFO - [Epoch 140/150][Batch 801/2622] BatchTime = 0.237 (s) DataTime = 0.001 (s) Losses = ['4.7109', '4.7109'] lr = 0.0002500
2025-10-29 22:56:14,764 - TopNet - INFO - [Epoch 140/150][Batch 901/2622] BatchTime = 0.202 (s) DataTime = 0.001 (s) Losses = ['2.7236', '2.7236'] lr = 0.0002500
2025-10-29 22:56:42,563 - TopNet - INFO - [Epoch 140/150][Batch 1001/2622] BatchTime = 0.330 (s) DataTime = 0.001 (s) Losses = ['3.1851', '3.1851'] lr = 0.0002500
2025-10-29 22:57:08,928 - TopNet - INFO - [Epoch 140/150][Batch 1101/2622] BatchTime = 0.332 (s) DataTime = 0.001 (s) Losses = ['3.0709', '3.0709'] lr = 0.0002500
2025-10-29 22:57:37,275 - TopNet - INFO - [Epoch 140/150][Batch 1201/2622] BatchTime = 0.337 (s) DataTime = 0.001 (s) Losses = ['3.3640', '3.3640'] lr = 0.0002500
2025-10-29 22:58:04,862 - TopNet - INFO - [Epoch 140/150][Batch 1301/2622] BatchTime = 0.122 (s) DataTime = 0.001 (s) Losses = ['2.9577', '2.9577'] lr = 0.0002500
2025-10-29 22:58:32,042 - TopNet - INFO - [Epoch 140/150][Batch 1401/2622] BatchTime = 0.231 (s) DataTime = 0.001 (s) Losses = ['2.0048', '2.0048'] lr = 0.0002500
2025-10-29 22:58:58,002 - TopNet - INFO - [Epoch 140/150][Batch 1501/2622] BatchTime = 0.218 (s) DataTime = 0.001 (s) Losses = ['3.4011', '3.4011'] lr = 0.0002500
2025-10-29 22:59:24,867 - TopNet - INFO - [Epoch 140/150][Batch 1601/2622] BatchTime = 0.236 (s) DataTime = 0.001 (s) Losses = ['2.7959', '2.7959'] lr = 0.0002500
2025-10-29 22:59:50,403 - TopNet - INFO - [Epoch 140/150][Batch 1701/2622] BatchTime = 0.211 (s) DataTime = 0.001 (s) Losses = ['3.3044', '3.3044'] lr = 0.0002500
2025-10-29 23:00:16,467 - TopNet - INFO - [Epoch 140/150][Batch 1801/2622] BatchTime = 0.144 (s) DataTime = 0.001 (s) Losses = ['3.1720', '3.1720'] lr = 0.0002500
2025-10-29 23:00:44,808 - TopNet - INFO - [Epoch 140/150][Batch 1901/2622] BatchTime = 0.229 (s) DataTime = 0.001 (s) Losses = ['2.5773', '2.5773'] lr = 0.0002500
2025-10-29 23:01:12,291 - TopNet - INFO - [Epoch 140/150][Batch 2001/2622] BatchTime = 0.212 (s) DataTime = 0.001 (s) Losses = ['2.0586', '2.0586'] lr = 0.0002500
2025-10-29 23:01:38,360 - TopNet - INFO - [Epoch 140/150][Batch 2101/2622] BatchTime = 0.280 (s) DataTime = 0.001 (s) Losses = ['3.7997', '3.7997'] lr = 0.0002500
2025-10-29 23:02:05,353 - TopNet - INFO - [Epoch 140/150][Batch 2201/2622] BatchTime = 0.115 (s) DataTime = 0.001 (s) Losses = ['3.3334', '3.3334'] lr = 0.0002500
2025-10-29 23:02:31,895 - TopNet - INFO - [Epoch 140/150][Batch 2301/2622] BatchTime = 0.296 (s) DataTime = 0.001 (s) Losses = ['3.0889', '3.0889'] lr = 0.0002500
2025-10-29 23:02:58,777 - TopNet - INFO - [Epoch 140/150][Batch 2401/2622] BatchTime = 0.120 (s) DataTime = 0.001 (s) Losses = ['3.6450', '3.6450'] lr = 0.0002500
2025-10-29 23:03:27,612 - TopNet - INFO - [Epoch 140/150][Batch 2501/2622] BatchTime = 0.349 (s) DataTime = 0.001 (s) Losses = ['2.2671', '2.2671'] lr = 0.0002500
2025-10-29 23:03:54,041 - TopNet - INFO - [Epoch 140/150][Batch 2601/2622] BatchTime = 0.341 (s) DataTime = 0.001 (s) Losses = ['3.8328', '3.8328'] lr = 0.0002500
2025-10-29 23:03:59,650 - TopNet - INFO - [Training] EPOCH: 140 EpochTime = 712.118 (s) Losses = ['3.0078', '3.0078']
2025-10-29 23:03:59,651 - TopNet - INFO - [VALIDATION] Start validating epoch 140
2025-10-29 23:04:40,598 - TopNet - INFO - Test[1051/10518] Taxonomy = 02691156 Sample = c7749c0a8b61f43bc9b9e28055202e3d Losses = ['27.6084', '2.1325', '27.6084', '2.1325'] Metrics = ['0.0932', '27.6084', '2.1325', '0.0000']
2025-10-29 23:05:20,471 - TopNet - INFO - Test[2102/10518] Taxonomy = 03211117 Sample = ab2f9418c111cc6ddb965514105122a4 Losses = ['20.4965', '1.3404', '20.4965', '1.3404'] Metrics = ['0.1658', '20.4965', '1.3404', '0.0000']
2025-10-29 23:05:57,128 - TopNet - INFO - Test[3153/10518] Taxonomy = 02876657 Sample = c5032e4be091aabb36fe7a88df793982 Losses = ['43.2130', '5.4137', '43.2130', '5.4137'] Metrics = ['0.0252', '43.2130', '5.4137', '0.0000']
2025-10-29 23:06:35,290 - TopNet - INFO - Test[4204/10518] Taxonomy = 03211117 Sample = 722df1da5778d45b1e43523279c7f09f Losses = ['31.1911', '2.9443', '31.1911', '2.9443'] Metrics = ['0.0334', '31.1911', '2.9443', '0.0000']
2025-10-29 23:07:14,420 - TopNet - INFO - Test[5255/10518] Taxonomy = 02828884 Sample = 14b63361a48a9fffe4a048c146e8bd43 Losses = ['36.6214', '3.5235', '36.6214', '3.5235'] Metrics = ['0.0418', '36.6214', '3.5235', '0.0000']
2025-10-29 23:07:52,927 - TopNet - INFO - Test[6306/10518] Taxonomy = 03211117 Sample = d330d50a0255529d19ed6e1a590c9122 Losses = ['33.8745', '2.9974', '33.8745', '2.9974'] Metrics = ['0.0468', '33.8745', '2.9974', '0.0000']
2025-10-29 23:08:32,193 - TopNet - INFO - Test[7357/10518] Taxonomy = 04379243 Sample = b1ca280d9567270ade98d10ab5975b59 Losses = ['33.1094', '4.2005', '33.1094', '4.2005'] Metrics = ['0.0464', '33.1094', '4.2005', '0.0000']
2025-10-29 23:09:09,781 - TopNet - INFO - Test[8408/10518] Taxonomy = 03001627 Sample = 89208a619341d9fdb8c516ed5c4ce32 Losses = ['32.9520', '2.7071', '32.9520', '2.7071'] Metrics = ['0.0195', '32.9520', '2.7071', '0.0000']
2025-10-29 23:09:48,907 - TopNet - INFO - Test[9459/10518] Taxonomy = 03001627 Sample = d0255120e3351121c3bd24f986301745 Losses = ['34.3417', '3.4634', '34.3417', '3.4634'] Metrics = ['0.0425', '34.3417', '3.4634', '0.0000']
2025-10-29 23:10:26,176 - TopNet - INFO - Test[10510/10518] Taxonomy = 03636649 Sample = ea9ec4d9db2e06202471e6dd5ac3ef92 Losses = ['22.9904', '1.5420', '22.9904', '1.5420'] Metrics = ['0.1167', '22.9904', '1.5420', '0.0000']
2025-10-29 23:10:26,409 - TopNet - INFO - [Validation] EPOCH: 140  Metrics = ['0.0719', '34.3178', '3.8394', '0.0000']
2025-10-29 23:10:26,409 - TopNet - INFO - ============================ TEST RESULTS ============================
2025-10-29 23:10:26,409 - TopNet - INFO - Taxonomy	#Sample	F-Score	CDL1	CDL2	EMDistance	#ModelName	
2025-10-29 23:10:26,409 - TopNet - INFO - 03759954	14	0.096 	35.239 	5.198 	0.000 	microphone	
2025-10-29 23:10:26,409 - TopNet - INFO - 04330267	44	0.036 	37.585 	4.154 	0.000 	stove	
2025-10-29 23:10:26,409 - TopNet - INFO - 03261776	15	0.044 	43.093 	7.463 	0.000 	earphone	
2025-10-29 23:10:26,409 - TopNet - INFO - 03513137	33	0.010 	56.071 	9.252 	0.000 	helmet	
2025-10-29 23:10:26,409 - TopNet - INFO - 04460130	27	0.063 	32.705 	3.376 	0.000 	tower	
2025-10-29 23:10:26,409 - TopNet - INFO - 04468005	78	0.095 	26.270 	2.062 	0.000 	train	
2025-10-29 23:10:26,409 - TopNet - INFO - 03761084	31	0.016 	42.389 	4.952 	0.000 	microwaves	
2025-10-29 23:10:26,409 - TopNet - INFO - 04004475	34	0.026 	43.291 	5.573 	0.000 	printer	
2025-10-29 23:10:26,409 - TopNet - INFO - 03938244	20	0.025 	46.609 	6.289 	0.000 	pillow	
2025-10-29 23:10:26,409 - TopNet - INFO - 02992529	167	0.086 	23.924 	1.569 	0.000 	cellphone	
2025-10-29 23:10:26,409 - TopNet - INFO - 02808440	172	0.036 	36.022 	3.894 	0.000 	bathtub	
2025-10-29 23:10:26,410 - TopNet - INFO - 04530566	388	0.118 	25.110 	2.070 	0.000 	watercraft	
2025-10-29 23:10:26,410 - TopNet - INFO - 02871439	91	0.039 	33.864 	3.461 	0.000 	bookshelf	
2025-10-29 23:10:26,410 - TopNet - INFO - 03593526	120	0.028 	44.302 	5.923 	0.000 	jar	
2025-10-29 23:10:26,410 - TopNet - INFO - 04554684	34	0.010 	44.080 	5.050 	0.000 	washer	
2025-10-29 23:10:26,410 - TopNet - INFO - 03467517	160	0.349 	14.615 	0.689 	0.000 	guitar	
2025-10-29 23:10:26,410 - TopNet - INFO - 04401088	218	0.093 	23.353 	1.555 	0.000 	telephone	
2025-10-29 23:10:26,410 - TopNet - INFO - 02954340	12	0.014 	47.068 	6.607 	0.000 	cap	
2025-10-29 23:10:26,410 - TopNet - INFO - 02933112	315	0.033 	33.270 	3.092 	0.000 	cabinet	
2025-10-29 23:10:26,410 - TopNet - INFO - 03642806	92	0.085 	24.381 	1.710 	0.000 	laptop	
2025-10-29 23:10:26,410 - TopNet - INFO - 02924116	188	0.062 	29.118 	2.437 	0.000 	bus	
2025-10-29 23:10:26,410 - TopNet - INFO - 02946921	22	0.007 	50.476 	6.336 	0.000 	can	
2025-10-29 23:10:26,410 - TopNet - INFO - 02818832	47	0.035 	40.923 	5.376 	0.000 	bed	
2025-10-29 23:10:26,410 - TopNet - INFO - 04256520	635	0.035 	33.865 	3.155 	0.000 	sofa	
2025-10-29 23:10:26,410 - TopNet - INFO - 04379243	1687	0.092 	29.139 	2.989 	0.000 	table	
2025-10-29 23:10:26,410 - TopNet - INFO - 02747177	69	0.016 	41.152 	4.625 	0.000 	trash bin	
2025-10-29 23:10:26,410 - TopNet - INFO - 03046257	131	0.044 	34.996 	3.690 	0.000 	clock	
2025-10-29 23:10:26,410 - TopNet - INFO - 04225987	31	0.147 	22.510 	1.713 	0.000 	skateboard	
2025-10-29 23:10:26,410 - TopNet - INFO - 03797390	43	0.015 	42.319 	5.052 	0.000 	mug	
2025-10-29 23:10:26,410 - TopNet - INFO - 03001627	1356	0.051 	32.987 	3.353 	0.000 	chair	
2025-10-29 23:10:26,410 - TopNet - INFO - 03691459	320	0.024 	41.083 	4.842 	0.000 	loudspeaker	
2025-10-29 23:10:26,410 - TopNet - INFO - 02942699	23	0.017 	50.489 	7.611 	0.000 	camera	
2025-10-29 23:10:26,410 - TopNet - INFO - 03636649	464	0.085 	35.614 	4.827 	0.000 	lamp	
2025-10-29 23:10:26,410 - TopNet - INFO - 02691156	809	0.184 	21.163 	1.545 	0.000 	airplane	
2025-10-29 23:10:26,410 - TopNet - INFO - 02773838	17	0.046 	36.097 	4.336 	0.000 	bag	
2025-10-29 23:10:26,410 - TopNet - INFO - 02958343	703	0.051 	29.256 	2.425 	0.000 	car	
2025-10-29 23:10:26,410 - TopNet - INFO - 02880940	38	0.021 	41.480 	5.246 	0.000 	bowl	
2025-10-29 23:10:26,410 - TopNet - INFO - 04099429	17	0.213 	21.029 	1.565 	0.000 	rocket	
2025-10-29 23:10:26,410 - TopNet - INFO - 02828884	363	0.114 	26.454 	2.400 	0.000 	bench	
2025-10-29 23:10:26,410 - TopNet - INFO - 04090263	475	0.330 	16.735 	1.047 	0.000 	rifle	
2025-10-29 23:10:26,410 - TopNet - INFO - 03211117	219	0.060 	30.430 	2.797 	0.000 	display	
2025-10-29 23:10:26,410 - TopNet - INFO - 02876657	100	0.043 	34.379 	3.330 	0.000 	bottle	
2025-10-29 23:10:26,410 - TopNet - INFO - 03710193	19	0.056 	34.070 	3.349 	0.000 	mailbox	
2025-10-29 23:10:26,410 - TopNet - INFO - 03790512	68	0.063 	29.915 	2.706 	0.000 	motorbike	
2025-10-29 23:10:26,410 - TopNet - INFO - 03325088	149	0.048 	38.022 	4.900 	0.000 	faucet	
2025-10-29 23:10:26,410 - TopNet - INFO - 02801938	23	0.025 	41.701 	4.971 	0.000 	basket	
2025-10-29 23:10:26,410 - TopNet - INFO - 03337140	60	0.026 	36.355 	3.718 	0.000 	file cabinet	
2025-10-29 23:10:26,410 - TopNet - INFO - 02843684	15	0.026 	40.328 	5.079 	0.000 	birdhouse	
2025-10-29 23:10:26,410 - TopNet - INFO - 03624134	85	0.304 	16.039 	0.921 	0.000 	knife	
2025-10-29 23:10:26,410 - TopNet - INFO - 03991062	121	0.026 	43.429 	5.801 	0.000 	flowerpot	
2025-10-29 23:10:26,410 - TopNet - INFO - 03948459	62	0.142 	22.079 	1.469 	0.000 	pistol	
2025-10-29 23:10:26,410 - TopNet - INFO - 03928116	48	0.035 	39.257 	4.821 	0.000 	piano	
2025-10-29 23:10:26,410 - TopNet - INFO - 03207941	19	0.013 	42.975 	5.114 	0.000 	dishwasher	
2025-10-29 23:10:26,410 - TopNet - INFO - 04074963	14	0.055 	27.217 	2.230 	0.000 	remote	
2025-10-29 23:10:26,411 - TopNet - INFO - 03085013	13	0.142 	21.154 	1.455 	0.000 	keyboard	
2025-10-29 23:10:26,411 - TopNet - INFO - Overall		0.072 	34.318 	3.839 	0.000 	
2025-10-29 23:10:26,509 - TopNet - INFO - Save checkpoint at ./experiments/TopNet/ShapeNet55_models/TopNet_fog/ckpt-last.pth
2025-10-29 23:10:26,700 - TopNet - INFO - [Epoch 141/150][Batch 1/2622] BatchTime = 0.191 (s) DataTime = 0.071 (s) Losses = ['3.3071', '3.3071'] lr = 0.0002500
2025-10-29 23:10:52,963 - TopNet - INFO - [Epoch 141/150][Batch 101/2622] BatchTime = 0.128 (s) DataTime = 0.001 (s) Losses = ['3.8310', '3.8310'] lr = 0.0002500
2025-10-29 23:11:21,595 - TopNet - INFO - [Epoch 141/150][Batch 201/2622] BatchTime = 0.122 (s) DataTime = 0.001 (s) Losses = ['3.5841', '3.5841'] lr = 0.0002500
2025-10-29 23:11:48,884 - TopNet - INFO - [Epoch 141/150][Batch 301/2622] BatchTime = 0.200 (s) DataTime = 0.001 (s) Losses = ['3.0912', '3.0912'] lr = 0.0002500
2025-10-29 23:12:17,031 - TopNet - INFO - [Epoch 141/150][Batch 401/2622] BatchTime = 0.424 (s) DataTime = 0.001 (s) Losses = ['3.0740', '3.0740'] lr = 0.0002500
2025-10-29 23:12:45,542 - TopNet - INFO - [Epoch 141/150][Batch 501/2622] BatchTime = 0.209 (s) DataTime = 0.001 (s) Losses = ['2.6946', '2.6946'] lr = 0.0002500
2025-10-29 23:13:11,634 - TopNet - INFO - [Epoch 141/150][Batch 601/2622] BatchTime = 0.224 (s) DataTime = 0.001 (s) Losses = ['2.5546', '2.5546'] lr = 0.0002500
2025-10-29 23:13:40,028 - TopNet - INFO - [Epoch 141/150][Batch 701/2622] BatchTime = 0.215 (s) DataTime = 0.001 (s) Losses = ['3.0510', '3.0510'] lr = 0.0002500
2025-10-29 23:14:07,973 - TopNet - INFO - [Epoch 141/150][Batch 801/2622] BatchTime = 0.611 (s) DataTime = 0.001 (s) Losses = ['3.0223', '3.0223'] lr = 0.0002500
2025-10-29 23:14:34,769 - TopNet - INFO - [Epoch 141/150][Batch 901/2622] BatchTime = 0.106 (s) DataTime = 0.001 (s) Losses = ['3.6417', '3.6417'] lr = 0.0002500
2025-10-29 23:15:02,161 - TopNet - INFO - [Epoch 141/150][Batch 1001/2622] BatchTime = 0.436 (s) DataTime = 0.001 (s) Losses = ['3.5062', '3.5062'] lr = 0.0002500
2025-10-29 23:15:29,469 - TopNet - INFO - [Epoch 141/150][Batch 1101/2622] BatchTime = 0.206 (s) DataTime = 0.001 (s) Losses = ['2.9929', '2.9929'] lr = 0.0002500
2025-10-29 23:15:58,668 - TopNet - INFO - [Epoch 141/150][Batch 1201/2622] BatchTime = 0.200 (s) DataTime = 0.001 (s) Losses = ['3.5782', '3.5782'] lr = 0.0002500
2025-10-29 23:16:27,009 - TopNet - INFO - [Epoch 141/150][Batch 1301/2622] BatchTime = 0.331 (s) DataTime = 0.001 (s) Losses = ['4.5338', '4.5338'] lr = 0.0002500
2025-10-29 23:16:52,816 - TopNet - INFO - [Epoch 141/150][Batch 1401/2622] BatchTime = 0.131 (s) DataTime = 0.001 (s) Losses = ['2.5084', '2.5084'] lr = 0.0002500
2025-10-29 23:17:19,004 - TopNet - INFO - [Epoch 141/150][Batch 1501/2622] BatchTime = 0.421 (s) DataTime = 0.001 (s) Losses = ['2.5483', '2.5483'] lr = 0.0002500
2025-10-29 23:17:48,842 - TopNet - INFO - [Epoch 141/150][Batch 1601/2622] BatchTime = 0.294 (s) DataTime = 0.001 (s) Losses = ['3.2548', '3.2548'] lr = 0.0002500
2025-10-29 23:18:16,188 - TopNet - INFO - [Epoch 141/150][Batch 1701/2622] BatchTime = 0.355 (s) DataTime = 0.001 (s) Losses = ['2.6390', '2.6390'] lr = 0.0002500
2025-10-29 23:18:43,460 - TopNet - INFO - [Epoch 141/150][Batch 1801/2622] BatchTime = 0.117 (s) DataTime = 0.001 (s) Losses = ['2.8949', '2.8949'] lr = 0.0002500
2025-10-29 23:19:09,250 - TopNet - INFO - [Epoch 141/150][Batch 1901/2622] BatchTime = 0.194 (s) DataTime = 0.001 (s) Losses = ['3.9304', '3.9304'] lr = 0.0002500
2025-10-29 23:19:38,596 - TopNet - INFO - [Epoch 141/150][Batch 2001/2622] BatchTime = 0.117 (s) DataTime = 0.001 (s) Losses = ['4.1982', '4.1982'] lr = 0.0002500
2025-10-29 23:20:05,391 - TopNet - INFO - [Epoch 141/150][Batch 2101/2622] BatchTime = 0.356 (s) DataTime = 0.001 (s) Losses = ['3.1184', '3.1184'] lr = 0.0002500
2025-10-29 23:20:32,744 - TopNet - INFO - [Epoch 141/150][Batch 2201/2622] BatchTime = 0.573 (s) DataTime = 0.001 (s) Losses = ['3.4944', '3.4944'] lr = 0.0002500
2025-10-29 23:21:00,533 - TopNet - INFO - [Epoch 141/150][Batch 2301/2622] BatchTime = 0.348 (s) DataTime = 0.001 (s) Losses = ['2.6270', '2.6270'] lr = 0.0002500
2025-10-29 23:21:28,453 - TopNet - INFO - [Epoch 141/150][Batch 2401/2622] BatchTime = 0.314 (s) DataTime = 0.001 (s) Losses = ['3.0398', '3.0398'] lr = 0.0002500
2025-10-29 23:21:56,436 - TopNet - INFO - [Epoch 141/150][Batch 2501/2622] BatchTime = 0.559 (s) DataTime = 0.001 (s) Losses = ['3.2823', '3.2823'] lr = 0.0002500
2025-10-29 23:22:26,618 - TopNet - INFO - [Epoch 141/150][Batch 2601/2622] BatchTime = 0.105 (s) DataTime = 0.001 (s) Losses = ['3.2126', '3.2126'] lr = 0.0002500
2025-10-29 23:22:32,176 - TopNet - INFO - [Training] EPOCH: 141 EpochTime = 725.667 (s) Losses = ['3.0086', '3.0086']
2025-10-29 23:22:32,273 - TopNet - INFO - Save checkpoint at ./experiments/TopNet/ShapeNet55_models/TopNet_fog/ckpt-last.pth
2025-10-29 23:22:32,768 - TopNet - INFO - [Epoch 142/150][Batch 1/2622] BatchTime = 0.494 (s) DataTime = 0.071 (s) Losses = ['2.9772', '2.9772'] lr = 0.0002500
2025-10-29 23:22:57,472 - TopNet - INFO - [Epoch 142/150][Batch 101/2622] BatchTime = 0.303 (s) DataTime = 0.001 (s) Losses = ['2.1274', '2.1274'] lr = 0.0002500
2025-10-29 23:23:25,729 - TopNet - INFO - [Epoch 142/150][Batch 201/2622] BatchTime = 0.129 (s) DataTime = 0.001 (s) Losses = ['2.8676', '2.8676'] lr = 0.0002500
2025-10-29 23:23:53,397 - TopNet - INFO - [Epoch 142/150][Batch 301/2622] BatchTime = 0.216 (s) DataTime = 0.001 (s) Losses = ['3.0707', '3.0707'] lr = 0.0002500
2025-10-29 23:24:21,001 - TopNet - INFO - [Epoch 142/150][Batch 401/2622] BatchTime = 0.338 (s) DataTime = 0.001 (s) Losses = ['2.4815', '2.4815'] lr = 0.0002500
2025-10-29 23:24:48,102 - TopNet - INFO - [Epoch 142/150][Batch 501/2622] BatchTime = 0.402 (s) DataTime = 0.001 (s) Losses = ['2.4220', '2.4220'] lr = 0.0002500
2025-10-29 23:25:17,164 - TopNet - INFO - [Epoch 142/150][Batch 601/2622] BatchTime = 0.109 (s) DataTime = 0.001 (s) Losses = ['3.1757', '3.1757'] lr = 0.0002500
2025-10-29 23:25:47,148 - TopNet - INFO - [Epoch 142/150][Batch 701/2622] BatchTime = 0.224 (s) DataTime = 0.001 (s) Losses = ['2.4129', '2.4129'] lr = 0.0002500
2025-10-29 23:26:15,465 - TopNet - INFO - [Epoch 142/150][Batch 801/2622] BatchTime = 0.201 (s) DataTime = 0.001 (s) Losses = ['2.4003', '2.4003'] lr = 0.0002500
2025-10-29 23:26:41,730 - TopNet - INFO - [Epoch 142/150][Batch 901/2622] BatchTime = 0.212 (s) DataTime = 0.001 (s) Losses = ['3.3521', '3.3521'] lr = 0.0002500
2025-10-29 23:27:09,549 - TopNet - INFO - [Epoch 142/150][Batch 1001/2622] BatchTime = 0.142 (s) DataTime = 0.001 (s) Losses = ['2.8871', '2.8871'] lr = 0.0002500
2025-10-29 23:27:35,403 - TopNet - INFO - [Epoch 142/150][Batch 1101/2622] BatchTime = 0.212 (s) DataTime = 0.001 (s) Losses = ['3.7597', '3.7597'] lr = 0.0002500
2025-10-29 23:28:06,527 - TopNet - INFO - [Epoch 142/150][Batch 1201/2622] BatchTime = 0.309 (s) DataTime = 0.001 (s) Losses = ['2.6933', '2.6933'] lr = 0.0002500
2025-10-29 23:28:33,920 - TopNet - INFO - [Epoch 142/150][Batch 1301/2622] BatchTime = 0.255 (s) DataTime = 0.001 (s) Losses = ['2.7162', '2.7162'] lr = 0.0002500
2025-10-29 23:29:01,326 - TopNet - INFO - [Epoch 142/150][Batch 1401/2622] BatchTime = 0.143 (s) DataTime = 0.001 (s) Losses = ['2.5415', '2.5415'] lr = 0.0002500
2025-10-29 23:29:29,637 - TopNet - INFO - [Epoch 142/150][Batch 1501/2622] BatchTime = 0.398 (s) DataTime = 0.001 (s) Losses = ['4.9307', '4.9307'] lr = 0.0002500
2025-10-29 23:29:54,506 - TopNet - INFO - [Epoch 142/150][Batch 1601/2622] BatchTime = 0.360 (s) DataTime = 0.001 (s) Losses = ['3.0180', '3.0180'] lr = 0.0002500
2025-10-29 23:30:20,680 - TopNet - INFO - [Epoch 142/150][Batch 1701/2622] BatchTime = 0.238 (s) DataTime = 0.001 (s) Losses = ['2.9868', '2.9868'] lr = 0.0002500
2025-10-29 23:30:50,873 - TopNet - INFO - [Epoch 142/150][Batch 1801/2622] BatchTime = 0.412 (s) DataTime = 0.001 (s) Losses = ['3.1326', '3.1326'] lr = 0.0002500
2025-10-29 23:31:17,240 - TopNet - INFO - [Epoch 142/150][Batch 1901/2622] BatchTime = 0.208 (s) DataTime = 0.001 (s) Losses = ['4.5991', '4.5991'] lr = 0.0002500
2025-10-29 23:31:44,588 - TopNet - INFO - [Epoch 142/150][Batch 2001/2622] BatchTime = 0.580 (s) DataTime = 0.001 (s) Losses = ['2.8369', '2.8369'] lr = 0.0002500
2025-10-29 23:32:11,121 - TopNet - INFO - [Epoch 142/150][Batch 2101/2622] BatchTime = 0.728 (s) DataTime = 0.001 (s) Losses = ['3.0994', '3.0994'] lr = 0.0002500
2025-10-29 23:32:38,463 - TopNet - INFO - [Epoch 142/150][Batch 2201/2622] BatchTime = 0.111 (s) DataTime = 0.001 (s) Losses = ['2.3590', '2.3590'] lr = 0.0002500
2025-10-29 23:33:05,963 - TopNet - INFO - [Epoch 142/150][Batch 2301/2622] BatchTime = 0.283 (s) DataTime = 0.001 (s) Losses = ['2.7708', '2.7708'] lr = 0.0002500
2025-10-29 23:33:32,778 - TopNet - INFO - [Epoch 142/150][Batch 2401/2622] BatchTime = 0.401 (s) DataTime = 0.001 (s) Losses = ['3.5082', '3.5082'] lr = 0.0002500
2025-10-29 23:34:00,061 - TopNet - INFO - [Epoch 142/150][Batch 2501/2622] BatchTime = 0.348 (s) DataTime = 0.001 (s) Losses = ['2.6940', '2.6940'] lr = 0.0002500
2025-10-29 23:34:27,316 - TopNet - INFO - [Epoch 142/150][Batch 2601/2622] BatchTime = 0.116 (s) DataTime = 0.001 (s) Losses = ['2.9779', '2.9779'] lr = 0.0002500
2025-10-29 23:34:33,584 - TopNet - INFO - [Training] EPOCH: 142 EpochTime = 721.310 (s) Losses = ['3.0069', '3.0069']
2025-10-29 23:34:33,681 - TopNet - INFO - Save checkpoint at ./experiments/TopNet/ShapeNet55_models/TopNet_fog/ckpt-last.pth
2025-10-29 23:34:33,956 - TopNet - INFO - [Epoch 143/150][Batch 1/2622] BatchTime = 0.275 (s) DataTime = 0.072 (s) Losses = ['2.6862', '2.6862'] lr = 0.0002500
2025-10-29 23:35:02,309 - TopNet - INFO - [Epoch 143/150][Batch 101/2622] BatchTime = 0.113 (s) DataTime = 0.001 (s) Losses = ['3.7967', '3.7967'] lr = 0.0002500
2025-10-29 23:35:30,367 - TopNet - INFO - [Epoch 143/150][Batch 201/2622] BatchTime = 0.247 (s) DataTime = 0.001 (s) Losses = ['3.2741', '3.2741'] lr = 0.0002500
2025-10-29 23:35:56,113 - TopNet - INFO - [Epoch 143/150][Batch 301/2622] BatchTime = 0.218 (s) DataTime = 0.001 (s) Losses = ['2.6663', '2.6663'] lr = 0.0002500
2025-10-29 23:36:23,800 - TopNet - INFO - [Epoch 143/150][Batch 401/2622] BatchTime = 0.381 (s) DataTime = 0.001 (s) Losses = ['2.6233', '2.6233'] lr = 0.0002500
2025-10-29 23:36:52,228 - TopNet - INFO - [Epoch 143/150][Batch 501/2622] BatchTime = 0.137 (s) DataTime = 0.001 (s) Losses = ['2.9836', '2.9836'] lr = 0.0002500
2025-10-29 23:37:18,458 - TopNet - INFO - [Epoch 143/150][Batch 601/2622] BatchTime = 0.339 (s) DataTime = 0.001 (s) Losses = ['2.8761', '2.8761'] lr = 0.0002500
2025-10-29 23:37:48,219 - TopNet - INFO - [Epoch 143/150][Batch 701/2622] BatchTime = 0.592 (s) DataTime = 0.001 (s) Losses = ['3.1751', '3.1751'] lr = 0.0002500
2025-10-29 23:38:14,949 - TopNet - INFO - [Epoch 143/150][Batch 801/2622] BatchTime = 0.228 (s) DataTime = 0.001 (s) Losses = ['4.0174', '4.0174'] lr = 0.0002500
2025-10-29 23:38:40,913 - TopNet - INFO - [Epoch 143/150][Batch 901/2622] BatchTime = 0.362 (s) DataTime = 0.001 (s) Losses = ['3.1045', '3.1045'] lr = 0.0002500
2025-10-29 23:39:09,746 - TopNet - INFO - [Epoch 143/150][Batch 1001/2622] BatchTime = 0.151 (s) DataTime = 0.001 (s) Losses = ['3.8229', '3.8229'] lr = 0.0002500
2025-10-29 23:39:35,263 - TopNet - INFO - [Epoch 143/150][Batch 1101/2622] BatchTime = 0.191 (s) DataTime = 0.001 (s) Losses = ['2.5040', '2.5040'] lr = 0.0002500
2025-10-29 23:40:01,598 - TopNet - INFO - [Epoch 143/150][Batch 1201/2622] BatchTime = 0.119 (s) DataTime = 0.001 (s) Losses = ['2.4145', '2.4145'] lr = 0.0002500
2025-10-29 23:40:29,423 - TopNet - INFO - [Epoch 143/150][Batch 1301/2622] BatchTime = 0.388 (s) DataTime = 0.001 (s) Losses = ['2.7075', '2.7075'] lr = 0.0002500
2025-10-29 23:40:57,008 - TopNet - INFO - [Epoch 143/150][Batch 1401/2622] BatchTime = 0.428 (s) DataTime = 0.001 (s) Losses = ['2.6173', '2.6173'] lr = 0.0002500
2025-10-29 23:41:26,557 - TopNet - INFO - [Epoch 143/150][Batch 1501/2622] BatchTime = 0.309 (s) DataTime = 0.001 (s) Losses = ['2.5843', '2.5843'] lr = 0.0002500
2025-10-29 23:41:54,399 - TopNet - INFO - [Epoch 143/150][Batch 1601/2622] BatchTime = 0.384 (s) DataTime = 0.001 (s) Losses = ['3.6713', '3.6713'] lr = 0.0002500
2025-10-29 23:42:22,595 - TopNet - INFO - [Epoch 143/150][Batch 1701/2622] BatchTime = 0.358 (s) DataTime = 0.001 (s) Losses = ['2.5732', '2.5732'] lr = 0.0002500
2025-10-29 23:42:49,784 - TopNet - INFO - [Epoch 143/150][Batch 1801/2622] BatchTime = 0.371 (s) DataTime = 0.001 (s) Losses = ['3.6707', '3.6707'] lr = 0.0002500
2025-10-29 23:43:18,126 - TopNet - INFO - [Epoch 143/150][Batch 1901/2622] BatchTime = 0.110 (s) DataTime = 0.001 (s) Losses = ['2.9062', '2.9062'] lr = 0.0002500
2025-10-29 23:43:44,527 - TopNet - INFO - [Epoch 143/150][Batch 2001/2622] BatchTime = 0.312 (s) DataTime = 0.001 (s) Losses = ['3.1184', '3.1184'] lr = 0.0002500
2025-10-29 23:44:12,345 - TopNet - INFO - [Epoch 143/150][Batch 2101/2622] BatchTime = 0.516 (s) DataTime = 0.001 (s) Losses = ['2.6805', '2.6805'] lr = 0.0002500
2025-10-29 23:44:40,561 - TopNet - INFO - [Epoch 143/150][Batch 2201/2622] BatchTime = 0.219 (s) DataTime = 0.001 (s) Losses = ['4.5388', '4.5388'] lr = 0.0002500
2025-10-29 23:45:06,882 - TopNet - INFO - [Epoch 143/150][Batch 2301/2622] BatchTime = 0.361 (s) DataTime = 0.001 (s) Losses = ['2.3527', '2.3527'] lr = 0.0002500
2025-10-29 23:45:35,458 - TopNet - INFO - [Epoch 143/150][Batch 2401/2622] BatchTime = 0.397 (s) DataTime = 0.001 (s) Losses = ['3.7725', '3.7725'] lr = 0.0002500
2025-10-29 23:46:02,881 - TopNet - INFO - [Epoch 143/150][Batch 2501/2622] BatchTime = 0.221 (s) DataTime = 0.001 (s) Losses = ['2.4397', '2.4397'] lr = 0.0002500
2025-10-29 23:46:29,537 - TopNet - INFO - [Epoch 143/150][Batch 2601/2622] BatchTime = 0.308 (s) DataTime = 0.001 (s) Losses = ['3.0872', '3.0872'] lr = 0.0002500
2025-10-29 23:46:35,116 - TopNet - INFO - [Training] EPOCH: 143 EpochTime = 721.435 (s) Losses = ['2.9932', '2.9932']
2025-10-29 23:46:35,206 - TopNet - INFO - Save checkpoint at ./experiments/TopNet/ShapeNet55_models/TopNet_fog/ckpt-last.pth
2025-10-29 23:46:35,404 - TopNet - INFO - [Epoch 144/150][Batch 1/2622] BatchTime = 0.198 (s) DataTime = 0.072 (s) Losses = ['2.9678', '2.9678'] lr = 0.0002500
2025-10-29 23:47:02,292 - TopNet - INFO - [Epoch 144/150][Batch 101/2622] BatchTime = 0.395 (s) DataTime = 0.001 (s) Losses = ['3.1069', '3.1069'] lr = 0.0002500
2025-10-29 23:47:30,944 - TopNet - INFO - [Epoch 144/150][Batch 201/2622] BatchTime = 0.122 (s) DataTime = 0.001 (s) Losses = ['2.9562', '2.9562'] lr = 0.0002500
2025-10-29 23:47:58,219 - TopNet - INFO - [Epoch 144/150][Batch 301/2622] BatchTime = 0.216 (s) DataTime = 0.001 (s) Losses = ['3.1741', '3.1741'] lr = 0.0002500
2025-10-29 23:48:25,691 - TopNet - INFO - [Epoch 144/150][Batch 401/2622] BatchTime = 0.504 (s) DataTime = 0.001 (s) Losses = ['2.5487', '2.5487'] lr = 0.0002500
2025-10-29 23:48:52,036 - TopNet - INFO - [Epoch 144/150][Batch 501/2622] BatchTime = 0.530 (s) DataTime = 0.001 (s) Losses = ['3.7504', '3.7504'] lr = 0.0002500
2025-10-29 23:49:18,866 - TopNet - INFO - [Epoch 144/150][Batch 601/2622] BatchTime = 0.356 (s) DataTime = 0.001 (s) Losses = ['3.4161', '3.4161'] lr = 0.0002500
2025-10-29 23:49:46,549 - TopNet - INFO - [Epoch 144/150][Batch 701/2622] BatchTime = 0.117 (s) DataTime = 0.001 (s) Losses = ['2.8065', '2.8065'] lr = 0.0002500
2025-10-29 23:50:12,210 - TopNet - INFO - [Epoch 144/150][Batch 801/2622] BatchTime = 0.115 (s) DataTime = 0.001 (s) Losses = ['3.1221', '3.1221'] lr = 0.0002500
2025-10-29 23:50:41,775 - TopNet - INFO - [Epoch 144/150][Batch 901/2622] BatchTime = 0.503 (s) DataTime = 0.001 (s) Losses = ['2.3220', '2.3220'] lr = 0.0002500
2025-10-29 23:51:08,260 - TopNet - INFO - [Epoch 144/150][Batch 1001/2622] BatchTime = 0.211 (s) DataTime = 0.001 (s) Losses = ['4.2991', '4.2991'] lr = 0.0002500
2025-10-29 23:51:37,223 - TopNet - INFO - [Epoch 144/150][Batch 1101/2622] BatchTime = 0.222 (s) DataTime = 0.001 (s) Losses = ['2.2418', '2.2418'] lr = 0.0002500
2025-10-29 23:52:03,490 - TopNet - INFO - [Epoch 144/150][Batch 1201/2622] BatchTime = 0.232 (s) DataTime = 0.001 (s) Losses = ['2.0905', '2.0905'] lr = 0.0002500
2025-10-29 23:52:29,441 - TopNet - INFO - [Epoch 144/150][Batch 1301/2622] BatchTime = 0.116 (s) DataTime = 0.001 (s) Losses = ['3.6833', '3.6833'] lr = 0.0002500
2025-10-29 23:52:55,785 - TopNet - INFO - [Epoch 144/150][Batch 1401/2622] BatchTime = 0.156 (s) DataTime = 0.001 (s) Losses = ['3.0273', '3.0273'] lr = 0.0002500
2025-10-29 23:53:22,497 - TopNet - INFO - [Epoch 144/150][Batch 1501/2622] BatchTime = 0.116 (s) DataTime = 0.001 (s) Losses = ['3.7838', '3.7838'] lr = 0.0002500
2025-10-29 23:53:49,129 - TopNet - INFO - [Epoch 144/150][Batch 1601/2622] BatchTime = 0.134 (s) DataTime = 0.001 (s) Losses = ['4.4645', '4.4645'] lr = 0.0002500
2025-10-29 23:54:14,164 - TopNet - INFO - [Epoch 144/150][Batch 1701/2622] BatchTime = 0.237 (s) DataTime = 0.001 (s) Losses = ['3.1675', '3.1675'] lr = 0.0002500
2025-10-29 23:54:43,935 - TopNet - INFO - [Epoch 144/150][Batch 1801/2622] BatchTime = 0.311 (s) DataTime = 0.001 (s) Losses = ['2.8308', '2.8308'] lr = 0.0002500
2025-10-29 23:55:10,846 - TopNet - INFO - [Epoch 144/150][Batch 1901/2622] BatchTime = 0.203 (s) DataTime = 0.001 (s) Losses = ['2.8661', '2.8661'] lr = 0.0002500
2025-10-29 23:55:36,803 - TopNet - INFO - [Epoch 144/150][Batch 2001/2622] BatchTime = 0.268 (s) DataTime = 0.001 (s) Losses = ['2.1243', '2.1243'] lr = 0.0002500
2025-10-29 23:56:02,356 - TopNet - INFO - [Epoch 144/150][Batch 2101/2622] BatchTime = 0.220 (s) DataTime = 0.001 (s) Losses = ['2.1835', '2.1835'] lr = 0.0002500
2025-10-29 23:56:31,422 - TopNet - INFO - [Epoch 144/150][Batch 2201/2622] BatchTime = 0.111 (s) DataTime = 0.001 (s) Losses = ['3.3155', '3.3155'] lr = 0.0002500
2025-10-29 23:56:59,936 - TopNet - INFO - [Epoch 144/150][Batch 2301/2622] BatchTime = 0.330 (s) DataTime = 0.001 (s) Losses = ['2.7610', '2.7610'] lr = 0.0002500
2025-10-29 23:57:24,677 - TopNet - INFO - [Epoch 144/150][Batch 2401/2622] BatchTime = 0.106 (s) DataTime = 0.001 (s) Losses = ['3.0430', '3.0430'] lr = 0.0002500
2025-10-29 23:57:52,427 - TopNet - INFO - [Epoch 144/150][Batch 2501/2622] BatchTime = 0.263 (s) DataTime = 0.001 (s) Losses = ['2.6334', '2.6334'] lr = 0.0002500
2025-10-29 23:58:19,290 - TopNet - INFO - [Epoch 144/150][Batch 2601/2622] BatchTime = 0.117 (s) DataTime = 0.001 (s) Losses = ['2.6893', '2.6893'] lr = 0.0002500
2025-10-29 23:58:25,133 - TopNet - INFO - [Training] EPOCH: 144 EpochTime = 709.927 (s) Losses = ['2.9944', '2.9944']
2025-10-29 23:58:25,228 - TopNet - INFO - Save checkpoint at ./experiments/TopNet/ShapeNet55_models/TopNet_fog/ckpt-last.pth
2025-10-29 23:58:25,620 - TopNet - INFO - [Epoch 145/150][Batch 1/2622] BatchTime = 0.391 (s) DataTime = 0.071 (s) Losses = ['2.2153', '2.2153'] lr = 0.0002500
2025-10-29 23:58:52,360 - TopNet - INFO - [Epoch 145/150][Batch 101/2622] BatchTime = 0.151 (s) DataTime = 0.001 (s) Losses = ['2.9506', '2.9506'] lr = 0.0002500
2025-10-29 23:59:19,205 - TopNet - INFO - [Epoch 145/150][Batch 201/2622] BatchTime = 0.224 (s) DataTime = 0.001 (s) Losses = ['2.3638', '2.3638'] lr = 0.0002500
2025-10-29 23:59:47,115 - TopNet - INFO - [Epoch 145/150][Batch 301/2622] BatchTime = 0.454 (s) DataTime = 0.001 (s) Losses = ['3.0469', '3.0469'] lr = 0.0002500
2025-10-30 00:00:13,428 - TopNet - INFO - [Epoch 145/150][Batch 401/2622] BatchTime = 0.113 (s) DataTime = 0.001 (s) Losses = ['5.3066', '5.3066'] lr = 0.0002500
2025-10-30 00:00:41,510 - TopNet - INFO - [Epoch 145/150][Batch 501/2622] BatchTime = 0.115 (s) DataTime = 0.001 (s) Losses = ['3.0373', '3.0373'] lr = 0.0002500
2025-10-30 00:01:08,994 - TopNet - INFO - [Epoch 145/150][Batch 601/2622] BatchTime = 0.128 (s) DataTime = 0.001 (s) Losses = ['2.0210', '2.0210'] lr = 0.0002500
2025-10-30 00:01:36,111 - TopNet - INFO - [Epoch 145/150][Batch 701/2622] BatchTime = 0.419 (s) DataTime = 0.001 (s) Losses = ['2.9387', '2.9387'] lr = 0.0002500
2025-10-30 00:02:02,939 - TopNet - INFO - [Epoch 145/150][Batch 801/2622] BatchTime = 0.201 (s) DataTime = 0.001 (s) Losses = ['3.8776', '3.8776'] lr = 0.0002500
2025-10-30 00:02:31,742 - TopNet - INFO - [Epoch 145/150][Batch 901/2622] BatchTime = 0.427 (s) DataTime = 0.001 (s) Losses = ['2.7612', '2.7612'] lr = 0.0002500
2025-10-30 00:02:59,768 - TopNet - INFO - [Epoch 145/150][Batch 1001/2622] BatchTime = 0.411 (s) DataTime = 0.001 (s) Losses = ['2.4134', '2.4134'] lr = 0.0002500
2025-10-30 00:03:28,199 - TopNet - INFO - [Epoch 145/150][Batch 1101/2622] BatchTime = 0.261 (s) DataTime = 0.001 (s) Losses = ['3.0910', '3.0910'] lr = 0.0002500
2025-10-30 00:03:54,996 - TopNet - INFO - [Epoch 145/150][Batch 1201/2622] BatchTime = 0.360 (s) DataTime = 0.001 (s) Losses = ['3.7310', '3.7310'] lr = 0.0002500
2025-10-30 00:04:23,511 - TopNet - INFO - [Epoch 145/150][Batch 1301/2622] BatchTime = 0.290 (s) DataTime = 0.001 (s) Losses = ['2.7358', '2.7358'] lr = 0.0002500
2025-10-30 00:04:49,583 - TopNet - INFO - [Epoch 145/150][Batch 1401/2622] BatchTime = 0.361 (s) DataTime = 0.001 (s) Losses = ['1.9530', '1.9530'] lr = 0.0002500
2025-10-30 00:05:16,329 - TopNet - INFO - [Epoch 145/150][Batch 1501/2622] BatchTime = 0.234 (s) DataTime = 0.001 (s) Losses = ['3.1420', '3.1420'] lr = 0.0002500
2025-10-30 00:05:41,916 - TopNet - INFO - [Epoch 145/150][Batch 1601/2622] BatchTime = 0.202 (s) DataTime = 0.001 (s) Losses = ['3.5470', '3.5470'] lr = 0.0002500
2025-10-30 00:06:10,250 - TopNet - INFO - [Epoch 145/150][Batch 1701/2622] BatchTime = 0.115 (s) DataTime = 0.001 (s) Losses = ['2.2978', '2.2978'] lr = 0.0002500
2025-10-30 00:06:38,020 - TopNet - INFO - [Epoch 145/150][Batch 1801/2622] BatchTime = 0.288 (s) DataTime = 0.001 (s) Losses = ['2.6477', '2.6477'] lr = 0.0002500
2025-10-30 00:07:04,087 - TopNet - INFO - [Epoch 145/150][Batch 1901/2622] BatchTime = 0.208 (s) DataTime = 0.001 (s) Losses = ['4.3053', '4.3053'] lr = 0.0002500
2025-10-30 00:07:31,703 - TopNet - INFO - [Epoch 145/150][Batch 2001/2622] BatchTime = 0.112 (s) DataTime = 0.001 (s) Losses = ['2.2957', '2.2957'] lr = 0.0002500
2025-10-30 00:07:59,023 - TopNet - INFO - [Epoch 145/150][Batch 2101/2622] BatchTime = 0.248 (s) DataTime = 0.001 (s) Losses = ['3.1601', '3.1601'] lr = 0.0002500
2025-10-30 00:08:25,255 - TopNet - INFO - [Epoch 145/150][Batch 2201/2622] BatchTime = 0.201 (s) DataTime = 0.001 (s) Losses = ['2.5130', '2.5130'] lr = 0.0002500
2025-10-30 00:08:52,845 - TopNet - INFO - [Epoch 145/150][Batch 2301/2622] BatchTime = 0.300 (s) DataTime = 0.001 (s) Losses = ['2.3521', '2.3521'] lr = 0.0002500
2025-10-30 00:09:21,526 - TopNet - INFO - [Epoch 145/150][Batch 2401/2622] BatchTime = 0.474 (s) DataTime = 0.001 (s) Losses = ['2.3462', '2.3462'] lr = 0.0002500
2025-10-30 00:09:49,315 - TopNet - INFO - [Epoch 145/150][Batch 2501/2622] BatchTime = 0.114 (s) DataTime = 0.001 (s) Losses = ['3.6281', '3.6281'] lr = 0.0002500
2025-10-30 00:10:15,985 - TopNet - INFO - [Epoch 145/150][Batch 2601/2622] BatchTime = 0.238 (s) DataTime = 0.001 (s) Losses = ['2.4483', '2.4483'] lr = 0.0002500
2025-10-30 00:10:22,032 - TopNet - INFO - [Training] EPOCH: 145 EpochTime = 716.803 (s) Losses = ['2.9790', '2.9790']
2025-10-30 00:10:22,033 - TopNet - INFO - [VALIDATION] Start validating epoch 145
2025-10-30 00:11:01,809 - TopNet - INFO - Test[1051/10518] Taxonomy = 02691156 Sample = c7749c0a8b61f43bc9b9e28055202e3d Losses = ['27.9410', '2.3253', '27.9410', '2.3253'] Metrics = ['0.0943', '27.9410', '2.3253', '0.0000']
2025-10-30 00:11:38,628 - TopNet - INFO - Test[2102/10518] Taxonomy = 03211117 Sample = ab2f9418c111cc6ddb965514105122a4 Losses = ['22.2784', '1.4142', '22.2784', '1.4142'] Metrics = ['0.1383', '22.2784', '1.4142', '0.0000']
2025-10-30 00:12:17,237 - TopNet - INFO - Test[3153/10518] Taxonomy = 02876657 Sample = c5032e4be091aabb36fe7a88df793982 Losses = ['39.2506', '4.6951', '39.2506', '4.6951'] Metrics = ['0.0221', '39.2506', '4.6951', '0.0000']
2025-10-30 00:12:56,484 - TopNet - INFO - Test[4204/10518] Taxonomy = 03211117 Sample = 722df1da5778d45b1e43523279c7f09f Losses = ['30.6544', '3.1381', '30.6544', '3.1381'] Metrics = ['0.0849', '30.6544', '3.1381', '0.0000']
2025-10-30 00:13:35,121 - TopNet - INFO - Test[5255/10518] Taxonomy = 02828884 Sample = 14b63361a48a9fffe4a048c146e8bd43 Losses = ['35.7343', '3.2186', '35.7343', '3.2186'] Metrics = ['0.0375', '35.7343', '3.2186', '0.0000']
2025-10-30 00:14:14,499 - TopNet - INFO - Test[6306/10518] Taxonomy = 03211117 Sample = d330d50a0255529d19ed6e1a590c9122 Losses = ['21.6012', '1.5306', '21.6012', '1.5306'] Metrics = ['0.1052', '21.6012', '1.5306', '0.0000']
2025-10-30 00:14:50,516 - TopNet - INFO - Test[7357/10518] Taxonomy = 04379243 Sample = b1ca280d9567270ade98d10ab5975b59 Losses = ['26.1188', '2.4420', '26.1188', '2.4420'] Metrics = ['0.0770', '26.1188', '2.4420', '0.0000']
2025-10-30 00:15:27,778 - TopNet - INFO - Test[8408/10518] Taxonomy = 03001627 Sample = 89208a619341d9fdb8c516ed5c4ce32 Losses = ['30.6268', '2.3562', '30.6268', '2.3562'] Metrics = ['0.0292', '30.6268', '2.3562', '0.0000']
2025-10-30 00:16:05,045 - TopNet - INFO - Test[9459/10518] Taxonomy = 03001627 Sample = d0255120e3351121c3bd24f986301745 Losses = ['32.2677', '3.1207', '32.2677', '3.1207'] Metrics = ['0.0404', '32.2677', '3.1207', '0.0000']
2025-10-30 00:16:43,378 - TopNet - INFO - Test[10510/10518] Taxonomy = 03636649 Sample = ea9ec4d9db2e06202471e6dd5ac3ef92 Losses = ['19.4235', '1.2191', '19.4235', '1.2191'] Metrics = ['0.1731', '19.4235', '1.2191', '0.0000']
2025-10-30 00:16:43,731 - TopNet - INFO - [Validation] EPOCH: 145  Metrics = ['0.0755', '32.0382', '3.3953', '0.0000']
2025-10-30 00:16:43,732 - TopNet - INFO - ============================ TEST RESULTS ============================
2025-10-30 00:16:43,732 - TopNet - INFO - Taxonomy	#Sample	F-Score	CDL1	CDL2	EMDistance	#ModelName	
2025-10-30 00:16:43,732 - TopNet - INFO - 03759954	14	0.084 	34.587 	5.144 	0.000 	microphone	
2025-10-30 00:16:43,732 - TopNet - INFO - 04330267	44	0.032 	35.483 	3.695 	0.000 	stove	
2025-10-30 00:16:43,732 - TopNet - INFO - 03261776	15	0.029 	43.326 	7.918 	0.000 	earphone	
2025-10-30 00:16:43,732 - TopNet - INFO - 03513137	33	0.013 	47.807 	7.357 	0.000 	helmet	
2025-10-30 00:16:43,732 - TopNet - INFO - 04460130	27	0.089 	29.881 	2.906 	0.000 	tower	
2025-10-30 00:16:43,732 - TopNet - INFO - 04468005	78	0.104 	24.852 	1.940 	0.000 	train	
2025-10-30 00:16:43,732 - TopNet - INFO - 03761084	31	0.019 	40.901 	4.793 	0.000 	microwaves	
2025-10-30 00:16:43,732 - TopNet - INFO - 04004475	34	0.026 	41.771 	5.332 	0.000 	printer	
2025-10-30 00:16:43,732 - TopNet - INFO - 03938244	20	0.032 	39.005 	4.650 	0.000 	pillow	
2025-10-30 00:16:43,732 - TopNet - INFO - 02992529	167	0.099 	22.330 	1.369 	0.000 	cellphone	
2025-10-30 00:16:43,732 - TopNet - INFO - 02808440	172	0.038 	34.380 	3.597 	0.000 	bathtub	
2025-10-30 00:16:43,732 - TopNet - INFO - 04530566	388	0.121 	23.854 	1.824 	0.000 	watercraft	
2025-10-30 00:16:43,732 - TopNet - INFO - 02871439	91	0.044 	33.801 	3.516 	0.000 	bookshelf	
2025-10-30 00:16:43,732 - TopNet - INFO - 03593526	120	0.030 	40.097 	5.042 	0.000 	jar	
2025-10-30 00:16:43,732 - TopNet - INFO - 04554684	34	0.014 	40.535 	4.544 	0.000 	washer	
2025-10-30 00:16:43,732 - TopNet - INFO - 03467517	160	0.341 	14.629 	0.688 	0.000 	guitar	
2025-10-30 00:16:43,732 - TopNet - INFO - 04401088	218	0.094 	22.777 	1.464 	0.000 	telephone	
2025-10-30 00:16:43,732 - TopNet - INFO - 02954340	12	0.025 	37.421 	4.624 	0.000 	cap	
2025-10-30 00:16:43,732 - TopNet - INFO - 02933112	315	0.039 	31.541 	2.849 	0.000 	cabinet	
2025-10-30 00:16:43,732 - TopNet - INFO - 03642806	92	0.083 	24.411 	1.649 	0.000 	laptop	
2025-10-30 00:16:43,732 - TopNet - INFO - 02924116	188	0.078 	25.589 	1.915 	0.000 	bus	
2025-10-30 00:16:43,732 - TopNet - INFO - 02946921	22	0.017 	40.866 	4.530 	0.000 	can	
2025-10-30 00:16:43,732 - TopNet - INFO - 02818832	47	0.033 	37.535 	4.341 	0.000 	bed	
2025-10-30 00:16:43,732 - TopNet - INFO - 04256520	635	0.037 	32.772 	2.993 	0.000 	sofa	
2025-10-30 00:16:43,732 - TopNet - INFO - 04379243	1687	0.096 	28.131 	2.838 	0.000 	table	
2025-10-30 00:16:43,732 - TopNet - INFO - 02747177	69	0.020 	37.709 	4.035 	0.000 	trash bin	
2025-10-30 00:16:43,732 - TopNet - INFO - 03046257	131	0.052 	33.470 	3.457 	0.000 	clock	
2025-10-30 00:16:43,732 - TopNet - INFO - 04225987	31	0.140 	21.887 	1.555 	0.000 	skateboard	
2025-10-30 00:16:43,732 - TopNet - INFO - 03797390	43	0.021 	39.365 	4.612 	0.000 	mug	
2025-10-30 00:16:43,732 - TopNet - INFO - 03001627	1356	0.054 	31.500 	3.114 	0.000 	chair	
2025-10-30 00:16:43,732 - TopNet - INFO - 03691459	320	0.029 	37.730 	4.220 	0.000 	loudspeaker	
2025-10-30 00:16:43,732 - TopNet - INFO - 02942699	23	0.020 	44.799 	6.272 	0.000 	camera	
2025-10-30 00:16:43,732 - TopNet - INFO - 03636649	464	0.081 	34.099 	4.379 	0.000 	lamp	
2025-10-30 00:16:43,732 - TopNet - INFO - 02691156	809	0.186 	20.784 	1.465 	0.000 	airplane	
2025-10-30 00:16:43,732 - TopNet - INFO - 02773838	17	0.039 	35.848 	3.880 	0.000 	bag	
2025-10-30 00:16:43,732 - TopNet - INFO - 02958343	703	0.053 	27.664 	2.137 	0.000 	car	
2025-10-30 00:16:43,733 - TopNet - INFO - 02880940	38	0.026 	37.641 	4.183 	0.000 	bowl	
2025-10-30 00:16:43,733 - TopNet - INFO - 04099429	17	0.255 	19.871 	1.380 	0.000 	rocket	
2025-10-30 00:16:43,733 - TopNet - INFO - 02828884	363	0.117 	25.702 	2.242 	0.000 	bench	
2025-10-30 00:16:43,733 - TopNet - INFO - 04090263	475	0.319 	16.565 	1.008 	0.000 	rifle	
2025-10-30 00:16:43,733 - TopNet - INFO - 03211117	219	0.061 	30.614 	2.879 	0.000 	display	
2025-10-30 00:16:43,733 - TopNet - INFO - 02876657	100	0.063 	28.668 	2.477 	0.000 	bottle	
2025-10-30 00:16:43,733 - TopNet - INFO - 03710193	19	0.057 	32.120 	3.070 	0.000 	mailbox	
2025-10-30 00:16:43,733 - TopNet - INFO - 03790512	68	0.060 	29.675 	2.599 	0.000 	motorbike	
2025-10-30 00:16:43,733 - TopNet - INFO - 03325088	149	0.051 	35.271 	4.295 	0.000 	faucet	
2025-10-30 00:16:43,733 - TopNet - INFO - 02801938	23	0.025 	37.645 	4.329 	0.000 	basket	
2025-10-30 00:16:43,733 - TopNet - INFO - 03337140	60	0.035 	32.898 	3.255 	0.000 	file cabinet	
2025-10-30 00:16:43,733 - TopNet - INFO - 02843684	15	0.024 	41.903 	5.265 	0.000 	birdhouse	
2025-10-30 00:16:43,733 - TopNet - INFO - 03624134	85	0.296 	15.693 	0.818 	0.000 	knife	
2025-10-30 00:16:43,733 - TopNet - INFO - 03991062	121	0.025 	41.915 	5.377 	0.000 	flowerpot	
2025-10-30 00:16:43,733 - TopNet - INFO - 03948459	62	0.131 	22.091 	1.454 	0.000 	pistol	
2025-10-30 00:16:43,733 - TopNet - INFO - 03928116	48	0.038 	37.764 	4.430 	0.000 	piano	
2025-10-30 00:16:43,733 - TopNet - INFO - 03207941	19	0.019 	38.054 	4.042 	0.000 	dishwasher	
2025-10-30 00:16:43,733 - TopNet - INFO - 04074963	14	0.073 	24.862 	1.706 	0.000 	remote	
2025-10-30 00:16:43,733 - TopNet - INFO - 03085013	13	0.164 	20.013 	1.292 	0.000 	keyboard	
2025-10-30 00:16:43,733 - TopNet - INFO - Overall		0.075 	32.038 	3.395 	0.000 	
2025-10-30 00:16:43,830 - TopNet - INFO - Save checkpoint at ./experiments/TopNet/ShapeNet55_models/TopNet_fog/ckpt-best.pth
2025-10-30 00:16:43,922 - TopNet - INFO - Save checkpoint at ./experiments/TopNet/ShapeNet55_models/TopNet_fog/ckpt-last.pth
2025-10-30 00:16:44,235 - TopNet - INFO - [Epoch 146/150][Batch 1/2622] BatchTime = 0.312 (s) DataTime = 0.071 (s) Losses = ['3.2384', '3.2384'] lr = 0.0002500
2025-10-30 00:17:13,756 - TopNet - INFO - [Epoch 146/150][Batch 101/2622] BatchTime = 0.378 (s) DataTime = 0.001 (s) Losses = ['4.1474', '4.1474'] lr = 0.0002500
2025-10-30 00:17:39,321 - TopNet - INFO - [Epoch 146/150][Batch 201/2622] BatchTime = 0.406 (s) DataTime = 0.001 (s) Losses = ['3.6085', '3.6085'] lr = 0.0002500
2025-10-30 00:18:05,782 - TopNet - INFO - [Epoch 146/150][Batch 301/2622] BatchTime = 0.235 (s) DataTime = 0.001 (s) Losses = ['3.0310', '3.0310'] lr = 0.0002500
2025-10-30 00:18:32,992 - TopNet - INFO - [Epoch 146/150][Batch 401/2622] BatchTime = 0.440 (s) DataTime = 0.001 (s) Losses = ['2.5675', '2.5675'] lr = 0.0002500
2025-10-30 00:19:01,082 - TopNet - INFO - [Epoch 146/150][Batch 501/2622] BatchTime = 0.152 (s) DataTime = 0.001 (s) Losses = ['3.0965', '3.0965'] lr = 0.0002500
2025-10-30 00:19:29,483 - TopNet - INFO - [Epoch 146/150][Batch 601/2622] BatchTime = 0.191 (s) DataTime = 0.001 (s) Losses = ['2.3801', '2.3801'] lr = 0.0002500
2025-10-30 00:19:56,773 - TopNet - INFO - [Epoch 146/150][Batch 701/2622] BatchTime = 0.327 (s) DataTime = 0.001 (s) Losses = ['3.4541', '3.4541'] lr = 0.0002500
2025-10-30 00:20:23,687 - TopNet - INFO - [Epoch 146/150][Batch 801/2622] BatchTime = 0.211 (s) DataTime = 0.001 (s) Losses = ['2.7631', '2.7631'] lr = 0.0002500
2025-10-30 00:20:51,481 - TopNet - INFO - [Epoch 146/150][Batch 901/2622] BatchTime = 0.308 (s) DataTime = 0.001 (s) Losses = ['3.6480', '3.6480'] lr = 0.0002500
2025-10-30 00:21:17,599 - TopNet - INFO - [Epoch 146/150][Batch 1001/2622] BatchTime = 0.285 (s) DataTime = 0.001 (s) Losses = ['4.4911', '4.4911'] lr = 0.0002500
2025-10-30 00:21:45,707 - TopNet - INFO - [Epoch 146/150][Batch 1101/2622] BatchTime = 0.287 (s) DataTime = 0.001 (s) Losses = ['3.2054', '3.2054'] lr = 0.0002500
2025-10-30 00:22:12,270 - TopNet - INFO - [Epoch 146/150][Batch 1201/2622] BatchTime = 0.319 (s) DataTime = 0.001 (s) Losses = ['2.2813', '2.2813'] lr = 0.0002500
2025-10-30 00:22:39,546 - TopNet - INFO - [Epoch 146/150][Batch 1301/2622] BatchTime = 0.274 (s) DataTime = 0.001 (s) Losses = ['2.1896', '2.1896'] lr = 0.0002500
2025-10-30 00:23:07,023 - TopNet - INFO - [Epoch 146/150][Batch 1401/2622] BatchTime = 0.212 (s) DataTime = 0.001 (s) Losses = ['2.3363', '2.3363'] lr = 0.0002500
2025-10-30 00:23:33,499 - TopNet - INFO - [Epoch 146/150][Batch 1501/2622] BatchTime = 0.213 (s) DataTime = 0.001 (s) Losses = ['2.8077', '2.8077'] lr = 0.0002500
2025-10-30 00:23:59,613 - TopNet - INFO - [Epoch 146/150][Batch 1601/2622] BatchTime = 0.343 (s) DataTime = 0.001 (s) Losses = ['2.5279', '2.5279'] lr = 0.0002500
2025-10-30 00:24:27,297 - TopNet - INFO - [Epoch 146/150][Batch 1701/2622] BatchTime = 0.119 (s) DataTime = 0.001 (s) Losses = ['2.9635', '2.9635'] lr = 0.0002500
2025-10-30 00:24:54,885 - TopNet - INFO - [Epoch 146/150][Batch 1801/2622] BatchTime = 0.106 (s) DataTime = 0.001 (s) Losses = ['4.0410', '4.0410'] lr = 0.0002500
2025-10-30 00:25:22,676 - TopNet - INFO - [Epoch 146/150][Batch 1901/2622] BatchTime = 0.331 (s) DataTime = 0.001 (s) Losses = ['3.2198', '3.2198'] lr = 0.0002500
2025-10-30 00:25:49,156 - TopNet - INFO - [Epoch 146/150][Batch 2001/2622] BatchTime = 0.297 (s) DataTime = 0.001 (s) Losses = ['2.8809', '2.8809'] lr = 0.0002500
2025-10-30 00:26:15,111 - TopNet - INFO - [Epoch 146/150][Batch 2101/2622] BatchTime = 0.329 (s) DataTime = 0.001 (s) Losses = ['1.8574', '1.8574'] lr = 0.0002500
2025-10-30 00:26:44,058 - TopNet - INFO - [Epoch 146/150][Batch 2201/2622] BatchTime = 0.307 (s) DataTime = 0.001 (s) Losses = ['2.9461', '2.9461'] lr = 0.0002500
2025-10-30 00:27:11,251 - TopNet - INFO - [Epoch 146/150][Batch 2301/2622] BatchTime = 0.193 (s) DataTime = 0.001 (s) Losses = ['3.0584', '3.0584'] lr = 0.0002500
2025-10-30 00:27:40,251 - TopNet - INFO - [Epoch 146/150][Batch 2401/2622] BatchTime = 0.542 (s) DataTime = 0.001 (s) Losses = ['2.5990', '2.5990'] lr = 0.0002500
2025-10-30 00:28:07,940 - TopNet - INFO - [Epoch 146/150][Batch 2501/2622] BatchTime = 0.201 (s) DataTime = 0.001 (s) Losses = ['2.5297', '2.5297'] lr = 0.0002500
2025-10-30 00:28:35,070 - TopNet - INFO - [Epoch 146/150][Batch 2601/2622] BatchTime = 0.404 (s) DataTime = 0.001 (s) Losses = ['2.1511', '2.1511'] lr = 0.0002500
2025-10-30 00:28:39,973 - TopNet - INFO - [Training] EPOCH: 146 EpochTime = 716.050 (s) Losses = ['2.9832', '2.9832']
2025-10-30 00:28:40,069 - TopNet - INFO - Save checkpoint at ./experiments/TopNet/ShapeNet55_models/TopNet_fog/ckpt-last.pth
2025-10-30 00:28:40,620 - TopNet - INFO - [Epoch 147/150][Batch 1/2622] BatchTime = 0.550 (s) DataTime = 0.080 (s) Losses = ['1.8897', '1.8897'] lr = 0.0002500
2025-10-30 00:29:06,726 - TopNet - INFO - [Epoch 147/150][Batch 101/2622] BatchTime = 0.242 (s) DataTime = 0.001 (s) Losses = ['3.3734', '3.3734'] lr = 0.0002500
2025-10-30 00:29:33,737 - TopNet - INFO - [Epoch 147/150][Batch 201/2622] BatchTime = 0.219 (s) DataTime = 0.001 (s) Losses = ['2.7060', '2.7060'] lr = 0.0002500
2025-10-30 00:30:01,494 - TopNet - INFO - [Epoch 147/150][Batch 301/2622] BatchTime = 0.204 (s) DataTime = 0.001 (s) Losses = ['2.0633', '2.0633'] lr = 0.0002500
2025-10-30 00:30:28,214 - TopNet - INFO - [Epoch 147/150][Batch 401/2622] BatchTime = 0.402 (s) DataTime = 0.001 (s) Losses = ['2.8069', '2.8069'] lr = 0.0002500
2025-10-30 00:30:55,602 - TopNet - INFO - [Epoch 147/150][Batch 501/2622] BatchTime = 0.219 (s) DataTime = 0.001 (s) Losses = ['3.0146', '3.0146'] lr = 0.0002500
2025-10-30 00:31:22,530 - TopNet - INFO - [Epoch 147/150][Batch 601/2622] BatchTime = 0.229 (s) DataTime = 0.001 (s) Losses = ['2.2458', '2.2458'] lr = 0.0002500
2025-10-30 00:31:52,752 - TopNet - INFO - [Epoch 147/150][Batch 701/2622] BatchTime = 0.328 (s) DataTime = 0.001 (s) Losses = ['2.5490', '2.5490'] lr = 0.0002500
2025-10-30 00:32:20,761 - TopNet - INFO - [Epoch 147/150][Batch 801/2622] BatchTime = 0.493 (s) DataTime = 0.001 (s) Losses = ['2.2728', '2.2728'] lr = 0.0002500
2025-10-30 00:32:48,625 - TopNet - INFO - [Epoch 147/150][Batch 901/2622] BatchTime = 0.321 (s) DataTime = 0.001 (s) Losses = ['2.2839', '2.2839'] lr = 0.0002500
2025-10-30 00:33:15,457 - TopNet - INFO - [Epoch 147/150][Batch 1001/2622] BatchTime = 0.289 (s) DataTime = 0.001 (s) Losses = ['2.1397', '2.1397'] lr = 0.0002500
2025-10-30 00:33:41,790 - TopNet - INFO - [Epoch 147/150][Batch 1101/2622] BatchTime = 0.231 (s) DataTime = 0.001 (s) Losses = ['3.3519', '3.3519'] lr = 0.0002500
2025-10-30 00:34:09,944 - TopNet - INFO - [Epoch 147/150][Batch 1201/2622] BatchTime = 0.441 (s) DataTime = 0.001 (s) Losses = ['4.5732', '4.5732'] lr = 0.0002500
2025-10-30 00:34:38,049 - TopNet - INFO - [Epoch 147/150][Batch 1301/2622] BatchTime = 0.300 (s) DataTime = 0.001 (s) Losses = ['3.3513', '3.3513'] lr = 0.0002500
2025-10-30 00:35:07,121 - TopNet - INFO - [Epoch 147/150][Batch 1401/2622] BatchTime = 0.447 (s) DataTime = 0.001 (s) Losses = ['2.0686', '2.0686'] lr = 0.0002500
2025-10-30 00:35:35,520 - TopNet - INFO - [Epoch 147/150][Batch 1501/2622] BatchTime = 0.214 (s) DataTime = 0.001 (s) Losses = ['2.5016', '2.5016'] lr = 0.0002500
2025-10-30 00:36:00,218 - TopNet - INFO - [Epoch 147/150][Batch 1601/2622] BatchTime = 0.420 (s) DataTime = 0.001 (s) Losses = ['2.9932', '2.9932'] lr = 0.0002500
2025-10-30 00:36:27,956 - TopNet - INFO - [Epoch 147/150][Batch 1701/2622] BatchTime = 0.329 (s) DataTime = 0.001 (s) Losses = ['2.7626', '2.7626'] lr = 0.0002500
2025-10-30 00:36:53,387 - TopNet - INFO - [Epoch 147/150][Batch 1801/2622] BatchTime = 0.294 (s) DataTime = 0.001 (s) Losses = ['3.3363', '3.3363'] lr = 0.0002500
2025-10-30 00:37:19,729 - TopNet - INFO - [Epoch 147/150][Batch 1901/2622] BatchTime = 0.144 (s) DataTime = 0.001 (s) Losses = ['2.7606', '2.7606'] lr = 0.0002500
2025-10-30 00:37:47,267 - TopNet - INFO - [Epoch 147/150][Batch 2001/2622] BatchTime = 0.298 (s) DataTime = 0.001 (s) Losses = ['4.0915', '4.0915'] lr = 0.0002500
2025-10-30 00:38:14,488 - TopNet - INFO - [Epoch 147/150][Batch 2101/2622] BatchTime = 0.252 (s) DataTime = 0.001 (s) Losses = ['3.1350', '3.1350'] lr = 0.0002500
2025-10-30 00:38:42,615 - TopNet - INFO - [Epoch 147/150][Batch 2201/2622] BatchTime = 0.110 (s) DataTime = 0.001 (s) Losses = ['3.4822', '3.4822'] lr = 0.0002500
2025-10-30 00:39:10,475 - TopNet - INFO - [Epoch 147/150][Batch 2301/2622] BatchTime = 0.397 (s) DataTime = 0.001 (s) Losses = ['3.3415', '3.3415'] lr = 0.0002500
2025-10-30 00:39:37,686 - TopNet - INFO - [Epoch 147/150][Batch 2401/2622] BatchTime = 0.127 (s) DataTime = 0.001 (s) Losses = ['2.9375', '2.9375'] lr = 0.0002500
2025-10-30 00:40:03,843 - TopNet - INFO - [Epoch 147/150][Batch 2501/2622] BatchTime = 0.306 (s) DataTime = 0.001 (s) Losses = ['2.8866', '2.8866'] lr = 0.0002500
2025-10-30 00:40:30,533 - TopNet - INFO - [Epoch 147/150][Batch 2601/2622] BatchTime = 0.229 (s) DataTime = 0.001 (s) Losses = ['2.6058', '2.6058'] lr = 0.0002500
2025-10-30 00:40:35,199 - TopNet - INFO - [Training] EPOCH: 147 EpochTime = 715.130 (s) Losses = ['2.9749', '2.9749']
2025-10-30 00:40:35,291 - TopNet - INFO - Save checkpoint at ./experiments/TopNet/ShapeNet55_models/TopNet_fog/ckpt-last.pth
2025-10-30 00:40:35,492 - TopNet - INFO - [Epoch 148/150][Batch 1/2622] BatchTime = 0.200 (s) DataTime = 0.070 (s) Losses = ['3.4842', '3.4842'] lr = 0.0002500
2025-10-30 00:41:02,743 - TopNet - INFO - [Epoch 148/150][Batch 101/2622] BatchTime = 0.200 (s) DataTime = 0.001 (s) Losses = ['3.1728', '3.1728'] lr = 0.0002500
2025-10-30 00:41:29,397 - TopNet - INFO - [Epoch 148/150][Batch 201/2622] BatchTime = 0.233 (s) DataTime = 0.001 (s) Losses = ['2.6610', '2.6610'] lr = 0.0002500
2025-10-30 00:41:57,687 - TopNet - INFO - [Epoch 148/150][Batch 301/2622] BatchTime = 0.222 (s) DataTime = 0.001 (s) Losses = ['3.3788', '3.3788'] lr = 0.0002500
2025-10-30 00:42:22,927 - TopNet - INFO - [Epoch 148/150][Batch 401/2622] BatchTime = 0.665 (s) DataTime = 0.001 (s) Losses = ['2.2385', '2.2385'] lr = 0.0002500
2025-10-30 00:42:51,141 - TopNet - INFO - [Epoch 148/150][Batch 501/2622] BatchTime = 0.149 (s) DataTime = 0.001 (s) Losses = ['2.0901', '2.0901'] lr = 0.0002500
2025-10-30 00:43:17,728 - TopNet - INFO - [Epoch 148/150][Batch 601/2622] BatchTime = 0.253 (s) DataTime = 0.001 (s) Losses = ['4.4152', '4.4152'] lr = 0.0002500
2025-10-30 00:43:43,019 - TopNet - INFO - [Epoch 148/150][Batch 701/2622] BatchTime = 0.211 (s) DataTime = 0.001 (s) Losses = ['3.3333', '3.3333'] lr = 0.0002500
2025-10-30 00:44:11,821 - TopNet - INFO - [Epoch 148/150][Batch 801/2622] BatchTime = 0.212 (s) DataTime = 0.001 (s) Losses = ['2.5665', '2.5665'] lr = 0.0002500
2025-10-30 00:44:38,763 - TopNet - INFO - [Epoch 148/150][Batch 901/2622] BatchTime = 0.233 (s) DataTime = 0.001 (s) Losses = ['3.3853', '3.3853'] lr = 0.0002500
2025-10-30 00:45:06,573 - TopNet - INFO - [Epoch 148/150][Batch 1001/2622] BatchTime = 0.205 (s) DataTime = 0.001 (s) Losses = ['2.8844', '2.8844'] lr = 0.0002500
2025-10-30 00:45:33,909 - TopNet - INFO - [Epoch 148/150][Batch 1101/2622] BatchTime = 0.123 (s) DataTime = 0.001 (s) Losses = ['3.0758', '3.0758'] lr = 0.0002500
2025-10-30 00:46:01,590 - TopNet - INFO - [Epoch 148/150][Batch 1201/2622] BatchTime = 0.459 (s) DataTime = 0.001 (s) Losses = ['2.7676', '2.7676'] lr = 0.0002500
2025-10-30 00:46:26,196 - TopNet - INFO - [Epoch 148/150][Batch 1301/2622] BatchTime = 0.244 (s) DataTime = 0.001 (s) Losses = ['3.5440', '3.5440'] lr = 0.0002500
2025-10-30 00:46:54,296 - TopNet - INFO - [Epoch 148/150][Batch 1401/2622] BatchTime = 0.290 (s) DataTime = 0.001 (s) Losses = ['5.4719', '5.4719'] lr = 0.0002500
2025-10-30 00:47:21,507 - TopNet - INFO - [Epoch 148/150][Batch 1501/2622] BatchTime = 0.348 (s) DataTime = 0.001 (s) Losses = ['3.6027', '3.6027'] lr = 0.0002500
2025-10-30 00:47:48,748 - TopNet - INFO - [Epoch 148/150][Batch 1601/2622] BatchTime = 0.296 (s) DataTime = 0.001 (s) Losses = ['2.9235', '2.9235'] lr = 0.0002500
2025-10-30 00:48:16,030 - TopNet - INFO - [Epoch 148/150][Batch 1701/2622] BatchTime = 0.206 (s) DataTime = 0.001 (s) Losses = ['2.0190', '2.0190'] lr = 0.0002500
2025-10-30 00:48:41,774 - TopNet - INFO - [Epoch 148/150][Batch 1801/2622] BatchTime = 0.198 (s) DataTime = 0.001 (s) Losses = ['2.6398', '2.6398'] lr = 0.0002500
2025-10-30 00:49:09,256 - TopNet - INFO - [Epoch 148/150][Batch 1901/2622] BatchTime = 0.470 (s) DataTime = 0.001 (s) Losses = ['2.6628', '2.6628'] lr = 0.0002500
2025-10-30 00:49:38,928 - TopNet - INFO - [Epoch 148/150][Batch 2001/2622] BatchTime = 0.134 (s) DataTime = 0.001 (s) Losses = ['2.2156', '2.2156'] lr = 0.0002500
2025-10-30 00:50:07,471 - TopNet - INFO - [Epoch 148/150][Batch 2101/2622] BatchTime = 0.319 (s) DataTime = 0.001 (s) Losses = ['2.5072', '2.5072'] lr = 0.0002500
2025-10-30 00:50:35,536 - TopNet - INFO - [Epoch 148/150][Batch 2201/2622] BatchTime = 0.429 (s) DataTime = 0.001 (s) Losses = ['2.5239', '2.5239'] lr = 0.0002500
2025-10-30 00:51:04,008 - TopNet - INFO - [Epoch 148/150][Batch 2301/2622] BatchTime = 0.437 (s) DataTime = 0.001 (s) Losses = ['2.8088', '2.8088'] lr = 0.0002500
2025-10-30 00:51:30,728 - TopNet - INFO - [Epoch 148/150][Batch 2401/2622] BatchTime = 0.327 (s) DataTime = 0.001 (s) Losses = ['3.0123', '3.0123'] lr = 0.0002500
2025-10-30 00:51:58,236 - TopNet - INFO - [Epoch 148/150][Batch 2501/2622] BatchTime = 0.201 (s) DataTime = 0.001 (s) Losses = ['2.8332', '2.8332'] lr = 0.0002500
2025-10-30 00:52:25,250 - TopNet - INFO - [Epoch 148/150][Batch 2601/2622] BatchTime = 0.299 (s) DataTime = 0.001 (s) Losses = ['3.4034', '3.4034'] lr = 0.0002500
2025-10-30 00:52:30,661 - TopNet - INFO - [Training] EPOCH: 148 EpochTime = 715.369 (s) Losses = ['2.9822', '2.9822']
2025-10-30 00:52:30,758 - TopNet - INFO - Save checkpoint at ./experiments/TopNet/ShapeNet55_models/TopNet_fog/ckpt-last.pth
2025-10-30 00:52:31,046 - TopNet - INFO - [Epoch 149/150][Batch 1/2622] BatchTime = 0.288 (s) DataTime = 0.072 (s) Losses = ['3.3371', '3.3371'] lr = 0.0002500
2025-10-30 00:52:58,458 - TopNet - INFO - [Epoch 149/150][Batch 101/2622] BatchTime = 0.276 (s) DataTime = 0.001 (s) Losses = ['2.9066', '2.9066'] lr = 0.0002500
2025-10-30 00:53:26,342 - TopNet - INFO - [Epoch 149/150][Batch 201/2622] BatchTime = 0.490 (s) DataTime = 0.001 (s) Losses = ['2.7055', '2.7055'] lr = 0.0002500
2025-10-30 00:53:53,531 - TopNet - INFO - [Epoch 149/150][Batch 301/2622] BatchTime = 0.136 (s) DataTime = 0.001 (s) Losses = ['4.3319', '4.3319'] lr = 0.0002500
2025-10-30 00:54:20,089 - TopNet - INFO - [Epoch 149/150][Batch 401/2622] BatchTime = 0.125 (s) DataTime = 0.001 (s) Losses = ['2.4541', '2.4541'] lr = 0.0002500
2025-10-30 00:54:47,313 - TopNet - INFO - [Epoch 149/150][Batch 501/2622] BatchTime = 0.139 (s) DataTime = 0.001 (s) Losses = ['2.5896', '2.5896'] lr = 0.0002500
2025-10-30 00:55:14,112 - TopNet - INFO - [Epoch 149/150][Batch 601/2622] BatchTime = 0.117 (s) DataTime = 0.001 (s) Losses = ['2.8291', '2.8291'] lr = 0.0002500
2025-10-30 00:55:40,592 - TopNet - INFO - [Epoch 149/150][Batch 701/2622] BatchTime = 0.193 (s) DataTime = 0.001 (s) Losses = ['2.1057', '2.1057'] lr = 0.0002500
2025-10-30 00:56:08,702 - TopNet - INFO - [Epoch 149/150][Batch 801/2622] BatchTime = 0.118 (s) DataTime = 0.001 (s) Losses = ['3.6365', '3.6365'] lr = 0.0002500
2025-10-30 00:56:34,501 - TopNet - INFO - [Epoch 149/150][Batch 901/2622] BatchTime = 0.208 (s) DataTime = 0.001 (s) Losses = ['3.5073', '3.5073'] lr = 0.0002500
2025-10-30 00:57:01,607 - TopNet - INFO - [Epoch 149/150][Batch 1001/2622] BatchTime = 0.297 (s) DataTime = 0.001 (s) Losses = ['1.8402', '1.8402'] lr = 0.0002500
2025-10-30 00:57:28,182 - TopNet - INFO - [Epoch 149/150][Batch 1101/2622] BatchTime = 0.438 (s) DataTime = 0.001 (s) Losses = ['3.0706', '3.0706'] lr = 0.0002500
2025-10-30 00:57:55,358 - TopNet - INFO - [Epoch 149/150][Batch 1201/2622] BatchTime = 0.712 (s) DataTime = 0.001 (s) Losses = ['4.9340', '4.9340'] lr = 0.0002500
2025-10-30 00:58:22,411 - TopNet - INFO - [Epoch 149/150][Batch 1301/2622] BatchTime = 0.305 (s) DataTime = 0.001 (s) Losses = ['2.8577', '2.8577'] lr = 0.0002500
2025-10-30 00:58:50,101 - TopNet - INFO - [Epoch 149/150][Batch 1401/2622] BatchTime = 0.110 (s) DataTime = 0.001 (s) Losses = ['3.4231', '3.4231'] lr = 0.0002500
2025-10-30 00:59:19,279 - TopNet - INFO - [Epoch 149/150][Batch 1501/2622] BatchTime = 0.283 (s) DataTime = 0.001 (s) Losses = ['3.8756', '3.8756'] lr = 0.0002500
2025-10-30 00:59:46,174 - TopNet - INFO - [Epoch 149/150][Batch 1601/2622] BatchTime = 0.291 (s) DataTime = 0.001 (s) Losses = ['1.9145', '1.9145'] lr = 0.0002500
2025-10-30 01:00:13,812 - TopNet - INFO - [Epoch 149/150][Batch 1701/2622] BatchTime = 0.572 (s) DataTime = 0.001 (s) Losses = ['2.5845', '2.5845'] lr = 0.0002500
2025-10-30 01:00:40,136 - TopNet - INFO - [Epoch 149/150][Batch 1801/2622] BatchTime = 0.414 (s) DataTime = 0.001 (s) Losses = ['3.6818', '3.6818'] lr = 0.0002500
2025-10-30 01:01:08,467 - TopNet - INFO - [Epoch 149/150][Batch 1901/2622] BatchTime = 0.331 (s) DataTime = 0.001 (s) Losses = ['2.8076', '2.8076'] lr = 0.0002500
2025-10-30 01:01:35,117 - TopNet - INFO - [Epoch 149/150][Batch 2001/2622] BatchTime = 0.308 (s) DataTime = 0.001 (s) Losses = ['3.2399', '3.2399'] lr = 0.0002500
2025-10-30 01:02:01,566 - TopNet - INFO - [Epoch 149/150][Batch 2101/2622] BatchTime = 0.209 (s) DataTime = 0.001 (s) Losses = ['3.0928', '3.0928'] lr = 0.0002500
2025-10-30 01:02:27,233 - TopNet - INFO - [Epoch 149/150][Batch 2201/2622] BatchTime = 0.210 (s) DataTime = 0.001 (s) Losses = ['2.1579', '2.1579'] lr = 0.0002500
2025-10-30 01:02:54,942 - TopNet - INFO - [Epoch 149/150][Batch 2301/2622] BatchTime = 0.117 (s) DataTime = 0.001 (s) Losses = ['2.2007', '2.2007'] lr = 0.0002500
2025-10-30 01:03:20,719 - TopNet - INFO - [Epoch 149/150][Batch 2401/2622] BatchTime = 0.198 (s) DataTime = 0.001 (s) Losses = ['3.1295', '3.1295'] lr = 0.0002500
2025-10-30 01:03:48,746 - TopNet - INFO - [Epoch 149/150][Batch 2501/2622] BatchTime = 0.121 (s) DataTime = 0.001 (s) Losses = ['3.7846', '3.7846'] lr = 0.0002500
2025-10-30 01:04:16,769 - TopNet - INFO - [Epoch 149/150][Batch 2601/2622] BatchTime = 0.585 (s) DataTime = 0.001 (s) Losses = ['4.1470', '4.1470'] lr = 0.0002500
2025-10-30 01:04:22,511 - TopNet - INFO - [Training] EPOCH: 149 EpochTime = 711.753 (s) Losses = ['2.9653', '2.9653']
2025-10-30 01:04:22,608 - TopNet - INFO - Save checkpoint at ./experiments/TopNet/ShapeNet55_models/TopNet_fog/ckpt-last.pth
2025-10-30 01:04:22,672 - TopNet - INFO - Save checkpoint at ./experiments/TopNet/ShapeNet55_models/TopNet_fog/ckpt-epoch-149.pth
2025-10-30 01:04:22,961 - TopNet - INFO - [Epoch 150/150][Batch 1/2622] BatchTime = 0.289 (s) DataTime = 0.072 (s) Losses = ['2.3250', '2.3250'] lr = 0.0001250
2025-10-30 01:04:49,793 - TopNet - INFO - [Epoch 150/150][Batch 101/2622] BatchTime = 0.112 (s) DataTime = 0.001 (s) Losses = ['2.1153', '2.1153'] lr = 0.0001250
2025-10-30 01:05:16,978 - TopNet - INFO - [Epoch 150/150][Batch 201/2622] BatchTime = 0.267 (s) DataTime = 0.001 (s) Losses = ['3.7159', '3.7159'] lr = 0.0001250
2025-10-30 01:05:43,599 - TopNet - INFO - [Epoch 150/150][Batch 301/2622] BatchTime = 0.288 (s) DataTime = 0.001 (s) Losses = ['3.6743', '3.6743'] lr = 0.0001250
2025-10-30 01:06:09,080 - TopNet - INFO - [Epoch 150/150][Batch 401/2622] BatchTime = 0.301 (s) DataTime = 0.001 (s) Losses = ['3.4304', '3.4304'] lr = 0.0001250
2025-10-30 01:06:38,652 - TopNet - INFO - [Epoch 150/150][Batch 501/2622] BatchTime = 0.119 (s) DataTime = 0.001 (s) Losses = ['2.3052', '2.3052'] lr = 0.0001250
2025-10-30 01:07:05,325 - TopNet - INFO - [Epoch 150/150][Batch 601/2622] BatchTime = 0.231 (s) DataTime = 0.001 (s) Losses = ['3.3706', '3.3706'] lr = 0.0001250
2025-10-30 01:07:31,976 - TopNet - INFO - [Epoch 150/150][Batch 701/2622] BatchTime = 0.342 (s) DataTime = 0.001 (s) Losses = ['1.9501', '1.9501'] lr = 0.0001250
2025-10-30 01:07:59,040 - TopNet - INFO - [Epoch 150/150][Batch 801/2622] BatchTime = 0.225 (s) DataTime = 0.001 (s) Losses = ['2.9853', '2.9853'] lr = 0.0001250
2025-10-30 01:08:25,363 - TopNet - INFO - [Epoch 150/150][Batch 901/2622] BatchTime = 0.191 (s) DataTime = 0.001 (s) Losses = ['4.3339', '4.3339'] lr = 0.0001250
2025-10-30 01:08:51,958 - TopNet - INFO - [Epoch 150/150][Batch 1001/2622] BatchTime = 0.307 (s) DataTime = 0.001 (s) Losses = ['3.0443', '3.0443'] lr = 0.0001250
2025-10-30 01:09:21,429 - TopNet - INFO - [Epoch 150/150][Batch 1101/2622] BatchTime = 0.349 (s) DataTime = 0.001 (s) Losses = ['2.2789', '2.2789'] lr = 0.0001250
2025-10-30 01:09:46,237 - TopNet - INFO - [Epoch 150/150][Batch 1201/2622] BatchTime = 0.119 (s) DataTime = 0.001 (s) Losses = ['2.4742', '2.4742'] lr = 0.0001250
2025-10-30 01:10:15,039 - TopNet - INFO - [Epoch 150/150][Batch 1301/2622] BatchTime = 0.525 (s) DataTime = 0.001 (s) Losses = ['2.9249', '2.9249'] lr = 0.0001250
2025-10-30 01:10:42,479 - TopNet - INFO - [Epoch 150/150][Batch 1401/2622] BatchTime = 0.354 (s) DataTime = 0.001 (s) Losses = ['3.5634', '3.5634'] lr = 0.0001250
2025-10-30 01:11:07,200 - TopNet - INFO - [Epoch 150/150][Batch 1501/2622] BatchTime = 0.378 (s) DataTime = 0.001 (s) Losses = ['2.2311', '2.2311'] lr = 0.0001250
2025-10-30 01:11:36,558 - TopNet - INFO - [Epoch 150/150][Batch 1601/2622] BatchTime = 0.396 (s) DataTime = 0.001 (s) Losses = ['1.7716', '1.7716'] lr = 0.0001250
2025-10-30 01:12:06,008 - TopNet - INFO - [Epoch 150/150][Batch 1701/2622] BatchTime = 0.401 (s) DataTime = 0.001 (s) Losses = ['6.7920', '6.7920'] lr = 0.0001250
2025-10-30 01:12:34,975 - TopNet - INFO - [Epoch 150/150][Batch 1801/2622] BatchTime = 0.117 (s) DataTime = 0.001 (s) Losses = ['2.9940', '2.9940'] lr = 0.0001250
2025-10-30 01:13:00,887 - TopNet - INFO - [Epoch 150/150][Batch 1901/2622] BatchTime = 0.319 (s) DataTime = 0.001 (s) Losses = ['2.0181', '2.0181'] lr = 0.0001250
2025-10-30 01:13:28,027 - TopNet - INFO - [Epoch 150/150][Batch 2001/2622] BatchTime = 0.374 (s) DataTime = 0.001 (s) Losses = ['2.0069', '2.0069'] lr = 0.0001250
2025-10-30 01:13:55,808 - TopNet - INFO - [Epoch 150/150][Batch 2101/2622] BatchTime = 0.519 (s) DataTime = 0.001 (s) Losses = ['2.2355', '2.2355'] lr = 0.0001250
2025-10-30 01:14:23,458 - TopNet - INFO - [Epoch 150/150][Batch 2201/2622] BatchTime = 0.229 (s) DataTime = 0.001 (s) Losses = ['2.9504', '2.9504'] lr = 0.0001250
2025-10-30 01:14:51,230 - TopNet - INFO - [Epoch 150/150][Batch 2301/2622] BatchTime = 0.199 (s) DataTime = 0.001 (s) Losses = ['2.2759', '2.2759'] lr = 0.0001250
2025-10-30 01:15:16,880 - TopNet - INFO - [Epoch 150/150][Batch 2401/2622] BatchTime = 0.149 (s) DataTime = 0.001 (s) Losses = ['2.9348', '2.9348'] lr = 0.0001250
2025-10-30 01:15:44,128 - TopNet - INFO - [Epoch 150/150][Batch 2501/2622] BatchTime = 0.106 (s) DataTime = 0.001 (s) Losses = ['2.7822', '2.7822'] lr = 0.0001250
2025-10-30 01:16:13,726 - TopNet - INFO - [Epoch 150/150][Batch 2601/2622] BatchTime = 0.228 (s) DataTime = 0.001 (s) Losses = ['2.2719', '2.2719'] lr = 0.0001250
2025-10-30 01:16:19,743 - TopNet - INFO - [Training] EPOCH: 150 EpochTime = 717.071 (s) Losses = ['2.9274', '2.9274']
2025-10-30 01:16:19,743 - TopNet - INFO - [VALIDATION] Start validating epoch 150
2025-10-30 01:16:59,735 - TopNet - INFO - Test[1051/10518] Taxonomy = 02691156 Sample = c7749c0a8b61f43bc9b9e28055202e3d Losses = ['24.2505', '1.9693', '24.2505', '1.9693'] Metrics = ['0.1393', '24.2505', '1.9693', '0.0000']
2025-10-30 01:17:37,732 - TopNet - INFO - Test[2102/10518] Taxonomy = 03211117 Sample = ab2f9418c111cc6ddb965514105122a4 Losses = ['29.8274', '2.1359', '29.8274', '2.1359'] Metrics = ['0.0367', '29.8274', '2.1359', '0.0000']
2025-10-30 01:18:15,580 - TopNet - INFO - Test[3153/10518] Taxonomy = 02876657 Sample = c5032e4be091aabb36fe7a88df793982 Losses = ['48.0887', '5.9519', '48.0887', '5.9519'] Metrics = ['0.0140', '48.0887', '5.9519', '0.0000']
2025-10-30 01:18:53,818 - TopNet - INFO - Test[4204/10518] Taxonomy = 03211117 Sample = 722df1da5778d45b1e43523279c7f09f Losses = ['34.4187', '3.8078', '34.4187', '3.8078'] Metrics = ['0.0347', '34.4187', '3.8078', '0.0000']
2025-10-30 01:19:32,872 - TopNet - INFO - Test[5255/10518] Taxonomy = 02828884 Sample = 14b63361a48a9fffe4a048c146e8bd43 Losses = ['28.7205', '2.5662', '28.7205', '2.5662'] Metrics = ['0.0737', '28.7205', '2.5662', '0.0000']
2025-10-30 01:20:09,424 - TopNet - INFO - Test[6306/10518] Taxonomy = 03211117 Sample = d330d50a0255529d19ed6e1a590c9122 Losses = ['26.0788', '2.4780', '26.0788', '2.4780'] Metrics = ['0.1098', '26.0788', '2.4780', '0.0000']
2025-10-30 01:20:46,017 - TopNet - INFO - Test[7357/10518] Taxonomy = 04379243 Sample = b1ca280d9567270ade98d10ab5975b59 Losses = ['26.6785', '2.1667', '26.6785', '2.1667'] Metrics = ['0.0595', '26.6785', '2.1667', '0.0000']
2025-10-30 01:21:22,528 - TopNet - INFO - Test[8408/10518] Taxonomy = 03001627 Sample = 89208a619341d9fdb8c516ed5c4ce32 Losses = ['29.1540', '2.2524', '29.1540', '2.2524'] Metrics = ['0.0304', '29.1540', '2.2524', '0.0000']
2025-10-30 01:21:59,046 - TopNet - INFO - Test[9459/10518] Taxonomy = 03001627 Sample = d0255120e3351121c3bd24f986301745 Losses = ['33.8071', '2.9019', '33.8071', '2.9019'] Metrics = ['0.0277', '33.8071', '2.9019', '0.0000']
2025-10-30 01:22:36,244 - TopNet - INFO - Test[10510/10518] Taxonomy = 03636649 Sample = ea9ec4d9db2e06202471e6dd5ac3ef92 Losses = ['21.3889', '1.7663', '21.3889', '1.7663'] Metrics = ['0.2155', '21.3889', '1.7663', '0.0000']
2025-10-30 01:22:36,577 - TopNet - INFO - [Validation] EPOCH: 150  Metrics = ['0.0777', '31.5272', '3.3284', '0.0000']
2025-10-30 01:22:36,578 - TopNet - INFO - ============================ TEST RESULTS ============================
2025-10-30 01:22:36,578 - TopNet - INFO - Taxonomy	#Sample	F-Score	CDL1	CDL2	EMDistance	#ModelName	
2025-10-30 01:22:36,578 - TopNet - INFO - 03759954	14	0.092 	33.229 	4.397 	0.000 	microphone	
2025-10-30 01:22:36,578 - TopNet - INFO - 04330267	44	0.040 	34.123 	3.570 	0.000 	stove	
2025-10-30 01:22:36,578 - TopNet - INFO - 03261776	15	0.043 	42.688 	6.987 	0.000 	earphone	
2025-10-30 01:22:36,578 - TopNet - INFO - 03513137	33	0.012 	50.190 	7.698 	0.000 	helmet	
2025-10-30 01:22:36,578 - TopNet - INFO - 04460130	27	0.093 	29.491 	2.785 	0.000 	tower	
2025-10-30 01:22:36,578 - TopNet - INFO - 04468005	78	0.099 	25.048 	1.866 	0.000 	train	
2025-10-30 01:22:36,578 - TopNet - INFO - 03761084	31	0.019 	37.790 	4.100 	0.000 	microwaves	
2025-10-30 01:22:36,578 - TopNet - INFO - 04004475	34	0.025 	40.728 	4.998 	0.000 	printer	
2025-10-30 01:22:36,578 - TopNet - INFO - 03938244	20	0.033 	38.841 	4.629 	0.000 	pillow	
2025-10-30 01:22:36,578 - TopNet - INFO - 02992529	167	0.096 	22.580 	1.410 	0.000 	cellphone	
2025-10-30 01:22:36,578 - TopNet - INFO - 02808440	172	0.042 	33.875 	3.721 	0.000 	bathtub	
2025-10-30 01:22:36,578 - TopNet - INFO - 04530566	388	0.122 	24.436 	1.945 	0.000 	watercraft	
2025-10-30 01:22:36,578 - TopNet - INFO - 02871439	91	0.043 	33.490 	3.606 	0.000 	bookshelf	
2025-10-30 01:22:36,578 - TopNet - INFO - 03593526	120	0.033 	39.709 	5.076 	0.000 	jar	
2025-10-30 01:22:36,578 - TopNet - INFO - 04554684	34	0.016 	38.945 	4.214 	0.000 	washer	
2025-10-30 01:22:36,578 - TopNet - INFO - 03467517	160	0.324 	14.459 	0.644 	0.000 	guitar	
2025-10-30 01:22:36,578 - TopNet - INFO - 04401088	218	0.100 	22.317 	1.402 	0.000 	telephone	
2025-10-30 01:22:36,578 - TopNet - INFO - 02954340	12	0.023 	41.502 	5.887 	0.000 	cap	
2025-10-30 01:22:36,578 - TopNet - INFO - 02933112	315	0.042 	30.924 	2.779 	0.000 	cabinet	
2025-10-30 01:22:36,578 - TopNet - INFO - 03642806	92	0.096 	22.716 	1.427 	0.000 	laptop	
2025-10-30 01:22:36,578 - TopNet - INFO - 02924116	188	0.077 	26.001 	1.939 	0.000 	bus	
2025-10-30 01:22:36,578 - TopNet - INFO - 02946921	22	0.021 	36.483 	3.840 	0.000 	can	
2025-10-30 01:22:36,578 - TopNet - INFO - 02818832	47	0.036 	37.283 	4.295 	0.000 	bed	
2025-10-30 01:22:36,578 - TopNet - INFO - 04256520	635	0.045 	31.356 	2.805 	0.000 	sofa	
2025-10-30 01:22:36,578 - TopNet - INFO - 04379243	1687	0.097 	27.872 	2.808 	0.000 	table	
2025-10-30 01:22:36,578 - TopNet - INFO - 02747177	69	0.022 	35.988 	3.824 	0.000 	trash bin	
2025-10-30 01:22:36,578 - TopNet - INFO - 03046257	131	0.049 	32.478 	3.233 	0.000 	clock	
2025-10-30 01:22:36,578 - TopNet - INFO - 04225987	31	0.132 	23.541 	1.873 	0.000 	skateboard	
2025-10-30 01:22:36,578 - TopNet - INFO - 03797390	43	0.019 	37.526 	4.121 	0.000 	mug	
2025-10-30 01:22:36,578 - TopNet - INFO - 03001627	1356	0.061 	30.795 	3.063 	0.000 	chair	
2025-10-30 01:22:36,578 - TopNet - INFO - 03691459	320	0.032 	36.562 	4.013 	0.000 	loudspeaker	
2025-10-30 01:22:36,578 - TopNet - INFO - 02942699	23	0.023 	44.113 	6.073 	0.000 	camera	
2025-10-30 01:22:36,578 - TopNet - INFO - 03636649	464	0.087 	34.539 	4.814 	0.000 	lamp	
2025-10-30 01:22:36,578 - TopNet - INFO - 02691156	809	0.197 	20.405 	1.431 	0.000 	airplane	
2025-10-30 01:22:36,578 - TopNet - INFO - 02773838	17	0.044 	34.242 	3.905 	0.000 	bag	
2025-10-30 01:22:36,578 - TopNet - INFO - 02958343	703	0.055 	27.778 	2.156 	0.000 	car	
2025-10-30 01:22:36,578 - TopNet - INFO - 02880940	38	0.026 	35.873 	3.850 	0.000 	bowl	
2025-10-30 01:22:36,578 - TopNet - INFO - 04099429	17	0.223 	20.696 	1.491 	0.000 	rocket	
2025-10-30 01:22:36,578 - TopNet - INFO - 02828884	363	0.120 	25.619 	2.283 	0.000 	bench	
2025-10-30 01:22:36,578 - TopNet - INFO - 04090263	475	0.330 	16.412 	0.983 	0.000 	rifle	
2025-10-30 01:22:36,578 - TopNet - INFO - 03211117	219	0.063 	29.751 	2.693 	0.000 	display	
2025-10-30 01:22:36,578 - TopNet - INFO - 02876657	100	0.069 	26.576 	2.221 	0.000 	bottle	
2025-10-30 01:22:36,578 - TopNet - INFO - 03710193	19	0.064 	30.395 	2.874 	0.000 	mailbox	
2025-10-30 01:22:36,578 - TopNet - INFO - 03790512	68	0.067 	29.055 	2.520 	0.000 	motorbike	
2025-10-30 01:22:36,578 - TopNet - INFO - 03325088	149	0.054 	36.236 	4.706 	0.000 	faucet	
2025-10-30 01:22:36,578 - TopNet - INFO - 02801938	23	0.026 	37.455 	4.377 	0.000 	basket	
2025-10-30 01:22:36,578 - TopNet - INFO - 03337140	60	0.039 	32.371 	3.087 	0.000 	file cabinet	
2025-10-30 01:22:36,579 - TopNet - INFO - 02843684	15	0.026 	42.997 	5.836 	0.000 	birdhouse	
2025-10-30 01:22:36,579 - TopNet - INFO - 03624134	85	0.310 	15.539 	0.813 	0.000 	knife	
2025-10-30 01:22:36,579 - TopNet - INFO - 03991062	121	0.030 	40.006 	5.085 	0.000 	flowerpot	
2025-10-30 01:22:36,579 - TopNet - INFO - 03948459	62	0.139 	21.477 	1.404 	0.000 	pistol	
2025-10-30 01:22:36,579 - TopNet - INFO - 03928116	48	0.037 	39.018 	4.729 	0.000 	piano	
2025-10-30 01:22:36,579 - TopNet - INFO - 03207941	19	0.022 	36.276 	3.846 	0.000 	dishwasher	
2025-10-30 01:22:36,579 - TopNet - INFO - 04074963	14	0.089 	23.582 	1.553 	0.000 	remote	
2025-10-30 01:22:36,579 - TopNet - INFO - 03085013	13	0.146 	20.623 	1.378 	0.000 	keyboard	
2025-10-30 01:22:36,579 - TopNet - INFO - Overall		0.078 	31.527 	3.328 	0.000 	
2025-10-30 01:22:36,669 - TopNet - INFO - Save checkpoint at ./experiments/TopNet/ShapeNet55_models/TopNet_fog/ckpt-best.pth
2025-10-30 01:22:36,752 - TopNet - INFO - Save checkpoint at ./experiments/TopNet/ShapeNet55_models/TopNet_fog/ckpt-last.pth
2025-10-30 01:22:36,817 - TopNet - INFO - Save checkpoint at ./experiments/TopNet/ShapeNet55_models/TopNet_fog/ckpt-epoch-150.pth
