2025-07-08 22:04:48,934 - PoinTr - INFO - Copy the Config file from ./cfgs/ShapeNet55_models/PoinTr.yaml to ./experiments/PoinTr/ShapeNet55_models/PoinTr_fog/config.yaml
2025-07-08 22:04:48,935 - PoinTr - INFO - args.config : ./cfgs/ShapeNet55_models/PoinTr.yaml
2025-07-08 22:04:48,935 - PoinTr - INFO - args.launcher : none
2025-07-08 22:04:48,935 - PoinTr - INFO - args.local_rank : 0
2025-07-08 22:04:48,935 - PoinTr - INFO - args.num_workers : 4
2025-07-08 22:04:48,935 - PoinTr - INFO - args.seed : 0
2025-07-08 22:04:48,935 - PoinTr - INFO - args.deterministic : False
2025-07-08 22:04:48,935 - PoinTr - INFO - args.sync_bn : False
2025-07-08 22:04:48,935 - PoinTr - INFO - args.exp_name : PoinTr_fog
2025-07-08 22:04:48,935 - PoinTr - INFO - args.start_ckpts : None
2025-07-08 22:04:48,935 - PoinTr - INFO - args.ckpts : None
2025-07-08 22:04:48,935 - PoinTr - INFO - args.val_freq : 5
2025-07-08 22:04:48,935 - PoinTr - INFO - args.resume : False
2025-07-08 22:04:48,935 - PoinTr - INFO - args.test : False
2025-07-08 22:04:48,935 - PoinTr - INFO - args.mode : None
2025-07-08 22:04:48,935 - PoinTr - INFO - args.pcd_path : None
2025-07-08 22:04:48,935 - PoinTr - INFO - args.experiment_path : ./experiments/PoinTr/ShapeNet55_models/PoinTr_fog
2025-07-08 22:04:48,935 - PoinTr - INFO - args.tfboard_path : ./experiments/PoinTr/ShapeNet55_models/TFBoard/PoinTr_fog
2025-07-08 22:04:48,935 - PoinTr - INFO - args.log_name : PoinTr
2025-07-08 22:04:48,935 - PoinTr - INFO - args.use_gpu : True
2025-07-08 22:04:48,935 - PoinTr - INFO - args.distributed : False
2025-07-08 22:04:48,935 - PoinTr - INFO - config.optimizer = edict()
2025-07-08 22:04:48,935 - PoinTr - INFO - config.optimizer.type : AdamW
2025-07-08 22:04:48,935 - PoinTr - INFO - config.optimizer.kwargs = edict()
2025-07-08 22:04:48,935 - PoinTr - INFO - config.optimizer.kwargs.lr : 0.0005
2025-07-08 22:04:48,935 - PoinTr - INFO - config.optimizer.kwargs.weight_decay : 0.0005
2025-07-08 22:04:48,935 - PoinTr - INFO - config.scheduler = edict()
2025-07-08 22:04:48,935 - PoinTr - INFO - config.scheduler.type : LambdaLR
2025-07-08 22:04:48,935 - PoinTr - INFO - config.scheduler.kwargs = edict()
2025-07-08 22:04:48,935 - PoinTr - INFO - config.scheduler.kwargs.decay_step : 21
2025-07-08 22:04:48,935 - PoinTr - INFO - config.scheduler.kwargs.lr_decay : 0.76
2025-07-08 22:04:48,935 - PoinTr - INFO - config.scheduler.kwargs.lowest_decay : 0.02
2025-07-08 22:04:48,935 - PoinTr - INFO - config.bnmscheduler = edict()
2025-07-08 22:04:48,935 - PoinTr - INFO - config.bnmscheduler.type : Lambda
2025-07-08 22:04:48,935 - PoinTr - INFO - config.bnmscheduler.kwargs = edict()
2025-07-08 22:04:48,935 - PoinTr - INFO - config.bnmscheduler.kwargs.decay_step : 21
2025-07-08 22:04:48,935 - PoinTr - INFO - config.bnmscheduler.kwargs.bn_decay : 0.5
2025-07-08 22:04:48,935 - PoinTr - INFO - config.bnmscheduler.kwargs.bn_momentum : 0.9
2025-07-08 22:04:48,935 - PoinTr - INFO - config.bnmscheduler.kwargs.lowest_decay : 0.01
2025-07-08 22:04:48,935 - PoinTr - INFO - config.dataset = edict()
2025-07-08 22:04:48,935 - PoinTr - INFO - config.dataset.train = edict()
2025-07-08 22:04:48,935 - PoinTr - INFO - config.dataset.train._base_ = edict()
2025-07-08 22:04:48,935 - PoinTr - INFO - config.dataset.train._base_.NAME : ShapeNet
2025-07-08 22:04:48,935 - PoinTr - INFO - config.dataset.train._base_.DATA_PATH : data/ShapeNet55-34/ShapeNet-55
2025-07-08 22:04:48,935 - PoinTr - INFO - config.dataset.train._base_.N_POINTS : 8192
2025-07-08 22:04:48,935 - PoinTr - INFO - config.dataset.train._base_.PC_PATH : data/ShapeNet55-34/shapenet_pc
2025-07-08 22:04:48,935 - PoinTr - INFO - config.dataset.train.others = edict()
2025-07-08 22:04:48,935 - PoinTr - INFO - config.dataset.train.others.subset : train
2025-07-08 22:04:48,935 - PoinTr - INFO - config.dataset.train.others.bs : 64
2025-07-08 22:04:48,935 - PoinTr - INFO - config.dataset.val = edict()
2025-07-08 22:04:48,935 - PoinTr - INFO - config.dataset.val._base_ = edict()
2025-07-08 22:04:48,935 - PoinTr - INFO - config.dataset.val._base_.NAME : ShapeNet
2025-07-08 22:04:48,935 - PoinTr - INFO - config.dataset.val._base_.DATA_PATH : data/ShapeNet55-34/ShapeNet-55
2025-07-08 22:04:48,935 - PoinTr - INFO - config.dataset.val._base_.N_POINTS : 8192
2025-07-08 22:04:48,935 - PoinTr - INFO - config.dataset.val._base_.PC_PATH : data/ShapeNet55-34/shapenet_pc
2025-07-08 22:04:48,935 - PoinTr - INFO - config.dataset.val.others = edict()
2025-07-08 22:04:48,935 - PoinTr - INFO - config.dataset.val.others.subset : test
2025-07-08 22:04:48,935 - PoinTr - INFO - config.dataset.test = edict()
2025-07-08 22:04:48,935 - PoinTr - INFO - config.dataset.test._base_ = edict()
2025-07-08 22:04:48,935 - PoinTr - INFO - config.dataset.test._base_.NAME : ShapeNet
2025-07-08 22:04:48,935 - PoinTr - INFO - config.dataset.test._base_.DATA_PATH : data/ShapeNet55-34/ShapeNet-55
2025-07-08 22:04:48,935 - PoinTr - INFO - config.dataset.test._base_.N_POINTS : 8192
2025-07-08 22:04:48,935 - PoinTr - INFO - config.dataset.test._base_.PC_PATH : data/ShapeNet55-34/shapenet_pc
2025-07-08 22:04:48,935 - PoinTr - INFO - config.dataset.test.others = edict()
2025-07-08 22:04:48,935 - PoinTr - INFO - config.dataset.test.others.subset : test
2025-07-08 22:04:48,935 - PoinTr - INFO - config.model = edict()
2025-07-08 22:04:48,935 - PoinTr - INFO - config.model.NAME : PoinTr
2025-07-08 22:04:48,935 - PoinTr - INFO - config.model.num_pred : 6144
2025-07-08 22:04:48,935 - PoinTr - INFO - config.model.num_query : 96
2025-07-08 22:04:48,935 - PoinTr - INFO - config.model.knn_layer : 1
2025-07-08 22:04:48,935 - PoinTr - INFO - config.model.trans_dim : 384
2025-07-08 22:04:48,935 - PoinTr - INFO - config.total_bs : 64
2025-07-08 22:04:48,935 - PoinTr - INFO - config.step_per_update : 1
2025-07-08 22:04:48,936 - PoinTr - INFO - config.max_epoch : 200
2025-07-08 22:04:48,936 - PoinTr - INFO - config.consider_metric : CDL2
2025-07-08 22:04:48,936 - PoinTr - INFO - Distributed training: False
2025-07-08 22:04:48,936 - PoinTr - INFO - Set random seed to 0, deterministic: False
2025-07-08 22:04:49,378 - PoinTr - INFO - Trainable_parameters:
2025-07-08 22:04:49,378 - PoinTr - INFO - =========================
2025-07-08 22:04:49,378 - PoinTr - INFO - base_model.grouper.input_trans.weight
2025-07-08 22:04:49,378 - PoinTr - INFO - base_model.grouper.input_trans.bias
2025-07-08 22:04:49,378 - PoinTr - INFO - base_model.grouper.layer1.0.weight
2025-07-08 22:04:49,378 - PoinTr - INFO - base_model.grouper.layer1.1.weight
2025-07-08 22:04:49,378 - PoinTr - INFO - base_model.grouper.layer1.1.bias
2025-07-08 22:04:49,378 - PoinTr - INFO - base_model.grouper.layer2.0.weight
2025-07-08 22:04:49,378 - PoinTr - INFO - base_model.grouper.layer2.1.weight
2025-07-08 22:04:49,378 - PoinTr - INFO - base_model.grouper.layer2.1.bias
2025-07-08 22:04:49,378 - PoinTr - INFO - base_model.grouper.layer3.0.weight
2025-07-08 22:04:49,378 - PoinTr - INFO - base_model.grouper.layer3.1.weight
2025-07-08 22:04:49,378 - PoinTr - INFO - base_model.grouper.layer3.1.bias
2025-07-08 22:04:49,378 - PoinTr - INFO - base_model.grouper.layer4.0.weight
2025-07-08 22:04:49,378 - PoinTr - INFO - base_model.grouper.layer4.1.weight
2025-07-08 22:04:49,378 - PoinTr - INFO - base_model.grouper.layer4.1.bias
2025-07-08 22:04:49,378 - PoinTr - INFO - base_model.pos_embed.0.weight
2025-07-08 22:04:49,378 - PoinTr - INFO - base_model.pos_embed.0.bias
2025-07-08 22:04:49,378 - PoinTr - INFO - base_model.pos_embed.1.weight
2025-07-08 22:04:49,378 - PoinTr - INFO - base_model.pos_embed.1.bias
2025-07-08 22:04:49,378 - PoinTr - INFO - base_model.pos_embed.3.weight
2025-07-08 22:04:49,378 - PoinTr - INFO - base_model.pos_embed.3.bias
2025-07-08 22:04:49,378 - PoinTr - INFO - base_model.input_proj.0.weight
2025-07-08 22:04:49,378 - PoinTr - INFO - base_model.input_proj.0.bias
2025-07-08 22:04:49,378 - PoinTr - INFO - base_model.input_proj.1.weight
2025-07-08 22:04:49,378 - PoinTr - INFO - base_model.input_proj.1.bias
2025-07-08 22:04:49,378 - PoinTr - INFO - base_model.input_proj.3.weight
2025-07-08 22:04:49,378 - PoinTr - INFO - base_model.input_proj.3.bias
2025-07-08 22:04:49,378 - PoinTr - INFO - base_model.encoder.0.norm1.weight
2025-07-08 22:04:49,378 - PoinTr - INFO - base_model.encoder.0.norm1.bias
2025-07-08 22:04:49,378 - PoinTr - INFO - base_model.encoder.0.attn.qkv.weight
2025-07-08 22:04:49,378 - PoinTr - INFO - base_model.encoder.0.attn.proj.weight
2025-07-08 22:04:49,378 - PoinTr - INFO - base_model.encoder.0.attn.proj.bias
2025-07-08 22:04:49,378 - PoinTr - INFO - base_model.encoder.0.norm2.weight
2025-07-08 22:04:49,378 - PoinTr - INFO - base_model.encoder.0.norm2.bias
2025-07-08 22:04:49,378 - PoinTr - INFO - base_model.encoder.0.knn_map.0.weight
2025-07-08 22:04:49,378 - PoinTr - INFO - base_model.encoder.0.knn_map.0.bias
2025-07-08 22:04:49,378 - PoinTr - INFO - base_model.encoder.0.merge_map.weight
2025-07-08 22:04:49,378 - PoinTr - INFO - base_model.encoder.0.merge_map.bias
2025-07-08 22:04:49,378 - PoinTr - INFO - base_model.encoder.0.mlp.fc1.weight
2025-07-08 22:04:49,378 - PoinTr - INFO - base_model.encoder.0.mlp.fc1.bias
2025-07-08 22:04:49,378 - PoinTr - INFO - base_model.encoder.0.mlp.fc2.weight
2025-07-08 22:04:49,378 - PoinTr - INFO - base_model.encoder.0.mlp.fc2.bias
2025-07-08 22:04:49,378 - PoinTr - INFO - base_model.encoder.1.norm1.weight
2025-07-08 22:04:49,378 - PoinTr - INFO - base_model.encoder.1.norm1.bias
2025-07-08 22:04:49,378 - PoinTr - INFO - base_model.encoder.1.attn.qkv.weight
2025-07-08 22:04:49,378 - PoinTr - INFO - base_model.encoder.1.attn.proj.weight
2025-07-08 22:04:49,378 - PoinTr - INFO - base_model.encoder.1.attn.proj.bias
2025-07-08 22:04:49,378 - PoinTr - INFO - base_model.encoder.1.norm2.weight
2025-07-08 22:04:49,378 - PoinTr - INFO - base_model.encoder.1.norm2.bias
2025-07-08 22:04:49,378 - PoinTr - INFO - base_model.encoder.1.knn_map.0.weight
2025-07-08 22:04:49,378 - PoinTr - INFO - base_model.encoder.1.knn_map.0.bias
2025-07-08 22:04:49,379 - PoinTr - INFO - base_model.encoder.1.merge_map.weight
2025-07-08 22:04:49,379 - PoinTr - INFO - base_model.encoder.1.merge_map.bias
2025-07-08 22:04:49,379 - PoinTr - INFO - base_model.encoder.1.mlp.fc1.weight
2025-07-08 22:04:49,379 - PoinTr - INFO - base_model.encoder.1.mlp.fc1.bias
2025-07-08 22:04:49,379 - PoinTr - INFO - base_model.encoder.1.mlp.fc2.weight
2025-07-08 22:04:49,379 - PoinTr - INFO - base_model.encoder.1.mlp.fc2.bias
2025-07-08 22:04:49,379 - PoinTr - INFO - base_model.encoder.2.norm1.weight
2025-07-08 22:04:49,379 - PoinTr - INFO - base_model.encoder.2.norm1.bias
2025-07-08 22:04:49,379 - PoinTr - INFO - base_model.encoder.2.attn.qkv.weight
2025-07-08 22:04:49,379 - PoinTr - INFO - base_model.encoder.2.attn.proj.weight
2025-07-08 22:04:49,379 - PoinTr - INFO - base_model.encoder.2.attn.proj.bias
2025-07-08 22:04:49,379 - PoinTr - INFO - base_model.encoder.2.norm2.weight
2025-07-08 22:04:49,379 - PoinTr - INFO - base_model.encoder.2.norm2.bias
2025-07-08 22:04:49,379 - PoinTr - INFO - base_model.encoder.2.knn_map.0.weight
2025-07-08 22:04:49,379 - PoinTr - INFO - base_model.encoder.2.knn_map.0.bias
2025-07-08 22:04:49,379 - PoinTr - INFO - base_model.encoder.2.merge_map.weight
2025-07-08 22:04:49,379 - PoinTr - INFO - base_model.encoder.2.merge_map.bias
2025-07-08 22:04:49,379 - PoinTr - INFO - base_model.encoder.2.mlp.fc1.weight
2025-07-08 22:04:49,379 - PoinTr - INFO - base_model.encoder.2.mlp.fc1.bias
2025-07-08 22:04:49,379 - PoinTr - INFO - base_model.encoder.2.mlp.fc2.weight
2025-07-08 22:04:49,379 - PoinTr - INFO - base_model.encoder.2.mlp.fc2.bias
2025-07-08 22:04:49,379 - PoinTr - INFO - base_model.encoder.3.norm1.weight
2025-07-08 22:04:49,379 - PoinTr - INFO - base_model.encoder.3.norm1.bias
2025-07-08 22:04:49,379 - PoinTr - INFO - base_model.encoder.3.attn.qkv.weight
2025-07-08 22:04:49,379 - PoinTr - INFO - base_model.encoder.3.attn.proj.weight
2025-07-08 22:04:49,379 - PoinTr - INFO - base_model.encoder.3.attn.proj.bias
2025-07-08 22:04:49,379 - PoinTr - INFO - base_model.encoder.3.norm2.weight
2025-07-08 22:04:49,379 - PoinTr - INFO - base_model.encoder.3.norm2.bias
2025-07-08 22:04:49,379 - PoinTr - INFO - base_model.encoder.3.knn_map.0.weight
2025-07-08 22:04:49,379 - PoinTr - INFO - base_model.encoder.3.knn_map.0.bias
2025-07-08 22:04:49,379 - PoinTr - INFO - base_model.encoder.3.merge_map.weight
2025-07-08 22:04:49,379 - PoinTr - INFO - base_model.encoder.3.merge_map.bias
2025-07-08 22:04:49,379 - PoinTr - INFO - base_model.encoder.3.mlp.fc1.weight
2025-07-08 22:04:49,379 - PoinTr - INFO - base_model.encoder.3.mlp.fc1.bias
2025-07-08 22:04:49,379 - PoinTr - INFO - base_model.encoder.3.mlp.fc2.weight
2025-07-08 22:04:49,379 - PoinTr - INFO - base_model.encoder.3.mlp.fc2.bias
2025-07-08 22:04:49,379 - PoinTr - INFO - base_model.encoder.4.norm1.weight
2025-07-08 22:04:49,379 - PoinTr - INFO - base_model.encoder.4.norm1.bias
2025-07-08 22:04:49,379 - PoinTr - INFO - base_model.encoder.4.attn.qkv.weight
2025-07-08 22:04:49,379 - PoinTr - INFO - base_model.encoder.4.attn.proj.weight
2025-07-08 22:04:49,379 - PoinTr - INFO - base_model.encoder.4.attn.proj.bias
2025-07-08 22:04:49,379 - PoinTr - INFO - base_model.encoder.4.norm2.weight
2025-07-08 22:04:49,379 - PoinTr - INFO - base_model.encoder.4.norm2.bias
2025-07-08 22:04:49,379 - PoinTr - INFO - base_model.encoder.4.knn_map.0.weight
2025-07-08 22:04:49,379 - PoinTr - INFO - base_model.encoder.4.knn_map.0.bias
2025-07-08 22:04:49,379 - PoinTr - INFO - base_model.encoder.4.merge_map.weight
2025-07-08 22:04:49,379 - PoinTr - INFO - base_model.encoder.4.merge_map.bias
2025-07-08 22:04:49,379 - PoinTr - INFO - base_model.encoder.4.mlp.fc1.weight
2025-07-08 22:04:49,379 - PoinTr - INFO - base_model.encoder.4.mlp.fc1.bias
2025-07-08 22:04:49,379 - PoinTr - INFO - base_model.encoder.4.mlp.fc2.weight
2025-07-08 22:04:49,379 - PoinTr - INFO - base_model.encoder.4.mlp.fc2.bias
2025-07-08 22:04:49,379 - PoinTr - INFO - base_model.encoder.5.norm1.weight
2025-07-08 22:04:49,379 - PoinTr - INFO - base_model.encoder.5.norm1.bias
2025-07-08 22:04:49,379 - PoinTr - INFO - base_model.encoder.5.attn.qkv.weight
2025-07-08 22:04:49,379 - PoinTr - INFO - base_model.encoder.5.attn.proj.weight
2025-07-08 22:04:49,379 - PoinTr - INFO - base_model.encoder.5.attn.proj.bias
2025-07-08 22:04:49,379 - PoinTr - INFO - base_model.encoder.5.norm2.weight
2025-07-08 22:04:49,379 - PoinTr - INFO - base_model.encoder.5.norm2.bias
2025-07-08 22:04:49,379 - PoinTr - INFO - base_model.encoder.5.knn_map.0.weight
2025-07-08 22:04:49,379 - PoinTr - INFO - base_model.encoder.5.knn_map.0.bias
2025-07-08 22:04:49,379 - PoinTr - INFO - base_model.encoder.5.merge_map.weight
2025-07-08 22:04:49,379 - PoinTr - INFO - base_model.encoder.5.merge_map.bias
2025-07-08 22:04:49,379 - PoinTr - INFO - base_model.encoder.5.mlp.fc1.weight
2025-07-08 22:04:49,379 - PoinTr - INFO - base_model.encoder.5.mlp.fc1.bias
2025-07-08 22:04:49,379 - PoinTr - INFO - base_model.encoder.5.mlp.fc2.weight
2025-07-08 22:04:49,379 - PoinTr - INFO - base_model.encoder.5.mlp.fc2.bias
2025-07-08 22:04:49,379 - PoinTr - INFO - base_model.increase_dim.0.weight
2025-07-08 22:04:49,379 - PoinTr - INFO - base_model.increase_dim.0.bias
2025-07-08 22:04:49,379 - PoinTr - INFO - base_model.increase_dim.1.weight
2025-07-08 22:04:49,379 - PoinTr - INFO - base_model.increase_dim.1.bias
2025-07-08 22:04:49,380 - PoinTr - INFO - base_model.increase_dim.3.weight
2025-07-08 22:04:49,380 - PoinTr - INFO - base_model.increase_dim.3.bias
2025-07-08 22:04:49,380 - PoinTr - INFO - base_model.coarse_pred.0.weight
2025-07-08 22:04:49,380 - PoinTr - INFO - base_model.coarse_pred.0.bias
2025-07-08 22:04:49,380 - PoinTr - INFO - base_model.coarse_pred.2.weight
2025-07-08 22:04:49,380 - PoinTr - INFO - base_model.coarse_pred.2.bias
2025-07-08 22:04:49,380 - PoinTr - INFO - base_model.mlp_query.0.weight
2025-07-08 22:04:49,380 - PoinTr - INFO - base_model.mlp_query.0.bias
2025-07-08 22:04:49,380 - PoinTr - INFO - base_model.mlp_query.2.weight
2025-07-08 22:04:49,380 - PoinTr - INFO - base_model.mlp_query.2.bias
2025-07-08 22:04:49,380 - PoinTr - INFO - base_model.mlp_query.4.weight
2025-07-08 22:04:49,380 - PoinTr - INFO - base_model.mlp_query.4.bias
2025-07-08 22:04:49,380 - PoinTr - INFO - base_model.decoder.0.norm1.weight
2025-07-08 22:04:49,380 - PoinTr - INFO - base_model.decoder.0.norm1.bias
2025-07-08 22:04:49,380 - PoinTr - INFO - base_model.decoder.0.self_attn.qkv.weight
2025-07-08 22:04:49,380 - PoinTr - INFO - base_model.decoder.0.self_attn.proj.weight
2025-07-08 22:04:49,380 - PoinTr - INFO - base_model.decoder.0.self_attn.proj.bias
2025-07-08 22:04:49,380 - PoinTr - INFO - base_model.decoder.0.norm_q.weight
2025-07-08 22:04:49,380 - PoinTr - INFO - base_model.decoder.0.norm_q.bias
2025-07-08 22:04:49,380 - PoinTr - INFO - base_model.decoder.0.norm_v.weight
2025-07-08 22:04:49,380 - PoinTr - INFO - base_model.decoder.0.norm_v.bias
2025-07-08 22:04:49,380 - PoinTr - INFO - base_model.decoder.0.attn.q_map.weight
2025-07-08 22:04:49,380 - PoinTr - INFO - base_model.decoder.0.attn.k_map.weight
2025-07-08 22:04:49,380 - PoinTr - INFO - base_model.decoder.0.attn.v_map.weight
2025-07-08 22:04:49,380 - PoinTr - INFO - base_model.decoder.0.attn.proj.weight
2025-07-08 22:04:49,380 - PoinTr - INFO - base_model.decoder.0.attn.proj.bias
2025-07-08 22:04:49,380 - PoinTr - INFO - base_model.decoder.0.norm2.weight
2025-07-08 22:04:49,380 - PoinTr - INFO - base_model.decoder.0.norm2.bias
2025-07-08 22:04:49,380 - PoinTr - INFO - base_model.decoder.0.mlp.fc1.weight
2025-07-08 22:04:49,380 - PoinTr - INFO - base_model.decoder.0.mlp.fc1.bias
2025-07-08 22:04:49,380 - PoinTr - INFO - base_model.decoder.0.mlp.fc2.weight
2025-07-08 22:04:49,380 - PoinTr - INFO - base_model.decoder.0.mlp.fc2.bias
2025-07-08 22:04:49,380 - PoinTr - INFO - base_model.decoder.0.knn_map.0.weight
2025-07-08 22:04:49,380 - PoinTr - INFO - base_model.decoder.0.knn_map.0.bias
2025-07-08 22:04:49,380 - PoinTr - INFO - base_model.decoder.0.merge_map.weight
2025-07-08 22:04:49,380 - PoinTr - INFO - base_model.decoder.0.merge_map.bias
2025-07-08 22:04:49,380 - PoinTr - INFO - base_model.decoder.0.knn_map_cross.0.weight
2025-07-08 22:04:49,380 - PoinTr - INFO - base_model.decoder.0.knn_map_cross.0.bias
2025-07-08 22:04:49,380 - PoinTr - INFO - base_model.decoder.0.merge_map_cross.weight
2025-07-08 22:04:49,380 - PoinTr - INFO - base_model.decoder.0.merge_map_cross.bias
2025-07-08 22:04:49,380 - PoinTr - INFO - base_model.decoder.1.norm1.weight
2025-07-08 22:04:49,380 - PoinTr - INFO - base_model.decoder.1.norm1.bias
2025-07-08 22:04:49,380 - PoinTr - INFO - base_model.decoder.1.self_attn.qkv.weight
2025-07-08 22:04:49,380 - PoinTr - INFO - base_model.decoder.1.self_attn.proj.weight
2025-07-08 22:04:49,380 - PoinTr - INFO - base_model.decoder.1.self_attn.proj.bias
2025-07-08 22:04:49,380 - PoinTr - INFO - base_model.decoder.1.norm_q.weight
2025-07-08 22:04:49,380 - PoinTr - INFO - base_model.decoder.1.norm_q.bias
2025-07-08 22:04:49,380 - PoinTr - INFO - base_model.decoder.1.norm_v.weight
2025-07-08 22:04:49,380 - PoinTr - INFO - base_model.decoder.1.norm_v.bias
2025-07-08 22:04:49,380 - PoinTr - INFO - base_model.decoder.1.attn.q_map.weight
2025-07-08 22:04:49,380 - PoinTr - INFO - base_model.decoder.1.attn.k_map.weight
2025-07-08 22:04:49,380 - PoinTr - INFO - base_model.decoder.1.attn.v_map.weight
2025-07-08 22:04:49,380 - PoinTr - INFO - base_model.decoder.1.attn.proj.weight
2025-07-08 22:04:49,380 - PoinTr - INFO - base_model.decoder.1.attn.proj.bias
2025-07-08 22:04:49,380 - PoinTr - INFO - base_model.decoder.1.norm2.weight
2025-07-08 22:04:49,380 - PoinTr - INFO - base_model.decoder.1.norm2.bias
2025-07-08 22:04:49,380 - PoinTr - INFO - base_model.decoder.1.mlp.fc1.weight
2025-07-08 22:04:49,380 - PoinTr - INFO - base_model.decoder.1.mlp.fc1.bias
2025-07-08 22:04:49,380 - PoinTr - INFO - base_model.decoder.1.mlp.fc2.weight
2025-07-08 22:04:49,380 - PoinTr - INFO - base_model.decoder.1.mlp.fc2.bias
2025-07-08 22:04:49,380 - PoinTr - INFO - base_model.decoder.1.knn_map.0.weight
2025-07-08 22:04:49,380 - PoinTr - INFO - base_model.decoder.1.knn_map.0.bias
2025-07-08 22:04:49,380 - PoinTr - INFO - base_model.decoder.1.merge_map.weight
2025-07-08 22:04:49,380 - PoinTr - INFO - base_model.decoder.1.merge_map.bias
2025-07-08 22:04:49,380 - PoinTr - INFO - base_model.decoder.1.knn_map_cross.0.weight
2025-07-08 22:04:49,380 - PoinTr - INFO - base_model.decoder.1.knn_map_cross.0.bias
2025-07-08 22:04:49,380 - PoinTr - INFO - base_model.decoder.1.merge_map_cross.weight
2025-07-08 22:04:49,380 - PoinTr - INFO - base_model.decoder.1.merge_map_cross.bias
2025-07-08 22:04:49,380 - PoinTr - INFO - base_model.decoder.2.norm1.weight
2025-07-08 22:04:49,380 - PoinTr - INFO - base_model.decoder.2.norm1.bias
2025-07-08 22:04:49,380 - PoinTr - INFO - base_model.decoder.2.self_attn.qkv.weight
2025-07-08 22:04:49,381 - PoinTr - INFO - base_model.decoder.2.self_attn.proj.weight
2025-07-08 22:04:49,381 - PoinTr - INFO - base_model.decoder.2.self_attn.proj.bias
2025-07-08 22:04:49,381 - PoinTr - INFO - base_model.decoder.2.norm_q.weight
2025-07-08 22:04:49,381 - PoinTr - INFO - base_model.decoder.2.norm_q.bias
2025-07-08 22:04:49,381 - PoinTr - INFO - base_model.decoder.2.norm_v.weight
2025-07-08 22:04:49,381 - PoinTr - INFO - base_model.decoder.2.norm_v.bias
2025-07-08 22:04:49,381 - PoinTr - INFO - base_model.decoder.2.attn.q_map.weight
2025-07-08 22:04:49,381 - PoinTr - INFO - base_model.decoder.2.attn.k_map.weight
2025-07-08 22:04:49,381 - PoinTr - INFO - base_model.decoder.2.attn.v_map.weight
2025-07-08 22:04:49,381 - PoinTr - INFO - base_model.decoder.2.attn.proj.weight
2025-07-08 22:04:49,381 - PoinTr - INFO - base_model.decoder.2.attn.proj.bias
2025-07-08 22:04:49,381 - PoinTr - INFO - base_model.decoder.2.norm2.weight
2025-07-08 22:04:49,381 - PoinTr - INFO - base_model.decoder.2.norm2.bias
2025-07-08 22:04:49,381 - PoinTr - INFO - base_model.decoder.2.mlp.fc1.weight
2025-07-08 22:04:49,381 - PoinTr - INFO - base_model.decoder.2.mlp.fc1.bias
2025-07-08 22:04:49,381 - PoinTr - INFO - base_model.decoder.2.mlp.fc2.weight
2025-07-08 22:04:49,381 - PoinTr - INFO - base_model.decoder.2.mlp.fc2.bias
2025-07-08 22:04:49,381 - PoinTr - INFO - base_model.decoder.2.knn_map.0.weight
2025-07-08 22:04:49,381 - PoinTr - INFO - base_model.decoder.2.knn_map.0.bias
2025-07-08 22:04:49,381 - PoinTr - INFO - base_model.decoder.2.merge_map.weight
2025-07-08 22:04:49,381 - PoinTr - INFO - base_model.decoder.2.merge_map.bias
2025-07-08 22:04:49,381 - PoinTr - INFO - base_model.decoder.2.knn_map_cross.0.weight
2025-07-08 22:04:49,381 - PoinTr - INFO - base_model.decoder.2.knn_map_cross.0.bias
2025-07-08 22:04:49,381 - PoinTr - INFO - base_model.decoder.2.merge_map_cross.weight
2025-07-08 22:04:49,381 - PoinTr - INFO - base_model.decoder.2.merge_map_cross.bias
2025-07-08 22:04:49,381 - PoinTr - INFO - base_model.decoder.3.norm1.weight
2025-07-08 22:04:49,381 - PoinTr - INFO - base_model.decoder.3.norm1.bias
2025-07-08 22:04:49,381 - PoinTr - INFO - base_model.decoder.3.self_attn.qkv.weight
2025-07-08 22:04:49,381 - PoinTr - INFO - base_model.decoder.3.self_attn.proj.weight
2025-07-08 22:04:49,381 - PoinTr - INFO - base_model.decoder.3.self_attn.proj.bias
2025-07-08 22:04:49,381 - PoinTr - INFO - base_model.decoder.3.norm_q.weight
2025-07-08 22:04:49,381 - PoinTr - INFO - base_model.decoder.3.norm_q.bias
2025-07-08 22:04:49,381 - PoinTr - INFO - base_model.decoder.3.norm_v.weight
2025-07-08 22:04:49,381 - PoinTr - INFO - base_model.decoder.3.norm_v.bias
2025-07-08 22:04:49,381 - PoinTr - INFO - base_model.decoder.3.attn.q_map.weight
2025-07-08 22:04:49,381 - PoinTr - INFO - base_model.decoder.3.attn.k_map.weight
2025-07-08 22:04:49,381 - PoinTr - INFO - base_model.decoder.3.attn.v_map.weight
2025-07-08 22:04:49,381 - PoinTr - INFO - base_model.decoder.3.attn.proj.weight
2025-07-08 22:04:49,381 - PoinTr - INFO - base_model.decoder.3.attn.proj.bias
2025-07-08 22:04:49,381 - PoinTr - INFO - base_model.decoder.3.norm2.weight
2025-07-08 22:04:49,381 - PoinTr - INFO - base_model.decoder.3.norm2.bias
2025-07-08 22:04:49,381 - PoinTr - INFO - base_model.decoder.3.mlp.fc1.weight
2025-07-08 22:04:49,381 - PoinTr - INFO - base_model.decoder.3.mlp.fc1.bias
2025-07-08 22:04:49,381 - PoinTr - INFO - base_model.decoder.3.mlp.fc2.weight
2025-07-08 22:04:49,381 - PoinTr - INFO - base_model.decoder.3.mlp.fc2.bias
2025-07-08 22:04:49,381 - PoinTr - INFO - base_model.decoder.3.knn_map.0.weight
2025-07-08 22:04:49,381 - PoinTr - INFO - base_model.decoder.3.knn_map.0.bias
2025-07-08 22:04:49,381 - PoinTr - INFO - base_model.decoder.3.merge_map.weight
2025-07-08 22:04:49,381 - PoinTr - INFO - base_model.decoder.3.merge_map.bias
2025-07-08 22:04:49,381 - PoinTr - INFO - base_model.decoder.3.knn_map_cross.0.weight
2025-07-08 22:04:49,381 - PoinTr - INFO - base_model.decoder.3.knn_map_cross.0.bias
2025-07-08 22:04:49,381 - PoinTr - INFO - base_model.decoder.3.merge_map_cross.weight
2025-07-08 22:04:49,381 - PoinTr - INFO - base_model.decoder.3.merge_map_cross.bias
2025-07-08 22:04:49,381 - PoinTr - INFO - base_model.decoder.4.norm1.weight
2025-07-08 22:04:49,381 - PoinTr - INFO - base_model.decoder.4.norm1.bias
2025-07-08 22:04:49,381 - PoinTr - INFO - base_model.decoder.4.self_attn.qkv.weight
2025-07-08 22:04:49,381 - PoinTr - INFO - base_model.decoder.4.self_attn.proj.weight
2025-07-08 22:04:49,381 - PoinTr - INFO - base_model.decoder.4.self_attn.proj.bias
2025-07-08 22:04:49,381 - PoinTr - INFO - base_model.decoder.4.norm_q.weight
2025-07-08 22:04:49,381 - PoinTr - INFO - base_model.decoder.4.norm_q.bias
2025-07-08 22:04:49,381 - PoinTr - INFO - base_model.decoder.4.norm_v.weight
2025-07-08 22:04:49,381 - PoinTr - INFO - base_model.decoder.4.norm_v.bias
2025-07-08 22:04:49,381 - PoinTr - INFO - base_model.decoder.4.attn.q_map.weight
2025-07-08 22:04:49,381 - PoinTr - INFO - base_model.decoder.4.attn.k_map.weight
2025-07-08 22:04:49,381 - PoinTr - INFO - base_model.decoder.4.attn.v_map.weight
2025-07-08 22:04:49,381 - PoinTr - INFO - base_model.decoder.4.attn.proj.weight
2025-07-08 22:04:49,381 - PoinTr - INFO - base_model.decoder.4.attn.proj.bias
2025-07-08 22:04:49,381 - PoinTr - INFO - base_model.decoder.4.norm2.weight
2025-07-08 22:04:49,381 - PoinTr - INFO - base_model.decoder.4.norm2.bias
2025-07-08 22:04:49,381 - PoinTr - INFO - base_model.decoder.4.mlp.fc1.weight
2025-07-08 22:04:49,381 - PoinTr - INFO - base_model.decoder.4.mlp.fc1.bias
2025-07-08 22:04:49,382 - PoinTr - INFO - base_model.decoder.4.mlp.fc2.weight
2025-07-08 22:04:49,382 - PoinTr - INFO - base_model.decoder.4.mlp.fc2.bias
2025-07-08 22:04:49,382 - PoinTr - INFO - base_model.decoder.4.knn_map.0.weight
2025-07-08 22:04:49,382 - PoinTr - INFO - base_model.decoder.4.knn_map.0.bias
2025-07-08 22:04:49,382 - PoinTr - INFO - base_model.decoder.4.merge_map.weight
2025-07-08 22:04:49,382 - PoinTr - INFO - base_model.decoder.4.merge_map.bias
2025-07-08 22:04:49,382 - PoinTr - INFO - base_model.decoder.4.knn_map_cross.0.weight
2025-07-08 22:04:49,382 - PoinTr - INFO - base_model.decoder.4.knn_map_cross.0.bias
2025-07-08 22:04:49,382 - PoinTr - INFO - base_model.decoder.4.merge_map_cross.weight
2025-07-08 22:04:49,382 - PoinTr - INFO - base_model.decoder.4.merge_map_cross.bias
2025-07-08 22:04:49,382 - PoinTr - INFO - base_model.decoder.5.norm1.weight
2025-07-08 22:04:49,382 - PoinTr - INFO - base_model.decoder.5.norm1.bias
2025-07-08 22:04:49,382 - PoinTr - INFO - base_model.decoder.5.self_attn.qkv.weight
2025-07-08 22:04:49,382 - PoinTr - INFO - base_model.decoder.5.self_attn.proj.weight
2025-07-08 22:04:49,382 - PoinTr - INFO - base_model.decoder.5.self_attn.proj.bias
2025-07-08 22:04:49,382 - PoinTr - INFO - base_model.decoder.5.norm_q.weight
2025-07-08 22:04:49,382 - PoinTr - INFO - base_model.decoder.5.norm_q.bias
2025-07-08 22:04:49,382 - PoinTr - INFO - base_model.decoder.5.norm_v.weight
2025-07-08 22:04:49,382 - PoinTr - INFO - base_model.decoder.5.norm_v.bias
2025-07-08 22:04:49,382 - PoinTr - INFO - base_model.decoder.5.attn.q_map.weight
2025-07-08 22:04:49,382 - PoinTr - INFO - base_model.decoder.5.attn.k_map.weight
2025-07-08 22:04:49,382 - PoinTr - INFO - base_model.decoder.5.attn.v_map.weight
2025-07-08 22:04:49,382 - PoinTr - INFO - base_model.decoder.5.attn.proj.weight
2025-07-08 22:04:49,382 - PoinTr - INFO - base_model.decoder.5.attn.proj.bias
2025-07-08 22:04:49,382 - PoinTr - INFO - base_model.decoder.5.norm2.weight
2025-07-08 22:04:49,382 - PoinTr - INFO - base_model.decoder.5.norm2.bias
2025-07-08 22:04:49,382 - PoinTr - INFO - base_model.decoder.5.mlp.fc1.weight
2025-07-08 22:04:49,382 - PoinTr - INFO - base_model.decoder.5.mlp.fc1.bias
2025-07-08 22:04:49,382 - PoinTr - INFO - base_model.decoder.5.mlp.fc2.weight
2025-07-08 22:04:49,382 - PoinTr - INFO - base_model.decoder.5.mlp.fc2.bias
2025-07-08 22:04:49,382 - PoinTr - INFO - base_model.decoder.5.knn_map.0.weight
2025-07-08 22:04:49,382 - PoinTr - INFO - base_model.decoder.5.knn_map.0.bias
2025-07-08 22:04:49,382 - PoinTr - INFO - base_model.decoder.5.merge_map.weight
2025-07-08 22:04:49,382 - PoinTr - INFO - base_model.decoder.5.merge_map.bias
2025-07-08 22:04:49,382 - PoinTr - INFO - base_model.decoder.5.knn_map_cross.0.weight
2025-07-08 22:04:49,382 - PoinTr - INFO - base_model.decoder.5.knn_map_cross.0.bias
2025-07-08 22:04:49,382 - PoinTr - INFO - base_model.decoder.5.merge_map_cross.weight
2025-07-08 22:04:49,382 - PoinTr - INFO - base_model.decoder.5.merge_map_cross.bias
2025-07-08 22:04:49,382 - PoinTr - INFO - base_model.decoder.6.norm1.weight
2025-07-08 22:04:49,382 - PoinTr - INFO - base_model.decoder.6.norm1.bias
2025-07-08 22:04:49,382 - PoinTr - INFO - base_model.decoder.6.self_attn.qkv.weight
2025-07-08 22:04:49,382 - PoinTr - INFO - base_model.decoder.6.self_attn.proj.weight
2025-07-08 22:04:49,382 - PoinTr - INFO - base_model.decoder.6.self_attn.proj.bias
2025-07-08 22:04:49,382 - PoinTr - INFO - base_model.decoder.6.norm_q.weight
2025-07-08 22:04:49,382 - PoinTr - INFO - base_model.decoder.6.norm_q.bias
2025-07-08 22:04:49,382 - PoinTr - INFO - base_model.decoder.6.norm_v.weight
2025-07-08 22:04:49,382 - PoinTr - INFO - base_model.decoder.6.norm_v.bias
2025-07-08 22:04:49,382 - PoinTr - INFO - base_model.decoder.6.attn.q_map.weight
2025-07-08 22:04:49,382 - PoinTr - INFO - base_model.decoder.6.attn.k_map.weight
2025-07-08 22:04:49,382 - PoinTr - INFO - base_model.decoder.6.attn.v_map.weight
2025-07-08 22:04:49,382 - PoinTr - INFO - base_model.decoder.6.attn.proj.weight
2025-07-08 22:04:49,382 - PoinTr - INFO - base_model.decoder.6.attn.proj.bias
2025-07-08 22:04:49,382 - PoinTr - INFO - base_model.decoder.6.norm2.weight
2025-07-08 22:04:49,382 - PoinTr - INFO - base_model.decoder.6.norm2.bias
2025-07-08 22:04:49,382 - PoinTr - INFO - base_model.decoder.6.mlp.fc1.weight
2025-07-08 22:04:49,382 - PoinTr - INFO - base_model.decoder.6.mlp.fc1.bias
2025-07-08 22:04:49,382 - PoinTr - INFO - base_model.decoder.6.mlp.fc2.weight
2025-07-08 22:04:49,382 - PoinTr - INFO - base_model.decoder.6.mlp.fc2.bias
2025-07-08 22:04:49,382 - PoinTr - INFO - base_model.decoder.6.knn_map.0.weight
2025-07-08 22:04:49,382 - PoinTr - INFO - base_model.decoder.6.knn_map.0.bias
2025-07-08 22:04:49,382 - PoinTr - INFO - base_model.decoder.6.merge_map.weight
2025-07-08 22:04:49,382 - PoinTr - INFO - base_model.decoder.6.merge_map.bias
2025-07-08 22:04:49,382 - PoinTr - INFO - base_model.decoder.6.knn_map_cross.0.weight
2025-07-08 22:04:49,382 - PoinTr - INFO - base_model.decoder.6.knn_map_cross.0.bias
2025-07-08 22:04:49,382 - PoinTr - INFO - base_model.decoder.6.merge_map_cross.weight
2025-07-08 22:04:49,382 - PoinTr - INFO - base_model.decoder.6.merge_map_cross.bias
2025-07-08 22:04:49,382 - PoinTr - INFO - base_model.decoder.7.norm1.weight
2025-07-08 22:04:49,382 - PoinTr - INFO - base_model.decoder.7.norm1.bias
2025-07-08 22:04:49,382 - PoinTr - INFO - base_model.decoder.7.self_attn.qkv.weight
2025-07-08 22:04:49,382 - PoinTr - INFO - base_model.decoder.7.self_attn.proj.weight
2025-07-08 22:04:49,382 - PoinTr - INFO - base_model.decoder.7.self_attn.proj.bias
2025-07-08 22:04:49,382 - PoinTr - INFO - base_model.decoder.7.norm_q.weight
2025-07-08 22:04:49,382 - PoinTr - INFO - base_model.decoder.7.norm_q.bias
2025-07-08 22:04:49,383 - PoinTr - INFO - base_model.decoder.7.norm_v.weight
2025-07-08 22:04:49,383 - PoinTr - INFO - base_model.decoder.7.norm_v.bias
2025-07-08 22:04:49,383 - PoinTr - INFO - base_model.decoder.7.attn.q_map.weight
2025-07-08 22:04:49,383 - PoinTr - INFO - base_model.decoder.7.attn.k_map.weight
2025-07-08 22:04:49,383 - PoinTr - INFO - base_model.decoder.7.attn.v_map.weight
2025-07-08 22:04:49,383 - PoinTr - INFO - base_model.decoder.7.attn.proj.weight
2025-07-08 22:04:49,383 - PoinTr - INFO - base_model.decoder.7.attn.proj.bias
2025-07-08 22:04:49,383 - PoinTr - INFO - base_model.decoder.7.norm2.weight
2025-07-08 22:04:49,383 - PoinTr - INFO - base_model.decoder.7.norm2.bias
2025-07-08 22:04:49,383 - PoinTr - INFO - base_model.decoder.7.mlp.fc1.weight
2025-07-08 22:04:49,383 - PoinTr - INFO - base_model.decoder.7.mlp.fc1.bias
2025-07-08 22:04:49,383 - PoinTr - INFO - base_model.decoder.7.mlp.fc2.weight
2025-07-08 22:04:49,383 - PoinTr - INFO - base_model.decoder.7.mlp.fc2.bias
2025-07-08 22:04:49,383 - PoinTr - INFO - base_model.decoder.7.knn_map.0.weight
2025-07-08 22:04:49,383 - PoinTr - INFO - base_model.decoder.7.knn_map.0.bias
2025-07-08 22:04:49,383 - PoinTr - INFO - base_model.decoder.7.merge_map.weight
2025-07-08 22:04:49,383 - PoinTr - INFO - base_model.decoder.7.merge_map.bias
2025-07-08 22:04:49,383 - PoinTr - INFO - base_model.decoder.7.knn_map_cross.0.weight
2025-07-08 22:04:49,383 - PoinTr - INFO - base_model.decoder.7.knn_map_cross.0.bias
2025-07-08 22:04:49,383 - PoinTr - INFO - base_model.decoder.7.merge_map_cross.weight
2025-07-08 22:04:49,383 - PoinTr - INFO - base_model.decoder.7.merge_map_cross.bias
2025-07-08 22:04:49,383 - PoinTr - INFO - foldingnet.folding1.0.weight
2025-07-08 22:04:49,383 - PoinTr - INFO - foldingnet.folding1.0.bias
2025-07-08 22:04:49,383 - PoinTr - INFO - foldingnet.folding1.1.weight
2025-07-08 22:04:49,383 - PoinTr - INFO - foldingnet.folding1.1.bias
2025-07-08 22:04:49,383 - PoinTr - INFO - foldingnet.folding1.3.weight
2025-07-08 22:04:49,383 - PoinTr - INFO - foldingnet.folding1.3.bias
2025-07-08 22:04:49,383 - PoinTr - INFO - foldingnet.folding1.4.weight
2025-07-08 22:04:49,383 - PoinTr - INFO - foldingnet.folding1.4.bias
2025-07-08 22:04:49,383 - PoinTr - INFO - foldingnet.folding1.6.weight
2025-07-08 22:04:49,383 - PoinTr - INFO - foldingnet.folding1.6.bias
2025-07-08 22:04:49,383 - PoinTr - INFO - foldingnet.folding2.0.weight
2025-07-08 22:04:49,383 - PoinTr - INFO - foldingnet.folding2.0.bias
2025-07-08 22:04:49,383 - PoinTr - INFO - foldingnet.folding2.1.weight
2025-07-08 22:04:49,383 - PoinTr - INFO - foldingnet.folding2.1.bias
2025-07-08 22:04:49,383 - PoinTr - INFO - foldingnet.folding2.3.weight
2025-07-08 22:04:49,383 - PoinTr - INFO - foldingnet.folding2.3.bias
2025-07-08 22:04:49,383 - PoinTr - INFO - foldingnet.folding2.4.weight
2025-07-08 22:04:49,383 - PoinTr - INFO - foldingnet.folding2.4.bias
2025-07-08 22:04:49,383 - PoinTr - INFO - foldingnet.folding2.6.weight
2025-07-08 22:04:49,383 - PoinTr - INFO - foldingnet.folding2.6.bias
2025-07-08 22:04:49,383 - PoinTr - INFO - increase_dim.0.weight
2025-07-08 22:04:49,383 - PoinTr - INFO - increase_dim.0.bias
2025-07-08 22:04:49,383 - PoinTr - INFO - increase_dim.1.weight
2025-07-08 22:04:49,383 - PoinTr - INFO - increase_dim.1.bias
2025-07-08 22:04:49,383 - PoinTr - INFO - increase_dim.3.weight
2025-07-08 22:04:49,383 - PoinTr - INFO - increase_dim.3.bias
2025-07-08 22:04:49,383 - PoinTr - INFO - reduce_map.weight
2025-07-08 22:04:49,383 - PoinTr - INFO - reduce_map.bias
2025-07-08 22:04:49,383 - PoinTr - INFO - =========================
2025-07-08 22:04:49,383 - PoinTr - INFO - Untrainable_parameters:
2025-07-08 22:04:49,383 - PoinTr - INFO - =========================
2025-07-08 22:04:49,384 - PoinTr - INFO - =========================
2025-07-08 22:04:49,384 - PoinTr - INFO - Using Data parallel ...
2025-07-08 22:04:52,708 - PoinTr - INFO - [Epoch 0/200][Batch 1/655] BatchTime = 3.320 (s) DataTime = 0.088 (s) Losses = ['389.8508', '295.3496'] lr = 0.0005000
2025-07-08 22:06:52,743 - PoinTr - INFO - [Epoch 0/200][Batch 101/655] BatchTime = 1.482 (s) DataTime = 0.001 (s) Losses = ['313.0158', '99.1539'] lr = 0.0005000
2025-07-08 22:08:48,255 - PoinTr - INFO - [Epoch 0/200][Batch 201/655] BatchTime = 0.813 (s) DataTime = 0.001 (s) Losses = ['268.4649', '77.4358'] lr = 0.0005000
2025-07-08 22:10:46,584 - PoinTr - INFO - [Epoch 0/200][Batch 301/655] BatchTime = 1.384 (s) DataTime = 0.001 (s) Losses = ['284.4443', '71.5386'] lr = 0.0005000
2025-07-08 22:12:43,914 - PoinTr - INFO - [Epoch 0/200][Batch 401/655] BatchTime = 0.705 (s) DataTime = 0.001 (s) Losses = ['291.2865', '75.9274'] lr = 0.0005000
2025-07-08 22:14:39,546 - PoinTr - INFO - [Epoch 0/200][Batch 501/655] BatchTime = 1.231 (s) DataTime = 0.001 (s) Losses = ['294.2320', '76.6623'] lr = 0.0005000
2025-07-08 22:16:39,463 - PoinTr - INFO - [Epoch 0/200][Batch 601/655] BatchTime = 1.123 (s) DataTime = 0.001 (s) Losses = ['267.1714', '74.8359'] lr = 0.0005000
2025-07-08 22:17:45,757 - PoinTr - INFO - [Training] EPOCH: 0 EpochTime = 776.369 (s) Losses = ['292.3337', '82.8027']
2025-07-08 22:17:45,757 - PoinTr - INFO - [VALIDATION] Start validating epoch 0
2025-07-08 22:18:26,606 - PoinTr - INFO - Test[1051/10518] Taxonomy = 02691156 Sample = c7749c0a8b61f43bc9b9e28055202e3d Losses = ['136.7062', '572.7422', '48.6723', '138.1993'] Metrics = ['0.2106', '48.6723', '138.1993', '0.0000']
2025-07-08 22:19:05,686 - PoinTr - INFO - Test[2102/10518] Taxonomy = 03211117 Sample = ab2f9418c111cc6ddb965514105122a4 Losses = ['133.9629', '469.2239', '32.1482', '27.1291'] Metrics = ['0.3085', '32.1482', '27.1291', '0.0000']
2025-07-08 22:19:43,017 - PoinTr - INFO - Test[3153/10518] Taxonomy = 02876657 Sample = c5032e4be091aabb36fe7a88df793982 Losses = ['90.1317', '208.7541', '46.8872', '15.9450'] Metrics = ['0.2277', '46.8872', '15.9450', '0.0000']
2025-07-08 22:20:22,452 - PoinTr - INFO - Test[4204/10518] Taxonomy = 03211117 Sample = 722df1da5778d45b1e43523279c7f09f Losses = ['244.0712', '1208.7020', '53.6773', '128.8718'] Metrics = ['0.1809', '53.6773', '128.8718', '0.0000']
2025-07-08 22:21:00,374 - PoinTr - INFO - Test[5255/10518] Taxonomy = 02828884 Sample = 14b63361a48a9fffe4a048c146e8bd43 Losses = ['496.7734', '2588.6130', '87.7519', '407.7405'] Metrics = ['0.2100', '87.7519', '407.7405', '0.0000']
2025-07-08 22:21:38,178 - PoinTr - INFO - Test[6306/10518] Taxonomy = 03211117 Sample = d330d50a0255529d19ed6e1a590c9122 Losses = ['297.3503', '2040.1878', '54.4460', '199.1127'] Metrics = ['0.1824', '54.4460', '199.1127', '0.0000']
2025-07-08 22:22:14,716 - PoinTr - INFO - Test[7357/10518] Taxonomy = 04379243 Sample = b1ca280d9567270ade98d10ab5975b59 Losses = ['690.6215', '5672.0791', '147.8756', '837.3520'] Metrics = ['0.1221', '147.8756', '837.3521', '0.0000']
2025-07-08 22:22:53,925 - PoinTr - INFO - Test[8408/10518] Taxonomy = 03001627 Sample = 89208a619341d9fdb8c516ed5c4ce32 Losses = ['386.2357', '1843.3354', '72.1359', '256.1198'] Metrics = ['0.1741', '72.1359', '256.1198', '0.0000']
2025-07-08 22:23:31,713 - PoinTr - INFO - Test[9459/10518] Taxonomy = 03001627 Sample = d0255120e3351121c3bd24f986301745 Losses = ['342.0126', '1682.5645', '69.0044', '187.3578'] Metrics = ['0.1484', '69.0044', '187.3578', '0.0000']
2025-07-08 22:24:10,085 - PoinTr - INFO - Test[10510/10518] Taxonomy = 03636649 Sample = ea9ec4d9db2e06202471e6dd5ac3ef92 Losses = ['494.9158', '3377.3904', '69.4668', '189.1374'] Metrics = ['0.2577', '69.4668', '189.1374', '0.0000']
2025-07-08 22:24:10,318 - PoinTr - INFO - [Validation] EPOCH: 0  Metrics = ['0.2238', '71.8739', '237.3743', '0.0000']
2025-07-08 22:24:10,318 - PoinTr - INFO - ============================ TEST RESULTS ============================
2025-07-08 22:24:10,318 - PoinTr - INFO - Taxonomy	#Sample	F-Score	CDL1	CDL2	EMDistance	#ModelName	
2025-07-08 22:24:10,318 - PoinTr - INFO - 03759954	14	0.281 	74.359 	187.255 	0.000 	microphone	
2025-07-08 22:24:10,318 - PoinTr - INFO - 04330267	44	0.202 	74.704 	223.698 	0.000 	stove	
2025-07-08 22:24:10,318 - PoinTr - INFO - 03261776	15	0.174 	109.471 	303.223 	0.000 	earphone	
2025-07-08 22:24:10,318 - PoinTr - INFO - 03513137	33	0.150 	117.983 	453.363 	0.000 	helmet	
2025-07-08 22:24:10,318 - PoinTr - INFO - 04460130	27	0.247 	64.877 	219.481 	0.000 	tower	
2025-07-08 22:24:10,318 - PoinTr - INFO - 04468005	78	0.222 	56.649 	231.821 	0.000 	train	
2025-07-08 22:24:10,318 - PoinTr - INFO - 03761084	31	0.201 	74.592 	166.763 	0.000 	microwaves	
2025-07-08 22:24:10,318 - PoinTr - INFO - 04004475	34	0.192 	79.351 	246.019 	0.000 	printer	
2025-07-08 22:24:10,318 - PoinTr - INFO - 03938244	20	0.238 	69.141 	184.753 	0.000 	pillow	
2025-07-08 22:24:10,318 - PoinTr - INFO - 02992529	167	0.267 	55.646 	213.677 	0.000 	cellphone	
2025-07-08 22:24:10,318 - PoinTr - INFO - 02808440	172	0.176 	81.618 	249.788 	0.000 	bathtub	
2025-07-08 22:24:10,318 - PoinTr - INFO - 04530566	388	0.266 	53.369 	197.672 	0.000 	watercraft	
2025-07-08 22:24:10,318 - PoinTr - INFO - 02871439	91	0.169 	66.949 	220.299 	0.000 	bookshelf	
2025-07-08 22:24:10,318 - PoinTr - INFO - 03593526	120	0.185 	91.198 	311.643 	0.000 	jar	
2025-07-08 22:24:10,318 - PoinTr - INFO - 04554684	34	0.199 	74.944 	201.039 	0.000 	washer	
2025-07-08 22:24:10,318 - PoinTr - INFO - 03467517	160	0.424 	39.883 	121.432 	0.000 	guitar	
2025-07-08 22:24:10,318 - PoinTr - INFO - 04401088	218	0.268 	57.107 	224.878 	0.000 	telephone	
2025-07-08 22:24:10,318 - PoinTr - INFO - 02954340	12	0.211 	110.170 	321.138 	0.000 	cap	
2025-07-08 22:24:10,318 - PoinTr - INFO - 02933112	315	0.171 	67.639 	193.771 	0.000 	cabinet	
2025-07-08 22:24:10,318 - PoinTr - INFO - 03642806	92	0.247 	55.839 	155.580 	0.000 	laptop	
2025-07-08 22:24:10,318 - PoinTr - INFO - 02924116	188	0.218 	61.589 	223.566 	0.000 	bus	
2025-07-08 22:24:10,318 - PoinTr - INFO - 02946921	22	0.232 	76.047 	205.926 	0.000 	can	
2025-07-08 22:24:10,318 - PoinTr - INFO - 02818832	47	0.163 	69.440 	167.683 	0.000 	bed	
2025-07-08 22:24:10,318 - PoinTr - INFO - 04256520	635	0.181 	66.503 	221.250 	0.000 	sofa	
2025-07-08 22:24:10,318 - PoinTr - INFO - 04379243	1687	0.209 	69.561 	223.814 	0.000 	table	
2025-07-08 22:24:10,318 - PoinTr - INFO - 02747177	69	0.157 	94.258 	376.654 	0.000 	trash bin	
2025-07-08 22:24:10,318 - PoinTr - INFO - 03046257	131	0.204 	84.091 	390.402 	0.000 	clock	
2025-07-08 22:24:10,318 - PoinTr - INFO - 04225987	31	0.236 	66.528 	246.305 	0.000 	skateboard	
2025-07-08 22:24:10,318 - PoinTr - INFO - 03797390	43	0.160 	85.454 	304.577 	0.000 	mug	
2025-07-08 22:24:10,318 - PoinTr - INFO - 03001627	1356	0.191 	68.204 	203.408 	0.000 	chair	
2025-07-08 22:24:10,319 - PoinTr - INFO - 03691459	320	0.193 	75.018 	229.522 	0.000 	loudspeaker	
2025-07-08 22:24:10,319 - PoinTr - INFO - 02942699	23	0.160 	77.601 	202.014 	0.000 	camera	
2025-07-08 22:24:10,319 - PoinTr - INFO - 03636649	464	0.247 	75.359 	205.172 	0.000 	lamp	
2025-07-08 22:24:10,319 - PoinTr - INFO - 02691156	809	0.241 	78.852 	446.714 	0.000 	airplane	
2025-07-08 22:24:10,319 - PoinTr - INFO - 02773838	17	0.212 	75.324 	235.035 	0.000 	bag	
2025-07-08 22:24:10,319 - PoinTr - INFO - 02958343	703	0.151 	62.526 	228.090 	0.000 	car	
2025-07-08 22:24:10,319 - PoinTr - INFO - 02880940	38	0.189 	118.439 	487.508 	0.000 	bowl	
2025-07-08 22:24:10,319 - PoinTr - INFO - 04099429	17	0.391 	49.297 	168.677 	0.000 	rocket	
2025-07-08 22:24:10,319 - PoinTr - INFO - 02828884	363	0.202 	62.167 	212.191 	0.000 	bench	
2025-07-08 22:24:10,319 - PoinTr - INFO - 04090263	475	0.420 	44.869 	180.051 	0.000 	rifle	
2025-07-08 22:24:10,319 - PoinTr - INFO - 03211117	219	0.210 	65.248 	211.996 	0.000 	display	
2025-07-08 22:24:10,319 - PoinTr - INFO - 02876657	100	0.243 	69.263 	235.884 	0.000 	bottle	
2025-07-08 22:24:10,319 - PoinTr - INFO - 03710193	19	0.271 	55.920 	115.537 	0.000 	mailbox	
2025-07-08 22:24:10,319 - PoinTr - INFO - 03790512	68	0.162 	65.058 	259.324 	0.000 	motorbike	
2025-07-08 22:24:10,319 - PoinTr - INFO - 03325088	149	0.214 	82.276 	224.709 	0.000 	faucet	
2025-07-08 22:24:10,319 - PoinTr - INFO - 02801938	23	0.167 	95.328 	337.267 	0.000 	basket	
2025-07-08 22:24:10,319 - PoinTr - INFO - 03337140	60	0.184 	62.956 	158.170 	0.000 	file cabinet	
2025-07-08 22:24:10,319 - PoinTr - INFO - 02843684	15	0.173 	80.075 	261.854 	0.000 	birdhouse	
2025-07-08 22:24:10,319 - PoinTr - INFO - 03624134	85	0.432 	44.292 	148.988 	0.000 	knife	
2025-07-08 22:24:10,319 - PoinTr - INFO - 03991062	121	0.160 	88.117 	319.048 	0.000 	flowerpot	
2025-07-08 22:24:10,319 - PoinTr - INFO - 03948459	62	0.299 	48.802 	152.915 	0.000 	pistol	
2025-07-08 22:24:10,319 - PoinTr - INFO - 03928116	48	0.184 	65.213 	164.188 	0.000 	piano	
2025-07-08 22:24:10,319 - PoinTr - INFO - 03207941	19	0.204 	79.191 	217.339 	0.000 	dishwasher	
2025-07-08 22:24:10,319 - PoinTr - INFO - 04074963	14	0.282 	58.783 	226.374 	0.000 	remote	
2025-07-08 22:24:10,319 - PoinTr - INFO - 03085013	13	0.276 	55.930 	236.145 	0.000 	keyboard	
2025-07-08 22:24:10,319 - PoinTr - INFO - Overall		0.224 	71.874 	237.374 	0.000 	
2025-07-08 22:24:10,632 - PoinTr - INFO - Save checkpoint at ./experiments/PoinTr/ShapeNet55_models/PoinTr_fog/ckpt-best.pth
2025-07-08 22:24:11,072 - PoinTr - INFO - Save checkpoint at ./experiments/PoinTr/ShapeNet55_models/PoinTr_fog/ckpt-last.pth
2025-07-08 22:24:12,278 - PoinTr - INFO - [Epoch 1/200][Batch 1/655] BatchTime = 1.205 (s) DataTime = 0.107 (s) Losses = ['270.7405', '68.5468'] lr = 0.0004935
2025-07-08 22:26:13,900 - PoinTr - INFO - [Epoch 1/200][Batch 101/655] BatchTime = 1.109 (s) DataTime = 0.001 (s) Losses = ['274.3316', '63.6479'] lr = 0.0004935
2025-07-08 22:28:14,489 - PoinTr - INFO - [Epoch 1/200][Batch 201/655] BatchTime = 1.480 (s) DataTime = 0.001 (s) Losses = ['309.8923', '70.7733'] lr = 0.0004935
2025-07-08 22:30:11,317 - PoinTr - INFO - [Epoch 1/200][Batch 301/655] BatchTime = 1.247 (s) DataTime = 0.001 (s) Losses = ['337.1357', '73.4520'] lr = 0.0004935
2025-07-08 22:32:12,492 - PoinTr - INFO - [Epoch 1/200][Batch 401/655] BatchTime = 0.808 (s) DataTime = 0.001 (s) Losses = ['307.1146', '71.3833'] lr = 0.0004935
2025-07-08 22:34:13,104 - PoinTr - INFO - [Epoch 1/200][Batch 501/655] BatchTime = 1.524 (s) DataTime = 0.001 (s) Losses = ['282.5183', '63.6244'] lr = 0.0004935
2025-07-08 22:36:17,109 - PoinTr - INFO - [Epoch 1/200][Batch 601/655] BatchTime = 0.957 (s) DataTime = 0.001 (s) Losses = ['341.9705', '81.2657'] lr = 0.0004935
2025-07-08 22:37:23,982 - PoinTr - INFO - [Training] EPOCH: 1 EpochTime = 792.909 (s) Losses = ['282.9513', '65.2433']
2025-07-08 22:37:24,458 - PoinTr - INFO - Save checkpoint at ./experiments/PoinTr/ShapeNet55_models/PoinTr_fog/ckpt-last.pth
2025-07-08 22:37:25,469 - PoinTr - INFO - [Epoch 2/200][Batch 1/655] BatchTime = 1.010 (s) DataTime = 0.107 (s) Losses = ['264.0465', '64.3512'] lr = 0.0004871
2025-07-08 22:39:23,209 - PoinTr - INFO - [Epoch 2/200][Batch 101/655] BatchTime = 1.025 (s) DataTime = 0.001 (s) Losses = ['260.2490', '57.4077'] lr = 0.0004871
2025-07-08 22:41:23,866 - PoinTr - INFO - [Epoch 2/200][Batch 201/655] BatchTime = 1.072 (s) DataTime = 0.001 (s) Losses = ['259.2031', '56.8109'] lr = 0.0004871
2025-07-08 22:43:20,350 - PoinTr - INFO - [Epoch 2/200][Batch 301/655] BatchTime = 1.111 (s) DataTime = 0.001 (s) Losses = ['299.6812', '62.0675'] lr = 0.0004871
2025-07-08 22:45:17,449 - PoinTr - INFO - [Epoch 2/200][Batch 401/655] BatchTime = 1.026 (s) DataTime = 0.001 (s) Losses = ['287.6663', '63.0796'] lr = 0.0004871
2025-07-08 22:47:13,816 - PoinTr - INFO - [Epoch 2/200][Batch 501/655] BatchTime = 0.916 (s) DataTime = 0.001 (s) Losses = ['259.0633', '55.6434'] lr = 0.0004871
2025-07-08 22:49:17,621 - PoinTr - INFO - [Epoch 2/200][Batch 601/655] BatchTime = 1.060 (s) DataTime = 0.001 (s) Losses = ['263.2049', '61.6013'] lr = 0.0004871
2025-07-08 22:50:23,474 - PoinTr - INFO - [Training] EPOCH: 2 EpochTime = 779.015 (s) Losses = ['279.8806', '62.0480']
2025-07-08 22:50:23,936 - PoinTr - INFO - Save checkpoint at ./experiments/PoinTr/ShapeNet55_models/PoinTr_fog/ckpt-last.pth
2025-07-08 22:50:25,923 - PoinTr - INFO - [Epoch 3/200][Batch 1/655] BatchTime = 1.986 (s) DataTime = 0.106 (s) Losses = ['282.7765', '62.5255'] lr = 0.0004808
2025-07-08 22:52:26,199 - PoinTr - INFO - [Epoch 3/200][Batch 101/655] BatchTime = 1.142 (s) DataTime = 0.001 (s) Losses = ['271.2478', '56.5690'] lr = 0.0004808
2025-07-08 22:54:25,153 - PoinTr - INFO - [Epoch 3/200][Batch 201/655] BatchTime = 1.229 (s) DataTime = 0.001 (s) Losses = ['317.1602', '67.2886'] lr = 0.0004808
2025-07-08 22:56:24,170 - PoinTr - INFO - [Epoch 3/200][Batch 301/655] BatchTime = 1.067 (s) DataTime = 0.001 (s) Losses = ['275.8124', '59.5940'] lr = 0.0004808
2025-07-08 22:58:29,264 - PoinTr - INFO - [Epoch 3/200][Batch 401/655] BatchTime = 1.049 (s) DataTime = 0.001 (s) Losses = ['269.7073', '58.0928'] lr = 0.0004808
2025-07-08 23:00:28,534 - PoinTr - INFO - [Epoch 3/200][Batch 501/655] BatchTime = 0.956 (s) DataTime = 0.001 (s) Losses = ['264.1141', '55.3501'] lr = 0.0004808
2025-07-08 23:02:32,159 - PoinTr - INFO - [Epoch 3/200][Batch 601/655] BatchTime = 1.441 (s) DataTime = 0.001 (s) Losses = ['277.8816', '62.3882'] lr = 0.0004808
2025-07-08 23:03:38,538 - PoinTr - INFO - [Training] EPOCH: 3 EpochTime = 794.600 (s) Losses = ['279.9210', '60.7978']
2025-07-08 23:03:38,971 - PoinTr - INFO - Save checkpoint at ./experiments/PoinTr/ShapeNet55_models/PoinTr_fog/ckpt-last.pth
2025-07-08 23:03:40,139 - PoinTr - INFO - [Epoch 4/200][Batch 1/655] BatchTime = 1.167 (s) DataTime = 0.105 (s) Losses = ['292.2790', '64.5760'] lr = 0.0004745
2025-07-08 23:05:44,216 - PoinTr - INFO - [Epoch 4/200][Batch 101/655] BatchTime = 1.548 (s) DataTime = 0.001 (s) Losses = ['268.2345', '59.5382'] lr = 0.0004745
2025-07-08 23:07:42,737 - PoinTr - INFO - [Epoch 4/200][Batch 201/655] BatchTime = 1.123 (s) DataTime = 0.001 (s) Losses = ['278.9080', '58.9571'] lr = 0.0004745
2025-07-08 23:09:42,314 - PoinTr - INFO - [Epoch 4/200][Batch 301/655] BatchTime = 1.426 (s) DataTime = 0.001 (s) Losses = ['296.8640', '61.2975'] lr = 0.0004745
2025-07-08 23:11:44,828 - PoinTr - INFO - [Epoch 4/200][Batch 401/655] BatchTime = 1.077 (s) DataTime = 0.001 (s) Losses = ['314.9304', '71.5598'] lr = 0.0004745
2025-07-08 23:13:47,661 - PoinTr - INFO - [Epoch 4/200][Batch 501/655] BatchTime = 1.190 (s) DataTime = 0.001 (s) Losses = ['309.2235', '68.1489'] lr = 0.0004745
2025-07-08 23:15:52,827 - PoinTr - INFO - [Epoch 4/200][Batch 601/655] BatchTime = 1.378 (s) DataTime = 0.001 (s) Losses = ['280.5570', '56.7383'] lr = 0.0004745
2025-07-08 23:16:58,793 - PoinTr - INFO - [Training] EPOCH: 4 EpochTime = 799.822 (s) Losses = ['280.9048', '60.0623']
2025-07-08 23:16:59,270 - PoinTr - INFO - Save checkpoint at ./experiments/PoinTr/ShapeNet55_models/PoinTr_fog/ckpt-last.pth
2025-07-08 23:17:00,690 - PoinTr - INFO - [Epoch 5/200][Batch 1/655] BatchTime = 1.419 (s) DataTime = 0.115 (s) Losses = ['302.6596', '59.7041'] lr = 0.0004684
2025-07-08 23:19:05,224 - PoinTr - INFO - [Epoch 5/200][Batch 101/655] BatchTime = 0.980 (s) DataTime = 0.001 (s) Losses = ['268.5288', '52.2183'] lr = 0.0004684
2025-07-08 23:21:06,415 - PoinTr - INFO - [Epoch 5/200][Batch 201/655] BatchTime = 1.417 (s) DataTime = 0.001 (s) Losses = ['276.8235', '59.1121'] lr = 0.0004684
2025-07-08 23:23:04,027 - PoinTr - INFO - [Epoch 5/200][Batch 301/655] BatchTime = 1.153 (s) DataTime = 0.001 (s) Losses = ['286.4481', '57.5215'] lr = 0.0004684
2025-07-08 23:25:07,269 - PoinTr - INFO - [Epoch 5/200][Batch 401/655] BatchTime = 1.114 (s) DataTime = 0.001 (s) Losses = ['268.5478', '55.9505'] lr = 0.0004684
2025-07-08 23:27:04,354 - PoinTr - INFO - [Epoch 5/200][Batch 501/655] BatchTime = 1.283 (s) DataTime = 0.001 (s) Losses = ['286.1640', '63.4792'] lr = 0.0004684
2025-07-08 23:29:03,649 - PoinTr - INFO - [Epoch 5/200][Batch 601/655] BatchTime = 1.153 (s) DataTime = 0.001 (s) Losses = ['285.2835', '58.2108'] lr = 0.0004684
2025-07-08 23:30:09,567 - PoinTr - INFO - [Training] EPOCH: 5 EpochTime = 790.296 (s) Losses = ['278.4444', '59.2369']
2025-07-08 23:30:09,567 - PoinTr - INFO - [VALIDATION] Start validating epoch 5
2025-07-08 23:30:49,044 - PoinTr - INFO - Test[1051/10518] Taxonomy = 02691156 Sample = c7749c0a8b61f43bc9b9e28055202e3d Losses = ['284.1090', '2059.8788', '77.7564', '444.3365'] Metrics = ['0.2248', '77.7564', '444.3365', '0.0000']
2025-07-08 23:31:26,567 - PoinTr - INFO - Test[2102/10518] Taxonomy = 03211117 Sample = ab2f9418c111cc6ddb965514105122a4 Losses = ['228.8875', '925.5549', '23.6689', '28.2077'] Metrics = ['0.3862', '23.6689', '28.2077', '0.0000']
2025-07-08 23:32:04,154 - PoinTr - INFO - Test[3153/10518] Taxonomy = 02876657 Sample = c5032e4be091aabb36fe7a88df793982 Losses = ['516.8195', '3217.9601', '56.6868', '136.3524'] Metrics = ['0.2825', '56.6868', '136.3524', '0.0000']
2025-07-08 23:32:42,290 - PoinTr - INFO - Test[4204/10518] Taxonomy = 03211117 Sample = 722df1da5778d45b1e43523279c7f09f Losses = ['159.0575', '849.7670', '40.0291', '70.1341'] Metrics = ['0.2041', '40.0291', '70.1341', '0.0000']
2025-07-08 23:33:21,619 - PoinTr - INFO - Test[5255/10518] Taxonomy = 02828884 Sample = 14b63361a48a9fffe4a048c146e8bd43 Losses = ['391.2593', '1684.7509', '47.0610', '134.6132'] Metrics = ['0.3195', '47.0610', '134.6133', '0.0000']
2025-07-08 23:33:58,121 - PoinTr - INFO - Test[6306/10518] Taxonomy = 03211117 Sample = d330d50a0255529d19ed6e1a590c9122 Losses = ['155.2668', '806.3342', '44.7291', '167.3934'] Metrics = ['0.1757', '44.7291', '167.3934', '0.0000']
2025-07-08 23:34:35,627 - PoinTr - INFO - Test[7357/10518] Taxonomy = 04379243 Sample = b1ca280d9567270ade98d10ab5975b59 Losses = ['762.4975', '6444.5214', '305.9601', '3029.5224'] Metrics = ['0.0749', '305.9601', '3029.5225', '0.0000']
2025-07-08 23:35:12,054 - PoinTr - INFO - Test[8408/10518] Taxonomy = 03001627 Sample = 89208a619341d9fdb8c516ed5c4ce32 Losses = ['93.7482', '316.0111', '33.1247', '31.9514'] Metrics = ['0.1776', '33.1247', '31.9514', '0.0000']
2025-07-08 23:35:49,981 - PoinTr - INFO - Test[9459/10518] Taxonomy = 03001627 Sample = d0255120e3351121c3bd24f986301745 Losses = ['278.6887', '1014.0973', '46.5450', '76.5807'] Metrics = ['0.1902', '46.5450', '76.5807', '0.0000']
2025-07-08 23:36:27,077 - PoinTr - INFO - Test[10510/10518] Taxonomy = 03636649 Sample = ea9ec4d9db2e06202471e6dd5ac3ef92 Losses = ['67.9107', '172.0920', '21.8530', '5.9000'] Metrics = ['0.3948', '21.8530', '5.9000', '0.0000']
2025-07-08 23:36:27,486 - PoinTr - INFO - [Validation] EPOCH: 5  Metrics = ['0.2395', '65.3885', '258.2077', '0.0000']
2025-07-08 23:36:27,487 - PoinTr - INFO - ============================ TEST RESULTS ============================
2025-07-08 23:36:27,487 - PoinTr - INFO - Taxonomy	#Sample	F-Score	CDL1	CDL2	EMDistance	#ModelName	
2025-07-08 23:36:27,487 - PoinTr - INFO - 03759954	14	0.321 	61.019 	207.290 	0.000 	microphone	
2025-07-08 23:36:27,487 - PoinTr - INFO - 04330267	44	0.201 	60.309 	179.634 	0.000 	stove	
2025-07-08 23:36:27,487 - PoinTr - INFO - 03261776	15	0.180 	111.683 	550.547 	0.000 	earphone	
2025-07-08 23:36:27,487 - PoinTr - INFO - 03513137	33	0.172 	104.375 	504.185 	0.000 	helmet	
2025-07-08 23:36:27,487 - PoinTr - INFO - 04460130	27	0.251 	62.588 	258.807 	0.000 	tower	
2025-07-08 23:36:27,487 - PoinTr - INFO - 04468005	78	0.231 	58.184 	251.253 	0.000 	train	
2025-07-08 23:36:27,487 - PoinTr - INFO - 03761084	31	0.196 	65.471 	181.245 	0.000 	microwaves	
2025-07-08 23:36:27,487 - PoinTr - INFO - 04004475	34	0.187 	66.107 	197.795 	0.000 	printer	
2025-07-08 23:36:27,487 - PoinTr - INFO - 03938244	20	0.230 	80.971 	363.061 	0.000 	pillow	
2025-07-08 23:36:27,487 - PoinTr - INFO - 02992529	167	0.270 	54.801 	220.750 	0.000 	cellphone	
2025-07-08 23:36:27,487 - PoinTr - INFO - 02808440	172	0.196 	65.565 	235.070 	0.000 	bathtub	
2025-07-08 23:36:27,487 - PoinTr - INFO - 04530566	388	0.280 	52.960 	212.870 	0.000 	watercraft	
2025-07-08 23:36:27,487 - PoinTr - INFO - 02871439	91	0.159 	63.627 	210.227 	0.000 	bookshelf	
2025-07-08 23:36:27,487 - PoinTr - INFO - 03593526	120	0.190 	82.003 	360.881 	0.000 	jar	
2025-07-08 23:36:27,487 - PoinTr - INFO - 04554684	34	0.206 	61.892 	163.047 	0.000 	washer	
2025-07-08 23:36:27,487 - PoinTr - INFO - 03467517	160	0.501 	37.780 	149.269 	0.000 	guitar	
2025-07-08 23:36:27,487 - PoinTr - INFO - 04401088	218	0.280 	50.820 	200.751 	0.000 	telephone	
2025-07-08 23:36:27,487 - PoinTr - INFO - 02954340	12	0.194 	113.308 	541.375 	0.000 	cap	
2025-07-08 23:36:27,487 - PoinTr - INFO - 02933112	315	0.175 	60.197 	184.859 	0.000 	cabinet	
2025-07-08 23:36:27,487 - PoinTr - INFO - 03642806	92	0.262 	51.122 	198.276 	0.000 	laptop	
2025-07-08 23:36:27,487 - PoinTr - INFO - 02924116	188	0.234 	53.792 	202.806 	0.000 	bus	
2025-07-08 23:36:27,487 - PoinTr - INFO - 02946921	22	0.225 	70.384 	274.764 	0.000 	can	
2025-07-08 23:36:27,487 - PoinTr - INFO - 02818832	47	0.163 	71.392 	244.392 	0.000 	bed	
2025-07-08 23:36:27,487 - PoinTr - INFO - 04256520	635	0.185 	59.468 	205.726 	0.000 	sofa	
2025-07-08 23:36:27,487 - PoinTr - INFO - 04379243	1687	0.245 	57.504 	217.896 	0.000 	table	
2025-07-08 23:36:27,487 - PoinTr - INFO - 02747177	69	0.161 	71.401 	268.468 	0.000 	trash bin	
2025-07-08 23:36:27,487 - PoinTr - INFO - 03046257	131	0.203 	80.893 	428.965 	0.000 	clock	
2025-07-08 23:36:27,487 - PoinTr - INFO - 04225987	31	0.302 	43.239 	146.655 	0.000 	skateboard	
2025-07-08 23:36:27,487 - PoinTr - INFO - 03797390	43	0.154 	87.648 	370.844 	0.000 	mug	
2025-07-08 23:36:27,487 - PoinTr - INFO - 03001627	1356	0.205 	59.324 	195.901 	0.000 	chair	
2025-07-08 23:36:27,487 - PoinTr - INFO - 03691459	320	0.199 	65.759 	213.232 	0.000 	loudspeaker	
2025-07-08 23:36:27,487 - PoinTr - INFO - 02942699	23	0.177 	70.813 	217.696 	0.000 	camera	
2025-07-08 23:36:27,487 - PoinTr - INFO - 03636649	464	0.280 	63.585 	225.512 	0.000 	lamp	
2025-07-08 23:36:27,487 - PoinTr - INFO - 02691156	809	0.308 	64.839 	385.346 	0.000 	airplane	
2025-07-08 23:36:27,487 - PoinTr - INFO - 02773838	17	0.206 	80.882 	347.041 	0.000 	bag	
2025-07-08 23:36:27,487 - PoinTr - INFO - 02958343	703	0.165 	62.397 	270.216 	0.000 	car	
2025-07-08 23:36:27,487 - PoinTr - INFO - 02880940	38	0.197 	85.353 	422.239 	0.000 	bowl	
2025-07-08 23:36:27,487 - PoinTr - INFO - 04099429	17	0.455 	40.660 	168.207 	0.000 	rocket	
2025-07-08 23:36:27,487 - PoinTr - INFO - 02828884	363	0.242 	51.829 	193.889 	0.000 	bench	
2025-07-08 23:36:27,487 - PoinTr - INFO - 04090263	475	0.489 	42.981 	192.001 	0.000 	rifle	
2025-07-08 23:36:27,487 - PoinTr - INFO - 03211117	219	0.218 	63.920 	251.607 	0.000 	display	
2025-07-08 23:36:27,488 - PoinTr - INFO - 02876657	100	0.266 	59.058 	218.121 	0.000 	bottle	
2025-07-08 23:36:27,488 - PoinTr - INFO - 03710193	19	0.284 	51.893 	155.939 	0.000 	mailbox	
2025-07-08 23:36:27,488 - PoinTr - INFO - 03790512	68	0.169 	71.376 	356.037 	0.000 	motorbike	
2025-07-08 23:36:27,488 - PoinTr - INFO - 03325088	149	0.242 	71.176 	281.931 	0.000 	faucet	
2025-07-08 23:36:27,488 - PoinTr - INFO - 02801938	23	0.170 	76.218 	310.659 	0.000 	basket	
2025-07-08 23:36:27,488 - PoinTr - INFO - 03337140	60	0.182 	60.888 	176.791 	0.000 	file cabinet	
2025-07-08 23:36:27,488 - PoinTr - INFO - 02843684	15	0.174 	74.860 	239.105 	0.000 	birdhouse	
2025-07-08 23:36:27,488 - PoinTr - INFO - 03624134	85	0.566 	35.128 	140.386 	0.000 	knife	
2025-07-08 23:36:27,488 - PoinTr - INFO - 03991062	121	0.159 	81.653 	350.798 	0.000 	flowerpot	
2025-07-08 23:36:27,488 - PoinTr - INFO - 03948459	62	0.327 	42.930 	150.993 	0.000 	pistol	
2025-07-08 23:36:27,488 - PoinTr - INFO - 03928116	48	0.173 	63.600 	187.213 	0.000 	piano	
2025-07-08 23:36:27,488 - PoinTr - INFO - 03207941	19	0.193 	69.414 	209.631 	0.000 	dishwasher	
2025-07-08 23:36:27,488 - PoinTr - INFO - 04074963	14	0.256 	71.858 	353.964 	0.000 	remote	
2025-07-08 23:36:27,488 - PoinTr - INFO - 03085013	13	0.319 	53.471 	255.258 	0.000 	keyboard	
2025-07-08 23:36:27,488 - PoinTr - INFO - Overall		0.240 	65.389 	258.208 	0.000 	
2025-07-08 23:36:27,969 - PoinTr - INFO - Save checkpoint at ./experiments/PoinTr/ShapeNet55_models/PoinTr_fog/ckpt-last.pth
2025-07-08 23:36:28,903 - PoinTr - INFO - [Epoch 6/200][Batch 1/655] BatchTime = 0.933 (s) DataTime = 0.105 (s) Losses = ['288.3186', '62.1750'] lr = 0.0004623
2025-07-08 23:38:28,210 - PoinTr - INFO - [Epoch 6/200][Batch 101/655] BatchTime = 0.810 (s) DataTime = 0.001 (s) Losses = ['290.6681', '56.9909'] lr = 0.0004623
2025-07-08 23:40:25,841 - PoinTr - INFO - [Epoch 6/200][Batch 201/655] BatchTime = 0.866 (s) DataTime = 0.001 (s) Losses = ['292.2016', '64.2444'] lr = 0.0004623
2025-07-08 23:42:25,289 - PoinTr - INFO - [Epoch 6/200][Batch 301/655] BatchTime = 1.436 (s) DataTime = 0.001 (s) Losses = ['280.9873', '59.2121'] lr = 0.0004623
2025-07-08 23:44:27,777 - PoinTr - INFO - [Epoch 6/200][Batch 401/655] BatchTime = 1.253 (s) DataTime = 0.001 (s) Losses = ['251.1608', '52.0243'] lr = 0.0004623
2025-07-08 23:46:30,014 - PoinTr - INFO - [Epoch 6/200][Batch 501/655] BatchTime = 0.856 (s) DataTime = 0.001 (s) Losses = ['267.2420', '54.1809'] lr = 0.0004623
2025-07-08 23:48:35,257 - PoinTr - INFO - [Epoch 6/200][Batch 601/655] BatchTime = 1.106 (s) DataTime = 0.001 (s) Losses = ['260.1146', '54.3539'] lr = 0.0004623
2025-07-08 23:49:43,659 - PoinTr - INFO - [Training] EPOCH: 6 EpochTime = 795.689 (s) Losses = ['276.6865', '58.0940']
2025-07-08 23:49:44,139 - PoinTr - INFO - Save checkpoint at ./experiments/PoinTr/ShapeNet55_models/PoinTr_fog/ckpt-last.pth
2025-07-08 23:49:45,492 - PoinTr - INFO - [Epoch 7/200][Batch 1/655] BatchTime = 1.352 (s) DataTime = 0.108 (s) Losses = ['306.6113', '65.4315'] lr = 0.0004563
2025-07-08 23:51:39,975 - PoinTr - INFO - [Epoch 7/200][Batch 101/655] BatchTime = 0.706 (s) DataTime = 0.001 (s) Losses = ['293.4935', '63.4980'] lr = 0.0004563
2025-07-08 23:53:37,581 - PoinTr - INFO - [Epoch 7/200][Batch 201/655] BatchTime = 1.582 (s) DataTime = 0.001 (s) Losses = ['286.6319', '58.3028'] lr = 0.0004563
2025-07-08 23:55:40,903 - PoinTr - INFO - [Epoch 7/200][Batch 301/655] BatchTime = 1.250 (s) DataTime = 0.001 (s) Losses = ['252.6033', '55.2041'] lr = 0.0004563
2025-07-08 23:57:44,804 - PoinTr - INFO - [Epoch 7/200][Batch 401/655] BatchTime = 1.314 (s) DataTime = 0.001 (s) Losses = ['288.7556', '52.4989'] lr = 0.0004563
2025-07-08 23:59:45,269 - PoinTr - INFO - [Epoch 7/200][Batch 501/655] BatchTime = 1.603 (s) DataTime = 0.001 (s) Losses = ['304.1058', '59.4347'] lr = 0.0004563
2025-07-09 00:01:50,673 - PoinTr - INFO - [Epoch 7/200][Batch 601/655] BatchTime = 1.717 (s) DataTime = 0.001 (s) Losses = ['267.1899', '52.9122'] lr = 0.0004563
2025-07-09 00:02:54,105 - PoinTr - INFO - [Training] EPOCH: 7 EpochTime = 789.965 (s) Losses = ['277.5684', '57.9566']
2025-07-09 00:02:54,597 - PoinTr - INFO - Save checkpoint at ./experiments/PoinTr/ShapeNet55_models/PoinTr_fog/ckpt-last.pth
2025-07-09 00:02:55,687 - PoinTr - INFO - [Epoch 8/200][Batch 1/655] BatchTime = 1.089 (s) DataTime = 0.114 (s) Losses = ['270.6719', '59.6022'] lr = 0.0004504
2025-07-09 00:04:56,118 - PoinTr - INFO - [Epoch 8/200][Batch 101/655] BatchTime = 1.094 (s) DataTime = 0.001 (s) Losses = ['282.3751', '60.1441'] lr = 0.0004504
2025-07-09 00:06:56,847 - PoinTr - INFO - [Epoch 8/200][Batch 201/655] BatchTime = 1.206 (s) DataTime = 0.001 (s) Losses = ['267.1343', '55.3434'] lr = 0.0004504
2025-07-09 00:08:59,199 - PoinTr - INFO - [Epoch 8/200][Batch 301/655] BatchTime = 1.229 (s) DataTime = 0.001 (s) Losses = ['292.4378', '55.8655'] lr = 0.0004504
2025-07-09 00:11:02,395 - PoinTr - INFO - [Epoch 8/200][Batch 401/655] BatchTime = 1.104 (s) DataTime = 0.001 (s) Losses = ['236.8161', '52.1069'] lr = 0.0004504
2025-07-09 00:13:03,478 - PoinTr - INFO - [Epoch 8/200][Batch 501/655] BatchTime = 1.563 (s) DataTime = 0.001 (s) Losses = ['270.8594', '52.4318'] lr = 0.0004504
2025-07-09 00:15:02,665 - PoinTr - INFO - [Epoch 8/200][Batch 601/655] BatchTime = 1.080 (s) DataTime = 0.001 (s) Losses = ['249.7116', '53.3722'] lr = 0.0004504
2025-07-09 00:16:06,553 - PoinTr - INFO - [Training] EPOCH: 8 EpochTime = 791.954 (s) Losses = ['278.0805', '57.5437']
2025-07-09 00:16:07,022 - PoinTr - INFO - Save checkpoint at ./experiments/PoinTr/ShapeNet55_models/PoinTr_fog/ckpt-last.pth
2025-07-09 00:16:07,897 - PoinTr - INFO - [Epoch 9/200][Batch 1/655] BatchTime = 0.874 (s) DataTime = 0.106 (s) Losses = ['268.4867', '61.2114'] lr = 0.0004445
2025-07-09 00:18:01,461 - PoinTr - INFO - [Epoch 9/200][Batch 101/655] BatchTime = 1.214 (s) DataTime = 0.001 (s) Losses = ['277.7784', '59.4567'] lr = 0.0004445
2025-07-09 00:19:59,114 - PoinTr - INFO - [Epoch 9/200][Batch 201/655] BatchTime = 1.393 (s) DataTime = 0.001 (s) Losses = ['276.6950', '57.6344'] lr = 0.0004445
2025-07-09 00:21:56,482 - PoinTr - INFO - [Epoch 9/200][Batch 301/655] BatchTime = 1.161 (s) DataTime = 0.001 (s) Losses = ['279.1463', '55.2174'] lr = 0.0004445
2025-07-09 00:23:52,549 - PoinTr - INFO - [Epoch 9/200][Batch 401/655] BatchTime = 1.144 (s) DataTime = 0.001 (s) Losses = ['278.3816', '60.9009'] lr = 0.0004445
2025-07-09 00:25:53,196 - PoinTr - INFO - [Epoch 9/200][Batch 501/655] BatchTime = 1.129 (s) DataTime = 0.002 (s) Losses = ['280.1961', '65.5656'] lr = 0.0004445
2025-07-09 00:27:50,224 - PoinTr - INFO - [Epoch 9/200][Batch 601/655] BatchTime = 1.015 (s) DataTime = 0.001 (s) Losses = ['259.7474', '58.2701'] lr = 0.0004445
2025-07-09 00:28:55,419 - PoinTr - INFO - [Training] EPOCH: 9 EpochTime = 768.396 (s) Losses = ['275.9938', '56.8706']
2025-07-09 00:28:55,889 - PoinTr - INFO - Save checkpoint at ./experiments/PoinTr/ShapeNet55_models/PoinTr_fog/ckpt-last.pth
2025-07-09 00:28:56,979 - PoinTr - INFO - [Epoch 10/200][Batch 1/655] BatchTime = 1.088 (s) DataTime = 0.106 (s) Losses = ['271.6968', '59.2267'] lr = 0.0004387
2025-07-09 00:30:59,504 - PoinTr - INFO - [Epoch 10/200][Batch 101/655] BatchTime = 1.075 (s) DataTime = 0.001 (s) Losses = ['271.9630', '54.3096'] lr = 0.0004387
2025-07-09 00:33:00,357 - PoinTr - INFO - [Epoch 10/200][Batch 201/655] BatchTime = 1.165 (s) DataTime = 0.001 (s) Losses = ['260.5759', '58.0378'] lr = 0.0004387
2025-07-09 00:34:59,220 - PoinTr - INFO - [Epoch 10/200][Batch 301/655] BatchTime = 1.005 (s) DataTime = 0.001 (s) Losses = ['310.3682', '70.6365'] lr = 0.0004387
2025-07-09 00:37:00,271 - PoinTr - INFO - [Epoch 10/200][Batch 401/655] BatchTime = 1.350 (s) DataTime = 0.001 (s) Losses = ['306.3810', '62.8216'] lr = 0.0004387
2025-07-09 00:39:02,589 - PoinTr - INFO - [Epoch 10/200][Batch 501/655] BatchTime = 0.840 (s) DataTime = 0.001 (s) Losses = ['282.4009', '61.3859'] lr = 0.0004387
2025-07-09 00:41:06,180 - PoinTr - INFO - [Epoch 10/200][Batch 601/655] BatchTime = 1.185 (s) DataTime = 0.001 (s) Losses = ['276.5746', '59.2097'] lr = 0.0004387
2025-07-09 00:42:12,401 - PoinTr - INFO - [Training] EPOCH: 10 EpochTime = 796.511 (s) Losses = ['277.1929', '57.1223']
2025-07-09 00:42:12,401 - PoinTr - INFO - [VALIDATION] Start validating epoch 10
2025-07-09 00:42:52,167 - PoinTr - INFO - Test[1051/10518] Taxonomy = 02691156 Sample = c7749c0a8b61f43bc9b9e28055202e3d Losses = ['226.8317', '1337.8005', '130.8772', '754.7221'] Metrics = ['0.2187', '130.8772', '754.7221', '0.0000']
2025-07-09 00:43:31,189 - PoinTr - INFO - Test[2102/10518] Taxonomy = 03211117 Sample = ab2f9418c111cc6ddb965514105122a4 Losses = ['302.9436', '1035.8785', '45.7465', '151.3196'] Metrics = ['0.3733', '45.7465', '151.3196', '0.0000']
2025-07-09 00:44:07,294 - PoinTr - INFO - Test[3153/10518] Taxonomy = 02876657 Sample = c5032e4be091aabb36fe7a88df793982 Losses = ['359.4990', '1287.5313', '57.0575', '78.9642'] Metrics = ['0.2055', '57.0575', '78.9642', '0.0000']
2025-07-09 00:44:45,650 - PoinTr - INFO - Test[4204/10518] Taxonomy = 03211117 Sample = 722df1da5778d45b1e43523279c7f09f Losses = ['190.0347', '930.2825', '38.3807', '65.9178'] Metrics = ['0.2473', '38.3807', '65.9178', '0.0000']
2025-07-09 00:45:25,324 - PoinTr - INFO - Test[5255/10518] Taxonomy = 02828884 Sample = 14b63361a48a9fffe4a048c146e8bd43 Losses = ['286.0956', '1539.7856', '34.6488', '74.4530'] Metrics = ['0.2712', '34.6488', '74.4530', '0.0000']
2025-07-09 00:46:02,405 - PoinTr - INFO - Test[6306/10518] Taxonomy = 03211117 Sample = d330d50a0255529d19ed6e1a590c9122 Losses = ['543.9380', '3648.2482', '68.1264', '415.5377'] Metrics = ['0.3185', '68.1264', '415.5378', '0.0000']
2025-07-09 00:46:37,297 - PoinTr - INFO - Test[7357/10518] Taxonomy = 04379243 Sample = b1ca280d9567270ade98d10ab5975b59 Losses = ['739.3649', '6798.5291', '127.5981', '1124.9454'] Metrics = ['0.1585', '127.5981', '1124.9454', '0.0000']
2025-07-09 00:47:15,710 - PoinTr - INFO - Test[8408/10518] Taxonomy = 03001627 Sample = 89208a619341d9fdb8c516ed5c4ce32 Losses = ['61.8335', '43.9155', '28.8157', '4.4356'] Metrics = ['0.2142', '28.8157', '4.4356', '0.0000']
2025-07-09 00:47:54,024 - PoinTr - INFO - Test[9459/10518] Taxonomy = 03001627 Sample = d0255120e3351121c3bd24f986301745 Losses = ['441.7841', '2622.5631', '73.6328', '310.7274'] Metrics = ['0.1624', '73.6328', '310.7274', '0.0000']
2025-07-09 00:48:31,027 - PoinTr - INFO - Test[10510/10518] Taxonomy = 03636649 Sample = ea9ec4d9db2e06202471e6dd5ac3ef92 Losses = ['369.0951', '1247.9193', '92.7276', '350.7611'] Metrics = ['0.3379', '92.7276', '350.7610', '0.0000']
2025-07-09 00:48:31,372 - PoinTr - INFO - [Validation] EPOCH: 10  Metrics = ['0.2502', '61.3420', '249.7618', '0.0000']
2025-07-09 00:48:31,372 - PoinTr - INFO - ============================ TEST RESULTS ============================
2025-07-09 00:48:31,372 - PoinTr - INFO - Taxonomy	#Sample	F-Score	CDL1	CDL2	EMDistance	#ModelName	
2025-07-09 00:48:31,372 - PoinTr - INFO - 03759954	14	0.343 	60.331 	225.859 	0.000 	microphone	
2025-07-09 00:48:31,372 - PoinTr - INFO - 04330267	44	0.213 	63.245 	237.946 	0.000 	stove	
2025-07-09 00:48:31,372 - PoinTr - INFO - 03261776	15	0.192 	98.494 	454.643 	0.000 	earphone	
2025-07-09 00:48:31,372 - PoinTr - INFO - 03513137	33	0.176 	83.892 	340.859 	0.000 	helmet	
2025-07-09 00:48:31,372 - PoinTr - INFO - 04460130	27	0.266 	55.549 	227.189 	0.000 	tower	
2025-07-09 00:48:31,372 - PoinTr - INFO - 04468005	78	0.245 	54.067 	237.978 	0.000 	train	
2025-07-09 00:48:31,372 - PoinTr - INFO - 03761084	31	0.203 	63.066 	212.818 	0.000 	microwaves	
2025-07-09 00:48:31,372 - PoinTr - INFO - 04004475	34	0.214 	58.080 	167.572 	0.000 	printer	
2025-07-09 00:48:31,372 - PoinTr - INFO - 03938244	20	0.241 	82.859 	382.254 	0.000 	pillow	
2025-07-09 00:48:31,372 - PoinTr - INFO - 02992529	167	0.296 	50.574 	220.398 	0.000 	cellphone	
2025-07-09 00:48:31,372 - PoinTr - INFO - 02808440	172	0.204 	64.136 	262.399 	0.000 	bathtub	
2025-07-09 00:48:31,372 - PoinTr - INFO - 04530566	388	0.293 	51.665 	214.712 	0.000 	watercraft	
2025-07-09 00:48:31,372 - PoinTr - INFO - 02871439	91	0.182 	58.391 	186.558 	0.000 	bookshelf	
2025-07-09 00:48:31,372 - PoinTr - INFO - 03593526	120	0.199 	78.166 	352.315 	0.000 	jar	
2025-07-09 00:48:31,372 - PoinTr - INFO - 04554684	34	0.198 	61.907 	181.041 	0.000 	washer	
2025-07-09 00:48:31,372 - PoinTr - INFO - 03467517	160	0.492 	35.019 	127.296 	0.000 	guitar	
2025-07-09 00:48:31,372 - PoinTr - INFO - 04401088	218	0.293 	53.577 	247.460 	0.000 	telephone	
2025-07-09 00:48:31,372 - PoinTr - INFO - 02954340	12	0.203 	95.125 	424.221 	0.000 	cap	
2025-07-09 00:48:31,372 - PoinTr - INFO - 02933112	315	0.192 	56.684 	202.685 	0.000 	cabinet	
2025-07-09 00:48:31,372 - PoinTr - INFO - 03642806	92	0.260 	47.677 	179.191 	0.000 	laptop	
2025-07-09 00:48:31,372 - PoinTr - INFO - 02924116	188	0.243 	54.378 	221.829 	0.000 	bus	
2025-07-09 00:48:31,372 - PoinTr - INFO - 02946921	22	0.215 	73.543 	301.060 	0.000 	can	
2025-07-09 00:48:31,372 - PoinTr - INFO - 02818832	47	0.171 	67.898 	224.574 	0.000 	bed	
2025-07-09 00:48:31,372 - PoinTr - INFO - 04256520	635	0.189 	59.177 	219.350 	0.000 	sofa	
2025-07-09 00:48:31,372 - PoinTr - INFO - 04379243	1687	0.263 	54.330 	208.576 	0.000 	table	
2025-07-09 00:48:31,372 - PoinTr - INFO - 02747177	69	0.174 	68.578 	301.047 	0.000 	trash bin	
2025-07-09 00:48:31,372 - PoinTr - INFO - 03046257	131	0.213 	77.994 	423.293 	0.000 	clock	
2025-07-09 00:48:31,372 - PoinTr - INFO - 04225987	31	0.346 	48.414 	222.764 	0.000 	skateboard	
2025-07-09 00:48:31,372 - PoinTr - INFO - 03797390	43	0.170 	75.285 	322.247 	0.000 	mug	
2025-07-09 00:48:31,372 - PoinTr - INFO - 03001627	1356	0.214 	58.487 	209.930 	0.000 	chair	
2025-07-09 00:48:31,372 - PoinTr - INFO - 03691459	320	0.204 	64.635 	240.276 	0.000 	loudspeaker	
2025-07-09 00:48:31,372 - PoinTr - INFO - 02942699	23	0.158 	76.504 	264.646 	0.000 	camera	
2025-07-09 00:48:31,372 - PoinTr - INFO - 03636649	464	0.298 	57.758 	213.496 	0.000 	lamp	
2025-07-09 00:48:31,372 - PoinTr - INFO - 02691156	809	0.318 	65.830 	402.419 	0.000 	airplane	
2025-07-09 00:48:31,372 - PoinTr - INFO - 02773838	17	0.234 	56.239 	193.678 	0.000 	bag	
2025-07-09 00:48:31,372 - PoinTr - INFO - 02958343	703	0.167 	59.851 	249.360 	0.000 	car	
2025-07-09 00:48:31,372 - PoinTr - INFO - 02880940	38	0.207 	89.078 	518.098 	0.000 	bowl	
2025-07-09 00:48:31,372 - PoinTr - INFO - 04099429	17	0.416 	46.661 	190.853 	0.000 	rocket	
2025-07-09 00:48:31,372 - PoinTr - INFO - 02828884	363	0.253 	52.900 	208.105 	0.000 	bench	
2025-07-09 00:48:31,372 - PoinTr - INFO - 04090263	475	0.506 	42.496 	192.983 	0.000 	rifle	
2025-07-09 00:48:31,373 - PoinTr - INFO - 03211117	219	0.234 	58.235 	234.193 	0.000 	display	
2025-07-09 00:48:31,373 - PoinTr - INFO - 02876657	100	0.283 	53.665 	204.831 	0.000 	bottle	
2025-07-09 00:48:31,373 - PoinTr - INFO - 03710193	19	0.307 	48.041 	147.854 	0.000 	mailbox	
2025-07-09 00:48:31,373 - PoinTr - INFO - 03790512	68	0.174 	64.495 	305.521 	0.000 	motorbike	
2025-07-09 00:48:31,373 - PoinTr - INFO - 03325088	149	0.255 	64.284 	256.189 	0.000 	faucet	
2025-07-09 00:48:31,373 - PoinTr - INFO - 02801938	23	0.198 	69.742 	301.569 	0.000 	basket	
2025-07-09 00:48:31,373 - PoinTr - INFO - 03337140	60	0.199 	59.651 	222.094 	0.000 	file cabinet	
2025-07-09 00:48:31,373 - PoinTr - INFO - 02843684	15	0.185 	64.812 	232.978 	0.000 	birdhouse	
2025-07-09 00:48:31,373 - PoinTr - INFO - 03624134	85	0.500 	34.736 	129.433 	0.000 	knife	
2025-07-09 00:48:31,373 - PoinTr - INFO - 03991062	121	0.162 	79.468 	363.677 	0.000 	flowerpot	
2025-07-09 00:48:31,373 - PoinTr - INFO - 03948459	62	0.322 	49.597 	202.531 	0.000 	pistol	
2025-07-09 00:48:31,373 - PoinTr - INFO - 03928116	48	0.201 	61.435 	202.949 	0.000 	piano	
2025-07-09 00:48:31,373 - PoinTr - INFO - 03207941	19	0.205 	60.731 	189.987 	0.000 	dishwasher	
2025-07-09 00:48:31,373 - PoinTr - INFO - 04074963	14	0.317 	38.618 	129.231 	0.000 	remote	
2025-07-09 00:48:31,373 - PoinTr - INFO - 03085013	13	0.358 	43.761 	199.885 	0.000 	keyboard	
2025-07-09 00:48:31,373 - PoinTr - INFO - Overall		0.250 	61.342 	249.762 	0.000 	
2025-07-09 00:48:31,853 - PoinTr - INFO - Save checkpoint at ./experiments/PoinTr/ShapeNet55_models/PoinTr_fog/ckpt-last.pth
2025-07-09 00:48:33,232 - PoinTr - INFO - [Epoch 11/200][Batch 1/655] BatchTime = 1.378 (s) DataTime = 0.109 (s) Losses = ['270.3815', '55.4537'] lr = 0.0004331
2025-07-09 00:50:32,128 - PoinTr - INFO - [Epoch 11/200][Batch 101/655] BatchTime = 0.721 (s) DataTime = 0.001 (s) Losses = ['299.3016', '63.5237'] lr = 0.0004331
2025-07-09 00:52:29,354 - PoinTr - INFO - [Epoch 11/200][Batch 201/655] BatchTime = 0.704 (s) DataTime = 0.001 (s) Losses = ['254.2309', '50.5210'] lr = 0.0004331
2025-07-09 00:54:30,394 - PoinTr - INFO - [Epoch 11/200][Batch 301/655] BatchTime = 1.262 (s) DataTime = 0.002 (s) Losses = ['282.9909', '56.0621'] lr = 0.0004331
2025-07-09 00:56:37,481 - PoinTr - INFO - [Epoch 11/200][Batch 401/655] BatchTime = 1.756 (s) DataTime = 0.001 (s) Losses = ['261.9607', '53.0618'] lr = 0.0004331
2025-07-09 00:58:38,466 - PoinTr - INFO - [Epoch 11/200][Batch 501/655] BatchTime = 1.323 (s) DataTime = 0.001 (s) Losses = ['229.4714', '44.8541'] lr = 0.0004331
2025-07-09 01:00:38,976 - PoinTr - INFO - [Epoch 11/200][Batch 601/655] BatchTime = 1.082 (s) DataTime = 0.001 (s) Losses = ['254.3736', '50.9798'] lr = 0.0004331
2025-07-09 01:01:42,750 - PoinTr - INFO - [Training] EPOCH: 11 EpochTime = 790.895 (s) Losses = ['276.3308', '56.6080']
2025-07-09 01:01:43,217 - PoinTr - INFO - Save checkpoint at ./experiments/PoinTr/ShapeNet55_models/PoinTr_fog/ckpt-last.pth
2025-07-09 01:01:44,612 - PoinTr - INFO - [Epoch 12/200][Batch 1/655] BatchTime = 1.394 (s) DataTime = 0.107 (s) Losses = ['279.4428', '46.9783'] lr = 0.0004274
2025-07-09 01:03:45,657 - PoinTr - INFO - [Epoch 12/200][Batch 101/655] BatchTime = 1.581 (s) DataTime = 0.001 (s) Losses = ['274.7568', '51.7553'] lr = 0.0004274
2025-07-09 01:05:46,345 - PoinTr - INFO - [Epoch 12/200][Batch 201/655] BatchTime = 0.943 (s) DataTime = 0.001 (s) Losses = ['274.0100', '56.3585'] lr = 0.0004274
2025-07-09 01:07:49,520 - PoinTr - INFO - [Epoch 12/200][Batch 301/655] BatchTime = 0.814 (s) DataTime = 0.001 (s) Losses = ['267.2553', '58.6926'] lr = 0.0004274
2025-07-09 01:09:48,040 - PoinTr - INFO - [Epoch 12/200][Batch 401/655] BatchTime = 1.024 (s) DataTime = 0.001 (s) Losses = ['272.3708', '57.1138'] lr = 0.0004274
2025-07-09 01:11:49,457 - PoinTr - INFO - [Epoch 12/200][Batch 501/655] BatchTime = 1.404 (s) DataTime = 0.001 (s) Losses = ['255.4781', '50.7532'] lr = 0.0004274
2025-07-09 01:13:50,325 - PoinTr - INFO - [Epoch 12/200][Batch 601/655] BatchTime = 0.941 (s) DataTime = 0.001 (s) Losses = ['259.0590', '51.8736'] lr = 0.0004274
2025-07-09 01:14:55,449 - PoinTr - INFO - [Training] EPOCH: 12 EpochTime = 792.231 (s) Losses = ['276.6618', '56.3269']
2025-07-09 01:14:55,930 - PoinTr - INFO - Save checkpoint at ./experiments/PoinTr/ShapeNet55_models/PoinTr_fog/ckpt-last.pth
2025-07-09 01:14:57,456 - PoinTr - INFO - [Epoch 13/200][Batch 1/655] BatchTime = 1.526 (s) DataTime = 0.106 (s) Losses = ['278.7277', '59.7315'] lr = 0.0004219
2025-07-09 01:17:01,872 - PoinTr - INFO - [Epoch 13/200][Batch 101/655] BatchTime = 1.507 (s) DataTime = 0.001 (s) Losses = ['278.1873', '58.3373'] lr = 0.0004219
2025-07-09 01:19:11,329 - PoinTr - INFO - [Epoch 13/200][Batch 201/655] BatchTime = 1.456 (s) DataTime = 0.001 (s) Losses = ['312.2652', '60.9693'] lr = 0.0004219
2025-07-09 01:21:09,475 - PoinTr - INFO - [Epoch 13/200][Batch 301/655] BatchTime = 1.084 (s) DataTime = 0.001 (s) Losses = ['289.5883', '58.1667'] lr = 0.0004219
2025-07-09 01:23:15,026 - PoinTr - INFO - [Epoch 13/200][Batch 401/655] BatchTime = 1.185 (s) DataTime = 0.001 (s) Losses = ['253.4380', '48.5754'] lr = 0.0004219
2025-07-09 01:25:21,375 - PoinTr - INFO - [Epoch 13/200][Batch 501/655] BatchTime = 1.077 (s) DataTime = 0.002 (s) Losses = ['280.1422', '59.5729'] lr = 0.0004219
2025-07-09 01:27:22,048 - PoinTr - INFO - [Epoch 13/200][Batch 601/655] BatchTime = 1.050 (s) DataTime = 0.002 (s) Losses = ['277.8436', '53.8075'] lr = 0.0004219
2025-07-09 01:28:22,695 - PoinTr - INFO - [Training] EPOCH: 13 EpochTime = 806.765 (s) Losses = ['276.0289', '56.0074']
2025-07-09 01:28:23,161 - PoinTr - INFO - Save checkpoint at ./experiments/PoinTr/ShapeNet55_models/PoinTr_fog/ckpt-last.pth
2025-07-09 01:28:24,462 - PoinTr - INFO - [Epoch 14/200][Batch 1/655] BatchTime = 1.301 (s) DataTime = 0.111 (s) Losses = ['282.3691', '57.5496'] lr = 0.0004164
2025-07-09 01:30:24,856 - PoinTr - INFO - [Epoch 14/200][Batch 101/655] BatchTime = 1.171 (s) DataTime = 0.001 (s) Losses = ['269.2145', '53.4681'] lr = 0.0004164
2025-07-09 01:32:25,110 - PoinTr - INFO - [Epoch 14/200][Batch 201/655] BatchTime = 1.298 (s) DataTime = 0.001 (s) Losses = ['316.4704', '66.2893'] lr = 0.0004164
2025-07-09 01:34:21,276 - PoinTr - INFO - [Epoch 14/200][Batch 301/655] BatchTime = 1.345 (s) DataTime = 0.001 (s) Losses = ['270.8296', '58.3120'] lr = 0.0004164
2025-07-09 01:36:19,776 - PoinTr - INFO - [Epoch 14/200][Batch 401/655] BatchTime = 0.811 (s) DataTime = 0.001 (s) Losses = ['282.1384', '57.0590'] lr = 0.0004164
2025-07-09 01:38:20,461 - PoinTr - INFO - [Epoch 14/200][Batch 501/655] BatchTime = 1.645 (s) DataTime = 0.001 (s) Losses = ['282.9176', '56.9374'] lr = 0.0004164
2025-07-09 01:40:23,546 - PoinTr - INFO - [Epoch 14/200][Batch 601/655] BatchTime = 1.696 (s) DataTime = 0.002 (s) Losses = ['263.1545', '50.8832'] lr = 0.0004164
2025-07-09 01:41:32,896 - PoinTr - INFO - [Training] EPOCH: 14 EpochTime = 789.734 (s) Losses = ['275.2477', '55.6522']
2025-07-09 01:41:33,391 - PoinTr - INFO - Save checkpoint at ./experiments/PoinTr/ShapeNet55_models/PoinTr_fog/ckpt-last.pth
2025-07-09 01:41:34,909 - PoinTr - INFO - [Epoch 15/200][Batch 1/655] BatchTime = 1.517 (s) DataTime = 0.111 (s) Losses = ['263.8341', '53.4341'] lr = 0.0004110
2025-07-09 01:43:35,936 - PoinTr - INFO - [Epoch 15/200][Batch 101/655] BatchTime = 1.368 (s) DataTime = 0.002 (s) Losses = ['267.2332', '48.2015'] lr = 0.0004110
2025-07-09 01:45:37,411 - PoinTr - INFO - [Epoch 15/200][Batch 201/655] BatchTime = 1.400 (s) DataTime = 0.001 (s) Losses = ['292.6846', '58.9962'] lr = 0.0004110
2025-07-09 01:47:34,687 - PoinTr - INFO - [Epoch 15/200][Batch 301/655] BatchTime = 1.329 (s) DataTime = 0.001 (s) Losses = ['256.4282', '45.7433'] lr = 0.0004110
2025-07-09 01:49:36,684 - PoinTr - INFO - [Epoch 15/200][Batch 401/655] BatchTime = 0.985 (s) DataTime = 0.001 (s) Losses = ['276.0437', '52.9319'] lr = 0.0004110
2025-07-09 01:51:42,817 - PoinTr - INFO - [Epoch 15/200][Batch 501/655] BatchTime = 1.096 (s) DataTime = 0.001 (s) Losses = ['237.2658', '44.8348'] lr = 0.0004110
2025-07-09 01:53:44,970 - PoinTr - INFO - [Epoch 15/200][Batch 601/655] BatchTime = 1.078 (s) DataTime = 0.002 (s) Losses = ['300.6390', '64.2798'] lr = 0.0004110
2025-07-09 01:54:52,705 - PoinTr - INFO - [Training] EPOCH: 15 EpochTime = 799.313 (s) Losses = ['275.3971', '55.6770']
2025-07-09 01:54:52,705 - PoinTr - INFO - [VALIDATION] Start validating epoch 15
2025-07-09 01:55:31,194 - PoinTr - INFO - Test[1051/10518] Taxonomy = 02691156 Sample = c7749c0a8b61f43bc9b9e28055202e3d Losses = ['608.9360', '4345.7732', '187.8619', '1625.2204'] Metrics = ['0.2655', '187.8619', '1625.2205', '0.0000']
2025-07-09 01:56:09,443 - PoinTr - INFO - Test[2102/10518] Taxonomy = 03211117 Sample = ab2f9418c111cc6ddb965514105122a4 Losses = ['337.7959', '1242.4812', '53.0137', '186.7051'] Metrics = ['0.3312', '53.0137', '186.7051', '0.0000']
2025-07-09 01:56:45,703 - PoinTr - INFO - Test[3153/10518] Taxonomy = 02876657 Sample = c5032e4be091aabb36fe7a88df793982 Losses = ['403.5492', '2611.8371', '45.3940', '72.4229'] Metrics = ['0.2831', '45.3940', '72.4229', '0.0000']
2025-07-09 01:57:23,354 - PoinTr - INFO - Test[4204/10518] Taxonomy = 03211117 Sample = 722df1da5778d45b1e43523279c7f09f Losses = ['563.6306', '3354.6078', '117.9724', '718.2769'] Metrics = ['0.2162', '117.9725', '718.2769', '0.0000']
2025-07-09 01:58:01,485 - PoinTr - INFO - Test[5255/10518] Taxonomy = 02828884 Sample = 14b63361a48a9fffe4a048c146e8bd43 Losses = ['382.2380', '1587.5208', '57.1851', '149.3351'] Metrics = ['0.2450', '57.1851', '149.3351', '0.0000']
2025-07-09 01:58:39,150 - PoinTr - INFO - Test[6306/10518] Taxonomy = 03211117 Sample = d330d50a0255529d19ed6e1a590c9122 Losses = ['147.0392', '711.5745', '22.0843', '18.2746'] Metrics = ['0.3703', '22.0843', '18.2746', '0.0000']
2025-07-09 01:59:16,468 - PoinTr - INFO - Test[7357/10518] Taxonomy = 04379243 Sample = b1ca280d9567270ade98d10ab5975b59 Losses = ['808.0869', '7366.7750', '346.3621', '3936.0774'] Metrics = ['0.0820', '346.3621', '3936.0774', '0.0000']
2025-07-09 01:59:55,941 - PoinTr - INFO - Test[8408/10518] Taxonomy = 03001627 Sample = 89208a619341d9fdb8c516ed5c4ce32 Losses = ['444.3385', '2162.4386', '137.9612', '689.0471'] Metrics = ['0.1021', '137.9612', '689.0471', '0.0000']
2025-07-09 02:00:33,717 - PoinTr - INFO - Test[9459/10518] Taxonomy = 03001627 Sample = d0255120e3351121c3bd24f986301745 Losses = ['443.4164', '2382.0481', '77.7756', '335.9038'] Metrics = ['0.1548', '77.7756', '335.9038', '0.0000']
2025-07-09 02:01:10,544 - PoinTr - INFO - Test[10510/10518] Taxonomy = 03636649 Sample = ea9ec4d9db2e06202471e6dd5ac3ef92 Losses = ['25.3237', '2.5889', '22.4870', '2.3911'] Metrics = ['0.3944', '22.4870', '2.3911', '0.0000']
2025-07-09 02:01:11,041 - PoinTr - INFO - [Validation] EPOCH: 15  Metrics = ['0.2553', '59.6141', '245.5725', '0.0000']
2025-07-09 02:01:11,041 - PoinTr - INFO - ============================ TEST RESULTS ============================
2025-07-09 02:01:11,041 - PoinTr - INFO - Taxonomy	#Sample	F-Score	CDL1	CDL2	EMDistance	#ModelName	
2025-07-09 02:01:11,041 - PoinTr - INFO - 03759954	14	0.340 	57.968 	196.038 	0.000 	microphone	
2025-07-09 02:01:11,041 - PoinTr - INFO - 04330267	44	0.210 	58.481 	202.922 	0.000 	stove	
2025-07-09 02:01:11,041 - PoinTr - INFO - 03261776	15	0.204 	73.149 	275.720 	0.000 	earphone	
2025-07-09 02:01:11,041 - PoinTr - INFO - 03513137	33	0.170 	92.506 	460.604 	0.000 	helmet	
2025-07-09 02:01:11,041 - PoinTr - INFO - 04460130	27	0.279 	58.311 	250.271 	0.000 	tower	
2025-07-09 02:01:11,041 - PoinTr - INFO - 04468005	78	0.250 	54.114 	232.514 	0.000 	train	
2025-07-09 02:01:11,041 - PoinTr - INFO - 03761084	31	0.203 	60.286 	191.554 	0.000 	microwaves	
2025-07-09 02:01:11,041 - PoinTr - INFO - 04004475	34	0.208 	66.286 	229.716 	0.000 	printer	
2025-07-09 02:01:11,041 - PoinTr - INFO - 03938244	20	0.248 	65.584 	277.817 	0.000 	pillow	
2025-07-09 02:01:11,041 - PoinTr - INFO - 02992529	167	0.291 	49.786 	220.049 	0.000 	cellphone	
2025-07-09 02:01:11,041 - PoinTr - INFO - 02808440	172	0.204 	60.285 	228.255 	0.000 	bathtub	
2025-07-09 02:01:11,041 - PoinTr - INFO - 04530566	388	0.305 	49.821 	209.935 	0.000 	watercraft	
2025-07-09 02:01:11,041 - PoinTr - INFO - 02871439	91	0.180 	59.006 	203.458 	0.000 	bookshelf	
2025-07-09 02:01:11,041 - PoinTr - INFO - 03593526	120	0.198 	77.920 	390.532 	0.000 	jar	
2025-07-09 02:01:11,041 - PoinTr - INFO - 04554684	34	0.201 	64.268 	218.995 	0.000 	washer	
2025-07-09 02:01:11,041 - PoinTr - INFO - 03467517	160	0.544 	32.541 	122.015 	0.000 	guitar	
2025-07-09 02:01:11,041 - PoinTr - INFO - 04401088	218	0.294 	52.806 	241.086 	0.000 	telephone	
2025-07-09 02:01:11,041 - PoinTr - INFO - 02954340	12	0.222 	101.956 	610.212 	0.000 	cap	
2025-07-09 02:01:11,041 - PoinTr - INFO - 02933112	315	0.193 	54.902 	186.666 	0.000 	cabinet	
2025-07-09 02:01:11,041 - PoinTr - INFO - 03642806	92	0.284 	45.632 	174.218 	0.000 	laptop	
2025-07-09 02:01:11,041 - PoinTr - INFO - 02924116	188	0.254 	51.221 	201.555 	0.000 	bus	
2025-07-09 02:01:11,041 - PoinTr - INFO - 02946921	22	0.237 	53.980 	197.065 	0.000 	can	
2025-07-09 02:01:11,041 - PoinTr - INFO - 02818832	47	0.175 	63.446 	203.867 	0.000 	bed	
2025-07-09 02:01:11,041 - PoinTr - INFO - 04256520	635	0.188 	58.468 	218.117 	0.000 	sofa	
2025-07-09 02:01:11,041 - PoinTr - INFO - 04379243	1687	0.261 	53.234 	204.396 	0.000 	table	
2025-07-09 02:01:11,041 - PoinTr - INFO - 02747177	69	0.173 	60.838 	211.161 	0.000 	trash bin	
2025-07-09 02:01:11,041 - PoinTr - INFO - 03046257	131	0.218 	72.072 	374.553 	0.000 	clock	
2025-07-09 02:01:11,041 - PoinTr - INFO - 04225987	31	0.341 	53.954 	252.775 	0.000 	skateboard	
2025-07-09 02:01:11,041 - PoinTr - INFO - 03797390	43	0.173 	67.688 	288.623 	0.000 	mug	
2025-07-09 02:01:11,041 - PoinTr - INFO - 03001627	1356	0.221 	56.740 	210.282 	0.000 	chair	
2025-07-09 02:01:11,041 - PoinTr - INFO - 03691459	320	0.209 	59.777 	208.087 	0.000 	loudspeaker	
2025-07-09 02:01:11,041 - PoinTr - INFO - 02942699	23	0.173 	69.528 	242.660 	0.000 	camera	
2025-07-09 02:01:11,041 - PoinTr - INFO - 03636649	464	0.292 	60.377 	227.229 	0.000 	lamp	
2025-07-09 02:01:11,041 - PoinTr - INFO - 02691156	809	0.320 	65.690 	400.298 	0.000 	airplane	
2025-07-09 02:01:11,042 - PoinTr - INFO - 02773838	17	0.229 	63.311 	233.780 	0.000 	bag	
2025-07-09 02:01:11,042 - PoinTr - INFO - 02958343	703	0.172 	60.703 	267.488 	0.000 	car	
2025-07-09 02:01:11,042 - PoinTr - INFO - 02880940	38	0.196 	84.190 	468.526 	0.000 	bowl	
2025-07-09 02:01:11,042 - PoinTr - INFO - 04099429	17	0.490 	33.724 	123.298 	0.000 	rocket	
2025-07-09 02:01:11,042 - PoinTr - INFO - 02828884	363	0.262 	51.161 	210.374 	0.000 	bench	
2025-07-09 02:01:11,042 - PoinTr - INFO - 04090263	475	0.504 	42.322 	196.505 	0.000 	rifle	
2025-07-09 02:01:11,042 - PoinTr - INFO - 03211117	219	0.228 	58.254 	235.944 	0.000 	display	
2025-07-09 02:01:11,042 - PoinTr - INFO - 02876657	100	0.291 	50.789 	195.182 	0.000 	bottle	
2025-07-09 02:01:11,042 - PoinTr - INFO - 03710193	19	0.298 	46.485 	145.047 	0.000 	mailbox	
2025-07-09 02:01:11,042 - PoinTr - INFO - 03790512	68	0.170 	62.347 	271.733 	0.000 	motorbike	
2025-07-09 02:01:11,042 - PoinTr - INFO - 03325088	149	0.254 	67.851 	289.610 	0.000 	faucet	
2025-07-09 02:01:11,042 - PoinTr - INFO - 02801938	23	0.195 	63.491 	225.342 	0.000 	basket	
2025-07-09 02:01:11,042 - PoinTr - INFO - 03337140	60	0.202 	54.442 	178.799 	0.000 	file cabinet	
2025-07-09 02:01:11,042 - PoinTr - INFO - 02843684	15	0.184 	79.471 	343.338 	0.000 	birdhouse	
2025-07-09 02:01:11,042 - PoinTr - INFO - 03624134	85	0.570 	33.422 	135.526 	0.000 	knife	
2025-07-09 02:01:11,042 - PoinTr - INFO - 03991062	121	0.162 	81.642 	402.172 	0.000 	flowerpot	
2025-07-09 02:01:11,042 - PoinTr - INFO - 03948459	62	0.321 	43.548 	164.619 	0.000 	pistol	
2025-07-09 02:01:11,042 - PoinTr - INFO - 03928116	48	0.187 	64.887 	222.641 	0.000 	piano	
2025-07-09 02:01:11,042 - PoinTr - INFO - 03207941	19	0.205 	70.913 	304.463 	0.000 	dishwasher	
2025-07-09 02:01:11,042 - PoinTr - INFO - 04074963	14	0.314 	40.486 	136.096 	0.000 	remote	
2025-07-09 02:01:11,042 - PoinTr - INFO - 03085013	13	0.343 	42.718 	192.756 	0.000 	keyboard	
2025-07-09 02:01:11,042 - PoinTr - INFO - Overall		0.255 	59.614 	245.572 	0.000 	
2025-07-09 02:01:11,536 - PoinTr - INFO - Save checkpoint at ./experiments/PoinTr/ShapeNet55_models/PoinTr_fog/ckpt-last.pth
2025-07-09 02:01:13,176 - PoinTr - INFO - [Epoch 16/200][Batch 1/655] BatchTime = 1.639 (s) DataTime = 0.115 (s) Losses = ['264.1121', '54.6166'] lr = 0.0004057
2025-07-09 02:03:19,159 - PoinTr - INFO - [Epoch 16/200][Batch 101/655] BatchTime = 1.135 (s) DataTime = 0.001 (s) Losses = ['297.5717', '56.3388'] lr = 0.0004057
2025-07-09 02:05:14,686 - PoinTr - INFO - [Epoch 16/200][Batch 201/655] BatchTime = 0.876 (s) DataTime = 0.001 (s) Losses = ['273.1047', '54.7761'] lr = 0.0004057
2025-07-09 02:07:13,943 - PoinTr - INFO - [Epoch 16/200][Batch 301/655] BatchTime = 1.374 (s) DataTime = 0.002 (s) Losses = ['264.6788', '54.3070'] lr = 0.0004057
2025-07-09 02:09:14,543 - PoinTr - INFO - [Epoch 16/200][Batch 401/655] BatchTime = 1.429 (s) DataTime = 0.001 (s) Losses = ['260.2082', '53.2233'] lr = 0.0004057
2025-07-09 02:11:14,073 - PoinTr - INFO - [Epoch 16/200][Batch 501/655] BatchTime = 1.720 (s) DataTime = 0.002 (s) Losses = ['248.0695', '46.5477'] lr = 0.0004057
2025-07-09 02:13:18,125 - PoinTr - INFO - [Epoch 16/200][Batch 601/655] BatchTime = 1.576 (s) DataTime = 0.001 (s) Losses = ['292.0014', '55.2888'] lr = 0.0004057
2025-07-09 02:14:23,423 - PoinTr - INFO - [Training] EPOCH: 16 EpochTime = 791.885 (s) Losses = ['275.1438', '55.3156']
2025-07-09 02:14:23,916 - PoinTr - INFO - Save checkpoint at ./experiments/PoinTr/ShapeNet55_models/PoinTr_fog/ckpt-last.pth
2025-07-09 02:14:25,523 - PoinTr - INFO - [Epoch 17/200][Batch 1/655] BatchTime = 1.605 (s) DataTime = 0.115 (s) Losses = ['331.3859', '77.0763'] lr = 0.0004004
2025-07-09 02:16:27,867 - PoinTr - INFO - [Epoch 17/200][Batch 101/655] BatchTime = 1.387 (s) DataTime = 0.002 (s) Losses = ['307.7079', '57.5421'] lr = 0.0004004
2025-07-09 02:18:34,223 - PoinTr - INFO - [Epoch 17/200][Batch 201/655] BatchTime = 1.328 (s) DataTime = 0.001 (s) Losses = ['255.4718', '50.7688'] lr = 0.0004004
2025-07-09 02:20:39,523 - PoinTr - INFO - [Epoch 17/200][Batch 301/655] BatchTime = 1.346 (s) DataTime = 0.001 (s) Losses = ['291.0004', '55.8297'] lr = 0.0004004
2025-07-09 02:22:40,824 - PoinTr - INFO - [Epoch 17/200][Batch 401/655] BatchTime = 1.528 (s) DataTime = 0.001 (s) Losses = ['272.4922', '58.2439'] lr = 0.0004004
2025-07-09 02:24:38,396 - PoinTr - INFO - [Epoch 17/200][Batch 501/655] BatchTime = 0.768 (s) DataTime = 0.001 (s) Losses = ['272.3705', '54.9719'] lr = 0.0004004
2025-07-09 02:26:35,126 - PoinTr - INFO - [Epoch 17/200][Batch 601/655] BatchTime = 1.242 (s) DataTime = 0.001 (s) Losses = ['238.5129', '50.3705'] lr = 0.0004004
2025-07-09 02:27:37,172 - PoinTr - INFO - [Training] EPOCH: 17 EpochTime = 793.255 (s) Losses = ['275.4787', '55.1633']
2025-07-09 02:27:37,652 - PoinTr - INFO - Save checkpoint at ./experiments/PoinTr/ShapeNet55_models/PoinTr_fog/ckpt-last.pth
2025-07-09 02:27:38,827 - PoinTr - INFO - [Epoch 18/200][Batch 1/655] BatchTime = 1.174 (s) DataTime = 0.110 (s) Losses = ['301.3548', '52.8881'] lr = 0.0003952
2025-07-09 02:29:36,549 - PoinTr - INFO - [Epoch 18/200][Batch 101/655] BatchTime = 1.174 (s) DataTime = 0.001 (s) Losses = ['291.9335', '60.1764'] lr = 0.0003952
2025-07-09 02:31:37,126 - PoinTr - INFO - [Epoch 18/200][Batch 201/655] BatchTime = 0.884 (s) DataTime = 0.001 (s) Losses = ['279.9008', '57.7684'] lr = 0.0003952
2025-07-09 02:33:40,265 - PoinTr - INFO - [Epoch 18/200][Batch 301/655] BatchTime = 1.377 (s) DataTime = 0.001 (s) Losses = ['288.1860', '56.6791'] lr = 0.0003952
2025-07-09 02:35:41,232 - PoinTr - INFO - [Epoch 18/200][Batch 401/655] BatchTime = 1.314 (s) DataTime = 0.002 (s) Losses = ['251.9284', '48.3746'] lr = 0.0003952
2025-07-09 02:37:37,181 - PoinTr - INFO - [Epoch 18/200][Batch 501/655] BatchTime = 1.403 (s) DataTime = 0.001 (s) Losses = ['291.5764', '54.6498'] lr = 0.0003952
2025-07-09 02:39:37,776 - PoinTr - INFO - [Epoch 18/200][Batch 601/655] BatchTime = 1.320 (s) DataTime = 0.001 (s) Losses = ['275.4520', '48.1411'] lr = 0.0003952
2025-07-09 02:40:44,700 - PoinTr - INFO - [Training] EPOCH: 18 EpochTime = 787.047 (s) Losses = ['274.2861', '54.8317']
2025-07-09 02:40:45,193 - PoinTr - INFO - Save checkpoint at ./experiments/PoinTr/ShapeNet55_models/PoinTr_fog/ckpt-last.pth
2025-07-09 02:40:46,957 - PoinTr - INFO - [Epoch 19/200][Batch 1/655] BatchTime = 1.763 (s) DataTime = 0.115 (s) Losses = ['267.8254', '60.4139'] lr = 0.0003901
2025-07-09 02:42:51,133 - PoinTr - INFO - [Epoch 19/200][Batch 101/655] BatchTime = 0.965 (s) DataTime = 0.001 (s) Losses = ['242.4553', '49.7770'] lr = 0.0003901
2025-07-09 02:44:52,612 - PoinTr - INFO - [Epoch 19/200][Batch 201/655] BatchTime = 1.221 (s) DataTime = 0.001 (s) Losses = ['266.5131', '57.1934'] lr = 0.0003901
2025-07-09 02:46:52,231 - PoinTr - INFO - [Epoch 19/200][Batch 301/655] BatchTime = 1.293 (s) DataTime = 0.001 (s) Losses = ['304.5378', '60.6298'] lr = 0.0003901
2025-07-09 02:48:49,921 - PoinTr - INFO - [Epoch 19/200][Batch 401/655] BatchTime = 1.147 (s) DataTime = 0.001 (s) Losses = ['279.1895', '59.6509'] lr = 0.0003901
2025-07-09 02:50:50,805 - PoinTr - INFO - [Epoch 19/200][Batch 501/655] BatchTime = 0.962 (s) DataTime = 0.001 (s) Losses = ['260.5934', '53.0969'] lr = 0.0003901
2025-07-09 02:52:46,242 - PoinTr - INFO - [Epoch 19/200][Batch 601/655] BatchTime = 0.704 (s) DataTime = 0.001 (s) Losses = ['270.6498', '56.1786'] lr = 0.0003901
2025-07-09 02:53:51,254 - PoinTr - INFO - [Training] EPOCH: 19 EpochTime = 786.060 (s) Losses = ['275.0222', '54.8978']
2025-07-09 02:53:51,743 - PoinTr - INFO - Save checkpoint at ./experiments/PoinTr/ShapeNet55_models/PoinTr_fog/ckpt-last.pth
2025-07-09 02:53:53,407 - PoinTr - INFO - [Epoch 20/200][Batch 1/655] BatchTime = 1.663 (s) DataTime = 0.112 (s) Losses = ['311.7973', '59.9509'] lr = 0.0003850
2025-07-09 02:55:55,018 - PoinTr - INFO - [Epoch 20/200][Batch 101/655] BatchTime = 1.340 (s) DataTime = 0.002 (s) Losses = ['296.8369', '61.3071'] lr = 0.0003850
2025-07-09 02:57:59,122 - PoinTr - INFO - [Epoch 20/200][Batch 201/655] BatchTime = 1.199 (s) DataTime = 0.001 (s) Losses = ['297.8251', '60.9585'] lr = 0.0003850
2025-07-09 02:59:56,028 - PoinTr - INFO - [Epoch 20/200][Batch 301/655] BatchTime = 1.097 (s) DataTime = 0.001 (s) Losses = ['287.3681', '58.6120'] lr = 0.0003850
2025-07-09 03:01:57,056 - PoinTr - INFO - [Epoch 20/200][Batch 401/655] BatchTime = 0.775 (s) DataTime = 0.001 (s) Losses = ['257.3156', '56.4836'] lr = 0.0003850
2025-07-09 03:03:56,473 - PoinTr - INFO - [Epoch 20/200][Batch 501/655] BatchTime = 1.663 (s) DataTime = 0.001 (s) Losses = ['278.7302', '53.3140'] lr = 0.0003850
2025-07-09 03:05:55,136 - PoinTr - INFO - [Epoch 20/200][Batch 601/655] BatchTime = 1.333 (s) DataTime = 0.002 (s) Losses = ['276.4456', '52.2028'] lr = 0.0003850
2025-07-09 03:07:00,994 - PoinTr - INFO - [Training] EPOCH: 20 EpochTime = 789.250 (s) Losses = ['275.0684', '54.7174']
2025-07-09 03:07:00,995 - PoinTr - INFO - [VALIDATION] Start validating epoch 20
2025-07-09 03:07:39,614 - PoinTr - INFO - Test[1051/10518] Taxonomy = 02691156 Sample = c7749c0a8b61f43bc9b9e28055202e3d Losses = ['347.6098', '2833.6165', '156.5357', '1192.2599'] Metrics = ['0.2278', '156.5357', '1192.2599', '0.0000']
2025-07-09 03:08:17,082 - PoinTr - INFO - Test[2102/10518] Taxonomy = 03211117 Sample = ab2f9418c111cc6ddb965514105122a4 Losses = ['360.4956', '1473.2372', '102.8939', '541.6325'] Metrics = ['0.3027', '102.8939', '541.6324', '0.0000']
2025-07-09 03:08:53,416 - PoinTr - INFO - Test[3153/10518] Taxonomy = 02876657 Sample = c5032e4be091aabb36fe7a88df793982 Losses = ['438.3367', '1971.8056', '82.9342', '301.3426'] Metrics = ['0.2054', '82.9342', '301.3427', '0.0000']
2025-07-09 03:09:34,283 - PoinTr - INFO - Test[4204/10518] Taxonomy = 03211117 Sample = 722df1da5778d45b1e43523279c7f09f Losses = ['61.4755', '61.8998', '30.8690', '5.9029'] Metrics = ['0.2563', '30.8690', '5.9029', '0.0000']
2025-07-09 03:10:12,808 - PoinTr - INFO - Test[5255/10518] Taxonomy = 02828884 Sample = 14b63361a48a9fffe4a048c146e8bd43 Losses = ['228.3349', '879.6415', '40.2578', '63.5171'] Metrics = ['0.2487', '40.2578', '63.5171', '0.0000']
2025-07-09 03:10:52,128 - PoinTr - INFO - Test[6306/10518] Taxonomy = 03211117 Sample = d330d50a0255529d19ed6e1a590c9122 Losses = ['313.8000', '1082.0065', '64.8567', '250.6279'] Metrics = ['0.3378', '64.8567', '250.6279', '0.0000']
2025-07-09 03:11:28,074 - PoinTr - INFO - Test[7357/10518] Taxonomy = 04379243 Sample = b1ca280d9567270ade98d10ab5975b59 Losses = ['51.6630', '53.6947', '20.6193', '4.0466'] Metrics = ['0.2443', '20.6193', '4.0466', '0.0000']
2025-07-09 03:12:04,977 - PoinTr - INFO - Test[8408/10518] Taxonomy = 03001627 Sample = 89208a619341d9fdb8c516ed5c4ce32 Losses = ['227.7745', '884.5465', '47.0622', '103.4976'] Metrics = ['0.1638', '47.0622', '103.4976', '0.0000']
2025-07-09 03:12:43,434 - PoinTr - INFO - Test[9459/10518] Taxonomy = 03001627 Sample = d0255120e3351121c3bd24f986301745 Losses = ['249.7436', '1177.6673', '43.8933', '83.9055'] Metrics = ['0.1935', '43.8933', '83.9055', '0.0000']
2025-07-09 03:13:21,224 - PoinTr - INFO - Test[10510/10518] Taxonomy = 03636649 Sample = ea9ec4d9db2e06202471e6dd5ac3ef92 Losses = ['495.4963', '2381.4561', '152.3602', '983.2329'] Metrics = ['0.4772', '152.3602', '983.2329', '0.0000']
2025-07-09 03:13:21,483 - PoinTr - INFO - [Validation] EPOCH: 20  Metrics = ['0.2516', '60.2121', '241.6724', '0.0000']
2025-07-09 03:13:21,483 - PoinTr - INFO - ============================ TEST RESULTS ============================
2025-07-09 03:13:21,484 - PoinTr - INFO - Taxonomy	#Sample	F-Score	CDL1	CDL2	EMDistance	#ModelName	
2025-07-09 03:13:21,484 - PoinTr - INFO - 03759954	14	0.349 	60.153 	241.716 	0.000 	microphone	
2025-07-09 03:13:21,484 - PoinTr - INFO - 04330267	44	0.204 	59.112 	193.464 	0.000 	stove	
2025-07-09 03:13:21,484 - PoinTr - INFO - 03261776	15	0.196 	84.589 	342.908 	0.000 	earphone	
2025-07-09 03:13:21,484 - PoinTr - INFO - 03513137	33	0.173 	90.544 	417.536 	0.000 	helmet	
2025-07-09 03:13:21,484 - PoinTr - INFO - 04460130	27	0.268 	51.778 	170.888 	0.000 	tower	
2025-07-09 03:13:21,484 - PoinTr - INFO - 04468005	78	0.233 	52.998 	207.497 	0.000 	train	
2025-07-09 03:13:21,484 - PoinTr - INFO - 03761084	31	0.218 	55.238 	168.314 	0.000 	microwaves	
2025-07-09 03:13:21,484 - PoinTr - INFO - 04004475	34	0.202 	74.219 	285.886 	0.000 	printer	
2025-07-09 03:13:21,484 - PoinTr - INFO - 03938244	20	0.244 	58.881 	162.577 	0.000 	pillow	
2025-07-09 03:13:21,484 - PoinTr - INFO - 02992529	167	0.306 	53.514 	256.506 	0.000 	cellphone	
2025-07-09 03:13:21,484 - PoinTr - INFO - 02808440	172	0.197 	68.662 	286.580 	0.000 	bathtub	
2025-07-09 03:13:21,484 - PoinTr - INFO - 04530566	388	0.286 	54.229 	231.891 	0.000 	watercraft	
2025-07-09 03:13:21,484 - PoinTr - INFO - 02871439	91	0.176 	59.260 	193.945 	0.000 	bookshelf	
2025-07-09 03:13:21,484 - PoinTr - INFO - 03593526	120	0.199 	77.928 	367.728 	0.000 	jar	
2025-07-09 03:13:21,484 - PoinTr - INFO - 04554684	34	0.211 	54.271 	133.517 	0.000 	washer	
2025-07-09 03:13:21,484 - PoinTr - INFO - 03467517	160	0.533 	36.056 	140.402 	0.000 	guitar	
2025-07-09 03:13:21,484 - PoinTr - INFO - 04401088	218	0.314 	48.614 	212.800 	0.000 	telephone	
2025-07-09 03:13:21,484 - PoinTr - INFO - 02954340	12	0.227 	90.865 	476.329 	0.000 	cap	
2025-07-09 03:13:21,484 - PoinTr - INFO - 02933112	315	0.195 	53.930 	176.936 	0.000 	cabinet	
2025-07-09 03:13:21,484 - PoinTr - INFO - 03642806	92	0.278 	46.784 	180.527 	0.000 	laptop	
2025-07-09 03:13:21,484 - PoinTr - INFO - 02924116	188	0.231 	51.852 	190.621 	0.000 	bus	
2025-07-09 03:13:21,484 - PoinTr - INFO - 02946921	22	0.215 	80.069 	417.919 	0.000 	can	
2025-07-09 03:13:21,484 - PoinTr - INFO - 02818832	47	0.168 	59.540 	159.490 	0.000 	bed	
2025-07-09 03:13:21,484 - PoinTr - INFO - 04256520	635	0.189 	58.538 	205.771 	0.000 	sofa	
2025-07-09 03:13:21,484 - PoinTr - INFO - 04379243	1687	0.239 	56.911 	215.735 	0.000 	table	
2025-07-09 03:13:21,484 - PoinTr - INFO - 02747177	69	0.174 	68.044 	298.241 	0.000 	trash bin	
2025-07-09 03:13:21,484 - PoinTr - INFO - 03046257	131	0.223 	74.291 	404.542 	0.000 	clock	
2025-07-09 03:13:21,484 - PoinTr - INFO - 04225987	31	0.368 	50.588 	214.944 	0.000 	skateboard	
2025-07-09 03:13:21,484 - PoinTr - INFO - 03797390	43	0.173 	75.578 	325.506 	0.000 	mug	
2025-07-09 03:13:21,484 - PoinTr - INFO - 03001627	1356	0.218 	55.578 	189.152 	0.000 	chair	
2025-07-09 03:13:21,484 - PoinTr - INFO - 03691459	320	0.209 	61.338 	218.677 	0.000 	loudspeaker	
2025-07-09 03:13:21,484 - PoinTr - INFO - 02942699	23	0.176 	66.884 	202.540 	0.000 	camera	
2025-07-09 03:13:21,484 - PoinTr - INFO - 03636649	464	0.297 	59.670 	227.392 	0.000 	lamp	
2025-07-09 03:13:21,484 - PoinTr - INFO - 02691156	809	0.320 	62.800 	376.702 	0.000 	airplane	
2025-07-09 03:13:21,484 - PoinTr - INFO - 02773838	17	0.247 	45.378 	107.904 	0.000 	bag	
2025-07-09 03:13:21,484 - PoinTr - INFO - 02958343	703	0.160 	62.196 	268.046 	0.000 	car	
2025-07-09 03:13:21,484 - PoinTr - INFO - 02880940	38	0.194 	82.854 	450.363 	0.000 	bowl	
2025-07-09 03:13:21,484 - PoinTr - INFO - 04099429	17	0.425 	43.889 	171.710 	0.000 	rocket	
2025-07-09 03:13:21,484 - PoinTr - INFO - 02828884	363	0.237 	53.265 	198.878 	0.000 	bench	
2025-07-09 03:13:21,484 - PoinTr - INFO - 04090263	475	0.465 	43.354 	181.341 	0.000 	rifle	
2025-07-09 03:13:21,484 - PoinTr - INFO - 03211117	219	0.238 	57.116 	228.009 	0.000 	display	
2025-07-09 03:13:21,484 - PoinTr - INFO - 02876657	100	0.284 	56.508 	231.075 	0.000 	bottle	
2025-07-09 03:13:21,484 - PoinTr - INFO - 03710193	19	0.310 	44.602 	128.892 	0.000 	mailbox	
2025-07-09 03:13:21,484 - PoinTr - INFO - 03790512	68	0.153 	70.555 	335.234 	0.000 	motorbike	
2025-07-09 03:13:21,484 - PoinTr - INFO - 03325088	149	0.254 	64.624 	252.278 	0.000 	faucet	
2025-07-09 03:13:21,484 - PoinTr - INFO - 02801938	23	0.196 	65.952 	281.980 	0.000 	basket	
2025-07-09 03:13:21,484 - PoinTr - INFO - 03337140	60	0.194 	57.149 	193.722 	0.000 	file cabinet	
2025-07-09 03:13:21,484 - PoinTr - INFO - 02843684	15	0.174 	74.042 	254.050 	0.000 	birdhouse	
2025-07-09 03:13:21,484 - PoinTr - INFO - 03624134	85	0.549 	39.482 	168.548 	0.000 	knife	
2025-07-09 03:13:21,484 - PoinTr - INFO - 03991062	121	0.164 	80.190 	373.594 	0.000 	flowerpot	
2025-07-09 03:13:21,484 - PoinTr - INFO - 03948459	62	0.314 	55.817 	226.897 	0.000 	pistol	
2025-07-09 03:13:21,484 - PoinTr - INFO - 03928116	48	0.187 	65.304 	226.280 	0.000 	piano	
2025-07-09 03:13:21,484 - PoinTr - INFO - 03207941	19	0.232 	48.642 	134.218 	0.000 	dishwasher	
2025-07-09 03:13:21,484 - PoinTr - INFO - 04074963	14	0.319 	47.591 	198.369 	0.000 	remote	
2025-07-09 03:13:21,484 - PoinTr - INFO - 03085013	13	0.335 	39.852 	185.412 	0.000 	keyboard	
2025-07-09 03:13:21,484 - PoinTr - INFO - Overall		0.252 	60.212 	241.672 	0.000 	
2025-07-09 03:13:21,973 - PoinTr - INFO - Save checkpoint at ./experiments/PoinTr/ShapeNet55_models/PoinTr_fog/ckpt-last.pth
2025-07-09 03:13:22,973 - PoinTr - INFO - [Epoch 21/200][Batch 1/655] BatchTime = 0.999 (s) DataTime = 0.115 (s) Losses = ['277.5685', '56.5293'] lr = 0.0003800
2025-07-09 03:15:23,261 - PoinTr - INFO - [Epoch 21/200][Batch 101/655] BatchTime = 1.101 (s) DataTime = 0.002 (s) Losses = ['273.3222', '53.3120'] lr = 0.0003800
2025-07-09 03:17:25,428 - PoinTr - INFO - [Epoch 21/200][Batch 201/655] BatchTime = 0.805 (s) DataTime = 0.001 (s) Losses = ['259.6588', '48.4396'] lr = 0.0003800
2025-07-09 03:19:25,102 - PoinTr - INFO - [Epoch 21/200][Batch 301/655] BatchTime = 0.908 (s) DataTime = 0.001 (s) Losses = ['264.4984', '59.0447'] lr = 0.0003800
2025-07-09 03:21:25,875 - PoinTr - INFO - [Epoch 21/200][Batch 401/655] BatchTime = 1.138 (s) DataTime = 0.001 (s) Losses = ['306.0319', '56.3608'] lr = 0.0003800
2025-07-09 03:23:26,636 - PoinTr - INFO - [Epoch 21/200][Batch 501/655] BatchTime = 1.589 (s) DataTime = 0.001 (s) Losses = ['272.7305', '54.0382'] lr = 0.0003800
2025-07-09 03:25:28,131 - PoinTr - INFO - [Epoch 21/200][Batch 601/655] BatchTime = 0.695 (s) DataTime = 0.001 (s) Losses = ['276.2313', '53.1589'] lr = 0.0003800
2025-07-09 03:26:32,393 - PoinTr - INFO - [Training] EPOCH: 21 EpochTime = 790.419 (s) Losses = ['274.0979', '54.4018']
2025-07-09 03:26:32,870 - PoinTr - INFO - Save checkpoint at ./experiments/PoinTr/ShapeNet55_models/PoinTr_fog/ckpt-last.pth
2025-07-09 03:26:34,554 - PoinTr - INFO - [Epoch 22/200][Batch 1/655] BatchTime = 1.683 (s) DataTime = 0.113 (s) Losses = ['298.8170', '63.2291'] lr = 0.0003751
2025-07-09 03:28:34,462 - PoinTr - INFO - [Epoch 22/200][Batch 101/655] BatchTime = 1.163 (s) DataTime = 0.001 (s) Losses = ['304.5077', '68.1675'] lr = 0.0003751
2025-07-09 03:30:34,829 - PoinTr - INFO - [Epoch 22/200][Batch 201/655] BatchTime = 1.175 (s) DataTime = 0.002 (s) Losses = ['285.0267', '52.5504'] lr = 0.0003751
2025-07-09 03:32:39,806 - PoinTr - INFO - [Epoch 22/200][Batch 301/655] BatchTime = 0.895 (s) DataTime = 0.002 (s) Losses = ['260.6999', '47.0304'] lr = 0.0003751
2025-07-09 03:34:44,505 - PoinTr - INFO - [Epoch 22/200][Batch 401/655] BatchTime = 1.227 (s) DataTime = 0.001 (s) Losses = ['285.8724', '52.0872'] lr = 0.0003751
2025-07-09 03:36:48,989 - PoinTr - INFO - [Epoch 22/200][Batch 501/655] BatchTime = 1.120 (s) DataTime = 0.001 (s) Losses = ['294.8485', '55.9132'] lr = 0.0003751
2025-07-09 03:38:49,514 - PoinTr - INFO - [Epoch 22/200][Batch 601/655] BatchTime = 1.517 (s) DataTime = 0.001 (s) Losses = ['288.5128', '52.2794'] lr = 0.0003751
2025-07-09 03:39:57,503 - PoinTr - INFO - [Training] EPOCH: 22 EpochTime = 804.632 (s) Losses = ['274.9476', '54.3746']
2025-07-09 03:39:57,990 - PoinTr - INFO - Save checkpoint at ./experiments/PoinTr/ShapeNet55_models/PoinTr_fog/ckpt-last.pth
2025-07-09 03:39:59,753 - PoinTr - INFO - [Epoch 23/200][Batch 1/655] BatchTime = 1.761 (s) DataTime = 0.111 (s) Losses = ['239.0345', '46.9698'] lr = 0.0003702
2025-07-09 03:41:58,663 - PoinTr - INFO - [Epoch 23/200][Batch 101/655] BatchTime = 1.180 (s) DataTime = 0.001 (s) Losses = ['292.8588', '55.3865'] lr = 0.0003702
2025-07-09 03:43:53,359 - PoinTr - INFO - [Epoch 23/200][Batch 201/655] BatchTime = 1.066 (s) DataTime = 0.001 (s) Losses = ['302.1110', '54.5879'] lr = 0.0003702
2025-07-09 03:45:50,544 - PoinTr - INFO - [Epoch 23/200][Batch 301/655] BatchTime = 1.126 (s) DataTime = 0.001 (s) Losses = ['269.0354', '52.7573'] lr = 0.0003702
2025-07-09 03:47:48,320 - PoinTr - INFO - [Epoch 23/200][Batch 401/655] BatchTime = 1.142 (s) DataTime = 0.001 (s) Losses = ['269.2817', '56.0352'] lr = 0.0003702
2025-07-09 03:49:51,494 - PoinTr - INFO - [Epoch 23/200][Batch 501/655] BatchTime = 0.981 (s) DataTime = 0.001 (s) Losses = ['267.0777', '53.7892'] lr = 0.0003702
2025-07-09 03:51:54,816 - PoinTr - INFO - [Epoch 23/200][Batch 601/655] BatchTime = 1.053 (s) DataTime = 0.001 (s) Losses = ['319.7667', '59.3243'] lr = 0.0003702
2025-07-09 03:52:59,249 - PoinTr - INFO - [Training] EPOCH: 23 EpochTime = 781.257 (s) Losses = ['274.3025', '54.2409']
2025-07-09 03:52:59,849 - PoinTr - INFO - Save checkpoint at ./experiments/PoinTr/ShapeNet55_models/PoinTr_fog/ckpt-last.pth
2025-07-09 03:53:01,357 - PoinTr - INFO - [Epoch 24/200][Batch 1/655] BatchTime = 1.507 (s) DataTime = 0.110 (s) Losses = ['265.3545', '53.1649'] lr = 0.0003654
2025-07-09 03:55:02,049 - PoinTr - INFO - [Epoch 24/200][Batch 101/655] BatchTime = 1.058 (s) DataTime = 0.001 (s) Losses = ['267.0905', '48.2843'] lr = 0.0003654
2025-07-09 03:56:59,984 - PoinTr - INFO - [Epoch 24/200][Batch 201/655] BatchTime = 1.047 (s) DataTime = 0.001 (s) Losses = ['273.1172', '58.1789'] lr = 0.0003654
2025-07-09 03:58:59,165 - PoinTr - INFO - [Epoch 24/200][Batch 301/655] BatchTime = 1.003 (s) DataTime = 0.001 (s) Losses = ['277.7234', '56.6798'] lr = 0.0003654
2025-07-09 04:01:06,452 - PoinTr - INFO - [Epoch 24/200][Batch 401/655] BatchTime = 1.259 (s) DataTime = 0.002 (s) Losses = ['283.7748', '54.4471'] lr = 0.0003654
2025-07-09 04:03:12,349 - PoinTr - INFO - [Epoch 24/200][Batch 501/655] BatchTime = 1.052 (s) DataTime = 0.001 (s) Losses = ['254.8441', '55.8750'] lr = 0.0003654
2025-07-09 04:05:16,397 - PoinTr - INFO - [Epoch 24/200][Batch 601/655] BatchTime = 1.375 (s) DataTime = 0.002 (s) Losses = ['251.7221', '53.7509'] lr = 0.0003654
2025-07-09 04:06:20,554 - PoinTr - INFO - [Training] EPOCH: 24 EpochTime = 800.704 (s) Losses = ['273.9728', '53.9763']
2025-07-09 04:06:21,032 - PoinTr - INFO - Save checkpoint at ./experiments/PoinTr/ShapeNet55_models/PoinTr_fog/ckpt-last.pth
2025-07-09 04:06:22,757 - PoinTr - INFO - [Epoch 25/200][Batch 1/655] BatchTime = 1.724 (s) DataTime = 0.109 (s) Losses = ['265.2487', '48.9057'] lr = 0.0003606
2025-07-09 04:08:27,278 - PoinTr - INFO - [Epoch 25/200][Batch 101/655] BatchTime = 0.952 (s) DataTime = 0.001 (s) Losses = ['267.5734', '53.1074'] lr = 0.0003606
2025-07-09 04:10:32,086 - PoinTr - INFO - [Epoch 25/200][Batch 201/655] BatchTime = 1.491 (s) DataTime = 0.001 (s) Losses = ['295.4854', '54.3192'] lr = 0.0003606
2025-07-09 04:12:32,150 - PoinTr - INFO - [Epoch 25/200][Batch 301/655] BatchTime = 1.612 (s) DataTime = 0.001 (s) Losses = ['279.6836', '54.2280'] lr = 0.0003606
2025-07-09 04:14:34,563 - PoinTr - INFO - [Epoch 25/200][Batch 401/655] BatchTime = 1.137 (s) DataTime = 0.001 (s) Losses = ['285.6359', '56.3795'] lr = 0.0003606
2025-07-09 04:16:39,930 - PoinTr - INFO - [Epoch 25/200][Batch 501/655] BatchTime = 1.390 (s) DataTime = 0.001 (s) Losses = ['281.3018', '51.3085'] lr = 0.0003606
2025-07-09 04:18:38,625 - PoinTr - INFO - [Epoch 25/200][Batch 601/655] BatchTime = 1.222 (s) DataTime = 0.001 (s) Losses = ['248.3428', '52.5483'] lr = 0.0003606
2025-07-09 04:19:43,086 - PoinTr - INFO - [Training] EPOCH: 25 EpochTime = 802.052 (s) Losses = ['274.6966', '54.0222']
2025-07-09 04:19:43,086 - PoinTr - INFO - [VALIDATION] Start validating epoch 25
2025-07-09 04:20:22,477 - PoinTr - INFO - Test[1051/10518] Taxonomy = 02691156 Sample = c7749c0a8b61f43bc9b9e28055202e3d Losses = ['373.4212', '1779.9423', '74.5481', '314.8584'] Metrics = ['0.3231', '74.5481', '314.8584', '0.0000']
2025-07-09 04:21:00,799 - PoinTr - INFO - Test[2102/10518] Taxonomy = 03211117 Sample = ab2f9418c111cc6ddb965514105122a4 Losses = ['291.2838', '973.3750', '44.0585', '153.8915'] Metrics = ['0.3557', '44.0585', '153.8915', '0.0000']
2025-07-09 04:21:38,848 - PoinTr - INFO - Test[3153/10518] Taxonomy = 02876657 Sample = c5032e4be091aabb36fe7a88df793982 Losses = ['508.2042', '3038.6064', '78.8687', '369.8879'] Metrics = ['0.1794', '78.8687', '369.8878', '0.0000']
2025-07-09 04:22:18,110 - PoinTr - INFO - Test[4204/10518] Taxonomy = 03211117 Sample = 722df1da5778d45b1e43523279c7f09f Losses = ['457.9929', '2212.2107', '113.0441', '550.2167'] Metrics = ['0.1927', '113.0441', '550.2167', '0.0000']
2025-07-09 04:22:56,762 - PoinTr - INFO - Test[5255/10518] Taxonomy = 02828884 Sample = 14b63361a48a9fffe4a048c146e8bd43 Losses = ['472.0567', '2667.5615', '37.6670', '138.7470'] Metrics = ['0.3669', '37.6670', '138.7470', '0.0000']
2025-07-09 04:23:34,787 - PoinTr - INFO - Test[6306/10518] Taxonomy = 03211117 Sample = d330d50a0255529d19ed6e1a590c9122 Losses = ['94.7910', '372.5879', '22.4847', '21.6230'] Metrics = ['0.2434', '22.4847', '21.6230', '0.0000']
2025-07-09 04:24:11,287 - PoinTr - INFO - Test[7357/10518] Taxonomy = 04379243 Sample = b1ca280d9567270ade98d10ab5975b59 Losses = ['390.0023', '2056.0989', '54.1999', '210.7492'] Metrics = ['0.2626', '54.1999', '210.7492', '0.0000']
2025-07-09 04:24:47,501 - PoinTr - INFO - Test[8408/10518] Taxonomy = 03001627 Sample = 89208a619341d9fdb8c516ed5c4ce32 Losses = ['154.5078', '770.4867', '33.7905', '67.6705'] Metrics = ['0.1710', '33.7905', '67.6705', '0.0000']
2025-07-09 04:25:24,945 - PoinTr - INFO - Test[9459/10518] Taxonomy = 03001627 Sample = d0255120e3351121c3bd24f986301745 Losses = ['380.1733', '1466.4512', '97.8536', '400.3412'] Metrics = ['0.1478', '97.8536', '400.3412', '0.0000']
2025-07-09 04:26:02,251 - PoinTr - INFO - Test[10510/10518] Taxonomy = 03636649 Sample = ea9ec4d9db2e06202471e6dd5ac3ef92 Losses = ['288.4830', '2232.1115', '24.6169', '75.9295'] Metrics = ['0.4805', '24.6169', '75.9295', '0.0000']
2025-07-09 04:26:02,671 - PoinTr - INFO - [Validation] EPOCH: 25  Metrics = ['0.2660', '57.2326', '246.8308', '0.0000']
2025-07-09 04:26:02,672 - PoinTr - INFO - ============================ TEST RESULTS ============================
2025-07-09 04:26:02,672 - PoinTr - INFO - Taxonomy	#Sample	F-Score	CDL1	CDL2	EMDistance	#ModelName	
2025-07-09 04:26:02,672 - PoinTr - INFO - 03759954	14	0.366 	48.089 	158.254 	0.000 	microphone	
2025-07-09 04:26:02,672 - PoinTr - INFO - 04330267	44	0.216 	57.949 	210.189 	0.000 	stove	
2025-07-09 04:26:02,672 - PoinTr - INFO - 03261776	15	0.219 	52.898 	167.557 	0.000 	earphone	
2025-07-09 04:26:02,672 - PoinTr - INFO - 03513137	33	0.181 	85.473 	432.453 	0.000 	helmet	
2025-07-09 04:26:02,672 - PoinTr - INFO - 04460130	27	0.281 	52.959 	227.076 	0.000 	tower	
2025-07-09 04:26:02,672 - PoinTr - INFO - 04468005	78	0.268 	46.783 	193.272 	0.000 	train	
2025-07-09 04:26:02,672 - PoinTr - INFO - 03761084	31	0.223 	53.695 	179.713 	0.000 	microwaves	
2025-07-09 04:26:02,672 - PoinTr - INFO - 04004475	34	0.207 	72.333 	309.735 	0.000 	printer	
2025-07-09 04:26:02,672 - PoinTr - INFO - 03938244	20	0.247 	67.355 	286.258 	0.000 	pillow	
2025-07-09 04:26:02,672 - PoinTr - INFO - 02992529	167	0.314 	51.179 	248.313 	0.000 	cellphone	
2025-07-09 04:26:02,672 - PoinTr - INFO - 02808440	172	0.217 	59.363 	244.746 	0.000 	bathtub	
2025-07-09 04:26:02,672 - PoinTr - INFO - 04530566	388	0.314 	46.459 	189.099 	0.000 	watercraft	
2025-07-09 04:26:02,672 - PoinTr - INFO - 02871439	91	0.185 	58.467 	226.472 	0.000 	bookshelf	
2025-07-09 04:26:02,672 - PoinTr - INFO - 03593526	120	0.212 	68.526 	306.896 	0.000 	jar	
2025-07-09 04:26:02,672 - PoinTr - INFO - 04554684	34	0.226 	50.585 	154.412 	0.000 	washer	
2025-07-09 04:26:02,672 - PoinTr - INFO - 03467517	160	0.553 	34.801 	134.934 	0.000 	guitar	
2025-07-09 04:26:02,672 - PoinTr - INFO - 04401088	218	0.326 	47.733 	213.735 	0.000 	telephone	
2025-07-09 04:26:02,672 - PoinTr - INFO - 02954340	12	0.245 	68.199 	318.079 	0.000 	cap	
2025-07-09 04:26:02,672 - PoinTr - INFO - 02933112	315	0.203 	50.966 	180.926 	0.000 	cabinet	
2025-07-09 04:26:02,672 - PoinTr - INFO - 03642806	92	0.271 	51.094 	211.947 	0.000 	laptop	
2025-07-09 04:26:02,672 - PoinTr - INFO - 02924116	188	0.264 	50.280 	211.375 	0.000 	bus	
2025-07-09 04:26:02,672 - PoinTr - INFO - 02946921	22	0.213 	84.056 	439.375 	0.000 	can	
2025-07-09 04:26:02,672 - PoinTr - INFO - 02818832	47	0.182 	58.113 	190.449 	0.000 	bed	
2025-07-09 04:26:02,672 - PoinTr - INFO - 04256520	635	0.202 	54.302 	204.862 	0.000 	sofa	
2025-07-09 04:26:02,672 - PoinTr - INFO - 04379243	1687	0.276 	51.132 	204.572 	0.000 	table	
2025-07-09 04:26:02,672 - PoinTr - INFO - 02747177	69	0.181 	59.715 	233.924 	0.000 	trash bin	
2025-07-09 04:26:02,672 - PoinTr - INFO - 03046257	131	0.228 	78.121 	456.290 	0.000 	clock	
2025-07-09 04:26:02,672 - PoinTr - INFO - 04225987	31	0.356 	44.782 	200.022 	0.000 	skateboard	
2025-07-09 04:26:02,672 - PoinTr - INFO - 03797390	43	0.180 	63.222 	259.865 	0.000 	mug	
2025-07-09 04:26:02,672 - PoinTr - INFO - 03001627	1356	0.222 	54.186 	197.378 	0.000 	chair	
2025-07-09 04:26:02,672 - PoinTr - INFO - 03691459	320	0.214 	58.007 	217.640 	0.000 	loudspeaker	
2025-07-09 04:26:02,672 - PoinTr - INFO - 02942699	23	0.190 	69.583 	284.139 	0.000 	camera	
2025-07-09 04:26:02,672 - PoinTr - INFO - 03636649	464	0.320 	54.801 	211.326 	0.000 	lamp	
2025-07-09 04:26:02,672 - PoinTr - INFO - 02691156	809	0.356 	62.656 	402.675 	0.000 	airplane	
2025-07-09 04:26:02,672 - PoinTr - INFO - 02773838	17	0.227 	78.018 	376.659 	0.000 	bag	
2025-07-09 04:26:02,672 - PoinTr - INFO - 02958343	703	0.175 	57.346 	247.668 	0.000 	car	
2025-07-09 04:26:02,672 - PoinTr - INFO - 02880940	38	0.187 	107.426 	749.310 	0.000 	bowl	
2025-07-09 04:26:02,672 - PoinTr - INFO - 04099429	17	0.474 	42.823 	177.316 	0.000 	rocket	
2025-07-09 04:26:02,672 - PoinTr - INFO - 02828884	363	0.270 	50.208 	200.387 	0.000 	bench	
2025-07-09 04:26:02,672 - PoinTr - INFO - 04090263	475	0.529 	41.363 	195.617 	0.000 	rifle	
2025-07-09 04:26:02,672 - PoinTr - INFO - 03211117	219	0.238 	54.616 	225.496 	0.000 	display	
2025-07-09 04:26:02,672 - PoinTr - INFO - 02876657	100	0.309 	49.502 	213.349 	0.000 	bottle	
2025-07-09 04:26:02,672 - PoinTr - INFO - 03710193	19	0.329 	40.791 	134.674 	0.000 	mailbox	
2025-07-09 04:26:02,672 - PoinTr - INFO - 03790512	68	0.179 	56.622 	254.465 	0.000 	motorbike	
2025-07-09 04:26:02,672 - PoinTr - INFO - 03325088	149	0.269 	65.942 	300.642 	0.000 	faucet	
2025-07-09 04:26:02,672 - PoinTr - INFO - 02801938	23	0.203 	68.127 	336.551 	0.000 	basket	
2025-07-09 04:26:02,672 - PoinTr - INFO - 03337140	60	0.213 	48.605 	155.767 	0.000 	file cabinet	
2025-07-09 04:26:02,673 - PoinTr - INFO - 02843684	15	0.194 	58.045 	184.863 	0.000 	birdhouse	
2025-07-09 04:26:02,673 - PoinTr - INFO - 03624134	85	0.588 	36.722 	166.870 	0.000 	knife	
2025-07-09 04:26:02,673 - PoinTr - INFO - 03991062	121	0.169 	75.286 	368.625 	0.000 	flowerpot	
2025-07-09 04:26:02,673 - PoinTr - INFO - 03948459	62	0.348 	43.134 	177.988 	0.000 	pistol	
2025-07-09 04:26:02,673 - PoinTr - INFO - 03928116	48	0.212 	50.553 	161.096 	0.000 	piano	
2025-07-09 04:26:02,673 - PoinTr - INFO - 03207941	19	0.208 	57.542 	208.274 	0.000 	dishwasher	
2025-07-09 04:26:02,673 - PoinTr - INFO - 04074963	14	0.303 	53.888 	242.884 	0.000 	remote	
2025-07-09 04:26:02,673 - PoinTr - INFO - 03085013	13	0.346 	43.370 	189.239 	0.000 	keyboard	
2025-07-09 04:26:02,673 - PoinTr - INFO - Overall		0.266 	57.233 	246.831 	0.000 	
2025-07-09 04:26:03,175 - PoinTr - INFO - Save checkpoint at ./experiments/PoinTr/ShapeNet55_models/PoinTr_fog/ckpt-last.pth
2025-07-09 04:26:04,263 - PoinTr - INFO - [Epoch 26/200][Batch 1/655] BatchTime = 1.088 (s) DataTime = 0.113 (s) Losses = ['236.3965', '46.7743'] lr = 0.0003560
2025-07-09 04:28:04,008 - PoinTr - INFO - [Epoch 26/200][Batch 101/655] BatchTime = 0.987 (s) DataTime = 0.001 (s) Losses = ['284.1505', '53.8397'] lr = 0.0003560
2025-07-09 04:30:04,010 - PoinTr - INFO - [Epoch 26/200][Batch 201/655] BatchTime = 0.969 (s) DataTime = 0.001 (s) Losses = ['272.9985', '55.1099'] lr = 0.0003560
2025-07-09 04:32:02,930 - PoinTr - INFO - [Epoch 26/200][Batch 301/655] BatchTime = 1.150 (s) DataTime = 0.001 (s) Losses = ['259.6905', '49.7420'] lr = 0.0003560
2025-07-09 04:34:04,210 - PoinTr - INFO - [Epoch 26/200][Batch 401/655] BatchTime = 1.354 (s) DataTime = 0.001 (s) Losses = ['266.9036', '53.4695'] lr = 0.0003560
2025-07-09 04:35:57,837 - PoinTr - INFO - [Epoch 26/200][Batch 501/655] BatchTime = 1.015 (s) DataTime = 0.001 (s) Losses = ['252.0865', '50.9747'] lr = 0.0003560
2025-07-09 04:37:56,809 - PoinTr - INFO - [Epoch 26/200][Batch 601/655] BatchTime = 1.399 (s) DataTime = 0.001 (s) Losses = ['244.3577', '43.7326'] lr = 0.0003560
2025-07-09 04:39:01,232 - PoinTr - INFO - [Training] EPOCH: 26 EpochTime = 778.056 (s) Losses = ['273.1529', '53.6404']
2025-07-09 04:39:01,678 - PoinTr - INFO - Save checkpoint at ./experiments/PoinTr/ShapeNet55_models/PoinTr_fog/ckpt-last.pth
2025-07-09 04:39:03,401 - PoinTr - INFO - [Epoch 27/200][Batch 1/655] BatchTime = 1.721 (s) DataTime = 0.111 (s) Losses = ['278.1631', '53.3134'] lr = 0.0003513
2025-07-09 04:41:03,016 - PoinTr - INFO - [Epoch 27/200][Batch 101/655] BatchTime = 1.096 (s) DataTime = 0.001 (s) Losses = ['284.6482', '59.3631'] lr = 0.0003513
2025-07-09 04:43:05,942 - PoinTr - INFO - [Epoch 27/200][Batch 201/655] BatchTime = 1.517 (s) DataTime = 0.001 (s) Losses = ['272.3365', '55.4031'] lr = 0.0003513
2025-07-09 04:45:10,218 - PoinTr - INFO - [Epoch 27/200][Batch 301/655] BatchTime = 1.594 (s) DataTime = 0.001 (s) Losses = ['260.0647', '52.5487'] lr = 0.0003513
2025-07-09 04:47:14,057 - PoinTr - INFO - [Epoch 27/200][Batch 401/655] BatchTime = 0.819 (s) DataTime = 0.001 (s) Losses = ['287.2068', '56.7944'] lr = 0.0003513
2025-07-09 04:49:20,279 - PoinTr - INFO - [Epoch 27/200][Batch 501/655] BatchTime = 1.415 (s) DataTime = 0.001 (s) Losses = ['285.8998', '53.3685'] lr = 0.0003513
2025-07-09 04:51:21,720 - PoinTr - INFO - [Epoch 27/200][Batch 601/655] BatchTime = 0.929 (s) DataTime = 0.001 (s) Losses = ['270.5414', '53.2027'] lr = 0.0003513
2025-07-09 04:52:33,530 - PoinTr - INFO - [Training] EPOCH: 27 EpochTime = 811.851 (s) Losses = ['273.7515', '53.6254']
2025-07-09 04:52:34,018 - PoinTr - INFO - Save checkpoint at ./experiments/PoinTr/ShapeNet55_models/PoinTr_fog/ckpt-last.pth
2025-07-09 04:52:35,036 - PoinTr - INFO - [Epoch 28/200][Batch 1/655] BatchTime = 1.017 (s) DataTime = 0.112 (s) Losses = ['281.9372', '53.3328'] lr = 0.0003468
2025-07-09 04:54:41,870 - PoinTr - INFO - [Epoch 28/200][Batch 101/655] BatchTime = 1.113 (s) DataTime = 0.001 (s) Losses = ['297.4456', '52.5290'] lr = 0.0003468
2025-07-09 04:56:44,483 - PoinTr - INFO - [Epoch 28/200][Batch 201/655] BatchTime = 0.895 (s) DataTime = 0.001 (s) Losses = ['266.6001', '51.6186'] lr = 0.0003468
2025-07-09 04:58:47,799 - PoinTr - INFO - [Epoch 28/200][Batch 301/655] BatchTime = 1.445 (s) DataTime = 0.001 (s) Losses = ['292.3467', '58.0777'] lr = 0.0003468
2025-07-09 05:00:49,355 - PoinTr - INFO - [Epoch 28/200][Batch 401/655] BatchTime = 1.311 (s) DataTime = 0.002 (s) Losses = ['280.4349', '53.9343'] lr = 0.0003468
2025-07-09 05:02:49,655 - PoinTr - INFO - [Epoch 28/200][Batch 501/655] BatchTime = 1.046 (s) DataTime = 0.002 (s) Losses = ['320.3885', '58.7803'] lr = 0.0003468
2025-07-09 05:04:54,187 - PoinTr - INFO - [Epoch 28/200][Batch 601/655] BatchTime = 1.407 (s) DataTime = 0.002 (s) Losses = ['279.4335', '54.3296'] lr = 0.0003468
2025-07-09 05:05:57,692 - PoinTr - INFO - [Training] EPOCH: 28 EpochTime = 803.673 (s) Losses = ['274.8625', '53.7232']
2025-07-09 05:05:58,180 - PoinTr - INFO - Save checkpoint at ./experiments/PoinTr/ShapeNet55_models/PoinTr_fog/ckpt-last.pth
2025-07-09 05:05:59,813 - PoinTr - INFO - [Epoch 29/200][Batch 1/655] BatchTime = 1.631 (s) DataTime = 0.118 (s) Losses = ['273.3079', '46.9626'] lr = 0.0003423
2025-07-09 05:07:59,251 - PoinTr - INFO - [Epoch 29/200][Batch 101/655] BatchTime = 0.997 (s) DataTime = 0.001 (s) Losses = ['289.5333', '56.6319'] lr = 0.0003423
2025-07-09 05:09:59,909 - PoinTr - INFO - [Epoch 29/200][Batch 201/655] BatchTime = 1.160 (s) DataTime = 0.001 (s) Losses = ['300.3080', '58.4972'] lr = 0.0003423
2025-07-09 05:12:00,877 - PoinTr - INFO - [Epoch 29/200][Batch 301/655] BatchTime = 0.805 (s) DataTime = 0.001 (s) Losses = ['273.1702', '49.7659'] lr = 0.0003423
2025-07-09 05:14:03,881 - PoinTr - INFO - [Epoch 29/200][Batch 401/655] BatchTime = 1.441 (s) DataTime = 0.001 (s) Losses = ['279.9016', '50.8447'] lr = 0.0003423
2025-07-09 05:16:06,618 - PoinTr - INFO - [Epoch 29/200][Batch 501/655] BatchTime = 0.804 (s) DataTime = 0.001 (s) Losses = ['288.5145', '55.9655'] lr = 0.0003423
2025-07-09 05:18:06,083 - PoinTr - INFO - [Epoch 29/200][Batch 601/655] BatchTime = 1.121 (s) DataTime = 0.001 (s) Losses = ['291.8345', '58.9069'] lr = 0.0003423
2025-07-09 05:19:10,999 - PoinTr - INFO - [Training] EPOCH: 29 EpochTime = 792.817 (s) Losses = ['274.3644', '53.5405']
2025-07-09 05:19:11,474 - PoinTr - INFO - Save checkpoint at ./experiments/PoinTr/ShapeNet55_models/PoinTr_fog/ckpt-last.pth
2025-07-09 05:19:12,715 - PoinTr - INFO - [Epoch 30/200][Batch 1/655] BatchTime = 1.240 (s) DataTime = 0.111 (s) Losses = ['285.0232', '52.6874'] lr = 0.0003378
2025-07-09 05:21:13,171 - PoinTr - INFO - [Epoch 30/200][Batch 101/655] BatchTime = 1.052 (s) DataTime = 0.001 (s) Losses = ['303.6160', '55.5014'] lr = 0.0003378
2025-07-09 05:23:09,195 - PoinTr - INFO - [Epoch 30/200][Batch 201/655] BatchTime = 1.259 (s) DataTime = 0.001 (s) Losses = ['290.9737', '58.8403'] lr = 0.0003378
2025-07-09 05:25:14,331 - PoinTr - INFO - [Epoch 30/200][Batch 301/655] BatchTime = 1.003 (s) DataTime = 0.001 (s) Losses = ['287.5967', '57.0163'] lr = 0.0003378
2025-07-09 05:27:20,193 - PoinTr - INFO - [Epoch 30/200][Batch 401/655] BatchTime = 1.368 (s) DataTime = 0.001 (s) Losses = ['289.9474', '50.3399'] lr = 0.0003378
2025-07-09 05:29:22,781 - PoinTr - INFO - [Epoch 30/200][Batch 501/655] BatchTime = 1.149 (s) DataTime = 0.001 (s) Losses = ['249.1906', '51.3425'] lr = 0.0003378
2025-07-09 05:31:25,704 - PoinTr - INFO - [Epoch 30/200][Batch 601/655] BatchTime = 1.148 (s) DataTime = 0.001 (s) Losses = ['300.0366', '53.1509'] lr = 0.0003378
2025-07-09 05:32:33,817 - PoinTr - INFO - [Training] EPOCH: 30 EpochTime = 802.342 (s) Losses = ['273.9739', '53.2430']
2025-07-09 05:32:33,817 - PoinTr - INFO - [VALIDATION] Start validating epoch 30
2025-07-09 05:33:13,814 - PoinTr - INFO - Test[1051/10518] Taxonomy = 02691156 Sample = c7749c0a8b61f43bc9b9e28055202e3d Losses = ['341.7706', '2434.0332', '78.8272', '446.7625'] Metrics = ['0.2705', '78.8271', '446.7625', '0.0000']
2025-07-09 05:33:51,823 - PoinTr - INFO - Test[2102/10518] Taxonomy = 03211117 Sample = ab2f9418c111cc6ddb965514105122a4 Losses = ['249.4824', '580.6722', '47.1639', '114.4144'] Metrics = ['0.3325', '47.1639', '114.4144', '0.0000']
2025-07-09 05:34:27,802 - PoinTr - INFO - Test[3153/10518] Taxonomy = 02876657 Sample = c5032e4be091aabb36fe7a88df793982 Losses = ['83.9454', '106.8176', '34.8555', '10.3245'] Metrics = ['0.2293', '34.8555', '10.3245', '0.0000']
2025-07-09 05:35:05,509 - PoinTr - INFO - Test[4204/10518] Taxonomy = 03211117 Sample = 722df1da5778d45b1e43523279c7f09f Losses = ['375.4669', '1503.8532', '53.8826', '127.6489'] Metrics = ['0.2321', '53.8826', '127.6489', '0.0000']
2025-07-09 05:35:44,729 - PoinTr - INFO - Test[5255/10518] Taxonomy = 02828884 Sample = 14b63361a48a9fffe4a048c146e8bd43 Losses = ['410.8625', '2145.8681', '46.3120', '168.1968'] Metrics = ['0.3013', '46.3120', '168.1968', '0.0000']
2025-07-09 05:36:22,289 - PoinTr - INFO - Test[6306/10518] Taxonomy = 03211117 Sample = d330d50a0255529d19ed6e1a590c9122 Losses = ['477.4130', '2598.6660', '80.6200', '487.9117'] Metrics = ['0.3748', '80.6200', '487.9117', '0.0000']
2025-07-09 05:36:58,844 - PoinTr - INFO - Test[7357/10518] Taxonomy = 04379243 Sample = b1ca280d9567270ade98d10ab5975b59 Losses = ['409.0059', '3102.6838', '57.8336', '328.0461'] Metrics = ['0.1906', '57.8336', '328.0461', '0.0000']
2025-07-09 05:37:36,934 - PoinTr - INFO - Test[8408/10518] Taxonomy = 03001627 Sample = 89208a619341d9fdb8c516ed5c4ce32 Losses = ['280.7227', '1179.9319', '54.0090', '149.2497'] Metrics = ['0.1499', '54.0090', '149.2497', '0.0000']
2025-07-09 05:38:13,503 - PoinTr - INFO - Test[9459/10518] Taxonomy = 03001627 Sample = d0255120e3351121c3bd24f986301745 Losses = ['151.0384', '639.3167', '41.7568', '77.3711'] Metrics = ['0.1425', '41.7568', '77.3711', '0.0000']
2025-07-09 05:38:50,086 - PoinTr - INFO - Test[10510/10518] Taxonomy = 03636649 Sample = ea9ec4d9db2e06202471e6dd5ac3ef92 Losses = ['238.9180', '1005.2717', '28.0354', '45.9918'] Metrics = ['0.4452', '28.0354', '45.9918', '0.0000']
2025-07-09 05:38:50,525 - PoinTr - INFO - [Validation] EPOCH: 30  Metrics = ['0.2680', '56.9912', '245.9835', '0.0000']
2025-07-09 05:38:50,525 - PoinTr - INFO - ============================ TEST RESULTS ============================
2025-07-09 05:38:50,525 - PoinTr - INFO - Taxonomy	#Sample	F-Score	CDL1	CDL2	EMDistance	#ModelName	
2025-07-09 05:38:50,525 - PoinTr - INFO - 03759954	14	0.361 	57.323 	234.140 	0.000 	microphone	
2025-07-09 05:38:50,525 - PoinTr - INFO - 04330267	44	0.221 	50.278 	155.054 	0.000 	stove	
2025-07-09 05:38:50,525 - PoinTr - INFO - 03261776	15	0.230 	58.635 	241.390 	0.000 	earphone	
2025-07-09 05:38:50,525 - PoinTr - INFO - 03513137	33	0.198 	70.435 	305.323 	0.000 	helmet	
2025-07-09 05:38:50,525 - PoinTr - INFO - 04460130	27	0.279 	52.571 	210.022 	0.000 	tower	
2025-07-09 05:38:50,525 - PoinTr - INFO - 04468005	78	0.257 	47.076 	189.478 	0.000 	train	
2025-07-09 05:38:50,525 - PoinTr - INFO - 03761084	31	0.232 	50.469 	165.158 	0.000 	microwaves	
2025-07-09 05:38:50,525 - PoinTr - INFO - 04004475	34	0.205 	58.243 	191.223 	0.000 	printer	
2025-07-09 05:38:50,525 - PoinTr - INFO - 03938244	20	0.268 	51.060 	165.712 	0.000 	pillow	
2025-07-09 05:38:50,525 - PoinTr - INFO - 02992529	167	0.322 	54.643 	271.528 	0.000 	cellphone	
2025-07-09 05:38:50,525 - PoinTr - INFO - 02808440	172	0.213 	57.758 	229.053 	0.000 	bathtub	
2025-07-09 05:38:50,525 - PoinTr - INFO - 04530566	388	0.302 	47.971 	195.837 	0.000 	watercraft	
2025-07-09 05:38:50,525 - PoinTr - INFO - 02871439	91	0.195 	59.292 	245.705 	0.000 	bookshelf	
2025-07-09 05:38:50,525 - PoinTr - INFO - 03593526	120	0.207 	76.938 	390.817 	0.000 	jar	
2025-07-09 05:38:50,525 - PoinTr - INFO - 04554684	34	0.236 	47.058 	130.937 	0.000 	washer	
2025-07-09 05:38:50,525 - PoinTr - INFO - 03467517	160	0.598 	36.240 	153.552 	0.000 	guitar	
2025-07-09 05:38:50,525 - PoinTr - INFO - 04401088	218	0.331 	53.212 	260.791 	0.000 	telephone	
2025-07-09 05:38:50,525 - PoinTr - INFO - 02954340	12	0.237 	86.729 	460.970 	0.000 	cap	
2025-07-09 05:38:50,525 - PoinTr - INFO - 02933112	315	0.207 	52.238 	194.935 	0.000 	cabinet	
2025-07-09 05:38:50,525 - PoinTr - INFO - 03642806	92	0.277 	41.981 	161.006 	0.000 	laptop	
2025-07-09 05:38:50,525 - PoinTr - INFO - 02924116	188	0.271 	46.981 	187.936 	0.000 	bus	
2025-07-09 05:38:50,525 - PoinTr - INFO - 02946921	22	0.226 	69.025 	304.949 	0.000 	can	
2025-07-09 05:38:50,525 - PoinTr - INFO - 02818832	47	0.182 	58.412 	187.629 	0.000 	bed	
2025-07-09 05:38:50,525 - PoinTr - INFO - 04256520	635	0.197 	54.438 	203.494 	0.000 	sofa	
2025-07-09 05:38:50,525 - PoinTr - INFO - 04379243	1687	0.271 	51.601 	212.068 	0.000 	table	
2025-07-09 05:38:50,526 - PoinTr - INFO - 02747177	69	0.182 	60.720 	261.720 	0.000 	trash bin	
2025-07-09 05:38:50,526 - PoinTr - INFO - 03046257	131	0.238 	64.161 	327.338 	0.000 	clock	
2025-07-09 05:38:50,526 - PoinTr - INFO - 04225987	31	0.375 	50.830 	253.057 	0.000 	skateboard	
2025-07-09 05:38:50,526 - PoinTr - INFO - 03797390	43	0.175 	71.819 	337.538 	0.000 	mug	
2025-07-09 05:38:50,526 - PoinTr - INFO - 03001627	1356	0.232 	51.447 	182.002 	0.000 	chair	
2025-07-09 05:38:50,526 - PoinTr - INFO - 03691459	320	0.220 	56.739 	209.447 	0.000 	loudspeaker	
2025-07-09 05:38:50,526 - PoinTr - INFO - 02942699	23	0.175 	79.010 	369.918 	0.000 	camera	
2025-07-09 05:38:50,526 - PoinTr - INFO - 03636649	464	0.312 	57.464 	234.195 	0.000 	lamp	
2025-07-09 05:38:50,526 - PoinTr - INFO - 02691156	809	0.336 	59.635 	365.913 	0.000 	airplane	
2025-07-09 05:38:50,526 - PoinTr - INFO - 02773838	17	0.246 	45.638 	122.341 	0.000 	bag	
2025-07-09 05:38:50,526 - PoinTr - INFO - 02958343	703	0.176 	55.962 	240.981 	0.000 	car	
2025-07-09 05:38:50,526 - PoinTr - INFO - 02880940	38	0.188 	101.912 	709.139 	0.000 	bowl	
2025-07-09 05:38:50,526 - PoinTr - INFO - 04099429	17	0.464 	48.861 	222.193 	0.000 	rocket	
2025-07-09 05:38:50,526 - PoinTr - INFO - 02828884	363	0.281 	47.588 	191.047 	0.000 	bench	
2025-07-09 05:38:50,526 - PoinTr - INFO - 04090263	475	0.500 	40.783 	184.164 	0.000 	rifle	
2025-07-09 05:38:50,526 - PoinTr - INFO - 03211117	219	0.250 	49.564 	186.683 	0.000 	display	
2025-07-09 05:38:50,526 - PoinTr - INFO - 02876657	100	0.307 	53.507 	244.213 	0.000 	bottle	
2025-07-09 05:38:50,526 - PoinTr - INFO - 03710193	19	0.312 	43.780 	142.632 	0.000 	mailbox	
2025-07-09 05:38:50,526 - PoinTr - INFO - 03790512	68	0.173 	59.286 	280.721 	0.000 	motorbike	
2025-07-09 05:38:50,526 - PoinTr - INFO - 03325088	149	0.270 	63.971 	275.522 	0.000 	faucet	
2025-07-09 05:38:50,526 - PoinTr - INFO - 02801938	23	0.199 	68.755 	314.815 	0.000 	basket	
2025-07-09 05:38:50,526 - PoinTr - INFO - 03337140	60	0.216 	55.291 	207.195 	0.000 	file cabinet	
2025-07-09 05:38:50,526 - PoinTr - INFO - 02843684	15	0.177 	90.043 	433.887 	0.000 	birdhouse	
2025-07-09 05:38:50,526 - PoinTr - INFO - 03624134	85	0.577 	32.422 	134.134 	0.000 	knife	
2025-07-09 05:38:50,526 - PoinTr - INFO - 03991062	121	0.169 	75.316 	355.322 	0.000 	flowerpot	
2025-07-09 05:38:50,526 - PoinTr - INFO - 03948459	62	0.343 	44.581 	192.508 	0.000 	pistol	
2025-07-09 05:38:50,526 - PoinTr - INFO - 03928116	48	0.190 	64.086 	252.009 	0.000 	piano	
2025-07-09 05:38:50,526 - PoinTr - INFO - 03207941	19	0.245 	45.952 	127.740 	0.000 	dishwasher	
2025-07-09 05:38:50,526 - PoinTr - INFO - 04074963	14	0.326 	55.221 	273.498 	0.000 	remote	
2025-07-09 05:38:50,526 - PoinTr - INFO - 03085013	13	0.362 	49.573 	248.513 	0.000 	keyboard	
2025-07-09 05:38:50,526 - PoinTr - INFO - Overall		0.268 	56.991 	245.984 	0.000 	
2025-07-09 05:38:51,024 - PoinTr - INFO - Save checkpoint at ./experiments/PoinTr/ShapeNet55_models/PoinTr_fog/ckpt-last.pth
2025-07-09 05:38:52,426 - PoinTr - INFO - [Epoch 31/200][Batch 1/655] BatchTime = 1.401 (s) DataTime = 0.114 (s) Losses = ['257.4108', '51.6879'] lr = 0.0003334
2025-07-09 05:40:53,090 - PoinTr - INFO - [Epoch 31/200][Batch 101/655] BatchTime = 1.001 (s) DataTime = 0.001 (s) Losses = ['291.6318', '56.1218'] lr = 0.0003334
2025-07-09 05:42:54,556 - PoinTr - INFO - [Epoch 31/200][Batch 201/655] BatchTime = 1.246 (s) DataTime = 0.001 (s) Losses = ['263.0910', '51.1965'] lr = 0.0003334
2025-07-09 05:44:54,347 - PoinTr - INFO - [Epoch 31/200][Batch 301/655] BatchTime = 1.715 (s) DataTime = 0.001 (s) Losses = ['307.7395', '57.6000'] lr = 0.0003334
2025-07-09 05:46:55,095 - PoinTr - INFO - [Epoch 31/200][Batch 401/655] BatchTime = 1.754 (s) DataTime = 0.001 (s) Losses = ['257.2457', '47.9310'] lr = 0.0003334
2025-07-09 05:48:55,101 - PoinTr - INFO - [Epoch 31/200][Batch 501/655] BatchTime = 1.397 (s) DataTime = 0.001 (s) Losses = ['260.8408', '45.5462'] lr = 0.0003334
2025-07-09 05:50:53,066 - PoinTr - INFO - [Epoch 31/200][Batch 601/655] BatchTime = 1.164 (s) DataTime = 0.001 (s) Losses = ['240.1642', '47.4345'] lr = 0.0003334
2025-07-09 05:51:58,038 - PoinTr - INFO - [Training] EPOCH: 31 EpochTime = 787.013 (s) Losses = ['274.4431', '53.5966']
2025-07-09 05:51:58,515 - PoinTr - INFO - Save checkpoint at ./experiments/PoinTr/ShapeNet55_models/PoinTr_fog/ckpt-last.pth
2025-07-09 05:52:00,083 - PoinTr - INFO - [Epoch 32/200][Batch 1/655] BatchTime = 1.567 (s) DataTime = 0.112 (s) Losses = ['243.0778', '46.4907'] lr = 0.0003291
2025-07-09 05:53:59,087 - PoinTr - INFO - [Epoch 32/200][Batch 101/655] BatchTime = 0.690 (s) DataTime = 0.001 (s) Losses = ['276.4684', '57.3482'] lr = 0.0003291
2025-07-09 05:55:57,542 - PoinTr - INFO - [Epoch 32/200][Batch 201/655] BatchTime = 1.204 (s) DataTime = 0.001 (s) Losses = ['274.6694', '52.4417'] lr = 0.0003291
2025-07-09 05:57:58,460 - PoinTr - INFO - [Epoch 32/200][Batch 301/655] BatchTime = 1.425 (s) DataTime = 0.001 (s) Losses = ['287.1948', '55.1561'] lr = 0.0003291
2025-07-09 05:59:53,464 - PoinTr - INFO - [Epoch 32/200][Batch 401/655] BatchTime = 0.864 (s) DataTime = 0.001 (s) Losses = ['245.0385', '48.5548'] lr = 0.0003291
2025-07-09 06:01:51,106 - PoinTr - INFO - [Epoch 32/200][Batch 501/655] BatchTime = 1.142 (s) DataTime = 0.002 (s) Losses = ['247.7092', '51.2259'] lr = 0.0003291
2025-07-09 06:03:54,710 - PoinTr - INFO - [Epoch 32/200][Batch 601/655] BatchTime = 1.146 (s) DataTime = 0.001 (s) Losses = ['249.3880', '53.9253'] lr = 0.0003291
2025-07-09 06:05:00,802 - PoinTr - INFO - [Training] EPOCH: 32 EpochTime = 782.286 (s) Losses = ['272.4097', '53.0293']
2025-07-09 06:05:01,298 - PoinTr - INFO - Save checkpoint at ./experiments/PoinTr/ShapeNet55_models/PoinTr_fog/ckpt-last.pth
2025-07-09 06:05:02,706 - PoinTr - INFO - [Epoch 33/200][Batch 1/655] BatchTime = 1.407 (s) DataTime = 0.109 (s) Losses = ['240.3236', '50.4666'] lr = 0.0003248
2025-07-09 06:07:05,968 - PoinTr - INFO - [Epoch 33/200][Batch 101/655] BatchTime = 0.848 (s) DataTime = 0.001 (s) Losses = ['267.3806', '51.4713'] lr = 0.0003248
2025-07-09 06:09:04,847 - PoinTr - INFO - [Epoch 33/200][Batch 201/655] BatchTime = 1.218 (s) DataTime = 0.001 (s) Losses = ['245.8880', '46.3235'] lr = 0.0003248
2025-07-09 06:10:59,489 - PoinTr - INFO - [Epoch 33/200][Batch 301/655] BatchTime = 1.000 (s) DataTime = 0.001 (s) Losses = ['285.2216', '51.1867'] lr = 0.0003248
2025-07-09 06:12:59,245 - PoinTr - INFO - [Epoch 33/200][Batch 401/655] BatchTime = 1.002 (s) DataTime = 0.001 (s) Losses = ['283.9524', '55.2048'] lr = 0.0003248
2025-07-09 06:15:05,656 - PoinTr - INFO - [Epoch 33/200][Batch 501/655] BatchTime = 1.044 (s) DataTime = 0.001 (s) Losses = ['241.9309', '45.8658'] lr = 0.0003248
2025-07-09 06:17:09,489 - PoinTr - INFO - [Epoch 33/200][Batch 601/655] BatchTime = 1.166 (s) DataTime = 0.001 (s) Losses = ['269.1784', '56.3719'] lr = 0.0003248
2025-07-09 06:18:18,218 - PoinTr - INFO - [Training] EPOCH: 33 EpochTime = 796.918 (s) Losses = ['273.5309', '53.0469']
2025-07-09 06:18:18,706 - PoinTr - INFO - Save checkpoint at ./experiments/PoinTr/ShapeNet55_models/PoinTr_fog/ckpt-last.pth
2025-07-09 06:18:19,913 - PoinTr - INFO - [Epoch 34/200][Batch 1/655] BatchTime = 1.206 (s) DataTime = 0.113 (s) Losses = ['301.1530', '58.2352'] lr = 0.0003206
2025-07-09 06:20:18,809 - PoinTr - INFO - [Epoch 34/200][Batch 101/655] BatchTime = 1.504 (s) DataTime = 0.001 (s) Losses = ['254.0075', '44.6484'] lr = 0.0003206
2025-07-09 06:22:18,398 - PoinTr - INFO - [Epoch 34/200][Batch 201/655] BatchTime = 1.450 (s) DataTime = 0.001 (s) Losses = ['260.8438', '48.6659'] lr = 0.0003206
2025-07-09 06:24:18,277 - PoinTr - INFO - [Epoch 34/200][Batch 301/655] BatchTime = 0.805 (s) DataTime = 0.001 (s) Losses = ['251.0657', '46.5185'] lr = 0.0003206
2025-07-09 06:26:18,894 - PoinTr - INFO - [Epoch 34/200][Batch 401/655] BatchTime = 1.158 (s) DataTime = 0.001 (s) Losses = ['272.6014', '50.1829'] lr = 0.0003206
2025-07-09 06:28:16,230 - PoinTr - INFO - [Epoch 34/200][Batch 501/655] BatchTime = 1.389 (s) DataTime = 0.001 (s) Losses = ['252.0361', '48.4655'] lr = 0.0003206
2025-07-09 06:30:15,370 - PoinTr - INFO - [Epoch 34/200][Batch 601/655] BatchTime = 1.145 (s) DataTime = 0.001 (s) Losses = ['301.7068', '58.8255'] lr = 0.0003206
2025-07-09 06:31:22,519 - PoinTr - INFO - [Training] EPOCH: 34 EpochTime = 783.812 (s) Losses = ['272.9535', '52.8604']
2025-07-09 06:31:23,016 - PoinTr - INFO - Save checkpoint at ./experiments/PoinTr/ShapeNet55_models/PoinTr_fog/ckpt-last.pth
2025-07-09 06:31:24,498 - PoinTr - INFO - [Epoch 35/200][Batch 1/655] BatchTime = 1.481 (s) DataTime = 0.112 (s) Losses = ['280.2938', '53.3701'] lr = 0.0003165
2025-07-09 06:33:28,666 - PoinTr - INFO - [Epoch 35/200][Batch 101/655] BatchTime = 1.010 (s) DataTime = 0.001 (s) Losses = ['281.4085', '56.3384'] lr = 0.0003165
2025-07-09 06:35:27,675 - PoinTr - INFO - [Epoch 35/200][Batch 201/655] BatchTime = 1.227 (s) DataTime = 0.001 (s) Losses = ['270.2147', '58.2767'] lr = 0.0003165
2025-07-09 06:37:29,315 - PoinTr - INFO - [Epoch 35/200][Batch 301/655] BatchTime = 1.114 (s) DataTime = 0.001 (s) Losses = ['263.4148', '52.6268'] lr = 0.0003165
2025-07-09 06:39:33,122 - PoinTr - INFO - [Epoch 35/200][Batch 401/655] BatchTime = 0.872 (s) DataTime = 0.002 (s) Losses = ['251.1786', '47.1567'] lr = 0.0003165
2025-07-09 06:41:32,147 - PoinTr - INFO - [Epoch 35/200][Batch 501/655] BatchTime = 0.738 (s) DataTime = 0.001 (s) Losses = ['275.1085', '59.8026'] lr = 0.0003165
2025-07-09 06:43:32,995 - PoinTr - INFO - [Epoch 35/200][Batch 601/655] BatchTime = 0.907 (s) DataTime = 0.002 (s) Losses = ['258.8799', '49.1643'] lr = 0.0003165
2025-07-09 06:44:36,871 - PoinTr - INFO - [Training] EPOCH: 35 EpochTime = 793.854 (s) Losses = ['272.9920', '52.8805']
2025-07-09 06:44:36,871 - PoinTr - INFO - [VALIDATION] Start validating epoch 35
2025-07-09 06:45:15,139 - PoinTr - INFO - Test[1051/10518] Taxonomy = 02691156 Sample = c7749c0a8b61f43bc9b9e28055202e3d Losses = ['45.0600', '65.3445', '23.0630', '13.2960'] Metrics = ['0.2588', '23.0630', '13.2960', '0.0000']
2025-07-09 06:45:52,559 - PoinTr - INFO - Test[2102/10518] Taxonomy = 03211117 Sample = ab2f9418c111cc6ddb965514105122a4 Losses = ['30.2607', '3.3259', '16.9979', '1.1770'] Metrics = ['0.3789', '16.9979', '1.1770', '0.0000']
2025-07-09 06:46:30,395 - PoinTr - INFO - Test[3153/10518] Taxonomy = 02876657 Sample = c5032e4be091aabb36fe7a88df793982 Losses = ['475.8170', '2563.0231', '63.5603', '187.5396'] Metrics = ['0.2049', '63.5603', '187.5396', '0.0000']
2025-07-09 06:47:09,054 - PoinTr - INFO - Test[4204/10518] Taxonomy = 03211117 Sample = 722df1da5778d45b1e43523279c7f09f Losses = ['509.8395', '3898.9425', '66.8893', '303.8239'] Metrics = ['0.1960', '66.8893', '303.8239', '0.0000']
2025-07-09 06:47:48,396 - PoinTr - INFO - Test[5255/10518] Taxonomy = 02828884 Sample = 14b63361a48a9fffe4a048c146e8bd43 Losses = ['307.6856', '1336.2154', '29.4636', '49.5836'] Metrics = ['0.3377', '29.4636', '49.5836', '0.0000']
2025-07-09 06:48:25,109 - PoinTr - INFO - Test[6306/10518] Taxonomy = 03211117 Sample = d330d50a0255529d19ed6e1a590c9122 Losses = ['474.6273', '2578.8512', '92.4648', '559.8139'] Metrics = ['0.1919', '92.4648', '559.8138', '0.0000']
2025-07-09 06:49:01,927 - PoinTr - INFO - Test[7357/10518] Taxonomy = 04379243 Sample = b1ca280d9567270ade98d10ab5975b59 Losses = ['353.2463', '2730.1033', '49.7960', '256.8124'] Metrics = ['0.2422', '49.7960', '256.8124', '0.0000']
2025-07-09 06:49:39,427 - PoinTr - INFO - Test[8408/10518] Taxonomy = 03001627 Sample = 89208a619341d9fdb8c516ed5c4ce32 Losses = ['312.9717', '1508.0745', '55.7545', '175.2313'] Metrics = ['0.1512', '55.7545', '175.2313', '0.0000']
2025-07-09 06:50:16,560 - PoinTr - INFO - Test[9459/10518] Taxonomy = 03001627 Sample = d0255120e3351121c3bd24f986301745 Losses = ['214.4420', '740.6192', '45.5656', '82.2730'] Metrics = ['0.1745', '45.5656', '82.2730', '0.0000']
2025-07-09 06:50:53,441 - PoinTr - INFO - Test[10510/10518] Taxonomy = 03636649 Sample = ea9ec4d9db2e06202471e6dd5ac3ef92 Losses = ['45.8700', '54.5128', '33.8349', '7.4896'] Metrics = ['0.3182', '33.8349', '7.4896', '0.0000']
2025-07-09 06:50:53,957 - PoinTr - INFO - [Validation] EPOCH: 35  Metrics = ['0.2681', '56.3117', '235.6681', '0.0000']
2025-07-09 06:50:53,957 - PoinTr - INFO - ============================ TEST RESULTS ============================
2025-07-09 06:50:53,957 - PoinTr - INFO - Taxonomy	#Sample	F-Score	CDL1	CDL2	EMDistance	#ModelName	
2025-07-09 06:50:53,957 - PoinTr - INFO - 03759954	14	0.357 	54.613 	218.032 	0.000 	microphone	
2025-07-09 06:50:53,957 - PoinTr - INFO - 04330267	44	0.218 	51.097 	156.612 	0.000 	stove	
2025-07-09 06:50:53,957 - PoinTr - INFO - 03261776	15	0.229 	55.429 	201.504 	0.000 	earphone	
2025-07-09 06:50:53,957 - PoinTr - INFO - 03513137	33	0.199 	76.107 	337.486 	0.000 	helmet	
2025-07-09 06:50:53,957 - PoinTr - INFO - 04460130	27	0.280 	45.726 	148.267 	0.000 	tower	
2025-07-09 06:50:53,957 - PoinTr - INFO - 04468005	78	0.266 	50.411 	209.825 	0.000 	train	
2025-07-09 06:50:53,957 - PoinTr - INFO - 03761084	31	0.225 	51.120 	180.079 	0.000 	microwaves	
2025-07-09 06:50:53,957 - PoinTr - INFO - 04004475	34	0.194 	63.483 	234.602 	0.000 	printer	
2025-07-09 06:50:53,957 - PoinTr - INFO - 03938244	20	0.243 	60.876 	226.144 	0.000 	pillow	
2025-07-09 06:50:53,957 - PoinTr - INFO - 02992529	167	0.330 	49.325 	226.077 	0.000 	cellphone	
2025-07-09 06:50:53,957 - PoinTr - INFO - 02808440	172	0.214 	60.200 	234.816 	0.000 	bathtub	
2025-07-09 06:50:53,957 - PoinTr - INFO - 04530566	388	0.309 	51.562 	227.949 	0.000 	watercraft	
2025-07-09 06:50:53,957 - PoinTr - INFO - 02871439	91	0.188 	54.856 	181.840 	0.000 	bookshelf	
2025-07-09 06:50:53,957 - PoinTr - INFO - 03593526	120	0.206 	75.651 	369.231 	0.000 	jar	
2025-07-09 06:50:53,957 - PoinTr - INFO - 04554684	34	0.227 	52.777 	157.336 	0.000 	washer	
2025-07-09 06:50:53,957 - PoinTr - INFO - 03467517	160	0.600 	30.816 	111.684 	0.000 	guitar	
2025-07-09 06:50:53,957 - PoinTr - INFO - 04401088	218	0.342 	45.729 	200.682 	0.000 	telephone	
2025-07-09 06:50:53,957 - PoinTr - INFO - 02954340	12	0.234 	92.661 	542.473 	0.000 	cap	
2025-07-09 06:50:53,957 - PoinTr - INFO - 02933112	315	0.200 	51.735 	180.798 	0.000 	cabinet	
2025-07-09 06:50:53,957 - PoinTr - INFO - 03642806	92	0.281 	44.678 	166.972 	0.000 	laptop	
2025-07-09 06:50:53,957 - PoinTr - INFO - 02924116	188	0.275 	48.732 	205.075 	0.000 	bus	
2025-07-09 06:50:53,957 - PoinTr - INFO - 02946921	22	0.227 	52.953 	204.062 	0.000 	can	
2025-07-09 06:50:53,958 - PoinTr - INFO - 02818832	47	0.179 	66.129 	249.676 	0.000 	bed	
2025-07-09 06:50:53,958 - PoinTr - INFO - 04256520	635	0.196 	56.361 	212.726 	0.000 	sofa	
2025-07-09 06:50:53,958 - PoinTr - INFO - 04379243	1687	0.271 	51.475 	210.614 	0.000 	table	
2025-07-09 06:50:53,958 - PoinTr - INFO - 02747177	69	0.178 	67.698 	306.775 	0.000 	trash bin	
2025-07-09 06:50:53,958 - PoinTr - INFO - 03046257	131	0.235 	74.638 	417.613 	0.000 	clock	
2025-07-09 06:50:53,958 - PoinTr - INFO - 04225987	31	0.379 	48.094 	230.694 	0.000 	skateboard	
2025-07-09 06:50:53,958 - PoinTr - INFO - 03797390	43	0.180 	72.356 	369.584 	0.000 	mug	
2025-07-09 06:50:53,958 - PoinTr - INFO - 03001627	1356	0.230 	53.249 	192.444 	0.000 	chair	
2025-07-09 06:50:53,958 - PoinTr - INFO - 03691459	320	0.218 	59.689 	229.456 	0.000 	loudspeaker	
2025-07-09 06:50:53,958 - PoinTr - INFO - 02942699	23	0.176 	67.145 	250.870 	0.000 	camera	
2025-07-09 06:50:53,958 - PoinTr - INFO - 03636649	464	0.314 	57.816 	235.813 	0.000 	lamp	
2025-07-09 06:50:53,958 - PoinTr - INFO - 02691156	809	0.343 	65.354 	416.758 	0.000 	airplane	
2025-07-09 06:50:53,958 - PoinTr - INFO - 02773838	17	0.225 	56.076 	173.038 	0.000 	bag	
2025-07-09 06:50:53,958 - PoinTr - INFO - 02958343	703	0.175 	56.424 	238.544 	0.000 	car	
2025-07-09 06:50:53,958 - PoinTr - INFO - 02880940	38	0.204 	73.733 	385.600 	0.000 	bowl	
2025-07-09 06:50:53,958 - PoinTr - INFO - 04099429	17	0.478 	40.735 	156.024 	0.000 	rocket	
2025-07-09 06:50:53,958 - PoinTr - INFO - 02828884	363	0.266 	51.492 	215.386 	0.000 	bench	
2025-07-09 06:50:53,958 - PoinTr - INFO - 04090263	475	0.531 	37.528 	165.320 	0.000 	rifle	
2025-07-09 06:50:53,958 - PoinTr - INFO - 03211117	219	0.244 	55.703 	236.986 	0.000 	display	
2025-07-09 06:50:53,958 - PoinTr - INFO - 02876657	100	0.305 	52.504 	241.396 	0.000 	bottle	
2025-07-09 06:50:53,958 - PoinTr - INFO - 03710193	19	0.317 	44.958 	137.676 	0.000 	mailbox	
2025-07-09 06:50:53,958 - PoinTr - INFO - 03790512	68	0.175 	64.817 	311.384 	0.000 	motorbike	
2025-07-09 06:50:53,958 - PoinTr - INFO - 03325088	149	0.269 	56.518 	222.750 	0.000 	faucet	
2025-07-09 06:50:53,958 - PoinTr - INFO - 02801938	23	0.205 	63.611 	278.459 	0.000 	basket	
2025-07-09 06:50:53,958 - PoinTr - INFO - 03337140	60	0.212 	46.763 	138.308 	0.000 	file cabinet	
2025-07-09 06:50:53,958 - PoinTr - INFO - 02843684	15	0.189 	68.415 	262.722 	0.000 	birdhouse	
2025-07-09 06:50:53,958 - PoinTr - INFO - 03624134	85	0.599 	35.905 	148.460 	0.000 	knife	
2025-07-09 06:50:53,958 - PoinTr - INFO - 03991062	121	0.172 	70.828 	320.065 	0.000 	flowerpot	
2025-07-09 06:50:53,958 - PoinTr - INFO - 03948459	62	0.344 	50.197 	227.492 	0.000 	pistol	
2025-07-09 06:50:53,958 - PoinTr - INFO - 03928116	48	0.204 	52.607 	159.129 	0.000 	piano	
2025-07-09 06:50:53,958 - PoinTr - INFO - 03207941	19	0.218 	59.567 	229.451 	0.000 	dishwasher	
2025-07-09 06:50:53,958 - PoinTr - INFO - 04074963	14	0.331 	54.570 	273.363 	0.000 	remote	
2025-07-09 06:50:53,958 - PoinTr - INFO - 03085013	13	0.345 	43.648 	195.626 	0.000 	keyboard	
2025-07-09 06:50:53,958 - PoinTr - INFO - Overall		0.268 	56.312 	235.668 	0.000 	
2025-07-09 06:50:54,444 - PoinTr - INFO - Save checkpoint at ./experiments/PoinTr/ShapeNet55_models/PoinTr_fog/ckpt-best.pth
2025-07-09 06:50:54,911 - PoinTr - INFO - Save checkpoint at ./experiments/PoinTr/ShapeNet55_models/PoinTr_fog/ckpt-last.pth
2025-07-09 06:50:56,745 - PoinTr - INFO - [Epoch 36/200][Batch 1/655] BatchTime = 1.833 (s) DataTime = 0.107 (s) Losses = ['235.4942', '45.4901'] lr = 0.0003124
2025-07-09 06:53:00,173 - PoinTr - INFO - [Epoch 36/200][Batch 101/655] BatchTime = 1.299 (s) DataTime = 0.001 (s) Losses = ['287.3546', '55.9196'] lr = 0.0003124
2025-07-09 06:55:02,522 - PoinTr - INFO - [Epoch 36/200][Batch 201/655] BatchTime = 1.162 (s) DataTime = 0.001 (s) Losses = ['322.1080', '61.9870'] lr = 0.0003124
2025-07-09 06:57:03,842 - PoinTr - INFO - [Epoch 36/200][Batch 301/655] BatchTime = 1.289 (s) DataTime = 0.001 (s) Losses = ['254.6045', '50.7097'] lr = 0.0003124
2025-07-09 06:59:10,820 - PoinTr - INFO - [Epoch 36/200][Batch 401/655] BatchTime = 2.164 (s) DataTime = 0.001 (s) Losses = ['296.6104', '55.9284'] lr = 0.0003124
2025-07-09 07:01:16,141 - PoinTr - INFO - [Epoch 36/200][Batch 501/655] BatchTime = 1.075 (s) DataTime = 0.001 (s) Losses = ['251.2105', '52.5831'] lr = 0.0003124
2025-07-09 07:03:25,321 - PoinTr - INFO - [Epoch 36/200][Batch 601/655] BatchTime = 0.792 (s) DataTime = 0.001 (s) Losses = ['289.7260', '64.9247'] lr = 0.0003124
2025-07-09 07:04:32,662 - PoinTr - INFO - [Training] EPOCH: 36 EpochTime = 817.749 (s) Losses = ['274.4421', '53.0860']
2025-07-09 07:04:33,123 - PoinTr - INFO - Save checkpoint at ./experiments/PoinTr/ShapeNet55_models/PoinTr_fog/ckpt-last.pth
2025-07-09 07:04:34,214 - PoinTr - INFO - [Epoch 37/200][Batch 1/655] BatchTime = 1.090 (s) DataTime = 0.113 (s) Losses = ['272.4081', '47.8300'] lr = 0.0003083
2025-07-09 07:06:35,868 - PoinTr - INFO - [Epoch 37/200][Batch 101/655] BatchTime = 1.112 (s) DataTime = 0.001 (s) Losses = ['268.0630', '50.3539'] lr = 0.0003083
2025-07-09 07:08:37,520 - PoinTr - INFO - [Epoch 37/200][Batch 201/655] BatchTime = 1.372 (s) DataTime = 0.001 (s) Losses = ['230.3333', '41.3604'] lr = 0.0003083
2025-07-09 07:10:41,587 - PoinTr - INFO - [Epoch 37/200][Batch 301/655] BatchTime = 1.020 (s) DataTime = 0.001 (s) Losses = ['246.6698', '56.9223'] lr = 0.0003083
2025-07-09 07:12:44,579 - PoinTr - INFO - [Epoch 37/200][Batch 401/655] BatchTime = 1.532 (s) DataTime = 0.001 (s) Losses = ['254.5325', '47.1217'] lr = 0.0003083
2025-07-09 07:14:47,124 - PoinTr - INFO - [Epoch 37/200][Batch 501/655] BatchTime = 0.862 (s) DataTime = 0.001 (s) Losses = ['303.1245', '55.3416'] lr = 0.0003083
2025-07-09 07:16:49,510 - PoinTr - INFO - [Epoch 37/200][Batch 601/655] BatchTime = 1.151 (s) DataTime = 0.001 (s) Losses = ['267.3255', '57.9777'] lr = 0.0003083
2025-07-09 07:17:55,750 - PoinTr - INFO - [Training] EPOCH: 37 EpochTime = 802.626 (s) Losses = ['273.8523', '53.0041']
2025-07-09 07:17:56,238 - PoinTr - INFO - Save checkpoint at ./experiments/PoinTr/ShapeNet55_models/PoinTr_fog/ckpt-last.pth
2025-07-09 07:17:57,572 - PoinTr - INFO - [Epoch 38/200][Batch 1/655] BatchTime = 1.333 (s) DataTime = 0.113 (s) Losses = ['276.3692', '53.5055'] lr = 0.0003043
2025-07-09 07:19:53,741 - PoinTr - INFO - [Epoch 38/200][Batch 101/655] BatchTime = 1.205 (s) DataTime = 0.001 (s) Losses = ['272.3426', '49.9310'] lr = 0.0003043
2025-07-09 07:21:56,957 - PoinTr - INFO - [Epoch 38/200][Batch 201/655] BatchTime = 1.109 (s) DataTime = 0.001 (s) Losses = ['293.6364', '53.9286'] lr = 0.0003043
2025-07-09 07:23:56,210 - PoinTr - INFO - [Epoch 38/200][Batch 301/655] BatchTime = 1.598 (s) DataTime = 0.001 (s) Losses = ['266.6169', '52.7130'] lr = 0.0003043
2025-07-09 07:25:55,253 - PoinTr - INFO - [Epoch 38/200][Batch 401/655] BatchTime = 1.241 (s) DataTime = 0.001 (s) Losses = ['253.7374', '48.5432'] lr = 0.0003043
2025-07-09 07:27:54,040 - PoinTr - INFO - [Epoch 38/200][Batch 501/655] BatchTime = 1.079 (s) DataTime = 0.001 (s) Losses = ['298.4297', '54.3190'] lr = 0.0003043
2025-07-09 07:29:52,046 - PoinTr - INFO - [Epoch 38/200][Batch 601/655] BatchTime = 0.905 (s) DataTime = 0.001 (s) Losses = ['282.0882', '55.8698'] lr = 0.0003043
2025-07-09 07:30:58,320 - PoinTr - INFO - [Training] EPOCH: 38 EpochTime = 782.081 (s) Losses = ['273.5041', '52.6338']
2025-07-09 07:30:58,792 - PoinTr - INFO - Save checkpoint at ./experiments/PoinTr/ShapeNet55_models/PoinTr_fog/ckpt-last.pth
2025-07-09 07:31:00,117 - PoinTr - INFO - [Epoch 39/200][Batch 1/655] BatchTime = 1.324 (s) DataTime = 0.109 (s) Losses = ['283.5384', '51.7481'] lr = 0.0003003
2025-07-09 07:32:59,257 - PoinTr - INFO - [Epoch 39/200][Batch 101/655] BatchTime = 1.426 (s) DataTime = 0.001 (s) Losses = ['243.3241', '42.3868'] lr = 0.0003003
2025-07-09 07:34:58,090 - PoinTr - INFO - [Epoch 39/200][Batch 201/655] BatchTime = 1.158 (s) DataTime = 0.001 (s) Losses = ['295.0045', '55.7507'] lr = 0.0003003
2025-07-09 07:36:54,782 - PoinTr - INFO - [Epoch 39/200][Batch 301/655] BatchTime = 1.178 (s) DataTime = 0.001 (s) Losses = ['250.4793', '50.2313'] lr = 0.0003003
2025-07-09 07:38:57,408 - PoinTr - INFO - [Epoch 39/200][Batch 401/655] BatchTime = 1.094 (s) DataTime = 0.001 (s) Losses = ['286.8757', '56.0628'] lr = 0.0003003
2025-07-09 07:40:57,563 - PoinTr - INFO - [Epoch 39/200][Batch 501/655] BatchTime = 1.133 (s) DataTime = 0.001 (s) Losses = ['280.5848', '55.9050'] lr = 0.0003003
2025-07-09 07:42:56,414 - PoinTr - INFO - [Epoch 39/200][Batch 601/655] BatchTime = 1.029 (s) DataTime = 0.001 (s) Losses = ['268.4828', '51.2835'] lr = 0.0003003
2025-07-09 07:44:02,955 - PoinTr - INFO - [Training] EPOCH: 39 EpochTime = 784.162 (s) Losses = ['273.7768', '52.7374']
2025-07-09 07:44:03,451 - PoinTr - INFO - Save checkpoint at ./experiments/PoinTr/ShapeNet55_models/PoinTr_fog/ckpt-last.pth
2025-07-09 07:44:05,244 - PoinTr - INFO - [Epoch 40/200][Batch 1/655] BatchTime = 1.792 (s) DataTime = 0.109 (s) Losses = ['257.7293', '49.4706'] lr = 0.0002964
2025-07-09 07:46:06,264 - PoinTr - INFO - [Epoch 40/200][Batch 101/655] BatchTime = 1.286 (s) DataTime = 0.001 (s) Losses = ['295.5117', '63.4784'] lr = 0.0002964
2025-07-09 07:48:05,820 - PoinTr - INFO - [Epoch 40/200][Batch 201/655] BatchTime = 1.198 (s) DataTime = 0.001 (s) Losses = ['292.6779', '58.1781'] lr = 0.0002964
2025-07-09 07:50:02,270 - PoinTr - INFO - [Epoch 40/200][Batch 301/655] BatchTime = 0.903 (s) DataTime = 0.001 (s) Losses = ['301.3898', '60.2766'] lr = 0.0002964
2025-07-09 07:51:58,317 - PoinTr - INFO - [Epoch 40/200][Batch 401/655] BatchTime = 1.354 (s) DataTime = 0.001 (s) Losses = ['320.4151', '64.2122'] lr = 0.0002964
2025-07-09 07:53:57,838 - PoinTr - INFO - [Epoch 40/200][Batch 501/655] BatchTime = 1.206 (s) DataTime = 0.001 (s) Losses = ['320.5035', '62.6176'] lr = 0.0002964
2025-07-09 07:55:55,793 - PoinTr - INFO - [Epoch 40/200][Batch 601/655] BatchTime = 0.807 (s) DataTime = 0.001 (s) Losses = ['280.0539', '54.7507'] lr = 0.0002964
2025-07-09 07:57:00,760 - PoinTr - INFO - [Training] EPOCH: 40 EpochTime = 777.308 (s) Losses = ['273.3789', '52.7945']
2025-07-09 07:57:00,761 - PoinTr - INFO - [VALIDATION] Start validating epoch 40
2025-07-09 07:57:41,602 - PoinTr - INFO - Test[1051/10518] Taxonomy = 02691156 Sample = c7749c0a8b61f43bc9b9e28055202e3d Losses = ['174.0592', '1351.4096', '59.6021', '376.9270'] Metrics = ['0.2568', '59.6021', '376.9271', '0.0000']
2025-07-09 07:58:18,230 - PoinTr - INFO - Test[2102/10518] Taxonomy = 03211117 Sample = ab2f9418c111cc6ddb965514105122a4 Losses = ['301.9608', '1092.2521', '30.4684', '97.7838'] Metrics = ['0.5102', '30.4684', '97.7838', '0.0000']
2025-07-09 07:58:56,236 - PoinTr - INFO - Test[3153/10518] Taxonomy = 02876657 Sample = c5032e4be091aabb36fe7a88df793982 Losses = ['331.3853', '1239.9403', '50.2503', '97.6034'] Metrics = ['0.2553', '50.2503', '97.6034', '0.0000']
2025-07-09 07:59:34,326 - PoinTr - INFO - Test[4204/10518] Taxonomy = 03211117 Sample = 722df1da5778d45b1e43523279c7f09f Losses = ['139.5402', '345.7437', '34.5399', '22.5881'] Metrics = ['0.2233', '34.5399', '22.5881', '0.0000']
2025-07-09 08:00:12,317 - PoinTr - INFO - Test[5255/10518] Taxonomy = 02828884 Sample = 14b63361a48a9fffe4a048c146e8bd43 Losses = ['141.8021', '421.1811', '29.9287', '19.8271'] Metrics = ['0.3015', '29.9287', '19.8271', '0.0000']
2025-07-09 08:00:48,594 - PoinTr - INFO - Test[6306/10518] Taxonomy = 03211117 Sample = d330d50a0255529d19ed6e1a590c9122 Losses = ['464.5094', '3004.2992', '51.2499', '247.8761'] Metrics = ['0.3106', '51.2499', '247.8761', '0.0000']
2025-07-09 08:01:26,529 - PoinTr - INFO - Test[7357/10518] Taxonomy = 04379243 Sample = b1ca280d9567270ade98d10ab5975b59 Losses = ['281.4179', '2287.8857', '36.5714', '144.2994'] Metrics = ['0.2403', '36.5714', '144.2994', '0.0000']
2025-07-09 08:02:05,570 - PoinTr - INFO - Test[8408/10518] Taxonomy = 03001627 Sample = 89208a619341d9fdb8c516ed5c4ce32 Losses = ['449.3283', '2385.7195', '81.3972', '395.7315'] Metrics = ['0.1762', '81.3972', '395.7315', '0.0000']
2025-07-09 08:02:41,140 - PoinTr - INFO - Test[9459/10518] Taxonomy = 03001627 Sample = d0255120e3351121c3bd24f986301745 Losses = ['87.7353', '227.7534', '28.0830', '8.3831'] Metrics = ['0.2173', '28.0830', '8.3831', '0.0000']
2025-07-09 08:03:17,192 - PoinTr - INFO - Test[10510/10518] Taxonomy = 03636649 Sample = ea9ec4d9db2e06202471e6dd5ac3ef92 Losses = ['486.5792', '2534.2588', '92.2848', '559.6913'] Metrics = ['0.4975', '92.2848', '559.6912', '0.0000']
2025-07-09 08:03:17,516 - PoinTr - INFO - [Validation] EPOCH: 40  Metrics = ['0.2827', '55.3465', '241.2586', '0.0000']
2025-07-09 08:03:17,516 - PoinTr - INFO - ============================ TEST RESULTS ============================
2025-07-09 08:03:17,516 - PoinTr - INFO - Taxonomy	#Sample	F-Score	CDL1	CDL2	EMDistance	#ModelName	
2025-07-09 08:03:17,516 - PoinTr - INFO - 03759954	14	0.400 	50.297 	215.166 	0.000 	microphone	
2025-07-09 08:03:17,516 - PoinTr - INFO - 04330267	44	0.230 	51.949 	192.241 	0.000 	stove	
2025-07-09 08:03:17,516 - PoinTr - INFO - 03261776	15	0.242 	60.355 	246.425 	0.000 	earphone	
2025-07-09 08:03:17,517 - PoinTr - INFO - 03513137	33	0.182 	92.805 	455.139 	0.000 	helmet	
2025-07-09 08:03:17,517 - PoinTr - INFO - 04460130	27	0.300 	52.693 	228.095 	0.000 	tower	
2025-07-09 08:03:17,517 - PoinTr - INFO - 04468005	78	0.279 	55.235 	253.284 	0.000 	train	
2025-07-09 08:03:17,517 - PoinTr - INFO - 03761084	31	0.231 	50.506 	164.849 	0.000 	microwaves	
2025-07-09 08:03:17,517 - PoinTr - INFO - 04004475	34	0.209 	65.805 	257.917 	0.000 	printer	
2025-07-09 08:03:17,517 - PoinTr - INFO - 03938244	20	0.253 	68.822 	330.396 	0.000 	pillow	
2025-07-09 08:03:17,517 - PoinTr - INFO - 02992529	167	0.331 	48.258 	230.403 	0.000 	cellphone	
2025-07-09 08:03:17,517 - PoinTr - INFO - 02808440	172	0.229 	57.089 	243.383 	0.000 	bathtub	
2025-07-09 08:03:17,517 - PoinTr - INFO - 04530566	388	0.335 	46.886 	198.916 	0.000 	watercraft	
2025-07-09 08:03:17,517 - PoinTr - INFO - 02871439	91	0.206 	53.149 	196.673 	0.000 	bookshelf	
2025-07-09 08:03:17,517 - PoinTr - INFO - 03593526	120	0.214 	74.535 	398.388 	0.000 	jar	
2025-07-09 08:03:17,517 - PoinTr - INFO - 04554684	34	0.232 	65.275 	271.619 	0.000 	washer	
2025-07-09 08:03:17,517 - PoinTr - INFO - 03467517	160	0.609 	32.152 	129.488 	0.000 	guitar	
2025-07-09 08:03:17,517 - PoinTr - INFO - 04401088	218	0.341 	47.145 	218.854 	0.000 	telephone	
2025-07-09 08:03:17,517 - PoinTr - INFO - 02954340	12	0.253 	82.171 	499.186 	0.000 	cap	
2025-07-09 08:03:17,517 - PoinTr - INFO - 02933112	315	0.219 	46.508 	154.895 	0.000 	cabinet	
2025-07-09 08:03:17,517 - PoinTr - INFO - 03642806	92	0.307 	37.844 	140.223 	0.000 	laptop	
2025-07-09 08:03:17,517 - PoinTr - INFO - 02924116	188	0.286 	46.090 	186.549 	0.000 	bus	
2025-07-09 08:03:17,517 - PoinTr - INFO - 02946921	22	0.222 	73.338 	349.228 	0.000 	can	
2025-07-09 08:03:17,517 - PoinTr - INFO - 02818832	47	0.196 	55.392 	187.777 	0.000 	bed	
2025-07-09 08:03:17,517 - PoinTr - INFO - 04256520	635	0.210 	55.080 	211.982 	0.000 	sofa	
2025-07-09 08:03:17,517 - PoinTr - INFO - 04379243	1687	0.284 	48.866 	193.489 	0.000 	table	
2025-07-09 08:03:17,517 - PoinTr - INFO - 02747177	69	0.183 	60.434 	254.707 	0.000 	trash bin	
2025-07-09 08:03:17,517 - PoinTr - INFO - 03046257	131	0.243 	67.344 	352.662 	0.000 	clock	
2025-07-09 08:03:17,517 - PoinTr - INFO - 04225987	31	0.380 	41.426 	186.151 	0.000 	skateboard	
2025-07-09 08:03:17,517 - PoinTr - INFO - 03797390	43	0.184 	66.774 	293.842 	0.000 	mug	
2025-07-09 08:03:17,517 - PoinTr - INFO - 03001627	1356	0.246 	51.032 	189.920 	0.000 	chair	
2025-07-09 08:03:17,517 - PoinTr - INFO - 03691459	320	0.229 	56.701 	222.016 	0.000 	loudspeaker	
2025-07-09 08:03:17,517 - PoinTr - INFO - 02942699	23	0.192 	65.449 	257.108 	0.000 	camera	
2025-07-09 08:03:17,517 - PoinTr - INFO - 03636649	464	0.338 	54.091 	222.443 	0.000 	lamp	
2025-07-09 08:03:17,517 - PoinTr - INFO - 02691156	809	0.384 	62.610 	406.395 	0.000 	airplane	
2025-07-09 08:03:17,517 - PoinTr - INFO - 02773838	17	0.267 	46.254 	133.722 	0.000 	bag	
2025-07-09 08:03:17,517 - PoinTr - INFO - 02958343	703	0.183 	57.733 	259.463 	0.000 	car	
2025-07-09 08:03:17,517 - PoinTr - INFO - 02880940	38	0.210 	79.251 	482.481 	0.000 	bowl	
2025-07-09 08:03:17,517 - PoinTr - INFO - 04099429	17	0.494 	41.502 	177.969 	0.000 	rocket	
2025-07-09 08:03:17,517 - PoinTr - INFO - 02828884	363	0.290 	45.968 	179.288 	0.000 	bench	
2025-07-09 08:03:17,517 - PoinTr - INFO - 04090263	475	0.556 	36.935 	166.912 	0.000 	rifle	
2025-07-09 08:03:17,517 - PoinTr - INFO - 03211117	219	0.259 	55.999 	244.530 	0.000 	display	
2025-07-09 08:03:17,517 - PoinTr - INFO - 02876657	100	0.312 	50.769 	216.829 	0.000 	bottle	
2025-07-09 08:03:17,517 - PoinTr - INFO - 03710193	19	0.355 	37.527 	102.895 	0.000 	mailbox	
2025-07-09 08:03:17,517 - PoinTr - INFO - 03790512	68	0.185 	61.976 	295.258 	0.000 	motorbike	
2025-07-09 08:03:17,517 - PoinTr - INFO - 03325088	149	0.281 	57.167 	242.159 	0.000 	faucet	
2025-07-09 08:03:17,517 - PoinTr - INFO - 02801938	23	0.200 	63.553 	287.027 	0.000 	basket	
2025-07-09 08:03:17,517 - PoinTr - INFO - 03337140	60	0.212 	58.288 	243.203 	0.000 	file cabinet	
2025-07-09 08:03:17,517 - PoinTr - INFO - 02843684	15	0.190 	70.204 	287.514 	0.000 	birdhouse	
2025-07-09 08:03:17,517 - PoinTr - INFO - 03624134	85	0.624 	40.246 	191.301 	0.000 	knife	
2025-07-09 08:03:17,517 - PoinTr - INFO - 03991062	121	0.181 	68.286 	315.500 	0.000 	flowerpot	
2025-07-09 08:03:17,517 - PoinTr - INFO - 03948459	62	0.369 	45.949 	208.279 	0.000 	pistol	
2025-07-09 08:03:17,517 - PoinTr - INFO - 03928116	48	0.217 	52.958 	176.988 	0.000 	piano	
2025-07-09 08:03:17,517 - PoinTr - INFO - 03207941	19	0.257 	41.995 	128.271 	0.000 	dishwasher	
2025-07-09 08:03:17,517 - PoinTr - INFO - 04074963	14	0.372 	37.432 	147.180 	0.000 	remote	
2025-07-09 08:03:17,517 - PoinTr - INFO - 03085013	13	0.356 	49.962 	242.644 	0.000 	keyboard	
2025-07-09 08:03:17,517 - PoinTr - INFO - Overall		0.283 	55.347 	241.259 	0.000 	
2025-07-09 08:03:18,007 - PoinTr - INFO - Save checkpoint at ./experiments/PoinTr/ShapeNet55_models/PoinTr_fog/ckpt-last.pth
2025-07-09 08:03:19,216 - PoinTr - INFO - [Epoch 41/200][Batch 1/655] BatchTime = 1.208 (s) DataTime = 0.111 (s) Losses = ['295.1760', '55.2974'] lr = 0.0002926
2025-07-09 08:05:18,318 - PoinTr - INFO - [Epoch 41/200][Batch 101/655] BatchTime = 0.936 (s) DataTime = 0.001 (s) Losses = ['273.9138', '53.3907'] lr = 0.0002926
2025-07-09 08:07:16,237 - PoinTr - INFO - [Epoch 41/200][Batch 201/655] BatchTime = 0.958 (s) DataTime = 0.001 (s) Losses = ['257.6153', '49.6770'] lr = 0.0002926
2025-07-09 08:09:18,486 - PoinTr - INFO - [Epoch 41/200][Batch 301/655] BatchTime = 1.280 (s) DataTime = 0.001 (s) Losses = ['296.2644', '60.0605'] lr = 0.0002926
2025-07-09 08:11:20,175 - PoinTr - INFO - [Epoch 41/200][Batch 401/655] BatchTime = 1.263 (s) DataTime = 0.001 (s) Losses = ['277.1021', '55.3870'] lr = 0.0002926
2025-07-09 08:13:22,826 - PoinTr - INFO - [Epoch 41/200][Batch 501/655] BatchTime = 1.331 (s) DataTime = 0.001 (s) Losses = ['292.6406', '52.5828'] lr = 0.0002926
2025-07-09 08:15:23,498 - PoinTr - INFO - [Epoch 41/200][Batch 601/655] BatchTime = 1.436 (s) DataTime = 0.001 (s) Losses = ['274.8373', '49.3724'] lr = 0.0002926
2025-07-09 08:16:29,967 - PoinTr - INFO - [Training] EPOCH: 41 EpochTime = 791.959 (s) Losses = ['273.8081', '52.7644']
2025-07-09 08:16:30,463 - PoinTr - INFO - Save checkpoint at ./experiments/PoinTr/ShapeNet55_models/PoinTr_fog/ckpt-last.pth
2025-07-09 08:16:31,889 - PoinTr - INFO - [Epoch 42/200][Batch 1/655] BatchTime = 1.425 (s) DataTime = 0.113 (s) Losses = ['259.9969', '43.5345'] lr = 0.0002888
2025-07-09 08:18:33,005 - PoinTr - INFO - [Epoch 42/200][Batch 101/655] BatchTime = 1.283 (s) DataTime = 0.001 (s) Losses = ['251.2205', '45.1329'] lr = 0.0002888
2025-07-09 08:20:36,302 - PoinTr - INFO - [Epoch 42/200][Batch 201/655] BatchTime = 1.132 (s) DataTime = 0.001 (s) Losses = ['276.3218', '57.0844'] lr = 0.0002888
2025-07-09 08:22:36,809 - PoinTr - INFO - [Epoch 42/200][Batch 301/655] BatchTime = 1.093 (s) DataTime = 0.001 (s) Losses = ['256.4135', '50.5629'] lr = 0.0002888
2025-07-09 08:24:36,774 - PoinTr - INFO - [Epoch 42/200][Batch 401/655] BatchTime = 1.040 (s) DataTime = 0.001 (s) Losses = ['272.6819', '48.7671'] lr = 0.0002888
2025-07-09 08:26:34,276 - PoinTr - INFO - [Epoch 42/200][Batch 501/655] BatchTime = 1.693 (s) DataTime = 0.001 (s) Losses = ['290.7337', '49.2414'] lr = 0.0002888
2025-07-09 08:28:35,204 - PoinTr - INFO - [Epoch 42/200][Batch 601/655] BatchTime = 1.180 (s) DataTime = 0.001 (s) Losses = ['252.3470', '48.6478'] lr = 0.0002888
2025-07-09 08:29:37,776 - PoinTr - INFO - [Training] EPOCH: 42 EpochTime = 787.312 (s) Losses = ['272.1863', '52.2582']
2025-07-09 08:29:38,253 - PoinTr - INFO - Save checkpoint at ./experiments/PoinTr/ShapeNet55_models/PoinTr_fog/ckpt-last.pth
2025-07-09 08:29:39,150 - PoinTr - INFO - [Epoch 43/200][Batch 1/655] BatchTime = 0.895 (s) DataTime = 0.110 (s) Losses = ['249.0435', '47.3538'] lr = 0.0002851
2025-07-09 08:31:38,042 - PoinTr - INFO - [Epoch 43/200][Batch 101/655] BatchTime = 1.284 (s) DataTime = 0.001 (s) Losses = ['241.0413', '45.3534'] lr = 0.0002851
2025-07-09 08:33:39,012 - PoinTr - INFO - [Epoch 43/200][Batch 201/655] BatchTime = 1.168 (s) DataTime = 0.001 (s) Losses = ['263.3063', '47.6936'] lr = 0.0002851
2025-07-09 08:35:49,164 - PoinTr - INFO - [Epoch 43/200][Batch 301/655] BatchTime = 1.367 (s) DataTime = 0.002 (s) Losses = ['272.4444', '48.0187'] lr = 0.0002851
2025-07-09 08:37:46,997 - PoinTr - INFO - [Epoch 43/200][Batch 401/655] BatchTime = 1.424 (s) DataTime = 0.001 (s) Losses = ['251.6215', '49.1529'] lr = 0.0002851
2025-07-09 08:39:43,976 - PoinTr - INFO - [Epoch 43/200][Batch 501/655] BatchTime = 1.224 (s) DataTime = 0.001 (s) Losses = ['233.6919', '44.0174'] lr = 0.0002851
2025-07-09 08:41:42,299 - PoinTr - INFO - [Epoch 43/200][Batch 601/655] BatchTime = 1.194 (s) DataTime = 0.001 (s) Losses = ['266.7843', '50.0736'] lr = 0.0002851
2025-07-09 08:42:51,200 - PoinTr - INFO - [Training] EPOCH: 43 EpochTime = 792.946 (s) Losses = ['272.4131', '52.3728']
2025-07-09 08:42:51,695 - PoinTr - INFO - Save checkpoint at ./experiments/PoinTr/ShapeNet55_models/PoinTr_fog/ckpt-last.pth
2025-07-09 08:42:52,964 - PoinTr - INFO - [Epoch 44/200][Batch 1/655] BatchTime = 1.268 (s) DataTime = 0.109 (s) Losses = ['281.3553', '54.8339'] lr = 0.0002813
2025-07-09 08:44:57,007 - PoinTr - INFO - [Epoch 44/200][Batch 101/655] BatchTime = 1.137 (s) DataTime = 0.001 (s) Losses = ['250.8072', '48.8583'] lr = 0.0002813
2025-07-09 08:46:59,349 - PoinTr - INFO - [Epoch 44/200][Batch 201/655] BatchTime = 1.516 (s) DataTime = 0.001 (s) Losses = ['274.7875', '52.6813'] lr = 0.0002813
2025-07-09 08:48:59,128 - PoinTr - INFO - [Epoch 44/200][Batch 301/655] BatchTime = 1.827 (s) DataTime = 0.001 (s) Losses = ['251.1962', '51.7733'] lr = 0.0002813
2025-07-09 08:50:57,926 - PoinTr - INFO - [Epoch 44/200][Batch 401/655] BatchTime = 1.209 (s) DataTime = 0.001 (s) Losses = ['268.0823', '56.6417'] lr = 0.0002813
2025-07-09 08:52:57,722 - PoinTr - INFO - [Epoch 44/200][Batch 501/655] BatchTime = 1.554 (s) DataTime = 0.002 (s) Losses = ['318.4529', '60.2626'] lr = 0.0002813
2025-07-09 08:54:58,448 - PoinTr - INFO - [Epoch 44/200][Batch 601/655] BatchTime = 1.207 (s) DataTime = 0.001 (s) Losses = ['241.4435', '50.2188'] lr = 0.0002813
2025-07-09 08:56:03,739 - PoinTr - INFO - [Training] EPOCH: 44 EpochTime = 792.043 (s) Losses = ['271.8722', '52.0172']
2025-07-09 08:56:04,218 - PoinTr - INFO - Save checkpoint at ./experiments/PoinTr/ShapeNet55_models/PoinTr_fog/ckpt-last.pth
2025-07-09 08:56:05,660 - PoinTr - INFO - [Epoch 45/200][Batch 1/655] BatchTime = 1.441 (s) DataTime = 0.109 (s) Losses = ['272.6735', '46.6566'] lr = 0.0002777
2025-07-09 08:58:01,553 - PoinTr - INFO - [Epoch 45/200][Batch 101/655] BatchTime = 1.453 (s) DataTime = 0.001 (s) Losses = ['271.4156', '49.2240'] lr = 0.0002777
2025-07-09 09:00:02,682 - PoinTr - INFO - [Epoch 45/200][Batch 201/655] BatchTime = 1.874 (s) DataTime = 0.001 (s) Losses = ['280.7574', '50.1289'] lr = 0.0002777
2025-07-09 09:01:59,916 - PoinTr - INFO - [Epoch 45/200][Batch 301/655] BatchTime = 1.163 (s) DataTime = 0.001 (s) Losses = ['306.5453', '60.0487'] lr = 0.0002777
2025-07-09 09:04:01,416 - PoinTr - INFO - [Epoch 45/200][Batch 401/655] BatchTime = 1.123 (s) DataTime = 0.001 (s) Losses = ['257.1643', '51.4911'] lr = 0.0002777
2025-07-09 09:06:00,311 - PoinTr - INFO - [Epoch 45/200][Batch 501/655] BatchTime = 1.419 (s) DataTime = 0.001 (s) Losses = ['260.1635', '47.7984'] lr = 0.0002777
2025-07-09 09:08:00,454 - PoinTr - INFO - [Epoch 45/200][Batch 601/655] BatchTime = 1.044 (s) DataTime = 0.001 (s) Losses = ['249.7233', '48.0141'] lr = 0.0002777
2025-07-09 09:09:05,062 - PoinTr - INFO - [Training] EPOCH: 45 EpochTime = 780.842 (s) Losses = ['273.8056', '52.3818']
2025-07-09 09:09:05,062 - PoinTr - INFO - [VALIDATION] Start validating epoch 45
2025-07-09 09:09:43,331 - PoinTr - INFO - Test[1051/10518] Taxonomy = 02691156 Sample = c7749c0a8b61f43bc9b9e28055202e3d Losses = ['677.1181', '5420.8670', '98.6578', '740.1195'] Metrics = ['0.3662', '98.6578', '740.1195', '0.0000']
2025-07-09 09:10:21,746 - PoinTr - INFO - Test[2102/10518] Taxonomy = 03211117 Sample = ab2f9418c111cc6ddb965514105122a4 Losses = ['74.9931', '220.6332', '16.4743', '6.2752'] Metrics = ['0.4628', '16.4743', '6.2752', '0.0000']
2025-07-09 09:10:59,064 - PoinTr - INFO - Test[3153/10518] Taxonomy = 02876657 Sample = c5032e4be091aabb36fe7a88df793982 Losses = ['453.1870', '2241.6489', '72.6168', '236.8386'] Metrics = ['0.2065', '72.6168', '236.8386', '0.0000']
2025-07-09 09:11:39,561 - PoinTr - INFO - Test[4204/10518] Taxonomy = 03211117 Sample = 722df1da5778d45b1e43523279c7f09f Losses = ['259.4894', '1350.7549', '45.2960', '91.8531'] Metrics = ['0.2097', '45.2960', '91.8531', '0.0000']
2025-07-09 09:12:18,681 - PoinTr - INFO - Test[5255/10518] Taxonomy = 02828884 Sample = 14b63361a48a9fffe4a048c146e8bd43 Losses = ['554.4789', '3380.2531', '86.3618', '500.5859'] Metrics = ['0.2524', '86.3618', '500.5859', '0.0000']
2025-07-09 09:12:58,750 - PoinTr - INFO - Test[6306/10518] Taxonomy = 03211117 Sample = d330d50a0255529d19ed6e1a590c9122 Losses = ['360.6521', '2250.5810', '38.5651', '154.0173'] Metrics = ['0.2968', '38.5651', '154.0173', '0.0000']
2025-07-09 09:13:34,654 - PoinTr - INFO - Test[7357/10518] Taxonomy = 04379243 Sample = b1ca280d9567270ade98d10ab5975b59 Losses = ['546.9767', '3165.3602', '169.6353', '1231.8608'] Metrics = ['0.1818', '169.6353', '1231.8607', '0.0000']
2025-07-09 09:14:13,565 - PoinTr - INFO - Test[8408/10518] Taxonomy = 03001627 Sample = 89208a619341d9fdb8c516ed5c4ce32 Losses = ['349.0743', '1573.2464', '51.4019', '168.2091'] Metrics = ['0.1855', '51.4019', '168.2091', '0.0000']
2025-07-09 09:14:50,725 - PoinTr - INFO - Test[9459/10518] Taxonomy = 03001627 Sample = d0255120e3351121c3bd24f986301745 Losses = ['309.2786', '1258.9799', '66.9241', '214.8282'] Metrics = ['0.1506', '66.9241', '214.8282', '0.0000']
2025-07-09 09:15:26,814 - PoinTr - INFO - Test[10510/10518] Taxonomy = 03636649 Sample = ea9ec4d9db2e06202471e6dd5ac3ef92 Losses = ['59.3101', '354.6303', '19.0380', '18.2688'] Metrics = ['0.4387', '19.0380', '18.2688', '0.0000']
2025-07-09 09:15:27,083 - PoinTr - INFO - [Validation] EPOCH: 45  Metrics = ['0.2678', '57.3369', '237.9423', '0.0000']
2025-07-09 09:15:27,083 - PoinTr - INFO - ============================ TEST RESULTS ============================
2025-07-09 09:15:27,083 - PoinTr - INFO - Taxonomy	#Sample	F-Score	CDL1	CDL2	EMDistance	#ModelName	
2025-07-09 09:15:27,083 - PoinTr - INFO - 03759954	14	0.393 	34.351 	79.675 	0.000 	microphone	
2025-07-09 09:15:27,083 - PoinTr - INFO - 04330267	44	0.222 	54.846 	169.338 	0.000 	stove	
2025-07-09 09:15:27,083 - PoinTr - INFO - 03261776	15	0.220 	72.051 	325.234 	0.000 	earphone	
2025-07-09 09:15:27,083 - PoinTr - INFO - 03513137	33	0.189 	80.048 	331.540 	0.000 	helmet	
2025-07-09 09:15:27,083 - PoinTr - INFO - 04460130	27	0.301 	45.458 	163.588 	0.000 	tower	
2025-07-09 09:15:27,083 - PoinTr - INFO - 04468005	78	0.261 	52.865 	220.863 	0.000 	train	
2025-07-09 09:15:27,083 - PoinTr - INFO - 03761084	31	0.210 	57.136 	187.142 	0.000 	microwaves	
2025-07-09 09:15:27,083 - PoinTr - INFO - 04004475	34	0.200 	68.635 	250.302 	0.000 	printer	
2025-07-09 09:15:27,083 - PoinTr - INFO - 03938244	20	0.243 	81.583 	390.429 	0.000 	pillow	
2025-07-09 09:15:27,083 - PoinTr - INFO - 02992529	167	0.297 	49.009 	209.489 	0.000 	cellphone	
2025-07-09 09:15:27,084 - PoinTr - INFO - 02808440	172	0.216 	58.197 	218.680 	0.000 	bathtub	
2025-07-09 09:15:27,084 - PoinTr - INFO - 04530566	388	0.310 	48.599 	201.480 	0.000 	watercraft	
2025-07-09 09:15:27,084 - PoinTr - INFO - 02871439	91	0.188 	59.717 	219.387 	0.000 	bookshelf	
2025-07-09 09:15:27,084 - PoinTr - INFO - 03593526	120	0.213 	72.004 	348.803 	0.000 	jar	
2025-07-09 09:15:27,084 - PoinTr - INFO - 04554684	34	0.202 	61.207 	187.236 	0.000 	washer	
2025-07-09 09:15:27,084 - PoinTr - INFO - 03467517	160	0.611 	34.244 	145.537 	0.000 	guitar	
2025-07-09 09:15:27,084 - PoinTr - INFO - 04401088	218	0.297 	51.102 	224.158 	0.000 	telephone	
2025-07-09 09:15:27,084 - PoinTr - INFO - 02954340	12	0.224 	63.354 	280.413 	0.000 	cap	
2025-07-09 09:15:27,084 - PoinTr - INFO - 02933112	315	0.193 	53.615 	180.266 	0.000 	cabinet	
2025-07-09 09:15:27,084 - PoinTr - INFO - 03642806	92	0.302 	44.254 	174.934 	0.000 	laptop	
2025-07-09 09:15:27,084 - PoinTr - INFO - 02924116	188	0.257 	53.612 	222.756 	0.000 	bus	
2025-07-09 09:15:27,084 - PoinTr - INFO - 02946921	22	0.227 	72.593 	373.693 	0.000 	can	
2025-07-09 09:15:27,084 - PoinTr - INFO - 02818832	47	0.175 	59.255 	185.710 	0.000 	bed	
2025-07-09 09:15:27,084 - PoinTr - INFO - 04256520	635	0.195 	58.036 	219.908 	0.000 	sofa	
2025-07-09 09:15:27,084 - PoinTr - INFO - 04379243	1687	0.277 	51.437 	202.168 	0.000 	table	
2025-07-09 09:15:27,084 - PoinTr - INFO - 02747177	69	0.183 	65.738 	283.365 	0.000 	trash bin	
2025-07-09 09:15:27,084 - PoinTr - INFO - 03046257	131	0.237 	72.925 	403.561 	0.000 	clock	
2025-07-09 09:15:27,084 - PoinTr - INFO - 04225987	31	0.350 	54.998 	287.192 	0.000 	skateboard	
2025-07-09 09:15:27,084 - PoinTr - INFO - 03797390	43	0.183 	67.866 	299.944 	0.000 	mug	
2025-07-09 09:15:27,084 - PoinTr - INFO - 03001627	1356	0.227 	54.933 	203.145 	0.000 	chair	
2025-07-09 09:15:27,084 - PoinTr - INFO - 03691459	320	0.211 	61.215 	214.258 	0.000 	loudspeaker	
2025-07-09 09:15:27,084 - PoinTr - INFO - 02942699	23	0.167 	78.460 	312.955 	0.000 	camera	
2025-07-09 09:15:27,084 - PoinTr - INFO - 03636649	464	0.314 	54.742 	213.194 	0.000 	lamp	
2025-07-09 09:15:27,084 - PoinTr - INFO - 02691156	809	0.366 	59.569 	366.345 	0.000 	airplane	
2025-07-09 09:15:27,084 - PoinTr - INFO - 02773838	17	0.258 	44.721 	117.421 	0.000 	bag	
2025-07-09 09:15:27,084 - PoinTr - INFO - 02958343	703	0.176 	57.539 	237.936 	0.000 	car	
2025-07-09 09:15:27,084 - PoinTr - INFO - 02880940	38	0.204 	84.841 	492.133 	0.000 	bowl	
2025-07-09 09:15:27,084 - PoinTr - INFO - 04099429	17	0.501 	33.571 	130.141 	0.000 	rocket	
2025-07-09 09:15:27,084 - PoinTr - INFO - 02828884	363	0.278 	53.462 	237.461 	0.000 	bench	
2025-07-09 09:15:27,084 - PoinTr - INFO - 04090263	475	0.538 	38.934 	173.529 	0.000 	rifle	
2025-07-09 09:15:27,084 - PoinTr - INFO - 03211117	219	0.247 	58.003 	252.060 	0.000 	display	
2025-07-09 09:15:27,084 - PoinTr - INFO - 02876657	100	0.310 	50.336 	206.147 	0.000 	bottle	
2025-07-09 09:15:27,084 - PoinTr - INFO - 03710193	19	0.298 	51.533 	182.472 	0.000 	mailbox	
2025-07-09 09:15:27,084 - PoinTr - INFO - 03790512	68	0.179 	64.124 	314.023 	0.000 	motorbike	
2025-07-09 09:15:27,084 - PoinTr - INFO - 03325088	149	0.275 	61.971 	279.058 	0.000 	faucet	
2025-07-09 09:15:27,084 - PoinTr - INFO - 02801938	23	0.204 	54.117 	178.969 	0.000 	basket	
2025-07-09 09:15:27,084 - PoinTr - INFO - 03337140	60	0.204 	49.213 	139.299 	0.000 	file cabinet	
2025-07-09 09:15:27,084 - PoinTr - INFO - 02843684	15	0.190 	62.267 	214.058 	0.000 	birdhouse	
2025-07-09 09:15:27,084 - PoinTr - INFO - 03624134	85	0.624 	35.341 	161.148 	0.000 	knife	
2025-07-09 09:15:27,084 - PoinTr - INFO - 03991062	121	0.172 	76.314 	383.439 	0.000 	flowerpot	
2025-07-09 09:15:27,084 - PoinTr - INFO - 03948459	62	0.345 	51.372 	227.410 	0.000 	pistol	
2025-07-09 09:15:27,084 - PoinTr - INFO - 03928116	48	0.198 	54.873 	171.816 	0.000 	piano	
2025-07-09 09:15:27,084 - PoinTr - INFO - 03207941	19	0.213 	61.342 	228.441 	0.000 	dishwasher	
2025-07-09 09:15:27,084 - PoinTr - INFO - 04074963	14	0.300 	55.749 	246.860 	0.000 	remote	
2025-07-09 09:15:27,084 - PoinTr - INFO - 03085013	13	0.353 	46.256 	216.316 	0.000 	keyboard	
2025-07-09 09:15:27,084 - PoinTr - INFO - Overall		0.268 	57.337 	237.942 	0.000 	
2025-07-09 09:15:27,709 - PoinTr - INFO - Save checkpoint at ./experiments/PoinTr/ShapeNet55_models/PoinTr_fog/ckpt-last.pth
2025-07-09 09:15:29,185 - PoinTr - INFO - [Epoch 46/200][Batch 1/655] BatchTime = 1.475 (s) DataTime = 0.114 (s) Losses = ['239.0345', '48.5125'] lr = 0.0002741
2025-07-09 09:17:26,968 - PoinTr - INFO - [Epoch 46/200][Batch 101/655] BatchTime = 1.224 (s) DataTime = 0.001 (s) Losses = ['287.6952', '51.2125'] lr = 0.0002741
2025-07-09 09:19:25,832 - PoinTr - INFO - [Epoch 46/200][Batch 201/655] BatchTime = 1.085 (s) DataTime = 0.001 (s) Losses = ['244.4418', '45.9958'] lr = 0.0002741
2025-07-09 09:21:23,559 - PoinTr - INFO - [Epoch 46/200][Batch 301/655] BatchTime = 1.123 (s) DataTime = 0.001 (s) Losses = ['255.5457', '46.0012'] lr = 0.0002741
2025-07-09 09:23:24,920 - PoinTr - INFO - [Epoch 46/200][Batch 401/655] BatchTime = 1.125 (s) DataTime = 0.001 (s) Losses = ['284.1490', '54.1222'] lr = 0.0002741
2025-07-09 09:25:25,017 - PoinTr - INFO - [Epoch 46/200][Batch 501/655] BatchTime = 0.995 (s) DataTime = 0.001 (s) Losses = ['266.6643', '52.0337'] lr = 0.0002741
2025-07-09 09:27:25,468 - PoinTr - INFO - [Epoch 46/200][Batch 601/655] BatchTime = 1.466 (s) DataTime = 0.001 (s) Losses = ['297.7044', '52.7547'] lr = 0.0002741
2025-07-09 09:28:32,040 - PoinTr - INFO - [Training] EPOCH: 46 EpochTime = 784.330 (s) Losses = ['272.6519', '52.0764']
2025-07-09 09:28:32,469 - PoinTr - INFO - Save checkpoint at ./experiments/PoinTr/ShapeNet55_models/PoinTr_fog/ckpt-last.pth
2025-07-09 09:28:33,624 - PoinTr - INFO - [Epoch 47/200][Batch 1/655] BatchTime = 1.154 (s) DataTime = 0.108 (s) Losses = ['256.8406', '46.5850'] lr = 0.0002705
2025-07-09 09:30:35,507 - PoinTr - INFO - [Epoch 47/200][Batch 101/655] BatchTime = 1.129 (s) DataTime = 0.001 (s) Losses = ['276.2073', '52.2669'] lr = 0.0002705
2025-07-09 09:32:36,535 - PoinTr - INFO - [Epoch 47/200][Batch 201/655] BatchTime = 1.237 (s) DataTime = 0.001 (s) Losses = ['293.3687', '54.6213'] lr = 0.0002705
2025-07-09 09:34:36,801 - PoinTr - INFO - [Epoch 47/200][Batch 301/655] BatchTime = 1.071 (s) DataTime = 0.001 (s) Losses = ['286.6067', '51.9374'] lr = 0.0002705
2025-07-09 09:36:36,252 - PoinTr - INFO - [Epoch 47/200][Batch 401/655] BatchTime = 1.104 (s) DataTime = 0.001 (s) Losses = ['277.5121', '57.3439'] lr = 0.0002705
2025-07-09 09:38:33,827 - PoinTr - INFO - [Epoch 47/200][Batch 501/655] BatchTime = 1.051 (s) DataTime = 0.001 (s) Losses = ['227.9580', '48.2920'] lr = 0.0002705
2025-07-09 09:40:36,502 - PoinTr - INFO - [Epoch 47/200][Batch 601/655] BatchTime = 0.980 (s) DataTime = 0.001 (s) Losses = ['263.8325', '51.3326'] lr = 0.0002705
2025-07-09 09:41:37,895 - PoinTr - INFO - [Training] EPOCH: 47 EpochTime = 785.425 (s) Losses = ['272.7324', '52.2357']
2025-07-09 09:41:38,375 - PoinTr - INFO - Save checkpoint at ./experiments/PoinTr/ShapeNet55_models/PoinTr_fog/ckpt-last.pth
2025-07-09 09:41:39,655 - PoinTr - INFO - [Epoch 48/200][Batch 1/655] BatchTime = 1.279 (s) DataTime = 0.109 (s) Losses = ['274.5686', '55.0164'] lr = 0.0002670
2025-07-09 09:43:45,161 - PoinTr - INFO - [Epoch 48/200][Batch 101/655] BatchTime = 1.315 (s) DataTime = 0.001 (s) Losses = ['295.7823', '56.0333'] lr = 0.0002670
2025-07-09 09:45:47,632 - PoinTr - INFO - [Epoch 48/200][Batch 201/655] BatchTime = 0.989 (s) DataTime = 0.001 (s) Losses = ['295.2714', '56.5528'] lr = 0.0002670
2025-07-09 09:47:51,535 - PoinTr - INFO - [Epoch 48/200][Batch 301/655] BatchTime = 1.006 (s) DataTime = 0.002 (s) Losses = ['320.2693', '56.0390'] lr = 0.0002670
2025-07-09 09:49:51,848 - PoinTr - INFO - [Epoch 48/200][Batch 401/655] BatchTime = 1.270 (s) DataTime = 0.001 (s) Losses = ['257.5829', '47.4372'] lr = 0.0002670
2025-07-09 09:51:52,799 - PoinTr - INFO - [Epoch 48/200][Batch 501/655] BatchTime = 1.125 (s) DataTime = 0.001 (s) Losses = ['281.8252', '50.3102'] lr = 0.0002670
2025-07-09 09:53:52,046 - PoinTr - INFO - [Epoch 48/200][Batch 601/655] BatchTime = 1.281 (s) DataTime = 0.001 (s) Losses = ['289.7064', '52.5326'] lr = 0.0002670
2025-07-09 09:54:57,933 - PoinTr - INFO - [Training] EPOCH: 48 EpochTime = 799.557 (s) Losses = ['271.9578', '51.9736']
2025-07-09 09:54:58,417 - PoinTr - INFO - Save checkpoint at ./experiments/PoinTr/ShapeNet55_models/PoinTr_fog/ckpt-last.pth
2025-07-09 09:54:59,499 - PoinTr - INFO - [Epoch 49/200][Batch 1/655] BatchTime = 1.081 (s) DataTime = 0.109 (s) Losses = ['260.9466', '49.1372'] lr = 0.0002636
2025-07-09 09:56:59,404 - PoinTr - INFO - [Epoch 49/200][Batch 101/655] BatchTime = 1.281 (s) DataTime = 0.001 (s) Losses = ['261.0551', '48.7234'] lr = 0.0002636
2025-07-09 09:59:02,449 - PoinTr - INFO - [Epoch 49/200][Batch 201/655] BatchTime = 1.011 (s) DataTime = 0.001 (s) Losses = ['289.6658', '52.2454'] lr = 0.0002636
2025-07-09 10:01:03,448 - PoinTr - INFO - [Epoch 49/200][Batch 301/655] BatchTime = 0.914 (s) DataTime = 0.001 (s) Losses = ['273.2258', '51.7620'] lr = 0.0002636
2025-07-09 10:03:03,378 - PoinTr - INFO - [Epoch 49/200][Batch 401/655] BatchTime = 1.186 (s) DataTime = 0.001 (s) Losses = ['219.3249', '40.9985'] lr = 0.0002636
2025-07-09 10:05:02,341 - PoinTr - INFO - [Epoch 49/200][Batch 501/655] BatchTime = 1.277 (s) DataTime = 0.001 (s) Losses = ['258.7154', '58.3842'] lr = 0.0002636
2025-07-09 10:06:58,293 - PoinTr - INFO - [Epoch 49/200][Batch 601/655] BatchTime = 1.318 (s) DataTime = 0.001 (s) Losses = ['293.4634', '53.0899'] lr = 0.0002636
2025-07-09 10:08:02,212 - PoinTr - INFO - [Training] EPOCH: 49 EpochTime = 783.794 (s) Losses = ['272.3997', '52.0464']
2025-07-09 10:08:02,690 - PoinTr - INFO - Save checkpoint at ./experiments/PoinTr/ShapeNet55_models/PoinTr_fog/ckpt-last.pth
2025-07-09 10:08:03,948 - PoinTr - INFO - [Epoch 50/200][Batch 1/655] BatchTime = 1.257 (s) DataTime = 0.109 (s) Losses = ['284.3532', '56.0462'] lr = 0.0002601
2025-07-09 10:10:05,999 - PoinTr - INFO - [Epoch 50/200][Batch 101/655] BatchTime = 1.060 (s) DataTime = 0.001 (s) Losses = ['271.2023', '53.8269'] lr = 0.0002601
2025-07-09 10:12:06,828 - PoinTr - INFO - [Epoch 50/200][Batch 201/655] BatchTime = 0.952 (s) DataTime = 0.001 (s) Losses = ['243.4022', '47.2992'] lr = 0.0002601
2025-07-09 10:14:04,175 - PoinTr - INFO - [Epoch 50/200][Batch 301/655] BatchTime = 1.236 (s) DataTime = 0.001 (s) Losses = ['265.0940', '48.2193'] lr = 0.0002601
2025-07-09 10:16:05,167 - PoinTr - INFO - [Epoch 50/200][Batch 401/655] BatchTime = 1.409 (s) DataTime = 0.001 (s) Losses = ['260.9186', '49.2021'] lr = 0.0002601
2025-07-09 10:18:05,679 - PoinTr - INFO - [Epoch 50/200][Batch 501/655] BatchTime = 1.261 (s) DataTime = 0.001 (s) Losses = ['272.8058', '49.2223'] lr = 0.0002601
2025-07-09 10:20:05,314 - PoinTr - INFO - [Epoch 50/200][Batch 601/655] BatchTime = 1.156 (s) DataTime = 0.001 (s) Losses = ['253.5036', '50.0729'] lr = 0.0002601
2025-07-09 10:21:13,555 - PoinTr - INFO - [Training] EPOCH: 50 EpochTime = 790.864 (s) Losses = ['272.9243', '52.1097']
2025-07-09 10:21:13,555 - PoinTr - INFO - [VALIDATION] Start validating epoch 50
2025-07-09 10:21:53,123 - PoinTr - INFO - Test[1051/10518] Taxonomy = 02691156 Sample = c7749c0a8b61f43bc9b9e28055202e3d Losses = ['509.3602', '2874.9681', '103.1679', '507.8717'] Metrics = ['0.2933', '103.1679', '507.8717', '0.0000']
2025-07-09 10:22:30,016 - PoinTr - INFO - Test[2102/10518] Taxonomy = 03211117 Sample = ab2f9418c111cc6ddb965514105122a4 Losses = ['404.2030', '1919.5213', '71.7095', '393.1976'] Metrics = ['0.3537', '71.7095', '393.1976', '0.0000']
2025-07-09 10:23:07,098 - PoinTr - INFO - Test[3153/10518] Taxonomy = 02876657 Sample = c5032e4be091aabb36fe7a88df793982 Losses = ['101.1958', '150.7647', '39.0279', '12.9078'] Metrics = ['0.1806', '39.0279', '12.9078', '0.0000']
2025-07-09 10:23:45,743 - PoinTr - INFO - Test[4204/10518] Taxonomy = 03211117 Sample = 722df1da5778d45b1e43523279c7f09f Losses = ['412.4629', '1720.3839', '103.2343', '479.7985'] Metrics = ['0.2109', '103.2343', '479.7985', '0.0000']
2025-07-09 10:24:25,935 - PoinTr - INFO - Test[5255/10518] Taxonomy = 02828884 Sample = 14b63361a48a9fffe4a048c146e8bd43 Losses = ['355.3843', '1564.5990', '32.2631', '55.6759'] Metrics = ['0.3272', '32.2631', '55.6759', '0.0000']
2025-07-09 10:25:03,151 - PoinTr - INFO - Test[6306/10518] Taxonomy = 03211117 Sample = d330d50a0255529d19ed6e1a590c9122 Losses = ['60.2590', '138.2022', '25.4593', '30.5794'] Metrics = ['0.2205', '25.4593', '30.5794', '0.0000']
2025-07-09 10:25:38,363 - PoinTr - INFO - Test[7357/10518] Taxonomy = 04379243 Sample = b1ca280d9567270ade98d10ab5975b59 Losses = ['333.7741', '3819.5078', '42.1616', '320.9073'] Metrics = ['0.2376', '42.1616', '320.9073', '0.0000']
2025-07-09 10:26:16,892 - PoinTr - INFO - Test[8408/10518] Taxonomy = 03001627 Sample = 89208a619341d9fdb8c516ed5c4ce32 Losses = ['361.5096', '1805.3714', '66.6399', '287.6484'] Metrics = ['0.1603', '66.6399', '287.6484', '0.0000']
2025-07-09 10:26:54,178 - PoinTr - INFO - Test[9459/10518] Taxonomy = 03001627 Sample = d0255120e3351121c3bd24f986301745 Losses = ['302.7398', '1952.5125', '52.4803', '231.6981'] Metrics = ['0.1819', '52.4803', '231.6981', '0.0000']
2025-07-09 10:27:31,098 - PoinTr - INFO - Test[10510/10518] Taxonomy = 03636649 Sample = ea9ec4d9db2e06202471e6dd5ac3ef92 Losses = ['136.4000', '1061.3459', '23.6072', '69.1352'] Metrics = ['0.4944', '23.6072', '69.1352', '0.0000']
2025-07-09 10:27:31,592 - PoinTr - INFO - [Validation] EPOCH: 50  Metrics = ['0.2632', '56.1839', '234.4350', '0.0000']
2025-07-09 10:27:31,592 - PoinTr - INFO - ============================ TEST RESULTS ============================
2025-07-09 10:27:31,592 - PoinTr - INFO - Taxonomy	#Sample	F-Score	CDL1	CDL2	EMDistance	#ModelName	
2025-07-09 10:27:31,592 - PoinTr - INFO - 03759954	14	0.359 	44.156 	140.498 	0.000 	microphone	
2025-07-09 10:27:31,592 - PoinTr - INFO - 04330267	44	0.218 	50.105 	148.211 	0.000 	stove	
2025-07-09 10:27:31,592 - PoinTr - INFO - 03261776	15	0.238 	59.735 	248.410 	0.000 	earphone	
2025-07-09 10:27:31,592 - PoinTr - INFO - 03513137	33	0.181 	84.003 	376.712 	0.000 	helmet	
2025-07-09 10:27:31,592 - PoinTr - INFO - 04460130	27	0.274 	49.832 	176.699 	0.000 	tower	
2025-07-09 10:27:31,592 - PoinTr - INFO - 04468005	78	0.239 	50.444 	198.998 	0.000 	train	
2025-07-09 10:27:31,592 - PoinTr - INFO - 03761084	31	0.215 	52.869 	165.603 	0.000 	microwaves	
2025-07-09 10:27:31,592 - PoinTr - INFO - 04004475	34	0.200 	65.959 	257.905 	0.000 	printer	
2025-07-09 10:27:31,592 - PoinTr - INFO - 03938244	20	0.257 	60.799 	259.292 	0.000 	pillow	
2025-07-09 10:27:31,592 - PoinTr - INFO - 02992529	167	0.313 	49.154 	215.674 	0.000 	cellphone	
2025-07-09 10:27:31,592 - PoinTr - INFO - 02808440	172	0.208 	65.447 	290.080 	0.000 	bathtub	
2025-07-09 10:27:31,592 - PoinTr - INFO - 04530566	388	0.304 	49.549 	207.815 	0.000 	watercraft	
2025-07-09 10:27:31,593 - PoinTr - INFO - 02871439	91	0.185 	58.823 	224.137 	0.000 	bookshelf	
2025-07-09 10:27:31,593 - PoinTr - INFO - 03593526	120	0.203 	71.567 	336.410 	0.000 	jar	
2025-07-09 10:27:31,593 - PoinTr - INFO - 04554684	34	0.217 	54.443 	152.156 	0.000 	washer	
2025-07-09 10:27:31,593 - PoinTr - INFO - 03467517	160	0.608 	33.901 	139.171 	0.000 	guitar	
2025-07-09 10:27:31,593 - PoinTr - INFO - 04401088	218	0.328 	47.554 	220.884 	0.000 	telephone	
2025-07-09 10:27:31,593 - PoinTr - INFO - 02954340	12	0.218 	65.899 	260.042 	0.000 	cap	
2025-07-09 10:27:31,593 - PoinTr - INFO - 02933112	315	0.194 	51.208 	173.730 	0.000 	cabinet	
2025-07-09 10:27:31,593 - PoinTr - INFO - 03642806	92	0.293 	46.076 	199.204 	0.000 	laptop	
2025-07-09 10:27:31,593 - PoinTr - INFO - 02924116	188	0.239 	50.555 	197.351 	0.000 	bus	
2025-07-09 10:27:31,593 - PoinTr - INFO - 02946921	22	0.209 	76.292 	374.583 	0.000 	can	
2025-07-09 10:27:31,593 - PoinTr - INFO - 02818832	47	0.177 	61.081 	217.151 	0.000 	bed	
2025-07-09 10:27:31,593 - PoinTr - INFO - 04256520	635	0.198 	55.328 	209.759 	0.000 	sofa	
2025-07-09 10:27:31,593 - PoinTr - INFO - 04379243	1687	0.267 	50.900 	203.498 	0.000 	table	
2025-07-09 10:27:31,593 - PoinTr - INFO - 02747177	69	0.169 	70.354 	333.759 	0.000 	trash bin	
2025-07-09 10:27:31,593 - PoinTr - INFO - 03046257	131	0.226 	73.025 	398.850 	0.000 	clock	
2025-07-09 10:27:31,593 - PoinTr - INFO - 04225987	31	0.381 	44.195 	211.700 	0.000 	skateboard	
2025-07-09 10:27:31,593 - PoinTr - INFO - 03797390	43	0.174 	78.748 	403.668 	0.000 	mug	
2025-07-09 10:27:31,593 - PoinTr - INFO - 03001627	1356	0.234 	52.997 	200.312 	0.000 	chair	
2025-07-09 10:27:31,593 - PoinTr - INFO - 03691459	320	0.206 	60.444 	228.541 	0.000 	loudspeaker	
2025-07-09 10:27:31,593 - PoinTr - INFO - 02942699	23	0.171 	63.485 	215.734 	0.000 	camera	
2025-07-09 10:27:31,593 - PoinTr - INFO - 03636649	464	0.314 	53.678 	204.182 	0.000 	lamp	
2025-07-09 10:27:31,593 - PoinTr - INFO - 02691156	809	0.357 	62.479 	396.444 	0.000 	airplane	
2025-07-09 10:27:31,593 - PoinTr - INFO - 02773838	17	0.243 	44.438 	119.515 	0.000 	bag	
2025-07-09 10:27:31,593 - PoinTr - INFO - 02958343	703	0.168 	59.665 	262.085 	0.000 	car	
2025-07-09 10:27:31,593 - PoinTr - INFO - 02880940	38	0.195 	77.941 	444.117 	0.000 	bowl	
2025-07-09 10:27:31,593 - PoinTr - INFO - 04099429	17	0.479 	40.216 	162.896 	0.000 	rocket	
2025-07-09 10:27:31,593 - PoinTr - INFO - 02828884	363	0.284 	47.465 	190.410 	0.000 	bench	
2025-07-09 10:27:31,593 - PoinTr - INFO - 04090263	475	0.505 	38.167 	164.467 	0.000 	rifle	
2025-07-09 10:27:31,593 - PoinTr - INFO - 03211117	219	0.248 	56.249 	242.948 	0.000 	display	
2025-07-09 10:27:31,593 - PoinTr - INFO - 02876657	100	0.269 	54.904 	228.966 	0.000 	bottle	
2025-07-09 10:27:31,593 - PoinTr - INFO - 03710193	19	0.344 	34.484 	86.553 	0.000 	mailbox	
2025-07-09 10:27:31,593 - PoinTr - INFO - 03790512	68	0.187 	58.292 	258.046 	0.000 	motorbike	
2025-07-09 10:27:31,593 - PoinTr - INFO - 03325088	149	0.282 	59.600 	257.481 	0.000 	faucet	
2025-07-09 10:27:31,593 - PoinTr - INFO - 02801938	23	0.210 	63.269 	283.674 	0.000 	basket	
2025-07-09 10:27:31,593 - PoinTr - INFO - 03337140	60	0.197 	51.232 	161.943 	0.000 	file cabinet	
2025-07-09 10:27:31,593 - PoinTr - INFO - 02843684	15	0.188 	56.432 	174.027 	0.000 	birdhouse	
2025-07-09 10:27:31,593 - PoinTr - INFO - 03624134	85	0.565 	35.518 	159.650 	0.000 	knife	
2025-07-09 10:27:31,593 - PoinTr - INFO - 03991062	121	0.167 	78.579 	396.143 	0.000 	flowerpot	
2025-07-09 10:27:31,593 - PoinTr - INFO - 03948459	62	0.329 	43.656 	166.915 	0.000 	pistol	
2025-07-09 10:27:31,593 - PoinTr - INFO - 03928116	48	0.189 	62.112 	224.421 	0.000 	piano	
2025-07-09 10:27:31,593 - PoinTr - INFO - 03207941	19	0.220 	56.349 	192.667 	0.000 	dishwasher	
2025-07-09 10:27:31,593 - PoinTr - INFO - 04074963	14	0.295 	53.555 	258.456 	0.000 	remote	
2025-07-09 10:27:31,593 - PoinTr - INFO - 03085013	13	0.337 	52.909 	271.377 	0.000 	keyboard	
2025-07-09 10:27:31,593 - PoinTr - INFO - Overall		0.263 	56.184 	234.435 	0.000 	
2025-07-09 10:27:32,078 - PoinTr - INFO - Save checkpoint at ./experiments/PoinTr/ShapeNet55_models/PoinTr_fog/ckpt-best.pth
2025-07-09 10:27:32,533 - PoinTr - INFO - Save checkpoint at ./experiments/PoinTr/ShapeNet55_models/PoinTr_fog/ckpt-last.pth
2025-07-09 10:27:33,444 - PoinTr - INFO - [Epoch 51/200][Batch 1/655] BatchTime = 0.910 (s) DataTime = 0.113 (s) Losses = ['265.2611', '51.7224'] lr = 0.0002568
2025-07-09 10:29:33,845 - PoinTr - INFO - [Epoch 51/200][Batch 101/655] BatchTime = 1.420 (s) DataTime = 0.001 (s) Losses = ['305.4784', '55.2998'] lr = 0.0002568
2025-07-09 10:31:30,548 - PoinTr - INFO - [Epoch 51/200][Batch 201/655] BatchTime = 1.243 (s) DataTime = 0.001 (s) Losses = ['279.3895', '51.9426'] lr = 0.0002568
2025-07-09 10:33:29,946 - PoinTr - INFO - [Epoch 51/200][Batch 301/655] BatchTime = 1.192 (s) DataTime = 0.001 (s) Losses = ['283.8131', '54.4793'] lr = 0.0002568
2025-07-09 10:35:26,655 - PoinTr - INFO - [Epoch 51/200][Batch 401/655] BatchTime = 1.124 (s) DataTime = 0.001 (s) Losses = ['247.6071', '45.7870'] lr = 0.0002568
2025-07-09 10:37:25,196 - PoinTr - INFO - [Epoch 51/200][Batch 501/655] BatchTime = 0.992 (s) DataTime = 0.001 (s) Losses = ['296.6663', '53.6023'] lr = 0.0002568
2025-07-09 10:39:24,251 - PoinTr - INFO - [Epoch 51/200][Batch 601/655] BatchTime = 1.434 (s) DataTime = 0.001 (s) Losses = ['299.1192', '53.9213'] lr = 0.0002568
2025-07-09 10:40:29,461 - PoinTr - INFO - [Training] EPOCH: 51 EpochTime = 776.927 (s) Losses = ['273.9657', '52.2884']
2025-07-09 10:40:29,950 - PoinTr - INFO - Save checkpoint at ./experiments/PoinTr/ShapeNet55_models/PoinTr_fog/ckpt-last.pth
2025-07-09 10:40:31,224 - PoinTr - INFO - [Epoch 52/200][Batch 1/655] BatchTime = 1.273 (s) DataTime = 0.111 (s) Losses = ['274.2745', '51.9863'] lr = 0.0002534
2025-07-09 10:42:31,727 - PoinTr - INFO - [Epoch 52/200][Batch 101/655] BatchTime = 1.256 (s) DataTime = 0.001 (s) Losses = ['297.9166', '53.8929'] lr = 0.0002534
2025-07-09 10:44:30,337 - PoinTr - INFO - [Epoch 52/200][Batch 201/655] BatchTime = 1.129 (s) DataTime = 0.001 (s) Losses = ['284.8462', '53.5371'] lr = 0.0002534
2025-07-09 10:46:23,621 - PoinTr - INFO - [Epoch 52/200][Batch 301/655] BatchTime = 1.263 (s) DataTime = 0.001 (s) Losses = ['299.8986', '53.4157'] lr = 0.0002534
2025-07-09 10:48:27,011 - PoinTr - INFO - [Epoch 52/200][Batch 401/655] BatchTime = 1.647 (s) DataTime = 0.001 (s) Losses = ['253.7622', '45.1196'] lr = 0.0002534
2025-07-09 10:50:30,676 - PoinTr - INFO - [Epoch 52/200][Batch 501/655] BatchTime = 1.712 (s) DataTime = 0.002 (s) Losses = ['258.1559', '47.8152'] lr = 0.0002534
2025-07-09 10:52:29,768 - PoinTr - INFO - [Epoch 52/200][Batch 601/655] BatchTime = 1.065 (s) DataTime = 0.001 (s) Losses = ['279.8117', '51.5977'] lr = 0.0002534
2025-07-09 10:53:34,001 - PoinTr - INFO - [Training] EPOCH: 52 EpochTime = 784.051 (s) Losses = ['273.6352', '51.8538']
2025-07-09 10:53:34,483 - PoinTr - INFO - Save checkpoint at ./experiments/PoinTr/ShapeNet55_models/PoinTr_fog/ckpt-last.pth
2025-07-09 10:53:35,873 - PoinTr - INFO - [Epoch 53/200][Batch 1/655] BatchTime = 1.389 (s) DataTime = 0.108 (s) Losses = ['273.0318', '50.4835'] lr = 0.0002501
2025-07-09 10:55:33,311 - PoinTr - INFO - [Epoch 53/200][Batch 101/655] BatchTime = 0.982 (s) DataTime = 0.001 (s) Losses = ['251.3951', '46.0826'] lr = 0.0002501
2025-07-09 10:57:35,943 - PoinTr - INFO - [Epoch 53/200][Batch 201/655] BatchTime = 0.786 (s) DataTime = 0.001 (s) Losses = ['272.1345', '48.6857'] lr = 0.0002501
2025-07-09 10:59:40,965 - PoinTr - INFO - [Epoch 53/200][Batch 301/655] BatchTime = 1.220 (s) DataTime = 0.001 (s) Losses = ['232.5942', '45.0047'] lr = 0.0002501
2025-07-09 11:01:42,301 - PoinTr - INFO - [Epoch 53/200][Batch 401/655] BatchTime = 1.119 (s) DataTime = 0.001 (s) Losses = ['272.6910', '48.4380'] lr = 0.0002501
2025-07-09 11:03:42,233 - PoinTr - INFO - [Epoch 53/200][Batch 501/655] BatchTime = 1.053 (s) DataTime = 0.001 (s) Losses = ['268.5617', '53.7286'] lr = 0.0002501
2025-07-09 11:05:43,070 - PoinTr - INFO - [Epoch 53/200][Batch 601/655] BatchTime = 0.982 (s) DataTime = 0.001 (s) Losses = ['237.4049', '48.8403'] lr = 0.0002501
2025-07-09 11:06:49,690 - PoinTr - INFO - [Training] EPOCH: 53 EpochTime = 795.206 (s) Losses = ['272.4145', '51.7291']
2025-07-09 11:06:50,154 - PoinTr - INFO - Save checkpoint at ./experiments/PoinTr/ShapeNet55_models/PoinTr_fog/ckpt-last.pth
2025-07-09 11:06:51,523 - PoinTr - INFO - [Epoch 54/200][Batch 1/655] BatchTime = 1.368 (s) DataTime = 0.113 (s) Losses = ['259.2115', '53.9527'] lr = 0.0002469
2025-07-09 11:08:50,934 - PoinTr - INFO - [Epoch 54/200][Batch 101/655] BatchTime = 1.131 (s) DataTime = 0.001 (s) Losses = ['256.1776', '46.8698'] lr = 0.0002469
2025-07-09 11:10:48,311 - PoinTr - INFO - [Epoch 54/200][Batch 201/655] BatchTime = 1.061 (s) DataTime = 0.001 (s) Losses = ['295.0698', '54.9517'] lr = 0.0002469
2025-07-09 11:12:52,007 - PoinTr - INFO - [Epoch 54/200][Batch 301/655] BatchTime = 0.758 (s) DataTime = 0.001 (s) Losses = ['293.9026', '53.8784'] lr = 0.0002469
2025-07-09 11:14:51,280 - PoinTr - INFO - [Epoch 54/200][Batch 401/655] BatchTime = 1.303 (s) DataTime = 0.001 (s) Losses = ['301.2231', '57.0637'] lr = 0.0002469
2025-07-09 11:16:55,525 - PoinTr - INFO - [Epoch 54/200][Batch 501/655] BatchTime = 1.263 (s) DataTime = 0.001 (s) Losses = ['258.7675', '46.0062'] lr = 0.0002469
2025-07-09 11:18:59,291 - PoinTr - INFO - [Epoch 54/200][Batch 601/655] BatchTime = 0.703 (s) DataTime = 0.002 (s) Losses = ['270.1031', '55.4547'] lr = 0.0002469
2025-07-09 11:20:06,832 - PoinTr - INFO - [Training] EPOCH: 54 EpochTime = 796.677 (s) Losses = ['272.5301', '51.8028']
2025-07-09 11:20:07,309 - PoinTr - INFO - Save checkpoint at ./experiments/PoinTr/ShapeNet55_models/PoinTr_fog/ckpt-last.pth
2025-07-09 11:20:08,787 - PoinTr - INFO - [Epoch 55/200][Batch 1/655] BatchTime = 1.477 (s) DataTime = 0.112 (s) Losses = ['261.1395', '49.2267'] lr = 0.0002437
2025-07-09 11:22:09,067 - PoinTr - INFO - [Epoch 55/200][Batch 101/655] BatchTime = 1.360 (s) DataTime = 0.001 (s) Losses = ['290.0262', '51.5457'] lr = 0.0002437
2025-07-09 11:24:12,381 - PoinTr - INFO - [Epoch 55/200][Batch 201/655] BatchTime = 1.324 (s) DataTime = 0.001 (s) Losses = ['272.1711', '48.7772'] lr = 0.0002437
2025-07-09 11:26:13,235 - PoinTr - INFO - [Epoch 55/200][Batch 301/655] BatchTime = 1.447 (s) DataTime = 0.001 (s) Losses = ['240.3355', '46.7736'] lr = 0.0002437
2025-07-09 11:28:13,862 - PoinTr - INFO - [Epoch 55/200][Batch 401/655] BatchTime = 1.088 (s) DataTime = 0.001 (s) Losses = ['253.8908', '48.6793'] lr = 0.0002437
2025-07-09 11:30:11,421 - PoinTr - INFO - [Epoch 55/200][Batch 501/655] BatchTime = 1.030 (s) DataTime = 0.001 (s) Losses = ['277.4617', '54.3029'] lr = 0.0002437
2025-07-09 11:32:11,174 - PoinTr - INFO - [Epoch 55/200][Batch 601/655] BatchTime = 1.190 (s) DataTime = 0.001 (s) Losses = ['272.0907', '52.4674'] lr = 0.0002437
2025-07-09 11:33:14,619 - PoinTr - INFO - [Training] EPOCH: 55 EpochTime = 787.308 (s) Losses = ['272.1337', '51.7025']
2025-07-09 11:33:14,619 - PoinTr - INFO - [VALIDATION] Start validating epoch 55
2025-07-09 11:33:52,042 - PoinTr - INFO - Test[1051/10518] Taxonomy = 02691156 Sample = c7749c0a8b61f43bc9b9e28055202e3d Losses = ['106.2384', '384.7245', '36.0781', '49.2317'] Metrics = ['0.2572', '36.0781', '49.2317', '0.0000']
2025-07-09 11:34:30,796 - PoinTr - INFO - Test[2102/10518] Taxonomy = 03211117 Sample = ab2f9418c111cc6ddb965514105122a4 Losses = ['131.0133', '404.7908', '25.9154', '43.7610'] Metrics = ['0.3054', '25.9154', '43.7610', '0.0000']
2025-07-09 11:35:09,173 - PoinTr - INFO - Test[3153/10518] Taxonomy = 02876657 Sample = c5032e4be091aabb36fe7a88df793982 Losses = ['206.6689', '677.5151', '34.0775', '25.0424'] Metrics = ['0.3077', '34.0775', '25.0424', '0.0000']
2025-07-09 11:35:46,843 - PoinTr - INFO - Test[4204/10518] Taxonomy = 03211117 Sample = 722df1da5778d45b1e43523279c7f09f Losses = ['464.0645', '2349.9908', '59.4266', '207.6319'] Metrics = ['0.2446', '59.4266', '207.6319', '0.0000']
2025-07-09 11:36:26,182 - PoinTr - INFO - Test[5255/10518] Taxonomy = 02828884 Sample = 14b63361a48a9fffe4a048c146e8bd43 Losses = ['323.1497', '1974.4270', '34.2727', '67.1857'] Metrics = ['0.3405', '34.2727', '67.1857', '0.0000']
2025-07-09 11:37:04,088 - PoinTr - INFO - Test[6306/10518] Taxonomy = 03211117 Sample = d330d50a0255529d19ed6e1a590c9122 Losses = ['471.4961', '2611.3002', '186.3385', '1359.0740'] Metrics = ['0.2170', '186.3385', '1359.0740', '0.0000']
2025-07-09 11:37:41,537 - PoinTr - INFO - Test[7357/10518] Taxonomy = 04379243 Sample = b1ca280d9567270ade98d10ab5975b59 Losses = ['794.8623', '7625.9522', '200.4251', '2093.7083'] Metrics = ['0.1562', '200.4251', '2093.7083', '0.0000']
2025-07-09 11:38:20,208 - PoinTr - INFO - Test[8408/10518] Taxonomy = 03001627 Sample = 89208a619341d9fdb8c516ed5c4ce32 Losses = ['211.3933', '757.2317', '33.1536', '40.2362'] Metrics = ['0.2186', '33.1536', '40.2362', '0.0000']
2025-07-09 11:38:56,792 - PoinTr - INFO - Test[9459/10518] Taxonomy = 03001627 Sample = d0255120e3351121c3bd24f986301745 Losses = ['62.4699', '79.6537', '31.9307', '8.8029'] Metrics = ['0.2279', '31.9307', '8.8029', '0.0000']
2025-07-09 11:39:33,574 - PoinTr - INFO - Test[10510/10518] Taxonomy = 03636649 Sample = ea9ec4d9db2e06202471e6dd5ac3ef92 Losses = ['136.9755', '573.3237', '18.8464', '26.4518'] Metrics = ['0.5413', '18.8464', '26.4518', '0.0000']
2025-07-09 11:39:33,832 - PoinTr - INFO - [Validation] EPOCH: 55  Metrics = ['0.2620', '57.4538', '242.1223', '0.0000']
2025-07-09 11:39:33,832 - PoinTr - INFO - ============================ TEST RESULTS ============================
2025-07-09 11:39:33,832 - PoinTr - INFO - Taxonomy	#Sample	F-Score	CDL1	CDL2	EMDistance	#ModelName	
2025-07-09 11:39:33,832 - PoinTr - INFO - 03759954	14	0.394 	41.805 	131.207 	0.000 	microphone	
2025-07-09 11:39:33,832 - PoinTr - INFO - 04330267	44	0.219 	60.501 	244.960 	0.000 	stove	
2025-07-09 11:39:33,832 - PoinTr - INFO - 03261776	15	0.241 	52.396 	181.989 	0.000 	earphone	
2025-07-09 11:39:33,832 - PoinTr - INFO - 03513137	33	0.195 	70.652 	280.668 	0.000 	helmet	
2025-07-09 11:39:33,832 - PoinTr - INFO - 04460130	27	0.304 	45.836 	167.816 	0.000 	tower	
2025-07-09 11:39:33,832 - PoinTr - INFO - 04468005	78	0.227 	51.936 	204.460 	0.000 	train	
2025-07-09 11:39:33,832 - PoinTr - INFO - 03761084	31	0.218 	54.861 	180.764 	0.000 	microwaves	
2025-07-09 11:39:33,832 - PoinTr - INFO - 04004475	34	0.208 	58.090 	186.903 	0.000 	printer	
2025-07-09 11:39:33,832 - PoinTr - INFO - 03938244	20	0.253 	74.546 	389.841 	0.000 	pillow	
2025-07-09 11:39:33,832 - PoinTr - INFO - 02992529	167	0.314 	48.709 	220.743 	0.000 	cellphone	
2025-07-09 11:39:33,832 - PoinTr - INFO - 02808440	172	0.211 	57.404 	216.022 	0.000 	bathtub	
2025-07-09 11:39:33,832 - PoinTr - INFO - 04530566	388	0.282 	53.022 	214.735 	0.000 	watercraft	
2025-07-09 11:39:33,832 - PoinTr - INFO - 02871439	91	0.186 	57.018 	190.530 	0.000 	bookshelf	
2025-07-09 11:39:33,832 - PoinTr - INFO - 03593526	120	0.208 	74.218 	369.518 	0.000 	jar	
2025-07-09 11:39:33,832 - PoinTr - INFO - 04554684	34	0.206 	60.127 	202.112 	0.000 	washer	
2025-07-09 11:39:33,832 - PoinTr - INFO - 03467517	160	0.573 	32.015 	126.337 	0.000 	guitar	
2025-07-09 11:39:33,832 - PoinTr - INFO - 04401088	218	0.325 	49.716 	233.186 	0.000 	telephone	
2025-07-09 11:39:33,832 - PoinTr - INFO - 02954340	12	0.199 	88.642 	512.806 	0.000 	cap	
2025-07-09 11:39:33,832 - PoinTr - INFO - 02933112	315	0.203 	52.038 	183.136 	0.000 	cabinet	
2025-07-09 11:39:33,832 - PoinTr - INFO - 03642806	92	0.281 	45.451 	167.540 	0.000 	laptop	
2025-07-09 11:39:33,832 - PoinTr - INFO - 02924116	188	0.238 	54.033 	218.928 	0.000 	bus	
2025-07-09 11:39:33,832 - PoinTr - INFO - 02946921	22	0.222 	81.284 	416.017 	0.000 	can	
2025-07-09 11:39:33,832 - PoinTr - INFO - 02818832	47	0.179 	57.365 	176.225 	0.000 	bed	
2025-07-09 11:39:33,833 - PoinTr - INFO - 04256520	635	0.191 	58.427 	215.775 	0.000 	sofa	
2025-07-09 11:39:33,833 - PoinTr - INFO - 04379243	1687	0.254 	53.851 	209.848 	0.000 	table	
2025-07-09 11:39:33,833 - PoinTr - INFO - 02747177	69	0.183 	65.732 	299.357 	0.000 	trash bin	
2025-07-09 11:39:33,833 - PoinTr - INFO - 03046257	131	0.232 	71.312 	393.171 	0.000 	clock	
2025-07-09 11:39:33,833 - PoinTr - INFO - 04225987	31	0.333 	54.483 	253.020 	0.000 	skateboard	
2025-07-09 11:39:33,833 - PoinTr - INFO - 03797390	43	0.184 	71.938 	338.849 	0.000 	mug	
2025-07-09 11:39:33,833 - PoinTr - INFO - 03001627	1356	0.222 	55.230 	200.444 	0.000 	chair	
2025-07-09 11:39:33,833 - PoinTr - INFO - 03691459	320	0.217 	61.346 	247.267 	0.000 	loudspeaker	
2025-07-09 11:39:33,833 - PoinTr - INFO - 02942699	23	0.177 	61.611 	204.313 	0.000 	camera	
2025-07-09 11:39:33,833 - PoinTr - INFO - 03636649	464	0.322 	54.897 	214.905 	0.000 	lamp	
2025-07-09 11:39:33,833 - PoinTr - INFO - 02691156	809	0.316 	63.111 	377.112 	0.000 	airplane	
2025-07-09 11:39:33,833 - PoinTr - INFO - 02773838	17	0.235 	58.126 	210.860 	0.000 	bag	
2025-07-09 11:39:33,833 - PoinTr - INFO - 02958343	703	0.172 	56.529 	231.442 	0.000 	car	
2025-07-09 11:39:33,833 - PoinTr - INFO - 02880940	38	0.185 	106.576 	771.812 	0.000 	bowl	
2025-07-09 11:39:33,833 - PoinTr - INFO - 04099429	17	0.437 	29.200 	73.992 	0.000 	rocket	
2025-07-09 11:39:33,833 - PoinTr - INFO - 02828884	363	0.248 	53.466 	209.816 	0.000 	bench	
2025-07-09 11:39:33,833 - PoinTr - INFO - 04090263	475	0.491 	41.171 	177.832 	0.000 	rifle	
2025-07-09 11:39:33,833 - PoinTr - INFO - 03211117	219	0.243 	56.940 	236.488 	0.000 	display	
2025-07-09 11:39:33,833 - PoinTr - INFO - 02876657	100	0.324 	48.080 	219.799 	0.000 	bottle	
2025-07-09 11:39:33,833 - PoinTr - INFO - 03710193	19	0.335 	44.238 	150.734 	0.000 	mailbox	
2025-07-09 11:39:33,833 - PoinTr - INFO - 03790512	68	0.185 	58.531 	257.428 	0.000 	motorbike	
2025-07-09 11:39:33,833 - PoinTr - INFO - 03325088	149	0.277 	59.445 	252.655 	0.000 	faucet	
2025-07-09 11:39:33,833 - PoinTr - INFO - 02801938	23	0.197 	62.559 	255.411 	0.000 	basket	
2025-07-09 11:39:33,833 - PoinTr - INFO - 03337140	60	0.212 	48.082 	147.391 	0.000 	file cabinet	
2025-07-09 11:39:33,833 - PoinTr - INFO - 02843684	15	0.185 	64.291 	222.012 	0.000 	birdhouse	
2025-07-09 11:39:33,833 - PoinTr - INFO - 03624134	85	0.625 	36.620 	170.112 	0.000 	knife	
2025-07-09 11:39:33,833 - PoinTr - INFO - 03991062	121	0.167 	72.500 	320.374 	0.000 	flowerpot	
2025-07-09 11:39:33,833 - PoinTr - INFO - 03948459	62	0.322 	52.808 	224.709 	0.000 	pistol	
2025-07-09 11:39:33,833 - PoinTr - INFO - 03928116	48	0.187 	63.043 	223.204 	0.000 	piano	
2025-07-09 11:39:33,833 - PoinTr - INFO - 03207941	19	0.230 	63.053 	258.711 	0.000 	dishwasher	
2025-07-09 11:39:33,833 - PoinTr - INFO - 04074963	14	0.349 	43.659 	159.960 	0.000 	remote	
2025-07-09 11:39:33,833 - PoinTr - INFO - 03085013	13	0.282 	47.442 	171.479 	0.000 	keyboard	
2025-07-09 11:39:33,833 - PoinTr - INFO - Overall		0.262 	57.454 	242.122 	0.000 	
2025-07-09 11:39:34,336 - PoinTr - INFO - Save checkpoint at ./experiments/PoinTr/ShapeNet55_models/PoinTr_fog/ckpt-last.pth
2025-07-09 11:39:35,759 - PoinTr - INFO - [Epoch 56/200][Batch 1/655] BatchTime = 1.422 (s) DataTime = 0.115 (s) Losses = ['294.9496', '52.8731'] lr = 0.0002405
2025-07-09 11:41:36,530 - PoinTr - INFO - [Epoch 56/200][Batch 101/655] BatchTime = 1.219 (s) DataTime = 0.001 (s) Losses = ['273.3453', '50.3295'] lr = 0.0002405
2025-07-09 11:43:39,101 - PoinTr - INFO - [Epoch 56/200][Batch 201/655] BatchTime = 1.225 (s) DataTime = 0.001 (s) Losses = ['274.8359', '51.9190'] lr = 0.0002405
2025-07-09 11:45:36,805 - PoinTr - INFO - [Epoch 56/200][Batch 301/655] BatchTime = 1.280 (s) DataTime = 0.001 (s) Losses = ['281.3112', '48.3960'] lr = 0.0002405
2025-07-09 11:47:36,930 - PoinTr - INFO - [Epoch 56/200][Batch 401/655] BatchTime = 1.092 (s) DataTime = 0.001 (s) Losses = ['277.8427', '50.8446'] lr = 0.0002405
2025-07-09 11:49:38,110 - PoinTr - INFO - [Epoch 56/200][Batch 501/655] BatchTime = 1.353 (s) DataTime = 0.001 (s) Losses = ['281.4250', '53.7490'] lr = 0.0002405
2025-07-09 11:51:37,659 - PoinTr - INFO - [Epoch 56/200][Batch 601/655] BatchTime = 1.605 (s) DataTime = 0.001 (s) Losses = ['243.2997', '47.5079'] lr = 0.0002405
2025-07-09 11:52:43,578 - PoinTr - INFO - [Training] EPOCH: 56 EpochTime = 789.242 (s) Losses = ['272.1146', '51.6821']
2025-07-09 11:52:44,075 - PoinTr - INFO - Save checkpoint at ./experiments/PoinTr/ShapeNet55_models/PoinTr_fog/ckpt-last.pth
2025-07-09 11:52:45,174 - PoinTr - INFO - [Epoch 57/200][Batch 1/655] BatchTime = 1.098 (s) DataTime = 0.113 (s) Losses = ['288.8908', '57.3377'] lr = 0.0002374
2025-07-09 11:54:49,762 - PoinTr - INFO - [Epoch 57/200][Batch 101/655] BatchTime = 1.329 (s) DataTime = 0.001 (s) Losses = ['266.6474', '49.6116'] lr = 0.0002374
2025-07-09 11:56:51,389 - PoinTr - INFO - [Epoch 57/200][Batch 201/655] BatchTime = 1.037 (s) DataTime = 0.001 (s) Losses = ['281.7841', '56.1465'] lr = 0.0002374
2025-07-09 11:58:49,816 - PoinTr - INFO - [Epoch 57/200][Batch 301/655] BatchTime = 1.179 (s) DataTime = 0.002 (s) Losses = ['285.1355', '47.5536'] lr = 0.0002374
2025-07-09 12:00:54,299 - PoinTr - INFO - [Epoch 57/200][Batch 401/655] BatchTime = 1.643 (s) DataTime = 0.001 (s) Losses = ['266.8633', '47.1148'] lr = 0.0002374
2025-07-09 12:02:54,915 - PoinTr - INFO - [Epoch 57/200][Batch 501/655] BatchTime = 1.091 (s) DataTime = 0.002 (s) Losses = ['300.0223', '50.8505'] lr = 0.0002374
2025-07-09 12:04:57,468 - PoinTr - INFO - [Epoch 57/200][Batch 601/655] BatchTime = 1.299 (s) DataTime = 0.001 (s) Losses = ['268.8587', '48.0309'] lr = 0.0002374
2025-07-09 12:06:03,906 - PoinTr - INFO - [Training] EPOCH: 57 EpochTime = 799.830 (s) Losses = ['272.3678', '51.5702']
2025-07-09 12:06:04,386 - PoinTr - INFO - Save checkpoint at ./experiments/PoinTr/ShapeNet55_models/PoinTr_fog/ckpt-last.pth
2025-07-09 12:06:05,953 - PoinTr - INFO - [Epoch 58/200][Batch 1/655] BatchTime = 1.567 (s) DataTime = 0.109 (s) Losses = ['249.6676', '47.8475'] lr = 0.0002343
2025-07-09 12:08:10,465 - PoinTr - INFO - [Epoch 58/200][Batch 101/655] BatchTime = 1.266 (s) DataTime = 0.001 (s) Losses = ['273.0469', '50.9130'] lr = 0.0002343
2025-07-09 12:10:12,934 - PoinTr - INFO - [Epoch 58/200][Batch 201/655] BatchTime = 0.889 (s) DataTime = 0.001 (s) Losses = ['254.3426', '55.6191'] lr = 0.0002343
2025-07-09 12:12:17,408 - PoinTr - INFO - [Epoch 58/200][Batch 301/655] BatchTime = 1.415 (s) DataTime = 0.001 (s) Losses = ['257.2981', '42.7050'] lr = 0.0002343
2025-07-09 12:14:13,565 - PoinTr - INFO - [Epoch 58/200][Batch 401/655] BatchTime = 1.096 (s) DataTime = 0.001 (s) Losses = ['267.6073', '50.9540'] lr = 0.0002343
2025-07-09 12:16:12,987 - PoinTr - INFO - [Epoch 58/200][Batch 501/655] BatchTime = 1.182 (s) DataTime = 0.001 (s) Losses = ['271.1637', '48.6094'] lr = 0.0002343
2025-07-09 12:18:16,515 - PoinTr - INFO - [Epoch 58/200][Batch 601/655] BatchTime = 1.389 (s) DataTime = 0.001 (s) Losses = ['283.7529', '52.1284'] lr = 0.0002343
2025-07-09 12:19:21,487 - PoinTr - INFO - [Training] EPOCH: 58 EpochTime = 797.100 (s) Losses = ['271.9884', '51.3254']
2025-07-09 12:19:21,964 - PoinTr - INFO - Save checkpoint at ./experiments/PoinTr/ShapeNet55_models/PoinTr_fog/ckpt-last.pth
2025-07-09 12:19:23,179 - PoinTr - INFO - [Epoch 59/200][Batch 1/655] BatchTime = 1.214 (s) DataTime = 0.113 (s) Losses = ['257.7355', '49.6679'] lr = 0.0002313
2025-07-09 12:21:26,297 - PoinTr - INFO - [Epoch 59/200][Batch 101/655] BatchTime = 1.178 (s) DataTime = 0.001 (s) Losses = ['278.4053', '51.2111'] lr = 0.0002313
2025-07-09 12:23:31,041 - PoinTr - INFO - [Epoch 59/200][Batch 201/655] BatchTime = 1.376 (s) DataTime = 0.001 (s) Losses = ['262.4883', '45.4378'] lr = 0.0002313
2025-07-09 12:25:35,478 - PoinTr - INFO - [Epoch 59/200][Batch 301/655] BatchTime = 1.073 (s) DataTime = 0.001 (s) Losses = ['251.6255', '47.2204'] lr = 0.0002313
2025-07-09 12:27:34,172 - PoinTr - INFO - [Epoch 59/200][Batch 401/655] BatchTime = 1.710 (s) DataTime = 0.001 (s) Losses = ['279.8954', '52.1592'] lr = 0.0002313
2025-07-09 12:29:33,447 - PoinTr - INFO - [Epoch 59/200][Batch 501/655] BatchTime = 1.200 (s) DataTime = 0.001 (s) Losses = ['293.9796', '56.0590'] lr = 0.0002313
2025-07-09 12:31:28,853 - PoinTr - INFO - [Epoch 59/200][Batch 601/655] BatchTime = 1.439 (s) DataTime = 0.001 (s) Losses = ['271.0714', '51.2133'] lr = 0.0002313
2025-07-09 12:32:30,591 - PoinTr - INFO - [Training] EPOCH: 59 EpochTime = 788.625 (s) Losses = ['271.4673', '51.4734']
2025-07-09 12:32:31,068 - PoinTr - INFO - Save checkpoint at ./experiments/PoinTr/ShapeNet55_models/PoinTr_fog/ckpt-last.pth
2025-07-09 12:32:32,522 - PoinTr - INFO - [Epoch 60/200][Batch 1/655] BatchTime = 1.453 (s) DataTime = 0.111 (s) Losses = ['274.9647', '52.9920'] lr = 0.0002283
2025-07-09 12:34:29,447 - PoinTr - INFO - [Epoch 60/200][Batch 101/655] BatchTime = 1.130 (s) DataTime = 0.001 (s) Losses = ['250.0938', '46.7898'] lr = 0.0002283
2025-07-09 12:36:23,580 - PoinTr - INFO - [Epoch 60/200][Batch 201/655] BatchTime = 1.546 (s) DataTime = 0.001 (s) Losses = ['265.1347', '52.2854'] lr = 0.0002283
2025-07-09 12:38:25,757 - PoinTr - INFO - [Epoch 60/200][Batch 301/655] BatchTime = 1.213 (s) DataTime = 0.002 (s) Losses = ['236.4366', '47.9392'] lr = 0.0002283
2025-07-09 12:40:26,997 - PoinTr - INFO - [Epoch 60/200][Batch 401/655] BatchTime = 1.067 (s) DataTime = 0.001 (s) Losses = ['251.3516', '50.6629'] lr = 0.0002283
2025-07-09 12:42:29,301 - PoinTr - INFO - [Epoch 60/200][Batch 501/655] BatchTime = 1.073 (s) DataTime = 0.001 (s) Losses = ['261.8063', '44.3026'] lr = 0.0002283
2025-07-09 12:44:28,804 - PoinTr - INFO - [Epoch 60/200][Batch 601/655] BatchTime = 1.084 (s) DataTime = 0.001 (s) Losses = ['246.4893', '49.0340'] lr = 0.0002283
2025-07-09 12:45:36,060 - PoinTr - INFO - [Training] EPOCH: 60 EpochTime = 784.991 (s) Losses = ['272.2247', '51.4986']
2025-07-09 12:45:36,060 - PoinTr - INFO - [VALIDATION] Start validating epoch 60
2025-07-09 12:46:14,687 - PoinTr - INFO - Test[1051/10518] Taxonomy = 02691156 Sample = c7749c0a8b61f43bc9b9e28055202e3d Losses = ['128.5293', '733.2051', '51.0183', '221.0703'] Metrics = ['0.2689', '51.0183', '221.0703', '0.0000']
2025-07-09 12:46:51,670 - PoinTr - INFO - Test[2102/10518] Taxonomy = 03211117 Sample = ab2f9418c111cc6ddb965514105122a4 Losses = ['507.0904', '3194.0682', '44.2400', '269.8930'] Metrics = ['0.4252', '44.2400', '269.8930', '0.0000']
2025-07-09 12:47:28,920 - PoinTr - INFO - Test[3153/10518] Taxonomy = 02876657 Sample = c5032e4be091aabb36fe7a88df793982 Losses = ['377.7724', '1368.2202', '93.5072', '314.3319'] Metrics = ['0.1965', '93.5072', '314.3319', '0.0000']
2025-07-09 12:48:08,353 - PoinTr - INFO - Test[4204/10518] Taxonomy = 03211117 Sample = 722df1da5778d45b1e43523279c7f09f Losses = ['474.2478', '2266.6008', '137.1339', '679.1180'] Metrics = ['0.1755', '137.1339', '679.1180', '0.0000']
2025-07-09 12:48:44,957 - PoinTr - INFO - Test[5255/10518] Taxonomy = 02828884 Sample = 14b63361a48a9fffe4a048c146e8bd43 Losses = ['315.4275', '976.2391', '54.1568', '164.4587'] Metrics = ['0.2902', '54.1567', '164.4587', '0.0000']
2025-07-09 12:49:23,149 - PoinTr - INFO - Test[6306/10518] Taxonomy = 03211117 Sample = d330d50a0255529d19ed6e1a590c9122 Losses = ['518.0107', '3111.7315', '112.1314', '795.8061'] Metrics = ['0.3176', '112.1314', '795.8061', '0.0000']
2025-07-09 12:50:00,609 - PoinTr - INFO - Test[7357/10518] Taxonomy = 04379243 Sample = b1ca280d9567270ade98d10ab5975b59 Losses = ['553.5184', '3675.8432', '116.6528', '816.3879'] Metrics = ['0.1786', '116.6528', '816.3879', '0.0000']
2025-07-09 12:50:38,488 - PoinTr - INFO - Test[8408/10518] Taxonomy = 03001627 Sample = 89208a619341d9fdb8c516ed5c4ce32 Losses = ['343.1420', '2258.7180', '46.3971', '177.9856'] Metrics = ['0.1940', '46.3971', '177.9856', '0.0000']
2025-07-09 12:51:16,325 - PoinTr - INFO - Test[9459/10518] Taxonomy = 03001627 Sample = d0255120e3351121c3bd24f986301745 Losses = ['317.8383', '936.6333', '72.3312', '202.6592'] Metrics = ['0.1676', '72.3312', '202.6592', '0.0000']
2025-07-09 12:51:54,245 - PoinTr - INFO - Test[10510/10518] Taxonomy = 03636649 Sample = ea9ec4d9db2e06202471e6dd5ac3ef92 Losses = ['322.6651', '1678.3923', '30.2837', '92.9884'] Metrics = ['0.4947', '30.2837', '92.9884', '0.0000']
2025-07-09 12:51:54,596 - PoinTr - INFO - [Validation] EPOCH: 60  Metrics = ['0.2662', '56.8842', '238.8399', '0.0000']
2025-07-09 12:51:54,596 - PoinTr - INFO - ============================ TEST RESULTS ============================
2025-07-09 12:51:54,596 - PoinTr - INFO - Taxonomy	#Sample	F-Score	CDL1	CDL2	EMDistance	#ModelName	
2025-07-09 12:51:54,596 - PoinTr - INFO - 03759954	14	0.357 	44.142 	128.674 	0.000 	microphone	
2025-07-09 12:51:54,596 - PoinTr - INFO - 04330267	44	0.223 	54.883 	173.928 	0.000 	stove	
2025-07-09 12:51:54,596 - PoinTr - INFO - 03261776	15	0.234 	52.804 	178.322 	0.000 	earphone	
2025-07-09 12:51:54,596 - PoinTr - INFO - 03513137	33	0.180 	86.220 	416.116 	0.000 	helmet	
2025-07-09 12:51:54,596 - PoinTr - INFO - 04460130	27	0.264 	54.643 	210.963 	0.000 	tower	
2025-07-09 12:51:54,596 - PoinTr - INFO - 04468005	78	0.247 	53.651 	225.992 	0.000 	train	
2025-07-09 12:51:54,596 - PoinTr - INFO - 03761084	31	0.214 	55.512 	176.103 	0.000 	microwaves	
2025-07-09 12:51:54,596 - PoinTr - INFO - 04004475	34	0.201 	67.230 	251.044 	0.000 	printer	
2025-07-09 12:51:54,596 - PoinTr - INFO - 03938244	20	0.259 	54.991 	197.874 	0.000 	pillow	
2025-07-09 12:51:54,596 - PoinTr - INFO - 02992529	167	0.308 	52.741 	242.917 	0.000 	cellphone	
2025-07-09 12:51:54,596 - PoinTr - INFO - 02808440	172	0.224 	57.748 	226.307 	0.000 	bathtub	
2025-07-09 12:51:54,596 - PoinTr - INFO - 04530566	388	0.290 	50.340 	207.880 	0.000 	watercraft	
2025-07-09 12:51:54,596 - PoinTr - INFO - 02871439	91	0.191 	58.158 	197.258 	0.000 	bookshelf	
2025-07-09 12:51:54,596 - PoinTr - INFO - 03593526	120	0.204 	78.345 	395.437 	0.000 	jar	
2025-07-09 12:51:54,596 - PoinTr - INFO - 04554684	34	0.225 	57.313 	180.073 	0.000 	washer	
2025-07-09 12:51:54,596 - PoinTr - INFO - 03467517	160	0.602 	32.624 	131.803 	0.000 	guitar	
2025-07-09 12:51:54,596 - PoinTr - INFO - 04401088	218	0.315 	53.812 	261.435 	0.000 	telephone	
2025-07-09 12:51:54,596 - PoinTr - INFO - 02954340	12	0.246 	61.855 	252.602 	0.000 	cap	
2025-07-09 12:51:54,596 - PoinTr - INFO - 02933112	315	0.198 	53.682 	185.655 	0.000 	cabinet	
2025-07-09 12:51:54,596 - PoinTr - INFO - 03642806	92	0.311 	40.129 	156.470 	0.000 	laptop	
2025-07-09 12:51:54,596 - PoinTr - INFO - 02924116	188	0.252 	53.625 	226.282 	0.000 	bus	
2025-07-09 12:51:54,596 - PoinTr - INFO - 02946921	22	0.239 	62.759 	283.937 	0.000 	can	
2025-07-09 12:51:54,596 - PoinTr - INFO - 02818832	47	0.183 	52.462 	135.365 	0.000 	bed	
2025-07-09 12:51:54,596 - PoinTr - INFO - 04256520	635	0.201 	55.261 	210.040 	0.000 	sofa	
2025-07-09 12:51:54,596 - PoinTr - INFO - 04379243	1687	0.289 	51.597 	212.482 	0.000 	table	
2025-07-09 12:51:54,596 - PoinTr - INFO - 02747177	69	0.171 	67.064 	280.903 	0.000 	trash bin	
2025-07-09 12:51:54,596 - PoinTr - INFO - 03046257	131	0.231 	72.939 	416.547 	0.000 	clock	
2025-07-09 12:51:54,596 - PoinTr - INFO - 04225987	31	0.386 	49.318 	252.198 	0.000 	skateboard	
2025-07-09 12:51:54,596 - PoinTr - INFO - 03797390	43	0.168 	79.180 	365.776 	0.000 	mug	
2025-07-09 12:51:54,596 - PoinTr - INFO - 03001627	1356	0.232 	53.439 	197.418 	0.000 	chair	
2025-07-09 12:51:54,596 - PoinTr - INFO - 03691459	320	0.218 	61.341 	235.921 	0.000 	loudspeaker	
2025-07-09 12:51:54,596 - PoinTr - INFO - 02942699	23	0.176 	64.962 	231.084 	0.000 	camera	
2025-07-09 12:51:54,596 - PoinTr - INFO - 03636649	464	0.305 	57.388 	233.549 	0.000 	lamp	
2025-07-09 12:51:54,596 - PoinTr - INFO - 02691156	809	0.367 	64.343 	411.690 	0.000 	airplane	
2025-07-09 12:51:54,596 - PoinTr - INFO - 02773838	17	0.253 	44.017 	135.762 	0.000 	bag	
2025-07-09 12:51:54,596 - PoinTr - INFO - 02958343	703	0.178 	58.691 	253.826 	0.000 	car	
2025-07-09 12:51:54,596 - PoinTr - INFO - 02880940	38	0.213 	78.491 	462.705 	0.000 	bowl	
2025-07-09 12:51:54,597 - PoinTr - INFO - 04099429	17	0.444 	37.336 	135.425 	0.000 	rocket	
2025-07-09 12:51:54,597 - PoinTr - INFO - 02828884	363	0.282 	51.472 	221.005 	0.000 	bench	
2025-07-09 12:51:54,597 - PoinTr - INFO - 04090263	475	0.496 	37.225 	157.647 	0.000 	rifle	
2025-07-09 12:51:54,597 - PoinTr - INFO - 03211117	219	0.253 	58.690 	258.123 	0.000 	display	
2025-07-09 12:51:54,597 - PoinTr - INFO - 02876657	100	0.282 	54.507 	238.544 	0.000 	bottle	
2025-07-09 12:51:54,597 - PoinTr - INFO - 03710193	19	0.318 	52.312 	220.938 	0.000 	mailbox	
2025-07-09 12:51:54,597 - PoinTr - INFO - 03790512	68	0.178 	52.991 	212.187 	0.000 	motorbike	
2025-07-09 12:51:54,597 - PoinTr - INFO - 03325088	149	0.280 	60.585 	258.365 	0.000 	faucet	
2025-07-09 12:51:54,597 - PoinTr - INFO - 02801938	23	0.209 	61.770 	270.927 	0.000 	basket	
2025-07-09 12:51:54,597 - PoinTr - INFO - 03337140	60	0.201 	53.437 	178.651 	0.000 	file cabinet	
2025-07-09 12:51:54,597 - PoinTr - INFO - 02843684	15	0.190 	60.735 	189.540 	0.000 	birdhouse	
2025-07-09 12:51:54,597 - PoinTr - INFO - 03624134	85	0.563 	38.480 	173.238 	0.000 	knife	
2025-07-09 12:51:54,597 - PoinTr - INFO - 03991062	121	0.174 	76.880 	383.851 	0.000 	flowerpot	
2025-07-09 12:51:54,597 - PoinTr - INFO - 03948459	62	0.323 	42.585 	153.429 	0.000 	pistol	
2025-07-09 12:51:54,597 - PoinTr - INFO - 03928116	48	0.212 	60.568 	246.664 	0.000 	piano	
2025-07-09 12:51:54,597 - PoinTr - INFO - 03207941	19	0.224 	49.025 	160.233 	0.000 	dishwasher	
2025-07-09 12:51:54,597 - PoinTr - INFO - 04074963	14	0.308 	72.567 	391.855 	0.000 	remote	
2025-07-09 12:51:54,597 - PoinTr - INFO - 03085013	13	0.348 	59.766 	343.236 	0.000 	keyboard	
2025-07-09 12:51:54,597 - PoinTr - INFO - Overall		0.266 	56.884 	238.840 	0.000 	
2025-07-09 12:51:55,087 - PoinTr - INFO - Save checkpoint at ./experiments/PoinTr/ShapeNet55_models/PoinTr_fog/ckpt-last.pth
2025-07-09 12:51:56,459 - PoinTr - INFO - [Epoch 61/200][Batch 1/655] BatchTime = 1.371 (s) DataTime = 0.114 (s) Losses = ['261.8575', '49.2978'] lr = 0.0002253
2025-07-09 12:53:58,428 - PoinTr - INFO - [Epoch 61/200][Batch 101/655] BatchTime = 1.327 (s) DataTime = 0.001 (s) Losses = ['268.5596', '48.1837'] lr = 0.0002253
2025-07-09 12:56:04,915 - PoinTr - INFO - [Epoch 61/200][Batch 201/655] BatchTime = 1.465 (s) DataTime = 0.001 (s) Losses = ['274.7009', '49.1980'] lr = 0.0002253
2025-07-09 12:58:04,872 - PoinTr - INFO - [Epoch 61/200][Batch 301/655] BatchTime = 0.859 (s) DataTime = 0.001 (s) Losses = ['283.2890', '61.5868'] lr = 0.0002253
2025-07-09 13:00:02,869 - PoinTr - INFO - [Epoch 61/200][Batch 401/655] BatchTime = 1.091 (s) DataTime = 0.001 (s) Losses = ['294.1903', '60.2349'] lr = 0.0002253
2025-07-09 13:02:03,533 - PoinTr - INFO - [Epoch 61/200][Batch 501/655] BatchTime = 1.307 (s) DataTime = 0.001 (s) Losses = ['268.1609', '49.0243'] lr = 0.0002253
2025-07-09 13:03:59,022 - PoinTr - INFO - [Epoch 61/200][Batch 601/655] BatchTime = 1.263 (s) DataTime = 0.001 (s) Losses = ['273.5230', '51.7865'] lr = 0.0002253
2025-07-09 13:05:04,489 - PoinTr - INFO - [Training] EPOCH: 61 EpochTime = 789.401 (s) Losses = ['272.0224', '51.5156']
2025-07-09 13:05:04,968 - PoinTr - INFO - Save checkpoint at ./experiments/PoinTr/ShapeNet55_models/PoinTr_fog/ckpt-last.pth
2025-07-09 13:05:06,092 - PoinTr - INFO - [Epoch 62/200][Batch 1/655] BatchTime = 1.123 (s) DataTime = 0.111 (s) Losses = ['275.0645', '52.2090'] lr = 0.0002224
2025-07-09 13:07:09,039 - PoinTr - INFO - [Epoch 62/200][Batch 101/655] BatchTime = 1.628 (s) DataTime = 0.001 (s) Losses = ['256.7165', '45.7897'] lr = 0.0002224
2025-07-09 13:09:05,119 - PoinTr - INFO - [Epoch 62/200][Batch 201/655] BatchTime = 1.481 (s) DataTime = 0.001 (s) Losses = ['268.1018', '45.6386'] lr = 0.0002224
2025-07-09 13:11:03,483 - PoinTr - INFO - [Epoch 62/200][Batch 301/655] BatchTime = 1.119 (s) DataTime = 0.001 (s) Losses = ['293.4267', '54.7991'] lr = 0.0002224
2025-07-09 13:13:02,749 - PoinTr - INFO - [Epoch 62/200][Batch 401/655] BatchTime = 0.859 (s) DataTime = 0.001 (s) Losses = ['247.7377', '47.5183'] lr = 0.0002224
2025-07-09 13:14:58,882 - PoinTr - INFO - [Epoch 62/200][Batch 501/655] BatchTime = 1.494 (s) DataTime = 0.001 (s) Losses = ['297.9821', '53.1765'] lr = 0.0002224
2025-07-09 13:17:03,013 - PoinTr - INFO - [Epoch 62/200][Batch 601/655] BatchTime = 1.229 (s) DataTime = 0.001 (s) Losses = ['278.2278', '51.4743'] lr = 0.0002224
2025-07-09 13:18:05,941 - PoinTr - INFO - [Training] EPOCH: 62 EpochTime = 780.972 (s) Losses = ['272.7371', '51.4696']
2025-07-09 13:18:06,423 - PoinTr - INFO - Save checkpoint at ./experiments/PoinTr/ShapeNet55_models/PoinTr_fog/ckpt-last.pth
2025-07-09 13:18:07,799 - PoinTr - INFO - [Epoch 63/200][Batch 1/655] BatchTime = 1.375 (s) DataTime = 0.112 (s) Losses = ['297.1747', '56.0644'] lr = 0.0002195
2025-07-09 13:20:08,149 - PoinTr - INFO - [Epoch 63/200][Batch 101/655] BatchTime = 1.170 (s) DataTime = 0.001 (s) Losses = ['250.1766', '46.8848'] lr = 0.0002195
2025-07-09 13:22:08,691 - PoinTr - INFO - [Epoch 63/200][Batch 201/655] BatchTime = 0.861 (s) DataTime = 0.001 (s) Losses = ['278.4182', '54.1157'] lr = 0.0002195
2025-07-09 13:24:11,225 - PoinTr - INFO - [Epoch 63/200][Batch 301/655] BatchTime = 1.346 (s) DataTime = 0.003 (s) Losses = ['265.7155', '50.1594'] lr = 0.0002195
2025-07-09 13:26:07,995 - PoinTr - INFO - [Epoch 63/200][Batch 401/655] BatchTime = 1.162 (s) DataTime = 0.001 (s) Losses = ['296.5575', '58.6161'] lr = 0.0002195
2025-07-09 13:28:11,044 - PoinTr - INFO - [Epoch 63/200][Batch 501/655] BatchTime = 1.125 (s) DataTime = 0.001 (s) Losses = ['261.0029', '49.1586'] lr = 0.0002195
2025-07-09 13:30:11,225 - PoinTr - INFO - [Epoch 63/200][Batch 601/655] BatchTime = 1.299 (s) DataTime = 0.001 (s) Losses = ['260.0609', '42.8940'] lr = 0.0002195
2025-07-09 13:31:18,703 - PoinTr - INFO - [Training] EPOCH: 63 EpochTime = 792.279 (s) Losses = ['270.9519', '51.0880']
2025-07-09 13:31:19,201 - PoinTr - INFO - Save checkpoint at ./experiments/PoinTr/ShapeNet55_models/PoinTr_fog/ckpt-last.pth
2025-07-09 13:31:20,523 - PoinTr - INFO - [Epoch 64/200][Batch 1/655] BatchTime = 1.322 (s) DataTime = 0.111 (s) Losses = ['283.3865', '59.9210'] lr = 0.0002166
2025-07-09 13:33:19,222 - PoinTr - INFO - [Epoch 64/200][Batch 101/655] BatchTime = 1.190 (s) DataTime = 0.001 (s) Losses = ['259.2510', '45.5947'] lr = 0.0002166
2025-07-09 13:35:18,393 - PoinTr - INFO - [Epoch 64/200][Batch 201/655] BatchTime = 1.201 (s) DataTime = 0.001 (s) Losses = ['308.2131', '56.8105'] lr = 0.0002166
2025-07-09 13:37:21,549 - PoinTr - INFO - [Epoch 64/200][Batch 301/655] BatchTime = 1.388 (s) DataTime = 0.001 (s) Losses = ['306.5717', '59.9815'] lr = 0.0002166
2025-07-09 13:39:24,499 - PoinTr - INFO - [Epoch 64/200][Batch 401/655] BatchTime = 1.689 (s) DataTime = 0.001 (s) Losses = ['258.5474', '49.0717'] lr = 0.0002166
2025-07-09 13:41:21,258 - PoinTr - INFO - [Epoch 64/200][Batch 501/655] BatchTime = 1.096 (s) DataTime = 0.001 (s) Losses = ['298.1233', '59.5244'] lr = 0.0002166
2025-07-09 13:43:24,156 - PoinTr - INFO - [Epoch 64/200][Batch 601/655] BatchTime = 1.336 (s) DataTime = 0.001 (s) Losses = ['244.9578', '42.3258'] lr = 0.0002166
2025-07-09 13:44:30,237 - PoinTr - INFO - [Training] EPOCH: 64 EpochTime = 791.036 (s) Losses = ['272.3978', '51.5420']
2025-07-09 13:44:30,688 - PoinTr - INFO - Save checkpoint at ./experiments/PoinTr/ShapeNet55_models/PoinTr_fog/ckpt-last.pth
2025-07-09 13:44:31,864 - PoinTr - INFO - [Epoch 65/200][Batch 1/655] BatchTime = 1.175 (s) DataTime = 0.108 (s) Losses = ['271.5222', '50.8918'] lr = 0.0002138
2025-07-09 13:46:31,810 - PoinTr - INFO - [Epoch 65/200][Batch 101/655] BatchTime = 1.228 (s) DataTime = 0.001 (s) Losses = ['275.3703', '49.2951'] lr = 0.0002138
2025-07-09 13:48:36,964 - PoinTr - INFO - [Epoch 65/200][Batch 201/655] BatchTime = 1.174 (s) DataTime = 0.001 (s) Losses = ['301.5743', '57.5382'] lr = 0.0002138
2025-07-09 13:50:33,654 - PoinTr - INFO - [Epoch 65/200][Batch 301/655] BatchTime = 1.081 (s) DataTime = 0.001 (s) Losses = ['262.7005', '57.3049'] lr = 0.0002138
2025-07-09 13:52:36,480 - PoinTr - INFO - [Epoch 65/200][Batch 401/655] BatchTime = 1.392 (s) DataTime = 0.001 (s) Losses = ['254.4080', '48.5834'] lr = 0.0002138
2025-07-09 13:54:37,167 - PoinTr - INFO - [Epoch 65/200][Batch 501/655] BatchTime = 1.344 (s) DataTime = 0.002 (s) Losses = ['296.6299', '55.1701'] lr = 0.0002138
2025-07-09 13:56:41,272 - PoinTr - INFO - [Epoch 65/200][Batch 601/655] BatchTime = 1.084 (s) DataTime = 0.001 (s) Losses = ['265.6864', '48.9509'] lr = 0.0002138
2025-07-09 13:57:47,393 - PoinTr - INFO - [Training] EPOCH: 65 EpochTime = 796.705 (s) Losses = ['273.1989', '51.6291']
2025-07-09 13:57:47,394 - PoinTr - INFO - [VALIDATION] Start validating epoch 65
2025-07-09 13:58:27,932 - PoinTr - INFO - Test[1051/10518] Taxonomy = 02691156 Sample = c7749c0a8b61f43bc9b9e28055202e3d Losses = ['444.9196', '2568.2666', '70.9690', '319.3459'] Metrics = ['0.2795', '70.9690', '319.3459', '0.0000']
2025-07-09 13:59:05,726 - PoinTr - INFO - Test[2102/10518] Taxonomy = 03211117 Sample = ab2f9418c111cc6ddb965514105122a4 Losses = ['358.8102', '1619.1164', '38.5932', '146.0406'] Metrics = ['0.3893', '38.5932', '146.0406', '0.0000']
2025-07-09 13:59:42,229 - PoinTr - INFO - Test[3153/10518] Taxonomy = 02876657 Sample = c5032e4be091aabb36fe7a88df793982 Losses = ['255.2473', '928.9016', '45.4683', '56.0888'] Metrics = ['0.2395', '45.4683', '56.0888', '0.0000']
2025-07-09 14:00:19,753 - PoinTr - INFO - Test[4204/10518] Taxonomy = 03211117 Sample = 722df1da5778d45b1e43523279c7f09f Losses = ['288.8663', '1784.4030', '44.8879', '98.8511'] Metrics = ['0.2312', '44.8879', '98.8511', '0.0000']
2025-07-09 14:00:59,523 - PoinTr - INFO - Test[5255/10518] Taxonomy = 02828884 Sample = 14b63361a48a9fffe4a048c146e8bd43 Losses = ['390.3866', '1826.2782', '44.2881', '69.5176'] Metrics = ['0.3084', '44.2881', '69.5176', '0.0000']
2025-07-09 14:01:35,634 - PoinTr - INFO - Test[6306/10518] Taxonomy = 03211117 Sample = d330d50a0255529d19ed6e1a590c9122 Losses = ['56.1388', '81.3663', '17.9191', '3.5050'] Metrics = ['0.3086', '17.9191', '3.5050', '0.0000']
2025-07-09 14:02:11,857 - PoinTr - INFO - Test[7357/10518] Taxonomy = 04379243 Sample = b1ca280d9567270ade98d10ab5975b59 Losses = ['566.6522', '4523.6621', '238.5062', '2519.7904'] Metrics = ['0.2071', '238.5062', '2519.7905', '0.0000']
2025-07-09 14:02:50,882 - PoinTr - INFO - Test[8408/10518] Taxonomy = 03001627 Sample = 89208a619341d9fdb8c516ed5c4ce32 Losses = ['205.6247', '807.7789', '34.6133', '55.7273'] Metrics = ['0.2264', '34.6133', '55.7273', '0.0000']
2025-07-09 14:03:28,451 - PoinTr - INFO - Test[9459/10518] Taxonomy = 03001627 Sample = d0255120e3351121c3bd24f986301745 Losses = ['48.3657', '8.8586', '33.4632', '4.7889'] Metrics = ['0.2117', '33.4632', '4.7889', '0.0000']
2025-07-09 14:04:05,245 - PoinTr - INFO - Test[10510/10518] Taxonomy = 03636649 Sample = ea9ec4d9db2e06202471e6dd5ac3ef92 Losses = ['198.2894', '897.4429', '28.7530', '44.5665'] Metrics = ['0.3870', '28.7530', '44.5665', '0.0000']
2025-07-09 14:04:05,584 - PoinTr - INFO - [Validation] EPOCH: 65  Metrics = ['0.2489', '61.3266', '250.6858', '0.0000']
2025-07-09 14:04:05,584 - PoinTr - INFO - ============================ TEST RESULTS ============================
2025-07-09 14:04:05,584 - PoinTr - INFO - Taxonomy	#Sample	F-Score	CDL1	CDL2	EMDistance	#ModelName	
2025-07-09 14:04:05,584 - PoinTr - INFO - 03759954	14	0.328 	47.008 	116.576 	0.000 	microphone	
2025-07-09 14:04:05,584 - PoinTr - INFO - 04330267	44	0.212 	57.273 	181.606 	0.000 	stove	
2025-07-09 14:04:05,584 - PoinTr - INFO - 03261776	15	0.208 	84.281 	456.045 	0.000 	earphone	
2025-07-09 14:04:05,584 - PoinTr - INFO - 03513137	33	0.167 	94.413 	495.553 	0.000 	helmet	
2025-07-09 14:04:05,584 - PoinTr - INFO - 04460130	27	0.271 	49.711 	159.090 	0.000 	tower	
2025-07-09 14:04:05,584 - PoinTr - INFO - 04468005	78	0.219 	54.965 	215.523 	0.000 	train	
2025-07-09 14:04:05,584 - PoinTr - INFO - 03761084	31	0.210 	54.357 	162.964 	0.000 	microwaves	
2025-07-09 14:04:05,584 - PoinTr - INFO - 04004475	34	0.197 	68.965 	256.787 	0.000 	printer	
2025-07-09 14:04:05,584 - PoinTr - INFO - 03938244	20	0.245 	66.061 	258.532 	0.000 	pillow	
2025-07-09 14:04:05,584 - PoinTr - INFO - 02992529	167	0.290 	46.939 	196.077 	0.000 	cellphone	
2025-07-09 14:04:05,584 - PoinTr - INFO - 02808440	172	0.206 	64.273 	240.469 	0.000 	bathtub	
2025-07-09 14:04:05,585 - PoinTr - INFO - 04530566	388	0.263 	53.246 	191.723 	0.000 	watercraft	
2025-07-09 14:04:05,585 - PoinTr - INFO - 02871439	91	0.174 	60.629 	216.402 	0.000 	bookshelf	
2025-07-09 14:04:05,585 - PoinTr - INFO - 03593526	120	0.206 	73.291 	318.880 	0.000 	jar	
2025-07-09 14:04:05,585 - PoinTr - INFO - 04554684	34	0.209 	62.145 	187.292 	0.000 	washer	
2025-07-09 14:04:05,585 - PoinTr - INFO - 03467517	160	0.496 	35.684 	130.730 	0.000 	guitar	
2025-07-09 14:04:05,585 - PoinTr - INFO - 04401088	218	0.288 	51.543 	238.918 	0.000 	telephone	
2025-07-09 14:04:05,585 - PoinTr - INFO - 02954340	12	0.232 	68.562 	277.942 	0.000 	cap	
2025-07-09 14:04:05,585 - PoinTr - INFO - 02933112	315	0.191 	53.761 	178.732 	0.000 	cabinet	
2025-07-09 14:04:05,585 - PoinTr - INFO - 03642806	92	0.293 	45.834 	189.328 	0.000 	laptop	
2025-07-09 14:04:05,585 - PoinTr - INFO - 02924116	188	0.235 	54.467 	209.053 	0.000 	bus	
2025-07-09 14:04:05,585 - PoinTr - INFO - 02946921	22	0.228 	83.884 	469.540 	0.000 	can	
2025-07-09 14:04:05,585 - PoinTr - INFO - 02818832	47	0.171 	61.967 	181.532 	0.000 	bed	
2025-07-09 14:04:05,585 - PoinTr - INFO - 04256520	635	0.188 	60.683 	216.899 	0.000 	sofa	
2025-07-09 14:04:05,585 - PoinTr - INFO - 04379243	1687	0.260 	53.982 	199.247 	0.000 	table	
2025-07-09 14:04:05,585 - PoinTr - INFO - 02747177	69	0.172 	68.966 	298.098 	0.000 	trash bin	
2025-07-09 14:04:05,585 - PoinTr - INFO - 03046257	131	0.228 	72.379 	378.632 	0.000 	clock	
2025-07-09 14:04:05,585 - PoinTr - INFO - 04225987	31	0.336 	61.409 	311.506 	0.000 	skateboard	
2025-07-09 14:04:05,585 - PoinTr - INFO - 03797390	43	0.169 	70.773 	266.590 	0.000 	mug	
2025-07-09 14:04:05,585 - PoinTr - INFO - 03001627	1356	0.219 	57.673 	204.325 	0.000 	chair	
2025-07-09 14:04:05,585 - PoinTr - INFO - 03691459	320	0.210 	61.333 	214.288 	0.000 	loudspeaker	
2025-07-09 14:04:05,585 - PoinTr - INFO - 02942699	23	0.150 	85.713 	342.593 	0.000 	camera	
2025-07-09 14:04:05,585 - PoinTr - INFO - 03636649	464	0.290 	59.961 	222.511 	0.000 	lamp	
2025-07-09 14:04:05,585 - PoinTr - INFO - 02691156	809	0.317 	68.612 	423.022 	0.000 	airplane	
2025-07-09 14:04:05,585 - PoinTr - INFO - 02773838	17	0.226 	74.422 	336.530 	0.000 	bag	
2025-07-09 14:04:05,585 - PoinTr - INFO - 02958343	703	0.173 	60.478 	245.331 	0.000 	car	
2025-07-09 14:04:05,585 - PoinTr - INFO - 02880940	38	0.199 	83.589 	459.791 	0.000 	bowl	
2025-07-09 14:04:05,585 - PoinTr - INFO - 04099429	17	0.358 	60.436 	248.059 	0.000 	rocket	
2025-07-09 14:04:05,585 - PoinTr - INFO - 02828884	363	0.252 	53.903 	210.256 	0.000 	bench	
2025-07-09 14:04:05,585 - PoinTr - INFO - 04090263	475	0.449 	44.584 	177.851 	0.000 	rifle	
2025-07-09 14:04:05,585 - PoinTr - INFO - 03211117	219	0.240 	53.867 	209.374 	0.000 	display	
2025-07-09 14:04:05,585 - PoinTr - INFO - 02876657	100	0.293 	50.131 	177.525 	0.000 	bottle	
2025-07-09 14:04:05,585 - PoinTr - INFO - 03710193	19	0.305 	49.318 	140.975 	0.000 	mailbox	
2025-07-09 14:04:05,585 - PoinTr - INFO - 03790512	68	0.173 	62.213 	262.700 	0.000 	motorbike	
2025-07-09 14:04:05,585 - PoinTr - INFO - 03325088	149	0.271 	59.461 	219.397 	0.000 	faucet	
2025-07-09 14:04:05,585 - PoinTr - INFO - 02801938	23	0.207 	58.577 	220.602 	0.000 	basket	
2025-07-09 14:04:05,585 - PoinTr - INFO - 03337140	60	0.187 	58.861 	201.963 	0.000 	file cabinet	
2025-07-09 14:04:05,585 - PoinTr - INFO - 02843684	15	0.179 	72.129 	249.984 	0.000 	birdhouse	
2025-07-09 14:04:05,585 - PoinTr - INFO - 03624134	85	0.598 	40.032 	184.100 	0.000 	knife	
2025-07-09 14:04:05,585 - PoinTr - INFO - 03991062	121	0.161 	79.409 	357.749 	0.000 	flowerpot	
2025-07-09 14:04:05,585 - PoinTr - INFO - 03948459	62	0.295 	52.474 	198.061 	0.000 	pistol	
2025-07-09 14:04:05,585 - PoinTr - INFO - 03928116	48	0.197 	62.898 	213.874 	0.000 	piano	
2025-07-09 14:04:05,585 - PoinTr - INFO - 03207941	19	0.213 	59.278 	230.217 	0.000 	dishwasher	
2025-07-09 14:04:05,585 - PoinTr - INFO - 04074963	14	0.290 	75.293 	425.955 	0.000 	remote	
2025-07-09 14:04:05,585 - PoinTr - INFO - 03085013	13	0.344 	46.867 	210.423 	0.000 	keyboard	
2025-07-09 14:04:05,585 - PoinTr - INFO - Overall		0.249 	61.327 	250.686 	0.000 	
2025-07-09 14:04:06,076 - PoinTr - INFO - Save checkpoint at ./experiments/PoinTr/ShapeNet55_models/PoinTr_fog/ckpt-last.pth
2025-07-09 14:04:07,736 - PoinTr - INFO - [Epoch 66/200][Batch 1/655] BatchTime = 1.659 (s) DataTime = 0.111 (s) Losses = ['239.1201', '45.7654'] lr = 0.0002110
2025-07-09 14:06:14,803 - PoinTr - INFO - [Epoch 66/200][Batch 101/655] BatchTime = 1.130 (s) DataTime = 0.001 (s) Losses = ['262.2936', '50.2986'] lr = 0.0002110
2025-07-09 14:08:13,190 - PoinTr - INFO - [Epoch 66/200][Batch 201/655] BatchTime = 1.252 (s) DataTime = 0.001 (s) Losses = ['261.5851', '50.3618'] lr = 0.0002110
2025-07-09 14:10:15,604 - PoinTr - INFO - [Epoch 66/200][Batch 301/655] BatchTime = 1.239 (s) DataTime = 0.001 (s) Losses = ['260.8513', '46.7383'] lr = 0.0002110
2025-07-09 14:12:20,664 - PoinTr - INFO - [Epoch 66/200][Batch 401/655] BatchTime = 1.578 (s) DataTime = 0.001 (s) Losses = ['277.3826', '50.4104'] lr = 0.0002110
2025-07-09 14:14:14,726 - PoinTr - INFO - [Epoch 66/200][Batch 501/655] BatchTime = 1.076 (s) DataTime = 0.001 (s) Losses = ['232.5706', '46.0182'] lr = 0.0002110
2025-07-09 14:16:14,816 - PoinTr - INFO - [Epoch 66/200][Batch 601/655] BatchTime = 1.162 (s) DataTime = 0.001 (s) Losses = ['263.6021', '51.0103'] lr = 0.0002110
2025-07-09 14:17:22,093 - PoinTr - INFO - [Training] EPOCH: 66 EpochTime = 796.015 (s) Losses = ['271.1076', '51.1229']
2025-07-09 14:17:22,573 - PoinTr - INFO - Save checkpoint at ./experiments/PoinTr/ShapeNet55_models/PoinTr_fog/ckpt-last.pth
2025-07-09 14:17:23,853 - PoinTr - INFO - [Epoch 67/200][Batch 1/655] BatchTime = 1.279 (s) DataTime = 0.110 (s) Losses = ['242.6737', '49.2016'] lr = 0.0002083
2025-07-09 14:19:24,520 - PoinTr - INFO - [Epoch 67/200][Batch 101/655] BatchTime = 1.002 (s) DataTime = 0.001 (s) Losses = ['237.6120', '43.9266'] lr = 0.0002083
2025-07-09 14:21:24,462 - PoinTr - INFO - [Epoch 67/200][Batch 201/655] BatchTime = 1.442 (s) DataTime = 0.001 (s) Losses = ['244.2961', '44.3482'] lr = 0.0002083
2025-07-09 14:23:24,392 - PoinTr - INFO - [Epoch 67/200][Batch 301/655] BatchTime = 1.108 (s) DataTime = 0.001 (s) Losses = ['270.0874', '51.0427'] lr = 0.0002083
2025-07-09 14:25:24,089 - PoinTr - INFO - [Epoch 67/200][Batch 401/655] BatchTime = 1.357 (s) DataTime = 0.001 (s) Losses = ['281.3504', '50.5836'] lr = 0.0002083
2025-07-09 14:27:21,730 - PoinTr - INFO - [Epoch 67/200][Batch 501/655] BatchTime = 1.084 (s) DataTime = 0.001 (s) Losses = ['276.2703', '52.7238'] lr = 0.0002083
2025-07-09 14:29:21,329 - PoinTr - INFO - [Epoch 67/200][Batch 601/655] BatchTime = 1.052 (s) DataTime = 0.001 (s) Losses = ['282.1778', '55.3806'] lr = 0.0002083
2025-07-09 14:30:24,352 - PoinTr - INFO - [Training] EPOCH: 67 EpochTime = 781.777 (s) Losses = ['272.7463', '51.3048']
2025-07-09 14:30:24,833 - PoinTr - INFO - Save checkpoint at ./experiments/PoinTr/ShapeNet55_models/PoinTr_fog/ckpt-last.pth
2025-07-09 14:30:26,345 - PoinTr - INFO - [Epoch 68/200][Batch 1/655] BatchTime = 1.511 (s) DataTime = 0.109 (s) Losses = ['241.5348', '46.0093'] lr = 0.0002056
2025-07-09 14:32:30,361 - PoinTr - INFO - [Epoch 68/200][Batch 101/655] BatchTime = 1.107 (s) DataTime = 0.001 (s) Losses = ['269.4882', '51.1763'] lr = 0.0002056
2025-07-09 14:34:34,250 - PoinTr - INFO - [Epoch 68/200][Batch 201/655] BatchTime = 1.514 (s) DataTime = 0.001 (s) Losses = ['266.6877', '45.4132'] lr = 0.0002056
2025-07-09 14:36:31,917 - PoinTr - INFO - [Epoch 68/200][Batch 301/655] BatchTime = 1.779 (s) DataTime = 0.001 (s) Losses = ['313.5151', '60.6746'] lr = 0.0002056
2025-07-09 14:38:27,520 - PoinTr - INFO - [Epoch 68/200][Batch 401/655] BatchTime = 0.804 (s) DataTime = 0.002 (s) Losses = ['295.7259', '54.4105'] lr = 0.0002056
2025-07-09 14:40:30,296 - PoinTr - INFO - [Epoch 68/200][Batch 501/655] BatchTime = 1.805 (s) DataTime = 0.001 (s) Losses = ['242.5993', '43.5689'] lr = 0.0002056
2025-07-09 14:42:36,015 - PoinTr - INFO - [Epoch 68/200][Batch 601/655] BatchTime = 0.803 (s) DataTime = 0.001 (s) Losses = ['315.6208', '64.8570'] lr = 0.0002056
2025-07-09 14:43:40,493 - PoinTr - INFO - [Training] EPOCH: 68 EpochTime = 795.659 (s) Losses = ['272.9640', '51.1830']
2025-07-09 14:43:40,976 - PoinTr - INFO - Save checkpoint at ./experiments/PoinTr/ShapeNet55_models/PoinTr_fog/ckpt-last.pth
2025-07-09 14:43:42,530 - PoinTr - INFO - [Epoch 69/200][Batch 1/655] BatchTime = 1.553 (s) DataTime = 0.109 (s) Losses = ['284.3475', '52.4221'] lr = 0.0002029
2025-07-09 14:45:41,809 - PoinTr - INFO - [Epoch 69/200][Batch 101/655] BatchTime = 1.106 (s) DataTime = 0.001 (s) Losses = ['280.3193', '53.1158'] lr = 0.0002029
2025-07-09 14:47:36,405 - PoinTr - INFO - [Epoch 69/200][Batch 201/655] BatchTime = 0.958 (s) DataTime = 0.001 (s) Losses = ['254.2508', '46.7311'] lr = 0.0002029
2025-07-09 14:49:32,586 - PoinTr - INFO - [Epoch 69/200][Batch 301/655] BatchTime = 1.041 (s) DataTime = 0.001 (s) Losses = ['275.5153', '51.0967'] lr = 0.0002029
2025-07-09 14:51:30,573 - PoinTr - INFO - [Epoch 69/200][Batch 401/655] BatchTime = 1.215 (s) DataTime = 0.001 (s) Losses = ['282.4009', '54.1323'] lr = 0.0002029
2025-07-09 14:53:29,874 - PoinTr - INFO - [Epoch 69/200][Batch 501/655] BatchTime = 1.145 (s) DataTime = 0.001 (s) Losses = ['259.8029', '48.4822'] lr = 0.0002029
2025-07-09 14:55:37,213 - PoinTr - INFO - [Epoch 69/200][Batch 601/655] BatchTime = 1.637 (s) DataTime = 0.001 (s) Losses = ['285.1745', '51.0502'] lr = 0.0002029
2025-07-09 14:56:44,517 - PoinTr - INFO - [Training] EPOCH: 69 EpochTime = 783.540 (s) Losses = ['271.6840', '51.1503']
2025-07-09 14:56:45,009 - PoinTr - INFO - Save checkpoint at ./experiments/PoinTr/ShapeNet55_models/PoinTr_fog/ckpt-last.pth
2025-07-09 14:56:46,306 - PoinTr - INFO - [Epoch 70/200][Batch 1/655] BatchTime = 1.296 (s) DataTime = 0.108 (s) Losses = ['251.8664', '47.4807'] lr = 0.0002003
2025-07-09 14:58:48,905 - PoinTr - INFO - [Epoch 70/200][Batch 101/655] BatchTime = 1.392 (s) DataTime = 0.001 (s) Losses = ['245.1972', '46.7445'] lr = 0.0002003
2025-07-09 15:00:49,386 - PoinTr - INFO - [Epoch 70/200][Batch 201/655] BatchTime = 1.292 (s) DataTime = 0.001 (s) Losses = ['296.3437', '57.0551'] lr = 0.0002003
2025-07-09 15:02:52,260 - PoinTr - INFO - [Epoch 70/200][Batch 301/655] BatchTime = 1.014 (s) DataTime = 0.001 (s) Losses = ['312.7124', '62.5800'] lr = 0.0002003
2025-07-09 15:04:48,599 - PoinTr - INFO - [Epoch 70/200][Batch 401/655] BatchTime = 1.343 (s) DataTime = 0.001 (s) Losses = ['288.1266', '54.1295'] lr = 0.0002003
2025-07-09 15:06:48,925 - PoinTr - INFO - [Epoch 70/200][Batch 501/655] BatchTime = 0.806 (s) DataTime = 0.001 (s) Losses = ['269.2437', '49.2263'] lr = 0.0002003
2025-07-09 15:08:41,653 - PoinTr - INFO - [Epoch 70/200][Batch 601/655] BatchTime = 0.696 (s) DataTime = 0.001 (s) Losses = ['265.1894', '53.2200'] lr = 0.0002003
2025-07-09 15:09:45,381 - PoinTr - INFO - [Training] EPOCH: 70 EpochTime = 780.370 (s) Losses = ['271.1853', '50.7921']
2025-07-09 15:09:45,381 - PoinTr - INFO - [VALIDATION] Start validating epoch 70
2025-07-09 15:10:25,764 - PoinTr - INFO - Test[1051/10518] Taxonomy = 02691156 Sample = c7749c0a8b61f43bc9b9e28055202e3d Losses = ['285.1625', '1748.2994', '71.3561', '286.2279'] Metrics = ['0.2510', '71.3561', '286.2278', '0.0000']
2025-07-09 15:11:03,412 - PoinTr - INFO - Test[2102/10518] Taxonomy = 03211117 Sample = ab2f9418c111cc6ddb965514105122a4 Losses = ['274.6003', '1252.1566', '61.6857', '116.9685'] Metrics = ['0.2486', '61.6857', '116.9685', '0.0000']
2025-07-09 15:11:40,911 - PoinTr - INFO - Test[3153/10518] Taxonomy = 02876657 Sample = c5032e4be091aabb36fe7a88df793982 Losses = ['311.8718', '1611.0231', '51.8501', '70.0870'] Metrics = ['0.2270', '51.8501', '70.0870', '0.0000']
2025-07-09 15:12:18,866 - PoinTr - INFO - Test[4204/10518] Taxonomy = 03211117 Sample = 722df1da5778d45b1e43523279c7f09f Losses = ['390.8398', '1700.0327', '70.8605', '126.0366'] Metrics = ['0.2215', '70.8605', '126.0366', '0.0000']
2025-07-09 15:12:57,006 - PoinTr - INFO - Test[5255/10518] Taxonomy = 02828884 Sample = 14b63361a48a9fffe4a048c146e8bd43 Losses = ['270.8857', '1011.1867', '58.0010', '91.0060'] Metrics = ['0.2355', '58.0010', '91.0060', '0.0000']
2025-07-09 15:13:32,222 - PoinTr - INFO - Test[6306/10518] Taxonomy = 03211117 Sample = d330d50a0255529d19ed6e1a590c9122 Losses = ['322.5096', '1448.6271', '40.9070', '98.8174'] Metrics = ['0.2987', '40.9070', '98.8174', '0.0000']
2025-07-09 15:14:08,447 - PoinTr - INFO - Test[7357/10518] Taxonomy = 04379243 Sample = b1ca280d9567270ade98d10ab5975b59 Losses = ['817.3752', '7832.3569', '172.8706', '1740.7068'] Metrics = ['0.1435', '172.8706', '1740.7068', '0.0000']
2025-07-09 15:14:46,501 - PoinTr - INFO - Test[8408/10518] Taxonomy = 03001627 Sample = 89208a619341d9fdb8c516ed5c4ce32 Losses = ['399.3920', '1814.0197', '77.4660', '262.8665'] Metrics = ['0.1428', '77.4660', '262.8665', '0.0000']
2025-07-09 15:15:22,892 - PoinTr - INFO - Test[9459/10518] Taxonomy = 03001627 Sample = d0255120e3351121c3bd24f986301745 Losses = ['79.8296', '103.4241', '37.3048', '9.9271'] Metrics = ['0.1886', '37.3048', '9.9271', '0.0000']
2025-07-09 15:16:00,736 - PoinTr - INFO - Test[10510/10518] Taxonomy = 03636649 Sample = ea9ec4d9db2e06202471e6dd5ac3ef92 Losses = ['476.3164', '2214.6862', '93.7059', '429.5327'] Metrics = ['0.4023', '93.7059', '429.5327', '0.0000']
2025-07-09 15:16:01,135 - PoinTr - INFO - [Validation] EPOCH: 70  Metrics = ['0.2361', '67.7692', '254.1563', '0.0000']
2025-07-09 15:16:01,135 - PoinTr - INFO - ============================ TEST RESULTS ============================
2025-07-09 15:16:01,135 - PoinTr - INFO - Taxonomy	#Sample	F-Score	CDL1	CDL2	EMDistance	#ModelName	
2025-07-09 15:16:01,135 - PoinTr - INFO - 03759954	14	0.306 	61.749 	141.507 	0.000 	microphone	
2025-07-09 15:16:01,135 - PoinTr - INFO - 04330267	44	0.204 	62.027 	186.488 	0.000 	stove	
2025-07-09 15:16:01,135 - PoinTr - INFO - 03261776	15	0.197 	81.815 	293.184 	0.000 	earphone	
2025-07-09 15:16:01,136 - PoinTr - INFO - 03513137	33	0.174 	94.128 	452.369 	0.000 	helmet	
2025-07-09 15:16:01,136 - PoinTr - INFO - 04460130	27	0.254 	56.170 	141.167 	0.000 	tower	
2025-07-09 15:16:01,136 - PoinTr - INFO - 04468005	78	0.228 	55.431 	213.525 	0.000 	train	
2025-07-09 15:16:01,136 - PoinTr - INFO - 03761084	31	0.210 	72.128 	256.017 	0.000 	microwaves	
2025-07-09 15:16:01,136 - PoinTr - INFO - 04004475	34	0.197 	64.425 	182.615 	0.000 	printer	
2025-07-09 15:16:01,136 - PoinTr - INFO - 03938244	20	0.254 	66.061 	243.622 	0.000 	pillow	
2025-07-09 15:16:01,136 - PoinTr - INFO - 02992529	167	0.259 	66.648 	250.546 	0.000 	cellphone	
2025-07-09 15:16:01,136 - PoinTr - INFO - 02808440	172	0.204 	65.289 	216.149 	0.000 	bathtub	
2025-07-09 15:16:01,136 - PoinTr - INFO - 04530566	388	0.283 	53.233 	198.945 	0.000 	watercraft	
2025-07-09 15:16:01,136 - PoinTr - INFO - 02871439	91	0.166 	72.300 	217.484 	0.000 	bookshelf	
2025-07-09 15:16:01,136 - PoinTr - INFO - 03593526	120	0.192 	82.715 	362.938 	0.000 	jar	
2025-07-09 15:16:01,136 - PoinTr - INFO - 04554684	34	0.205 	61.714 	164.520 	0.000 	washer	
2025-07-09 15:16:01,136 - PoinTr - INFO - 03467517	160	0.408 	52.173 	143.960 	0.000 	guitar	
2025-07-09 15:16:01,136 - PoinTr - INFO - 04401088	218	0.259 	65.509 	240.367 	0.000 	telephone	
2025-07-09 15:16:01,136 - PoinTr - INFO - 02954340	12	0.224 	80.642 	443.733 	0.000 	cap	
2025-07-09 15:16:01,136 - PoinTr - INFO - 02933112	315	0.185 	59.953 	165.685 	0.000 	cabinet	
2025-07-09 15:16:01,136 - PoinTr - INFO - 03642806	92	0.250 	54.087 	178.740 	0.000 	laptop	
2025-07-09 15:16:01,136 - PoinTr - INFO - 02924116	188	0.235 	60.426 	236.905 	0.000 	bus	
2025-07-09 15:16:01,136 - PoinTr - INFO - 02946921	22	0.225 	79.534 	379.997 	0.000 	can	
2025-07-09 15:16:01,136 - PoinTr - INFO - 02818832	47	0.177 	62.544 	164.529 	0.000 	bed	
2025-07-09 15:16:01,136 - PoinTr - INFO - 04256520	635	0.184 	62.735 	210.268 	0.000 	sofa	
2025-07-09 15:16:01,136 - PoinTr - INFO - 04379243	1687	0.253 	60.209 	224.316 	0.000 	table	
2025-07-09 15:16:01,136 - PoinTr - INFO - 02747177	69	0.163 	68.097 	227.334 	0.000 	trash bin	
2025-07-09 15:16:01,136 - PoinTr - INFO - 03046257	131	0.206 	85.793 	413.355 	0.000 	clock	
2025-07-09 15:16:01,136 - PoinTr - INFO - 04225987	31	0.327 	67.179 	304.598 	0.000 	skateboard	
2025-07-09 15:16:01,136 - PoinTr - INFO - 03797390	43	0.166 	73.982 	287.647 	0.000 	mug	
2025-07-09 15:16:01,136 - PoinTr - INFO - 03001627	1356	0.206 	60.705 	194.650 	0.000 	chair	
2025-07-09 15:16:01,136 - PoinTr - INFO - 03691459	320	0.196 	72.122 	248.610 	0.000 	loudspeaker	
2025-07-09 15:16:01,136 - PoinTr - INFO - 02942699	23	0.166 	74.542 	215.701 	0.000 	camera	
2025-07-09 15:16:01,136 - PoinTr - INFO - 03636649	464	0.278 	70.000 	249.965 	0.000 	lamp	
2025-07-09 15:16:01,136 - PoinTr - INFO - 02691156	809	0.293 	68.120 	388.296 	0.000 	airplane	
2025-07-09 15:16:01,136 - PoinTr - INFO - 02773838	17	0.204 	81.696 	281.050 	0.000 	bag	
2025-07-09 15:16:01,136 - PoinTr - INFO - 02958343	703	0.164 	63.509 	277.677 	0.000 	car	
2025-07-09 15:16:01,136 - PoinTr - INFO - 02880940	38	0.192 	97.963 	567.960 	0.000 	bowl	
2025-07-09 15:16:01,136 - PoinTr - INFO - 04099429	17	0.402 	43.134 	138.957 	0.000 	rocket	
2025-07-09 15:16:01,136 - PoinTr - INFO - 02828884	363	0.237 	57.643 	191.522 	0.000 	bench	
2025-07-09 15:16:01,136 - PoinTr - INFO - 04090263	475	0.461 	44.977 	182.068 	0.000 	rifle	
2025-07-09 15:16:01,136 - PoinTr - INFO - 03211117	219	0.215 	68.812 	237.756 	0.000 	display	
2025-07-09 15:16:01,136 - PoinTr - INFO - 02876657	100	0.272 	64.052 	248.538 	0.000 	bottle	
2025-07-09 15:16:01,136 - PoinTr - INFO - 03710193	19	0.283 	58.143 	142.139 	0.000 	mailbox	
2025-07-09 15:16:01,136 - PoinTr - INFO - 03790512	68	0.166 	71.710 	348.324 	0.000 	motorbike	
2025-07-09 15:16:01,136 - PoinTr - INFO - 03325088	149	0.235 	79.844 	298.478 	0.000 	faucet	
2025-07-09 15:16:01,136 - PoinTr - INFO - 02801938	23	0.180 	80.122 	334.493 	0.000 	basket	
2025-07-09 15:16:01,136 - PoinTr - INFO - 03337140	60	0.188 	60.790 	168.784 	0.000 	file cabinet	
2025-07-09 15:16:01,136 - PoinTr - INFO - 02843684	15	0.177 	69.212 	196.798 	0.000 	birdhouse	
2025-07-09 15:16:01,136 - PoinTr - INFO - 03624134	85	0.467 	54.698 	160.591 	0.000 	knife	
2025-07-09 15:16:01,136 - PoinTr - INFO - 03991062	121	0.155 	85.025 	346.513 	0.000 	flowerpot	
2025-07-09 15:16:01,136 - PoinTr - INFO - 03948459	62	0.301 	60.993 	234.447 	0.000 	pistol	
2025-07-09 15:16:01,136 - PoinTr - INFO - 03928116	48	0.184 	78.758 	308.106 	0.000 	piano	
2025-07-09 15:16:01,136 - PoinTr - INFO - 03207941	19	0.199 	73.510 	265.337 	0.000 	dishwasher	
2025-07-09 15:16:01,136 - PoinTr - INFO - 04074963	14	0.259 	69.038 	264.416 	0.000 	remote	
2025-07-09 15:16:01,136 - PoinTr - INFO - 03085013	13	0.314 	69.490 	344.905 	0.000 	keyboard	
2025-07-09 15:16:01,136 - PoinTr - INFO - Overall		0.236 	67.769 	254.156 	0.000 	
2025-07-09 15:16:01,631 - PoinTr - INFO - Save checkpoint at ./experiments/PoinTr/ShapeNet55_models/PoinTr_fog/ckpt-last.pth
2025-07-09 15:16:03,007 - PoinTr - INFO - [Epoch 71/200][Batch 1/655] BatchTime = 1.375 (s) DataTime = 0.112 (s) Losses = ['284.7750', '56.2910'] lr = 0.0001977
2025-07-09 15:18:03,990 - PoinTr - INFO - [Epoch 71/200][Batch 101/655] BatchTime = 1.325 (s) DataTime = 0.001 (s) Losses = ['234.2320', '42.6142'] lr = 0.0001977
2025-07-09 15:20:05,795 - PoinTr - INFO - [Epoch 71/200][Batch 201/655] BatchTime = 0.803 (s) DataTime = 0.001 (s) Losses = ['278.6462', '55.8749'] lr = 0.0001977
2025-07-09 15:22:04,340 - PoinTr - INFO - [Epoch 71/200][Batch 301/655] BatchTime = 1.029 (s) DataTime = 0.001 (s) Losses = ['253.4526', '45.6587'] lr = 0.0001977
2025-07-09 15:24:06,420 - PoinTr - INFO - [Epoch 71/200][Batch 401/655] BatchTime = 1.229 (s) DataTime = 0.001 (s) Losses = ['267.1666', '55.3981'] lr = 0.0001977
2025-07-09 15:26:06,188 - PoinTr - INFO - [Epoch 71/200][Batch 501/655] BatchTime = 0.904 (s) DataTime = 0.001 (s) Losses = ['272.8407', '60.3418'] lr = 0.0001977
2025-07-09 15:28:09,848 - PoinTr - INFO - [Epoch 71/200][Batch 601/655] BatchTime = 1.111 (s) DataTime = 0.001 (s) Losses = ['246.1062', '45.5564'] lr = 0.0001977
2025-07-09 15:29:17,371 - PoinTr - INFO - [Training] EPOCH: 71 EpochTime = 795.739 (s) Losses = ['271.6502', '51.0759']
2025-07-09 15:29:17,860 - PoinTr - INFO - Save checkpoint at ./experiments/PoinTr/ShapeNet55_models/PoinTr_fog/ckpt-last.pth
2025-07-09 15:29:19,483 - PoinTr - INFO - [Epoch 72/200][Batch 1/655] BatchTime = 1.622 (s) DataTime = 0.111 (s) Losses = ['264.4620', '53.4333'] lr = 0.0001951
2025-07-09 15:31:26,634 - PoinTr - INFO - [Epoch 72/200][Batch 101/655] BatchTime = 1.386 (s) DataTime = 0.001 (s) Losses = ['313.3188', '60.8572'] lr = 0.0001951
2025-07-09 15:33:27,095 - PoinTr - INFO - [Epoch 72/200][Batch 201/655] BatchTime = 1.211 (s) DataTime = 0.001 (s) Losses = ['290.0113', '61.0285'] lr = 0.0001951
2025-07-09 15:35:28,700 - PoinTr - INFO - [Epoch 72/200][Batch 301/655] BatchTime = 1.606 (s) DataTime = 0.001 (s) Losses = ['254.6115', '45.0013'] lr = 0.0001951
2025-07-09 15:37:31,727 - PoinTr - INFO - [Epoch 72/200][Batch 401/655] BatchTime = 1.357 (s) DataTime = 0.001 (s) Losses = ['250.1846', '46.3758'] lr = 0.0001951
2025-07-09 15:39:31,419 - PoinTr - INFO - [Epoch 72/200][Batch 501/655] BatchTime = 1.017 (s) DataTime = 0.001 (s) Losses = ['274.6094', '49.7682'] lr = 0.0001951
2025-07-09 15:41:34,069 - PoinTr - INFO - [Epoch 72/200][Batch 601/655] BatchTime = 1.648 (s) DataTime = 0.001 (s) Losses = ['287.8350', '50.8932'] lr = 0.0001951
2025-07-09 15:42:36,981 - PoinTr - INFO - [Training] EPOCH: 72 EpochTime = 799.120 (s) Losses = ['271.7267', '50.9873']
2025-07-09 15:42:37,471 - PoinTr - INFO - Save checkpoint at ./experiments/PoinTr/ShapeNet55_models/PoinTr_fog/ckpt-last.pth
2025-07-09 15:42:39,103 - PoinTr - INFO - [Epoch 73/200][Batch 1/655] BatchTime = 1.631 (s) DataTime = 0.114 (s) Losses = ['277.9558', '53.1776'] lr = 0.0001926
2025-07-09 15:44:45,516 - PoinTr - INFO - [Epoch 73/200][Batch 101/655] BatchTime = 1.293 (s) DataTime = 0.001 (s) Losses = ['274.6653', '47.2288'] lr = 0.0001926
2025-07-09 15:46:48,118 - PoinTr - INFO - [Epoch 73/200][Batch 201/655] BatchTime = 0.883 (s) DataTime = 0.001 (s) Losses = ['271.0423', '50.6484'] lr = 0.0001926
2025-07-09 15:48:48,305 - PoinTr - INFO - [Epoch 73/200][Batch 301/655] BatchTime = 1.053 (s) DataTime = 0.001 (s) Losses = ['253.4416', '47.2129'] lr = 0.0001926
2025-07-09 15:50:47,941 - PoinTr - INFO - [Epoch 73/200][Batch 401/655] BatchTime = 1.208 (s) DataTime = 0.001 (s) Losses = ['281.2879', '59.2306'] lr = 0.0001926
2025-07-09 15:52:46,456 - PoinTr - INFO - [Epoch 73/200][Batch 501/655] BatchTime = 1.024 (s) DataTime = 0.001 (s) Losses = ['288.8648', '49.2407'] lr = 0.0001926
2025-07-09 15:54:47,274 - PoinTr - INFO - [Epoch 73/200][Batch 601/655] BatchTime = 1.725 (s) DataTime = 0.001 (s) Losses = ['287.0043', '54.8312'] lr = 0.0001926
2025-07-09 15:55:50,527 - PoinTr - INFO - [Training] EPOCH: 73 EpochTime = 793.055 (s) Losses = ['271.0323', '50.9447']
2025-07-09 15:55:51,008 - PoinTr - INFO - Save checkpoint at ./experiments/PoinTr/ShapeNet55_models/PoinTr_fog/ckpt-last.pth
2025-07-09 15:55:52,335 - PoinTr - INFO - [Epoch 74/200][Batch 1/655] BatchTime = 1.326 (s) DataTime = 0.110 (s) Losses = ['264.3657', '52.3839'] lr = 0.0001901
2025-07-09 15:57:51,416 - PoinTr - INFO - [Epoch 74/200][Batch 101/655] BatchTime = 0.803 (s) DataTime = 0.001 (s) Losses = ['261.8341', '50.9496'] lr = 0.0001901
2025-07-09 15:59:48,571 - PoinTr - INFO - [Epoch 74/200][Batch 201/655] BatchTime = 1.401 (s) DataTime = 0.001 (s) Losses = ['265.4406', '52.5982'] lr = 0.0001901
2025-07-09 16:01:46,084 - PoinTr - INFO - [Epoch 74/200][Batch 301/655] BatchTime = 1.168 (s) DataTime = 0.001 (s) Losses = ['266.7880', '50.4724'] lr = 0.0001901
2025-07-09 16:03:47,107 - PoinTr - INFO - [Epoch 74/200][Batch 401/655] BatchTime = 0.984 (s) DataTime = 0.001 (s) Losses = ['253.0662', '48.1364'] lr = 0.0001901
2025-07-09 16:05:48,709 - PoinTr - INFO - [Epoch 74/200][Batch 501/655] BatchTime = 1.629 (s) DataTime = 0.001 (s) Losses = ['297.4199', '52.6470'] lr = 0.0001901
2025-07-09 16:07:53,218 - PoinTr - INFO - [Epoch 74/200][Batch 601/655] BatchTime = 1.262 (s) DataTime = 0.001 (s) Losses = ['258.8546', '51.6269'] lr = 0.0001901
2025-07-09 16:08:55,390 - PoinTr - INFO - [Training] EPOCH: 74 EpochTime = 784.381 (s) Losses = ['272.5205', '50.9148']
2025-07-09 16:08:55,872 - PoinTr - INFO - Save checkpoint at ./experiments/PoinTr/ShapeNet55_models/PoinTr_fog/ckpt-last.pth
2025-07-09 16:08:57,217 - PoinTr - INFO - [Epoch 75/200][Batch 1/655] BatchTime = 1.345 (s) DataTime = 0.112 (s) Losses = ['258.6754', '48.6959'] lr = 0.0001876
2025-07-09 16:10:56,035 - PoinTr - INFO - [Epoch 75/200][Batch 101/655] BatchTime = 0.892 (s) DataTime = 0.001 (s) Losses = ['245.9208', '43.9127'] lr = 0.0001876
2025-07-09 16:12:56,811 - PoinTr - INFO - [Epoch 75/200][Batch 201/655] BatchTime = 1.145 (s) DataTime = 0.001 (s) Losses = ['270.7904', '51.8346'] lr = 0.0001876
2025-07-09 16:15:01,678 - PoinTr - INFO - [Epoch 75/200][Batch 301/655] BatchTime = 1.653 (s) DataTime = 0.001 (s) Losses = ['264.2577', '44.6478'] lr = 0.0001876
2025-07-09 16:17:02,882 - PoinTr - INFO - [Epoch 75/200][Batch 401/655] BatchTime = 1.186 (s) DataTime = 0.001 (s) Losses = ['289.1702', '50.1046'] lr = 0.0001876
2025-07-09 16:19:04,723 - PoinTr - INFO - [Epoch 75/200][Batch 501/655] BatchTime = 1.017 (s) DataTime = 0.001 (s) Losses = ['288.5207', '53.9407'] lr = 0.0001876
2025-07-09 16:21:07,772 - PoinTr - INFO - [Epoch 75/200][Batch 601/655] BatchTime = 0.962 (s) DataTime = 0.001 (s) Losses = ['268.1126', '50.0666'] lr = 0.0001876
2025-07-09 16:22:13,244 - PoinTr - INFO - [Training] EPOCH: 75 EpochTime = 797.371 (s) Losses = ['271.8821', '51.0734']
2025-07-09 16:22:13,244 - PoinTr - INFO - [VALIDATION] Start validating epoch 75
2025-07-09 16:22:53,041 - PoinTr - INFO - Test[1051/10518] Taxonomy = 02691156 Sample = c7749c0a8b61f43bc9b9e28055202e3d Losses = ['217.9269', '1647.0978', '73.4436', '444.8430'] Metrics = ['0.2599', '73.4436', '444.8430', '0.0000']
2025-07-09 16:23:31,466 - PoinTr - INFO - Test[2102/10518] Taxonomy = 03211117 Sample = ab2f9418c111cc6ddb965514105122a4 Losses = ['392.9974', '1844.3621', '46.6887', '250.6229'] Metrics = ['0.6097', '46.6887', '250.6229', '0.0000']
2025-07-09 16:24:09,895 - PoinTr - INFO - Test[3153/10518] Taxonomy = 02876657 Sample = c5032e4be091aabb36fe7a88df793982 Losses = ['150.6394', '524.6198', '27.0334', '16.8735'] Metrics = ['0.3354', '27.0334', '16.8735', '0.0000']
2025-07-09 16:24:46,722 - PoinTr - INFO - Test[4204/10518] Taxonomy = 03211117 Sample = 722df1da5778d45b1e43523279c7f09f Losses = ['428.1363', '2763.1156', '59.8047', '256.2955'] Metrics = ['0.2326', '59.8047', '256.2955', '0.0000']
2025-07-09 16:25:24,760 - PoinTr - INFO - Test[5255/10518] Taxonomy = 02828884 Sample = 14b63361a48a9fffe4a048c146e8bd43 Losses = ['43.0859', '17.2444', '21.1996', '2.4892'] Metrics = ['0.3008', '21.1996', '2.4892', '0.0000']
2025-07-09 16:26:03,594 - PoinTr - INFO - Test[6306/10518] Taxonomy = 03211117 Sample = d330d50a0255529d19ed6e1a590c9122 Losses = ['543.1774', '3824.2223', '66.9646', '458.3463'] Metrics = ['0.3025', '66.9646', '458.3463', '0.0000']
2025-07-09 16:26:39,907 - PoinTr - INFO - Test[7357/10518] Taxonomy = 04379243 Sample = b1ca280d9567270ade98d10ab5975b59 Losses = ['366.4476', '1573.9799', '90.9895', '474.1830'] Metrics = ['0.2778', '90.9895', '474.1830', '0.0000']
2025-07-09 16:27:18,091 - PoinTr - INFO - Test[8408/10518] Taxonomy = 03001627 Sample = 89208a619341d9fdb8c516ed5c4ce32 Losses = ['239.0004', '918.2833', '53.3396', '154.8846'] Metrics = ['0.1633', '53.3396', '154.8846', '0.0000']
2025-07-09 16:27:54,599 - PoinTr - INFO - Test[9459/10518] Taxonomy = 03001627 Sample = d0255120e3351121c3bd24f986301745 Losses = ['112.1553', '391.4813', '33.2595', '58.3423'] Metrics = ['0.1696', '33.2595', '58.3423', '0.0000']
2025-07-09 16:28:32,136 - PoinTr - INFO - Test[10510/10518] Taxonomy = 03636649 Sample = ea9ec4d9db2e06202471e6dd5ac3ef92 Losses = ['93.6990', '385.2477', '21.0742', '20.7313'] Metrics = ['0.5036', '21.0742', '20.7313', '0.0000']
2025-07-09 16:28:32,462 - PoinTr - INFO - [Validation] EPOCH: 75  Metrics = ['0.2578', '56.8062', '236.7164', '0.0000']
2025-07-09 16:28:32,462 - PoinTr - INFO - ============================ TEST RESULTS ============================
2025-07-09 16:28:32,462 - PoinTr - INFO - Taxonomy	#Sample	F-Score	CDL1	CDL2	EMDistance	#ModelName	
2025-07-09 16:28:32,462 - PoinTr - INFO - 03759954	14	0.379 	50.177 	188.454 	0.000 	microphone	
2025-07-09 16:28:32,462 - PoinTr - INFO - 04330267	44	0.207 	58.407 	213.755 	0.000 	stove	
2025-07-09 16:28:32,462 - PoinTr - INFO - 03261776	15	0.212 	68.867 	252.767 	0.000 	earphone	
2025-07-09 16:28:32,462 - PoinTr - INFO - 03513137	33	0.174 	83.312 	370.059 	0.000 	helmet	
2025-07-09 16:28:32,462 - PoinTr - INFO - 04460130	27	0.283 	46.726 	157.971 	0.000 	tower	
2025-07-09 16:28:32,462 - PoinTr - INFO - 04468005	78	0.247 	50.338 	192.546 	0.000 	train	
2025-07-09 16:28:32,462 - PoinTr - INFO - 03761084	31	0.212 	55.407 	184.853 	0.000 	microwaves	
2025-07-09 16:28:32,462 - PoinTr - INFO - 04004475	34	0.212 	53.074 	141.906 	0.000 	printer	
2025-07-09 16:28:32,462 - PoinTr - INFO - 03938244	20	0.272 	46.677 	145.777 	0.000 	pillow	
2025-07-09 16:28:32,462 - PoinTr - INFO - 02992529	167	0.295 	46.351 	197.922 	0.000 	cellphone	
2025-07-09 16:28:32,462 - PoinTr - INFO - 02808440	172	0.208 	61.075 	253.059 	0.000 	bathtub	
2025-07-09 16:28:32,462 - PoinTr - INFO - 04530566	388	0.298 	51.167 	217.452 	0.000 	watercraft	
2025-07-09 16:28:32,462 - PoinTr - INFO - 02871439	91	0.179 	55.939 	182.787 	0.000 	bookshelf	
2025-07-09 16:28:32,462 - PoinTr - INFO - 03593526	120	0.207 	73.789 	357.715 	0.000 	jar	
2025-07-09 16:28:32,462 - PoinTr - INFO - 04554684	34	0.204 	60.454 	196.170 	0.000 	washer	
2025-07-09 16:28:32,462 - PoinTr - INFO - 03467517	160	0.510 	32.256 	118.411 	0.000 	guitar	
2025-07-09 16:28:32,462 - PoinTr - INFO - 04401088	218	0.300 	52.715 	251.220 	0.000 	telephone	
2025-07-09 16:28:32,462 - PoinTr - INFO - 02954340	12	0.221 	65.279 	271.390 	0.000 	cap	
2025-07-09 16:28:32,462 - PoinTr - INFO - 02933112	315	0.193 	53.265 	187.482 	0.000 	cabinet	
2025-07-09 16:28:32,462 - PoinTr - INFO - 03642806	92	0.300 	39.051 	148.193 	0.000 	laptop	
2025-07-09 16:28:32,462 - PoinTr - INFO - 02924116	188	0.238 	56.006 	232.393 	0.000 	bus	
2025-07-09 16:28:32,462 - PoinTr - INFO - 02946921	22	0.215 	71.422 	322.506 	0.000 	can	
2025-07-09 16:28:32,462 - PoinTr - INFO - 02818832	47	0.184 	56.758 	190.174 	0.000 	bed	
2025-07-09 16:28:32,463 - PoinTr - INFO - 04256520	635	0.195 	55.543 	213.154 	0.000 	sofa	
2025-07-09 16:28:32,463 - PoinTr - INFO - 04379243	1687	0.247 	52.715 	213.311 	0.000 	table	
2025-07-09 16:28:32,463 - PoinTr - INFO - 02747177	69	0.171 	71.597 	327.475 	0.000 	trash bin	
2025-07-09 16:28:32,463 - PoinTr - INFO - 03046257	131	0.220 	75.680 	435.863 	0.000 	clock	
2025-07-09 16:28:32,463 - PoinTr - INFO - 04225987	31	0.363 	49.599 	232.778 	0.000 	skateboard	
2025-07-09 16:28:32,463 - PoinTr - INFO - 03797390	43	0.177 	62.786 	265.007 	0.000 	mug	
2025-07-09 16:28:32,463 - PoinTr - INFO - 03001627	1356	0.225 	54.181 	202.844 	0.000 	chair	
2025-07-09 16:28:32,463 - PoinTr - INFO - 03691459	320	0.206 	62.086 	236.029 	0.000 	loudspeaker	
2025-07-09 16:28:32,463 - PoinTr - INFO - 02942699	23	0.177 	67.655 	223.217 	0.000 	camera	
2025-07-09 16:28:32,463 - PoinTr - INFO - 03636649	464	0.308 	51.963 	189.576 	0.000 	lamp	
2025-07-09 16:28:32,463 - PoinTr - INFO - 02691156	809	0.350 	66.570 	435.956 	0.000 	airplane	
2025-07-09 16:28:32,463 - PoinTr - INFO - 02773838	17	0.228 	65.226 	283.739 	0.000 	bag	
2025-07-09 16:28:32,463 - PoinTr - INFO - 02958343	703	0.173 	57.205 	243.037 	0.000 	car	
2025-07-09 16:28:32,463 - PoinTr - INFO - 02880940	38	0.194 	94.178 	629.511 	0.000 	bowl	
2025-07-09 16:28:32,463 - PoinTr - INFO - 04099429	17	0.465 	33.692 	129.060 	0.000 	rocket	
2025-07-09 16:28:32,463 - PoinTr - INFO - 02828884	363	0.263 	48.155 	189.892 	0.000 	bench	
2025-07-09 16:28:32,463 - PoinTr - INFO - 04090263	475	0.486 	42.478 	193.024 	0.000 	rifle	
2025-07-09 16:28:32,463 - PoinTr - INFO - 03211117	219	0.243 	54.646 	231.748 	0.000 	display	
2025-07-09 16:28:32,463 - PoinTr - INFO - 02876657	100	0.284 	52.357 	201.758 	0.000 	bottle	
2025-07-09 16:28:32,463 - PoinTr - INFO - 03710193	19	0.311 	48.753 	168.137 	0.000 	mailbox	
2025-07-09 16:28:32,463 - PoinTr - INFO - 03790512	68	0.188 	63.838 	320.013 	0.000 	motorbike	
2025-07-09 16:28:32,463 - PoinTr - INFO - 03325088	149	0.277 	56.845 	236.818 	0.000 	faucet	
2025-07-09 16:28:32,463 - PoinTr - INFO - 02801938	23	0.188 	77.672 	387.703 	0.000 	basket	
2025-07-09 16:28:32,463 - PoinTr - INFO - 03337140	60	0.194 	51.815 	158.008 	0.000 	file cabinet	
2025-07-09 16:28:32,463 - PoinTr - INFO - 02843684	15	0.187 	68.720 	267.953 	0.000 	birdhouse	
2025-07-09 16:28:32,463 - PoinTr - INFO - 03624134	85	0.547 	37.339 	163.966 	0.000 	knife	
2025-07-09 16:28:32,463 - PoinTr - INFO - 03991062	121	0.167 	76.379 	371.639 	0.000 	flowerpot	
2025-07-09 16:28:32,463 - PoinTr - INFO - 03948459	62	0.325 	47.270 	191.226 	0.000 	pistol	
2025-07-09 16:28:32,463 - PoinTr - INFO - 03928116	48	0.200 	60.454 	239.474 	0.000 	piano	
2025-07-09 16:28:32,463 - PoinTr - INFO - 03207941	19	0.234 	47.306 	135.977 	0.000 	dishwasher	
2025-07-09 16:28:32,463 - PoinTr - INFO - 04074963	14	0.310 	33.883 	109.594 	0.000 	remote	
2025-07-09 16:28:32,463 - PoinTr - INFO - 03085013	13	0.332 	47.237 	216.957 	0.000 	keyboard	
2025-07-09 16:28:32,463 - PoinTr - INFO - Overall		0.258 	56.806 	236.716 	0.000 	
2025-07-09 16:28:32,958 - PoinTr - INFO - Save checkpoint at ./experiments/PoinTr/ShapeNet55_models/PoinTr_fog/ckpt-last.pth
2025-07-09 16:28:34,354 - PoinTr - INFO - [Epoch 76/200][Batch 1/655] BatchTime = 1.395 (s) DataTime = 0.113 (s) Losses = ['260.3060', '48.1227'] lr = 0.0001852
2025-07-09 16:30:40,943 - PoinTr - INFO - [Epoch 76/200][Batch 101/655] BatchTime = 1.703 (s) DataTime = 0.001 (s) Losses = ['239.1172', '45.9075'] lr = 0.0001852
2025-07-09 16:32:39,932 - PoinTr - INFO - [Epoch 76/200][Batch 201/655] BatchTime = 0.886 (s) DataTime = 0.001 (s) Losses = ['294.0657', '50.8460'] lr = 0.0001852
2025-07-09 16:34:40,571 - PoinTr - INFO - [Epoch 76/200][Batch 301/655] BatchTime = 1.229 (s) DataTime = 0.001 (s) Losses = ['218.2470', '40.4473'] lr = 0.0001852
2025-07-09 16:36:43,550 - PoinTr - INFO - [Epoch 76/200][Batch 401/655] BatchTime = 1.206 (s) DataTime = 0.001 (s) Losses = ['246.6756', '44.6639'] lr = 0.0001852
2025-07-09 16:38:42,534 - PoinTr - INFO - [Epoch 76/200][Batch 501/655] BatchTime = 1.408 (s) DataTime = 0.001 (s) Losses = ['236.9463', '45.2970'] lr = 0.0001852
2025-07-09 16:40:42,165 - PoinTr - INFO - [Epoch 76/200][Batch 601/655] BatchTime = 1.253 (s) DataTime = 0.001 (s) Losses = ['273.5028', '50.9762'] lr = 0.0001852
2025-07-09 16:41:46,404 - PoinTr - INFO - [Training] EPOCH: 76 EpochTime = 793.445 (s) Losses = ['271.0952', '50.9556']
2025-07-09 16:41:46,912 - PoinTr - INFO - Save checkpoint at ./experiments/PoinTr/ShapeNet55_models/PoinTr_fog/ckpt-last.pth
2025-07-09 16:41:47,992 - PoinTr - INFO - [Epoch 77/200][Batch 1/655] BatchTime = 1.079 (s) DataTime = 0.114 (s) Losses = ['287.9142', '58.8143'] lr = 0.0001828
2025-07-09 16:43:50,291 - PoinTr - INFO - [Epoch 77/200][Batch 101/655] BatchTime = 1.223 (s) DataTime = 0.001 (s) Losses = ['261.0199', '46.4111'] lr = 0.0001828
2025-07-09 16:45:45,516 - PoinTr - INFO - [Epoch 77/200][Batch 201/655] BatchTime = 1.375 (s) DataTime = 0.001 (s) Losses = ['250.6374', '48.5331'] lr = 0.0001828
2025-07-09 16:47:43,248 - PoinTr - INFO - [Epoch 77/200][Batch 301/655] BatchTime = 1.191 (s) DataTime = 0.001 (s) Losses = ['245.6655', '46.3255'] lr = 0.0001828
2025-07-09 16:49:42,832 - PoinTr - INFO - [Epoch 77/200][Batch 401/655] BatchTime = 1.604 (s) DataTime = 0.001 (s) Losses = ['272.3676', '50.1349'] lr = 0.0001828
2025-07-09 16:51:46,034 - PoinTr - INFO - [Epoch 77/200][Batch 501/655] BatchTime = 1.202 (s) DataTime = 0.001 (s) Losses = ['279.5821', '51.3297'] lr = 0.0001828
2025-07-09 16:53:43,589 - PoinTr - INFO - [Epoch 77/200][Batch 601/655] BatchTime = 1.403 (s) DataTime = 0.001 (s) Losses = ['249.5553', '44.8516'] lr = 0.0001828
2025-07-09 16:54:47,635 - PoinTr - INFO - [Training] EPOCH: 77 EpochTime = 780.722 (s) Losses = ['271.5973', '50.9097']
2025-07-09 16:54:48,114 - PoinTr - INFO - Save checkpoint at ./experiments/PoinTr/ShapeNet55_models/PoinTr_fog/ckpt-last.pth
2025-07-09 16:54:49,291 - PoinTr - INFO - [Epoch 78/200][Batch 1/655] BatchTime = 1.176 (s) DataTime = 0.109 (s) Losses = ['278.5968', '54.2963'] lr = 0.0001804
2025-07-09 16:56:45,032 - PoinTr - INFO - [Epoch 78/200][Batch 101/655] BatchTime = 1.107 (s) DataTime = 0.001 (s) Losses = ['259.9682', '45.7414'] lr = 0.0001804
2025-07-09 16:58:52,925 - PoinTr - INFO - [Epoch 78/200][Batch 201/655] BatchTime = 1.378 (s) DataTime = 0.001 (s) Losses = ['229.9384', '43.5352'] lr = 0.0001804
2025-07-09 17:00:53,489 - PoinTr - INFO - [Epoch 78/200][Batch 301/655] BatchTime = 0.942 (s) DataTime = 0.001 (s) Losses = ['241.4600', '44.5950'] lr = 0.0001804
2025-07-09 17:02:51,457 - PoinTr - INFO - [Epoch 78/200][Batch 401/655] BatchTime = 0.904 (s) DataTime = 0.001 (s) Losses = ['271.1290', '49.1772'] lr = 0.0001804
2025-07-09 17:04:51,716 - PoinTr - INFO - [Epoch 78/200][Batch 501/655] BatchTime = 1.503 (s) DataTime = 0.001 (s) Losses = ['280.8873', '47.6983'] lr = 0.0001804
2025-07-09 17:06:51,005 - PoinTr - INFO - [Epoch 78/200][Batch 601/655] BatchTime = 1.469 (s) DataTime = 0.001 (s) Losses = ['235.3016', '41.3229'] lr = 0.0001804
2025-07-09 17:07:58,403 - PoinTr - INFO - [Training] EPOCH: 78 EpochTime = 790.288 (s) Losses = ['271.7004', '50.6805']
2025-07-09 17:07:58,895 - PoinTr - INFO - Save checkpoint at ./experiments/PoinTr/ShapeNet55_models/PoinTr_fog/ckpt-last.pth
2025-07-09 17:08:00,144 - PoinTr - INFO - [Epoch 79/200][Batch 1/655] BatchTime = 1.248 (s) DataTime = 0.110 (s) Losses = ['268.8538', '49.1047'] lr = 0.0001781
2025-07-09 17:10:02,457 - PoinTr - INFO - [Epoch 79/200][Batch 101/655] BatchTime = 1.374 (s) DataTime = 0.002 (s) Losses = ['276.6437', '50.2206'] lr = 0.0001781
2025-07-09 17:12:06,955 - PoinTr - INFO - [Epoch 79/200][Batch 201/655] BatchTime = 1.164 (s) DataTime = 0.001 (s) Losses = ['253.1204', '47.9146'] lr = 0.0001781
2025-07-09 17:14:07,647 - PoinTr - INFO - [Epoch 79/200][Batch 301/655] BatchTime = 1.004 (s) DataTime = 0.001 (s) Losses = ['298.6340', '52.8431'] lr = 0.0001781
2025-07-09 17:16:08,475 - PoinTr - INFO - [Epoch 79/200][Batch 401/655] BatchTime = 1.287 (s) DataTime = 0.001 (s) Losses = ['264.6338', '43.9251'] lr = 0.0001781
2025-07-09 17:18:15,389 - PoinTr - INFO - [Epoch 79/200][Batch 501/655] BatchTime = 1.460 (s) DataTime = 0.001 (s) Losses = ['269.7960', '48.4006'] lr = 0.0001781
2025-07-09 17:20:21,423 - PoinTr - INFO - [Epoch 79/200][Batch 601/655] BatchTime = 1.232 (s) DataTime = 0.001 (s) Losses = ['234.2127', '42.3271'] lr = 0.0001781
2025-07-09 17:21:29,117 - PoinTr - INFO - [Training] EPOCH: 79 EpochTime = 810.221 (s) Losses = ['270.9556', '50.7603']
2025-07-09 17:21:29,608 - PoinTr - INFO - Save checkpoint at ./experiments/PoinTr/ShapeNet55_models/PoinTr_fog/ckpt-last.pth
2025-07-09 17:21:30,985 - PoinTr - INFO - [Epoch 80/200][Batch 1/655] BatchTime = 1.376 (s) DataTime = 0.112 (s) Losses = ['269.8262', '50.7825'] lr = 0.0001758
2025-07-09 17:23:29,846 - PoinTr - INFO - [Epoch 80/200][Batch 101/655] BatchTime = 1.071 (s) DataTime = 0.002 (s) Losses = ['256.4572', '46.3975'] lr = 0.0001758
2025-07-09 17:25:30,538 - PoinTr - INFO - [Epoch 80/200][Batch 201/655] BatchTime = 0.971 (s) DataTime = 0.001 (s) Losses = ['266.2829', '51.5427'] lr = 0.0001758
2025-07-09 17:27:29,087 - PoinTr - INFO - [Epoch 80/200][Batch 301/655] BatchTime = 1.660 (s) DataTime = 0.001 (s) Losses = ['259.4060', '47.7999'] lr = 0.0001758
2025-07-09 17:29:30,253 - PoinTr - INFO - [Epoch 80/200][Batch 401/655] BatchTime = 1.452 (s) DataTime = 0.001 (s) Losses = ['237.4576', '38.6821'] lr = 0.0001758
2025-07-09 17:31:29,410 - PoinTr - INFO - [Epoch 80/200][Batch 501/655] BatchTime = 1.183 (s) DataTime = 0.001 (s) Losses = ['290.0263', '51.1794'] lr = 0.0001758
2025-07-09 17:33:29,095 - PoinTr - INFO - [Epoch 80/200][Batch 601/655] BatchTime = 1.085 (s) DataTime = 0.001 (s) Losses = ['248.5884', '52.2954'] lr = 0.0001758
2025-07-09 17:34:38,536 - PoinTr - INFO - [Training] EPOCH: 80 EpochTime = 788.927 (s) Losses = ['272.3728', '50.9840']
2025-07-09 17:34:38,536 - PoinTr - INFO - [VALIDATION] Start validating epoch 80
2025-07-09 17:35:18,410 - PoinTr - INFO - Test[1051/10518] Taxonomy = 02691156 Sample = c7749c0a8b61f43bc9b9e28055202e3d Losses = ['53.4150', '150.2873', '26.2977', '13.2953'] Metrics = ['0.2976', '26.2977', '13.2953', '0.0000']
2025-07-09 17:35:54,444 - PoinTr - INFO - Test[2102/10518] Taxonomy = 03211117 Sample = ab2f9418c111cc6ddb965514105122a4 Losses = ['341.5572', '1394.0587', '48.8872', '183.6509'] Metrics = ['0.3326', '48.8872', '183.6509', '0.0000']
2025-07-09 17:36:32,879 - PoinTr - INFO - Test[3153/10518] Taxonomy = 02876657 Sample = c5032e4be091aabb36fe7a88df793982 Losses = ['361.2263', '1340.5730', '64.0540', '138.3984'] Metrics = ['0.2092', '64.0540', '138.3984', '0.0000']
2025-07-09 17:37:10,571 - PoinTr - INFO - Test[4204/10518] Taxonomy = 03211117 Sample = 722df1da5778d45b1e43523279c7f09f Losses = ['436.6235', '2089.2859', '68.2934', '228.5105'] Metrics = ['0.2113', '68.2934', '228.5105', '0.0000']
2025-07-09 17:37:49,113 - PoinTr - INFO - Test[5255/10518] Taxonomy = 02828884 Sample = 14b63361a48a9fffe4a048c146e8bd43 Losses = ['284.1191', '759.6549', '39.2644', '54.8015'] Metrics = ['0.2948', '39.2644', '54.8015', '0.0000']
2025-07-09 17:38:26,186 - PoinTr - INFO - Test[6306/10518] Taxonomy = 03211117 Sample = d330d50a0255529d19ed6e1a590c9122 Losses = ['372.6556', '1602.9731', '55.7243', '212.8197'] Metrics = ['0.2712', '55.7243', '212.8197', '0.0000']
2025-07-09 17:39:02,279 - PoinTr - INFO - Test[7357/10518] Taxonomy = 04379243 Sample = b1ca280d9567270ade98d10ab5975b59 Losses = ['490.8072', '3096.7820', '74.0860', '424.0082'] Metrics = ['0.2123', '74.0860', '424.0082', '0.0000']
2025-07-09 17:39:39,563 - PoinTr - INFO - Test[8408/10518] Taxonomy = 03001627 Sample = 89208a619341d9fdb8c516ed5c4ce32 Losses = ['145.1852', '480.1713', '36.3033', '31.4291'] Metrics = ['0.1886', '36.3033', '31.4291', '0.0000']
2025-07-09 17:40:15,326 - PoinTr - INFO - Test[9459/10518] Taxonomy = 03001627 Sample = d0255120e3351121c3bd24f986301745 Losses = ['65.9834', '83.1412', '38.1303', '13.5329'] Metrics = ['0.1791', '38.1303', '13.5329', '0.0000']
2025-07-09 17:40:51,908 - PoinTr - INFO - Test[10510/10518] Taxonomy = 03636649 Sample = ea9ec4d9db2e06202471e6dd5ac3ef92 Losses = ['495.6346', '3029.3322', '59.0147', '246.5148'] Metrics = ['0.3875', '59.0147', '246.5148', '0.0000']
2025-07-09 17:40:52,262 - PoinTr - INFO - [Validation] EPOCH: 80  Metrics = ['0.2378', '63.2705', '252.0118', '0.0000']
2025-07-09 17:40:52,262 - PoinTr - INFO - ============================ TEST RESULTS ============================
2025-07-09 17:40:52,262 - PoinTr - INFO - Taxonomy	#Sample	F-Score	CDL1	CDL2	EMDistance	#ModelName	
2025-07-09 17:40:52,262 - PoinTr - INFO - 03759954	14	0.290 	58.002 	159.212 	0.000 	microphone	
2025-07-09 17:40:52,262 - PoinTr - INFO - 04330267	44	0.201 	63.991 	228.341 	0.000 	stove	
2025-07-09 17:40:52,262 - PoinTr - INFO - 03261776	15	0.213 	61.508 	213.278 	0.000 	earphone	
2025-07-09 17:40:52,262 - PoinTr - INFO - 03513137	33	0.171 	90.907 	414.297 	0.000 	helmet	
2025-07-09 17:40:52,262 - PoinTr - INFO - 04460130	27	0.244 	59.652 	214.724 	0.000 	tower	
2025-07-09 17:40:52,262 - PoinTr - INFO - 04468005	78	0.209 	61.247 	224.713 	0.000 	train	
2025-07-09 17:40:52,262 - PoinTr - INFO - 03761084	31	0.207 	69.436 	274.176 	0.000 	microwaves	
2025-07-09 17:40:52,262 - PoinTr - INFO - 04004475	34	0.194 	68.519 	236.230 	0.000 	printer	
2025-07-09 17:40:52,262 - PoinTr - INFO - 03938244	20	0.229 	74.391 	303.297 	0.000 	pillow	
2025-07-09 17:40:52,262 - PoinTr - INFO - 02992529	167	0.278 	57.549 	265.264 	0.000 	cellphone	
2025-07-09 17:40:52,263 - PoinTr - INFO - 02808440	172	0.202 	64.373 	246.217 	0.000 	bathtub	
2025-07-09 17:40:52,263 - PoinTr - INFO - 04530566	388	0.263 	54.529 	182.484 	0.000 	watercraft	
2025-07-09 17:40:52,263 - PoinTr - INFO - 02871439	91	0.180 	60.387 	204.677 	0.000 	bookshelf	
2025-07-09 17:40:52,263 - PoinTr - INFO - 03593526	120	0.192 	79.690 	373.960 	0.000 	jar	
2025-07-09 17:40:52,263 - PoinTr - INFO - 04554684	34	0.202 	65.473 	222.672 	0.000 	washer	
2025-07-09 17:40:52,263 - PoinTr - INFO - 03467517	160	0.532 	37.844 	134.575 	0.000 	guitar	
2025-07-09 17:40:52,263 - PoinTr - INFO - 04401088	218	0.290 	50.939 	226.248 	0.000 	telephone	
2025-07-09 17:40:52,263 - PoinTr - INFO - 02954340	12	0.189 	98.098 	592.326 	0.000 	cap	
2025-07-09 17:40:52,263 - PoinTr - INFO - 02933112	315	0.184 	56.209 	184.922 	0.000 	cabinet	
2025-07-09 17:40:52,263 - PoinTr - INFO - 03642806	92	0.282 	43.458 	160.331 	0.000 	laptop	
2025-07-09 17:40:52,263 - PoinTr - INFO - 02924116	188	0.223 	59.089 	212.071 	0.000 	bus	
2025-07-09 17:40:52,263 - PoinTr - INFO - 02946921	22	0.218 	69.932 	283.567 	0.000 	can	
2025-07-09 17:40:52,263 - PoinTr - INFO - 02818832	47	0.168 	62.983 	185.068 	0.000 	bed	
2025-07-09 17:40:52,263 - PoinTr - INFO - 04256520	635	0.187 	58.123 	206.505 	0.000 	sofa	
2025-07-09 17:40:52,263 - PoinTr - INFO - 04379243	1687	0.265 	54.079 	215.583 	0.000 	table	
2025-07-09 17:40:52,263 - PoinTr - INFO - 02747177	69	0.165 	74.025 	298.265 	0.000 	trash bin	
2025-07-09 17:40:52,263 - PoinTr - INFO - 03046257	131	0.219 	70.516 	347.216 	0.000 	clock	
2025-07-09 17:40:52,263 - PoinTr - INFO - 04225987	31	0.344 	50.017 	206.095 	0.000 	skateboard	
2025-07-09 17:40:52,263 - PoinTr - INFO - 03797390	43	0.166 	71.172 	291.188 	0.000 	mug	
2025-07-09 17:40:52,263 - PoinTr - INFO - 03001627	1356	0.209 	57.400 	194.100 	0.000 	chair	
2025-07-09 17:40:52,263 - PoinTr - INFO - 03691459	320	0.203 	63.726 	221.212 	0.000 	loudspeaker	
2025-07-09 17:40:52,263 - PoinTr - INFO - 02942699	23	0.165 	65.141 	181.187 	0.000 	camera	
2025-07-09 17:40:52,263 - PoinTr - INFO - 03636649	464	0.275 	62.438 	221.372 	0.000 	lamp	
2025-07-09 17:40:52,263 - PoinTr - INFO - 02691156	809	0.299 	71.588 	429.815 	0.000 	airplane	
2025-07-09 17:40:52,263 - PoinTr - INFO - 02773838	17	0.209 	64.625 	239.183 	0.000 	bag	
2025-07-09 17:40:52,263 - PoinTr - INFO - 02958343	703	0.154 	63.217 	247.499 	0.000 	car	
2025-07-09 17:40:52,263 - PoinTr - INFO - 02880940	38	0.186 	111.337 	724.903 	0.000 	bowl	
2025-07-09 17:40:52,263 - PoinTr - INFO - 04099429	17	0.403 	47.022 	153.620 	0.000 	rocket	
2025-07-09 17:40:52,263 - PoinTr - INFO - 02828884	363	0.252 	52.251 	200.762 	0.000 	bench	
2025-07-09 17:40:52,263 - PoinTr - INFO - 04090263	475	0.423 	46.630 	170.821 	0.000 	rifle	
2025-07-09 17:40:52,263 - PoinTr - INFO - 03211117	219	0.236 	54.867 	205.880 	0.000 	display	
2025-07-09 17:40:52,263 - PoinTr - INFO - 02876657	100	0.261 	65.230 	263.387 	0.000 	bottle	
2025-07-09 17:40:52,263 - PoinTr - INFO - 03710193	19	0.305 	55.920 	175.936 	0.000 	mailbox	
2025-07-09 17:40:52,263 - PoinTr - INFO - 03790512	68	0.157 	64.108 	259.614 	0.000 	motorbike	
2025-07-09 17:40:52,263 - PoinTr - INFO - 03325088	149	0.248 	68.854 	284.255 	0.000 	faucet	
2025-07-09 17:40:52,263 - PoinTr - INFO - 02801938	23	0.181 	68.051 	250.599 	0.000 	basket	
2025-07-09 17:40:52,263 - PoinTr - INFO - 03337140	60	0.179 	59.106 	193.106 	0.000 	file cabinet	
2025-07-09 17:40:52,263 - PoinTr - INFO - 02843684	15	0.166 	74.304 	251.547 	0.000 	birdhouse	
2025-07-09 17:40:52,263 - PoinTr - INFO - 03624134	85	0.434 	53.391 	199.862 	0.000 	knife	
2025-07-09 17:40:52,263 - PoinTr - INFO - 03991062	121	0.158 	79.920 	358.763 	0.000 	flowerpot	
2025-07-09 17:40:52,263 - PoinTr - INFO - 03948459	62	0.292 	52.628 	187.039 	0.000 	pistol	
2025-07-09 17:40:52,263 - PoinTr - INFO - 03928116	48	0.175 	67.399 	263.711 	0.000 	piano	
2025-07-09 17:40:52,263 - PoinTr - INFO - 03207941	19	0.220 	57.676 	182.486 	0.000 	dishwasher	
2025-07-09 17:40:52,263 - PoinTr - INFO - 04074963	14	0.270 	60.007 	258.928 	0.000 	remote	
2025-07-09 17:40:52,263 - PoinTr - INFO - 03085013	13	0.309 	46.904 	233.563 	0.000 	keyboard	
2025-07-09 17:40:52,263 - PoinTr - INFO - Overall		0.238 	63.271 	252.012 	0.000 	
2025-07-09 17:40:52,757 - PoinTr - INFO - Save checkpoint at ./experiments/PoinTr/ShapeNet55_models/PoinTr_fog/ckpt-last.pth
2025-07-09 17:40:54,051 - PoinTr - INFO - [Epoch 81/200][Batch 1/655] BatchTime = 1.293 (s) DataTime = 0.114 (s) Losses = ['254.1347', '49.2041'] lr = 0.0001735
2025-07-09 17:42:57,428 - PoinTr - INFO - [Epoch 81/200][Batch 101/655] BatchTime = 1.341 (s) DataTime = 0.001 (s) Losses = ['280.5976', '54.8855'] lr = 0.0001735
2025-07-09 17:44:57,080 - PoinTr - INFO - [Epoch 81/200][Batch 201/655] BatchTime = 1.414 (s) DataTime = 0.001 (s) Losses = ['269.4453', '54.1860'] lr = 0.0001735
2025-07-09 17:46:55,405 - PoinTr - INFO - [Epoch 81/200][Batch 301/655] BatchTime = 1.595 (s) DataTime = 0.001 (s) Losses = ['306.0445', '52.6062'] lr = 0.0001735
2025-07-09 17:48:55,099 - PoinTr - INFO - [Epoch 81/200][Batch 401/655] BatchTime = 1.056 (s) DataTime = 0.001 (s) Losses = ['290.2623', '56.1307'] lr = 0.0001735
2025-07-09 17:50:50,605 - PoinTr - INFO - [Epoch 81/200][Batch 501/655] BatchTime = 1.116 (s) DataTime = 0.001 (s) Losses = ['254.0411', '50.0881'] lr = 0.0001735
2025-07-09 17:52:50,278 - PoinTr - INFO - [Epoch 81/200][Batch 601/655] BatchTime = 0.948 (s) DataTime = 0.001 (s) Losses = ['264.8513', '47.5738'] lr = 0.0001735
2025-07-09 17:53:54,005 - PoinTr - INFO - [Training] EPOCH: 81 EpochTime = 781.247 (s) Losses = ['271.4891', '50.7561']
2025-07-09 17:53:54,483 - PoinTr - INFO - Save checkpoint at ./experiments/PoinTr/ShapeNet55_models/PoinTr_fog/ckpt-last.pth
2025-07-09 17:53:55,489 - PoinTr - INFO - [Epoch 82/200][Batch 1/655] BatchTime = 1.004 (s) DataTime = 0.110 (s) Losses = ['265.4162', '50.3469'] lr = 0.0001712
2025-07-09 17:55:55,263 - PoinTr - INFO - [Epoch 82/200][Batch 101/655] BatchTime = 1.151 (s) DataTime = 0.001 (s) Losses = ['242.6279', '45.5252'] lr = 0.0001712
2025-07-09 17:57:53,426 - PoinTr - INFO - [Epoch 82/200][Batch 201/655] BatchTime = 1.487 (s) DataTime = 0.001 (s) Losses = ['255.6211', '51.7438'] lr = 0.0001712
2025-07-09 17:59:53,749 - PoinTr - INFO - [Epoch 82/200][Batch 301/655] BatchTime = 1.374 (s) DataTime = 0.002 (s) Losses = ['250.2327', '47.3300'] lr = 0.0001712
2025-07-09 18:01:56,632 - PoinTr - INFO - [Epoch 82/200][Batch 401/655] BatchTime = 1.570 (s) DataTime = 0.001 (s) Losses = ['317.5834', '56.9246'] lr = 0.0001712
2025-07-09 18:03:58,985 - PoinTr - INFO - [Epoch 82/200][Batch 501/655] BatchTime = 1.481 (s) DataTime = 0.001 (s) Losses = ['232.3054', '42.0220'] lr = 0.0001712
2025-07-09 18:05:55,234 - PoinTr - INFO - [Epoch 82/200][Batch 601/655] BatchTime = 1.514 (s) DataTime = 0.001 (s) Losses = ['249.9785', '48.1318'] lr = 0.0001712
2025-07-09 18:07:02,129 - PoinTr - INFO - [Training] EPOCH: 82 EpochTime = 787.645 (s) Losses = ['271.5715', '50.8406']
2025-07-09 18:07:02,611 - PoinTr - INFO - Save checkpoint at ./experiments/PoinTr/ShapeNet55_models/PoinTr_fog/ckpt-last.pth
2025-07-09 18:07:03,615 - PoinTr - INFO - [Epoch 83/200][Batch 1/655] BatchTime = 1.003 (s) DataTime = 0.112 (s) Losses = ['274.2332', '53.4684'] lr = 0.0001690
2025-07-09 18:09:10,232 - PoinTr - INFO - [Epoch 83/200][Batch 101/655] BatchTime = 1.311 (s) DataTime = 0.001 (s) Losses = ['266.0875', '45.5031'] lr = 0.0001690
2025-07-09 18:11:13,148 - PoinTr - INFO - [Epoch 83/200][Batch 201/655] BatchTime = 1.159 (s) DataTime = 0.001 (s) Losses = ['221.3755', '40.0811'] lr = 0.0001690
2025-07-09 18:13:13,857 - PoinTr - INFO - [Epoch 83/200][Batch 301/655] BatchTime = 0.945 (s) DataTime = 0.001 (s) Losses = ['305.2753', '62.1343'] lr = 0.0001690
2025-07-09 18:15:09,163 - PoinTr - INFO - [Epoch 83/200][Batch 401/655] BatchTime = 0.966 (s) DataTime = 0.001 (s) Losses = ['295.1294', '53.1343'] lr = 0.0001690
2025-07-09 18:17:08,511 - PoinTr - INFO - [Epoch 83/200][Batch 501/655] BatchTime = 1.362 (s) DataTime = 0.001 (s) Losses = ['271.7505', '47.5225'] lr = 0.0001690
2025-07-09 18:19:03,370 - PoinTr - INFO - [Epoch 83/200][Batch 601/655] BatchTime = 0.692 (s) DataTime = 0.001 (s) Losses = ['285.5864', '45.6815'] lr = 0.0001690
2025-07-09 18:20:06,739 - PoinTr - INFO - [Training] EPOCH: 83 EpochTime = 784.128 (s) Losses = ['271.0991', '50.6982']
2025-07-09 18:20:07,219 - PoinTr - INFO - Save checkpoint at ./experiments/PoinTr/ShapeNet55_models/PoinTr_fog/ckpt-last.pth
2025-07-09 18:20:08,210 - PoinTr - INFO - [Epoch 84/200][Batch 1/655] BatchTime = 0.990 (s) DataTime = 0.109 (s) Losses = ['282.6447', '59.3701'] lr = 0.0001668
2025-07-09 18:22:11,011 - PoinTr - INFO - [Epoch 84/200][Batch 101/655] BatchTime = 1.104 (s) DataTime = 0.001 (s) Losses = ['270.1688', '48.1266'] lr = 0.0001668
2025-07-09 18:24:07,843 - PoinTr - INFO - [Epoch 84/200][Batch 201/655] BatchTime = 1.211 (s) DataTime = 0.001 (s) Losses = ['273.2766', '48.1559'] lr = 0.0001668
2025-07-09 18:26:03,283 - PoinTr - INFO - [Epoch 84/200][Batch 301/655] BatchTime = 1.574 (s) DataTime = 0.001 (s) Losses = ['298.5107', '62.4643'] lr = 0.0001668
2025-07-09 18:28:06,952 - PoinTr - INFO - [Epoch 84/200][Batch 401/655] BatchTime = 1.171 (s) DataTime = 0.001 (s) Losses = ['267.5003', '49.8047'] lr = 0.0001668
2025-07-09 18:30:12,551 - PoinTr - INFO - [Epoch 84/200][Batch 501/655] BatchTime = 1.304 (s) DataTime = 0.001 (s) Losses = ['300.3015', '57.5589'] lr = 0.0001668
2025-07-09 18:32:10,318 - PoinTr - INFO - [Epoch 84/200][Batch 601/655] BatchTime = 1.204 (s) DataTime = 0.001 (s) Losses = ['282.4379', '53.6575'] lr = 0.0001668
2025-07-09 18:33:12,672 - PoinTr - INFO - [Training] EPOCH: 84 EpochTime = 785.452 (s) Losses = ['271.6911', '50.7617']
2025-07-09 18:33:13,164 - PoinTr - INFO - Save checkpoint at ./experiments/PoinTr/ShapeNet55_models/PoinTr_fog/ckpt-last.pth
2025-07-09 18:33:14,638 - PoinTr - INFO - [Epoch 85/200][Batch 1/655] BatchTime = 1.473 (s) DataTime = 0.112 (s) Losses = ['250.3447', '46.9462'] lr = 0.0001646
2025-07-09 18:35:18,369 - PoinTr - INFO - [Epoch 85/200][Batch 101/655] BatchTime = 1.097 (s) DataTime = 0.001 (s) Losses = ['270.5032', '51.2911'] lr = 0.0001646
2025-07-09 18:37:20,169 - PoinTr - INFO - [Epoch 85/200][Batch 201/655] BatchTime = 1.663 (s) DataTime = 0.002 (s) Losses = ['277.0003', '47.3283'] lr = 0.0001646
2025-07-09 18:39:15,624 - PoinTr - INFO - [Epoch 85/200][Batch 301/655] BatchTime = 1.168 (s) DataTime = 0.001 (s) Losses = ['261.4870', '42.9153'] lr = 0.0001646
2025-07-09 18:41:15,208 - PoinTr - INFO - [Epoch 85/200][Batch 401/655] BatchTime = 0.977 (s) DataTime = 0.001 (s) Losses = ['279.8646', '49.6246'] lr = 0.0001646
2025-07-09 18:43:18,287 - PoinTr - INFO - [Epoch 85/200][Batch 501/655] BatchTime = 0.732 (s) DataTime = 0.001 (s) Losses = ['290.5943', '53.6618'] lr = 0.0001646
2025-07-09 18:45:20,250 - PoinTr - INFO - [Epoch 85/200][Batch 601/655] BatchTime = 1.200 (s) DataTime = 0.001 (s) Losses = ['248.0050', '45.5798'] lr = 0.0001646
2025-07-09 18:46:25,078 - PoinTr - INFO - [Training] EPOCH: 85 EpochTime = 791.914 (s) Losses = ['271.8884', '50.5475']
2025-07-09 18:46:25,079 - PoinTr - INFO - [VALIDATION] Start validating epoch 85
2025-07-09 18:47:05,019 - PoinTr - INFO - Test[1051/10518] Taxonomy = 02691156 Sample = c7749c0a8b61f43bc9b9e28055202e3d Losses = ['461.7004', '2455.0407', '116.9315', '626.4030'] Metrics = ['0.2285', '116.9314', '626.4030', '0.0000']
2025-07-09 18:47:43,239 - PoinTr - INFO - Test[2102/10518] Taxonomy = 03211117 Sample = ab2f9418c111cc6ddb965514105122a4 Losses = ['39.9252', '13.9663', '32.6542', '6.6909'] Metrics = ['0.2048', '32.6542', '6.6909', '0.0000']
2025-07-09 18:48:20,630 - PoinTr - INFO - Test[3153/10518] Taxonomy = 02876657 Sample = c5032e4be091aabb36fe7a88df793982 Losses = ['195.6961', '692.6872', '44.5202', '36.7488'] Metrics = ['0.2308', '44.5202', '36.7488', '0.0000']
2025-07-09 18:48:59,947 - PoinTr - INFO - Test[4204/10518] Taxonomy = 03211117 Sample = 722df1da5778d45b1e43523279c7f09f Losses = ['150.4435', '886.3358', '59.4092', '75.5020'] Metrics = ['0.2075', '59.4092', '75.5020', '0.0000']
2025-07-09 18:49:38,131 - PoinTr - INFO - Test[5255/10518] Taxonomy = 02828884 Sample = 14b63361a48a9fffe4a048c146e8bd43 Losses = ['57.9495', '74.5507', '40.6461', '12.6742'] Metrics = ['0.3292', '40.6461', '12.6742', '0.0000']
2025-07-09 18:50:16,878 - PoinTr - INFO - Test[6306/10518] Taxonomy = 03211117 Sample = d330d50a0255529d19ed6e1a590c9122 Losses = ['220.0217', '755.4348', '46.5665', '88.9483'] Metrics = ['0.2235', '46.5665', '88.9483', '0.0000']
2025-07-09 18:50:55,756 - PoinTr - INFO - Test[7357/10518] Taxonomy = 04379243 Sample = b1ca280d9567270ade98d10ab5975b59 Losses = ['270.6420', '1220.2295', '46.4147', '79.6339'] Metrics = ['0.1672', '46.4147', '79.6339', '0.0000']
2025-07-09 18:51:33,921 - PoinTr - INFO - Test[8408/10518] Taxonomy = 03001627 Sample = 89208a619341d9fdb8c516ed5c4ce32 Losses = ['91.5387', '251.2780', '33.2222', '22.9440'] Metrics = ['0.1861', '33.2222', '22.9440', '0.0000']
2025-07-09 18:52:11,532 - PoinTr - INFO - Test[9459/10518] Taxonomy = 03001627 Sample = d0255120e3351121c3bd24f986301745 Losses = ['306.3705', '1579.2691', '63.1166', '152.7889'] Metrics = ['0.1441', '63.1166', '152.7889', '0.0000']
2025-07-09 18:52:47,021 - PoinTr - INFO - Test[10510/10518] Taxonomy = 03636649 Sample = ea9ec4d9db2e06202471e6dd5ac3ef92 Losses = ['506.0382', '2729.8882', '83.5126', '329.2342'] Metrics = ['0.3256', '83.5126', '329.2342', '0.0000']
2025-07-09 18:52:47,348 - PoinTr - INFO - [Validation] EPOCH: 85  Metrics = ['0.2390', '66.8141', '252.3919', '0.0000']
2025-07-09 18:52:47,349 - PoinTr - INFO - ============================ TEST RESULTS ============================
2025-07-09 18:52:47,349 - PoinTr - INFO - Taxonomy	#Sample	F-Score	CDL1	CDL2	EMDistance	#ModelName	
2025-07-09 18:52:47,349 - PoinTr - INFO - 03759954	14	0.325 	66.669 	232.983 	0.000 	microphone	
2025-07-09 18:52:47,349 - PoinTr - INFO - 04330267	44	0.204 	63.229 	176.776 	0.000 	stove	
2025-07-09 18:52:47,349 - PoinTr - INFO - 03261776	15	0.199 	80.908 	382.791 	0.000 	earphone	
2025-07-09 18:52:47,349 - PoinTr - INFO - 03513137	33	0.164 	110.923 	585.503 	0.000 	helmet	
2025-07-09 18:52:47,349 - PoinTr - INFO - 04460130	27	0.241 	68.775 	239.210 	0.000 	tower	
2025-07-09 18:52:47,349 - PoinTr - INFO - 04468005	78	0.228 	54.190 	191.863 	0.000 	train	
2025-07-09 18:52:47,349 - PoinTr - INFO - 03761084	31	0.207 	66.410 	176.939 	0.000 	microwaves	
2025-07-09 18:52:47,349 - PoinTr - INFO - 04004475	34	0.194 	72.422 	211.007 	0.000 	printer	
2025-07-09 18:52:47,349 - PoinTr - INFO - 03938244	20	0.236 	82.027 	334.415 	0.000 	pillow	
2025-07-09 18:52:47,349 - PoinTr - INFO - 02992529	167	0.291 	56.678 	212.475 	0.000 	cellphone	
2025-07-09 18:52:47,349 - PoinTr - INFO - 02808440	172	0.190 	74.915 	286.930 	0.000 	bathtub	
2025-07-09 18:52:47,349 - PoinTr - INFO - 04530566	388	0.255 	57.792 	206.886 	0.000 	watercraft	
2025-07-09 18:52:47,349 - PoinTr - INFO - 02871439	91	0.178 	64.609 	201.056 	0.000 	bookshelf	
2025-07-09 18:52:47,349 - PoinTr - INFO - 03593526	120	0.196 	86.003 	404.254 	0.000 	jar	
2025-07-09 18:52:47,349 - PoinTr - INFO - 04554684	34	0.197 	78.779 	286.679 	0.000 	washer	
2025-07-09 18:52:47,349 - PoinTr - INFO - 03467517	160	0.476 	45.681 	119.073 	0.000 	guitar	
2025-07-09 18:52:47,349 - PoinTr - INFO - 04401088	218	0.296 	56.719 	218.869 	0.000 	telephone	
2025-07-09 18:52:47,349 - PoinTr - INFO - 02954340	12	0.228 	79.647 	354.763 	0.000 	cap	
2025-07-09 18:52:47,349 - PoinTr - INFO - 02933112	315	0.183 	63.617 	204.489 	0.000 	cabinet	
2025-07-09 18:52:47,349 - PoinTr - INFO - 03642806	92	0.263 	51.804 	197.336 	0.000 	laptop	
2025-07-09 18:52:47,349 - PoinTr - INFO - 02924116	188	0.223 	58.688 	214.678 	0.000 	bus	
2025-07-09 18:52:47,349 - PoinTr - INFO - 02946921	22	0.221 	76.670 	344.767 	0.000 	can	
2025-07-09 18:52:47,349 - PoinTr - INFO - 02818832	47	0.163 	68.807 	210.472 	0.000 	bed	
2025-07-09 18:52:47,349 - PoinTr - INFO - 04256520	635	0.181 	62.823 	208.838 	0.000 	sofa	
2025-07-09 18:52:47,349 - PoinTr - INFO - 04379243	1687	0.232 	59.216 	214.988 	0.000 	table	
2025-07-09 18:52:47,349 - PoinTr - INFO - 02747177	69	0.166 	73.773 	278.052 	0.000 	trash bin	
2025-07-09 18:52:47,349 - PoinTr - INFO - 03046257	131	0.216 	79.092 	353.469 	0.000 	clock	
2025-07-09 18:52:47,349 - PoinTr - INFO - 04225987	31	0.311 	46.851 	163.525 	0.000 	skateboard	
2025-07-09 18:52:47,349 - PoinTr - INFO - 03797390	43	0.164 	84.060 	388.825 	0.000 	mug	
2025-07-09 18:52:47,349 - PoinTr - INFO - 03001627	1356	0.207 	60.199 	199.227 	0.000 	chair	
2025-07-09 18:52:47,349 - PoinTr - INFO - 03691459	320	0.206 	68.800 	220.231 	0.000 	loudspeaker	
2025-07-09 18:52:47,349 - PoinTr - INFO - 02942699	23	0.176 	81.801 	293.948 	0.000 	camera	
2025-07-09 18:52:47,349 - PoinTr - INFO - 03636649	464	0.287 	62.396 	197.788 	0.000 	lamp	
2025-07-09 18:52:47,349 - PoinTr - INFO - 02691156	809	0.266 	77.631 	458.557 	0.000 	airplane	
2025-07-09 18:52:47,349 - PoinTr - INFO - 02773838	17	0.233 	62.071 	190.252 	0.000 	bag	
2025-07-09 18:52:47,350 - PoinTr - INFO - 02958343	703	0.163 	61.127 	256.531 	0.000 	car	
2025-07-09 18:52:47,350 - PoinTr - INFO - 02880940	38	0.186 	90.877 	461.353 	0.000 	bowl	
2025-07-09 18:52:47,350 - PoinTr - INFO - 04099429	17	0.394 	52.062 	190.521 	0.000 	rocket	
2025-07-09 18:52:47,350 - PoinTr - INFO - 02828884	363	0.227 	58.683 	205.444 	0.000 	bench	
2025-07-09 18:52:47,350 - PoinTr - INFO - 04090263	475	0.456 	42.378 	161.622 	0.000 	rifle	
2025-07-09 18:52:47,350 - PoinTr - INFO - 03211117	219	0.236 	61.031 	209.984 	0.000 	display	
2025-07-09 18:52:47,350 - PoinTr - INFO - 02876657	100	0.279 	62.448 	233.401 	0.000 	bottle	
2025-07-09 18:52:47,350 - PoinTr - INFO - 03710193	19	0.299 	54.778 	142.202 	0.000 	mailbox	
2025-07-09 18:52:47,350 - PoinTr - INFO - 03790512	68	0.171 	63.651 	294.176 	0.000 	motorbike	
2025-07-09 18:52:47,350 - PoinTr - INFO - 03325088	149	0.257 	66.677 	243.674 	0.000 	faucet	
2025-07-09 18:52:47,350 - PoinTr - INFO - 02801938	23	0.185 	76.301 	311.944 	0.000 	basket	
2025-07-09 18:52:47,350 - PoinTr - INFO - 03337140	60	0.189 	59.128 	176.463 	0.000 	file cabinet	
2025-07-09 18:52:47,350 - PoinTr - INFO - 02843684	15	0.172 	79.053 	250.503 	0.000 	birdhouse	
2025-07-09 18:52:47,350 - PoinTr - INFO - 03624134	85	0.508 	55.680 	204.405 	0.000 	knife	
2025-07-09 18:52:47,350 - PoinTr - INFO - 03991062	121	0.154 	90.906 	402.652 	0.000 	flowerpot	
2025-07-09 18:52:47,350 - PoinTr - INFO - 03948459	62	0.304 	51.292 	183.269 	0.000 	pistol	
2025-07-09 18:52:47,350 - PoinTr - INFO - 03928116	48	0.178 	71.549 	220.093 	0.000 	piano	
2025-07-09 18:52:47,350 - PoinTr - INFO - 03207941	19	0.230 	56.603 	133.544 	0.000 	dishwasher	
2025-07-09 18:52:47,350 - PoinTr - INFO - 04074963	14	0.288 	66.608 	273.144 	0.000 	remote	
2025-07-09 18:52:47,350 - PoinTr - INFO - 03085013	13	0.265 	49.271 	164.717 	0.000 	keyboard	
2025-07-09 18:52:47,350 - PoinTr - INFO - Overall		0.239 	66.814 	252.392 	0.000 	
2025-07-09 18:52:47,843 - PoinTr - INFO - Save checkpoint at ./experiments/PoinTr/ShapeNet55_models/PoinTr_fog/ckpt-last.pth
2025-07-09 18:52:48,940 - PoinTr - INFO - [Epoch 86/200][Batch 1/655] BatchTime = 1.096 (s) DataTime = 0.111 (s) Losses = ['270.8179', '50.3447'] lr = 0.0001625
2025-07-09 18:54:47,244 - PoinTr - INFO - [Epoch 86/200][Batch 101/655] BatchTime = 0.784 (s) DataTime = 0.001 (s) Losses = ['287.1675', '51.2555'] lr = 0.0001625
2025-07-09 18:56:48,678 - PoinTr - INFO - [Epoch 86/200][Batch 201/655] BatchTime = 1.179 (s) DataTime = 0.001 (s) Losses = ['272.6704', '49.9926'] lr = 0.0001625
2025-07-09 18:58:45,331 - PoinTr - INFO - [Epoch 86/200][Batch 301/655] BatchTime = 1.224 (s) DataTime = 0.001 (s) Losses = ['256.0681', '46.7122'] lr = 0.0001625
2025-07-09 19:00:46,188 - PoinTr - INFO - [Epoch 86/200][Batch 401/655] BatchTime = 1.231 (s) DataTime = 0.001 (s) Losses = ['281.0782', '51.6916'] lr = 0.0001625
2025-07-09 19:02:45,878 - PoinTr - INFO - [Epoch 86/200][Batch 501/655] BatchTime = 1.136 (s) DataTime = 0.001 (s) Losses = ['286.9104', '52.0818'] lr = 0.0001625
2025-07-09 19:04:43,189 - PoinTr - INFO - [Epoch 86/200][Batch 601/655] BatchTime = 0.799 (s) DataTime = 0.001 (s) Losses = ['306.9561', '61.6633'] lr = 0.0001625
2025-07-09 19:05:48,270 - PoinTr - INFO - [Training] EPOCH: 86 EpochTime = 780.426 (s) Losses = ['270.8907', '50.4604']
2025-07-09 19:05:48,752 - PoinTr - INFO - Save checkpoint at ./experiments/PoinTr/ShapeNet55_models/PoinTr_fog/ckpt-last.pth
2025-07-09 19:05:50,053 - PoinTr - INFO - [Epoch 87/200][Batch 1/655] BatchTime = 1.300 (s) DataTime = 0.112 (s) Losses = ['267.5098', '49.2045'] lr = 0.0001604
2025-07-09 19:07:47,096 - PoinTr - INFO - [Epoch 87/200][Batch 101/655] BatchTime = 1.181 (s) DataTime = 0.001 (s) Losses = ['261.8963', '46.8716'] lr = 0.0001604
2025-07-09 19:09:47,583 - PoinTr - INFO - [Epoch 87/200][Batch 201/655] BatchTime = 0.881 (s) DataTime = 0.001 (s) Losses = ['244.0630', '44.8909'] lr = 0.0001604
2025-07-09 19:11:48,710 - PoinTr - INFO - [Epoch 87/200][Batch 301/655] BatchTime = 1.002 (s) DataTime = 0.001 (s) Losses = ['257.2229', '49.3490'] lr = 0.0001604
2025-07-09 19:13:47,128 - PoinTr - INFO - [Epoch 87/200][Batch 401/655] BatchTime = 1.387 (s) DataTime = 0.001 (s) Losses = ['289.2126', '60.3924'] lr = 0.0001604
2025-07-09 19:15:49,202 - PoinTr - INFO - [Epoch 87/200][Batch 501/655] BatchTime = 0.792 (s) DataTime = 0.001 (s) Losses = ['267.4272', '50.9828'] lr = 0.0001604
2025-07-09 19:17:44,595 - PoinTr - INFO - [Epoch 87/200][Batch 601/655] BatchTime = 1.254 (s) DataTime = 0.001 (s) Losses = ['272.2216', '50.1338'] lr = 0.0001604
2025-07-09 19:18:47,683 - PoinTr - INFO - [Training] EPOCH: 87 EpochTime = 778.930 (s) Losses = ['271.7125', '50.7020']
2025-07-09 19:18:48,172 - PoinTr - INFO - Save checkpoint at ./experiments/PoinTr/ShapeNet55_models/PoinTr_fog/ckpt-last.pth
2025-07-09 19:18:49,464 - PoinTr - INFO - [Epoch 88/200][Batch 1/655] BatchTime = 1.290 (s) DataTime = 0.110 (s) Losses = ['296.3624', '57.6888'] lr = 0.0001583
2025-07-09 19:20:49,871 - PoinTr - INFO - [Epoch 88/200][Batch 101/655] BatchTime = 1.123 (s) DataTime = 0.001 (s) Losses = ['261.4397', '47.2497'] lr = 0.0001583
2025-07-09 19:22:52,276 - PoinTr - INFO - [Epoch 88/200][Batch 201/655] BatchTime = 1.074 (s) DataTime = 0.002 (s) Losses = ['270.4924', '51.8251'] lr = 0.0001583
2025-07-09 19:24:56,518 - PoinTr - INFO - [Epoch 88/200][Batch 301/655] BatchTime = 1.510 (s) DataTime = 0.001 (s) Losses = ['275.7601', '54.5136'] lr = 0.0001583
2025-07-09 19:26:56,220 - PoinTr - INFO - [Epoch 88/200][Batch 401/655] BatchTime = 1.309 (s) DataTime = 0.001 (s) Losses = ['267.5373', '44.8937'] lr = 0.0001583
2025-07-09 19:28:56,079 - PoinTr - INFO - [Epoch 88/200][Batch 501/655] BatchTime = 0.974 (s) DataTime = 0.001 (s) Losses = ['254.6507', '51.4549'] lr = 0.0001583
2025-07-09 19:30:56,111 - PoinTr - INFO - [Epoch 88/200][Batch 601/655] BatchTime = 1.037 (s) DataTime = 0.001 (s) Losses = ['321.4839', '58.3539'] lr = 0.0001583
2025-07-09 19:31:58,797 - PoinTr - INFO - [Training] EPOCH: 88 EpochTime = 790.624 (s) Losses = ['271.6025', '50.5127']
2025-07-09 19:31:59,281 - PoinTr - INFO - Save checkpoint at ./experiments/PoinTr/ShapeNet55_models/PoinTr_fog/ckpt-last.pth
2025-07-09 19:32:01,134 - PoinTr - INFO - [Epoch 89/200][Batch 1/655] BatchTime = 1.852 (s) DataTime = 0.113 (s) Losses = ['264.9907', '45.9127'] lr = 0.0001563
2025-07-09 19:34:02,668 - PoinTr - INFO - [Epoch 89/200][Batch 101/655] BatchTime = 0.795 (s) DataTime = 0.001 (s) Losses = ['265.6532', '48.9179'] lr = 0.0001563
2025-07-09 19:36:01,211 - PoinTr - INFO - [Epoch 89/200][Batch 201/655] BatchTime = 1.288 (s) DataTime = 0.001 (s) Losses = ['269.0209', '50.3160'] lr = 0.0001563
2025-07-09 19:37:57,874 - PoinTr - INFO - [Epoch 89/200][Batch 301/655] BatchTime = 1.081 (s) DataTime = 0.001 (s) Losses = ['270.1589', '46.6929'] lr = 0.0001563
2025-07-09 19:39:57,716 - PoinTr - INFO - [Epoch 89/200][Batch 401/655] BatchTime = 1.439 (s) DataTime = 0.001 (s) Losses = ['281.8957', '58.4571'] lr = 0.0001563
2025-07-09 19:41:51,836 - PoinTr - INFO - [Epoch 89/200][Batch 501/655] BatchTime = 0.612 (s) DataTime = 0.001 (s) Losses = ['269.6174', '46.5390'] lr = 0.0001563
2025-07-09 19:43:51,914 - PoinTr - INFO - [Epoch 89/200][Batch 601/655] BatchTime = 1.005 (s) DataTime = 0.001 (s) Losses = ['265.1967', '53.7539'] lr = 0.0001563
2025-07-09 19:44:54,496 - PoinTr - INFO - [Training] EPOCH: 89 EpochTime = 775.214 (s) Losses = ['272.1512', '50.7483']
2025-07-09 19:44:54,989 - PoinTr - INFO - Save checkpoint at ./experiments/PoinTr/ShapeNet55_models/PoinTr_fog/ckpt-last.pth
2025-07-09 19:44:56,068 - PoinTr - INFO - [Epoch 90/200][Batch 1/655] BatchTime = 1.077 (s) DataTime = 0.112 (s) Losses = ['238.7008', '45.1947'] lr = 0.0001542
2025-07-09 19:46:58,125 - PoinTr - INFO - [Epoch 90/200][Batch 101/655] BatchTime = 0.987 (s) DataTime = 0.001 (s) Losses = ['296.1794', '58.9509'] lr = 0.0001542
2025-07-09 19:48:58,851 - PoinTr - INFO - [Epoch 90/200][Batch 201/655] BatchTime = 1.431 (s) DataTime = 0.001 (s) Losses = ['264.8063', '52.7046'] lr = 0.0001542
2025-07-09 19:51:02,295 - PoinTr - INFO - [Epoch 90/200][Batch 301/655] BatchTime = 1.076 (s) DataTime = 0.001 (s) Losses = ['272.8822', '50.2231'] lr = 0.0001542
2025-07-09 19:53:05,070 - PoinTr - INFO - [Epoch 90/200][Batch 401/655] BatchTime = 1.333 (s) DataTime = 0.001 (s) Losses = ['270.2443', '50.5711'] lr = 0.0001542
2025-07-09 19:55:01,066 - PoinTr - INFO - [Epoch 90/200][Batch 501/655] BatchTime = 0.728 (s) DataTime = 0.001 (s) Losses = ['267.6011', '52.3748'] lr = 0.0001542
2025-07-09 19:56:59,862 - PoinTr - INFO - [Epoch 90/200][Batch 601/655] BatchTime = 1.084 (s) DataTime = 0.001 (s) Losses = ['278.5029', '54.1723'] lr = 0.0001542
2025-07-09 19:58:05,577 - PoinTr - INFO - [Training] EPOCH: 90 EpochTime = 790.587 (s) Losses = ['270.4396', '50.3155']
2025-07-09 19:58:05,578 - PoinTr - INFO - [VALIDATION] Start validating epoch 90
2025-07-09 19:58:44,880 - PoinTr - INFO - Test[1051/10518] Taxonomy = 02691156 Sample = c7749c0a8b61f43bc9b9e28055202e3d Losses = ['221.5334', '1143.2772', '37.6895', '101.3746'] Metrics = ['0.3337', '37.6895', '101.3746', '0.0000']
2025-07-09 19:59:21,319 - PoinTr - INFO - Test[2102/10518] Taxonomy = 03211117 Sample = ab2f9418c111cc6ddb965514105122a4 Losses = ['62.2837', '224.4822', '26.5650', '61.1970'] Metrics = ['0.2287', '26.5650', '61.1970', '0.0000']
2025-07-09 19:59:58,893 - PoinTr - INFO - Test[3153/10518] Taxonomy = 02876657 Sample = c5032e4be091aabb36fe7a88df793982 Losses = ['428.9657', '2031.5835', '60.2990', '142.5389'] Metrics = ['0.2453', '60.2990', '142.5389', '0.0000']
2025-07-09 20:00:38,132 - PoinTr - INFO - Test[4204/10518] Taxonomy = 03211117 Sample = 722df1da5778d45b1e43523279c7f09f Losses = ['492.3778', '3107.6615', '74.4026', '364.4694'] Metrics = ['0.2222', '74.4026', '364.4695', '0.0000']
2025-07-09 20:01:16,573 - PoinTr - INFO - Test[5255/10518] Taxonomy = 02828884 Sample = 14b63361a48a9fffe4a048c146e8bd43 Losses = ['183.5926', '662.3242', '38.0638', '44.6225'] Metrics = ['0.2488', '38.0638', '44.6225', '0.0000']
2025-07-09 20:01:53,630 - PoinTr - INFO - Test[6306/10518] Taxonomy = 03211117 Sample = d330d50a0255529d19ed6e1a590c9122 Losses = ['260.5280', '702.2855', '52.7716', '148.9309'] Metrics = ['0.3121', '52.7716', '148.9309', '0.0000']
2025-07-09 20:02:31,552 - PoinTr - INFO - Test[7357/10518] Taxonomy = 04379243 Sample = b1ca280d9567270ade98d10ab5975b59 Losses = ['408.5479', '2121.4616', '70.1929', '312.9394'] Metrics = ['0.2405', '70.1929', '312.9394', '0.0000']
2025-07-09 20:03:09,648 - PoinTr - INFO - Test[8408/10518] Taxonomy = 03001627 Sample = 89208a619341d9fdb8c516ed5c4ce32 Losses = ['166.1178', '504.5626', '33.5320', '40.5813'] Metrics = ['0.1944', '33.5320', '40.5813', '0.0000']
2025-07-09 20:03:47,444 - PoinTr - INFO - Test[9459/10518] Taxonomy = 03001627 Sample = d0255120e3351121c3bd24f986301745 Losses = ['83.3598', '134.5624', '36.4719', '14.0489'] Metrics = ['0.2019', '36.4719', '14.0489', '0.0000']
2025-07-09 20:04:25,324 - PoinTr - INFO - Test[10510/10518] Taxonomy = 03636649 Sample = ea9ec4d9db2e06202471e6dd5ac3ef92 Losses = ['370.1000', '1356.3724', '100.6313', '234.4600'] Metrics = ['0.2306', '100.6313', '234.4600', '0.0000']
2025-07-09 20:04:25,685 - PoinTr - INFO - [Validation] EPOCH: 90  Metrics = ['0.2577', '59.8885', '248.6189', '0.0000']
2025-07-09 20:04:25,686 - PoinTr - INFO - ============================ TEST RESULTS ============================
2025-07-09 20:04:25,686 - PoinTr - INFO - Taxonomy	#Sample	F-Score	CDL1	CDL2	EMDistance	#ModelName	
2025-07-09 20:04:25,686 - PoinTr - INFO - 03759954	14	0.356 	51.033 	158.836 	0.000 	microphone	
2025-07-09 20:04:25,686 - PoinTr - INFO - 04330267	44	0.213 	53.197 	153.063 	0.000 	stove	
2025-07-09 20:04:25,686 - PoinTr - INFO - 03261776	15	0.224 	60.706 	245.383 	0.000 	earphone	
2025-07-09 20:04:25,686 - PoinTr - INFO - 03513137	33	0.177 	97.527 	548.284 	0.000 	helmet	
2025-07-09 20:04:25,686 - PoinTr - INFO - 04460130	27	0.274 	53.674 	207.361 	0.000 	tower	
2025-07-09 20:04:25,686 - PoinTr - INFO - 04468005	78	0.261 	48.970 	189.106 	0.000 	train	
2025-07-09 20:04:25,686 - PoinTr - INFO - 03761084	31	0.210 	62.810 	223.568 	0.000 	microwaves	
2025-07-09 20:04:25,686 - PoinTr - INFO - 04004475	34	0.206 	57.943 	166.792 	0.000 	printer	
2025-07-09 20:04:25,686 - PoinTr - INFO - 03938244	20	0.243 	62.520 	215.003 	0.000 	pillow	
2025-07-09 20:04:25,686 - PoinTr - INFO - 02992529	167	0.294 	50.922 	212.893 	0.000 	cellphone	
2025-07-09 20:04:25,686 - PoinTr - INFO - 02808440	172	0.206 	58.097 	210.749 	0.000 	bathtub	
2025-07-09 20:04:25,686 - PoinTr - INFO - 04530566	388	0.311 	50.448 	212.490 	0.000 	watercraft	
2025-07-09 20:04:25,686 - PoinTr - INFO - 02871439	91	0.183 	59.192 	200.700 	0.000 	bookshelf	
2025-07-09 20:04:25,686 - PoinTr - INFO - 03593526	120	0.210 	72.318 	321.524 	0.000 	jar	
2025-07-09 20:04:25,686 - PoinTr - INFO - 04554684	34	0.206 	68.156 	229.783 	0.000 	washer	
2025-07-09 20:04:25,686 - PoinTr - INFO - 03467517	160	0.459 	35.546 	126.038 	0.000 	guitar	
2025-07-09 20:04:25,686 - PoinTr - INFO - 04401088	218	0.293 	52.203 	226.745 	0.000 	telephone	
2025-07-09 20:04:25,686 - PoinTr - INFO - 02954340	12	0.214 	90.507 	486.791 	0.000 	cap	
2025-07-09 20:04:25,686 - PoinTr - INFO - 02933112	315	0.188 	57.656 	192.004 	0.000 	cabinet	
2025-07-09 20:04:25,686 - PoinTr - INFO - 03642806	92	0.301 	41.776 	158.730 	0.000 	laptop	
2025-07-09 20:04:25,686 - PoinTr - INFO - 02924116	188	0.251 	51.677 	206.058 	0.000 	bus	
2025-07-09 20:04:25,686 - PoinTr - INFO - 02946921	22	0.232 	61.700 	246.094 	0.000 	can	
2025-07-09 20:04:25,686 - PoinTr - INFO - 02818832	47	0.185 	56.377 	161.907 	0.000 	bed	
2025-07-09 20:04:25,686 - PoinTr - INFO - 04256520	635	0.193 	56.985 	198.366 	0.000 	sofa	
2025-07-09 20:04:25,686 - PoinTr - INFO - 04379243	1687	0.254 	54.258 	210.387 	0.000 	table	
2025-07-09 20:04:25,686 - PoinTr - INFO - 02747177	69	0.174 	63.287 	243.641 	0.000 	trash bin	
2025-07-09 20:04:25,686 - PoinTr - INFO - 03046257	131	0.225 	77.422 	421.543 	0.000 	clock	
2025-07-09 20:04:25,686 - PoinTr - INFO - 04225987	31	0.397 	45.744 	202.598 	0.000 	skateboard	
2025-07-09 20:04:25,686 - PoinTr - INFO - 03797390	43	0.170 	76.032 	347.823 	0.000 	mug	
2025-07-09 20:04:25,686 - PoinTr - INFO - 03001627	1356	0.224 	55.382 	192.960 	0.000 	chair	
2025-07-09 20:04:25,686 - PoinTr - INFO - 03691459	320	0.202 	61.657 	204.325 	0.000 	loudspeaker	
2025-07-09 20:04:25,686 - PoinTr - INFO - 02942699	23	0.177 	81.948 	353.965 	0.000 	camera	
2025-07-09 20:04:25,686 - PoinTr - INFO - 03636649	464	0.301 	58.806 	229.296 	0.000 	lamp	
2025-07-09 20:04:25,686 - PoinTr - INFO - 02691156	809	0.360 	64.887 	409.407 	0.000 	airplane	
2025-07-09 20:04:25,686 - PoinTr - INFO - 02773838	17	0.244 	61.908 	223.472 	0.000 	bag	
2025-07-09 20:04:25,686 - PoinTr - INFO - 02958343	703	0.178 	59.626 	252.311 	0.000 	car	
2025-07-09 20:04:25,686 - PoinTr - INFO - 02880940	38	0.188 	112.271 	797.470 	0.000 	bowl	
2025-07-09 20:04:25,686 - PoinTr - INFO - 04099429	17	0.471 	42.116 	161.322 	0.000 	rocket	
2025-07-09 20:04:25,686 - PoinTr - INFO - 02828884	363	0.269 	54.242 	225.233 	0.000 	bench	
2025-07-09 20:04:25,686 - PoinTr - INFO - 04090263	475	0.519 	40.767 	182.868 	0.000 	rifle	
2025-07-09 20:04:25,686 - PoinTr - INFO - 03211117	219	0.231 	58.139 	229.086 	0.000 	display	
2025-07-09 20:04:25,686 - PoinTr - INFO - 02876657	100	0.295 	50.089 	193.264 	0.000 	bottle	
2025-07-09 20:04:25,686 - PoinTr - INFO - 03710193	19	0.307 	44.016 	122.205 	0.000 	mailbox	
2025-07-09 20:04:25,686 - PoinTr - INFO - 03790512	68	0.177 	72.718 	381.641 	0.000 	motorbike	
2025-07-09 20:04:25,686 - PoinTr - INFO - 03325088	149	0.271 	62.735 	257.409 	0.000 	faucet	
2025-07-09 20:04:25,686 - PoinTr - INFO - 02801938	23	0.193 	73.220 	348.960 	0.000 	basket	
2025-07-09 20:04:25,686 - PoinTr - INFO - 03337140	60	0.190 	60.342 	197.960 	0.000 	file cabinet	
2025-07-09 20:04:25,686 - PoinTr - INFO - 02843684	15	0.190 	68.824 	252.127 	0.000 	birdhouse	
2025-07-09 20:04:25,686 - PoinTr - INFO - 03624134	85	0.546 	36.642 	148.863 	0.000 	knife	
2025-07-09 20:04:25,686 - PoinTr - INFO - 03991062	121	0.166 	77.873 	364.919 	0.000 	flowerpot	
2025-07-09 20:04:25,686 - PoinTr - INFO - 03948459	62	0.333 	47.943 	201.388 	0.000 	pistol	
2025-07-09 20:04:25,687 - PoinTr - INFO - 03928116	48	0.191 	61.840 	216.430 	0.000 	piano	
2025-07-09 20:04:25,687 - PoinTr - INFO - 03207941	19	0.220 	55.336 	170.778 	0.000 	dishwasher	
2025-07-09 20:04:25,687 - PoinTr - INFO - 04074963	14	0.293 	53.028 	195.368 	0.000 	remote	
2025-07-09 20:04:25,687 - PoinTr - INFO - 03085013	13	0.327 	48.833 	236.755 	0.000 	keyboard	
2025-07-09 20:04:25,687 - PoinTr - INFO - Overall		0.258 	59.889 	248.619 	0.000 	
2025-07-09 20:04:26,179 - PoinTr - INFO - Save checkpoint at ./experiments/PoinTr/ShapeNet55_models/PoinTr_fog/ckpt-last.pth
2025-07-09 20:04:27,534 - PoinTr - INFO - [Epoch 91/200][Batch 1/655] BatchTime = 1.354 (s) DataTime = 0.116 (s) Losses = ['280.4606', '48.6963'] lr = 0.0001522
2025-07-09 20:06:31,081 - PoinTr - INFO - [Epoch 91/200][Batch 101/655] BatchTime = 1.342 (s) DataTime = 0.001 (s) Losses = ['270.5097', '45.2994'] lr = 0.0001522
2025-07-09 20:08:31,312 - PoinTr - INFO - [Epoch 91/200][Batch 201/655] BatchTime = 0.919 (s) DataTime = 0.002 (s) Losses = ['243.3245', '46.2301'] lr = 0.0001522
2025-07-09 20:10:33,602 - PoinTr - INFO - [Epoch 91/200][Batch 301/655] BatchTime = 1.181 (s) DataTime = 0.001 (s) Losses = ['269.5993', '50.9143'] lr = 0.0001522
2025-07-09 20:12:36,802 - PoinTr - INFO - [Epoch 91/200][Batch 401/655] BatchTime = 1.745 (s) DataTime = 0.001 (s) Losses = ['293.3213', '53.6816'] lr = 0.0001522
2025-07-09 20:14:33,559 - PoinTr - INFO - [Epoch 91/200][Batch 501/655] BatchTime = 1.145 (s) DataTime = 0.001 (s) Losses = ['263.1143', '47.8410'] lr = 0.0001522
2025-07-09 20:16:32,811 - PoinTr - INFO - [Epoch 91/200][Batch 601/655] BatchTime = 1.056 (s) DataTime = 0.001 (s) Losses = ['277.9927', '49.0924'] lr = 0.0001522
2025-07-09 20:17:40,605 - PoinTr - INFO - [Training] EPOCH: 91 EpochTime = 794.425 (s) Losses = ['272.2623', '50.6579']
2025-07-09 20:17:41,092 - PoinTr - INFO - Save checkpoint at ./experiments/PoinTr/ShapeNet55_models/PoinTr_fog/ckpt-last.pth
2025-07-09 20:17:42,746 - PoinTr - INFO - [Epoch 92/200][Batch 1/655] BatchTime = 1.653 (s) DataTime = 0.113 (s) Losses = ['275.2077', '52.0825'] lr = 0.0001503
2025-07-09 20:19:45,891 - PoinTr - INFO - [Epoch 92/200][Batch 101/655] BatchTime = 1.413 (s) DataTime = 0.001 (s) Losses = ['271.8813', '53.8995'] lr = 0.0001503
2025-07-09 20:21:52,204 - PoinTr - INFO - [Epoch 92/200][Batch 201/655] BatchTime = 1.308 (s) DataTime = 0.002 (s) Losses = ['282.6711', '47.2484'] lr = 0.0001503
2025-07-09 20:23:53,902 - PoinTr - INFO - [Epoch 92/200][Batch 301/655] BatchTime = 1.143 (s) DataTime = 0.001 (s) Losses = ['245.7868', '47.9039'] lr = 0.0001503
2025-07-09 20:26:01,740 - PoinTr - INFO - [Epoch 92/200][Batch 401/655] BatchTime = 1.107 (s) DataTime = 0.001 (s) Losses = ['281.2364', '48.7525'] lr = 0.0001503
2025-07-09 20:28:04,407 - PoinTr - INFO - [Epoch 92/200][Batch 501/655] BatchTime = 1.376 (s) DataTime = 0.001 (s) Losses = ['292.4101', '53.7768'] lr = 0.0001503
2025-07-09 20:30:10,991 - PoinTr - INFO - [Epoch 92/200][Batch 601/655] BatchTime = 1.295 (s) DataTime = 0.002 (s) Losses = ['223.5830', '44.5403'] lr = 0.0001503
2025-07-09 20:31:19,244 - PoinTr - INFO - [Training] EPOCH: 92 EpochTime = 818.151 (s) Losses = ['271.4271', '50.4545']
2025-07-09 20:31:19,740 - PoinTr - INFO - Save checkpoint at ./experiments/PoinTr/ShapeNet55_models/PoinTr_fog/ckpt-last.pth
2025-07-09 20:31:21,491 - PoinTr - INFO - [Epoch 93/200][Batch 1/655] BatchTime = 1.750 (s) DataTime = 0.113 (s) Losses = ['234.3205', '43.2671'] lr = 0.0001483
2025-07-09 20:33:17,914 - PoinTr - INFO - [Epoch 93/200][Batch 101/655] BatchTime = 1.135 (s) DataTime = 0.001 (s) Losses = ['274.2366', '48.9944'] lr = 0.0001483
2025-07-09 20:35:16,466 - PoinTr - INFO - [Epoch 93/200][Batch 201/655] BatchTime = 1.176 (s) DataTime = 0.001 (s) Losses = ['264.3726', '49.8112'] lr = 0.0001483
2025-07-09 20:37:14,703 - PoinTr - INFO - [Epoch 93/200][Batch 301/655] BatchTime = 1.155 (s) DataTime = 0.002 (s) Losses = ['288.1431', '54.9808'] lr = 0.0001483
2025-07-09 20:39:18,599 - PoinTr - INFO - [Epoch 93/200][Batch 401/655] BatchTime = 1.219 (s) DataTime = 0.001 (s) Losses = ['291.0648', '57.8107'] lr = 0.0001483
2025-07-09 20:41:25,271 - PoinTr - INFO - [Epoch 93/200][Batch 501/655] BatchTime = 1.220 (s) DataTime = 0.001 (s) Losses = ['287.3185', '52.9381'] lr = 0.0001483
2025-07-09 20:43:29,335 - PoinTr - INFO - [Epoch 93/200][Batch 601/655] BatchTime = 1.380 (s) DataTime = 0.001 (s) Losses = ['252.2194', '44.4948'] lr = 0.0001483
2025-07-09 20:44:34,569 - PoinTr - INFO - [Training] EPOCH: 93 EpochTime = 794.828 (s) Losses = ['271.2136', '50.3887']
2025-07-09 20:44:35,057 - PoinTr - INFO - Save checkpoint at ./experiments/PoinTr/ShapeNet55_models/PoinTr_fog/ckpt-last.pth
2025-07-09 20:44:36,437 - PoinTr - INFO - [Epoch 94/200][Batch 1/655] BatchTime = 1.379 (s) DataTime = 0.109 (s) Losses = ['265.4070', '44.3055'] lr = 0.0001464
2025-07-09 20:46:40,730 - PoinTr - INFO - [Epoch 94/200][Batch 101/655] BatchTime = 1.020 (s) DataTime = 0.002 (s) Losses = ['313.0059', '57.7292'] lr = 0.0001464
2025-07-09 20:48:42,637 - PoinTr - INFO - [Epoch 94/200][Batch 201/655] BatchTime = 1.351 (s) DataTime = 0.001 (s) Losses = ['270.3837', '53.8821'] lr = 0.0001464
2025-07-09 20:50:46,368 - PoinTr - INFO - [Epoch 94/200][Batch 301/655] BatchTime = 1.288 (s) DataTime = 0.002 (s) Losses = ['270.7445', '51.4249'] lr = 0.0001464
2025-07-09 20:52:47,360 - PoinTr - INFO - [Epoch 94/200][Batch 401/655] BatchTime = 1.276 (s) DataTime = 0.001 (s) Losses = ['253.7740', '46.6053'] lr = 0.0001464
2025-07-09 20:54:52,468 - PoinTr - INFO - [Epoch 94/200][Batch 501/655] BatchTime = 1.006 (s) DataTime = 0.001 (s) Losses = ['256.0459', '46.3565'] lr = 0.0001464
2025-07-09 20:56:52,376 - PoinTr - INFO - [Epoch 94/200][Batch 601/655] BatchTime = 1.249 (s) DataTime = 0.002 (s) Losses = ['303.0520', '66.9705'] lr = 0.0001464
2025-07-09 20:58:00,320 - PoinTr - INFO - [Training] EPOCH: 94 EpochTime = 805.262 (s) Losses = ['271.0547', '50.4108']
2025-07-09 20:58:00,803 - PoinTr - INFO - Save checkpoint at ./experiments/PoinTr/ShapeNet55_models/PoinTr_fog/ckpt-last.pth
2025-07-09 20:58:02,114 - PoinTr - INFO - [Epoch 95/200][Batch 1/655] BatchTime = 1.310 (s) DataTime = 0.112 (s) Losses = ['291.3983', '52.7824'] lr = 0.0001445
2025-07-09 21:00:03,872 - PoinTr - INFO - [Epoch 95/200][Batch 101/655] BatchTime = 0.988 (s) DataTime = 0.002 (s) Losses = ['241.4692', '53.3545'] lr = 0.0001445
2025-07-09 21:02:06,432 - PoinTr - INFO - [Epoch 95/200][Batch 201/655] BatchTime = 1.021 (s) DataTime = 0.002 (s) Losses = ['268.4911', '46.2656'] lr = 0.0001445
2025-07-09 21:04:11,619 - PoinTr - INFO - [Epoch 95/200][Batch 301/655] BatchTime = 0.982 (s) DataTime = 0.001 (s) Losses = ['267.7566', '53.3529'] lr = 0.0001445
2025-07-09 21:06:16,423 - PoinTr - INFO - [Epoch 95/200][Batch 401/655] BatchTime = 1.160 (s) DataTime = 0.001 (s) Losses = ['266.6752', '46.3995'] lr = 0.0001445
2025-07-09 21:08:18,152 - PoinTr - INFO - [Epoch 95/200][Batch 501/655] BatchTime = 1.109 (s) DataTime = 0.001 (s) Losses = ['259.3048', '49.0107'] lr = 0.0001445
2025-07-09 21:10:21,160 - PoinTr - INFO - [Epoch 95/200][Batch 601/655] BatchTime = 1.595 (s) DataTime = 0.001 (s) Losses = ['254.5848', '48.6444'] lr = 0.0001445
2025-07-09 21:11:23,793 - PoinTr - INFO - [Training] EPOCH: 95 EpochTime = 802.989 (s) Losses = ['271.4196', '50.3467']
2025-07-09 21:11:23,793 - PoinTr - INFO - [VALIDATION] Start validating epoch 95
2025-07-09 21:12:02,241 - PoinTr - INFO - Test[1051/10518] Taxonomy = 02691156 Sample = c7749c0a8b61f43bc9b9e28055202e3d Losses = ['67.6961', '238.6770', '27.1893', '36.0331'] Metrics = ['0.2729', '27.1893', '36.0331', '0.0000']
2025-07-09 21:12:41,390 - PoinTr - INFO - Test[2102/10518] Taxonomy = 03211117 Sample = ab2f9418c111cc6ddb965514105122a4 Losses = ['500.4074', '2937.8848', '59.0589', '365.3388'] Metrics = ['0.4213', '59.0589', '365.3388', '0.0000']
2025-07-09 21:13:19,517 - PoinTr - INFO - Test[3153/10518] Taxonomy = 02876657 Sample = c5032e4be091aabb36fe7a88df793982 Losses = ['284.0070', '942.5688', '48.4320', '73.1323'] Metrics = ['0.2287', '48.4320', '73.1323', '0.0000']
2025-07-09 21:13:58,355 - PoinTr - INFO - Test[4204/10518] Taxonomy = 03211117 Sample = 722df1da5778d45b1e43523279c7f09f Losses = ['84.6933', '246.8807', '32.1461', '25.4133'] Metrics = ['0.2222', '32.1461', '25.4133', '0.0000']
2025-07-09 21:14:36,823 - PoinTr - INFO - Test[5255/10518] Taxonomy = 02828884 Sample = 14b63361a48a9fffe4a048c146e8bd43 Losses = ['389.8077', '1583.9047', '39.8527', '120.4971'] Metrics = ['0.3471', '39.8527', '120.4971', '0.0000']
2025-07-09 21:15:14,062 - PoinTr - INFO - Test[6306/10518] Taxonomy = 03211117 Sample = d330d50a0255529d19ed6e1a590c9122 Losses = ['65.9271', '194.4627', '20.6230', '14.5035'] Metrics = ['0.2480', '20.6230', '14.5035', '0.0000']
2025-07-09 21:15:50,694 - PoinTr - INFO - Test[7357/10518] Taxonomy = 04379243 Sample = b1ca280d9567270ade98d10ab5975b59 Losses = ['604.6346', '5148.3073', '119.3438', '1077.4071'] Metrics = ['0.2096', '119.3438', '1077.4071', '0.0000']
2025-07-09 21:16:28,012 - PoinTr - INFO - Test[8408/10518] Taxonomy = 03001627 Sample = 89208a619341d9fdb8c516ed5c4ce32 Losses = ['82.2533', '211.3961', '24.7077', '10.3614'] Metrics = ['0.2340', '24.7077', '10.3614', '0.0000']
2025-07-09 21:17:04,175 - PoinTr - INFO - Test[9459/10518] Taxonomy = 03001627 Sample = d0255120e3351121c3bd24f986301745 Losses = ['162.4038', '609.1449', '43.0304', '61.6427'] Metrics = ['0.1821', '43.0304', '61.6427', '0.0000']
2025-07-09 21:17:41,468 - PoinTr - INFO - Test[10510/10518] Taxonomy = 03636649 Sample = ea9ec4d9db2e06202471e6dd5ac3ef92 Losses = ['108.1196', '684.9614', '22.0083', '35.5802'] Metrics = ['0.4892', '22.0083', '35.5802', '0.0000']
2025-07-09 21:17:41,997 - PoinTr - INFO - [Validation] EPOCH: 95  Metrics = ['0.2732', '58.2754', '254.2384', '0.0000']
2025-07-09 21:17:41,997 - PoinTr - INFO - ============================ TEST RESULTS ============================
2025-07-09 21:17:41,997 - PoinTr - INFO - Taxonomy	#Sample	F-Score	CDL1	CDL2	EMDistance	#ModelName	
2025-07-09 21:17:41,997 - PoinTr - INFO - 03759954	14	0.374 	61.502 	264.939 	0.000 	microphone	
2025-07-09 21:17:41,997 - PoinTr - INFO - 04330267	44	0.218 	54.770 	186.961 	0.000 	stove	
2025-07-09 21:17:41,997 - PoinTr - INFO - 03261776	15	0.249 	65.951 	303.153 	0.000 	earphone	
2025-07-09 21:17:41,997 - PoinTr - INFO - 03513137	33	0.185 	83.087 	402.158 	0.000 	helmet	
2025-07-09 21:17:41,997 - PoinTr - INFO - 04460130	27	0.304 	53.290 	211.734 	0.000 	tower	
2025-07-09 21:17:41,997 - PoinTr - INFO - 04468005	78	0.271 	54.896 	251.209 	0.000 	train	
2025-07-09 21:17:41,997 - PoinTr - INFO - 03761084	31	0.228 	52.027 	169.285 	0.000 	microwaves	
2025-07-09 21:17:41,997 - PoinTr - INFO - 04004475	34	0.210 	70.713 	283.572 	0.000 	printer	
2025-07-09 21:17:41,997 - PoinTr - INFO - 03938244	20	0.258 	79.573 	411.556 	0.000 	pillow	
2025-07-09 21:17:41,997 - PoinTr - INFO - 02992529	167	0.317 	46.916 	215.144 	0.000 	cellphone	
2025-07-09 21:17:41,997 - PoinTr - INFO - 02808440	172	0.217 	65.734 	285.764 	0.000 	bathtub	
2025-07-09 21:17:41,997 - PoinTr - INFO - 04530566	388	0.307 	52.248 	225.510 	0.000 	watercraft	
2025-07-09 21:17:41,997 - PoinTr - INFO - 02871439	91	0.187 	57.960 	196.722 	0.000 	bookshelf	
2025-07-09 21:17:41,997 - PoinTr - INFO - 03593526	120	0.215 	73.898 	375.907 	0.000 	jar	
2025-07-09 21:17:41,997 - PoinTr - INFO - 04554684	34	0.223 	66.027 	234.234 	0.000 	washer	
2025-07-09 21:17:41,997 - PoinTr - INFO - 03467517	160	0.577 	34.378 	138.122 	0.000 	guitar	
2025-07-09 21:17:41,997 - PoinTr - INFO - 04401088	218	0.311 	48.658 	231.158 	0.000 	telephone	
2025-07-09 21:17:41,997 - PoinTr - INFO - 02954340	12	0.251 	65.086 	306.333 	0.000 	cap	
2025-07-09 21:17:41,997 - PoinTr - INFO - 02933112	315	0.207 	52.405 	186.961 	0.000 	cabinet	
2025-07-09 21:17:41,997 - PoinTr - INFO - 03642806	92	0.318 	39.695 	158.623 	0.000 	laptop	
2025-07-09 21:17:41,997 - PoinTr - INFO - 02924116	188	0.272 	52.901 	218.454 	0.000 	bus	
2025-07-09 21:17:41,997 - PoinTr - INFO - 02946921	22	0.234 	64.994 	300.239 	0.000 	can	
2025-07-09 21:17:41,997 - PoinTr - INFO - 02818832	47	0.185 	59.462 	210.361 	0.000 	bed	
2025-07-09 21:17:41,997 - PoinTr - INFO - 04256520	635	0.197 	58.327 	221.294 	0.000 	sofa	
2025-07-09 21:17:41,997 - PoinTr - INFO - 04379243	1687	0.290 	50.272 	204.435 	0.000 	table	
2025-07-09 21:17:41,997 - PoinTr - INFO - 02747177	69	0.187 	65.084 	291.194 	0.000 	trash bin	
2025-07-09 21:17:41,997 - PoinTr - INFO - 03046257	131	0.247 	66.763 	353.684 	0.000 	clock	
2025-07-09 21:17:41,997 - PoinTr - INFO - 04225987	31	0.382 	51.317 	256.142 	0.000 	skateboard	
2025-07-09 21:17:41,997 - PoinTr - INFO - 03797390	43	0.181 	81.967 	423.190 	0.000 	mug	
2025-07-09 21:17:41,997 - PoinTr - INFO - 03001627	1356	0.241 	52.595 	194.889 	0.000 	chair	
2025-07-09 21:17:41,997 - PoinTr - INFO - 03691459	320	0.220 	62.192 	241.267 	0.000 	loudspeaker	
2025-07-09 21:17:41,997 - PoinTr - INFO - 02942699	23	0.175 	64.033 	218.408 	0.000 	camera	
2025-07-09 21:17:41,997 - PoinTr - INFO - 03636649	464	0.331 	54.515 	219.320 	0.000 	lamp	
2025-07-09 21:17:41,997 - PoinTr - INFO - 02691156	809	0.337 	64.839 	410.067 	0.000 	airplane	
2025-07-09 21:17:41,998 - PoinTr - INFO - 02773838	17	0.233 	66.045 	278.935 	0.000 	bag	
2025-07-09 21:17:41,998 - PoinTr - INFO - 02958343	703	0.181 	59.229 	257.094 	0.000 	car	
2025-07-09 21:17:41,998 - PoinTr - INFO - 02880940	38	0.199 	92.402 	619.555 	0.000 	bowl	
2025-07-09 21:17:41,998 - PoinTr - INFO - 04099429	17	0.450 	42.724 	168.916 	0.000 	rocket	
2025-07-09 21:17:41,998 - PoinTr - INFO - 02828884	363	0.291 	49.599 	207.227 	0.000 	bench	
2025-07-09 21:17:41,998 - PoinTr - INFO - 04090263	475	0.504 	38.923 	166.988 	0.000 	rifle	
2025-07-09 21:17:41,998 - PoinTr - INFO - 03211117	219	0.259 	52.193 	213.219 	0.000 	display	
2025-07-09 21:17:41,998 - PoinTr - INFO - 02876657	100	0.303 	53.602 	234.762 	0.000 	bottle	
2025-07-09 21:17:41,998 - PoinTr - INFO - 03710193	19	0.345 	43.560 	148.525 	0.000 	mailbox	
2025-07-09 21:17:41,998 - PoinTr - INFO - 03790512	68	0.177 	65.692 	313.347 	0.000 	motorbike	
2025-07-09 21:17:41,998 - PoinTr - INFO - 03325088	149	0.289 	62.362 	280.847 	0.000 	faucet	
2025-07-09 21:17:41,998 - PoinTr - INFO - 02801938	23	0.212 	78.020 	426.014 	0.000 	basket	
2025-07-09 21:17:41,998 - PoinTr - INFO - 03337140	60	0.224 	47.436 	148.528 	0.000 	file cabinet	
2025-07-09 21:17:41,998 - PoinTr - INFO - 02843684	15	0.187 	69.832 	243.072 	0.000 	birdhouse	
2025-07-09 21:17:41,998 - PoinTr - INFO - 03624134	85	0.615 	36.444 	164.423 	0.000 	knife	
2025-07-09 21:17:41,998 - PoinTr - INFO - 03991062	121	0.173 	81.515 	409.198 	0.000 	flowerpot	
2025-07-09 21:17:41,998 - PoinTr - INFO - 03948459	62	0.341 	46.688 	190.884 	0.000 	pistol	
2025-07-09 21:17:41,998 - PoinTr - INFO - 03928116	48	0.213 	61.601 	232.838 	0.000 	piano	
2025-07-09 21:17:41,998 - PoinTr - INFO - 03207941	19	0.235 	51.295 	168.470 	0.000 	dishwasher	
2025-07-09 21:17:41,998 - PoinTr - INFO - 04074963	14	0.323 	36.432 	119.528 	0.000 	remote	
2025-07-09 21:17:41,998 - PoinTr - INFO - 03085013	13	0.365 	41.472 	188.753 	0.000 	keyboard	
2025-07-09 21:17:41,998 - PoinTr - INFO - Overall		0.273 	58.275 	254.238 	0.000 	
2025-07-09 21:17:42,494 - PoinTr - INFO - Save checkpoint at ./experiments/PoinTr/ShapeNet55_models/PoinTr_fog/ckpt-last.pth
2025-07-09 21:17:43,741 - PoinTr - INFO - [Epoch 96/200][Batch 1/655] BatchTime = 1.246 (s) DataTime = 0.120 (s) Losses = ['269.2668', '43.7205'] lr = 0.0001426
2025-07-09 21:19:45,294 - PoinTr - INFO - [Epoch 96/200][Batch 101/655] BatchTime = 1.381 (s) DataTime = 0.001 (s) Losses = ['297.1659', '59.6651'] lr = 0.0001426
2025-07-09 21:21:51,896 - PoinTr - INFO - [Epoch 96/200][Batch 201/655] BatchTime = 1.100 (s) DataTime = 0.001 (s) Losses = ['246.6030', '43.0449'] lr = 0.0001426
2025-07-09 21:23:54,661 - PoinTr - INFO - [Epoch 96/200][Batch 301/655] BatchTime = 1.158 (s) DataTime = 0.001 (s) Losses = ['292.9364', '51.9520'] lr = 0.0001426
2025-07-09 21:25:56,848 - PoinTr - INFO - [Epoch 96/200][Batch 401/655] BatchTime = 1.515 (s) DataTime = 0.001 (s) Losses = ['286.1294', '50.0246'] lr = 0.0001426
2025-07-09 21:28:00,366 - PoinTr - INFO - [Epoch 96/200][Batch 501/655] BatchTime = 1.138 (s) DataTime = 0.002 (s) Losses = ['247.5945', '44.2497'] lr = 0.0001426
2025-07-09 21:30:05,696 - PoinTr - INFO - [Epoch 96/200][Batch 601/655] BatchTime = 1.309 (s) DataTime = 0.001 (s) Losses = ['291.3826', '52.1262'] lr = 0.0001426
2025-07-09 21:31:12,833 - PoinTr - INFO - [Training] EPOCH: 96 EpochTime = 810.337 (s) Losses = ['271.2634', '50.2882']
2025-07-09 21:31:13,321 - PoinTr - INFO - Save checkpoint at ./experiments/PoinTr/ShapeNet55_models/PoinTr_fog/ckpt-last.pth
2025-07-09 21:31:14,881 - PoinTr - INFO - [Epoch 97/200][Batch 1/655] BatchTime = 1.559 (s) DataTime = 0.113 (s) Losses = ['288.2207', '49.8280'] lr = 0.0001407
2025-07-09 21:33:13,965 - PoinTr - INFO - [Epoch 97/200][Batch 101/655] BatchTime = 0.990 (s) DataTime = 0.001 (s) Losses = ['308.2853', '58.5524'] lr = 0.0001407
2025-07-09 21:35:14,128 - PoinTr - INFO - [Epoch 97/200][Batch 201/655] BatchTime = 1.334 (s) DataTime = 0.001 (s) Losses = ['273.5799', '51.8562'] lr = 0.0001407
2025-07-09 21:37:18,377 - PoinTr - INFO - [Epoch 97/200][Batch 301/655] BatchTime = 1.017 (s) DataTime = 0.001 (s) Losses = ['259.2903', '48.2377'] lr = 0.0001407
2025-07-09 21:39:22,122 - PoinTr - INFO - [Epoch 97/200][Batch 401/655] BatchTime = 1.299 (s) DataTime = 0.001 (s) Losses = ['268.3146', '47.1417'] lr = 0.0001407
2025-07-09 21:41:21,949 - PoinTr - INFO - [Epoch 97/200][Batch 501/655] BatchTime = 1.206 (s) DataTime = 0.002 (s) Losses = ['253.7532', '46.5620'] lr = 0.0001407
2025-07-09 21:43:22,695 - PoinTr - INFO - [Epoch 97/200][Batch 601/655] BatchTime = 1.153 (s) DataTime = 0.001 (s) Losses = ['258.8363', '45.7881'] lr = 0.0001407
2025-07-09 21:44:28,916 - PoinTr - INFO - [Training] EPOCH: 97 EpochTime = 795.594 (s) Losses = ['271.8130', '50.4473']
2025-07-09 21:44:29,381 - PoinTr - INFO - Save checkpoint at ./experiments/PoinTr/ShapeNet55_models/PoinTr_fog/ckpt-last.pth
2025-07-09 21:44:30,854 - PoinTr - INFO - [Epoch 98/200][Batch 1/655] BatchTime = 1.472 (s) DataTime = 0.112 (s) Losses = ['291.4356', '55.0071'] lr = 0.0001389
2025-07-09 21:46:36,013 - PoinTr - INFO - [Epoch 98/200][Batch 101/655] BatchTime = 1.385 (s) DataTime = 0.001 (s) Losses = ['275.3068', '54.7199'] lr = 0.0001389
2025-07-09 21:48:38,876 - PoinTr - INFO - [Epoch 98/200][Batch 201/655] BatchTime = 1.549 (s) DataTime = 0.001 (s) Losses = ['271.0235', '51.4466'] lr = 0.0001389
2025-07-09 21:50:41,697 - PoinTr - INFO - [Epoch 98/200][Batch 301/655] BatchTime = 1.110 (s) DataTime = 0.001 (s) Losses = ['272.2620', '52.1666'] lr = 0.0001389
2025-07-09 21:52:42,508 - PoinTr - INFO - [Epoch 98/200][Batch 401/655] BatchTime = 1.101 (s) DataTime = 0.001 (s) Losses = ['240.1246', '46.9720'] lr = 0.0001389
2025-07-09 21:54:46,831 - PoinTr - INFO - [Epoch 98/200][Batch 501/655] BatchTime = 1.337 (s) DataTime = 0.001 (s) Losses = ['265.9512', '53.0684'] lr = 0.0001389
2025-07-09 21:56:46,044 - PoinTr - INFO - [Epoch 98/200][Batch 601/655] BatchTime = 1.185 (s) DataTime = 0.001 (s) Losses = ['278.2429', '51.5703'] lr = 0.0001389
2025-07-09 21:57:50,113 - PoinTr - INFO - [Training] EPOCH: 98 EpochTime = 800.731 (s) Losses = ['271.6404', '50.3140']
2025-07-09 21:57:50,594 - PoinTr - INFO - Save checkpoint at ./experiments/PoinTr/ShapeNet55_models/PoinTr_fog/ckpt-last.pth
2025-07-09 21:57:51,976 - PoinTr - INFO - [Epoch 99/200][Batch 1/655] BatchTime = 1.381 (s) DataTime = 0.112 (s) Losses = ['221.4820', '42.3652'] lr = 0.0001371
2025-07-09 21:59:55,467 - PoinTr - INFO - [Epoch 99/200][Batch 101/655] BatchTime = 1.357 (s) DataTime = 0.001 (s) Losses = ['274.3182', '52.8545'] lr = 0.0001371
2025-07-09 22:01:57,894 - PoinTr - INFO - [Epoch 99/200][Batch 201/655] BatchTime = 0.887 (s) DataTime = 0.001 (s) Losses = ['283.1302', '53.9627'] lr = 0.0001371
2025-07-09 22:04:04,153 - PoinTr - INFO - [Epoch 99/200][Batch 301/655] BatchTime = 1.555 (s) DataTime = 0.001 (s) Losses = ['296.9552', '50.5679'] lr = 0.0001371
2025-07-09 22:06:05,377 - PoinTr - INFO - [Epoch 99/200][Batch 401/655] BatchTime = 1.134 (s) DataTime = 0.001 (s) Losses = ['296.4782', '54.3138'] lr = 0.0001371
2025-07-09 22:08:06,063 - PoinTr - INFO - [Epoch 99/200][Batch 501/655] BatchTime = 0.990 (s) DataTime = 0.001 (s) Losses = ['276.4438', '54.2076'] lr = 0.0001371
2025-07-09 22:10:05,396 - PoinTr - INFO - [Epoch 99/200][Batch 601/655] BatchTime = 1.213 (s) DataTime = 0.001 (s) Losses = ['303.3138', '53.6945'] lr = 0.0001371
2025-07-09 22:11:11,737 - PoinTr - INFO - [Training] EPOCH: 99 EpochTime = 801.143 (s) Losses = ['271.1737', '50.3099']
2025-07-09 22:11:12,225 - PoinTr - INFO - Save checkpoint at ./experiments/PoinTr/ShapeNet55_models/PoinTr_fog/ckpt-last.pth
2025-07-09 22:11:13,152 - PoinTr - INFO - [Epoch 100/200][Batch 1/655] BatchTime = 0.926 (s) DataTime = 0.114 (s) Losses = ['279.0537', '53.0656'] lr = 0.0001353
2025-07-09 22:13:15,160 - PoinTr - INFO - [Epoch 100/200][Batch 101/655] BatchTime = 1.244 (s) DataTime = 0.001 (s) Losses = ['273.4375', '50.6042'] lr = 0.0001353
2025-07-09 22:15:13,245 - PoinTr - INFO - [Epoch 100/200][Batch 201/655] BatchTime = 1.013 (s) DataTime = 0.001 (s) Losses = ['310.9249', '58.8000'] lr = 0.0001353
2025-07-09 22:17:11,912 - PoinTr - INFO - [Epoch 100/200][Batch 301/655] BatchTime = 1.262 (s) DataTime = 0.001 (s) Losses = ['249.7408', '45.2862'] lr = 0.0001353
2025-07-09 22:19:05,852 - PoinTr - INFO - [Epoch 100/200][Batch 401/655] BatchTime = 1.059 (s) DataTime = 0.001 (s) Losses = ['270.4960', '52.5636'] lr = 0.0001353
2025-07-09 22:21:07,772 - PoinTr - INFO - [Epoch 100/200][Batch 501/655] BatchTime = 0.939 (s) DataTime = 0.001 (s) Losses = ['286.5674', '52.7814'] lr = 0.0001353
2025-07-09 22:23:08,527 - PoinTr - INFO - [Epoch 100/200][Batch 601/655] BatchTime = 1.765 (s) DataTime = 0.001 (s) Losses = ['299.6283', '54.9394'] lr = 0.0001353
2025-07-09 22:24:12,409 - PoinTr - INFO - [Training] EPOCH: 100 EpochTime = 780.183 (s) Losses = ['271.5688', '50.4507']
2025-07-09 22:24:12,409 - PoinTr - INFO - [VALIDATION] Start validating epoch 100
2025-07-09 22:24:53,019 - PoinTr - INFO - Test[1051/10518] Taxonomy = 02691156 Sample = c7749c0a8b61f43bc9b9e28055202e3d Losses = ['194.3455', '1174.1871', '25.5788', '61.8844'] Metrics = ['0.3539', '25.5788', '61.8844', '0.0000']
2025-07-09 22:25:30,366 - PoinTr - INFO - Test[2102/10518] Taxonomy = 03211117 Sample = ab2f9418c111cc6ddb965514105122a4 Losses = ['98.1889', '353.1213', '67.2508', '227.4189'] Metrics = ['0.1242', '67.2508', '227.4189', '0.0000']
2025-07-09 22:26:07,943 - PoinTr - INFO - Test[3153/10518] Taxonomy = 02876657 Sample = c5032e4be091aabb36fe7a88df793982 Losses = ['510.8001', '2629.5068', '115.7927', '618.7605'] Metrics = ['0.1669', '115.7927', '618.7604', '0.0000']
2025-07-09 22:26:46,554 - PoinTr - INFO - Test[4204/10518] Taxonomy = 03211117 Sample = 722df1da5778d45b1e43523279c7f09f Losses = ['363.5443', '1260.6877', '71.2064', '195.5806'] Metrics = ['0.2253', '71.2064', '195.5806', '0.0000']
2025-07-09 22:27:24,084 - PoinTr - INFO - Test[5255/10518] Taxonomy = 02828884 Sample = 14b63361a48a9fffe4a048c146e8bd43 Losses = ['108.0791', '402.5409', '22.5168', '11.1061'] Metrics = ['0.3432', '22.5168', '11.1061', '0.0000']
2025-07-09 22:28:00,500 - PoinTr - INFO - Test[6306/10518] Taxonomy = 03211117 Sample = d330d50a0255529d19ed6e1a590c9122 Losses = ['216.4925', '1000.0614', '21.1913', '41.4538'] Metrics = ['0.4417', '21.1913', '41.4538', '0.0000']
2025-07-09 22:28:36,522 - PoinTr - INFO - Test[7357/10518] Taxonomy = 04379243 Sample = b1ca280d9567270ade98d10ab5975b59 Losses = ['469.8802', '2980.3994', '64.6733', '345.6104'] Metrics = ['0.2407', '64.6733', '345.6104', '0.0000']
2025-07-09 22:29:13,379 - PoinTr - INFO - Test[8408/10518] Taxonomy = 03001627 Sample = 89208a619341d9fdb8c516ed5c4ce32 Losses = ['181.2306', '762.5523', '32.2535', '50.2857'] Metrics = ['0.2196', '32.2535', '50.2857', '0.0000']
2025-07-09 22:29:51,095 - PoinTr - INFO - Test[9459/10518] Taxonomy = 03001627 Sample = d0255120e3351121c3bd24f986301745 Losses = ['350.3064', '1270.2863', '91.6353', '358.3302'] Metrics = ['0.1713', '91.6353', '358.3302', '0.0000']
2025-07-09 22:30:28,619 - PoinTr - INFO - Test[10510/10518] Taxonomy = 03636649 Sample = ea9ec4d9db2e06202471e6dd5ac3ef92 Losses = ['379.0400', '2094.6131', '32.5566', '102.7245'] Metrics = ['0.4796', '32.5566', '102.7245', '0.0000']
2025-07-09 22:30:28,872 - PoinTr - INFO - [Validation] EPOCH: 100  Metrics = ['0.2837', '55.5468', '245.2633', '0.0000']
2025-07-09 22:30:28,873 - PoinTr - INFO - ============================ TEST RESULTS ============================
2025-07-09 22:30:28,873 - PoinTr - INFO - Taxonomy	#Sample	F-Score	CDL1	CDL2	EMDistance	#ModelName	
2025-07-09 22:30:28,873 - PoinTr - INFO - 03759954	14	0.406 	64.206 	324.804 	0.000 	microphone	
2025-07-09 22:30:28,873 - PoinTr - INFO - 04330267	44	0.233 	51.311 	190.115 	0.000 	stove	
2025-07-09 22:30:28,873 - PoinTr - INFO - 03261776	15	0.224 	80.823 	435.144 	0.000 	earphone	
2025-07-09 22:30:28,873 - PoinTr - INFO - 03513137	33	0.191 	72.093 	346.677 	0.000 	helmet	
2025-07-09 22:30:28,873 - PoinTr - INFO - 04460130	27	0.294 	64.888 	337.060 	0.000 	tower	
2025-07-09 22:30:28,873 - PoinTr - INFO - 04468005	78	0.281 	49.453 	211.876 	0.000 	train	
2025-07-09 22:30:28,873 - PoinTr - INFO - 03761084	31	0.250 	43.406 	129.745 	0.000 	microwaves	
2025-07-09 22:30:28,873 - PoinTr - INFO - 04004475	34	0.220 	60.455 	228.546 	0.000 	printer	
2025-07-09 22:30:28,873 - PoinTr - INFO - 03938244	20	0.279 	40.786 	124.895 	0.000 	pillow	
2025-07-09 22:30:28,873 - PoinTr - INFO - 02992529	167	0.329 	47.544 	218.802 	0.000 	cellphone	
2025-07-09 22:30:28,873 - PoinTr - INFO - 02808440	172	0.225 	60.243 	255.632 	0.000 	bathtub	
2025-07-09 22:30:28,873 - PoinTr - INFO - 04530566	388	0.325 	45.474 	190.121 	0.000 	watercraft	
2025-07-09 22:30:28,873 - PoinTr - INFO - 02871439	91	0.193 	53.090 	181.228 	0.000 	bookshelf	
2025-07-09 22:30:28,873 - PoinTr - INFO - 03593526	120	0.220 	72.029 	358.615 	0.000 	jar	
2025-07-09 22:30:28,873 - PoinTr - INFO - 04554684	34	0.231 	49.990 	157.973 	0.000 	washer	
2025-07-09 22:30:28,873 - PoinTr - INFO - 03467517	160	0.629 	32.545 	130.878 	0.000 	guitar	
2025-07-09 22:30:28,873 - PoinTr - INFO - 04401088	218	0.334 	50.502 	244.986 	0.000 	telephone	
2025-07-09 22:30:28,873 - PoinTr - INFO - 02954340	12	0.272 	61.454 	325.238 	0.000 	cap	
2025-07-09 22:30:28,873 - PoinTr - INFO - 02933112	315	0.210 	49.782 	173.693 	0.000 	cabinet	
2025-07-09 22:30:28,873 - PoinTr - INFO - 03642806	92	0.292 	44.865 	190.733 	0.000 	laptop	
2025-07-09 22:30:28,873 - PoinTr - INFO - 02924116	188	0.290 	47.262 	198.694 	0.000 	bus	
2025-07-09 22:30:28,873 - PoinTr - INFO - 02946921	22	0.237 	56.864 	235.251 	0.000 	can	
2025-07-09 22:30:28,873 - PoinTr - INFO - 02818832	47	0.197 	55.944 	188.199 	0.000 	bed	
2025-07-09 22:30:28,873 - PoinTr - INFO - 04256520	635	0.209 	54.694 	215.830 	0.000 	sofa	
2025-07-09 22:30:28,873 - PoinTr - INFO - 04379243	1687	0.285 	50.289 	209.139 	0.000 	table	
2025-07-09 22:30:28,873 - PoinTr - INFO - 02747177	69	0.184 	67.411 	306.526 	0.000 	trash bin	
2025-07-09 22:30:28,873 - PoinTr - INFO - 03046257	131	0.241 	73.409 	428.241 	0.000 	clock	
2025-07-09 22:30:28,873 - PoinTr - INFO - 04225987	31	0.410 	40.868 	179.931 	0.000 	skateboard	
2025-07-09 22:30:28,873 - PoinTr - INFO - 03797390	43	0.186 	69.895 	331.686 	0.000 	mug	
2025-07-09 22:30:28,873 - PoinTr - INFO - 03001627	1356	0.241 	51.734 	198.520 	0.000 	chair	
2025-07-09 22:30:28,873 - PoinTr - INFO - 03691459	320	0.222 	60.394 	245.019 	0.000 	loudspeaker	
2025-07-09 22:30:28,873 - PoinTr - INFO - 02942699	23	0.190 	62.881 	202.409 	0.000 	camera	
2025-07-09 22:30:28,873 - PoinTr - INFO - 03636649	464	0.344 	55.436 	238.459 	0.000 	lamp	
2025-07-09 22:30:28,873 - PoinTr - INFO - 02691156	809	0.378 	64.190 	422.517 	0.000 	airplane	
2025-07-09 22:30:28,873 - PoinTr - INFO - 02773838	17	0.236 	62.864 	253.013 	0.000 	bag	
2025-07-09 22:30:28,873 - PoinTr - INFO - 02958343	703	0.185 	57.619 	254.731 	0.000 	car	
2025-07-09 22:30:28,873 - PoinTr - INFO - 02880940	38	0.201 	84.775 	537.701 	0.000 	bowl	
2025-07-09 22:30:28,874 - PoinTr - INFO - 04099429	17	0.501 	51.373 	252.794 	0.000 	rocket	
2025-07-09 22:30:28,874 - PoinTr - INFO - 02828884	363	0.279 	52.653 	240.949 	0.000 	bench	
2025-07-09 22:30:28,874 - PoinTr - INFO - 04090263	475	0.546 	40.632 	192.106 	0.000 	rifle	
2025-07-09 22:30:28,874 - PoinTr - INFO - 03211117	219	0.266 	47.999 	182.622 	0.000 	display	
2025-07-09 22:30:28,874 - PoinTr - INFO - 02876657	100	0.325 	47.500 	195.930 	0.000 	bottle	
2025-07-09 22:30:28,874 - PoinTr - INFO - 03710193	19	0.338 	48.930 	192.265 	0.000 	mailbox	
2025-07-09 22:30:28,874 - PoinTr - INFO - 03790512	68	0.190 	60.952 	287.476 	0.000 	motorbike	
2025-07-09 22:30:28,874 - PoinTr - INFO - 03325088	149	0.301 	56.096 	248.172 	0.000 	faucet	
2025-07-09 22:30:28,874 - PoinTr - INFO - 02801938	23	0.227 	57.716 	250.342 	0.000 	basket	
2025-07-09 22:30:28,874 - PoinTr - INFO - 03337140	60	0.220 	48.775 	169.898 	0.000 	file cabinet	
2025-07-09 22:30:28,874 - PoinTr - INFO - 02843684	15	0.207 	60.593 	221.757 	0.000 	birdhouse	
2025-07-09 22:30:28,874 - PoinTr - INFO - 03624134	85	0.627 	37.994 	177.277 	0.000 	knife	
2025-07-09 22:30:28,874 - PoinTr - INFO - 03991062	121	0.176 	73.268 	349.427 	0.000 	flowerpot	
2025-07-09 22:30:28,874 - PoinTr - INFO - 03948459	62	0.362 	40.802 	163.342 	0.000 	pistol	
2025-07-09 22:30:28,874 - PoinTr - INFO - 03928116	48	0.218 	55.676 	204.162 	0.000 	piano	
2025-07-09 22:30:28,874 - PoinTr - INFO - 03207941	19	0.248 	51.142 	186.834 	0.000 	dishwasher	
2025-07-09 22:30:28,874 - PoinTr - INFO - 04074963	14	0.337 	52.892 	250.867 	0.000 	remote	
2025-07-09 22:30:28,874 - PoinTr - INFO - 03085013	13	0.360 	58.616 	320.635 	0.000 	keyboard	
2025-07-09 22:30:28,874 - PoinTr - INFO - Overall		0.284 	55.547 	245.263 	0.000 	
2025-07-09 22:30:29,366 - PoinTr - INFO - Save checkpoint at ./experiments/PoinTr/ShapeNet55_models/PoinTr_fog/ckpt-last.pth
2025-07-09 22:30:30,755 - PoinTr - INFO - [Epoch 101/200][Batch 1/655] BatchTime = 1.388 (s) DataTime = 0.115 (s) Losses = ['249.1899', '44.4902'] lr = 0.0001336
2025-07-09 22:32:31,105 - PoinTr - INFO - [Epoch 101/200][Batch 101/655] BatchTime = 1.222 (s) DataTime = 0.001 (s) Losses = ['252.4906', '46.0462'] lr = 0.0001336
2025-07-09 22:34:35,155 - PoinTr - INFO - [Epoch 101/200][Batch 201/655] BatchTime = 1.749 (s) DataTime = 0.001 (s) Losses = ['298.9436', '53.4638'] lr = 0.0001336
2025-07-09 22:36:34,854 - PoinTr - INFO - [Epoch 101/200][Batch 301/655] BatchTime = 1.359 (s) DataTime = 0.001 (s) Losses = ['284.5545', '55.5303'] lr = 0.0001336
2025-07-09 22:38:32,281 - PoinTr - INFO - [Epoch 101/200][Batch 401/655] BatchTime = 1.209 (s) DataTime = 0.001 (s) Losses = ['284.5713', '52.3131'] lr = 0.0001336
2025-07-09 22:40:37,385 - PoinTr - INFO - [Epoch 101/200][Batch 501/655] BatchTime = 1.513 (s) DataTime = 0.001 (s) Losses = ['295.7274', '50.8891'] lr = 0.0001336
2025-07-09 22:42:42,066 - PoinTr - INFO - [Epoch 101/200][Batch 601/655] BatchTime = 1.563 (s) DataTime = 0.001 (s) Losses = ['312.0269', '55.1851'] lr = 0.0001336
2025-07-09 22:43:45,290 - PoinTr - INFO - [Training] EPOCH: 101 EpochTime = 795.923 (s) Losses = ['270.7809', '50.1669']
2025-07-09 22:43:45,770 - PoinTr - INFO - Save checkpoint at ./experiments/PoinTr/ShapeNet55_models/PoinTr_fog/ckpt-last.pth
2025-07-09 22:43:47,042 - PoinTr - INFO - [Epoch 102/200][Batch 1/655] BatchTime = 1.271 (s) DataTime = 0.111 (s) Losses = ['265.7420', '49.1019'] lr = 0.0001318
2025-07-09 22:45:47,722 - PoinTr - INFO - [Epoch 102/200][Batch 101/655] BatchTime = 1.269 (s) DataTime = 0.001 (s) Losses = ['247.4479', '42.6547'] lr = 0.0001318
2025-07-09 22:47:49,934 - PoinTr - INFO - [Epoch 102/200][Batch 201/655] BatchTime = 1.400 (s) DataTime = 0.001 (s) Losses = ['221.0765', '41.4207'] lr = 0.0001318
2025-07-09 22:49:50,919 - PoinTr - INFO - [Epoch 102/200][Batch 301/655] BatchTime = 0.828 (s) DataTime = 0.001 (s) Losses = ['277.1744', '50.1043'] lr = 0.0001318
2025-07-09 22:51:55,192 - PoinTr - INFO - [Epoch 102/200][Batch 401/655] BatchTime = 1.003 (s) DataTime = 0.001 (s) Losses = ['251.8347', '46.2689'] lr = 0.0001318
2025-07-09 22:53:56,505 - PoinTr - INFO - [Epoch 102/200][Batch 501/655] BatchTime = 1.227 (s) DataTime = 0.001 (s) Losses = ['267.6923', '54.0165'] lr = 0.0001318
2025-07-09 22:55:53,808 - PoinTr - INFO - [Epoch 102/200][Batch 601/655] BatchTime = 1.086 (s) DataTime = 0.001 (s) Losses = ['289.4260', '50.4589'] lr = 0.0001318
2025-07-09 22:56:56,187 - PoinTr - INFO - [Training] EPOCH: 102 EpochTime = 790.416 (s) Losses = ['271.6765', '50.2401']
2025-07-09 22:56:56,667 - PoinTr - INFO - Save checkpoint at ./experiments/PoinTr/ShapeNet55_models/PoinTr_fog/ckpt-last.pth
2025-07-09 22:56:58,303 - PoinTr - INFO - [Epoch 103/200][Batch 1/655] BatchTime = 1.635 (s) DataTime = 0.113 (s) Losses = ['272.4689', '48.5464'] lr = 0.0001301
2025-07-09 22:58:59,092 - PoinTr - INFO - [Epoch 103/200][Batch 101/655] BatchTime = 1.792 (s) DataTime = 0.001 (s) Losses = ['263.5897', '45.3080'] lr = 0.0001301
2025-07-09 23:00:57,080 - PoinTr - INFO - [Epoch 103/200][Batch 201/655] BatchTime = 1.058 (s) DataTime = 0.001 (s) Losses = ['267.2809', '51.8537'] lr = 0.0001301
2025-07-09 23:02:55,587 - PoinTr - INFO - [Epoch 103/200][Batch 301/655] BatchTime = 0.988 (s) DataTime = 0.001 (s) Losses = ['258.4397', '47.8290'] lr = 0.0001301
2025-07-09 23:04:59,249 - PoinTr - INFO - [Epoch 103/200][Batch 401/655] BatchTime = 1.162 (s) DataTime = 0.001 (s) Losses = ['254.1074', '42.5281'] lr = 0.0001301
2025-07-09 23:07:03,430 - PoinTr - INFO - [Epoch 103/200][Batch 501/655] BatchTime = 1.150 (s) DataTime = 0.001 (s) Losses = ['304.3375', '53.6935'] lr = 0.0001301
2025-07-09 23:09:04,052 - PoinTr - INFO - [Epoch 103/200][Batch 601/655] BatchTime = 1.128 (s) DataTime = 0.001 (s) Losses = ['294.7117', '59.0355'] lr = 0.0001301
2025-07-09 23:10:09,399 - PoinTr - INFO - [Training] EPOCH: 103 EpochTime = 792.730 (s) Losses = ['271.9504', '50.2456']
2025-07-09 23:10:09,877 - PoinTr - INFO - Save checkpoint at ./experiments/PoinTr/ShapeNet55_models/PoinTr_fog/ckpt-last.pth
2025-07-09 23:10:11,239 - PoinTr - INFO - [Epoch 104/200][Batch 1/655] BatchTime = 1.361 (s) DataTime = 0.284 (s) Losses = ['269.6541', '52.0288'] lr = 0.0001284
2025-07-09 23:12:09,287 - PoinTr - INFO - [Epoch 104/200][Batch 101/655] BatchTime = 1.286 (s) DataTime = 0.002 (s) Losses = ['272.8486', '52.4094'] lr = 0.0001284
2025-07-09 23:14:14,156 - PoinTr - INFO - [Epoch 104/200][Batch 201/655] BatchTime = 1.197 (s) DataTime = 0.001 (s) Losses = ['301.3500', '59.2768'] lr = 0.0001284
2025-07-09 23:16:13,727 - PoinTr - INFO - [Epoch 104/200][Batch 301/655] BatchTime = 1.085 (s) DataTime = 0.001 (s) Losses = ['276.6943', '50.7613'] lr = 0.0001284
2025-07-09 23:18:12,838 - PoinTr - INFO - [Epoch 104/200][Batch 401/655] BatchTime = 1.548 (s) DataTime = 0.001 (s) Losses = ['262.2770', '50.3180'] lr = 0.0001284
2025-07-09 23:20:10,646 - PoinTr - INFO - [Epoch 104/200][Batch 501/655] BatchTime = 0.809 (s) DataTime = 0.001 (s) Losses = ['291.2579', '52.8861'] lr = 0.0001284
2025-07-09 23:22:13,109 - PoinTr - INFO - [Epoch 104/200][Batch 601/655] BatchTime = 1.441 (s) DataTime = 0.001 (s) Losses = ['287.6085', '48.8054'] lr = 0.0001284
2025-07-09 23:23:16,124 - PoinTr - INFO - [Training] EPOCH: 104 EpochTime = 786.246 (s) Losses = ['271.2861', '50.2744']
2025-07-09 23:23:16,617 - PoinTr - INFO - Save checkpoint at ./experiments/PoinTr/ShapeNet55_models/PoinTr_fog/ckpt-last.pth
2025-07-09 23:23:18,342 - PoinTr - INFO - [Epoch 105/200][Batch 1/655] BatchTime = 1.724 (s) DataTime = 0.112 (s) Losses = ['289.0146', '51.4610'] lr = 0.0001268
2025-07-09 23:25:23,876 - PoinTr - INFO - [Epoch 105/200][Batch 101/655] BatchTime = 1.436 (s) DataTime = 0.002 (s) Losses = ['275.5079', '50.3849'] lr = 0.0001268
2025-07-09 23:27:29,513 - PoinTr - INFO - [Epoch 105/200][Batch 201/655] BatchTime = 1.888 (s) DataTime = 0.001 (s) Losses = ['291.9120', '53.5681'] lr = 0.0001268
2025-07-09 23:29:28,602 - PoinTr - INFO - [Epoch 105/200][Batch 301/655] BatchTime = 1.572 (s) DataTime = 0.001 (s) Losses = ['289.3350', '49.0327'] lr = 0.0001268
2025-07-09 23:31:30,747 - PoinTr - INFO - [Epoch 105/200][Batch 401/655] BatchTime = 1.296 (s) DataTime = 0.001 (s) Losses = ['287.5617', '55.9961'] lr = 0.0001268
2025-07-09 23:33:32,740 - PoinTr - INFO - [Epoch 105/200][Batch 501/655] BatchTime = 0.919 (s) DataTime = 0.001 (s) Losses = ['277.9844', '53.4497'] lr = 0.0001268
2025-07-09 23:35:29,909 - PoinTr - INFO - [Epoch 105/200][Batch 601/655] BatchTime = 0.863 (s) DataTime = 0.001 (s) Losses = ['273.2428', '54.2477'] lr = 0.0001268
2025-07-09 23:36:36,649 - PoinTr - INFO - [Training] EPOCH: 105 EpochTime = 800.031 (s) Losses = ['271.1746', '50.1511']
2025-07-09 23:36:36,649 - PoinTr - INFO - [VALIDATION] Start validating epoch 105
2025-07-09 23:37:17,252 - PoinTr - INFO - Test[1051/10518] Taxonomy = 02691156 Sample = c7749c0a8b61f43bc9b9e28055202e3d Losses = ['121.2974', '763.2594', '33.4858', '76.6765'] Metrics = ['0.2979', '33.4858', '76.6765', '0.0000']
2025-07-09 23:37:57,339 - PoinTr - INFO - Test[2102/10518] Taxonomy = 03211117 Sample = ab2f9418c111cc6ddb965514105122a4 Losses = ['304.8617', '1011.6453', '58.4448', '148.9944'] Metrics = ['0.3804', '58.4448', '148.9944', '0.0000']
2025-07-09 23:38:35,122 - PoinTr - INFO - Test[3153/10518] Taxonomy = 02876657 Sample = c5032e4be091aabb36fe7a88df793982 Losses = ['556.2322', '3363.9536', '117.1769', '637.4938'] Metrics = ['0.1751', '117.1769', '637.4938', '0.0000']
2025-07-09 23:39:12,663 - PoinTr - INFO - Test[4204/10518] Taxonomy = 03211117 Sample = 722df1da5778d45b1e43523279c7f09f Losses = ['518.0181', '2672.9715', '200.7920', '1142.1025'] Metrics = ['0.1331', '200.7920', '1142.1025', '0.0000']
2025-07-09 23:39:52,223 - PoinTr - INFO - Test[5255/10518] Taxonomy = 02828884 Sample = 14b63361a48a9fffe4a048c146e8bd43 Losses = ['447.4455', '2130.1954', '104.7749', '470.2618'] Metrics = ['0.2251', '104.7749', '470.2618', '0.0000']
2025-07-09 23:40:30,273 - PoinTr - INFO - Test[6306/10518] Taxonomy = 03211117 Sample = d330d50a0255529d19ed6e1a590c9122 Losses = ['323.0503', '1180.7094', '60.0900', '158.5353'] Metrics = ['0.2168', '60.0900', '158.5353', '0.0000']
2025-07-09 23:41:07,513 - PoinTr - INFO - Test[7357/10518] Taxonomy = 04379243 Sample = b1ca280d9567270ade98d10ab5975b59 Losses = ['360.7905', '1947.2280', '51.2462', '145.9146'] Metrics = ['0.2286', '51.2462', '145.9146', '0.0000']
2025-07-09 23:41:44,417 - PoinTr - INFO - Test[8408/10518] Taxonomy = 03001627 Sample = 89208a619341d9fdb8c516ed5c4ce32 Losses = ['326.6804', '1281.9414', '62.1843', '173.9628'] Metrics = ['0.1644', '62.1843', '173.9628', '0.0000']
2025-07-09 23:42:21,565 - PoinTr - INFO - Test[9459/10518] Taxonomy = 03001627 Sample = d0255120e3351121c3bd24f986301745 Losses = ['371.1339', '2147.8965', '60.3579', '210.2841'] Metrics = ['0.1584', '60.3579', '210.2841', '0.0000']
2025-07-09 23:42:58,914 - PoinTr - INFO - Test[10510/10518] Taxonomy = 03636649 Sample = ea9ec4d9db2e06202471e6dd5ac3ef92 Losses = ['216.2289', '1460.3083', '42.4364', '142.4250'] Metrics = ['0.4037', '42.4364', '142.4250', '0.0000']
2025-07-09 23:42:59,338 - PoinTr - INFO - [Validation] EPOCH: 105  Metrics = ['0.2436', '64.9267', '252.8606', '0.0000']
2025-07-09 23:42:59,338 - PoinTr - INFO - ============================ TEST RESULTS ============================
2025-07-09 23:42:59,338 - PoinTr - INFO - Taxonomy	#Sample	F-Score	CDL1	CDL2	EMDistance	#ModelName	
2025-07-09 23:42:59,338 - PoinTr - INFO - 03759954	14	0.322 	74.387 	281.390 	0.000 	microphone	
2025-07-09 23:42:59,338 - PoinTr - INFO - 04330267	44	0.203 	67.164 	237.154 	0.000 	stove	
2025-07-09 23:42:59,338 - PoinTr - INFO - 03261776	15	0.204 	83.815 	370.141 	0.000 	earphone	
2025-07-09 23:42:59,338 - PoinTr - INFO - 03513137	33	0.166 	87.996 	336.181 	0.000 	helmet	
2025-07-09 23:42:59,338 - PoinTr - INFO - 04460130	27	0.225 	77.475 	281.687 	0.000 	tower	
2025-07-09 23:42:59,339 - PoinTr - INFO - 04468005	78	0.248 	49.291 	178.233 	0.000 	train	
2025-07-09 23:42:59,339 - PoinTr - INFO - 03761084	31	0.203 	65.243 	212.259 	0.000 	microwaves	
2025-07-09 23:42:59,339 - PoinTr - INFO - 04004475	34	0.202 	69.175 	236.993 	0.000 	printer	
2025-07-09 23:42:59,339 - PoinTr - INFO - 03938244	20	0.258 	48.876 	140.555 	0.000 	pillow	
2025-07-09 23:42:59,339 - PoinTr - INFO - 02992529	167	0.275 	53.585 	205.600 	0.000 	cellphone	
2025-07-09 23:42:59,339 - PoinTr - INFO - 02808440	172	0.212 	62.922 	237.843 	0.000 	bathtub	
2025-07-09 23:42:59,339 - PoinTr - INFO - 04530566	388	0.287 	52.213 	204.159 	0.000 	watercraft	
2025-07-09 23:42:59,339 - PoinTr - INFO - 02871439	91	0.165 	72.703 	249.926 	0.000 	bookshelf	
2025-07-09 23:42:59,339 - PoinTr - INFO - 03593526	120	0.183 	92.291 	445.186 	0.000 	jar	
2025-07-09 23:42:59,339 - PoinTr - INFO - 04554684	34	0.209 	63.629 	189.596 	0.000 	washer	
2025-07-09 23:42:59,339 - PoinTr - INFO - 03467517	160	0.445 	39.957 	117.970 	0.000 	guitar	
2025-07-09 23:42:59,339 - PoinTr - INFO - 04401088	218	0.274 	61.065 	273.135 	0.000 	telephone	
2025-07-09 23:42:59,339 - PoinTr - INFO - 02954340	12	0.190 	100.349 	580.073 	0.000 	cap	
2025-07-09 23:42:59,339 - PoinTr - INFO - 02933112	315	0.183 	58.306 	166.880 	0.000 	cabinet	
2025-07-09 23:42:59,339 - PoinTr - INFO - 03642806	92	0.305 	41.749 	158.443 	0.000 	laptop	
2025-07-09 23:42:59,339 - PoinTr - INFO - 02924116	188	0.251 	51.324 	202.875 	0.000 	bus	
2025-07-09 23:42:59,339 - PoinTr - INFO - 02946921	22	0.217 	81.535 	363.838 	0.000 	can	
2025-07-09 23:42:59,339 - PoinTr - INFO - 02818832	47	0.182 	58.081 	176.000 	0.000 	bed	
2025-07-09 23:42:59,339 - PoinTr - INFO - 04256520	635	0.198 	57.296 	199.621 	0.000 	sofa	
2025-07-09 23:42:59,339 - PoinTr - INFO - 04379243	1687	0.264 	54.219 	201.110 	0.000 	table	
2025-07-09 23:42:59,339 - PoinTr - INFO - 02747177	69	0.167 	72.314 	263.657 	0.000 	trash bin	
2025-07-09 23:42:59,339 - PoinTr - INFO - 03046257	131	0.216 	80.707 	386.313 	0.000 	clock	
2025-07-09 23:42:59,339 - PoinTr - INFO - 04225987	31	0.359 	55.690 	285.491 	0.000 	skateboard	
2025-07-09 23:42:59,339 - PoinTr - INFO - 03797390	43	0.172 	73.845 	230.318 	0.000 	mug	
2025-07-09 23:42:59,339 - PoinTr - INFO - 03001627	1356	0.221 	57.346 	197.377 	0.000 	chair	
2025-07-09 23:42:59,339 - PoinTr - INFO - 03691459	320	0.204 	66.478 	219.653 	0.000 	loudspeaker	
2025-07-09 23:42:59,339 - PoinTr - INFO - 02942699	23	0.187 	70.850 	209.529 	0.000 	camera	
2025-07-09 23:42:59,339 - PoinTr - INFO - 03636649	464	0.281 	66.543 	234.390 	0.000 	lamp	
2025-07-09 23:42:59,339 - PoinTr - INFO - 02691156	809	0.318 	68.696 	416.262 	0.000 	airplane	
2025-07-09 23:42:59,339 - PoinTr - INFO - 02773838	17	0.230 	57.555 	142.352 	0.000 	bag	
2025-07-09 23:42:59,339 - PoinTr - INFO - 02958343	703	0.170 	57.793 	245.740 	0.000 	car	
2025-07-09 23:42:59,339 - PoinTr - INFO - 02880940	38	0.198 	91.243 	551.803 	0.000 	bowl	
2025-07-09 23:42:59,339 - PoinTr - INFO - 04099429	17	0.448 	43.656 	165.412 	0.000 	rocket	
2025-07-09 23:42:59,339 - PoinTr - INFO - 02828884	363	0.261 	53.106 	200.581 	0.000 	bench	
2025-07-09 23:42:59,339 - PoinTr - INFO - 04090263	475	0.472 	46.125 	202.623 	0.000 	rifle	
2025-07-09 23:42:59,339 - PoinTr - INFO - 03211117	219	0.216 	64.465 	236.392 	0.000 	display	
2025-07-09 23:42:59,339 - PoinTr - INFO - 02876657	100	0.262 	59.625 	205.759 	0.000 	bottle	
2025-07-09 23:42:59,339 - PoinTr - INFO - 03710193	19	0.305 	55.896 	166.696 	0.000 	mailbox	
2025-07-09 23:42:59,339 - PoinTr - INFO - 03790512	68	0.173 	58.000 	248.068 	0.000 	motorbike	
2025-07-09 23:42:59,339 - PoinTr - INFO - 03325088	149	0.259 	64.177 	212.725 	0.000 	faucet	
2025-07-09 23:42:59,339 - PoinTr - INFO - 02801938	23	0.178 	94.287 	514.567 	0.000 	basket	
2025-07-09 23:42:59,339 - PoinTr - INFO - 03337140	60	0.187 	57.421 	163.926 	0.000 	file cabinet	
2025-07-09 23:42:59,339 - PoinTr - INFO - 02843684	15	0.171 	69.226 	209.324 	0.000 	birdhouse	
2025-07-09 23:42:59,339 - PoinTr - INFO - 03624134	85	0.388 	64.013 	192.410 	0.000 	knife	
2025-07-09 23:42:59,339 - PoinTr - INFO - 03991062	121	0.160 	84.485 	347.786 	0.000 	flowerpot	
2025-07-09 23:42:59,339 - PoinTr - INFO - 03948459	62	0.308 	54.718 	226.814 	0.000 	pistol	
2025-07-09 23:42:59,339 - PoinTr - INFO - 03928116	48	0.195 	74.898 	260.081 	0.000 	piano	
2025-07-09 23:42:59,339 - PoinTr - INFO - 03207941	19	0.221 	59.387 	172.739 	0.000 	dishwasher	
2025-07-09 23:42:59,339 - PoinTr - INFO - 04074963	14	0.260 	71.278 	310.681 	0.000 	remote	
2025-07-09 23:42:59,339 - PoinTr - INFO - 03085013	13	0.341 	52.497 	241.013 	0.000 	keyboard	
2025-07-09 23:42:59,339 - PoinTr - INFO - Overall		0.244 	64.927 	252.861 	0.000 	
2025-07-09 23:42:59,829 - PoinTr - INFO - Save checkpoint at ./experiments/PoinTr/ShapeNet55_models/PoinTr_fog/ckpt-last.pth
2025-07-09 23:43:01,432 - PoinTr - INFO - [Epoch 106/200][Batch 1/655] BatchTime = 1.602 (s) DataTime = 0.115 (s) Losses = ['264.8270', '49.5210'] lr = 0.0001251
2025-07-09 23:44:59,732 - PoinTr - INFO - [Epoch 106/200][Batch 101/655] BatchTime = 0.711 (s) DataTime = 0.001 (s) Losses = ['259.2598', '53.3465'] lr = 0.0001251
2025-07-09 23:47:02,134 - PoinTr - INFO - [Epoch 106/200][Batch 201/655] BatchTime = 1.210 (s) DataTime = 0.001 (s) Losses = ['269.1800', '51.3610'] lr = 0.0001251
2025-07-09 23:49:04,961 - PoinTr - INFO - [Epoch 106/200][Batch 301/655] BatchTime = 1.274 (s) DataTime = 0.001 (s) Losses = ['271.3118', '57.2985'] lr = 0.0001251
2025-07-09 23:51:08,586 - PoinTr - INFO - [Epoch 106/200][Batch 401/655] BatchTime = 1.506 (s) DataTime = 0.001 (s) Losses = ['300.4207', '52.9271'] lr = 0.0001251
2025-07-09 23:53:07,888 - PoinTr - INFO - [Epoch 106/200][Batch 501/655] BatchTime = 1.205 (s) DataTime = 0.001 (s) Losses = ['297.3915', '52.5000'] lr = 0.0001251
2025-07-09 23:55:09,916 - PoinTr - INFO - [Epoch 106/200][Batch 601/655] BatchTime = 1.043 (s) DataTime = 0.001 (s) Losses = ['270.1653', '48.6957'] lr = 0.0001251
2025-07-09 23:56:19,194 - PoinTr - INFO - [Training] EPOCH: 106 EpochTime = 799.363 (s) Losses = ['272.5596', '50.5527']
2025-07-09 23:56:19,685 - PoinTr - INFO - Save checkpoint at ./experiments/PoinTr/ShapeNet55_models/PoinTr_fog/ckpt-last.pth
2025-07-09 23:56:21,168 - PoinTr - INFO - [Epoch 107/200][Batch 1/655] BatchTime = 1.482 (s) DataTime = 0.115 (s) Losses = ['268.4257', '49.8041'] lr = 0.0001235
2025-07-09 23:58:19,091 - PoinTr - INFO - [Epoch 107/200][Batch 101/655] BatchTime = 1.144 (s) DataTime = 0.001 (s) Losses = ['267.7699', '53.5717'] lr = 0.0001235
2025-07-10 00:00:15,767 - PoinTr - INFO - [Epoch 107/200][Batch 201/655] BatchTime = 1.306 (s) DataTime = 0.001 (s) Losses = ['267.2441', '56.1889'] lr = 0.0001235
2025-07-10 00:02:15,138 - PoinTr - INFO - [Epoch 107/200][Batch 301/655] BatchTime = 1.313 (s) DataTime = 0.001 (s) Losses = ['236.6667', '45.8592'] lr = 0.0001235
2025-07-10 00:04:13,820 - PoinTr - INFO - [Epoch 107/200][Batch 401/655] BatchTime = 1.485 (s) DataTime = 0.001 (s) Losses = ['261.3066', '43.5707'] lr = 0.0001235
2025-07-10 00:06:16,147 - PoinTr - INFO - [Epoch 107/200][Batch 501/655] BatchTime = 1.115 (s) DataTime = 0.001 (s) Losses = ['276.0213', '52.4387'] lr = 0.0001235
2025-07-10 00:08:16,391 - PoinTr - INFO - [Epoch 107/200][Batch 601/655] BatchTime = 0.834 (s) DataTime = 0.002 (s) Losses = ['254.4195', '51.7886'] lr = 0.0001235
2025-07-10 00:09:22,724 - PoinTr - INFO - [Training] EPOCH: 107 EpochTime = 783.038 (s) Losses = ['271.0171', '50.3091']
2025-07-10 00:09:23,198 - PoinTr - INFO - Save checkpoint at ./experiments/PoinTr/ShapeNet55_models/PoinTr_fog/ckpt-last.pth
2025-07-10 00:09:24,568 - PoinTr - INFO - [Epoch 108/200][Batch 1/655] BatchTime = 1.368 (s) DataTime = 0.110 (s) Losses = ['270.2578', '48.7590'] lr = 0.0001219
2025-07-10 00:11:21,066 - PoinTr - INFO - [Epoch 108/200][Batch 101/655] BatchTime = 1.021 (s) DataTime = 0.001 (s) Losses = ['274.0844', '49.7723'] lr = 0.0001219
2025-07-10 00:13:20,690 - PoinTr - INFO - [Epoch 108/200][Batch 201/655] BatchTime = 1.026 (s) DataTime = 0.001 (s) Losses = ['293.3450', '56.3439'] lr = 0.0001219
2025-07-10 00:15:22,540 - PoinTr - INFO - [Epoch 108/200][Batch 301/655] BatchTime = 1.204 (s) DataTime = 0.001 (s) Losses = ['295.5219', '50.1689'] lr = 0.0001219
2025-07-10 00:17:29,798 - PoinTr - INFO - [Epoch 108/200][Batch 401/655] BatchTime = 1.093 (s) DataTime = 0.001 (s) Losses = ['245.8011', '41.0516'] lr = 0.0001219
2025-07-10 00:19:32,436 - PoinTr - INFO - [Epoch 108/200][Batch 501/655] BatchTime = 1.006 (s) DataTime = 0.001 (s) Losses = ['289.9913', '49.1192'] lr = 0.0001219
2025-07-10 00:21:32,730 - PoinTr - INFO - [Epoch 108/200][Batch 601/655] BatchTime = 1.300 (s) DataTime = 0.001 (s) Losses = ['253.7600', '46.2457'] lr = 0.0001219
2025-07-10 00:22:39,883 - PoinTr - INFO - [Training] EPOCH: 108 EpochTime = 796.683 (s) Losses = ['271.5134', '50.1440']
2025-07-10 00:22:40,373 - PoinTr - INFO - Save checkpoint at ./experiments/PoinTr/ShapeNet55_models/PoinTr_fog/ckpt-last.pth
2025-07-10 00:22:42,234 - PoinTr - INFO - [Epoch 109/200][Batch 1/655] BatchTime = 1.860 (s) DataTime = 0.115 (s) Losses = ['313.2189', '57.3756'] lr = 0.0001203
2025-07-10 00:24:43,423 - PoinTr - INFO - [Epoch 109/200][Batch 101/655] BatchTime = 1.604 (s) DataTime = 0.001 (s) Losses = ['273.5360', '47.1519'] lr = 0.0001203
2025-07-10 00:26:44,859 - PoinTr - INFO - [Epoch 109/200][Batch 201/655] BatchTime = 1.230 (s) DataTime = 0.001 (s) Losses = ['290.8413', '50.1532'] lr = 0.0001203
2025-07-10 00:28:45,448 - PoinTr - INFO - [Epoch 109/200][Batch 301/655] BatchTime = 1.181 (s) DataTime = 0.001 (s) Losses = ['272.1662', '50.2805'] lr = 0.0001203
2025-07-10 00:30:50,030 - PoinTr - INFO - [Epoch 109/200][Batch 401/655] BatchTime = 1.021 (s) DataTime = 0.001 (s) Losses = ['251.9746', '50.7947'] lr = 0.0001203
2025-07-10 00:32:48,839 - PoinTr - INFO - [Epoch 109/200][Batch 501/655] BatchTime = 0.756 (s) DataTime = 0.001 (s) Losses = ['273.2372', '55.0638'] lr = 0.0001203
2025-07-10 00:34:48,216 - PoinTr - INFO - [Epoch 109/200][Batch 601/655] BatchTime = 1.131 (s) DataTime = 0.001 (s) Losses = ['259.9793', '45.7981'] lr = 0.0001203
2025-07-10 00:35:50,126 - PoinTr - INFO - [Training] EPOCH: 109 EpochTime = 789.751 (s) Losses = ['272.2727', '50.3970']
2025-07-10 00:35:50,605 - PoinTr - INFO - Save checkpoint at ./experiments/PoinTr/ShapeNet55_models/PoinTr_fog/ckpt-last.pth
2025-07-10 00:35:51,777 - PoinTr - INFO - [Epoch 110/200][Batch 1/655] BatchTime = 1.171 (s) DataTime = 0.111 (s) Losses = ['236.2594', '49.0394'] lr = 0.0001188
2025-07-10 00:37:48,548 - PoinTr - INFO - [Epoch 110/200][Batch 101/655] BatchTime = 1.325 (s) DataTime = 0.001 (s) Losses = ['251.5501', '46.7853'] lr = 0.0001188
2025-07-10 00:39:48,825 - PoinTr - INFO - [Epoch 110/200][Batch 201/655] BatchTime = 1.069 (s) DataTime = 0.001 (s) Losses = ['266.4589', '45.8946'] lr = 0.0001188
2025-07-10 00:41:51,412 - PoinTr - INFO - [Epoch 110/200][Batch 301/655] BatchTime = 1.253 (s) DataTime = 0.001 (s) Losses = ['312.1909', '59.2251'] lr = 0.0001188
2025-07-10 00:43:55,314 - PoinTr - INFO - [Epoch 110/200][Batch 401/655] BatchTime = 1.002 (s) DataTime = 0.002 (s) Losses = ['250.6763', '44.0239'] lr = 0.0001188
2025-07-10 00:45:58,822 - PoinTr - INFO - [Epoch 110/200][Batch 501/655] BatchTime = 1.782 (s) DataTime = 0.001 (s) Losses = ['257.4820', '44.7328'] lr = 0.0001188
2025-07-10 00:47:59,214 - PoinTr - INFO - [Epoch 110/200][Batch 601/655] BatchTime = 1.807 (s) DataTime = 0.001 (s) Losses = ['282.9150', '47.4846'] lr = 0.0001188
2025-07-10 00:49:03,626 - PoinTr - INFO - [Training] EPOCH: 110 EpochTime = 793.020 (s) Losses = ['270.7201', '50.1120']
2025-07-10 00:49:03,627 - PoinTr - INFO - [VALIDATION] Start validating epoch 110
2025-07-10 00:49:43,765 - PoinTr - INFO - Test[1051/10518] Taxonomy = 02691156 Sample = c7749c0a8b61f43bc9b9e28055202e3d Losses = ['39.3204', '80.3895', '27.8243', '9.9027'] Metrics = ['0.3006', '27.8243', '9.9027', '0.0000']
2025-07-10 00:50:20,077 - PoinTr - INFO - Test[2102/10518] Taxonomy = 03211117 Sample = ab2f9418c111cc6ddb965514105122a4 Losses = ['313.7687', '1098.0886', '70.5710', '295.2577'] Metrics = ['0.3668', '70.5710', '295.2577', '0.0000']
2025-07-10 00:50:55,815 - PoinTr - INFO - Test[3153/10518] Taxonomy = 02876657 Sample = c5032e4be091aabb36fe7a88df793982 Losses = ['372.4427', '1323.0122', '95.4859', '315.8218'] Metrics = ['0.1927', '95.4859', '315.8218', '0.0000']
2025-07-10 00:51:33,468 - PoinTr - INFO - Test[4204/10518] Taxonomy = 03211117 Sample = 722df1da5778d45b1e43523279c7f09f Losses = ['522.6702', '2915.3986', '121.2954', '758.2613'] Metrics = ['0.2274', '121.2954', '758.2614', '0.0000']
2025-07-10 00:52:12,155 - PoinTr - INFO - Test[5255/10518] Taxonomy = 02828884 Sample = 14b63361a48a9fffe4a048c146e8bd43 Losses = ['174.4578', '913.4049', '31.3832', '36.7107'] Metrics = ['0.2816', '31.3832', '36.7107', '0.0000']
2025-07-10 00:52:50,284 - PoinTr - INFO - Test[6306/10518] Taxonomy = 03211117 Sample = d330d50a0255529d19ed6e1a590c9122 Losses = ['120.1084', '593.3366', '18.8344', '17.3526'] Metrics = ['0.4483', '18.8344', '17.3526', '0.0000']
2025-07-10 00:53:27,933 - PoinTr - INFO - Test[7357/10518] Taxonomy = 04379243 Sample = b1ca280d9567270ade98d10ab5975b59 Losses = ['383.6986', '2971.3135', '57.6288', '309.2391'] Metrics = ['0.2270', '57.6288', '309.2391', '0.0000']
2025-07-10 00:54:05,849 - PoinTr - INFO - Test[8408/10518] Taxonomy = 03001627 Sample = 89208a619341d9fdb8c516ed5c4ce32 Losses = ['326.9683', '1779.4641', '63.9754', '220.4908'] Metrics = ['0.1475', '63.9754', '220.4908', '0.0000']
2025-07-10 00:54:42,760 - PoinTr - INFO - Test[9459/10518] Taxonomy = 03001627 Sample = d0255120e3351121c3bd24f986301745 Losses = ['180.4076', '801.7159', '41.6327', '42.3737'] Metrics = ['0.1949', '41.6327', '42.3737', '0.0000']
2025-07-10 00:55:18,498 - PoinTr - INFO - Test[10510/10518] Taxonomy = 03636649 Sample = ea9ec4d9db2e06202471e6dd5ac3ef92 Losses = ['39.8733', '83.5194', '37.4083', '12.5965'] Metrics = ['0.2736', '37.4083', '12.5965', '0.0000']
2025-07-10 00:55:18,760 - PoinTr - INFO - [Validation] EPOCH: 110  Metrics = ['0.2466', '61.5608', '244.9825', '0.0000']
2025-07-10 00:55:18,760 - PoinTr - INFO - ============================ TEST RESULTS ============================
2025-07-10 00:55:18,760 - PoinTr - INFO - Taxonomy	#Sample	F-Score	CDL1	CDL2	EMDistance	#ModelName	
2025-07-10 00:55:18,760 - PoinTr - INFO - 03759954	14	0.308 	58.006 	167.298 	0.000 	microphone	
2025-07-10 00:55:18,760 - PoinTr - INFO - 04330267	44	0.209 	60.479 	203.415 	0.000 	stove	
2025-07-10 00:55:18,760 - PoinTr - INFO - 03261776	15	0.201 	75.545 	299.783 	0.000 	earphone	
2025-07-10 00:55:18,760 - PoinTr - INFO - 03513137	33	0.177 	90.283 	422.674 	0.000 	helmet	
2025-07-10 00:55:18,760 - PoinTr - INFO - 04460130	27	0.249 	59.359 	208.135 	0.000 	tower	
2025-07-10 00:55:18,760 - PoinTr - INFO - 04468005	78	0.229 	62.511 	269.717 	0.000 	train	
2025-07-10 00:55:18,760 - PoinTr - INFO - 03761084	31	0.206 	59.120 	194.020 	0.000 	microwaves	
2025-07-10 00:55:18,760 - PoinTr - INFO - 04004475	34	0.187 	68.958 	244.477 	0.000 	printer	
2025-07-10 00:55:18,760 - PoinTr - INFO - 03938244	20	0.252 	48.813 	153.201 	0.000 	pillow	
2025-07-10 00:55:18,760 - PoinTr - INFO - 02992529	167	0.300 	53.073 	238.992 	0.000 	cellphone	
2025-07-10 00:55:18,760 - PoinTr - INFO - 02808440	172	0.202 	61.741 	231.196 	0.000 	bathtub	
2025-07-10 00:55:18,760 - PoinTr - INFO - 04530566	388	0.285 	54.530 	222.848 	0.000 	watercraft	
2025-07-10 00:55:18,760 - PoinTr - INFO - 02871439	91	0.172 	60.024 	182.994 	0.000 	bookshelf	
2025-07-10 00:55:18,760 - PoinTr - INFO - 03593526	120	0.192 	78.592 	349.577 	0.000 	jar	
2025-07-10 00:55:18,760 - PoinTr - INFO - 04554684	34	0.196 	62.308 	187.934 	0.000 	washer	
2025-07-10 00:55:18,760 - PoinTr - INFO - 03467517	160	0.542 	34.849 	113.882 	0.000 	guitar	
2025-07-10 00:55:18,760 - PoinTr - INFO - 04401088	218	0.312 	54.511 	248.846 	0.000 	telephone	
2025-07-10 00:55:18,760 - PoinTr - INFO - 02954340	12	0.228 	67.015 	282.891 	0.000 	cap	
2025-07-10 00:55:18,760 - PoinTr - INFO - 02933112	315	0.186 	57.406 	190.893 	0.000 	cabinet	
2025-07-10 00:55:18,760 - PoinTr - INFO - 03642806	92	0.279 	48.320 	173.704 	0.000 	laptop	
2025-07-10 00:55:18,760 - PoinTr - INFO - 02924116	188	0.236 	54.804 	209.729 	0.000 	bus	
2025-07-10 00:55:18,760 - PoinTr - INFO - 02946921	22	0.210 	76.680 	366.930 	0.000 	can	
2025-07-10 00:55:18,760 - PoinTr - INFO - 02818832	47	0.168 	66.108 	225.019 	0.000 	bed	
2025-07-10 00:55:18,760 - PoinTr - INFO - 04256520	635	0.196 	58.586 	219.176 	0.000 	sofa	
2025-07-10 00:55:18,760 - PoinTr - INFO - 04379243	1687	0.272 	53.391 	209.333 	0.000 	table	
2025-07-10 00:55:18,760 - PoinTr - INFO - 02747177	69	0.165 	70.096 	291.665 	0.000 	trash bin	
2025-07-10 00:55:18,760 - PoinTr - INFO - 03046257	131	0.222 	73.849 	388.562 	0.000 	clock	
2025-07-10 00:55:18,760 - PoinTr - INFO - 04225987	31	0.376 	58.417 	298.881 	0.000 	skateboard	
2025-07-10 00:55:18,760 - PoinTr - INFO - 03797390	43	0.164 	77.242 	352.944 	0.000 	mug	
2025-07-10 00:55:18,760 - PoinTr - INFO - 03001627	1356	0.213 	58.949 	202.035 	0.000 	chair	
2025-07-10 00:55:18,761 - PoinTr - INFO - 03691459	320	0.205 	64.366 	236.177 	0.000 	loudspeaker	
2025-07-10 00:55:18,761 - PoinTr - INFO - 02942699	23	0.172 	69.608 	193.440 	0.000 	camera	
2025-07-10 00:55:18,761 - PoinTr - INFO - 03636649	464	0.282 	58.394 	200.079 	0.000 	lamp	
2025-07-10 00:55:18,761 - PoinTr - INFO - 02691156	809	0.324 	66.745 	392.204 	0.000 	airplane	
2025-07-10 00:55:18,761 - PoinTr - INFO - 02773838	17	0.216 	76.293 	322.053 	0.000 	bag	
2025-07-10 00:55:18,761 - PoinTr - INFO - 02958343	703	0.168 	58.576 	239.771 	0.000 	car	
2025-07-10 00:55:18,761 - PoinTr - INFO - 02880940	38	0.201 	96.585 	631.926 	0.000 	bowl	
2025-07-10 00:55:18,761 - PoinTr - INFO - 04099429	17	0.451 	40.749 	143.992 	0.000 	rocket	
2025-07-10 00:55:18,761 - PoinTr - INFO - 02828884	363	0.250 	54.826 	210.130 	0.000 	bench	
2025-07-10 00:55:18,761 - PoinTr - INFO - 04090263	475	0.458 	42.536 	177.291 	0.000 	rifle	
2025-07-10 00:55:18,761 - PoinTr - INFO - 03211117	219	0.244 	57.232 	232.337 	0.000 	display	
2025-07-10 00:55:18,761 - PoinTr - INFO - 02876657	100	0.254 	56.105 	185.395 	0.000 	bottle	
2025-07-10 00:55:18,761 - PoinTr - INFO - 03710193	19	0.288 	50.146 	134.814 	0.000 	mailbox	
2025-07-10 00:55:18,761 - PoinTr - INFO - 03790512	68	0.169 	63.295 	270.604 	0.000 	motorbike	
2025-07-10 00:55:18,761 - PoinTr - INFO - 03325088	149	0.251 	68.240 	272.041 	0.000 	faucet	
2025-07-10 00:55:18,761 - PoinTr - INFO - 02801938	23	0.197 	59.407 	206.643 	0.000 	basket	
2025-07-10 00:55:18,761 - PoinTr - INFO - 03337140	60	0.188 	52.298 	147.767 	0.000 	file cabinet	
2025-07-10 00:55:18,761 - PoinTr - INFO - 02843684	15	0.186 	76.540 	281.482 	0.000 	birdhouse	
2025-07-10 00:55:18,761 - PoinTr - INFO - 03624134	85	0.444 	44.712 	161.222 	0.000 	knife	
2025-07-10 00:55:18,761 - PoinTr - INFO - 03991062	121	0.157 	84.492 	413.299 	0.000 	flowerpot	
2025-07-10 00:55:18,761 - PoinTr - INFO - 03948459	62	0.305 	49.501 	176.596 	0.000 	pistol	
2025-07-10 00:55:18,761 - PoinTr - INFO - 03928116	48	0.197 	56.664 	158.731 	0.000 	piano	
2025-07-10 00:55:18,761 - PoinTr - INFO - 03207941	19	0.220 	54.116 	158.011 	0.000 	dishwasher	
2025-07-10 00:55:18,761 - PoinTr - INFO - 04074963	14	0.263 	76.003 	400.274 	0.000 	remote	
2025-07-10 00:55:18,761 - PoinTr - INFO - 03085013	13	0.339 	44.850 	177.013 	0.000 	keyboard	
2025-07-10 00:55:18,761 - PoinTr - INFO - Overall		0.247 	61.561 	244.983 	0.000 	
2025-07-10 00:55:19,251 - PoinTr - INFO - Save checkpoint at ./experiments/PoinTr/ShapeNet55_models/PoinTr_fog/ckpt-last.pth
2025-07-10 00:55:20,527 - PoinTr - INFO - [Epoch 111/200][Batch 1/655] BatchTime = 1.275 (s) DataTime = 0.113 (s) Losses = ['283.0583', '61.7035'] lr = 0.0001172
2025-07-10 00:57:21,838 - PoinTr - INFO - [Epoch 111/200][Batch 101/655] BatchTime = 1.061 (s) DataTime = 0.001 (s) Losses = ['267.3014', '53.0354'] lr = 0.0001172
2025-07-10 00:59:18,107 - PoinTr - INFO - [Epoch 111/200][Batch 201/655] BatchTime = 0.956 (s) DataTime = 0.001 (s) Losses = ['249.9928', '47.4321'] lr = 0.0001172
2025-07-10 01:01:17,319 - PoinTr - INFO - [Epoch 111/200][Batch 301/655] BatchTime = 0.949 (s) DataTime = 0.001 (s) Losses = ['271.9269', '52.8185'] lr = 0.0001172
2025-07-10 01:03:20,866 - PoinTr - INFO - [Epoch 111/200][Batch 401/655] BatchTime = 1.643 (s) DataTime = 0.001 (s) Losses = ['232.9402', '45.6497'] lr = 0.0001172
2025-07-10 01:05:21,324 - PoinTr - INFO - [Epoch 111/200][Batch 501/655] BatchTime = 1.217 (s) DataTime = 0.001 (s) Losses = ['292.8293', '49.1716'] lr = 0.0001172
2025-07-10 01:07:22,078 - PoinTr - INFO - [Epoch 111/200][Batch 601/655] BatchTime = 0.944 (s) DataTime = 0.002 (s) Losses = ['290.0040', '54.8192'] lr = 0.0001172
2025-07-10 01:08:22,474 - PoinTr - INFO - [Training] EPOCH: 111 EpochTime = 783.222 (s) Losses = ['271.3069', '50.0746']
2025-07-10 01:08:22,975 - PoinTr - INFO - Save checkpoint at ./experiments/PoinTr/ShapeNet55_models/PoinTr_fog/ckpt-last.pth
2025-07-10 01:08:24,306 - PoinTr - INFO - [Epoch 112/200][Batch 1/655] BatchTime = 1.330 (s) DataTime = 0.111 (s) Losses = ['320.3188', '61.5669'] lr = 0.0001157
2025-07-10 01:10:21,806 - PoinTr - INFO - [Epoch 112/200][Batch 101/655] BatchTime = 1.190 (s) DataTime = 0.001 (s) Losses = ['284.3917', '52.7433'] lr = 0.0001157
2025-07-10 01:12:24,632 - PoinTr - INFO - [Epoch 112/200][Batch 201/655] BatchTime = 1.490 (s) DataTime = 0.001 (s) Losses = ['258.4154', '44.6086'] lr = 0.0001157
2025-07-10 01:14:23,554 - PoinTr - INFO - [Epoch 112/200][Batch 301/655] BatchTime = 1.365 (s) DataTime = 0.001 (s) Losses = ['239.3041', '41.7509'] lr = 0.0001157
2025-07-10 01:16:30,067 - PoinTr - INFO - [Epoch 112/200][Batch 401/655] BatchTime = 1.591 (s) DataTime = 0.001 (s) Losses = ['269.6886', '48.1287'] lr = 0.0001157
2025-07-10 01:18:30,120 - PoinTr - INFO - [Epoch 112/200][Batch 501/655] BatchTime = 1.421 (s) DataTime = 0.001 (s) Losses = ['260.6269', '42.2782'] lr = 0.0001157
2025-07-10 01:20:31,000 - PoinTr - INFO - [Epoch 112/200][Batch 601/655] BatchTime = 1.060 (s) DataTime = 0.002 (s) Losses = ['300.7837', '55.2501'] lr = 0.0001157
2025-07-10 01:21:34,140 - PoinTr - INFO - [Training] EPOCH: 112 EpochTime = 791.163 (s) Losses = ['269.7296', '49.9596']
2025-07-10 01:21:34,631 - PoinTr - INFO - Save checkpoint at ./experiments/PoinTr/ShapeNet55_models/PoinTr_fog/ckpt-last.pth
2025-07-10 01:21:36,052 - PoinTr - INFO - [Epoch 113/200][Batch 1/655] BatchTime = 1.420 (s) DataTime = 0.112 (s) Losses = ['296.6685', '51.2535'] lr = 0.0001142
2025-07-10 01:23:37,450 - PoinTr - INFO - [Epoch 113/200][Batch 101/655] BatchTime = 1.529 (s) DataTime = 0.001 (s) Losses = ['314.4110', '59.4761'] lr = 0.0001142
2025-07-10 01:25:38,633 - PoinTr - INFO - [Epoch 113/200][Batch 201/655] BatchTime = 1.172 (s) DataTime = 0.001 (s) Losses = ['261.9473', '54.3390'] lr = 0.0001142
2025-07-10 01:27:35,398 - PoinTr - INFO - [Epoch 113/200][Batch 301/655] BatchTime = 1.037 (s) DataTime = 0.002 (s) Losses = ['267.8464', '48.2079'] lr = 0.0001142
2025-07-10 01:29:34,552 - PoinTr - INFO - [Epoch 113/200][Batch 401/655] BatchTime = 1.329 (s) DataTime = 0.001 (s) Losses = ['287.3546', '49.7187'] lr = 0.0001142
2025-07-10 01:31:36,777 - PoinTr - INFO - [Epoch 113/200][Batch 501/655] BatchTime = 1.475 (s) DataTime = 0.001 (s) Losses = ['273.2658', '47.9911'] lr = 0.0001142
2025-07-10 01:33:39,164 - PoinTr - INFO - [Epoch 113/200][Batch 601/655] BatchTime = 1.310 (s) DataTime = 0.001 (s) Losses = ['261.5269', '47.5916'] lr = 0.0001142
2025-07-10 01:34:44,014 - PoinTr - INFO - [Training] EPOCH: 113 EpochTime = 789.381 (s) Losses = ['271.4049', '50.0789']
2025-07-10 01:34:44,507 - PoinTr - INFO - Save checkpoint at ./experiments/PoinTr/ShapeNet55_models/PoinTr_fog/ckpt-last.pth
2025-07-10 01:34:45,634 - PoinTr - INFO - [Epoch 114/200][Batch 1/655] BatchTime = 1.126 (s) DataTime = 0.111 (s) Losses = ['258.7503', '46.1988'] lr = 0.0001127
2025-07-10 01:36:50,698 - PoinTr - INFO - [Epoch 114/200][Batch 101/655] BatchTime = 1.038 (s) DataTime = 0.002 (s) Losses = ['284.5167', '53.7580'] lr = 0.0001127
2025-07-10 01:38:52,827 - PoinTr - INFO - [Epoch 114/200][Batch 201/655] BatchTime = 0.899 (s) DataTime = 0.001 (s) Losses = ['262.7254', '48.7068'] lr = 0.0001127
2025-07-10 01:40:51,325 - PoinTr - INFO - [Epoch 114/200][Batch 301/655] BatchTime = 1.262 (s) DataTime = 0.001 (s) Losses = ['248.4153', '44.6100'] lr = 0.0001127
2025-07-10 01:42:50,159 - PoinTr - INFO - [Epoch 114/200][Batch 401/655] BatchTime = 1.176 (s) DataTime = 0.002 (s) Losses = ['268.2485', '49.1752'] lr = 0.0001127
2025-07-10 01:44:52,444 - PoinTr - INFO - [Epoch 114/200][Batch 501/655] BatchTime = 1.320 (s) DataTime = 0.001 (s) Losses = ['284.2883', '56.1035'] lr = 0.0001127
2025-07-10 01:46:54,437 - PoinTr - INFO - [Epoch 114/200][Batch 601/655] BatchTime = 0.974 (s) DataTime = 0.001 (s) Losses = ['287.9468', '50.7972'] lr = 0.0001127
2025-07-10 01:48:01,356 - PoinTr - INFO - [Training] EPOCH: 114 EpochTime = 796.848 (s) Losses = ['269.9906', '49.8463']
2025-07-10 01:48:01,837 - PoinTr - INFO - Save checkpoint at ./experiments/PoinTr/ShapeNet55_models/PoinTr_fog/ckpt-last.pth
2025-07-10 01:48:03,247 - PoinTr - INFO - [Epoch 115/200][Batch 1/655] BatchTime = 1.409 (s) DataTime = 0.111 (s) Losses = ['284.3289', '50.1538'] lr = 0.0001112
2025-07-10 01:50:05,982 - PoinTr - INFO - [Epoch 115/200][Batch 101/655] BatchTime = 1.368 (s) DataTime = 0.001 (s) Losses = ['294.2240', '51.3305'] lr = 0.0001112
2025-07-10 01:52:06,361 - PoinTr - INFO - [Epoch 115/200][Batch 201/655] BatchTime = 0.933 (s) DataTime = 0.001 (s) Losses = ['260.7987', '47.5090'] lr = 0.0001112
2025-07-10 01:54:06,828 - PoinTr - INFO - [Epoch 115/200][Batch 301/655] BatchTime = 0.848 (s) DataTime = 0.001 (s) Losses = ['276.6821', '54.4882'] lr = 0.0001112
2025-07-10 01:56:10,897 - PoinTr - INFO - [Epoch 115/200][Batch 401/655] BatchTime = 1.081 (s) DataTime = 0.001 (s) Losses = ['287.4723', '50.7945'] lr = 0.0001112
2025-07-10 01:58:09,823 - PoinTr - INFO - [Epoch 115/200][Batch 501/655] BatchTime = 1.139 (s) DataTime = 0.001 (s) Losses = ['246.4140', '47.7440'] lr = 0.0001112
2025-07-10 02:00:08,548 - PoinTr - INFO - [Epoch 115/200][Batch 601/655] BatchTime = 1.542 (s) DataTime = 0.001 (s) Losses = ['269.5820', '45.4049'] lr = 0.0001112
2025-07-10 02:01:16,571 - PoinTr - INFO - [Training] EPOCH: 115 EpochTime = 794.734 (s) Losses = ['269.0944', '49.7208']
2025-07-10 02:01:16,572 - PoinTr - INFO - [VALIDATION] Start validating epoch 115
2025-07-10 02:01:55,265 - PoinTr - INFO - Test[1051/10518] Taxonomy = 02691156 Sample = c7749c0a8b61f43bc9b9e28055202e3d Losses = ['59.6587', '190.4654', '30.1858', '36.4907'] Metrics = ['0.2408', '30.1858', '36.4907', '0.0000']
2025-07-10 02:02:32,951 - PoinTr - INFO - Test[2102/10518] Taxonomy = 03211117 Sample = ab2f9418c111cc6ddb965514105122a4 Losses = ['228.9628', '899.7633', '37.8218', '107.4645'] Metrics = ['0.3148', '37.8218', '107.4645', '0.0000']
2025-07-10 02:03:10,320 - PoinTr - INFO - Test[3153/10518] Taxonomy = 02876657 Sample = c5032e4be091aabb36fe7a88df793982 Losses = ['103.2248', '333.2783', '38.9929', '14.9179'] Metrics = ['0.2916', '38.9929', '14.9179', '0.0000']
2025-07-10 02:03:50,243 - PoinTr - INFO - Test[4204/10518] Taxonomy = 03211117 Sample = 722df1da5778d45b1e43523279c7f09f Losses = ['212.4215', '672.1526', '44.2567', '45.9029'] Metrics = ['0.2267', '44.2567', '45.9029', '0.0000']
2025-07-10 02:04:29,926 - PoinTr - INFO - Test[5255/10518] Taxonomy = 02828884 Sample = 14b63361a48a9fffe4a048c146e8bd43 Losses = ['251.2298', '1097.7517', '32.3850', '46.9176'] Metrics = ['0.2737', '32.3850', '46.9176', '0.0000']
2025-07-10 02:05:08,328 - PoinTr - INFO - Test[6306/10518] Taxonomy = 03211117 Sample = d330d50a0255529d19ed6e1a590c9122 Losses = ['59.2079', '171.2338', '26.7147', '36.8238'] Metrics = ['0.2436', '26.7147', '36.8238', '0.0000']
2025-07-10 02:05:45,678 - PoinTr - INFO - Test[7357/10518] Taxonomy = 04379243 Sample = b1ca280d9567270ade98d10ab5975b59 Losses = ['247.2315', '2016.7782', '32.7975', '115.9809'] Metrics = ['0.2703', '32.7975', '115.9809', '0.0000']
2025-07-10 02:06:24,113 - PoinTr - INFO - Test[8408/10518] Taxonomy = 03001627 Sample = 89208a619341d9fdb8c516ed5c4ce32 Losses = ['418.9510', '2619.4313', '93.6198', '530.6956'] Metrics = ['0.1220', '93.6198', '530.6956', '0.0000']
2025-07-10 02:07:00,615 - PoinTr - INFO - Test[9459/10518] Taxonomy = 03001627 Sample = d0255120e3351121c3bd24f986301745 Losses = ['511.8393', '2994.3378', '137.4886', '811.5437'] Metrics = ['0.1173', '137.4886', '811.5437', '0.0000']
2025-07-10 02:07:37,322 - PoinTr - INFO - Test[10510/10518] Taxonomy = 03636649 Sample = ea9ec4d9db2e06202471e6dd5ac3ef92 Losses = ['556.7729', '3352.5167', '47.4904', '204.9061'] Metrics = ['0.4198', '47.4904', '204.9061', '0.0000']
2025-07-10 02:07:37,557 - PoinTr - INFO - [Validation] EPOCH: 115  Metrics = ['0.2511', '59.5406', '241.1783', '0.0000']
2025-07-10 02:07:37,557 - PoinTr - INFO - ============================ TEST RESULTS ============================
2025-07-10 02:07:37,557 - PoinTr - INFO - Taxonomy	#Sample	F-Score	CDL1	CDL2	EMDistance	#ModelName	
2025-07-10 02:07:37,557 - PoinTr - INFO - 03759954	14	0.385 	43.246 	139.420 	0.000 	microphone	
2025-07-10 02:07:37,557 - PoinTr - INFO - 04330267	44	0.212 	58.114 	191.729 	0.000 	stove	
2025-07-10 02:07:37,557 - PoinTr - INFO - 03261776	15	0.221 	62.259 	269.470 	0.000 	earphone	
2025-07-10 02:07:37,557 - PoinTr - INFO - 03513137	33	0.175 	95.074 	477.977 	0.000 	helmet	
2025-07-10 02:07:37,557 - PoinTr - INFO - 04460130	27	0.251 	62.897 	251.222 	0.000 	tower	
2025-07-10 02:07:37,557 - PoinTr - INFO - 04468005	78	0.228 	54.553 	214.257 	0.000 	train	
2025-07-10 02:07:37,557 - PoinTr - INFO - 03761084	31	0.225 	54.760 	160.945 	0.000 	microwaves	
2025-07-10 02:07:37,557 - PoinTr - INFO - 04004475	34	0.211 	57.004 	156.693 	0.000 	printer	
2025-07-10 02:07:37,558 - PoinTr - INFO - 03938244	20	0.251 	57.307 	204.291 	0.000 	pillow	
2025-07-10 02:07:37,558 - PoinTr - INFO - 02992529	167	0.270 	54.835 	228.483 	0.000 	cellphone	
2025-07-10 02:07:37,558 - PoinTr - INFO - 02808440	172	0.216 	63.326 	253.272 	0.000 	bathtub	
2025-07-10 02:07:37,558 - PoinTr - INFO - 04530566	388	0.278 	51.366 	204.740 	0.000 	watercraft	
2025-07-10 02:07:37,558 - PoinTr - INFO - 02871439	91	0.179 	58.431 	199.867 	0.000 	bookshelf	
2025-07-10 02:07:37,558 - PoinTr - INFO - 03593526	120	0.197 	76.854 	346.541 	0.000 	jar	
2025-07-10 02:07:37,558 - PoinTr - INFO - 04554684	34	0.204 	62.907 	175.430 	0.000 	washer	
2025-07-10 02:07:37,558 - PoinTr - INFO - 03467517	160	0.533 	31.311 	115.007 	0.000 	guitar	
2025-07-10 02:07:37,558 - PoinTr - INFO - 04401088	218	0.274 	55.060 	237.683 	0.000 	telephone	
2025-07-10 02:07:37,558 - PoinTr - INFO - 02954340	12	0.235 	63.766 	250.808 	0.000 	cap	
2025-07-10 02:07:37,558 - PoinTr - INFO - 02933112	315	0.186 	56.560 	190.772 	0.000 	cabinet	
2025-07-10 02:07:37,558 - PoinTr - INFO - 03642806	92	0.303 	43.355 	173.240 	0.000 	laptop	
2025-07-10 02:07:37,558 - PoinTr - INFO - 02924116	188	0.242 	55.740 	221.659 	0.000 	bus	
2025-07-10 02:07:37,558 - PoinTr - INFO - 02946921	22	0.234 	55.942 	214.701 	0.000 	can	
2025-07-10 02:07:37,558 - PoinTr - INFO - 02818832	47	0.186 	56.429 	156.377 	0.000 	bed	
2025-07-10 02:07:37,558 - PoinTr - INFO - 04256520	635	0.193 	59.578 	222.806 	0.000 	sofa	
2025-07-10 02:07:37,558 - PoinTr - INFO - 04379243	1687	0.292 	51.523 	204.552 	0.000 	table	
2025-07-10 02:07:37,558 - PoinTr - INFO - 02747177	69	0.166 	64.609 	244.100 	0.000 	trash bin	
2025-07-10 02:07:37,558 - PoinTr - INFO - 03046257	131	0.216 	80.207 	457.909 	0.000 	clock	
2025-07-10 02:07:37,558 - PoinTr - INFO - 04225987	31	0.375 	43.673 	184.746 	0.000 	skateboard	
2025-07-10 02:07:37,558 - PoinTr - INFO - 03797390	43	0.183 	62.881 	217.199 	0.000 	mug	
2025-07-10 02:07:37,558 - PoinTr - INFO - 03001627	1356	0.230 	54.447 	189.145 	0.000 	chair	
2025-07-10 02:07:37,558 - PoinTr - INFO - 03691459	320	0.203 	66.983 	247.248 	0.000 	loudspeaker	
2025-07-10 02:07:37,558 - PoinTr - INFO - 02942699	23	0.186 	61.403 	189.728 	0.000 	camera	
2025-07-10 02:07:37,558 - PoinTr - INFO - 03636649	464	0.289 	57.415 	212.872 	0.000 	lamp	
2025-07-10 02:07:37,558 - PoinTr - INFO - 02691156	809	0.339 	67.406 	428.999 	0.000 	airplane	
2025-07-10 02:07:37,558 - PoinTr - INFO - 02773838	17	0.217 	77.206 	344.408 	0.000 	bag	
2025-07-10 02:07:37,558 - PoinTr - INFO - 02958343	703	0.173 	60.982 	249.523 	0.000 	car	
2025-07-10 02:07:37,558 - PoinTr - INFO - 02880940	38	0.187 	115.076 	814.707 	0.000 	bowl	
2025-07-10 02:07:37,558 - PoinTr - INFO - 04099429	17	0.390 	46.320 	191.547 	0.000 	rocket	
2025-07-10 02:07:37,558 - PoinTr - INFO - 02828884	363	0.280 	50.169 	199.835 	0.000 	bench	
2025-07-10 02:07:37,558 - PoinTr - INFO - 04090263	475	0.412 	41.582 	171.542 	0.000 	rifle	
2025-07-10 02:07:37,558 - PoinTr - INFO - 03211117	219	0.241 	57.526 	232.094 	0.000 	display	
2025-07-10 02:07:37,558 - PoinTr - INFO - 02876657	100	0.265 	53.933 	191.201 	0.000 	bottle	
2025-07-10 02:07:37,558 - PoinTr - INFO - 03710193	19	0.301 	44.719 	117.940 	0.000 	mailbox	
2025-07-10 02:07:37,558 - PoinTr - INFO - 03790512	68	0.174 	65.824 	279.927 	0.000 	motorbike	
2025-07-10 02:07:37,558 - PoinTr - INFO - 03325088	149	0.267 	62.762 	275.054 	0.000 	faucet	
2025-07-10 02:07:37,558 - PoinTr - INFO - 02801938	23	0.181 	60.830 	199.162 	0.000 	basket	
2025-07-10 02:07:37,558 - PoinTr - INFO - 03337140	60	0.185 	58.458 	189.021 	0.000 	file cabinet	
2025-07-10 02:07:37,558 - PoinTr - INFO - 02843684	15	0.188 	72.421 	259.906 	0.000 	birdhouse	
2025-07-10 02:07:37,558 - PoinTr - INFO - 03624134	85	0.485 	37.146 	145.823 	0.000 	knife	
2025-07-10 02:07:37,558 - PoinTr - INFO - 03991062	121	0.163 	81.146 	370.663 	0.000 	flowerpot	
2025-07-10 02:07:37,558 - PoinTr - INFO - 03948459	62	0.277 	51.639 	201.552 	0.000 	pistol	
2025-07-10 02:07:37,558 - PoinTr - INFO - 03928116	48	0.207 	59.620 	222.657 	0.000 	piano	
2025-07-10 02:07:37,558 - PoinTr - INFO - 03207941	19	0.194 	71.073 	295.900 	0.000 	dishwasher	
2025-07-10 02:07:37,558 - PoinTr - INFO - 04074963	14	0.266 	60.726 	267.369 	0.000 	remote	
2025-07-10 02:07:37,558 - PoinTr - INFO - 03085013	13	0.385 	44.353 	211.089 	0.000 	keyboard	
2025-07-10 02:07:37,558 - PoinTr - INFO - Overall		0.251 	59.541 	241.178 	0.000 	
2025-07-10 02:07:38,049 - PoinTr - INFO - Save checkpoint at ./experiments/PoinTr/ShapeNet55_models/PoinTr_fog/ckpt-last.pth
2025-07-10 02:07:39,459 - PoinTr - INFO - [Epoch 116/200][Batch 1/655] BatchTime = 1.409 (s) DataTime = 0.112 (s) Losses = ['302.1109', '52.1854'] lr = 0.0001098
2025-07-10 02:09:39,112 - PoinTr - INFO - [Epoch 116/200][Batch 101/655] BatchTime = 1.193 (s) DataTime = 0.001 (s) Losses = ['272.5308', '51.7393'] lr = 0.0001098
2025-07-10 02:11:38,713 - PoinTr - INFO - [Epoch 116/200][Batch 201/655] BatchTime = 0.980 (s) DataTime = 0.001 (s) Losses = ['264.0605', '46.6457'] lr = 0.0001098
2025-07-10 02:13:41,498 - PoinTr - INFO - [Epoch 116/200][Batch 301/655] BatchTime = 1.153 (s) DataTime = 0.001 (s) Losses = ['328.7110', '59.1424'] lr = 0.0001098
2025-07-10 02:15:39,975 - PoinTr - INFO - [Epoch 116/200][Batch 401/655] BatchTime = 1.917 (s) DataTime = 0.002 (s) Losses = ['259.8808', '47.5753'] lr = 0.0001098
2025-07-10 02:17:41,286 - PoinTr - INFO - [Epoch 116/200][Batch 501/655] BatchTime = 1.345 (s) DataTime = 0.001 (s) Losses = ['253.8672', '51.5906'] lr = 0.0001098
2025-07-10 02:19:47,660 - PoinTr - INFO - [Epoch 116/200][Batch 601/655] BatchTime = 0.967 (s) DataTime = 0.002 (s) Losses = ['267.8371', '50.8454'] lr = 0.0001098
2025-07-10 02:20:53,038 - PoinTr - INFO - [Training] EPOCH: 116 EpochTime = 794.988 (s) Losses = ['271.6469', '50.1358']
2025-07-10 02:20:53,528 - PoinTr - INFO - Save checkpoint at ./experiments/PoinTr/ShapeNet55_models/PoinTr_fog/ckpt-last.pth
2025-07-10 02:20:55,066 - PoinTr - INFO - [Epoch 117/200][Batch 1/655] BatchTime = 1.537 (s) DataTime = 0.110 (s) Losses = ['255.4156', '41.6458'] lr = 0.0001084
2025-07-10 02:22:54,166 - PoinTr - INFO - [Epoch 117/200][Batch 101/655] BatchTime = 1.682 (s) DataTime = 0.001 (s) Losses = ['285.8932', '50.6526'] lr = 0.0001084
2025-07-10 02:24:51,654 - PoinTr - INFO - [Epoch 117/200][Batch 201/655] BatchTime = 1.051 (s) DataTime = 0.001 (s) Losses = ['278.2519', '63.0289'] lr = 0.0001084
2025-07-10 02:26:53,197 - PoinTr - INFO - [Epoch 117/200][Batch 301/655] BatchTime = 1.133 (s) DataTime = 0.001 (s) Losses = ['275.3355', '49.8322'] lr = 0.0001084
2025-07-10 02:28:49,856 - PoinTr - INFO - [Epoch 117/200][Batch 401/655] BatchTime = 1.202 (s) DataTime = 0.001 (s) Losses = ['247.4826', '45.0432'] lr = 0.0001084
2025-07-10 02:30:48,245 - PoinTr - INFO - [Epoch 117/200][Batch 501/655] BatchTime = 0.911 (s) DataTime = 0.001 (s) Losses = ['266.6670', '52.4403'] lr = 0.0001084
2025-07-10 02:32:50,194 - PoinTr - INFO - [Epoch 117/200][Batch 601/655] BatchTime = 1.151 (s) DataTime = 0.001 (s) Losses = ['295.0690', '59.9036'] lr = 0.0001084
2025-07-10 02:33:55,886 - PoinTr - INFO - [Training] EPOCH: 117 EpochTime = 782.357 (s) Losses = ['271.4454', '50.1391']
2025-07-10 02:33:56,369 - PoinTr - INFO - Save checkpoint at ./experiments/PoinTr/ShapeNet55_models/PoinTr_fog/ckpt-last.pth
2025-07-10 02:33:57,592 - PoinTr - INFO - [Epoch 118/200][Batch 1/655] BatchTime = 1.222 (s) DataTime = 0.111 (s) Losses = ['291.4820', '54.3138'] lr = 0.0001070
2025-07-10 02:35:56,228 - PoinTr - INFO - [Epoch 118/200][Batch 101/655] BatchTime = 1.245 (s) DataTime = 0.001 (s) Losses = ['276.7752', '52.0415'] lr = 0.0001070
2025-07-10 02:37:57,999 - PoinTr - INFO - [Epoch 118/200][Batch 201/655] BatchTime = 1.107 (s) DataTime = 0.002 (s) Losses = ['280.2517', '51.6275'] lr = 0.0001070
2025-07-10 02:39:55,843 - PoinTr - INFO - [Epoch 118/200][Batch 301/655] BatchTime = 1.012 (s) DataTime = 0.001 (s) Losses = ['299.0052', '57.8691'] lr = 0.0001070
2025-07-10 02:41:54,345 - PoinTr - INFO - [Epoch 118/200][Batch 401/655] BatchTime = 0.987 (s) DataTime = 0.001 (s) Losses = ['258.4285', '46.2586'] lr = 0.0001070
2025-07-10 02:43:57,964 - PoinTr - INFO - [Epoch 118/200][Batch 501/655] BatchTime = 1.469 (s) DataTime = 0.001 (s) Losses = ['256.1722', '44.6858'] lr = 0.0001070
2025-07-10 02:45:52,396 - PoinTr - INFO - [Epoch 118/200][Batch 601/655] BatchTime = 1.135 (s) DataTime = 0.001 (s) Losses = ['257.8517', '48.3248'] lr = 0.0001070
2025-07-10 02:46:57,002 - PoinTr - INFO - [Training] EPOCH: 118 EpochTime = 780.633 (s) Losses = ['270.9358', '49.8561']
2025-07-10 02:46:57,499 - PoinTr - INFO - Save checkpoint at ./experiments/PoinTr/ShapeNet55_models/PoinTr_fog/ckpt-last.pth
2025-07-10 02:46:59,005 - PoinTr - INFO - [Epoch 119/200][Batch 1/655] BatchTime = 1.505 (s) DataTime = 0.110 (s) Losses = ['302.9605', '57.0223'] lr = 0.0001056
2025-07-10 02:48:57,863 - PoinTr - INFO - [Epoch 119/200][Batch 101/655] BatchTime = 0.903 (s) DataTime = 0.001 (s) Losses = ['309.7703', '58.8734'] lr = 0.0001056
2025-07-10 02:50:54,771 - PoinTr - INFO - [Epoch 119/200][Batch 201/655] BatchTime = 0.992 (s) DataTime = 0.001 (s) Losses = ['303.8593', '62.5258'] lr = 0.0001056
2025-07-10 02:52:53,828 - PoinTr - INFO - [Epoch 119/200][Batch 301/655] BatchTime = 1.082 (s) DataTime = 0.002 (s) Losses = ['259.5324', '44.2993'] lr = 0.0001056
2025-07-10 02:54:57,177 - PoinTr - INFO - [Epoch 119/200][Batch 401/655] BatchTime = 1.013 (s) DataTime = 0.001 (s) Losses = ['278.8811', '48.2228'] lr = 0.0001056
2025-07-10 02:56:58,243 - PoinTr - INFO - [Epoch 119/200][Batch 501/655] BatchTime = 1.785 (s) DataTime = 0.001 (s) Losses = ['283.7512', '50.1489'] lr = 0.0001056
2025-07-10 02:58:55,318 - PoinTr - INFO - [Epoch 119/200][Batch 601/655] BatchTime = 0.940 (s) DataTime = 0.002 (s) Losses = ['264.9176', '53.5052'] lr = 0.0001056
2025-07-10 03:00:02,541 - PoinTr - INFO - [Training] EPOCH: 119 EpochTime = 785.040 (s) Losses = ['269.8094', '49.6558']
2025-07-10 03:00:03,030 - PoinTr - INFO - Save checkpoint at ./experiments/PoinTr/ShapeNet55_models/PoinTr_fog/ckpt-last.pth
2025-07-10 03:00:04,588 - PoinTr - INFO - [Epoch 120/200][Batch 1/655] BatchTime = 1.558 (s) DataTime = 0.115 (s) Losses = ['244.4747', '42.1103'] lr = 0.0001042
2025-07-10 03:02:06,787 - PoinTr - INFO - [Epoch 120/200][Batch 101/655] BatchTime = 1.208 (s) DataTime = 0.001 (s) Losses = ['304.2350', '60.5473'] lr = 0.0001042
2025-07-10 03:04:10,681 - PoinTr - INFO - [Epoch 120/200][Batch 201/655] BatchTime = 1.614 (s) DataTime = 0.001 (s) Losses = ['265.0288', '47.1775'] lr = 0.0001042
2025-07-10 03:06:13,881 - PoinTr - INFO - [Epoch 120/200][Batch 301/655] BatchTime = 1.143 (s) DataTime = 0.001 (s) Losses = ['247.7755', '46.4574'] lr = 0.0001042
2025-07-10 03:08:15,230 - PoinTr - INFO - [Epoch 120/200][Batch 401/655] BatchTime = 1.459 (s) DataTime = 0.001 (s) Losses = ['300.8370', '49.7983'] lr = 0.0001042
2025-07-10 03:10:20,295 - PoinTr - INFO - [Epoch 120/200][Batch 501/655] BatchTime = 1.219 (s) DataTime = 0.001 (s) Losses = ['210.5294', '40.5402'] lr = 0.0001042
2025-07-10 03:12:22,143 - PoinTr - INFO - [Epoch 120/200][Batch 601/655] BatchTime = 1.194 (s) DataTime = 0.001 (s) Losses = ['273.2521', '48.0872'] lr = 0.0001042
2025-07-10 03:13:29,238 - PoinTr - INFO - [Training] EPOCH: 120 EpochTime = 806.207 (s) Losses = ['270.9234', '49.6787']
2025-07-10 03:13:29,238 - PoinTr - INFO - [VALIDATION] Start validating epoch 120
2025-07-10 03:14:08,426 - PoinTr - INFO - Test[1051/10518] Taxonomy = 02691156 Sample = c7749c0a8b61f43bc9b9e28055202e3d Losses = ['664.0204', '6208.0727', '276.5641', '2429.0781'] Metrics = ['0.2000', '276.5641', '2429.0781', '0.0000']
2025-07-10 03:14:46,843 - PoinTr - INFO - Test[2102/10518] Taxonomy = 03211117 Sample = ab2f9418c111cc6ddb965514105122a4 Losses = ['345.3757', '1270.3451', '107.9606', '468.9648'] Metrics = ['0.2515', '107.9605', '468.9648', '0.0000']
2025-07-10 03:15:23,790 - PoinTr - INFO - Test[3153/10518] Taxonomy = 02876657 Sample = c5032e4be091aabb36fe7a88df793982 Losses = ['284.8033', '1110.8390', '59.3852', '74.3711'] Metrics = ['0.2242', '59.3852', '74.3711', '0.0000']
2025-07-10 03:16:03,420 - PoinTr - INFO - Test[4204/10518] Taxonomy = 03211117 Sample = 722df1da5778d45b1e43523279c7f09f Losses = ['417.0577', '1683.9204', '114.2413', '442.6392'] Metrics = ['0.1782', '114.2413', '442.6392', '0.0000']
2025-07-10 03:16:41,801 - PoinTr - INFO - Test[5255/10518] Taxonomy = 02828884 Sample = 14b63361a48a9fffe4a048c146e8bd43 Losses = ['402.6761', '1742.7366', '116.9950', '608.8139'] Metrics = ['0.2494', '116.9950', '608.8140', '0.0000']
2025-07-10 03:17:20,057 - PoinTr - INFO - Test[6306/10518] Taxonomy = 03211117 Sample = d330d50a0255529d19ed6e1a590c9122 Losses = ['236.2152', '637.2347', '39.0892', '66.5758'] Metrics = ['0.3793', '39.0892', '66.5758', '0.0000']
2025-07-10 03:17:56,791 - PoinTr - INFO - Test[7357/10518] Taxonomy = 04379243 Sample = b1ca280d9567270ade98d10ab5975b59 Losses = ['571.6414', '4283.6370', '268.5558', '2491.9653'] Metrics = ['0.1206', '268.5558', '2491.9653', '0.0000']
2025-07-10 03:18:34,319 - PoinTr - INFO - Test[8408/10518] Taxonomy = 03001627 Sample = 89208a619341d9fdb8c516ed5c4ce32 Losses = ['252.0421', '1146.1438', '57.5805', '116.9770'] Metrics = ['0.1416', '57.5806', '116.9770', '0.0000']
2025-07-10 03:19:12,718 - PoinTr - INFO - Test[9459/10518] Taxonomy = 03001627 Sample = d0255120e3351121c3bd24f986301745 Losses = ['315.2065', '1439.5486', '60.9947', '103.9717'] Metrics = ['0.1720', '60.9947', '103.9717', '0.0000']
2025-07-10 03:19:51,057 - PoinTr - INFO - Test[10510/10518] Taxonomy = 03636649 Sample = ea9ec4d9db2e06202471e6dd5ac3ef92 Losses = ['588.8972', '4178.4682', '76.1110', '312.5480'] Metrics = ['0.3013', '76.1110', '312.5480', '0.0000']
2025-07-10 03:19:51,405 - PoinTr - INFO - [Validation] EPOCH: 120  Metrics = ['0.2313', '66.6941', '248.4726', '0.0000']
2025-07-10 03:19:51,406 - PoinTr - INFO - ============================ TEST RESULTS ============================
2025-07-10 03:19:51,406 - PoinTr - INFO - Taxonomy	#Sample	F-Score	CDL1	CDL2	EMDistance	#ModelName	
2025-07-10 03:19:51,406 - PoinTr - INFO - 03759954	14	0.307 	61.723 	179.402 	0.000 	microphone	
2025-07-10 03:19:51,406 - PoinTr - INFO - 04330267	44	0.199 	63.004 	175.117 	0.000 	stove	
2025-07-10 03:19:51,406 - PoinTr - INFO - 03261776	15	0.188 	98.936 	443.817 	0.000 	earphone	
2025-07-10 03:19:51,406 - PoinTr - INFO - 03513137	33	0.168 	98.437 	439.444 	0.000 	helmet	
2025-07-10 03:19:51,406 - PoinTr - INFO - 04460130	27	0.232 	74.247 	283.578 	0.000 	tower	
2025-07-10 03:19:51,406 - PoinTr - INFO - 04468005	78	0.242 	56.657 	229.039 	0.000 	train	
2025-07-10 03:19:51,406 - PoinTr - INFO - 03761084	31	0.213 	67.532 	205.427 	0.000 	microwaves	
2025-07-10 03:19:51,406 - PoinTr - INFO - 04004475	34	0.184 	74.558 	244.505 	0.000 	printer	
2025-07-10 03:19:51,406 - PoinTr - INFO - 03938244	20	0.242 	65.571 	215.141 	0.000 	pillow	
2025-07-10 03:19:51,406 - PoinTr - INFO - 02992529	167	0.242 	58.792 	220.723 	0.000 	cellphone	
2025-07-10 03:19:51,406 - PoinTr - INFO - 02808440	172	0.192 	68.987 	239.324 	0.000 	bathtub	
2025-07-10 03:19:51,406 - PoinTr - INFO - 04530566	388	0.294 	52.547 	203.025 	0.000 	watercraft	
2025-07-10 03:19:51,406 - PoinTr - INFO - 02871439	91	0.162 	69.561 	226.075 	0.000 	bookshelf	
2025-07-10 03:19:51,406 - PoinTr - INFO - 03593526	120	0.202 	75.000 	299.942 	0.000 	jar	
2025-07-10 03:19:51,406 - PoinTr - INFO - 04554684	34	0.201 	67.013 	189.033 	0.000 	washer	
2025-07-10 03:19:51,406 - PoinTr - INFO - 03467517	160	0.332 	49.853 	140.982 	0.000 	guitar	
2025-07-10 03:19:51,406 - PoinTr - INFO - 04401088	218	0.249 	58.185 	225.742 	0.000 	telephone	
2025-07-10 03:19:51,406 - PoinTr - INFO - 02954340	12	0.227 	99.877 	552.897 	0.000 	cap	
2025-07-10 03:19:51,406 - PoinTr - INFO - 02933112	315	0.169 	65.474 	204.428 	0.000 	cabinet	
2025-07-10 03:19:51,406 - PoinTr - INFO - 03642806	92	0.280 	49.922 	190.056 	0.000 	laptop	
2025-07-10 03:19:51,406 - PoinTr - INFO - 02924116	188	0.249 	53.424 	191.571 	0.000 	bus	
2025-07-10 03:19:51,406 - PoinTr - INFO - 02946921	22	0.231 	69.322 	258.491 	0.000 	can	
2025-07-10 03:19:51,406 - PoinTr - INFO - 02818832	47	0.167 	66.676 	196.571 	0.000 	bed	
2025-07-10 03:19:51,406 - PoinTr - INFO - 04256520	635	0.184 	63.224 	200.265 	0.000 	sofa	
2025-07-10 03:19:51,406 - PoinTr - INFO - 04379243	1687	0.206 	61.041 	206.338 	0.000 	table	
2025-07-10 03:19:51,406 - PoinTr - INFO - 02747177	69	0.165 	80.110 	324.406 	0.000 	trash bin	
2025-07-10 03:19:51,406 - PoinTr - INFO - 03046257	131	0.196 	81.843 	406.532 	0.000 	clock	
2025-07-10 03:19:51,406 - PoinTr - INFO - 04225987	31	0.307 	69.264 	368.979 	0.000 	skateboard	
2025-07-10 03:19:51,406 - PoinTr - INFO - 03797390	43	0.171 	80.221 	352.586 	0.000 	mug	
2025-07-10 03:19:51,406 - PoinTr - INFO - 03001627	1356	0.203 	61.926 	199.016 	0.000 	chair	
2025-07-10 03:19:51,406 - PoinTr - INFO - 03691459	320	0.198 	68.481 	206.950 	0.000 	loudspeaker	
2025-07-10 03:19:51,406 - PoinTr - INFO - 02942699	23	0.170 	74.701 	229.556 	0.000 	camera	
2025-07-10 03:19:51,406 - PoinTr - INFO - 03636649	464	0.269 	65.878 	220.151 	0.000 	lamp	
2025-07-10 03:19:51,406 - PoinTr - INFO - 02691156	809	0.311 	71.127 	438.801 	0.000 	airplane	
2025-07-10 03:19:51,406 - PoinTr - INFO - 02773838	17	0.204 	84.865 	363.636 	0.000 	bag	
2025-07-10 03:19:51,406 - PoinTr - INFO - 02958343	703	0.165 	60.021 	245.017 	0.000 	car	
2025-07-10 03:19:51,406 - PoinTr - INFO - 02880940	38	0.202 	81.488 	381.135 	0.000 	bowl	
2025-07-10 03:19:51,406 - PoinTr - INFO - 04099429	17	0.444 	30.879 	88.642 	0.000 	rocket	
2025-07-10 03:19:51,406 - PoinTr - INFO - 02828884	363	0.224 	59.507 	213.318 	0.000 	bench	
2025-07-10 03:19:51,406 - PoinTr - INFO - 04090263	475	0.481 	45.054 	191.371 	0.000 	rifle	
2025-07-10 03:19:51,406 - PoinTr - INFO - 03211117	219	0.215 	59.486 	194.808 	0.000 	display	
2025-07-10 03:19:51,406 - PoinTr - INFO - 02876657	100	0.259 	59.755 	200.062 	0.000 	bottle	
2025-07-10 03:19:51,406 - PoinTr - INFO - 03710193	19	0.258 	59.508 	147.380 	0.000 	mailbox	
2025-07-10 03:19:51,406 - PoinTr - INFO - 03790512	68	0.169 	63.689 	286.097 	0.000 	motorbike	
2025-07-10 03:19:51,406 - PoinTr - INFO - 03325088	149	0.249 	66.802 	224.684 	0.000 	faucet	
2025-07-10 03:19:51,406 - PoinTr - INFO - 02801938	23	0.188 	71.271 	255.349 	0.000 	basket	
2025-07-10 03:19:51,406 - PoinTr - INFO - 03337140	60	0.176 	63.183 	185.526 	0.000 	file cabinet	
2025-07-10 03:19:51,406 - PoinTr - INFO - 02843684	15	0.162 	73.881 	212.730 	0.000 	birdhouse	
2025-07-10 03:19:51,406 - PoinTr - INFO - 03624134	85	0.413 	51.806 	166.113 	0.000 	knife	
2025-07-10 03:19:51,406 - PoinTr - INFO - 03991062	121	0.162 	87.197 	391.087 	0.000 	flowerpot	
2025-07-10 03:19:51,406 - PoinTr - INFO - 03948459	62	0.304 	49.831 	169.224 	0.000 	pistol	
2025-07-10 03:19:51,406 - PoinTr - INFO - 03928116	48	0.180 	70.433 	215.310 	0.000 	piano	
2025-07-10 03:19:51,406 - PoinTr - INFO - 03207941	19	0.206 	65.616 	181.370 	0.000 	dishwasher	
2025-07-10 03:19:51,407 - PoinTr - INFO - 04074963	14	0.240 	62.591 	233.773 	0.000 	remote	
2025-07-10 03:19:51,407 - PoinTr - INFO - 03085013	13	0.268 	58.201 	211.453 	0.000 	keyboard	
2025-07-10 03:19:51,407 - PoinTr - INFO - Overall		0.231 	66.694 	248.473 	0.000 	
2025-07-10 03:19:51,899 - PoinTr - INFO - Save checkpoint at ./experiments/PoinTr/ShapeNet55_models/PoinTr_fog/ckpt-last.pth
2025-07-10 03:19:53,021 - PoinTr - INFO - [Epoch 121/200][Batch 1/655] BatchTime = 1.120 (s) DataTime = 0.115 (s) Losses = ['300.5704', '54.0750'] lr = 0.0001029
2025-07-10 03:21:49,875 - PoinTr - INFO - [Epoch 121/200][Batch 101/655] BatchTime = 1.382 (s) DataTime = 0.001 (s) Losses = ['260.1896', '49.2054'] lr = 0.0001029
2025-07-10 03:23:48,592 - PoinTr - INFO - [Epoch 121/200][Batch 201/655] BatchTime = 1.374 (s) DataTime = 0.001 (s) Losses = ['301.8394', '53.8299'] lr = 0.0001029
2025-07-10 03:25:45,789 - PoinTr - INFO - [Epoch 121/200][Batch 301/655] BatchTime = 1.184 (s) DataTime = 0.001 (s) Losses = ['281.6003', '48.0816'] lr = 0.0001029
2025-07-10 03:27:43,398 - PoinTr - INFO - [Epoch 121/200][Batch 401/655] BatchTime = 1.206 (s) DataTime = 0.001 (s) Losses = ['266.8784', '47.4288'] lr = 0.0001029
2025-07-10 03:29:42,764 - PoinTr - INFO - [Epoch 121/200][Batch 501/655] BatchTime = 1.107 (s) DataTime = 0.001 (s) Losses = ['259.7822', '48.5130'] lr = 0.0001029
2025-07-10 03:31:41,219 - PoinTr - INFO - [Epoch 121/200][Batch 601/655] BatchTime = 1.065 (s) DataTime = 0.001 (s) Losses = ['281.3870', '52.4164'] lr = 0.0001029
2025-07-10 03:32:44,550 - PoinTr - INFO - [Training] EPOCH: 121 EpochTime = 772.650 (s) Losses = ['271.5775', '49.9394']
2025-07-10 03:32:45,033 - PoinTr - INFO - Save checkpoint at ./experiments/PoinTr/ShapeNet55_models/PoinTr_fog/ckpt-last.pth
2025-07-10 03:32:46,266 - PoinTr - INFO - [Epoch 122/200][Batch 1/655] BatchTime = 1.232 (s) DataTime = 0.111 (s) Losses = ['258.5585', '50.9901'] lr = 0.0001015
2025-07-10 03:34:44,445 - PoinTr - INFO - [Epoch 122/200][Batch 101/655] BatchTime = 1.020 (s) DataTime = 0.001 (s) Losses = ['235.7195', '50.4033'] lr = 0.0001015
2025-07-10 03:36:40,270 - PoinTr - INFO - [Epoch 122/200][Batch 201/655] BatchTime = 0.885 (s) DataTime = 0.001 (s) Losses = ['269.7964', '49.9113'] lr = 0.0001015
2025-07-10 03:38:37,573 - PoinTr - INFO - [Epoch 122/200][Batch 301/655] BatchTime = 1.202 (s) DataTime = 0.001 (s) Losses = ['277.0950', '52.9687'] lr = 0.0001015
2025-07-10 03:40:35,499 - PoinTr - INFO - [Epoch 122/200][Batch 401/655] BatchTime = 0.995 (s) DataTime = 0.001 (s) Losses = ['254.7697', '46.6015'] lr = 0.0001015
2025-07-10 03:42:36,986 - PoinTr - INFO - [Epoch 122/200][Batch 501/655] BatchTime = 1.340 (s) DataTime = 0.001 (s) Losses = ['293.5879', '48.3696'] lr = 0.0001015
2025-07-10 03:44:43,659 - PoinTr - INFO - [Epoch 122/200][Batch 601/655] BatchTime = 1.424 (s) DataTime = 0.001 (s) Losses = ['277.2161', '51.4401'] lr = 0.0001015
2025-07-10 03:45:47,947 - PoinTr - INFO - [Training] EPOCH: 122 EpochTime = 782.913 (s) Losses = ['270.2570', '49.7495']
2025-07-10 03:45:48,428 - PoinTr - INFO - Save checkpoint at ./experiments/PoinTr/ShapeNet55_models/PoinTr_fog/ckpt-last.pth
2025-07-10 03:45:49,796 - PoinTr - INFO - [Epoch 123/200][Batch 1/655] BatchTime = 1.367 (s) DataTime = 0.111 (s) Losses = ['279.1867', '54.0452'] lr = 0.0001002
2025-07-10 03:47:47,577 - PoinTr - INFO - [Epoch 123/200][Batch 101/655] BatchTime = 1.172 (s) DataTime = 0.002 (s) Losses = ['289.4157', '51.2807'] lr = 0.0001002
2025-07-10 03:49:47,034 - PoinTr - INFO - [Epoch 123/200][Batch 201/655] BatchTime = 1.520 (s) DataTime = 0.001 (s) Losses = ['254.0932', '44.4422'] lr = 0.0001002
2025-07-10 03:51:46,941 - PoinTr - INFO - [Epoch 123/200][Batch 301/655] BatchTime = 0.868 (s) DataTime = 0.001 (s) Losses = ['287.7215', '52.3509'] lr = 0.0001002
2025-07-10 03:53:49,252 - PoinTr - INFO - [Epoch 123/200][Batch 401/655] BatchTime = 1.608 (s) DataTime = 0.001 (s) Losses = ['278.5514', '44.4532'] lr = 0.0001002
2025-07-10 03:55:48,592 - PoinTr - INFO - [Epoch 123/200][Batch 501/655] BatchTime = 1.286 (s) DataTime = 0.001 (s) Losses = ['276.7841', '47.7097'] lr = 0.0001002
2025-07-10 03:57:44,899 - PoinTr - INFO - [Epoch 123/200][Batch 601/655] BatchTime = 1.005 (s) DataTime = 0.001 (s) Losses = ['260.6865', '44.0078'] lr = 0.0001002
2025-07-10 03:58:49,801 - PoinTr - INFO - [Training] EPOCH: 123 EpochTime = 781.372 (s) Losses = ['271.3258', '49.7688']
2025-07-10 03:58:50,282 - PoinTr - INFO - Save checkpoint at ./experiments/PoinTr/ShapeNet55_models/PoinTr_fog/ckpt-last.pth
2025-07-10 03:58:52,273 - PoinTr - INFO - [Epoch 124/200][Batch 1/655] BatchTime = 1.990 (s) DataTime = 0.111 (s) Losses = ['255.9772', '42.9601'] lr = 0.0000989
2025-07-10 04:00:57,821 - PoinTr - INFO - [Epoch 124/200][Batch 101/655] BatchTime = 1.398 (s) DataTime = 0.001 (s) Losses = ['285.4846', '54.6189'] lr = 0.0000989
2025-07-10 04:02:58,892 - PoinTr - INFO - [Epoch 124/200][Batch 201/655] BatchTime = 1.272 (s) DataTime = 0.001 (s) Losses = ['243.1680', '43.6761'] lr = 0.0000989
2025-07-10 04:05:01,589 - PoinTr - INFO - [Epoch 124/200][Batch 301/655] BatchTime = 1.394 (s) DataTime = 0.001 (s) Losses = ['257.4197', '46.5270'] lr = 0.0000989
2025-07-10 04:07:06,284 - PoinTr - INFO - [Epoch 124/200][Batch 401/655] BatchTime = 0.970 (s) DataTime = 0.001 (s) Losses = ['263.6628', '52.1468'] lr = 0.0000989
2025-07-10 04:09:09,436 - PoinTr - INFO - [Epoch 124/200][Batch 501/655] BatchTime = 1.581 (s) DataTime = 0.001 (s) Losses = ['291.4923', '49.5737'] lr = 0.0000989
2025-07-10 04:11:10,517 - PoinTr - INFO - [Epoch 124/200][Batch 601/655] BatchTime = 1.419 (s) DataTime = 0.001 (s) Losses = ['301.9151', '53.3384'] lr = 0.0000989
2025-07-10 04:12:16,179 - PoinTr - INFO - [Training] EPOCH: 124 EpochTime = 805.895 (s) Losses = ['272.0211', '49.9147']
2025-07-10 04:12:16,668 - PoinTr - INFO - Save checkpoint at ./experiments/PoinTr/ShapeNet55_models/PoinTr_fog/ckpt-last.pth
2025-07-10 04:12:17,860 - PoinTr - INFO - [Epoch 125/200][Batch 1/655] BatchTime = 1.190 (s) DataTime = 0.116 (s) Losses = ['280.9695', '42.5197'] lr = 0.0000976
2025-07-10 04:14:16,587 - PoinTr - INFO - [Epoch 125/200][Batch 101/655] BatchTime = 0.860 (s) DataTime = 0.001 (s) Losses = ['280.3619', '55.0985'] lr = 0.0000976
2025-07-10 04:16:21,849 - PoinTr - INFO - [Epoch 125/200][Batch 201/655] BatchTime = 1.430 (s) DataTime = 0.001 (s) Losses = ['265.2943', '47.5772'] lr = 0.0000976
2025-07-10 04:18:29,992 - PoinTr - INFO - [Epoch 125/200][Batch 301/655] BatchTime = 1.253 (s) DataTime = 0.001 (s) Losses = ['275.4705', '44.1925'] lr = 0.0000976
2025-07-10 04:20:32,306 - PoinTr - INFO - [Epoch 125/200][Batch 401/655] BatchTime = 0.717 (s) DataTime = 0.001 (s) Losses = ['311.7989', '61.0016'] lr = 0.0000976
2025-07-10 04:22:39,532 - PoinTr - INFO - [Epoch 125/200][Batch 501/655] BatchTime = 1.247 (s) DataTime = 0.001 (s) Losses = ['277.3660', '57.4735'] lr = 0.0000976
2025-07-10 04:24:41,056 - PoinTr - INFO - [Epoch 125/200][Batch 601/655] BatchTime = 1.071 (s) DataTime = 0.002 (s) Losses = ['282.0570', '52.1857'] lr = 0.0000976
2025-07-10 04:25:45,918 - PoinTr - INFO - [Training] EPOCH: 125 EpochTime = 809.248 (s) Losses = ['270.6108', '49.9095']
2025-07-10 04:25:45,918 - PoinTr - INFO - [VALIDATION] Start validating epoch 125
2025-07-10 04:26:26,200 - PoinTr - INFO - Test[1051/10518] Taxonomy = 02691156 Sample = c7749c0a8b61f43bc9b9e28055202e3d Losses = ['140.4062', '903.8118', '42.5119', '185.5067'] Metrics = ['0.3303', '42.5119', '185.5067', '0.0000']
2025-07-10 04:27:03,689 - PoinTr - INFO - Test[2102/10518] Taxonomy = 03211117 Sample = ab2f9418c111cc6ddb965514105122a4 Losses = ['471.2250', '2877.7390', '52.2657', '303.4492'] Metrics = ['0.4118', '52.2657', '303.4492', '0.0000']
2025-07-10 04:27:40,580 - PoinTr - INFO - Test[3153/10518] Taxonomy = 02876657 Sample = c5032e4be091aabb36fe7a88df793982 Losses = ['395.0695', '1967.8200', '49.1882', '148.4659'] Metrics = ['0.2454', '49.1882', '148.4659', '0.0000']
2025-07-10 04:28:18,838 - PoinTr - INFO - Test[4204/10518] Taxonomy = 03211117 Sample = 722df1da5778d45b1e43523279c7f09f Losses = ['214.6833', '1005.7367', '35.4833', '48.4938'] Metrics = ['0.2712', '35.4833', '48.4938', '0.0000']
2025-07-10 04:28:56,277 - PoinTr - INFO - Test[5255/10518] Taxonomy = 02828884 Sample = 14b63361a48a9fffe4a048c146e8bd43 Losses = ['90.0636', '193.2645', '21.7166', '6.1128'] Metrics = ['0.3509', '21.7166', '6.1128', '0.0000']
2025-07-10 04:29:34,020 - PoinTr - INFO - Test[6306/10518] Taxonomy = 03211117 Sample = d330d50a0255529d19ed6e1a590c9122 Losses = ['318.8749', '1104.8117', '79.9001', '355.1799'] Metrics = ['0.3212', '79.9001', '355.1799', '0.0000']
2025-07-10 04:30:10,336 - PoinTr - INFO - Test[7357/10518] Taxonomy = 04379243 Sample = b1ca280d9567270ade98d10ab5975b59 Losses = ['537.7567', '4817.4171', '97.0905', '818.5500'] Metrics = ['0.1898', '97.0905', '818.5500', '0.0000']
2025-07-10 04:30:48,725 - PoinTr - INFO - Test[8408/10518] Taxonomy = 03001627 Sample = 89208a619341d9fdb8c516ed5c4ce32 Losses = ['64.1309', '165.5964', '22.5643', '10.0345'] Metrics = ['0.1953', '22.5643', '10.0345', '0.0000']
2025-07-10 04:31:26,146 - PoinTr - INFO - Test[9459/10518] Taxonomy = 03001627 Sample = d0255120e3351121c3bd24f986301745 Losses = ['121.6005', '460.8891', '35.5693', '48.6876'] Metrics = ['0.1606', '35.5693', '48.6876', '0.0000']
2025-07-10 04:32:02,491 - PoinTr - INFO - Test[10510/10518] Taxonomy = 03636649 Sample = ea9ec4d9db2e06202471e6dd5ac3ef92 Losses = ['502.9997', '2768.3265', '108.7202', '692.6773'] Metrics = ['0.4664', '108.7202', '692.6772', '0.0000']
2025-07-10 04:32:02,985 - PoinTr - INFO - [Validation] EPOCH: 125  Metrics = ['0.2663', '56.8390', '247.1841', '0.0000']
2025-07-10 04:32:02,985 - PoinTr - INFO - ============================ TEST RESULTS ============================
2025-07-10 04:32:02,985 - PoinTr - INFO - Taxonomy	#Sample	F-Score	CDL1	CDL2	EMDistance	#ModelName	
2025-07-10 04:32:02,985 - PoinTr - INFO - 03759954	14	0.372 	51.731 	201.543 	0.000 	microphone	
2025-07-10 04:32:02,985 - PoinTr - INFO - 04330267	44	0.230 	55.478 	207.716 	0.000 	stove	
2025-07-10 04:32:02,986 - PoinTr - INFO - 03261776	15	0.228 	65.223 	284.817 	0.000 	earphone	
2025-07-10 04:32:02,986 - PoinTr - INFO - 03513137	33	0.197 	73.971 	357.211 	0.000 	helmet	
2025-07-10 04:32:02,986 - PoinTr - INFO - 04460130	27	0.268 	54.012 	216.506 	0.000 	tower	
2025-07-10 04:32:02,986 - PoinTr - INFO - 04468005	78	0.230 	49.402 	191.418 	0.000 	train	
2025-07-10 04:32:02,986 - PoinTr - INFO - 03761084	31	0.219 	63.360 	265.658 	0.000 	microwaves	
2025-07-10 04:32:02,986 - PoinTr - INFO - 04004475	34	0.211 	52.882 	158.815 	0.000 	printer	
2025-07-10 04:32:02,986 - PoinTr - INFO - 03938244	20	0.255 	56.717 	196.446 	0.000 	pillow	
2025-07-10 04:32:02,986 - PoinTr - INFO - 02992529	167	0.312 	49.711 	229.542 	0.000 	cellphone	
2025-07-10 04:32:02,986 - PoinTr - INFO - 02808440	172	0.223 	60.526 	265.401 	0.000 	bathtub	
2025-07-10 04:32:02,986 - PoinTr - INFO - 04530566	388	0.291 	51.548 	218.048 	0.000 	watercraft	
2025-07-10 04:32:02,986 - PoinTr - INFO - 02871439	91	0.194 	56.004 	219.236 	0.000 	bookshelf	
2025-07-10 04:32:02,986 - PoinTr - INFO - 03593526	120	0.218 	62.844 	287.072 	0.000 	jar	
2025-07-10 04:32:02,986 - PoinTr - INFO - 04554684	34	0.210 	63.336 	243.408 	0.000 	washer	
2025-07-10 04:32:02,986 - PoinTr - INFO - 03467517	160	0.541 	31.298 	119.074 	0.000 	guitar	
2025-07-10 04:32:02,986 - PoinTr - INFO - 04401088	218	0.316 	48.302 	229.963 	0.000 	telephone	
2025-07-10 04:32:02,986 - PoinTr - INFO - 02954340	12	0.231 	78.036 	427.415 	0.000 	cap	
2025-07-10 04:32:02,986 - PoinTr - INFO - 02933112	315	0.202 	51.968 	186.098 	0.000 	cabinet	
2025-07-10 04:32:02,986 - PoinTr - INFO - 03642806	92	0.331 	43.037 	189.465 	0.000 	laptop	
2025-07-10 04:32:02,986 - PoinTr - INFO - 02924116	188	0.232 	54.550 	223.880 	0.000 	bus	
2025-07-10 04:32:02,986 - PoinTr - INFO - 02946921	22	0.235 	62.993 	332.370 	0.000 	can	
2025-07-10 04:32:02,986 - PoinTr - INFO - 02818832	47	0.183 	62.720 	236.119 	0.000 	bed	
2025-07-10 04:32:02,986 - PoinTr - INFO - 04256520	635	0.207 	54.155 	205.087 	0.000 	sofa	
2025-07-10 04:32:02,986 - PoinTr - INFO - 04379243	1687	0.294 	50.506 	209.274 	0.000 	table	
2025-07-10 04:32:02,986 - PoinTr - INFO - 02747177	69	0.173 	70.645 	342.259 	0.000 	trash bin	
2025-07-10 04:32:02,986 - PoinTr - INFO - 03046257	131	0.241 	67.432 	375.142 	0.000 	clock	
2025-07-10 04:32:02,986 - PoinTr - INFO - 04225987	31	0.414 	45.892 	229.521 	0.000 	skateboard	
2025-07-10 04:32:02,986 - PoinTr - INFO - 03797390	43	0.175 	62.718 	266.905 	0.000 	mug	
2025-07-10 04:32:02,986 - PoinTr - INFO - 03001627	1356	0.237 	51.268 	187.870 	0.000 	chair	
2025-07-10 04:32:02,986 - PoinTr - INFO - 03691459	320	0.217 	60.659 	244.783 	0.000 	loudspeaker	
2025-07-10 04:32:02,986 - PoinTr - INFO - 02942699	23	0.183 	68.946 	293.708 	0.000 	camera	
2025-07-10 04:32:02,986 - PoinTr - INFO - 03636649	464	0.320 	55.821 	234.234 	0.000 	lamp	
2025-07-10 04:32:02,986 - PoinTr - INFO - 02691156	809	0.377 	62.536 	405.203 	0.000 	airplane	
2025-07-10 04:32:02,986 - PoinTr - INFO - 02773838	17	0.215 	90.182 	473.376 	0.000 	bag	
2025-07-10 04:32:02,986 - PoinTr - INFO - 02958343	703	0.178 	57.495 	252.793 	0.000 	car	
2025-07-10 04:32:02,986 - PoinTr - INFO - 02880940	38	0.200 	87.392 	558.979 	0.000 	bowl	
2025-07-10 04:32:02,986 - PoinTr - INFO - 04099429	17	0.437 	50.881 	220.324 	0.000 	rocket	
2025-07-10 04:32:02,986 - PoinTr - INFO - 02828884	363	0.299 	45.968 	185.535 	0.000 	bench	
2025-07-10 04:32:02,986 - PoinTr - INFO - 04090263	475	0.473 	41.588 	181.542 	0.000 	rifle	
2025-07-10 04:32:02,986 - PoinTr - INFO - 03211117	219	0.255 	51.489 	213.367 	0.000 	display	
2025-07-10 04:32:02,986 - PoinTr - INFO - 02876657	100	0.288 	55.788 	249.186 	0.000 	bottle	
2025-07-10 04:32:02,986 - PoinTr - INFO - 03710193	19	0.333 	41.164 	108.780 	0.000 	mailbox	
2025-07-10 04:32:02,986 - PoinTr - INFO - 03790512	68	0.183 	55.663 	240.741 	0.000 	motorbike	
2025-07-10 04:32:02,986 - PoinTr - INFO - 03325088	149	0.286 	58.344 	239.957 	0.000 	faucet	
2025-07-10 04:32:02,986 - PoinTr - INFO - 02801938	23	0.206 	70.628 	365.354 	0.000 	basket	
2025-07-10 04:32:02,986 - PoinTr - INFO - 03337140	60	0.206 	48.252 	144.297 	0.000 	file cabinet	
2025-07-10 04:32:02,986 - PoinTr - INFO - 02843684	15	0.197 	49.863 	115.442 	0.000 	birdhouse	
2025-07-10 04:32:02,987 - PoinTr - INFO - 03624134	85	0.545 	38.945 	174.584 	0.000 	knife	
2025-07-10 04:32:02,987 - PoinTr - INFO - 03991062	121	0.176 	69.836 	323.668 	0.000 	flowerpot	
2025-07-10 04:32:02,987 - PoinTr - INFO - 03948459	62	0.308 	45.338 	174.092 	0.000 	pistol	
2025-07-10 04:32:02,987 - PoinTr - INFO - 03928116	48	0.209 	62.497 	258.515 	0.000 	piano	
2025-07-10 04:32:02,987 - PoinTr - INFO - 03207941	19	0.234 	54.243 	200.118 	0.000 	dishwasher	
2025-07-10 04:32:02,987 - PoinTr - INFO - 04074963	14	0.311 	57.181 	270.998 	0.000 	remote	
2025-07-10 04:32:02,987 - PoinTr - INFO - 03085013	13	0.338 	43.185 	162.271 	0.000 	keyboard	
2025-07-10 04:32:02,987 - PoinTr - INFO - Overall		0.266 	56.839 	247.184 	0.000 	
2025-07-10 04:32:03,477 - PoinTr - INFO - Save checkpoint at ./experiments/PoinTr/ShapeNet55_models/PoinTr_fog/ckpt-last.pth
2025-07-10 04:32:04,738 - PoinTr - INFO - [Epoch 126/200][Batch 1/655] BatchTime = 1.260 (s) DataTime = 0.116 (s) Losses = ['259.4416', '43.7642'] lr = 0.0000963
2025-07-10 04:34:12,548 - PoinTr - INFO - [Epoch 126/200][Batch 101/655] BatchTime = 1.300 (s) DataTime = 0.001 (s) Losses = ['291.4187', '54.1844'] lr = 0.0000963
2025-07-10 04:36:10,242 - PoinTr - INFO - [Epoch 126/200][Batch 201/655] BatchTime = 1.255 (s) DataTime = 0.001 (s) Losses = ['266.2344', '49.9455'] lr = 0.0000963
2025-07-10 04:38:08,196 - PoinTr - INFO - [Epoch 126/200][Batch 301/655] BatchTime = 0.896 (s) DataTime = 0.001 (s) Losses = ['281.0873', '53.1691'] lr = 0.0000963
2025-07-10 04:40:15,025 - PoinTr - INFO - [Epoch 126/200][Batch 401/655] BatchTime = 1.251 (s) DataTime = 0.001 (s) Losses = ['271.6964', '47.3240'] lr = 0.0000963
2025-07-10 04:42:14,925 - PoinTr - INFO - [Epoch 126/200][Batch 501/655] BatchTime = 1.270 (s) DataTime = 0.001 (s) Losses = ['277.8697', '54.1294'] lr = 0.0000963
2025-07-10 04:44:13,716 - PoinTr - INFO - [Epoch 126/200][Batch 601/655] BatchTime = 0.917 (s) DataTime = 0.001 (s) Losses = ['278.4271', '48.4083'] lr = 0.0000963
2025-07-10 04:45:22,137 - PoinTr - INFO - [Training] EPOCH: 126 EpochTime = 798.658 (s) Losses = ['269.2610', '49.5128']
2025-07-10 04:45:22,630 - PoinTr - INFO - Save checkpoint at ./experiments/PoinTr/ShapeNet55_models/PoinTr_fog/ckpt-last.pth
2025-07-10 04:45:23,969 - PoinTr - INFO - [Epoch 127/200][Batch 1/655] BatchTime = 1.338 (s) DataTime = 0.111 (s) Losses = ['258.1446', '44.4547'] lr = 0.0000951
2025-07-10 04:47:22,111 - PoinTr - INFO - [Epoch 127/200][Batch 101/655] BatchTime = 1.032 (s) DataTime = 0.002 (s) Losses = ['272.9090', '51.8854'] lr = 0.0000951
2025-07-10 04:49:24,607 - PoinTr - INFO - [Epoch 127/200][Batch 201/655] BatchTime = 1.005 (s) DataTime = 0.002 (s) Losses = ['268.5965', '50.7275'] lr = 0.0000951
2025-07-10 04:51:23,723 - PoinTr - INFO - [Epoch 127/200][Batch 301/655] BatchTime = 1.307 (s) DataTime = 0.001 (s) Losses = ['249.0212', '47.7531'] lr = 0.0000951
2025-07-10 04:53:28,353 - PoinTr - INFO - [Epoch 127/200][Batch 401/655] BatchTime = 1.161 (s) DataTime = 0.002 (s) Losses = ['296.8276', '53.5315'] lr = 0.0000951
2025-07-10 04:55:30,089 - PoinTr - INFO - [Epoch 127/200][Batch 501/655] BatchTime = 1.479 (s) DataTime = 0.001 (s) Losses = ['257.2632', '47.1732'] lr = 0.0000951
2025-07-10 04:57:25,735 - PoinTr - INFO - [Epoch 127/200][Batch 601/655] BatchTime = 1.413 (s) DataTime = 0.001 (s) Losses = ['284.6868', '53.3533'] lr = 0.0000951
2025-07-10 04:58:32,551 - PoinTr - INFO - [Training] EPOCH: 127 EpochTime = 789.920 (s) Losses = ['270.7476', '49.9810']
2025-07-10 04:58:33,034 - PoinTr - INFO - Save checkpoint at ./experiments/PoinTr/ShapeNet55_models/PoinTr_fog/ckpt-last.pth
2025-07-10 04:58:33,975 - PoinTr - INFO - [Epoch 128/200][Batch 1/655] BatchTime = 0.940 (s) DataTime = 0.113 (s) Losses = ['321.2551', '66.2431'] lr = 0.0000939
2025-07-10 05:00:34,382 - PoinTr - INFO - [Epoch 128/200][Batch 101/655] BatchTime = 1.429 (s) DataTime = 0.001 (s) Losses = ['274.9354', '49.1033'] lr = 0.0000939
2025-07-10 05:02:40,260 - PoinTr - INFO - [Epoch 128/200][Batch 201/655] BatchTime = 1.409 (s) DataTime = 0.001 (s) Losses = ['255.0210', '45.1599'] lr = 0.0000939
2025-07-10 05:04:37,380 - PoinTr - INFO - [Epoch 128/200][Batch 301/655] BatchTime = 1.029 (s) DataTime = 0.001 (s) Losses = ['284.6338', '57.7920'] lr = 0.0000939
2025-07-10 05:06:36,620 - PoinTr - INFO - [Epoch 128/200][Batch 401/655] BatchTime = 1.022 (s) DataTime = 0.001 (s) Losses = ['243.9193', '46.7205'] lr = 0.0000939
2025-07-10 05:08:41,974 - PoinTr - INFO - [Epoch 128/200][Batch 501/655] BatchTime = 1.521 (s) DataTime = 0.001 (s) Losses = ['270.6575', '45.0232'] lr = 0.0000939
2025-07-10 05:10:43,594 - PoinTr - INFO - [Epoch 128/200][Batch 601/655] BatchTime = 1.104 (s) DataTime = 0.001 (s) Losses = ['296.1922', '52.0053'] lr = 0.0000939
2025-07-10 05:11:51,366 - PoinTr - INFO - [Training] EPOCH: 128 EpochTime = 798.331 (s) Losses = ['271.2798', '50.0029']
2025-07-10 05:11:51,862 - PoinTr - INFO - Save checkpoint at ./experiments/PoinTr/ShapeNet55_models/PoinTr_fog/ckpt-last.pth
2025-07-10 05:11:53,098 - PoinTr - INFO - [Epoch 129/200][Batch 1/655] BatchTime = 1.235 (s) DataTime = 0.116 (s) Losses = ['250.9650', '44.7307'] lr = 0.0000926
2025-07-10 05:13:53,122 - PoinTr - INFO - [Epoch 129/200][Batch 101/655] BatchTime = 1.515 (s) DataTime = 0.002 (s) Losses = ['269.3425', '45.2302'] lr = 0.0000926
2025-07-10 05:15:53,886 - PoinTr - INFO - [Epoch 129/200][Batch 201/655] BatchTime = 1.133 (s) DataTime = 0.002 (s) Losses = ['264.5580', '47.2270'] lr = 0.0000926
2025-07-10 05:17:55,525 - PoinTr - INFO - [Epoch 129/200][Batch 301/655] BatchTime = 0.805 (s) DataTime = 0.001 (s) Losses = ['256.4257', '46.8166'] lr = 0.0000926
2025-07-10 05:19:56,501 - PoinTr - INFO - [Epoch 129/200][Batch 401/655] BatchTime = 1.216 (s) DataTime = 0.001 (s) Losses = ['280.1422', '51.6020'] lr = 0.0000926
2025-07-10 05:22:01,767 - PoinTr - INFO - [Epoch 129/200][Batch 501/655] BatchTime = 1.330 (s) DataTime = 0.001 (s) Losses = ['296.6659', '48.4478'] lr = 0.0000926
2025-07-10 05:24:06,319 - PoinTr - INFO - [Epoch 129/200][Batch 601/655] BatchTime = 1.276 (s) DataTime = 0.001 (s) Losses = ['261.3229', '43.0786'] lr = 0.0000926
2025-07-10 05:25:10,731 - PoinTr - INFO - [Training] EPOCH: 129 EpochTime = 798.868 (s) Losses = ['270.3086', '49.6201']
2025-07-10 05:25:11,221 - PoinTr - INFO - Save checkpoint at ./experiments/PoinTr/ShapeNet55_models/PoinTr_fog/ckpt-last.pth
2025-07-10 05:25:12,264 - PoinTr - INFO - [Epoch 130/200][Batch 1/655] BatchTime = 1.043 (s) DataTime = 0.114 (s) Losses = ['261.5859', '45.5986'] lr = 0.0000914
2025-07-10 05:27:13,155 - PoinTr - INFO - [Epoch 130/200][Batch 101/655] BatchTime = 1.276 (s) DataTime = 0.001 (s) Losses = ['254.8215', '44.0774'] lr = 0.0000914
2025-07-10 05:29:12,499 - PoinTr - INFO - [Epoch 130/200][Batch 201/655] BatchTime = 0.933 (s) DataTime = 0.001 (s) Losses = ['273.4305', '47.9778'] lr = 0.0000914
2025-07-10 05:31:15,353 - PoinTr - INFO - [Epoch 130/200][Batch 301/655] BatchTime = 1.437 (s) DataTime = 0.001 (s) Losses = ['240.6096', '43.1670'] lr = 0.0000914
2025-07-10 05:33:18,568 - PoinTr - INFO - [Epoch 130/200][Batch 401/655] BatchTime = 1.027 (s) DataTime = 0.001 (s) Losses = ['258.2889', '48.8994'] lr = 0.0000914
2025-07-10 05:35:22,203 - PoinTr - INFO - [Epoch 130/200][Batch 501/655] BatchTime = 1.060 (s) DataTime = 0.002 (s) Losses = ['277.2608', '49.0303'] lr = 0.0000914
2025-07-10 05:37:24,975 - PoinTr - INFO - [Epoch 130/200][Batch 601/655] BatchTime = 1.217 (s) DataTime = 0.001 (s) Losses = ['275.5185', '45.5220'] lr = 0.0000914
2025-07-10 05:38:28,457 - PoinTr - INFO - [Training] EPOCH: 130 EpochTime = 797.235 (s) Losses = ['270.5104', '49.7078']
2025-07-10 05:38:28,458 - PoinTr - INFO - [VALIDATION] Start validating epoch 130
2025-07-10 05:39:09,468 - PoinTr - INFO - Test[1051/10518] Taxonomy = 02691156 Sample = c7749c0a8b61f43bc9b9e28055202e3d Losses = ['158.9607', '1146.1382', '32.3597', '105.5177'] Metrics = ['0.3084', '32.3597', '105.5177', '0.0000']
2025-07-10 05:39:46,896 - PoinTr - INFO - Test[2102/10518] Taxonomy = 03211117 Sample = ab2f9418c111cc6ddb965514105122a4 Losses = ['262.6402', '1018.0982', '23.3922', '42.5320'] Metrics = ['0.4249', '23.3922', '42.5320', '0.0000']
2025-07-10 05:40:24,070 - PoinTr - INFO - Test[3153/10518] Taxonomy = 02876657 Sample = c5032e4be091aabb36fe7a88df793982 Losses = ['472.6262', '2892.4522', '59.5460', '220.7602'] Metrics = ['0.2323', '59.5460', '220.7602', '0.0000']
2025-07-10 05:41:03,025 - PoinTr - INFO - Test[4204/10518] Taxonomy = 03211117 Sample = 722df1da5778d45b1e43523279c7f09f Losses = ['152.4560', '547.0983', '32.9531', '37.4737'] Metrics = ['0.2431', '32.9531', '37.4737', '0.0000']
2025-07-10 05:41:41,759 - PoinTr - INFO - Test[5255/10518] Taxonomy = 02828884 Sample = 14b63361a48a9fffe4a048c146e8bd43 Losses = ['532.7260', '2970.7782', '120.2195', '718.9891'] Metrics = ['0.2181', '120.2195', '718.9891', '0.0000']
2025-07-10 05:42:20,055 - PoinTr - INFO - Test[6306/10518] Taxonomy = 03211117 Sample = d330d50a0255529d19ed6e1a590c9122 Losses = ['327.1834', '1160.8369', '56.0976', '174.5227'] Metrics = ['0.2452', '56.0976', '174.5227', '0.0000']
2025-07-10 05:42:56,691 - PoinTr - INFO - Test[7357/10518] Taxonomy = 04379243 Sample = b1ca280d9567270ade98d10ab5975b59 Losses = ['558.2700', '5913.0149', '72.6278', '628.8934'] Metrics = ['0.1847', '72.6278', '628.8934', '0.0000']
2025-07-10 05:43:35,896 - PoinTr - INFO - Test[8408/10518] Taxonomy = 03001627 Sample = 89208a619341d9fdb8c516ed5c4ce32 Losses = ['467.3171', '2498.3125', '151.9564', '979.8917'] Metrics = ['0.1340', '151.9564', '979.8917', '0.0000']
2025-07-10 05:44:12,836 - PoinTr - INFO - Test[9459/10518] Taxonomy = 03001627 Sample = d0255120e3351121c3bd24f986301745 Losses = ['166.0324', '994.0542', '34.4706', '47.3684'] Metrics = ['0.1909', '34.4706', '47.3684', '0.0000']
2025-07-10 05:44:50,903 - PoinTr - INFO - Test[10510/10518] Taxonomy = 03636649 Sample = ea9ec4d9db2e06202471e6dd5ac3ef92 Losses = ['465.2353', '2324.7657', '52.9187', '244.0003'] Metrics = ['0.5115', '52.9187', '244.0003', '0.0000']
2025-07-10 05:44:51,142 - PoinTr - INFO - [Validation] EPOCH: 130  Metrics = ['0.2660', '56.8327', '240.6069', '0.0000']
2025-07-10 05:44:51,142 - PoinTr - INFO - ============================ TEST RESULTS ============================
2025-07-10 05:44:51,142 - PoinTr - INFO - Taxonomy	#Sample	F-Score	CDL1	CDL2	EMDistance	#ModelName	
2025-07-10 05:44:51,142 - PoinTr - INFO - 03759954	14	0.375 	50.104 	188.161 	0.000 	microphone	
2025-07-10 05:44:51,142 - PoinTr - INFO - 04330267	44	0.233 	53.655 	191.370 	0.000 	stove	
2025-07-10 05:44:51,142 - PoinTr - INFO - 03261776	15	0.231 	61.372 	277.477 	0.000 	earphone	
2025-07-10 05:44:51,142 - PoinTr - INFO - 03513137	33	0.176 	92.045 	474.224 	0.000 	helmet	
2025-07-10 05:44:51,142 - PoinTr - INFO - 04460130	27	0.289 	45.494 	137.271 	0.000 	tower	
2025-07-10 05:44:51,142 - PoinTr - INFO - 04468005	78	0.238 	54.129 	227.803 	0.000 	train	
2025-07-10 05:44:51,142 - PoinTr - INFO - 03761084	31	0.234 	49.790 	139.563 	0.000 	microwaves	
2025-07-10 05:44:51,142 - PoinTr - INFO - 04004475	34	0.208 	59.485 	193.839 	0.000 	printer	
2025-07-10 05:44:51,142 - PoinTr - INFO - 03938244	20	0.266 	54.828 	193.290 	0.000 	pillow	
2025-07-10 05:44:51,142 - PoinTr - INFO - 02992529	167	0.303 	52.504 	244.745 	0.000 	cellphone	
2025-07-10 05:44:51,142 - PoinTr - INFO - 02808440	172	0.207 	64.271 	261.711 	0.000 	bathtub	
2025-07-10 05:44:51,142 - PoinTr - INFO - 04530566	388	0.299 	48.234 	198.290 	0.000 	watercraft	
2025-07-10 05:44:51,142 - PoinTr - INFO - 02871439	91	0.192 	54.779 	217.746 	0.000 	bookshelf	
2025-07-10 05:44:51,142 - PoinTr - INFO - 03593526	120	0.203 	78.723 	391.037 	0.000 	jar	
2025-07-10 05:44:51,143 - PoinTr - INFO - 04554684	34	0.225 	53.862 	166.995 	0.000 	washer	
2025-07-10 05:44:51,143 - PoinTr - INFO - 03467517	160	0.558 	33.222 	122.833 	0.000 	guitar	
2025-07-10 05:44:51,143 - PoinTr - INFO - 04401088	218	0.313 	50.450 	231.693 	0.000 	telephone	
2025-07-10 05:44:51,143 - PoinTr - INFO - 02954340	12	0.235 	75.411 	363.316 	0.000 	cap	
2025-07-10 05:44:51,143 - PoinTr - INFO - 02933112	315	0.199 	53.066 	181.966 	0.000 	cabinet	
2025-07-10 05:44:51,143 - PoinTr - INFO - 03642806	92	0.302 	42.737 	174.660 	0.000 	laptop	
2025-07-10 05:44:51,143 - PoinTr - INFO - 02924116	188	0.253 	49.297 	191.685 	0.000 	bus	
2025-07-10 05:44:51,143 - PoinTr - INFO - 02946921	22	0.234 	66.665 	268.877 	0.000 	can	
2025-07-10 05:44:51,143 - PoinTr - INFO - 02818832	47	0.188 	54.411 	183.876 	0.000 	bed	
2025-07-10 05:44:51,143 - PoinTr - INFO - 04256520	635	0.198 	55.929 	211.498 	0.000 	sofa	
2025-07-10 05:44:51,143 - PoinTr - INFO - 04379243	1687	0.276 	50.874 	197.457 	0.000 	table	
2025-07-10 05:44:51,143 - PoinTr - INFO - 02747177	69	0.178 	67.285 	284.335 	0.000 	trash bin	
2025-07-10 05:44:51,143 - PoinTr - INFO - 03046257	131	0.232 	69.264 	385.916 	0.000 	clock	
2025-07-10 05:44:51,143 - PoinTr - INFO - 04225987	31	0.395 	51.391 	268.762 	0.000 	skateboard	
2025-07-10 05:44:51,143 - PoinTr - INFO - 03797390	43	0.169 	76.382 	359.917 	0.000 	mug	
2025-07-10 05:44:51,143 - PoinTr - INFO - 03001627	1356	0.231 	52.721 	197.791 	0.000 	chair	
2025-07-10 05:44:51,143 - PoinTr - INFO - 03691459	320	0.216 	58.127 	217.027 	0.000 	loudspeaker	
2025-07-10 05:44:51,143 - PoinTr - INFO - 02942699	23	0.196 	58.871 	188.731 	0.000 	camera	
2025-07-10 05:44:51,143 - PoinTr - INFO - 03636649	464	0.322 	52.234 	197.008 	0.000 	lamp	
2025-07-10 05:44:51,143 - PoinTr - INFO - 02691156	809	0.341 	62.093 	380.618 	0.000 	airplane	
2025-07-10 05:44:51,143 - PoinTr - INFO - 02773838	17	0.237 	51.466 	157.685 	0.000 	bag	
2025-07-10 05:44:51,143 - PoinTr - INFO - 02958343	703	0.173 	55.681 	238.246 	0.000 	car	
2025-07-10 05:44:51,143 - PoinTr - INFO - 02880940	38	0.196 	94.782 	625.314 	0.000 	bowl	
2025-07-10 05:44:51,143 - PoinTr - INFO - 04099429	17	0.461 	36.774 	125.847 	0.000 	rocket	
2025-07-10 05:44:51,143 - PoinTr - INFO - 02828884	363	0.274 	48.390 	192.966 	0.000 	bench	
2025-07-10 05:44:51,143 - PoinTr - INFO - 04090263	475	0.520 	39.536 	174.748 	0.000 	rifle	
2025-07-10 05:44:51,143 - PoinTr - INFO - 03211117	219	0.248 	53.211 	223.823 	0.000 	display	
2025-07-10 05:44:51,143 - PoinTr - INFO - 02876657	100	0.294 	49.184 	184.703 	0.000 	bottle	
2025-07-10 05:44:51,143 - PoinTr - INFO - 03710193	19	0.333 	38.421 	103.918 	0.000 	mailbox	
2025-07-10 05:44:51,143 - PoinTr - INFO - 03790512	68	0.189 	53.522 	233.575 	0.000 	motorbike	
2025-07-10 05:44:51,143 - PoinTr - INFO - 03325088	149	0.281 	58.824 	257.909 	0.000 	faucet	
2025-07-10 05:44:51,143 - PoinTr - INFO - 02801938	23	0.181 	90.000 	530.575 	0.000 	basket	
2025-07-10 05:44:51,143 - PoinTr - INFO - 03337140	60	0.199 	58.149 	224.161 	0.000 	file cabinet	
2025-07-10 05:44:51,143 - PoinTr - INFO - 02843684	15	0.170 	73.426 	306.466 	0.000 	birdhouse	
2025-07-10 05:44:51,143 - PoinTr - INFO - 03624134	85	0.580 	38.086 	172.069 	0.000 	knife	
2025-07-10 05:44:51,143 - PoinTr - INFO - 03991062	121	0.170 	77.359 	370.347 	0.000 	flowerpot	
2025-07-10 05:44:51,143 - PoinTr - INFO - 03948459	62	0.339 	44.306 	181.176 	0.000 	pistol	
2025-07-10 05:44:51,143 - PoinTr - INFO - 03928116	48	0.205 	55.836 	201.877 	0.000 	piano	
2025-07-10 05:44:51,143 - PoinTr - INFO - 03207941	19	0.222 	54.586 	170.465 	0.000 	dishwasher	
2025-07-10 05:44:51,143 - PoinTr - INFO - 04074963	14	0.299 	56.846 	271.139 	0.000 	remote	
2025-07-10 05:44:51,143 - PoinTr - INFO - 03085013	13	0.348 	43.705 	174.887 	0.000 	keyboard	
2025-07-10 05:44:51,143 - PoinTr - INFO - Overall		0.266 	56.833 	240.607 	0.000 	
2025-07-10 05:44:51,636 - PoinTr - INFO - Save checkpoint at ./experiments/PoinTr/ShapeNet55_models/PoinTr_fog/ckpt-last.pth
2025-07-10 05:44:52,801 - PoinTr - INFO - [Epoch 131/200][Batch 1/655] BatchTime = 1.164 (s) DataTime = 0.113 (s) Losses = ['285.3542', '53.2769'] lr = 0.0000903
2025-07-10 05:46:51,193 - PoinTr - INFO - [Epoch 131/200][Batch 101/655] BatchTime = 1.273 (s) DataTime = 0.001 (s) Losses = ['276.0696', '48.7245'] lr = 0.0000903
2025-07-10 05:48:47,229 - PoinTr - INFO - [Epoch 131/200][Batch 201/655] BatchTime = 1.270 (s) DataTime = 0.001 (s) Losses = ['285.1809', '56.0320'] lr = 0.0000903
2025-07-10 05:50:48,877 - PoinTr - INFO - [Epoch 131/200][Batch 301/655] BatchTime = 1.445 (s) DataTime = 0.002 (s) Losses = ['315.2008', '55.1127'] lr = 0.0000903
2025-07-10 05:52:57,201 - PoinTr - INFO - [Epoch 131/200][Batch 401/655] BatchTime = 1.190 (s) DataTime = 0.001 (s) Losses = ['266.9644', '49.0586'] lr = 0.0000903
2025-07-10 05:54:56,181 - PoinTr - INFO - [Epoch 131/200][Batch 501/655] BatchTime = 1.241 (s) DataTime = 0.001 (s) Losses = ['248.3442', '43.3262'] lr = 0.0000903
2025-07-10 05:56:56,804 - PoinTr - INFO - [Epoch 131/200][Batch 601/655] BatchTime = 1.734 (s) DataTime = 0.001 (s) Losses = ['256.9305', '49.0561'] lr = 0.0000903
2025-07-10 05:58:01,596 - PoinTr - INFO - [Training] EPOCH: 131 EpochTime = 789.958 (s) Losses = ['270.9972', '49.7243']
2025-07-10 05:58:02,076 - PoinTr - INFO - Save checkpoint at ./experiments/PoinTr/ShapeNet55_models/PoinTr_fog/ckpt-last.pth
2025-07-10 05:58:03,055 - PoinTr - INFO - [Epoch 132/200][Batch 1/655] BatchTime = 0.978 (s) DataTime = 0.111 (s) Losses = ['286.1563', '54.3796'] lr = 0.0000891
2025-07-10 06:00:08,150 - PoinTr - INFO - [Epoch 132/200][Batch 101/655] BatchTime = 1.295 (s) DataTime = 0.001 (s) Losses = ['291.9858', '52.1343'] lr = 0.0000891
2025-07-10 06:02:08,135 - PoinTr - INFO - [Epoch 132/200][Batch 201/655] BatchTime = 0.776 (s) DataTime = 0.001 (s) Losses = ['294.0542', '55.2287'] lr = 0.0000891
2025-07-10 06:04:06,386 - PoinTr - INFO - [Epoch 132/200][Batch 301/655] BatchTime = 1.085 (s) DataTime = 0.001 (s) Losses = ['283.2393', '48.9842'] lr = 0.0000891
2025-07-10 06:06:06,514 - PoinTr - INFO - [Epoch 132/200][Batch 401/655] BatchTime = 1.302 (s) DataTime = 0.001 (s) Losses = ['278.4673', '56.8568'] lr = 0.0000891
2025-07-10 06:08:10,227 - PoinTr - INFO - [Epoch 132/200][Batch 501/655] BatchTime = 1.532 (s) DataTime = 0.001 (s) Losses = ['288.0797', '56.4379'] lr = 0.0000891
2025-07-10 06:10:12,273 - PoinTr - INFO - [Epoch 132/200][Batch 601/655] BatchTime = 0.721 (s) DataTime = 0.002 (s) Losses = ['293.8476', '55.0723'] lr = 0.0000891
2025-07-10 06:11:18,196 - PoinTr - INFO - [Training] EPOCH: 132 EpochTime = 796.118 (s) Losses = ['270.6042', '49.6492']
2025-07-10 06:11:18,686 - PoinTr - INFO - Save checkpoint at ./experiments/PoinTr/ShapeNet55_models/PoinTr_fog/ckpt-last.pth
2025-07-10 06:11:20,405 - PoinTr - INFO - [Epoch 133/200][Batch 1/655] BatchTime = 1.719 (s) DataTime = 0.111 (s) Losses = ['263.4727', '51.8290'] lr = 0.0000879
2025-07-10 06:13:23,110 - PoinTr - INFO - [Epoch 133/200][Batch 101/655] BatchTime = 0.985 (s) DataTime = 0.001 (s) Losses = ['291.0490', '52.5438'] lr = 0.0000879
2025-07-10 06:15:28,394 - PoinTr - INFO - [Epoch 133/200][Batch 201/655] BatchTime = 1.270 (s) DataTime = 0.001 (s) Losses = ['287.1559', '51.6398'] lr = 0.0000879
2025-07-10 06:17:25,565 - PoinTr - INFO - [Epoch 133/200][Batch 301/655] BatchTime = 1.225 (s) DataTime = 0.001 (s) Losses = ['261.5151', '47.1497'] lr = 0.0000879
2025-07-10 06:19:24,377 - PoinTr - INFO - [Epoch 133/200][Batch 401/655] BatchTime = 1.440 (s) DataTime = 0.001 (s) Losses = ['273.2438', '51.3886'] lr = 0.0000879
2025-07-10 06:21:24,780 - PoinTr - INFO - [Epoch 133/200][Batch 501/655] BatchTime = 1.523 (s) DataTime = 0.001 (s) Losses = ['259.1633', '45.5161'] lr = 0.0000879
2025-07-10 06:23:21,512 - PoinTr - INFO - [Epoch 133/200][Batch 601/655] BatchTime = 0.983 (s) DataTime = 0.001 (s) Losses = ['246.5635', '47.5282'] lr = 0.0000879
2025-07-10 06:24:29,414 - PoinTr - INFO - [Training] EPOCH: 133 EpochTime = 790.727 (s) Losses = ['270.8441', '49.7779']
2025-07-10 06:24:29,897 - PoinTr - INFO - Save checkpoint at ./experiments/PoinTr/ShapeNet55_models/PoinTr_fog/ckpt-last.pth
2025-07-10 06:24:30,863 - PoinTr - INFO - [Epoch 134/200][Batch 1/655] BatchTime = 0.965 (s) DataTime = 0.114 (s) Losses = ['256.4872', '50.7795'] lr = 0.0000868
2025-07-10 06:26:27,748 - PoinTr - INFO - [Epoch 134/200][Batch 101/655] BatchTime = 1.041 (s) DataTime = 0.001 (s) Losses = ['289.8691', '55.7790'] lr = 0.0000868
2025-07-10 06:28:28,191 - PoinTr - INFO - [Epoch 134/200][Batch 201/655] BatchTime = 0.868 (s) DataTime = 0.001 (s) Losses = ['243.9763', '47.3051'] lr = 0.0000868
2025-07-10 06:30:32,470 - PoinTr - INFO - [Epoch 134/200][Batch 301/655] BatchTime = 1.384 (s) DataTime = 0.001 (s) Losses = ['288.1060', '55.3725'] lr = 0.0000868
2025-07-10 06:32:31,376 - PoinTr - INFO - [Epoch 134/200][Batch 401/655] BatchTime = 1.077 (s) DataTime = 0.001 (s) Losses = ['275.7090', '52.3420'] lr = 0.0000868
2025-07-10 06:34:29,960 - PoinTr - INFO - [Epoch 134/200][Batch 501/655] BatchTime = 1.516 (s) DataTime = 0.001 (s) Losses = ['285.9116', '50.4806'] lr = 0.0000868
2025-07-10 06:36:29,100 - PoinTr - INFO - [Epoch 134/200][Batch 601/655] BatchTime = 1.431 (s) DataTime = 0.001 (s) Losses = ['258.1907', '45.8167'] lr = 0.0000868
2025-07-10 06:37:34,143 - PoinTr - INFO - [Training] EPOCH: 134 EpochTime = 784.245 (s) Losses = ['270.2450', '49.9493']
2025-07-10 06:37:34,644 - PoinTr - INFO - Save checkpoint at ./experiments/PoinTr/ShapeNet55_models/PoinTr_fog/ckpt-last.pth
2025-07-10 06:37:35,820 - PoinTr - INFO - [Epoch 135/200][Batch 1/655] BatchTime = 1.175 (s) DataTime = 0.113 (s) Losses = ['274.2161', '48.4525'] lr = 0.0000857
2025-07-10 06:39:42,445 - PoinTr - INFO - [Epoch 135/200][Batch 101/655] BatchTime = 1.059 (s) DataTime = 0.001 (s) Losses = ['242.7114', '45.9718'] lr = 0.0000857
2025-07-10 06:41:44,956 - PoinTr - INFO - [Epoch 135/200][Batch 201/655] BatchTime = 1.043 (s) DataTime = 0.001 (s) Losses = ['248.4058', '43.0003'] lr = 0.0000857
2025-07-10 06:43:46,065 - PoinTr - INFO - [Epoch 135/200][Batch 301/655] BatchTime = 1.393 (s) DataTime = 0.001 (s) Losses = ['310.0637', '55.9179'] lr = 0.0000857
2025-07-10 06:45:50,040 - PoinTr - INFO - [Epoch 135/200][Batch 401/655] BatchTime = 1.681 (s) DataTime = 0.001 (s) Losses = ['267.5899', '50.7165'] lr = 0.0000857
2025-07-10 06:47:50,078 - PoinTr - INFO - [Epoch 135/200][Batch 501/655] BatchTime = 1.410 (s) DataTime = 0.001 (s) Losses = ['247.5000', '48.6277'] lr = 0.0000857
2025-07-10 06:49:51,600 - PoinTr - INFO - [Epoch 135/200][Batch 601/655] BatchTime = 1.377 (s) DataTime = 0.001 (s) Losses = ['254.6928', '47.7991'] lr = 0.0000857
2025-07-10 06:50:56,515 - PoinTr - INFO - [Training] EPOCH: 135 EpochTime = 801.870 (s) Losses = ['270.0288', '49.5486']
2025-07-10 06:50:56,516 - PoinTr - INFO - [VALIDATION] Start validating epoch 135
2025-07-10 06:51:34,670 - PoinTr - INFO - Test[1051/10518] Taxonomy = 02691156 Sample = c7749c0a8b61f43bc9b9e28055202e3d Losses = ['639.2206', '5099.3342', '231.8812', '2188.1986'] Metrics = ['0.2182', '231.8812', '2188.1985', '0.0000']
2025-07-10 06:52:12,273 - PoinTr - INFO - Test[2102/10518] Taxonomy = 03211117 Sample = ab2f9418c111cc6ddb965514105122a4 Losses = ['210.6670', '1268.7669', '22.2386', '69.2482'] Metrics = ['0.5516', '22.2386', '69.2482', '0.0000']
2025-07-10 06:52:48,847 - PoinTr - INFO - Test[3153/10518] Taxonomy = 02876657 Sample = c5032e4be091aabb36fe7a88df793982 Losses = ['406.4497', '1896.1823', '69.2487', '218.4404'] Metrics = ['0.1970', '69.2487', '218.4404', '0.0000']
2025-07-10 06:53:28,909 - PoinTr - INFO - Test[4204/10518] Taxonomy = 03211117 Sample = 722df1da5778d45b1e43523279c7f09f Losses = ['232.6351', '1592.3517', '36.5431', '87.8007'] Metrics = ['0.2402', '36.5431', '87.8007', '0.0000']
2025-07-10 06:54:08,463 - PoinTr - INFO - Test[5255/10518] Taxonomy = 02828884 Sample = 14b63361a48a9fffe4a048c146e8bd43 Losses = ['147.1741', '477.4846', '25.5161', '14.8508'] Metrics = ['0.3490', '25.5161', '14.8508', '0.0000']
2025-07-10 06:54:45,488 - PoinTr - INFO - Test[6306/10518] Taxonomy = 03211117 Sample = d330d50a0255529d19ed6e1a590c9122 Losses = ['198.2803', '1438.8375', '32.2599', '129.9157'] Metrics = ['0.1941', '32.2599', '129.9157', '0.0000']
2025-07-10 06:55:22,148 - PoinTr - INFO - Test[7357/10518] Taxonomy = 04379243 Sample = b1ca280d9567270ade98d10ab5975b59 Losses = ['735.8765', '6471.9992', '258.2868', '2546.7868'] Metrics = ['0.0947', '258.2868', '2546.7869', '0.0000']
2025-07-10 06:55:58,990 - PoinTr - INFO - Test[8408/10518] Taxonomy = 03001627 Sample = 89208a619341d9fdb8c516ed5c4ce32 Losses = ['357.5764', '1396.0212', '79.1558', '290.2762'] Metrics = ['0.1719', '79.1558', '290.2762', '0.0000']
2025-07-10 06:56:37,563 - PoinTr - INFO - Test[9459/10518] Taxonomy = 03001627 Sample = d0255120e3351121c3bd24f986301745 Losses = ['442.4851', '2002.9349', '106.8615', '485.9310'] Metrics = ['0.1444', '106.8615', '485.9310', '0.0000']
2025-07-10 06:57:14,483 - PoinTr - INFO - Test[10510/10518] Taxonomy = 03636649 Sample = ea9ec4d9db2e06202471e6dd5ac3ef92 Losses = ['323.8835', '1284.2358', '30.2574', '75.1290'] Metrics = ['0.5264', '30.2574', '75.1290', '0.0000']
2025-07-10 06:57:14,954 - PoinTr - INFO - [Validation] EPOCH: 135  Metrics = ['0.2592', '58.1566', '245.5910', '0.0000']
2025-07-10 06:57:14,954 - PoinTr - INFO - ============================ TEST RESULTS ============================
2025-07-10 06:57:14,954 - PoinTr - INFO - Taxonomy	#Sample	F-Score	CDL1	CDL2	EMDistance	#ModelName	
2025-07-10 06:57:14,954 - PoinTr - INFO - 03759954	14	0.365 	46.863 	171.831 	0.000 	microphone	
2025-07-10 06:57:14,954 - PoinTr - INFO - 04330267	44	0.206 	54.492 	164.247 	0.000 	stove	
2025-07-10 06:57:14,954 - PoinTr - INFO - 03261776	15	0.241 	59.144 	286.437 	0.000 	earphone	
2025-07-10 06:57:14,954 - PoinTr - INFO - 03513137	33	0.184 	65.892 	234.350 	0.000 	helmet	
2025-07-10 06:57:14,954 - PoinTr - INFO - 04460130	27	0.262 	56.950 	229.369 	0.000 	tower	
2025-07-10 06:57:14,954 - PoinTr - INFO - 04468005	78	0.249 	53.877 	246.949 	0.000 	train	
2025-07-10 06:57:14,954 - PoinTr - INFO - 03761084	31	0.210 	63.658 	238.170 	0.000 	microwaves	
2025-07-10 06:57:14,954 - PoinTr - INFO - 04004475	34	0.203 	68.402 	256.342 	0.000 	printer	
2025-07-10 06:57:14,954 - PoinTr - INFO - 03938244	20	0.243 	73.871 	339.597 	0.000 	pillow	
2025-07-10 06:57:14,954 - PoinTr - INFO - 02992529	167	0.281 	51.142 	224.809 	0.000 	cellphone	
2025-07-10 06:57:14,954 - PoinTr - INFO - 02808440	172	0.209 	63.869 	265.671 	0.000 	bathtub	
2025-07-10 06:57:14,954 - PoinTr - INFO - 04530566	388	0.300 	52.103 	223.675 	0.000 	watercraft	
2025-07-10 06:57:14,954 - PoinTr - INFO - 02871439	91	0.184 	53.709 	175.611 	0.000 	bookshelf	
2025-07-10 06:57:14,954 - PoinTr - INFO - 03593526	120	0.210 	68.086 	309.955 	0.000 	jar	
2025-07-10 06:57:14,954 - PoinTr - INFO - 04554684	34	0.214 	55.744 	181.106 	0.000 	washer	
2025-07-10 06:57:14,954 - PoinTr - INFO - 03467517	160	0.509 	34.428 	135.791 	0.000 	guitar	
2025-07-10 06:57:14,954 - PoinTr - INFO - 04401088	218	0.293 	51.395 	233.117 	0.000 	telephone	
2025-07-10 06:57:14,954 - PoinTr - INFO - 02954340	12	0.232 	89.427 	543.968 	0.000 	cap	
2025-07-10 06:57:14,954 - PoinTr - INFO - 02933112	315	0.192 	53.729 	184.184 	0.000 	cabinet	
2025-07-10 06:57:14,954 - PoinTr - INFO - 03642806	92	0.288 	50.372 	200.224 	0.000 	laptop	
2025-07-10 06:57:14,954 - PoinTr - INFO - 02924116	188	0.248 	49.576 	190.707 	0.000 	bus	
2025-07-10 06:57:14,954 - PoinTr - INFO - 02946921	22	0.243 	56.767 	208.567 	0.000 	can	
2025-07-10 06:57:14,955 - PoinTr - INFO - 02818832	47	0.171 	69.072 	263.302 	0.000 	bed	
2025-07-10 06:57:14,955 - PoinTr - INFO - 04256520	635	0.199 	56.431 	205.245 	0.000 	sofa	
2025-07-10 06:57:14,955 - PoinTr - INFO - 04379243	1687	0.234 	58.376 	214.402 	0.000 	table	
2025-07-10 06:57:14,955 - PoinTr - INFO - 02747177	69	0.168 	66.074 	288.348 	0.000 	trash bin	
2025-07-10 06:57:14,955 - PoinTr - INFO - 03046257	131	0.240 	70.487 	379.511 	0.000 	clock	
2025-07-10 06:57:14,955 - PoinTr - INFO - 04225987	31	0.342 	45.770 	190.874 	0.000 	skateboard	
2025-07-10 06:57:14,955 - PoinTr - INFO - 03797390	43	0.178 	70.763 	347.821 	0.000 	mug	
2025-07-10 06:57:14,955 - PoinTr - INFO - 03001627	1356	0.219 	57.470 	206.900 	0.000 	chair	
2025-07-10 06:57:14,955 - PoinTr - INFO - 03691459	320	0.215 	60.191 	218.556 	0.000 	loudspeaker	
2025-07-10 06:57:14,955 - PoinTr - INFO - 02942699	23	0.195 	67.934 	252.584 	0.000 	camera	
2025-07-10 06:57:14,955 - PoinTr - INFO - 03636649	464	0.319 	56.397 	227.799 	0.000 	lamp	
2025-07-10 06:57:14,955 - PoinTr - INFO - 02691156	809	0.334 	63.073 	387.063 	0.000 	airplane	
2025-07-10 06:57:14,955 - PoinTr - INFO - 02773838	17	0.228 	61.754 	240.585 	0.000 	bag	
2025-07-10 06:57:14,955 - PoinTr - INFO - 02958343	703	0.182 	56.055 	238.989 	0.000 	car	
2025-07-10 06:57:14,955 - PoinTr - INFO - 02880940	38	0.204 	79.244 	479.615 	0.000 	bowl	
2025-07-10 06:57:14,955 - PoinTr - INFO - 04099429	17	0.452 	51.274 	231.665 	0.000 	rocket	
2025-07-10 06:57:14,955 - PoinTr - INFO - 02828884	363	0.246 	56.012 	211.100 	0.000 	bench	
2025-07-10 06:57:14,955 - PoinTr - INFO - 04090263	475	0.520 	39.906 	174.416 	0.000 	rifle	
2025-07-10 06:57:14,955 - PoinTr - INFO - 03211117	219	0.241 	55.587 	230.056 	0.000 	display	
2025-07-10 06:57:14,955 - PoinTr - INFO - 02876657	100	0.284 	53.430 	214.232 	0.000 	bottle	
2025-07-10 06:57:14,955 - PoinTr - INFO - 03710193	19	0.313 	41.426 	114.755 	0.000 	mailbox	
2025-07-10 06:57:14,955 - PoinTr - INFO - 03790512	68	0.198 	58.719 	288.642 	0.000 	motorbike	
2025-07-10 06:57:14,955 - PoinTr - INFO - 03325088	149	0.284 	56.017 	231.848 	0.000 	faucet	
2025-07-10 06:57:14,955 - PoinTr - INFO - 02801938	23	0.212 	66.544 	317.911 	0.000 	basket	
2025-07-10 06:57:14,955 - PoinTr - INFO - 03337140	60	0.193 	51.841 	162.921 	0.000 	file cabinet	
2025-07-10 06:57:14,955 - PoinTr - INFO - 02843684	15	0.181 	74.983 	377.625 	0.000 	birdhouse	
2025-07-10 06:57:14,955 - PoinTr - INFO - 03624134	85	0.593 	41.434 	196.616 	0.000 	knife	
2025-07-10 06:57:14,955 - PoinTr - INFO - 03991062	121	0.180 	69.677 	306.310 	0.000 	flowerpot	
2025-07-10 06:57:14,955 - PoinTr - INFO - 03948459	62	0.348 	47.213 	204.204 	0.000 	pistol	
2025-07-10 06:57:14,955 - PoinTr - INFO - 03928116	48	0.204 	59.775 	208.332 	0.000 	piano	
2025-07-10 06:57:14,955 - PoinTr - INFO - 03207941	19	0.218 	57.532 	204.040 	0.000 	dishwasher	
2025-07-10 06:57:14,955 - PoinTr - INFO - 04074963	14	0.284 	46.097 	185.686 	0.000 	remote	
2025-07-10 06:57:14,955 - PoinTr - INFO - 03085013	13	0.308 	58.562 	260.871 	0.000 	keyboard	
2025-07-10 06:57:14,955 - PoinTr - INFO - Overall		0.259 	58.157 	245.591 	0.000 	
2025-07-10 06:57:15,453 - PoinTr - INFO - Save checkpoint at ./experiments/PoinTr/ShapeNet55_models/PoinTr_fog/ckpt-last.pth
2025-07-10 06:57:16,937 - PoinTr - INFO - [Epoch 136/200][Batch 1/655] BatchTime = 1.483 (s) DataTime = 0.114 (s) Losses = ['280.5541', '61.1719'] lr = 0.0000845
2025-07-10 06:59:21,456 - PoinTr - INFO - [Epoch 136/200][Batch 101/655] BatchTime = 0.972 (s) DataTime = 0.001 (s) Losses = ['246.8149', '46.5075'] lr = 0.0000845
2025-07-10 07:01:19,577 - PoinTr - INFO - [Epoch 136/200][Batch 201/655] BatchTime = 1.087 (s) DataTime = 0.001 (s) Losses = ['297.3442', '49.5301'] lr = 0.0000845
2025-07-10 07:03:19,734 - PoinTr - INFO - [Epoch 136/200][Batch 301/655] BatchTime = 1.323 (s) DataTime = 0.001 (s) Losses = ['276.7337', '45.0504'] lr = 0.0000845
2025-07-10 07:05:19,346 - PoinTr - INFO - [Epoch 136/200][Batch 401/655] BatchTime = 1.096 (s) DataTime = 0.001 (s) Losses = ['302.1423', '53.2706'] lr = 0.0000845
2025-07-10 07:07:20,388 - PoinTr - INFO - [Epoch 136/200][Batch 501/655] BatchTime = 1.274 (s) DataTime = 0.001 (s) Losses = ['286.3571', '50.0183'] lr = 0.0000845
2025-07-10 07:09:20,145 - PoinTr - INFO - [Epoch 136/200][Batch 601/655] BatchTime = 1.287 (s) DataTime = 0.001 (s) Losses = ['294.5778', '54.7561'] lr = 0.0000845
2025-07-10 07:10:22,656 - PoinTr - INFO - [Training] EPOCH: 136 EpochTime = 787.202 (s) Losses = ['270.3886', '49.6486']
2025-07-10 07:10:23,139 - PoinTr - INFO - Save checkpoint at ./experiments/PoinTr/ShapeNet55_models/PoinTr_fog/ckpt-last.pth
2025-07-10 07:10:24,434 - PoinTr - INFO - [Epoch 137/200][Batch 1/655] BatchTime = 1.293 (s) DataTime = 0.112 (s) Losses = ['247.5134', '50.5767'] lr = 0.0000834
2025-07-10 07:12:27,040 - PoinTr - INFO - [Epoch 137/200][Batch 101/655] BatchTime = 1.485 (s) DataTime = 0.001 (s) Losses = ['243.7592', '40.0335'] lr = 0.0000834
2025-07-10 07:14:29,973 - PoinTr - INFO - [Epoch 137/200][Batch 201/655] BatchTime = 0.720 (s) DataTime = 0.001 (s) Losses = ['282.1283', '55.9404'] lr = 0.0000834
2025-07-10 07:16:27,800 - PoinTr - INFO - [Epoch 137/200][Batch 301/655] BatchTime = 1.400 (s) DataTime = 0.001 (s) Losses = ['286.4088', '51.8689'] lr = 0.0000834
2025-07-10 07:18:25,554 - PoinTr - INFO - [Epoch 137/200][Batch 401/655] BatchTime = 1.207 (s) DataTime = 0.001 (s) Losses = ['238.2907', '48.3919'] lr = 0.0000834
2025-07-10 07:20:27,692 - PoinTr - INFO - [Epoch 137/200][Batch 501/655] BatchTime = 1.058 (s) DataTime = 0.001 (s) Losses = ['301.0745', '52.5846'] lr = 0.0000834
2025-07-10 07:22:30,622 - PoinTr - INFO - [Epoch 137/200][Batch 601/655] BatchTime = 0.868 (s) DataTime = 0.001 (s) Losses = ['237.2898', '45.7413'] lr = 0.0000834
2025-07-10 07:23:36,974 - PoinTr - INFO - [Training] EPOCH: 137 EpochTime = 793.833 (s) Losses = ['270.4298', '49.6283']
2025-07-10 07:23:37,458 - PoinTr - INFO - Save checkpoint at ./experiments/PoinTr/ShapeNet55_models/PoinTr_fog/ckpt-last.pth
2025-07-10 07:23:38,776 - PoinTr - INFO - [Epoch 138/200][Batch 1/655] BatchTime = 1.317 (s) DataTime = 0.112 (s) Losses = ['289.0382', '52.6629'] lr = 0.0000824
2025-07-10 07:25:35,061 - PoinTr - INFO - [Epoch 138/200][Batch 101/655] BatchTime = 0.921 (s) DataTime = 0.001 (s) Losses = ['267.5965', '51.8716'] lr = 0.0000824
2025-07-10 07:27:31,821 - PoinTr - INFO - [Epoch 138/200][Batch 201/655] BatchTime = 0.974 (s) DataTime = 0.001 (s) Losses = ['295.0479', '52.3625'] lr = 0.0000824
2025-07-10 07:29:34,665 - PoinTr - INFO - [Epoch 138/200][Batch 301/655] BatchTime = 1.091 (s) DataTime = 0.001 (s) Losses = ['289.1903', '57.3847'] lr = 0.0000824
2025-07-10 07:31:37,446 - PoinTr - INFO - [Epoch 138/200][Batch 401/655] BatchTime = 1.430 (s) DataTime = 0.001 (s) Losses = ['291.1445', '52.4075'] lr = 0.0000824
2025-07-10 07:33:42,744 - PoinTr - INFO - [Epoch 138/200][Batch 501/655] BatchTime = 1.215 (s) DataTime = 0.001 (s) Losses = ['258.5645', '48.5168'] lr = 0.0000824
2025-07-10 07:35:45,562 - PoinTr - INFO - [Epoch 138/200][Batch 601/655] BatchTime = 0.956 (s) DataTime = 0.001 (s) Losses = ['252.6785', '46.9815'] lr = 0.0000824
2025-07-10 07:36:51,365 - PoinTr - INFO - [Training] EPOCH: 138 EpochTime = 793.906 (s) Losses = ['271.3589', '49.5988']
2025-07-10 07:36:51,846 - PoinTr - INFO - Save checkpoint at ./experiments/PoinTr/ShapeNet55_models/PoinTr_fog/ckpt-last.pth
2025-07-10 07:36:52,995 - PoinTr - INFO - [Epoch 139/200][Batch 1/655] BatchTime = 1.148 (s) DataTime = 0.110 (s) Losses = ['281.5775', '48.0548'] lr = 0.0000813
2025-07-10 07:38:56,701 - PoinTr - INFO - [Epoch 139/200][Batch 101/655] BatchTime = 1.017 (s) DataTime = 0.001 (s) Losses = ['257.7197', '50.0231'] lr = 0.0000813
2025-07-10 07:40:56,685 - PoinTr - INFO - [Epoch 139/200][Batch 201/655] BatchTime = 1.077 (s) DataTime = 0.001 (s) Losses = ['271.8790', '50.3967'] lr = 0.0000813
2025-07-10 07:42:58,986 - PoinTr - INFO - [Epoch 139/200][Batch 301/655] BatchTime = 1.186 (s) DataTime = 0.001 (s) Losses = ['296.8031', '59.2005'] lr = 0.0000813
2025-07-10 07:45:03,262 - PoinTr - INFO - [Epoch 139/200][Batch 401/655] BatchTime = 0.978 (s) DataTime = 0.001 (s) Losses = ['258.7121', '48.6530'] lr = 0.0000813
2025-07-10 07:47:01,095 - PoinTr - INFO - [Epoch 139/200][Batch 501/655] BatchTime = 0.866 (s) DataTime = 0.001 (s) Losses = ['265.9465', '53.0010'] lr = 0.0000813
2025-07-10 07:49:00,633 - PoinTr - INFO - [Epoch 139/200][Batch 601/655] BatchTime = 1.333 (s) DataTime = 0.001 (s) Losses = ['275.8991', '47.8964'] lr = 0.0000813
2025-07-10 07:50:04,962 - PoinTr - INFO - [Training] EPOCH: 139 EpochTime = 793.115 (s) Losses = ['269.9376', '49.4430']
2025-07-10 07:50:05,445 - PoinTr - INFO - Save checkpoint at ./experiments/PoinTr/ShapeNet55_models/PoinTr_fog/ckpt-last.pth
2025-07-10 07:50:06,732 - PoinTr - INFO - [Epoch 140/200][Batch 1/655] BatchTime = 1.286 (s) DataTime = 0.112 (s) Losses = ['302.5272', '57.1298'] lr = 0.0000802
2025-07-10 07:52:07,045 - PoinTr - INFO - [Epoch 140/200][Batch 101/655] BatchTime = 1.311 (s) DataTime = 0.001 (s) Losses = ['293.9418', '50.6110'] lr = 0.0000802
2025-07-10 07:54:06,206 - PoinTr - INFO - [Epoch 140/200][Batch 201/655] BatchTime = 1.262 (s) DataTime = 0.001 (s) Losses = ['238.5464', '40.6252'] lr = 0.0000802
2025-07-10 07:55:59,099 - PoinTr - INFO - [Epoch 140/200][Batch 301/655] BatchTime = 0.997 (s) DataTime = 0.001 (s) Losses = ['258.0866', '50.7620'] lr = 0.0000802
2025-07-10 07:58:04,607 - PoinTr - INFO - [Epoch 140/200][Batch 401/655] BatchTime = 1.294 (s) DataTime = 0.001 (s) Losses = ['266.8915', '49.5422'] lr = 0.0000802
2025-07-10 08:00:07,214 - PoinTr - INFO - [Epoch 140/200][Batch 501/655] BatchTime = 1.469 (s) DataTime = 0.001 (s) Losses = ['275.7707', '47.1485'] lr = 0.0000802
2025-07-10 08:02:09,586 - PoinTr - INFO - [Epoch 140/200][Batch 601/655] BatchTime = 1.485 (s) DataTime = 0.001 (s) Losses = ['315.2653', '58.3331'] lr = 0.0000802
2025-07-10 08:03:11,979 - PoinTr - INFO - [Training] EPOCH: 140 EpochTime = 786.533 (s) Losses = ['269.1860', '49.1633']
2025-07-10 08:03:11,979 - PoinTr - INFO - [VALIDATION] Start validating epoch 140
2025-07-10 08:03:51,842 - PoinTr - INFO - Test[1051/10518] Taxonomy = 02691156 Sample = c7749c0a8b61f43bc9b9e28055202e3d Losses = ['514.2499', '3063.2730', '94.8422', '556.1539'] Metrics = ['0.3140', '94.8422', '556.1539', '0.0000']
2025-07-10 08:04:30,753 - PoinTr - INFO - Test[2102/10518] Taxonomy = 03211117 Sample = ab2f9418c111cc6ddb965514105122a4 Losses = ['422.7597', '2202.4457', '65.9333', '416.7812'] Metrics = ['0.5231', '65.9333', '416.7812', '0.0000']
2025-07-10 08:05:08,594 - PoinTr - INFO - Test[3153/10518] Taxonomy = 02876657 Sample = c5032e4be091aabb36fe7a88df793982 Losses = ['486.1957', '2438.6024', '90.0573', '433.8192'] Metrics = ['0.2137', '90.0573', '433.8192', '0.0000']
2025-07-10 08:05:48,196 - PoinTr - INFO - Test[4204/10518] Taxonomy = 03211117 Sample = 722df1da5778d45b1e43523279c7f09f Losses = ['68.8737', '178.4381', '25.1994', '7.7222'] Metrics = ['0.2671', '25.1994', '7.7222', '0.0000']
2025-07-10 08:06:27,308 - PoinTr - INFO - Test[5255/10518] Taxonomy = 02828884 Sample = 14b63361a48a9fffe4a048c146e8bd43 Losses = ['126.2340', '436.6750', '22.3669', '16.6866'] Metrics = ['0.3568', '22.3669', '16.6866', '0.0000']
2025-07-10 08:07:05,394 - PoinTr - INFO - Test[6306/10518] Taxonomy = 03211117 Sample = d330d50a0255529d19ed6e1a590c9122 Losses = ['109.8844', '557.3087', '22.7742', '50.4260'] Metrics = ['0.2840', '22.7742', '50.4260', '0.0000']
2025-07-10 08:07:41,506 - PoinTr - INFO - Test[7357/10518] Taxonomy = 04379243 Sample = b1ca280d9567270ade98d10ab5975b59 Losses = ['454.5515', '2963.6788', '58.1517', '298.1449'] Metrics = ['0.2587', '58.1517', '298.1449', '0.0000']
2025-07-10 08:08:18,807 - PoinTr - INFO - Test[8408/10518] Taxonomy = 03001627 Sample = 89208a619341d9fdb8c516ed5c4ce32 Losses = ['323.5227', '1342.6037', '63.2071', '220.1080'] Metrics = ['0.1606', '63.2071', '220.1080', '0.0000']
2025-07-10 08:08:56,359 - PoinTr - INFO - Test[9459/10518] Taxonomy = 03001627 Sample = d0255120e3351121c3bd24f986301745 Losses = ['200.8683', '1389.8506', '39.6239', '119.1230'] Metrics = ['0.1758', '39.6239', '119.1230', '0.0000']
2025-07-10 08:09:34,152 - PoinTr - INFO - Test[10510/10518] Taxonomy = 03636649 Sample = ea9ec4d9db2e06202471e6dd5ac3ef92 Losses = ['567.1982', '3235.5144', '109.5337', '681.2936'] Metrics = ['0.4005', '109.5337', '681.2936', '0.0000']
2025-07-10 08:09:34,473 - PoinTr - INFO - [Validation] EPOCH: 140  Metrics = ['0.2778', '56.1848', '247.7320', '0.0000']
2025-07-10 08:09:34,473 - PoinTr - INFO - ============================ TEST RESULTS ============================
2025-07-10 08:09:34,473 - PoinTr - INFO - Taxonomy	#Sample	F-Score	CDL1	CDL2	EMDistance	#ModelName	
2025-07-10 08:09:34,473 - PoinTr - INFO - 03759954	14	0.384 	47.853 	195.877 	0.000 	microphone	
2025-07-10 08:09:34,473 - PoinTr - INFO - 04330267	44	0.221 	57.683 	220.011 	0.000 	stove	
2025-07-10 08:09:34,473 - PoinTr - INFO - 03261776	15	0.251 	58.187 	290.782 	0.000 	earphone	
2025-07-10 08:09:34,473 - PoinTr - INFO - 03513137	33	0.177 	79.208 	339.681 	0.000 	helmet	
2025-07-10 08:09:34,473 - PoinTr - INFO - 04460130	27	0.294 	56.682 	250.245 	0.000 	tower	
2025-07-10 08:09:34,473 - PoinTr - INFO - 04468005	78	0.267 	45.896 	185.722 	0.000 	train	
2025-07-10 08:09:34,473 - PoinTr - INFO - 03761084	31	0.231 	61.117 	264.080 	0.000 	microwaves	
2025-07-10 08:09:34,473 - PoinTr - INFO - 04004475	34	0.211 	59.412 	215.191 	0.000 	printer	
2025-07-10 08:09:34,473 - PoinTr - INFO - 03938244	20	0.261 	71.884 	372.716 	0.000 	pillow	
2025-07-10 08:09:34,473 - PoinTr - INFO - 02992529	167	0.337 	46.194 	207.317 	0.000 	cellphone	
2025-07-10 08:09:34,473 - PoinTr - INFO - 02808440	172	0.231 	58.690 	242.519 	0.000 	bathtub	
2025-07-10 08:09:34,473 - PoinTr - INFO - 04530566	388	0.309 	48.045 	201.015 	0.000 	watercraft	
2025-07-10 08:09:34,473 - PoinTr - INFO - 02871439	91	0.207 	52.613 	196.324 	0.000 	bookshelf	
2025-07-10 08:09:34,473 - PoinTr - INFO - 03593526	120	0.215 	69.507 	322.900 	0.000 	jar	
2025-07-10 08:09:34,473 - PoinTr - INFO - 04554684	34	0.231 	48.993 	144.891 	0.000 	washer	
2025-07-10 08:09:34,473 - PoinTr - INFO - 03467517	160	0.643 	26.869 	95.014 	0.000 	guitar	
2025-07-10 08:09:34,473 - PoinTr - INFO - 04401088	218	0.347 	47.211 	215.293 	0.000 	telephone	
2025-07-10 08:09:34,473 - PoinTr - INFO - 02954340	12	0.234 	100.953 	642.050 	0.000 	cap	
2025-07-10 08:09:34,473 - PoinTr - INFO - 02933112	315	0.210 	50.772 	181.237 	0.000 	cabinet	
2025-07-10 08:09:34,473 - PoinTr - INFO - 03642806	92	0.313 	44.214 	191.412 	0.000 	laptop	
2025-07-10 08:09:34,473 - PoinTr - INFO - 02924116	188	0.254 	51.982 	223.328 	0.000 	bus	
2025-07-10 08:09:34,473 - PoinTr - INFO - 02946921	22	0.234 	70.112 	341.165 	0.000 	can	
2025-07-10 08:09:34,473 - PoinTr - INFO - 02818832	47	0.202 	49.159 	145.768 	0.000 	bed	
2025-07-10 08:09:34,473 - PoinTr - INFO - 04256520	635	0.211 	55.172 	216.221 	0.000 	sofa	
2025-07-10 08:09:34,473 - PoinTr - INFO - 04379243	1687	0.272 	49.109 	199.208 	0.000 	table	
2025-07-10 08:09:34,473 - PoinTr - INFO - 02747177	69	0.178 	68.607 	310.185 	0.000 	trash bin	
2025-07-10 08:09:34,473 - PoinTr - INFO - 03046257	131	0.252 	65.942 	350.932 	0.000 	clock	
2025-07-10 08:09:34,473 - PoinTr - INFO - 04225987	31	0.386 	46.490 	228.677 	0.000 	skateboard	
2025-07-10 08:09:34,473 - PoinTr - INFO - 03797390	43	0.182 	59.071 	201.136 	0.000 	mug	
2025-07-10 08:09:34,473 - PoinTr - INFO - 03001627	1356	0.239 	52.073 	201.064 	0.000 	chair	
2025-07-10 08:09:34,473 - PoinTr - INFO - 03691459	320	0.223 	58.710 	233.246 	0.000 	loudspeaker	
2025-07-10 08:09:34,473 - PoinTr - INFO - 02942699	23	0.180 	70.508 	308.540 	0.000 	camera	
2025-07-10 08:09:34,473 - PoinTr - INFO - 03636649	464	0.337 	55.858 	242.496 	0.000 	lamp	
2025-07-10 08:09:34,473 - PoinTr - INFO - 02691156	809	0.365 	61.241 	397.441 	0.000 	airplane	
2025-07-10 08:09:34,474 - PoinTr - INFO - 02773838	17	0.223 	68.709 	288.124 	0.000 	bag	
2025-07-10 08:09:34,474 - PoinTr - INFO - 02958343	703	0.185 	54.451 	237.458 	0.000 	car	
2025-07-10 08:09:34,474 - PoinTr - INFO - 02880940	38	0.200 	87.663 	556.538 	0.000 	bowl	
2025-07-10 08:09:34,474 - PoinTr - INFO - 04099429	17	0.483 	43.222 	199.487 	0.000 	rocket	
2025-07-10 08:09:34,474 - PoinTr - INFO - 02828884	363	0.280 	49.476 	206.925 	0.000 	bench	
2025-07-10 08:09:34,474 - PoinTr - INFO - 04090263	475	0.518 	40.137 	183.729 	0.000 	rifle	
2025-07-10 08:09:34,474 - PoinTr - INFO - 03211117	219	0.261 	49.982 	204.035 	0.000 	display	
2025-07-10 08:09:34,474 - PoinTr - INFO - 02876657	100	0.303 	53.039 	217.384 	0.000 	bottle	
2025-07-10 08:09:34,474 - PoinTr - INFO - 03710193	19	0.368 	45.956 	166.074 	0.000 	mailbox	
2025-07-10 08:09:34,474 - PoinTr - INFO - 03790512	68	0.188 	61.975 	296.653 	0.000 	motorbike	
2025-07-10 08:09:34,474 - PoinTr - INFO - 03325088	149	0.298 	53.409 	240.759 	0.000 	faucet	
2025-07-10 08:09:34,474 - PoinTr - INFO - 02801938	23	0.222 	54.295 	201.588 	0.000 	basket	
2025-07-10 08:09:34,474 - PoinTr - INFO - 03337140	60	0.211 	50.973 	183.395 	0.000 	file cabinet	
2025-07-10 08:09:34,474 - PoinTr - INFO - 02843684	15	0.199 	48.127 	139.807 	0.000 	birdhouse	
2025-07-10 08:09:34,474 - PoinTr - INFO - 03624134	85	0.606 	35.016 	147.579 	0.000 	knife	
2025-07-10 08:09:34,474 - PoinTr - INFO - 03991062	121	0.178 	75.340 	369.663 	0.000 	flowerpot	
2025-07-10 08:09:34,474 - PoinTr - INFO - 03948459	62	0.365 	35.416 	125.675 	0.000 	pistol	
2025-07-10 08:09:34,474 - PoinTr - INFO - 03928116	48	0.211 	59.418 	237.724 	0.000 	piano	
2025-07-10 08:09:34,474 - PoinTr - INFO - 03207941	19	0.217 	62.742 	249.368 	0.000 	dishwasher	
2025-07-10 08:09:34,474 - PoinTr - INFO - 04074963	14	0.318 	60.950 	314.390 	0.000 	remote	
2025-07-10 08:09:34,474 - PoinTr - INFO - 03085013	13	0.349 	53.853 	285.221 	0.000 	keyboard	
2025-07-10 08:09:34,474 - PoinTr - INFO - Overall		0.278 	56.185 	247.732 	0.000 	
2025-07-10 08:09:34,967 - PoinTr - INFO - Save checkpoint at ./experiments/PoinTr/ShapeNet55_models/PoinTr_fog/ckpt-last.pth
2025-07-10 08:09:36,137 - PoinTr - INFO - [Epoch 141/200][Batch 1/655] BatchTime = 1.168 (s) DataTime = 0.110 (s) Losses = ['254.1266', '49.2850'] lr = 0.0000792
2025-07-10 08:11:38,132 - PoinTr - INFO - [Epoch 141/200][Batch 101/655] BatchTime = 1.011 (s) DataTime = 0.001 (s) Losses = ['259.8869', '47.8140'] lr = 0.0000792
2025-07-10 08:13:34,961 - PoinTr - INFO - [Epoch 141/200][Batch 201/655] BatchTime = 1.420 (s) DataTime = 0.001 (s) Losses = ['290.8845', '54.4261'] lr = 0.0000792
2025-07-10 08:15:31,274 - PoinTr - INFO - [Epoch 141/200][Batch 301/655] BatchTime = 1.198 (s) DataTime = 0.001 (s) Losses = ['278.3867', '47.7458'] lr = 0.0000792
2025-07-10 08:17:35,893 - PoinTr - INFO - [Epoch 141/200][Batch 401/655] BatchTime = 1.203 (s) DataTime = 0.001 (s) Losses = ['255.0837', '43.4995'] lr = 0.0000792
2025-07-10 08:19:43,075 - PoinTr - INFO - [Epoch 141/200][Batch 501/655] BatchTime = 1.129 (s) DataTime = 0.002 (s) Losses = ['263.1107', '49.1281'] lr = 0.0000792
2025-07-10 08:21:50,089 - PoinTr - INFO - [Epoch 141/200][Batch 601/655] BatchTime = 1.549 (s) DataTime = 0.001 (s) Losses = ['233.4222', '37.0264'] lr = 0.0000792
2025-07-10 08:22:54,827 - PoinTr - INFO - [Training] EPOCH: 141 EpochTime = 799.859 (s) Losses = ['269.1495', '49.4770']
2025-07-10 08:22:55,319 - PoinTr - INFO - Save checkpoint at ./experiments/PoinTr/ShapeNet55_models/PoinTr_fog/ckpt-last.pth
2025-07-10 08:22:56,510 - PoinTr - INFO - [Epoch 142/200][Batch 1/655] BatchTime = 1.189 (s) DataTime = 0.114 (s) Losses = ['261.1058', '44.6335'] lr = 0.0000782
2025-07-10 08:25:00,025 - PoinTr - INFO - [Epoch 142/200][Batch 101/655] BatchTime = 0.985 (s) DataTime = 0.002 (s) Losses = ['250.0443', '43.9200'] lr = 0.0000782
2025-07-10 08:27:00,090 - PoinTr - INFO - [Epoch 142/200][Batch 201/655] BatchTime = 1.326 (s) DataTime = 0.001 (s) Losses = ['279.8574', '48.3259'] lr = 0.0000782
2025-07-10 08:29:05,750 - PoinTr - INFO - [Epoch 142/200][Batch 301/655] BatchTime = 1.049 (s) DataTime = 0.002 (s) Losses = ['243.7565', '45.7061'] lr = 0.0000782
2025-07-10 08:31:07,856 - PoinTr - INFO - [Epoch 142/200][Batch 401/655] BatchTime = 1.372 (s) DataTime = 0.001 (s) Losses = ['267.7738', '55.7768'] lr = 0.0000782
2025-07-10 08:33:10,805 - PoinTr - INFO - [Epoch 142/200][Batch 501/655] BatchTime = 1.160 (s) DataTime = 0.001 (s) Losses = ['276.8447', '46.5775'] lr = 0.0000782
2025-07-10 08:35:10,310 - PoinTr - INFO - [Epoch 142/200][Batch 601/655] BatchTime = 1.164 (s) DataTime = 0.001 (s) Losses = ['277.1274', '46.7083'] lr = 0.0000782
2025-07-10 08:36:12,573 - PoinTr - INFO - [Training] EPOCH: 142 EpochTime = 797.253 (s) Losses = ['270.0695', '49.5293']
2025-07-10 08:36:13,089 - PoinTr - INFO - Save checkpoint at ./experiments/PoinTr/ShapeNet55_models/PoinTr_fog/ckpt-last.pth
2025-07-10 08:36:14,396 - PoinTr - INFO - [Epoch 143/200][Batch 1/655] BatchTime = 1.306 (s) DataTime = 0.111 (s) Losses = ['258.2890', '49.0123'] lr = 0.0000772
2025-07-10 08:38:20,037 - PoinTr - INFO - [Epoch 143/200][Batch 101/655] BatchTime = 0.849 (s) DataTime = 0.002 (s) Losses = ['247.3206', '44.3134'] lr = 0.0000772
2025-07-10 08:40:19,733 - PoinTr - INFO - [Epoch 143/200][Batch 201/655] BatchTime = 1.616 (s) DataTime = 0.001 (s) Losses = ['264.5968', '44.2987'] lr = 0.0000772
2025-07-10 08:42:20,684 - PoinTr - INFO - [Epoch 143/200][Batch 301/655] BatchTime = 1.270 (s) DataTime = 0.001 (s) Losses = ['255.2482', '44.4584'] lr = 0.0000772
2025-07-10 08:44:15,839 - PoinTr - INFO - [Epoch 143/200][Batch 401/655] BatchTime = 1.186 (s) DataTime = 0.001 (s) Losses = ['287.0802', '47.7173'] lr = 0.0000772
2025-07-10 08:46:14,928 - PoinTr - INFO - [Epoch 143/200][Batch 501/655] BatchTime = 1.349 (s) DataTime = 0.001 (s) Losses = ['262.8960', '47.1299'] lr = 0.0000772
2025-07-10 08:48:13,928 - PoinTr - INFO - [Epoch 143/200][Batch 601/655] BatchTime = 1.305 (s) DataTime = 0.002 (s) Losses = ['274.3512', '46.8153'] lr = 0.0000772
2025-07-10 08:49:21,705 - PoinTr - INFO - [Training] EPOCH: 143 EpochTime = 788.615 (s) Losses = ['270.4687', '49.5670']
2025-07-10 08:49:22,189 - PoinTr - INFO - Save checkpoint at ./experiments/PoinTr/ShapeNet55_models/PoinTr_fog/ckpt-last.pth
2025-07-10 08:49:23,629 - PoinTr - INFO - [Epoch 144/200][Batch 1/655] BatchTime = 1.439 (s) DataTime = 0.112 (s) Losses = ['252.4073', '48.2914'] lr = 0.0000762
2025-07-10 08:51:27,264 - PoinTr - INFO - [Epoch 144/200][Batch 101/655] BatchTime = 0.901 (s) DataTime = 0.001 (s) Losses = ['265.1032', '49.8949'] lr = 0.0000762
2025-07-10 08:53:27,229 - PoinTr - INFO - [Epoch 144/200][Batch 201/655] BatchTime = 1.421 (s) DataTime = 0.001 (s) Losses = ['309.1590', '57.5386'] lr = 0.0000762
2025-07-10 08:55:27,462 - PoinTr - INFO - [Epoch 144/200][Batch 301/655] BatchTime = 0.898 (s) DataTime = 0.001 (s) Losses = ['288.4271', '51.5194'] lr = 0.0000762
2025-07-10 08:57:36,483 - PoinTr - INFO - [Epoch 144/200][Batch 401/655] BatchTime = 0.936 (s) DataTime = 0.001 (s) Losses = ['260.8885', '47.4335'] lr = 0.0000762
2025-07-10 08:59:38,964 - PoinTr - INFO - [Epoch 144/200][Batch 501/655] BatchTime = 1.471 (s) DataTime = 0.001 (s) Losses = ['263.9689', '45.1933'] lr = 0.0000762
2025-07-10 09:01:39,600 - PoinTr - INFO - [Epoch 144/200][Batch 601/655] BatchTime = 1.228 (s) DataTime = 0.001 (s) Losses = ['270.9026', '47.3001'] lr = 0.0000762
2025-07-10 09:02:46,991 - PoinTr - INFO - [Training] EPOCH: 144 EpochTime = 804.801 (s) Losses = ['269.2629', '49.1783']
2025-07-10 09:02:47,481 - PoinTr - INFO - Save checkpoint at ./experiments/PoinTr/ShapeNet55_models/PoinTr_fog/ckpt-last.pth
2025-07-10 09:02:48,480 - PoinTr - INFO - [Epoch 145/200][Batch 1/655] BatchTime = 0.998 (s) DataTime = 0.116 (s) Losses = ['294.9165', '56.9199'] lr = 0.0000752
2025-07-10 09:04:47,749 - PoinTr - INFO - [Epoch 145/200][Batch 101/655] BatchTime = 1.278 (s) DataTime = 0.001 (s) Losses = ['311.2846', '54.4714'] lr = 0.0000752
2025-07-10 09:06:49,903 - PoinTr - INFO - [Epoch 145/200][Batch 201/655] BatchTime = 0.924 (s) DataTime = 0.002 (s) Losses = ['310.3547', '56.3873'] lr = 0.0000752
2025-07-10 09:08:54,070 - PoinTr - INFO - [Epoch 145/200][Batch 301/655] BatchTime = 0.962 (s) DataTime = 0.001 (s) Losses = ['267.9727', '50.3293'] lr = 0.0000752
2025-07-10 09:11:00,469 - PoinTr - INFO - [Epoch 145/200][Batch 401/655] BatchTime = 1.524 (s) DataTime = 0.001 (s) Losses = ['265.3551', '50.0834'] lr = 0.0000752
2025-07-10 09:13:07,208 - PoinTr - INFO - [Epoch 145/200][Batch 501/655] BatchTime = 0.875 (s) DataTime = 0.001 (s) Losses = ['285.5585', '57.7085'] lr = 0.0000752
2025-07-10 09:15:04,721 - PoinTr - INFO - [Epoch 145/200][Batch 601/655] BatchTime = 1.477 (s) DataTime = 0.001 (s) Losses = ['275.5709', '49.8593'] lr = 0.0000752
2025-07-10 09:16:09,054 - PoinTr - INFO - [Training] EPOCH: 145 EpochTime = 801.572 (s) Losses = ['269.2825', '49.2418']
2025-07-10 09:16:09,054 - PoinTr - INFO - [VALIDATION] Start validating epoch 145
2025-07-10 09:16:49,452 - PoinTr - INFO - Test[1051/10518] Taxonomy = 02691156 Sample = c7749c0a8b61f43bc9b9e28055202e3d Losses = ['700.0985', '6151.1297', '135.5507', '1276.6860'] Metrics = ['0.2814', '135.5507', '1276.6859', '0.0000']
2025-07-10 09:17:27,762 - PoinTr - INFO - Test[2102/10518] Taxonomy = 03211117 Sample = ab2f9418c111cc6ddb965514105122a4 Losses = ['333.2157', '1586.9777', '25.2875', '83.3202'] Metrics = ['0.4710', '25.2875', '83.3202', '0.0000']
2025-07-10 09:18:05,582 - PoinTr - INFO - Test[3153/10518] Taxonomy = 02876657 Sample = c5032e4be091aabb36fe7a88df793982 Losses = ['242.6926', '1131.5165', '46.0688', '61.5042'] Metrics = ['0.2328', '46.0688', '61.5042', '0.0000']
2025-07-10 09:18:45,705 - PoinTr - INFO - Test[4204/10518] Taxonomy = 03211117 Sample = 722df1da5778d45b1e43523279c7f09f Losses = ['142.0720', '510.3772', '30.3880', '23.4519'] Metrics = ['0.2782', '30.3880', '23.4519', '0.0000']
2025-07-10 09:19:24,053 - PoinTr - INFO - Test[5255/10518] Taxonomy = 02828884 Sample = 14b63361a48a9fffe4a048c146e8bd43 Losses = ['438.2945', '2044.7333', '111.8886', '642.8517'] Metrics = ['0.2271', '111.8886', '642.8516', '0.0000']
2025-07-10 09:20:02,485 - PoinTr - INFO - Test[6306/10518] Taxonomy = 03211117 Sample = d330d50a0255529d19ed6e1a590c9122 Losses = ['293.3830', '929.6523', '74.2590', '294.7013'] Metrics = ['0.3403', '74.2590', '294.7013', '0.0000']
2025-07-10 09:20:39,704 - PoinTr - INFO - Test[7357/10518] Taxonomy = 04379243 Sample = b1ca280d9567270ade98d10ab5975b59 Losses = ['476.6371', '2583.8425', '69.7460', '363.6164'] Metrics = ['0.2377', '69.7460', '363.6164', '0.0000']
2025-07-10 09:21:17,454 - PoinTr - INFO - Test[8408/10518] Taxonomy = 03001627 Sample = 89208a619341d9fdb8c516ed5c4ce32 Losses = ['120.7086', '285.3315', '31.9360', '18.0227'] Metrics = ['0.1981', '31.9360', '18.0227', '0.0000']
2025-07-10 09:21:55,011 - PoinTr - INFO - Test[9459/10518] Taxonomy = 03001627 Sample = d0255120e3351121c3bd24f986301745 Losses = ['180.2151', '599.5634', '37.6017', '33.5279'] Metrics = ['0.2173', '37.6017', '33.5279', '0.0000']
2025-07-10 09:22:33,439 - PoinTr - INFO - Test[10510/10518] Taxonomy = 03636649 Sample = ea9ec4d9db2e06202471e6dd5ac3ef92 Losses = ['561.3086', '3149.2879', '123.4896', '705.7731'] Metrics = ['0.2819', '123.4896', '705.7731', '0.0000']
2025-07-10 09:22:33,822 - PoinTr - INFO - [Validation] EPOCH: 145  Metrics = ['0.2642', '55.7893', '240.8207', '0.0000']
2025-07-10 09:22:33,822 - PoinTr - INFO - ============================ TEST RESULTS ============================
2025-07-10 09:22:33,822 - PoinTr - INFO - Taxonomy	#Sample	F-Score	CDL1	CDL2	EMDistance	#ModelName	
2025-07-10 09:22:33,822 - PoinTr - INFO - 03759954	14	0.379 	36.047 	97.198 	0.000 	microphone	
2025-07-10 09:22:33,823 - PoinTr - INFO - 04330267	44	0.213 	55.496 	188.656 	0.000 	stove	
2025-07-10 09:22:33,823 - PoinTr - INFO - 03261776	15	0.240 	61.102 	260.138 	0.000 	earphone	
2025-07-10 09:22:33,823 - PoinTr - INFO - 03513137	33	0.182 	85.837 	448.012 	0.000 	helmet	
2025-07-10 09:22:33,823 - PoinTr - INFO - 04460130	27	0.272 	52.073 	228.446 	0.000 	tower	
2025-07-10 09:22:33,823 - PoinTr - INFO - 04468005	78	0.245 	48.360 	187.103 	0.000 	train	
2025-07-10 09:22:33,823 - PoinTr - INFO - 03761084	31	0.214 	54.543 	195.814 	0.000 	microwaves	
2025-07-10 09:22:33,823 - PoinTr - INFO - 04004475	34	0.206 	57.619 	188.235 	0.000 	printer	
2025-07-10 09:22:33,823 - PoinTr - INFO - 03938244	20	0.261 	71.510 	351.950 	0.000 	pillow	
2025-07-10 09:22:33,823 - PoinTr - INFO - 02992529	167	0.310 	51.082 	240.406 	0.000 	cellphone	
2025-07-10 09:22:33,823 - PoinTr - INFO - 02808440	172	0.212 	62.204 	269.498 	0.000 	bathtub	
2025-07-10 09:22:33,823 - PoinTr - INFO - 04530566	388	0.299 	48.039 	201.260 	0.000 	watercraft	
2025-07-10 09:22:33,823 - PoinTr - INFO - 02871439	91	0.184 	54.646 	190.265 	0.000 	bookshelf	
2025-07-10 09:22:33,823 - PoinTr - INFO - 03593526	120	0.207 	79.183 	451.660 	0.000 	jar	
2025-07-10 09:22:33,823 - PoinTr - INFO - 04554684	34	0.228 	52.237 	163.017 	0.000 	washer	
2025-07-10 09:22:33,823 - PoinTr - INFO - 03467517	160	0.572 	35.610 	142.632 	0.000 	guitar	
2025-07-10 09:22:33,823 - PoinTr - INFO - 04401088	218	0.317 	50.547 	238.907 	0.000 	telephone	
2025-07-10 09:22:33,823 - PoinTr - INFO - 02954340	12	0.268 	43.445 	151.333 	0.000 	cap	
2025-07-10 09:22:33,823 - PoinTr - INFO - 02933112	315	0.194 	51.063 	179.081 	0.000 	cabinet	
2025-07-10 09:22:33,823 - PoinTr - INFO - 03642806	92	0.292 	41.839 	160.255 	0.000 	laptop	
2025-07-10 09:22:33,823 - PoinTr - INFO - 02924116	188	0.251 	51.510 	216.059 	0.000 	bus	
2025-07-10 09:22:33,823 - PoinTr - INFO - 02946921	22	0.228 	65.580 	309.430 	0.000 	can	
2025-07-10 09:22:33,823 - PoinTr - INFO - 02818832	47	0.184 	56.377 	171.116 	0.000 	bed	
2025-07-10 09:22:33,823 - PoinTr - INFO - 04256520	635	0.190 	55.873 	210.172 	0.000 	sofa	
2025-07-10 09:22:33,823 - PoinTr - INFO - 04379243	1687	0.292 	49.093 	198.799 	0.000 	table	
2025-07-10 09:22:33,823 - PoinTr - INFO - 02747177	69	0.185 	65.380 	306.788 	0.000 	trash bin	
2025-07-10 09:22:33,823 - PoinTr - INFO - 03046257	131	0.238 	71.787 	403.061 	0.000 	clock	
2025-07-10 09:22:33,823 - PoinTr - INFO - 04225987	31	0.407 	50.683 	270.603 	0.000 	skateboard	
2025-07-10 09:22:33,823 - PoinTr - INFO - 03797390	43	0.166 	86.916 	491.321 	0.000 	mug	
2025-07-10 09:22:33,823 - PoinTr - INFO - 03001627	1356	0.229 	51.725 	190.114 	0.000 	chair	
2025-07-10 09:22:33,823 - PoinTr - INFO - 03691459	320	0.214 	59.674 	226.662 	0.000 	loudspeaker	
2025-07-10 09:22:33,823 - PoinTr - INFO - 02942699	23	0.172 	69.840 	251.883 	0.000 	camera	
2025-07-10 09:22:33,823 - PoinTr - INFO - 03636649	464	0.309 	53.587 	215.573 	0.000 	lamp	
2025-07-10 09:22:33,823 - PoinTr - INFO - 02691156	809	0.337 	63.304 	394.034 	0.000 	airplane	
2025-07-10 09:22:33,823 - PoinTr - INFO - 02773838	17	0.231 	68.635 	326.981 	0.000 	bag	
2025-07-10 09:22:33,823 - PoinTr - INFO - 02958343	703	0.180 	56.511 	240.980 	0.000 	car	
2025-07-10 09:22:33,823 - PoinTr - INFO - 02880940	38	0.198 	108.715 	776.567 	0.000 	bowl	
2025-07-10 09:22:33,823 - PoinTr - INFO - 04099429	17	0.436 	34.320 	118.638 	0.000 	rocket	
2025-07-10 09:22:33,823 - PoinTr - INFO - 02828884	363	0.282 	48.324 	195.860 	0.000 	bench	
2025-07-10 09:22:33,823 - PoinTr - INFO - 04090263	475	0.458 	40.289 	173.264 	0.000 	rifle	
2025-07-10 09:22:33,823 - PoinTr - INFO - 03211117	219	0.261 	51.759 	218.577 	0.000 	display	
2025-07-10 09:22:33,823 - PoinTr - INFO - 02876657	100	0.295 	49.556 	211.022 	0.000 	bottle	
2025-07-10 09:22:33,823 - PoinTr - INFO - 03710193	19	0.324 	38.630 	111.793 	0.000 	mailbox	
2025-07-10 09:22:33,823 - PoinTr - INFO - 03790512	68	0.174 	57.923 	252.110 	0.000 	motorbike	
2025-07-10 09:22:33,823 - PoinTr - INFO - 03325088	149	0.277 	59.176 	259.538 	0.000 	faucet	
2025-07-10 09:22:33,823 - PoinTr - INFO - 02801938	23	0.198 	64.340 	278.617 	0.000 	basket	
2025-07-10 09:22:33,823 - PoinTr - INFO - 03337140	60	0.200 	55.655 	206.155 	0.000 	file cabinet	
2025-07-10 09:22:33,823 - PoinTr - INFO - 02843684	15	0.171 	61.171 	196.312 	0.000 	birdhouse	
2025-07-10 09:22:33,823 - PoinTr - INFO - 03624134	85	0.573 	37.314 	164.964 	0.000 	knife	
2025-07-10 09:22:33,823 - PoinTr - INFO - 03991062	121	0.170 	74.852 	366.790 	0.000 	flowerpot	
2025-07-10 09:22:33,823 - PoinTr - INFO - 03948459	62	0.317 	44.246 	172.556 	0.000 	pistol	
2025-07-10 09:22:33,823 - PoinTr - INFO - 03928116	48	0.202 	52.872 	168.099 	0.000 	piano	
2025-07-10 09:22:33,823 - PoinTr - INFO - 03207941	19	0.238 	44.030 	126.524 	0.000 	dishwasher	
2025-07-10 09:22:33,823 - PoinTr - INFO - 04074963	14	0.301 	45.796 	194.341 	0.000 	remote	
2025-07-10 09:22:33,823 - PoinTr - INFO - 03085013	13	0.350 	30.486 	95.972 	0.000 	keyboard	
2025-07-10 09:22:33,823 - PoinTr - INFO - Overall		0.264 	55.789 	240.821 	0.000 	
2025-07-10 09:22:34,316 - PoinTr - INFO - Save checkpoint at ./experiments/PoinTr/ShapeNet55_models/PoinTr_fog/ckpt-last.pth
2025-07-10 09:22:35,444 - PoinTr - INFO - [Epoch 146/200][Batch 1/655] BatchTime = 1.127 (s) DataTime = 0.114 (s) Losses = ['307.6722', '54.6606'] lr = 0.0000742
2025-07-10 09:24:37,243 - PoinTr - INFO - [Epoch 146/200][Batch 101/655] BatchTime = 0.949 (s) DataTime = 0.001 (s) Losses = ['282.6605', '56.5091'] lr = 0.0000742
2025-07-10 09:26:41,741 - PoinTr - INFO - [Epoch 146/200][Batch 201/655] BatchTime = 1.369 (s) DataTime = 0.002 (s) Losses = ['258.2107', '49.3339'] lr = 0.0000742
2025-07-10 09:28:47,473 - PoinTr - INFO - [Epoch 146/200][Batch 301/655] BatchTime = 1.746 (s) DataTime = 0.001 (s) Losses = ['251.1921', '44.4024'] lr = 0.0000742
2025-07-10 09:30:50,482 - PoinTr - INFO - [Epoch 146/200][Batch 401/655] BatchTime = 1.000 (s) DataTime = 0.001 (s) Losses = ['278.0676', '47.7043'] lr = 0.0000742
2025-07-10 09:32:50,305 - PoinTr - INFO - [Epoch 146/200][Batch 501/655] BatchTime = 1.173 (s) DataTime = 0.001 (s) Losses = ['290.5908', '52.4485'] lr = 0.0000742
2025-07-10 09:34:51,202 - PoinTr - INFO - [Epoch 146/200][Batch 601/655] BatchTime = 1.303 (s) DataTime = 0.001 (s) Losses = ['283.6174', '51.7832'] lr = 0.0000742
2025-07-10 09:35:55,665 - PoinTr - INFO - [Training] EPOCH: 146 EpochTime = 801.348 (s) Losses = ['271.7478', '49.7538']
2025-07-10 09:35:56,147 - PoinTr - INFO - Save checkpoint at ./experiments/PoinTr/ShapeNet55_models/PoinTr_fog/ckpt-last.pth
2025-07-10 09:35:57,435 - PoinTr - INFO - [Epoch 147/200][Batch 1/655] BatchTime = 1.287 (s) DataTime = 0.113 (s) Losses = ['266.0627', '48.7531'] lr = 0.0000732
2025-07-10 09:37:56,136 - PoinTr - INFO - [Epoch 147/200][Batch 101/655] BatchTime = 1.026 (s) DataTime = 0.001 (s) Losses = ['246.7207', '48.4014'] lr = 0.0000732
2025-07-10 09:39:54,675 - PoinTr - INFO - [Epoch 147/200][Batch 201/655] BatchTime = 1.311 (s) DataTime = 0.001 (s) Losses = ['229.8298', '40.8895'] lr = 0.0000732
2025-07-10 09:41:58,243 - PoinTr - INFO - [Epoch 147/200][Batch 301/655] BatchTime = 1.338 (s) DataTime = 0.001 (s) Losses = ['264.8168', '49.2086'] lr = 0.0000732
2025-07-10 09:43:56,232 - PoinTr - INFO - [Epoch 147/200][Batch 401/655] BatchTime = 1.031 (s) DataTime = 0.001 (s) Losses = ['269.2787', '49.3541'] lr = 0.0000732
2025-07-10 09:45:55,372 - PoinTr - INFO - [Epoch 147/200][Batch 501/655] BatchTime = 1.331 (s) DataTime = 0.001 (s) Losses = ['293.0040', '49.7130'] lr = 0.0000732
2025-07-10 09:47:55,241 - PoinTr - INFO - [Epoch 147/200][Batch 601/655] BatchTime = 1.265 (s) DataTime = 0.001 (s) Losses = ['244.7176', '40.9641'] lr = 0.0000732
2025-07-10 09:49:00,945 - PoinTr - INFO - [Training] EPOCH: 147 EpochTime = 784.797 (s) Losses = ['269.8497', '49.3273']
2025-07-10 09:49:01,429 - PoinTr - INFO - Save checkpoint at ./experiments/PoinTr/ShapeNet55_models/PoinTr_fog/ckpt-last.pth
2025-07-10 09:49:02,560 - PoinTr - INFO - [Epoch 148/200][Batch 1/655] BatchTime = 1.130 (s) DataTime = 0.110 (s) Losses = ['310.3801', '65.7999'] lr = 0.0000723
2025-07-10 09:50:59,280 - PoinTr - INFO - [Epoch 148/200][Batch 101/655] BatchTime = 1.187 (s) DataTime = 0.001 (s) Losses = ['264.6495', '44.9808'] lr = 0.0000723
2025-07-10 09:53:03,827 - PoinTr - INFO - [Epoch 148/200][Batch 201/655] BatchTime = 1.495 (s) DataTime = 0.001 (s) Losses = ['259.0388', '49.2119'] lr = 0.0000723
2025-07-10 09:55:12,492 - PoinTr - INFO - [Epoch 148/200][Batch 301/655] BatchTime = 1.630 (s) DataTime = 0.001 (s) Losses = ['260.6249', '41.9357'] lr = 0.0000723
2025-07-10 09:57:14,834 - PoinTr - INFO - [Epoch 148/200][Batch 401/655] BatchTime = 0.797 (s) DataTime = 0.001 (s) Losses = ['266.9527', '51.0109'] lr = 0.0000723
2025-07-10 09:59:15,595 - PoinTr - INFO - [Epoch 148/200][Batch 501/655] BatchTime = 1.100 (s) DataTime = 0.002 (s) Losses = ['278.7264', '51.7418'] lr = 0.0000723
2025-07-10 10:01:16,721 - PoinTr - INFO - [Epoch 148/200][Batch 601/655] BatchTime = 1.497 (s) DataTime = 0.001 (s) Losses = ['285.9786', '52.6512'] lr = 0.0000723
2025-07-10 10:02:23,522 - PoinTr - INFO - [Training] EPOCH: 148 EpochTime = 802.093 (s) Losses = ['269.6914', '49.1500']
2025-07-10 10:02:24,006 - PoinTr - INFO - Save checkpoint at ./experiments/PoinTr/ShapeNet55_models/PoinTr_fog/ckpt-last.pth
2025-07-10 10:02:25,167 - PoinTr - INFO - [Epoch 149/200][Batch 1/655] BatchTime = 1.159 (s) DataTime = 0.111 (s) Losses = ['278.0875', '51.2299'] lr = 0.0000713
2025-07-10 10:04:27,163 - PoinTr - INFO - [Epoch 149/200][Batch 101/655] BatchTime = 0.836 (s) DataTime = 0.001 (s) Losses = ['264.2477', '49.7473'] lr = 0.0000713
2025-07-10 10:06:30,862 - PoinTr - INFO - [Epoch 149/200][Batch 201/655] BatchTime = 1.462 (s) DataTime = 0.001 (s) Losses = ['269.3617', '49.0661'] lr = 0.0000713
2025-07-10 10:08:29,344 - PoinTr - INFO - [Epoch 149/200][Batch 301/655] BatchTime = 1.208 (s) DataTime = 0.001 (s) Losses = ['237.7556', '42.7261'] lr = 0.0000713
2025-07-10 10:10:32,242 - PoinTr - INFO - [Epoch 149/200][Batch 401/655] BatchTime = 1.551 (s) DataTime = 0.002 (s) Losses = ['230.8996', '41.6219'] lr = 0.0000713
2025-07-10 10:12:31,268 - PoinTr - INFO - [Epoch 149/200][Batch 501/655] BatchTime = 1.357 (s) DataTime = 0.001 (s) Losses = ['238.8883', '39.0649'] lr = 0.0000713
2025-07-10 10:14:35,077 - PoinTr - INFO - [Epoch 149/200][Batch 601/655] BatchTime = 1.573 (s) DataTime = 0.001 (s) Losses = ['260.7499', '43.4883'] lr = 0.0000713
2025-07-10 10:15:39,197 - PoinTr - INFO - [Training] EPOCH: 149 EpochTime = 795.189 (s) Losses = ['269.1483', '48.9905']
2025-07-10 10:15:39,700 - PoinTr - INFO - Save checkpoint at ./experiments/PoinTr/ShapeNet55_models/PoinTr_fog/ckpt-last.pth
2025-07-10 10:15:41,150 - PoinTr - INFO - [Epoch 150/200][Batch 1/655] BatchTime = 1.449 (s) DataTime = 0.110 (s) Losses = ['268.6945', '53.9789'] lr = 0.0000704
2025-07-10 10:17:46,614 - PoinTr - INFO - [Epoch 150/200][Batch 101/655] BatchTime = 1.322 (s) DataTime = 0.001 (s) Losses = ['287.1976', '52.7205'] lr = 0.0000704
2025-07-10 10:19:52,040 - PoinTr - INFO - [Epoch 150/200][Batch 201/655] BatchTime = 1.153 (s) DataTime = 0.002 (s) Losses = ['299.0004', '54.2749'] lr = 0.0000704
2025-07-10 10:21:51,136 - PoinTr - INFO - [Epoch 150/200][Batch 301/655] BatchTime = 1.117 (s) DataTime = 0.001 (s) Losses = ['243.9734', '42.1184'] lr = 0.0000704
2025-07-10 10:23:52,723 - PoinTr - INFO - [Epoch 150/200][Batch 401/655] BatchTime = 1.080 (s) DataTime = 0.001 (s) Losses = ['328.6144', '54.3516'] lr = 0.0000704
2025-07-10 10:25:54,353 - PoinTr - INFO - [Epoch 150/200][Batch 501/655] BatchTime = 0.790 (s) DataTime = 0.002 (s) Losses = ['275.3814', '52.0199'] lr = 0.0000704
2025-07-10 10:27:53,915 - PoinTr - INFO - [Epoch 150/200][Batch 601/655] BatchTime = 1.079 (s) DataTime = 0.001 (s) Losses = ['271.9397', '49.4105'] lr = 0.0000704
2025-07-10 10:28:54,857 - PoinTr - INFO - [Training] EPOCH: 150 EpochTime = 795.157 (s) Losses = ['272.1432', '49.7438']
2025-07-10 10:28:54,858 - PoinTr - INFO - [VALIDATION] Start validating epoch 150
2025-07-10 10:29:34,344 - PoinTr - INFO - Test[1051/10518] Taxonomy = 02691156 Sample = c7749c0a8b61f43bc9b9e28055202e3d Losses = ['173.1345', '1118.7445', '72.4176', '410.1135'] Metrics = ['0.2550', '72.4176', '410.1135', '0.0000']
2025-07-10 10:30:11,798 - PoinTr - INFO - Test[2102/10518] Taxonomy = 03211117 Sample = ab2f9418c111cc6ddb965514105122a4 Losses = ['353.6845', '1377.2206', '41.6686', '158.3214'] Metrics = ['0.3962', '41.6686', '158.3214', '0.0000']
2025-07-10 10:30:49,524 - PoinTr - INFO - Test[3153/10518] Taxonomy = 02876657 Sample = c5032e4be091aabb36fe7a88df793982 Losses = ['126.1772', '368.3598', '28.2672', '18.3823'] Metrics = ['0.2778', '28.2672', '18.3823', '0.0000']
2025-07-10 10:31:29,705 - PoinTr - INFO - Test[4204/10518] Taxonomy = 03211117 Sample = 722df1da5778d45b1e43523279c7f09f Losses = ['551.7037', '4032.7077', '94.6914', '559.4985'] Metrics = ['0.1873', '94.6914', '559.4985', '0.0000']
2025-07-10 10:32:08,148 - PoinTr - INFO - Test[5255/10518] Taxonomy = 02828884 Sample = 14b63361a48a9fffe4a048c146e8bd43 Losses = ['357.6382', '1404.2373', '48.0344', '181.1785'] Metrics = ['0.3295', '48.0344', '181.1785', '0.0000']
2025-07-10 10:32:44,640 - PoinTr - INFO - Test[6306/10518] Taxonomy = 03211117 Sample = d330d50a0255529d19ed6e1a590c9122 Losses = ['531.9855', '4075.0065', '100.3971', '675.1328'] Metrics = ['0.2705', '100.3970', '675.1328', '0.0000']
2025-07-10 10:33:20,444 - PoinTr - INFO - Test[7357/10518] Taxonomy = 04379243 Sample = b1ca280d9567270ade98d10ab5975b59 Losses = ['269.6783', '1631.1721', '38.2903', '97.9938'] Metrics = ['0.2238', '38.2903', '97.9938', '0.0000']
2025-07-10 10:33:58,235 - PoinTr - INFO - Test[8408/10518] Taxonomy = 03001627 Sample = 89208a619341d9fdb8c516ed5c4ce32 Losses = ['67.7204', '175.3632', '23.1389', '13.8700'] Metrics = ['0.2192', '23.1389', '13.8700', '0.0000']
2025-07-10 10:34:34,543 - PoinTr - INFO - Test[9459/10518] Taxonomy = 03001627 Sample = d0255120e3351121c3bd24f986301745 Losses = ['81.0093', '155.8017', '28.4519', '9.2798'] Metrics = ['0.1979', '28.4519', '9.2798', '0.0000']
2025-07-10 10:35:11,449 - PoinTr - INFO - Test[10510/10518] Taxonomy = 03636649 Sample = ea9ec4d9db2e06202471e6dd5ac3ef92 Losses = ['131.5381', '633.4974', '16.6461', '26.2502'] Metrics = ['0.5529', '16.6461', '26.2502', '0.0000']
2025-07-10 10:35:11,712 - PoinTr - INFO - [Validation] EPOCH: 150  Metrics = ['0.2751', '54.2610', '233.7611', '0.0000']
2025-07-10 10:35:11,712 - PoinTr - INFO - ============================ TEST RESULTS ============================
2025-07-10 10:35:11,712 - PoinTr - INFO - Taxonomy	#Sample	F-Score	CDL1	CDL2	EMDistance	#ModelName	
2025-07-10 10:35:11,712 - PoinTr - INFO - 03759954	14	0.379 	40.279 	102.650 	0.000 	microphone	
2025-07-10 10:35:11,712 - PoinTr - INFO - 04330267	44	0.229 	49.547 	160.697 	0.000 	stove	
2025-07-10 10:35:11,712 - PoinTr - INFO - 03261776	15	0.249 	57.863 	261.849 	0.000 	earphone	
2025-07-10 10:35:11,712 - PoinTr - INFO - 03513137	33	0.196 	70.984 	319.854 	0.000 	helmet	
2025-07-10 10:35:11,712 - PoinTr - INFO - 04460130	27	0.288 	57.635 	259.718 	0.000 	tower	
2025-07-10 10:35:11,712 - PoinTr - INFO - 04468005	78	0.251 	58.853 	278.320 	0.000 	train	
2025-07-10 10:35:11,712 - PoinTr - INFO - 03761084	31	0.228 	53.285 	188.957 	0.000 	microwaves	
2025-07-10 10:35:11,712 - PoinTr - INFO - 04004475	34	0.216 	51.579 	153.996 	0.000 	printer	
2025-07-10 10:35:11,712 - PoinTr - INFO - 03938244	20	0.251 	59.512 	244.106 	0.000 	pillow	
2025-07-10 10:35:11,712 - PoinTr - INFO - 02992529	167	0.329 	46.816 	208.498 	0.000 	cellphone	
2025-07-10 10:35:11,712 - PoinTr - INFO - 02808440	172	0.228 	54.591 	221.328 	0.000 	bathtub	
2025-07-10 10:35:11,712 - PoinTr - INFO - 04530566	388	0.297 	49.364 	209.178 	0.000 	watercraft	
2025-07-10 10:35:11,712 - PoinTr - INFO - 02871439	91	0.198 	53.247 	176.813 	0.000 	bookshelf	
2025-07-10 10:35:11,712 - PoinTr - INFO - 03593526	120	0.218 	65.096 	306.201 	0.000 	jar	
2025-07-10 10:35:11,712 - PoinTr - INFO - 04554684	34	0.229 	57.388 	193.918 	0.000 	washer	
2025-07-10 10:35:11,712 - PoinTr - INFO - 03467517	160	0.625 	33.476 	135.179 	0.000 	guitar	
2025-07-10 10:35:11,713 - PoinTr - INFO - 04401088	218	0.339 	45.992 	210.127 	0.000 	telephone	
2025-07-10 10:35:11,713 - PoinTr - INFO - 02954340	12	0.248 	49.180 	223.780 	0.000 	cap	
2025-07-10 10:35:11,713 - PoinTr - INFO - 02933112	315	0.210 	52.291 	190.259 	0.000 	cabinet	
2025-07-10 10:35:11,713 - PoinTr - INFO - 03642806	92	0.308 	45.609 	196.719 	0.000 	laptop	
2025-07-10 10:35:11,713 - PoinTr - INFO - 02924116	188	0.258 	47.769 	185.557 	0.000 	bus	
2025-07-10 10:35:11,713 - PoinTr - INFO - 02946921	22	0.259 	57.436 	260.147 	0.000 	can	
2025-07-10 10:35:11,713 - PoinTr - INFO - 02818832	47	0.193 	59.610 	226.558 	0.000 	bed	
2025-07-10 10:35:11,713 - PoinTr - INFO - 04256520	635	0.203 	54.775 	213.766 	0.000 	sofa	
2025-07-10 10:35:11,713 - PoinTr - INFO - 04379243	1687	0.294 	48.426 	199.029 	0.000 	table	
2025-07-10 10:35:11,713 - PoinTr - INFO - 02747177	69	0.187 	58.113 	244.058 	0.000 	trash bin	
2025-07-10 10:35:11,713 - PoinTr - INFO - 03046257	131	0.243 	65.057 	359.067 	0.000 	clock	
2025-07-10 10:35:11,713 - PoinTr - INFO - 04225987	31	0.375 	57.533 	308.945 	0.000 	skateboard	
2025-07-10 10:35:11,713 - PoinTr - INFO - 03797390	43	0.179 	68.711 	324.423 	0.000 	mug	
2025-07-10 10:35:11,713 - PoinTr - INFO - 03001627	1356	0.242 	50.713 	190.456 	0.000 	chair	
2025-07-10 10:35:11,713 - PoinTr - INFO - 03691459	320	0.226 	54.105 	203.349 	0.000 	loudspeaker	
2025-07-10 10:35:11,713 - PoinTr - INFO - 02942699	23	0.179 	70.410 	300.710 	0.000 	camera	
2025-07-10 10:35:11,713 - PoinTr - INFO - 03636649	464	0.334 	53.247 	218.592 	0.000 	lamp	
2025-07-10 10:35:11,713 - PoinTr - INFO - 02691156	809	0.374 	60.906 	386.322 	0.000 	airplane	
2025-07-10 10:35:11,713 - PoinTr - INFO - 02773838	17	0.250 	51.768 	190.603 	0.000 	bag	
2025-07-10 10:35:11,713 - PoinTr - INFO - 02958343	703	0.182 	56.158 	244.711 	0.000 	car	
2025-07-10 10:35:11,713 - PoinTr - INFO - 02880940	38	0.177 	109.986 	798.359 	0.000 	bowl	
2025-07-10 10:35:11,713 - PoinTr - INFO - 04099429	17	0.473 	46.947 	220.942 	0.000 	rocket	
2025-07-10 10:35:11,713 - PoinTr - INFO - 02828884	363	0.294 	46.597 	195.964 	0.000 	bench	
2025-07-10 10:35:11,713 - PoinTr - INFO - 04090263	475	0.514 	39.714 	180.942 	0.000 	rifle	
2025-07-10 10:35:11,713 - PoinTr - INFO - 03211117	219	0.258 	52.869 	224.663 	0.000 	display	
2025-07-10 10:35:11,713 - PoinTr - INFO - 02876657	100	0.315 	50.710 	211.720 	0.000 	bottle	
2025-07-10 10:35:11,713 - PoinTr - INFO - 03710193	19	0.346 	44.617 	144.953 	0.000 	mailbox	
2025-07-10 10:35:11,713 - PoinTr - INFO - 03790512	68	0.189 	57.700 	257.282 	0.000 	motorbike	
2025-07-10 10:35:11,713 - PoinTr - INFO - 03325088	149	0.296 	58.134 	264.991 	0.000 	faucet	
2025-07-10 10:35:11,713 - PoinTr - INFO - 02801938	23	0.200 	68.791 	325.215 	0.000 	basket	
2025-07-10 10:35:11,713 - PoinTr - INFO - 03337140	60	0.211 	48.625 	153.161 	0.000 	file cabinet	
2025-07-10 10:35:11,713 - PoinTr - INFO - 02843684	15	0.193 	54.873 	174.709 	0.000 	birdhouse	
2025-07-10 10:35:11,713 - PoinTr - INFO - 03624134	85	0.557 	38.157 	172.489 	0.000 	knife	
2025-07-10 10:35:11,713 - PoinTr - INFO - 03991062	121	0.181 	70.549 	344.189 	0.000 	flowerpot	
2025-07-10 10:35:11,713 - PoinTr - INFO - 03948459	62	0.336 	42.509 	175.891 	0.000 	pistol	
2025-07-10 10:35:11,713 - PoinTr - INFO - 03928116	48	0.212 	50.632 	176.850 	0.000 	piano	
2025-07-10 10:35:11,713 - PoinTr - INFO - 03207941	19	0.224 	50.822 	169.184 	0.000 	dishwasher	
2025-07-10 10:35:11,713 - PoinTr - INFO - 04074963	14	0.333 	47.956 	208.386 	0.000 	remote	
2025-07-10 10:35:11,713 - PoinTr - INFO - 03085013	13	0.327 	36.841 	158.534 	0.000 	keyboard	
2025-07-10 10:35:11,713 - PoinTr - INFO - Overall		0.275 	54.261 	233.761 	0.000 	
2025-07-10 10:35:12,197 - PoinTr - INFO - Save checkpoint at ./experiments/PoinTr/ShapeNet55_models/PoinTr_fog/ckpt-best.pth
2025-07-10 10:35:12,639 - PoinTr - INFO - Save checkpoint at ./experiments/PoinTr/ShapeNet55_models/PoinTr_fog/ckpt-last.pth
2025-07-10 10:35:13,411 - PoinTr - INFO - [Epoch 151/200][Batch 1/655] BatchTime = 0.772 (s) DataTime = 0.114 (s) Losses = ['285.0297', '56.0199'] lr = 0.0000695
2025-07-10 10:37:13,216 - PoinTr - INFO - [Epoch 151/200][Batch 101/655] BatchTime = 1.006 (s) DataTime = 0.001 (s) Losses = ['285.5785', '54.9341'] lr = 0.0000695
2025-07-10 10:39:18,131 - PoinTr - INFO - [Epoch 151/200][Batch 201/655] BatchTime = 1.476 (s) DataTime = 0.002 (s) Losses = ['291.3647', '60.1109'] lr = 0.0000695
2025-07-10 10:41:21,076 - PoinTr - INFO - [Epoch 151/200][Batch 301/655] BatchTime = 0.917 (s) DataTime = 0.001 (s) Losses = ['286.9435', '50.4495'] lr = 0.0000695
2025-07-10 10:43:19,316 - PoinTr - INFO - [Epoch 151/200][Batch 401/655] BatchTime = 1.420 (s) DataTime = 0.001 (s) Losses = ['252.9063', '49.9931'] lr = 0.0000695
2025-07-10 10:45:18,717 - PoinTr - INFO - [Epoch 151/200][Batch 501/655] BatchTime = 0.870 (s) DataTime = 0.001 (s) Losses = ['277.5273', '52.2977'] lr = 0.0000695
2025-07-10 10:47:21,342 - PoinTr - INFO - [Epoch 151/200][Batch 601/655] BatchTime = 1.415 (s) DataTime = 0.001 (s) Losses = ['258.2346', '50.0701'] lr = 0.0000695
2025-07-10 10:48:25,790 - PoinTr - INFO - [Training] EPOCH: 151 EpochTime = 793.150 (s) Losses = ['269.2904', '49.2147']
2025-07-10 10:48:26,264 - PoinTr - INFO - Save checkpoint at ./experiments/PoinTr/ShapeNet55_models/PoinTr_fog/ckpt-last.pth
2025-07-10 10:48:27,737 - PoinTr - INFO - [Epoch 152/200][Batch 1/655] BatchTime = 1.471 (s) DataTime = 0.111 (s) Losses = ['255.1720', '45.5117'] lr = 0.0000686
2025-07-10 10:50:29,633 - PoinTr - INFO - [Epoch 152/200][Batch 101/655] BatchTime = 1.171 (s) DataTime = 0.001 (s) Losses = ['299.1035', '57.3803'] lr = 0.0000686
2025-07-10 10:52:27,764 - PoinTr - INFO - [Epoch 152/200][Batch 201/655] BatchTime = 1.144 (s) DataTime = 0.001 (s) Losses = ['275.3946', '47.2776'] lr = 0.0000686
2025-07-10 10:54:28,677 - PoinTr - INFO - [Epoch 152/200][Batch 301/655] BatchTime = 1.494 (s) DataTime = 0.001 (s) Losses = ['277.6470', '43.2091'] lr = 0.0000686
2025-07-10 10:56:29,656 - PoinTr - INFO - [Epoch 152/200][Batch 401/655] BatchTime = 1.162 (s) DataTime = 0.001 (s) Losses = ['302.5271', '46.9376'] lr = 0.0000686
2025-07-10 10:58:29,202 - PoinTr - INFO - [Epoch 152/200][Batch 501/655] BatchTime = 1.387 (s) DataTime = 0.001 (s) Losses = ['303.5828', '56.7476'] lr = 0.0000686
2025-07-10 11:00:27,455 - PoinTr - INFO - [Epoch 152/200][Batch 601/655] BatchTime = 1.390 (s) DataTime = 0.001 (s) Losses = ['273.1864', '45.9162'] lr = 0.0000686
2025-07-10 11:01:30,947 - PoinTr - INFO - [Training] EPOCH: 152 EpochTime = 784.682 (s) Losses = ['271.4925', '49.3985']
2025-07-10 11:01:31,430 - PoinTr - INFO - Save checkpoint at ./experiments/PoinTr/ShapeNet55_models/PoinTr_fog/ckpt-last.pth
2025-07-10 11:01:32,723 - PoinTr - INFO - [Epoch 153/200][Batch 1/655] BatchTime = 1.291 (s) DataTime = 0.111 (s) Losses = ['274.4635', '51.5123'] lr = 0.0000677
2025-07-10 11:03:37,228 - PoinTr - INFO - [Epoch 153/200][Batch 101/655] BatchTime = 0.931 (s) DataTime = 0.002 (s) Losses = ['260.7239', '52.0435'] lr = 0.0000677
2025-07-10 11:05:36,214 - PoinTr - INFO - [Epoch 153/200][Batch 201/655] BatchTime = 1.016 (s) DataTime = 0.001 (s) Losses = ['276.3950', '47.1482'] lr = 0.0000677
2025-07-10 11:07:32,880 - PoinTr - INFO - [Epoch 153/200][Batch 301/655] BatchTime = 1.153 (s) DataTime = 0.002 (s) Losses = ['274.9051', '51.6081'] lr = 0.0000677
2025-07-10 11:09:30,217 - PoinTr - INFO - [Epoch 153/200][Batch 401/655] BatchTime = 0.867 (s) DataTime = 0.001 (s) Losses = ['265.5197', '44.3615'] lr = 0.0000677
2025-07-10 11:11:35,737 - PoinTr - INFO - [Epoch 153/200][Batch 501/655] BatchTime = 1.211 (s) DataTime = 0.002 (s) Losses = ['256.7652', '48.3643'] lr = 0.0000677
2025-07-10 11:13:33,928 - PoinTr - INFO - [Epoch 153/200][Batch 601/655] BatchTime = 1.146 (s) DataTime = 0.002 (s) Losses = ['298.8912', '51.5176'] lr = 0.0000677
2025-07-10 11:14:36,117 - PoinTr - INFO - [Training] EPOCH: 153 EpochTime = 784.686 (s) Losses = ['270.6393', '49.3414']
2025-07-10 11:14:36,602 - PoinTr - INFO - Save checkpoint at ./experiments/PoinTr/ShapeNet55_models/PoinTr_fog/ckpt-last.pth
2025-07-10 11:14:37,691 - PoinTr - INFO - [Epoch 154/200][Batch 1/655] BatchTime = 1.088 (s) DataTime = 0.112 (s) Losses = ['275.2176', '49.8944'] lr = 0.0000668
2025-07-10 11:16:29,947 - PoinTr - INFO - [Epoch 154/200][Batch 101/655] BatchTime = 0.781 (s) DataTime = 0.001 (s) Losses = ['245.4739', '45.8087'] lr = 0.0000668
2025-07-10 11:18:26,049 - PoinTr - INFO - [Epoch 154/200][Batch 201/655] BatchTime = 1.008 (s) DataTime = 0.001 (s) Losses = ['245.7289', '49.8295'] lr = 0.0000668
2025-07-10 11:20:23,838 - PoinTr - INFO - [Epoch 154/200][Batch 301/655] BatchTime = 1.438 (s) DataTime = 0.001 (s) Losses = ['305.3127', '53.2458'] lr = 0.0000668
2025-07-10 11:22:20,585 - PoinTr - INFO - [Epoch 154/200][Batch 401/655] BatchTime = 1.411 (s) DataTime = 0.001 (s) Losses = ['254.5893', '48.4690'] lr = 0.0000668
2025-07-10 11:24:20,844 - PoinTr - INFO - [Epoch 154/200][Batch 501/655] BatchTime = 1.616 (s) DataTime = 0.002 (s) Losses = ['263.4977', '46.2813'] lr = 0.0000668
2025-07-10 11:26:23,565 - PoinTr - INFO - [Epoch 154/200][Batch 601/655] BatchTime = 1.450 (s) DataTime = 0.001 (s) Losses = ['252.9352', '49.3356'] lr = 0.0000668
2025-07-10 11:27:30,889 - PoinTr - INFO - [Training] EPOCH: 154 EpochTime = 774.286 (s) Losses = ['270.7179', '49.4089']
2025-07-10 11:27:31,382 - PoinTr - INFO - Save checkpoint at ./experiments/PoinTr/ShapeNet55_models/PoinTr_fog/ckpt-last.pth
2025-07-10 11:27:32,729 - PoinTr - INFO - [Epoch 155/200][Batch 1/655] BatchTime = 1.346 (s) DataTime = 0.115 (s) Losses = ['281.9238', '50.2555'] lr = 0.0000660
2025-07-10 11:29:36,157 - PoinTr - INFO - [Epoch 155/200][Batch 101/655] BatchTime = 1.229 (s) DataTime = 0.002 (s) Losses = ['267.1881', '46.4467'] lr = 0.0000660
2025-07-10 11:31:41,795 - PoinTr - INFO - [Epoch 155/200][Batch 201/655] BatchTime = 1.447 (s) DataTime = 0.001 (s) Losses = ['273.2623', '48.0846'] lr = 0.0000660
2025-07-10 11:33:44,785 - PoinTr - INFO - [Epoch 155/200][Batch 301/655] BatchTime = 0.942 (s) DataTime = 0.001 (s) Losses = ['255.4015', '43.8132'] lr = 0.0000660
2025-07-10 11:35:46,930 - PoinTr - INFO - [Epoch 155/200][Batch 401/655] BatchTime = 1.304 (s) DataTime = 0.001 (s) Losses = ['245.4172', '48.0519'] lr = 0.0000660
2025-07-10 11:37:48,997 - PoinTr - INFO - [Epoch 155/200][Batch 501/655] BatchTime = 1.072 (s) DataTime = 0.001 (s) Losses = ['283.8545', '54.0711'] lr = 0.0000660
2025-07-10 11:39:51,830 - PoinTr - INFO - [Epoch 155/200][Batch 601/655] BatchTime = 1.274 (s) DataTime = 0.001 (s) Losses = ['278.5972', '47.8691'] lr = 0.0000660
2025-07-10 11:40:55,735 - PoinTr - INFO - [Training] EPOCH: 155 EpochTime = 804.352 (s) Losses = ['270.0321', '49.2450']
2025-07-10 11:40:55,736 - PoinTr - INFO - [VALIDATION] Start validating epoch 155
2025-07-10 11:41:36,010 - PoinTr - INFO - Test[1051/10518] Taxonomy = 02691156 Sample = c7749c0a8b61f43bc9b9e28055202e3d Losses = ['120.5464', '689.4179', '20.5313', '37.4217'] Metrics = ['0.3972', '20.5313', '37.4217', '0.0000']
2025-07-10 11:42:13,603 - PoinTr - INFO - Test[2102/10518] Taxonomy = 03211117 Sample = ab2f9418c111cc6ddb965514105122a4 Losses = ['340.6489', '1270.6718', '46.0496', '180.1218'] Metrics = ['0.3641', '46.0496', '180.1218', '0.0000']
2025-07-10 11:42:51,021 - PoinTr - INFO - Test[3153/10518] Taxonomy = 02876657 Sample = c5032e4be091aabb36fe7a88df793982 Losses = ['163.6866', '634.9881', '26.6515', '22.9444'] Metrics = ['0.3342', '26.6515', '22.9444', '0.0000']
2025-07-10 11:43:29,732 - PoinTr - INFO - Test[4204/10518] Taxonomy = 03211117 Sample = 722df1da5778d45b1e43523279c7f09f Losses = ['421.4752', '2109.7035', '63.4148', '230.5417'] Metrics = ['0.2528', '63.4148', '230.5417', '0.0000']
2025-07-10 11:44:07,956 - PoinTr - INFO - Test[5255/10518] Taxonomy = 02828884 Sample = 14b63361a48a9fffe4a048c146e8bd43 Losses = ['126.0481', '341.3695', '25.3194', '14.9235'] Metrics = ['0.2686', '25.3194', '14.9235', '0.0000']
2025-07-10 11:44:46,403 - PoinTr - INFO - Test[6306/10518] Taxonomy = 03211117 Sample = d330d50a0255529d19ed6e1a590c9122 Losses = ['312.9303', '1244.8082', '29.6406', '73.2168'] Metrics = ['0.3710', '29.6406', '73.2168', '0.0000']
2025-07-10 11:45:24,352 - PoinTr - INFO - Test[7357/10518] Taxonomy = 04379243 Sample = b1ca280d9567270ade98d10ab5975b59 Losses = ['548.9135', '3523.1051', '143.2178', '1079.5517'] Metrics = ['0.2368', '143.2178', '1079.5518', '0.0000']
2025-07-10 11:46:00,949 - PoinTr - INFO - Test[8408/10518] Taxonomy = 03001627 Sample = 89208a619341d9fdb8c516ed5c4ce32 Losses = ['149.6009', '414.3455', '30.8928', '35.9924'] Metrics = ['0.1959', '30.8928', '35.9924', '0.0000']
2025-07-10 11:46:36,168 - PoinTr - INFO - Test[9459/10518] Taxonomy = 03001627 Sample = d0255120e3351121c3bd24f986301745 Losses = ['361.3767', '1421.5559', '59.8123', '183.2304'] Metrics = ['0.1873', '59.8123', '183.2304', '0.0000']
2025-07-10 11:47:13,389 - PoinTr - INFO - Test[10510/10518] Taxonomy = 03636649 Sample = ea9ec4d9db2e06202471e6dd5ac3ef92 Losses = ['40.8419', '131.0191', '13.4398', '7.7388'] Metrics = ['0.5465', '13.4398', '7.7388', '0.0000']
2025-07-10 11:47:13,755 - PoinTr - INFO - [Validation] EPOCH: 155  Metrics = ['0.2830', '55.2430', '249.7002', '0.0000']
2025-07-10 11:47:13,756 - PoinTr - INFO - ============================ TEST RESULTS ============================
2025-07-10 11:47:13,756 - PoinTr - INFO - Taxonomy	#Sample	F-Score	CDL1	CDL2	EMDistance	#ModelName	
2025-07-10 11:47:13,756 - PoinTr - INFO - 03759954	14	0.413 	39.816 	128.735 	0.000 	microphone	
2025-07-10 11:47:13,756 - PoinTr - INFO - 04330267	44	0.225 	57.422 	219.821 	0.000 	stove	
2025-07-10 11:47:13,756 - PoinTr - INFO - 03261776	15	0.232 	70.209 	303.407 	0.000 	earphone	
2025-07-10 11:47:13,756 - PoinTr - INFO - 03513137	33	0.197 	72.983 	341.255 	0.000 	helmet	
2025-07-10 11:47:13,756 - PoinTr - INFO - 04460130	27	0.309 	49.330 	208.895 	0.000 	tower	
2025-07-10 11:47:13,756 - PoinTr - INFO - 04468005	78	0.283 	45.202 	186.994 	0.000 	train	
2025-07-10 11:47:13,756 - PoinTr - INFO - 03761084	31	0.236 	50.568 	179.881 	0.000 	microwaves	
2025-07-10 11:47:13,756 - PoinTr - INFO - 04004475	34	0.215 	67.787 	294.627 	0.000 	printer	
2025-07-10 11:47:13,756 - PoinTr - INFO - 03938244	20	0.280 	50.854 	241.533 	0.000 	pillow	
2025-07-10 11:47:13,756 - PoinTr - INFO - 02992529	167	0.287 	47.508 	220.444 	0.000 	cellphone	
2025-07-10 11:47:13,756 - PoinTr - INFO - 02808440	172	0.231 	57.125 	237.571 	0.000 	bathtub	
2025-07-10 11:47:13,756 - PoinTr - INFO - 04530566	388	0.341 	48.528 	222.231 	0.000 	watercraft	
2025-07-10 11:47:13,756 - PoinTr - INFO - 02871439	91	0.195 	51.351 	178.068 	0.000 	bookshelf	
2025-07-10 11:47:13,756 - PoinTr - INFO - 03593526	120	0.220 	68.029 	348.870 	0.000 	jar	
2025-07-10 11:47:13,756 - PoinTr - INFO - 04554684	34	0.221 	53.416 	171.366 	0.000 	washer	
2025-07-10 11:47:13,756 - PoinTr - INFO - 03467517	160	0.480 	32.717 	123.744 	0.000 	guitar	
2025-07-10 11:47:13,756 - PoinTr - INFO - 04401088	218	0.288 	52.887 	253.002 	0.000 	telephone	
2025-07-10 11:47:13,756 - PoinTr - INFO - 02954340	12	0.265 	79.767 	503.883 	0.000 	cap	
2025-07-10 11:47:13,756 - PoinTr - INFO - 02933112	315	0.204 	50.201 	180.365 	0.000 	cabinet	
2025-07-10 11:47:13,756 - PoinTr - INFO - 03642806	92	0.305 	46.284 	198.013 	0.000 	laptop	
2025-07-10 11:47:13,756 - PoinTr - INFO - 02924116	188	0.296 	47.828 	210.576 	0.000 	bus	
2025-07-10 11:47:13,756 - PoinTr - INFO - 02946921	22	0.243 	66.099 	337.210 	0.000 	can	
2025-07-10 11:47:13,756 - PoinTr - INFO - 02818832	47	0.200 	54.115 	188.631 	0.000 	bed	
2025-07-10 11:47:13,756 - PoinTr - INFO - 04256520	635	0.212 	50.548 	187.733 	0.000 	sofa	
2025-07-10 11:47:13,756 - PoinTr - INFO - 04379243	1687	0.309 	48.706 	207.713 	0.000 	table	
2025-07-10 11:47:13,756 - PoinTr - INFO - 02747177	69	0.188 	58.749 	251.671 	0.000 	trash bin	
2025-07-10 11:47:13,756 - PoinTr - INFO - 03046257	131	0.225 	77.046 	477.227 	0.000 	clock	
2025-07-10 11:47:13,756 - PoinTr - INFO - 04225987	31	0.430 	42.136 	197.759 	0.000 	skateboard	
2025-07-10 11:47:13,756 - PoinTr - INFO - 03797390	43	0.177 	72.060 	352.629 	0.000 	mug	
2025-07-10 11:47:13,756 - PoinTr - INFO - 03001627	1356	0.248 	49.712 	191.352 	0.000 	chair	
2025-07-10 11:47:13,756 - PoinTr - INFO - 03691459	320	0.223 	55.517 	213.683 	0.000 	loudspeaker	
2025-07-10 11:47:13,756 - PoinTr - INFO - 02942699	23	0.184 	61.660 	213.434 	0.000 	camera	
2025-07-10 11:47:13,756 - PoinTr - INFO - 03636649	464	0.361 	50.844 	217.025 	0.000 	lamp	
2025-07-10 11:47:13,756 - PoinTr - INFO - 02691156	809	0.403 	61.693 	409.237 	0.000 	airplane	
2025-07-10 11:47:13,756 - PoinTr - INFO - 02773838	17	0.228 	58.249 	233.393 	0.000 	bag	
2025-07-10 11:47:13,756 - PoinTr - INFO - 02958343	703	0.189 	54.106 	237.721 	0.000 	car	
2025-07-10 11:47:13,756 - PoinTr - INFO - 02880940	38	0.192 	102.403 	706.762 	0.000 	bowl	
2025-07-10 11:47:13,756 - PoinTr - INFO - 04099429	17	0.568 	29.719 	124.062 	0.000 	rocket	
2025-07-10 11:47:13,756 - PoinTr - INFO - 02828884	363	0.303 	46.555 	197.037 	0.000 	bench	
2025-07-10 11:47:13,757 - PoinTr - INFO - 04090263	475	0.578 	38.131 	180.113 	0.000 	rifle	
2025-07-10 11:47:13,757 - PoinTr - INFO - 03211117	219	0.252 	49.702 	204.277 	0.000 	display	
2025-07-10 11:47:13,757 - PoinTr - INFO - 02876657	100	0.318 	49.165 	207.699 	0.000 	bottle	
2025-07-10 11:47:13,757 - PoinTr - INFO - 03710193	19	0.340 	46.626 	168.540 	0.000 	mailbox	
2025-07-10 11:47:13,757 - PoinTr - INFO - 03790512	68	0.192 	52.872 	236.567 	0.000 	motorbike	
2025-07-10 11:47:13,757 - PoinTr - INFO - 03325088	149	0.303 	58.077 	278.000 	0.000 	faucet	
2025-07-10 11:47:13,757 - PoinTr - INFO - 02801938	23	0.206 	60.936 	268.039 	0.000 	basket	
2025-07-10 11:47:13,757 - PoinTr - INFO - 03337140	60	0.220 	51.667 	200.305 	0.000 	file cabinet	
2025-07-10 11:47:13,757 - PoinTr - INFO - 02843684	15	0.196 	63.348 	246.345 	0.000 	birdhouse	
2025-07-10 11:47:13,757 - PoinTr - INFO - 03624134	85	0.670 	32.304 	141.972 	0.000 	knife	
2025-07-10 11:47:13,757 - PoinTr - INFO - 03991062	121	0.181 	66.560 	305.668 	0.000 	flowerpot	
2025-07-10 11:47:13,757 - PoinTr - INFO - 03948459	62	0.384 	38.376 	146.755 	0.000 	pistol	
2025-07-10 11:47:13,757 - PoinTr - INFO - 03928116	48	0.214 	66.571 	280.806 	0.000 	piano	
2025-07-10 11:47:13,757 - PoinTr - INFO - 03207941	19	0.228 	59.889 	257.689 	0.000 	dishwasher	
2025-07-10 11:47:13,757 - PoinTr - INFO - 04074963	14	0.288 	70.862 	387.639 	0.000 	remote	
2025-07-10 11:47:13,757 - PoinTr - INFO - 03085013	13	0.394 	53.551 	325.538 	0.000 	keyboard	
2025-07-10 11:47:13,757 - PoinTr - INFO - Overall		0.283 	55.243 	249.700 	0.000 	
2025-07-10 11:47:14,259 - PoinTr - INFO - Save checkpoint at ./experiments/PoinTr/ShapeNet55_models/PoinTr_fog/ckpt-last.pth
2025-07-10 11:47:15,765 - PoinTr - INFO - [Epoch 156/200][Batch 1/655] BatchTime = 1.505 (s) DataTime = 0.113 (s) Losses = ['245.4693', '51.6735'] lr = 0.0000651
2025-07-10 11:49:15,322 - PoinTr - INFO - [Epoch 156/200][Batch 101/655] BatchTime = 1.350 (s) DataTime = 0.001 (s) Losses = ['299.6365', '53.2125'] lr = 0.0000651
2025-07-10 11:51:14,670 - PoinTr - INFO - [Epoch 156/200][Batch 201/655] BatchTime = 1.013 (s) DataTime = 0.001 (s) Losses = ['221.9519', '40.2260'] lr = 0.0000651
2025-07-10 11:53:08,679 - PoinTr - INFO - [Epoch 156/200][Batch 301/655] BatchTime = 0.943 (s) DataTime = 0.001 (s) Losses = ['286.0563', '51.7384'] lr = 0.0000651
2025-07-10 11:55:12,810 - PoinTr - INFO - [Epoch 156/200][Batch 401/655] BatchTime = 1.666 (s) DataTime = 0.002 (s) Losses = ['286.3758', '46.7031'] lr = 0.0000651
2025-07-10 11:57:14,989 - PoinTr - INFO - [Epoch 156/200][Batch 501/655] BatchTime = 1.716 (s) DataTime = 0.001 (s) Losses = ['284.4157', '54.0405'] lr = 0.0000651
2025-07-10 11:59:14,122 - PoinTr - INFO - [Epoch 156/200][Batch 601/655] BatchTime = 1.361 (s) DataTime = 0.001 (s) Losses = ['258.6573', '46.8723'] lr = 0.0000651
2025-07-10 12:00:17,366 - PoinTr - INFO - [Training] EPOCH: 156 EpochTime = 783.106 (s) Losses = ['271.2946', '49.4336']
2025-07-10 12:00:17,816 - PoinTr - INFO - Save checkpoint at ./experiments/PoinTr/ShapeNet55_models/PoinTr_fog/ckpt-last.pth
2025-07-10 12:00:19,001 - PoinTr - INFO - [Epoch 157/200][Batch 1/655] BatchTime = 1.183 (s) DataTime = 0.109 (s) Losses = ['280.0332', '48.3939'] lr = 0.0000643
2025-07-10 12:02:25,965 - PoinTr - INFO - [Epoch 157/200][Batch 101/655] BatchTime = 1.017 (s) DataTime = 0.002 (s) Losses = ['261.5349', '49.1754'] lr = 0.0000643
2025-07-10 12:04:29,203 - PoinTr - INFO - [Epoch 157/200][Batch 201/655] BatchTime = 1.115 (s) DataTime = 0.002 (s) Losses = ['265.9371', '49.4363'] lr = 0.0000643
2025-07-10 12:06:31,338 - PoinTr - INFO - [Epoch 157/200][Batch 301/655] BatchTime = 1.135 (s) DataTime = 0.001 (s) Losses = ['257.0107', '46.0044'] lr = 0.0000643
2025-07-10 12:08:33,146 - PoinTr - INFO - [Epoch 157/200][Batch 401/655] BatchTime = 1.677 (s) DataTime = 0.001 (s) Losses = ['299.0260', '51.7086'] lr = 0.0000643
2025-07-10 12:10:36,229 - PoinTr - INFO - [Epoch 157/200][Batch 501/655] BatchTime = 1.502 (s) DataTime = 0.002 (s) Losses = ['263.1765', '55.5740'] lr = 0.0000643
2025-07-10 12:12:39,865 - PoinTr - INFO - [Epoch 157/200][Batch 601/655] BatchTime = 1.346 (s) DataTime = 0.001 (s) Losses = ['277.0442', '49.4559'] lr = 0.0000643
2025-07-10 12:13:45,011 - PoinTr - INFO - [Training] EPOCH: 157 EpochTime = 807.193 (s) Losses = ['270.3529', '49.4459']
2025-07-10 12:13:45,502 - PoinTr - INFO - Save checkpoint at ./experiments/PoinTr/ShapeNet55_models/PoinTr_fog/ckpt-last.pth
2025-07-10 12:13:46,597 - PoinTr - INFO - [Epoch 158/200][Batch 1/655] BatchTime = 1.094 (s) DataTime = 0.117 (s) Losses = ['254.4688', '42.9317'] lr = 0.0000634
2025-07-10 12:15:49,334 - PoinTr - INFO - [Epoch 158/200][Batch 101/655] BatchTime = 1.123 (s) DataTime = 0.001 (s) Losses = ['274.3051', '50.7957'] lr = 0.0000634
2025-07-10 12:17:48,964 - PoinTr - INFO - [Epoch 158/200][Batch 201/655] BatchTime = 1.237 (s) DataTime = 0.001 (s) Losses = ['275.0964', '50.4785'] lr = 0.0000634
2025-07-10 12:19:52,863 - PoinTr - INFO - [Epoch 158/200][Batch 301/655] BatchTime = 1.393 (s) DataTime = 0.002 (s) Losses = ['261.9476', '48.3301'] lr = 0.0000634
2025-07-10 12:21:53,211 - PoinTr - INFO - [Epoch 158/200][Batch 401/655] BatchTime = 1.233 (s) DataTime = 0.001 (s) Losses = ['229.0433', '47.7385'] lr = 0.0000634
2025-07-10 12:23:50,467 - PoinTr - INFO - [Epoch 158/200][Batch 501/655] BatchTime = 1.155 (s) DataTime = 0.001 (s) Losses = ['285.5144', '54.9154'] lr = 0.0000634
2025-07-10 12:25:54,776 - PoinTr - INFO - [Epoch 158/200][Batch 601/655] BatchTime = 0.948 (s) DataTime = 0.002 (s) Losses = ['247.5319', '46.5187'] lr = 0.0000634
2025-07-10 12:27:02,172 - PoinTr - INFO - [Training] EPOCH: 158 EpochTime = 796.669 (s) Losses = ['269.5701', '49.0513']
2025-07-10 12:27:02,657 - PoinTr - INFO - Save checkpoint at ./experiments/PoinTr/ShapeNet55_models/PoinTr_fog/ckpt-last.pth
2025-07-10 12:27:03,828 - PoinTr - INFO - [Epoch 159/200][Batch 1/655] BatchTime = 1.171 (s) DataTime = 0.113 (s) Losses = ['273.0407', '46.1175'] lr = 0.0000626
2025-07-10 12:29:01,891 - PoinTr - INFO - [Epoch 159/200][Batch 101/655] BatchTime = 0.898 (s) DataTime = 0.001 (s) Losses = ['294.8048', '52.9950'] lr = 0.0000626
2025-07-10 12:31:07,134 - PoinTr - INFO - [Epoch 159/200][Batch 201/655] BatchTime = 0.984 (s) DataTime = 0.001 (s) Losses = ['259.6580', '46.1775'] lr = 0.0000626
2025-07-10 12:33:07,325 - PoinTr - INFO - [Epoch 159/200][Batch 301/655] BatchTime = 1.235 (s) DataTime = 0.001 (s) Losses = ['253.3158', '47.2177'] lr = 0.0000626
2025-07-10 12:35:07,636 - PoinTr - INFO - [Epoch 159/200][Batch 401/655] BatchTime = 0.906 (s) DataTime = 0.001 (s) Losses = ['259.5518', '49.2285'] lr = 0.0000626
2025-07-10 12:37:07,291 - PoinTr - INFO - [Epoch 159/200][Batch 501/655] BatchTime = 1.577 (s) DataTime = 0.001 (s) Losses = ['275.4602', '51.7839'] lr = 0.0000626
2025-07-10 12:39:07,848 - PoinTr - INFO - [Epoch 159/200][Batch 601/655] BatchTime = 0.917 (s) DataTime = 0.003 (s) Losses = ['264.3312', '45.5330'] lr = 0.0000626
2025-07-10 12:40:11,312 - PoinTr - INFO - [Training] EPOCH: 159 EpochTime = 788.654 (s) Losses = ['269.6171', '49.0797']
2025-07-10 12:40:11,795 - PoinTr - INFO - Save checkpoint at ./experiments/PoinTr/ShapeNet55_models/PoinTr_fog/ckpt-last.pth
2025-07-10 12:40:13,260 - PoinTr - INFO - [Epoch 160/200][Batch 1/655] BatchTime = 1.464 (s) DataTime = 0.114 (s) Losses = ['242.2719', '45.8552'] lr = 0.0000618
2025-07-10 12:42:16,044 - PoinTr - INFO - [Epoch 160/200][Batch 101/655] BatchTime = 1.507 (s) DataTime = 0.001 (s) Losses = ['260.9124', '43.6839'] lr = 0.0000618
2025-07-10 12:44:16,350 - PoinTr - INFO - [Epoch 160/200][Batch 201/655] BatchTime = 1.634 (s) DataTime = 0.001 (s) Losses = ['261.6229', '46.9756'] lr = 0.0000618
2025-07-10 12:46:15,437 - PoinTr - INFO - [Epoch 160/200][Batch 301/655] BatchTime = 1.226 (s) DataTime = 0.001 (s) Losses = ['263.1257', '45.8546'] lr = 0.0000618
2025-07-10 12:48:14,507 - PoinTr - INFO - [Epoch 160/200][Batch 401/655] BatchTime = 1.048 (s) DataTime = 0.002 (s) Losses = ['299.6573', '58.6637'] lr = 0.0000618
2025-07-10 12:50:16,814 - PoinTr - INFO - [Epoch 160/200][Batch 501/655] BatchTime = 1.338 (s) DataTime = 0.001 (s) Losses = ['278.4721', '50.1050'] lr = 0.0000618
2025-07-10 12:52:19,232 - PoinTr - INFO - [Epoch 160/200][Batch 601/655] BatchTime = 1.326 (s) DataTime = 0.001 (s) Losses = ['266.9213', '51.5135'] lr = 0.0000618
2025-07-10 12:53:27,781 - PoinTr - INFO - [Training] EPOCH: 160 EpochTime = 795.986 (s) Losses = ['270.2887', '49.4792']
2025-07-10 12:53:27,782 - PoinTr - INFO - [VALIDATION] Start validating epoch 160
2025-07-10 12:54:07,188 - PoinTr - INFO - Test[1051/10518] Taxonomy = 02691156 Sample = c7749c0a8b61f43bc9b9e28055202e3d Losses = ['363.8055', '1987.2259', '89.8192', '450.2252'] Metrics = ['0.2804', '89.8192', '450.2252', '0.0000']
2025-07-10 12:54:45,005 - PoinTr - INFO - Test[2102/10518] Taxonomy = 03211117 Sample = ab2f9418c111cc6ddb965514105122a4 Losses = ['528.3453', '3336.6501', '61.9595', '413.3105'] Metrics = ['0.4313', '61.9595', '413.3105', '0.0000']
2025-07-10 12:55:21,891 - PoinTr - INFO - Test[3153/10518] Taxonomy = 02876657 Sample = c5032e4be091aabb36fe7a88df793982 Losses = ['487.7802', '2586.5397', '75.7439', '333.8667'] Metrics = ['0.1907', '75.7439', '333.8667', '0.0000']
2025-07-10 12:56:00,542 - PoinTr - INFO - Test[4204/10518] Taxonomy = 03211117 Sample = 722df1da5778d45b1e43523279c7f09f Losses = ['379.1795', '1913.8402', '47.8350', '118.8371'] Metrics = ['0.2457', '47.8350', '118.8371', '0.0000']
2025-07-10 12:56:36,668 - PoinTr - INFO - Test[5255/10518] Taxonomy = 02828884 Sample = 14b63361a48a9fffe4a048c146e8bd43 Losses = ['356.3572', '1249.6579', '69.9107', '266.9581'] Metrics = ['0.2987', '69.9107', '266.9581', '0.0000']
2025-07-10 12:57:14,094 - PoinTr - INFO - Test[6306/10518] Taxonomy = 03211117 Sample = d330d50a0255529d19ed6e1a590c9122 Losses = ['266.2971', '975.5363', '35.1167', '85.1169'] Metrics = ['0.2752', '35.1167', '85.1169', '0.0000']
2025-07-10 12:57:50,131 - PoinTr - INFO - Test[7357/10518] Taxonomy = 04379243 Sample = b1ca280d9567270ade98d10ab5975b59 Losses = ['210.5692', '1749.2914', '26.1943', '52.0617'] Metrics = ['0.3348', '26.1943', '52.0617', '0.0000']
2025-07-10 12:58:28,044 - PoinTr - INFO - Test[8408/10518] Taxonomy = 03001627 Sample = 89208a619341d9fdb8c516ed5c4ce32 Losses = ['120.6362', '404.1311', '28.4318', '24.7451'] Metrics = ['0.2299', '28.4318', '24.7451', '0.0000']
2025-07-10 12:59:04,797 - PoinTr - INFO - Test[9459/10518] Taxonomy = 03001627 Sample = d0255120e3351121c3bd24f986301745 Losses = ['110.0679', '421.9292', '31.7882', '35.0132'] Metrics = ['0.1802', '31.7882', '35.0132', '0.0000']
2025-07-10 12:59:42,067 - PoinTr - INFO - Test[10510/10518] Taxonomy = 03636649 Sample = ea9ec4d9db2e06202471e6dd5ac3ef92 Losses = ['405.4860', '1489.5971', '66.8534', '241.6568'] Metrics = ['0.4541', '66.8534', '241.6568', '0.0000']
2025-07-10 12:59:42,301 - PoinTr - INFO - [Validation] EPOCH: 160  Metrics = ['0.2699', '56.0211', '246.6731', '0.0000']
2025-07-10 12:59:42,302 - PoinTr - INFO - ============================ TEST RESULTS ============================
2025-07-10 12:59:42,302 - PoinTr - INFO - Taxonomy	#Sample	F-Score	CDL1	CDL2	EMDistance	#ModelName	
2025-07-10 12:59:42,302 - PoinTr - INFO - 03759954	14	0.376 	57.314 	233.653 	0.000 	microphone	
2025-07-10 12:59:42,302 - PoinTr - INFO - 04330267	44	0.224 	49.278 	153.560 	0.000 	stove	
2025-07-10 12:59:42,302 - PoinTr - INFO - 03261776	15	0.227 	61.707 	281.908 	0.000 	earphone	
2025-07-10 12:59:42,302 - PoinTr - INFO - 03513137	33	0.183 	81.667 	387.617 	0.000 	helmet	
2025-07-10 12:59:42,302 - PoinTr - INFO - 04460130	27	0.276 	51.412 	203.294 	0.000 	tower	
2025-07-10 12:59:42,302 - PoinTr - INFO - 04468005	78	0.282 	50.926 	230.843 	0.000 	train	
2025-07-10 12:59:42,302 - PoinTr - INFO - 03761084	31	0.220 	60.582 	236.639 	0.000 	microwaves	
2025-07-10 12:59:42,302 - PoinTr - INFO - 04004475	34	0.220 	61.659 	242.924 	0.000 	printer	
2025-07-10 12:59:42,302 - PoinTr - INFO - 03938244	20	0.266 	55.265 	217.458 	0.000 	pillow	
2025-07-10 12:59:42,302 - PoinTr - INFO - 02992529	167	0.273 	55.449 	270.224 	0.000 	cellphone	
2025-07-10 12:59:42,302 - PoinTr - INFO - 02808440	172	0.225 	57.894 	231.562 	0.000 	bathtub	
2025-07-10 12:59:42,302 - PoinTr - INFO - 04530566	388	0.328 	47.688 	206.753 	0.000 	watercraft	
2025-07-10 12:59:42,302 - PoinTr - INFO - 02871439	91	0.189 	55.118 	191.274 	0.000 	bookshelf	
2025-07-10 12:59:42,302 - PoinTr - INFO - 03593526	120	0.221 	68.831 	344.962 	0.000 	jar	
2025-07-10 12:59:42,302 - PoinTr - INFO - 04554684	34	0.233 	43.781 	116.004 	0.000 	washer	
2025-07-10 12:59:42,302 - PoinTr - INFO - 03467517	160	0.487 	31.837 	109.790 	0.000 	guitar	
2025-07-10 12:59:42,302 - PoinTr - INFO - 04401088	218	0.283 	54.922 	267.836 	0.000 	telephone	
2025-07-10 12:59:42,302 - PoinTr - INFO - 02954340	12	0.260 	79.573 	545.313 	0.000 	cap	
2025-07-10 12:59:42,302 - PoinTr - INFO - 02933112	315	0.195 	51.736 	181.993 	0.000 	cabinet	
2025-07-10 12:59:42,302 - PoinTr - INFO - 03642806	92	0.300 	41.385 	153.213 	0.000 	laptop	
2025-07-10 12:59:42,302 - PoinTr - INFO - 02924116	188	0.290 	47.398 	203.385 	0.000 	bus	
2025-07-10 12:59:42,302 - PoinTr - INFO - 02946921	22	0.251 	54.604 	239.737 	0.000 	can	
2025-07-10 12:59:42,302 - PoinTr - INFO - 02818832	47	0.190 	59.984 	227.426 	0.000 	bed	
2025-07-10 12:59:42,302 - PoinTr - INFO - 04256520	635	0.212 	53.142 	200.267 	0.000 	sofa	
2025-07-10 12:59:42,302 - PoinTr - INFO - 04379243	1687	0.267 	51.433 	210.248 	0.000 	table	
2025-07-10 12:59:42,302 - PoinTr - INFO - 02747177	69	0.174 	71.539 	358.173 	0.000 	trash bin	
2025-07-10 12:59:42,302 - PoinTr - INFO - 03046257	131	0.222 	78.709 	475.464 	0.000 	clock	
2025-07-10 12:59:42,302 - PoinTr - INFO - 04225987	31	0.397 	44.318 	201.514 	0.000 	skateboard	
2025-07-10 12:59:42,302 - PoinTr - INFO - 03797390	43	0.172 	69.049 	307.445 	0.000 	mug	
2025-07-10 12:59:42,302 - PoinTr - INFO - 03001627	1356	0.234 	52.676 	202.528 	0.000 	chair	
2025-07-10 12:59:42,302 - PoinTr - INFO - 03691459	320	0.221 	59.317 	238.378 	0.000 	loudspeaker	
2025-07-10 12:59:42,302 - PoinTr - INFO - 02942699	23	0.181 	60.528 	217.137 	0.000 	camera	
2025-07-10 12:59:42,302 - PoinTr - INFO - 03636649	464	0.332 	53.314 	213.349 	0.000 	lamp	
2025-07-10 12:59:42,302 - PoinTr - INFO - 02691156	809	0.375 	61.145 	393.818 	0.000 	airplane	
2025-07-10 12:59:42,302 - PoinTr - INFO - 02773838	17	0.229 	62.578 	249.107 	0.000 	bag	
2025-07-10 12:59:42,302 - PoinTr - INFO - 02958343	703	0.182 	56.814 	257.878 	0.000 	car	
2025-07-10 12:59:42,302 - PoinTr - INFO - 02880940	38	0.223 	79.443 	529.659 	0.000 	bowl	
2025-07-10 12:59:42,302 - PoinTr - INFO - 04099429	17	0.508 	36.367 	138.689 	0.000 	rocket	
2025-07-10 12:59:42,302 - PoinTr - INFO - 02828884	363	0.281 	49.305 	207.785 	0.000 	bench	
2025-07-10 12:59:42,302 - PoinTr - INFO - 04090263	475	0.522 	40.315 	179.068 	0.000 	rifle	
2025-07-10 12:59:42,302 - PoinTr - INFO - 03211117	219	0.242 	51.728 	206.871 	0.000 	display	
2025-07-10 12:59:42,302 - PoinTr - INFO - 02876657	100	0.320 	51.561 	226.242 	0.000 	bottle	
2025-07-10 12:59:42,302 - PoinTr - INFO - 03710193	19	0.328 	43.120 	146.503 	0.000 	mailbox	
2025-07-10 12:59:42,302 - PoinTr - INFO - 03790512	68	0.183 	55.160 	241.684 	0.000 	motorbike	
2025-07-10 12:59:42,303 - PoinTr - INFO - 03325088	149	0.284 	59.328 	270.117 	0.000 	faucet	
2025-07-10 12:59:42,303 - PoinTr - INFO - 02801938	23	0.196 	79.527 	420.415 	0.000 	basket	
2025-07-10 12:59:42,303 - PoinTr - INFO - 03337140	60	0.201 	57.504 	223.970 	0.000 	file cabinet	
2025-07-10 12:59:42,303 - PoinTr - INFO - 02843684	15	0.191 	66.583 	266.990 	0.000 	birdhouse	
2025-07-10 12:59:42,303 - PoinTr - INFO - 03624134	85	0.537 	36.591 	150.924 	0.000 	knife	
2025-07-10 12:59:42,303 - PoinTr - INFO - 03991062	121	0.175 	68.574 	303.961 	0.000 	flowerpot	
2025-07-10 12:59:42,303 - PoinTr - INFO - 03948459	62	0.357 	39.839 	159.147 	0.000 	pistol	
2025-07-10 12:59:42,303 - PoinTr - INFO - 03928116	48	0.209 	51.884 	196.935 	0.000 	piano	
2025-07-10 12:59:42,303 - PoinTr - INFO - 03207941	19	0.258 	39.044 	90.172 	0.000 	dishwasher	
2025-07-10 12:59:42,303 - PoinTr - INFO - 04074963	14	0.279 	60.611 	280.965 	0.000 	remote	
2025-07-10 12:59:42,303 - PoinTr - INFO - 03085013	13	0.353 	60.102 	324.248 	0.000 	keyboard	
2025-07-10 12:59:42,303 - PoinTr - INFO - Overall		0.270 	56.021 	246.673 	0.000 	
2025-07-10 12:59:42,806 - PoinTr - INFO - Save checkpoint at ./experiments/PoinTr/ShapeNet55_models/PoinTr_fog/ckpt-last.pth
2025-07-10 12:59:44,268 - PoinTr - INFO - [Epoch 161/200][Batch 1/655] BatchTime = 1.461 (s) DataTime = 0.117 (s) Losses = ['270.6555', '47.4040'] lr = 0.0000610
2025-07-10 13:01:50,795 - PoinTr - INFO - [Epoch 161/200][Batch 101/655] BatchTime = 1.350 (s) DataTime = 0.001 (s) Losses = ['287.3029', '50.4274'] lr = 0.0000610
2025-07-10 13:03:47,065 - PoinTr - INFO - [Epoch 161/200][Batch 201/655] BatchTime = 0.955 (s) DataTime = 0.001 (s) Losses = ['275.2300', '57.1735'] lr = 0.0000610
2025-07-10 13:05:54,536 - PoinTr - INFO - [Epoch 161/200][Batch 301/655] BatchTime = 1.178 (s) DataTime = 0.001 (s) Losses = ['277.1224', '48.9679'] lr = 0.0000610
2025-07-10 13:07:54,669 - PoinTr - INFO - [Epoch 161/200][Batch 401/655] BatchTime = 1.259 (s) DataTime = 0.001 (s) Losses = ['268.4532', '47.2056'] lr = 0.0000610
2025-07-10 13:09:56,451 - PoinTr - INFO - [Epoch 161/200][Batch 501/655] BatchTime = 1.793 (s) DataTime = 0.001 (s) Losses = ['250.6635', '43.2713'] lr = 0.0000610
2025-07-10 13:11:54,890 - PoinTr - INFO - [Epoch 161/200][Batch 601/655] BatchTime = 0.944 (s) DataTime = 0.001 (s) Losses = ['261.0255', '50.8913'] lr = 0.0000610
2025-07-10 13:13:02,386 - PoinTr - INFO - [Training] EPOCH: 161 EpochTime = 799.579 (s) Losses = ['270.7335', '49.3207']
2025-07-10 13:13:03,151 - PoinTr - INFO - Save checkpoint at ./experiments/PoinTr/ShapeNet55_models/PoinTr_fog/ckpt-last.pth
2025-07-10 13:13:04,247 - PoinTr - INFO - [Epoch 162/200][Batch 1/655] BatchTime = 1.095 (s) DataTime = 0.115 (s) Losses = ['278.7024', '54.3167'] lr = 0.0000602
2025-07-10 13:15:06,936 - PoinTr - INFO - [Epoch 162/200][Batch 101/655] BatchTime = 1.642 (s) DataTime = 0.001 (s) Losses = ['272.8982', '50.5867'] lr = 0.0000602
2025-07-10 13:17:02,498 - PoinTr - INFO - [Epoch 162/200][Batch 201/655] BatchTime = 1.233 (s) DataTime = 0.001 (s) Losses = ['255.4585', '48.5757'] lr = 0.0000602
2025-07-10 13:19:01,481 - PoinTr - INFO - [Epoch 162/200][Batch 301/655] BatchTime = 1.204 (s) DataTime = 0.001 (s) Losses = ['278.7210', '56.8533'] lr = 0.0000602
2025-07-10 13:21:01,862 - PoinTr - INFO - [Epoch 162/200][Batch 401/655] BatchTime = 1.187 (s) DataTime = 0.001 (s) Losses = ['263.1536', '51.1694'] lr = 0.0000602
2025-07-10 13:23:08,886 - PoinTr - INFO - [Epoch 162/200][Batch 501/655] BatchTime = 1.510 (s) DataTime = 0.001 (s) Losses = ['248.6436', '48.0170'] lr = 0.0000602
2025-07-10 13:25:07,385 - PoinTr - INFO - [Epoch 162/200][Batch 601/655] BatchTime = 0.874 (s) DataTime = 0.001 (s) Losses = ['229.0367', '47.2574'] lr = 0.0000602
2025-07-10 13:26:13,159 - PoinTr - INFO - [Training] EPOCH: 162 EpochTime = 790.007 (s) Losses = ['269.6538', '49.1391']
2025-07-10 13:26:13,636 - PoinTr - INFO - Save checkpoint at ./experiments/PoinTr/ShapeNet55_models/PoinTr_fog/ckpt-last.pth
2025-07-10 13:26:14,860 - PoinTr - INFO - [Epoch 163/200][Batch 1/655] BatchTime = 1.222 (s) DataTime = 0.111 (s) Losses = ['238.9248', '42.3733'] lr = 0.0000594
2025-07-10 13:28:16,097 - PoinTr - INFO - [Epoch 163/200][Batch 101/655] BatchTime = 1.453 (s) DataTime = 0.001 (s) Losses = ['283.6461', '54.4287'] lr = 0.0000594
2025-07-10 13:30:20,402 - PoinTr - INFO - [Epoch 163/200][Batch 201/655] BatchTime = 1.304 (s) DataTime = 0.002 (s) Losses = ['277.7840', '52.3295'] lr = 0.0000594
2025-07-10 13:32:21,231 - PoinTr - INFO - [Epoch 163/200][Batch 301/655] BatchTime = 0.845 (s) DataTime = 0.002 (s) Losses = ['284.7624', '51.0459'] lr = 0.0000594
2025-07-10 13:34:19,033 - PoinTr - INFO - [Epoch 163/200][Batch 401/655] BatchTime = 1.468 (s) DataTime = 0.001 (s) Losses = ['258.5484', '48.2389'] lr = 0.0000594
2025-07-10 13:36:15,939 - PoinTr - INFO - [Epoch 163/200][Batch 501/655] BatchTime = 1.007 (s) DataTime = 0.002 (s) Losses = ['260.2622', '50.3705'] lr = 0.0000594
2025-07-10 13:38:16,173 - PoinTr - INFO - [Epoch 163/200][Batch 601/655] BatchTime = 1.111 (s) DataTime = 0.001 (s) Losses = ['263.6202', '45.0487'] lr = 0.0000594
2025-07-10 13:39:22,715 - PoinTr - INFO - [Training] EPOCH: 163 EpochTime = 789.077 (s) Losses = ['269.5924', '49.2247']
2025-07-10 13:39:23,207 - PoinTr - INFO - Save checkpoint at ./experiments/PoinTr/ShapeNet55_models/PoinTr_fog/ckpt-last.pth
2025-07-10 13:39:25,055 - PoinTr - INFO - [Epoch 164/200][Batch 1/655] BatchTime = 1.847 (s) DataTime = 0.111 (s) Losses = ['293.9692', '52.4026'] lr = 0.0000586
2025-07-10 13:41:30,916 - PoinTr - INFO - [Epoch 164/200][Batch 101/655] BatchTime = 1.036 (s) DataTime = 0.001 (s) Losses = ['252.1663', '51.1822'] lr = 0.0000586
2025-07-10 13:43:32,647 - PoinTr - INFO - [Epoch 164/200][Batch 201/655] BatchTime = 1.370 (s) DataTime = 0.002 (s) Losses = ['262.0729', '42.0274'] lr = 0.0000586
2025-07-10 13:45:31,185 - PoinTr - INFO - [Epoch 164/200][Batch 301/655] BatchTime = 1.482 (s) DataTime = 0.002 (s) Losses = ['309.6795', '58.3209'] lr = 0.0000586
2025-07-10 13:47:34,623 - PoinTr - INFO - [Epoch 164/200][Batch 401/655] BatchTime = 1.462 (s) DataTime = 0.001 (s) Losses = ['277.8074', '52.5586'] lr = 0.0000586
2025-07-10 13:49:33,707 - PoinTr - INFO - [Epoch 164/200][Batch 501/655] BatchTime = 1.197 (s) DataTime = 0.002 (s) Losses = ['261.8901', '48.0021'] lr = 0.0000586
2025-07-10 13:51:31,475 - PoinTr - INFO - [Epoch 164/200][Batch 601/655] BatchTime = 0.971 (s) DataTime = 0.001 (s) Losses = ['261.9231', '52.2516'] lr = 0.0000586
2025-07-10 13:52:35,889 - PoinTr - INFO - [Training] EPOCH: 164 EpochTime = 792.681 (s) Losses = ['270.4213', '49.2276']
2025-07-10 13:52:36,372 - PoinTr - INFO - Save checkpoint at ./experiments/PoinTr/ShapeNet55_models/PoinTr_fog/ckpt-last.pth
2025-07-10 13:52:37,744 - PoinTr - INFO - [Epoch 165/200][Batch 1/655] BatchTime = 1.371 (s) DataTime = 0.115 (s) Losses = ['288.0233', '52.8537'] lr = 0.0000579
2025-07-10 13:54:39,330 - PoinTr - INFO - [Epoch 165/200][Batch 101/655] BatchTime = 1.330 (s) DataTime = 0.001 (s) Losses = ['279.2991', '46.8340'] lr = 0.0000579
2025-07-10 13:56:37,594 - PoinTr - INFO - [Epoch 165/200][Batch 201/655] BatchTime = 0.972 (s) DataTime = 0.001 (s) Losses = ['287.1616', '52.2484'] lr = 0.0000579
2025-07-10 13:58:37,042 - PoinTr - INFO - [Epoch 165/200][Batch 301/655] BatchTime = 1.727 (s) DataTime = 0.001 (s) Losses = ['251.5597', '47.3863'] lr = 0.0000579
2025-07-10 14:00:40,899 - PoinTr - INFO - [Epoch 165/200][Batch 401/655] BatchTime = 0.896 (s) DataTime = 0.001 (s) Losses = ['256.8488', '46.6520'] lr = 0.0000579
2025-07-10 14:02:44,961 - PoinTr - INFO - [Epoch 165/200][Batch 501/655] BatchTime = 1.056 (s) DataTime = 0.001 (s) Losses = ['283.5026', '52.5515'] lr = 0.0000579
2025-07-10 14:04:47,994 - PoinTr - INFO - [Epoch 165/200][Batch 601/655] BatchTime = 0.995 (s) DataTime = 0.001 (s) Losses = ['263.3058', '50.4877'] lr = 0.0000579
2025-07-10 14:05:49,433 - PoinTr - INFO - [Training] EPOCH: 165 EpochTime = 793.060 (s) Losses = ['270.4040', '49.1536']
2025-07-10 14:05:49,434 - PoinTr - INFO - [VALIDATION] Start validating epoch 165
2025-07-10 14:06:28,803 - PoinTr - INFO - Test[1051/10518] Taxonomy = 02691156 Sample = c7749c0a8b61f43bc9b9e28055202e3d Losses = ['199.1868', '1129.9345', '38.0578', '154.9512'] Metrics = ['0.3265', '38.0578', '154.9512', '0.0000']
2025-07-10 14:07:07,613 - PoinTr - INFO - Test[2102/10518] Taxonomy = 03211117 Sample = ab2f9418c111cc6ddb965514105122a4 Losses = ['79.2337', '263.6160', '25.5817', '42.7564'] Metrics = ['0.2163', '25.5817', '42.7564', '0.0000']
2025-07-10 14:07:44,331 - PoinTr - INFO - Test[3153/10518] Taxonomy = 02876657 Sample = c5032e4be091aabb36fe7a88df793982 Losses = ['269.6611', '1397.6173', '43.3533', '106.9056'] Metrics = ['0.2147', '43.3533', '106.9056', '0.0000']
2025-07-10 14:08:23,375 - PoinTr - INFO - Test[4204/10518] Taxonomy = 03211117 Sample = 722df1da5778d45b1e43523279c7f09f Losses = ['300.2528', '1680.1974', '36.2269', '87.7466'] Metrics = ['0.2932', '36.2269', '87.7466', '0.0000']
2025-07-10 14:09:01,391 - PoinTr - INFO - Test[5255/10518] Taxonomy = 02828884 Sample = 14b63361a48a9fffe4a048c146e8bd43 Losses = ['532.7149', '3401.5021', '43.9064', '198.5711'] Metrics = ['0.3580', '43.9064', '198.5711', '0.0000']
2025-07-10 14:09:39,783 - PoinTr - INFO - Test[6306/10518] Taxonomy = 03211117 Sample = d330d50a0255529d19ed6e1a590c9122 Losses = ['160.3880', '922.4529', '24.9693', '70.8390'] Metrics = ['0.2898', '24.9693', '70.8390', '0.0000']
2025-07-10 14:10:16,303 - PoinTr - INFO - Test[7357/10518] Taxonomy = 04379243 Sample = b1ca280d9567270ade98d10ab5975b59 Losses = ['489.4257', '2846.0364', '67.8441', '372.5131'] Metrics = ['0.2919', '67.8441', '372.5131', '0.0000']
2025-07-10 14:10:53,006 - PoinTr - INFO - Test[8408/10518] Taxonomy = 03001627 Sample = 89208a619341d9fdb8c516ed5c4ce32 Losses = ['100.3411', '306.8612', '23.2175', '21.7954'] Metrics = ['0.2209', '23.2175', '21.7954', '0.0000']
2025-07-10 14:11:30,192 - PoinTr - INFO - Test[9459/10518] Taxonomy = 03001627 Sample = d0255120e3351121c3bd24f986301745 Losses = ['368.7692', '1711.0096', '62.1259', '188.2814'] Metrics = ['0.1561', '62.1259', '188.2814', '0.0000']
2025-07-10 14:12:07,989 - PoinTr - INFO - Test[10510/10518] Taxonomy = 03636649 Sample = ea9ec4d9db2e06202471e6dd5ac3ef92 Losses = ['363.3083', '1521.8287', '31.7036', '84.3850'] Metrics = ['0.5120', '31.7036', '84.3850', '0.0000']
2025-07-10 14:12:08,400 - PoinTr - INFO - [Validation] EPOCH: 165  Metrics = ['0.2786', '55.3373', '245.7108', '0.0000']
2025-07-10 14:12:08,401 - PoinTr - INFO - ============================ TEST RESULTS ============================
2025-07-10 14:12:08,401 - PoinTr - INFO - Taxonomy	#Sample	F-Score	CDL1	CDL2	EMDistance	#ModelName	
2025-07-10 14:12:08,401 - PoinTr - INFO - 03759954	14	0.395 	31.542 	82.888 	0.000 	microphone	
2025-07-10 14:12:08,401 - PoinTr - INFO - 04330267	44	0.221 	63.414 	257.931 	0.000 	stove	
2025-07-10 14:12:08,401 - PoinTr - INFO - 03261776	15	0.239 	62.147 	292.689 	0.000 	earphone	
2025-07-10 14:12:08,401 - PoinTr - INFO - 03513137	33	0.180 	84.963 	493.172 	0.000 	helmet	
2025-07-10 14:12:08,401 - PoinTr - INFO - 04460130	27	0.294 	60.459 	297.370 	0.000 	tower	
2025-07-10 14:12:08,401 - PoinTr - INFO - 04468005	78	0.258 	51.914 	222.241 	0.000 	train	
2025-07-10 14:12:08,401 - PoinTr - INFO - 03761084	31	0.218 	62.238 	243.182 	0.000 	microwaves	
2025-07-10 14:12:08,401 - PoinTr - INFO - 04004475	34	0.217 	49.185 	144.143 	0.000 	printer	
2025-07-10 14:12:08,401 - PoinTr - INFO - 03938244	20	0.262 	61.811 	287.260 	0.000 	pillow	
2025-07-10 14:12:08,401 - PoinTr - INFO - 02992529	167	0.328 	48.201 	227.147 	0.000 	cellphone	
2025-07-10 14:12:08,401 - PoinTr - INFO - 02808440	172	0.224 	59.137 	250.537 	0.000 	bathtub	
2025-07-10 14:12:08,401 - PoinTr - INFO - 04530566	388	0.304 	49.661 	210.893 	0.000 	watercraft	
2025-07-10 14:12:08,401 - PoinTr - INFO - 02871439	91	0.198 	59.691 	245.179 	0.000 	bookshelf	
2025-07-10 14:12:08,401 - PoinTr - INFO - 03593526	120	0.226 	61.548 	273.440 	0.000 	jar	
2025-07-10 14:12:08,401 - PoinTr - INFO - 04554684	34	0.229 	51.388 	161.539 	0.000 	washer	
2025-07-10 14:12:08,401 - PoinTr - INFO - 03467517	160	0.549 	30.231 	106.810 	0.000 	guitar	
2025-07-10 14:12:08,401 - PoinTr - INFO - 04401088	218	0.317 	51.928 	252.789 	0.000 	telephone	
2025-07-10 14:12:08,401 - PoinTr - INFO - 02954340	12	0.249 	62.863 	280.283 	0.000 	cap	
2025-07-10 14:12:08,401 - PoinTr - INFO - 02933112	315	0.217 	48.928 	173.639 	0.000 	cabinet	
2025-07-10 14:12:08,401 - PoinTr - INFO - 03642806	92	0.311 	41.661 	168.126 	0.000 	laptop	
2025-07-10 14:12:08,401 - PoinTr - INFO - 02924116	188	0.266 	50.412 	212.782 	0.000 	bus	
2025-07-10 14:12:08,401 - PoinTr - INFO - 02946921	22	0.265 	51.908 	218.173 	0.000 	can	
2025-07-10 14:12:08,401 - PoinTr - INFO - 02818832	47	0.197 	53.705 	180.470 	0.000 	bed	
2025-07-10 14:12:08,401 - PoinTr - INFO - 04256520	635	0.209 	52.250 	197.812 	0.000 	sofa	
2025-07-10 14:12:08,401 - PoinTr - INFO - 04379243	1687	0.302 	49.643 	211.342 	0.000 	table	
2025-07-10 14:12:08,401 - PoinTr - INFO - 02747177	69	0.175 	68.187 	310.847 	0.000 	trash bin	
2025-07-10 14:12:08,401 - PoinTr - INFO - 03046257	131	0.253 	65.692 	368.993 	0.000 	clock	
2025-07-10 14:12:08,401 - PoinTr - INFO - 04225987	31	0.408 	53.602 	286.980 	0.000 	skateboard	
2025-07-10 14:12:08,401 - PoinTr - INFO - 03797390	43	0.172 	68.948 	314.776 	0.000 	mug	
2025-07-10 14:12:08,401 - PoinTr - INFO - 03001627	1356	0.251 	49.699 	186.816 	0.000 	chair	
2025-07-10 14:12:08,401 - PoinTr - INFO - 03691459	320	0.221 	56.957 	216.347 	0.000 	loudspeaker	
2025-07-10 14:12:08,401 - PoinTr - INFO - 02942699	23	0.185 	62.259 	232.663 	0.000 	camera	
2025-07-10 14:12:08,401 - PoinTr - INFO - 03636649	464	0.347 	50.363 	201.811 	0.000 	lamp	
2025-07-10 14:12:08,401 - PoinTr - INFO - 02691156	809	0.379 	63.315 	416.212 	0.000 	airplane	
2025-07-10 14:12:08,401 - PoinTr - INFO - 02773838	17	0.256 	59.649 	270.229 	0.000 	bag	
2025-07-10 14:12:08,401 - PoinTr - INFO - 02958343	703	0.178 	57.144 	252.881 	0.000 	car	
2025-07-10 14:12:08,401 - PoinTr - INFO - 02880940	38	0.193 	89.019 	611.491 	0.000 	bowl	
2025-07-10 14:12:08,401 - PoinTr - INFO - 04099429	17	0.457 	42.181 	181.716 	0.000 	rocket	
2025-07-10 14:12:08,401 - PoinTr - INFO - 02828884	363	0.306 	50.564 	226.934 	0.000 	bench	
2025-07-10 14:12:08,401 - PoinTr - INFO - 04090263	475	0.523 	41.189 	191.045 	0.000 	rifle	
2025-07-10 14:12:08,401 - PoinTr - INFO - 03211117	219	0.262 	50.176 	212.477 	0.000 	display	
2025-07-10 14:12:08,401 - PoinTr - INFO - 02876657	100	0.322 	48.504 	198.964 	0.000 	bottle	
2025-07-10 14:12:08,401 - PoinTr - INFO - 03710193	19	0.359 	43.098 	157.750 	0.000 	mailbox	
2025-07-10 14:12:08,401 - PoinTr - INFO - 03790512	68	0.185 	56.496 	256.151 	0.000 	motorbike	
2025-07-10 14:12:08,402 - PoinTr - INFO - 03325088	149	0.303 	54.606 	253.062 	0.000 	faucet	
2025-07-10 14:12:08,402 - PoinTr - INFO - 02801938	23	0.204 	62.250 	252.621 	0.000 	basket	
2025-07-10 14:12:08,402 - PoinTr - INFO - 03337140	60	0.224 	53.109 	190.357 	0.000 	file cabinet	
2025-07-10 14:12:08,402 - PoinTr - INFO - 02843684	15	0.193 	69.750 	291.154 	0.000 	birdhouse	
2025-07-10 14:12:08,402 - PoinTr - INFO - 03624134	85	0.597 	33.087 	136.481 	0.000 	knife	
2025-07-10 14:12:08,402 - PoinTr - INFO - 03991062	121	0.177 	70.797 	333.326 	0.000 	flowerpot	
2025-07-10 14:12:08,402 - PoinTr - INFO - 03948459	62	0.343 	46.713 	209.201 	0.000 	pistol	
2025-07-10 14:12:08,402 - PoinTr - INFO - 03928116	48	0.214 	57.069 	223.783 	0.000 	piano	
2025-07-10 14:12:08,402 - PoinTr - INFO - 03207941	19	0.244 	47.310 	167.704 	0.000 	dishwasher	
2025-07-10 14:12:08,402 - PoinTr - INFO - 04074963	14	0.319 	82.435 	506.078 	0.000 	remote	
2025-07-10 14:12:08,402 - PoinTr - INFO - 03085013	13	0.396 	38.557 	163.410 	0.000 	keyboard	
2025-07-10 14:12:08,402 - PoinTr - INFO - Overall		0.279 	55.337 	245.711 	0.000 	
2025-07-10 14:12:08,903 - PoinTr - INFO - Save checkpoint at ./experiments/PoinTr/ShapeNet55_models/PoinTr_fog/ckpt-last.pth
2025-07-10 14:12:09,917 - PoinTr - INFO - [Epoch 166/200][Batch 1/655] BatchTime = 1.013 (s) DataTime = 0.117 (s) Losses = ['291.9743', '52.2101'] lr = 0.0000571
2025-07-10 14:14:08,604 - PoinTr - INFO - [Epoch 166/200][Batch 101/655] BatchTime = 1.177 (s) DataTime = 0.001 (s) Losses = ['249.6962', '43.3334'] lr = 0.0000571
2025-07-10 14:16:10,408 - PoinTr - INFO - [Epoch 166/200][Batch 201/655] BatchTime = 1.582 (s) DataTime = 0.001 (s) Losses = ['289.1203', '49.0671'] lr = 0.0000571
2025-07-10 14:18:09,016 - PoinTr - INFO - [Epoch 166/200][Batch 301/655] BatchTime = 1.782 (s) DataTime = 0.001 (s) Losses = ['240.4115', '38.8091'] lr = 0.0000571
2025-07-10 14:20:06,295 - PoinTr - INFO - [Epoch 166/200][Batch 401/655] BatchTime = 1.774 (s) DataTime = 0.001 (s) Losses = ['276.2797', '45.6334'] lr = 0.0000571
2025-07-10 14:22:06,651 - PoinTr - INFO - [Epoch 166/200][Batch 501/655] BatchTime = 1.030 (s) DataTime = 0.001 (s) Losses = ['246.2227', '47.8256'] lr = 0.0000571
2025-07-10 14:24:06,213 - PoinTr - INFO - [Epoch 166/200][Batch 601/655] BatchTime = 1.324 (s) DataTime = 0.001 (s) Losses = ['289.4255', '48.5521'] lr = 0.0000571
2025-07-10 14:25:07,122 - PoinTr - INFO - [Training] EPOCH: 166 EpochTime = 778.218 (s) Losses = ['271.5934', '49.5085']
2025-07-10 14:25:07,605 - PoinTr - INFO - Save checkpoint at ./experiments/PoinTr/ShapeNet55_models/PoinTr_fog/ckpt-last.pth
2025-07-10 14:25:09,199 - PoinTr - INFO - [Epoch 167/200][Batch 1/655] BatchTime = 1.593 (s) DataTime = 0.112 (s) Losses = ['252.4163', '41.2119'] lr = 0.0000564
2025-07-10 14:27:10,816 - PoinTr - INFO - [Epoch 167/200][Batch 101/655] BatchTime = 0.952 (s) DataTime = 0.001 (s) Losses = ['248.8633', '47.6967'] lr = 0.0000564
2025-07-10 14:29:10,122 - PoinTr - INFO - [Epoch 167/200][Batch 201/655] BatchTime = 0.893 (s) DataTime = 0.001 (s) Losses = ['266.2267', '47.7610'] lr = 0.0000564
2025-07-10 14:31:12,026 - PoinTr - INFO - [Epoch 167/200][Batch 301/655] BatchTime = 1.205 (s) DataTime = 0.001 (s) Losses = ['298.2697', '59.3776'] lr = 0.0000564
2025-07-10 14:33:09,853 - PoinTr - INFO - [Epoch 167/200][Batch 401/655] BatchTime = 1.030 (s) DataTime = 0.001 (s) Losses = ['313.6525', '56.1749'] lr = 0.0000564
2025-07-10 14:35:15,495 - PoinTr - INFO - [Epoch 167/200][Batch 501/655] BatchTime = 1.160 (s) DataTime = 0.001 (s) Losses = ['252.2216', '47.0598'] lr = 0.0000564
2025-07-10 14:37:14,237 - PoinTr - INFO - [Epoch 167/200][Batch 601/655] BatchTime = 1.252 (s) DataTime = 0.001 (s) Losses = ['269.4117', '42.7811'] lr = 0.0000564
2025-07-10 14:38:20,939 - PoinTr - INFO - [Training] EPOCH: 167 EpochTime = 793.333 (s) Losses = ['269.8555', '48.9580']
2025-07-10 14:38:21,426 - PoinTr - INFO - Save checkpoint at ./experiments/PoinTr/ShapeNet55_models/PoinTr_fog/ckpt-last.pth
2025-07-10 14:38:22,872 - PoinTr - INFO - [Epoch 168/200][Batch 1/655] BatchTime = 1.444 (s) DataTime = 0.111 (s) Losses = ['241.1049', '47.7456'] lr = 0.0000557
2025-07-10 14:40:19,669 - PoinTr - INFO - [Epoch 168/200][Batch 101/655] BatchTime = 1.224 (s) DataTime = 0.002 (s) Losses = ['253.8514', '50.2491'] lr = 0.0000557
2025-07-10 14:42:19,657 - PoinTr - INFO - [Epoch 168/200][Batch 201/655] BatchTime = 0.804 (s) DataTime = 0.001 (s) Losses = ['284.0678', '50.5224'] lr = 0.0000557
2025-07-10 14:44:14,490 - PoinTr - INFO - [Epoch 168/200][Batch 301/655] BatchTime = 0.924 (s) DataTime = 0.002 (s) Losses = ['269.1663', '45.2748'] lr = 0.0000557
2025-07-10 14:46:11,469 - PoinTr - INFO - [Epoch 168/200][Batch 401/655] BatchTime = 1.140 (s) DataTime = 0.001 (s) Losses = ['260.1954', '49.0150'] lr = 0.0000557
2025-07-10 14:48:15,772 - PoinTr - INFO - [Epoch 168/200][Batch 501/655] BatchTime = 1.264 (s) DataTime = 0.002 (s) Losses = ['269.6757', '50.9588'] lr = 0.0000557
2025-07-10 14:50:20,223 - PoinTr - INFO - [Epoch 168/200][Batch 601/655] BatchTime = 1.143 (s) DataTime = 0.002 (s) Losses = ['237.3822', '42.3743'] lr = 0.0000557
2025-07-10 14:51:24,036 - PoinTr - INFO - [Training] EPOCH: 168 EpochTime = 782.609 (s) Losses = ['270.1493', '49.2993']
2025-07-10 14:51:24,522 - PoinTr - INFO - Save checkpoint at ./experiments/PoinTr/ShapeNet55_models/PoinTr_fog/ckpt-last.pth
2025-07-10 14:51:25,880 - PoinTr - INFO - [Epoch 169/200][Batch 1/655] BatchTime = 1.356 (s) DataTime = 0.112 (s) Losses = ['237.8821', '40.3489'] lr = 0.0000549
2025-07-10 14:53:31,254 - PoinTr - INFO - [Epoch 169/200][Batch 101/655] BatchTime = 0.882 (s) DataTime = 0.002 (s) Losses = ['224.9268', '44.6999'] lr = 0.0000549
2025-07-10 14:55:26,928 - PoinTr - INFO - [Epoch 169/200][Batch 201/655] BatchTime = 0.950 (s) DataTime = 0.001 (s) Losses = ['261.1715', '54.6793'] lr = 0.0000549
2025-07-10 14:57:27,058 - PoinTr - INFO - [Epoch 169/200][Batch 301/655] BatchTime = 0.976 (s) DataTime = 0.001 (s) Losses = ['235.6904', '47.8756'] lr = 0.0000549
2025-07-10 14:59:29,360 - PoinTr - INFO - [Epoch 169/200][Batch 401/655] BatchTime = 1.217 (s) DataTime = 0.001 (s) Losses = ['298.4062', '52.6811'] lr = 0.0000549
2025-07-10 15:01:26,947 - PoinTr - INFO - [Epoch 169/200][Batch 501/655] BatchTime = 1.304 (s) DataTime = 0.001 (s) Losses = ['270.9355', '48.0612'] lr = 0.0000549
2025-07-10 15:03:28,859 - PoinTr - INFO - [Epoch 169/200][Batch 601/655] BatchTime = 0.995 (s) DataTime = 0.001 (s) Losses = ['253.5938', '48.5262'] lr = 0.0000549
2025-07-10 15:04:34,519 - PoinTr - INFO - [Training] EPOCH: 169 EpochTime = 789.996 (s) Losses = ['269.6758', '49.2965']
2025-07-10 15:04:35,003 - PoinTr - INFO - Save checkpoint at ./experiments/PoinTr/ShapeNet55_models/PoinTr_fog/ckpt-last.pth
2025-07-10 15:04:36,432 - PoinTr - INFO - [Epoch 170/200][Batch 1/655] BatchTime = 1.428 (s) DataTime = 0.114 (s) Losses = ['297.6650', '53.5894'] lr = 0.0000542
2025-07-10 15:06:37,667 - PoinTr - INFO - [Epoch 170/200][Batch 101/655] BatchTime = 1.263 (s) DataTime = 0.001 (s) Losses = ['239.3238', '41.2507'] lr = 0.0000542
2025-07-10 15:08:38,876 - PoinTr - INFO - [Epoch 170/200][Batch 201/655] BatchTime = 1.396 (s) DataTime = 0.002 (s) Losses = ['268.4649', '45.0562'] lr = 0.0000542
2025-07-10 15:10:35,994 - PoinTr - INFO - [Epoch 170/200][Batch 301/655] BatchTime = 1.036 (s) DataTime = 0.001 (s) Losses = ['244.6449', '41.7838'] lr = 0.0000542
2025-07-10 15:12:36,345 - PoinTr - INFO - [Epoch 170/200][Batch 401/655] BatchTime = 0.973 (s) DataTime = 0.002 (s) Losses = ['269.5101', '50.5567'] lr = 0.0000542
2025-07-10 15:14:32,814 - PoinTr - INFO - [Epoch 170/200][Batch 501/655] BatchTime = 1.212 (s) DataTime = 0.002 (s) Losses = ['255.4855', '43.3089'] lr = 0.0000542
2025-07-10 15:16:33,497 - PoinTr - INFO - [Epoch 170/200][Batch 601/655] BatchTime = 1.066 (s) DataTime = 0.001 (s) Losses = ['255.6200', '43.0175'] lr = 0.0000542
2025-07-10 15:17:39,083 - PoinTr - INFO - [Training] EPOCH: 170 EpochTime = 784.079 (s) Losses = ['269.8053', '49.0485']
2025-07-10 15:17:39,083 - PoinTr - INFO - [VALIDATION] Start validating epoch 170
2025-07-10 15:18:18,944 - PoinTr - INFO - Test[1051/10518] Taxonomy = 02691156 Sample = c7749c0a8b61f43bc9b9e28055202e3d Losses = ['353.0042', '1732.7888', '50.5370', '189.0996'] Metrics = ['0.3234', '50.5370', '189.0996', '0.0000']
2025-07-10 15:18:56,167 - PoinTr - INFO - Test[2102/10518] Taxonomy = 03211117 Sample = ab2f9418c111cc6ddb965514105122a4 Losses = ['442.4211', '2267.3116', '143.7415', '966.6849'] Metrics = ['0.2402', '143.7415', '966.6849', '0.0000']
2025-07-10 15:19:33,299 - PoinTr - INFO - Test[3153/10518] Taxonomy = 02876657 Sample = c5032e4be091aabb36fe7a88df793982 Losses = ['436.0217', '2093.6356', '45.2451', '128.1125'] Metrics = ['0.3235', '45.2451', '128.1125', '0.0000']
2025-07-10 15:20:10,859 - PoinTr - INFO - Test[4204/10518] Taxonomy = 03211117 Sample = 722df1da5778d45b1e43523279c7f09f Losses = ['476.2866', '2247.3633', '122.5626', '663.7825'] Metrics = ['0.2116', '122.5626', '663.7825', '0.0000']
2025-07-10 15:20:50,145 - PoinTr - INFO - Test[5255/10518] Taxonomy = 02828884 Sample = 14b63361a48a9fffe4a048c146e8bd43 Losses = ['83.3147', '430.5539', '18.1566', '15.0928'] Metrics = ['0.4164', '18.1566', '15.0928', '0.0000']
2025-07-10 15:21:27,721 - PoinTr - INFO - Test[6306/10518] Taxonomy = 03211117 Sample = d330d50a0255529d19ed6e1a590c9122 Losses = ['86.5881', '442.5224', '35.8047', '133.3869'] Metrics = ['0.2135', '35.8047', '133.3869', '0.0000']
2025-07-10 15:22:03,930 - PoinTr - INFO - Test[7357/10518] Taxonomy = 04379243 Sample = b1ca280d9567270ade98d10ab5975b59 Losses = ['115.7294', '714.2860', '49.2909', '277.7636'] Metrics = ['0.1053', '49.2909', '277.7636', '0.0000']
2025-07-10 15:22:42,126 - PoinTr - INFO - Test[8408/10518] Taxonomy = 03001627 Sample = 89208a619341d9fdb8c516ed5c4ce32 Losses = ['230.2784', '1457.5005', '36.9787', '132.3511'] Metrics = ['0.2085', '36.9787', '132.3512', '0.0000']
2025-07-10 15:23:17,791 - PoinTr - INFO - Test[9459/10518] Taxonomy = 03001627 Sample = d0255120e3351121c3bd24f986301745 Losses = ['348.8896', '1362.4660', '55.4017', '151.3684'] Metrics = ['0.1903', '55.4017', '151.3684', '0.0000']
2025-07-10 15:23:54,219 - PoinTr - INFO - Test[10510/10518] Taxonomy = 03636649 Sample = ea9ec4d9db2e06202471e6dd5ac3ef92 Losses = ['338.7869', '1146.9206', '45.7763', '130.0632'] Metrics = ['0.4684', '45.7763', '130.0632', '0.0000']
2025-07-10 15:23:54,647 - PoinTr - INFO - [Validation] EPOCH: 170  Metrics = ['0.2892', '53.8292', '237.5762', '0.0000']
2025-07-10 15:23:54,648 - PoinTr - INFO - ============================ TEST RESULTS ============================
2025-07-10 15:23:54,648 - PoinTr - INFO - Taxonomy	#Sample	F-Score	CDL1	CDL2	EMDistance	#ModelName	
2025-07-10 15:23:54,648 - PoinTr - INFO - 03759954	14	0.396 	45.999 	164.091 	0.000 	microphone	
2025-07-10 15:23:54,648 - PoinTr - INFO - 04330267	44	0.233 	43.582 	121.960 	0.000 	stove	
2025-07-10 15:23:54,648 - PoinTr - INFO - 03261776	15	0.249 	63.009 	342.290 	0.000 	earphone	
2025-07-10 15:23:54,648 - PoinTr - INFO - 03513137	33	0.197 	77.272 	379.848 	0.000 	helmet	
2025-07-10 15:23:54,648 - PoinTr - INFO - 04460130	27	0.318 	46.028 	168.767 	0.000 	tower	
2025-07-10 15:23:54,648 - PoinTr - INFO - 04468005	78	0.278 	47.160 	209.783 	0.000 	train	
2025-07-10 15:23:54,648 - PoinTr - INFO - 03761084	31	0.225 	51.964 	180.189 	0.000 	microwaves	
2025-07-10 15:23:54,648 - PoinTr - INFO - 04004475	34	0.207 	61.246 	231.999 	0.000 	printer	
2025-07-10 15:23:54,648 - PoinTr - INFO - 03938244	20	0.269 	47.982 	177.858 	0.000 	pillow	
2025-07-10 15:23:54,648 - PoinTr - INFO - 02992529	167	0.355 	45.624 	211.096 	0.000 	cellphone	
2025-07-10 15:23:54,648 - PoinTr - INFO - 02808440	172	0.221 	64.868 	304.920 	0.000 	bathtub	
2025-07-10 15:23:54,648 - PoinTr - INFO - 04530566	388	0.335 	45.215 	192.109 	0.000 	watercraft	
2025-07-10 15:23:54,648 - PoinTr - INFO - 02871439	91	0.195 	56.900 	221.317 	0.000 	bookshelf	
2025-07-10 15:23:54,648 - PoinTr - INFO - 03593526	120	0.229 	63.888 	312.812 	0.000 	jar	
2025-07-10 15:23:54,648 - PoinTr - INFO - 04554684	34	0.227 	53.545 	181.849 	0.000 	washer	
2025-07-10 15:23:54,648 - PoinTr - INFO - 03467517	160	0.655 	31.539 	129.203 	0.000 	guitar	
2025-07-10 15:23:54,648 - PoinTr - INFO - 04401088	218	0.358 	50.366 	251.126 	0.000 	telephone	
2025-07-10 15:23:54,648 - PoinTr - INFO - 02954340	12	0.248 	55.820 	273.924 	0.000 	cap	
2025-07-10 15:23:54,648 - PoinTr - INFO - 02933112	315	0.211 	50.230 	181.396 	0.000 	cabinet	
2025-07-10 15:23:54,648 - PoinTr - INFO - 03642806	92	0.318 	44.192 	193.310 	0.000 	laptop	
2025-07-10 15:23:54,648 - PoinTr - INFO - 02924116	188	0.279 	49.808 	215.260 	0.000 	bus	
2025-07-10 15:23:54,648 - PoinTr - INFO - 02946921	22	0.253 	51.002 	209.371 	0.000 	can	
2025-07-10 15:23:54,648 - PoinTr - INFO - 02818832	47	0.196 	49.901 	147.522 	0.000 	bed	
2025-07-10 15:23:54,648 - PoinTr - INFO - 04256520	635	0.201 	55.467 	218.111 	0.000 	sofa	
2025-07-10 15:23:54,648 - PoinTr - INFO - 04379243	1687	0.303 	51.254 	225.466 	0.000 	table	
2025-07-10 15:23:54,648 - PoinTr - INFO - 02747177	69	0.184 	62.670 	264.618 	0.000 	trash bin	
2025-07-10 15:23:54,648 - PoinTr - INFO - 03046257	131	0.254 	66.196 	378.551 	0.000 	clock	
2025-07-10 15:23:54,648 - PoinTr - INFO - 04225987	31	0.402 	52.501 	267.913 	0.000 	skateboard	
2025-07-10 15:23:54,648 - PoinTr - INFO - 03797390	43	0.186 	69.374 	334.046 	0.000 	mug	
2025-07-10 15:23:54,648 - PoinTr - INFO - 03001627	1356	0.255 	50.372 	194.826 	0.000 	chair	
2025-07-10 15:23:54,648 - PoinTr - INFO - 03691459	320	0.222 	55.816 	207.885 	0.000 	loudspeaker	
2025-07-10 15:23:54,648 - PoinTr - INFO - 02942699	23	0.170 	68.832 	286.393 	0.000 	camera	
2025-07-10 15:23:54,648 - PoinTr - INFO - 03636649	464	0.353 	51.956 	214.414 	0.000 	lamp	
2025-07-10 15:23:54,648 - PoinTr - INFO - 02691156	809	0.424 	62.079 	415.093 	0.000 	airplane	
2025-07-10 15:23:54,648 - PoinTr - INFO - 02773838	17	0.252 	43.622 	138.747 	0.000 	bag	
2025-07-10 15:23:54,648 - PoinTr - INFO - 02958343	703	0.189 	57.242 	257.884 	0.000 	car	
2025-07-10 15:23:54,648 - PoinTr - INFO - 02880940	38	0.210 	87.555 	586.657 	0.000 	bowl	
2025-07-10 15:23:54,648 - PoinTr - INFO - 04099429	17	0.544 	29.851 	113.261 	0.000 	rocket	
2025-07-10 15:23:54,648 - PoinTr - INFO - 02828884	363	0.316 	49.111 	218.043 	0.000 	bench	
2025-07-10 15:23:54,648 - PoinTr - INFO - 04090263	475	0.572 	36.972 	170.063 	0.000 	rifle	
2025-07-10 15:23:54,648 - PoinTr - INFO - 03211117	219	0.269 	53.494 	228.694 	0.000 	display	
2025-07-10 15:23:54,648 - PoinTr - INFO - 02876657	100	0.325 	44.068 	175.028 	0.000 	bottle	
2025-07-10 15:23:54,648 - PoinTr - INFO - 03710193	19	0.371 	41.179 	146.676 	0.000 	mailbox	
2025-07-10 15:23:54,648 - PoinTr - INFO - 03790512	68	0.190 	60.271 	287.035 	0.000 	motorbike	
2025-07-10 15:23:54,648 - PoinTr - INFO - 03325088	149	0.306 	59.244 	289.742 	0.000 	faucet	
2025-07-10 15:23:54,648 - PoinTr - INFO - 02801938	23	0.208 	63.558 	304.720 	0.000 	basket	
2025-07-10 15:23:54,648 - PoinTr - INFO - 03337140	60	0.216 	46.490 	149.269 	0.000 	file cabinet	
2025-07-10 15:23:54,648 - PoinTr - INFO - 02843684	15	0.194 	59.153 	194.444 	0.000 	birdhouse	
2025-07-10 15:23:54,648 - PoinTr - INFO - 03624134	85	0.629 	35.971 	165.906 	0.000 	knife	
2025-07-10 15:23:54,648 - PoinTr - INFO - 03991062	121	0.180 	71.577 	335.449 	0.000 	flowerpot	
2025-07-10 15:23:54,648 - PoinTr - INFO - 03948459	62	0.378 	32.349 	105.659 	0.000 	pistol	
2025-07-10 15:23:54,648 - PoinTr - INFO - 03928116	48	0.216 	60.699 	240.501 	0.000 	piano	
2025-07-10 15:23:54,648 - PoinTr - INFO - 03207941	19	0.227 	64.135 	284.705 	0.000 	dishwasher	
2025-07-10 15:23:54,648 - PoinTr - INFO - 04074963	14	0.341 	60.449 	304.910 	0.000 	remote	
2025-07-10 15:23:54,648 - PoinTr - INFO - 03085013	13	0.368 	59.959 	359.985 	0.000 	keyboard	
2025-07-10 15:23:54,648 - PoinTr - INFO - Overall		0.289 	53.829 	237.576 	0.000 	
2025-07-10 15:23:55,142 - PoinTr - INFO - Save checkpoint at ./experiments/PoinTr/ShapeNet55_models/PoinTr_fog/ckpt-last.pth
2025-07-10 15:23:56,331 - PoinTr - INFO - [Epoch 171/200][Batch 1/655] BatchTime = 1.187 (s) DataTime = 0.116 (s) Losses = ['248.5132', '49.9008'] lr = 0.0000535
2025-07-10 15:26:02,557 - PoinTr - INFO - [Epoch 171/200][Batch 101/655] BatchTime = 1.258 (s) DataTime = 0.001 (s) Losses = ['258.7303', '44.7159'] lr = 0.0000535
2025-07-10 15:28:05,920 - PoinTr - INFO - [Epoch 171/200][Batch 201/655] BatchTime = 1.016 (s) DataTime = 0.001 (s) Losses = ['270.9242', '51.7996'] lr = 0.0000535
2025-07-10 15:30:09,550 - PoinTr - INFO - [Epoch 171/200][Batch 301/655] BatchTime = 0.942 (s) DataTime = 0.001 (s) Losses = ['293.9644', '55.2155'] lr = 0.0000535
2025-07-10 15:32:15,440 - PoinTr - INFO - [Epoch 171/200][Batch 401/655] BatchTime = 0.719 (s) DataTime = 0.001 (s) Losses = ['293.0145', '56.2827'] lr = 0.0000535
2025-07-10 15:34:21,733 - PoinTr - INFO - [Epoch 171/200][Batch 501/655] BatchTime = 1.298 (s) DataTime = 0.001 (s) Losses = ['256.7098', '45.6298'] lr = 0.0000535
2025-07-10 15:36:27,021 - PoinTr - INFO - [Epoch 171/200][Batch 601/655] BatchTime = 1.487 (s) DataTime = 0.001 (s) Losses = ['263.8720', '45.1258'] lr = 0.0000535
2025-07-10 15:37:35,969 - PoinTr - INFO - [Training] EPOCH: 171 EpochTime = 820.826 (s) Losses = ['269.3913', '49.0628']
2025-07-10 15:37:36,487 - PoinTr - INFO - Save checkpoint at ./experiments/PoinTr/ShapeNet55_models/PoinTr_fog/ckpt-last.pth
2025-07-10 15:37:37,633 - PoinTr - INFO - [Epoch 172/200][Batch 1/655] BatchTime = 1.146 (s) DataTime = 0.116 (s) Losses = ['290.8849', '51.5868'] lr = 0.0000528
2025-07-10 15:39:34,761 - PoinTr - INFO - [Epoch 172/200][Batch 101/655] BatchTime = 1.192 (s) DataTime = 0.001 (s) Losses = ['268.7845', '47.3034'] lr = 0.0000528
2025-07-10 15:41:35,498 - PoinTr - INFO - [Epoch 172/200][Batch 201/655] BatchTime = 1.533 (s) DataTime = 0.001 (s) Losses = ['304.3225', '52.3466'] lr = 0.0000528
2025-07-10 15:43:38,691 - PoinTr - INFO - [Epoch 172/200][Batch 301/655] BatchTime = 1.502 (s) DataTime = 0.001 (s) Losses = ['303.7614', '57.9128'] lr = 0.0000528
2025-07-10 15:45:40,430 - PoinTr - INFO - [Epoch 172/200][Batch 401/655] BatchTime = 1.002 (s) DataTime = 0.001 (s) Losses = ['273.4440', '50.3477'] lr = 0.0000528
2025-07-10 15:47:37,941 - PoinTr - INFO - [Epoch 172/200][Batch 501/655] BatchTime = 0.702 (s) DataTime = 0.001 (s) Losses = ['251.6725', '45.9580'] lr = 0.0000528
2025-07-10 15:49:41,339 - PoinTr - INFO - [Epoch 172/200][Batch 601/655] BatchTime = 1.114 (s) DataTime = 0.002 (s) Losses = ['250.3698', '45.0316'] lr = 0.0000528
2025-07-10 15:50:45,211 - PoinTr - INFO - [Training] EPOCH: 172 EpochTime = 788.724 (s) Losses = ['270.1997', '49.1738']
2025-07-10 15:50:45,693 - PoinTr - INFO - Save checkpoint at ./experiments/PoinTr/ShapeNet55_models/PoinTr_fog/ckpt-last.pth
2025-07-10 15:50:47,287 - PoinTr - INFO - [Epoch 173/200][Batch 1/655] BatchTime = 1.593 (s) DataTime = 0.114 (s) Losses = ['290.9957', '48.5025'] lr = 0.0000521
2025-07-10 15:52:53,378 - PoinTr - INFO - [Epoch 173/200][Batch 101/655] BatchTime = 1.290 (s) DataTime = 0.001 (s) Losses = ['252.3487', '49.9362'] lr = 0.0000521
2025-07-10 15:54:51,762 - PoinTr - INFO - [Epoch 173/200][Batch 201/655] BatchTime = 1.310 (s) DataTime = 0.001 (s) Losses = ['233.2724', '45.1536'] lr = 0.0000521
2025-07-10 15:56:54,420 - PoinTr - INFO - [Epoch 173/200][Batch 301/655] BatchTime = 1.176 (s) DataTime = 0.002 (s) Losses = ['278.9072', '53.2123'] lr = 0.0000521
2025-07-10 15:58:54,481 - PoinTr - INFO - [Epoch 173/200][Batch 401/655] BatchTime = 1.413 (s) DataTime = 0.001 (s) Losses = ['284.0654', '54.2338'] lr = 0.0000521
2025-07-10 16:00:55,462 - PoinTr - INFO - [Epoch 173/200][Batch 501/655] BatchTime = 1.276 (s) DataTime = 0.002 (s) Losses = ['310.8439', '55.9346'] lr = 0.0000521
2025-07-10 16:02:54,863 - PoinTr - INFO - [Epoch 173/200][Batch 601/655] BatchTime = 1.498 (s) DataTime = 0.001 (s) Losses = ['284.6630', '46.5359'] lr = 0.0000521
2025-07-10 16:03:58,649 - PoinTr - INFO - [Training] EPOCH: 173 EpochTime = 792.955 (s) Losses = ['270.2415', '49.2267']
2025-07-10 16:03:59,141 - PoinTr - INFO - Save checkpoint at ./experiments/PoinTr/ShapeNet55_models/PoinTr_fog/ckpt-last.pth
2025-07-10 16:04:00,504 - PoinTr - INFO - [Epoch 174/200][Batch 1/655] BatchTime = 1.363 (s) DataTime = 0.115 (s) Losses = ['265.8054', '42.0177'] lr = 0.0000515
2025-07-10 16:06:03,954 - PoinTr - INFO - [Epoch 174/200][Batch 101/655] BatchTime = 1.329 (s) DataTime = 0.001 (s) Losses = ['255.2485', '41.7343'] lr = 0.0000515
2025-07-10 16:08:03,147 - PoinTr - INFO - [Epoch 174/200][Batch 201/655] BatchTime = 0.893 (s) DataTime = 0.001 (s) Losses = ['252.3434', '47.6578'] lr = 0.0000515
2025-07-10 16:10:03,496 - PoinTr - INFO - [Epoch 174/200][Batch 301/655] BatchTime = 1.340 (s) DataTime = 0.001 (s) Losses = ['283.2689', '50.2598'] lr = 0.0000515
2025-07-10 16:12:00,139 - PoinTr - INFO - [Epoch 174/200][Batch 401/655] BatchTime = 1.561 (s) DataTime = 0.001 (s) Losses = ['267.1899', '47.6372'] lr = 0.0000515
2025-07-10 16:14:01,595 - PoinTr - INFO - [Epoch 174/200][Batch 501/655] BatchTime = 1.220 (s) DataTime = 0.001 (s) Losses = ['274.0596', '48.0006'] lr = 0.0000515
2025-07-10 16:16:01,980 - PoinTr - INFO - [Epoch 174/200][Batch 601/655] BatchTime = 0.953 (s) DataTime = 0.001 (s) Losses = ['244.3112', '41.5826'] lr = 0.0000515
2025-07-10 16:17:07,555 - PoinTr - INFO - [Training] EPOCH: 174 EpochTime = 788.413 (s) Losses = ['269.9481', '49.0390']
2025-07-10 16:17:08,049 - PoinTr - INFO - Save checkpoint at ./experiments/PoinTr/ShapeNet55_models/PoinTr_fog/ckpt-last.pth
2025-07-10 16:17:09,283 - PoinTr - INFO - [Epoch 175/200][Batch 1/655] BatchTime = 1.233 (s) DataTime = 0.116 (s) Losses = ['289.6637', '58.1349'] lr = 0.0000508
2025-07-10 16:19:13,755 - PoinTr - INFO - [Epoch 175/200][Batch 101/655] BatchTime = 0.903 (s) DataTime = 0.001 (s) Losses = ['254.5196', '48.3347'] lr = 0.0000508
2025-07-10 16:21:16,413 - PoinTr - INFO - [Epoch 175/200][Batch 201/655] BatchTime = 1.579 (s) DataTime = 0.001 (s) Losses = ['269.1321', '47.6687'] lr = 0.0000508
2025-07-10 16:23:19,188 - PoinTr - INFO - [Epoch 175/200][Batch 301/655] BatchTime = 1.278 (s) DataTime = 0.002 (s) Losses = ['245.6435', '44.0649'] lr = 0.0000508
2025-07-10 16:25:19,018 - PoinTr - INFO - [Epoch 175/200][Batch 401/655] BatchTime = 0.992 (s) DataTime = 0.001 (s) Losses = ['292.0094', '56.4407'] lr = 0.0000508
2025-07-10 16:27:18,639 - PoinTr - INFO - [Epoch 175/200][Batch 501/655] BatchTime = 1.061 (s) DataTime = 0.001 (s) Losses = ['267.0424', '47.6943'] lr = 0.0000508
2025-07-10 16:29:13,751 - PoinTr - INFO - [Epoch 175/200][Batch 601/655] BatchTime = 1.030 (s) DataTime = 0.001 (s) Losses = ['271.8389', '50.8175'] lr = 0.0000508
2025-07-10 16:30:17,874 - PoinTr - INFO - [Training] EPOCH: 175 EpochTime = 789.824 (s) Losses = ['270.0205', '49.2898']
2025-07-10 16:30:17,874 - PoinTr - INFO - [VALIDATION] Start validating epoch 175
2025-07-10 16:30:58,389 - PoinTr - INFO - Test[1051/10518] Taxonomy = 02691156 Sample = c7749c0a8b61f43bc9b9e28055202e3d Losses = ['127.1446', '569.1635', '55.0965', '197.7736'] Metrics = ['0.2730', '55.0965', '197.7736', '0.0000']
2025-07-10 16:31:36,300 - PoinTr - INFO - Test[2102/10518] Taxonomy = 03211117 Sample = ab2f9418c111cc6ddb965514105122a4 Losses = ['405.4249', '2418.0393', '31.9514', '123.6528'] Metrics = ['0.4591', '31.9514', '123.6528', '0.0000']
2025-07-10 16:32:13,547 - PoinTr - INFO - Test[3153/10518] Taxonomy = 02876657 Sample = c5032e4be091aabb36fe7a88df793982 Losses = ['50.3175', '11.4998', '38.5802', '7.0848'] Metrics = ['0.3144', '38.5802', '7.0848', '0.0000']
2025-07-10 16:32:52,487 - PoinTr - INFO - Test[4204/10518] Taxonomy = 03211117 Sample = 722df1da5778d45b1e43523279c7f09f Losses = ['256.9742', '919.2086', '48.5369', '67.2251'] Metrics = ['0.1728', '48.5369', '67.2251', '0.0000']
2025-07-10 16:33:31,918 - PoinTr - INFO - Test[5255/10518] Taxonomy = 02828884 Sample = 14b63361a48a9fffe4a048c146e8bd43 Losses = ['258.5825', '836.9183', '27.9150', '31.0213'] Metrics = ['0.3393', '27.9150', '31.0213', '0.0000']
2025-07-10 16:34:09,926 - PoinTr - INFO - Test[6306/10518] Taxonomy = 03211117 Sample = d330d50a0255529d19ed6e1a590c9122 Losses = ['133.6443', '482.8994', '19.1519', '16.8004'] Metrics = ['0.3174', '19.1519', '16.8004', '0.0000']
2025-07-10 16:34:45,869 - PoinTr - INFO - Test[7357/10518] Taxonomy = 04379243 Sample = b1ca280d9567270ade98d10ab5975b59 Losses = ['357.3288', '2217.7334', '47.2490', '199.9803'] Metrics = ['0.2231', '47.2490', '199.9803', '0.0000']
2025-07-10 16:35:21,648 - PoinTr - INFO - Test[8408/10518] Taxonomy = 03001627 Sample = 89208a619341d9fdb8c516ed5c4ce32 Losses = ['358.7207', '1526.4093', '73.5595', '265.9838'] Metrics = ['0.1323', '73.5595', '265.9839', '0.0000']
2025-07-10 16:35:59,220 - PoinTr - INFO - Test[9459/10518] Taxonomy = 03001627 Sample = d0255120e3351121c3bd24f986301745 Losses = ['57.9117', '36.2334', '32.6317', '5.7169'] Metrics = ['0.1393', '32.6317', '5.7169', '0.0000']
2025-07-10 16:36:35,406 - PoinTr - INFO - Test[10510/10518] Taxonomy = 03636649 Sample = ea9ec4d9db2e06202471e6dd5ac3ef92 Losses = ['466.2503', '2138.5159', '53.5601', '209.3155'] Metrics = ['0.4960', '53.5601', '209.3155', '0.0000']
2025-07-10 16:36:35,754 - PoinTr - INFO - [Validation] EPOCH: 175  Metrics = ['0.2723', '56.8419', '245.9730', '0.0000']
2025-07-10 16:36:35,755 - PoinTr - INFO - ============================ TEST RESULTS ============================
2025-07-10 16:36:35,755 - PoinTr - INFO - Taxonomy	#Sample	F-Score	CDL1	CDL2	EMDistance	#ModelName	
2025-07-10 16:36:35,755 - PoinTr - INFO - 03759954	14	0.329 	61.136 	252.289 	0.000 	microphone	
2025-07-10 16:36:35,755 - PoinTr - INFO - 04330267	44	0.213 	59.423 	221.815 	0.000 	stove	
2025-07-10 16:36:35,755 - PoinTr - INFO - 03261776	15	0.249 	52.075 	195.792 	0.000 	earphone	
2025-07-10 16:36:35,755 - PoinTr - INFO - 03513137	33	0.180 	80.678 	367.429 	0.000 	helmet	
2025-07-10 16:36:35,755 - PoinTr - INFO - 04460130	27	0.275 	64.577 	315.458 	0.000 	tower	
2025-07-10 16:36:35,755 - PoinTr - INFO - 04468005	78	0.264 	51.268 	216.348 	0.000 	train	
2025-07-10 16:36:35,755 - PoinTr - INFO - 03761084	31	0.224 	51.687 	164.227 	0.000 	microwaves	
2025-07-10 16:36:35,755 - PoinTr - INFO - 04004475	34	0.205 	60.706 	214.255 	0.000 	printer	
2025-07-10 16:36:35,755 - PoinTr - INFO - 03938244	20	0.247 	73.291 	378.676 	0.000 	pillow	
2025-07-10 16:36:35,755 - PoinTr - INFO - 02992529	167	0.320 	53.307 	261.085 	0.000 	cellphone	
2025-07-10 16:36:35,755 - PoinTr - INFO - 02808440	172	0.209 	64.649 	285.125 	0.000 	bathtub	
2025-07-10 16:36:35,755 - PoinTr - INFO - 04530566	388	0.323 	48.976 	210.944 	0.000 	watercraft	
2025-07-10 16:36:35,755 - PoinTr - INFO - 02871439	91	0.190 	56.628 	182.279 	0.000 	bookshelf	
2025-07-10 16:36:35,755 - PoinTr - INFO - 03593526	120	0.219 	69.209 	336.665 	0.000 	jar	
2025-07-10 16:36:35,755 - PoinTr - INFO - 04554684	34	0.219 	60.504 	190.356 	0.000 	washer	
2025-07-10 16:36:35,755 - PoinTr - INFO - 03467517	160	0.595 	29.069 	104.453 	0.000 	guitar	
2025-07-10 16:36:35,755 - PoinTr - INFO - 04401088	218	0.324 	52.895 	252.873 	0.000 	telephone	
2025-07-10 16:36:35,755 - PoinTr - INFO - 02954340	12	0.241 	70.366 	386.336 	0.000 	cap	
2025-07-10 16:36:35,755 - PoinTr - INFO - 02933112	315	0.204 	51.600 	181.538 	0.000 	cabinet	
2025-07-10 16:36:35,755 - PoinTr - INFO - 03642806	92	0.309 	40.203 	159.966 	0.000 	laptop	
2025-07-10 16:36:35,755 - PoinTr - INFO - 02924116	188	0.261 	51.332 	214.336 	0.000 	bus	
2025-07-10 16:36:35,755 - PoinTr - INFO - 02946921	22	0.245 	52.726 	205.744 	0.000 	can	
2025-07-10 16:36:35,755 - PoinTr - INFO - 02818832	47	0.199 	52.876 	157.148 	0.000 	bed	
2025-07-10 16:36:35,755 - PoinTr - INFO - 04256520	635	0.205 	53.524 	195.937 	0.000 	sofa	
2025-07-10 16:36:35,755 - PoinTr - INFO - 04379243	1687	0.268 	50.400 	205.425 	0.000 	table	
2025-07-10 16:36:35,755 - PoinTr - INFO - 02747177	69	0.176 	68.936 	303.765 	0.000 	trash bin	
2025-07-10 16:36:35,755 - PoinTr - INFO - 03046257	131	0.231 	74.451 	423.859 	0.000 	clock	
2025-07-10 16:36:35,755 - PoinTr - INFO - 04225987	31	0.420 	41.238 	190.205 	0.000 	skateboard	
2025-07-10 16:36:35,755 - PoinTr - INFO - 03797390	43	0.175 	79.052 	389.655 	0.000 	mug	
2025-07-10 16:36:35,755 - PoinTr - INFO - 03001627	1356	0.244 	50.414 	184.594 	0.000 	chair	
2025-07-10 16:36:35,755 - PoinTr - INFO - 03691459	320	0.218 	56.914 	198.133 	0.000 	loudspeaker	
2025-07-10 16:36:35,755 - PoinTr - INFO - 02942699	23	0.178 	76.724 	336.047 	0.000 	camera	
2025-07-10 16:36:35,755 - PoinTr - INFO - 03636649	464	0.325 	53.138 	214.336 	0.000 	lamp	
2025-07-10 16:36:35,755 - PoinTr - INFO - 02691156	809	0.393 	64.528 	429.093 	0.000 	airplane	
2025-07-10 16:36:35,755 - PoinTr - INFO - 02773838	17	0.235 	80.362 	420.462 	0.000 	bag	
2025-07-10 16:36:35,755 - PoinTr - INFO - 02958343	703	0.186 	57.780 	256.430 	0.000 	car	
2025-07-10 16:36:35,755 - PoinTr - INFO - 02880940	38	0.215 	81.366 	520.585 	0.000 	bowl	
2025-07-10 16:36:35,755 - PoinTr - INFO - 04099429	17	0.512 	35.289 	132.341 	0.000 	rocket	
2025-07-10 16:36:35,755 - PoinTr - INFO - 02828884	363	0.295 	45.956 	189.869 	0.000 	bench	
2025-07-10 16:36:35,755 - PoinTr - INFO - 04090263	475	0.531 	38.086 	166.666 	0.000 	rifle	
2025-07-10 16:36:35,755 - PoinTr - INFO - 03211117	219	0.256 	53.206 	218.538 	0.000 	display	
2025-07-10 16:36:35,755 - PoinTr - INFO - 02876657	100	0.317 	48.873 	208.026 	0.000 	bottle	
2025-07-10 16:36:35,755 - PoinTr - INFO - 03710193	19	0.327 	38.852 	105.807 	0.000 	mailbox	
2025-07-10 16:36:35,756 - PoinTr - INFO - 03790512	68	0.189 	57.516 	247.866 	0.000 	motorbike	
2025-07-10 16:36:35,756 - PoinTr - INFO - 03325088	149	0.278 	58.847 	262.436 	0.000 	faucet	
2025-07-10 16:36:35,756 - PoinTr - INFO - 02801938	23	0.205 	63.561 	285.530 	0.000 	basket	
2025-07-10 16:36:35,756 - PoinTr - INFO - 03337140	60	0.212 	49.282 	155.614 	0.000 	file cabinet	
2025-07-10 16:36:35,756 - PoinTr - INFO - 02843684	15	0.185 	68.865 	245.361 	0.000 	birdhouse	
2025-07-10 16:36:35,756 - PoinTr - INFO - 03624134	85	0.513 	40.887 	177.498 	0.000 	knife	
2025-07-10 16:36:35,756 - PoinTr - INFO - 03991062	121	0.177 	72.459 	332.042 	0.000 	flowerpot	
2025-07-10 16:36:35,756 - PoinTr - INFO - 03948459	62	0.353 	38.852 	143.223 	0.000 	pistol	
2025-07-10 16:36:35,756 - PoinTr - INFO - 03928116	48	0.208 	63.796 	256.830 	0.000 	piano	
2025-07-10 16:36:35,756 - PoinTr - INFO - 03207941	19	0.236 	45.104 	131.625 	0.000 	dishwasher	
2025-07-10 16:36:35,756 - PoinTr - INFO - 04074963	14	0.295 	51.877 	220.800 	0.000 	remote	
2025-07-10 16:36:35,756 - PoinTr - INFO - 03085013	13	0.373 	56.988 	324.776 	0.000 	keyboard	
2025-07-10 16:36:35,756 - PoinTr - INFO - Overall		0.272 	56.842 	245.973 	0.000 	
2025-07-10 16:36:36,242 - PoinTr - INFO - Save checkpoint at ./experiments/PoinTr/ShapeNet55_models/PoinTr_fog/ckpt-last.pth
2025-07-10 16:36:37,558 - PoinTr - INFO - [Epoch 176/200][Batch 1/655] BatchTime = 1.315 (s) DataTime = 0.112 (s) Losses = ['244.8677', '49.4446'] lr = 0.0000501
2025-07-10 16:38:41,530 - PoinTr - INFO - [Epoch 176/200][Batch 101/655] BatchTime = 1.100 (s) DataTime = 0.002 (s) Losses = ['293.9441', '54.0655'] lr = 0.0000501
2025-07-10 16:40:40,521 - PoinTr - INFO - [Epoch 176/200][Batch 201/655] BatchTime = 0.887 (s) DataTime = 0.001 (s) Losses = ['291.4290', '62.9211'] lr = 0.0000501
2025-07-10 16:42:40,003 - PoinTr - INFO - [Epoch 176/200][Batch 301/655] BatchTime = 1.312 (s) DataTime = 0.001 (s) Losses = ['262.8631', '48.3251'] lr = 0.0000501
2025-07-10 16:44:43,665 - PoinTr - INFO - [Epoch 176/200][Batch 401/655] BatchTime = 1.266 (s) DataTime = 0.002 (s) Losses = ['251.2379', '43.3844'] lr = 0.0000501
2025-07-10 16:46:43,225 - PoinTr - INFO - [Epoch 176/200][Batch 501/655] BatchTime = 1.308 (s) DataTime = 0.001 (s) Losses = ['289.5368', '52.6992'] lr = 0.0000501
2025-07-10 16:48:42,405 - PoinTr - INFO - [Epoch 176/200][Batch 601/655] BatchTime = 1.062 (s) DataTime = 0.001 (s) Losses = ['282.8948', '48.6973'] lr = 0.0000501
2025-07-10 16:49:47,850 - PoinTr - INFO - [Training] EPOCH: 176 EpochTime = 791.607 (s) Losses = ['271.6818', '49.3781']
2025-07-10 16:49:48,332 - PoinTr - INFO - Save checkpoint at ./experiments/PoinTr/ShapeNet55_models/PoinTr_fog/ckpt-last.pth
2025-07-10 16:49:49,673 - PoinTr - INFO - [Epoch 177/200][Batch 1/655] BatchTime = 1.340 (s) DataTime = 0.112 (s) Losses = ['281.8340', '52.6325'] lr = 0.0000495
2025-07-10 16:51:52,318 - PoinTr - INFO - [Epoch 177/200][Batch 101/655] BatchTime = 1.098 (s) DataTime = 0.001 (s) Losses = ['258.9092', '49.0192'] lr = 0.0000495
2025-07-10 16:53:57,207 - PoinTr - INFO - [Epoch 177/200][Batch 201/655] BatchTime = 1.475 (s) DataTime = 0.001 (s) Losses = ['260.7167', '45.2781'] lr = 0.0000495
2025-07-10 16:55:59,527 - PoinTr - INFO - [Epoch 177/200][Batch 301/655] BatchTime = 1.373 (s) DataTime = 0.001 (s) Losses = ['257.1008', '46.3109'] lr = 0.0000495
2025-07-10 16:57:54,120 - PoinTr - INFO - [Epoch 177/200][Batch 401/655] BatchTime = 1.047 (s) DataTime = 0.001 (s) Losses = ['292.8482', '54.5051'] lr = 0.0000495
2025-07-10 16:59:52,788 - PoinTr - INFO - [Epoch 177/200][Batch 501/655] BatchTime = 0.899 (s) DataTime = 0.002 (s) Losses = ['279.0242', '52.0712'] lr = 0.0000495
2025-07-10 17:01:55,234 - PoinTr - INFO - [Epoch 177/200][Batch 601/655] BatchTime = 1.242 (s) DataTime = 0.001 (s) Losses = ['277.4155', '47.8903'] lr = 0.0000495
2025-07-10 17:03:03,051 - PoinTr - INFO - [Training] EPOCH: 177 EpochTime = 794.718 (s) Losses = ['271.6069', '49.4959']
2025-07-10 17:03:03,533 - PoinTr - INFO - Save checkpoint at ./experiments/PoinTr/ShapeNet55_models/PoinTr_fog/ckpt-last.pth
2025-07-10 17:03:05,153 - PoinTr - INFO - [Epoch 178/200][Batch 1/655] BatchTime = 1.619 (s) DataTime = 0.110 (s) Losses = ['248.6740', '39.1397'] lr = 0.0000488
2025-07-10 17:05:00,631 - PoinTr - INFO - [Epoch 178/200][Batch 101/655] BatchTime = 1.485 (s) DataTime = 0.001 (s) Losses = ['265.7814', '45.3524'] lr = 0.0000488
2025-07-10 17:07:01,111 - PoinTr - INFO - [Epoch 178/200][Batch 201/655] BatchTime = 1.266 (s) DataTime = 0.001 (s) Losses = ['285.8299', '48.6920'] lr = 0.0000488
2025-07-10 17:09:01,945 - PoinTr - INFO - [Epoch 178/200][Batch 301/655] BatchTime = 0.997 (s) DataTime = 0.001 (s) Losses = ['269.3937', '49.3359'] lr = 0.0000488
2025-07-10 17:11:04,051 - PoinTr - INFO - [Epoch 178/200][Batch 401/655] BatchTime = 1.133 (s) DataTime = 0.001 (s) Losses = ['275.8721', '44.2794'] lr = 0.0000488
2025-07-10 17:13:04,179 - PoinTr - INFO - [Epoch 178/200][Batch 501/655] BatchTime = 0.875 (s) DataTime = 0.001 (s) Losses = ['264.3517', '52.5648'] lr = 0.0000488
2025-07-10 17:15:08,266 - PoinTr - INFO - [Epoch 178/200][Batch 601/655] BatchTime = 1.002 (s) DataTime = 0.001 (s) Losses = ['287.4872', '49.0071'] lr = 0.0000488
2025-07-10 17:16:15,611 - PoinTr - INFO - [Training] EPOCH: 178 EpochTime = 792.077 (s) Losses = ['270.5873', '49.1591']
2025-07-10 17:16:16,107 - PoinTr - INFO - Save checkpoint at ./experiments/PoinTr/ShapeNet55_models/PoinTr_fog/ckpt-last.pth
2025-07-10 17:16:18,060 - PoinTr - INFO - [Epoch 179/200][Batch 1/655] BatchTime = 1.952 (s) DataTime = 0.112 (s) Losses = ['238.1506', '37.3080'] lr = 0.0000482
2025-07-10 17:18:20,528 - PoinTr - INFO - [Epoch 179/200][Batch 101/655] BatchTime = 0.955 (s) DataTime = 0.002 (s) Losses = ['269.9736', '52.4359'] lr = 0.0000482
2025-07-10 17:20:24,507 - PoinTr - INFO - [Epoch 179/200][Batch 201/655] BatchTime = 1.221 (s) DataTime = 0.002 (s) Losses = ['308.8690', '56.7340'] lr = 0.0000482
2025-07-10 17:22:23,983 - PoinTr - INFO - [Epoch 179/200][Batch 301/655] BatchTime = 1.278 (s) DataTime = 0.001 (s) Losses = ['295.6183', '50.7529'] lr = 0.0000482
2025-07-10 17:24:23,833 - PoinTr - INFO - [Epoch 179/200][Batch 401/655] BatchTime = 1.024 (s) DataTime = 0.001 (s) Losses = ['274.8221', '48.3852'] lr = 0.0000482
2025-07-10 17:26:25,559 - PoinTr - INFO - [Epoch 179/200][Batch 501/655] BatchTime = 0.939 (s) DataTime = 0.001 (s) Losses = ['305.0058', '58.4725'] lr = 0.0000482
2025-07-10 17:28:23,712 - PoinTr - INFO - [Epoch 179/200][Batch 601/655] BatchTime = 1.329 (s) DataTime = 0.002 (s) Losses = ['294.7330', '49.2958'] lr = 0.0000482
2025-07-10 17:29:28,622 - PoinTr - INFO - [Training] EPOCH: 179 EpochTime = 792.514 (s) Losses = ['270.8701', '49.4524']
2025-07-10 17:29:29,107 - PoinTr - INFO - Save checkpoint at ./experiments/PoinTr/ShapeNet55_models/PoinTr_fog/ckpt-last.pth
2025-07-10 17:29:30,325 - PoinTr - INFO - [Epoch 180/200][Batch 1/655] BatchTime = 1.217 (s) DataTime = 0.111 (s) Losses = ['298.6102', '54.5035'] lr = 0.0000476
2025-07-10 17:31:31,858 - PoinTr - INFO - [Epoch 180/200][Batch 101/655] BatchTime = 1.409 (s) DataTime = 0.001 (s) Losses = ['275.7897', '48.0030'] lr = 0.0000476
2025-07-10 17:33:33,873 - PoinTr - INFO - [Epoch 180/200][Batch 201/655] BatchTime = 0.911 (s) DataTime = 0.001 (s) Losses = ['251.2259', '48.6526'] lr = 0.0000476
2025-07-10 17:35:30,562 - PoinTr - INFO - [Epoch 180/200][Batch 301/655] BatchTime = 1.810 (s) DataTime = 0.001 (s) Losses = ['219.5074', '35.4880'] lr = 0.0000476
2025-07-10 17:37:30,189 - PoinTr - INFO - [Epoch 180/200][Batch 401/655] BatchTime = 0.906 (s) DataTime = 0.001 (s) Losses = ['296.8086', '53.0258'] lr = 0.0000476
2025-07-10 17:39:30,060 - PoinTr - INFO - [Epoch 180/200][Batch 501/655] BatchTime = 1.323 (s) DataTime = 0.001 (s) Losses = ['286.2076', '52.2063'] lr = 0.0000476
2025-07-10 17:41:27,090 - PoinTr - INFO - [Epoch 180/200][Batch 601/655] BatchTime = 1.019 (s) DataTime = 0.001 (s) Losses = ['248.8984', '46.6726'] lr = 0.0000476
2025-07-10 17:42:32,433 - PoinTr - INFO - [Training] EPOCH: 180 EpochTime = 783.325 (s) Losses = ['269.9804', '49.0242']
2025-07-10 17:42:32,433 - PoinTr - INFO - [VALIDATION] Start validating epoch 180
2025-07-10 17:43:11,750 - PoinTr - INFO - Test[1051/10518] Taxonomy = 02691156 Sample = c7749c0a8b61f43bc9b9e28055202e3d Losses = ['45.3759', '71.1091', '20.3891', '16.4934'] Metrics = ['0.2970', '20.3891', '16.4934', '0.0000']
2025-07-10 17:43:49,611 - PoinTr - INFO - Test[2102/10518] Taxonomy = 03211117 Sample = ab2f9418c111cc6ddb965514105122a4 Losses = ['400.7835', '2154.9902', '81.6948', '546.2874'] Metrics = ['0.3608', '81.6948', '546.2874', '0.0000']
2025-07-10 17:44:26,237 - PoinTr - INFO - Test[3153/10518] Taxonomy = 02876657 Sample = c5032e4be091aabb36fe7a88df793982 Losses = ['288.0718', '1229.3550', '38.1758', '70.4167'] Metrics = ['0.2948', '38.1758', '70.4167', '0.0000']
2025-07-10 17:45:05,563 - PoinTr - INFO - Test[4204/10518] Taxonomy = 03211117 Sample = 722df1da5778d45b1e43523279c7f09f Losses = ['276.7057', '1275.7422', '36.2610', '74.4935'] Metrics = ['0.2806', '36.2610', '74.4936', '0.0000']
2025-07-10 17:45:43,137 - PoinTr - INFO - Test[5255/10518] Taxonomy = 02828884 Sample = 14b63361a48a9fffe4a048c146e8bd43 Losses = ['71.7532', '117.7861', '23.1618', '5.1559'] Metrics = ['0.2800', '23.1618', '5.1559', '0.0000']
2025-07-10 17:46:19,688 - PoinTr - INFO - Test[6306/10518] Taxonomy = 03211117 Sample = d330d50a0255529d19ed6e1a590c9122 Losses = ['35.1234', '4.4874', '16.1471', '0.8846'] Metrics = ['0.3210', '16.1471', '0.8846', '0.0000']
2025-07-10 17:46:55,044 - PoinTr - INFO - Test[7357/10518] Taxonomy = 04379243 Sample = b1ca280d9567270ade98d10ab5975b59 Losses = ['111.0180', '787.6911', '26.2542', '69.1826'] Metrics = ['0.2343', '26.2542', '69.1826', '0.0000']
2025-07-10 17:47:32,758 - PoinTr - INFO - Test[8408/10518] Taxonomy = 03001627 Sample = 89208a619341d9fdb8c516ed5c4ce32 Losses = ['295.8084', '920.7530', '67.6437', '213.9429'] Metrics = ['0.1895', '67.6437', '213.9429', '0.0000']
2025-07-10 17:48:10,027 - PoinTr - INFO - Test[9459/10518] Taxonomy = 03001627 Sample = d0255120e3351121c3bd24f986301745 Losses = ['334.8557', '2077.0800', '44.6907', '141.9911'] Metrics = ['0.1833', '44.6907', '141.9911', '0.0000']
2025-07-10 17:48:49,223 - PoinTr - INFO - Test[10510/10518] Taxonomy = 03636649 Sample = ea9ec4d9db2e06202471e6dd5ac3ef92 Losses = ['295.6004', '1250.5177', '29.3903', '64.5561'] Metrics = ['0.5322', '29.3903', '64.5561', '0.0000']
2025-07-10 17:48:49,463 - PoinTr - INFO - [Validation] EPOCH: 180  Metrics = ['0.2950', '54.6127', '246.5679', '0.0000']
2025-07-10 17:48:49,463 - PoinTr - INFO - ============================ TEST RESULTS ============================
2025-07-10 17:48:49,463 - PoinTr - INFO - Taxonomy	#Sample	F-Score	CDL1	CDL2	EMDistance	#ModelName	
2025-07-10 17:48:49,463 - PoinTr - INFO - 03759954	14	0.418 	48.733 	198.935 	0.000 	microphone	
2025-07-10 17:48:49,463 - PoinTr - INFO - 04330267	44	0.242 	51.038 	174.526 	0.000 	stove	
2025-07-10 17:48:49,463 - PoinTr - INFO - 03261776	15	0.235 	55.401 	223.593 	0.000 	earphone	
2025-07-10 17:48:49,463 - PoinTr - INFO - 03513137	33	0.182 	84.608 	464.049 	0.000 	helmet	
2025-07-10 17:48:49,463 - PoinTr - INFO - 04460130	27	0.326 	47.304 	191.107 	0.000 	tower	
2025-07-10 17:48:49,463 - PoinTr - INFO - 04468005	78	0.290 	55.358 	256.264 	0.000 	train	
2025-07-10 17:48:49,463 - PoinTr - INFO - 03761084	31	0.237 	44.887 	144.454 	0.000 	microwaves	
2025-07-10 17:48:49,463 - PoinTr - INFO - 04004475	34	0.217 	68.837 	306.450 	0.000 	printer	
2025-07-10 17:48:49,463 - PoinTr - INFO - 03938244	20	0.269 	66.364 	349.552 	0.000 	pillow	
2025-07-10 17:48:49,463 - PoinTr - INFO - 02992529	167	0.383 	45.909 	217.841 	0.000 	cellphone	
2025-07-10 17:48:49,463 - PoinTr - INFO - 02808440	172	0.226 	56.184 	244.514 	0.000 	bathtub	
2025-07-10 17:48:49,463 - PoinTr - INFO - 04530566	388	0.348 	49.994 	231.539 	0.000 	watercraft	
2025-07-10 17:48:49,463 - PoinTr - INFO - 02871439	91	0.205 	51.498 	175.819 	0.000 	bookshelf	
2025-07-10 17:48:49,463 - PoinTr - INFO - 03593526	120	0.223 	78.902 	453.538 	0.000 	jar	
2025-07-10 17:48:49,463 - PoinTr - INFO - 04554684	34	0.220 	51.485 	158.994 	0.000 	washer	
2025-07-10 17:48:49,463 - PoinTr - INFO - 03467517	160	0.701 	29.217 	118.098 	0.000 	guitar	
2025-07-10 17:48:49,463 - PoinTr - INFO - 04401088	218	0.398 	48.064 	236.225 	0.000 	telephone	
2025-07-10 17:48:49,463 - PoinTr - INFO - 02954340	12	0.278 	39.775 	154.661 	0.000 	cap	
2025-07-10 17:48:49,463 - PoinTr - INFO - 02933112	315	0.213 	49.892 	181.179 	0.000 	cabinet	
2025-07-10 17:48:49,463 - PoinTr - INFO - 03642806	92	0.300 	42.279 	169.323 	0.000 	laptop	
2025-07-10 17:48:49,463 - PoinTr - INFO - 02924116	188	0.300 	47.168 	198.015 	0.000 	bus	
2025-07-10 17:48:49,463 - PoinTr - INFO - 02946921	22	0.232 	70.946 	353.421 	0.000 	can	
2025-07-10 17:48:49,463 - PoinTr - INFO - 02818832	47	0.192 	59.659 	207.558 	0.000 	bed	
2025-07-10 17:48:49,463 - PoinTr - INFO - 04256520	635	0.208 	53.016 	204.649 	0.000 	sofa	
2025-07-10 17:48:49,463 - PoinTr - INFO - 04379243	1687	0.281 	49.114 	203.848 	0.000 	table	
2025-07-10 17:48:49,463 - PoinTr - INFO - 02747177	69	0.180 	67.526 	303.250 	0.000 	trash bin	
2025-07-10 17:48:49,463 - PoinTr - INFO - 03046257	131	0.256 	69.941 	405.702 	0.000 	clock	
2025-07-10 17:48:49,463 - PoinTr - INFO - 04225987	31	0.376 	60.257 	317.910 	0.000 	skateboard	
2025-07-10 17:48:49,463 - PoinTr - INFO - 03797390	43	0.183 	67.453 	310.162 	0.000 	mug	
2025-07-10 17:48:49,463 - PoinTr - INFO - 03001627	1356	0.249 	50.838 	197.307 	0.000 	chair	
2025-07-10 17:48:49,463 - PoinTr - INFO - 03691459	320	0.230 	56.666 	220.343 	0.000 	loudspeaker	
2025-07-10 17:48:49,464 - PoinTr - INFO - 02942699	23	0.188 	67.739 	272.258 	0.000 	camera	
2025-07-10 17:48:49,464 - PoinTr - INFO - 03636649	464	0.364 	50.897 	217.760 	0.000 	lamp	
2025-07-10 17:48:49,464 - PoinTr - INFO - 02691156	809	0.407 	61.601 	413.394 	0.000 	airplane	
2025-07-10 17:48:49,464 - PoinTr - INFO - 02773838	17	0.230 	60.067 	248.856 	0.000 	bag	
2025-07-10 17:48:49,464 - PoinTr - INFO - 02958343	703	0.183 	56.973 	256.074 	0.000 	car	
2025-07-10 17:48:49,464 - PoinTr - INFO - 02880940	38	0.210 	97.946 	693.084 	0.000 	bowl	
2025-07-10 17:48:49,464 - PoinTr - INFO - 04099429	17	0.560 	31.376 	119.267 	0.000 	rocket	
2025-07-10 17:48:49,464 - PoinTr - INFO - 02828884	363	0.300 	47.973 	206.040 	0.000 	bench	
2025-07-10 17:48:49,464 - PoinTr - INFO - 04090263	475	0.588 	37.098 	174.382 	0.000 	rifle	
2025-07-10 17:48:49,464 - PoinTr - INFO - 03211117	219	0.280 	52.714 	235.961 	0.000 	display	
2025-07-10 17:48:49,464 - PoinTr - INFO - 02876657	100	0.353 	42.189 	169.008 	0.000 	bottle	
2025-07-10 17:48:49,464 - PoinTr - INFO - 03710193	19	0.371 	49.144 	188.503 	0.000 	mailbox	
2025-07-10 17:48:49,464 - PoinTr - INFO - 03790512	68	0.197 	56.053 	264.627 	0.000 	motorbike	
2025-07-10 17:48:49,464 - PoinTr - INFO - 03325088	149	0.319 	50.539 	221.725 	0.000 	faucet	
2025-07-10 17:48:49,464 - PoinTr - INFO - 02801938	23	0.196 	60.420 	298.765 	0.000 	basket	
2025-07-10 17:48:49,464 - PoinTr - INFO - 03337140	60	0.220 	51.640 	189.796 	0.000 	file cabinet	
2025-07-10 17:48:49,464 - PoinTr - INFO - 02843684	15	0.187 	69.970 	256.453 	0.000 	birdhouse	
2025-07-10 17:48:49,464 - PoinTr - INFO - 03624134	85	0.666 	32.436 	149.780 	0.000 	knife	
2025-07-10 17:48:49,464 - PoinTr - INFO - 03991062	121	0.188 	72.141 	363.266 	0.000 	flowerpot	
2025-07-10 17:48:49,464 - PoinTr - INFO - 03948459	62	0.397 	43.744 	201.806 	0.000 	pistol	
2025-07-10 17:48:49,464 - PoinTr - INFO - 03928116	48	0.216 	50.524 	185.149 	0.000 	piano	
2025-07-10 17:48:49,464 - PoinTr - INFO - 03207941	19	0.245 	45.512 	150.016 	0.000 	dishwasher	
2025-07-10 17:48:49,464 - PoinTr - INFO - 04074963	14	0.405 	42.980 	203.348 	0.000 	remote	
2025-07-10 17:48:49,464 - PoinTr - INFO - 03085013	13	0.362 	53.709 	309.088 	0.000 	keyboard	
2025-07-10 17:48:49,464 - PoinTr - INFO - Overall		0.295 	54.613 	246.568 	0.000 	
2025-07-10 17:48:49,965 - PoinTr - INFO - Save checkpoint at ./experiments/PoinTr/ShapeNet55_models/PoinTr_fog/ckpt-last.pth
2025-07-10 17:48:51,663 - PoinTr - INFO - [Epoch 181/200][Batch 1/655] BatchTime = 1.698 (s) DataTime = 0.113 (s) Losses = ['268.6796', '46.4548'] lr = 0.0000470
2025-07-10 17:50:53,035 - PoinTr - INFO - [Epoch 181/200][Batch 101/655] BatchTime = 1.409 (s) DataTime = 0.001 (s) Losses = ['270.7591', '46.8422'] lr = 0.0000470
2025-07-10 17:52:54,120 - PoinTr - INFO - [Epoch 181/200][Batch 201/655] BatchTime = 1.275 (s) DataTime = 0.002 (s) Losses = ['267.4458', '46.7587'] lr = 0.0000470
2025-07-10 17:54:59,999 - PoinTr - INFO - [Epoch 181/200][Batch 301/655] BatchTime = 1.164 (s) DataTime = 0.001 (s) Losses = ['252.2358', '43.0047'] lr = 0.0000470
2025-07-10 17:56:57,382 - PoinTr - INFO - [Epoch 181/200][Batch 401/655] BatchTime = 1.796 (s) DataTime = 0.001 (s) Losses = ['254.0317', '45.2255'] lr = 0.0000470
2025-07-10 17:58:54,643 - PoinTr - INFO - [Epoch 181/200][Batch 501/655] BatchTime = 0.898 (s) DataTime = 0.001 (s) Losses = ['233.7129', '43.5520'] lr = 0.0000470
2025-07-10 18:00:55,365 - PoinTr - INFO - [Epoch 181/200][Batch 601/655] BatchTime = 0.684 (s) DataTime = 0.001 (s) Losses = ['267.5819', '47.3595'] lr = 0.0000470
2025-07-10 18:02:01,367 - PoinTr - INFO - [Training] EPOCH: 181 EpochTime = 791.401 (s) Losses = ['269.6514', '48.9977']
2025-07-10 18:02:01,847 - PoinTr - INFO - Save checkpoint at ./experiments/PoinTr/ShapeNet55_models/PoinTr_fog/ckpt-last.pth
2025-07-10 18:02:03,090 - PoinTr - INFO - [Epoch 182/200][Batch 1/655] BatchTime = 1.241 (s) DataTime = 0.112 (s) Losses = ['284.1491', '51.2664'] lr = 0.0000463
2025-07-10 18:04:06,859 - PoinTr - INFO - [Epoch 182/200][Batch 101/655] BatchTime = 1.440 (s) DataTime = 0.001 (s) Losses = ['266.4413', '49.8923'] lr = 0.0000463
2025-07-10 18:06:08,158 - PoinTr - INFO - [Epoch 182/200][Batch 201/655] BatchTime = 1.396 (s) DataTime = 0.001 (s) Losses = ['315.4293', '56.5496'] lr = 0.0000463
2025-07-10 18:08:06,959 - PoinTr - INFO - [Epoch 182/200][Batch 301/655] BatchTime = 1.351 (s) DataTime = 0.001 (s) Losses = ['246.4061', '44.6627'] lr = 0.0000463
2025-07-10 18:10:03,685 - PoinTr - INFO - [Epoch 182/200][Batch 401/655] BatchTime = 1.245 (s) DataTime = 0.001 (s) Losses = ['262.4476', '45.5012'] lr = 0.0000463
2025-07-10 18:12:05,136 - PoinTr - INFO - [Epoch 182/200][Batch 501/655] BatchTime = 1.158 (s) DataTime = 0.001 (s) Losses = ['245.5250', '45.1033'] lr = 0.0000463
2025-07-10 18:14:05,158 - PoinTr - INFO - [Epoch 182/200][Batch 601/655] BatchTime = 1.398 (s) DataTime = 0.001 (s) Losses = ['241.5283', '46.1956'] lr = 0.0000463
2025-07-10 18:15:11,522 - PoinTr - INFO - [Training] EPOCH: 182 EpochTime = 789.673 (s) Losses = ['269.3085', '48.8567']
2025-07-10 18:15:12,003 - PoinTr - INFO - Save checkpoint at ./experiments/PoinTr/ShapeNet55_models/PoinTr_fog/ckpt-last.pth
2025-07-10 18:15:13,215 - PoinTr - INFO - [Epoch 183/200][Batch 1/655] BatchTime = 1.211 (s) DataTime = 0.111 (s) Losses = ['271.4684', '49.4251'] lr = 0.0000457
2025-07-10 18:17:15,169 - PoinTr - INFO - [Epoch 183/200][Batch 101/655] BatchTime = 1.134 (s) DataTime = 0.001 (s) Losses = ['285.0785', '53.9486'] lr = 0.0000457
2025-07-10 18:19:17,241 - PoinTr - INFO - [Epoch 183/200][Batch 201/655] BatchTime = 1.708 (s) DataTime = 0.001 (s) Losses = ['266.8259', '43.8366'] lr = 0.0000457
2025-07-10 18:21:17,117 - PoinTr - INFO - [Epoch 183/200][Batch 301/655] BatchTime = 1.082 (s) DataTime = 0.001 (s) Losses = ['314.9157', '63.0084'] lr = 0.0000457
2025-07-10 18:23:15,415 - PoinTr - INFO - [Epoch 183/200][Batch 401/655] BatchTime = 1.007 (s) DataTime = 0.001 (s) Losses = ['230.1967', '44.7713'] lr = 0.0000457
2025-07-10 18:25:19,860 - PoinTr - INFO - [Epoch 183/200][Batch 501/655] BatchTime = 1.375 (s) DataTime = 0.001 (s) Losses = ['288.2470', '48.8653'] lr = 0.0000457
2025-07-10 18:27:17,457 - PoinTr - INFO - [Epoch 183/200][Batch 601/655] BatchTime = 1.150 (s) DataTime = 0.001 (s) Losses = ['244.1611', '43.1248'] lr = 0.0000457
2025-07-10 18:28:22,811 - PoinTr - INFO - [Training] EPOCH: 183 EpochTime = 790.806 (s) Losses = ['269.4186', '48.8681']
2025-07-10 18:28:23,294 - PoinTr - INFO - Save checkpoint at ./experiments/PoinTr/ShapeNet55_models/PoinTr_fog/ckpt-last.pth
2025-07-10 18:28:24,489 - PoinTr - INFO - [Epoch 184/200][Batch 1/655] BatchTime = 1.194 (s) DataTime = 0.112 (s) Losses = ['234.0194', '42.5662'] lr = 0.0000452
2025-07-10 18:30:28,796 - PoinTr - INFO - [Epoch 184/200][Batch 101/655] BatchTime = 1.471 (s) DataTime = 0.001 (s) Losses = ['311.0600', '50.4675'] lr = 0.0000452
2025-07-10 18:32:31,828 - PoinTr - INFO - [Epoch 184/200][Batch 201/655] BatchTime = 1.519 (s) DataTime = 0.001 (s) Losses = ['231.3428', '42.1483'] lr = 0.0000452
2025-07-10 18:34:35,771 - PoinTr - INFO - [Epoch 184/200][Batch 301/655] BatchTime = 1.078 (s) DataTime = 0.001 (s) Losses = ['269.4960', '47.6995'] lr = 0.0000452
2025-07-10 18:36:40,216 - PoinTr - INFO - [Epoch 184/200][Batch 401/655] BatchTime = 1.096 (s) DataTime = 0.001 (s) Losses = ['277.1136', '52.4701'] lr = 0.0000452
2025-07-10 18:38:41,863 - PoinTr - INFO - [Epoch 184/200][Batch 501/655] BatchTime = 1.855 (s) DataTime = 0.001 (s) Losses = ['275.3417', '44.5392'] lr = 0.0000452
2025-07-10 18:40:37,449 - PoinTr - INFO - [Epoch 184/200][Batch 601/655] BatchTime = 1.010 (s) DataTime = 0.001 (s) Losses = ['226.0281', '38.3294'] lr = 0.0000452
2025-07-10 18:41:42,994 - PoinTr - INFO - [Training] EPOCH: 184 EpochTime = 799.699 (s) Losses = ['270.2802', '49.2140']
2025-07-10 18:41:43,471 - PoinTr - INFO - Save checkpoint at ./experiments/PoinTr/ShapeNet55_models/PoinTr_fog/ckpt-last.pth
2025-07-10 18:41:44,462 - PoinTr - INFO - [Epoch 185/200][Batch 1/655] BatchTime = 0.990 (s) DataTime = 0.110 (s) Losses = ['292.7895', '57.2107'] lr = 0.0000446
2025-07-10 18:43:43,534 - PoinTr - INFO - [Epoch 185/200][Batch 101/655] BatchTime = 1.202 (s) DataTime = 0.002 (s) Losses = ['222.4004', '40.6242'] lr = 0.0000446
2025-07-10 18:45:39,519 - PoinTr - INFO - [Epoch 185/200][Batch 201/655] BatchTime = 1.167 (s) DataTime = 0.002 (s) Losses = ['274.6443', '47.8419'] lr = 0.0000446
2025-07-10 18:47:43,195 - PoinTr - INFO - [Epoch 185/200][Batch 301/655] BatchTime = 1.498 (s) DataTime = 0.002 (s) Losses = ['268.2747', '48.4842'] lr = 0.0000446
2025-07-10 18:49:43,081 - PoinTr - INFO - [Epoch 185/200][Batch 401/655] BatchTime = 1.126 (s) DataTime = 0.002 (s) Losses = ['234.9561', '42.1987'] lr = 0.0000446
2025-07-10 18:51:46,658 - PoinTr - INFO - [Epoch 185/200][Batch 501/655] BatchTime = 1.197 (s) DataTime = 0.002 (s) Losses = ['280.6569', '55.5060'] lr = 0.0000446
2025-07-10 18:53:49,161 - PoinTr - INFO - [Epoch 185/200][Batch 601/655] BatchTime = 1.347 (s) DataTime = 0.002 (s) Losses = ['303.1611', '53.0285'] lr = 0.0000446
2025-07-10 18:54:51,114 - PoinTr - INFO - [Training] EPOCH: 185 EpochTime = 787.642 (s) Losses = ['270.4131', '49.1879']
2025-07-10 18:54:51,114 - PoinTr - INFO - [VALIDATION] Start validating epoch 185
2025-07-10 18:55:30,441 - PoinTr - INFO - Test[1051/10518] Taxonomy = 02691156 Sample = c7749c0a8b61f43bc9b9e28055202e3d Losses = ['427.5405', '1910.2917', '111.8522', '584.2884'] Metrics = ['0.3079', '111.8522', '584.2883', '0.0000']
2025-07-10 18:56:08,002 - PoinTr - INFO - Test[2102/10518] Taxonomy = 03211117 Sample = ab2f9418c111cc6ddb965514105122a4 Losses = ['339.9568', '1900.8609', '26.7417', '83.2562'] Metrics = ['0.3936', '26.7417', '83.2562', '0.0000']
2025-07-10 18:56:44,019 - PoinTr - INFO - Test[3153/10518] Taxonomy = 02876657 Sample = c5032e4be091aabb36fe7a88df793982 Losses = ['453.1049', '3227.0319', '44.7718', '170.3343'] Metrics = ['0.2607', '44.7718', '170.3343', '0.0000']
2025-07-10 18:57:23,160 - PoinTr - INFO - Test[4204/10518] Taxonomy = 03211117 Sample = 722df1da5778d45b1e43523279c7f09f Losses = ['60.9267', '83.9946', '25.0176', '5.9426'] Metrics = ['0.2751', '25.0176', '5.9426', '0.0000']
2025-07-10 18:58:00,306 - PoinTr - INFO - Test[5255/10518] Taxonomy = 02828884 Sample = 14b63361a48a9fffe4a048c146e8bd43 Losses = ['307.8594', '951.6389', '61.3284', '207.5526'] Metrics = ['0.2773', '61.3284', '207.5526', '0.0000']
2025-07-10 18:58:36,898 - PoinTr - INFO - Test[6306/10518] Taxonomy = 03211117 Sample = d330d50a0255529d19ed6e1a590c9122 Losses = ['385.9369', '1721.2882', '95.3775', '459.6861'] Metrics = ['0.2876', '95.3775', '459.6861', '0.0000']
2025-07-10 18:59:12,855 - PoinTr - INFO - Test[7357/10518] Taxonomy = 04379243 Sample = b1ca280d9567270ade98d10ab5975b59 Losses = ['330.8370', '2273.6177', '40.0856', '139.8121'] Metrics = ['0.2481', '40.0856', '139.8121', '0.0000']
2025-07-10 18:59:52,475 - PoinTr - INFO - Test[8408/10518] Taxonomy = 03001627 Sample = 89208a619341d9fdb8c516ed5c4ce32 Losses = ['271.3780', '701.2418', '64.2313', '178.0406'] Metrics = ['0.1932', '64.2313', '178.0406', '0.0000']
2025-07-10 19:00:30,099 - PoinTr - INFO - Test[9459/10518] Taxonomy = 03001627 Sample = d0255120e3351121c3bd24f986301745 Losses = ['532.2105', '3431.9215', '103.2017', '564.8379'] Metrics = ['0.1327', '103.2017', '564.8380', '0.0000']
2025-07-10 19:01:08,254 - PoinTr - INFO - Test[10510/10518] Taxonomy = 03636649 Sample = ea9ec4d9db2e06202471e6dd5ac3ef92 Losses = ['537.2515', '2913.1446', '138.1964', '938.9259'] Metrics = ['0.4229', '138.1964', '938.9258', '0.0000']
2025-07-10 19:01:08,719 - PoinTr - INFO - [Validation] EPOCH: 185  Metrics = ['0.2930', '54.1457', '246.7557', '0.0000']
2025-07-10 19:01:08,719 - PoinTr - INFO - ============================ TEST RESULTS ============================
2025-07-10 19:01:08,719 - PoinTr - INFO - Taxonomy	#Sample	F-Score	CDL1	CDL2	EMDistance	#ModelName	
2025-07-10 19:01:08,719 - PoinTr - INFO - 03759954	14	0.401 	58.860 	278.332 	0.000 	microphone	
2025-07-10 19:01:08,719 - PoinTr - INFO - 04330267	44	0.235 	58.785 	248.073 	0.000 	stove	
2025-07-10 19:01:08,719 - PoinTr - INFO - 03261776	15	0.254 	54.089 	216.118 	0.000 	earphone	
2025-07-10 19:01:08,719 - PoinTr - INFO - 03513137	33	0.180 	81.453 	444.995 	0.000 	helmet	
2025-07-10 19:01:08,719 - PoinTr - INFO - 04460130	27	0.317 	46.842 	195.314 	0.000 	tower	
2025-07-10 19:01:08,719 - PoinTr - INFO - 04468005	78	0.263 	46.059 	185.302 	0.000 	train	
2025-07-10 19:01:08,719 - PoinTr - INFO - 03761084	31	0.245 	47.348 	152.589 	0.000 	microwaves	
2025-07-10 19:01:08,719 - PoinTr - INFO - 04004475	34	0.210 	62.820 	242.825 	0.000 	printer	
2025-07-10 19:01:08,719 - PoinTr - INFO - 03938244	20	0.256 	58.674 	283.243 	0.000 	pillow	
2025-07-10 19:01:08,719 - PoinTr - INFO - 02992529	167	0.363 	47.734 	225.081 	0.000 	cellphone	
2025-07-10 19:01:08,719 - PoinTr - INFO - 02808440	172	0.222 	60.202 	271.857 	0.000 	bathtub	
2025-07-10 19:01:08,719 - PoinTr - INFO - 04530566	388	0.311 	48.573 	217.972 	0.000 	watercraft	
2025-07-10 19:01:08,719 - PoinTr - INFO - 02871439	91	0.210 	57.374 	237.374 	0.000 	bookshelf	
2025-07-10 19:01:08,719 - PoinTr - INFO - 03593526	120	0.224 	66.287 	340.069 	0.000 	jar	
2025-07-10 19:01:08,719 - PoinTr - INFO - 04554684	34	0.237 	51.234 	168.876 	0.000 	washer	
2025-07-10 19:01:08,719 - PoinTr - INFO - 03467517	160	0.713 	29.449 	124.209 	0.000 	guitar	
2025-07-10 19:01:08,719 - PoinTr - INFO - 04401088	218	0.377 	48.936 	245.016 	0.000 	telephone	
2025-07-10 19:01:08,719 - PoinTr - INFO - 02954340	12	0.282 	65.032 	371.759 	0.000 	cap	
2025-07-10 19:01:08,719 - PoinTr - INFO - 02933112	315	0.224 	49.965 	194.965 	0.000 	cabinet	
2025-07-10 19:01:08,719 - PoinTr - INFO - 03642806	92	0.318 	44.876 	189.135 	0.000 	laptop	
2025-07-10 19:01:08,719 - PoinTr - INFO - 02924116	188	0.269 	48.944 	209.347 	0.000 	bus	
2025-07-10 19:01:08,719 - PoinTr - INFO - 02946921	22	0.260 	52.054 	240.640 	0.000 	can	
2025-07-10 19:01:08,719 - PoinTr - INFO - 02818832	47	0.192 	57.975 	204.008 	0.000 	bed	
2025-07-10 19:01:08,719 - PoinTr - INFO - 04256520	635	0.209 	51.193 	193.720 	0.000 	sofa	
2025-07-10 19:01:08,719 - PoinTr - INFO - 04379243	1687	0.321 	48.600 	212.166 	0.000 	table	
2025-07-10 19:01:08,719 - PoinTr - INFO - 02747177	69	0.182 	69.788 	341.234 	0.000 	trash bin	
2025-07-10 19:01:08,720 - PoinTr - INFO - 03046257	131	0.255 	64.682 	363.169 	0.000 	clock	
2025-07-10 19:01:08,720 - PoinTr - INFO - 04225987	31	0.422 	46.017 	256.327 	0.000 	skateboard	
2025-07-10 19:01:08,720 - PoinTr - INFO - 03797390	43	0.184 	60.499 	271.090 	0.000 	mug	
2025-07-10 19:01:08,720 - PoinTr - INFO - 03001627	1356	0.252 	50.738 	202.257 	0.000 	chair	
2025-07-10 19:01:08,720 - PoinTr - INFO - 03691459	320	0.227 	57.691 	234.920 	0.000 	loudspeaker	
2025-07-10 19:01:08,720 - PoinTr - INFO - 02942699	23	0.195 	59.755 	244.812 	0.000 	camera	
2025-07-10 19:01:08,720 - PoinTr - INFO - 03636649	464	0.366 	50.935 	215.695 	0.000 	lamp	
2025-07-10 19:01:08,720 - PoinTr - INFO - 02691156	809	0.392 	60.177 	397.125 	0.000 	airplane	
2025-07-10 19:01:08,720 - PoinTr - INFO - 02773838	17	0.254 	78.053 	441.313 	0.000 	bag	
2025-07-10 19:01:08,720 - PoinTr - INFO - 02958343	703	0.181 	55.831 	251.552 	0.000 	car	
2025-07-10 19:01:08,720 - PoinTr - INFO - 02880940	38	0.199 	87.033 	560.440 	0.000 	bowl	
2025-07-10 19:01:08,720 - PoinTr - INFO - 04099429	17	0.508 	39.588 	181.576 	0.000 	rocket	
2025-07-10 19:01:08,720 - PoinTr - INFO - 02828884	363	0.315 	49.394 	219.370 	0.000 	bench	
2025-07-10 19:01:08,720 - PoinTr - INFO - 04090263	475	0.567 	39.855 	193.033 	0.000 	rifle	
2025-07-10 19:01:08,720 - PoinTr - INFO - 03211117	219	0.277 	48.438 	204.559 	0.000 	display	
2025-07-10 19:01:08,720 - PoinTr - INFO - 02876657	100	0.329 	45.568 	200.390 	0.000 	bottle	
2025-07-10 19:01:08,720 - PoinTr - INFO - 03710193	19	0.374 	42.308 	149.142 	0.000 	mailbox	
2025-07-10 19:01:08,720 - PoinTr - INFO - 03790512	68	0.184 	61.286 	291.943 	0.000 	motorbike	
2025-07-10 19:01:08,720 - PoinTr - INFO - 03325088	149	0.312 	52.990 	238.821 	0.000 	faucet	
2025-07-10 19:01:08,720 - PoinTr - INFO - 02801938	23	0.217 	60.264 	304.853 	0.000 	basket	
2025-07-10 19:01:08,720 - PoinTr - INFO - 03337140	60	0.226 	47.649 	177.521 	0.000 	file cabinet	
2025-07-10 19:01:08,720 - PoinTr - INFO - 02843684	15	0.187 	70.976 	293.361 	0.000 	birdhouse	
2025-07-10 19:01:08,720 - PoinTr - INFO - 03624134	85	0.665 	35.479 	172.892 	0.000 	knife	
2025-07-10 19:01:08,720 - PoinTr - INFO - 03991062	121	0.182 	73.615 	376.862 	0.000 	flowerpot	
2025-07-10 19:01:08,720 - PoinTr - INFO - 03948459	62	0.370 	35.111 	126.025 	0.000 	pistol	
2025-07-10 19:01:08,720 - PoinTr - INFO - 03928116	48	0.214 	56.389 	223.230 	0.000 	piano	
2025-07-10 19:01:08,720 - PoinTr - INFO - 03207941	19	0.260 	44.914 	146.434 	0.000 	dishwasher	
2025-07-10 19:01:08,720 - PoinTr - INFO - 04074963	14	0.363 	43.727 	172.278 	0.000 	remote	
2025-07-10 19:01:08,720 - PoinTr - INFO - 03085013	13	0.359 	45.908 	226.350 	0.000 	keyboard	
2025-07-10 19:01:08,720 - PoinTr - INFO - Overall		0.293 	54.146 	246.756 	0.000 	
2025-07-10 19:01:09,221 - PoinTr - INFO - Save checkpoint at ./experiments/PoinTr/ShapeNet55_models/PoinTr_fog/ckpt-last.pth
2025-07-10 19:01:10,492 - PoinTr - INFO - [Epoch 186/200][Batch 1/655] BatchTime = 1.270 (s) DataTime = 0.117 (s) Losses = ['241.2992', '41.5673'] lr = 0.0000440
2025-07-10 19:03:09,438 - PoinTr - INFO - [Epoch 186/200][Batch 101/655] BatchTime = 1.123 (s) DataTime = 0.001 (s) Losses = ['300.1708', '54.2336'] lr = 0.0000440
2025-07-10 19:05:09,780 - PoinTr - INFO - [Epoch 186/200][Batch 201/655] BatchTime = 1.272 (s) DataTime = 0.001 (s) Losses = ['321.8578', '59.1278'] lr = 0.0000440
2025-07-10 19:07:08,418 - PoinTr - INFO - [Epoch 186/200][Batch 301/655] BatchTime = 0.714 (s) DataTime = 0.001 (s) Losses = ['268.9393', '47.7166'] lr = 0.0000440
2025-07-10 19:09:12,249 - PoinTr - INFO - [Epoch 186/200][Batch 401/655] BatchTime = 1.304 (s) DataTime = 0.002 (s) Losses = ['227.2711', '41.3971'] lr = 0.0000440
2025-07-10 19:11:12,307 - PoinTr - INFO - [Epoch 186/200][Batch 501/655] BatchTime = 0.896 (s) DataTime = 0.001 (s) Losses = ['232.8291', '45.0976'] lr = 0.0000440
2025-07-10 19:13:10,572 - PoinTr - INFO - [Epoch 186/200][Batch 601/655] BatchTime = 1.270 (s) DataTime = 0.002 (s) Losses = ['289.8300', '49.2656'] lr = 0.0000440
2025-07-10 19:14:15,658 - PoinTr - INFO - [Training] EPOCH: 186 EpochTime = 786.436 (s) Losses = ['269.4523', '48.9046']
2025-07-10 19:14:16,171 - PoinTr - INFO - Save checkpoint at ./experiments/PoinTr/ShapeNet55_models/PoinTr_fog/ckpt-last.pth
2025-07-10 19:14:17,785 - PoinTr - INFO - [Epoch 187/200][Batch 1/655] BatchTime = 1.614 (s) DataTime = 0.113 (s) Losses = ['284.5374', '50.1961'] lr = 0.0000434
2025-07-10 19:16:19,492 - PoinTr - INFO - [Epoch 187/200][Batch 101/655] BatchTime = 1.237 (s) DataTime = 0.001 (s) Losses = ['245.9065', '45.5116'] lr = 0.0000434
2025-07-10 19:18:23,781 - PoinTr - INFO - [Epoch 187/200][Batch 201/655] BatchTime = 1.288 (s) DataTime = 0.002 (s) Losses = ['259.0378', '47.9431'] lr = 0.0000434
2025-07-10 19:20:24,607 - PoinTr - INFO - [Epoch 187/200][Batch 301/655] BatchTime = 0.752 (s) DataTime = 0.001 (s) Losses = ['254.7145', '48.1318'] lr = 0.0000434
2025-07-10 19:22:29,216 - PoinTr - INFO - [Epoch 187/200][Batch 401/655] BatchTime = 1.326 (s) DataTime = 0.001 (s) Losses = ['286.8773', '58.0558'] lr = 0.0000434
2025-07-10 19:24:31,385 - PoinTr - INFO - [Epoch 187/200][Batch 501/655] BatchTime = 1.045 (s) DataTime = 0.002 (s) Losses = ['287.7884', '47.5102'] lr = 0.0000434
2025-07-10 19:26:26,375 - PoinTr - INFO - [Epoch 187/200][Batch 601/655] BatchTime = 1.237 (s) DataTime = 0.001 (s) Losses = ['232.7244', '39.3298'] lr = 0.0000434
2025-07-10 19:27:29,671 - PoinTr - INFO - [Training] EPOCH: 187 EpochTime = 793.499 (s) Losses = ['270.0811', '49.2292']
2025-07-10 19:27:30,150 - PoinTr - INFO - Save checkpoint at ./experiments/PoinTr/ShapeNet55_models/PoinTr_fog/ckpt-last.pth
2025-07-10 19:27:31,155 - PoinTr - INFO - [Epoch 188/200][Batch 1/655] BatchTime = 1.004 (s) DataTime = 0.111 (s) Losses = ['255.5895', '48.2177'] lr = 0.0000429
2025-07-10 19:29:30,882 - PoinTr - INFO - [Epoch 188/200][Batch 101/655] BatchTime = 1.116 (s) DataTime = 0.001 (s) Losses = ['294.3209', '52.2802'] lr = 0.0000429
2025-07-10 19:31:32,958 - PoinTr - INFO - [Epoch 188/200][Batch 201/655] BatchTime = 1.423 (s) DataTime = 0.001 (s) Losses = ['283.3598', '51.3245'] lr = 0.0000429
2025-07-10 19:33:29,933 - PoinTr - INFO - [Epoch 188/200][Batch 301/655] BatchTime = 0.892 (s) DataTime = 0.001 (s) Losses = ['278.9330', '57.1501'] lr = 0.0000429
2025-07-10 19:35:27,788 - PoinTr - INFO - [Epoch 188/200][Batch 401/655] BatchTime = 1.276 (s) DataTime = 0.001 (s) Losses = ['268.8215', '53.1807'] lr = 0.0000429
2025-07-10 19:37:31,187 - PoinTr - INFO - [Epoch 188/200][Batch 501/655] BatchTime = 1.103 (s) DataTime = 0.002 (s) Losses = ['268.7290', '46.6701'] lr = 0.0000429
2025-07-10 19:39:29,213 - PoinTr - INFO - [Epoch 188/200][Batch 601/655] BatchTime = 1.886 (s) DataTime = 0.001 (s) Losses = ['265.9413', '45.7984'] lr = 0.0000429
2025-07-10 19:40:36,018 - PoinTr - INFO - [Training] EPOCH: 188 EpochTime = 785.867 (s) Losses = ['271.1354', '49.2157']
2025-07-10 19:40:36,500 - PoinTr - INFO - Save checkpoint at ./experiments/PoinTr/ShapeNet55_models/PoinTr_fog/ckpt-last.pth
2025-07-10 19:40:38,323 - PoinTr - INFO - [Epoch 189/200][Batch 1/655] BatchTime = 1.822 (s) DataTime = 0.112 (s) Losses = ['268.4892', '48.7242'] lr = 0.0000423
2025-07-10 19:42:37,786 - PoinTr - INFO - [Epoch 189/200][Batch 101/655] BatchTime = 1.473 (s) DataTime = 0.001 (s) Losses = ['272.6472', '53.1758'] lr = 0.0000423
2025-07-10 19:44:39,323 - PoinTr - INFO - [Epoch 189/200][Batch 201/655] BatchTime = 1.202 (s) DataTime = 0.001 (s) Losses = ['299.7341', '48.5535'] lr = 0.0000423
2025-07-10 19:46:43,996 - PoinTr - INFO - [Epoch 189/200][Batch 301/655] BatchTime = 0.945 (s) DataTime = 0.001 (s) Losses = ['265.6752', '49.7379'] lr = 0.0000423
2025-07-10 19:48:46,496 - PoinTr - INFO - [Epoch 189/200][Batch 401/655] BatchTime = 1.189 (s) DataTime = 0.001 (s) Losses = ['245.8105', '41.0618'] lr = 0.0000423
2025-07-10 19:50:47,123 - PoinTr - INFO - [Epoch 189/200][Batch 501/655] BatchTime = 1.378 (s) DataTime = 0.001 (s) Losses = ['292.2587', '52.4751'] lr = 0.0000423
2025-07-10 19:52:41,775 - PoinTr - INFO - [Epoch 189/200][Batch 601/655] BatchTime = 0.819 (s) DataTime = 0.001 (s) Losses = ['260.1908', '48.8382'] lr = 0.0000423
2025-07-10 19:53:46,719 - PoinTr - INFO - [Training] EPOCH: 189 EpochTime = 790.218 (s) Losses = ['270.4558', '49.3408']
2025-07-10 19:53:47,203 - PoinTr - INFO - Save checkpoint at ./experiments/PoinTr/ShapeNet55_models/PoinTr_fog/ckpt-last.pth
2025-07-10 19:53:48,410 - PoinTr - INFO - [Epoch 190/200][Batch 1/655] BatchTime = 1.206 (s) DataTime = 0.113 (s) Losses = ['262.1899', '51.2028'] lr = 0.0000417
2025-07-10 19:55:54,022 - PoinTr - INFO - [Epoch 190/200][Batch 101/655] BatchTime = 1.071 (s) DataTime = 0.002 (s) Losses = ['252.1920', '48.1136'] lr = 0.0000417
2025-07-10 19:57:55,112 - PoinTr - INFO - [Epoch 190/200][Batch 201/655] BatchTime = 1.215 (s) DataTime = 0.001 (s) Losses = ['262.6494', '46.3019'] lr = 0.0000417
2025-07-10 19:59:56,722 - PoinTr - INFO - [Epoch 190/200][Batch 301/655] BatchTime = 1.315 (s) DataTime = 0.002 (s) Losses = ['287.8231', '49.0653'] lr = 0.0000417
2025-07-10 20:02:04,559 - PoinTr - INFO - [Epoch 190/200][Batch 401/655] BatchTime = 1.013 (s) DataTime = 0.001 (s) Losses = ['267.0778', '52.3080'] lr = 0.0000417
2025-07-10 20:04:07,428 - PoinTr - INFO - [Epoch 190/200][Batch 501/655] BatchTime = 1.224 (s) DataTime = 0.002 (s) Losses = ['292.7747', '56.0556'] lr = 0.0000417
2025-07-10 20:06:06,693 - PoinTr - INFO - [Epoch 190/200][Batch 601/655] BatchTime = 1.100 (s) DataTime = 0.001 (s) Losses = ['240.6532', '41.7130'] lr = 0.0000417
2025-07-10 20:07:11,331 - PoinTr - INFO - [Training] EPOCH: 190 EpochTime = 804.127 (s) Losses = ['269.4789', '48.9213']
2025-07-10 20:07:11,331 - PoinTr - INFO - [VALIDATION] Start validating epoch 190
2025-07-10 20:07:49,534 - PoinTr - INFO - Test[1051/10518] Taxonomy = 02691156 Sample = c7749c0a8b61f43bc9b9e28055202e3d Losses = ['222.1603', '1520.2334', '36.4028', '158.0261'] Metrics = ['0.3480', '36.4028', '158.0261', '0.0000']
2025-07-10 20:08:26,717 - PoinTr - INFO - Test[2102/10518] Taxonomy = 03211117 Sample = ab2f9418c111cc6ddb965514105122a4 Losses = ['85.9771', '198.0602', '20.3246', '18.8573'] Metrics = ['0.3364', '20.3246', '18.8573', '0.0000']
2025-07-10 20:09:05,118 - PoinTr - INFO - Test[3153/10518] Taxonomy = 02876657 Sample = c5032e4be091aabb36fe7a88df793982 Losses = ['72.4143', '145.6292', '30.1878', '9.0821'] Metrics = ['0.2606', '30.1878', '9.0821', '0.0000']
2025-07-10 20:09:43,356 - PoinTr - INFO - Test[4204/10518] Taxonomy = 03211117 Sample = 722df1da5778d45b1e43523279c7f09f Losses = ['352.2143', '1213.7736', '73.4760', '261.2225'] Metrics = ['0.2271', '73.4760', '261.2225', '0.0000']
2025-07-10 20:10:22,175 - PoinTr - INFO - Test[5255/10518] Taxonomy = 02828884 Sample = 14b63361a48a9fffe4a048c146e8bd43 Losses = ['165.9595', '817.2832', '19.9884', '20.2711'] Metrics = ['0.4135', '19.9884', '20.2711', '0.0000']
2025-07-10 20:11:00,138 - PoinTr - INFO - Test[6306/10518] Taxonomy = 03211117 Sample = d330d50a0255529d19ed6e1a590c9122 Losses = ['419.0746', '2123.3406', '63.6149', '342.1072'] Metrics = ['0.3528', '63.6149', '342.1072', '0.0000']
2025-07-10 20:11:36,832 - PoinTr - INFO - Test[7357/10518] Taxonomy = 04379243 Sample = b1ca280d9567270ade98d10ab5975b59 Losses = ['351.3435', '1552.4482', '96.2944', '502.0404'] Metrics = ['0.2496', '96.2943', '502.0404', '0.0000']
2025-07-10 20:12:13,619 - PoinTr - INFO - Test[8408/10518] Taxonomy = 03001627 Sample = 89208a619341d9fdb8c516ed5c4ce32 Losses = ['194.1918', '602.1082', '37.6509', '76.3856'] Metrics = ['0.1867', '37.6509', '76.3856', '0.0000']
2025-07-10 20:12:50,793 - PoinTr - INFO - Test[9459/10518] Taxonomy = 03001627 Sample = d0255120e3351121c3bd24f986301745 Losses = ['110.4972', '386.4512', '29.9429', '25.6483'] Metrics = ['0.2031', '29.9429', '25.6483', '0.0000']
2025-07-10 20:13:29,156 - PoinTr - INFO - Test[10510/10518] Taxonomy = 03636649 Sample = ea9ec4d9db2e06202471e6dd5ac3ef92 Losses = ['424.4978', '1885.2196', '92.8036', '504.8503'] Metrics = ['0.5077', '92.8036', '504.8503', '0.0000']
2025-07-10 20:13:29,499 - PoinTr - INFO - [Validation] EPOCH: 190  Metrics = ['0.3022', '52.6653', '238.7168', '0.0000']
2025-07-10 20:13:29,499 - PoinTr - INFO - ============================ TEST RESULTS ============================
2025-07-10 20:13:29,499 - PoinTr - INFO - Taxonomy	#Sample	F-Score	CDL1	CDL2	EMDistance	#ModelName	
2025-07-10 20:13:29,499 - PoinTr - INFO - 03759954	14	0.425 	39.019 	131.853 	0.000 	microphone	
2025-07-10 20:13:29,499 - PoinTr - INFO - 04330267	44	0.252 	44.791 	148.191 	0.000 	stove	
2025-07-10 20:13:29,499 - PoinTr - INFO - 03261776	15	0.254 	52.974 	233.002 	0.000 	earphone	
2025-07-10 20:13:29,499 - PoinTr - INFO - 03513137	33	0.189 	77.801 	383.534 	0.000 	helmet	
2025-07-10 20:13:29,499 - PoinTr - INFO - 04460130	27	0.312 	58.886 	289.573 	0.000 	tower	
2025-07-10 20:13:29,499 - PoinTr - INFO - 04468005	78	0.294 	48.243 	217.367 	0.000 	train	
2025-07-10 20:13:29,499 - PoinTr - INFO - 03761084	31	0.253 	47.506 	166.970 	0.000 	microwaves	
2025-07-10 20:13:29,499 - PoinTr - INFO - 04004475	34	0.227 	50.740 	161.378 	0.000 	printer	
2025-07-10 20:13:29,499 - PoinTr - INFO - 03938244	20	0.287 	49.513 	188.074 	0.000 	pillow	
2025-07-10 20:13:29,499 - PoinTr - INFO - 02992529	167	0.379 	47.126 	236.942 	0.000 	cellphone	
2025-07-10 20:13:29,499 - PoinTr - INFO - 02808440	172	0.242 	55.494 	243.178 	0.000 	bathtub	
2025-07-10 20:13:29,499 - PoinTr - INFO - 04530566	388	0.351 	49.023 	231.527 	0.000 	watercraft	
2025-07-10 20:13:29,499 - PoinTr - INFO - 02871439	91	0.212 	54.894 	231.915 	0.000 	bookshelf	
2025-07-10 20:13:29,499 - PoinTr - INFO - 03593526	120	0.231 	66.670 	348.548 	0.000 	jar	
2025-07-10 20:13:29,499 - PoinTr - INFO - 04554684	34	0.239 	48.086 	157.925 	0.000 	washer	
2025-07-10 20:13:29,499 - PoinTr - INFO - 03467517	160	0.690 	28.613 	114.374 	0.000 	guitar	
2025-07-10 20:13:29,499 - PoinTr - INFO - 04401088	218	0.401 	45.474 	223.343 	0.000 	telephone	
2025-07-10 20:13:29,499 - PoinTr - INFO - 02954340	12	0.249 	72.373 	384.772 	0.000 	cap	
2025-07-10 20:13:29,499 - PoinTr - INFO - 02933112	315	0.227 	50.173 	195.937 	0.000 	cabinet	
2025-07-10 20:13:29,499 - PoinTr - INFO - 03642806	92	0.327 	44.646 	197.021 	0.000 	laptop	
2025-07-10 20:13:29,499 - PoinTr - INFO - 02924116	188	0.306 	46.710 	197.827 	0.000 	bus	
2025-07-10 20:13:29,499 - PoinTr - INFO - 02946921	22	0.246 	67.480 	354.194 	0.000 	can	
2025-07-10 20:13:29,499 - PoinTr - INFO - 02818832	47	0.205 	52.758 	172.538 	0.000 	bed	
2025-07-10 20:13:29,499 - PoinTr - INFO - 04256520	635	0.220 	52.935 	212.570 	0.000 	sofa	
2025-07-10 20:13:29,499 - PoinTr - INFO - 04379243	1687	0.319 	48.228 	212.793 	0.000 	table	
2025-07-10 20:13:29,499 - PoinTr - INFO - 02747177	69	0.193 	62.206 	298.111 	0.000 	trash bin	
2025-07-10 20:13:29,499 - PoinTr - INFO - 03046257	131	0.264 	71.192 	435.005 	0.000 	clock	
2025-07-10 20:13:29,499 - PoinTr - INFO - 04225987	31	0.427 	51.894 	295.691 	0.000 	skateboard	
2025-07-10 20:13:29,499 - PoinTr - INFO - 03797390	43	0.187 	66.183 	321.101 	0.000 	mug	
2025-07-10 20:13:29,499 - PoinTr - INFO - 03001627	1356	0.260 	49.060 	192.948 	0.000 	chair	
2025-07-10 20:13:29,500 - PoinTr - INFO - 03691459	320	0.234 	61.487 	266.170 	0.000 	loudspeaker	
2025-07-10 20:13:29,500 - PoinTr - INFO - 02942699	23	0.187 	67.820 	303.345 	0.000 	camera	
2025-07-10 20:13:29,500 - PoinTr - INFO - 03636649	464	0.378 	49.475 	215.468 	0.000 	lamp	
2025-07-10 20:13:29,500 - PoinTr - INFO - 02691156	809	0.406 	60.609 	406.310 	0.000 	airplane	
2025-07-10 20:13:29,500 - PoinTr - INFO - 02773838	17	0.260 	44.827 	155.315 	0.000 	bag	
2025-07-10 20:13:29,500 - PoinTr - INFO - 02958343	703	0.194 	55.009 	248.284 	0.000 	car	
2025-07-10 20:13:29,500 - PoinTr - INFO - 02880940	38	0.217 	76.161 	481.344 	0.000 	bowl	
2025-07-10 20:13:29,500 - PoinTr - INFO - 04099429	17	0.557 	31.034 	112.882 	0.000 	rocket	
2025-07-10 20:13:29,500 - PoinTr - INFO - 02828884	363	0.319 	46.670 	202.330 	0.000 	bench	
2025-07-10 20:13:29,500 - PoinTr - INFO - 04090263	475	0.582 	39.343 	189.490 	0.000 	rifle	
2025-07-10 20:13:29,500 - PoinTr - INFO - 03211117	219	0.276 	50.566 	222.509 	0.000 	display	
2025-07-10 20:13:29,500 - PoinTr - INFO - 02876657	100	0.346 	51.615 	263.241 	0.000 	bottle	
2025-07-10 20:13:29,500 - PoinTr - INFO - 03710193	19	0.388 	40.631 	154.282 	0.000 	mailbox	
2025-07-10 20:13:29,500 - PoinTr - INFO - 03790512	68	0.193 	54.379 	252.809 	0.000 	motorbike	
2025-07-10 20:13:29,500 - PoinTr - INFO - 03325088	149	0.318 	53.845 	250.357 	0.000 	faucet	
2025-07-10 20:13:29,500 - PoinTr - INFO - 02801938	23	0.207 	59.964 	234.790 	0.000 	basket	
2025-07-10 20:13:29,500 - PoinTr - INFO - 03337140	60	0.244 	47.865 	173.085 	0.000 	file cabinet	
2025-07-10 20:13:29,500 - PoinTr - INFO - 02843684	15	0.208 	52.007 	185.132 	0.000 	birdhouse	
2025-07-10 20:13:29,500 - PoinTr - INFO - 03624134	85	0.633 	34.941 	157.846 	0.000 	knife	
2025-07-10 20:13:29,500 - PoinTr - INFO - 03991062	121	0.187 	74.415 	396.847 	0.000 	flowerpot	
2025-07-10 20:13:29,500 - PoinTr - INFO - 03948459	62	0.390 	39.572 	167.890 	0.000 	pistol	
2025-07-10 20:13:29,500 - PoinTr - INFO - 03928116	48	0.229 	48.222 	165.973 	0.000 	piano	
2025-07-10 20:13:29,500 - PoinTr - INFO - 03207941	19	0.246 	59.184 	273.157 	0.000 	dishwasher	
2025-07-10 20:13:29,500 - PoinTr - INFO - 04074963	14	0.382 	52.126 	266.444 	0.000 	remote	
2025-07-10 20:13:29,500 - PoinTr - INFO - 03085013	13	0.372 	44.131 	205.923 	0.000 	keyboard	
2025-07-10 20:13:29,500 - PoinTr - INFO - Overall		0.302 	52.665 	238.717 	0.000 	
2025-07-10 20:13:29,997 - PoinTr - INFO - Save checkpoint at ./experiments/PoinTr/ShapeNet55_models/PoinTr_fog/ckpt-last.pth
2025-07-10 20:13:31,204 - PoinTr - INFO - [Epoch 191/200][Batch 1/655] BatchTime = 1.206 (s) DataTime = 0.116 (s) Losses = ['278.9343', '48.5102'] lr = 0.0000412
2025-07-10 20:15:35,673 - PoinTr - INFO - [Epoch 191/200][Batch 101/655] BatchTime = 1.265 (s) DataTime = 0.002 (s) Losses = ['268.0078', '48.1187'] lr = 0.0000412
2025-07-10 20:17:38,724 - PoinTr - INFO - [Epoch 191/200][Batch 201/655] BatchTime = 1.177 (s) DataTime = 0.001 (s) Losses = ['268.6390', '49.4557'] lr = 0.0000412
2025-07-10 20:19:36,930 - PoinTr - INFO - [Epoch 191/200][Batch 301/655] BatchTime = 1.235 (s) DataTime = 0.001 (s) Losses = ['280.9569', '49.2972'] lr = 0.0000412
2025-07-10 20:21:35,747 - PoinTr - INFO - [Epoch 191/200][Batch 401/655] BatchTime = 0.917 (s) DataTime = 0.001 (s) Losses = ['288.7274', '56.4414'] lr = 0.0000412
2025-07-10 20:23:37,978 - PoinTr - INFO - [Epoch 191/200][Batch 501/655] BatchTime = 0.965 (s) DataTime = 0.001 (s) Losses = ['270.1012', '51.1698'] lr = 0.0000412
2025-07-10 20:25:36,860 - PoinTr - INFO - [Epoch 191/200][Batch 601/655] BatchTime = 1.342 (s) DataTime = 0.001 (s) Losses = ['272.4141', '50.6141'] lr = 0.0000412
2025-07-10 20:26:45,307 - PoinTr - INFO - [Training] EPOCH: 191 EpochTime = 795.309 (s) Losses = ['270.3998', '48.9819']
2025-07-10 20:26:45,782 - PoinTr - INFO - Save checkpoint at ./experiments/PoinTr/ShapeNet55_models/PoinTr_fog/ckpt-last.pth
2025-07-10 20:26:47,125 - PoinTr - INFO - [Epoch 192/200][Batch 1/655] BatchTime = 1.343 (s) DataTime = 0.110 (s) Losses = ['256.0685', '48.9427'] lr = 0.0000407
2025-07-10 20:28:51,168 - PoinTr - INFO - [Epoch 192/200][Batch 101/655] BatchTime = 1.112 (s) DataTime = 0.001 (s) Losses = ['242.4200', '41.6698'] lr = 0.0000407
2025-07-10 20:30:51,843 - PoinTr - INFO - [Epoch 192/200][Batch 201/655] BatchTime = 1.063 (s) DataTime = 0.001 (s) Losses = ['254.2443', '43.8992'] lr = 0.0000407
2025-07-10 20:32:52,516 - PoinTr - INFO - [Epoch 192/200][Batch 301/655] BatchTime = 1.179 (s) DataTime = 0.001 (s) Losses = ['291.4456', '62.1674'] lr = 0.0000407
2025-07-10 20:34:48,426 - PoinTr - INFO - [Epoch 192/200][Batch 401/655] BatchTime = 1.180 (s) DataTime = 0.001 (s) Losses = ['287.6544', '46.3654'] lr = 0.0000407
2025-07-10 20:36:48,764 - PoinTr - INFO - [Epoch 192/200][Batch 501/655] BatchTime = 1.843 (s) DataTime = 0.002 (s) Losses = ['272.4225', '48.5063'] lr = 0.0000407
2025-07-10 20:38:45,380 - PoinTr - INFO - [Epoch 192/200][Batch 601/655] BatchTime = 1.399 (s) DataTime = 0.001 (s) Losses = ['252.1447', '44.3480'] lr = 0.0000407
2025-07-10 20:39:50,843 - PoinTr - INFO - [Training] EPOCH: 192 EpochTime = 785.060 (s) Losses = ['270.4042', '48.9675']
2025-07-10 20:39:51,325 - PoinTr - INFO - Save checkpoint at ./experiments/PoinTr/ShapeNet55_models/PoinTr_fog/ckpt-last.pth
2025-07-10 20:39:52,791 - PoinTr - INFO - [Epoch 193/200][Batch 1/655] BatchTime = 1.466 (s) DataTime = 0.112 (s) Losses = ['245.2898', '49.7932'] lr = 0.0000401
2025-07-10 20:41:57,381 - PoinTr - INFO - [Epoch 193/200][Batch 101/655] BatchTime = 0.944 (s) DataTime = 0.001 (s) Losses = ['245.6952', '47.3598'] lr = 0.0000401
2025-07-10 20:43:52,913 - PoinTr - INFO - [Epoch 193/200][Batch 201/655] BatchTime = 1.072 (s) DataTime = 0.001 (s) Losses = ['256.9028', '46.5768'] lr = 0.0000401
2025-07-10 20:45:51,034 - PoinTr - INFO - [Epoch 193/200][Batch 301/655] BatchTime = 0.955 (s) DataTime = 0.001 (s) Losses = ['241.1149', '39.3744'] lr = 0.0000401
2025-07-10 20:47:52,915 - PoinTr - INFO - [Epoch 193/200][Batch 401/655] BatchTime = 0.985 (s) DataTime = 0.002 (s) Losses = ['251.0778', '43.5059'] lr = 0.0000401
2025-07-10 20:49:51,406 - PoinTr - INFO - [Epoch 193/200][Batch 501/655] BatchTime = 1.346 (s) DataTime = 0.001 (s) Losses = ['250.0064', '44.7740'] lr = 0.0000401
2025-07-10 20:51:50,531 - PoinTr - INFO - [Epoch 193/200][Batch 601/655] BatchTime = 1.299 (s) DataTime = 0.001 (s) Losses = ['284.7839', '49.0103'] lr = 0.0000401
2025-07-10 20:52:57,505 - PoinTr - INFO - [Training] EPOCH: 193 EpochTime = 786.179 (s) Losses = ['269.3079', '48.9639']
2025-07-10 20:52:58,002 - PoinTr - INFO - Save checkpoint at ./experiments/PoinTr/ShapeNet55_models/PoinTr_fog/ckpt-last.pth
2025-07-10 20:52:59,175 - PoinTr - INFO - [Epoch 194/200][Batch 1/655] BatchTime = 1.172 (s) DataTime = 0.113 (s) Losses = ['231.5267', '42.5291'] lr = 0.0000396
2025-07-10 20:54:54,411 - PoinTr - INFO - [Epoch 194/200][Batch 101/655] BatchTime = 1.094 (s) DataTime = 0.002 (s) Losses = ['253.2928', '45.9273'] lr = 0.0000396
2025-07-10 20:56:54,094 - PoinTr - INFO - [Epoch 194/200][Batch 201/655] BatchTime = 1.274 (s) DataTime = 0.001 (s) Losses = ['275.5091', '49.4287'] lr = 0.0000396
2025-07-10 20:58:55,633 - PoinTr - INFO - [Epoch 194/200][Batch 301/655] BatchTime = 1.046 (s) DataTime = 0.001 (s) Losses = ['261.2146', '50.6158'] lr = 0.0000396
2025-07-10 21:00:58,582 - PoinTr - INFO - [Epoch 194/200][Batch 401/655] BatchTime = 0.960 (s) DataTime = 0.001 (s) Losses = ['282.8846', '53.5768'] lr = 0.0000396
2025-07-10 21:03:00,211 - PoinTr - INFO - [Epoch 194/200][Batch 501/655] BatchTime = 1.490 (s) DataTime = 0.002 (s) Losses = ['249.7751', '46.5472'] lr = 0.0000396
2025-07-10 21:04:59,654 - PoinTr - INFO - [Epoch 194/200][Batch 601/655] BatchTime = 1.567 (s) DataTime = 0.001 (s) Losses = ['287.2373', '46.3914'] lr = 0.0000396
2025-07-10 21:06:06,504 - PoinTr - INFO - [Training] EPOCH: 194 EpochTime = 788.501 (s) Losses = ['270.0166', '48.8917']
2025-07-10 21:06:06,990 - PoinTr - INFO - Save checkpoint at ./experiments/PoinTr/ShapeNet55_models/PoinTr_fog/ckpt-last.pth
2025-07-10 21:06:08,104 - PoinTr - INFO - [Epoch 195/200][Batch 1/655] BatchTime = 1.113 (s) DataTime = 0.114 (s) Losses = ['285.0442', '51.7963'] lr = 0.0000391
2025-07-10 21:08:04,350 - PoinTr - INFO - [Epoch 195/200][Batch 101/655] BatchTime = 1.297 (s) DataTime = 0.001 (s) Losses = ['292.3366', '52.6948'] lr = 0.0000391
2025-07-10 21:10:05,997 - PoinTr - INFO - [Epoch 195/200][Batch 201/655] BatchTime = 1.488 (s) DataTime = 0.001 (s) Losses = ['255.9574', '45.5393'] lr = 0.0000391
2025-07-10 21:12:04,657 - PoinTr - INFO - [Epoch 195/200][Batch 301/655] BatchTime = 1.116 (s) DataTime = 0.001 (s) Losses = ['227.4466', '42.9639'] lr = 0.0000391
2025-07-10 21:14:03,252 - PoinTr - INFO - [Epoch 195/200][Batch 401/655] BatchTime = 1.318 (s) DataTime = 0.001 (s) Losses = ['275.8478', '55.5486'] lr = 0.0000391
2025-07-10 21:16:02,972 - PoinTr - INFO - [Epoch 195/200][Batch 501/655] BatchTime = 1.205 (s) DataTime = 0.002 (s) Losses = ['255.0889', '47.2528'] lr = 0.0000391
2025-07-10 21:18:05,554 - PoinTr - INFO - [Epoch 195/200][Batch 601/655] BatchTime = 0.611 (s) DataTime = 0.001 (s) Losses = ['274.2988', '51.1896'] lr = 0.0000391
2025-07-10 21:19:10,862 - PoinTr - INFO - [Training] EPOCH: 195 EpochTime = 783.870 (s) Losses = ['270.9290', '49.2940']
2025-07-10 21:19:10,862 - PoinTr - INFO - [VALIDATION] Start validating epoch 195
2025-07-10 21:19:50,197 - PoinTr - INFO - Test[1051/10518] Taxonomy = 02691156 Sample = c7749c0a8b61f43bc9b9e28055202e3d Losses = ['86.6204', '323.7550', '37.9752', '107.9029'] Metrics = ['0.3235', '37.9752', '107.9029', '0.0000']
2025-07-10 21:20:26,752 - PoinTr - INFO - Test[2102/10518] Taxonomy = 03211117 Sample = ab2f9418c111cc6ddb965514105122a4 Losses = ['395.8261', '1849.7081', '63.3204', '369.7933'] Metrics = ['0.4165', '63.3204', '369.7933', '0.0000']
2025-07-10 21:21:06,099 - PoinTr - INFO - Test[3153/10518] Taxonomy = 02876657 Sample = c5032e4be091aabb36fe7a88df793982 Losses = ['306.2840', '943.8377', '71.5768', '240.4111'] Metrics = ['0.2038', '71.5768', '240.4111', '0.0000']
2025-07-10 21:21:44,871 - PoinTr - INFO - Test[4204/10518] Taxonomy = 03211117 Sample = 722df1da5778d45b1e43523279c7f09f Losses = ['117.9258', '487.2891', '27.5245', '29.4496'] Metrics = ['0.2556', '27.5245', '29.4496', '0.0000']
2025-07-10 21:22:23,644 - PoinTr - INFO - Test[5255/10518] Taxonomy = 02828884 Sample = 14b63361a48a9fffe4a048c146e8bd43 Losses = ['71.8370', '232.3739', '15.3017', '6.3337'] Metrics = ['0.4371', '15.3017', '6.3337', '0.0000']
2025-07-10 21:22:58,076 - PoinTr - INFO - Test[6306/10518] Taxonomy = 03211117 Sample = d330d50a0255529d19ed6e1a590c9122 Losses = ['509.5509', '3266.8126', '54.3774', '283.0061'] Metrics = ['0.2268', '54.3774', '283.0061', '0.0000']
2025-07-10 21:23:32,982 - PoinTr - INFO - Test[7357/10518] Taxonomy = 04379243 Sample = b1ca280d9567270ade98d10ab5975b59 Losses = ['450.3039', '2616.4682', '75.3813', '416.3457'] Metrics = ['0.2405', '75.3813', '416.3456', '0.0000']
2025-07-10 21:24:11,408 - PoinTr - INFO - Test[8408/10518] Taxonomy = 03001627 Sample = 89208a619341d9fdb8c516ed5c4ce32 Losses = ['297.4651', '1595.8560', '38.4329', '113.1674'] Metrics = ['0.2077', '38.4329', '113.1674', '0.0000']
2025-07-10 21:24:48,523 - PoinTr - INFO - Test[9459/10518] Taxonomy = 03001627 Sample = d0255120e3351121c3bd24f986301745 Losses = ['50.1814', '8.5637', '26.5582', '2.3962'] Metrics = ['0.1788', '26.5582', '2.3962', '0.0000']
2025-07-10 21:25:26,968 - PoinTr - INFO - Test[10510/10518] Taxonomy = 03636649 Sample = ea9ec4d9db2e06202471e6dd5ac3ef92 Losses = ['537.6793', '2862.6680', '92.0402', '508.1229'] Metrics = ['0.4785', '92.0402', '508.1229', '0.0000']
2025-07-10 21:25:27,211 - PoinTr - INFO - [Validation] EPOCH: 195  Metrics = ['0.3018', '52.7125', '241.6839', '0.0000']
2025-07-10 21:25:27,211 - PoinTr - INFO - ============================ TEST RESULTS ============================
2025-07-10 21:25:27,211 - PoinTr - INFO - Taxonomy	#Sample	F-Score	CDL1	CDL2	EMDistance	#ModelName	
2025-07-10 21:25:27,211 - PoinTr - INFO - 03759954	14	0.420 	56.625 	275.875 	0.000 	microphone	
2025-07-10 21:25:27,211 - PoinTr - INFO - 04330267	44	0.246 	46.081 	156.062 	0.000 	stove	
2025-07-10 21:25:27,211 - PoinTr - INFO - 03261776	15	0.260 	48.128 	191.560 	0.000 	earphone	
2025-07-10 21:25:27,211 - PoinTr - INFO - 03513137	33	0.186 	92.090 	534.346 	0.000 	helmet	
2025-07-10 21:25:27,211 - PoinTr - INFO - 04460130	27	0.327 	45.103 	166.845 	0.000 	tower	
2025-07-10 21:25:27,211 - PoinTr - INFO - 04468005	78	0.293 	47.868 	216.957 	0.000 	train	
2025-07-10 21:25:27,211 - PoinTr - INFO - 03761084	31	0.246 	45.719 	152.325 	0.000 	microwaves	
2025-07-10 21:25:27,211 - PoinTr - INFO - 04004475	34	0.223 	63.513 	265.497 	0.000 	printer	
2025-07-10 21:25:27,211 - PoinTr - INFO - 03938244	20	0.288 	55.239 	279.142 	0.000 	pillow	
2025-07-10 21:25:27,211 - PoinTr - INFO - 02992529	167	0.349 	49.778 	246.012 	0.000 	cellphone	
2025-07-10 21:25:27,211 - PoinTr - INFO - 02808440	172	0.242 	57.391 	262.407 	0.000 	bathtub	
2025-07-10 21:25:27,211 - PoinTr - INFO - 04530566	388	0.348 	44.834 	196.458 	0.000 	watercraft	
2025-07-10 21:25:27,211 - PoinTr - INFO - 02871439	91	0.220 	46.919 	163.560 	0.000 	bookshelf	
2025-07-10 21:25:27,211 - PoinTr - INFO - 03593526	120	0.239 	65.616 	352.040 	0.000 	jar	
2025-07-10 21:25:27,211 - PoinTr - INFO - 04554684	34	0.240 	56.808 	219.179 	0.000 	washer	
2025-07-10 21:25:27,211 - PoinTr - INFO - 03467517	160	0.671 	27.855 	108.392 	0.000 	guitar	
2025-07-10 21:25:27,211 - PoinTr - INFO - 04401088	218	0.366 	45.247 	218.332 	0.000 	telephone	
2025-07-10 21:25:27,211 - PoinTr - INFO - 02954340	12	0.245 	65.739 	344.670 	0.000 	cap	
2025-07-10 21:25:27,212 - PoinTr - INFO - 02933112	315	0.225 	47.029 	175.986 	0.000 	cabinet	
2025-07-10 21:25:27,212 - PoinTr - INFO - 03642806	92	0.322 	40.874 	173.280 	0.000 	laptop	
2025-07-10 21:25:27,212 - PoinTr - INFO - 02924116	188	0.294 	52.792 	248.851 	0.000 	bus	
2025-07-10 21:25:27,212 - PoinTr - INFO - 02946921	22	0.264 	67.222 	347.149 	0.000 	can	
2025-07-10 21:25:27,212 - PoinTr - INFO - 02818832	47	0.201 	51.070 	178.089 	0.000 	bed	
2025-07-10 21:25:27,212 - PoinTr - INFO - 04256520	635	0.224 	50.633 	204.429 	0.000 	sofa	
2025-07-10 21:25:27,212 - PoinTr - INFO - 04379243	1687	0.309 	47.195 	201.837 	0.000 	table	
2025-07-10 21:25:27,212 - PoinTr - INFO - 02747177	69	0.185 	72.538 	371.170 	0.000 	trash bin	
2025-07-10 21:25:27,212 - PoinTr - INFO - 03046257	131	0.259 	68.400 	395.860 	0.000 	clock	
2025-07-10 21:25:27,212 - PoinTr - INFO - 04225987	31	0.425 	51.411 	273.603 	0.000 	skateboard	
2025-07-10 21:25:27,212 - PoinTr - INFO - 03797390	43	0.189 	68.327 	342.142 	0.000 	mug	
2025-07-10 21:25:27,212 - PoinTr - INFO - 03001627	1356	0.258 	49.661 	201.764 	0.000 	chair	
2025-07-10 21:25:27,212 - PoinTr - INFO - 03691459	320	0.236 	56.822 	237.409 	0.000 	loudspeaker	
2025-07-10 21:25:27,212 - PoinTr - INFO - 02942699	23	0.189 	54.320 	183.472 	0.000 	camera	
2025-07-10 21:25:27,212 - PoinTr - INFO - 03636649	464	0.382 	47.332 	197.584 	0.000 	lamp	
2025-07-10 21:25:27,212 - PoinTr - INFO - 02691156	809	0.417 	59.015 	392.888 	0.000 	airplane	
2025-07-10 21:25:27,212 - PoinTr - INFO - 02773838	17	0.261 	66.091 	344.102 	0.000 	bag	
2025-07-10 21:25:27,212 - PoinTr - INFO - 02958343	703	0.195 	53.218 	238.900 	0.000 	car	
2025-07-10 21:25:27,212 - PoinTr - INFO - 02880940	38	0.232 	73.834 	483.418 	0.000 	bowl	
2025-07-10 21:25:27,212 - PoinTr - INFO - 04099429	17	0.559 	41.752 	180.901 	0.000 	rocket	
2025-07-10 21:25:27,212 - PoinTr - INFO - 02828884	363	0.327 	45.586 	201.678 	0.000 	bench	
2025-07-10 21:25:27,212 - PoinTr - INFO - 04090263	475	0.593 	36.150 	169.937 	0.000 	rifle	
2025-07-10 21:25:27,212 - PoinTr - INFO - 03211117	219	0.267 	50.801 	219.712 	0.000 	display	
2025-07-10 21:25:27,212 - PoinTr - INFO - 02876657	100	0.367 	41.622 	181.897 	0.000 	bottle	
2025-07-10 21:25:27,212 - PoinTr - INFO - 03710193	19	0.374 	42.796 	150.821 	0.000 	mailbox	
2025-07-10 21:25:27,212 - PoinTr - INFO - 03790512	68	0.197 	63.821 	336.414 	0.000 	motorbike	
2025-07-10 21:25:27,212 - PoinTr - INFO - 03325088	149	0.323 	54.242 	253.031 	0.000 	faucet	
2025-07-10 21:25:27,212 - PoinTr - INFO - 02801938	23	0.228 	51.871 	213.839 	0.000 	basket	
2025-07-10 21:25:27,212 - PoinTr - INFO - 03337140	60	0.219 	51.029 	199.157 	0.000 	file cabinet	
2025-07-10 21:25:27,212 - PoinTr - INFO - 02843684	15	0.201 	65.842 	262.102 	0.000 	birdhouse	
2025-07-10 21:25:27,212 - PoinTr - INFO - 03624134	85	0.672 	38.226 	182.158 	0.000 	knife	
2025-07-10 21:25:27,212 - PoinTr - INFO - 03991062	121	0.194 	65.016 	325.188 	0.000 	flowerpot	
2025-07-10 21:25:27,212 - PoinTr - INFO - 03948459	62	0.385 	39.213 	159.261 	0.000 	pistol	
2025-07-10 21:25:27,212 - PoinTr - INFO - 03928116	48	0.226 	49.174 	173.120 	0.000 	piano	
2025-07-10 21:25:27,212 - PoinTr - INFO - 03207941	19	0.272 	41.392 	132.480 	0.000 	dishwasher	
2025-07-10 21:25:27,212 - PoinTr - INFO - 04074963	14	0.360 	49.993 	273.390 	0.000 	remote	
2025-07-10 21:25:27,212 - PoinTr - INFO - 03085013	13	0.360 	32.330 	135.937 	0.000 	keyboard	
2025-07-10 21:25:27,212 - PoinTr - INFO - Overall		0.302 	52.713 	241.684 	0.000 	
2025-07-10 21:25:27,717 - PoinTr - INFO - Save checkpoint at ./experiments/PoinTr/ShapeNet55_models/PoinTr_fog/ckpt-last.pth
2025-07-10 21:25:29,047 - PoinTr - INFO - [Epoch 196/200][Batch 1/655] BatchTime = 1.329 (s) DataTime = 0.117 (s) Losses = ['276.8658', '49.1397'] lr = 0.0000386
2025-07-10 21:27:26,240 - PoinTr - INFO - [Epoch 196/200][Batch 101/655] BatchTime = 1.277 (s) DataTime = 0.001 (s) Losses = ['273.8085', '48.6852'] lr = 0.0000386
2025-07-10 21:29:25,348 - PoinTr - INFO - [Epoch 196/200][Batch 201/655] BatchTime = 1.221 (s) DataTime = 0.002 (s) Losses = ['275.7560', '49.0668'] lr = 0.0000386
2025-07-10 21:31:27,039 - PoinTr - INFO - [Epoch 196/200][Batch 301/655] BatchTime = 0.935 (s) DataTime = 0.001 (s) Losses = ['267.2884', '51.3965'] lr = 0.0000386
2025-07-10 21:33:26,346 - PoinTr - INFO - [Epoch 196/200][Batch 401/655] BatchTime = 0.878 (s) DataTime = 0.001 (s) Losses = ['303.0035', '54.9035'] lr = 0.0000386
2025-07-10 21:35:26,471 - PoinTr - INFO - [Epoch 196/200][Batch 501/655] BatchTime = 1.437 (s) DataTime = 0.001 (s) Losses = ['265.1170', '46.0188'] lr = 0.0000386
2025-07-10 21:37:26,915 - PoinTr - INFO - [Epoch 196/200][Batch 601/655] BatchTime = 0.929 (s) DataTime = 0.001 (s) Losses = ['224.4276', '41.3246'] lr = 0.0000386
2025-07-10 21:38:30,490 - PoinTr - INFO - [Training] EPOCH: 196 EpochTime = 782.772 (s) Losses = ['270.8802', '49.1418']
2025-07-10 21:38:30,938 - PoinTr - INFO - Save checkpoint at ./experiments/PoinTr/ShapeNet55_models/PoinTr_fog/ckpt-last.pth
2025-07-10 21:38:32,790 - PoinTr - INFO - [Epoch 197/200][Batch 1/655] BatchTime = 1.851 (s) DataTime = 0.113 (s) Losses = ['229.3476', '40.2708'] lr = 0.0000381
2025-07-10 21:40:31,208 - PoinTr - INFO - [Epoch 197/200][Batch 101/655] BatchTime = 0.979 (s) DataTime = 0.001 (s) Losses = ['258.5473', '47.6359'] lr = 0.0000381
2025-07-10 21:42:24,718 - PoinTr - INFO - [Epoch 197/200][Batch 201/655] BatchTime = 1.340 (s) DataTime = 0.001 (s) Losses = ['289.7725', '49.1081'] lr = 0.0000381
2025-07-10 21:44:23,112 - PoinTr - INFO - [Epoch 197/200][Batch 301/655] BatchTime = 0.788 (s) DataTime = 0.002 (s) Losses = ['249.9376', '46.6026'] lr = 0.0000381
2025-07-10 21:46:29,463 - PoinTr - INFO - [Epoch 197/200][Batch 401/655] BatchTime = 0.976 (s) DataTime = 0.001 (s) Losses = ['280.8950', '47.5106'] lr = 0.0000381
2025-07-10 21:48:31,616 - PoinTr - INFO - [Epoch 197/200][Batch 501/655] BatchTime = 1.067 (s) DataTime = 0.001 (s) Losses = ['224.1982', '44.4452'] lr = 0.0000381
2025-07-10 21:50:27,159 - PoinTr - INFO - [Epoch 197/200][Batch 601/655] BatchTime = 1.577 (s) DataTime = 0.001 (s) Losses = ['274.6863', '48.4244'] lr = 0.0000381
2025-07-10 21:51:36,139 - PoinTr - INFO - [Training] EPOCH: 197 EpochTime = 785.201 (s) Losses = ['269.4806', '48.8578']
2025-07-10 21:51:36,718 - PoinTr - INFO - Save checkpoint at ./experiments/PoinTr/ShapeNet55_models/PoinTr_fog/ckpt-last.pth
2025-07-10 21:51:37,717 - PoinTr - INFO - [Epoch 198/200][Batch 1/655] BatchTime = 0.998 (s) DataTime = 0.114 (s) Losses = ['255.1912', '45.4062'] lr = 0.0000376
2025-07-10 21:53:34,760 - PoinTr - INFO - [Epoch 198/200][Batch 101/655] BatchTime = 0.972 (s) DataTime = 0.001 (s) Losses = ['267.5701', '50.1395'] lr = 0.0000376
2025-07-10 21:55:40,467 - PoinTr - INFO - [Epoch 198/200][Batch 201/655] BatchTime = 1.563 (s) DataTime = 0.002 (s) Losses = ['262.7656', '44.9061'] lr = 0.0000376
2025-07-10 21:57:39,856 - PoinTr - INFO - [Epoch 198/200][Batch 301/655] BatchTime = 1.327 (s) DataTime = 0.001 (s) Losses = ['268.0963', '46.1127'] lr = 0.0000376
2025-07-10 21:59:46,182 - PoinTr - INFO - [Epoch 198/200][Batch 401/655] BatchTime = 1.029 (s) DataTime = 0.001 (s) Losses = ['263.5425', '49.5791'] lr = 0.0000376
2025-07-10 22:01:43,167 - PoinTr - INFO - [Epoch 198/200][Batch 501/655] BatchTime = 1.472 (s) DataTime = 0.001 (s) Losses = ['273.2732', '43.6395'] lr = 0.0000376
2025-07-10 22:03:43,132 - PoinTr - INFO - [Epoch 198/200][Batch 601/655] BatchTime = 1.162 (s) DataTime = 0.001 (s) Losses = ['333.8357', '60.2286'] lr = 0.0000376
2025-07-10 22:04:45,389 - PoinTr - INFO - [Training] EPOCH: 198 EpochTime = 788.669 (s) Losses = ['268.7355', '48.7615']
2025-07-10 22:04:45,868 - PoinTr - INFO - Save checkpoint at ./experiments/PoinTr/ShapeNet55_models/PoinTr_fog/ckpt-last.pth
2025-07-10 22:04:47,588 - PoinTr - INFO - [Epoch 199/200][Batch 1/655] BatchTime = 1.718 (s) DataTime = 0.112 (s) Losses = ['284.4525', '50.6021'] lr = 0.0000371
2025-07-10 22:06:46,520 - PoinTr - INFO - [Epoch 199/200][Batch 101/655] BatchTime = 1.068 (s) DataTime = 0.002 (s) Losses = ['258.1774', '50.9223'] lr = 0.0000371
2025-07-10 22:08:49,170 - PoinTr - INFO - [Epoch 199/200][Batch 201/655] BatchTime = 1.143 (s) DataTime = 0.001 (s) Losses = ['258.4463', '45.4509'] lr = 0.0000371
2025-07-10 22:10:47,395 - PoinTr - INFO - [Epoch 199/200][Batch 301/655] BatchTime = 1.201 (s) DataTime = 0.001 (s) Losses = ['266.6524', '43.8724'] lr = 0.0000371
2025-07-10 22:12:45,975 - PoinTr - INFO - [Epoch 199/200][Batch 401/655] BatchTime = 0.851 (s) DataTime = 0.001 (s) Losses = ['254.1088', '44.8090'] lr = 0.0000371
2025-07-10 22:14:46,784 - PoinTr - INFO - [Epoch 199/200][Batch 501/655] BatchTime = 1.459 (s) DataTime = 0.002 (s) Losses = ['238.8093', '40.4325'] lr = 0.0000371
2025-07-10 22:16:48,753 - PoinTr - INFO - [Epoch 199/200][Batch 601/655] BatchTime = 1.174 (s) DataTime = 0.001 (s) Losses = ['267.6997', '52.5195'] lr = 0.0000371
2025-07-10 22:17:54,632 - PoinTr - INFO - [Training] EPOCH: 199 EpochTime = 788.763 (s) Losses = ['269.3058', '48.6851']
2025-07-10 22:17:55,114 - PoinTr - INFO - Save checkpoint at ./experiments/PoinTr/ShapeNet55_models/PoinTr_fog/ckpt-last.pth
2025-07-10 22:17:55,413 - PoinTr - INFO - Save checkpoint at ./experiments/PoinTr/ShapeNet55_models/PoinTr_fog/ckpt-epoch-199.pth
2025-07-10 22:17:56,531 - PoinTr - INFO - [Epoch 200/200][Batch 1/655] BatchTime = 1.116 (s) DataTime = 0.109 (s) Losses = ['265.2273', '45.1765'] lr = 0.0000366
2025-07-10 22:19:57,485 - PoinTr - INFO - [Epoch 200/200][Batch 101/655] BatchTime = 1.595 (s) DataTime = 0.001 (s) Losses = ['271.6509', '43.0700'] lr = 0.0000366
2025-07-10 22:22:01,637 - PoinTr - INFO - [Epoch 200/200][Batch 201/655] BatchTime = 1.231 (s) DataTime = 0.001 (s) Losses = ['257.9640', '44.0338'] lr = 0.0000366
2025-07-10 22:24:04,983 - PoinTr - INFO - [Epoch 200/200][Batch 301/655] BatchTime = 1.243 (s) DataTime = 0.001 (s) Losses = ['246.1707', '45.2882'] lr = 0.0000366
2025-07-10 22:26:09,221 - PoinTr - INFO - [Epoch 200/200][Batch 401/655] BatchTime = 1.014 (s) DataTime = 0.001 (s) Losses = ['251.9428', '49.8150'] lr = 0.0000366
2025-07-10 22:28:16,108 - PoinTr - INFO - [Epoch 200/200][Batch 501/655] BatchTime = 1.359 (s) DataTime = 0.001 (s) Losses = ['272.4948', '46.5781'] lr = 0.0000366
2025-07-10 22:30:19,855 - PoinTr - INFO - [Epoch 200/200][Batch 601/655] BatchTime = 1.637 (s) DataTime = 0.001 (s) Losses = ['276.1779', '51.0470'] lr = 0.0000366
2025-07-10 22:31:25,375 - PoinTr - INFO - [Training] EPOCH: 200 EpochTime = 809.960 (s) Losses = ['269.8878', '49.0439']
2025-07-10 22:31:25,375 - PoinTr - INFO - [VALIDATION] Start validating epoch 200
2025-07-10 22:32:11,451 - PoinTr - INFO - Test[1051/10518] Taxonomy = 02691156 Sample = c7749c0a8b61f43bc9b9e28055202e3d Losses = ['263.5425', '1464.5975', '85.7196', '442.8320'] Metrics = ['0.3287', '85.7196', '442.8320', '0.0000']
2025-07-10 22:32:54,807 - PoinTr - INFO - Test[2102/10518] Taxonomy = 03211117 Sample = ab2f9418c111cc6ddb965514105122a4 Losses = ['237.4001', '577.3609', '80.3469', '276.4099'] Metrics = ['0.4031', '80.3469', '276.4099', '0.0000']
2025-07-10 22:33:37,074 - PoinTr - INFO - Test[3153/10518] Taxonomy = 02876657 Sample = c5032e4be091aabb36fe7a88df793982 Losses = ['317.7153', '987.6716', '96.7807', '349.2031'] Metrics = ['0.1970', '96.7807', '349.2031', '0.0000']
2025-07-10 22:34:24,681 - PoinTr - INFO - Test[4204/10518] Taxonomy = 03211117 Sample = 722df1da5778d45b1e43523279c7f09f Losses = ['488.2993', '2843.3778', '75.4115', '396.4038'] Metrics = ['0.2557', '75.4115', '396.4038', '0.0000']
2025-07-10 22:35:08,907 - PoinTr - INFO - Test[5255/10518] Taxonomy = 02828884 Sample = 14b63361a48a9fffe4a048c146e8bd43 Losses = ['307.6756', '936.2603', '80.1111', '308.7459'] Metrics = ['0.2978', '80.1111', '308.7459', '0.0000']
2025-07-10 22:35:50,399 - PoinTr - INFO - Test[6306/10518] Taxonomy = 03211117 Sample = d330d50a0255529d19ed6e1a590c9122 Losses = ['378.1746', '2009.4121', '29.5914', '108.2253'] Metrics = ['0.3210', '29.5914', '108.2253', '0.0000']
2025-07-10 22:36:32,447 - PoinTr - INFO - Test[7357/10518] Taxonomy = 04379243 Sample = b1ca280d9567270ade98d10ab5975b59 Losses = ['420.8018', '2092.6964', '145.8290', '969.3438'] Metrics = ['0.1703', '145.8290', '969.3438', '0.0000']
2025-07-10 22:37:16,553 - PoinTr - INFO - Test[8408/10518] Taxonomy = 03001627 Sample = 89208a619341d9fdb8c516ed5c4ce32 Losses = ['81.7412', '220.2724', '26.7978', '32.4940'] Metrics = ['0.1688', '26.7978', '32.4940', '0.0000']
2025-07-10 22:37:57,338 - PoinTr - INFO - Test[9459/10518] Taxonomy = 03001627 Sample = d0255120e3351121c3bd24f986301745 Losses = ['351.4915', '1315.9807', '78.1905', '303.7903'] Metrics = ['0.1842', '78.1905', '303.7903', '0.0000']
2025-07-10 22:38:39,632 - PoinTr - INFO - Test[10510/10518] Taxonomy = 03636649 Sample = ea9ec4d9db2e06202471e6dd5ac3ef92 Losses = ['261.9837', '1129.6722', '22.2223', '50.0023'] Metrics = ['0.5835', '22.2223', '50.0023', '0.0000']
2025-07-10 22:38:40,027 - PoinTr - INFO - [Validation] EPOCH: 200  Metrics = ['0.3058', '53.4411', '248.6912', '0.0000']
2025-07-10 22:38:40,027 - PoinTr - INFO - ============================ TEST RESULTS ============================
2025-07-10 22:38:40,027 - PoinTr - INFO - Taxonomy	#Sample	F-Score	CDL1	CDL2	EMDistance	#ModelName	
2025-07-10 22:38:40,027 - PoinTr - INFO - 03759954	14	0.454 	37.044 	133.291 	0.000 	microphone	
2025-07-10 22:38:40,027 - PoinTr - INFO - 04330267	44	0.242 	46.001 	142.458 	0.000 	stove	
2025-07-10 22:38:40,027 - PoinTr - INFO - 03261776	15	0.239 	73.404 	393.774 	0.000 	earphone	
2025-07-10 22:38:40,027 - PoinTr - INFO - 03513137	33	0.188 	84.983 	481.471 	0.000 	helmet	
2025-07-10 22:38:40,027 - PoinTr - INFO - 04460130	27	0.337 	48.690 	202.679 	0.000 	tower	
2025-07-10 22:38:40,027 - PoinTr - INFO - 04468005	78	0.291 	51.416 	240.227 	0.000 	train	
2025-07-10 22:38:40,027 - PoinTr - INFO - 03761084	31	0.246 	51.052 	192.765 	0.000 	microwaves	
2025-07-10 22:38:40,027 - PoinTr - INFO - 04004475	34	0.222 	53.038 	200.518 	0.000 	printer	
2025-07-10 22:38:40,027 - PoinTr - INFO - 03938244	20	0.269 	53.267 	252.192 	0.000 	pillow	
2025-07-10 22:38:40,027 - PoinTr - INFO - 02992529	167	0.397 	47.978 	244.465 	0.000 	cellphone	
2025-07-10 22:38:40,027 - PoinTr - INFO - 02808440	172	0.241 	59.312 	274.904 	0.000 	bathtub	
2025-07-10 22:38:40,027 - PoinTr - INFO - 04530566	388	0.331 	46.777 	207.256 	0.000 	watercraft	
2025-07-10 22:38:40,027 - PoinTr - INFO - 02871439	91	0.218 	51.796 	198.798 	0.000 	bookshelf	
2025-07-10 22:38:40,027 - PoinTr - INFO - 03593526	120	0.241 	61.032 	311.482 	0.000 	jar	
2025-07-10 22:38:40,027 - PoinTr - INFO - 04554684	34	0.239 	51.989 	191.126 	0.000 	washer	
2025-07-10 22:38:40,027 - PoinTr - INFO - 03467517	160	0.741 	28.626 	119.780 	0.000 	guitar	
2025-07-10 22:38:40,027 - PoinTr - INFO - 04401088	218	0.393 	50.177 	256.793 	0.000 	telephone	
2025-07-10 22:38:40,027 - PoinTr - INFO - 02954340	12	0.252 	100.311 	703.706 	0.000 	cap	
2025-07-10 22:38:40,027 - PoinTr - INFO - 02933112	315	0.232 	47.083 	174.061 	0.000 	cabinet	
2025-07-10 22:38:40,027 - PoinTr - INFO - 03642806	92	0.298 	41.017 	167.410 	0.000 	laptop	
2025-07-10 22:38:40,027 - PoinTr - INFO - 02924116	188	0.305 	49.782 	231.137 	0.000 	bus	
2025-07-10 22:38:40,027 - PoinTr - INFO - 02946921	22	0.261 	65.617 	341.999 	0.000 	can	
2025-07-10 22:38:40,028 - PoinTr - INFO - 02818832	47	0.197 	57.120 	213.563 	0.000 	bed	
2025-07-10 22:38:40,028 - PoinTr - INFO - 04256520	635	0.218 	53.968 	225.330 	0.000 	sofa	
2025-07-10 22:38:40,028 - PoinTr - INFO - 04379243	1687	0.315 	48.318 	211.814 	0.000 	table	
2025-07-10 22:38:40,028 - PoinTr - INFO - 02747177	69	0.201 	57.863 	263.836 	0.000 	trash bin	
2025-07-10 22:38:40,028 - PoinTr - INFO - 03046257	131	0.275 	65.997 	380.397 	0.000 	clock	
2025-07-10 22:38:40,028 - PoinTr - INFO - 04225987	31	0.433 	36.275 	160.144 	0.000 	skateboard	
2025-07-10 22:38:40,028 - PoinTr - INFO - 03797390	43	0.193 	58.852 	266.119 	0.000 	mug	
2025-07-10 22:38:40,028 - PoinTr - INFO - 03001627	1356	0.254 	48.980 	193.410 	0.000 	chair	
2025-07-10 22:38:40,028 - PoinTr - INFO - 03691459	320	0.244 	55.250 	227.475 	0.000 	loudspeaker	
2025-07-10 22:38:40,028 - PoinTr - INFO - 02942699	23	0.204 	52.335 	168.088 	0.000 	camera	
2025-07-10 22:38:40,028 - PoinTr - INFO - 03636649	464	0.377 	51.597 	232.419 	0.000 	lamp	
2025-07-10 22:38:40,028 - PoinTr - INFO - 02691156	809	0.433 	59.695 	394.994 	0.000 	airplane	
2025-07-10 22:38:40,028 - PoinTr - INFO - 02773838	17	0.290 	48.866 	182.429 	0.000 	bag	
2025-07-10 22:38:40,028 - PoinTr - INFO - 02958343	703	0.193 	55.636 	255.724 	0.000 	car	
2025-07-10 22:38:40,028 - PoinTr - INFO - 02880940	38	0.231 	72.100 	446.686 	0.000 	bowl	
2025-07-10 22:38:40,028 - PoinTr - INFO - 04099429	17	0.540 	36.145 	165.659 	0.000 	rocket	
2025-07-10 22:38:40,028 - PoinTr - INFO - 02828884	363	0.316 	43.470 	179.860 	0.000 	bench	
2025-07-10 22:38:40,028 - PoinTr - INFO - 04090263	475	0.571 	38.111 	180.826 	0.000 	rifle	
2025-07-10 22:38:40,028 - PoinTr - INFO - 03211117	219	0.287 	53.579 	250.297 	0.000 	display	
2025-07-10 22:38:40,028 - PoinTr - INFO - 02876657	100	0.370 	47.409 	213.211 	0.000 	bottle	
2025-07-10 22:38:40,028 - PoinTr - INFO - 03710193	19	0.395 	40.206 	149.803 	0.000 	mailbox	
2025-07-10 22:38:40,028 - PoinTr - INFO - 03790512	68	0.189 	68.359 	353.457 	0.000 	motorbike	
2025-07-10 22:38:40,028 - PoinTr - INFO - 03325088	149	0.327 	56.577 	276.750 	0.000 	faucet	
2025-07-10 22:38:40,028 - PoinTr - INFO - 02801938	23	0.211 	85.714 	524.442 	0.000 	basket	
2025-07-10 22:38:40,028 - PoinTr - INFO - 03337140	60	0.239 	49.646 	186.076 	0.000 	file cabinet	
2025-07-10 22:38:40,028 - PoinTr - INFO - 02843684	15	0.204 	47.743 	117.642 	0.000 	birdhouse	
2025-07-10 22:38:40,028 - PoinTr - INFO - 03624134	85	0.673 	37.423 	182.087 	0.000 	knife	
2025-07-10 22:38:40,028 - PoinTr - INFO - 03991062	121	0.183 	67.187 	316.765 	0.000 	flowerpot	
2025-07-10 22:38:40,028 - PoinTr - INFO - 03948459	62	0.385 	39.419 	160.394 	0.000 	pistol	
2025-07-10 22:38:40,028 - PoinTr - INFO - 03928116	48	0.223 	53.406 	209.787 	0.000 	piano	
2025-07-10 22:38:40,028 - PoinTr - INFO - 03207941	19	0.268 	48.346 	184.187 	0.000 	dishwasher	
2025-07-10 22:38:40,028 - PoinTr - INFO - 04074963	14	0.388 	62.565 	362.456 	0.000 	remote	
2025-07-10 22:38:40,028 - PoinTr - INFO - 03085013	13	0.359 	40.712 	179.595 	0.000 	keyboard	
2025-07-10 22:38:40,028 - PoinTr - INFO - Overall		0.306 	53.441 	248.691 	0.000 	
2025-07-10 22:38:40,531 - PoinTr - INFO - Save checkpoint at ./experiments/PoinTr/ShapeNet55_models/PoinTr_fog/ckpt-last.pth
2025-07-10 22:38:40,839 - PoinTr - INFO - Save checkpoint at ./experiments/PoinTr/ShapeNet55_models/PoinTr_fog/ckpt-epoch-200.pth
