2025-07-18 00:58:05,374 - AdaPoinTr - INFO - Copy the Config file from ./cfgs/ShapeNet55_models/AdaPoinTr.yaml to ./experiments/AdaPoinTr/ShapeNet55_models/AdaPoinTr/config.yaml
2025-07-18 00:58:05,374 - AdaPoinTr - INFO - args.config : ./cfgs/ShapeNet55_models/AdaPoinTr.yaml
2025-07-18 00:58:05,374 - AdaPoinTr - INFO - args.launcher : none
2025-07-18 00:58:05,374 - AdaPoinTr - INFO - args.local_rank : 0
2025-07-18 00:58:05,374 - AdaPoinTr - INFO - args.num_workers : 4
2025-07-18 00:58:05,374 - AdaPoinTr - INFO - args.seed : 0
2025-07-18 00:58:05,374 - AdaPoinTr - INFO - args.deterministic : False
2025-07-18 00:58:05,374 - AdaPoinTr - INFO - args.sync_bn : False
2025-07-18 00:58:05,374 - AdaPoinTr - INFO - args.exp_name : AdaPoinTr
2025-07-18 00:58:05,374 - AdaPoinTr - INFO - args.start_ckpts : None
2025-07-18 00:58:05,374 - AdaPoinTr - INFO - args.ckpts : None
2025-07-18 00:58:05,374 - AdaPoinTr - INFO - args.val_freq : 5
2025-07-18 00:58:05,374 - AdaPoinTr - INFO - args.resume : False
2025-07-18 00:58:05,374 - AdaPoinTr - INFO - args.test : False
2025-07-18 00:58:05,374 - AdaPoinTr - INFO - args.mode : None
2025-07-18 00:58:05,374 - AdaPoinTr - INFO - args.pcd_path : None
2025-07-18 00:58:05,374 - AdaPoinTr - INFO - args.output_dir : None
2025-07-18 00:58:05,374 - AdaPoinTr - INFO - args.experiment_path : ./experiments/AdaPoinTr/ShapeNet55_models/AdaPoinTr
2025-07-18 00:58:05,374 - AdaPoinTr - INFO - args.tfboard_path : ./experiments/AdaPoinTr/ShapeNet55_models/TFBoard/AdaPoinTr
2025-07-18 00:58:05,374 - AdaPoinTr - INFO - args.log_name : AdaPoinTr
2025-07-18 00:58:05,374 - AdaPoinTr - INFO - args.use_gpu : True
2025-07-18 00:58:05,374 - AdaPoinTr - INFO - args.distributed : False
2025-07-18 00:58:05,374 - AdaPoinTr - INFO - config.optimizer = edict()
2025-07-18 00:58:05,374 - AdaPoinTr - INFO - config.optimizer.type : AdamW
2025-07-18 00:58:05,374 - AdaPoinTr - INFO - config.optimizer.kwargs = edict()
2025-07-18 00:58:05,374 - AdaPoinTr - INFO - config.optimizer.kwargs.lr : 0.0001
2025-07-18 00:58:05,374 - AdaPoinTr - INFO - config.optimizer.kwargs.weight_decay : 0.0005
2025-07-18 00:58:05,374 - AdaPoinTr - INFO - config.scheduler = edict()
2025-07-18 00:58:05,374 - AdaPoinTr - INFO - config.scheduler.type : LambdaLR
2025-07-18 00:58:05,374 - AdaPoinTr - INFO - config.scheduler.kwargs = edict()
2025-07-18 00:58:05,374 - AdaPoinTr - INFO - config.scheduler.kwargs.decay_step : 21
2025-07-18 00:58:05,374 - AdaPoinTr - INFO - config.scheduler.kwargs.lr_decay : 0.63096
2025-07-18 00:58:05,374 - AdaPoinTr - INFO - config.scheduler.kwargs.lowest_decay : 0.001
2025-07-18 00:58:05,374 - AdaPoinTr - INFO - config.bnmscheduler = edict()
2025-07-18 00:58:05,374 - AdaPoinTr - INFO - config.bnmscheduler.type : Lambda
2025-07-18 00:58:05,374 - AdaPoinTr - INFO - config.bnmscheduler.kwargs = edict()
2025-07-18 00:58:05,374 - AdaPoinTr - INFO - config.bnmscheduler.kwargs.decay_step : 21
2025-07-18 00:58:05,374 - AdaPoinTr - INFO - config.bnmscheduler.kwargs.bn_decay : 0.5
2025-07-18 00:58:05,374 - AdaPoinTr - INFO - config.bnmscheduler.kwargs.bn_momentum : 0.9
2025-07-18 00:58:05,374 - AdaPoinTr - INFO - config.bnmscheduler.kwargs.lowest_decay : 0.01
2025-07-18 00:58:05,374 - AdaPoinTr - INFO - config.dataset = edict()
2025-07-18 00:58:05,374 - AdaPoinTr - INFO - config.dataset.train = edict()
2025-07-18 00:58:05,374 - AdaPoinTr - INFO - config.dataset.train._base_ = edict()
2025-07-18 00:58:05,374 - AdaPoinTr - INFO - config.dataset.train._base_.NAME : ShapeNet
2025-07-18 00:58:05,374 - AdaPoinTr - INFO - config.dataset.train._base_.DATA_PATH : data/ShapeNet55-34/ShapeNet-55
2025-07-18 00:58:05,374 - AdaPoinTr - INFO - config.dataset.train._base_.N_POINTS : 8192
2025-07-18 00:58:05,374 - AdaPoinTr - INFO - config.dataset.train._base_.PC_PATH : data/ShapeNet55-34/shapenet_pc
2025-07-18 00:58:05,374 - AdaPoinTr - INFO - config.dataset.train.others = edict()
2025-07-18 00:58:05,374 - AdaPoinTr - INFO - config.dataset.train.others.subset : train
2025-07-18 00:58:05,374 - AdaPoinTr - INFO - config.dataset.train.others.bs : 16
2025-07-18 00:58:05,374 - AdaPoinTr - INFO - config.dataset.val = edict()
2025-07-18 00:58:05,374 - AdaPoinTr - INFO - config.dataset.val._base_ = edict()
2025-07-18 00:58:05,374 - AdaPoinTr - INFO - config.dataset.val._base_.NAME : ShapeNet
2025-07-18 00:58:05,375 - AdaPoinTr - INFO - config.dataset.val._base_.DATA_PATH : data/ShapeNet55-34/ShapeNet-55
2025-07-18 00:58:05,375 - AdaPoinTr - INFO - config.dataset.val._base_.N_POINTS : 8192
2025-07-18 00:58:05,375 - AdaPoinTr - INFO - config.dataset.val._base_.PC_PATH : data/ShapeNet55-34/shapenet_pc
2025-07-18 00:58:05,375 - AdaPoinTr - INFO - config.dataset.val.others = edict()
2025-07-18 00:58:05,375 - AdaPoinTr - INFO - config.dataset.val.others.subset : test
2025-07-18 00:58:05,375 - AdaPoinTr - INFO - config.dataset.test = edict()
2025-07-18 00:58:05,375 - AdaPoinTr - INFO - config.dataset.test._base_ = edict()
2025-07-18 00:58:05,375 - AdaPoinTr - INFO - config.dataset.test._base_.NAME : ShapeNet
2025-07-18 00:58:05,375 - AdaPoinTr - INFO - config.dataset.test._base_.DATA_PATH : data/ShapeNet55-34/ShapeNet-55
2025-07-18 00:58:05,375 - AdaPoinTr - INFO - config.dataset.test._base_.N_POINTS : 8192
2025-07-18 00:58:05,375 - AdaPoinTr - INFO - config.dataset.test._base_.PC_PATH : data/ShapeNet55-34/shapenet_pc
2025-07-18 00:58:05,375 - AdaPoinTr - INFO - config.dataset.test.others = edict()
2025-07-18 00:58:05,375 - AdaPoinTr - INFO - config.dataset.test.others.subset : test
2025-07-18 00:58:05,375 - AdaPoinTr - INFO - config.model = edict()
2025-07-18 00:58:05,375 - AdaPoinTr - INFO - config.model.NAME : AdaPoinTr
2025-07-18 00:58:05,375 - AdaPoinTr - INFO - config.model.num_query : 512
2025-07-18 00:58:05,375 - AdaPoinTr - INFO - config.model.num_points : 8192
2025-07-18 00:58:05,375 - AdaPoinTr - INFO - config.model.center_num : [512, 256]
2025-07-18 00:58:05,375 - AdaPoinTr - INFO - config.model.global_feature_dim : 1024
2025-07-18 00:58:05,375 - AdaPoinTr - INFO - config.model.encoder_type : graph
2025-07-18 00:58:05,375 - AdaPoinTr - INFO - config.model.decoder_type : fc
2025-07-18 00:58:05,375 - AdaPoinTr - INFO - config.model.encoder_config = edict()
2025-07-18 00:58:05,375 - AdaPoinTr - INFO - config.model.encoder_config.embed_dim : 384
2025-07-18 00:58:05,375 - AdaPoinTr - INFO - config.model.encoder_config.depth : 6
2025-07-18 00:58:05,375 - AdaPoinTr - INFO - config.model.encoder_config.num_heads : 6
2025-07-18 00:58:05,375 - AdaPoinTr - INFO - config.model.encoder_config.k : 8
2025-07-18 00:58:05,375 - AdaPoinTr - INFO - config.model.encoder_config.n_group : 2
2025-07-18 00:58:05,375 - AdaPoinTr - INFO - config.model.encoder_config.mlp_ratio : 2.0
2025-07-18 00:58:05,375 - AdaPoinTr - INFO - config.model.encoder_config.block_style_list : ['attn-graph', 'attn', 'attn', 'attn', 'attn', 'attn']
2025-07-18 00:58:05,375 - AdaPoinTr - INFO - config.model.encoder_config.combine_style : concat
2025-07-18 00:58:05,375 - AdaPoinTr - INFO - config.model.decoder_config = edict()
2025-07-18 00:58:05,375 - AdaPoinTr - INFO - config.model.decoder_config.embed_dim : 384
2025-07-18 00:58:05,375 - AdaPoinTr - INFO - config.model.decoder_config.depth : 8
2025-07-18 00:58:05,375 - AdaPoinTr - INFO - config.model.decoder_config.num_heads : 6
2025-07-18 00:58:05,375 - AdaPoinTr - INFO - config.model.decoder_config.k : 8
2025-07-18 00:58:05,375 - AdaPoinTr - INFO - config.model.decoder_config.n_group : 2
2025-07-18 00:58:05,375 - AdaPoinTr - INFO - config.model.decoder_config.mlp_ratio : 2.0
2025-07-18 00:58:05,375 - AdaPoinTr - INFO - config.model.decoder_config.self_attn_block_style_list : ['attn-graph', 'attn', 'attn', 'attn', 'attn', 'attn', 'attn', 'attn']
2025-07-18 00:58:05,375 - AdaPoinTr - INFO - config.model.decoder_config.self_attn_combine_style : concat
2025-07-18 00:58:05,375 - AdaPoinTr - INFO - config.model.decoder_config.cross_attn_block_style_list : ['attn-graph', 'attn', 'attn', 'attn', 'attn', 'attn', 'attn', 'attn']
2025-07-18 00:58:05,375 - AdaPoinTr - INFO - config.model.decoder_config.cross_attn_combine_style : concat
2025-07-18 00:58:05,375 - AdaPoinTr - INFO - config.total_bs : 16
2025-07-18 00:58:05,375 - AdaPoinTr - INFO - config.step_per_update : 2
2025-07-18 00:58:05,375 - AdaPoinTr - INFO - config.max_epoch : 200
2025-07-18 00:58:05,375 - AdaPoinTr - INFO - config.consider_metric : CDL2
2025-07-18 00:58:05,375 - AdaPoinTr - INFO - Distributed training: False
2025-07-18 00:58:05,375 - AdaPoinTr - INFO - Set random seed to 0, deterministic: False
2025-07-18 00:58:06,291 - AdaPoinTr - INFO - Trainable_parameters:
2025-07-18 00:58:06,291 - AdaPoinTr - INFO - =========================
2025-07-18 00:58:06,291 - AdaPoinTr - INFO - base_model.grouper.input_trans.weight
2025-07-18 00:58:06,291 - AdaPoinTr - INFO - base_model.grouper.input_trans.bias
2025-07-18 00:58:06,291 - AdaPoinTr - INFO - base_model.grouper.layer1.0.weight
2025-07-18 00:58:06,291 - AdaPoinTr - INFO - base_model.grouper.layer1.1.weight
2025-07-18 00:58:06,291 - AdaPoinTr - INFO - base_model.grouper.layer1.1.bias
2025-07-18 00:58:06,291 - AdaPoinTr - INFO - base_model.grouper.layer2.0.weight
2025-07-18 00:58:06,291 - AdaPoinTr - INFO - base_model.grouper.layer2.1.weight
2025-07-18 00:58:06,291 - AdaPoinTr - INFO - base_model.grouper.layer2.1.bias
2025-07-18 00:58:06,291 - AdaPoinTr - INFO - base_model.grouper.layer3.0.weight
2025-07-18 00:58:06,291 - AdaPoinTr - INFO - base_model.grouper.layer3.1.weight
2025-07-18 00:58:06,291 - AdaPoinTr - INFO - base_model.grouper.layer3.1.bias
2025-07-18 00:58:06,291 - AdaPoinTr - INFO - base_model.grouper.layer4.0.weight
2025-07-18 00:58:06,291 - AdaPoinTr - INFO - base_model.grouper.layer4.1.weight
2025-07-18 00:58:06,291 - AdaPoinTr - INFO - base_model.grouper.layer4.1.bias
2025-07-18 00:58:06,291 - AdaPoinTr - INFO - base_model.pos_embed.0.weight
2025-07-18 00:58:06,291 - AdaPoinTr - INFO - base_model.pos_embed.0.bias
2025-07-18 00:58:06,291 - AdaPoinTr - INFO - base_model.pos_embed.2.weight
2025-07-18 00:58:06,291 - AdaPoinTr - INFO - base_model.pos_embed.2.bias
2025-07-18 00:58:06,292 - AdaPoinTr - INFO - base_model.input_proj.0.weight
2025-07-18 00:58:06,292 - AdaPoinTr - INFO - base_model.input_proj.0.bias
2025-07-18 00:58:06,292 - AdaPoinTr - INFO - base_model.input_proj.2.weight
2025-07-18 00:58:06,292 - AdaPoinTr - INFO - base_model.input_proj.2.bias
2025-07-18 00:58:06,292 - AdaPoinTr - INFO - base_model.encoder.blocks.blocks.0.norm1.weight
2025-07-18 00:58:06,292 - AdaPoinTr - INFO - base_model.encoder.blocks.blocks.0.norm1.bias
2025-07-18 00:58:06,292 - AdaPoinTr - INFO - base_model.encoder.blocks.blocks.0.norm2.weight
2025-07-18 00:58:06,292 - AdaPoinTr - INFO - base_model.encoder.blocks.blocks.0.norm2.bias
2025-07-18 00:58:06,292 - AdaPoinTr - INFO - base_model.encoder.blocks.blocks.0.mlp.fc1.weight
2025-07-18 00:58:06,292 - AdaPoinTr - INFO - base_model.encoder.blocks.blocks.0.mlp.fc1.bias
2025-07-18 00:58:06,292 - AdaPoinTr - INFO - base_model.encoder.blocks.blocks.0.mlp.fc2.weight
2025-07-18 00:58:06,292 - AdaPoinTr - INFO - base_model.encoder.blocks.blocks.0.mlp.fc2.bias
2025-07-18 00:58:06,292 - AdaPoinTr - INFO - base_model.encoder.blocks.blocks.0.attn.qkv.weight
2025-07-18 00:58:06,292 - AdaPoinTr - INFO - base_model.encoder.blocks.blocks.0.attn.qkv.bias
2025-07-18 00:58:06,292 - AdaPoinTr - INFO - base_model.encoder.blocks.blocks.0.attn.proj.weight
2025-07-18 00:58:06,292 - AdaPoinTr - INFO - base_model.encoder.blocks.blocks.0.attn.proj.bias
2025-07-18 00:58:06,292 - AdaPoinTr - INFO - base_model.encoder.blocks.blocks.0.local_attn.knn_map.0.weight
2025-07-18 00:58:06,292 - AdaPoinTr - INFO - base_model.encoder.blocks.blocks.0.local_attn.knn_map.0.bias
2025-07-18 00:58:06,292 - AdaPoinTr - INFO - base_model.encoder.blocks.blocks.0.merge_map.weight
2025-07-18 00:58:06,292 - AdaPoinTr - INFO - base_model.encoder.blocks.blocks.0.merge_map.bias
2025-07-18 00:58:06,292 - AdaPoinTr - INFO - base_model.encoder.blocks.blocks.1.norm1.weight
2025-07-18 00:58:06,292 - AdaPoinTr - INFO - base_model.encoder.blocks.blocks.1.norm1.bias
2025-07-18 00:58:06,292 - AdaPoinTr - INFO - base_model.encoder.blocks.blocks.1.norm2.weight
2025-07-18 00:58:06,292 - AdaPoinTr - INFO - base_model.encoder.blocks.blocks.1.norm2.bias
2025-07-18 00:58:06,292 - AdaPoinTr - INFO - base_model.encoder.blocks.blocks.1.mlp.fc1.weight
2025-07-18 00:58:06,292 - AdaPoinTr - INFO - base_model.encoder.blocks.blocks.1.mlp.fc1.bias
2025-07-18 00:58:06,292 - AdaPoinTr - INFO - base_model.encoder.blocks.blocks.1.mlp.fc2.weight
2025-07-18 00:58:06,292 - AdaPoinTr - INFO - base_model.encoder.blocks.blocks.1.mlp.fc2.bias
2025-07-18 00:58:06,292 - AdaPoinTr - INFO - base_model.encoder.blocks.blocks.1.attn.qkv.weight
2025-07-18 00:58:06,292 - AdaPoinTr - INFO - base_model.encoder.blocks.blocks.1.attn.qkv.bias
2025-07-18 00:58:06,292 - AdaPoinTr - INFO - base_model.encoder.blocks.blocks.1.attn.proj.weight
2025-07-18 00:58:06,292 - AdaPoinTr - INFO - base_model.encoder.blocks.blocks.1.attn.proj.bias
2025-07-18 00:58:06,292 - AdaPoinTr - INFO - base_model.encoder.blocks.blocks.2.norm1.weight
2025-07-18 00:58:06,292 - AdaPoinTr - INFO - base_model.encoder.blocks.blocks.2.norm1.bias
2025-07-18 00:58:06,292 - AdaPoinTr - INFO - base_model.encoder.blocks.blocks.2.norm2.weight
2025-07-18 00:58:06,292 - AdaPoinTr - INFO - base_model.encoder.blocks.blocks.2.norm2.bias
2025-07-18 00:58:06,292 - AdaPoinTr - INFO - base_model.encoder.blocks.blocks.2.mlp.fc1.weight
2025-07-18 00:58:06,292 - AdaPoinTr - INFO - base_model.encoder.blocks.blocks.2.mlp.fc1.bias
2025-07-18 00:58:06,292 - AdaPoinTr - INFO - base_model.encoder.blocks.blocks.2.mlp.fc2.weight
2025-07-18 00:58:06,292 - AdaPoinTr - INFO - base_model.encoder.blocks.blocks.2.mlp.fc2.bias
2025-07-18 00:58:06,292 - AdaPoinTr - INFO - base_model.encoder.blocks.blocks.2.attn.qkv.weight
2025-07-18 00:58:06,292 - AdaPoinTr - INFO - base_model.encoder.blocks.blocks.2.attn.qkv.bias
2025-07-18 00:58:06,292 - AdaPoinTr - INFO - base_model.encoder.blocks.blocks.2.attn.proj.weight
2025-07-18 00:58:06,292 - AdaPoinTr - INFO - base_model.encoder.blocks.blocks.2.attn.proj.bias
2025-07-18 00:58:06,292 - AdaPoinTr - INFO - base_model.encoder.blocks.blocks.3.norm1.weight
2025-07-18 00:58:06,292 - AdaPoinTr - INFO - base_model.encoder.blocks.blocks.3.norm1.bias
2025-07-18 00:58:06,292 - AdaPoinTr - INFO - base_model.encoder.blocks.blocks.3.norm2.weight
2025-07-18 00:58:06,292 - AdaPoinTr - INFO - base_model.encoder.blocks.blocks.3.norm2.bias
2025-07-18 00:58:06,292 - AdaPoinTr - INFO - base_model.encoder.blocks.blocks.3.mlp.fc1.weight
2025-07-18 00:58:06,292 - AdaPoinTr - INFO - base_model.encoder.blocks.blocks.3.mlp.fc1.bias
2025-07-18 00:58:06,292 - AdaPoinTr - INFO - base_model.encoder.blocks.blocks.3.mlp.fc2.weight
2025-07-18 00:58:06,292 - AdaPoinTr - INFO - base_model.encoder.blocks.blocks.3.mlp.fc2.bias
2025-07-18 00:58:06,292 - AdaPoinTr - INFO - base_model.encoder.blocks.blocks.3.attn.qkv.weight
2025-07-18 00:58:06,292 - AdaPoinTr - INFO - base_model.encoder.blocks.blocks.3.attn.qkv.bias
2025-07-18 00:58:06,292 - AdaPoinTr - INFO - base_model.encoder.blocks.blocks.3.attn.proj.weight
2025-07-18 00:58:06,292 - AdaPoinTr - INFO - base_model.encoder.blocks.blocks.3.attn.proj.bias
2025-07-18 00:58:06,292 - AdaPoinTr - INFO - base_model.encoder.blocks.blocks.4.norm1.weight
2025-07-18 00:58:06,292 - AdaPoinTr - INFO - base_model.encoder.blocks.blocks.4.norm1.bias
2025-07-18 00:58:06,292 - AdaPoinTr - INFO - base_model.encoder.blocks.blocks.4.norm2.weight
2025-07-18 00:58:06,292 - AdaPoinTr - INFO - base_model.encoder.blocks.blocks.4.norm2.bias
2025-07-18 00:58:06,292 - AdaPoinTr - INFO - base_model.encoder.blocks.blocks.4.mlp.fc1.weight
2025-07-18 00:58:06,292 - AdaPoinTr - INFO - base_model.encoder.blocks.blocks.4.mlp.fc1.bias
2025-07-18 00:58:06,292 - AdaPoinTr - INFO - base_model.encoder.blocks.blocks.4.mlp.fc2.weight
2025-07-18 00:58:06,293 - AdaPoinTr - INFO - base_model.encoder.blocks.blocks.4.mlp.fc2.bias
2025-07-18 00:58:06,293 - AdaPoinTr - INFO - base_model.encoder.blocks.blocks.4.attn.qkv.weight
2025-07-18 00:58:06,293 - AdaPoinTr - INFO - base_model.encoder.blocks.blocks.4.attn.qkv.bias
2025-07-18 00:58:06,293 - AdaPoinTr - INFO - base_model.encoder.blocks.blocks.4.attn.proj.weight
2025-07-18 00:58:06,293 - AdaPoinTr - INFO - base_model.encoder.blocks.blocks.4.attn.proj.bias
2025-07-18 00:58:06,293 - AdaPoinTr - INFO - base_model.encoder.blocks.blocks.5.norm1.weight
2025-07-18 00:58:06,293 - AdaPoinTr - INFO - base_model.encoder.blocks.blocks.5.norm1.bias
2025-07-18 00:58:06,293 - AdaPoinTr - INFO - base_model.encoder.blocks.blocks.5.norm2.weight
2025-07-18 00:58:06,293 - AdaPoinTr - INFO - base_model.encoder.blocks.blocks.5.norm2.bias
2025-07-18 00:58:06,293 - AdaPoinTr - INFO - base_model.encoder.blocks.blocks.5.mlp.fc1.weight
2025-07-18 00:58:06,293 - AdaPoinTr - INFO - base_model.encoder.blocks.blocks.5.mlp.fc1.bias
2025-07-18 00:58:06,293 - AdaPoinTr - INFO - base_model.encoder.blocks.blocks.5.mlp.fc2.weight
2025-07-18 00:58:06,293 - AdaPoinTr - INFO - base_model.encoder.blocks.blocks.5.mlp.fc2.bias
2025-07-18 00:58:06,293 - AdaPoinTr - INFO - base_model.encoder.blocks.blocks.5.attn.qkv.weight
2025-07-18 00:58:06,293 - AdaPoinTr - INFO - base_model.encoder.blocks.blocks.5.attn.qkv.bias
2025-07-18 00:58:06,293 - AdaPoinTr - INFO - base_model.encoder.blocks.blocks.5.attn.proj.weight
2025-07-18 00:58:06,293 - AdaPoinTr - INFO - base_model.encoder.blocks.blocks.5.attn.proj.bias
2025-07-18 00:58:06,293 - AdaPoinTr - INFO - base_model.encoder.norm.weight
2025-07-18 00:58:06,293 - AdaPoinTr - INFO - base_model.encoder.norm.bias
2025-07-18 00:58:06,293 - AdaPoinTr - INFO - base_model.increase_dim.0.weight
2025-07-18 00:58:06,293 - AdaPoinTr - INFO - base_model.increase_dim.0.bias
2025-07-18 00:58:06,293 - AdaPoinTr - INFO - base_model.increase_dim.2.weight
2025-07-18 00:58:06,293 - AdaPoinTr - INFO - base_model.increase_dim.2.bias
2025-07-18 00:58:06,293 - AdaPoinTr - INFO - base_model.coarse_pred.0.weight
2025-07-18 00:58:06,293 - AdaPoinTr - INFO - base_model.coarse_pred.0.bias
2025-07-18 00:58:06,293 - AdaPoinTr - INFO - base_model.coarse_pred.2.weight
2025-07-18 00:58:06,293 - AdaPoinTr - INFO - base_model.coarse_pred.2.bias
2025-07-18 00:58:06,293 - AdaPoinTr - INFO - base_model.mlp_query.0.weight
2025-07-18 00:58:06,293 - AdaPoinTr - INFO - base_model.mlp_query.0.bias
2025-07-18 00:58:06,293 - AdaPoinTr - INFO - base_model.mlp_query.2.weight
2025-07-18 00:58:06,293 - AdaPoinTr - INFO - base_model.mlp_query.2.bias
2025-07-18 00:58:06,293 - AdaPoinTr - INFO - base_model.mlp_query.4.weight
2025-07-18 00:58:06,293 - AdaPoinTr - INFO - base_model.mlp_query.4.bias
2025-07-18 00:58:06,293 - AdaPoinTr - INFO - base_model.decoder.blocks.blocks.0.norm2.weight
2025-07-18 00:58:06,293 - AdaPoinTr - INFO - base_model.decoder.blocks.blocks.0.norm2.bias
2025-07-18 00:58:06,293 - AdaPoinTr - INFO - base_model.decoder.blocks.blocks.0.mlp.fc1.weight
2025-07-18 00:58:06,293 - AdaPoinTr - INFO - base_model.decoder.blocks.blocks.0.mlp.fc1.bias
2025-07-18 00:58:06,293 - AdaPoinTr - INFO - base_model.decoder.blocks.blocks.0.mlp.fc2.weight
2025-07-18 00:58:06,293 - AdaPoinTr - INFO - base_model.decoder.blocks.blocks.0.mlp.fc2.bias
2025-07-18 00:58:06,293 - AdaPoinTr - INFO - base_model.decoder.blocks.blocks.0.norm1.weight
2025-07-18 00:58:06,293 - AdaPoinTr - INFO - base_model.decoder.blocks.blocks.0.norm1.bias
2025-07-18 00:58:06,293 - AdaPoinTr - INFO - base_model.decoder.blocks.blocks.0.self_attn.qkv.weight
2025-07-18 00:58:06,293 - AdaPoinTr - INFO - base_model.decoder.blocks.blocks.0.self_attn.qkv.bias
2025-07-18 00:58:06,293 - AdaPoinTr - INFO - base_model.decoder.blocks.blocks.0.self_attn.proj.weight
2025-07-18 00:58:06,293 - AdaPoinTr - INFO - base_model.decoder.blocks.blocks.0.self_attn.proj.bias
2025-07-18 00:58:06,293 - AdaPoinTr - INFO - base_model.decoder.blocks.blocks.0.local_self_attn.knn_map.0.weight
2025-07-18 00:58:06,293 - AdaPoinTr - INFO - base_model.decoder.blocks.blocks.0.local_self_attn.knn_map.0.bias
2025-07-18 00:58:06,293 - AdaPoinTr - INFO - base_model.decoder.blocks.blocks.0.self_attn_merge_map.weight
2025-07-18 00:58:06,293 - AdaPoinTr - INFO - base_model.decoder.blocks.blocks.0.self_attn_merge_map.bias
2025-07-18 00:58:06,293 - AdaPoinTr - INFO - base_model.decoder.blocks.blocks.0.norm_q.weight
2025-07-18 00:58:06,293 - AdaPoinTr - INFO - base_model.decoder.blocks.blocks.0.norm_q.bias
2025-07-18 00:58:06,293 - AdaPoinTr - INFO - base_model.decoder.blocks.blocks.0.norm_v.weight
2025-07-18 00:58:06,293 - AdaPoinTr - INFO - base_model.decoder.blocks.blocks.0.norm_v.bias
2025-07-18 00:58:06,293 - AdaPoinTr - INFO - base_model.decoder.blocks.blocks.0.cross_attn.q_map.weight
2025-07-18 00:58:06,293 - AdaPoinTr - INFO - base_model.decoder.blocks.blocks.0.cross_attn.q_map.bias
2025-07-18 00:58:06,293 - AdaPoinTr - INFO - base_model.decoder.blocks.blocks.0.cross_attn.k_map.weight
2025-07-18 00:58:06,293 - AdaPoinTr - INFO - base_model.decoder.blocks.blocks.0.cross_attn.k_map.bias
2025-07-18 00:58:06,293 - AdaPoinTr - INFO - base_model.decoder.blocks.blocks.0.cross_attn.v_map.weight
2025-07-18 00:58:06,293 - AdaPoinTr - INFO - base_model.decoder.blocks.blocks.0.cross_attn.v_map.bias
2025-07-18 00:58:06,293 - AdaPoinTr - INFO - base_model.decoder.blocks.blocks.0.cross_attn.proj.weight
2025-07-18 00:58:06,293 - AdaPoinTr - INFO - base_model.decoder.blocks.blocks.0.cross_attn.proj.bias
2025-07-18 00:58:06,293 - AdaPoinTr - INFO - base_model.decoder.blocks.blocks.0.local_cross_attn.knn_map.0.weight
2025-07-18 00:58:06,293 - AdaPoinTr - INFO - base_model.decoder.blocks.blocks.0.local_cross_attn.knn_map.0.bias
2025-07-18 00:58:06,293 - AdaPoinTr - INFO - base_model.decoder.blocks.blocks.0.cross_attn_merge_map.weight
2025-07-18 00:58:06,293 - AdaPoinTr - INFO - base_model.decoder.blocks.blocks.0.cross_attn_merge_map.bias
2025-07-18 00:58:06,294 - AdaPoinTr - INFO - base_model.decoder.blocks.blocks.1.norm2.weight
2025-07-18 00:58:06,294 - AdaPoinTr - INFO - base_model.decoder.blocks.blocks.1.norm2.bias
2025-07-18 00:58:06,294 - AdaPoinTr - INFO - base_model.decoder.blocks.blocks.1.mlp.fc1.weight
2025-07-18 00:58:06,294 - AdaPoinTr - INFO - base_model.decoder.blocks.blocks.1.mlp.fc1.bias
2025-07-18 00:58:06,294 - AdaPoinTr - INFO - base_model.decoder.blocks.blocks.1.mlp.fc2.weight
2025-07-18 00:58:06,294 - AdaPoinTr - INFO - base_model.decoder.blocks.blocks.1.mlp.fc2.bias
2025-07-18 00:58:06,294 - AdaPoinTr - INFO - base_model.decoder.blocks.blocks.1.norm1.weight
2025-07-18 00:58:06,294 - AdaPoinTr - INFO - base_model.decoder.blocks.blocks.1.norm1.bias
2025-07-18 00:58:06,294 - AdaPoinTr - INFO - base_model.decoder.blocks.blocks.1.self_attn.qkv.weight
2025-07-18 00:58:06,294 - AdaPoinTr - INFO - base_model.decoder.blocks.blocks.1.self_attn.qkv.bias
2025-07-18 00:58:06,294 - AdaPoinTr - INFO - base_model.decoder.blocks.blocks.1.self_attn.proj.weight
2025-07-18 00:58:06,294 - AdaPoinTr - INFO - base_model.decoder.blocks.blocks.1.self_attn.proj.bias
2025-07-18 00:58:06,294 - AdaPoinTr - INFO - base_model.decoder.blocks.blocks.1.norm_q.weight
2025-07-18 00:58:06,294 - AdaPoinTr - INFO - base_model.decoder.blocks.blocks.1.norm_q.bias
2025-07-18 00:58:06,294 - AdaPoinTr - INFO - base_model.decoder.blocks.blocks.1.norm_v.weight
2025-07-18 00:58:06,294 - AdaPoinTr - INFO - base_model.decoder.blocks.blocks.1.norm_v.bias
2025-07-18 00:58:06,294 - AdaPoinTr - INFO - base_model.decoder.blocks.blocks.1.cross_attn.q_map.weight
2025-07-18 00:58:06,294 - AdaPoinTr - INFO - base_model.decoder.blocks.blocks.1.cross_attn.q_map.bias
2025-07-18 00:58:06,294 - AdaPoinTr - INFO - base_model.decoder.blocks.blocks.1.cross_attn.k_map.weight
2025-07-18 00:58:06,294 - AdaPoinTr - INFO - base_model.decoder.blocks.blocks.1.cross_attn.k_map.bias
2025-07-18 00:58:06,294 - AdaPoinTr - INFO - base_model.decoder.blocks.blocks.1.cross_attn.v_map.weight
2025-07-18 00:58:06,294 - AdaPoinTr - INFO - base_model.decoder.blocks.blocks.1.cross_attn.v_map.bias
2025-07-18 00:58:06,294 - AdaPoinTr - INFO - base_model.decoder.blocks.blocks.1.cross_attn.proj.weight
2025-07-18 00:58:06,294 - AdaPoinTr - INFO - base_model.decoder.blocks.blocks.1.cross_attn.proj.bias
2025-07-18 00:58:06,294 - AdaPoinTr - INFO - base_model.decoder.blocks.blocks.2.norm2.weight
2025-07-18 00:58:06,294 - AdaPoinTr - INFO - base_model.decoder.blocks.blocks.2.norm2.bias
2025-07-18 00:58:06,294 - AdaPoinTr - INFO - base_model.decoder.blocks.blocks.2.mlp.fc1.weight
2025-07-18 00:58:06,294 - AdaPoinTr - INFO - base_model.decoder.blocks.blocks.2.mlp.fc1.bias
2025-07-18 00:58:06,294 - AdaPoinTr - INFO - base_model.decoder.blocks.blocks.2.mlp.fc2.weight
2025-07-18 00:58:06,294 - AdaPoinTr - INFO - base_model.decoder.blocks.blocks.2.mlp.fc2.bias
2025-07-18 00:58:06,294 - AdaPoinTr - INFO - base_model.decoder.blocks.blocks.2.norm1.weight
2025-07-18 00:58:06,294 - AdaPoinTr - INFO - base_model.decoder.blocks.blocks.2.norm1.bias
2025-07-18 00:58:06,294 - AdaPoinTr - INFO - base_model.decoder.blocks.blocks.2.self_attn.qkv.weight
2025-07-18 00:58:06,294 - AdaPoinTr - INFO - base_model.decoder.blocks.blocks.2.self_attn.qkv.bias
2025-07-18 00:58:06,294 - AdaPoinTr - INFO - base_model.decoder.blocks.blocks.2.self_attn.proj.weight
2025-07-18 00:58:06,294 - AdaPoinTr - INFO - base_model.decoder.blocks.blocks.2.self_attn.proj.bias
2025-07-18 00:58:06,294 - AdaPoinTr - INFO - base_model.decoder.blocks.blocks.2.norm_q.weight
2025-07-18 00:58:06,294 - AdaPoinTr - INFO - base_model.decoder.blocks.blocks.2.norm_q.bias
2025-07-18 00:58:06,294 - AdaPoinTr - INFO - base_model.decoder.blocks.blocks.2.norm_v.weight
2025-07-18 00:58:06,294 - AdaPoinTr - INFO - base_model.decoder.blocks.blocks.2.norm_v.bias
2025-07-18 00:58:06,294 - AdaPoinTr - INFO - base_model.decoder.blocks.blocks.2.cross_attn.q_map.weight
2025-07-18 00:58:06,294 - AdaPoinTr - INFO - base_model.decoder.blocks.blocks.2.cross_attn.q_map.bias
2025-07-18 00:58:06,294 - AdaPoinTr - INFO - base_model.decoder.blocks.blocks.2.cross_attn.k_map.weight
2025-07-18 00:58:06,294 - AdaPoinTr - INFO - base_model.decoder.blocks.blocks.2.cross_attn.k_map.bias
2025-07-18 00:58:06,294 - AdaPoinTr - INFO - base_model.decoder.blocks.blocks.2.cross_attn.v_map.weight
2025-07-18 00:58:06,294 - AdaPoinTr - INFO - base_model.decoder.blocks.blocks.2.cross_attn.v_map.bias
2025-07-18 00:58:06,294 - AdaPoinTr - INFO - base_model.decoder.blocks.blocks.2.cross_attn.proj.weight
2025-07-18 00:58:06,294 - AdaPoinTr - INFO - base_model.decoder.blocks.blocks.2.cross_attn.proj.bias
2025-07-18 00:58:06,294 - AdaPoinTr - INFO - base_model.decoder.blocks.blocks.3.norm2.weight
2025-07-18 00:58:06,294 - AdaPoinTr - INFO - base_model.decoder.blocks.blocks.3.norm2.bias
2025-07-18 00:58:06,294 - AdaPoinTr - INFO - base_model.decoder.blocks.blocks.3.mlp.fc1.weight
2025-07-18 00:58:06,294 - AdaPoinTr - INFO - base_model.decoder.blocks.blocks.3.mlp.fc1.bias
2025-07-18 00:58:06,294 - AdaPoinTr - INFO - base_model.decoder.blocks.blocks.3.mlp.fc2.weight
2025-07-18 00:58:06,294 - AdaPoinTr - INFO - base_model.decoder.blocks.blocks.3.mlp.fc2.bias
2025-07-18 00:58:06,294 - AdaPoinTr - INFO - base_model.decoder.blocks.blocks.3.norm1.weight
2025-07-18 00:58:06,294 - AdaPoinTr - INFO - base_model.decoder.blocks.blocks.3.norm1.bias
2025-07-18 00:58:06,294 - AdaPoinTr - INFO - base_model.decoder.blocks.blocks.3.self_attn.qkv.weight
2025-07-18 00:58:06,294 - AdaPoinTr - INFO - base_model.decoder.blocks.blocks.3.self_attn.qkv.bias
2025-07-18 00:58:06,294 - AdaPoinTr - INFO - base_model.decoder.blocks.blocks.3.self_attn.proj.weight
2025-07-18 00:58:06,294 - AdaPoinTr - INFO - base_model.decoder.blocks.blocks.3.self_attn.proj.bias
2025-07-18 00:58:06,294 - AdaPoinTr - INFO - base_model.decoder.blocks.blocks.3.norm_q.weight
2025-07-18 00:58:06,294 - AdaPoinTr - INFO - base_model.decoder.blocks.blocks.3.norm_q.bias
2025-07-18 00:58:06,294 - AdaPoinTr - INFO - base_model.decoder.blocks.blocks.3.norm_v.weight
2025-07-18 00:58:06,294 - AdaPoinTr - INFO - base_model.decoder.blocks.blocks.3.norm_v.bias
2025-07-18 00:58:06,294 - AdaPoinTr - INFO - base_model.decoder.blocks.blocks.3.cross_attn.q_map.weight
2025-07-18 00:58:06,294 - AdaPoinTr - INFO - base_model.decoder.blocks.blocks.3.cross_attn.q_map.bias
2025-07-18 00:58:06,294 - AdaPoinTr - INFO - base_model.decoder.blocks.blocks.3.cross_attn.k_map.weight
2025-07-18 00:58:06,295 - AdaPoinTr - INFO - base_model.decoder.blocks.blocks.3.cross_attn.k_map.bias
2025-07-18 00:58:06,295 - AdaPoinTr - INFO - base_model.decoder.blocks.blocks.3.cross_attn.v_map.weight
2025-07-18 00:58:06,295 - AdaPoinTr - INFO - base_model.decoder.blocks.blocks.3.cross_attn.v_map.bias
2025-07-18 00:58:06,295 - AdaPoinTr - INFO - base_model.decoder.blocks.blocks.3.cross_attn.proj.weight
2025-07-18 00:58:06,295 - AdaPoinTr - INFO - base_model.decoder.blocks.blocks.3.cross_attn.proj.bias
2025-07-18 00:58:06,295 - AdaPoinTr - INFO - base_model.decoder.blocks.blocks.4.norm2.weight
2025-07-18 00:58:06,295 - AdaPoinTr - INFO - base_model.decoder.blocks.blocks.4.norm2.bias
2025-07-18 00:58:06,295 - AdaPoinTr - INFO - base_model.decoder.blocks.blocks.4.mlp.fc1.weight
2025-07-18 00:58:06,295 - AdaPoinTr - INFO - base_model.decoder.blocks.blocks.4.mlp.fc1.bias
2025-07-18 00:58:06,295 - AdaPoinTr - INFO - base_model.decoder.blocks.blocks.4.mlp.fc2.weight
2025-07-18 00:58:06,295 - AdaPoinTr - INFO - base_model.decoder.blocks.blocks.4.mlp.fc2.bias
2025-07-18 00:58:06,295 - AdaPoinTr - INFO - base_model.decoder.blocks.blocks.4.norm1.weight
2025-07-18 00:58:06,295 - AdaPoinTr - INFO - base_model.decoder.blocks.blocks.4.norm1.bias
2025-07-18 00:58:06,295 - AdaPoinTr - INFO - base_model.decoder.blocks.blocks.4.self_attn.qkv.weight
2025-07-18 00:58:06,295 - AdaPoinTr - INFO - base_model.decoder.blocks.blocks.4.self_attn.qkv.bias
2025-07-18 00:58:06,295 - AdaPoinTr - INFO - base_model.decoder.blocks.blocks.4.self_attn.proj.weight
2025-07-18 00:58:06,295 - AdaPoinTr - INFO - base_model.decoder.blocks.blocks.4.self_attn.proj.bias
2025-07-18 00:58:06,295 - AdaPoinTr - INFO - base_model.decoder.blocks.blocks.4.norm_q.weight
2025-07-18 00:58:06,295 - AdaPoinTr - INFO - base_model.decoder.blocks.blocks.4.norm_q.bias
2025-07-18 00:58:06,295 - AdaPoinTr - INFO - base_model.decoder.blocks.blocks.4.norm_v.weight
2025-07-18 00:58:06,295 - AdaPoinTr - INFO - base_model.decoder.blocks.blocks.4.norm_v.bias
2025-07-18 00:58:06,295 - AdaPoinTr - INFO - base_model.decoder.blocks.blocks.4.cross_attn.q_map.weight
2025-07-18 00:58:06,295 - AdaPoinTr - INFO - base_model.decoder.blocks.blocks.4.cross_attn.q_map.bias
2025-07-18 00:58:06,295 - AdaPoinTr - INFO - base_model.decoder.blocks.blocks.4.cross_attn.k_map.weight
2025-07-18 00:58:06,295 - AdaPoinTr - INFO - base_model.decoder.blocks.blocks.4.cross_attn.k_map.bias
2025-07-18 00:58:06,295 - AdaPoinTr - INFO - base_model.decoder.blocks.blocks.4.cross_attn.v_map.weight
2025-07-18 00:58:06,295 - AdaPoinTr - INFO - base_model.decoder.blocks.blocks.4.cross_attn.v_map.bias
2025-07-18 00:58:06,295 - AdaPoinTr - INFO - base_model.decoder.blocks.blocks.4.cross_attn.proj.weight
2025-07-18 00:58:06,295 - AdaPoinTr - INFO - base_model.decoder.blocks.blocks.4.cross_attn.proj.bias
2025-07-18 00:58:06,295 - AdaPoinTr - INFO - base_model.decoder.blocks.blocks.5.norm2.weight
2025-07-18 00:58:06,295 - AdaPoinTr - INFO - base_model.decoder.blocks.blocks.5.norm2.bias
2025-07-18 00:58:06,295 - AdaPoinTr - INFO - base_model.decoder.blocks.blocks.5.mlp.fc1.weight
2025-07-18 00:58:06,295 - AdaPoinTr - INFO - base_model.decoder.blocks.blocks.5.mlp.fc1.bias
2025-07-18 00:58:06,295 - AdaPoinTr - INFO - base_model.decoder.blocks.blocks.5.mlp.fc2.weight
2025-07-18 00:58:06,295 - AdaPoinTr - INFO - base_model.decoder.blocks.blocks.5.mlp.fc2.bias
2025-07-18 00:58:06,295 - AdaPoinTr - INFO - base_model.decoder.blocks.blocks.5.norm1.weight
2025-07-18 00:58:06,295 - AdaPoinTr - INFO - base_model.decoder.blocks.blocks.5.norm1.bias
2025-07-18 00:58:06,295 - AdaPoinTr - INFO - base_model.decoder.blocks.blocks.5.self_attn.qkv.weight
2025-07-18 00:58:06,295 - AdaPoinTr - INFO - base_model.decoder.blocks.blocks.5.self_attn.qkv.bias
2025-07-18 00:58:06,295 - AdaPoinTr - INFO - base_model.decoder.blocks.blocks.5.self_attn.proj.weight
2025-07-18 00:58:06,295 - AdaPoinTr - INFO - base_model.decoder.blocks.blocks.5.self_attn.proj.bias
2025-07-18 00:58:06,295 - AdaPoinTr - INFO - base_model.decoder.blocks.blocks.5.norm_q.weight
2025-07-18 00:58:06,295 - AdaPoinTr - INFO - base_model.decoder.blocks.blocks.5.norm_q.bias
2025-07-18 00:58:06,295 - AdaPoinTr - INFO - base_model.decoder.blocks.blocks.5.norm_v.weight
2025-07-18 00:58:06,295 - AdaPoinTr - INFO - base_model.decoder.blocks.blocks.5.norm_v.bias
2025-07-18 00:58:06,295 - AdaPoinTr - INFO - base_model.decoder.blocks.blocks.5.cross_attn.q_map.weight
2025-07-18 00:58:06,295 - AdaPoinTr - INFO - base_model.decoder.blocks.blocks.5.cross_attn.q_map.bias
2025-07-18 00:58:06,295 - AdaPoinTr - INFO - base_model.decoder.blocks.blocks.5.cross_attn.k_map.weight
2025-07-18 00:58:06,295 - AdaPoinTr - INFO - base_model.decoder.blocks.blocks.5.cross_attn.k_map.bias
2025-07-18 00:58:06,295 - AdaPoinTr - INFO - base_model.decoder.blocks.blocks.5.cross_attn.v_map.weight
2025-07-18 00:58:06,295 - AdaPoinTr - INFO - base_model.decoder.blocks.blocks.5.cross_attn.v_map.bias
2025-07-18 00:58:06,295 - AdaPoinTr - INFO - base_model.decoder.blocks.blocks.5.cross_attn.proj.weight
2025-07-18 00:58:06,295 - AdaPoinTr - INFO - base_model.decoder.blocks.blocks.5.cross_attn.proj.bias
2025-07-18 00:58:06,295 - AdaPoinTr - INFO - base_model.decoder.blocks.blocks.6.norm2.weight
2025-07-18 00:58:06,295 - AdaPoinTr - INFO - base_model.decoder.blocks.blocks.6.norm2.bias
2025-07-18 00:58:06,295 - AdaPoinTr - INFO - base_model.decoder.blocks.blocks.6.mlp.fc1.weight
2025-07-18 00:58:06,295 - AdaPoinTr - INFO - base_model.decoder.blocks.blocks.6.mlp.fc1.bias
2025-07-18 00:58:06,295 - AdaPoinTr - INFO - base_model.decoder.blocks.blocks.6.mlp.fc2.weight
2025-07-18 00:58:06,295 - AdaPoinTr - INFO - base_model.decoder.blocks.blocks.6.mlp.fc2.bias
2025-07-18 00:58:06,295 - AdaPoinTr - INFO - base_model.decoder.blocks.blocks.6.norm1.weight
2025-07-18 00:58:06,295 - AdaPoinTr - INFO - base_model.decoder.blocks.blocks.6.norm1.bias
2025-07-18 00:58:06,295 - AdaPoinTr - INFO - base_model.decoder.blocks.blocks.6.self_attn.qkv.weight
2025-07-18 00:58:06,295 - AdaPoinTr - INFO - base_model.decoder.blocks.blocks.6.self_attn.qkv.bias
2025-07-18 00:58:06,295 - AdaPoinTr - INFO - base_model.decoder.blocks.blocks.6.self_attn.proj.weight
2025-07-18 00:58:06,295 - AdaPoinTr - INFO - base_model.decoder.blocks.blocks.6.self_attn.proj.bias
2025-07-18 00:58:06,295 - AdaPoinTr - INFO - base_model.decoder.blocks.blocks.6.norm_q.weight
2025-07-18 00:58:06,295 - AdaPoinTr - INFO - base_model.decoder.blocks.blocks.6.norm_q.bias
2025-07-18 00:58:06,296 - AdaPoinTr - INFO - base_model.decoder.blocks.blocks.6.norm_v.weight
2025-07-18 00:58:06,296 - AdaPoinTr - INFO - base_model.decoder.blocks.blocks.6.norm_v.bias
2025-07-18 00:58:06,296 - AdaPoinTr - INFO - base_model.decoder.blocks.blocks.6.cross_attn.q_map.weight
2025-07-18 00:58:06,296 - AdaPoinTr - INFO - base_model.decoder.blocks.blocks.6.cross_attn.q_map.bias
2025-07-18 00:58:06,296 - AdaPoinTr - INFO - base_model.decoder.blocks.blocks.6.cross_attn.k_map.weight
2025-07-18 00:58:06,296 - AdaPoinTr - INFO - base_model.decoder.blocks.blocks.6.cross_attn.k_map.bias
2025-07-18 00:58:06,296 - AdaPoinTr - INFO - base_model.decoder.blocks.blocks.6.cross_attn.v_map.weight
2025-07-18 00:58:06,296 - AdaPoinTr - INFO - base_model.decoder.blocks.blocks.6.cross_attn.v_map.bias
2025-07-18 00:58:06,296 - AdaPoinTr - INFO - base_model.decoder.blocks.blocks.6.cross_attn.proj.weight
2025-07-18 00:58:06,296 - AdaPoinTr - INFO - base_model.decoder.blocks.blocks.6.cross_attn.proj.bias
2025-07-18 00:58:06,296 - AdaPoinTr - INFO - base_model.decoder.blocks.blocks.7.norm2.weight
2025-07-18 00:58:06,296 - AdaPoinTr - INFO - base_model.decoder.blocks.blocks.7.norm2.bias
2025-07-18 00:58:06,296 - AdaPoinTr - INFO - base_model.decoder.blocks.blocks.7.mlp.fc1.weight
2025-07-18 00:58:06,296 - AdaPoinTr - INFO - base_model.decoder.blocks.blocks.7.mlp.fc1.bias
2025-07-18 00:58:06,296 - AdaPoinTr - INFO - base_model.decoder.blocks.blocks.7.mlp.fc2.weight
2025-07-18 00:58:06,296 - AdaPoinTr - INFO - base_model.decoder.blocks.blocks.7.mlp.fc2.bias
2025-07-18 00:58:06,296 - AdaPoinTr - INFO - base_model.decoder.blocks.blocks.7.norm1.weight
2025-07-18 00:58:06,296 - AdaPoinTr - INFO - base_model.decoder.blocks.blocks.7.norm1.bias
2025-07-18 00:58:06,296 - AdaPoinTr - INFO - base_model.decoder.blocks.blocks.7.self_attn.qkv.weight
2025-07-18 00:58:06,296 - AdaPoinTr - INFO - base_model.decoder.blocks.blocks.7.self_attn.qkv.bias
2025-07-18 00:58:06,296 - AdaPoinTr - INFO - base_model.decoder.blocks.blocks.7.self_attn.proj.weight
2025-07-18 00:58:06,296 - AdaPoinTr - INFO - base_model.decoder.blocks.blocks.7.self_attn.proj.bias
2025-07-18 00:58:06,296 - AdaPoinTr - INFO - base_model.decoder.blocks.blocks.7.norm_q.weight
2025-07-18 00:58:06,296 - AdaPoinTr - INFO - base_model.decoder.blocks.blocks.7.norm_q.bias
2025-07-18 00:58:06,296 - AdaPoinTr - INFO - base_model.decoder.blocks.blocks.7.norm_v.weight
2025-07-18 00:58:06,296 - AdaPoinTr - INFO - base_model.decoder.blocks.blocks.7.norm_v.bias
2025-07-18 00:58:06,296 - AdaPoinTr - INFO - base_model.decoder.blocks.blocks.7.cross_attn.q_map.weight
2025-07-18 00:58:06,296 - AdaPoinTr - INFO - base_model.decoder.blocks.blocks.7.cross_attn.q_map.bias
2025-07-18 00:58:06,296 - AdaPoinTr - INFO - base_model.decoder.blocks.blocks.7.cross_attn.k_map.weight
2025-07-18 00:58:06,296 - AdaPoinTr - INFO - base_model.decoder.blocks.blocks.7.cross_attn.k_map.bias
2025-07-18 00:58:06,296 - AdaPoinTr - INFO - base_model.decoder.blocks.blocks.7.cross_attn.v_map.weight
2025-07-18 00:58:06,296 - AdaPoinTr - INFO - base_model.decoder.blocks.blocks.7.cross_attn.v_map.bias
2025-07-18 00:58:06,296 - AdaPoinTr - INFO - base_model.decoder.blocks.blocks.7.cross_attn.proj.weight
2025-07-18 00:58:06,296 - AdaPoinTr - INFO - base_model.decoder.blocks.blocks.7.cross_attn.proj.bias
2025-07-18 00:58:06,296 - AdaPoinTr - INFO - base_model.query_ranking.0.weight
2025-07-18 00:58:06,296 - AdaPoinTr - INFO - base_model.query_ranking.0.bias
2025-07-18 00:58:06,296 - AdaPoinTr - INFO - base_model.query_ranking.2.weight
2025-07-18 00:58:06,296 - AdaPoinTr - INFO - base_model.query_ranking.2.bias
2025-07-18 00:58:06,296 - AdaPoinTr - INFO - base_model.query_ranking.4.weight
2025-07-18 00:58:06,296 - AdaPoinTr - INFO - base_model.query_ranking.4.bias
2025-07-18 00:58:06,296 - AdaPoinTr - INFO - decode_head.layer.fc1.weight
2025-07-18 00:58:06,296 - AdaPoinTr - INFO - decode_head.layer.fc1.bias
2025-07-18 00:58:06,296 - AdaPoinTr - INFO - decode_head.layer.fc2.weight
2025-07-18 00:58:06,296 - AdaPoinTr - INFO - decode_head.layer.fc2.bias
2025-07-18 00:58:06,296 - AdaPoinTr - INFO - increase_dim.0.weight
2025-07-18 00:58:06,296 - AdaPoinTr - INFO - increase_dim.0.bias
2025-07-18 00:58:06,296 - AdaPoinTr - INFO - increase_dim.1.weight
2025-07-18 00:58:06,296 - AdaPoinTr - INFO - increase_dim.1.bias
2025-07-18 00:58:06,296 - AdaPoinTr - INFO - increase_dim.3.weight
2025-07-18 00:58:06,296 - AdaPoinTr - INFO - increase_dim.3.bias
2025-07-18 00:58:06,296 - AdaPoinTr - INFO - reduce_map.weight
2025-07-18 00:58:06,296 - AdaPoinTr - INFO - reduce_map.bias
2025-07-18 00:58:06,296 - AdaPoinTr - INFO - =========================
2025-07-18 00:58:06,296 - AdaPoinTr - INFO - Untrainable_parameters:
2025-07-18 00:58:06,296 - AdaPoinTr - INFO - =========================
2025-07-18 00:58:06,297 - AdaPoinTr - INFO - =========================
2025-07-18 00:58:06,297 - AdaPoinTr - INFO - Using Data parallel ...
2025-07-18 00:58:08,699 - AdaPoinTr - INFO - [Epoch 0/200][Batch 1/2622] BatchTime = 2.398 (s) DataTime = 0.056 (s) Losses = ['26.2285', '266.5568'] lr = 0.0001000
2025-07-18 00:59:20,482 - AdaPoinTr - INFO - [Epoch 0/200][Batch 101/2622] BatchTime = 0.713 (s) DataTime = 0.001 (s) Losses = ['14.1441', '151.5583'] lr = 0.0001000
2025-07-18 01:00:32,218 - AdaPoinTr - INFO - [Epoch 0/200][Batch 201/2622] BatchTime = 0.707 (s) DataTime = 0.001 (s) Losses = ['14.2646', '123.9082'] lr = 0.0001000
2025-07-18 01:01:43,929 - AdaPoinTr - INFO - [Epoch 0/200][Batch 301/2622] BatchTime = 0.711 (s) DataTime = 0.001 (s) Losses = ['12.1261', '103.0314'] lr = 0.0001000
2025-07-18 01:02:55,705 - AdaPoinTr - INFO - [Epoch 0/200][Batch 401/2622] BatchTime = 0.712 (s) DataTime = 0.001 (s) Losses = ['11.1865', '104.5410'] lr = 0.0001000
2025-07-18 01:04:07,457 - AdaPoinTr - INFO - [Epoch 0/200][Batch 501/2622] BatchTime = 0.702 (s) DataTime = 0.001 (s) Losses = ['11.3727', '87.0023'] lr = 0.0001000
2025-07-18 01:05:19,202 - AdaPoinTr - INFO - [Epoch 0/200][Batch 601/2622] BatchTime = 0.705 (s) DataTime = 0.001 (s) Losses = ['10.4607', '94.6137'] lr = 0.0001000
2025-07-18 01:06:30,984 - AdaPoinTr - INFO - [Epoch 0/200][Batch 701/2622] BatchTime = 0.702 (s) DataTime = 0.001 (s) Losses = ['9.7955', '80.9675'] lr = 0.0001000
2025-07-18 01:07:42,723 - AdaPoinTr - INFO - [Epoch 0/200][Batch 801/2622] BatchTime = 0.707 (s) DataTime = 0.001 (s) Losses = ['9.7335', '91.7391'] lr = 0.0001000
2025-07-18 01:08:54,484 - AdaPoinTr - INFO - [Epoch 0/200][Batch 901/2622] BatchTime = 0.709 (s) DataTime = 0.001 (s) Losses = ['9.5345', '77.6389'] lr = 0.0001000
2025-07-18 01:10:06,213 - AdaPoinTr - INFO - [Epoch 0/200][Batch 1001/2622] BatchTime = 0.710 (s) DataTime = 0.001 (s) Losses = ['10.4662', '81.0588'] lr = 0.0001000
2025-07-18 01:11:17,945 - AdaPoinTr - INFO - [Epoch 0/200][Batch 1101/2622] BatchTime = 0.714 (s) DataTime = 0.001 (s) Losses = ['10.2073', '79.4750'] lr = 0.0001000
2025-07-18 01:12:29,666 - AdaPoinTr - INFO - [Epoch 0/200][Batch 1201/2622] BatchTime = 0.714 (s) DataTime = 0.001 (s) Losses = ['10.0062', '71.5569'] lr = 0.0001000
2025-07-18 01:13:41,383 - AdaPoinTr - INFO - [Epoch 0/200][Batch 1301/2622] BatchTime = 0.713 (s) DataTime = 0.001 (s) Losses = ['10.3380', '71.9135'] lr = 0.0001000
2025-07-18 01:14:53,111 - AdaPoinTr - INFO - [Epoch 0/200][Batch 1401/2622] BatchTime = 0.716 (s) DataTime = 0.001 (s) Losses = ['9.6285', '66.5839'] lr = 0.0001000
2025-07-18 01:16:04,820 - AdaPoinTr - INFO - [Epoch 0/200][Batch 1501/2622] BatchTime = 0.715 (s) DataTime = 0.001 (s) Losses = ['9.7320', '74.5793'] lr = 0.0001000
2025-07-18 01:17:16,620 - AdaPoinTr - INFO - [Epoch 0/200][Batch 1601/2622] BatchTime = 0.716 (s) DataTime = 0.001 (s) Losses = ['10.2074', '69.5299'] lr = 0.0001000
2025-07-18 01:18:28,350 - AdaPoinTr - INFO - [Epoch 0/200][Batch 1701/2622] BatchTime = 0.714 (s) DataTime = 0.001 (s) Losses = ['10.2932', '70.5946'] lr = 0.0001000
2025-07-18 01:19:40,079 - AdaPoinTr - INFO - [Epoch 0/200][Batch 1801/2622] BatchTime = 0.715 (s) DataTime = 0.001 (s) Losses = ['9.8657', '73.0297'] lr = 0.0001000
2025-07-18 01:20:51,799 - AdaPoinTr - INFO - [Epoch 0/200][Batch 1901/2622] BatchTime = 0.715 (s) DataTime = 0.001 (s) Losses = ['9.0618', '74.8155'] lr = 0.0001000
2025-07-18 01:22:03,540 - AdaPoinTr - INFO - [Epoch 0/200][Batch 2001/2622] BatchTime = 0.711 (s) DataTime = 0.001 (s) Losses = ['9.5470', '64.8432'] lr = 0.0001000
2025-07-18 01:23:15,268 - AdaPoinTr - INFO - [Epoch 0/200][Batch 2101/2622] BatchTime = 0.713 (s) DataTime = 0.001 (s) Losses = ['9.0274', '61.7897'] lr = 0.0001000
2025-07-18 01:24:26,979 - AdaPoinTr - INFO - [Epoch 0/200][Batch 2201/2622] BatchTime = 0.705 (s) DataTime = 0.001 (s) Losses = ['8.4451', '57.1097'] lr = 0.0001000
2025-07-18 01:25:38,749 - AdaPoinTr - INFO - [Epoch 0/200][Batch 2301/2622] BatchTime = 0.708 (s) DataTime = 0.001 (s) Losses = ['9.3554', '64.8617'] lr = 0.0001000
2025-07-18 01:26:50,442 - AdaPoinTr - INFO - [Epoch 0/200][Batch 2401/2622] BatchTime = 0.708 (s) DataTime = 0.001 (s) Losses = ['9.3793', '63.4066'] lr = 0.0001000
2025-07-18 01:28:02,222 - AdaPoinTr - INFO - [Epoch 0/200][Batch 2501/2622] BatchTime = 0.707 (s) DataTime = 0.001 (s) Losses = ['10.1286', '63.0648'] lr = 0.0001000
2025-07-18 01:29:13,962 - AdaPoinTr - INFO - [Epoch 0/200][Batch 2601/2622] BatchTime = 0.710 (s) DataTime = 0.001 (s) Losses = ['8.0917', '61.7465'] lr = 0.0001000
2025-07-18 01:29:29,058 - AdaPoinTr - INFO - [Training] EPOCH: 0 EpochTime = 1882.757 (s) Losses = ['10.5256', '82.0426']
2025-07-18 01:29:29,058 - AdaPoinTr - INFO - [VALIDATION] Start validating epoch 0
2025-07-18 01:30:36,944 - AdaPoinTr - INFO - Test[1051/10518] Taxonomy = 02691156 Sample = c7749c0a8b61f43bc9b9e28055202e3d Losses = ['32.3077', '5.7449', '23.8822', '3.1947'] Metrics = ['0.2981', '23.8822', '3.1947', '0.0000']
2025-07-18 01:31:44,437 - AdaPoinTr - INFO - Test[2102/10518] Taxonomy = 03211117 Sample = ab2f9418c111cc6ddb965514105122a4 Losses = ['30.7049', '3.7973', '20.8400', '1.8223'] Metrics = ['0.3219', '20.8400', '1.8223', '0.0000']
2025-07-18 01:32:52,026 - AdaPoinTr - INFO - Test[3153/10518] Taxonomy = 02876657 Sample = c5032e4be091aabb36fe7a88df793982 Losses = ['54.7855', '12.4480', '39.7589', '7.1749'] Metrics = ['0.1421', '39.7589', '7.1749', '0.0000']
2025-07-18 01:33:59,671 - AdaPoinTr - INFO - Test[4204/10518] Taxonomy = 03211117 Sample = 722df1da5778d45b1e43523279c7f09f Losses = ['35.3118', '5.0151', '26.9945', '3.0101'] Metrics = ['0.2608', '26.9945', '3.0101', '0.0000']
2025-07-18 01:35:06,944 - AdaPoinTr - INFO - Test[5255/10518] Taxonomy = 02828884 Sample = 14b63361a48a9fffe4a048c146e8bd43 Losses = ['38.5627', '5.9781', '25.8796', '2.5315'] Metrics = ['0.2488', '25.8796', '2.5315', '0.0000']
2025-07-18 01:36:14,148 - AdaPoinTr - INFO - Test[6306/10518] Taxonomy = 03211117 Sample = d330d50a0255529d19ed6e1a590c9122 Losses = ['33.3246', '4.3193', '23.9789', '2.2850'] Metrics = ['0.2475', '23.9789', '2.2850', '0.0000']
2025-07-18 01:37:21,530 - AdaPoinTr - INFO - Test[7357/10518] Taxonomy = 04379243 Sample = b1ca280d9567270ade98d10ab5975b59 Losses = ['43.1233', '9.4147', '29.4053', '3.8500'] Metrics = ['0.1637', '29.4053', '3.8500', '0.0000']
2025-07-18 01:38:28,701 - AdaPoinTr - INFO - Test[8408/10518] Taxonomy = 03001627 Sample = 89208a619341d9fdb8c516ed5c4ce32 Losses = ['42.3808', '8.1419', '29.0877', '3.6845'] Metrics = ['0.1713', '29.0877', '3.6845', '0.0000']
2025-07-18 01:39:35,677 - AdaPoinTr - INFO - Test[9459/10518] Taxonomy = 03001627 Sample = d0255120e3351121c3bd24f986301745 Losses = ['39.7116', '6.3398', '27.4700', '2.7837'] Metrics = ['0.1557', '27.4700', '2.7837', '0.0000']
2025-07-18 01:40:42,904 - AdaPoinTr - INFO - Test[10510/10518] Taxonomy = 03636649 Sample = ea9ec4d9db2e06202471e6dd5ac3ef92 Losses = ['34.8024', '5.8197', '28.7214', '4.4385'] Metrics = ['0.4437', '28.7214', '4.4385', '0.0000']
2025-07-18 01:40:43,439 - AdaPoinTr - INFO - [Validation] EPOCH: 0  Metrics = ['0.2188', '30.6158', '4.7885', '0.0000']
2025-07-18 01:40:43,439 - AdaPoinTr - INFO - ============================ TEST RESULTS ============================
2025-07-18 01:40:43,439 - AdaPoinTr - INFO - Taxonomy	#Sample	F-Score	CDL1	CDL2	EMDistance	#ModelName	
2025-07-18 01:40:43,439 - AdaPoinTr - INFO - 03759954	14	0.355 	36.082 	9.789 	0.000 	microphone	
2025-07-18 01:40:43,439 - AdaPoinTr - INFO - 04330267	44	0.168 	30.941 	3.748 	0.000 	stove	
2025-07-18 01:40:43,439 - AdaPoinTr - INFO - 03261776	15	0.203 	50.677 	19.607 	0.000 	earphone	
2025-07-18 01:40:43,439 - AdaPoinTr - INFO - 03513137	33	0.118 	43.125 	9.042 	0.000 	helmet	
2025-07-18 01:40:43,439 - AdaPoinTr - INFO - 04460130	27	0.242 	28.561 	3.713 	0.000 	tower	
2025-07-18 01:40:43,439 - AdaPoinTr - INFO - 04468005	78	0.234 	22.980 	2.058 	0.000 	train	
2025-07-18 01:40:43,439 - AdaPoinTr - INFO - 03761084	31	0.134 	35.823 	4.866 	0.000 	microwaves	
2025-07-18 01:40:43,439 - AdaPoinTr - INFO - 04004475	34	0.156 	36.746 	5.805 	0.000 	printer	
2025-07-18 01:40:43,439 - AdaPoinTr - INFO - 03938244	20	0.163 	33.850 	4.695 	0.000 	pillow	
2025-07-18 01:40:43,439 - AdaPoinTr - INFO - 02992529	167	0.236 	22.528 	2.093 	0.000 	cellphone	
2025-07-18 01:40:43,439 - AdaPoinTr - INFO - 02808440	172	0.161 	33.562 	4.959 	0.000 	bathtub	
2025-07-18 01:40:43,439 - AdaPoinTr - INFO - 04530566	388	0.296 	22.111 	2.229 	0.000 	watercraft	
2025-07-18 01:40:43,439 - AdaPoinTr - INFO - 02871439	91	0.160 	30.442 	3.749 	0.000 	bookshelf	
2025-07-18 01:40:43,439 - AdaPoinTr - INFO - 03593526	120	0.145 	37.679 	6.354 	0.000 	jar	
2025-07-18 01:40:43,440 - AdaPoinTr - INFO - 04554684	34	0.129 	35.552 	4.691 	0.000 	washer	
2025-07-18 01:40:43,440 - AdaPoinTr - INFO - 03467517	160	0.518 	16.039 	1.256 	0.000 	guitar	
2025-07-18 01:40:43,440 - AdaPoinTr - INFO - 04401088	218	0.236 	22.190 	1.874 	0.000 	telephone	
2025-07-18 01:40:43,440 - AdaPoinTr - INFO - 02954340	12	0.144 	55.037 	17.077 	0.000 	cap	
2025-07-18 01:40:43,440 - AdaPoinTr - INFO - 02933112	315	0.147 	28.685 	2.957 	0.000 	cabinet	
2025-07-18 01:40:43,440 - AdaPoinTr - INFO - 03642806	92	0.215 	26.024 	2.931 	0.000 	laptop	
2025-07-18 01:40:43,440 - AdaPoinTr - INFO - 02924116	188	0.199 	24.880 	2.350 	0.000 	bus	
2025-07-18 01:40:43,440 - AdaPoinTr - INFO - 02946921	22	0.125 	38.716 	6.309 	0.000 	can	
2025-07-18 01:40:43,440 - AdaPoinTr - INFO - 02818832	47	0.168 	35.025 	5.833 	0.000 	bed	
2025-07-18 01:40:43,440 - AdaPoinTr - INFO - 04256520	635	0.169 	29.661 	3.721 	0.000 	sofa	
2025-07-18 01:40:43,440 - AdaPoinTr - INFO - 04379243	1687	0.229 	26.692 	3.674 	0.000 	table	
2025-07-18 01:40:43,440 - AdaPoinTr - INFO - 02747177	69	0.118 	33.788 	4.512 	0.000 	trash bin	
2025-07-18 01:40:43,440 - AdaPoinTr - INFO - 03046257	131	0.185 	31.021 	4.172 	0.000 	clock	
2025-07-18 01:40:43,440 - AdaPoinTr - INFO - 04225987	31	0.293 	26.257 	3.446 	0.000 	skateboard	
2025-07-18 01:40:43,440 - AdaPoinTr - INFO - 03797390	43	0.114 	37.370 	5.996 	0.000 	mug	
2025-07-18 01:40:43,440 - AdaPoinTr - INFO - 03001627	1356	0.216 	27.947 	3.562 	0.000 	chair	
2025-07-18 01:40:43,440 - AdaPoinTr - INFO - 03691459	320	0.150 	35.189 	5.227 	0.000 	loudspeaker	
2025-07-18 01:40:43,440 - AdaPoinTr - INFO - 02942699	23	0.149 	39.513 	7.205 	0.000 	camera	
2025-07-18 01:40:43,440 - AdaPoinTr - INFO - 03636649	464	0.301 	35.129 	7.627 	0.000 	lamp	
2025-07-18 01:40:43,440 - AdaPoinTr - INFO - 02691156	809	0.340 	19.877 	2.000 	0.000 	airplane	
2025-07-18 01:40:43,440 - AdaPoinTr - INFO - 02773838	17	0.200 	29.338 	3.849 	0.000 	bag	
2025-07-18 01:40:43,440 - AdaPoinTr - INFO - 02958343	703	0.152 	25.171 	2.156 	0.000 	car	
2025-07-18 01:40:43,440 - AdaPoinTr - INFO - 02880940	38	0.117 	43.024 	9.244 	0.000 	bowl	
2025-07-18 01:40:43,440 - AdaPoinTr - INFO - 04099429	17	0.457 	18.733 	1.835 	0.000 	rocket	
2025-07-18 01:40:43,440 - AdaPoinTr - INFO - 02828884	363	0.266 	22.516 	2.263 	0.000 	bench	
2025-07-18 01:40:43,440 - AdaPoinTr - INFO - 04090263	475	0.504 	15.713 	1.411 	0.000 	rifle	
2025-07-18 01:40:43,440 - AdaPoinTr - INFO - 03211117	219	0.203 	26.854 	3.130 	0.000 	display	
2025-07-18 01:40:43,440 - AdaPoinTr - INFO - 02876657	100	0.202 	28.098 	3.354 	0.000 	bottle	
2025-07-18 01:40:43,440 - AdaPoinTr - INFO - 03710193	19	0.295 	27.642 	3.544 	0.000 	mailbox	
2025-07-18 01:40:43,440 - AdaPoinTr - INFO - 03790512	68	0.191 	25.433 	2.709 	0.000 	motorbike	
2025-07-18 01:40:43,440 - AdaPoinTr - INFO - 03325088	149	0.261 	44.801 	12.113 	0.000 	faucet	
2025-07-18 01:40:43,440 - AdaPoinTr - INFO - 02801938	23	0.137 	37.684 	6.743 	0.000 	basket	
2025-07-18 01:40:43,440 - AdaPoinTr - INFO - 03337140	60	0.145 	31.273 	3.946 	0.000 	file cabinet	
2025-07-18 01:40:43,440 - AdaPoinTr - INFO - 02843684	15	0.146 	34.469 	5.065 	0.000 	birdhouse	
2025-07-18 01:40:43,440 - AdaPoinTr - INFO - 03624134	85	0.524 	15.603 	1.228 	0.000 	knife	
2025-07-18 01:40:43,440 - AdaPoinTr - INFO - 03991062	121	0.141 	37.066 	6.063 	0.000 	flowerpot	
2025-07-18 01:40:43,440 - AdaPoinTr - INFO - 03948459	62	0.317 	22.227 	2.450 	0.000 	pistol	
2025-07-18 01:40:43,440 - AdaPoinTr - INFO - 03928116	48	0.171 	33.410 	5.206 	0.000 	piano	
2025-07-18 01:40:43,440 - AdaPoinTr - INFO - 03207941	19	0.137 	34.521 	4.694 	0.000 	dishwasher	
2025-07-18 01:40:43,440 - AdaPoinTr - INFO - 04074963	14	0.246 	23.203 	2.032 	0.000 	remote	
2025-07-18 01:40:43,440 - AdaPoinTr - INFO - 03085013	13	0.308 	17.394 	1.204 	0.000 	keyboard	
2025-07-18 01:40:43,440 - AdaPoinTr - INFO - Overall		0.219 	30.616 	4.789 	0.000 	
2025-07-18 01:40:43,761 - AdaPoinTr - INFO - Save checkpoint at ./experiments/AdaPoinTr/ShapeNet55_models/AdaPoinTr/ckpt-best.pth
2025-07-18 01:40:44,062 - AdaPoinTr - INFO - Save checkpoint at ./experiments/AdaPoinTr/ShapeNet55_models/AdaPoinTr/ckpt-last.pth
2025-07-18 01:40:44,864 - AdaPoinTr - INFO - [Epoch 1/200][Batch 1/2622] BatchTime = 0.801 (s) DataTime = 0.096 (s) Losses = ['9.4523', '63.1739'] lr = 0.0000978
2025-07-18 01:41:56,598 - AdaPoinTr - INFO - [Epoch 1/200][Batch 101/2622] BatchTime = 0.704 (s) DataTime = 0.001 (s) Losses = ['8.6477', '61.5086'] lr = 0.0000978
2025-07-18 01:43:08,346 - AdaPoinTr - INFO - [Epoch 1/200][Batch 201/2622] BatchTime = 0.703 (s) DataTime = 0.001 (s) Losses = ['8.6332', '60.9496'] lr = 0.0000978
2025-07-18 01:44:20,084 - AdaPoinTr - INFO - [Epoch 1/200][Batch 301/2622] BatchTime = 0.707 (s) DataTime = 0.001 (s) Losses = ['9.0357', '64.4447'] lr = 0.0000978
2025-07-18 01:45:31,830 - AdaPoinTr - INFO - [Epoch 1/200][Batch 401/2622] BatchTime = 0.715 (s) DataTime = 0.001 (s) Losses = ['9.3425', '64.1285'] lr = 0.0000978
2025-07-18 01:46:43,593 - AdaPoinTr - INFO - [Epoch 1/200][Batch 501/2622] BatchTime = 0.703 (s) DataTime = 0.001 (s) Losses = ['8.7098', '61.2304'] lr = 0.0000978
2025-07-18 01:47:55,329 - AdaPoinTr - INFO - [Epoch 1/200][Batch 601/2622] BatchTime = 0.706 (s) DataTime = 0.001 (s) Losses = ['8.7162', '65.5932'] lr = 0.0000978
2025-07-18 01:49:07,054 - AdaPoinTr - INFO - [Epoch 1/200][Batch 701/2622] BatchTime = 0.708 (s) DataTime = 0.001 (s) Losses = ['8.5023', '56.6933'] lr = 0.0000978
2025-07-18 01:50:18,771 - AdaPoinTr - INFO - [Epoch 1/200][Batch 801/2622] BatchTime = 0.706 (s) DataTime = 0.001 (s) Losses = ['8.2051', '50.9383'] lr = 0.0000978
2025-07-18 01:51:30,531 - AdaPoinTr - INFO - [Epoch 1/200][Batch 901/2622] BatchTime = 0.709 (s) DataTime = 0.001 (s) Losses = ['7.2587', '53.1655'] lr = 0.0000978
2025-07-18 01:52:42,335 - AdaPoinTr - INFO - [Epoch 1/200][Batch 1001/2622] BatchTime = 0.709 (s) DataTime = 0.001 (s) Losses = ['8.4639', '59.6273'] lr = 0.0000978
2025-07-18 01:53:54,073 - AdaPoinTr - INFO - [Epoch 1/200][Batch 1101/2622] BatchTime = 0.701 (s) DataTime = 0.001 (s) Losses = ['8.7429', '67.2339'] lr = 0.0000978
2025-07-18 01:55:05,836 - AdaPoinTr - INFO - [Epoch 1/200][Batch 1201/2622] BatchTime = 0.704 (s) DataTime = 0.001 (s) Losses = ['8.9069', '61.7012'] lr = 0.0000978
2025-07-18 01:56:17,571 - AdaPoinTr - INFO - [Epoch 1/200][Batch 1301/2622] BatchTime = 0.705 (s) DataTime = 0.001 (s) Losses = ['8.5703', '60.8586'] lr = 0.0000978
2025-07-18 01:57:29,282 - AdaPoinTr - INFO - [Epoch 1/200][Batch 1401/2622] BatchTime = 0.712 (s) DataTime = 0.001 (s) Losses = ['8.3153', '63.3910'] lr = 0.0000978
2025-07-18 01:58:41,053 - AdaPoinTr - INFO - [Epoch 1/200][Batch 1501/2622] BatchTime = 0.709 (s) DataTime = 0.001 (s) Losses = ['8.7086', '60.6627'] lr = 0.0000978
2025-07-18 01:59:52,808 - AdaPoinTr - INFO - [Epoch 1/200][Batch 1601/2622] BatchTime = 0.721 (s) DataTime = 0.001 (s) Losses = ['8.1911', '63.6303'] lr = 0.0000978
2025-07-18 02:01:04,540 - AdaPoinTr - INFO - [Epoch 1/200][Batch 1701/2622] BatchTime = 0.713 (s) DataTime = 0.001 (s) Losses = ['7.9757', '58.5818'] lr = 0.0000978
2025-07-18 02:02:16,302 - AdaPoinTr - INFO - [Epoch 1/200][Batch 1801/2622] BatchTime = 0.710 (s) DataTime = 0.001 (s) Losses = ['7.5591', '57.5060'] lr = 0.0000978
2025-07-18 02:03:28,033 - AdaPoinTr - INFO - [Epoch 1/200][Batch 1901/2622] BatchTime = 0.716 (s) DataTime = 0.001 (s) Losses = ['8.0804', '50.0543'] lr = 0.0000978
2025-07-18 02:04:39,758 - AdaPoinTr - INFO - [Epoch 1/200][Batch 2001/2622] BatchTime = 0.719 (s) DataTime = 0.001 (s) Losses = ['9.0748', '59.7785'] lr = 0.0000978
2025-07-18 02:05:51,532 - AdaPoinTr - INFO - [Epoch 1/200][Batch 2101/2622] BatchTime = 0.715 (s) DataTime = 0.001 (s) Losses = ['6.7090', '45.1666'] lr = 0.0000978
2025-07-18 02:07:03,277 - AdaPoinTr - INFO - [Epoch 1/200][Batch 2201/2622] BatchTime = 0.718 (s) DataTime = 0.001 (s) Losses = ['7.0128', '54.1022'] lr = 0.0000978
2025-07-18 02:08:15,012 - AdaPoinTr - INFO - [Epoch 1/200][Batch 2301/2622] BatchTime = 0.714 (s) DataTime = 0.001 (s) Losses = ['7.8721', '56.0758'] lr = 0.0000978
2025-07-18 02:09:26,778 - AdaPoinTr - INFO - [Epoch 1/200][Batch 2401/2622] BatchTime = 0.717 (s) DataTime = 0.001 (s) Losses = ['8.4477', '56.5254'] lr = 0.0000978
2025-07-18 02:10:38,504 - AdaPoinTr - INFO - [Epoch 1/200][Batch 2501/2622] BatchTime = 0.715 (s) DataTime = 0.001 (s) Losses = ['8.0101', '57.8560'] lr = 0.0000978
2025-07-18 02:11:50,263 - AdaPoinTr - INFO - [Epoch 1/200][Batch 2601/2622] BatchTime = 0.720 (s) DataTime = 0.001 (s) Losses = ['8.5339', '58.5890'] lr = 0.0000978
2025-07-18 02:12:05,358 - AdaPoinTr - INFO - [Training] EPOCH: 1 EpochTime = 1881.295 (s) Losses = ['8.3817', '60.1188']
2025-07-18 02:12:05,802 - AdaPoinTr - INFO - Save checkpoint at ./experiments/AdaPoinTr/ShapeNet55_models/AdaPoinTr/ckpt-last.pth
2025-07-18 02:12:06,611 - AdaPoinTr - INFO - [Epoch 2/200][Batch 1/2622] BatchTime = 0.807 (s) DataTime = 0.093 (s) Losses = ['7.8661', '56.1842'] lr = 0.0000957
2025-07-18 02:13:18,376 - AdaPoinTr - INFO - [Epoch 2/200][Batch 101/2622] BatchTime = 0.715 (s) DataTime = 0.001 (s) Losses = ['8.2118', '55.6908'] lr = 0.0000957
2025-07-18 02:14:30,116 - AdaPoinTr - INFO - [Epoch 2/200][Batch 201/2622] BatchTime = 0.716 (s) DataTime = 0.001 (s) Losses = ['8.4487', '58.4151'] lr = 0.0000957
2025-07-18 02:15:41,837 - AdaPoinTr - INFO - [Epoch 2/200][Batch 301/2622] BatchTime = 0.713 (s) DataTime = 0.001 (s) Losses = ['7.6786', '52.6004'] lr = 0.0000957
2025-07-18 02:16:53,564 - AdaPoinTr - INFO - [Epoch 2/200][Batch 401/2622] BatchTime = 0.714 (s) DataTime = 0.001 (s) Losses = ['8.9582', '60.8561'] lr = 0.0000957
2025-07-18 02:18:05,337 - AdaPoinTr - INFO - [Epoch 2/200][Batch 501/2622] BatchTime = 0.714 (s) DataTime = 0.001 (s) Losses = ['7.6044', '53.3179'] lr = 0.0000957
2025-07-18 02:19:17,081 - AdaPoinTr - INFO - [Epoch 2/200][Batch 601/2622] BatchTime = 0.715 (s) DataTime = 0.001 (s) Losses = ['8.1076', '54.3081'] lr = 0.0000957
2025-07-18 02:20:28,833 - AdaPoinTr - INFO - [Epoch 2/200][Batch 701/2622] BatchTime = 0.713 (s) DataTime = 0.001 (s) Losses = ['7.6745', '52.4884'] lr = 0.0000957
2025-07-18 02:21:40,595 - AdaPoinTr - INFO - [Epoch 2/200][Batch 801/2622] BatchTime = 0.713 (s) DataTime = 0.001 (s) Losses = ['8.3435', '59.7219'] lr = 0.0000957
2025-07-18 02:22:52,352 - AdaPoinTr - INFO - [Epoch 2/200][Batch 901/2622] BatchTime = 0.717 (s) DataTime = 0.001 (s) Losses = ['8.3386', '60.6546'] lr = 0.0000957
2025-07-18 02:24:04,100 - AdaPoinTr - INFO - [Epoch 2/200][Batch 1001/2622] BatchTime = 0.711 (s) DataTime = 0.001 (s) Losses = ['6.9824', '47.2146'] lr = 0.0000957
2025-07-18 02:25:15,858 - AdaPoinTr - INFO - [Epoch 2/200][Batch 1101/2622] BatchTime = 0.710 (s) DataTime = 0.001 (s) Losses = ['7.9702', '57.9057'] lr = 0.0000957
2025-07-18 02:26:27,599 - AdaPoinTr - INFO - [Epoch 2/200][Batch 1201/2622] BatchTime = 0.711 (s) DataTime = 0.001 (s) Losses = ['8.0399', '62.3532'] lr = 0.0000957
2025-07-18 02:27:39,379 - AdaPoinTr - INFO - [Epoch 2/200][Batch 1301/2622] BatchTime = 0.711 (s) DataTime = 0.001 (s) Losses = ['7.9435', '55.5112'] lr = 0.0000957
2025-07-18 02:28:50,759 - AdaPoinTr - INFO - [Epoch 2/200][Batch 1401/2622] BatchTime = 0.708 (s) DataTime = 0.001 (s) Losses = ['7.3820', '47.3955'] lr = 0.0000957
2025-07-18 02:30:02,519 - AdaPoinTr - INFO - [Epoch 2/200][Batch 1501/2622] BatchTime = 0.708 (s) DataTime = 0.001 (s) Losses = ['7.4962', '51.0356'] lr = 0.0000957
2025-07-18 02:31:14,268 - AdaPoinTr - INFO - [Epoch 2/200][Batch 1601/2622] BatchTime = 0.705 (s) DataTime = 0.001 (s) Losses = ['7.2913', '56.7779'] lr = 0.0000957
2025-07-18 02:32:25,987 - AdaPoinTr - INFO - [Epoch 2/200][Batch 1701/2622] BatchTime = 0.712 (s) DataTime = 0.001 (s) Losses = ['7.2999', '53.1497'] lr = 0.0000957
2025-07-18 02:33:37,735 - AdaPoinTr - INFO - [Epoch 2/200][Batch 1801/2622] BatchTime = 0.707 (s) DataTime = 0.001 (s) Losses = ['7.9712', '52.1824'] lr = 0.0000957
2025-07-18 02:34:49,466 - AdaPoinTr - INFO - [Epoch 2/200][Batch 1901/2622] BatchTime = 0.716 (s) DataTime = 0.001 (s) Losses = ['7.6754', '57.4482'] lr = 0.0000957
2025-07-18 02:36:01,179 - AdaPoinTr - INFO - [Epoch 2/200][Batch 2001/2622] BatchTime = 0.711 (s) DataTime = 0.001 (s) Losses = ['7.8069', '59.8812'] lr = 0.0000957
2025-07-18 02:37:12,952 - AdaPoinTr - INFO - [Epoch 2/200][Batch 2101/2622] BatchTime = 0.716 (s) DataTime = 0.001 (s) Losses = ['7.6238', '51.3696'] lr = 0.0000957
2025-07-18 02:38:24,679 - AdaPoinTr - INFO - [Epoch 2/200][Batch 2201/2622] BatchTime = 0.711 (s) DataTime = 0.001 (s) Losses = ['6.9726', '46.3049'] lr = 0.0000957
2025-07-18 02:39:36,445 - AdaPoinTr - INFO - [Epoch 2/200][Batch 2301/2622] BatchTime = 0.712 (s) DataTime = 0.001 (s) Losses = ['7.0905', '50.5291'] lr = 0.0000957
2025-07-18 02:40:48,169 - AdaPoinTr - INFO - [Epoch 2/200][Batch 2401/2622] BatchTime = 0.713 (s) DataTime = 0.001 (s) Losses = ['8.0348', '57.8406'] lr = 0.0000957
2025-07-18 02:41:59,895 - AdaPoinTr - INFO - [Epoch 2/200][Batch 2501/2622] BatchTime = 0.715 (s) DataTime = 0.001 (s) Losses = ['7.4088', '48.8825'] lr = 0.0000957
2025-07-18 02:43:11,687 - AdaPoinTr - INFO - [Epoch 2/200][Batch 2601/2622] BatchTime = 0.714 (s) DataTime = 0.001 (s) Losses = ['6.9352', '51.9532'] lr = 0.0000957
2025-07-18 02:43:26,798 - AdaPoinTr - INFO - [Training] EPOCH: 2 EpochTime = 1880.995 (s) Losses = ['7.7150', '54.7894']
2025-07-18 02:43:27,247 - AdaPoinTr - INFO - Save checkpoint at ./experiments/AdaPoinTr/ShapeNet55_models/AdaPoinTr/ckpt-last.pth
2025-07-18 02:43:28,059 - AdaPoinTr - INFO - [Epoch 3/200][Batch 1/2622] BatchTime = 0.811 (s) DataTime = 0.095 (s) Losses = ['6.7856', '48.6502'] lr = 0.0000936
2025-07-18 02:44:39,818 - AdaPoinTr - INFO - [Epoch 3/200][Batch 101/2622] BatchTime = 0.707 (s) DataTime = 0.001 (s) Losses = ['7.0128', '45.8903'] lr = 0.0000936
2025-07-18 02:45:51,555 - AdaPoinTr - INFO - [Epoch 3/200][Batch 201/2622] BatchTime = 0.706 (s) DataTime = 0.001 (s) Losses = ['8.0551', '55.9443'] lr = 0.0000936
2025-07-18 02:47:03,275 - AdaPoinTr - INFO - [Epoch 3/200][Batch 301/2622] BatchTime = 0.712 (s) DataTime = 0.001 (s) Losses = ['6.7288', '47.9340'] lr = 0.0000936
2025-07-18 02:48:15,039 - AdaPoinTr - INFO - [Epoch 3/200][Batch 401/2622] BatchTime = 0.717 (s) DataTime = 0.001 (s) Losses = ['7.2731', '55.1459'] lr = 0.0000936
2025-07-18 02:49:26,799 - AdaPoinTr - INFO - [Epoch 3/200][Batch 501/2622] BatchTime = 0.718 (s) DataTime = 0.001 (s) Losses = ['7.6378', '53.3975'] lr = 0.0000936
2025-07-18 02:50:38,563 - AdaPoinTr - INFO - [Epoch 3/200][Batch 601/2622] BatchTime = 0.715 (s) DataTime = 0.001 (s) Losses = ['7.3434', '47.5566'] lr = 0.0000936
2025-07-18 02:51:50,294 - AdaPoinTr - INFO - [Epoch 3/200][Batch 701/2622] BatchTime = 0.719 (s) DataTime = 0.001 (s) Losses = ['7.8895', '57.1536'] lr = 0.0000936
2025-07-18 02:53:02,036 - AdaPoinTr - INFO - [Epoch 3/200][Batch 801/2622] BatchTime = 0.716 (s) DataTime = 0.001 (s) Losses = ['8.0282', '53.3115'] lr = 0.0000936
2025-07-18 02:54:13,814 - AdaPoinTr - INFO - [Epoch 3/200][Batch 901/2622] BatchTime = 0.715 (s) DataTime = 0.001 (s) Losses = ['7.7914', '62.3218'] lr = 0.0000936
2025-07-18 02:55:25,575 - AdaPoinTr - INFO - [Epoch 3/200][Batch 1001/2622] BatchTime = 0.719 (s) DataTime = 0.001 (s) Losses = ['7.3989', '50.4707'] lr = 0.0000936
2025-07-18 02:56:37,320 - AdaPoinTr - INFO - [Epoch 3/200][Batch 1101/2622] BatchTime = 0.715 (s) DataTime = 0.001 (s) Losses = ['7.7420', '56.8261'] lr = 0.0000936
2025-07-18 02:57:49,050 - AdaPoinTr - INFO - [Epoch 3/200][Batch 1201/2622] BatchTime = 0.716 (s) DataTime = 0.001 (s) Losses = ['7.4519', '49.0456'] lr = 0.0000936
2025-07-18 02:59:00,789 - AdaPoinTr - INFO - [Epoch 3/200][Batch 1301/2622] BatchTime = 0.715 (s) DataTime = 0.001 (s) Losses = ['7.0046', '54.2432'] lr = 0.0000936
2025-07-18 03:00:12,527 - AdaPoinTr - INFO - [Epoch 3/200][Batch 1401/2622] BatchTime = 0.716 (s) DataTime = 0.001 (s) Losses = ['8.3898', '56.2594'] lr = 0.0000936
2025-07-18 03:01:24,307 - AdaPoinTr - INFO - [Epoch 3/200][Batch 1501/2622] BatchTime = 0.718 (s) DataTime = 0.001 (s) Losses = ['6.4807', '46.6579'] lr = 0.0000936
2025-07-18 03:02:36,089 - AdaPoinTr - INFO - [Epoch 3/200][Batch 1601/2622] BatchTime = 0.714 (s) DataTime = 0.001 (s) Losses = ['7.4931', '55.3303'] lr = 0.0000936
2025-07-18 03:03:47,844 - AdaPoinTr - INFO - [Epoch 3/200][Batch 1701/2622] BatchTime = 0.712 (s) DataTime = 0.001 (s) Losses = ['7.3663', '56.3819'] lr = 0.0000936
2025-07-18 03:04:59,539 - AdaPoinTr - INFO - [Epoch 3/200][Batch 1801/2622] BatchTime = 0.718 (s) DataTime = 0.001 (s) Losses = ['7.1870', '47.7183'] lr = 0.0000936
2025-07-18 03:06:11,300 - AdaPoinTr - INFO - [Epoch 3/200][Batch 1901/2622] BatchTime = 0.718 (s) DataTime = 0.001 (s) Losses = ['7.4417', '49.3228'] lr = 0.0000936
2025-07-18 03:07:23,028 - AdaPoinTr - INFO - [Epoch 3/200][Batch 2001/2622] BatchTime = 0.717 (s) DataTime = 0.001 (s) Losses = ['6.9667', '48.5107'] lr = 0.0000936
2025-07-18 03:08:34,761 - AdaPoinTr - INFO - [Epoch 3/200][Batch 2101/2622] BatchTime = 0.716 (s) DataTime = 0.001 (s) Losses = ['7.9868', '55.7330'] lr = 0.0000936
2025-07-18 03:09:46,537 - AdaPoinTr - INFO - [Epoch 3/200][Batch 2201/2622] BatchTime = 0.713 (s) DataTime = 0.001 (s) Losses = ['8.1241', '55.7450'] lr = 0.0000936
2025-07-18 03:10:58,289 - AdaPoinTr - INFO - [Epoch 3/200][Batch 2301/2622] BatchTime = 0.714 (s) DataTime = 0.001 (s) Losses = ['6.9359', '54.9025'] lr = 0.0000936
2025-07-18 03:12:10,038 - AdaPoinTr - INFO - [Epoch 3/200][Batch 2401/2622] BatchTime = 0.723 (s) DataTime = 0.001 (s) Losses = ['6.6046', '49.5041'] lr = 0.0000936
2025-07-18 03:13:21,826 - AdaPoinTr - INFO - [Epoch 3/200][Batch 2501/2622] BatchTime = 0.719 (s) DataTime = 0.001 (s) Losses = ['7.6928', '53.1061'] lr = 0.0000936
2025-07-18 03:14:33,575 - AdaPoinTr - INFO - [Epoch 3/200][Batch 2601/2622] BatchTime = 0.713 (s) DataTime = 0.001 (s) Losses = ['7.5005', '50.1188'] lr = 0.0000936
2025-07-18 03:14:48,694 - AdaPoinTr - INFO - [Training] EPOCH: 3 EpochTime = 1881.447 (s) Losses = ['7.3220', '52.2772']
2025-07-18 03:14:49,141 - AdaPoinTr - INFO - Save checkpoint at ./experiments/AdaPoinTr/ShapeNet55_models/AdaPoinTr/ckpt-last.pth
2025-07-18 03:14:49,954 - AdaPoinTr - INFO - [Epoch 4/200][Batch 1/2622] BatchTime = 0.811 (s) DataTime = 0.094 (s) Losses = ['7.1361', '54.1439'] lr = 0.0000916
2025-07-18 03:16:01,676 - AdaPoinTr - INFO - [Epoch 4/200][Batch 101/2622] BatchTime = 0.709 (s) DataTime = 0.001 (s) Losses = ['7.1387', '47.2541'] lr = 0.0000916
2025-07-18 03:17:13,416 - AdaPoinTr - INFO - [Epoch 4/200][Batch 201/2622] BatchTime = 0.714 (s) DataTime = 0.001 (s) Losses = ['7.1277', '52.6003'] lr = 0.0000916
2025-07-18 03:18:24,809 - AdaPoinTr - INFO - [Epoch 4/200][Batch 301/2622] BatchTime = 0.709 (s) DataTime = 0.001 (s) Losses = ['6.9557', '47.1415'] lr = 0.0000916
2025-07-18 03:19:36,557 - AdaPoinTr - INFO - [Epoch 4/200][Batch 401/2622] BatchTime = 0.701 (s) DataTime = 0.001 (s) Losses = ['7.4807', '50.6388'] lr = 0.0000916
2025-07-18 03:20:48,331 - AdaPoinTr - INFO - [Epoch 4/200][Batch 501/2622] BatchTime = 0.706 (s) DataTime = 0.001 (s) Losses = ['7.3093', '51.0292'] lr = 0.0000916
2025-07-18 03:22:00,086 - AdaPoinTr - INFO - [Epoch 4/200][Batch 601/2622] BatchTime = 0.706 (s) DataTime = 0.001 (s) Losses = ['7.0583', '56.8163'] lr = 0.0000916
2025-07-18 03:23:11,838 - AdaPoinTr - INFO - [Epoch 4/200][Batch 701/2622] BatchTime = 0.706 (s) DataTime = 0.001 (s) Losses = ['7.5339', '50.5339'] lr = 0.0000916
2025-07-18 03:24:23,568 - AdaPoinTr - INFO - [Epoch 4/200][Batch 801/2622] BatchTime = 0.714 (s) DataTime = 0.001 (s) Losses = ['7.3784', '54.2784'] lr = 0.0000916
2025-07-18 03:25:35,312 - AdaPoinTr - INFO - [Epoch 4/200][Batch 901/2622] BatchTime = 0.709 (s) DataTime = 0.001 (s) Losses = ['7.3327', '50.2166'] lr = 0.0000916
2025-07-18 03:26:47,052 - AdaPoinTr - INFO - [Epoch 4/200][Batch 1001/2622] BatchTime = 0.710 (s) DataTime = 0.001 (s) Losses = ['7.1101', '49.2248'] lr = 0.0000916
2025-07-18 03:27:58,832 - AdaPoinTr - INFO - [Epoch 4/200][Batch 1101/2622] BatchTime = 0.705 (s) DataTime = 0.001 (s) Losses = ['6.9589', '50.2546'] lr = 0.0000916
2025-07-18 03:29:10,636 - AdaPoinTr - INFO - [Epoch 4/200][Batch 1201/2622] BatchTime = 0.706 (s) DataTime = 0.001 (s) Losses = ['7.5490', '54.0147'] lr = 0.0000916
2025-07-18 03:30:22,417 - AdaPoinTr - INFO - [Epoch 4/200][Batch 1301/2622] BatchTime = 0.711 (s) DataTime = 0.001 (s) Losses = ['6.9605', '47.8079'] lr = 0.0000916
2025-07-18 03:31:34,186 - AdaPoinTr - INFO - [Epoch 4/200][Batch 1401/2622] BatchTime = 0.703 (s) DataTime = 0.001 (s) Losses = ['7.8338', '52.9076'] lr = 0.0000916
2025-07-18 03:32:45,917 - AdaPoinTr - INFO - [Epoch 4/200][Batch 1501/2622] BatchTime = 0.710 (s) DataTime = 0.001 (s) Losses = ['6.5881', '49.8119'] lr = 0.0000916
2025-07-18 03:33:57,665 - AdaPoinTr - INFO - [Epoch 4/200][Batch 1601/2622] BatchTime = 0.711 (s) DataTime = 0.001 (s) Losses = ['7.4423', '57.2240'] lr = 0.0000916
2025-07-18 03:35:09,445 - AdaPoinTr - INFO - [Epoch 4/200][Batch 1701/2622] BatchTime = 0.708 (s) DataTime = 0.001 (s) Losses = ['6.4144', '52.4885'] lr = 0.0000916
2025-07-18 03:36:21,173 - AdaPoinTr - INFO - [Epoch 4/200][Batch 1801/2622] BatchTime = 0.707 (s) DataTime = 0.001 (s) Losses = ['7.4480', '53.9005'] lr = 0.0000916
2025-07-18 03:37:32,935 - AdaPoinTr - INFO - [Epoch 4/200][Batch 1901/2622] BatchTime = 0.709 (s) DataTime = 0.001 (s) Losses = ['7.2057', '47.5025'] lr = 0.0000916
2025-07-18 03:38:44,658 - AdaPoinTr - INFO - [Epoch 4/200][Batch 2001/2622] BatchTime = 0.712 (s) DataTime = 0.001 (s) Losses = ['6.3454', '48.6157'] lr = 0.0000916
2025-07-18 03:39:56,373 - AdaPoinTr - INFO - [Epoch 4/200][Batch 2101/2622] BatchTime = 0.709 (s) DataTime = 0.001 (s) Losses = ['6.4056', '45.6024'] lr = 0.0000916
2025-07-18 03:41:08,157 - AdaPoinTr - INFO - [Epoch 4/200][Batch 2201/2622] BatchTime = 0.706 (s) DataTime = 0.001 (s) Losses = ['5.9797', '43.0699'] lr = 0.0000916
2025-07-18 03:42:19,892 - AdaPoinTr - INFO - [Epoch 4/200][Batch 2301/2622] BatchTime = 0.707 (s) DataTime = 0.001 (s) Losses = ['7.0531', '49.2767'] lr = 0.0000916
2025-07-18 03:43:31,623 - AdaPoinTr - INFO - [Epoch 4/200][Batch 2401/2622] BatchTime = 0.715 (s) DataTime = 0.001 (s) Losses = ['7.1049', '50.5976'] lr = 0.0000916
2025-07-18 03:44:43,332 - AdaPoinTr - INFO - [Epoch 4/200][Batch 2501/2622] BatchTime = 0.714 (s) DataTime = 0.001 (s) Losses = ['6.1787', '45.9653'] lr = 0.0000916
2025-07-18 03:45:55,064 - AdaPoinTr - INFO - [Epoch 4/200][Batch 2601/2622] BatchTime = 0.715 (s) DataTime = 0.001 (s) Losses = ['5.9055', '40.8895'] lr = 0.0000916
2025-07-18 03:46:10,155 - AdaPoinTr - INFO - [Training] EPOCH: 4 EpochTime = 1881.013 (s) Losses = ['7.0880', '50.7866']
2025-07-18 03:46:10,620 - AdaPoinTr - INFO - Save checkpoint at ./experiments/AdaPoinTr/ShapeNet55_models/AdaPoinTr/ckpt-last.pth
2025-07-18 03:46:11,429 - AdaPoinTr - INFO - [Epoch 5/200][Batch 1/2622] BatchTime = 0.808 (s) DataTime = 0.097 (s) Losses = ['6.5583', '48.5834'] lr = 0.0000896
2025-07-18 03:47:23,184 - AdaPoinTr - INFO - [Epoch 5/200][Batch 101/2622] BatchTime = 0.717 (s) DataTime = 0.001 (s) Losses = ['7.4587', '50.7613'] lr = 0.0000896
2025-07-18 03:48:34,929 - AdaPoinTr - INFO - [Epoch 5/200][Batch 201/2622] BatchTime = 0.715 (s) DataTime = 0.001 (s) Losses = ['6.5347', '52.1409'] lr = 0.0000896
2025-07-18 03:49:46,661 - AdaPoinTr - INFO - [Epoch 5/200][Batch 301/2622] BatchTime = 0.719 (s) DataTime = 0.001 (s) Losses = ['7.3287', '51.2124'] lr = 0.0000896
2025-07-18 03:50:58,452 - AdaPoinTr - INFO - [Epoch 5/200][Batch 401/2622] BatchTime = 0.716 (s) DataTime = 0.001 (s) Losses = ['6.7759', '48.7660'] lr = 0.0000896
2025-07-18 03:52:10,230 - AdaPoinTr - INFO - [Epoch 5/200][Batch 501/2622] BatchTime = 0.718 (s) DataTime = 0.001 (s) Losses = ['6.6604', '52.1945'] lr = 0.0000896
2025-07-18 03:53:21,945 - AdaPoinTr - INFO - [Epoch 5/200][Batch 601/2622] BatchTime = 0.714 (s) DataTime = 0.001 (s) Losses = ['7.0432', '50.2449'] lr = 0.0000896
2025-07-18 03:54:33,656 - AdaPoinTr - INFO - [Epoch 5/200][Batch 701/2622] BatchTime = 0.712 (s) DataTime = 0.001 (s) Losses = ['6.5305', '49.5422'] lr = 0.0000896
2025-07-18 03:55:45,436 - AdaPoinTr - INFO - [Epoch 5/200][Batch 801/2622] BatchTime = 0.714 (s) DataTime = 0.001 (s) Losses = ['6.8616', '47.4306'] lr = 0.0000896
2025-07-18 03:56:57,192 - AdaPoinTr - INFO - [Epoch 5/200][Batch 901/2622] BatchTime = 0.718 (s) DataTime = 0.001 (s) Losses = ['6.9735', '51.0232'] lr = 0.0000896
2025-07-18 03:58:08,925 - AdaPoinTr - INFO - [Epoch 5/200][Batch 1001/2622] BatchTime = 0.715 (s) DataTime = 0.001 (s) Losses = ['6.6385', '49.2066'] lr = 0.0000896
2025-07-18 03:59:20,714 - AdaPoinTr - INFO - [Epoch 5/200][Batch 1101/2622] BatchTime = 0.715 (s) DataTime = 0.001 (s) Losses = ['7.2827', '51.8032'] lr = 0.0000896
2025-07-18 04:00:32,486 - AdaPoinTr - INFO - [Epoch 5/200][Batch 1201/2622] BatchTime = 0.715 (s) DataTime = 0.001 (s) Losses = ['6.4728', '48.0145'] lr = 0.0000896
2025-07-18 04:01:44,290 - AdaPoinTr - INFO - [Epoch 5/200][Batch 1301/2622] BatchTime = 0.717 (s) DataTime = 0.001 (s) Losses = ['7.0875', '63.3725'] lr = 0.0000896
2025-07-18 04:02:56,022 - AdaPoinTr - INFO - [Epoch 5/200][Batch 1401/2622] BatchTime = 0.716 (s) DataTime = 0.001 (s) Losses = ['7.0722', '49.6197'] lr = 0.0000896
2025-07-18 04:04:07,774 - AdaPoinTr - INFO - [Epoch 5/200][Batch 1501/2622] BatchTime = 0.718 (s) DataTime = 0.001 (s) Losses = ['7.3493', '51.2492'] lr = 0.0000896
2025-07-18 04:05:19,552 - AdaPoinTr - INFO - [Epoch 5/200][Batch 1601/2622] BatchTime = 0.712 (s) DataTime = 0.001 (s) Losses = ['6.5701', '46.3166'] lr = 0.0000896
2025-07-18 04:06:31,258 - AdaPoinTr - INFO - [Epoch 5/200][Batch 1701/2622] BatchTime = 0.714 (s) DataTime = 0.001 (s) Losses = ['6.8319', '47.6777'] lr = 0.0000896
2025-07-18 04:07:42,647 - AdaPoinTr - INFO - [Epoch 5/200][Batch 1801/2622] BatchTime = 0.716 (s) DataTime = 0.001 (s) Losses = ['7.6053', '50.5769'] lr = 0.0000896
2025-07-18 04:08:54,408 - AdaPoinTr - INFO - [Epoch 5/200][Batch 1901/2622] BatchTime = 0.719 (s) DataTime = 0.001 (s) Losses = ['7.1658', '47.0727'] lr = 0.0000896
2025-07-18 04:10:06,154 - AdaPoinTr - INFO - [Epoch 5/200][Batch 2001/2622] BatchTime = 0.715 (s) DataTime = 0.001 (s) Losses = ['7.3759', '50.6052'] lr = 0.0000896
2025-07-18 04:11:17,906 - AdaPoinTr - INFO - [Epoch 5/200][Batch 2101/2622] BatchTime = 0.718 (s) DataTime = 0.001 (s) Losses = ['7.1777', '48.1749'] lr = 0.0000896
2025-07-18 04:12:29,673 - AdaPoinTr - INFO - [Epoch 5/200][Batch 2201/2622] BatchTime = 0.718 (s) DataTime = 0.001 (s) Losses = ['7.0049', '48.3770'] lr = 0.0000896
2025-07-18 04:13:41,472 - AdaPoinTr - INFO - [Epoch 5/200][Batch 2301/2622] BatchTime = 0.719 (s) DataTime = 0.001 (s) Losses = ['6.8262', '49.3344'] lr = 0.0000896
2025-07-18 04:14:53,245 - AdaPoinTr - INFO - [Epoch 5/200][Batch 2401/2622] BatchTime = 0.717 (s) DataTime = 0.001 (s) Losses = ['7.0571', '49.5253'] lr = 0.0000896
2025-07-18 04:16:05,000 - AdaPoinTr - INFO - [Epoch 5/200][Batch 2501/2622] BatchTime = 0.714 (s) DataTime = 0.001 (s) Losses = ['7.1931', '48.3774'] lr = 0.0000896
2025-07-18 04:17:16,759 - AdaPoinTr - INFO - [Epoch 5/200][Batch 2601/2622] BatchTime = 0.717 (s) DataTime = 0.001 (s) Losses = ['6.5820', '47.1187'] lr = 0.0000896
2025-07-18 04:17:31,881 - AdaPoinTr - INFO - [Training] EPOCH: 5 EpochTime = 1881.260 (s) Losses = ['6.9249', '49.8237']
2025-07-18 04:17:31,881 - AdaPoinTr - INFO - [VALIDATION] Start validating epoch 5
2025-07-18 04:18:39,058 - AdaPoinTr - INFO - Test[1051/10518] Taxonomy = 02691156 Sample = c7749c0a8b61f43bc9b9e28055202e3d Losses = ['31.3127', '5.0136', '15.7208', '1.2372'] Metrics = ['0.4438', '15.7208', '1.2372', '0.0000']
2025-07-18 04:19:45,982 - AdaPoinTr - INFO - Test[2102/10518] Taxonomy = 03211117 Sample = ab2f9418c111cc6ddb965514105122a4 Losses = ['24.7486', '2.4307', '11.4205', '0.6315'] Metrics = ['0.5819', '11.4205', '0.6315', '0.0000']
2025-07-18 04:20:52,940 - AdaPoinTr - INFO - Test[3153/10518] Taxonomy = 02876657 Sample = c5032e4be091aabb36fe7a88df793982 Losses = ['47.7347', '9.2833', '28.9752', '5.0198'] Metrics = ['0.2397', '28.9752', '5.0198', '0.0000']
2025-07-18 04:21:59,865 - AdaPoinTr - INFO - Test[4204/10518] Taxonomy = 03211117 Sample = 722df1da5778d45b1e43523279c7f09f Losses = ['33.0227', '3.8850', '16.9563', '1.2317'] Metrics = ['0.3118', '16.9563', '1.2317', '0.0000']
2025-07-18 04:23:06,829 - AdaPoinTr - INFO - Test[5255/10518] Taxonomy = 02828884 Sample = 14b63361a48a9fffe4a048c146e8bd43 Losses = ['41.8727', '6.7481', '25.9645', '3.2323'] Metrics = ['0.3403', '25.9645', '3.2323', '0.0000']
2025-07-18 04:24:13,762 - AdaPoinTr - INFO - Test[6306/10518] Taxonomy = 03211117 Sample = d330d50a0255529d19ed6e1a590c9122 Losses = ['28.0389', '2.7737', '14.7683', '0.7950'] Metrics = ['0.3555', '14.7683', '0.7950', '0.0000']
2025-07-18 04:25:20,699 - AdaPoinTr - INFO - Test[7357/10518] Taxonomy = 04379243 Sample = b1ca280d9567270ade98d10ab5975b59 Losses = ['34.8639', '4.7544', '17.5683', '1.0520'] Metrics = ['0.2473', '17.5683', '1.0520', '0.0000']
2025-07-18 04:26:27,640 - AdaPoinTr - INFO - Test[8408/10518] Taxonomy = 03001627 Sample = 89208a619341d9fdb8c516ed5c4ce32 Losses = ['31.9908', '3.5073', '16.4138', '0.8421'] Metrics = ['0.2601', '16.4137', '0.8421', '0.0000']
2025-07-18 04:27:34,573 - AdaPoinTr - INFO - Test[9459/10518] Taxonomy = 03001627 Sample = d0255120e3351121c3bd24f986301745 Losses = ['35.6359', '4.4704', '20.7697', '1.4724'] Metrics = ['0.1856', '20.7697', '1.4724', '0.0000']
2025-07-18 04:28:41,514 - AdaPoinTr - INFO - Test[10510/10518] Taxonomy = 03636649 Sample = ea9ec4d9db2e06202471e6dd5ac3ef92 Losses = ['33.1816', '4.6625', '18.1585', '2.1179'] Metrics = ['0.5398', '18.1585', '2.1179', '0.0000']
2025-07-18 04:28:42,057 - AdaPoinTr - INFO - [Validation] EPOCH: 5  Metrics = ['0.3109', '19.0181', '1.7053', '0.0000']
2025-07-18 04:28:42,057 - AdaPoinTr - INFO - ============================ TEST RESULTS ============================
2025-07-18 04:28:42,057 - AdaPoinTr - INFO - Taxonomy	#Sample	F-Score	CDL1	CDL2	EMDistance	#ModelName	
2025-07-18 04:28:42,057 - AdaPoinTr - INFO - 03759954	14	0.469 	20.451 	3.383 	0.000 	microphone	
2025-07-18 04:28:42,057 - AdaPoinTr - INFO - 04330267	44	0.242 	20.232 	1.648 	0.000 	stove	
2025-07-18 04:28:42,057 - AdaPoinTr - INFO - 03261776	15	0.259 	28.514 	5.866 	0.000 	earphone	
2025-07-18 04:28:42,057 - AdaPoinTr - INFO - 03513137	33	0.179 	26.779 	3.178 	0.000 	helmet	
2025-07-18 04:28:42,057 - AdaPoinTr - INFO - 04460130	27	0.340 	19.027 	1.680 	0.000 	tower	
2025-07-18 04:28:42,057 - AdaPoinTr - INFO - 04468005	78	0.334 	15.944 	0.995 	0.000 	train	
2025-07-18 04:28:42,057 - AdaPoinTr - INFO - 03761084	31	0.202 	21.092 	1.655 	0.000 	microwaves	
2025-07-18 04:28:42,057 - AdaPoinTr - INFO - 04004475	34	0.222 	22.406 	2.289 	0.000 	printer	
2025-07-18 04:28:42,057 - AdaPoinTr - INFO - 03938244	20	0.254 	19.701 	1.508 	0.000 	pillow	
2025-07-18 04:28:42,057 - AdaPoinTr - INFO - 02992529	167	0.351 	14.029 	0.651 	0.000 	cellphone	
2025-07-18 04:28:42,057 - AdaPoinTr - INFO - 02808440	172	0.243 	19.943 	1.581 	0.000 	bathtub	
2025-07-18 04:28:42,057 - AdaPoinTr - INFO - 04530566	388	0.425 	14.447 	0.908 	0.000 	watercraft	
2025-07-18 04:28:42,057 - AdaPoinTr - INFO - 02871439	91	0.211 	21.460 	1.794 	0.000 	bookshelf	
2025-07-18 04:28:42,057 - AdaPoinTr - INFO - 03593526	120	0.216 	23.616 	2.400 	0.000 	jar	
2025-07-18 04:28:42,057 - AdaPoinTr - INFO - 04554684	34	0.191 	22.500 	1.943 	0.000 	washer	
2025-07-18 04:28:42,057 - AdaPoinTr - INFO - 03467517	160	0.713 	9.171 	0.397 	0.000 	guitar	
2025-07-18 04:28:42,057 - AdaPoinTr - INFO - 04401088	218	0.356 	13.905 	0.676 	0.000 	telephone	
2025-07-18 04:28:42,057 - AdaPoinTr - INFO - 02954340	12	0.249 	25.420 	3.806 	0.000 	cap	
2025-07-18 04:28:42,057 - AdaPoinTr - INFO - 02933112	315	0.213 	19.232 	1.263 	0.000 	cabinet	
2025-07-18 04:28:42,057 - AdaPoinTr - INFO - 03642806	92	0.336 	13.952 	0.656 	0.000 	laptop	
2025-07-18 04:28:42,057 - AdaPoinTr - INFO - 02924116	188	0.312 	15.797 	0.894 	0.000 	bus	
2025-07-18 04:28:42,057 - AdaPoinTr - INFO - 02946921	22	0.200 	22.070 	1.838 	0.000 	can	
2025-07-18 04:28:42,057 - AdaPoinTr - INFO - 02818832	47	0.237 	22.462 	2.392 	0.000 	bed	
2025-07-18 04:28:42,057 - AdaPoinTr - INFO - 04256520	635	0.244 	18.757 	1.307 	0.000 	sofa	
2025-07-18 04:28:42,057 - AdaPoinTr - INFO - 04379243	1687	0.337 	16.429 	1.295 	0.000 	table	
2025-07-18 04:28:42,057 - AdaPoinTr - INFO - 02747177	69	0.162 	23.244 	1.847 	0.000 	trash bin	
2025-07-18 04:28:42,057 - AdaPoinTr - INFO - 03046257	131	0.257 	19.746 	1.662 	0.000 	clock	
2025-07-18 04:28:42,057 - AdaPoinTr - INFO - 04225987	31	0.501 	12.027 	0.635 	0.000 	skateboard	
2025-07-18 04:28:42,057 - AdaPoinTr - INFO - 03797390	43	0.152 	25.677 	2.573 	0.000 	mug	
2025-07-18 04:28:42,057 - AdaPoinTr - INFO - 03001627	1356	0.310 	18.037 	1.409 	0.000 	chair	
2025-07-18 04:28:42,057 - AdaPoinTr - INFO - 03691459	320	0.213 	22.305 	2.025 	0.000 	loudspeaker	
2025-07-18 04:28:42,057 - AdaPoinTr - INFO - 02942699	23	0.198 	26.097 	3.190 	0.000 	camera	
2025-07-18 04:28:42,057 - AdaPoinTr - INFO - 03636649	464	0.438 	19.468 	2.549 	0.000 	lamp	
2025-07-18 04:28:42,057 - AdaPoinTr - INFO - 02691156	809	0.468 	13.243 	0.788 	0.000 	airplane	
2025-07-18 04:28:42,057 - AdaPoinTr - INFO - 02773838	17	0.298 	17.571 	1.252 	0.000 	bag	
2025-07-18 04:28:42,057 - AdaPoinTr - INFO - 02958343	703	0.196 	20.304 	1.358 	0.000 	car	
2025-07-18 04:28:42,057 - AdaPoinTr - INFO - 02880940	38	0.183 	23.116 	1.916 	0.000 	bowl	
2025-07-18 04:28:42,057 - AdaPoinTr - INFO - 04099429	17	0.628 	11.613 	0.712 	0.000 	rocket	
2025-07-18 04:28:42,058 - AdaPoinTr - INFO - 02828884	363	0.379 	14.547 	0.940 	0.000 	bench	
2025-07-18 04:28:42,058 - AdaPoinTr - INFO - 04090263	475	0.622 	10.842 	0.628 	0.000 	rifle	
2025-07-18 04:28:42,058 - AdaPoinTr - INFO - 03211117	219	0.295 	17.153 	1.186 	0.000 	display	
2025-07-18 04:28:42,058 - AdaPoinTr - INFO - 02876657	100	0.338 	16.732 	1.211 	0.000 	bottle	
2025-07-18 04:28:42,058 - AdaPoinTr - INFO - 03710193	19	0.445 	16.516 	1.610 	0.000 	mailbox	
2025-07-18 04:28:42,058 - AdaPoinTr - INFO - 03790512	68	0.219 	21.149 	1.761 	0.000 	motorbike	
2025-07-18 04:28:42,058 - AdaPoinTr - INFO - 03325088	149	0.364 	22.140 	3.130 	0.000 	faucet	
2025-07-18 04:28:42,058 - AdaPoinTr - INFO - 02801938	23	0.193 	23.106 	2.229 	0.000 	basket	
2025-07-18 04:28:42,058 - AdaPoinTr - INFO - 03337140	60	0.204 	21.258 	1.784 	0.000 	file cabinet	
2025-07-18 04:28:42,058 - AdaPoinTr - INFO - 02843684	15	0.194 	23.999 	2.227 	0.000 	birdhouse	
2025-07-18 04:28:42,058 - AdaPoinTr - INFO - 03624134	85	0.679 	9.575 	0.415 	0.000 	knife	
2025-07-18 04:28:42,058 - AdaPoinTr - INFO - 03991062	121	0.194 	26.067 	2.899 	0.000 	flowerpot	
2025-07-18 04:28:42,058 - AdaPoinTr - INFO - 03948459	62	0.405 	15.026 	1.071 	0.000 	pistol	
2025-07-18 04:28:42,058 - AdaPoinTr - INFO - 03928116	48	0.246 	21.032 	2.080 	0.000 	piano	
2025-07-18 04:28:42,058 - AdaPoinTr - INFO - 03207941	19	0.205 	20.330 	1.438 	0.000 	dishwasher	
2025-07-18 04:28:42,058 - AdaPoinTr - INFO - 04074963	14	0.366 	14.577 	0.751 	0.000 	remote	
2025-07-18 04:28:42,058 - AdaPoinTr - INFO - 03085013	13	0.412 	12.163 	0.519 	0.000 	keyboard	
2025-07-18 04:28:42,058 - AdaPoinTr - INFO - Overall		0.311 	19.018 	1.705 	0.000 	
2025-07-18 04:28:42,522 - AdaPoinTr - INFO - Save checkpoint at ./experiments/AdaPoinTr/ShapeNet55_models/AdaPoinTr/ckpt-best.pth
2025-07-18 04:28:42,934 - AdaPoinTr - INFO - Save checkpoint at ./experiments/AdaPoinTr/ShapeNet55_models/AdaPoinTr/ckpt-last.pth
2025-07-18 04:28:43,744 - AdaPoinTr - INFO - [Epoch 6/200][Batch 1/2622] BatchTime = 0.809 (s) DataTime = 0.093 (s) Losses = ['6.7780', '47.3530'] lr = 0.0000877
2025-07-18 04:29:55,526 - AdaPoinTr - INFO - [Epoch 6/200][Batch 101/2622] BatchTime = 0.716 (s) DataTime = 0.001 (s) Losses = ['7.3493', '49.0924'] lr = 0.0000877
2025-07-18 04:31:07,238 - AdaPoinTr - INFO - [Epoch 6/200][Batch 201/2622] BatchTime = 0.720 (s) DataTime = 0.001 (s) Losses = ['6.8933', '45.6375'] lr = 0.0000877
2025-07-18 04:32:19,001 - AdaPoinTr - INFO - [Epoch 6/200][Batch 301/2622] BatchTime = 0.713 (s) DataTime = 0.001 (s) Losses = ['7.3883', '56.5094'] lr = 0.0000877
2025-07-18 04:33:30,740 - AdaPoinTr - INFO - [Epoch 6/200][Batch 401/2622] BatchTime = 0.716 (s) DataTime = 0.001 (s) Losses = ['6.4284', '43.5993'] lr = 0.0000877
2025-07-18 04:34:42,468 - AdaPoinTr - INFO - [Epoch 6/200][Batch 501/2622] BatchTime = 0.714 (s) DataTime = 0.001 (s) Losses = ['6.8005', '46.1773'] lr = 0.0000877
2025-07-18 04:35:54,199 - AdaPoinTr - INFO - [Epoch 6/200][Batch 601/2622] BatchTime = 0.709 (s) DataTime = 0.001 (s) Losses = ['6.6544', '44.7031'] lr = 0.0000877
2025-07-18 04:37:05,955 - AdaPoinTr - INFO - [Epoch 6/200][Batch 701/2622] BatchTime = 0.710 (s) DataTime = 0.001 (s) Losses = ['7.6238', '51.4150'] lr = 0.0000877
2025-07-18 04:38:17,697 - AdaPoinTr - INFO - [Epoch 6/200][Batch 801/2622] BatchTime = 0.716 (s) DataTime = 0.001 (s) Losses = ['6.9929', '48.5002'] lr = 0.0000877
2025-07-18 04:39:29,445 - AdaPoinTr - INFO - [Epoch 6/200][Batch 901/2622] BatchTime = 0.715 (s) DataTime = 0.001 (s) Losses = ['6.7436', '47.3424'] lr = 0.0000877
2025-07-18 04:40:41,147 - AdaPoinTr - INFO - [Epoch 6/200][Batch 1001/2622] BatchTime = 0.705 (s) DataTime = 0.001 (s) Losses = ['6.4841', '43.7475'] lr = 0.0000877
2025-07-18 04:41:52,892 - AdaPoinTr - INFO - [Epoch 6/200][Batch 1101/2622] BatchTime = 0.705 (s) DataTime = 0.001 (s) Losses = ['6.4349', '50.4940'] lr = 0.0000877
2025-07-18 04:43:04,719 - AdaPoinTr - INFO - [Epoch 6/200][Batch 1201/2622] BatchTime = 0.709 (s) DataTime = 0.001 (s) Losses = ['6.8750', '52.8355'] lr = 0.0000877
2025-07-18 04:44:16,481 - AdaPoinTr - INFO - [Epoch 6/200][Batch 1301/2622] BatchTime = 0.710 (s) DataTime = 0.001 (s) Losses = ['6.5826', '52.0425'] lr = 0.0000877
2025-07-18 04:45:28,240 - AdaPoinTr - INFO - [Epoch 6/200][Batch 1401/2622] BatchTime = 0.709 (s) DataTime = 0.001 (s) Losses = ['6.6302', '46.7954'] lr = 0.0000877
2025-07-18 04:46:40,002 - AdaPoinTr - INFO - [Epoch 6/200][Batch 1501/2622] BatchTime = 0.708 (s) DataTime = 0.001 (s) Losses = ['6.9466', '45.1445'] lr = 0.0000877
2025-07-18 04:47:51,733 - AdaPoinTr - INFO - [Epoch 6/200][Batch 1601/2622] BatchTime = 0.708 (s) DataTime = 0.001 (s) Losses = ['6.8959', '45.1612'] lr = 0.0000877
2025-07-18 04:49:03,461 - AdaPoinTr - INFO - [Epoch 6/200][Batch 1701/2622] BatchTime = 0.705 (s) DataTime = 0.001 (s) Losses = ['6.2102', '45.8644'] lr = 0.0000877
2025-07-18 04:50:15,250 - AdaPoinTr - INFO - [Epoch 6/200][Batch 1801/2622] BatchTime = 0.706 (s) DataTime = 0.001 (s) Losses = ['6.5581', '44.2297'] lr = 0.0000877
2025-07-18 04:51:27,010 - AdaPoinTr - INFO - [Epoch 6/200][Batch 1901/2622] BatchTime = 0.708 (s) DataTime = 0.001 (s) Losses = ['6.3963', '45.0651'] lr = 0.0000877
2025-07-18 04:52:29,362 - AdaPoinTr - INFO - [Epoch 6/200][Batch 2001/2622] BatchTime = 0.508 (s) DataTime = 0.001 (s) Losses = ['7.1239', '47.3676'] lr = 0.0000877
2025-07-18 04:53:20,956 - AdaPoinTr - INFO - [Epoch 6/200][Batch 2101/2622] BatchTime = 0.511 (s) DataTime = 0.001 (s) Losses = ['6.5410', '46.4825'] lr = 0.0000877
2025-07-18 04:54:12,558 - AdaPoinTr - INFO - [Epoch 6/200][Batch 2201/2622] BatchTime = 0.511 (s) DataTime = 0.001 (s) Losses = ['7.1238', '51.6158'] lr = 0.0000877
2025-07-18 04:55:04,133 - AdaPoinTr - INFO - [Epoch 6/200][Batch 2301/2622] BatchTime = 0.513 (s) DataTime = 0.001 (s) Losses = ['7.4154', '53.3019'] lr = 0.0000877
2025-07-18 04:55:55,617 - AdaPoinTr - INFO - [Epoch 6/200][Batch 2401/2622] BatchTime = 0.498 (s) DataTime = 0.001 (s) Losses = ['7.3841', '49.0993'] lr = 0.0000877
2025-07-18 04:56:47,074 - AdaPoinTr - INFO - [Epoch 6/200][Batch 2501/2622] BatchTime = 0.516 (s) DataTime = 0.001 (s) Losses = ['7.5844', '51.1326'] lr = 0.0000877
2025-07-18 04:57:38,556 - AdaPoinTr - INFO - [Epoch 6/200][Batch 2601/2622] BatchTime = 0.512 (s) DataTime = 0.001 (s) Losses = ['7.7034', '55.3022'] lr = 0.0000877
2025-07-18 04:57:49,424 - AdaPoinTr - INFO - [Training] EPOCH: 6 EpochTime = 1746.490 (s) Losses = ['6.8096', '49.0306']
2025-07-18 04:57:49,988 - AdaPoinTr - INFO - Save checkpoint at ./experiments/AdaPoinTr/ShapeNet55_models/AdaPoinTr/ckpt-last.pth
2025-07-18 04:57:50,610 - AdaPoinTr - INFO - [Epoch 7/200][Batch 1/2622] BatchTime = 0.621 (s) DataTime = 0.097 (s) Losses = ['7.6968', '53.8422'] lr = 0.0000858
2025-07-18 04:58:42,011 - AdaPoinTr - INFO - [Epoch 7/200][Batch 101/2622] BatchTime = 0.510 (s) DataTime = 0.001 (s) Losses = ['7.3900', '48.6947'] lr = 0.0000858
2025-07-18 04:59:33,455 - AdaPoinTr - INFO - [Epoch 7/200][Batch 201/2622] BatchTime = 0.514 (s) DataTime = 0.001 (s) Losses = ['6.2778', '46.1600'] lr = 0.0000858
2025-07-18 05:00:24,812 - AdaPoinTr - INFO - [Epoch 7/200][Batch 301/2622] BatchTime = 0.512 (s) DataTime = 0.001 (s) Losses = ['7.7418', '52.3559'] lr = 0.0000858
2025-07-18 05:01:16,209 - AdaPoinTr - INFO - [Epoch 7/200][Batch 401/2622] BatchTime = 0.514 (s) DataTime = 0.001 (s) Losses = ['6.4529', '43.9712'] lr = 0.0000858
2025-07-18 05:02:07,684 - AdaPoinTr - INFO - [Epoch 7/200][Batch 501/2622] BatchTime = 0.512 (s) DataTime = 0.001 (s) Losses = ['6.0119', '44.8635'] lr = 0.0000858
2025-07-18 05:02:59,082 - AdaPoinTr - INFO - [Epoch 7/200][Batch 601/2622] BatchTime = 0.512 (s) DataTime = 0.001 (s) Losses = ['6.5878', '49.8409'] lr = 0.0000858
2025-07-18 05:03:59,959 - AdaPoinTr - INFO - [Epoch 7/200][Batch 701/2622] BatchTime = 0.715 (s) DataTime = 0.001 (s) Losses = ['6.6667', '46.0337'] lr = 0.0000858
2025-07-18 05:05:11,692 - AdaPoinTr - INFO - [Epoch 7/200][Batch 801/2622] BatchTime = 0.716 (s) DataTime = 0.002 (s) Losses = ['6.9703', '51.0305'] lr = 0.0000858
2025-07-18 05:06:23,419 - AdaPoinTr - INFO - [Epoch 7/200][Batch 901/2622] BatchTime = 0.719 (s) DataTime = 0.001 (s) Losses = ['6.2837', '46.2206'] lr = 0.0000858
2025-07-18 05:07:35,135 - AdaPoinTr - INFO - [Epoch 7/200][Batch 1001/2622] BatchTime = 0.713 (s) DataTime = 0.001 (s) Losses = ['6.2068', '43.5084'] lr = 0.0000858
2025-07-18 05:08:46,899 - AdaPoinTr - INFO - [Epoch 7/200][Batch 1101/2622] BatchTime = 0.719 (s) DataTime = 0.001 (s) Losses = ['6.7381', '47.4383'] lr = 0.0000858
2025-07-18 05:09:58,648 - AdaPoinTr - INFO - [Epoch 7/200][Batch 1201/2622] BatchTime = 0.719 (s) DataTime = 0.001 (s) Losses = ['6.1362', '47.5250'] lr = 0.0000858
2025-07-18 05:11:10,416 - AdaPoinTr - INFO - [Epoch 7/200][Batch 1301/2622] BatchTime = 0.718 (s) DataTime = 0.001 (s) Losses = ['6.6222', '48.7184'] lr = 0.0000858
2025-07-18 05:12:22,232 - AdaPoinTr - INFO - [Epoch 7/200][Batch 1401/2622] BatchTime = 0.717 (s) DataTime = 0.001 (s) Losses = ['6.3780', '44.6063'] lr = 0.0000858
2025-07-18 05:13:33,975 - AdaPoinTr - INFO - [Epoch 7/200][Batch 1501/2622] BatchTime = 0.722 (s) DataTime = 0.001 (s) Losses = ['7.2068', '53.6636'] lr = 0.0000858
2025-07-18 05:14:45,729 - AdaPoinTr - INFO - [Epoch 7/200][Batch 1601/2622] BatchTime = 0.723 (s) DataTime = 0.001 (s) Losses = ['7.6717', '51.2851'] lr = 0.0000858
2025-07-18 05:15:57,525 - AdaPoinTr - INFO - [Epoch 7/200][Batch 1701/2622] BatchTime = 0.712 (s) DataTime = 0.001 (s) Losses = ['6.4188', '48.4347'] lr = 0.0000858
2025-07-18 05:17:09,269 - AdaPoinTr - INFO - [Epoch 7/200][Batch 1801/2622] BatchTime = 0.719 (s) DataTime = 0.001 (s) Losses = ['6.7905', '45.7556'] lr = 0.0000858
2025-07-18 05:18:21,037 - AdaPoinTr - INFO - [Epoch 7/200][Batch 1901/2622] BatchTime = 0.713 (s) DataTime = 0.001 (s) Losses = ['7.0797', '52.3654'] lr = 0.0000858
2025-07-18 05:19:32,756 - AdaPoinTr - INFO - [Epoch 7/200][Batch 2001/2622] BatchTime = 0.719 (s) DataTime = 0.001 (s) Losses = ['7.1186', '50.6682'] lr = 0.0000858
2025-07-18 05:20:44,477 - AdaPoinTr - INFO - [Epoch 7/200][Batch 2101/2622] BatchTime = 0.715 (s) DataTime = 0.001 (s) Losses = ['6.3212', '47.5390'] lr = 0.0000858
2025-07-18 05:21:56,214 - AdaPoinTr - INFO - [Epoch 7/200][Batch 2201/2622] BatchTime = 0.714 (s) DataTime = 0.001 (s) Losses = ['6.0431', '43.3960'] lr = 0.0000858
2025-07-18 05:23:07,982 - AdaPoinTr - INFO - [Epoch 7/200][Batch 2301/2622] BatchTime = 0.713 (s) DataTime = 0.001 (s) Losses = ['6.9991', '51.5100'] lr = 0.0000858
2025-07-18 05:24:19,724 - AdaPoinTr - INFO - [Epoch 7/200][Batch 2401/2622] BatchTime = 0.715 (s) DataTime = 0.001 (s) Losses = ['6.0563', '43.6789'] lr = 0.0000858
2025-07-18 05:25:31,482 - AdaPoinTr - INFO - [Epoch 7/200][Batch 2501/2622] BatchTime = 0.723 (s) DataTime = 0.001 (s) Losses = ['6.4536', '46.2402'] lr = 0.0000858
2025-07-18 05:26:43,222 - AdaPoinTr - INFO - [Epoch 7/200][Batch 2601/2622] BatchTime = 0.712 (s) DataTime = 0.001 (s) Losses = ['7.2158', '48.3998'] lr = 0.0000858
2025-07-18 05:26:58,332 - AdaPoinTr - INFO - [Training] EPOCH: 7 EpochTime = 1748.343 (s) Losses = ['6.7253', '48.2879']
2025-07-18 05:26:58,790 - AdaPoinTr - INFO - Save checkpoint at ./experiments/AdaPoinTr/ShapeNet55_models/AdaPoinTr/ckpt-last.pth
2025-07-18 05:26:59,598 - AdaPoinTr - INFO - [Epoch 8/200][Batch 1/2622] BatchTime = 0.807 (s) DataTime = 0.093 (s) Losses = ['6.3391', '47.0235'] lr = 0.0000839
2025-07-18 05:28:11,359 - AdaPoinTr - INFO - [Epoch 8/200][Batch 101/2622] BatchTime = 0.715 (s) DataTime = 0.001 (s) Losses = ['6.3900', '44.9502'] lr = 0.0000839
2025-07-18 05:29:23,085 - AdaPoinTr - INFO - [Epoch 8/200][Batch 201/2622] BatchTime = 0.713 (s) DataTime = 0.001 (s) Losses = ['7.4349', '54.7493'] lr = 0.0000839
2025-07-18 05:30:34,805 - AdaPoinTr - INFO - [Epoch 8/200][Batch 301/2622] BatchTime = 0.712 (s) DataTime = 0.001 (s) Losses = ['7.0338', '50.8367'] lr = 0.0000839
2025-07-18 05:31:46,563 - AdaPoinTr - INFO - [Epoch 8/200][Batch 401/2622] BatchTime = 0.712 (s) DataTime = 0.001 (s) Losses = ['6.3842', '45.6518'] lr = 0.0000839
2025-07-18 05:32:58,325 - AdaPoinTr - INFO - [Epoch 8/200][Batch 501/2622] BatchTime = 0.710 (s) DataTime = 0.001 (s) Losses = ['5.8821', '40.5254'] lr = 0.0000839
2025-07-18 05:34:10,085 - AdaPoinTr - INFO - [Epoch 8/200][Batch 601/2622] BatchTime = 0.707 (s) DataTime = 0.001 (s) Losses = ['6.5747', '45.9032'] lr = 0.0000839
2025-07-18 05:35:21,817 - AdaPoinTr - INFO - [Epoch 8/200][Batch 701/2622] BatchTime = 0.709 (s) DataTime = 0.001 (s) Losses = ['6.7726', '43.9380'] lr = 0.0000839
2025-07-18 05:36:33,550 - AdaPoinTr - INFO - [Epoch 8/200][Batch 801/2622] BatchTime = 0.706 (s) DataTime = 0.001 (s) Losses = ['6.1564', '43.1091'] lr = 0.0000839
2025-07-18 05:37:45,315 - AdaPoinTr - INFO - [Epoch 8/200][Batch 901/2622] BatchTime = 0.707 (s) DataTime = 0.001 (s) Losses = ['6.1690', '45.8571'] lr = 0.0000839
2025-07-18 05:38:57,062 - AdaPoinTr - INFO - [Epoch 8/200][Batch 1001/2622] BatchTime = 0.707 (s) DataTime = 0.001 (s) Losses = ['5.8053', '45.3317'] lr = 0.0000839
2025-07-18 05:40:08,797 - AdaPoinTr - INFO - [Epoch 8/200][Batch 1101/2622] BatchTime = 0.703 (s) DataTime = 0.001 (s) Losses = ['6.5187', '48.5512'] lr = 0.0000839
2025-07-18 05:41:20,572 - AdaPoinTr - INFO - [Epoch 8/200][Batch 1201/2622] BatchTime = 0.706 (s) DataTime = 0.001 (s) Losses = ['5.9810', '43.3741'] lr = 0.0000839
2025-07-18 05:42:32,345 - AdaPoinTr - INFO - [Epoch 8/200][Batch 1301/2622] BatchTime = 0.710 (s) DataTime = 0.001 (s) Losses = ['6.7616', '47.5322'] lr = 0.0000839
2025-07-18 05:43:44,099 - AdaPoinTr - INFO - [Epoch 8/200][Batch 1401/2622] BatchTime = 0.709 (s) DataTime = 0.001 (s) Losses = ['7.4992', '52.0694'] lr = 0.0000839
2025-07-18 05:44:55,861 - AdaPoinTr - INFO - [Epoch 8/200][Batch 1501/2622] BatchTime = 0.707 (s) DataTime = 0.001 (s) Losses = ['6.4100', '42.9432'] lr = 0.0000839
2025-07-18 05:46:07,611 - AdaPoinTr - INFO - [Epoch 8/200][Batch 1601/2622] BatchTime = 0.703 (s) DataTime = 0.001 (s) Losses = ['6.1866', '44.7316'] lr = 0.0000839
2025-07-18 05:47:19,394 - AdaPoinTr - INFO - [Epoch 8/200][Batch 1701/2622] BatchTime = 0.704 (s) DataTime = 0.001 (s) Losses = ['5.7887', '39.0953'] lr = 0.0000839
2025-07-18 05:48:31,163 - AdaPoinTr - INFO - [Epoch 8/200][Batch 1801/2622] BatchTime = 0.712 (s) DataTime = 0.001 (s) Losses = ['6.4067', '46.7027'] lr = 0.0000839
2025-07-18 05:49:42,899 - AdaPoinTr - INFO - [Epoch 8/200][Batch 1901/2622] BatchTime = 0.708 (s) DataTime = 0.001 (s) Losses = ['7.2532', '49.2435'] lr = 0.0000839
2025-07-18 05:50:54,615 - AdaPoinTr - INFO - [Epoch 8/200][Batch 2001/2622] BatchTime = 0.709 (s) DataTime = 0.001 (s) Losses = ['7.2691', '51.3862'] lr = 0.0000839
2025-07-18 05:52:06,385 - AdaPoinTr - INFO - [Epoch 8/200][Batch 2101/2622] BatchTime = 0.708 (s) DataTime = 0.001 (s) Losses = ['6.4641', '44.5557'] lr = 0.0000839
2025-07-18 05:53:17,764 - AdaPoinTr - INFO - [Epoch 8/200][Batch 2201/2622] BatchTime = 0.711 (s) DataTime = 0.001 (s) Losses = ['6.9952', '48.0999'] lr = 0.0000839
2025-07-18 05:54:29,536 - AdaPoinTr - INFO - [Epoch 8/200][Batch 2301/2622] BatchTime = 0.715 (s) DataTime = 0.001 (s) Losses = ['6.5719', '48.5183'] lr = 0.0000839
2025-07-18 05:55:41,279 - AdaPoinTr - INFO - [Epoch 8/200][Batch 2401/2622] BatchTime = 0.708 (s) DataTime = 0.001 (s) Losses = ['7.4759', '47.6200'] lr = 0.0000839
2025-07-18 05:56:53,014 - AdaPoinTr - INFO - [Epoch 8/200][Batch 2501/2622] BatchTime = 0.717 (s) DataTime = 0.001 (s) Losses = ['7.2594', '52.1536'] lr = 0.0000839
2025-07-18 05:58:04,763 - AdaPoinTr - INFO - [Epoch 8/200][Batch 2601/2622] BatchTime = 0.713 (s) DataTime = 0.001 (s) Losses = ['6.6567', '47.5706'] lr = 0.0000839
2025-07-18 05:58:19,864 - AdaPoinTr - INFO - [Training] EPOCH: 8 EpochTime = 1881.073 (s) Losses = ['6.6386', '47.5131']
2025-07-18 05:58:20,322 - AdaPoinTr - INFO - Save checkpoint at ./experiments/AdaPoinTr/ShapeNet55_models/AdaPoinTr/ckpt-last.pth
2025-07-18 05:58:21,129 - AdaPoinTr - INFO - [Epoch 9/200][Batch 1/2622] BatchTime = 0.806 (s) DataTime = 0.095 (s) Losses = ['7.7678', '53.5049'] lr = 0.0000821
2025-07-18 05:59:32,890 - AdaPoinTr - INFO - [Epoch 9/200][Batch 101/2622] BatchTime = 0.711 (s) DataTime = 0.001 (s) Losses = ['6.3926', '44.6878'] lr = 0.0000821
2025-07-18 06:00:44,678 - AdaPoinTr - INFO - [Epoch 9/200][Batch 201/2622] BatchTime = 0.708 (s) DataTime = 0.001 (s) Losses = ['6.8130', '51.7092'] lr = 0.0000821
2025-07-18 06:01:56,449 - AdaPoinTr - INFO - [Epoch 9/200][Batch 301/2622] BatchTime = 0.704 (s) DataTime = 0.001 (s) Losses = ['6.7736', '45.0912'] lr = 0.0000821
2025-07-18 06:03:08,236 - AdaPoinTr - INFO - [Epoch 9/200][Batch 401/2622] BatchTime = 0.704 (s) DataTime = 0.001 (s) Losses = ['6.3254', '50.8833'] lr = 0.0000821
2025-07-18 06:04:19,986 - AdaPoinTr - INFO - [Epoch 9/200][Batch 501/2622] BatchTime = 0.704 (s) DataTime = 0.001 (s) Losses = ['6.3564', '46.8271'] lr = 0.0000821
2025-07-18 06:05:31,802 - AdaPoinTr - INFO - [Epoch 9/200][Batch 601/2622] BatchTime = 0.711 (s) DataTime = 0.001 (s) Losses = ['6.6427', '50.7432'] lr = 0.0000821
2025-07-18 06:06:43,564 - AdaPoinTr - INFO - [Epoch 9/200][Batch 701/2622] BatchTime = 0.708 (s) DataTime = 0.001 (s) Losses = ['6.8247', '46.9081'] lr = 0.0000821
2025-07-18 06:07:55,320 - AdaPoinTr - INFO - [Epoch 9/200][Batch 801/2622] BatchTime = 0.705 (s) DataTime = 0.001 (s) Losses = ['7.0461', '56.7122'] lr = 0.0000821
2025-07-18 06:09:07,059 - AdaPoinTr - INFO - [Epoch 9/200][Batch 901/2622] BatchTime = 0.706 (s) DataTime = 0.001 (s) Losses = ['6.5626', '45.2319'] lr = 0.0000821
2025-07-18 06:10:18,787 - AdaPoinTr - INFO - [Epoch 9/200][Batch 1001/2622] BatchTime = 0.714 (s) DataTime = 0.001 (s) Losses = ['5.9062', '45.5475'] lr = 0.0000821
2025-07-18 06:11:30,527 - AdaPoinTr - INFO - [Epoch 9/200][Batch 1101/2622] BatchTime = 0.706 (s) DataTime = 0.001 (s) Losses = ['6.4548', '46.1495'] lr = 0.0000821
2025-07-18 06:12:42,256 - AdaPoinTr - INFO - [Epoch 9/200][Batch 1201/2622] BatchTime = 0.708 (s) DataTime = 0.001 (s) Losses = ['7.1759', '49.7508'] lr = 0.0000821
2025-07-18 06:13:54,011 - AdaPoinTr - INFO - [Epoch 9/200][Batch 1301/2622] BatchTime = 0.705 (s) DataTime = 0.001 (s) Losses = ['7.1034', '49.4082'] lr = 0.0000821
2025-07-18 06:15:05,755 - AdaPoinTr - INFO - [Epoch 9/200][Batch 1401/2622] BatchTime = 0.704 (s) DataTime = 0.001 (s) Losses = ['7.1380', '52.4028'] lr = 0.0000821
2025-07-18 06:16:17,494 - AdaPoinTr - INFO - [Epoch 9/200][Batch 1501/2622] BatchTime = 0.706 (s) DataTime = 0.001 (s) Losses = ['6.9179', '46.1811'] lr = 0.0000821
2025-07-18 06:17:29,209 - AdaPoinTr - INFO - [Epoch 9/200][Batch 1601/2622] BatchTime = 0.709 (s) DataTime = 0.001 (s) Losses = ['6.9473', '51.8426'] lr = 0.0000821
2025-07-18 06:18:40,941 - AdaPoinTr - INFO - [Epoch 9/200][Batch 1701/2622] BatchTime = 0.711 (s) DataTime = 0.001 (s) Losses = ['5.5678', '42.6471'] lr = 0.0000821
2025-07-18 06:19:52,688 - AdaPoinTr - INFO - [Epoch 9/200][Batch 1801/2622] BatchTime = 0.717 (s) DataTime = 0.001 (s) Losses = ['6.8431', '46.8632'] lr = 0.0000821
2025-07-18 06:21:04,448 - AdaPoinTr - INFO - [Epoch 9/200][Batch 1901/2622] BatchTime = 0.715 (s) DataTime = 0.001 (s) Losses = ['6.4633', '44.3433'] lr = 0.0000821
2025-07-18 06:22:16,203 - AdaPoinTr - INFO - [Epoch 9/200][Batch 2001/2622] BatchTime = 0.712 (s) DataTime = 0.001 (s) Losses = ['6.3133', '47.1825'] lr = 0.0000821
2025-07-18 06:23:27,956 - AdaPoinTr - INFO - [Epoch 9/200][Batch 2101/2622] BatchTime = 0.713 (s) DataTime = 0.001 (s) Losses = ['7.0340', '46.2203'] lr = 0.0000821
2025-07-18 06:24:39,711 - AdaPoinTr - INFO - [Epoch 9/200][Batch 2201/2622] BatchTime = 0.719 (s) DataTime = 0.001 (s) Losses = ['6.4083', '45.1323'] lr = 0.0000821
2025-07-18 06:25:51,486 - AdaPoinTr - INFO - [Epoch 9/200][Batch 2301/2622] BatchTime = 0.715 (s) DataTime = 0.001 (s) Losses = ['6.6682', '47.7497'] lr = 0.0000821
2025-07-18 06:27:03,244 - AdaPoinTr - INFO - [Epoch 9/200][Batch 2401/2622] BatchTime = 0.716 (s) DataTime = 0.001 (s) Losses = ['5.8712', '44.2190'] lr = 0.0000821
2025-07-18 06:28:15,030 - AdaPoinTr - INFO - [Epoch 9/200][Batch 2501/2622] BatchTime = 0.715 (s) DataTime = 0.001 (s) Losses = ['7.9715', '53.3805'] lr = 0.0000821
2025-07-18 06:29:26,781 - AdaPoinTr - INFO - [Epoch 9/200][Batch 2601/2622] BatchTime = 0.716 (s) DataTime = 0.001 (s) Losses = ['5.9359', '39.6053'] lr = 0.0000821
2025-07-18 06:29:41,888 - AdaPoinTr - INFO - [Training] EPOCH: 9 EpochTime = 1881.565 (s) Losses = ['6.5825', '47.1598']
2025-07-18 06:29:42,346 - AdaPoinTr - INFO - Save checkpoint at ./experiments/AdaPoinTr/ShapeNet55_models/AdaPoinTr/ckpt-last.pth
2025-07-18 06:29:43,149 - AdaPoinTr - INFO - [Epoch 10/200][Batch 1/2622] BatchTime = 0.802 (s) DataTime = 0.094 (s) Losses = ['6.6076', '46.1894'] lr = 0.0000803
2025-07-18 06:30:54,888 - AdaPoinTr - INFO - [Epoch 10/200][Batch 101/2622] BatchTime = 0.710 (s) DataTime = 0.001 (s) Losses = ['6.5909', '45.6064'] lr = 0.0000803
2025-07-18 06:32:06,689 - AdaPoinTr - INFO - [Epoch 10/200][Batch 201/2622] BatchTime = 0.705 (s) DataTime = 0.001 (s) Losses = ['6.4250', '44.3590'] lr = 0.0000803
2025-07-18 06:33:18,446 - AdaPoinTr - INFO - [Epoch 10/200][Batch 301/2622] BatchTime = 0.707 (s) DataTime = 0.001 (s) Losses = ['6.3370', '47.7425'] lr = 0.0000803
2025-07-18 06:34:30,206 - AdaPoinTr - INFO - [Epoch 10/200][Batch 401/2622] BatchTime = 0.704 (s) DataTime = 0.001 (s) Losses = ['6.7142', '43.0542'] lr = 0.0000803
2025-07-18 06:35:42,005 - AdaPoinTr - INFO - [Epoch 10/200][Batch 501/2622] BatchTime = 0.707 (s) DataTime = 0.001 (s) Losses = ['6.5707', '49.0775'] lr = 0.0000803
2025-07-18 06:36:53,749 - AdaPoinTr - INFO - [Epoch 10/200][Batch 601/2622] BatchTime = 0.708 (s) DataTime = 0.001 (s) Losses = ['5.8499', '41.2104'] lr = 0.0000803
2025-07-18 06:38:05,474 - AdaPoinTr - INFO - [Epoch 10/200][Batch 701/2622] BatchTime = 0.707 (s) DataTime = 0.001 (s) Losses = ['6.7169', '46.1249'] lr = 0.0000803
2025-07-18 06:39:17,240 - AdaPoinTr - INFO - [Epoch 10/200][Batch 801/2622] BatchTime = 0.705 (s) DataTime = 0.001 (s) Losses = ['5.6191', '41.5206'] lr = 0.0000803
2025-07-18 06:40:28,986 - AdaPoinTr - INFO - [Epoch 10/200][Batch 901/2622] BatchTime = 0.705 (s) DataTime = 0.001 (s) Losses = ['6.6571', '44.6075'] lr = 0.0000803
2025-07-18 06:41:40,753 - AdaPoinTr - INFO - [Epoch 10/200][Batch 1001/2622] BatchTime = 0.707 (s) DataTime = 0.001 (s) Losses = ['6.5447', '45.6778'] lr = 0.0000803
2025-07-18 06:42:52,131 - AdaPoinTr - INFO - [Epoch 10/200][Batch 1101/2622] BatchTime = 0.707 (s) DataTime = 0.001 (s) Losses = ['7.6926', '50.2512'] lr = 0.0000803
2025-07-18 06:44:03,910 - AdaPoinTr - INFO - [Epoch 10/200][Batch 1201/2622] BatchTime = 0.703 (s) DataTime = 0.001 (s) Losses = ['6.3560', '42.0451'] lr = 0.0000803
2025-07-18 06:45:15,670 - AdaPoinTr - INFO - [Epoch 10/200][Batch 1301/2622] BatchTime = 0.709 (s) DataTime = 0.001 (s) Losses = ['5.9674', '43.2671'] lr = 0.0000803
2025-07-18 06:46:27,431 - AdaPoinTr - INFO - [Epoch 10/200][Batch 1401/2622] BatchTime = 0.707 (s) DataTime = 0.001 (s) Losses = ['7.0687', '50.3544'] lr = 0.0000803
2025-07-18 06:47:39,179 - AdaPoinTr - INFO - [Epoch 10/200][Batch 1501/2622] BatchTime = 0.706 (s) DataTime = 0.001 (s) Losses = ['5.8704', '44.1275'] lr = 0.0000803
2025-07-18 06:48:50,934 - AdaPoinTr - INFO - [Epoch 10/200][Batch 1601/2622] BatchTime = 0.709 (s) DataTime = 0.001 (s) Losses = ['6.4482', '48.9498'] lr = 0.0000803
2025-07-18 06:50:02,696 - AdaPoinTr - INFO - [Epoch 10/200][Batch 1701/2622] BatchTime = 0.709 (s) DataTime = 0.001 (s) Losses = ['6.8053', '47.2175'] lr = 0.0000803
2025-07-18 06:51:14,444 - AdaPoinTr - INFO - [Epoch 10/200][Batch 1801/2622] BatchTime = 0.711 (s) DataTime = 0.001 (s) Losses = ['5.7132', '45.4887'] lr = 0.0000803
2025-07-18 06:52:26,164 - AdaPoinTr - INFO - [Epoch 10/200][Batch 1901/2622] BatchTime = 0.708 (s) DataTime = 0.001 (s) Losses = ['5.8993', '40.9015'] lr = 0.0000803
2025-07-18 06:53:37,894 - AdaPoinTr - INFO - [Epoch 10/200][Batch 2001/2622] BatchTime = 0.717 (s) DataTime = 0.001 (s) Losses = ['5.8758', '45.2972'] lr = 0.0000803
2025-07-18 06:54:49,674 - AdaPoinTr - INFO - [Epoch 10/200][Batch 2101/2622] BatchTime = 0.716 (s) DataTime = 0.001 (s) Losses = ['6.6057', '49.7511'] lr = 0.0000803
2025-07-18 06:56:01,395 - AdaPoinTr - INFO - [Epoch 10/200][Batch 2201/2622] BatchTime = 0.713 (s) DataTime = 0.001 (s) Losses = ['7.2768', '51.2509'] lr = 0.0000803
2025-07-18 06:57:13,174 - AdaPoinTr - INFO - [Epoch 10/200][Batch 2301/2622] BatchTime = 0.715 (s) DataTime = 0.001 (s) Losses = ['6.5617', '50.3915'] lr = 0.0000803
2025-07-18 06:58:25,004 - AdaPoinTr - INFO - [Epoch 10/200][Batch 2401/2622] BatchTime = 0.707 (s) DataTime = 0.001 (s) Losses = ['6.4383', '49.1422'] lr = 0.0000803
2025-07-18 06:59:36,766 - AdaPoinTr - INFO - [Epoch 10/200][Batch 2501/2622] BatchTime = 0.706 (s) DataTime = 0.001 (s) Losses = ['6.3507', '42.4720'] lr = 0.0000803
2025-07-18 07:00:48,542 - AdaPoinTr - INFO - [Epoch 10/200][Batch 2601/2622] BatchTime = 0.712 (s) DataTime = 0.001 (s) Losses = ['6.3656', '43.9287'] lr = 0.0000803
2025-07-18 07:01:03,648 - AdaPoinTr - INFO - [Training] EPOCH: 10 EpochTime = 1881.301 (s) Losses = ['6.5246', '46.6767']
2025-07-18 07:01:03,648 - AdaPoinTr - INFO - [VALIDATION] Start validating epoch 10
2025-07-18 07:02:10,673 - AdaPoinTr - INFO - Test[1051/10518] Taxonomy = 02691156 Sample = c7749c0a8b61f43bc9b9e28055202e3d Losses = ['23.2834', '2.0495', '11.8477', '0.5260'] Metrics = ['0.4972', '11.8477', '0.5260', '0.0000']
2025-07-18 07:03:17,603 - AdaPoinTr - INFO - Test[2102/10518] Taxonomy = 03211117 Sample = ab2f9418c111cc6ddb965514105122a4 Losses = ['24.4701', '2.2273', '8.9670', '0.2454'] Metrics = ['0.6255', '8.9670', '0.2454', '0.0000']
2025-07-18 07:04:24,526 - AdaPoinTr - INFO - Test[3153/10518] Taxonomy = 02876657 Sample = c5032e4be091aabb36fe7a88df793982 Losses = ['79.1176', '25.0640', '47.7387', '10.4182'] Metrics = ['0.2111', '47.7387', '10.4182', '0.0000']
2025-07-18 07:05:31,489 - AdaPoinTr - INFO - Test[4204/10518] Taxonomy = 03211117 Sample = 722df1da5778d45b1e43523279c7f09f Losses = ['34.2802', '4.5392', '17.1859', '1.2046'] Metrics = ['0.3487', '17.1859', '1.2046', '0.0000']
2025-07-18 07:06:38,435 - AdaPoinTr - INFO - Test[5255/10518] Taxonomy = 02828884 Sample = 14b63361a48a9fffe4a048c146e8bd43 Losses = ['29.8823', '3.1471', '17.2150', '1.3542'] Metrics = ['0.3678', '17.2150', '1.3542', '0.0000']
2025-07-18 07:07:45,396 - AdaPoinTr - INFO - Test[6306/10518] Taxonomy = 03211117 Sample = d330d50a0255529d19ed6e1a590c9122 Losses = ['30.0863', '4.3188', '14.6564', '1.1929'] Metrics = ['0.4446', '14.6564', '1.1929', '0.0000']
2025-07-18 07:08:52,325 - AdaPoinTr - INFO - Test[7357/10518] Taxonomy = 04379243 Sample = b1ca280d9567270ade98d10ab5975b59 Losses = ['43.0169', '8.8391', '21.7281', '2.2642'] Metrics = ['0.2678', '21.7281', '2.2642', '0.0000']
2025-07-18 07:09:59,269 - AdaPoinTr - INFO - Test[8408/10518] Taxonomy = 03001627 Sample = 89208a619341d9fdb8c516ed5c4ce32 Losses = ['30.9200', '3.4533', '14.9368', '0.6691'] Metrics = ['0.2839', '14.9368', '0.6691', '0.0000']
2025-07-18 07:11:06,203 - AdaPoinTr - INFO - Test[9459/10518] Taxonomy = 03001627 Sample = d0255120e3351121c3bd24f986301745 Losses = ['39.3509', '5.6158', '22.7694', '1.9948'] Metrics = ['0.1903', '22.7694', '1.9948', '0.0000']
2025-07-18 07:12:13,143 - AdaPoinTr - INFO - Test[10510/10518] Taxonomy = 03636649 Sample = ea9ec4d9db2e06202471e6dd5ac3ef92 Losses = ['25.1801', '2.8886', '9.8338', '0.4724'] Metrics = ['0.7214', '9.8338', '0.4724', '0.0000']
2025-07-18 07:12:13,680 - AdaPoinTr - INFO - [Validation] EPOCH: 10  Metrics = ['0.3363', '17.2996', '1.3684', '0.0000']
2025-07-18 07:12:13,680 - AdaPoinTr - INFO - ============================ TEST RESULTS ============================
2025-07-18 07:12:13,680 - AdaPoinTr - INFO - Taxonomy	#Sample	F-Score	CDL1	CDL2	EMDistance	#ModelName	
2025-07-18 07:12:13,680 - AdaPoinTr - INFO - 03759954	14	0.481 	18.630 	2.572 	0.000 	microphone	
2025-07-18 07:12:13,680 - AdaPoinTr - INFO - 04330267	44	0.259 	19.206 	1.483 	0.000 	stove	
2025-07-18 07:12:13,680 - AdaPoinTr - INFO - 03261776	15	0.284 	23.070 	3.010 	0.000 	earphone	
2025-07-18 07:12:13,680 - AdaPoinTr - INFO - 03513137	33	0.185 	25.961 	3.004 	0.000 	helmet	
2025-07-18 07:12:13,680 - AdaPoinTr - INFO - 04460130	27	0.371 	16.701 	1.159 	0.000 	tower	
2025-07-18 07:12:13,680 - AdaPoinTr - INFO - 04468005	78	0.358 	15.094 	0.897 	0.000 	train	
2025-07-18 07:12:13,680 - AdaPoinTr - INFO - 03761084	31	0.227 	19.210 	1.435 	0.000 	microwaves	
2025-07-18 07:12:13,680 - AdaPoinTr - INFO - 04004475	34	0.236 	21.468 	2.181 	0.000 	printer	
2025-07-18 07:12:13,680 - AdaPoinTr - INFO - 03938244	20	0.284 	18.110 	1.337 	0.000 	pillow	
2025-07-18 07:12:13,680 - AdaPoinTr - INFO - 02992529	167	0.399 	12.748 	0.539 	0.000 	cellphone	
2025-07-18 07:12:13,680 - AdaPoinTr - INFO - 02808440	172	0.271 	18.082 	1.346 	0.000 	bathtub	
2025-07-18 07:12:13,680 - AdaPoinTr - INFO - 04530566	388	0.449 	13.477 	0.806 	0.000 	watercraft	
2025-07-18 07:12:13,680 - AdaPoinTr - INFO - 02871439	91	0.230 	19.618 	1.519 	0.000 	bookshelf	
2025-07-18 07:12:13,680 - AdaPoinTr - INFO - 03593526	120	0.235 	22.333 	2.331 	0.000 	jar	
2025-07-18 07:12:13,680 - AdaPoinTr - INFO - 04554684	34	0.213 	21.061 	1.829 	0.000 	washer	
2025-07-18 07:12:13,680 - AdaPoinTr - INFO - 03467517	160	0.719 	9.305 	0.416 	0.000 	guitar	
2025-07-18 07:12:13,680 - AdaPoinTr - INFO - 04401088	218	0.397 	12.851 	0.582 	0.000 	telephone	
2025-07-18 07:12:13,680 - AdaPoinTr - INFO - 02954340	12	0.284 	18.137 	1.457 	0.000 	cap	
2025-07-18 07:12:13,680 - AdaPoinTr - INFO - 02933112	315	0.230 	18.011 	1.105 	0.000 	cabinet	
2025-07-18 07:12:13,680 - AdaPoinTr - INFO - 03642806	92	0.366 	13.420 	0.640 	0.000 	laptop	
2025-07-18 07:12:13,681 - AdaPoinTr - INFO - 02924116	188	0.341 	14.594 	0.758 	0.000 	bus	
2025-07-18 07:12:13,681 - AdaPoinTr - INFO - 02946921	22	0.227 	20.243 	1.641 	0.000 	can	
2025-07-18 07:12:13,681 - AdaPoinTr - INFO - 02818832	47	0.260 	19.763 	1.802 	0.000 	bed	
2025-07-18 07:12:13,681 - AdaPoinTr - INFO - 04256520	635	0.273 	17.216 	1.107 	0.000 	sofa	
2025-07-18 07:12:13,681 - AdaPoinTr - INFO - 04379243	1687	0.372 	15.219 	1.152 	0.000 	table	
2025-07-18 07:12:13,681 - AdaPoinTr - INFO - 02747177	69	0.177 	21.412 	1.664 	0.000 	trash bin	
2025-07-18 07:12:13,681 - AdaPoinTr - INFO - 03046257	131	0.290 	17.580 	1.224 	0.000 	clock	
2025-07-18 07:12:13,681 - AdaPoinTr - INFO - 04225987	31	0.522 	11.115 	0.484 	0.000 	skateboard	
2025-07-18 07:12:13,681 - AdaPoinTr - INFO - 03797390	43	0.168 	22.204 	1.687 	0.000 	mug	
2025-07-18 07:12:13,681 - AdaPoinTr - INFO - 03001627	1356	0.337 	16.596 	1.212 	0.000 	chair	
2025-07-18 07:12:13,681 - AdaPoinTr - INFO - 03691459	320	0.234 	20.603 	1.756 	0.000 	loudspeaker	
2025-07-18 07:12:13,681 - AdaPoinTr - INFO - 02942699	23	0.213 	24.464 	3.026 	0.000 	camera	
2025-07-18 07:12:13,681 - AdaPoinTr - INFO - 03636649	464	0.465 	17.228 	1.951 	0.000 	lamp	
2025-07-18 07:12:13,681 - AdaPoinTr - INFO - 02691156	809	0.519 	11.664 	0.604 	0.000 	airplane	
2025-07-18 07:12:13,681 - AdaPoinTr - INFO - 02773838	17	0.323 	16.005 	1.056 	0.000 	bag	
2025-07-18 07:12:13,681 - AdaPoinTr - INFO - 02958343	703	0.208 	18.947 	1.175 	0.000 	car	
2025-07-18 07:12:13,681 - AdaPoinTr - INFO - 02880940	38	0.211 	19.671 	1.335 	0.000 	bowl	
2025-07-18 07:12:13,681 - AdaPoinTr - INFO - 04099429	17	0.661 	9.905 	0.452 	0.000 	rocket	
2025-07-18 07:12:13,681 - AdaPoinTr - INFO - 02828884	363	0.414 	13.394 	0.799 	0.000 	bench	
2025-07-18 07:12:13,681 - AdaPoinTr - INFO - 04090263	475	0.650 	10.228 	0.579 	0.000 	rifle	
2025-07-18 07:12:13,681 - AdaPoinTr - INFO - 03211117	219	0.327 	16.245 	1.184 	0.000 	display	
2025-07-18 07:12:13,681 - AdaPoinTr - INFO - 02876657	100	0.380 	15.265 	1.029 	0.000 	bottle	
2025-07-18 07:12:13,681 - AdaPoinTr - INFO - 03710193	19	0.481 	14.625 	1.076 	0.000 	mailbox	
2025-07-18 07:12:13,681 - AdaPoinTr - INFO - 03790512	68	0.229 	19.765 	1.518 	0.000 	motorbike	
2025-07-18 07:12:13,681 - AdaPoinTr - INFO - 03325088	149	0.397 	20.106 	2.767 	0.000 	faucet	
2025-07-18 07:12:13,681 - AdaPoinTr - INFO - 02801938	23	0.212 	19.819 	1.476 	0.000 	basket	
2025-07-18 07:12:13,681 - AdaPoinTr - INFO - 03337140	60	0.228 	19.018 	1.318 	0.000 	file cabinet	
2025-07-18 07:12:13,681 - AdaPoinTr - INFO - 02843684	15	0.205 	22.906 	2.091 	0.000 	birdhouse	
2025-07-18 07:12:13,681 - AdaPoinTr - INFO - 03624134	85	0.705 	9.382 	0.450 	0.000 	knife	
2025-07-18 07:12:13,681 - AdaPoinTr - INFO - 03991062	121	0.204 	22.986 	2.120 	0.000 	flowerpot	
2025-07-18 07:12:13,681 - AdaPoinTr - INFO - 03948459	62	0.439 	13.649 	0.851 	0.000 	pistol	
2025-07-18 07:12:13,681 - AdaPoinTr - INFO - 03928116	48	0.264 	19.936 	1.928 	0.000 	piano	
2025-07-18 07:12:13,681 - AdaPoinTr - INFO - 03207941	19	0.227 	18.736 	1.258 	0.000 	dishwasher	
2025-07-18 07:12:13,681 - AdaPoinTr - INFO - 04074963	14	0.422 	13.039 	0.611 	0.000 	remote	
2025-07-18 07:12:13,681 - AdaPoinTr - INFO - 03085013	13	0.434 	11.455 	0.473 	0.000 	keyboard	
2025-07-18 07:12:13,681 - AdaPoinTr - INFO - Overall		0.336 	17.300 	1.368 	0.000 	
2025-07-18 07:12:14,140 - AdaPoinTr - INFO - Save checkpoint at ./experiments/AdaPoinTr/ShapeNet55_models/AdaPoinTr/ckpt-best.pth
2025-07-18 07:12:14,556 - AdaPoinTr - INFO - Save checkpoint at ./experiments/AdaPoinTr/ShapeNet55_models/AdaPoinTr/ckpt-last.pth
2025-07-18 07:12:15,359 - AdaPoinTr - INFO - [Epoch 11/200][Batch 1/2622] BatchTime = 0.802 (s) DataTime = 0.092 (s) Losses = ['6.8918', '45.5479'] lr = 0.0000786
2025-07-18 07:13:27,113 - AdaPoinTr - INFO - [Epoch 11/200][Batch 101/2622] BatchTime = 0.705 (s) DataTime = 0.001 (s) Losses = ['6.9042', '48.4437'] lr = 0.0000786
2025-07-18 07:14:38,847 - AdaPoinTr - INFO - [Epoch 11/200][Batch 201/2622] BatchTime = 0.706 (s) DataTime = 0.001 (s) Losses = ['6.7371', '45.3704'] lr = 0.0000786
2025-07-18 07:15:50,624 - AdaPoinTr - INFO - [Epoch 11/200][Batch 301/2622] BatchTime = 0.709 (s) DataTime = 0.001 (s) Losses = ['5.8727', '38.3729'] lr = 0.0000786
2025-07-18 07:17:02,359 - AdaPoinTr - INFO - [Epoch 11/200][Batch 401/2622] BatchTime = 0.711 (s) DataTime = 0.001 (s) Losses = ['6.2392', '42.2702'] lr = 0.0000786
2025-07-18 07:18:14,112 - AdaPoinTr - INFO - [Epoch 11/200][Batch 501/2622] BatchTime = 0.707 (s) DataTime = 0.001 (s) Losses = ['6.7750', '45.6977'] lr = 0.0000786
2025-07-18 07:19:25,882 - AdaPoinTr - INFO - [Epoch 11/200][Batch 601/2622] BatchTime = 0.704 (s) DataTime = 0.001 (s) Losses = ['5.9998', '39.9876'] lr = 0.0000786
2025-07-18 07:20:37,639 - AdaPoinTr - INFO - [Epoch 11/200][Batch 701/2622] BatchTime = 0.702 (s) DataTime = 0.001 (s) Losses = ['6.0764', '44.5560'] lr = 0.0000786
2025-07-18 07:21:49,399 - AdaPoinTr - INFO - [Epoch 11/200][Batch 801/2622] BatchTime = 0.710 (s) DataTime = 0.001 (s) Losses = ['7.2734', '46.1246'] lr = 0.0000786
2025-07-18 07:23:01,170 - AdaPoinTr - INFO - [Epoch 11/200][Batch 901/2622] BatchTime = 0.705 (s) DataTime = 0.001 (s) Losses = ['6.9269', '44.8404'] lr = 0.0000786
2025-07-18 07:24:12,919 - AdaPoinTr - INFO - [Epoch 11/200][Batch 1001/2622] BatchTime = 0.704 (s) DataTime = 0.001 (s) Losses = ['6.3983', '48.3302'] lr = 0.0000786
2025-07-18 07:25:24,708 - AdaPoinTr - INFO - [Epoch 11/200][Batch 1101/2622] BatchTime = 0.704 (s) DataTime = 0.001 (s) Losses = ['6.9699', '48.6152'] lr = 0.0000786
2025-07-18 07:26:36,477 - AdaPoinTr - INFO - [Epoch 11/200][Batch 1201/2622] BatchTime = 0.709 (s) DataTime = 0.001 (s) Losses = ['7.4779', '51.5820'] lr = 0.0000786
2025-07-18 07:27:47,860 - AdaPoinTr - INFO - [Epoch 11/200][Batch 1301/2622] BatchTime = 0.702 (s) DataTime = 0.001 (s) Losses = ['6.6864', '47.2470'] lr = 0.0000786
2025-07-18 07:28:59,628 - AdaPoinTr - INFO - [Epoch 11/200][Batch 1401/2622] BatchTime = 0.704 (s) DataTime = 0.001 (s) Losses = ['6.2769', '49.9852'] lr = 0.0000786
2025-07-18 07:30:11,370 - AdaPoinTr - INFO - [Epoch 11/200][Batch 1501/2622] BatchTime = 0.714 (s) DataTime = 0.001 (s) Losses = ['6.2665', '47.8240'] lr = 0.0000786
2025-07-18 07:31:23,137 - AdaPoinTr - INFO - [Epoch 11/200][Batch 1601/2622] BatchTime = 0.706 (s) DataTime = 0.001 (s) Losses = ['6.6214', '48.8405'] lr = 0.0000786
2025-07-18 07:32:34,869 - AdaPoinTr - INFO - [Epoch 11/200][Batch 1701/2622] BatchTime = 0.716 (s) DataTime = 0.001 (s) Losses = ['6.5874', '46.2136'] lr = 0.0000786
2025-07-18 07:33:46,613 - AdaPoinTr - INFO - [Epoch 11/200][Batch 1801/2622] BatchTime = 0.714 (s) DataTime = 0.001 (s) Losses = ['6.9107', '51.8680'] lr = 0.0000786
2025-07-18 07:34:58,363 - AdaPoinTr - INFO - [Epoch 11/200][Batch 1901/2622] BatchTime = 0.716 (s) DataTime = 0.001 (s) Losses = ['6.7039', '47.1973'] lr = 0.0000786
2025-07-18 07:36:10,076 - AdaPoinTr - INFO - [Epoch 11/200][Batch 2001/2622] BatchTime = 0.715 (s) DataTime = 0.001 (s) Losses = ['6.4833', '44.0181'] lr = 0.0000786
2025-07-18 07:37:21,846 - AdaPoinTr - INFO - [Epoch 11/200][Batch 2101/2622] BatchTime = 0.718 (s) DataTime = 0.001 (s) Losses = ['6.7522', '52.8868'] lr = 0.0000786
2025-07-18 07:38:33,593 - AdaPoinTr - INFO - [Epoch 11/200][Batch 2201/2622] BatchTime = 0.722 (s) DataTime = 0.001 (s) Losses = ['6.3998', '44.8639'] lr = 0.0000786
2025-07-18 07:39:45,367 - AdaPoinTr - INFO - [Epoch 11/200][Batch 2301/2622] BatchTime = 0.719 (s) DataTime = 0.001 (s) Losses = ['6.1364', '43.8614'] lr = 0.0000786
2025-07-18 07:40:57,175 - AdaPoinTr - INFO - [Epoch 11/200][Batch 2401/2622] BatchTime = 0.715 (s) DataTime = 0.001 (s) Losses = ['7.1252', '51.2331'] lr = 0.0000786
2025-07-18 07:42:08,894 - AdaPoinTr - INFO - [Epoch 11/200][Batch 2501/2622] BatchTime = 0.716 (s) DataTime = 0.001 (s) Losses = ['5.5778', '44.3124'] lr = 0.0000786
2025-07-18 07:43:20,708 - AdaPoinTr - INFO - [Epoch 11/200][Batch 2601/2622] BatchTime = 0.714 (s) DataTime = 0.001 (s) Losses = ['5.8534', '40.6210'] lr = 0.0000786
2025-07-18 07:43:35,830 - AdaPoinTr - INFO - [Training] EPOCH: 11 EpochTime = 1881.273 (s) Losses = ['6.4823', '46.5055']
2025-07-18 07:43:36,285 - AdaPoinTr - INFO - Save checkpoint at ./experiments/AdaPoinTr/ShapeNet55_models/AdaPoinTr/ckpt-last.pth
2025-07-18 07:43:37,096 - AdaPoinTr - INFO - [Epoch 12/200][Batch 1/2622] BatchTime = 0.810 (s) DataTime = 0.095 (s) Losses = ['7.5732', '50.1437'] lr = 0.0000769
2025-07-18 07:44:48,836 - AdaPoinTr - INFO - [Epoch 12/200][Batch 101/2622] BatchTime = 0.712 (s) DataTime = 0.001 (s) Losses = ['6.0695', '39.4805'] lr = 0.0000769
2025-07-18 07:46:00,567 - AdaPoinTr - INFO - [Epoch 12/200][Batch 201/2622] BatchTime = 0.718 (s) DataTime = 0.001 (s) Losses = ['6.5899', '47.5072'] lr = 0.0000769
2025-07-18 07:47:12,323 - AdaPoinTr - INFO - [Epoch 12/200][Batch 301/2622] BatchTime = 0.712 (s) DataTime = 0.001 (s) Losses = ['6.2653', '46.1763'] lr = 0.0000769
2025-07-18 07:48:24,079 - AdaPoinTr - INFO - [Epoch 12/200][Batch 401/2622] BatchTime = 0.715 (s) DataTime = 0.001 (s) Losses = ['7.0685', '49.5052'] lr = 0.0000769
2025-07-18 07:49:35,819 - AdaPoinTr - INFO - [Epoch 12/200][Batch 501/2622] BatchTime = 0.716 (s) DataTime = 0.001 (s) Losses = ['6.4337', '48.1618'] lr = 0.0000769
2025-07-18 07:50:47,586 - AdaPoinTr - INFO - [Epoch 12/200][Batch 601/2622] BatchTime = 0.716 (s) DataTime = 0.001 (s) Losses = ['7.0224', '48.2891'] lr = 0.0000769
2025-07-18 07:51:59,367 - AdaPoinTr - INFO - [Epoch 12/200][Batch 701/2622] BatchTime = 0.712 (s) DataTime = 0.001 (s) Losses = ['6.8561', '52.3333'] lr = 0.0000769
2025-07-18 07:53:11,132 - AdaPoinTr - INFO - [Epoch 12/200][Batch 801/2622] BatchTime = 0.722 (s) DataTime = 0.001 (s) Losses = ['6.5278', '45.5141'] lr = 0.0000769
2025-07-18 07:54:22,890 - AdaPoinTr - INFO - [Epoch 12/200][Batch 901/2622] BatchTime = 0.715 (s) DataTime = 0.001 (s) Losses = ['7.2427', '45.9003'] lr = 0.0000769
2025-07-18 07:55:34,637 - AdaPoinTr - INFO - [Epoch 12/200][Batch 1001/2622] BatchTime = 0.715 (s) DataTime = 0.001 (s) Losses = ['6.5434', '44.3282'] lr = 0.0000769
2025-07-18 07:56:46,388 - AdaPoinTr - INFO - [Epoch 12/200][Batch 1101/2622] BatchTime = 0.714 (s) DataTime = 0.001 (s) Losses = ['6.3190', '42.9269'] lr = 0.0000769
2025-07-18 07:57:58,149 - AdaPoinTr - INFO - [Epoch 12/200][Batch 1201/2622] BatchTime = 0.717 (s) DataTime = 0.001 (s) Losses = ['7.2264', '50.6686'] lr = 0.0000769
2025-07-18 07:59:09,885 - AdaPoinTr - INFO - [Epoch 12/200][Batch 1301/2622] BatchTime = 0.716 (s) DataTime = 0.001 (s) Losses = ['6.1877', '42.4829'] lr = 0.0000769
2025-07-18 08:00:21,654 - AdaPoinTr - INFO - [Epoch 12/200][Batch 1401/2622] BatchTime = 0.715 (s) DataTime = 0.001 (s) Losses = ['6.3804', '46.3586'] lr = 0.0000769
2025-07-18 08:01:33,404 - AdaPoinTr - INFO - [Epoch 12/200][Batch 1501/2622] BatchTime = 0.714 (s) DataTime = 0.001 (s) Losses = ['6.0735', '44.5530'] lr = 0.0000769
2025-07-18 08:02:45,163 - AdaPoinTr - INFO - [Epoch 12/200][Batch 1601/2622] BatchTime = 0.717 (s) DataTime = 0.001 (s) Losses = ['7.2936', '50.2993'] lr = 0.0000769
2025-07-18 08:03:56,915 - AdaPoinTr - INFO - [Epoch 12/200][Batch 1701/2622] BatchTime = 0.717 (s) DataTime = 0.001 (s) Losses = ['7.2495', '52.1243'] lr = 0.0000769
2025-07-18 08:05:08,674 - AdaPoinTr - INFO - [Epoch 12/200][Batch 1801/2622] BatchTime = 0.721 (s) DataTime = 0.001 (s) Losses = ['6.4121', '50.8799'] lr = 0.0000769
2025-07-18 08:06:20,497 - AdaPoinTr - INFO - [Epoch 12/200][Batch 1901/2622] BatchTime = 0.724 (s) DataTime = 0.001 (s) Losses = ['6.9168', '52.5452'] lr = 0.0000769
2025-07-18 08:07:32,247 - AdaPoinTr - INFO - [Epoch 12/200][Batch 2001/2622] BatchTime = 0.712 (s) DataTime = 0.001 (s) Losses = ['7.1926', '49.3436'] lr = 0.0000769
2025-07-18 08:08:44,025 - AdaPoinTr - INFO - [Epoch 12/200][Batch 2101/2622] BatchTime = 0.714 (s) DataTime = 0.001 (s) Losses = ['6.5037', '45.8871'] lr = 0.0000769
2025-07-18 08:09:55,768 - AdaPoinTr - INFO - [Epoch 12/200][Batch 2201/2622] BatchTime = 0.721 (s) DataTime = 0.001 (s) Losses = ['6.1982', '47.0136'] lr = 0.0000769
2025-07-18 08:11:07,550 - AdaPoinTr - INFO - [Epoch 12/200][Batch 2301/2622] BatchTime = 0.715 (s) DataTime = 0.001 (s) Losses = ['6.3167', '43.3689'] lr = 0.0000769
2025-07-18 08:12:19,305 - AdaPoinTr - INFO - [Epoch 12/200][Batch 2401/2622] BatchTime = 0.716 (s) DataTime = 0.001 (s) Losses = ['6.6900', '50.5057'] lr = 0.0000769
2025-07-18 08:13:31,049 - AdaPoinTr - INFO - [Epoch 12/200][Batch 2501/2622] BatchTime = 0.716 (s) DataTime = 0.001 (s) Losses = ['6.5215', '56.9609'] lr = 0.0000769
2025-07-18 08:14:42,824 - AdaPoinTr - INFO - [Epoch 12/200][Batch 2601/2622] BatchTime = 0.714 (s) DataTime = 0.001 (s) Losses = ['6.3120', '45.1806'] lr = 0.0000769
2025-07-18 08:14:57,906 - AdaPoinTr - INFO - [Training] EPOCH: 12 EpochTime = 1881.620 (s) Losses = ['6.4393', '46.2140']
2025-07-18 08:14:58,366 - AdaPoinTr - INFO - Save checkpoint at ./experiments/AdaPoinTr/ShapeNet55_models/AdaPoinTr/ckpt-last.pth
2025-07-18 08:14:59,180 - AdaPoinTr - INFO - [Epoch 13/200][Batch 1/2622] BatchTime = 0.813 (s) DataTime = 0.094 (s) Losses = ['6.2713', '43.4866'] lr = 0.0000752
2025-07-18 08:16:10,870 - AdaPoinTr - INFO - [Epoch 13/200][Batch 101/2622] BatchTime = 0.716 (s) DataTime = 0.001 (s) Losses = ['5.6342', '41.2590'] lr = 0.0000752
2025-07-18 08:17:22,255 - AdaPoinTr - INFO - [Epoch 13/200][Batch 201/2622] BatchTime = 0.711 (s) DataTime = 0.001 (s) Losses = ['6.6931', '48.8459'] lr = 0.0000752
2025-07-18 08:18:33,998 - AdaPoinTr - INFO - [Epoch 13/200][Batch 301/2622] BatchTime = 0.716 (s) DataTime = 0.001 (s) Losses = ['6.0505', '41.8997'] lr = 0.0000752
2025-07-18 08:19:45,772 - AdaPoinTr - INFO - [Epoch 13/200][Batch 401/2622] BatchTime = 0.711 (s) DataTime = 0.001 (s) Losses = ['6.2973', '45.2101'] lr = 0.0000752
2025-07-18 08:20:57,566 - AdaPoinTr - INFO - [Epoch 13/200][Batch 501/2622] BatchTime = 0.715 (s) DataTime = 0.001 (s) Losses = ['6.4956', '49.3033'] lr = 0.0000752
2025-07-18 08:22:09,316 - AdaPoinTr - INFO - [Epoch 13/200][Batch 601/2622] BatchTime = 0.709 (s) DataTime = 0.001 (s) Losses = ['6.8616', '52.9924'] lr = 0.0000752
2025-07-18 08:23:21,056 - AdaPoinTr - INFO - [Epoch 13/200][Batch 701/2622] BatchTime = 0.712 (s) DataTime = 0.001 (s) Losses = ['6.5083', '47.2402'] lr = 0.0000752
2025-07-18 08:24:32,783 - AdaPoinTr - INFO - [Epoch 13/200][Batch 801/2622] BatchTime = 0.709 (s) DataTime = 0.001 (s) Losses = ['6.5390', '46.4288'] lr = 0.0000752
2025-07-18 08:25:44,499 - AdaPoinTr - INFO - [Epoch 13/200][Batch 901/2622] BatchTime = 0.708 (s) DataTime = 0.001 (s) Losses = ['6.1753', '42.4614'] lr = 0.0000752
2025-07-18 08:26:56,207 - AdaPoinTr - INFO - [Epoch 13/200][Batch 1001/2622] BatchTime = 0.706 (s) DataTime = 0.001 (s) Losses = ['5.1254', '38.4708'] lr = 0.0000752
2025-07-18 08:28:07,960 - AdaPoinTr - INFO - [Epoch 13/200][Batch 1101/2622] BatchTime = 0.705 (s) DataTime = 0.001 (s) Losses = ['5.9191', '42.8287'] lr = 0.0000752
2025-07-18 08:29:19,699 - AdaPoinTr - INFO - [Epoch 13/200][Batch 1201/2622] BatchTime = 0.708 (s) DataTime = 0.001 (s) Losses = ['6.0051', '42.7505'] lr = 0.0000752
2025-07-18 08:30:31,464 - AdaPoinTr - INFO - [Epoch 13/200][Batch 1301/2622] BatchTime = 0.701 (s) DataTime = 0.001 (s) Losses = ['6.7587', '50.0398'] lr = 0.0000752
2025-07-18 08:31:43,172 - AdaPoinTr - INFO - [Epoch 13/200][Batch 1401/2622] BatchTime = 0.708 (s) DataTime = 0.001 (s) Losses = ['6.7035', '43.0203'] lr = 0.0000752
2025-07-18 08:32:54,932 - AdaPoinTr - INFO - [Epoch 13/200][Batch 1501/2622] BatchTime = 0.712 (s) DataTime = 0.001 (s) Losses = ['5.9104', '45.9935'] lr = 0.0000752
2025-07-18 08:34:06,707 - AdaPoinTr - INFO - [Epoch 13/200][Batch 1601/2622] BatchTime = 0.709 (s) DataTime = 0.001 (s) Losses = ['7.0665', '49.9215'] lr = 0.0000752
2025-07-18 08:35:18,457 - AdaPoinTr - INFO - [Epoch 13/200][Batch 1701/2622] BatchTime = 0.707 (s) DataTime = 0.001 (s) Losses = ['6.6517', '44.9263'] lr = 0.0000752
2025-07-18 08:36:30,210 - AdaPoinTr - INFO - [Epoch 13/200][Batch 1801/2622] BatchTime = 0.707 (s) DataTime = 0.001 (s) Losses = ['5.7085', '44.7779'] lr = 0.0000752
2025-07-18 08:37:41,945 - AdaPoinTr - INFO - [Epoch 13/200][Batch 1901/2622] BatchTime = 0.707 (s) DataTime = 0.001 (s) Losses = ['6.5999', '45.8722'] lr = 0.0000752
2025-07-18 08:38:53,704 - AdaPoinTr - INFO - [Epoch 13/200][Batch 2001/2622] BatchTime = 0.715 (s) DataTime = 0.001 (s) Losses = ['6.0858', '42.6209'] lr = 0.0000752
2025-07-18 08:40:05,404 - AdaPoinTr - INFO - [Epoch 13/200][Batch 2101/2622] BatchTime = 0.714 (s) DataTime = 0.001 (s) Losses = ['6.3073', '48.9714'] lr = 0.0000752
2025-07-18 08:41:17,113 - AdaPoinTr - INFO - [Epoch 13/200][Batch 2201/2622] BatchTime = 0.716 (s) DataTime = 0.001 (s) Losses = ['5.8205', '43.9722'] lr = 0.0000752
2025-07-18 08:42:28,864 - AdaPoinTr - INFO - [Epoch 13/200][Batch 2301/2622] BatchTime = 0.716 (s) DataTime = 0.001 (s) Losses = ['7.1583', '52.8706'] lr = 0.0000752
2025-07-18 08:43:40,651 - AdaPoinTr - INFO - [Epoch 13/200][Batch 2401/2622] BatchTime = 0.718 (s) DataTime = 0.001 (s) Losses = ['6.7385', '46.4947'] lr = 0.0000752
2025-07-18 08:44:52,434 - AdaPoinTr - INFO - [Epoch 13/200][Batch 2501/2622] BatchTime = 0.717 (s) DataTime = 0.001 (s) Losses = ['6.4753', '46.1053'] lr = 0.0000752
2025-07-18 08:46:04,213 - AdaPoinTr - INFO - [Epoch 13/200][Batch 2601/2622] BatchTime = 0.720 (s) DataTime = 0.001 (s) Losses = ['5.3243', '46.6568'] lr = 0.0000752
2025-07-18 08:46:19,318 - AdaPoinTr - INFO - [Training] EPOCH: 13 EpochTime = 1880.951 (s) Losses = ['6.4064', '46.1244']
2025-07-18 08:46:19,778 - AdaPoinTr - INFO - Save checkpoint at ./experiments/AdaPoinTr/ShapeNet55_models/AdaPoinTr/ckpt-last.pth
2025-07-18 08:46:20,592 - AdaPoinTr - INFO - [Epoch 14/200][Batch 1/2622] BatchTime = 0.813 (s) DataTime = 0.096 (s) Losses = ['5.6445', '38.0964'] lr = 0.0000736
2025-07-18 08:47:32,352 - AdaPoinTr - INFO - [Epoch 14/200][Batch 101/2622] BatchTime = 0.715 (s) DataTime = 0.001 (s) Losses = ['6.2539', '40.7925'] lr = 0.0000736
2025-07-18 08:48:44,072 - AdaPoinTr - INFO - [Epoch 14/200][Batch 201/2622] BatchTime = 0.716 (s) DataTime = 0.001 (s) Losses = ['6.7797', '47.3832'] lr = 0.0000736
2025-07-18 08:49:55,807 - AdaPoinTr - INFO - [Epoch 14/200][Batch 301/2622] BatchTime = 0.718 (s) DataTime = 0.001 (s) Losses = ['7.1305', '50.1952'] lr = 0.0000736
2025-07-18 08:51:07,594 - AdaPoinTr - INFO - [Epoch 14/200][Batch 401/2622] BatchTime = 0.714 (s) DataTime = 0.001 (s) Losses = ['6.4253', '43.7317'] lr = 0.0000736
2025-07-18 08:52:19,363 - AdaPoinTr - INFO - [Epoch 14/200][Batch 501/2622] BatchTime = 0.713 (s) DataTime = 0.001 (s) Losses = ['6.6065', '46.6334'] lr = 0.0000736
2025-07-18 08:53:31,141 - AdaPoinTr - INFO - [Epoch 14/200][Batch 601/2622] BatchTime = 0.715 (s) DataTime = 0.001 (s) Losses = ['6.4873', '48.1388'] lr = 0.0000736
2025-07-18 08:54:42,909 - AdaPoinTr - INFO - [Epoch 14/200][Batch 701/2622] BatchTime = 0.717 (s) DataTime = 0.001 (s) Losses = ['6.2321', '46.4780'] lr = 0.0000736
2025-07-18 08:55:54,701 - AdaPoinTr - INFO - [Epoch 14/200][Batch 801/2622] BatchTime = 0.715 (s) DataTime = 0.001 (s) Losses = ['6.3367', '48.4682'] lr = 0.0000736
2025-07-18 08:57:06,445 - AdaPoinTr - INFO - [Epoch 14/200][Batch 901/2622] BatchTime = 0.717 (s) DataTime = 0.001 (s) Losses = ['5.9725', '40.4361'] lr = 0.0000736
2025-07-18 08:58:18,217 - AdaPoinTr - INFO - [Epoch 14/200][Batch 1001/2622] BatchTime = 0.719 (s) DataTime = 0.001 (s) Losses = ['6.2374', '48.8905'] lr = 0.0000736
2025-07-18 08:59:29,968 - AdaPoinTr - INFO - [Epoch 14/200][Batch 1101/2622] BatchTime = 0.718 (s) DataTime = 0.001 (s) Losses = ['6.6503', '47.3047'] lr = 0.0000736
2025-07-18 09:00:41,777 - AdaPoinTr - INFO - [Epoch 14/200][Batch 1201/2622] BatchTime = 0.718 (s) DataTime = 0.001 (s) Losses = ['6.4686', '47.5492'] lr = 0.0000736
2025-07-18 09:01:53,573 - AdaPoinTr - INFO - [Epoch 14/200][Batch 1301/2622] BatchTime = 0.717 (s) DataTime = 0.001 (s) Losses = ['5.7058', '41.2846'] lr = 0.0000736
2025-07-18 09:03:05,316 - AdaPoinTr - INFO - [Epoch 14/200][Batch 1401/2622] BatchTime = 0.717 (s) DataTime = 0.001 (s) Losses = ['6.9105', '48.9385'] lr = 0.0000736
2025-07-18 09:04:17,018 - AdaPoinTr - INFO - [Epoch 14/200][Batch 1501/2622] BatchTime = 0.716 (s) DataTime = 0.001 (s) Losses = ['6.6863', '47.9531'] lr = 0.0000736
2025-07-18 09:05:28,807 - AdaPoinTr - INFO - [Epoch 14/200][Batch 1601/2622] BatchTime = 0.717 (s) DataTime = 0.001 (s) Losses = ['6.0538', '38.8706'] lr = 0.0000736
2025-07-18 09:06:32,804 - AdaPoinTr - INFO - [Epoch 14/200][Batch 1701/2622] BatchTime = 0.495 (s) DataTime = 0.001 (s) Losses = ['6.8170', '46.5297'] lr = 0.0000736
2025-07-18 09:07:24,073 - AdaPoinTr - INFO - [Epoch 14/200][Batch 1801/2622] BatchTime = 0.512 (s) DataTime = 0.001 (s) Losses = ['6.9660', '48.3636'] lr = 0.0000736
2025-07-18 09:08:15,286 - AdaPoinTr - INFO - [Epoch 14/200][Batch 1901/2622] BatchTime = 0.510 (s) DataTime = 0.001 (s) Losses = ['5.9913', '42.3096'] lr = 0.0000736
2025-07-18 09:09:06,544 - AdaPoinTr - INFO - [Epoch 14/200][Batch 2001/2622] BatchTime = 0.505 (s) DataTime = 0.001 (s) Losses = ['6.7785', '45.8207'] lr = 0.0000736
2025-07-18 09:09:57,855 - AdaPoinTr - INFO - [Epoch 14/200][Batch 2101/2622] BatchTime = 0.514 (s) DataTime = 0.001 (s) Losses = ['6.7442', '48.8519'] lr = 0.0000736
2025-07-18 09:10:49,150 - AdaPoinTr - INFO - [Epoch 14/200][Batch 2201/2622] BatchTime = 0.512 (s) DataTime = 0.001 (s) Losses = ['5.1951', '36.6897'] lr = 0.0000736
2025-07-18 09:11:40,415 - AdaPoinTr - INFO - [Epoch 14/200][Batch 2301/2622] BatchTime = 0.515 (s) DataTime = 0.001 (s) Losses = ['7.0423', '47.7047'] lr = 0.0000736
2025-07-18 09:12:31,842 - AdaPoinTr - INFO - [Epoch 14/200][Batch 2401/2622] BatchTime = 0.517 (s) DataTime = 0.001 (s) Losses = ['6.4644', '43.4741'] lr = 0.0000736
2025-07-18 09:13:23,126 - AdaPoinTr - INFO - [Epoch 14/200][Batch 2501/2622] BatchTime = 0.510 (s) DataTime = 0.001 (s) Losses = ['5.9913', '41.5619'] lr = 0.0000736
2025-07-18 09:14:14,390 - AdaPoinTr - INFO - [Epoch 14/200][Batch 2601/2622] BatchTime = 0.501 (s) DataTime = 0.001 (s) Losses = ['6.2035', '45.3682'] lr = 0.0000736
2025-07-18 09:14:25,213 - AdaPoinTr - INFO - [Training] EPOCH: 14 EpochTime = 1685.434 (s) Losses = ['6.3720', '45.9570']
2025-07-18 09:14:25,681 - AdaPoinTr - INFO - Save checkpoint at ./experiments/AdaPoinTr/ShapeNet55_models/AdaPoinTr/ckpt-last.pth
2025-07-18 09:14:26,297 - AdaPoinTr - INFO - [Epoch 15/200][Batch 1/2622] BatchTime = 0.615 (s) DataTime = 0.101 (s) Losses = ['5.3309', '40.6114'] lr = 0.0000720
2025-07-18 09:15:17,628 - AdaPoinTr - INFO - [Epoch 15/200][Batch 101/2622] BatchTime = 0.517 (s) DataTime = 0.001 (s) Losses = ['5.5767', '42.0941'] lr = 0.0000720
2025-07-18 09:16:08,916 - AdaPoinTr - INFO - [Epoch 15/200][Batch 201/2622] BatchTime = 0.511 (s) DataTime = 0.001 (s) Losses = ['5.9701', '44.9100'] lr = 0.0000720
2025-07-18 09:17:00,189 - AdaPoinTr - INFO - [Epoch 15/200][Batch 301/2622] BatchTime = 0.513 (s) DataTime = 0.001 (s) Losses = ['6.5152', '47.0266'] lr = 0.0000720
2025-07-18 09:17:56,115 - AdaPoinTr - INFO - [Epoch 15/200][Batch 401/2622] BatchTime = 0.712 (s) DataTime = 0.001 (s) Losses = ['5.9695', '43.6124'] lr = 0.0000720
2025-07-18 09:19:07,887 - AdaPoinTr - INFO - [Epoch 15/200][Batch 501/2622] BatchTime = 0.710 (s) DataTime = 0.001 (s) Losses = ['6.6746', '50.3238'] lr = 0.0000720
2025-07-18 09:20:19,647 - AdaPoinTr - INFO - [Epoch 15/200][Batch 601/2622] BatchTime = 0.706 (s) DataTime = 0.001 (s) Losses = ['6.2807', '49.2422'] lr = 0.0000720
2025-07-18 09:21:31,446 - AdaPoinTr - INFO - [Epoch 15/200][Batch 701/2622] BatchTime = 0.701 (s) DataTime = 0.001 (s) Losses = ['6.1413', '48.6037'] lr = 0.0000720
2025-07-18 09:22:43,203 - AdaPoinTr - INFO - [Epoch 15/200][Batch 801/2622] BatchTime = 0.709 (s) DataTime = 0.001 (s) Losses = ['6.8416', '48.2069'] lr = 0.0000720
2025-07-18 09:23:54,919 - AdaPoinTr - INFO - [Epoch 15/200][Batch 901/2622] BatchTime = 0.705 (s) DataTime = 0.001 (s) Losses = ['6.2271', '45.6527'] lr = 0.0000720
2025-07-18 09:25:06,677 - AdaPoinTr - INFO - [Epoch 15/200][Batch 1001/2622] BatchTime = 0.712 (s) DataTime = 0.001 (s) Losses = ['6.0399', '41.8876'] lr = 0.0000720
2025-07-18 09:26:18,425 - AdaPoinTr - INFO - [Epoch 15/200][Batch 1101/2622] BatchTime = 0.711 (s) DataTime = 0.001 (s) Losses = ['5.4598', '45.1176'] lr = 0.0000720
2025-07-18 09:27:30,158 - AdaPoinTr - INFO - [Epoch 15/200][Batch 1201/2622] BatchTime = 0.721 (s) DataTime = 0.001 (s) Losses = ['5.5013', '38.2271'] lr = 0.0000720
2025-07-18 09:28:41,906 - AdaPoinTr - INFO - [Epoch 15/200][Batch 1301/2622] BatchTime = 0.719 (s) DataTime = 0.001 (s) Losses = ['6.6358', '46.6294'] lr = 0.0000720
2025-07-18 09:29:53,690 - AdaPoinTr - INFO - [Epoch 15/200][Batch 1401/2622] BatchTime = 0.717 (s) DataTime = 0.001 (s) Losses = ['6.3263', '44.7787'] lr = 0.0000720
2025-07-18 09:31:05,420 - AdaPoinTr - INFO - [Epoch 15/200][Batch 1501/2622] BatchTime = 0.718 (s) DataTime = 0.001 (s) Losses = ['5.7446', '41.6369'] lr = 0.0000720
2025-07-18 09:32:17,162 - AdaPoinTr - INFO - [Epoch 15/200][Batch 1601/2622] BatchTime = 0.717 (s) DataTime = 0.001 (s) Losses = ['5.4176', '39.2132'] lr = 0.0000720
2025-07-18 09:33:28,937 - AdaPoinTr - INFO - [Epoch 15/200][Batch 1701/2622] BatchTime = 0.716 (s) DataTime = 0.001 (s) Losses = ['7.0104', '47.5857'] lr = 0.0000720
2025-07-18 09:34:40,689 - AdaPoinTr - INFO - [Epoch 15/200][Batch 1801/2622] BatchTime = 0.718 (s) DataTime = 0.001 (s) Losses = ['6.7146', '46.9133'] lr = 0.0000720
2025-07-18 09:35:52,468 - AdaPoinTr - INFO - [Epoch 15/200][Batch 1901/2622] BatchTime = 0.713 (s) DataTime = 0.001 (s) Losses = ['5.8735', '46.7816'] lr = 0.0000720
2025-07-18 09:37:04,203 - AdaPoinTr - INFO - [Epoch 15/200][Batch 2001/2622] BatchTime = 0.714 (s) DataTime = 0.001 (s) Losses = ['5.6378', '41.9622'] lr = 0.0000720
2025-07-18 09:38:16,008 - AdaPoinTr - INFO - [Epoch 15/200][Batch 2101/2622] BatchTime = 0.711 (s) DataTime = 0.001 (s) Losses = ['5.9111', '42.1442'] lr = 0.0000720
2025-07-18 09:39:27,750 - AdaPoinTr - INFO - [Epoch 15/200][Batch 2201/2622] BatchTime = 0.711 (s) DataTime = 0.001 (s) Losses = ['5.3848', '43.8005'] lr = 0.0000720
2025-07-18 09:40:39,515 - AdaPoinTr - INFO - [Epoch 15/200][Batch 2301/2622] BatchTime = 0.710 (s) DataTime = 0.001 (s) Losses = ['6.3514', '44.2855'] lr = 0.0000720
2025-07-18 09:41:51,230 - AdaPoinTr - INFO - [Epoch 15/200][Batch 2401/2622] BatchTime = 0.716 (s) DataTime = 0.001 (s) Losses = ['6.8478', '46.0417'] lr = 0.0000720
2025-07-18 09:43:03,014 - AdaPoinTr - INFO - [Epoch 15/200][Batch 2501/2622] BatchTime = 0.722 (s) DataTime = 0.001 (s) Losses = ['6.0801', '49.2326'] lr = 0.0000720
2025-07-18 09:44:14,801 - AdaPoinTr - INFO - [Epoch 15/200][Batch 2601/2622] BatchTime = 0.709 (s) DataTime = 0.001 (s) Losses = ['6.4072', '48.1932'] lr = 0.0000720
2025-07-18 09:44:29,914 - AdaPoinTr - INFO - [Training] EPOCH: 15 EpochTime = 1804.232 (s) Losses = ['6.3437', '45.7037']
2025-07-18 09:44:29,914 - AdaPoinTr - INFO - [VALIDATION] Start validating epoch 15
2025-07-18 09:45:37,000 - AdaPoinTr - INFO - Test[1051/10518] Taxonomy = 02691156 Sample = c7749c0a8b61f43bc9b9e28055202e3d Losses = ['27.8892', '3.8157', '14.4283', '0.7274'] Metrics = ['0.3909', '14.4283', '0.7274', '0.0000']
2025-07-18 09:46:43,959 - AdaPoinTr - INFO - Test[2102/10518] Taxonomy = 03211117 Sample = ab2f9418c111cc6ddb965514105122a4 Losses = ['23.2846', '1.8700', '8.7350', '0.2350'] Metrics = ['0.6015', '8.7350', '0.2350', '0.0000']
2025-07-18 09:47:51,034 - AdaPoinTr - INFO - Test[3153/10518] Taxonomy = 02876657 Sample = c5032e4be091aabb36fe7a88df793982 Losses = ['40.1713', '5.9361', '18.2154', '1.3661'] Metrics = ['0.2851', '18.2154', '1.3661', '0.0000']
2025-07-18 09:48:57,980 - AdaPoinTr - INFO - Test[4204/10518] Taxonomy = 03211117 Sample = 722df1da5778d45b1e43523279c7f09f Losses = ['29.3814', '3.1280', '13.4843', '0.6127'] Metrics = ['0.3799', '13.4843', '0.6127', '0.0000']
2025-07-18 09:50:04,903 - AdaPoinTr - INFO - Test[5255/10518] Taxonomy = 02828884 Sample = 14b63361a48a9fffe4a048c146e8bd43 Losses = ['29.8852', '3.1328', '15.2194', '1.0334'] Metrics = ['0.4014', '15.2194', '1.0334', '0.0000']
2025-07-18 09:51:11,850 - AdaPoinTr - INFO - Test[6306/10518] Taxonomy = 03211117 Sample = d330d50a0255529d19ed6e1a590c9122 Losses = ['24.8483', '2.1578', '10.7729', '0.3410'] Metrics = ['0.4587', '10.7729', '0.3410', '0.0000']
2025-07-18 09:52:18,789 - AdaPoinTr - INFO - Test[7357/10518] Taxonomy = 04379243 Sample = b1ca280d9567270ade98d10ab5975b59 Losses = ['31.6122', '3.5479', '15.0519', '0.6456'] Metrics = ['0.2722', '15.0519', '0.6456', '0.0000']
2025-07-18 09:53:25,760 - AdaPoinTr - INFO - Test[8408/10518] Taxonomy = 03001627 Sample = 89208a619341d9fdb8c516ed5c4ce32 Losses = ['30.8743', '3.5042', '16.1054', '0.9317'] Metrics = ['0.2987', '16.1054', '0.9317', '0.0000']
2025-07-18 09:54:32,707 - AdaPoinTr - INFO - Test[9459/10518] Taxonomy = 03001627 Sample = d0255120e3351121c3bd24f986301745 Losses = ['37.5288', '5.2184', '18.5455', '1.1822'] Metrics = ['0.2140', '18.5455', '1.1822', '0.0000']
2025-07-18 09:55:39,636 - AdaPoinTr - INFO - Test[10510/10518] Taxonomy = 03636649 Sample = ea9ec4d9db2e06202471e6dd5ac3ef92 Losses = ['24.7926', '2.6969', '9.2624', '0.3823'] Metrics = ['0.7087', '9.2624', '0.3823', '0.0000']
2025-07-18 09:55:40,177 - AdaPoinTr - INFO - [Validation] EPOCH: 15  Metrics = ['0.3432', '16.4180', '1.2524', '0.0000']
2025-07-18 09:55:40,177 - AdaPoinTr - INFO - ============================ TEST RESULTS ============================
2025-07-18 09:55:40,177 - AdaPoinTr - INFO - Taxonomy	#Sample	F-Score	CDL1	CDL2	EMDistance	#ModelName	
2025-07-18 09:55:40,177 - AdaPoinTr - INFO - 03759954	14	0.514 	15.921 	2.056 	0.000 	microphone	
2025-07-18 09:55:40,177 - AdaPoinTr - INFO - 04330267	44	0.266 	17.302 	1.118 	0.000 	stove	
2025-07-18 09:55:40,177 - AdaPoinTr - INFO - 03261776	15	0.274 	21.611 	2.960 	0.000 	earphone	
2025-07-18 09:55:40,177 - AdaPoinTr - INFO - 03513137	33	0.197 	23.014 	2.618 	0.000 	helmet	
2025-07-18 09:55:40,177 - AdaPoinTr - INFO - 04460130	27	0.382 	15.491 	0.954 	0.000 	tower	
2025-07-18 09:55:40,177 - AdaPoinTr - INFO - 04468005	78	0.365 	14.287 	0.817 	0.000 	train	
2025-07-18 09:55:40,177 - AdaPoinTr - INFO - 03761084	31	0.225 	19.331 	1.512 	0.000 	microwaves	
2025-07-18 09:55:40,177 - AdaPoinTr - INFO - 04004475	34	0.251 	19.609 	1.959 	0.000 	printer	
2025-07-18 09:55:40,177 - AdaPoinTr - INFO - 03938244	20	0.287 	16.848 	1.161 	0.000 	pillow	
2025-07-18 09:55:40,177 - AdaPoinTr - INFO - 02992529	167	0.398 	12.418 	0.525 	0.000 	cellphone	
2025-07-18 09:55:40,177 - AdaPoinTr - INFO - 02808440	172	0.275 	17.343 	1.250 	0.000 	bathtub	
2025-07-18 09:55:40,177 - AdaPoinTr - INFO - 04530566	388	0.464 	12.854 	0.730 	0.000 	watercraft	
2025-07-18 09:55:40,177 - AdaPoinTr - INFO - 02871439	91	0.230 	18.754 	1.395 	0.000 	bookshelf	
2025-07-18 09:55:40,177 - AdaPoinTr - INFO - 03593526	120	0.241 	20.634 	1.862 	0.000 	jar	
2025-07-18 09:55:40,177 - AdaPoinTr - INFO - 04554684	34	0.215 	19.914 	1.610 	0.000 	washer	
2025-07-18 09:55:40,177 - AdaPoinTr - INFO - 03467517	160	0.766 	8.054 	0.326 	0.000 	guitar	
2025-07-18 09:55:40,177 - AdaPoinTr - INFO - 04401088	218	0.404 	12.102 	0.487 	0.000 	telephone	
2025-07-18 09:55:40,177 - AdaPoinTr - INFO - 02954340	12	0.270 	19.629 	1.962 	0.000 	cap	
2025-07-18 09:55:40,177 - AdaPoinTr - INFO - 02933112	315	0.232 	17.222 	1.019 	0.000 	cabinet	
2025-07-18 09:55:40,177 - AdaPoinTr - INFO - 03642806	92	0.382 	12.354 	0.511 	0.000 	laptop	
2025-07-18 09:55:40,177 - AdaPoinTr - INFO - 02924116	188	0.336 	14.076 	0.678 	0.000 	bus	
2025-07-18 09:55:40,177 - AdaPoinTr - INFO - 02946921	22	0.236 	18.290 	1.372 	0.000 	can	
2025-07-18 09:55:40,177 - AdaPoinTr - INFO - 02818832	47	0.270 	18.496 	1.569 	0.000 	bed	
2025-07-18 09:55:40,177 - AdaPoinTr - INFO - 04256520	635	0.284 	16.181 	0.954 	0.000 	sofa	
2025-07-18 09:55:40,177 - AdaPoinTr - INFO - 04379243	1687	0.374 	14.442 	0.988 	0.000 	table	
2025-07-18 09:55:40,178 - AdaPoinTr - INFO - 02747177	69	0.181 	21.082 	1.687 	0.000 	trash bin	
2025-07-18 09:55:40,178 - AdaPoinTr - INFO - 03046257	131	0.293 	16.713 	1.154 	0.000 	clock	
2025-07-18 09:55:40,178 - AdaPoinTr - INFO - 04225987	31	0.527 	11.046 	0.543 	0.000 	skateboard	
2025-07-18 09:55:40,178 - AdaPoinTr - INFO - 03797390	43	0.174 	21.560 	1.738 	0.000 	mug	
2025-07-18 09:55:40,178 - AdaPoinTr - INFO - 03001627	1356	0.344 	15.758 	1.097 	0.000 	chair	
2025-07-18 09:55:40,178 - AdaPoinTr - INFO - 03691459	320	0.238 	19.722 	1.646 	0.000 	loudspeaker	
2025-07-18 09:55:40,178 - AdaPoinTr - INFO - 02942699	23	0.213 	23.691 	2.458 	0.000 	camera	
2025-07-18 09:55:40,178 - AdaPoinTr - INFO - 03636649	464	0.489 	15.743 	1.679 	0.000 	lamp	
2025-07-18 09:55:40,178 - AdaPoinTr - INFO - 02691156	809	0.532 	11.073 	0.536 	0.000 	airplane	
2025-07-18 09:55:40,178 - AdaPoinTr - INFO - 02773838	17	0.327 	15.821 	1.154 	0.000 	bag	
2025-07-18 09:55:40,178 - AdaPoinTr - INFO - 02958343	703	0.207 	18.342 	1.103 	0.000 	car	
2025-07-18 09:55:40,178 - AdaPoinTr - INFO - 02880940	38	0.207 	18.899 	1.213 	0.000 	bowl	
2025-07-18 09:55:40,178 - AdaPoinTr - INFO - 04099429	17	0.698 	9.008 	0.377 	0.000 	rocket	
2025-07-18 09:55:40,178 - AdaPoinTr - INFO - 02828884	363	0.421 	12.764 	0.715 	0.000 	bench	
2025-07-18 09:55:40,178 - AdaPoinTr - INFO - 04090263	475	0.654 	9.791 	0.509 	0.000 	rifle	
2025-07-18 09:55:40,178 - AdaPoinTr - INFO - 03211117	219	0.328 	15.105 	0.944 	0.000 	display	
2025-07-18 09:55:40,178 - AdaPoinTr - INFO - 02876657	100	0.390 	14.100 	0.873 	0.000 	bottle	
2025-07-18 09:55:40,178 - AdaPoinTr - INFO - 03710193	19	0.478 	14.687 	1.238 	0.000 	mailbox	
2025-07-18 09:55:40,178 - AdaPoinTr - INFO - 03790512	68	0.232 	19.158 	1.460 	0.000 	motorbike	
2025-07-18 09:55:40,178 - AdaPoinTr - INFO - 03325088	149	0.405 	18.227 	2.091 	0.000 	faucet	
2025-07-18 09:55:40,178 - AdaPoinTr - INFO - 02801938	23	0.211 	20.521 	1.941 	0.000 	basket	
2025-07-18 09:55:40,178 - AdaPoinTr - INFO - 03337140	60	0.227 	18.638 	1.357 	0.000 	file cabinet	
2025-07-18 09:55:40,178 - AdaPoinTr - INFO - 02843684	15	0.216 	21.222 	1.810 	0.000 	birdhouse	
2025-07-18 09:55:40,178 - AdaPoinTr - INFO - 03624134	85	0.717 	8.851 	0.400 	0.000 	knife	
2025-07-18 09:55:40,178 - AdaPoinTr - INFO - 03991062	121	0.214 	21.986 	2.023 	0.000 	flowerpot	
2025-07-18 09:55:40,178 - AdaPoinTr - INFO - 03948459	62	0.439 	13.502 	0.844 	0.000 	pistol	
2025-07-18 09:55:40,178 - AdaPoinTr - INFO - 03928116	48	0.273 	18.250 	1.538 	0.000 	piano	
2025-07-18 09:55:40,178 - AdaPoinTr - INFO - 03207941	19	0.235 	17.706 	1.196 	0.000 	dishwasher	
2025-07-18 09:55:40,178 - AdaPoinTr - INFO - 04074963	14	0.436 	12.572 	0.695 	0.000 	remote	
2025-07-18 09:55:40,178 - AdaPoinTr - INFO - 03085013	13	0.434 	11.272 	0.470 	0.000 	keyboard	
2025-07-18 09:55:40,178 - AdaPoinTr - INFO - Overall		0.343 	16.418 	1.252 	0.000 	
2025-07-18 09:55:40,633 - AdaPoinTr - INFO - Save checkpoint at ./experiments/AdaPoinTr/ShapeNet55_models/AdaPoinTr/ckpt-best.pth
2025-07-18 09:55:41,047 - AdaPoinTr - INFO - Save checkpoint at ./experiments/AdaPoinTr/ShapeNet55_models/AdaPoinTr/ckpt-last.pth
2025-07-18 09:55:41,856 - AdaPoinTr - INFO - [Epoch 16/200][Batch 1/2622] BatchTime = 0.808 (s) DataTime = 0.094 (s) Losses = ['6.0703', '43.2184'] lr = 0.0000704
2025-07-18 09:56:53,587 - AdaPoinTr - INFO - [Epoch 16/200][Batch 101/2622] BatchTime = 0.720 (s) DataTime = 0.001 (s) Losses = ['5.8747', '48.1296'] lr = 0.0000704
2025-07-18 09:58:05,395 - AdaPoinTr - INFO - [Epoch 16/200][Batch 201/2622] BatchTime = 0.714 (s) DataTime = 0.001 (s) Losses = ['6.5029', '45.2771'] lr = 0.0000704
2025-07-18 09:59:17,170 - AdaPoinTr - INFO - [Epoch 16/200][Batch 301/2622] BatchTime = 0.720 (s) DataTime = 0.001 (s) Losses = ['6.3595', '52.2930'] lr = 0.0000704
2025-07-18 10:00:28,937 - AdaPoinTr - INFO - [Epoch 16/200][Batch 401/2622] BatchTime = 0.715 (s) DataTime = 0.001 (s) Losses = ['6.8389', '47.7281'] lr = 0.0000704
2025-07-18 10:01:40,745 - AdaPoinTr - INFO - [Epoch 16/200][Batch 501/2622] BatchTime = 0.720 (s) DataTime = 0.001 (s) Losses = ['6.1711', '43.8215'] lr = 0.0000704
2025-07-18 10:02:52,488 - AdaPoinTr - INFO - [Epoch 16/200][Batch 601/2622] BatchTime = 0.714 (s) DataTime = 0.001 (s) Losses = ['5.6424', '43.9715'] lr = 0.0000704
2025-07-18 10:04:03,876 - AdaPoinTr - INFO - [Epoch 16/200][Batch 701/2622] BatchTime = 0.709 (s) DataTime = 0.001 (s) Losses = ['6.1112', '42.5927'] lr = 0.0000704
2025-07-18 10:05:15,592 - AdaPoinTr - INFO - [Epoch 16/200][Batch 801/2622] BatchTime = 0.708 (s) DataTime = 0.001 (s) Losses = ['6.8767', '48.9646'] lr = 0.0000704
2025-07-18 10:06:27,348 - AdaPoinTr - INFO - [Epoch 16/200][Batch 901/2622] BatchTime = 0.705 (s) DataTime = 0.001 (s) Losses = ['7.2152', '53.7179'] lr = 0.0000704
2025-07-18 10:07:39,131 - AdaPoinTr - INFO - [Epoch 16/200][Batch 1001/2622] BatchTime = 0.707 (s) DataTime = 0.001 (s) Losses = ['5.7806', '43.2182'] lr = 0.0000704
2025-07-18 10:08:50,893 - AdaPoinTr - INFO - [Epoch 16/200][Batch 1101/2622] BatchTime = 0.706 (s) DataTime = 0.001 (s) Losses = ['6.4312', '42.5243'] lr = 0.0000704
2025-07-18 10:10:02,610 - AdaPoinTr - INFO - [Epoch 16/200][Batch 1201/2622] BatchTime = 0.706 (s) DataTime = 0.001 (s) Losses = ['5.9843', '39.1853'] lr = 0.0000704
2025-07-18 10:11:14,364 - AdaPoinTr - INFO - [Epoch 16/200][Batch 1301/2622] BatchTime = 0.712 (s) DataTime = 0.001 (s) Losses = ['7.2382', '51.2463'] lr = 0.0000704
2025-07-18 10:12:26,116 - AdaPoinTr - INFO - [Epoch 16/200][Batch 1401/2622] BatchTime = 0.713 (s) DataTime = 0.001 (s) Losses = ['6.7477', '47.9057'] lr = 0.0000704
2025-07-18 10:13:37,877 - AdaPoinTr - INFO - [Epoch 16/200][Batch 1501/2622] BatchTime = 0.710 (s) DataTime = 0.001 (s) Losses = ['6.2143', '48.1346'] lr = 0.0000704
2025-07-18 10:14:49,644 - AdaPoinTr - INFO - [Epoch 16/200][Batch 1601/2622] BatchTime = 0.714 (s) DataTime = 0.001 (s) Losses = ['5.5986', '41.6243'] lr = 0.0000704
2025-07-18 10:16:01,375 - AdaPoinTr - INFO - [Epoch 16/200][Batch 1701/2622] BatchTime = 0.715 (s) DataTime = 0.001 (s) Losses = ['5.5895', '43.5247'] lr = 0.0000704
2025-07-18 10:17:13,154 - AdaPoinTr - INFO - [Epoch 16/200][Batch 1801/2622] BatchTime = 0.714 (s) DataTime = 0.001 (s) Losses = ['7.2613', '49.8216'] lr = 0.0000704
2025-07-18 10:18:24,919 - AdaPoinTr - INFO - [Epoch 16/200][Batch 1901/2622] BatchTime = 0.717 (s) DataTime = 0.001 (s) Losses = ['5.5510', '42.9090'] lr = 0.0000704
2025-07-18 10:19:36,716 - AdaPoinTr - INFO - [Epoch 16/200][Batch 2001/2622] BatchTime = 0.714 (s) DataTime = 0.001 (s) Losses = ['6.0676', '44.9967'] lr = 0.0000704
2025-07-18 10:20:48,493 - AdaPoinTr - INFO - [Epoch 16/200][Batch 2101/2622] BatchTime = 0.708 (s) DataTime = 0.001 (s) Losses = ['6.5186', '57.5668'] lr = 0.0000704
2025-07-18 10:22:00,251 - AdaPoinTr - INFO - [Epoch 16/200][Batch 2201/2622] BatchTime = 0.705 (s) DataTime = 0.001 (s) Losses = ['6.2871', '42.0879'] lr = 0.0000704
2025-07-18 10:23:11,969 - AdaPoinTr - INFO - [Epoch 16/200][Batch 2301/2622] BatchTime = 0.718 (s) DataTime = 0.001 (s) Losses = ['5.6185', '44.1123'] lr = 0.0000704
2025-07-18 10:24:23,731 - AdaPoinTr - INFO - [Epoch 16/200][Batch 2401/2622] BatchTime = 0.716 (s) DataTime = 0.001 (s) Losses = ['5.4721', '44.6317'] lr = 0.0000704
2025-07-18 10:25:35,502 - AdaPoinTr - INFO - [Epoch 16/200][Batch 2501/2622] BatchTime = 0.715 (s) DataTime = 0.001 (s) Losses = ['6.8954', '48.5562'] lr = 0.0000704
2025-07-18 10:26:47,260 - AdaPoinTr - INFO - [Epoch 16/200][Batch 2601/2622] BatchTime = 0.706 (s) DataTime = 0.001 (s) Losses = ['5.2433', '45.8339'] lr = 0.0000704
2025-07-18 10:27:02,387 - AdaPoinTr - INFO - [Training] EPOCH: 16 EpochTime = 1881.338 (s) Losses = ['6.3205', '45.6650']
2025-07-18 10:27:02,863 - AdaPoinTr - INFO - Save checkpoint at ./experiments/AdaPoinTr/ShapeNet55_models/AdaPoinTr/ckpt-last.pth
2025-07-18 10:27:03,668 - AdaPoinTr - INFO - [Epoch 17/200][Batch 1/2622] BatchTime = 0.804 (s) DataTime = 0.093 (s) Losses = ['6.3083', '39.4181'] lr = 0.0000689
2025-07-18 10:28:15,401 - AdaPoinTr - INFO - [Epoch 17/200][Batch 101/2622] BatchTime = 0.707 (s) DataTime = 0.001 (s) Losses = ['7.5070', '60.7850'] lr = 0.0000689
2025-07-18 10:29:27,162 - AdaPoinTr - INFO - [Epoch 17/200][Batch 201/2622] BatchTime = 0.710 (s) DataTime = 0.001 (s) Losses = ['6.8370', '45.5902'] lr = 0.0000689
2025-07-18 10:30:38,907 - AdaPoinTr - INFO - [Epoch 17/200][Batch 301/2622] BatchTime = 0.716 (s) DataTime = 0.001 (s) Losses = ['6.6240', '44.5932'] lr = 0.0000689
2025-07-18 10:31:50,685 - AdaPoinTr - INFO - [Epoch 17/200][Batch 401/2622] BatchTime = 0.713 (s) DataTime = 0.001 (s) Losses = ['6.2568', '41.1083'] lr = 0.0000689
2025-07-18 10:33:02,450 - AdaPoinTr - INFO - [Epoch 17/200][Batch 501/2622] BatchTime = 0.714 (s) DataTime = 0.001 (s) Losses = ['6.1384', '46.0900'] lr = 0.0000689
2025-07-18 10:34:14,200 - AdaPoinTr - INFO - [Epoch 17/200][Batch 601/2622] BatchTime = 0.715 (s) DataTime = 0.001 (s) Losses = ['6.4215', '50.1603'] lr = 0.0000689
2025-07-18 10:35:25,999 - AdaPoinTr - INFO - [Epoch 17/200][Batch 701/2622] BatchTime = 0.713 (s) DataTime = 0.001 (s) Losses = ['6.9845', '48.1412'] lr = 0.0000689
2025-07-18 10:36:37,792 - AdaPoinTr - INFO - [Epoch 17/200][Batch 801/2622] BatchTime = 0.718 (s) DataTime = 0.001 (s) Losses = ['6.4605', '41.6763'] lr = 0.0000689
2025-07-18 10:37:49,561 - AdaPoinTr - INFO - [Epoch 17/200][Batch 901/2622] BatchTime = 0.714 (s) DataTime = 0.001 (s) Losses = ['5.5375', '43.9615'] lr = 0.0000689
2025-07-18 10:39:01,350 - AdaPoinTr - INFO - [Epoch 17/200][Batch 1001/2622] BatchTime = 0.711 (s) DataTime = 0.001 (s) Losses = ['5.7511', '42.1211'] lr = 0.0000689
2025-07-18 10:40:13,117 - AdaPoinTr - INFO - [Epoch 17/200][Batch 1101/2622] BatchTime = 0.707 (s) DataTime = 0.001 (s) Losses = ['6.0370', '46.2493'] lr = 0.0000689
2025-07-18 10:41:24,861 - AdaPoinTr - INFO - [Epoch 17/200][Batch 1201/2622] BatchTime = 0.721 (s) DataTime = 0.001 (s) Losses = ['6.6118', '46.7306'] lr = 0.0000689
2025-07-18 10:42:36,661 - AdaPoinTr - INFO - [Epoch 17/200][Batch 1301/2622] BatchTime = 0.705 (s) DataTime = 0.001 (s) Losses = ['6.3423', '50.9665'] lr = 0.0000689
2025-07-18 10:43:48,425 - AdaPoinTr - INFO - [Epoch 17/200][Batch 1401/2622] BatchTime = 0.709 (s) DataTime = 0.001 (s) Losses = ['5.6168', '37.8626'] lr = 0.0000689
2025-07-18 10:45:00,223 - AdaPoinTr - INFO - [Epoch 17/200][Batch 1501/2622] BatchTime = 0.707 (s) DataTime = 0.001 (s) Losses = ['7.8314', '50.6897'] lr = 0.0000689
2025-07-18 10:46:11,981 - AdaPoinTr - INFO - [Epoch 17/200][Batch 1601/2622] BatchTime = 0.709 (s) DataTime = 0.001 (s) Losses = ['6.5733', '44.9892'] lr = 0.0000689
2025-07-18 10:47:23,718 - AdaPoinTr - INFO - [Epoch 17/200][Batch 1701/2622] BatchTime = 0.716 (s) DataTime = 0.001 (s) Losses = ['6.6478', '44.8688'] lr = 0.0000689
2025-07-18 10:48:35,486 - AdaPoinTr - INFO - [Epoch 17/200][Batch 1801/2622] BatchTime = 0.717 (s) DataTime = 0.001 (s) Losses = ['5.9564', '47.7728'] lr = 0.0000689
2025-07-18 10:49:47,227 - AdaPoinTr - INFO - [Epoch 17/200][Batch 1901/2622] BatchTime = 0.717 (s) DataTime = 0.001 (s) Losses = ['6.7125', '50.0908'] lr = 0.0000689
2025-07-18 10:50:59,004 - AdaPoinTr - INFO - [Epoch 17/200][Batch 2001/2622] BatchTime = 0.716 (s) DataTime = 0.001 (s) Losses = ['6.1283', '45.8525'] lr = 0.0000689
2025-07-18 10:52:10,764 - AdaPoinTr - INFO - [Epoch 17/200][Batch 2101/2622] BatchTime = 0.712 (s) DataTime = 0.001 (s) Losses = ['6.7990', '51.0302'] lr = 0.0000689
2025-07-18 10:53:22,159 - AdaPoinTr - INFO - [Epoch 17/200][Batch 2201/2622] BatchTime = 0.719 (s) DataTime = 0.001 (s) Losses = ['5.9512', '43.9417'] lr = 0.0000689
2025-07-18 10:54:33,956 - AdaPoinTr - INFO - [Epoch 17/200][Batch 2301/2622] BatchTime = 0.716 (s) DataTime = 0.001 (s) Losses = ['6.4056', '45.6060'] lr = 0.0000689
2025-07-18 10:55:45,761 - AdaPoinTr - INFO - [Epoch 17/200][Batch 2401/2622] BatchTime = 0.720 (s) DataTime = 0.001 (s) Losses = ['6.2812', '45.3289'] lr = 0.0000689
2025-07-18 10:56:57,558 - AdaPoinTr - INFO - [Epoch 17/200][Batch 2501/2622] BatchTime = 0.714 (s) DataTime = 0.001 (s) Losses = ['6.1285', '46.9118'] lr = 0.0000689
2025-07-18 10:58:09,334 - AdaPoinTr - INFO - [Epoch 17/200][Batch 2601/2622] BatchTime = 0.718 (s) DataTime = 0.001 (s) Losses = ['6.7162', '48.0518'] lr = 0.0000689
2025-07-18 10:58:24,423 - AdaPoinTr - INFO - [Training] EPOCH: 17 EpochTime = 1881.559 (s) Losses = ['6.3054', '45.6440']
2025-07-18 10:58:24,887 - AdaPoinTr - INFO - Save checkpoint at ./experiments/AdaPoinTr/ShapeNet55_models/AdaPoinTr/ckpt-last.pth
2025-07-18 10:58:25,697 - AdaPoinTr - INFO - [Epoch 18/200][Batch 1/2622] BatchTime = 0.809 (s) DataTime = 0.093 (s) Losses = ['5.9282', '44.9228'] lr = 0.0000674
2025-07-18 10:59:37,455 - AdaPoinTr - INFO - [Epoch 18/200][Batch 101/2622] BatchTime = 0.716 (s) DataTime = 0.001 (s) Losses = ['6.6876', '45.3721'] lr = 0.0000674
2025-07-18 11:00:49,238 - AdaPoinTr - INFO - [Epoch 18/200][Batch 201/2622] BatchTime = 0.713 (s) DataTime = 0.001 (s) Losses = ['6.5110', '47.1888'] lr = 0.0000674
2025-07-18 11:02:00,992 - AdaPoinTr - INFO - [Epoch 18/200][Batch 301/2622] BatchTime = 0.717 (s) DataTime = 0.001 (s) Losses = ['6.2895', '41.3835'] lr = 0.0000674
2025-07-18 11:03:12,796 - AdaPoinTr - INFO - [Epoch 18/200][Batch 401/2622] BatchTime = 0.720 (s) DataTime = 0.001 (s) Losses = ['6.3482', '47.8612'] lr = 0.0000674
2025-07-18 11:04:24,555 - AdaPoinTr - INFO - [Epoch 18/200][Batch 501/2622] BatchTime = 0.713 (s) DataTime = 0.001 (s) Losses = ['5.9554', '44.4616'] lr = 0.0000674
2025-07-18 11:05:36,309 - AdaPoinTr - INFO - [Epoch 18/200][Batch 601/2622] BatchTime = 0.719 (s) DataTime = 0.001 (s) Losses = ['5.8430', '40.5786'] lr = 0.0000674
2025-07-18 11:06:48,095 - AdaPoinTr - INFO - [Epoch 18/200][Batch 701/2622] BatchTime = 0.714 (s) DataTime = 0.001 (s) Losses = ['7.1164', '46.2250'] lr = 0.0000674
2025-07-18 11:07:59,821 - AdaPoinTr - INFO - [Epoch 18/200][Batch 801/2622] BatchTime = 0.718 (s) DataTime = 0.001 (s) Losses = ['5.7734', '41.6942'] lr = 0.0000674
2025-07-18 11:09:11,613 - AdaPoinTr - INFO - [Epoch 18/200][Batch 901/2622] BatchTime = 0.721 (s) DataTime = 0.001 (s) Losses = ['5.9999', '46.2498'] lr = 0.0000674
2025-07-18 11:10:23,394 - AdaPoinTr - INFO - [Epoch 18/200][Batch 1001/2622] BatchTime = 0.718 (s) DataTime = 0.001 (s) Losses = ['5.8617', '40.7348'] lr = 0.0000674
2025-07-18 11:11:35,166 - AdaPoinTr - INFO - [Epoch 18/200][Batch 1101/2622] BatchTime = 0.717 (s) DataTime = 0.001 (s) Losses = ['5.8063', '39.2702'] lr = 0.0000674
2025-07-18 11:12:46,933 - AdaPoinTr - INFO - [Epoch 18/200][Batch 1201/2622] BatchTime = 0.715 (s) DataTime = 0.001 (s) Losses = ['6.0859', '50.1015'] lr = 0.0000674
2025-07-18 11:13:58,704 - AdaPoinTr - INFO - [Epoch 18/200][Batch 1301/2622] BatchTime = 0.714 (s) DataTime = 0.001 (s) Losses = ['6.1243', '45.6618'] lr = 0.0000674
2025-07-18 11:15:10,484 - AdaPoinTr - INFO - [Epoch 18/200][Batch 1401/2622] BatchTime = 0.717 (s) DataTime = 0.001 (s) Losses = ['6.3941', '45.7916'] lr = 0.0000674
2025-07-18 11:16:22,254 - AdaPoinTr - INFO - [Epoch 18/200][Batch 1501/2622] BatchTime = 0.719 (s) DataTime = 0.001 (s) Losses = ['6.6134', '44.2657'] lr = 0.0000674
2025-07-18 11:17:33,999 - AdaPoinTr - INFO - [Epoch 18/200][Batch 1601/2622] BatchTime = 0.716 (s) DataTime = 0.001 (s) Losses = ['6.2401', '42.7078'] lr = 0.0000674
2025-07-18 11:18:45,781 - AdaPoinTr - INFO - [Epoch 18/200][Batch 1701/2622] BatchTime = 0.721 (s) DataTime = 0.001 (s) Losses = ['6.2275', '43.9294'] lr = 0.0000674
2025-07-18 11:19:57,503 - AdaPoinTr - INFO - [Epoch 18/200][Batch 1801/2622] BatchTime = 0.715 (s) DataTime = 0.001 (s) Losses = ['6.6685', '45.7775'] lr = 0.0000674
2025-07-18 11:21:09,294 - AdaPoinTr - INFO - [Epoch 18/200][Batch 1901/2622] BatchTime = 0.725 (s) DataTime = 0.001 (s) Losses = ['4.6707', '37.1771'] lr = 0.0000674
2025-07-18 11:22:21,052 - AdaPoinTr - INFO - [Epoch 18/200][Batch 2001/2622] BatchTime = 0.713 (s) DataTime = 0.001 (s) Losses = ['5.9735', '44.6559'] lr = 0.0000674
2025-07-18 11:23:32,848 - AdaPoinTr - INFO - [Epoch 18/200][Batch 2101/2622] BatchTime = 0.726 (s) DataTime = 0.001 (s) Losses = ['6.7525', '45.3168'] lr = 0.0000674
2025-07-18 11:24:44,603 - AdaPoinTr - INFO - [Epoch 18/200][Batch 2201/2622] BatchTime = 0.721 (s) DataTime = 0.001 (s) Losses = ['5.5260', '40.4992'] lr = 0.0000674
2025-07-18 11:25:56,366 - AdaPoinTr - INFO - [Epoch 18/200][Batch 2301/2622] BatchTime = 0.714 (s) DataTime = 0.001 (s) Losses = ['6.5957', '46.7721'] lr = 0.0000674
2025-07-18 11:27:08,103 - AdaPoinTr - INFO - [Epoch 18/200][Batch 2401/2622] BatchTime = 0.716 (s) DataTime = 0.001 (s) Losses = ['6.1533', '42.4594'] lr = 0.0000674
2025-07-18 11:28:19,818 - AdaPoinTr - INFO - [Epoch 18/200][Batch 2501/2622] BatchTime = 0.711 (s) DataTime = 0.001 (s) Losses = ['5.5696', '40.0334'] lr = 0.0000674
2025-07-18 11:29:31,564 - AdaPoinTr - INFO - [Epoch 18/200][Batch 2601/2622] BatchTime = 0.714 (s) DataTime = 0.001 (s) Losses = ['6.5224', '46.6710'] lr = 0.0000674
2025-07-18 11:29:46,686 - AdaPoinTr - INFO - [Training] EPOCH: 18 EpochTime = 1881.798 (s) Losses = ['6.2812', '45.3789']
2025-07-18 11:29:47,151 - AdaPoinTr - INFO - Save checkpoint at ./experiments/AdaPoinTr/ShapeNet55_models/AdaPoinTr/ckpt-last.pth
2025-07-18 11:29:47,963 - AdaPoinTr - INFO - [Epoch 19/200][Batch 1/2622] BatchTime = 0.811 (s) DataTime = 0.093 (s) Losses = ['6.8010', '54.2009'] lr = 0.0000659
2025-07-18 11:30:59,717 - AdaPoinTr - INFO - [Epoch 19/200][Batch 101/2622] BatchTime = 0.715 (s) DataTime = 0.001 (s) Losses = ['6.3473', '42.8527'] lr = 0.0000659
2025-07-18 11:32:11,439 - AdaPoinTr - INFO - [Epoch 19/200][Batch 201/2622] BatchTime = 0.717 (s) DataTime = 0.001 (s) Losses = ['5.9159', '53.4023'] lr = 0.0000659
2025-07-18 11:33:23,241 - AdaPoinTr - INFO - [Epoch 19/200][Batch 301/2622] BatchTime = 0.716 (s) DataTime = 0.001 (s) Losses = ['6.3660', '47.6015'] lr = 0.0000659
2025-07-18 11:34:34,989 - AdaPoinTr - INFO - [Epoch 19/200][Batch 401/2622] BatchTime = 0.719 (s) DataTime = 0.001 (s) Losses = ['6.7651', '45.6531'] lr = 0.0000659
2025-07-18 11:35:46,720 - AdaPoinTr - INFO - [Epoch 19/200][Batch 501/2622] BatchTime = 0.720 (s) DataTime = 0.001 (s) Losses = ['6.6809', '52.0544'] lr = 0.0000659
2025-07-18 11:36:58,470 - AdaPoinTr - INFO - [Epoch 19/200][Batch 601/2622] BatchTime = 0.712 (s) DataTime = 0.001 (s) Losses = ['6.6342', '46.0491'] lr = 0.0000659
2025-07-18 11:38:10,230 - AdaPoinTr - INFO - [Epoch 19/200][Batch 701/2622] BatchTime = 0.707 (s) DataTime = 0.001 (s) Losses = ['5.8628', '46.9584'] lr = 0.0000659
2025-07-18 11:39:21,980 - AdaPoinTr - INFO - [Epoch 19/200][Batch 801/2622] BatchTime = 0.712 (s) DataTime = 0.001 (s) Losses = ['6.7858', '46.7302'] lr = 0.0000659
2025-07-18 11:40:33,745 - AdaPoinTr - INFO - [Epoch 19/200][Batch 901/2622] BatchTime = 0.707 (s) DataTime = 0.001 (s) Losses = ['6.5425', '45.8428'] lr = 0.0000659
2025-07-18 11:41:45,123 - AdaPoinTr - INFO - [Epoch 19/200][Batch 1001/2622] BatchTime = 0.705 (s) DataTime = 0.001 (s) Losses = ['5.9222', '43.8462'] lr = 0.0000659
2025-07-18 11:42:56,857 - AdaPoinTr - INFO - [Epoch 19/200][Batch 1101/2622] BatchTime = 0.707 (s) DataTime = 0.001 (s) Losses = ['6.2628', '47.7538'] lr = 0.0000659
2025-07-18 11:44:08,632 - AdaPoinTr - INFO - [Epoch 19/200][Batch 1201/2622] BatchTime = 0.707 (s) DataTime = 0.001 (s) Losses = ['7.1458', '49.7987'] lr = 0.0000659
2025-07-18 11:45:20,393 - AdaPoinTr - INFO - [Epoch 19/200][Batch 1301/2622] BatchTime = 0.705 (s) DataTime = 0.001 (s) Losses = ['5.7595', '44.1874'] lr = 0.0000659
2025-07-18 11:46:32,163 - AdaPoinTr - INFO - [Epoch 19/200][Batch 1401/2622] BatchTime = 0.712 (s) DataTime = 0.001 (s) Losses = ['5.2065', '41.4043'] lr = 0.0000659
2025-07-18 11:47:43,909 - AdaPoinTr - INFO - [Epoch 19/200][Batch 1501/2622] BatchTime = 0.712 (s) DataTime = 0.001 (s) Losses = ['6.4101', '47.9252'] lr = 0.0000659
2025-07-18 11:48:55,661 - AdaPoinTr - INFO - [Epoch 19/200][Batch 1601/2622] BatchTime = 0.713 (s) DataTime = 0.001 (s) Losses = ['6.8397', '49.6127'] lr = 0.0000659
2025-07-18 11:50:07,406 - AdaPoinTr - INFO - [Epoch 19/200][Batch 1701/2622] BatchTime = 0.714 (s) DataTime = 0.001 (s) Losses = ['6.7184', '47.2986'] lr = 0.0000659
2025-07-18 11:51:19,163 - AdaPoinTr - INFO - [Epoch 19/200][Batch 1801/2622] BatchTime = 0.715 (s) DataTime = 0.001 (s) Losses = ['6.1978', '42.1958'] lr = 0.0000659
2025-07-18 11:52:30,942 - AdaPoinTr - INFO - [Epoch 19/200][Batch 1901/2622] BatchTime = 0.714 (s) DataTime = 0.001 (s) Losses = ['5.6057', '41.6905'] lr = 0.0000659
2025-07-18 11:53:42,719 - AdaPoinTr - INFO - [Epoch 19/200][Batch 2001/2622] BatchTime = 0.715 (s) DataTime = 0.001 (s) Losses = ['6.4833', '43.1548'] lr = 0.0000659
2025-07-18 11:54:54,482 - AdaPoinTr - INFO - [Epoch 19/200][Batch 2101/2622] BatchTime = 0.714 (s) DataTime = 0.001 (s) Losses = ['6.7359', '51.2372'] lr = 0.0000659
2025-07-18 11:56:06,236 - AdaPoinTr - INFO - [Epoch 19/200][Batch 2201/2622] BatchTime = 0.714 (s) DataTime = 0.001 (s) Losses = ['7.2827', '50.6096'] lr = 0.0000659
2025-07-18 11:57:18,000 - AdaPoinTr - INFO - [Epoch 19/200][Batch 2301/2622] BatchTime = 0.716 (s) DataTime = 0.001 (s) Losses = ['6.5739', '49.9165'] lr = 0.0000659
2025-07-18 11:58:29,725 - AdaPoinTr - INFO - [Epoch 19/200][Batch 2401/2622] BatchTime = 0.717 (s) DataTime = 0.001 (s) Losses = ['6.1421', '46.0405'] lr = 0.0000659
2025-07-18 11:59:41,520 - AdaPoinTr - INFO - [Epoch 19/200][Batch 2501/2622] BatchTime = 0.715 (s) DataTime = 0.001 (s) Losses = ['6.3773', '44.7591'] lr = 0.0000659
2025-07-18 12:00:53,279 - AdaPoinTr - INFO - [Epoch 19/200][Batch 2601/2622] BatchTime = 0.716 (s) DataTime = 0.001 (s) Losses = ['5.7886', '41.5464'] lr = 0.0000659
2025-07-18 12:01:08,382 - AdaPoinTr - INFO - [Training] EPOCH: 19 EpochTime = 1881.229 (s) Losses = ['6.2610', '45.4494']
2025-07-18 12:01:08,842 - AdaPoinTr - INFO - Save checkpoint at ./experiments/AdaPoinTr/ShapeNet55_models/AdaPoinTr/ckpt-last.pth
2025-07-18 12:01:09,645 - AdaPoinTr - INFO - [Epoch 20/200][Batch 1/2622] BatchTime = 0.803 (s) DataTime = 0.094 (s) Losses = ['5.6273', '44.3725'] lr = 0.0000645
2025-07-18 12:02:21,455 - AdaPoinTr - INFO - [Epoch 20/200][Batch 101/2622] BatchTime = 0.719 (s) DataTime = 0.001 (s) Losses = ['6.6711', '46.0662'] lr = 0.0000645
2025-07-18 12:03:33,203 - AdaPoinTr - INFO - [Epoch 20/200][Batch 201/2622] BatchTime = 0.714 (s) DataTime = 0.001 (s) Losses = ['6.5910', '45.7126'] lr = 0.0000645
2025-07-18 12:04:44,944 - AdaPoinTr - INFO - [Epoch 20/200][Batch 301/2622] BatchTime = 0.716 (s) DataTime = 0.001 (s) Losses = ['6.2075', '49.1361'] lr = 0.0000645
2025-07-18 12:05:56,633 - AdaPoinTr - INFO - [Epoch 20/200][Batch 401/2622] BatchTime = 0.719 (s) DataTime = 0.001 (s) Losses = ['6.5001', '53.1963'] lr = 0.0000645
2025-07-18 12:07:08,386 - AdaPoinTr - INFO - [Epoch 20/200][Batch 501/2622] BatchTime = 0.711 (s) DataTime = 0.001 (s) Losses = ['6.4827', '45.7117'] lr = 0.0000645
2025-07-18 12:08:20,168 - AdaPoinTr - INFO - [Epoch 20/200][Batch 601/2622] BatchTime = 0.716 (s) DataTime = 0.001 (s) Losses = ['6.9598', '50.8124'] lr = 0.0000645
2025-07-18 12:09:31,938 - AdaPoinTr - INFO - [Epoch 20/200][Batch 701/2622] BatchTime = 0.722 (s) DataTime = 0.001 (s) Losses = ['6.1220', '43.3586'] lr = 0.0000645
2025-07-18 12:10:43,693 - AdaPoinTr - INFO - [Epoch 20/200][Batch 801/2622] BatchTime = 0.715 (s) DataTime = 0.001 (s) Losses = ['6.5934', '47.1441'] lr = 0.0000645
2025-07-18 12:11:55,485 - AdaPoinTr - INFO - [Epoch 20/200][Batch 901/2622] BatchTime = 0.717 (s) DataTime = 0.001 (s) Losses = ['6.0448', '45.1855'] lr = 0.0000645
2025-07-18 12:13:07,204 - AdaPoinTr - INFO - [Epoch 20/200][Batch 1001/2622] BatchTime = 0.717 (s) DataTime = 0.001 (s) Losses = ['7.1214', '49.1503'] lr = 0.0000645
2025-07-18 12:14:18,929 - AdaPoinTr - INFO - [Epoch 20/200][Batch 1101/2622] BatchTime = 0.710 (s) DataTime = 0.001 (s) Losses = ['6.2462', '51.8822'] lr = 0.0000645
2025-07-18 12:15:30,677 - AdaPoinTr - INFO - [Epoch 20/200][Batch 1201/2622] BatchTime = 0.709 (s) DataTime = 0.001 (s) Losses = ['6.5256', '45.8179'] lr = 0.0000645
2025-07-18 12:16:42,398 - AdaPoinTr - INFO - [Epoch 20/200][Batch 1301/2622] BatchTime = 0.709 (s) DataTime = 0.001 (s) Losses = ['7.3274', '49.9962'] lr = 0.0000645
2025-07-18 12:17:54,131 - AdaPoinTr - INFO - [Epoch 20/200][Batch 1401/2622] BatchTime = 0.704 (s) DataTime = 0.001 (s) Losses = ['6.0257', '43.4471'] lr = 0.0000645
2025-07-18 12:19:05,882 - AdaPoinTr - INFO - [Epoch 20/200][Batch 1501/2622] BatchTime = 0.706 (s) DataTime = 0.001 (s) Losses = ['6.1016', '45.3418'] lr = 0.0000645
2025-07-18 12:20:17,662 - AdaPoinTr - INFO - [Epoch 20/200][Batch 1601/2622] BatchTime = 0.705 (s) DataTime = 0.001 (s) Losses = ['6.0544', '41.4696'] lr = 0.0000645
2025-07-18 12:21:29,443 - AdaPoinTr - INFO - [Epoch 20/200][Batch 1701/2622] BatchTime = 0.710 (s) DataTime = 0.001 (s) Losses = ['7.7462', '55.3514'] lr = 0.0000645
2025-07-18 12:22:41,237 - AdaPoinTr - INFO - [Epoch 20/200][Batch 1801/2622] BatchTime = 0.702 (s) DataTime = 0.001 (s) Losses = ['6.9146', '47.3448'] lr = 0.0000645
2025-07-18 12:23:53,005 - AdaPoinTr - INFO - [Epoch 20/200][Batch 1901/2622] BatchTime = 0.708 (s) DataTime = 0.001 (s) Losses = ['6.1377', '46.7557'] lr = 0.0000645
2025-07-18 12:25:04,777 - AdaPoinTr - INFO - [Epoch 20/200][Batch 2001/2622] BatchTime = 0.707 (s) DataTime = 0.001 (s) Losses = ['6.0822', '41.4555'] lr = 0.0000645
2025-07-18 12:26:16,532 - AdaPoinTr - INFO - [Epoch 20/200][Batch 2101/2622] BatchTime = 0.714 (s) DataTime = 0.001 (s) Losses = ['5.7830', '41.2282'] lr = 0.0000645
2025-07-18 12:27:28,294 - AdaPoinTr - INFO - [Epoch 20/200][Batch 2201/2622] BatchTime = 0.718 (s) DataTime = 0.001 (s) Losses = ['5.9119', '42.5378'] lr = 0.0000645
2025-07-18 12:28:40,037 - AdaPoinTr - INFO - [Epoch 20/200][Batch 2301/2622] BatchTime = 0.715 (s) DataTime = 0.001 (s) Losses = ['5.7556', '39.3928'] lr = 0.0000645
2025-07-18 12:29:51,792 - AdaPoinTr - INFO - [Epoch 20/200][Batch 2401/2622] BatchTime = 0.717 (s) DataTime = 0.001 (s) Losses = ['6.0475', '43.8671'] lr = 0.0000645
2025-07-18 12:31:03,553 - AdaPoinTr - INFO - [Epoch 20/200][Batch 2501/2622] BatchTime = 0.717 (s) DataTime = 0.001 (s) Losses = ['6.9646', '46.7929'] lr = 0.0000645
2025-07-18 12:32:14,965 - AdaPoinTr - INFO - [Epoch 20/200][Batch 2601/2622] BatchTime = 0.708 (s) DataTime = 0.001 (s) Losses = ['6.1421', '44.0274'] lr = 0.0000645
2025-07-18 12:32:30,073 - AdaPoinTr - INFO - [Training] EPOCH: 20 EpochTime = 1881.230 (s) Losses = ['6.2497', '45.3887']
2025-07-18 12:32:30,073 - AdaPoinTr - INFO - [VALIDATION] Start validating epoch 20
2025-07-18 12:33:37,094 - AdaPoinTr - INFO - Test[1051/10518] Taxonomy = 02691156 Sample = c7749c0a8b61f43bc9b9e28055202e3d Losses = ['25.6236', '2.7700', '12.4396', '0.6800'] Metrics = ['0.4918', '12.4396', '0.6800', '0.0000']
2025-07-18 12:34:44,019 - AdaPoinTr - INFO - Test[2102/10518] Taxonomy = 03211117 Sample = ab2f9418c111cc6ddb965514105122a4 Losses = ['25.9756', '2.5837', '10.1122', '0.5697'] Metrics = ['0.6310', '10.1122', '0.5697', '0.0000']
2025-07-18 12:35:50,947 - AdaPoinTr - INFO - Test[3153/10518] Taxonomy = 02876657 Sample = c5032e4be091aabb36fe7a88df793982 Losses = ['42.9129', '9.0895', '21.3170', '2.6518'] Metrics = ['0.2980', '21.3170', '2.6518', '0.0000']
2025-07-18 12:36:57,865 - AdaPoinTr - INFO - Test[4204/10518] Taxonomy = 03211117 Sample = 722df1da5778d45b1e43523279c7f09f Losses = ['41.3670', '6.7058', '23.1261', '2.4810'] Metrics = ['0.3260', '23.1261', '2.4810', '0.0000']
2025-07-18 12:38:04,832 - AdaPoinTr - INFO - Test[5255/10518] Taxonomy = 02828884 Sample = 14b63361a48a9fffe4a048c146e8bd43 Losses = ['34.1269', '4.3730', '18.6491', '1.7629'] Metrics = ['0.3870', '18.6491', '1.7629', '0.0000']
2025-07-18 12:39:11,745 - AdaPoinTr - INFO - Test[6306/10518] Taxonomy = 03211117 Sample = d330d50a0255529d19ed6e1a590c9122 Losses = ['33.4246', '5.4631', '13.7309', '1.1504'] Metrics = ['0.4481', '13.7309', '1.1504', '0.0000']
2025-07-18 12:40:18,687 - AdaPoinTr - INFO - Test[7357/10518] Taxonomy = 04379243 Sample = b1ca280d9567270ade98d10ab5975b59 Losses = ['35.3927', '5.5490', '16.4213', '0.9044'] Metrics = ['0.2712', '16.4213', '0.9044', '0.0000']
2025-07-18 12:41:25,647 - AdaPoinTr - INFO - Test[8408/10518] Taxonomy = 03001627 Sample = 89208a619341d9fdb8c516ed5c4ce32 Losses = ['29.2962', '2.9135', '14.6242', '0.6401'] Metrics = ['0.2816', '14.6242', '0.6401', '0.0000']
2025-07-18 12:42:32,575 - AdaPoinTr - INFO - Test[9459/10518] Taxonomy = 03001627 Sample = d0255120e3351121c3bd24f986301745 Losses = ['35.9799', '4.7965', '19.9248', '1.5692'] Metrics = ['0.2267', '19.9248', '1.5692', '0.0000']
2025-07-18 12:43:39,539 - AdaPoinTr - INFO - Test[10510/10518] Taxonomy = 03636649 Sample = ea9ec4d9db2e06202471e6dd5ac3ef92 Losses = ['28.6834', '3.3236', '14.3841', '1.3697'] Metrics = ['0.5476', '14.3841', '1.3697', '0.0000']
2025-07-18 12:43:40,080 - AdaPoinTr - INFO - [Validation] EPOCH: 20  Metrics = ['0.3529', '15.7353', '1.1180', '0.0000']
2025-07-18 12:43:40,081 - AdaPoinTr - INFO - ============================ TEST RESULTS ============================
2025-07-18 12:43:40,081 - AdaPoinTr - INFO - Taxonomy	#Sample	F-Score	CDL1	CDL2	EMDistance	#ModelName	
2025-07-18 12:43:40,081 - AdaPoinTr - INFO - 03759954	14	0.533 	15.306 	1.948 	0.000 	microphone	
2025-07-18 12:43:40,081 - AdaPoinTr - INFO - 04330267	44	0.270 	17.295 	1.144 	0.000 	stove	
2025-07-18 12:43:40,081 - AdaPoinTr - INFO - 03261776	15	0.274 	19.652 	1.746 	0.000 	earphone	
2025-07-18 12:43:40,081 - AdaPoinTr - INFO - 03513137	33	0.204 	22.718 	2.509 	0.000 	helmet	
2025-07-18 12:43:40,081 - AdaPoinTr - INFO - 04460130	27	0.395 	15.577 	1.094 	0.000 	tower	
2025-07-18 12:43:40,081 - AdaPoinTr - INFO - 04468005	78	0.373 	14.069 	0.804 	0.000 	train	
2025-07-18 12:43:40,081 - AdaPoinTr - INFO - 03761084	31	0.239 	18.018 	1.256 	0.000 	microwaves	
2025-07-18 12:43:40,081 - AdaPoinTr - INFO - 04004475	34	0.258 	17.603 	1.247 	0.000 	printer	
2025-07-18 12:43:40,081 - AdaPoinTr - INFO - 03938244	20	0.286 	16.044 	0.966 	0.000 	pillow	
2025-07-18 12:43:40,081 - AdaPoinTr - INFO - 02992529	167	0.410 	11.954 	0.488 	0.000 	cellphone	
2025-07-18 12:43:40,081 - AdaPoinTr - INFO - 02808440	172	0.284 	16.712 	1.234 	0.000 	bathtub	
2025-07-18 12:43:40,081 - AdaPoinTr - INFO - 04530566	388	0.473 	12.657 	0.758 	0.000 	watercraft	
2025-07-18 12:43:40,081 - AdaPoinTr - INFO - 02871439	91	0.238 	18.247 	1.334 	0.000 	bookshelf	
2025-07-18 12:43:40,081 - AdaPoinTr - INFO - 03593526	120	0.250 	19.195 	1.542 	0.000 	jar	
2025-07-18 12:43:40,081 - AdaPoinTr - INFO - 04554684	34	0.222 	19.576 	1.574 	0.000 	washer	
2025-07-18 12:43:40,081 - AdaPoinTr - INFO - 03467517	160	0.777 	7.602 	0.277 	0.000 	guitar	
2025-07-18 12:43:40,081 - AdaPoinTr - INFO - 04401088	218	0.413 	11.886 	0.498 	0.000 	telephone	
2025-07-18 12:43:40,081 - AdaPoinTr - INFO - 02954340	12	0.298 	16.177 	1.095 	0.000 	cap	
2025-07-18 12:43:40,081 - AdaPoinTr - INFO - 02933112	315	0.238 	16.654 	0.934 	0.000 	cabinet	
2025-07-18 12:43:40,081 - AdaPoinTr - INFO - 03642806	92	0.379 	12.289 	0.512 	0.000 	laptop	
2025-07-18 12:43:40,081 - AdaPoinTr - INFO - 02924116	188	0.354 	13.691 	0.675 	0.000 	bus	
2025-07-18 12:43:40,081 - AdaPoinTr - INFO - 02946921	22	0.252 	17.645 	1.270 	0.000 	can	
2025-07-18 12:43:40,081 - AdaPoinTr - INFO - 02818832	47	0.274 	17.587 	1.309 	0.000 	bed	
2025-07-18 12:43:40,081 - AdaPoinTr - INFO - 04256520	635	0.285 	15.924 	0.933 	0.000 	sofa	
2025-07-18 12:43:40,081 - AdaPoinTr - INFO - 04379243	1687	0.379 	13.851 	0.871 	0.000 	table	
2025-07-18 12:43:40,081 - AdaPoinTr - INFO - 02747177	69	0.189 	19.823 	1.414 	0.000 	trash bin	
2025-07-18 12:43:40,081 - AdaPoinTr - INFO - 03046257	131	0.301 	16.507 	1.166 	0.000 	clock	
2025-07-18 12:43:40,081 - AdaPoinTr - INFO - 04225987	31	0.535 	10.822 	0.500 	0.000 	skateboard	
2025-07-18 12:43:40,081 - AdaPoinTr - INFO - 03797390	43	0.184 	20.294 	1.483 	0.000 	mug	
2025-07-18 12:43:40,081 - AdaPoinTr - INFO - 03001627	1356	0.348 	15.495 	1.087 	0.000 	chair	
2025-07-18 12:43:40,081 - AdaPoinTr - INFO - 03691459	320	0.245 	19.108 	1.548 	0.000 	loudspeaker	
2025-07-18 12:43:40,081 - AdaPoinTr - INFO - 02942699	23	0.217 	21.265 	1.832 	0.000 	camera	
2025-07-18 12:43:40,081 - AdaPoinTr - INFO - 03636649	464	0.500 	15.732 	1.860 	0.000 	lamp	
2025-07-18 12:43:40,081 - AdaPoinTr - INFO - 02691156	809	0.549 	10.620 	0.517 	0.000 	airplane	
2025-07-18 12:43:40,081 - AdaPoinTr - INFO - 02773838	17	0.342 	15.278 	1.101 	0.000 	bag	
2025-07-18 12:43:40,081 - AdaPoinTr - INFO - 02958343	703	0.213 	17.879 	1.062 	0.000 	car	
2025-07-18 12:43:40,081 - AdaPoinTr - INFO - 02880940	38	0.229 	17.812 	1.149 	0.000 	bowl	
2025-07-18 12:43:40,081 - AdaPoinTr - INFO - 04099429	17	0.693 	9.783 	0.571 	0.000 	rocket	
2025-07-18 12:43:40,081 - AdaPoinTr - INFO - 02828884	363	0.424 	12.515 	0.716 	0.000 	bench	
2025-07-18 12:43:40,081 - AdaPoinTr - INFO - 04090263	475	0.673 	9.426 	0.490 	0.000 	rifle	
2025-07-18 12:43:40,081 - AdaPoinTr - INFO - 03211117	219	0.341 	14.355 	0.836 	0.000 	display	
2025-07-18 12:43:40,081 - AdaPoinTr - INFO - 02876657	100	0.397 	13.748 	0.797 	0.000 	bottle	
2025-07-18 12:43:40,081 - AdaPoinTr - INFO - 03710193	19	0.526 	13.646 	1.246 	0.000 	mailbox	
2025-07-18 12:43:40,081 - AdaPoinTr - INFO - 03790512	68	0.235 	19.090 	1.498 	0.000 	motorbike	
2025-07-18 12:43:40,081 - AdaPoinTr - INFO - 03325088	149	0.420 	17.265 	1.841 	0.000 	faucet	
2025-07-18 12:43:40,081 - AdaPoinTr - INFO - 02801938	23	0.223 	18.467 	1.375 	0.000 	basket	
2025-07-18 12:43:40,081 - AdaPoinTr - INFO - 03337140	60	0.234 	18.123 	1.287 	0.000 	file cabinet	
2025-07-18 12:43:40,081 - AdaPoinTr - INFO - 02843684	15	0.216 	20.527 	1.610 	0.000 	birdhouse	
2025-07-18 12:43:40,081 - AdaPoinTr - INFO - 03624134	85	0.744 	8.271 	0.359 	0.000 	knife	
2025-07-18 12:43:40,082 - AdaPoinTr - INFO - 03991062	121	0.217 	21.710 	2.017 	0.000 	flowerpot	
2025-07-18 12:43:40,082 - AdaPoinTr - INFO - 03948459	62	0.447 	13.019 	0.757 	0.000 	pistol	
2025-07-18 12:43:40,082 - AdaPoinTr - INFO - 03928116	48	0.275 	17.532 	1.398 	0.000 	piano	
2025-07-18 12:43:40,082 - AdaPoinTr - INFO - 03207941	19	0.241 	17.225 	1.085 	0.000 	dishwasher	
2025-07-18 12:43:40,082 - AdaPoinTr - INFO - 04074963	14	0.451 	11.423 	0.491 	0.000 	remote	
2025-07-18 12:43:40,082 - AdaPoinTr - INFO - 03085013	13	0.444 	10.749 	0.379 	0.000 	keyboard	
2025-07-18 12:43:40,082 - AdaPoinTr - INFO - Overall		0.353 	15.735 	1.118 	0.000 	
2025-07-18 12:43:40,547 - AdaPoinTr - INFO - Save checkpoint at ./experiments/AdaPoinTr/ShapeNet55_models/AdaPoinTr/ckpt-best.pth
2025-07-18 12:43:40,969 - AdaPoinTr - INFO - Save checkpoint at ./experiments/AdaPoinTr/ShapeNet55_models/AdaPoinTr/ckpt-last.pth
2025-07-18 12:43:41,786 - AdaPoinTr - INFO - [Epoch 21/200][Batch 1/2622] BatchTime = 0.816 (s) DataTime = 0.093 (s) Losses = ['6.8201', '47.3644'] lr = 0.0000631
2025-07-18 12:44:53,525 - AdaPoinTr - INFO - [Epoch 21/200][Batch 101/2622] BatchTime = 0.719 (s) DataTime = 0.001 (s) Losses = ['5.6316', '41.7932'] lr = 0.0000631
2025-07-18 12:46:05,287 - AdaPoinTr - INFO - [Epoch 21/200][Batch 201/2622] BatchTime = 0.713 (s) DataTime = 0.001 (s) Losses = ['6.3543', '50.9374'] lr = 0.0000631
2025-07-18 12:47:17,082 - AdaPoinTr - INFO - [Epoch 21/200][Batch 301/2622] BatchTime = 0.725 (s) DataTime = 0.001 (s) Losses = ['6.6559', '47.5328'] lr = 0.0000631
2025-07-18 12:48:28,871 - AdaPoinTr - INFO - [Epoch 21/200][Batch 401/2622] BatchTime = 0.715 (s) DataTime = 0.001 (s) Losses = ['6.4923', '46.1995'] lr = 0.0000631
2025-07-18 12:49:40,649 - AdaPoinTr - INFO - [Epoch 21/200][Batch 501/2622] BatchTime = 0.717 (s) DataTime = 0.001 (s) Losses = ['6.4318', '51.2957'] lr = 0.0000631
2025-07-18 12:50:52,409 - AdaPoinTr - INFO - [Epoch 21/200][Batch 601/2622] BatchTime = 0.718 (s) DataTime = 0.001 (s) Losses = ['5.1793', '39.3656'] lr = 0.0000631
2025-07-18 12:52:04,172 - AdaPoinTr - INFO - [Epoch 21/200][Batch 701/2622] BatchTime = 0.714 (s) DataTime = 0.001 (s) Losses = ['6.0895', '48.8280'] lr = 0.0000631
2025-07-18 12:53:15,934 - AdaPoinTr - INFO - [Epoch 21/200][Batch 801/2622] BatchTime = 0.722 (s) DataTime = 0.001 (s) Losses = ['6.0103', '46.5063'] lr = 0.0000631
2025-07-18 12:54:27,691 - AdaPoinTr - INFO - [Epoch 21/200][Batch 901/2622] BatchTime = 0.714 (s) DataTime = 0.001 (s) Losses = ['6.3870', '47.1878'] lr = 0.0000631
2025-07-18 12:55:39,474 - AdaPoinTr - INFO - [Epoch 21/200][Batch 1001/2622] BatchTime = 0.717 (s) DataTime = 0.001 (s) Losses = ['6.7233', '48.0203'] lr = 0.0000631
2025-07-18 12:56:51,257 - AdaPoinTr - INFO - [Epoch 21/200][Batch 1101/2622] BatchTime = 0.721 (s) DataTime = 0.001 (s) Losses = ['6.8990', '49.7614'] lr = 0.0000631
2025-07-18 12:58:03,015 - AdaPoinTr - INFO - [Epoch 21/200][Batch 1201/2622] BatchTime = 0.716 (s) DataTime = 0.001 (s) Losses = ['5.8241', '44.6024'] lr = 0.0000631
2025-07-18 12:59:14,758 - AdaPoinTr - INFO - [Epoch 21/200][Batch 1301/2622] BatchTime = 0.713 (s) DataTime = 0.001 (s) Losses = ['6.8790', '47.7200'] lr = 0.0000631
2025-07-18 13:00:26,502 - AdaPoinTr - INFO - [Epoch 21/200][Batch 1401/2622] BatchTime = 0.711 (s) DataTime = 0.001 (s) Losses = ['6.6542', '47.2710'] lr = 0.0000631
2025-07-18 13:01:38,219 - AdaPoinTr - INFO - [Epoch 21/200][Batch 1501/2622] BatchTime = 0.708 (s) DataTime = 0.001 (s) Losses = ['5.4563', '43.7045'] lr = 0.0000631
2025-07-18 13:02:49,946 - AdaPoinTr - INFO - [Epoch 21/200][Batch 1601/2622] BatchTime = 0.706 (s) DataTime = 0.001 (s) Losses = ['5.9684', '42.9598'] lr = 0.0000631
2025-07-18 13:04:01,719 - AdaPoinTr - INFO - [Epoch 21/200][Batch 1701/2622] BatchTime = 0.710 (s) DataTime = 0.001 (s) Losses = ['6.9694', '47.5693'] lr = 0.0000631
2025-07-18 13:05:13,523 - AdaPoinTr - INFO - [Epoch 21/200][Batch 1801/2622] BatchTime = 0.709 (s) DataTime = 0.001 (s) Losses = ['5.4971', '42.7368'] lr = 0.0000631
2025-07-18 13:06:25,293 - AdaPoinTr - INFO - [Epoch 21/200][Batch 1901/2622] BatchTime = 0.708 (s) DataTime = 0.001 (s) Losses = ['6.6706', '46.6539'] lr = 0.0000631
2025-07-18 13:07:37,058 - AdaPoinTr - INFO - [Epoch 21/200][Batch 2001/2622] BatchTime = 0.703 (s) DataTime = 0.001 (s) Losses = ['5.7443', '42.7863'] lr = 0.0000631
2025-07-18 13:08:48,796 - AdaPoinTr - INFO - [Epoch 21/200][Batch 2101/2622] BatchTime = 0.709 (s) DataTime = 0.001 (s) Losses = ['7.0751', '48.4110'] lr = 0.0000631
2025-07-18 13:10:00,559 - AdaPoinTr - INFO - [Epoch 21/200][Batch 2201/2622] BatchTime = 0.711 (s) DataTime = 0.001 (s) Losses = ['5.8576', '40.6582'] lr = 0.0000631
2025-07-18 13:11:12,314 - AdaPoinTr - INFO - [Epoch 21/200][Batch 2301/2622] BatchTime = 0.716 (s) DataTime = 0.001 (s) Losses = ['6.1011', '45.0509'] lr = 0.0000631
2025-07-18 13:12:24,101 - AdaPoinTr - INFO - [Epoch 21/200][Batch 2401/2622] BatchTime = 0.718 (s) DataTime = 0.001 (s) Losses = ['6.3220', '41.5793'] lr = 0.0000631
2025-07-18 13:13:35,903 - AdaPoinTr - INFO - [Epoch 21/200][Batch 2501/2622] BatchTime = 0.714 (s) DataTime = 0.001 (s) Losses = ['6.3789', '42.6087'] lr = 0.0000631
2025-07-18 13:14:47,697 - AdaPoinTr - INFO - [Epoch 21/200][Batch 2601/2622] BatchTime = 0.717 (s) DataTime = 0.001 (s) Losses = ['6.4552', '46.0859'] lr = 0.0000631
2025-07-18 13:15:02,812 - AdaPoinTr - INFO - [Training] EPOCH: 21 EpochTime = 1881.842 (s) Losses = ['6.2254', '45.0728']
2025-07-18 13:15:03,279 - AdaPoinTr - INFO - Save checkpoint at ./experiments/AdaPoinTr/ShapeNet55_models/AdaPoinTr/ckpt-last.pth
2025-07-18 13:15:04,086 - AdaPoinTr - INFO - [Epoch 22/200][Batch 1/2622] BatchTime = 0.807 (s) DataTime = 0.094 (s) Losses = ['6.0464', '46.6883'] lr = 0.0000617
2025-07-18 13:16:15,852 - AdaPoinTr - INFO - [Epoch 22/200][Batch 101/2622] BatchTime = 0.717 (s) DataTime = 0.001 (s) Losses = ['6.0189', '43.1677'] lr = 0.0000617
2025-07-18 13:17:09,337 - AdaPoinTr - INFO - [Epoch 22/200][Batch 201/2622] BatchTime = 0.513 (s) DataTime = 0.001 (s) Losses = ['6.6059', '48.7871'] lr = 0.0000617
2025-07-18 13:18:00,602 - AdaPoinTr - INFO - [Epoch 22/200][Batch 301/2622] BatchTime = 0.515 (s) DataTime = 0.001 (s) Losses = ['6.5095', '47.2171'] lr = 0.0000617
2025-07-18 13:18:51,922 - AdaPoinTr - INFO - [Epoch 22/200][Batch 401/2622] BatchTime = 0.514 (s) DataTime = 0.001 (s) Losses = ['6.1998', '41.5272'] lr = 0.0000617
2025-07-18 13:19:43,215 - AdaPoinTr - INFO - [Epoch 22/200][Batch 501/2622] BatchTime = 0.496 (s) DataTime = 0.001 (s) Losses = ['6.1563', '45.8787'] lr = 0.0000617
2025-07-18 13:20:34,458 - AdaPoinTr - INFO - [Epoch 22/200][Batch 601/2622] BatchTime = 0.502 (s) DataTime = 0.001 (s) Losses = ['6.5121', '43.3898'] lr = 0.0000617
2025-07-18 13:21:25,653 - AdaPoinTr - INFO - [Epoch 22/200][Batch 701/2622] BatchTime = 0.510 (s) DataTime = 0.001 (s) Losses = ['6.2111', '44.0439'] lr = 0.0000617
2025-07-18 13:22:16,844 - AdaPoinTr - INFO - [Epoch 22/200][Batch 801/2622] BatchTime = 0.514 (s) DataTime = 0.001 (s) Losses = ['6.2409', '43.1489'] lr = 0.0000617
2025-07-18 13:23:08,104 - AdaPoinTr - INFO - [Epoch 22/200][Batch 901/2622] BatchTime = 0.511 (s) DataTime = 0.001 (s) Losses = ['6.3400', '44.0628'] lr = 0.0000617
2025-07-18 13:23:59,350 - AdaPoinTr - INFO - [Epoch 22/200][Batch 1001/2622] BatchTime = 0.492 (s) DataTime = 0.001 (s) Losses = ['5.5035', '39.8595'] lr = 0.0000617
2025-07-18 13:24:50,609 - AdaPoinTr - INFO - [Epoch 22/200][Batch 1101/2622] BatchTime = 0.511 (s) DataTime = 0.001 (s) Losses = ['5.9787', '42.5822'] lr = 0.0000617
2025-07-18 13:25:42,113 - AdaPoinTr - INFO - [Epoch 22/200][Batch 1201/2622] BatchTime = 0.513 (s) DataTime = 0.001 (s) Losses = ['6.1128', '43.0116'] lr = 0.0000617
2025-07-18 13:26:33,643 - AdaPoinTr - INFO - [Epoch 22/200][Batch 1301/2622] BatchTime = 0.513 (s) DataTime = 0.001 (s) Losses = ['7.1380', '53.5408'] lr = 0.0000617
2025-07-18 13:27:25,086 - AdaPoinTr - INFO - [Epoch 22/200][Batch 1401/2622] BatchTime = 0.516 (s) DataTime = 0.001 (s) Losses = ['6.6320', '46.9938'] lr = 0.0000617
2025-07-18 13:28:26,846 - AdaPoinTr - INFO - [Epoch 22/200][Batch 1501/2622] BatchTime = 0.705 (s) DataTime = 0.001 (s) Losses = ['6.3797', '50.6182'] lr = 0.0000617
2025-07-18 13:29:38,610 - AdaPoinTr - INFO - [Epoch 22/200][Batch 1601/2622] BatchTime = 0.707 (s) DataTime = 0.001 (s) Losses = ['6.4090', '47.5419'] lr = 0.0000617
2025-07-18 13:30:50,389 - AdaPoinTr - INFO - [Epoch 22/200][Batch 1701/2622] BatchTime = 0.717 (s) DataTime = 0.001 (s) Losses = ['5.8705', '41.9394'] lr = 0.0000617
2025-07-18 13:32:02,181 - AdaPoinTr - INFO - [Epoch 22/200][Batch 1801/2622] BatchTime = 0.709 (s) DataTime = 0.001 (s) Losses = ['6.2635', '43.0624'] lr = 0.0000617
2025-07-18 13:33:13,969 - AdaPoinTr - INFO - [Epoch 22/200][Batch 1901/2622] BatchTime = 0.709 (s) DataTime = 0.001 (s) Losses = ['6.6121', '44.5013'] lr = 0.0000617
2025-07-18 13:34:25,694 - AdaPoinTr - INFO - [Epoch 22/200][Batch 2001/2622] BatchTime = 0.714 (s) DataTime = 0.001 (s) Losses = ['5.6548', '41.5326'] lr = 0.0000617
2025-07-18 13:35:37,461 - AdaPoinTr - INFO - [Epoch 22/200][Batch 2101/2622] BatchTime = 0.715 (s) DataTime = 0.001 (s) Losses = ['6.6877', '50.1405'] lr = 0.0000617
2025-07-18 13:36:49,230 - AdaPoinTr - INFO - [Epoch 22/200][Batch 2201/2622] BatchTime = 0.715 (s) DataTime = 0.001 (s) Losses = ['6.2245', '44.7565'] lr = 0.0000617
2025-07-18 13:38:01,063 - AdaPoinTr - INFO - [Epoch 22/200][Batch 2301/2622] BatchTime = 0.714 (s) DataTime = 0.001 (s) Losses = ['6.2851', '45.0966'] lr = 0.0000617
2025-07-18 13:39:12,833 - AdaPoinTr - INFO - [Epoch 22/200][Batch 2401/2622] BatchTime = 0.717 (s) DataTime = 0.001 (s) Losses = ['5.8429', '44.9074'] lr = 0.0000617
2025-07-18 13:40:24,606 - AdaPoinTr - INFO - [Epoch 22/200][Batch 2501/2622] BatchTime = 0.712 (s) DataTime = 0.001 (s) Losses = ['5.8764', '46.2972'] lr = 0.0000617
2025-07-18 13:41:36,310 - AdaPoinTr - INFO - [Epoch 22/200][Batch 2601/2622] BatchTime = 0.715 (s) DataTime = 0.001 (s) Losses = ['6.5544', '45.8153'] lr = 0.0000617
2025-07-18 13:41:51,428 - AdaPoinTr - INFO - [Training] EPOCH: 22 EpochTime = 1608.148 (s) Losses = ['6.2240', '45.1639']
2025-07-18 13:41:51,884 - AdaPoinTr - INFO - Save checkpoint at ./experiments/AdaPoinTr/ShapeNet55_models/AdaPoinTr/ckpt-last.pth
2025-07-18 13:41:52,696 - AdaPoinTr - INFO - [Epoch 23/200][Batch 1/2622] BatchTime = 0.811 (s) DataTime = 0.095 (s) Losses = ['6.3201', '46.4072'] lr = 0.0000604
2025-07-18 13:43:04,455 - AdaPoinTr - INFO - [Epoch 23/200][Batch 101/2622] BatchTime = 0.716 (s) DataTime = 0.001 (s) Losses = ['6.7127', '49.1167'] lr = 0.0000604
2025-07-18 13:44:16,183 - AdaPoinTr - INFO - [Epoch 23/200][Batch 201/2622] BatchTime = 0.720 (s) DataTime = 0.001 (s) Losses = ['5.6822', '39.5311'] lr = 0.0000604
2025-07-18 13:45:27,960 - AdaPoinTr - INFO - [Epoch 23/200][Batch 301/2622] BatchTime = 0.715 (s) DataTime = 0.001 (s) Losses = ['6.5813', '42.2355'] lr = 0.0000604
2025-07-18 13:46:39,720 - AdaPoinTr - INFO - [Epoch 23/200][Batch 401/2622] BatchTime = 0.714 (s) DataTime = 0.001 (s) Losses = ['6.2562', '44.0616'] lr = 0.0000604
2025-07-18 13:47:51,506 - AdaPoinTr - INFO - [Epoch 23/200][Batch 501/2622] BatchTime = 0.719 (s) DataTime = 0.001 (s) Losses = ['7.0840', '49.5367'] lr = 0.0000604
2025-07-18 13:49:03,295 - AdaPoinTr - INFO - [Epoch 23/200][Batch 601/2622] BatchTime = 0.718 (s) DataTime = 0.001 (s) Losses = ['6.1614', '46.1791'] lr = 0.0000604
2025-07-18 13:50:15,012 - AdaPoinTr - INFO - [Epoch 23/200][Batch 701/2622] BatchTime = 0.722 (s) DataTime = 0.001 (s) Losses = ['6.4610', '46.0545'] lr = 0.0000604
2025-07-18 13:51:26,808 - AdaPoinTr - INFO - [Epoch 23/200][Batch 801/2622] BatchTime = 0.716 (s) DataTime = 0.001 (s) Losses = ['5.8250', '40.7772'] lr = 0.0000604
2025-07-18 13:52:38,522 - AdaPoinTr - INFO - [Epoch 23/200][Batch 901/2622] BatchTime = 0.713 (s) DataTime = 0.001 (s) Losses = ['6.1901', '46.7328'] lr = 0.0000604
2025-07-18 13:53:50,271 - AdaPoinTr - INFO - [Epoch 23/200][Batch 1001/2622] BatchTime = 0.712 (s) DataTime = 0.001 (s) Losses = ['6.1841', '45.1580'] lr = 0.0000604
2025-07-18 13:55:02,042 - AdaPoinTr - INFO - [Epoch 23/200][Batch 1101/2622] BatchTime = 0.714 (s) DataTime = 0.001 (s) Losses = ['6.5464', '50.6555'] lr = 0.0000604
2025-07-18 13:56:13,755 - AdaPoinTr - INFO - [Epoch 23/200][Batch 1201/2622] BatchTime = 0.708 (s) DataTime = 0.001 (s) Losses = ['5.6470', '43.5922'] lr = 0.0000604
2025-07-18 13:57:25,467 - AdaPoinTr - INFO - [Epoch 23/200][Batch 1301/2622] BatchTime = 0.704 (s) DataTime = 0.001 (s) Losses = ['6.8455', '53.0450'] lr = 0.0000604
2025-07-18 13:58:37,242 - AdaPoinTr - INFO - [Epoch 23/200][Batch 1401/2622] BatchTime = 0.711 (s) DataTime = 0.001 (s) Losses = ['6.1094', '42.4450'] lr = 0.0000604
2025-07-18 13:59:48,986 - AdaPoinTr - INFO - [Epoch 23/200][Batch 1501/2622] BatchTime = 0.705 (s) DataTime = 0.001 (s) Losses = ['5.9998', '45.2492'] lr = 0.0000604
2025-07-18 14:01:00,786 - AdaPoinTr - INFO - [Epoch 23/200][Batch 1601/2622] BatchTime = 0.711 (s) DataTime = 0.001 (s) Losses = ['6.7657', '47.3501'] lr = 0.0000604
2025-07-18 14:02:12,532 - AdaPoinTr - INFO - [Epoch 23/200][Batch 1701/2622] BatchTime = 0.706 (s) DataTime = 0.001 (s) Losses = ['6.6904', '46.9995'] lr = 0.0000604
2025-07-18 14:03:24,378 - AdaPoinTr - INFO - [Epoch 23/200][Batch 1801/2622] BatchTime = 0.709 (s) DataTime = 0.001 (s) Losses = ['6.3566', '46.5257'] lr = 0.0000604
2025-07-18 14:04:36,136 - AdaPoinTr - INFO - [Epoch 23/200][Batch 1901/2622] BatchTime = 0.710 (s) DataTime = 0.001 (s) Losses = ['6.4808', '48.6526'] lr = 0.0000604
2025-07-18 14:05:47,877 - AdaPoinTr - INFO - [Epoch 23/200][Batch 2001/2622] BatchTime = 0.708 (s) DataTime = 0.001 (s) Losses = ['6.5971', '47.6143'] lr = 0.0000604
2025-07-18 14:06:59,668 - AdaPoinTr - INFO - [Epoch 23/200][Batch 2101/2622] BatchTime = 0.708 (s) DataTime = 0.001 (s) Losses = ['5.7154', '44.2192'] lr = 0.0000604
2025-07-18 14:08:11,436 - AdaPoinTr - INFO - [Epoch 23/200][Batch 2201/2622] BatchTime = 0.705 (s) DataTime = 0.001 (s) Losses = ['6.0101', '54.3856'] lr = 0.0000604
2025-07-18 14:09:23,201 - AdaPoinTr - INFO - [Epoch 23/200][Batch 2301/2622] BatchTime = 0.709 (s) DataTime = 0.001 (s) Losses = ['5.2827', '43.3696'] lr = 0.0000604
2025-07-18 14:10:34,989 - AdaPoinTr - INFO - [Epoch 23/200][Batch 2401/2622] BatchTime = 0.712 (s) DataTime = 0.001 (s) Losses = ['6.7907', '46.9921'] lr = 0.0000604
2025-07-18 14:11:46,789 - AdaPoinTr - INFO - [Epoch 23/200][Batch 2501/2622] BatchTime = 0.712 (s) DataTime = 0.001 (s) Losses = ['6.4281', '49.6455'] lr = 0.0000604
2025-07-18 14:12:58,547 - AdaPoinTr - INFO - [Epoch 23/200][Batch 2601/2622] BatchTime = 0.711 (s) DataTime = 0.001 (s) Losses = ['6.5041', '49.9514'] lr = 0.0000604
2025-07-18 14:13:13,665 - AdaPoinTr - INFO - [Training] EPOCH: 23 EpochTime = 1881.780 (s) Losses = ['6.1872', '44.8263']
2025-07-18 14:13:14,129 - AdaPoinTr - INFO - Save checkpoint at ./experiments/AdaPoinTr/ShapeNet55_models/AdaPoinTr/ckpt-last.pth
2025-07-18 14:13:14,926 - AdaPoinTr - INFO - [Epoch 24/200][Batch 1/2622] BatchTime = 0.796 (s) DataTime = 0.091 (s) Losses = ['5.8450', '44.1456'] lr = 0.0000591
2025-07-18 14:14:26,683 - AdaPoinTr - INFO - [Epoch 24/200][Batch 101/2622] BatchTime = 0.708 (s) DataTime = 0.001 (s) Losses = ['6.5147', '47.2771'] lr = 0.0000591
2025-07-18 14:15:38,451 - AdaPoinTr - INFO - [Epoch 24/200][Batch 201/2622] BatchTime = 0.707 (s) DataTime = 0.001 (s) Losses = ['6.7178', '44.9350'] lr = 0.0000591
2025-07-18 14:16:50,183 - AdaPoinTr - INFO - [Epoch 24/200][Batch 301/2622] BatchTime = 0.715 (s) DataTime = 0.001 (s) Losses = ['5.8829', '39.2752'] lr = 0.0000591
2025-07-18 14:18:01,611 - AdaPoinTr - INFO - [Epoch 24/200][Batch 401/2622] BatchTime = 0.722 (s) DataTime = 0.001 (s) Losses = ['6.0584', '45.4600'] lr = 0.0000591
2025-07-18 14:19:13,373 - AdaPoinTr - INFO - [Epoch 24/200][Batch 501/2622] BatchTime = 0.722 (s) DataTime = 0.001 (s) Losses = ['6.5353', '52.3615'] lr = 0.0000591
2025-07-18 14:20:25,137 - AdaPoinTr - INFO - [Epoch 24/200][Batch 601/2622] BatchTime = 0.712 (s) DataTime = 0.001 (s) Losses = ['6.2572', '43.9195'] lr = 0.0000591
2025-07-18 14:21:36,926 - AdaPoinTr - INFO - [Epoch 24/200][Batch 701/2622] BatchTime = 0.720 (s) DataTime = 0.001 (s) Losses = ['6.1000', '46.6833'] lr = 0.0000591
2025-07-18 14:22:48,703 - AdaPoinTr - INFO - [Epoch 24/200][Batch 801/2622] BatchTime = 0.719 (s) DataTime = 0.001 (s) Losses = ['7.4107', '58.3343'] lr = 0.0000591
2025-07-18 14:24:00,457 - AdaPoinTr - INFO - [Epoch 24/200][Batch 901/2622] BatchTime = 0.718 (s) DataTime = 0.001 (s) Losses = ['5.7145', '42.4233'] lr = 0.0000591
2025-07-18 14:25:12,212 - AdaPoinTr - INFO - [Epoch 24/200][Batch 1001/2622] BatchTime = 0.717 (s) DataTime = 0.001 (s) Losses = ['6.3571', '43.8797'] lr = 0.0000591
2025-07-18 14:26:23,962 - AdaPoinTr - INFO - [Epoch 24/200][Batch 1101/2622] BatchTime = 0.719 (s) DataTime = 0.001 (s) Losses = ['5.7170', '43.2158'] lr = 0.0000591
2025-07-18 14:27:35,783 - AdaPoinTr - INFO - [Epoch 24/200][Batch 1201/2622] BatchTime = 0.721 (s) DataTime = 0.002 (s) Losses = ['6.5811', '50.4824'] lr = 0.0000591
2025-07-18 14:28:47,534 - AdaPoinTr - INFO - [Epoch 24/200][Batch 1301/2622] BatchTime = 0.716 (s) DataTime = 0.001 (s) Losses = ['6.9421', '46.0994'] lr = 0.0000591
2025-07-18 14:29:59,261 - AdaPoinTr - INFO - [Epoch 24/200][Batch 1401/2622] BatchTime = 0.711 (s) DataTime = 0.001 (s) Losses = ['5.5478', '42.0484'] lr = 0.0000591
2025-07-18 14:31:10,977 - AdaPoinTr - INFO - [Epoch 24/200][Batch 1501/2622] BatchTime = 0.707 (s) DataTime = 0.001 (s) Losses = ['6.3281', '42.8008'] lr = 0.0000591
2025-07-18 14:32:22,730 - AdaPoinTr - INFO - [Epoch 24/200][Batch 1601/2622] BatchTime = 0.708 (s) DataTime = 0.001 (s) Losses = ['6.2600', '42.7319'] lr = 0.0000591
2025-07-18 14:33:34,507 - AdaPoinTr - INFO - [Epoch 24/200][Batch 1701/2622] BatchTime = 0.706 (s) DataTime = 0.001 (s) Losses = ['6.2098', '43.0044'] lr = 0.0000591
2025-07-18 14:34:46,285 - AdaPoinTr - INFO - [Epoch 24/200][Batch 1801/2622] BatchTime = 0.704 (s) DataTime = 0.001 (s) Losses = ['7.4013', '53.7879'] lr = 0.0000591
2025-07-18 14:35:58,023 - AdaPoinTr - INFO - [Epoch 24/200][Batch 1901/2622] BatchTime = 0.709 (s) DataTime = 0.001 (s) Losses = ['5.9763', '42.9581'] lr = 0.0000591
2025-07-18 14:37:09,774 - AdaPoinTr - INFO - [Epoch 24/200][Batch 2001/2622] BatchTime = 0.709 (s) DataTime = 0.001 (s) Losses = ['6.3466', '44.3706'] lr = 0.0000591
2025-07-18 14:38:21,512 - AdaPoinTr - INFO - [Epoch 24/200][Batch 2101/2622] BatchTime = 0.708 (s) DataTime = 0.001 (s) Losses = ['6.1017', '46.0725'] lr = 0.0000591
2025-07-18 14:39:33,287 - AdaPoinTr - INFO - [Epoch 24/200][Batch 2201/2622] BatchTime = 0.710 (s) DataTime = 0.001 (s) Losses = ['6.6277', '50.4336'] lr = 0.0000591
2025-07-18 14:40:45,028 - AdaPoinTr - INFO - [Epoch 24/200][Batch 2301/2622] BatchTime = 0.713 (s) DataTime = 0.001 (s) Losses = ['6.4529', '46.1023'] lr = 0.0000591
2025-07-18 14:41:56,806 - AdaPoinTr - INFO - [Epoch 24/200][Batch 2401/2622] BatchTime = 0.715 (s) DataTime = 0.001 (s) Losses = ['6.1493', '45.6119'] lr = 0.0000591
2025-07-18 14:43:08,539 - AdaPoinTr - INFO - [Epoch 24/200][Batch 2501/2622] BatchTime = 0.717 (s) DataTime = 0.001 (s) Losses = ['6.0795', '44.8415'] lr = 0.0000591
2025-07-18 14:44:20,332 - AdaPoinTr - INFO - [Epoch 24/200][Batch 2601/2622] BatchTime = 0.715 (s) DataTime = 0.001 (s) Losses = ['6.3424', '43.7976'] lr = 0.0000591
2025-07-18 14:44:35,450 - AdaPoinTr - INFO - [Training] EPOCH: 24 EpochTime = 1881.320 (s) Losses = ['6.1926', '45.2134']
2025-07-18 14:44:35,917 - AdaPoinTr - INFO - Save checkpoint at ./experiments/AdaPoinTr/ShapeNet55_models/AdaPoinTr/ckpt-last.pth
2025-07-18 14:44:36,726 - AdaPoinTr - INFO - [Epoch 25/200][Batch 1/2622] BatchTime = 0.808 (s) DataTime = 0.095 (s) Losses = ['6.1229', '42.7834'] lr = 0.0000578
2025-07-18 14:45:48,516 - AdaPoinTr - INFO - [Epoch 25/200][Batch 101/2622] BatchTime = 0.707 (s) DataTime = 0.001 (s) Losses = ['5.8511', '44.5592'] lr = 0.0000578
2025-07-18 14:47:00,313 - AdaPoinTr - INFO - [Epoch 25/200][Batch 201/2622] BatchTime = 0.708 (s) DataTime = 0.001 (s) Losses = ['5.8317', '43.4823'] lr = 0.0000578
2025-07-18 14:48:12,071 - AdaPoinTr - INFO - [Epoch 25/200][Batch 301/2622] BatchTime = 0.709 (s) DataTime = 0.001 (s) Losses = ['6.8888', '52.4430'] lr = 0.0000578
2025-07-18 14:49:23,813 - AdaPoinTr - INFO - [Epoch 25/200][Batch 401/2622] BatchTime = 0.712 (s) DataTime = 0.001 (s) Losses = ['5.1059', '35.5908'] lr = 0.0000578
2025-07-18 14:50:35,541 - AdaPoinTr - INFO - [Epoch 25/200][Batch 501/2622] BatchTime = 0.718 (s) DataTime = 0.001 (s) Losses = ['6.2736', '44.2576'] lr = 0.0000578
2025-07-18 14:51:47,316 - AdaPoinTr - INFO - [Epoch 25/200][Batch 601/2622] BatchTime = 0.719 (s) DataTime = 0.001 (s) Losses = ['6.6449', '46.5482'] lr = 0.0000578
2025-07-18 14:52:59,103 - AdaPoinTr - INFO - [Epoch 25/200][Batch 701/2622] BatchTime = 0.716 (s) DataTime = 0.001 (s) Losses = ['6.5697', '47.3648'] lr = 0.0000578
2025-07-18 14:54:10,811 - AdaPoinTr - INFO - [Epoch 25/200][Batch 801/2622] BatchTime = 0.716 (s) DataTime = 0.001 (s) Losses = ['6.3653', '46.6277'] lr = 0.0000578
2025-07-18 14:55:22,564 - AdaPoinTr - INFO - [Epoch 25/200][Batch 901/2622] BatchTime = 0.719 (s) DataTime = 0.001 (s) Losses = ['6.7917', '48.0903'] lr = 0.0000578
2025-07-18 14:56:34,381 - AdaPoinTr - INFO - [Epoch 25/200][Batch 1001/2622] BatchTime = 0.714 (s) DataTime = 0.001 (s) Losses = ['5.8972', '43.8648'] lr = 0.0000578
2025-07-18 14:57:46,141 - AdaPoinTr - INFO - [Epoch 25/200][Batch 1101/2622] BatchTime = 0.715 (s) DataTime = 0.001 (s) Losses = ['6.0735', '45.8004'] lr = 0.0000578
2025-07-18 14:58:57,880 - AdaPoinTr - INFO - [Epoch 25/200][Batch 1201/2622] BatchTime = 0.713 (s) DataTime = 0.001 (s) Losses = ['6.3733', '47.1568'] lr = 0.0000578
2025-07-18 15:00:09,671 - AdaPoinTr - INFO - [Epoch 25/200][Batch 1301/2622] BatchTime = 0.715 (s) DataTime = 0.001 (s) Losses = ['5.2438', '41.1077'] lr = 0.0000578
2025-07-18 15:01:21,437 - AdaPoinTr - INFO - [Epoch 25/200][Batch 1401/2622] BatchTime = 0.718 (s) DataTime = 0.001 (s) Losses = ['6.6870', '47.3498'] lr = 0.0000578
2025-07-18 15:02:33,172 - AdaPoinTr - INFO - [Epoch 25/200][Batch 1501/2622] BatchTime = 0.714 (s) DataTime = 0.001 (s) Losses = ['5.7214', '47.4691'] lr = 0.0000578
2025-07-18 15:03:44,949 - AdaPoinTr - INFO - [Epoch 25/200][Batch 1601/2622] BatchTime = 0.716 (s) DataTime = 0.001 (s) Losses = ['6.1887', '49.0000'] lr = 0.0000578
2025-07-18 15:04:56,704 - AdaPoinTr - INFO - [Epoch 25/200][Batch 1701/2622] BatchTime = 0.715 (s) DataTime = 0.001 (s) Losses = ['6.0070', '50.1649'] lr = 0.0000578
2025-07-18 15:06:08,487 - AdaPoinTr - INFO - [Epoch 25/200][Batch 1801/2622] BatchTime = 0.720 (s) DataTime = 0.001 (s) Losses = ['6.4873', '45.7132'] lr = 0.0000578
2025-07-18 15:07:19,879 - AdaPoinTr - INFO - [Epoch 25/200][Batch 1901/2622] BatchTime = 0.710 (s) DataTime = 0.001 (s) Losses = ['6.5253', '43.4207'] lr = 0.0000578
2025-07-18 15:08:31,670 - AdaPoinTr - INFO - [Epoch 25/200][Batch 2001/2622] BatchTime = 0.710 (s) DataTime = 0.001 (s) Losses = ['5.6582', '44.6967'] lr = 0.0000578
2025-07-18 15:09:43,437 - AdaPoinTr - INFO - [Epoch 25/200][Batch 2101/2622] BatchTime = 0.714 (s) DataTime = 0.001 (s) Losses = ['5.4261', '40.4411'] lr = 0.0000578
2025-07-18 15:10:55,166 - AdaPoinTr - INFO - [Epoch 25/200][Batch 2201/2622] BatchTime = 0.706 (s) DataTime = 0.001 (s) Losses = ['7.1356', '49.2979'] lr = 0.0000578
2025-07-18 15:12:06,961 - AdaPoinTr - INFO - [Epoch 25/200][Batch 2301/2622] BatchTime = 0.709 (s) DataTime = 0.001 (s) Losses = ['5.7458', '40.8310'] lr = 0.0000578
2025-07-18 15:13:18,704 - AdaPoinTr - INFO - [Epoch 25/200][Batch 2401/2622] BatchTime = 0.703 (s) DataTime = 0.001 (s) Losses = ['6.0450', '46.1790'] lr = 0.0000578
2025-07-18 15:14:30,488 - AdaPoinTr - INFO - [Epoch 25/200][Batch 2501/2622] BatchTime = 0.707 (s) DataTime = 0.001 (s) Losses = ['5.8633', '45.7857'] lr = 0.0000578
2025-07-18 15:15:42,294 - AdaPoinTr - INFO - [Epoch 25/200][Batch 2601/2622] BatchTime = 0.706 (s) DataTime = 0.001 (s) Losses = ['6.2400', '44.4126'] lr = 0.0000578
2025-07-18 15:15:57,397 - AdaPoinTr - INFO - [Training] EPOCH: 25 EpochTime = 1881.478 (s) Losses = ['6.1957', '45.2426']
2025-07-18 15:15:57,397 - AdaPoinTr - INFO - [VALIDATION] Start validating epoch 25
2025-07-18 15:17:04,508 - AdaPoinTr - INFO - Test[1051/10518] Taxonomy = 02691156 Sample = c7749c0a8b61f43bc9b9e28055202e3d Losses = ['27.2749', '3.0506', '12.6043', '0.6314'] Metrics = ['0.4592', '12.6043', '0.6314', '0.0000']
2025-07-18 15:18:11,440 - AdaPoinTr - INFO - Test[2102/10518] Taxonomy = 03211117 Sample = ab2f9418c111cc6ddb965514105122a4 Losses = ['23.9116', '2.0823', '8.2884', '0.2108'] Metrics = ['0.6189', '8.2884', '0.2108', '0.0000']
2025-07-18 15:19:18,613 - AdaPoinTr - INFO - Test[3153/10518] Taxonomy = 02876657 Sample = c5032e4be091aabb36fe7a88df793982 Losses = ['75.1168', '19.9528', '40.7728', '6.9549'] Metrics = ['0.1792', '40.7728', '6.9549', '0.0000']
2025-07-18 15:20:25,795 - AdaPoinTr - INFO - Test[4204/10518] Taxonomy = 03211117 Sample = 722df1da5778d45b1e43523279c7f09f Losses = ['34.7148', '4.8085', '17.1434', '1.5605'] Metrics = ['0.3479', '17.1434', '1.5605', '0.0000']
2025-07-18 15:21:32,849 - AdaPoinTr - INFO - Test[5255/10518] Taxonomy = 02828884 Sample = 14b63361a48a9fffe4a048c146e8bd43 Losses = ['37.1657', '5.1218', '21.2340', '2.3600'] Metrics = ['0.3445', '21.2340', '2.3600', '0.0000']
2025-07-18 15:22:39,835 - AdaPoinTr - INFO - Test[6306/10518] Taxonomy = 03211117 Sample = d330d50a0255529d19ed6e1a590c9122 Losses = ['27.9111', '3.1025', '11.3605', '0.4667'] Metrics = ['0.4444', '11.3605', '0.4667', '0.0000']
2025-07-18 15:23:46,785 - AdaPoinTr - INFO - Test[7357/10518] Taxonomy = 04379243 Sample = b1ca280d9567270ade98d10ab5975b59 Losses = ['34.9477', '4.6964', '15.7432', '0.8605'] Metrics = ['0.2758', '15.7432', '0.8605', '0.0000']
2025-07-18 15:24:53,764 - AdaPoinTr - INFO - Test[8408/10518] Taxonomy = 03001627 Sample = 89208a619341d9fdb8c516ed5c4ce32 Losses = ['32.2555', '3.6977', '14.3443', '0.6255'] Metrics = ['0.2697', '14.3443', '0.6255', '0.0000']
2025-07-18 15:26:00,727 - AdaPoinTr - INFO - Test[9459/10518] Taxonomy = 03001627 Sample = d0255120e3351121c3bd24f986301745 Losses = ['40.0939', '6.1211', '22.3293', '2.1934'] Metrics = ['0.1963', '22.3293', '2.1934', '0.0000']
2025-07-18 15:27:07,679 - AdaPoinTr - INFO - Test[10510/10518] Taxonomy = 03636649 Sample = ea9ec4d9db2e06202471e6dd5ac3ef92 Losses = ['19.4558', '1.5461', '7.3662', '0.1916'] Metrics = ['0.7663', '7.3662', '0.1916', '0.0000']
2025-07-18 15:27:08,218 - AdaPoinTr - INFO - [Validation] EPOCH: 25  Metrics = ['0.3452', '15.6137', '1.1166', '0.0000']
2025-07-18 15:27:08,218 - AdaPoinTr - INFO - ============================ TEST RESULTS ============================
2025-07-18 15:27:08,219 - AdaPoinTr - INFO - Taxonomy	#Sample	F-Score	CDL1	CDL2	EMDistance	#ModelName	
2025-07-18 15:27:08,219 - AdaPoinTr - INFO - 03759954	14	0.534 	14.611 	1.770 	0.000 	microphone	
2025-07-18 15:27:08,219 - AdaPoinTr - INFO - 04330267	44	0.269 	16.417 	1.041 	0.000 	stove	
2025-07-18 15:27:08,219 - AdaPoinTr - INFO - 03261776	15	0.286 	18.316 	1.436 	0.000 	earphone	
2025-07-18 15:27:08,219 - AdaPoinTr - INFO - 03513137	33	0.195 	21.985 	2.311 	0.000 	helmet	
2025-07-18 15:27:08,219 - AdaPoinTr - INFO - 04460130	27	0.366 	16.346 	1.191 	0.000 	tower	
2025-07-18 15:27:08,219 - AdaPoinTr - INFO - 04468005	78	0.362 	13.868 	0.778 	0.000 	train	
2025-07-18 15:27:08,219 - AdaPoinTr - INFO - 03761084	31	0.224 	17.988 	1.203 	0.000 	microwaves	
2025-07-18 15:27:08,219 - AdaPoinTr - INFO - 04004475	34	0.249 	18.706 	1.735 	0.000 	printer	
2025-07-18 15:27:08,219 - AdaPoinTr - INFO - 03938244	20	0.294 	15.458 	0.900 	0.000 	pillow	
2025-07-18 15:27:08,219 - AdaPoinTr - INFO - 02992529	167	0.404 	12.018 	0.523 	0.000 	cellphone	
2025-07-18 15:27:08,219 - AdaPoinTr - INFO - 02808440	172	0.272 	16.707 	1.211 	0.000 	bathtub	
2025-07-18 15:27:08,219 - AdaPoinTr - INFO - 04530566	388	0.464 	12.432 	0.703 	0.000 	watercraft	
2025-07-18 15:27:08,219 - AdaPoinTr - INFO - 02871439	91	0.232 	17.860 	1.253 	0.000 	bookshelf	
2025-07-18 15:27:08,219 - AdaPoinTr - INFO - 03593526	120	0.241 	19.901 	1.788 	0.000 	jar	
2025-07-18 15:27:08,219 - AdaPoinTr - INFO - 04554684	34	0.216 	18.780 	1.369 	0.000 	washer	
2025-07-18 15:27:08,219 - AdaPoinTr - INFO - 03467517	160	0.771 	7.737 	0.286 	0.000 	guitar	
2025-07-18 15:27:08,219 - AdaPoinTr - INFO - 04401088	218	0.412 	11.685 	0.477 	0.000 	telephone	
2025-07-18 15:27:08,219 - AdaPoinTr - INFO - 02954340	12	0.286 	15.033 	0.762 	0.000 	cap	
2025-07-18 15:27:08,219 - AdaPoinTr - INFO - 02933112	315	0.231 	16.695 	0.981 	0.000 	cabinet	
2025-07-18 15:27:08,219 - AdaPoinTr - INFO - 03642806	92	0.370 	12.196 	0.494 	0.000 	laptop	
2025-07-18 15:27:08,219 - AdaPoinTr - INFO - 02924116	188	0.339 	13.566 	0.672 	0.000 	bus	
2025-07-18 15:27:08,219 - AdaPoinTr - INFO - 02946921	22	0.236 	17.139 	1.201 	0.000 	can	
2025-07-18 15:27:08,219 - AdaPoinTr - INFO - 02818832	47	0.262 	18.718 	1.619 	0.000 	bed	
2025-07-18 15:27:08,219 - AdaPoinTr - INFO - 04256520	635	0.278 	15.908 	0.958 	0.000 	sofa	
2025-07-18 15:27:08,219 - AdaPoinTr - INFO - 04379243	1687	0.364 	14.089 	0.949 	0.000 	table	
2025-07-18 15:27:08,219 - AdaPoinTr - INFO - 02747177	69	0.183 	19.268 	1.373 	0.000 	trash bin	
2025-07-18 15:27:08,219 - AdaPoinTr - INFO - 03046257	131	0.293 	16.152 	1.072 	0.000 	clock	
2025-07-18 15:27:08,219 - AdaPoinTr - INFO - 04225987	31	0.517 	10.498 	0.446 	0.000 	skateboard	
2025-07-18 15:27:08,219 - AdaPoinTr - INFO - 03797390	43	0.176 	21.307 	1.940 	0.000 	mug	
2025-07-18 15:27:08,219 - AdaPoinTr - INFO - 03001627	1356	0.344 	15.381 	1.062 	0.000 	chair	
2025-07-18 15:27:08,219 - AdaPoinTr - INFO - 03691459	320	0.235 	19.027 	1.548 	0.000 	loudspeaker	
2025-07-18 15:27:08,219 - AdaPoinTr - INFO - 02942699	23	0.221 	22.387 	2.595 	0.000 	camera	
2025-07-18 15:27:08,219 - AdaPoinTr - INFO - 03636649	464	0.493 	15.254 	1.616 	0.000 	lamp	
2025-07-18 15:27:08,219 - AdaPoinTr - INFO - 02691156	809	0.533 	10.576 	0.494 	0.000 	airplane	
2025-07-18 15:27:08,219 - AdaPoinTr - INFO - 02773838	17	0.331 	14.573 	0.805 	0.000 	bag	
2025-07-18 15:27:08,219 - AdaPoinTr - INFO - 02958343	703	0.208 	17.590 	1.044 	0.000 	car	
2025-07-18 15:27:08,219 - AdaPoinTr - INFO - 02880940	38	0.215 	17.355 	1.016 	0.000 	bowl	
2025-07-18 15:27:08,219 - AdaPoinTr - INFO - 04099429	17	0.698 	8.689 	0.367 	0.000 	rocket	
2025-07-18 15:27:08,219 - AdaPoinTr - INFO - 02828884	363	0.411 	12.426 	0.704 	0.000 	bench	
2025-07-18 15:27:08,219 - AdaPoinTr - INFO - 04090263	475	0.665 	9.298 	0.453 	0.000 	rifle	
2025-07-18 15:27:08,219 - AdaPoinTr - INFO - 03211117	219	0.325 	14.936 	0.962 	0.000 	display	
2025-07-18 15:27:08,219 - AdaPoinTr - INFO - 02876657	100	0.393 	13.840 	0.932 	0.000 	bottle	
2025-07-18 15:27:08,219 - AdaPoinTr - INFO - 03710193	19	0.499 	13.805 	1.069 	0.000 	mailbox	
2025-07-18 15:27:08,219 - AdaPoinTr - INFO - 03790512	68	0.236 	18.100 	1.241 	0.000 	motorbike	
2025-07-18 15:27:08,219 - AdaPoinTr - INFO - 03325088	149	0.423 	16.869 	1.826 	0.000 	faucet	
2025-07-18 15:27:08,219 - AdaPoinTr - INFO - 02801938	23	0.215 	18.763 	1.537 	0.000 	basket	
2025-07-18 15:27:08,219 - AdaPoinTr - INFO - 03337140	60	0.229 	17.770 	1.213 	0.000 	file cabinet	
2025-07-18 15:27:08,219 - AdaPoinTr - INFO - 02843684	15	0.221 	21.560 	2.216 	0.000 	birdhouse	
2025-07-18 15:27:08,219 - AdaPoinTr - INFO - 03624134	85	0.748 	8.129 	0.332 	0.000 	knife	
2025-07-18 15:27:08,219 - AdaPoinTr - INFO - 03991062	121	0.216 	20.968 	1.803 	0.000 	flowerpot	
2025-07-18 15:27:08,219 - AdaPoinTr - INFO - 03948459	62	0.438 	13.263 	0.855 	0.000 	pistol	
2025-07-18 15:27:08,219 - AdaPoinTr - INFO - 03928116	48	0.272 	17.496 	1.369 	0.000 	piano	
2025-07-18 15:27:08,219 - AdaPoinTr - INFO - 03207941	19	0.228 	16.704 	0.968 	0.000 	dishwasher	
2025-07-18 15:27:08,219 - AdaPoinTr - INFO - 04074963	14	0.431 	11.747 	0.497 	0.000 	remote	
2025-07-18 15:27:08,219 - AdaPoinTr - INFO - 03085013	13	0.427 	10.862 	0.448 	0.000 	keyboard	
2025-07-18 15:27:08,219 - AdaPoinTr - INFO - Overall		0.345 	15.614 	1.117 	0.000 	
2025-07-18 15:27:08,684 - AdaPoinTr - INFO - Save checkpoint at ./experiments/AdaPoinTr/ShapeNet55_models/AdaPoinTr/ckpt-best.pth
2025-07-18 15:27:09,101 - AdaPoinTr - INFO - Save checkpoint at ./experiments/AdaPoinTr/ShapeNet55_models/AdaPoinTr/ckpt-last.pth
2025-07-18 15:27:09,913 - AdaPoinTr - INFO - [Epoch 26/200][Batch 1/2622] BatchTime = 0.812 (s) DataTime = 0.095 (s) Losses = ['6.3459', '47.7481'] lr = 0.0000565
2025-07-18 15:28:21,700 - AdaPoinTr - INFO - [Epoch 26/200][Batch 101/2622] BatchTime = 0.715 (s) DataTime = 0.001 (s) Losses = ['6.1164', '44.0641'] lr = 0.0000565
2025-07-18 15:29:33,522 - AdaPoinTr - INFO - [Epoch 26/200][Batch 201/2622] BatchTime = 0.723 (s) DataTime = 0.001 (s) Losses = ['6.0499', '43.7724'] lr = 0.0000565
2025-07-18 15:30:45,276 - AdaPoinTr - INFO - [Epoch 26/200][Batch 301/2622] BatchTime = 0.720 (s) DataTime = 0.001 (s) Losses = ['7.0692', '47.3176'] lr = 0.0000565
2025-07-18 15:31:57,063 - AdaPoinTr - INFO - [Epoch 26/200][Batch 401/2622] BatchTime = 0.716 (s) DataTime = 0.001 (s) Losses = ['6.4123', '44.9582'] lr = 0.0000565
2025-07-18 15:33:08,843 - AdaPoinTr - INFO - [Epoch 26/200][Batch 501/2622] BatchTime = 0.721 (s) DataTime = 0.001 (s) Losses = ['6.1915', '43.8658'] lr = 0.0000565
2025-07-18 15:34:20,600 - AdaPoinTr - INFO - [Epoch 26/200][Batch 601/2622] BatchTime = 0.716 (s) DataTime = 0.001 (s) Losses = ['7.0910', '50.5177'] lr = 0.0000565
2025-07-18 15:35:32,349 - AdaPoinTr - INFO - [Epoch 26/200][Batch 701/2622] BatchTime = 0.710 (s) DataTime = 0.001 (s) Losses = ['5.6581', '42.1164'] lr = 0.0000565
2025-07-18 15:36:44,141 - AdaPoinTr - INFO - [Epoch 26/200][Batch 801/2622] BatchTime = 0.715 (s) DataTime = 0.001 (s) Losses = ['6.6115', '44.5723'] lr = 0.0000565
2025-07-18 15:37:55,887 - AdaPoinTr - INFO - [Epoch 26/200][Batch 901/2622] BatchTime = 0.711 (s) DataTime = 0.001 (s) Losses = ['7.3435', '46.9297'] lr = 0.0000565
2025-07-18 15:39:07,662 - AdaPoinTr - INFO - [Epoch 26/200][Batch 1001/2622] BatchTime = 0.717 (s) DataTime = 0.001 (s) Losses = ['6.2399', '43.9041'] lr = 0.0000565
2025-07-18 15:40:19,425 - AdaPoinTr - INFO - [Epoch 26/200][Batch 1101/2622] BatchTime = 0.709 (s) DataTime = 0.001 (s) Losses = ['6.2903', '51.0532'] lr = 0.0000565
2025-07-18 15:41:31,194 - AdaPoinTr - INFO - [Epoch 26/200][Batch 1201/2622] BatchTime = 0.712 (s) DataTime = 0.001 (s) Losses = ['5.8884', '45.2219'] lr = 0.0000565
2025-07-18 15:42:42,969 - AdaPoinTr - INFO - [Epoch 26/200][Batch 1301/2622] BatchTime = 0.712 (s) DataTime = 0.001 (s) Losses = ['5.8947', '44.6596'] lr = 0.0000565
2025-07-18 15:43:54,733 - AdaPoinTr - INFO - [Epoch 26/200][Batch 1401/2622] BatchTime = 0.710 (s) DataTime = 0.001 (s) Losses = ['6.6003', '46.5558'] lr = 0.0000565
2025-07-18 15:45:06,524 - AdaPoinTr - INFO - [Epoch 26/200][Batch 1501/2622] BatchTime = 0.708 (s) DataTime = 0.001 (s) Losses = ['5.0766', '39.8029'] lr = 0.0000565
2025-07-18 15:46:18,313 - AdaPoinTr - INFO - [Epoch 26/200][Batch 1601/2622] BatchTime = 0.707 (s) DataTime = 0.001 (s) Losses = ['5.5537', '41.7400'] lr = 0.0000565
2025-07-18 15:47:30,083 - AdaPoinTr - INFO - [Epoch 26/200][Batch 1701/2622] BatchTime = 0.705 (s) DataTime = 0.001 (s) Losses = ['5.4632', '40.6301'] lr = 0.0000565
2025-07-18 15:48:41,850 - AdaPoinTr - INFO - [Epoch 26/200][Batch 1801/2622] BatchTime = 0.704 (s) DataTime = 0.001 (s) Losses = ['5.7851', '43.3470'] lr = 0.0000565
2025-07-18 15:49:53,600 - AdaPoinTr - INFO - [Epoch 26/200][Batch 1901/2622] BatchTime = 0.706 (s) DataTime = 0.001 (s) Losses = ['5.7693', '41.3286'] lr = 0.0000565
2025-07-18 15:51:05,369 - AdaPoinTr - INFO - [Epoch 26/200][Batch 2001/2622] BatchTime = 0.709 (s) DataTime = 0.001 (s) Losses = ['5.7121', '41.1611'] lr = 0.0000565
2025-07-18 15:52:16,771 - AdaPoinTr - INFO - [Epoch 26/200][Batch 2101/2622] BatchTime = 0.718 (s) DataTime = 0.001 (s) Losses = ['5.7582', '41.0806'] lr = 0.0000565
2025-07-18 15:53:28,536 - AdaPoinTr - INFO - [Epoch 26/200][Batch 2201/2622] BatchTime = 0.721 (s) DataTime = 0.001 (s) Losses = ['6.0118', '48.2062'] lr = 0.0000565
2025-07-18 15:54:40,315 - AdaPoinTr - INFO - [Epoch 26/200][Batch 2301/2622] BatchTime = 0.717 (s) DataTime = 0.001 (s) Losses = ['6.6631', '49.6653'] lr = 0.0000565
2025-07-18 15:55:52,096 - AdaPoinTr - INFO - [Epoch 26/200][Batch 2401/2622] BatchTime = 0.723 (s) DataTime = 0.001 (s) Losses = ['6.8681', '47.6531'] lr = 0.0000565
2025-07-18 15:57:03,850 - AdaPoinTr - INFO - [Epoch 26/200][Batch 2501/2622] BatchTime = 0.714 (s) DataTime = 0.001 (s) Losses = ['6.5644', '46.4641'] lr = 0.0000565
2025-07-18 15:58:15,613 - AdaPoinTr - INFO - [Epoch 26/200][Batch 2601/2622] BatchTime = 0.713 (s) DataTime = 0.001 (s) Losses = ['6.8964', '47.9261'] lr = 0.0000565
2025-07-18 15:58:30,734 - AdaPoinTr - INFO - [Training] EPOCH: 26 EpochTime = 1881.632 (s) Losses = ['6.1888', '45.4093']
2025-07-18 15:58:31,206 - AdaPoinTr - INFO - Save checkpoint at ./experiments/AdaPoinTr/ShapeNet55_models/AdaPoinTr/ckpt-last.pth
2025-07-18 15:58:32,018 - AdaPoinTr - INFO - [Epoch 27/200][Batch 1/2622] BatchTime = 0.811 (s) DataTime = 0.095 (s) Losses = ['5.7504', '45.9440'] lr = 0.0000553
2025-07-18 15:59:43,752 - AdaPoinTr - INFO - [Epoch 27/200][Batch 101/2622] BatchTime = 0.717 (s) DataTime = 0.001 (s) Losses = ['6.1992', '46.0826'] lr = 0.0000553
2025-07-18 16:00:55,511 - AdaPoinTr - INFO - [Epoch 27/200][Batch 201/2622] BatchTime = 0.715 (s) DataTime = 0.001 (s) Losses = ['5.8321', '45.9671'] lr = 0.0000553
2025-07-18 16:02:07,291 - AdaPoinTr - INFO - [Epoch 27/200][Batch 301/2622] BatchTime = 0.715 (s) DataTime = 0.001 (s) Losses = ['6.6962', '48.5927'] lr = 0.0000553
2025-07-18 16:03:19,068 - AdaPoinTr - INFO - [Epoch 27/200][Batch 401/2622] BatchTime = 0.713 (s) DataTime = 0.001 (s) Losses = ['5.8850', '44.5245'] lr = 0.0000553
2025-07-18 16:04:30,825 - AdaPoinTr - INFO - [Epoch 27/200][Batch 501/2622] BatchTime = 0.711 (s) DataTime = 0.001 (s) Losses = ['7.0541', '48.7312'] lr = 0.0000553
2025-07-18 16:05:42,586 - AdaPoinTr - INFO - [Epoch 27/200][Batch 601/2622] BatchTime = 0.709 (s) DataTime = 0.001 (s) Losses = ['6.9587', '48.2546'] lr = 0.0000553
2025-07-18 16:06:54,329 - AdaPoinTr - INFO - [Epoch 27/200][Batch 701/2622] BatchTime = 0.706 (s) DataTime = 0.001 (s) Losses = ['5.8731', '43.2993'] lr = 0.0000553
2025-07-18 16:08:06,089 - AdaPoinTr - INFO - [Epoch 27/200][Batch 801/2622] BatchTime = 0.708 (s) DataTime = 0.001 (s) Losses = ['6.5048', '45.3005'] lr = 0.0000553
2025-07-18 16:09:17,861 - AdaPoinTr - INFO - [Epoch 27/200][Batch 901/2622] BatchTime = 0.715 (s) DataTime = 0.001 (s) Losses = ['6.1050', '46.8931'] lr = 0.0000553
2025-07-18 16:10:29,606 - AdaPoinTr - INFO - [Epoch 27/200][Batch 1001/2622] BatchTime = 0.713 (s) DataTime = 0.001 (s) Losses = ['5.4435', '42.9854'] lr = 0.0000553
2025-07-18 16:11:41,428 - AdaPoinTr - INFO - [Epoch 27/200][Batch 1101/2622] BatchTime = 0.716 (s) DataTime = 0.001 (s) Losses = ['6.7983', '49.8119'] lr = 0.0000553
2025-07-18 16:12:53,216 - AdaPoinTr - INFO - [Epoch 27/200][Batch 1201/2622] BatchTime = 0.715 (s) DataTime = 0.001 (s) Losses = ['5.4547', '39.4670'] lr = 0.0000553
2025-07-18 16:14:04,940 - AdaPoinTr - INFO - [Epoch 27/200][Batch 1301/2622] BatchTime = 0.716 (s) DataTime = 0.001 (s) Losses = ['5.8802', '47.5665'] lr = 0.0000553
2025-07-18 16:15:16,736 - AdaPoinTr - INFO - [Epoch 27/200][Batch 1401/2622] BatchTime = 0.716 (s) DataTime = 0.001 (s) Losses = ['6.5260', '45.1457'] lr = 0.0000553
2025-07-18 16:16:28,538 - AdaPoinTr - INFO - [Epoch 27/200][Batch 1501/2622] BatchTime = 0.717 (s) DataTime = 0.001 (s) Losses = ['5.6745', '43.5368'] lr = 0.0000553
2025-07-18 16:17:40,280 - AdaPoinTr - INFO - [Epoch 27/200][Batch 1601/2622] BatchTime = 0.712 (s) DataTime = 0.001 (s) Losses = ['6.6862', '46.7909'] lr = 0.0000553
2025-07-18 16:18:52,052 - AdaPoinTr - INFO - [Epoch 27/200][Batch 1701/2622] BatchTime = 0.717 (s) DataTime = 0.001 (s) Losses = ['7.1073', '48.4399'] lr = 0.0000553
2025-07-18 16:20:03,796 - AdaPoinTr - INFO - [Epoch 27/200][Batch 1801/2622] BatchTime = 0.712 (s) DataTime = 0.001 (s) Losses = ['6.3854', '47.2139'] lr = 0.0000553
2025-07-18 16:21:15,563 - AdaPoinTr - INFO - [Epoch 27/200][Batch 1901/2622] BatchTime = 0.712 (s) DataTime = 0.001 (s) Losses = ['6.2513', '46.8522'] lr = 0.0000553
2025-07-18 16:22:27,339 - AdaPoinTr - INFO - [Epoch 27/200][Batch 2001/2622] BatchTime = 0.714 (s) DataTime = 0.001 (s) Losses = ['7.1713', '50.4467'] lr = 0.0000553
2025-07-18 16:23:39,123 - AdaPoinTr - INFO - [Epoch 27/200][Batch 2101/2622] BatchTime = 0.714 (s) DataTime = 0.001 (s) Losses = ['6.1579', '41.2521'] lr = 0.0000553
2025-07-18 16:24:50,890 - AdaPoinTr - INFO - [Epoch 27/200][Batch 2201/2622] BatchTime = 0.712 (s) DataTime = 0.001 (s) Losses = ['6.1992', '52.0410'] lr = 0.0000553
2025-07-18 16:26:02,677 - AdaPoinTr - INFO - [Epoch 27/200][Batch 2301/2622] BatchTime = 0.716 (s) DataTime = 0.001 (s) Losses = ['6.3809', '45.6963'] lr = 0.0000553
2025-07-18 16:27:14,489 - AdaPoinTr - INFO - [Epoch 27/200][Batch 2401/2622] BatchTime = 0.713 (s) DataTime = 0.001 (s) Losses = ['5.3098', '45.3517'] lr = 0.0000553
2025-07-18 16:28:26,233 - AdaPoinTr - INFO - [Epoch 27/200][Batch 2501/2622] BatchTime = 0.712 (s) DataTime = 0.001 (s) Losses = ['5.4689', '43.4665'] lr = 0.0000553
2025-07-18 16:29:38,002 - AdaPoinTr - INFO - [Epoch 27/200][Batch 2601/2622] BatchTime = 0.713 (s) DataTime = 0.001 (s) Losses = ['6.3867', '46.0816'] lr = 0.0000553
2025-07-18 16:29:53,103 - AdaPoinTr - INFO - [Training] EPOCH: 27 EpochTime = 1881.896 (s) Losses = ['6.1966', '45.3572']
2025-07-18 16:29:53,561 - AdaPoinTr - INFO - Save checkpoint at ./experiments/AdaPoinTr/ShapeNet55_models/AdaPoinTr/ckpt-last.pth
2025-07-18 16:29:54,374 - AdaPoinTr - INFO - [Epoch 28/200][Batch 1/2622] BatchTime = 0.812 (s) DataTime = 0.096 (s) Losses = ['6.0987', '46.2729'] lr = 0.0000541
2025-07-18 16:31:06,124 - AdaPoinTr - INFO - [Epoch 28/200][Batch 101/2622] BatchTime = 0.711 (s) DataTime = 0.001 (s) Losses = ['5.8302', '44.2463'] lr = 0.0000541
2025-07-18 16:32:17,902 - AdaPoinTr - INFO - [Epoch 28/200][Batch 201/2622] BatchTime = 0.711 (s) DataTime = 0.001 (s) Losses = ['5.7237', '42.1803'] lr = 0.0000541
2025-07-18 16:33:29,651 - AdaPoinTr - INFO - [Epoch 28/200][Batch 301/2622] BatchTime = 0.708 (s) DataTime = 0.001 (s) Losses = ['6.5892', '46.8911'] lr = 0.0000541
2025-07-18 16:34:41,367 - AdaPoinTr - INFO - [Epoch 28/200][Batch 401/2622] BatchTime = 0.709 (s) DataTime = 0.001 (s) Losses = ['6.2539', '44.0356'] lr = 0.0000541
2025-07-18 16:35:53,145 - AdaPoinTr - INFO - [Epoch 28/200][Batch 501/2622] BatchTime = 0.706 (s) DataTime = 0.001 (s) Losses = ['6.8002', '48.8200'] lr = 0.0000541
2025-07-18 16:37:04,884 - AdaPoinTr - INFO - [Epoch 28/200][Batch 601/2622] BatchTime = 0.707 (s) DataTime = 0.001 (s) Losses = ['6.3151', '45.3495'] lr = 0.0000541
2025-07-18 16:38:16,642 - AdaPoinTr - INFO - [Epoch 28/200][Batch 701/2622] BatchTime = 0.710 (s) DataTime = 0.001 (s) Losses = ['5.2687', '36.5419'] lr = 0.0000541
2025-07-18 16:39:28,369 - AdaPoinTr - INFO - [Epoch 28/200][Batch 801/2622] BatchTime = 0.716 (s) DataTime = 0.001 (s) Losses = ['5.4983', '41.6930'] lr = 0.0000541
2025-07-18 16:40:40,121 - AdaPoinTr - INFO - [Epoch 28/200][Batch 901/2622] BatchTime = 0.717 (s) DataTime = 0.001 (s) Losses = ['6.9227', '51.3388'] lr = 0.0000541
2025-07-18 16:41:51,513 - AdaPoinTr - INFO - [Epoch 28/200][Batch 1001/2622] BatchTime = 0.710 (s) DataTime = 0.001 (s) Losses = ['6.4767', '45.9483'] lr = 0.0000541
2025-07-18 16:43:03,329 - AdaPoinTr - INFO - [Epoch 28/200][Batch 1101/2622] BatchTime = 0.712 (s) DataTime = 0.001 (s) Losses = ['6.2635', '43.3064'] lr = 0.0000541
2025-07-18 16:44:15,104 - AdaPoinTr - INFO - [Epoch 28/200][Batch 1201/2622] BatchTime = 0.715 (s) DataTime = 0.001 (s) Losses = ['6.1343', '47.4195'] lr = 0.0000541
2025-07-18 16:45:26,825 - AdaPoinTr - INFO - [Epoch 28/200][Batch 1301/2622] BatchTime = 0.706 (s) DataTime = 0.001 (s) Losses = ['6.4450', '44.6114'] lr = 0.0000541
2025-07-18 16:46:38,601 - AdaPoinTr - INFO - [Epoch 28/200][Batch 1401/2622] BatchTime = 0.707 (s) DataTime = 0.001 (s) Losses = ['5.6536', '40.0866'] lr = 0.0000541
2025-07-18 16:47:50,340 - AdaPoinTr - INFO - [Epoch 28/200][Batch 1501/2622] BatchTime = 0.710 (s) DataTime = 0.001 (s) Losses = ['6.3542', '48.1004'] lr = 0.0000541
2025-07-18 16:49:02,109 - AdaPoinTr - INFO - [Epoch 28/200][Batch 1601/2622] BatchTime = 0.704 (s) DataTime = 0.001 (s) Losses = ['6.4963', '45.1302'] lr = 0.0000541
2025-07-18 16:50:13,812 - AdaPoinTr - INFO - [Epoch 28/200][Batch 1701/2622] BatchTime = 0.714 (s) DataTime = 0.001 (s) Losses = ['6.4760', '45.8151'] lr = 0.0000541
2025-07-18 16:51:25,574 - AdaPoinTr - INFO - [Epoch 28/200][Batch 1801/2622] BatchTime = 0.717 (s) DataTime = 0.001 (s) Losses = ['6.3277', '46.6297'] lr = 0.0000541
2025-07-18 16:52:37,355 - AdaPoinTr - INFO - [Epoch 28/200][Batch 1901/2622] BatchTime = 0.713 (s) DataTime = 0.001 (s) Losses = ['5.9864', '43.3320'] lr = 0.0000541
2025-07-18 16:53:49,112 - AdaPoinTr - INFO - [Epoch 28/200][Batch 2001/2622] BatchTime = 0.717 (s) DataTime = 0.001 (s) Losses = ['6.7876', '48.2237'] lr = 0.0000541
2025-07-18 16:55:00,847 - AdaPoinTr - INFO - [Epoch 28/200][Batch 2101/2622] BatchTime = 0.718 (s) DataTime = 0.001 (s) Losses = ['6.6687', '53.4832'] lr = 0.0000541
2025-07-18 16:56:12,615 - AdaPoinTr - INFO - [Epoch 28/200][Batch 2201/2622] BatchTime = 0.716 (s) DataTime = 0.001 (s) Losses = ['5.8344', '44.5571'] lr = 0.0000541
2025-07-18 16:57:24,354 - AdaPoinTr - INFO - [Epoch 28/200][Batch 2301/2622] BatchTime = 0.716 (s) DataTime = 0.001 (s) Losses = ['6.5922', '48.2244'] lr = 0.0000541
2025-07-18 16:58:36,130 - AdaPoinTr - INFO - [Epoch 28/200][Batch 2401/2622] BatchTime = 0.718 (s) DataTime = 0.001 (s) Losses = ['6.4641', '43.4871'] lr = 0.0000541
2025-07-18 16:59:47,870 - AdaPoinTr - INFO - [Epoch 28/200][Batch 2501/2622] BatchTime = 0.712 (s) DataTime = 0.001 (s) Losses = ['6.5103', '43.8854'] lr = 0.0000541
2025-07-18 17:00:59,622 - AdaPoinTr - INFO - [Epoch 28/200][Batch 2601/2622] BatchTime = 0.714 (s) DataTime = 0.001 (s) Losses = ['6.0740', '44.2275'] lr = 0.0000541
2025-07-18 17:01:14,746 - AdaPoinTr - INFO - [Training] EPOCH: 28 EpochTime = 1881.185 (s) Losses = ['6.1559', '45.1635']
2025-07-18 17:01:15,216 - AdaPoinTr - INFO - Save checkpoint at ./experiments/AdaPoinTr/ShapeNet55_models/AdaPoinTr/ckpt-last.pth
2025-07-18 17:01:16,028 - AdaPoinTr - INFO - [Epoch 29/200][Batch 1/2622] BatchTime = 0.811 (s) DataTime = 0.094 (s) Losses = ['6.3555', '42.9121'] lr = 0.0000529
2025-07-18 17:02:27,911 - AdaPoinTr - INFO - [Epoch 29/200][Batch 101/2622] BatchTime = 0.714 (s) DataTime = 0.001 (s) Losses = ['6.7473', '50.7160'] lr = 0.0000529
2025-07-18 17:03:39,728 - AdaPoinTr - INFO - [Epoch 29/200][Batch 201/2622] BatchTime = 0.708 (s) DataTime = 0.001 (s) Losses = ['6.6813', '51.6801'] lr = 0.0000529
2025-07-18 17:04:51,517 - AdaPoinTr - INFO - [Epoch 29/200][Batch 301/2622] BatchTime = 0.713 (s) DataTime = 0.001 (s) Losses = ['5.6001', '41.0534'] lr = 0.0000529
2025-07-18 17:06:03,289 - AdaPoinTr - INFO - [Epoch 29/200][Batch 401/2622] BatchTime = 0.717 (s) DataTime = 0.001 (s) Losses = ['5.7085', '49.6818'] lr = 0.0000529
2025-07-18 17:07:15,056 - AdaPoinTr - INFO - [Epoch 29/200][Batch 501/2622] BatchTime = 0.715 (s) DataTime = 0.001 (s) Losses = ['5.6598', '44.0316'] lr = 0.0000529
2025-07-18 17:08:26,829 - AdaPoinTr - INFO - [Epoch 29/200][Batch 601/2622] BatchTime = 0.717 (s) DataTime = 0.001 (s) Losses = ['6.3517', '44.9644'] lr = 0.0000529
2025-07-18 17:09:38,605 - AdaPoinTr - INFO - [Epoch 29/200][Batch 701/2622] BatchTime = 0.711 (s) DataTime = 0.001 (s) Losses = ['6.2508', '50.1053'] lr = 0.0000529
2025-07-18 17:10:50,369 - AdaPoinTr - INFO - [Epoch 29/200][Batch 801/2622] BatchTime = 0.725 (s) DataTime = 0.001 (s) Losses = ['5.3503', '46.6961'] lr = 0.0000529
2025-07-18 17:12:02,172 - AdaPoinTr - INFO - [Epoch 29/200][Batch 901/2622] BatchTime = 0.715 (s) DataTime = 0.001 (s) Losses = ['6.3760', '43.1992'] lr = 0.0000529
2025-07-18 17:13:13,933 - AdaPoinTr - INFO - [Epoch 29/200][Batch 1001/2622] BatchTime = 0.717 (s) DataTime = 0.001 (s) Losses = ['6.7572', '52.7831'] lr = 0.0000529
2025-07-18 17:14:25,684 - AdaPoinTr - INFO - [Epoch 29/200][Batch 1101/2622] BatchTime = 0.720 (s) DataTime = 0.001 (s) Losses = ['5.6779', '42.2995'] lr = 0.0000529
2025-07-18 17:15:37,440 - AdaPoinTr - INFO - [Epoch 29/200][Batch 1201/2622] BatchTime = 0.718 (s) DataTime = 0.001 (s) Losses = ['6.4034', '47.5152'] lr = 0.0000529
2025-07-18 17:16:49,210 - AdaPoinTr - INFO - [Epoch 29/200][Batch 1301/2622] BatchTime = 0.716 (s) DataTime = 0.001 (s) Losses = ['6.5531', '52.3858'] lr = 0.0000529
2025-07-18 17:18:00,957 - AdaPoinTr - INFO - [Epoch 29/200][Batch 1401/2622] BatchTime = 0.713 (s) DataTime = 0.001 (s) Losses = ['6.8060', '46.4126'] lr = 0.0000529
2025-07-18 17:19:12,719 - AdaPoinTr - INFO - [Epoch 29/200][Batch 1501/2622] BatchTime = 0.711 (s) DataTime = 0.001 (s) Losses = ['5.4044', '43.7995'] lr = 0.0000529
2025-07-18 17:20:24,472 - AdaPoinTr - INFO - [Epoch 29/200][Batch 1601/2622] BatchTime = 0.712 (s) DataTime = 0.001 (s) Losses = ['5.9325', '42.7475'] lr = 0.0000529
2025-07-18 17:21:36,178 - AdaPoinTr - INFO - [Epoch 29/200][Batch 1701/2622] BatchTime = 0.713 (s) DataTime = 0.001 (s) Losses = ['5.7325', '41.5575'] lr = 0.0000529
2025-07-18 17:22:47,912 - AdaPoinTr - INFO - [Epoch 29/200][Batch 1801/2622] BatchTime = 0.705 (s) DataTime = 0.001 (s) Losses = ['6.2735', '42.1947'] lr = 0.0000529
2025-07-18 17:23:59,689 - AdaPoinTr - INFO - [Epoch 29/200][Batch 1901/2622] BatchTime = 0.708 (s) DataTime = 0.001 (s) Losses = ['5.5660', '43.1804'] lr = 0.0000529
2025-07-18 17:25:11,474 - AdaPoinTr - INFO - [Epoch 29/200][Batch 2001/2622] BatchTime = 0.704 (s) DataTime = 0.001 (s) Losses = ['6.6820', '49.2551'] lr = 0.0000529
2025-07-18 17:26:23,267 - AdaPoinTr - INFO - [Epoch 29/200][Batch 2101/2622] BatchTime = 0.704 (s) DataTime = 0.001 (s) Losses = ['5.7623', '41.6887'] lr = 0.0000529
2025-07-18 17:27:35,013 - AdaPoinTr - INFO - [Epoch 29/200][Batch 2201/2622] BatchTime = 0.705 (s) DataTime = 0.001 (s) Losses = ['6.5111', '46.6402'] lr = 0.0000529
2025-07-18 17:28:46,775 - AdaPoinTr - INFO - [Epoch 29/200][Batch 2301/2622] BatchTime = 0.705 (s) DataTime = 0.001 (s) Losses = ['6.1054', '46.0071'] lr = 0.0000529
2025-07-18 17:29:58,562 - AdaPoinTr - INFO - [Epoch 29/200][Batch 2401/2622] BatchTime = 0.706 (s) DataTime = 0.001 (s) Losses = ['6.5954', '47.2087'] lr = 0.0000529
2025-07-18 17:31:02,065 - AdaPoinTr - INFO - [Epoch 29/200][Batch 2501/2622] BatchTime = 0.510 (s) DataTime = 0.001 (s) Losses = ['5.9459', '50.7451'] lr = 0.0000529
2025-07-18 17:31:53,306 - AdaPoinTr - INFO - [Epoch 29/200][Batch 2601/2622] BatchTime = 0.514 (s) DataTime = 0.001 (s) Losses = ['6.0980', '45.1756'] lr = 0.0000529
2025-07-18 17:32:04,116 - AdaPoinTr - INFO - [Training] EPOCH: 29 EpochTime = 1848.899 (s) Losses = ['6.1683', '45.4354']
2025-07-18 17:32:04,584 - AdaPoinTr - INFO - Save checkpoint at ./experiments/AdaPoinTr/ShapeNet55_models/AdaPoinTr/ckpt-last.pth
2025-07-18 17:32:05,203 - AdaPoinTr - INFO - [Epoch 30/200][Batch 1/2622] BatchTime = 0.618 (s) DataTime = 0.098 (s) Losses = ['6.7340', '49.9687'] lr = 0.0000518
2025-07-18 17:32:56,727 - AdaPoinTr - INFO - [Epoch 30/200][Batch 101/2622] BatchTime = 0.504 (s) DataTime = 0.001 (s) Losses = ['6.2740', '44.3182'] lr = 0.0000518
2025-07-18 17:33:48,234 - AdaPoinTr - INFO - [Epoch 30/200][Batch 201/2622] BatchTime = 0.513 (s) DataTime = 0.001 (s) Losses = ['5.3499', '41.3656'] lr = 0.0000518
2025-07-18 17:34:39,639 - AdaPoinTr - INFO - [Epoch 30/200][Batch 301/2622] BatchTime = 0.508 (s) DataTime = 0.001 (s) Losses = ['6.2651', '46.8430'] lr = 0.0000518
2025-07-18 17:35:31,087 - AdaPoinTr - INFO - [Epoch 30/200][Batch 401/2622] BatchTime = 0.514 (s) DataTime = 0.001 (s) Losses = ['5.5532', '42.1917'] lr = 0.0000518
2025-07-18 17:36:22,596 - AdaPoinTr - INFO - [Epoch 30/200][Batch 501/2622] BatchTime = 0.516 (s) DataTime = 0.001 (s) Losses = ['6.7602', '50.6264'] lr = 0.0000518
2025-07-18 17:37:14,184 - AdaPoinTr - INFO - [Epoch 30/200][Batch 601/2622] BatchTime = 0.512 (s) DataTime = 0.001 (s) Losses = ['6.4773', '44.2451'] lr = 0.0000518
2025-07-18 17:38:05,601 - AdaPoinTr - INFO - [Epoch 30/200][Batch 701/2622] BatchTime = 0.512 (s) DataTime = 0.001 (s) Losses = ['5.8173', '43.4675'] lr = 0.0000518
2025-07-18 17:38:57,049 - AdaPoinTr - INFO - [Epoch 30/200][Batch 801/2622] BatchTime = 0.514 (s) DataTime = 0.001 (s) Losses = ['6.8131', '47.8454'] lr = 0.0000518
2025-07-18 17:39:48,526 - AdaPoinTr - INFO - [Epoch 30/200][Batch 901/2622] BatchTime = 0.516 (s) DataTime = 0.001 (s) Losses = ['5.9586', '44.2918'] lr = 0.0000518
2025-07-18 17:40:39,997 - AdaPoinTr - INFO - [Epoch 30/200][Batch 1001/2622] BatchTime = 0.512 (s) DataTime = 0.001 (s) Losses = ['6.1666', '45.1739'] lr = 0.0000518
2025-07-18 17:41:31,416 - AdaPoinTr - INFO - [Epoch 30/200][Batch 1101/2622] BatchTime = 0.513 (s) DataTime = 0.001 (s) Losses = ['5.2064', '37.3220'] lr = 0.0000518
2025-07-18 17:42:30,347 - AdaPoinTr - INFO - [Epoch 30/200][Batch 1201/2622] BatchTime = 0.708 (s) DataTime = 0.001 (s) Losses = ['6.5438', '45.6004'] lr = 0.0000518
2025-07-18 17:43:42,143 - AdaPoinTr - INFO - [Epoch 30/200][Batch 1301/2622] BatchTime = 0.709 (s) DataTime = 0.001 (s) Losses = ['5.7594', '45.4306'] lr = 0.0000518
2025-07-18 17:44:53,925 - AdaPoinTr - INFO - [Epoch 30/200][Batch 1401/2622] BatchTime = 0.708 (s) DataTime = 0.001 (s) Losses = ['5.5486', '39.9036'] lr = 0.0000518
2025-07-18 17:46:05,700 - AdaPoinTr - INFO - [Epoch 30/200][Batch 1501/2622] BatchTime = 0.707 (s) DataTime = 0.001 (s) Losses = ['5.9882', '45.1610'] lr = 0.0000518
2025-07-18 17:47:17,453 - AdaPoinTr - INFO - [Epoch 30/200][Batch 1601/2622] BatchTime = 0.705 (s) DataTime = 0.001 (s) Losses = ['6.1564', '42.3999'] lr = 0.0000518
2025-07-18 17:48:29,195 - AdaPoinTr - INFO - [Epoch 30/200][Batch 1701/2622] BatchTime = 0.715 (s) DataTime = 0.001 (s) Losses = ['6.0125', '42.3351'] lr = 0.0000518
2025-07-18 17:49:40,975 - AdaPoinTr - INFO - [Epoch 30/200][Batch 1801/2622] BatchTime = 0.715 (s) DataTime = 0.001 (s) Losses = ['5.6130', '44.9211'] lr = 0.0000518
2025-07-18 17:50:52,718 - AdaPoinTr - INFO - [Epoch 30/200][Batch 1901/2622] BatchTime = 0.719 (s) DataTime = 0.001 (s) Losses = ['5.1787', '37.6493'] lr = 0.0000518
2025-07-18 17:52:04,458 - AdaPoinTr - INFO - [Epoch 30/200][Batch 2001/2622] BatchTime = 0.715 (s) DataTime = 0.001 (s) Losses = ['6.6913', '47.5647'] lr = 0.0000518
2025-07-18 17:53:16,206 - AdaPoinTr - INFO - [Epoch 30/200][Batch 2101/2622] BatchTime = 0.715 (s) DataTime = 0.001 (s) Losses = ['6.9265', '44.2608'] lr = 0.0000518
2025-07-18 17:54:27,952 - AdaPoinTr - INFO - [Epoch 30/200][Batch 2201/2622] BatchTime = 0.722 (s) DataTime = 0.001 (s) Losses = ['6.1594', '50.7101'] lr = 0.0000518
2025-07-18 17:55:39,729 - AdaPoinTr - INFO - [Epoch 30/200][Batch 2301/2622] BatchTime = 0.715 (s) DataTime = 0.001 (s) Losses = ['6.2629', '43.6204'] lr = 0.0000518
2025-07-18 17:56:51,497 - AdaPoinTr - INFO - [Epoch 30/200][Batch 2401/2622] BatchTime = 0.716 (s) DataTime = 0.001 (s) Losses = ['5.7959', '44.4398'] lr = 0.0000518
2025-07-18 17:58:03,290 - AdaPoinTr - INFO - [Epoch 30/200][Batch 2501/2622] BatchTime = 0.717 (s) DataTime = 0.001 (s) Losses = ['6.1767', '44.2364'] lr = 0.0000518
2025-07-18 17:59:15,068 - AdaPoinTr - INFO - [Epoch 30/200][Batch 2601/2622] BatchTime = 0.719 (s) DataTime = 0.001 (s) Losses = ['6.9860', '44.1395'] lr = 0.0000518
2025-07-18 17:59:30,167 - AdaPoinTr - INFO - [Training] EPOCH: 30 EpochTime = 1645.582 (s) Losses = ['6.1264', '44.9406']
2025-07-18 17:59:30,167 - AdaPoinTr - INFO - [VALIDATION] Start validating epoch 30
2025-07-18 18:00:37,372 - AdaPoinTr - INFO - Test[1051/10518] Taxonomy = 02691156 Sample = c7749c0a8b61f43bc9b9e28055202e3d Losses = ['21.6647', '2.0371', '9.6779', '0.2818'] Metrics = ['0.5298', '9.6779', '0.2818', '0.0000']
2025-07-18 18:01:44,383 - AdaPoinTr - INFO - Test[2102/10518] Taxonomy = 03211117 Sample = ab2f9418c111cc6ddb965514105122a4 Losses = ['25.7690', '2.3476', '8.3785', '0.2221'] Metrics = ['0.6136', '8.3785', '0.2221', '0.0000']
2025-07-18 18:02:51,348 - AdaPoinTr - INFO - Test[3153/10518] Taxonomy = 02876657 Sample = c5032e4be091aabb36fe7a88df793982 Losses = ['49.1846', '10.4971', '26.6342', '4.8657'] Metrics = ['0.2592', '26.6342', '4.8657', '0.0000']
2025-07-18 18:03:58,494 - AdaPoinTr - INFO - Test[4204/10518] Taxonomy = 03211117 Sample = 722df1da5778d45b1e43523279c7f09f Losses = ['30.3276', '3.5250', '13.4039', '0.7253'] Metrics = ['0.3957', '13.4039', '0.7253', '0.0000']
2025-07-18 18:05:05,635 - AdaPoinTr - INFO - Test[5255/10518] Taxonomy = 02828884 Sample = 14b63361a48a9fffe4a048c146e8bd43 Losses = ['36.4489', '5.0443', '20.3335', '2.3482'] Metrics = ['0.3672', '20.3335', '2.3482', '0.0000']
2025-07-18 18:06:12,680 - AdaPoinTr - INFO - Test[6306/10518] Taxonomy = 03211117 Sample = d330d50a0255529d19ed6e1a590c9122 Losses = ['26.4680', '2.5859', '10.9542', '0.4127'] Metrics = ['0.4638', '10.9542', '0.4127', '0.0000']
2025-07-18 18:07:19,843 - AdaPoinTr - INFO - Test[7357/10518] Taxonomy = 04379243 Sample = b1ca280d9567270ade98d10ab5975b59 Losses = ['36.8300', '5.6158', '16.3376', '1.0234'] Metrics = ['0.2610', '16.3376', '1.0234', '0.0000']
2025-07-18 18:08:26,870 - AdaPoinTr - INFO - Test[8408/10518] Taxonomy = 03001627 Sample = 89208a619341d9fdb8c516ed5c4ce32 Losses = ['33.7972', '5.2472', '16.4882', '1.0921'] Metrics = ['0.2710', '16.4882', '1.0921', '0.0000']
2025-07-18 18:09:33,859 - AdaPoinTr - INFO - Test[9459/10518] Taxonomy = 03001627 Sample = d0255120e3351121c3bd24f986301745 Losses = ['36.1484', '4.6614', '17.0148', '0.9267'] Metrics = ['0.2094', '17.0148', '0.9267', '0.0000']
2025-07-18 18:10:40,787 - AdaPoinTr - INFO - Test[10510/10518] Taxonomy = 03636649 Sample = ea9ec4d9db2e06202471e6dd5ac3ef92 Losses = ['23.0047', '2.2216', '7.4174', '0.2323'] Metrics = ['0.7617', '7.4174', '0.2323', '0.0000']
2025-07-18 18:10:41,328 - AdaPoinTr - INFO - [Validation] EPOCH: 30  Metrics = ['0.3508', '15.5034', '1.1366', '0.0000']
2025-07-18 18:10:41,329 - AdaPoinTr - INFO - ============================ TEST RESULTS ============================
2025-07-18 18:10:41,329 - AdaPoinTr - INFO - Taxonomy	#Sample	F-Score	CDL1	CDL2	EMDistance	#ModelName	
2025-07-18 18:10:41,329 - AdaPoinTr - INFO - 03759954	14	0.526 	17.093 	2.737 	0.000 	microphone	
2025-07-18 18:10:41,329 - AdaPoinTr - INFO - 04330267	44	0.266 	16.910 	1.225 	0.000 	stove	
2025-07-18 18:10:41,329 - AdaPoinTr - INFO - 03261776	15	0.291 	18.422 	1.522 	0.000 	earphone	
2025-07-18 18:10:41,329 - AdaPoinTr - INFO - 03513137	33	0.201 	22.154 	2.418 	0.000 	helmet	
2025-07-18 18:10:41,329 - AdaPoinTr - INFO - 04460130	27	0.393 	15.722 	1.121 	0.000 	tower	
2025-07-18 18:10:41,329 - AdaPoinTr - INFO - 04468005	78	0.368 	13.815 	0.813 	0.000 	train	
2025-07-18 18:10:41,329 - AdaPoinTr - INFO - 03761084	31	0.234 	17.954 	1.300 	0.000 	microwaves	
2025-07-18 18:10:41,329 - AdaPoinTr - INFO - 04004475	34	0.249 	19.213 	1.957 	0.000 	printer	
2025-07-18 18:10:41,329 - AdaPoinTr - INFO - 03938244	20	0.288 	16.210 	1.010 	0.000 	pillow	
2025-07-18 18:10:41,329 - AdaPoinTr - INFO - 02992529	167	0.413 	11.706 	0.484 	0.000 	cellphone	
2025-07-18 18:10:41,329 - AdaPoinTr - INFO - 02808440	172	0.275 	16.473 	1.159 	0.000 	bathtub	
2025-07-18 18:10:41,329 - AdaPoinTr - INFO - 04530566	388	0.479 	12.104 	0.674 	0.000 	watercraft	
2025-07-18 18:10:41,329 - AdaPoinTr - INFO - 02871439	91	0.235 	17.580 	1.191 	0.000 	bookshelf	
2025-07-18 18:10:41,329 - AdaPoinTr - INFO - 03593526	120	0.249 	18.625 	1.503 	0.000 	jar	
2025-07-18 18:10:41,329 - AdaPoinTr - INFO - 04554684	34	0.217 	19.528 	1.913 	0.000 	washer	
2025-07-18 18:10:41,329 - AdaPoinTr - INFO - 03467517	160	0.777 	7.596 	0.295 	0.000 	guitar	
2025-07-18 18:10:41,329 - AdaPoinTr - INFO - 04401088	218	0.412 	11.710 	0.494 	0.000 	telephone	
2025-07-18 18:10:41,329 - AdaPoinTr - INFO - 02954340	12	0.276 	16.621 	1.109 	0.000 	cap	
2025-07-18 18:10:41,329 - AdaPoinTr - INFO - 02933112	315	0.236 	16.371 	0.919 	0.000 	cabinet	
2025-07-18 18:10:41,329 - AdaPoinTr - INFO - 03642806	92	0.368 	12.159 	0.506 	0.000 	laptop	
2025-07-18 18:10:41,329 - AdaPoinTr - INFO - 02924116	188	0.352 	13.227 	0.634 	0.000 	bus	
2025-07-18 18:10:41,329 - AdaPoinTr - INFO - 02946921	22	0.249 	18.113 	1.909 	0.000 	can	
2025-07-18 18:10:41,329 - AdaPoinTr - INFO - 02818832	47	0.265 	18.010 	1.425 	0.000 	bed	
2025-07-18 18:10:41,329 - AdaPoinTr - INFO - 04256520	635	0.287 	15.537 	0.909 	0.000 	sofa	
2025-07-18 18:10:41,329 - AdaPoinTr - INFO - 04379243	1687	0.372 	13.851 	0.896 	0.000 	table	
2025-07-18 18:10:41,329 - AdaPoinTr - INFO - 02747177	69	0.190 	18.572 	1.237 	0.000 	trash bin	
2025-07-18 18:10:41,329 - AdaPoinTr - INFO - 03046257	131	0.303 	15.680 	0.983 	0.000 	clock	
2025-07-18 18:10:41,329 - AdaPoinTr - INFO - 04225987	31	0.526 	10.610 	0.477 	0.000 	skateboard	
2025-07-18 18:10:41,329 - AdaPoinTr - INFO - 03797390	43	0.178 	20.512 	1.586 	0.000 	mug	
2025-07-18 18:10:41,329 - AdaPoinTr - INFO - 03001627	1356	0.347 	14.955 	1.004 	0.000 	chair	
2025-07-18 18:10:41,329 - AdaPoinTr - INFO - 03691459	320	0.241 	18.555 	1.483 	0.000 	loudspeaker	
2025-07-18 18:10:41,329 - AdaPoinTr - INFO - 02942699	23	0.232 	20.885 	2.140 	0.000 	camera	
2025-07-18 18:10:41,329 - AdaPoinTr - INFO - 03636649	464	0.503 	14.695 	1.528 	0.000 	lamp	
2025-07-18 18:10:41,329 - AdaPoinTr - INFO - 02691156	809	0.549 	10.406 	0.471 	0.000 	airplane	
2025-07-18 18:10:41,329 - AdaPoinTr - INFO - 02773838	17	0.343 	13.808 	0.703 	0.000 	bag	
2025-07-18 18:10:41,329 - AdaPoinTr - INFO - 02958343	703	0.211 	17.437 	1.046 	0.000 	car	
2025-07-18 18:10:41,329 - AdaPoinTr - INFO - 02880940	38	0.221 	17.112 	1.057 	0.000 	bowl	
2025-07-18 18:10:41,329 - AdaPoinTr - INFO - 04099429	17	0.715 	8.745 	0.394 	0.000 	rocket	
2025-07-18 18:10:41,329 - AdaPoinTr - INFO - 02828884	363	0.423 	12.252 	0.672 	0.000 	bench	
2025-07-18 18:10:41,329 - AdaPoinTr - INFO - 04090263	475	0.668 	9.329 	0.463 	0.000 	rifle	
2025-07-18 18:10:41,329 - AdaPoinTr - INFO - 03211117	219	0.342 	14.363 	0.883 	0.000 	display	
2025-07-18 18:10:41,329 - AdaPoinTr - INFO - 02876657	100	0.410 	13.346 	0.815 	0.000 	bottle	
2025-07-18 18:10:41,329 - AdaPoinTr - INFO - 03710193	19	0.491 	14.497 	1.304 	0.000 	mailbox	
2025-07-18 18:10:41,329 - AdaPoinTr - INFO - 03790512	68	0.242 	17.674 	1.167 	0.000 	motorbike	
2025-07-18 18:10:41,329 - AdaPoinTr - INFO - 03325088	149	0.421 	17.448 	2.084 	0.000 	faucet	
2025-07-18 18:10:41,329 - AdaPoinTr - INFO - 02801938	23	0.214 	18.665 	1.385 	0.000 	basket	
2025-07-18 18:10:41,329 - AdaPoinTr - INFO - 03337140	60	0.232 	17.360 	1.112 	0.000 	file cabinet	
2025-07-18 18:10:41,329 - AdaPoinTr - INFO - 02843684	15	0.228 	20.752 	2.042 	0.000 	birdhouse	
2025-07-18 18:10:41,329 - AdaPoinTr - INFO - 03624134	85	0.731 	8.168 	0.339 	0.000 	knife	
2025-07-18 18:10:41,330 - AdaPoinTr - INFO - 03991062	121	0.212 	21.100 	1.940 	0.000 	flowerpot	
2025-07-18 18:10:41,330 - AdaPoinTr - INFO - 03948459	62	0.449 	12.934 	0.841 	0.000 	pistol	
2025-07-18 18:10:41,330 - AdaPoinTr - INFO - 03928116	48	0.278 	17.297 	1.387 	0.000 	piano	
2025-07-18 18:10:41,330 - AdaPoinTr - INFO - 03207941	19	0.242 	16.619 	0.992 	0.000 	dishwasher	
2025-07-18 18:10:41,330 - AdaPoinTr - INFO - 04074963	14	0.441 	11.580 	0.484 	0.000 	remote	
2025-07-18 18:10:41,330 - AdaPoinTr - INFO - 03085013	13	0.437 	10.629 	0.369 	0.000 	keyboard	
2025-07-18 18:10:41,330 - AdaPoinTr - INFO - Overall		0.351 	15.503 	1.137 	0.000 	
2025-07-18 18:10:41,800 - AdaPoinTr - INFO - Save checkpoint at ./experiments/AdaPoinTr/ShapeNet55_models/AdaPoinTr/ckpt-last.pth
2025-07-18 18:10:42,604 - AdaPoinTr - INFO - [Epoch 31/200][Batch 1/2622] BatchTime = 0.803 (s) DataTime = 0.093 (s) Losses = ['6.2896', '42.8026'] lr = 0.0000507
2025-07-18 18:11:54,352 - AdaPoinTr - INFO - [Epoch 31/200][Batch 101/2622] BatchTime = 0.710 (s) DataTime = 0.001 (s) Losses = ['5.7346', '39.9872'] lr = 0.0000507
2025-07-18 18:13:06,092 - AdaPoinTr - INFO - [Epoch 31/200][Batch 201/2622] BatchTime = 0.702 (s) DataTime = 0.001 (s) Losses = ['5.5564', '43.7281'] lr = 0.0000507
2025-07-18 18:14:17,845 - AdaPoinTr - INFO - [Epoch 31/200][Batch 301/2622] BatchTime = 0.707 (s) DataTime = 0.001 (s) Losses = ['5.9988', '45.1672'] lr = 0.0000507
2025-07-18 18:15:29,607 - AdaPoinTr - INFO - [Epoch 31/200][Batch 401/2622] BatchTime = 0.706 (s) DataTime = 0.001 (s) Losses = ['6.2461', '46.4776'] lr = 0.0000507
2025-07-18 18:16:41,373 - AdaPoinTr - INFO - [Epoch 31/200][Batch 501/2622] BatchTime = 0.711 (s) DataTime = 0.001 (s) Losses = ['5.7470', '41.2611'] lr = 0.0000507
2025-07-18 18:17:53,147 - AdaPoinTr - INFO - [Epoch 31/200][Batch 601/2622] BatchTime = 0.712 (s) DataTime = 0.001 (s) Losses = ['6.4982', '44.1608'] lr = 0.0000507
2025-07-18 18:19:04,897 - AdaPoinTr - INFO - [Epoch 31/200][Batch 701/2622] BatchTime = 0.714 (s) DataTime = 0.001 (s) Losses = ['5.9590', '45.1891'] lr = 0.0000507
2025-07-18 18:20:16,691 - AdaPoinTr - INFO - [Epoch 31/200][Batch 801/2622] BatchTime = 0.715 (s) DataTime = 0.001 (s) Losses = ['6.1193', '43.9160'] lr = 0.0000507
2025-07-18 18:21:28,443 - AdaPoinTr - INFO - [Epoch 31/200][Batch 901/2622] BatchTime = 0.717 (s) DataTime = 0.001 (s) Losses = ['6.3040', '46.1267'] lr = 0.0000507
2025-07-18 18:22:40,211 - AdaPoinTr - INFO - [Epoch 31/200][Batch 1001/2622] BatchTime = 0.718 (s) DataTime = 0.001 (s) Losses = ['6.5800', '52.6069'] lr = 0.0000507
2025-07-18 18:23:51,967 - AdaPoinTr - INFO - [Epoch 31/200][Batch 1101/2622] BatchTime = 0.716 (s) DataTime = 0.001 (s) Losses = ['6.8860', '49.1844'] lr = 0.0000507
2025-07-18 18:25:03,742 - AdaPoinTr - INFO - [Epoch 31/200][Batch 1201/2622] BatchTime = 0.717 (s) DataTime = 0.001 (s) Losses = ['5.6005', '40.5621'] lr = 0.0000507
2025-07-18 18:26:15,502 - AdaPoinTr - INFO - [Epoch 31/200][Batch 1301/2622] BatchTime = 0.716 (s) DataTime = 0.001 (s) Losses = ['6.3930', '45.0008'] lr = 0.0000507
2025-07-18 18:27:26,860 - AdaPoinTr - INFO - [Epoch 31/200][Batch 1401/2622] BatchTime = 0.711 (s) DataTime = 0.001 (s) Losses = ['5.8189', '44.8617'] lr = 0.0000507
2025-07-18 18:28:38,596 - AdaPoinTr - INFO - [Epoch 31/200][Batch 1501/2622] BatchTime = 0.708 (s) DataTime = 0.001 (s) Losses = ['6.1918', '43.3379'] lr = 0.0000507
2025-07-18 18:29:50,346 - AdaPoinTr - INFO - [Epoch 31/200][Batch 1601/2622] BatchTime = 0.701 (s) DataTime = 0.001 (s) Losses = ['5.7731', '43.3102'] lr = 0.0000507
2025-07-18 18:31:02,115 - AdaPoinTr - INFO - [Epoch 31/200][Batch 1701/2622] BatchTime = 0.709 (s) DataTime = 0.001 (s) Losses = ['6.6166', '52.5686'] lr = 0.0000507
2025-07-18 18:32:13,932 - AdaPoinTr - INFO - [Epoch 31/200][Batch 1801/2622] BatchTime = 0.706 (s) DataTime = 0.001 (s) Losses = ['6.1437', '41.8184'] lr = 0.0000507
2025-07-18 18:33:25,696 - AdaPoinTr - INFO - [Epoch 31/200][Batch 1901/2622] BatchTime = 0.710 (s) DataTime = 0.001 (s) Losses = ['5.7393', '45.0604'] lr = 0.0000507
2025-07-18 18:34:37,441 - AdaPoinTr - INFO - [Epoch 31/200][Batch 2001/2622] BatchTime = 0.707 (s) DataTime = 0.001 (s) Losses = ['5.4721', '41.6794'] lr = 0.0000507
2025-07-18 18:35:49,220 - AdaPoinTr - INFO - [Epoch 31/200][Batch 2101/2622] BatchTime = 0.715 (s) DataTime = 0.001 (s) Losses = ['5.8621', '41.2693'] lr = 0.0000507
2025-07-18 18:37:00,980 - AdaPoinTr - INFO - [Epoch 31/200][Batch 2201/2622] BatchTime = 0.722 (s) DataTime = 0.001 (s) Losses = ['6.9037', '51.2339'] lr = 0.0000507
2025-07-18 18:38:12,721 - AdaPoinTr - INFO - [Epoch 31/200][Batch 2301/2622] BatchTime = 0.719 (s) DataTime = 0.001 (s) Losses = ['6.5597', '49.8157'] lr = 0.0000507
2025-07-18 18:39:24,498 - AdaPoinTr - INFO - [Epoch 31/200][Batch 2401/2622] BatchTime = 0.715 (s) DataTime = 0.001 (s) Losses = ['6.7755', '49.0670'] lr = 0.0000507
2025-07-18 18:40:36,243 - AdaPoinTr - INFO - [Epoch 31/200][Batch 2501/2622] BatchTime = 0.715 (s) DataTime = 0.001 (s) Losses = ['6.8978', '49.5926'] lr = 0.0000507
2025-07-18 18:41:48,000 - AdaPoinTr - INFO - [Epoch 31/200][Batch 2601/2622] BatchTime = 0.719 (s) DataTime = 0.001 (s) Losses = ['5.4167', '41.7148'] lr = 0.0000507
2025-07-18 18:42:03,113 - AdaPoinTr - INFO - [Training] EPOCH: 31 EpochTime = 1881.312 (s) Losses = ['6.1133', '44.7802']
2025-07-18 18:42:03,576 - AdaPoinTr - INFO - Save checkpoint at ./experiments/AdaPoinTr/ShapeNet55_models/AdaPoinTr/ckpt-last.pth
2025-07-18 18:42:04,386 - AdaPoinTr - INFO - [Epoch 32/200][Batch 1/2622] BatchTime = 0.809 (s) DataTime = 0.094 (s) Losses = ['7.0711', '48.4260'] lr = 0.0000496
2025-07-18 18:43:16,138 - AdaPoinTr - INFO - [Epoch 32/200][Batch 101/2622] BatchTime = 0.718 (s) DataTime = 0.001 (s) Losses = ['5.9449', '46.5683'] lr = 0.0000496
2025-07-18 18:44:27,910 - AdaPoinTr - INFO - [Epoch 32/200][Batch 201/2622] BatchTime = 0.715 (s) DataTime = 0.001 (s) Losses = ['5.4910', '36.6974'] lr = 0.0000496
2025-07-18 18:45:39,674 - AdaPoinTr - INFO - [Epoch 32/200][Batch 301/2622] BatchTime = 0.714 (s) DataTime = 0.001 (s) Losses = ['6.2519', '50.6171'] lr = 0.0000496
2025-07-18 18:46:51,502 - AdaPoinTr - INFO - [Epoch 32/200][Batch 401/2622] BatchTime = 0.718 (s) DataTime = 0.001 (s) Losses = ['6.2440', '44.9513'] lr = 0.0000496
2025-07-18 18:48:03,272 - AdaPoinTr - INFO - [Epoch 32/200][Batch 501/2622] BatchTime = 0.722 (s) DataTime = 0.001 (s) Losses = ['6.2408', '46.3818'] lr = 0.0000496
2025-07-18 18:49:15,049 - AdaPoinTr - INFO - [Epoch 32/200][Batch 601/2622] BatchTime = 0.716 (s) DataTime = 0.001 (s) Losses = ['6.5913', '46.2502'] lr = 0.0000496
2025-07-18 18:50:26,754 - AdaPoinTr - INFO - [Epoch 32/200][Batch 701/2622] BatchTime = 0.716 (s) DataTime = 0.001 (s) Losses = ['6.5649', '49.3133'] lr = 0.0000496
2025-07-18 18:51:38,543 - AdaPoinTr - INFO - [Epoch 32/200][Batch 801/2622] BatchTime = 0.713 (s) DataTime = 0.001 (s) Losses = ['6.6670', '56.9986'] lr = 0.0000496
2025-07-18 18:52:50,323 - AdaPoinTr - INFO - [Epoch 32/200][Batch 901/2622] BatchTime = 0.714 (s) DataTime = 0.001 (s) Losses = ['5.8493', '41.9847'] lr = 0.0000496
2025-07-18 18:54:02,096 - AdaPoinTr - INFO - [Epoch 32/200][Batch 1001/2622] BatchTime = 0.714 (s) DataTime = 0.001 (s) Losses = ['5.9819', '44.3878'] lr = 0.0000496
2025-07-18 18:55:13,837 - AdaPoinTr - INFO - [Epoch 32/200][Batch 1101/2622] BatchTime = 0.715 (s) DataTime = 0.001 (s) Losses = ['6.1788', '44.8837'] lr = 0.0000496
2025-07-18 18:56:25,574 - AdaPoinTr - INFO - [Epoch 32/200][Batch 1201/2622] BatchTime = 0.712 (s) DataTime = 0.001 (s) Losses = ['5.4644', '40.1055'] lr = 0.0000496
2025-07-18 18:57:37,359 - AdaPoinTr - INFO - [Epoch 32/200][Batch 1301/2622] BatchTime = 0.710 (s) DataTime = 0.001 (s) Losses = ['5.9553', '45.4989'] lr = 0.0000496
2025-07-18 18:58:49,111 - AdaPoinTr - INFO - [Epoch 32/200][Batch 1401/2622] BatchTime = 0.706 (s) DataTime = 0.001 (s) Losses = ['5.8186', '41.9153'] lr = 0.0000496
2025-07-18 19:00:00,894 - AdaPoinTr - INFO - [Epoch 32/200][Batch 1501/2622] BatchTime = 0.707 (s) DataTime = 0.001 (s) Losses = ['6.3666', '45.3982'] lr = 0.0000496
2025-07-18 19:01:12,693 - AdaPoinTr - INFO - [Epoch 32/200][Batch 1601/2622] BatchTime = 0.714 (s) DataTime = 0.001 (s) Losses = ['6.5613', '46.7235'] lr = 0.0000496
2025-07-18 19:02:24,449 - AdaPoinTr - INFO - [Epoch 32/200][Batch 1701/2622] BatchTime = 0.706 (s) DataTime = 0.001 (s) Losses = ['6.8199', '50.5496'] lr = 0.0000496
2025-07-18 19:03:36,247 - AdaPoinTr - INFO - [Epoch 32/200][Batch 1801/2622] BatchTime = 0.706 (s) DataTime = 0.001 (s) Losses = ['6.3575', '46.0986'] lr = 0.0000496
2025-07-18 19:04:47,990 - AdaPoinTr - INFO - [Epoch 32/200][Batch 1901/2622] BatchTime = 0.719 (s) DataTime = 0.001 (s) Losses = ['5.9778', '43.1963'] lr = 0.0000496
2025-07-18 19:05:59,715 - AdaPoinTr - INFO - [Epoch 32/200][Batch 2001/2622] BatchTime = 0.715 (s) DataTime = 0.001 (s) Losses = ['5.7480', '44.6072'] lr = 0.0000496
2025-07-18 19:07:11,538 - AdaPoinTr - INFO - [Epoch 32/200][Batch 2101/2622] BatchTime = 0.715 (s) DataTime = 0.001 (s) Losses = ['6.0655', '44.6082'] lr = 0.0000496
2025-07-18 19:08:23,300 - AdaPoinTr - INFO - [Epoch 32/200][Batch 2201/2622] BatchTime = 0.710 (s) DataTime = 0.001 (s) Losses = ['6.4947', '49.0280'] lr = 0.0000496
2025-07-18 19:09:35,064 - AdaPoinTr - INFO - [Epoch 32/200][Batch 2301/2622] BatchTime = 0.711 (s) DataTime = 0.001 (s) Losses = ['6.0817', '43.2788'] lr = 0.0000496
2025-07-18 19:10:46,811 - AdaPoinTr - INFO - [Epoch 32/200][Batch 2401/2622] BatchTime = 0.718 (s) DataTime = 0.001 (s) Losses = ['6.5222', '46.6165'] lr = 0.0000496
2025-07-18 19:11:58,557 - AdaPoinTr - INFO - [Epoch 32/200][Batch 2501/2622] BatchTime = 0.714 (s) DataTime = 0.001 (s) Losses = ['6.0803', '50.4435'] lr = 0.0000496
2025-07-18 19:13:10,332 - AdaPoinTr - INFO - [Epoch 32/200][Batch 2601/2622] BatchTime = 0.722 (s) DataTime = 0.001 (s) Losses = ['6.4715', '48.3248'] lr = 0.0000496
2025-07-18 19:13:25,446 - AdaPoinTr - INFO - [Training] EPOCH: 32 EpochTime = 1881.869 (s) Losses = ['6.1184', '44.9171']
2025-07-18 19:13:25,876 - AdaPoinTr - INFO - Save checkpoint at ./experiments/AdaPoinTr/ShapeNet55_models/AdaPoinTr/ckpt-last.pth
2025-07-18 19:13:26,690 - AdaPoinTr - INFO - [Epoch 33/200][Batch 1/2622] BatchTime = 0.813 (s) DataTime = 0.094 (s) Losses = ['5.5341', '39.8489'] lr = 0.0000485
2025-07-18 19:14:38,465 - AdaPoinTr - INFO - [Epoch 33/200][Batch 101/2622] BatchTime = 0.715 (s) DataTime = 0.001 (s) Losses = ['5.9466', '41.7830'] lr = 0.0000485
2025-07-18 19:15:50,244 - AdaPoinTr - INFO - [Epoch 33/200][Batch 201/2622] BatchTime = 0.717 (s) DataTime = 0.001 (s) Losses = ['5.9146', '43.6490'] lr = 0.0000485
2025-07-18 19:17:01,674 - AdaPoinTr - INFO - [Epoch 33/200][Batch 301/2622] BatchTime = 0.719 (s) DataTime = 0.001 (s) Losses = ['6.1119', '48.5320'] lr = 0.0000485
2025-07-18 19:18:13,442 - AdaPoinTr - INFO - [Epoch 33/200][Batch 401/2622] BatchTime = 0.719 (s) DataTime = 0.001 (s) Losses = ['6.6665', '48.2377'] lr = 0.0000485
2025-07-18 19:19:25,203 - AdaPoinTr - INFO - [Epoch 33/200][Batch 501/2622] BatchTime = 0.715 (s) DataTime = 0.001 (s) Losses = ['6.3665', '44.3275'] lr = 0.0000485
2025-07-18 19:20:36,935 - AdaPoinTr - INFO - [Epoch 33/200][Batch 601/2622] BatchTime = 0.711 (s) DataTime = 0.001 (s) Losses = ['6.2910', '47.5045'] lr = 0.0000485
2025-07-18 19:21:48,673 - AdaPoinTr - INFO - [Epoch 33/200][Batch 701/2622] BatchTime = 0.708 (s) DataTime = 0.001 (s) Losses = ['6.1504', '42.3946'] lr = 0.0000485
2025-07-18 19:23:00,428 - AdaPoinTr - INFO - [Epoch 33/200][Batch 801/2622] BatchTime = 0.710 (s) DataTime = 0.001 (s) Losses = ['5.5842', '45.6444'] lr = 0.0000485
2025-07-18 19:24:12,199 - AdaPoinTr - INFO - [Epoch 33/200][Batch 901/2622] BatchTime = 0.710 (s) DataTime = 0.001 (s) Losses = ['6.5343', '44.9843'] lr = 0.0000485
2025-07-18 19:25:23,997 - AdaPoinTr - INFO - [Epoch 33/200][Batch 1001/2622] BatchTime = 0.710 (s) DataTime = 0.001 (s) Losses = ['6.7152', '47.1465'] lr = 0.0000485
2025-07-18 19:26:35,741 - AdaPoinTr - INFO - [Epoch 33/200][Batch 1101/2622] BatchTime = 0.707 (s) DataTime = 0.001 (s) Losses = ['5.2975', '37.8013'] lr = 0.0000485
2025-07-18 19:27:47,476 - AdaPoinTr - INFO - [Epoch 33/200][Batch 1201/2622] BatchTime = 0.709 (s) DataTime = 0.001 (s) Losses = ['5.0758', '35.3507'] lr = 0.0000485
2025-07-18 19:28:59,226 - AdaPoinTr - INFO - [Epoch 33/200][Batch 1301/2622] BatchTime = 0.711 (s) DataTime = 0.001 (s) Losses = ['6.1055', '43.5151'] lr = 0.0000485
2025-07-18 19:30:11,030 - AdaPoinTr - INFO - [Epoch 33/200][Batch 1401/2622] BatchTime = 0.703 (s) DataTime = 0.001 (s) Losses = ['6.4425', '43.3123'] lr = 0.0000485
2025-07-18 19:31:22,810 - AdaPoinTr - INFO - [Epoch 33/200][Batch 1501/2622] BatchTime = 0.703 (s) DataTime = 0.001 (s) Losses = ['5.8720', '42.2374'] lr = 0.0000485
2025-07-18 19:32:34,583 - AdaPoinTr - INFO - [Epoch 33/200][Batch 1601/2622] BatchTime = 0.706 (s) DataTime = 0.001 (s) Losses = ['5.6242', '43.4822'] lr = 0.0000485
2025-07-18 19:33:46,381 - AdaPoinTr - INFO - [Epoch 33/200][Batch 1701/2622] BatchTime = 0.705 (s) DataTime = 0.001 (s) Losses = ['6.3022', '45.2218'] lr = 0.0000485
2025-07-18 19:34:58,101 - AdaPoinTr - INFO - [Epoch 33/200][Batch 1801/2622] BatchTime = 0.710 (s) DataTime = 0.001 (s) Losses = ['6.0639', '42.6011'] lr = 0.0000485
2025-07-18 19:36:09,865 - AdaPoinTr - INFO - [Epoch 33/200][Batch 1901/2622] BatchTime = 0.710 (s) DataTime = 0.001 (s) Losses = ['5.9179', '48.1272'] lr = 0.0000485
2025-07-18 19:37:21,613 - AdaPoinTr - INFO - [Epoch 33/200][Batch 2001/2622] BatchTime = 0.709 (s) DataTime = 0.001 (s) Losses = ['6.8732', '47.1329'] lr = 0.0000485
2025-07-18 19:38:33,405 - AdaPoinTr - INFO - [Epoch 33/200][Batch 2101/2622] BatchTime = 0.717 (s) DataTime = 0.001 (s) Losses = ['5.9619', '45.9869'] lr = 0.0000485
2025-07-18 19:39:45,103 - AdaPoinTr - INFO - [Epoch 33/200][Batch 2201/2622] BatchTime = 0.720 (s) DataTime = 0.001 (s) Losses = ['6.1112', '42.3937'] lr = 0.0000485
2025-07-18 19:40:56,866 - AdaPoinTr - INFO - [Epoch 33/200][Batch 2301/2622] BatchTime = 0.714 (s) DataTime = 0.001 (s) Losses = ['5.9811', '44.3492'] lr = 0.0000485
2025-07-18 19:42:08,674 - AdaPoinTr - INFO - [Epoch 33/200][Batch 2401/2622] BatchTime = 0.716 (s) DataTime = 0.001 (s) Losses = ['5.8272', '44.5665'] lr = 0.0000485
2025-07-18 19:43:20,413 - AdaPoinTr - INFO - [Epoch 33/200][Batch 2501/2622] BatchTime = 0.715 (s) DataTime = 0.001 (s) Losses = ['6.7695', '49.2779'] lr = 0.0000485
2025-07-18 19:44:32,185 - AdaPoinTr - INFO - [Epoch 33/200][Batch 2601/2622] BatchTime = 0.713 (s) DataTime = 0.001 (s) Losses = ['5.7282', '43.2724'] lr = 0.0000485
2025-07-18 19:44:47,314 - AdaPoinTr - INFO - [Training] EPOCH: 33 EpochTime = 1881.438 (s) Losses = ['6.0948', '44.8609']
2025-07-18 19:44:47,777 - AdaPoinTr - INFO - Save checkpoint at ./experiments/AdaPoinTr/ShapeNet55_models/AdaPoinTr/ckpt-last.pth
2025-07-18 19:44:48,594 - AdaPoinTr - INFO - [Epoch 34/200][Batch 1/2622] BatchTime = 0.816 (s) DataTime = 0.094 (s) Losses = ['5.7094', '46.2585'] lr = 0.0000474
2025-07-18 19:46:00,375 - AdaPoinTr - INFO - [Epoch 34/200][Batch 101/2622] BatchTime = 0.714 (s) DataTime = 0.001 (s) Losses = ['6.3293', '46.8107'] lr = 0.0000474
2025-07-18 19:47:12,171 - AdaPoinTr - INFO - [Epoch 34/200][Batch 201/2622] BatchTime = 0.710 (s) DataTime = 0.001 (s) Losses = ['6.3547', '45.1795'] lr = 0.0000474
2025-07-18 19:48:23,913 - AdaPoinTr - INFO - [Epoch 34/200][Batch 301/2622] BatchTime = 0.712 (s) DataTime = 0.001 (s) Losses = ['5.7398', '40.5244'] lr = 0.0000474
2025-07-18 19:49:35,649 - AdaPoinTr - INFO - [Epoch 34/200][Batch 401/2622] BatchTime = 0.713 (s) DataTime = 0.001 (s) Losses = ['5.9654', '42.0878'] lr = 0.0000474
2025-07-18 19:50:47,436 - AdaPoinTr - INFO - [Epoch 34/200][Batch 501/2622] BatchTime = 0.717 (s) DataTime = 0.001 (s) Losses = ['5.6190', '40.0192'] lr = 0.0000474
2025-07-18 19:51:59,197 - AdaPoinTr - INFO - [Epoch 34/200][Batch 601/2622] BatchTime = 0.716 (s) DataTime = 0.001 (s) Losses = ['6.1601', '46.4027'] lr = 0.0000474
2025-07-18 19:53:10,959 - AdaPoinTr - INFO - [Epoch 34/200][Batch 701/2622] BatchTime = 0.716 (s) DataTime = 0.001 (s) Losses = ['6.5051', '48.7626'] lr = 0.0000474
2025-07-18 19:54:22,714 - AdaPoinTr - INFO - [Epoch 34/200][Batch 801/2622] BatchTime = 0.714 (s) DataTime = 0.001 (s) Losses = ['6.2285', '44.8726'] lr = 0.0000474
2025-07-18 19:55:34,421 - AdaPoinTr - INFO - [Epoch 34/200][Batch 901/2622] BatchTime = 0.720 (s) DataTime = 0.001 (s) Losses = ['5.1732', '38.5654'] lr = 0.0000474
2025-07-18 19:56:46,223 - AdaPoinTr - INFO - [Epoch 34/200][Batch 1001/2622] BatchTime = 0.716 (s) DataTime = 0.001 (s) Losses = ['5.9338', '40.5515'] lr = 0.0000474
2025-07-18 19:57:57,978 - AdaPoinTr - INFO - [Epoch 34/200][Batch 1101/2622] BatchTime = 0.713 (s) DataTime = 0.001 (s) Losses = ['6.7889', '49.8406'] lr = 0.0000474
2025-07-18 19:59:09,704 - AdaPoinTr - INFO - [Epoch 34/200][Batch 1201/2622] BatchTime = 0.715 (s) DataTime = 0.001 (s) Losses = ['5.6235', '44.2993'] lr = 0.0000474
2025-07-18 20:00:21,494 - AdaPoinTr - INFO - [Epoch 34/200][Batch 1301/2622] BatchTime = 0.712 (s) DataTime = 0.001 (s) Losses = ['6.0391', '45.7564'] lr = 0.0000474
2025-07-18 20:01:33,230 - AdaPoinTr - INFO - [Epoch 34/200][Batch 1401/2622] BatchTime = 0.721 (s) DataTime = 0.001 (s) Losses = ['6.1149', '44.4003'] lr = 0.0000474
2025-07-18 20:02:44,971 - AdaPoinTr - INFO - [Epoch 34/200][Batch 1501/2622] BatchTime = 0.718 (s) DataTime = 0.001 (s) Losses = ['6.6882', '51.1521'] lr = 0.0000474
2025-07-18 20:03:56,695 - AdaPoinTr - INFO - [Epoch 34/200][Batch 1601/2622] BatchTime = 0.710 (s) DataTime = 0.001 (s) Losses = ['6.0806', '44.7100'] lr = 0.0000474
2025-07-18 20:05:08,528 - AdaPoinTr - INFO - [Epoch 34/200][Batch 1701/2622] BatchTime = 0.716 (s) DataTime = 0.001 (s) Losses = ['6.2875', '42.9175'] lr = 0.0000474
2025-07-18 20:06:19,918 - AdaPoinTr - INFO - [Epoch 34/200][Batch 1801/2622] BatchTime = 0.714 (s) DataTime = 0.001 (s) Losses = ['6.2992', '50.6128'] lr = 0.0000474
2025-07-18 20:07:31,656 - AdaPoinTr - INFO - [Epoch 34/200][Batch 1901/2622] BatchTime = 0.708 (s) DataTime = 0.001 (s) Losses = ['5.3191', '38.0519'] lr = 0.0000474
2025-07-18 20:08:43,426 - AdaPoinTr - INFO - [Epoch 34/200][Batch 2001/2622] BatchTime = 0.707 (s) DataTime = 0.001 (s) Losses = ['5.2801', '38.6503'] lr = 0.0000474
2025-07-18 20:09:55,193 - AdaPoinTr - INFO - [Epoch 34/200][Batch 2101/2622] BatchTime = 0.708 (s) DataTime = 0.001 (s) Losses = ['5.2932', '40.5140'] lr = 0.0000474
2025-07-18 20:11:06,958 - AdaPoinTr - INFO - [Epoch 34/200][Batch 2201/2622] BatchTime = 0.708 (s) DataTime = 0.001 (s) Losses = ['6.1451', '45.4451'] lr = 0.0000474
2025-07-18 20:12:18,748 - AdaPoinTr - INFO - [Epoch 34/200][Batch 2301/2622] BatchTime = 0.709 (s) DataTime = 0.001 (s) Losses = ['6.7663', '48.7694'] lr = 0.0000474
2025-07-18 20:13:30,505 - AdaPoinTr - INFO - [Epoch 34/200][Batch 2401/2622] BatchTime = 0.708 (s) DataTime = 0.001 (s) Losses = ['6.3578', '45.8704'] lr = 0.0000474
2025-07-18 20:14:42,217 - AdaPoinTr - INFO - [Epoch 34/200][Batch 2501/2622] BatchTime = 0.707 (s) DataTime = 0.001 (s) Losses = ['6.6650', '49.6227'] lr = 0.0000474
2025-07-18 20:15:53,994 - AdaPoinTr - INFO - [Epoch 34/200][Batch 2601/2622] BatchTime = 0.707 (s) DataTime = 0.001 (s) Losses = ['6.3294', '50.1295'] lr = 0.0000474
2025-07-18 20:16:09,164 - AdaPoinTr - INFO - [Training] EPOCH: 34 EpochTime = 1881.387 (s) Losses = ['6.1146', '44.8887']
2025-07-18 20:16:09,625 - AdaPoinTr - INFO - Save checkpoint at ./experiments/AdaPoinTr/ShapeNet55_models/AdaPoinTr/ckpt-last.pth
2025-07-18 20:16:10,433 - AdaPoinTr - INFO - [Epoch 35/200][Batch 1/2622] BatchTime = 0.808 (s) DataTime = 0.095 (s) Losses = ['6.0461', '39.2491'] lr = 0.0000464
2025-07-18 20:17:22,166 - AdaPoinTr - INFO - [Epoch 35/200][Batch 101/2622] BatchTime = 0.706 (s) DataTime = 0.001 (s) Losses = ['6.4924', '46.9355'] lr = 0.0000464
2025-07-18 20:18:33,930 - AdaPoinTr - INFO - [Epoch 35/200][Batch 201/2622] BatchTime = 0.707 (s) DataTime = 0.001 (s) Losses = ['5.8799', '45.4220'] lr = 0.0000464
2025-07-18 20:19:45,700 - AdaPoinTr - INFO - [Epoch 35/200][Batch 301/2622] BatchTime = 0.704 (s) DataTime = 0.001 (s) Losses = ['5.1632', '40.5873'] lr = 0.0000464
2025-07-18 20:20:57,425 - AdaPoinTr - INFO - [Epoch 35/200][Batch 401/2622] BatchTime = 0.711 (s) DataTime = 0.001 (s) Losses = ['6.2334', '45.4603'] lr = 0.0000464
2025-07-18 20:22:09,211 - AdaPoinTr - INFO - [Epoch 35/200][Batch 501/2622] BatchTime = 0.707 (s) DataTime = 0.001 (s) Losses = ['6.4256', '48.2025'] lr = 0.0000464
2025-07-18 20:23:20,937 - AdaPoinTr - INFO - [Epoch 35/200][Batch 601/2622] BatchTime = 0.708 (s) DataTime = 0.001 (s) Losses = ['6.7858', '49.6304'] lr = 0.0000464
2025-07-18 20:24:32,733 - AdaPoinTr - INFO - [Epoch 35/200][Batch 701/2622] BatchTime = 0.712 (s) DataTime = 0.001 (s) Losses = ['5.7811', '42.8404'] lr = 0.0000464
2025-07-18 20:25:44,494 - AdaPoinTr - INFO - [Epoch 35/200][Batch 801/2622] BatchTime = 0.709 (s) DataTime = 0.001 (s) Losses = ['5.2778', '41.1712'] lr = 0.0000464
2025-07-18 20:26:56,219 - AdaPoinTr - INFO - [Epoch 35/200][Batch 901/2622] BatchTime = 0.714 (s) DataTime = 0.001 (s) Losses = ['6.9364', '47.7993'] lr = 0.0000464
2025-07-18 20:28:07,981 - AdaPoinTr - INFO - [Epoch 35/200][Batch 1001/2622] BatchTime = 0.713 (s) DataTime = 0.001 (s) Losses = ['6.2793', '43.9774'] lr = 0.0000464
2025-07-18 20:29:19,781 - AdaPoinTr - INFO - [Epoch 35/200][Batch 1101/2622] BatchTime = 0.717 (s) DataTime = 0.001 (s) Losses = ['6.8460', '46.1734'] lr = 0.0000464
2025-07-18 20:30:31,528 - AdaPoinTr - INFO - [Epoch 35/200][Batch 1201/2622] BatchTime = 0.713 (s) DataTime = 0.001 (s) Losses = ['5.6576', '41.9783'] lr = 0.0000464
2025-07-18 20:31:43,268 - AdaPoinTr - INFO - [Epoch 35/200][Batch 1301/2622] BatchTime = 0.716 (s) DataTime = 0.001 (s) Losses = ['6.3279', '44.6640'] lr = 0.0000464
2025-07-18 20:32:55,030 - AdaPoinTr - INFO - [Epoch 35/200][Batch 1401/2622] BatchTime = 0.715 (s) DataTime = 0.001 (s) Losses = ['6.4123', '46.0856'] lr = 0.0000464
2025-07-18 20:34:06,789 - AdaPoinTr - INFO - [Epoch 35/200][Batch 1501/2622] BatchTime = 0.723 (s) DataTime = 0.001 (s) Losses = ['5.9236', '44.7980'] lr = 0.0000464
2025-07-18 20:35:18,549 - AdaPoinTr - INFO - [Epoch 35/200][Batch 1601/2622] BatchTime = 0.714 (s) DataTime = 0.001 (s) Losses = ['6.7669', '50.7948'] lr = 0.0000464
2025-07-18 20:36:30,329 - AdaPoinTr - INFO - [Epoch 35/200][Batch 1701/2622] BatchTime = 0.714 (s) DataTime = 0.001 (s) Losses = ['6.0278', '48.6552'] lr = 0.0000464
2025-07-18 20:37:42,127 - AdaPoinTr - INFO - [Epoch 35/200][Batch 1801/2622] BatchTime = 0.714 (s) DataTime = 0.001 (s) Losses = ['6.6555', '44.6566'] lr = 0.0000464
2025-07-18 20:38:53,920 - AdaPoinTr - INFO - [Epoch 35/200][Batch 1901/2622] BatchTime = 0.719 (s) DataTime = 0.001 (s) Losses = ['5.2928', '39.5885'] lr = 0.0000464
2025-07-18 20:40:05,662 - AdaPoinTr - INFO - [Epoch 35/200][Batch 2001/2622] BatchTime = 0.717 (s) DataTime = 0.001 (s) Losses = ['5.9971', '44.9589'] lr = 0.0000464
2025-07-18 20:41:17,391 - AdaPoinTr - INFO - [Epoch 35/200][Batch 2101/2622] BatchTime = 0.714 (s) DataTime = 0.001 (s) Losses = ['5.9991', '42.4574'] lr = 0.0000464
2025-07-18 20:42:29,151 - AdaPoinTr - INFO - [Epoch 35/200][Batch 2201/2622] BatchTime = 0.714 (s) DataTime = 0.001 (s) Losses = ['5.6933', '46.6898'] lr = 0.0000464
2025-07-18 20:43:40,900 - AdaPoinTr - INFO - [Epoch 35/200][Batch 2301/2622] BatchTime = 0.716 (s) DataTime = 0.001 (s) Losses = ['5.6654', '41.7383'] lr = 0.0000464
2025-07-18 20:44:52,703 - AdaPoinTr - INFO - [Epoch 35/200][Batch 2401/2622] BatchTime = 0.721 (s) DataTime = 0.001 (s) Losses = ['6.6624', '51.8546'] lr = 0.0000464
2025-07-18 20:46:04,489 - AdaPoinTr - INFO - [Epoch 35/200][Batch 2501/2622] BatchTime = 0.713 (s) DataTime = 0.001 (s) Losses = ['5.1729', '38.6478'] lr = 0.0000464
2025-07-18 20:47:16,250 - AdaPoinTr - INFO - [Epoch 35/200][Batch 2601/2622] BatchTime = 0.717 (s) DataTime = 0.001 (s) Losses = ['6.0538', '46.2520'] lr = 0.0000464
2025-07-18 20:47:31,349 - AdaPoinTr - INFO - [Training] EPOCH: 35 EpochTime = 1881.723 (s) Losses = ['6.0767', '44.3412']
2025-07-18 20:47:31,349 - AdaPoinTr - INFO - [VALIDATION] Start validating epoch 35
2025-07-18 20:48:38,632 - AdaPoinTr - INFO - Test[1051/10518] Taxonomy = 02691156 Sample = c7749c0a8b61f43bc9b9e28055202e3d Losses = ['23.0896', '2.2787', '10.0987', '0.3898'] Metrics = ['0.5376', '10.0987', '0.3898', '0.0000']
2025-07-18 20:49:46,070 - AdaPoinTr - INFO - Test[2102/10518] Taxonomy = 03211117 Sample = ab2f9418c111cc6ddb965514105122a4 Losses = ['22.9788', '1.9009', '8.3610', '0.2441'] Metrics = ['0.6012', '8.3610', '0.2441', '0.0000']
2025-07-18 20:50:53,424 - AdaPoinTr - INFO - Test[3153/10518] Taxonomy = 02876657 Sample = c5032e4be091aabb36fe7a88df793982 Losses = ['40.1721', '6.5175', '18.3231', '1.9570'] Metrics = ['0.3058', '18.3231', '1.9570', '0.0000']
2025-07-18 20:52:00,550 - AdaPoinTr - INFO - Test[4204/10518] Taxonomy = 03211117 Sample = 722df1da5778d45b1e43523279c7f09f Losses = ['37.1633', '5.5270', '16.6987', '1.4561'] Metrics = ['0.3326', '16.6987', '1.4561', '0.0000']
2025-07-18 20:53:07,512 - AdaPoinTr - INFO - Test[5255/10518] Taxonomy = 02828884 Sample = 14b63361a48a9fffe4a048c146e8bd43 Losses = ['31.5362', '3.6200', '16.8613', '1.4111'] Metrics = ['0.3899', '16.8613', '1.4111', '0.0000']
2025-07-18 20:54:14,421 - AdaPoinTr - INFO - Test[6306/10518] Taxonomy = 03211117 Sample = d330d50a0255529d19ed6e1a590c9122 Losses = ['25.2720', '2.2707', '10.6433', '0.3657'] Metrics = ['0.4513', '10.6433', '0.3657', '0.0000']
2025-07-18 20:55:21,787 - AdaPoinTr - INFO - Test[7357/10518] Taxonomy = 04379243 Sample = b1ca280d9567270ade98d10ab5975b59 Losses = ['36.3187', '4.5305', '14.6968', '0.6498'] Metrics = ['0.2589', '14.6968', '0.6498', '0.0000']
2025-07-18 20:56:28,989 - AdaPoinTr - INFO - Test[8408/10518] Taxonomy = 03001627 Sample = 89208a619341d9fdb8c516ed5c4ce32 Losses = ['30.8235', '3.1971', '14.0154', '0.6264'] Metrics = ['0.2772', '14.0154', '0.6264', '0.0000']
2025-07-18 20:57:36,039 - AdaPoinTr - INFO - Test[9459/10518] Taxonomy = 03001627 Sample = d0255120e3351121c3bd24f986301745 Losses = ['35.3758', '4.4978', '16.3453', '0.9030'] Metrics = ['0.2309', '16.3453', '0.9030', '0.0000']
2025-07-18 20:58:43,200 - AdaPoinTr - INFO - Test[10510/10518] Taxonomy = 03636649 Sample = ea9ec4d9db2e06202471e6dd5ac3ef92 Losses = ['29.2152', '3.6303', '17.4305', '1.7665'] Metrics = ['0.4404', '17.4305', '1.7665', '0.0000']
2025-07-18 20:58:43,752 - AdaPoinTr - INFO - [Validation] EPOCH: 35  Metrics = ['0.3471', '15.2646', '1.0919', '0.0000']
2025-07-18 20:58:43,752 - AdaPoinTr - INFO - ============================ TEST RESULTS ============================
2025-07-18 20:58:43,752 - AdaPoinTr - INFO - Taxonomy	#Sample	F-Score	CDL1	CDL2	EMDistance	#ModelName	
2025-07-18 20:58:43,752 - AdaPoinTr - INFO - 03759954	14	0.568 	14.342 	1.886 	0.000 	microphone	
2025-07-18 20:58:43,752 - AdaPoinTr - INFO - 04330267	44	0.264 	16.391 	1.051 	0.000 	stove	
2025-07-18 20:58:43,752 - AdaPoinTr - INFO - 03261776	15	0.269 	19.154 	1.874 	0.000 	earphone	
2025-07-18 20:58:43,752 - AdaPoinTr - INFO - 03513137	33	0.194 	23.470 	2.858 	0.000 	helmet	
2025-07-18 20:58:43,752 - AdaPoinTr - INFO - 04460130	27	0.397 	14.744 	1.012 	0.000 	tower	
2025-07-18 20:58:43,752 - AdaPoinTr - INFO - 04468005	78	0.369 	13.551 	0.760 	0.000 	train	
2025-07-18 20:58:43,752 - AdaPoinTr - INFO - 03761084	31	0.228 	17.506 	1.260 	0.000 	microwaves	
2025-07-18 20:58:43,752 - AdaPoinTr - INFO - 04004475	34	0.249 	17.966 	1.488 	0.000 	printer	
2025-07-18 20:58:43,752 - AdaPoinTr - INFO - 03938244	20	0.284 	14.984 	0.811 	0.000 	pillow	
2025-07-18 20:58:43,752 - AdaPoinTr - INFO - 02992529	167	0.407 	11.608 	0.482 	0.000 	cellphone	
2025-07-18 20:58:43,752 - AdaPoinTr - INFO - 02808440	172	0.271 	15.916 	1.037 	0.000 	bathtub	
2025-07-18 20:58:43,752 - AdaPoinTr - INFO - 04530566	388	0.473 	12.009 	0.673 	0.000 	watercraft	
2025-07-18 20:58:43,752 - AdaPoinTr - INFO - 02871439	91	0.235 	16.998 	1.099 	0.000 	bookshelf	
2025-07-18 20:58:43,753 - AdaPoinTr - INFO - 03593526	120	0.248 	18.449 	1.482 	0.000 	jar	
2025-07-18 20:58:43,753 - AdaPoinTr - INFO - 04554684	34	0.215 	18.582 	1.396 	0.000 	washer	
2025-07-18 20:58:43,753 - AdaPoinTr - INFO - 03467517	160	0.791 	7.216 	0.244 	0.000 	guitar	
2025-07-18 20:58:43,753 - AdaPoinTr - INFO - 04401088	218	0.407 	11.519 	0.478 	0.000 	telephone	
2025-07-18 20:58:43,753 - AdaPoinTr - INFO - 02954340	12	0.263 	16.716 	1.157 	0.000 	cap	
2025-07-18 20:58:43,753 - AdaPoinTr - INFO - 02933112	315	0.230 	16.193 	0.918 	0.000 	cabinet	
2025-07-18 20:58:43,753 - AdaPoinTr - INFO - 03642806	92	0.361 	12.493 	0.589 	0.000 	laptop	
2025-07-18 20:58:43,753 - AdaPoinTr - INFO - 02924116	188	0.344 	13.278 	0.652 	0.000 	bus	
2025-07-18 20:58:43,753 - AdaPoinTr - INFO - 02946921	22	0.241 	17.182 	1.545 	0.000 	can	
2025-07-18 20:58:43,753 - AdaPoinTr - INFO - 02818832	47	0.266 	17.826 	1.436 	0.000 	bed	
2025-07-18 20:58:43,753 - AdaPoinTr - INFO - 04256520	635	0.280 	15.306 	0.881 	0.000 	sofa	
2025-07-18 20:58:43,753 - AdaPoinTr - INFO - 04379243	1687	0.367 	13.590 	0.873 	0.000 	table	
2025-07-18 20:58:43,753 - AdaPoinTr - INFO - 02747177	69	0.183 	18.819 	1.260 	0.000 	trash bin	
2025-07-18 20:58:43,753 - AdaPoinTr - INFO - 03046257	131	0.298 	15.732 	1.054 	0.000 	clock	
2025-07-18 20:58:43,753 - AdaPoinTr - INFO - 04225987	31	0.518 	10.462 	0.468 	0.000 	skateboard	
2025-07-18 20:58:43,753 - AdaPoinTr - INFO - 03797390	43	0.174 	20.392 	1.658 	0.000 	mug	
2025-07-18 20:58:43,753 - AdaPoinTr - INFO - 03001627	1356	0.345 	14.741 	0.975 	0.000 	chair	
2025-07-18 20:58:43,753 - AdaPoinTr - INFO - 03691459	320	0.239 	18.503 	1.512 	0.000 	loudspeaker	
2025-07-18 20:58:43,753 - AdaPoinTr - INFO - 02942699	23	0.216 	21.488 	2.143 	0.000 	camera	
2025-07-18 20:58:43,753 - AdaPoinTr - INFO - 03636649	464	0.496 	14.832 	1.560 	0.000 	lamp	
2025-07-18 20:58:43,753 - AdaPoinTr - INFO - 02691156	809	0.538 	10.377 	0.489 	0.000 	airplane	
2025-07-18 20:58:43,753 - AdaPoinTr - INFO - 02773838	17	0.334 	14.821 	0.941 	0.000 	bag	
2025-07-18 20:58:43,753 - AdaPoinTr - INFO - 02958343	703	0.206 	17.178 	1.015 	0.000 	car	
2025-07-18 20:58:43,753 - AdaPoinTr - INFO - 02880940	38	0.211 	17.423 	1.090 	0.000 	bowl	
2025-07-18 20:58:43,753 - AdaPoinTr - INFO - 04099429	17	0.697 	9.374 	0.523 	0.000 	rocket	
2025-07-18 20:58:43,753 - AdaPoinTr - INFO - 02828884	363	0.419 	11.951 	0.624 	0.000 	bench	
2025-07-18 20:58:43,753 - AdaPoinTr - INFO - 04090263	475	0.668 	9.091 	0.452 	0.000 	rifle	
2025-07-18 20:58:43,753 - AdaPoinTr - INFO - 03211117	219	0.332 	14.180 	0.878 	0.000 	display	
2025-07-18 20:58:43,753 - AdaPoinTr - INFO - 02876657	100	0.405 	12.826 	0.723 	0.000 	bottle	
2025-07-18 20:58:43,753 - AdaPoinTr - INFO - 03710193	19	0.472 	14.768 	1.454 	0.000 	mailbox	
2025-07-18 20:58:43,753 - AdaPoinTr - INFO - 03790512	68	0.234 	18.086 	1.284 	0.000 	motorbike	
2025-07-18 20:58:43,753 - AdaPoinTr - INFO - 03325088	149	0.424 	16.103 	1.593 	0.000 	faucet	
2025-07-18 20:58:43,753 - AdaPoinTr - INFO - 02801938	23	0.213 	17.450 	1.135 	0.000 	basket	
2025-07-18 20:58:43,753 - AdaPoinTr - INFO - 03337140	60	0.232 	16.789 	1.039 	0.000 	file cabinet	
2025-07-18 20:58:43,753 - AdaPoinTr - INFO - 02843684	15	0.222 	20.164 	1.749 	0.000 	birdhouse	
2025-07-18 20:58:43,753 - AdaPoinTr - INFO - 03624134	85	0.753 	7.846 	0.313 	0.000 	knife	
2025-07-18 20:58:43,753 - AdaPoinTr - INFO - 03991062	121	0.216 	20.527 	1.772 	0.000 	flowerpot	
2025-07-18 20:58:43,753 - AdaPoinTr - INFO - 03948459	62	0.453 	12.313 	0.702 	0.000 	pistol	
2025-07-18 20:58:43,753 - AdaPoinTr - INFO - 03928116	48	0.270 	18.101 	1.898 	0.000 	piano	
2025-07-18 20:58:43,753 - AdaPoinTr - INFO - 03207941	19	0.235 	16.053 	0.899 	0.000 	dishwasher	
2025-07-18 20:58:43,753 - AdaPoinTr - INFO - 04074963	14	0.431 	11.611 	0.520 	0.000 	remote	
2025-07-18 20:58:43,753 - AdaPoinTr - INFO - 03085013	13	0.431 	10.566 	0.388 	0.000 	keyboard	
2025-07-18 20:58:43,753 - AdaPoinTr - INFO - Overall		0.347 	15.265 	1.092 	0.000 	
2025-07-18 20:58:44,189 - AdaPoinTr - INFO - Save checkpoint at ./experiments/AdaPoinTr/ShapeNet55_models/AdaPoinTr/ckpt-best.pth
2025-07-18 20:58:44,614 - AdaPoinTr - INFO - Save checkpoint at ./experiments/AdaPoinTr/ShapeNet55_models/AdaPoinTr/ckpt-last.pth
2025-07-18 20:58:45,422 - AdaPoinTr - INFO - [Epoch 36/200][Batch 1/2622] BatchTime = 0.806 (s) DataTime = 0.097 (s) Losses = ['6.3121', '43.5313'] lr = 0.0000454
2025-07-18 20:59:57,220 - AdaPoinTr - INFO - [Epoch 36/200][Batch 101/2622] BatchTime = 0.707 (s) DataTime = 0.001 (s) Losses = ['5.8295', '43.2263'] lr = 0.0000454
2025-07-18 21:01:08,995 - AdaPoinTr - INFO - [Epoch 36/200][Batch 201/2622] BatchTime = 0.709 (s) DataTime = 0.001 (s) Losses = ['6.3725', '49.7353'] lr = 0.0000454
2025-07-18 21:02:20,750 - AdaPoinTr - INFO - [Epoch 36/200][Batch 301/2622] BatchTime = 0.712 (s) DataTime = 0.001 (s) Losses = ['6.4103', '47.6700'] lr = 0.0000454
2025-07-18 21:03:32,497 - AdaPoinTr - INFO - [Epoch 36/200][Batch 401/2622] BatchTime = 0.718 (s) DataTime = 0.001 (s) Losses = ['6.4557', '43.1773'] lr = 0.0000454
2025-07-18 21:04:44,256 - AdaPoinTr - INFO - [Epoch 36/200][Batch 501/2622] BatchTime = 0.709 (s) DataTime = 0.001 (s) Losses = ['7.3306', '54.7319'] lr = 0.0000454
2025-07-18 21:05:56,012 - AdaPoinTr - INFO - [Epoch 36/200][Batch 601/2622] BatchTime = 0.716 (s) DataTime = 0.001 (s) Losses = ['6.7316', '45.0242'] lr = 0.0000454
2025-07-18 21:07:07,779 - AdaPoinTr - INFO - [Epoch 36/200][Batch 701/2622] BatchTime = 0.719 (s) DataTime = 0.001 (s) Losses = ['5.8261', '46.0517'] lr = 0.0000454
2025-07-18 21:08:19,556 - AdaPoinTr - INFO - [Epoch 36/200][Batch 801/2622] BatchTime = 0.720 (s) DataTime = 0.001 (s) Losses = ['6.3170', '45.1960'] lr = 0.0000454
2025-07-18 21:09:31,324 - AdaPoinTr - INFO - [Epoch 36/200][Batch 901/2622] BatchTime = 0.715 (s) DataTime = 0.001 (s) Losses = ['7.3944', '51.9618'] lr = 0.0000454
2025-07-18 21:10:43,062 - AdaPoinTr - INFO - [Epoch 36/200][Batch 1001/2622] BatchTime = 0.721 (s) DataTime = 0.001 (s) Losses = ['5.8495', '42.3512'] lr = 0.0000454
2025-07-18 21:11:54,833 - AdaPoinTr - INFO - [Epoch 36/200][Batch 1101/2622] BatchTime = 0.717 (s) DataTime = 0.001 (s) Losses = ['5.8348', '40.8770'] lr = 0.0000454
2025-07-18 21:13:06,567 - AdaPoinTr - INFO - [Epoch 36/200][Batch 1201/2622] BatchTime = 0.715 (s) DataTime = 0.001 (s) Losses = ['6.6199', '46.3456'] lr = 0.0000454
2025-07-18 21:14:18,319 - AdaPoinTr - INFO - [Epoch 36/200][Batch 1301/2622] BatchTime = 0.715 (s) DataTime = 0.001 (s) Losses = ['5.5574', '38.7603'] lr = 0.0000454
2025-07-18 21:15:30,076 - AdaPoinTr - INFO - [Epoch 36/200][Batch 1401/2622] BatchTime = 0.718 (s) DataTime = 0.001 (s) Losses = ['5.6706', '45.0073'] lr = 0.0000454
2025-07-18 21:16:41,869 - AdaPoinTr - INFO - [Epoch 36/200][Batch 1501/2622] BatchTime = 0.713 (s) DataTime = 0.001 (s) Losses = ['6.5447', '48.4677'] lr = 0.0000454
2025-07-18 21:17:53,634 - AdaPoinTr - INFO - [Epoch 36/200][Batch 1601/2622] BatchTime = 0.713 (s) DataTime = 0.001 (s) Losses = ['6.9427', '48.8754'] lr = 0.0000454
2025-07-18 21:19:05,398 - AdaPoinTr - INFO - [Epoch 36/200][Batch 1701/2622] BatchTime = 0.716 (s) DataTime = 0.001 (s) Losses = ['5.8835', '43.1612'] lr = 0.0000454
2025-07-18 21:20:17,149 - AdaPoinTr - INFO - [Epoch 36/200][Batch 1801/2622] BatchTime = 0.723 (s) DataTime = 0.001 (s) Losses = ['6.5695', '45.3259'] lr = 0.0000454
2025-07-18 21:21:28,956 - AdaPoinTr - INFO - [Epoch 36/200][Batch 1901/2622] BatchTime = 0.716 (s) DataTime = 0.001 (s) Losses = ['6.4665', '48.7082'] lr = 0.0000454
2025-07-18 21:22:40,721 - AdaPoinTr - INFO - [Epoch 36/200][Batch 2001/2622] BatchTime = 0.716 (s) DataTime = 0.001 (s) Losses = ['6.4438', '44.0864'] lr = 0.0000454
2025-07-18 21:23:52,492 - AdaPoinTr - INFO - [Epoch 36/200][Batch 2101/2622] BatchTime = 0.718 (s) DataTime = 0.001 (s) Losses = ['5.9534', '42.6721'] lr = 0.0000454
2025-07-18 21:25:04,278 - AdaPoinTr - INFO - [Epoch 36/200][Batch 2201/2622] BatchTime = 0.715 (s) DataTime = 0.001 (s) Losses = ['6.3280', '53.3189'] lr = 0.0000454
2025-07-18 21:26:16,016 - AdaPoinTr - INFO - [Epoch 36/200][Batch 2301/2622] BatchTime = 0.715 (s) DataTime = 0.001 (s) Losses = ['5.6613', '43.1646'] lr = 0.0000454
2025-07-18 21:27:27,764 - AdaPoinTr - INFO - [Epoch 36/200][Batch 2401/2622] BatchTime = 0.716 (s) DataTime = 0.001 (s) Losses = ['6.0573', '50.1262'] lr = 0.0000454
2025-07-18 21:28:39,479 - AdaPoinTr - INFO - [Epoch 36/200][Batch 2501/2622] BatchTime = 0.705 (s) DataTime = 0.001 (s) Losses = ['5.7461', '40.5154'] lr = 0.0000454
2025-07-18 21:29:51,255 - AdaPoinTr - INFO - [Epoch 36/200][Batch 2601/2622] BatchTime = 0.714 (s) DataTime = 0.001 (s) Losses = ['6.7658', '51.6798'] lr = 0.0000454
2025-07-18 21:30:06,376 - AdaPoinTr - INFO - [Training] EPOCH: 36 EpochTime = 1881.760 (s) Losses = ['6.0700', '44.5487']
2025-07-18 21:30:06,815 - AdaPoinTr - INFO - Save checkpoint at ./experiments/AdaPoinTr/ShapeNet55_models/AdaPoinTr/ckpt-last.pth
2025-07-18 21:30:07,621 - AdaPoinTr - INFO - [Epoch 37/200][Batch 1/2622] BatchTime = 0.805 (s) DataTime = 0.095 (s) Losses = ['6.0747', '42.8443'] lr = 0.0000444
2025-07-18 21:31:19,385 - AdaPoinTr - INFO - [Epoch 37/200][Batch 101/2622] BatchTime = 0.711 (s) DataTime = 0.001 (s) Losses = ['6.1702', '45.4940'] lr = 0.0000444
2025-07-18 21:32:31,138 - AdaPoinTr - INFO - [Epoch 37/200][Batch 201/2622] BatchTime = 0.709 (s) DataTime = 0.001 (s) Losses = ['7.0442', '54.9076'] lr = 0.0000444
2025-07-18 21:33:42,866 - AdaPoinTr - INFO - [Epoch 37/200][Batch 301/2622] BatchTime = 0.709 (s) DataTime = 0.001 (s) Losses = ['6.1844', '46.6384'] lr = 0.0000444
2025-07-18 21:34:54,627 - AdaPoinTr - INFO - [Epoch 37/200][Batch 401/2622] BatchTime = 0.706 (s) DataTime = 0.001 (s) Losses = ['5.9820', '47.6842'] lr = 0.0000444
2025-07-18 21:36:06,402 - AdaPoinTr - INFO - [Epoch 37/200][Batch 501/2622] BatchTime = 0.707 (s) DataTime = 0.001 (s) Losses = ['6.0599', '47.7949'] lr = 0.0000444
2025-07-18 21:37:18,150 - AdaPoinTr - INFO - [Epoch 37/200][Batch 601/2622] BatchTime = 0.709 (s) DataTime = 0.001 (s) Losses = ['6.4989', '51.1156'] lr = 0.0000444
2025-07-18 21:38:29,923 - AdaPoinTr - INFO - [Epoch 37/200][Batch 701/2622] BatchTime = 0.705 (s) DataTime = 0.001 (s) Losses = ['6.4643', '42.4460'] lr = 0.0000444
2025-07-18 21:39:41,713 - AdaPoinTr - INFO - [Epoch 37/200][Batch 801/2622] BatchTime = 0.710 (s) DataTime = 0.001 (s) Losses = ['6.1696', '46.0656'] lr = 0.0000444
2025-07-18 21:40:51,606 - AdaPoinTr - INFO - [Epoch 37/200][Batch 901/2622] BatchTime = 0.509 (s) DataTime = 0.001 (s) Losses = ['6.4898', '51.1427'] lr = 0.0000444
2025-07-18 21:41:42,847 - AdaPoinTr - INFO - [Epoch 37/200][Batch 1001/2622] BatchTime = 0.497 (s) DataTime = 0.001 (s) Losses = ['5.9225', '40.6738'] lr = 0.0000444
2025-07-18 21:42:34,067 - AdaPoinTr - INFO - [Epoch 37/200][Batch 1101/2622] BatchTime = 0.511 (s) DataTime = 0.001 (s) Losses = ['6.1723', '45.8221'] lr = 0.0000444
2025-07-18 21:43:25,362 - AdaPoinTr - INFO - [Epoch 37/200][Batch 1201/2622] BatchTime = 0.513 (s) DataTime = 0.001 (s) Losses = ['5.7031', '41.7734'] lr = 0.0000444
2025-07-18 21:44:16,618 - AdaPoinTr - INFO - [Epoch 37/200][Batch 1301/2622] BatchTime = 0.508 (s) DataTime = 0.001 (s) Losses = ['6.1998', '46.0922'] lr = 0.0000444
2025-07-18 21:45:07,870 - AdaPoinTr - INFO - [Epoch 37/200][Batch 1401/2622] BatchTime = 0.511 (s) DataTime = 0.001 (s) Losses = ['6.3041', '48.1139'] lr = 0.0000444
2025-07-18 21:45:59,093 - AdaPoinTr - INFO - [Epoch 37/200][Batch 1501/2622] BatchTime = 0.502 (s) DataTime = 0.001 (s) Losses = ['5.9885', '44.7531'] lr = 0.0000444
2025-07-18 21:46:50,350 - AdaPoinTr - INFO - [Epoch 37/200][Batch 1601/2622] BatchTime = 0.492 (s) DataTime = 0.001 (s) Losses = ['6.5692', '47.2400'] lr = 0.0000444
2025-07-18 21:47:41,615 - AdaPoinTr - INFO - [Epoch 37/200][Batch 1701/2622] BatchTime = 0.512 (s) DataTime = 0.001 (s) Losses = ['5.5081', '40.9644'] lr = 0.0000444
2025-07-18 21:48:32,796 - AdaPoinTr - INFO - [Epoch 37/200][Batch 1801/2622] BatchTime = 0.510 (s) DataTime = 0.001 (s) Losses = ['6.1813', '45.9793'] lr = 0.0000444
2025-07-18 21:49:24,005 - AdaPoinTr - INFO - [Epoch 37/200][Batch 1901/2622] BatchTime = 0.509 (s) DataTime = 0.001 (s) Losses = ['6.2664', '44.6131'] lr = 0.0000444
2025-07-18 21:50:15,209 - AdaPoinTr - INFO - [Epoch 37/200][Batch 2001/2622] BatchTime = 0.516 (s) DataTime = 0.001 (s) Losses = ['6.2717', '45.8072'] lr = 0.0000444
2025-07-18 21:51:06,452 - AdaPoinTr - INFO - [Epoch 37/200][Batch 2101/2622] BatchTime = 0.514 (s) DataTime = 0.001 (s) Losses = ['5.2204', '37.6416'] lr = 0.0000444
2025-07-18 21:51:57,652 - AdaPoinTr - INFO - [Epoch 37/200][Batch 2201/2622] BatchTime = 0.512 (s) DataTime = 0.001 (s) Losses = ['6.8242', '49.4645'] lr = 0.0000444
2025-07-18 21:53:02,040 - AdaPoinTr - INFO - [Epoch 37/200][Batch 2301/2622] BatchTime = 0.713 (s) DataTime = 0.001 (s) Losses = ['6.2687', '52.2101'] lr = 0.0000444
2025-07-18 21:54:13,786 - AdaPoinTr - INFO - [Epoch 37/200][Batch 2401/2622] BatchTime = 0.710 (s) DataTime = 0.001 (s) Losses = ['6.0018', '48.7046'] lr = 0.0000444
2025-07-18 21:55:25,567 - AdaPoinTr - INFO - [Epoch 37/200][Batch 2501/2622] BatchTime = 0.706 (s) DataTime = 0.001 (s) Losses = ['6.6028', '48.4578'] lr = 0.0000444
2025-07-18 21:56:37,347 - AdaPoinTr - INFO - [Epoch 37/200][Batch 2601/2622] BatchTime = 0.713 (s) DataTime = 0.001 (s) Losses = ['6.1455', '44.2678'] lr = 0.0000444
2025-07-18 21:56:52,462 - AdaPoinTr - INFO - [Training] EPOCH: 37 EpochTime = 1605.646 (s) Losses = ['6.0838', '44.9771']
2025-07-18 21:56:52,921 - AdaPoinTr - INFO - Save checkpoint at ./experiments/AdaPoinTr/ShapeNet55_models/AdaPoinTr/ckpt-last.pth
2025-07-18 21:56:53,727 - AdaPoinTr - INFO - [Epoch 38/200][Batch 1/2622] BatchTime = 0.805 (s) DataTime = 0.093 (s) Losses = ['5.5199', '48.7417'] lr = 0.0000435
2025-07-18 21:58:05,500 - AdaPoinTr - INFO - [Epoch 38/200][Batch 101/2622] BatchTime = 0.714 (s) DataTime = 0.001 (s) Losses = ['6.4749', '46.5869'] lr = 0.0000435
2025-07-18 21:59:17,261 - AdaPoinTr - INFO - [Epoch 38/200][Batch 201/2622] BatchTime = 0.714 (s) DataTime = 0.001 (s) Losses = ['6.5584', '45.7697'] lr = 0.0000435
2025-07-18 22:00:29,033 - AdaPoinTr - INFO - [Epoch 38/200][Batch 301/2622] BatchTime = 0.710 (s) DataTime = 0.001 (s) Losses = ['6.1503', '44.1012'] lr = 0.0000435
2025-07-18 22:01:40,813 - AdaPoinTr - INFO - [Epoch 38/200][Batch 401/2622] BatchTime = 0.716 (s) DataTime = 0.001 (s) Losses = ['6.4549', '45.3944'] lr = 0.0000435
2025-07-18 22:02:52,566 - AdaPoinTr - INFO - [Epoch 38/200][Batch 501/2622] BatchTime = 0.710 (s) DataTime = 0.001 (s) Losses = ['5.7620', '42.7150'] lr = 0.0000435
2025-07-18 22:04:04,345 - AdaPoinTr - INFO - [Epoch 38/200][Batch 601/2622] BatchTime = 0.713 (s) DataTime = 0.001 (s) Losses = ['5.2680', '40.2788'] lr = 0.0000435
2025-07-18 22:05:16,142 - AdaPoinTr - INFO - [Epoch 38/200][Batch 701/2622] BatchTime = 0.712 (s) DataTime = 0.001 (s) Losses = ['5.7214', '42.3657'] lr = 0.0000435
2025-07-18 22:06:27,870 - AdaPoinTr - INFO - [Epoch 38/200][Batch 801/2622] BatchTime = 0.717 (s) DataTime = 0.001 (s) Losses = ['6.0601', '46.0124'] lr = 0.0000435
2025-07-18 22:07:39,630 - AdaPoinTr - INFO - [Epoch 38/200][Batch 901/2622] BatchTime = 0.714 (s) DataTime = 0.001 (s) Losses = ['5.9646', '46.5536'] lr = 0.0000435
2025-07-18 22:08:51,409 - AdaPoinTr - INFO - [Epoch 38/200][Batch 1001/2622] BatchTime = 0.713 (s) DataTime = 0.001 (s) Losses = ['5.6639', '40.1834'] lr = 0.0000435
2025-07-18 22:10:03,156 - AdaPoinTr - INFO - [Epoch 38/200][Batch 1101/2622] BatchTime = 0.709 (s) DataTime = 0.001 (s) Losses = ['6.5397', '49.5405'] lr = 0.0000435
2025-07-18 22:11:14,890 - AdaPoinTr - INFO - [Epoch 38/200][Batch 1201/2622] BatchTime = 0.708 (s) DataTime = 0.001 (s) Losses = ['6.3493', '45.3598'] lr = 0.0000435
2025-07-18 22:12:26,675 - AdaPoinTr - INFO - [Epoch 38/200][Batch 1301/2622] BatchTime = 0.712 (s) DataTime = 0.001 (s) Losses = ['6.0694', '44.0639'] lr = 0.0000435
2025-07-18 22:13:38,439 - AdaPoinTr - INFO - [Epoch 38/200][Batch 1401/2622] BatchTime = 0.707 (s) DataTime = 0.001 (s) Losses = ['5.6872', '42.3091'] lr = 0.0000435
2025-07-18 22:14:50,197 - AdaPoinTr - INFO - [Epoch 38/200][Batch 1501/2622] BatchTime = 0.706 (s) DataTime = 0.001 (s) Losses = ['6.3564', '43.9986'] lr = 0.0000435
2025-07-18 22:16:01,962 - AdaPoinTr - INFO - [Epoch 38/200][Batch 1601/2622] BatchTime = 0.707 (s) DataTime = 0.001 (s) Losses = ['5.8772', '48.6677'] lr = 0.0000435
2025-07-18 22:17:13,685 - AdaPoinTr - INFO - [Epoch 38/200][Batch 1701/2622] BatchTime = 0.704 (s) DataTime = 0.001 (s) Losses = ['5.8559', '46.9283'] lr = 0.0000435
2025-07-18 22:18:25,458 - AdaPoinTr - INFO - [Epoch 38/200][Batch 1801/2622] BatchTime = 0.704 (s) DataTime = 0.001 (s) Losses = ['5.7877', '40.8963'] lr = 0.0000435
2025-07-18 22:19:37,236 - AdaPoinTr - INFO - [Epoch 38/200][Batch 1901/2622] BatchTime = 0.709 (s) DataTime = 0.001 (s) Losses = ['5.9322', '41.6912'] lr = 0.0000435
2025-07-18 22:20:48,960 - AdaPoinTr - INFO - [Epoch 38/200][Batch 2001/2622] BatchTime = 0.706 (s) DataTime = 0.001 (s) Losses = ['6.2243', '47.9185'] lr = 0.0000435
2025-07-18 22:22:00,724 - AdaPoinTr - INFO - [Epoch 38/200][Batch 2101/2622] BatchTime = 0.710 (s) DataTime = 0.001 (s) Losses = ['6.1847', '44.8253'] lr = 0.0000435
2025-07-18 22:23:12,521 - AdaPoinTr - INFO - [Epoch 38/200][Batch 2201/2622] BatchTime = 0.713 (s) DataTime = 0.001 (s) Losses = ['5.9665', '43.4231'] lr = 0.0000435
2025-07-18 22:24:24,307 - AdaPoinTr - INFO - [Epoch 38/200][Batch 2301/2622] BatchTime = 0.714 (s) DataTime = 0.001 (s) Losses = ['6.5111', '50.3269'] lr = 0.0000435
2025-07-18 22:25:36,104 - AdaPoinTr - INFO - [Epoch 38/200][Batch 2401/2622] BatchTime = 0.707 (s) DataTime = 0.001 (s) Losses = ['6.5127', '46.6539'] lr = 0.0000435
2025-07-18 22:26:47,848 - AdaPoinTr - INFO - [Epoch 38/200][Batch 2501/2622] BatchTime = 0.709 (s) DataTime = 0.001 (s) Losses = ['5.6281', '48.0717'] lr = 0.0000435
2025-07-18 22:27:59,611 - AdaPoinTr - INFO - [Epoch 38/200][Batch 2601/2622] BatchTime = 0.720 (s) DataTime = 0.001 (s) Losses = ['6.1028', '43.1694'] lr = 0.0000435
2025-07-18 22:28:14,703 - AdaPoinTr - INFO - [Training] EPOCH: 38 EpochTime = 1881.781 (s) Losses = ['6.0234', '44.3381']
2025-07-18 22:28:15,163 - AdaPoinTr - INFO - Save checkpoint at ./experiments/AdaPoinTr/ShapeNet55_models/AdaPoinTr/ckpt-last.pth
2025-07-18 22:28:15,975 - AdaPoinTr - INFO - [Epoch 39/200][Batch 1/2622] BatchTime = 0.811 (s) DataTime = 0.092 (s) Losses = ['6.3836', '48.4129'] lr = 0.0000425
2025-07-18 22:29:27,743 - AdaPoinTr - INFO - [Epoch 39/200][Batch 101/2622] BatchTime = 0.707 (s) DataTime = 0.001 (s) Losses = ['5.8530', '43.5958'] lr = 0.0000425
2025-07-18 22:30:39,491 - AdaPoinTr - INFO - [Epoch 39/200][Batch 201/2622] BatchTime = 0.721 (s) DataTime = 0.001 (s) Losses = ['5.5795', '39.3239'] lr = 0.0000425
2025-07-18 22:31:51,254 - AdaPoinTr - INFO - [Epoch 39/200][Batch 301/2622] BatchTime = 0.717 (s) DataTime = 0.001 (s) Losses = ['5.8187', '39.6217'] lr = 0.0000425
2025-07-18 22:33:02,995 - AdaPoinTr - INFO - [Epoch 39/200][Batch 401/2622] BatchTime = 0.717 (s) DataTime = 0.001 (s) Losses = ['5.9696', '46.8216'] lr = 0.0000425
2025-07-18 22:34:14,784 - AdaPoinTr - INFO - [Epoch 39/200][Batch 501/2622] BatchTime = 0.718 (s) DataTime = 0.001 (s) Losses = ['6.0223', '44.0794'] lr = 0.0000425
2025-07-18 22:35:26,563 - AdaPoinTr - INFO - [Epoch 39/200][Batch 601/2622] BatchTime = 0.727 (s) DataTime = 0.001 (s) Losses = ['5.8537', '44.4105'] lr = 0.0000425
2025-07-18 22:36:38,339 - AdaPoinTr - INFO - [Epoch 39/200][Batch 701/2622] BatchTime = 0.724 (s) DataTime = 0.001 (s) Losses = ['5.3906', '40.8622'] lr = 0.0000425
2025-07-18 22:37:50,079 - AdaPoinTr - INFO - [Epoch 39/200][Batch 801/2622] BatchTime = 0.717 (s) DataTime = 0.001 (s) Losses = ['6.1890', '43.4463'] lr = 0.0000425
2025-07-18 22:39:01,800 - AdaPoinTr - INFO - [Epoch 39/200][Batch 901/2622] BatchTime = 0.715 (s) DataTime = 0.001 (s) Losses = ['5.6232', '40.2171'] lr = 0.0000425
2025-07-18 22:40:13,597 - AdaPoinTr - INFO - [Epoch 39/200][Batch 1001/2622] BatchTime = 0.715 (s) DataTime = 0.001 (s) Losses = ['5.5604', '43.0282'] lr = 0.0000425
2025-07-18 22:41:25,338 - AdaPoinTr - INFO - [Epoch 39/200][Batch 1101/2622] BatchTime = 0.721 (s) DataTime = 0.001 (s) Losses = ['5.2667', '37.4015'] lr = 0.0000425
2025-07-18 22:42:36,727 - AdaPoinTr - INFO - [Epoch 39/200][Batch 1201/2622] BatchTime = 0.711 (s) DataTime = 0.001 (s) Losses = ['6.6931', '45.7827'] lr = 0.0000425
2025-07-18 22:43:48,481 - AdaPoinTr - INFO - [Epoch 39/200][Batch 1301/2622] BatchTime = 0.717 (s) DataTime = 0.001 (s) Losses = ['5.4220', '42.4737'] lr = 0.0000425
2025-07-18 22:45:00,225 - AdaPoinTr - INFO - [Epoch 39/200][Batch 1401/2622] BatchTime = 0.713 (s) DataTime = 0.001 (s) Losses = ['5.8815', '41.2750'] lr = 0.0000425
2025-07-18 22:46:11,989 - AdaPoinTr - INFO - [Epoch 39/200][Batch 1501/2622] BatchTime = 0.713 (s) DataTime = 0.001 (s) Losses = ['6.1454', '45.4019'] lr = 0.0000425
2025-07-18 22:47:23,680 - AdaPoinTr - INFO - [Epoch 39/200][Batch 1601/2622] BatchTime = 0.706 (s) DataTime = 0.001 (s) Losses = ['5.6802', '41.7698'] lr = 0.0000425
2025-07-18 22:48:35,400 - AdaPoinTr - INFO - [Epoch 39/200][Batch 1701/2622] BatchTime = 0.709 (s) DataTime = 0.001 (s) Losses = ['6.0362', '43.7201'] lr = 0.0000425
2025-07-18 22:49:47,157 - AdaPoinTr - INFO - [Epoch 39/200][Batch 1801/2622] BatchTime = 0.710 (s) DataTime = 0.001 (s) Losses = ['6.2469', '48.9674'] lr = 0.0000425
2025-07-18 22:50:58,898 - AdaPoinTr - INFO - [Epoch 39/200][Batch 1901/2622] BatchTime = 0.708 (s) DataTime = 0.001 (s) Losses = ['5.9962', '38.9827'] lr = 0.0000425
2025-07-18 22:52:10,649 - AdaPoinTr - INFO - [Epoch 39/200][Batch 2001/2622] BatchTime = 0.708 (s) DataTime = 0.001 (s) Losses = ['6.7629', '54.5765'] lr = 0.0000425
2025-07-18 22:53:22,422 - AdaPoinTr - INFO - [Epoch 39/200][Batch 2101/2622] BatchTime = 0.713 (s) DataTime = 0.001 (s) Losses = ['5.5468', '42.4929'] lr = 0.0000425
2025-07-18 22:54:34,230 - AdaPoinTr - INFO - [Epoch 39/200][Batch 2201/2622] BatchTime = 0.713 (s) DataTime = 0.001 (s) Losses = ['5.9969', '41.9825'] lr = 0.0000425
2025-07-18 22:55:45,989 - AdaPoinTr - INFO - [Epoch 39/200][Batch 2301/2622] BatchTime = 0.708 (s) DataTime = 0.001 (s) Losses = ['5.6387', '41.0349'] lr = 0.0000425
2025-07-18 22:56:57,729 - AdaPoinTr - INFO - [Epoch 39/200][Batch 2401/2622] BatchTime = 0.708 (s) DataTime = 0.001 (s) Losses = ['6.5111', '49.6195'] lr = 0.0000425
2025-07-18 22:58:09,489 - AdaPoinTr - INFO - [Epoch 39/200][Batch 2501/2622] BatchTime = 0.711 (s) DataTime = 0.001 (s) Losses = ['5.1530', '34.7634'] lr = 0.0000425
2025-07-18 22:59:21,267 - AdaPoinTr - INFO - [Epoch 39/200][Batch 2601/2622] BatchTime = 0.704 (s) DataTime = 0.001 (s) Losses = ['5.5310', '39.5319'] lr = 0.0000425
2025-07-18 22:59:36,384 - AdaPoinTr - INFO - [Training] EPOCH: 39 EpochTime = 1881.219 (s) Losses = ['6.0267', '44.4661']
2025-07-18 22:59:36,867 - AdaPoinTr - INFO - Save checkpoint at ./experiments/AdaPoinTr/ShapeNet55_models/AdaPoinTr/ckpt-last.pth
2025-07-18 22:59:37,673 - AdaPoinTr - INFO - [Epoch 40/200][Batch 1/2622] BatchTime = 0.805 (s) DataTime = 0.097 (s) Losses = ['5.6379', '41.9701'] lr = 0.0000416
2025-07-18 23:00:49,438 - AdaPoinTr - INFO - [Epoch 40/200][Batch 101/2622] BatchTime = 0.708 (s) DataTime = 0.001 (s) Losses = ['6.1850', '44.9461'] lr = 0.0000416
2025-07-18 23:02:01,179 - AdaPoinTr - INFO - [Epoch 40/200][Batch 201/2622] BatchTime = 0.705 (s) DataTime = 0.001 (s) Losses = ['6.0595', '44.1622'] lr = 0.0000416
2025-07-18 23:03:12,917 - AdaPoinTr - INFO - [Epoch 40/200][Batch 301/2622] BatchTime = 0.703 (s) DataTime = 0.001 (s) Losses = ['5.7082', '41.2719'] lr = 0.0000416
2025-07-18 23:04:24,641 - AdaPoinTr - INFO - [Epoch 40/200][Batch 401/2622] BatchTime = 0.716 (s) DataTime = 0.001 (s) Losses = ['6.0824', '45.5748'] lr = 0.0000416
2025-07-18 23:05:36,370 - AdaPoinTr - INFO - [Epoch 40/200][Batch 501/2622] BatchTime = 0.718 (s) DataTime = 0.001 (s) Losses = ['6.2154', '44.3627'] lr = 0.0000416
2025-07-18 23:06:48,121 - AdaPoinTr - INFO - [Epoch 40/200][Batch 601/2622] BatchTime = 0.719 (s) DataTime = 0.001 (s) Losses = ['6.2963', '45.3961'] lr = 0.0000416
2025-07-18 23:07:59,849 - AdaPoinTr - INFO - [Epoch 40/200][Batch 701/2622] BatchTime = 0.721 (s) DataTime = 0.001 (s) Losses = ['6.1802', '44.9881'] lr = 0.0000416
2025-07-18 23:09:11,587 - AdaPoinTr - INFO - [Epoch 40/200][Batch 801/2622] BatchTime = 0.716 (s) DataTime = 0.001 (s) Losses = ['5.8361', '44.5212'] lr = 0.0000416
2025-07-18 23:10:23,389 - AdaPoinTr - INFO - [Epoch 40/200][Batch 901/2622] BatchTime = 0.716 (s) DataTime = 0.001 (s) Losses = ['5.6257', '48.8588'] lr = 0.0000416
2025-07-18 23:11:35,135 - AdaPoinTr - INFO - [Epoch 40/200][Batch 1001/2622] BatchTime = 0.713 (s) DataTime = 0.001 (s) Losses = ['6.9367', '49.0371'] lr = 0.0000416
2025-07-18 23:12:46,863 - AdaPoinTr - INFO - [Epoch 40/200][Batch 1101/2622] BatchTime = 0.714 (s) DataTime = 0.001 (s) Losses = ['5.6791', '40.9241'] lr = 0.0000416
2025-07-18 23:13:58,679 - AdaPoinTr - INFO - [Epoch 40/200][Batch 1201/2622] BatchTime = 0.719 (s) DataTime = 0.001 (s) Losses = ['5.7515', '43.2021'] lr = 0.0000416
2025-07-18 23:15:10,471 - AdaPoinTr - INFO - [Epoch 40/200][Batch 1301/2622] BatchTime = 0.720 (s) DataTime = 0.001 (s) Losses = ['6.6884', '47.7329'] lr = 0.0000416
2025-07-18 23:16:22,256 - AdaPoinTr - INFO - [Epoch 40/200][Batch 1401/2622] BatchTime = 0.715 (s) DataTime = 0.001 (s) Losses = ['5.5112', '42.7641'] lr = 0.0000416
2025-07-18 23:17:34,003 - AdaPoinTr - INFO - [Epoch 40/200][Batch 1501/2622] BatchTime = 0.718 (s) DataTime = 0.001 (s) Losses = ['5.0176', '36.2171'] lr = 0.0000416
2025-07-18 23:18:45,778 - AdaPoinTr - INFO - [Epoch 40/200][Batch 1601/2622] BatchTime = 0.717 (s) DataTime = 0.001 (s) Losses = ['6.3657', '49.5128'] lr = 0.0000416
2025-07-18 23:19:57,529 - AdaPoinTr - INFO - [Epoch 40/200][Batch 1701/2622] BatchTime = 0.713 (s) DataTime = 0.001 (s) Losses = ['7.2153', '51.9666'] lr = 0.0000416
2025-07-18 23:21:09,266 - AdaPoinTr - INFO - [Epoch 40/200][Batch 1801/2622] BatchTime = 0.709 (s) DataTime = 0.001 (s) Losses = ['5.5348', '39.8884'] lr = 0.0000416
2025-07-18 23:22:21,025 - AdaPoinTr - INFO - [Epoch 40/200][Batch 1901/2622] BatchTime = 0.709 (s) DataTime = 0.001 (s) Losses = ['7.2539', '49.7888'] lr = 0.0000416
2025-07-18 23:23:32,769 - AdaPoinTr - INFO - [Epoch 40/200][Batch 2001/2622] BatchTime = 0.710 (s) DataTime = 0.001 (s) Losses = ['6.1918', '45.2825'] lr = 0.0000416
2025-07-18 23:24:44,528 - AdaPoinTr - INFO - [Epoch 40/200][Batch 2101/2622] BatchTime = 0.702 (s) DataTime = 0.001 (s) Losses = ['5.9054', '45.8844'] lr = 0.0000416
2025-07-18 23:25:56,305 - AdaPoinTr - INFO - [Epoch 40/200][Batch 2201/2622] BatchTime = 0.708 (s) DataTime = 0.001 (s) Losses = ['6.5233', '45.9982'] lr = 0.0000416
2025-07-18 23:27:08,072 - AdaPoinTr - INFO - [Epoch 40/200][Batch 2301/2622] BatchTime = 0.712 (s) DataTime = 0.001 (s) Losses = ['6.1003', '47.1470'] lr = 0.0000416
2025-07-18 23:28:19,866 - AdaPoinTr - INFO - [Epoch 40/200][Batch 2401/2622] BatchTime = 0.709 (s) DataTime = 0.001 (s) Losses = ['6.5137', '47.7500'] lr = 0.0000416
2025-07-18 23:29:31,597 - AdaPoinTr - INFO - [Epoch 40/200][Batch 2501/2622] BatchTime = 0.712 (s) DataTime = 0.001 (s) Losses = ['5.3932', '36.9728'] lr = 0.0000416
2025-07-18 23:30:43,321 - AdaPoinTr - INFO - [Epoch 40/200][Batch 2601/2622] BatchTime = 0.704 (s) DataTime = 0.001 (s) Losses = ['5.8920', '41.3853'] lr = 0.0000416
2025-07-18 23:30:58,466 - AdaPoinTr - INFO - [Training] EPOCH: 40 EpochTime = 1881.598 (s) Losses = ['6.0339', '44.2545']
2025-07-18 23:30:58,466 - AdaPoinTr - INFO - [VALIDATION] Start validating epoch 40
2025-07-18 23:32:05,244 - AdaPoinTr - INFO - Test[1051/10518] Taxonomy = 02691156 Sample = c7749c0a8b61f43bc9b9e28055202e3d Losses = ['21.5522', '1.8003', '10.3247', '0.4238'] Metrics = ['0.5376', '10.3247', '0.4238', '0.0000']
2025-07-18 23:33:12,338 - AdaPoinTr - INFO - Test[2102/10518] Taxonomy = 03211117 Sample = ab2f9418c111cc6ddb965514105122a4 Losses = ['24.6216', '2.2964', '8.1893', '0.2220'] Metrics = ['0.6147', '8.1893', '0.2220', '0.0000']
2025-07-18 23:34:19,375 - AdaPoinTr - INFO - Test[3153/10518] Taxonomy = 02876657 Sample = c5032e4be091aabb36fe7a88df793982 Losses = ['39.3480', '6.1718', '17.6346', '1.2105'] Metrics = ['0.2832', '17.6346', '1.2105', '0.0000']
2025-07-18 23:35:26,420 - AdaPoinTr - INFO - Test[4204/10518] Taxonomy = 03211117 Sample = 722df1da5778d45b1e43523279c7f09f Losses = ['31.9962', '4.0862', '14.7925', '1.1188'] Metrics = ['0.4082', '14.7925', '1.1188', '0.0000']
2025-07-18 23:36:33,751 - AdaPoinTr - INFO - Test[5255/10518] Taxonomy = 02828884 Sample = 14b63361a48a9fffe4a048c146e8bd43 Losses = ['29.9435', '3.2936', '13.4576', '0.8515'] Metrics = ['0.4245', '13.4576', '0.8515', '0.0000']
2025-07-18 23:37:40,763 - AdaPoinTr - INFO - Test[6306/10518] Taxonomy = 03211117 Sample = d330d50a0255529d19ed6e1a590c9122 Losses = ['24.9432', '2.1981', '11.8173', '0.4927'] Metrics = ['0.4481', '11.8173', '0.4927', '0.0000']
2025-07-18 23:38:47,997 - AdaPoinTr - INFO - Test[7357/10518] Taxonomy = 04379243 Sample = b1ca280d9567270ade98d10ab5975b59 Losses = ['34.4888', '4.8112', '15.9100', '0.8888'] Metrics = ['0.2748', '15.9100', '0.8888', '0.0000']
2025-07-18 23:39:55,499 - AdaPoinTr - INFO - Test[8408/10518] Taxonomy = 03001627 Sample = 89208a619341d9fdb8c516ed5c4ce32 Losses = ['28.7367', '2.8392', '14.0507', '0.6091'] Metrics = ['0.3014', '14.0507', '0.6091', '0.0000']
2025-07-18 23:41:02,812 - AdaPoinTr - INFO - Test[9459/10518] Taxonomy = 03001627 Sample = d0255120e3351121c3bd24f986301745 Losses = ['36.0400', '4.6837', '18.9965', '1.3503'] Metrics = ['0.2191', '18.9965', '1.3503', '0.0000']
2025-07-18 23:42:10,059 - AdaPoinTr - INFO - Test[10510/10518] Taxonomy = 03636649 Sample = ea9ec4d9db2e06202471e6dd5ac3ef92 Losses = ['27.9600', '3.7691', '15.7346', '1.7789'] Metrics = ['0.6195', '15.7346', '1.7789', '0.0000']
2025-07-18 23:42:10,605 - AdaPoinTr - INFO - [Validation] EPOCH: 40  Metrics = ['0.3489', '15.2967', '1.0603', '0.0000']
2025-07-18 23:42:10,605 - AdaPoinTr - INFO - ============================ TEST RESULTS ============================
2025-07-18 23:42:10,605 - AdaPoinTr - INFO - Taxonomy	#Sample	F-Score	CDL1	CDL2	EMDistance	#ModelName	
2025-07-18 23:42:10,605 - AdaPoinTr - INFO - 03759954	14	0.534 	13.823 	1.307 	0.000 	microphone	
2025-07-18 23:42:10,606 - AdaPoinTr - INFO - 04330267	44	0.266 	16.945 	1.128 	0.000 	stove	
2025-07-18 23:42:10,606 - AdaPoinTr - INFO - 03261776	15	0.278 	20.004 	1.954 	0.000 	earphone	
2025-07-18 23:42:10,606 - AdaPoinTr - INFO - 03513137	33	0.202 	21.817 	2.401 	0.000 	helmet	
2025-07-18 23:42:10,606 - AdaPoinTr - INFO - 04460130	27	0.389 	15.273 	1.118 	0.000 	tower	
2025-07-18 23:42:10,606 - AdaPoinTr - INFO - 04468005	78	0.369 	13.803 	0.829 	0.000 	train	
2025-07-18 23:42:10,606 - AdaPoinTr - INFO - 03761084	31	0.230 	17.348 	1.122 	0.000 	microwaves	
2025-07-18 23:42:10,606 - AdaPoinTr - INFO - 04004475	34	0.252 	18.039 	1.444 	0.000 	printer	
2025-07-18 23:42:10,606 - AdaPoinTr - INFO - 03938244	20	0.286 	15.750 	0.973 	0.000 	pillow	
2025-07-18 23:42:10,606 - AdaPoinTr - INFO - 02992529	167	0.411 	11.592 	0.463 	0.000 	cellphone	
2025-07-18 23:42:10,606 - AdaPoinTr - INFO - 02808440	172	0.275 	16.182 	1.052 	0.000 	bathtub	
2025-07-18 23:42:10,606 - AdaPoinTr - INFO - 04530566	388	0.473 	12.100 	0.659 	0.000 	watercraft	
2025-07-18 23:42:10,606 - AdaPoinTr - INFO - 02871439	91	0.233 	17.680 	1.230 	0.000 	bookshelf	
2025-07-18 23:42:10,606 - AdaPoinTr - INFO - 03593526	120	0.248 	18.502 	1.435 	0.000 	jar	
2025-07-18 23:42:10,606 - AdaPoinTr - INFO - 04554684	34	0.216 	18.661 	1.318 	0.000 	washer	
2025-07-18 23:42:10,606 - AdaPoinTr - INFO - 03467517	160	0.792 	7.189 	0.244 	0.000 	guitar	
2025-07-18 23:42:10,606 - AdaPoinTr - INFO - 04401088	218	0.413 	11.530 	0.461 	0.000 	telephone	
2025-07-18 23:42:10,606 - AdaPoinTr - INFO - 02954340	12	0.296 	15.813 	1.038 	0.000 	cap	
2025-07-18 23:42:10,606 - AdaPoinTr - INFO - 02933112	315	0.230 	16.474 	0.962 	0.000 	cabinet	
2025-07-18 23:42:10,606 - AdaPoinTr - INFO - 03642806	92	0.377 	11.946 	0.488 	0.000 	laptop	
2025-07-18 23:42:10,606 - AdaPoinTr - INFO - 02924116	188	0.348 	13.282 	0.653 	0.000 	bus	
2025-07-18 23:42:10,606 - AdaPoinTr - INFO - 02946921	22	0.239 	17.169 	1.189 	0.000 	can	
2025-07-18 23:42:10,606 - AdaPoinTr - INFO - 02818832	47	0.267 	17.688 	1.536 	0.000 	bed	
2025-07-18 23:42:10,606 - AdaPoinTr - INFO - 04256520	635	0.281 	15.367 	0.881 	0.000 	sofa	
2025-07-18 23:42:10,606 - AdaPoinTr - INFO - 04379243	1687	0.373 	13.709 	0.878 	0.000 	table	
2025-07-18 23:42:10,606 - AdaPoinTr - INFO - 02747177	69	0.181 	19.254 	1.342 	0.000 	trash bin	
2025-07-18 23:42:10,606 - AdaPoinTr - INFO - 03046257	131	0.297 	16.148 	1.138 	0.000 	clock	
2025-07-18 23:42:10,606 - AdaPoinTr - INFO - 04225987	31	0.517 	10.665 	0.523 	0.000 	skateboard	
2025-07-18 23:42:10,606 - AdaPoinTr - INFO - 03797390	43	0.172 	21.089 	1.826 	0.000 	mug	
2025-07-18 23:42:10,606 - AdaPoinTr - INFO - 03001627	1356	0.348 	14.679 	0.951 	0.000 	chair	
2025-07-18 23:42:10,606 - AdaPoinTr - INFO - 03691459	320	0.236 	18.814 	1.524 	0.000 	loudspeaker	
2025-07-18 23:42:10,606 - AdaPoinTr - INFO - 02942699	23	0.218 	21.620 	2.108 	0.000 	camera	
2025-07-18 23:42:10,606 - AdaPoinTr - INFO - 03636649	464	0.505 	14.307 	1.426 	0.000 	lamp	
2025-07-18 23:42:10,606 - AdaPoinTr - INFO - 02691156	809	0.549 	10.246 	0.452 	0.000 	airplane	
2025-07-18 23:42:10,606 - AdaPoinTr - INFO - 02773838	17	0.332 	14.540 	0.842 	0.000 	bag	
2025-07-18 23:42:10,606 - AdaPoinTr - INFO - 02958343	703	0.205 	17.471 	1.036 	0.000 	car	
2025-07-18 23:42:10,606 - AdaPoinTr - INFO - 02880940	38	0.223 	16.948 	0.959 	0.000 	bowl	
2025-07-18 23:42:10,606 - AdaPoinTr - INFO - 04099429	17	0.677 	9.383 	0.471 	0.000 	rocket	
2025-07-18 23:42:10,606 - AdaPoinTr - INFO - 02828884	363	0.422 	11.885 	0.598 	0.000 	bench	
2025-07-18 23:42:10,606 - AdaPoinTr - INFO - 04090263	475	0.671 	9.130 	0.459 	0.000 	rifle	
2025-07-18 23:42:10,606 - AdaPoinTr - INFO - 03211117	219	0.337 	14.275 	0.859 	0.000 	display	
2025-07-18 23:42:10,606 - AdaPoinTr - INFO - 02876657	100	0.391 	13.791 	0.852 	0.000 	bottle	
2025-07-18 23:42:10,606 - AdaPoinTr - INFO - 03710193	19	0.495 	12.790 	0.870 	0.000 	mailbox	
2025-07-18 23:42:10,606 - AdaPoinTr - INFO - 03790512	68	0.242 	17.786 	1.199 	0.000 	motorbike	
2025-07-18 23:42:10,606 - AdaPoinTr - INFO - 03325088	149	0.434 	16.224 	1.748 	0.000 	faucet	
2025-07-18 23:42:10,606 - AdaPoinTr - INFO - 02801938	23	0.214 	17.888 	1.326 	0.000 	basket	
2025-07-18 23:42:10,606 - AdaPoinTr - INFO - 03337140	60	0.228 	17.386 	1.186 	0.000 	file cabinet	
2025-07-18 23:42:10,606 - AdaPoinTr - INFO - 02843684	15	0.224 	20.220 	1.732 	0.000 	birdhouse	
2025-07-18 23:42:10,606 - AdaPoinTr - INFO - 03624134	85	0.750 	7.830 	0.317 	0.000 	knife	
2025-07-18 23:42:10,606 - AdaPoinTr - INFO - 03991062	121	0.217 	21.031 	1.956 	0.000 	flowerpot	
2025-07-18 23:42:10,606 - AdaPoinTr - INFO - 03948459	62	0.454 	12.112 	0.611 	0.000 	pistol	
2025-07-18 23:42:10,606 - AdaPoinTr - INFO - 03928116	48	0.270 	17.603 	1.399 	0.000 	piano	
2025-07-18 23:42:10,606 - AdaPoinTr - INFO - 03207941	19	0.230 	16.308 	0.918 	0.000 	dishwasher	
2025-07-18 23:42:10,606 - AdaPoinTr - INFO - 04074963	14	0.439 	11.272 	0.442 	0.000 	remote	
2025-07-18 23:42:10,606 - AdaPoinTr - INFO - 03085013	13	0.433 	10.936 	0.484 	0.000 	keyboard	
2025-07-18 23:42:10,606 - AdaPoinTr - INFO - Overall		0.349 	15.297 	1.060 	0.000 	
2025-07-18 23:42:11,043 - AdaPoinTr - INFO - Save checkpoint at ./experiments/AdaPoinTr/ShapeNet55_models/AdaPoinTr/ckpt-best.pth
2025-07-18 23:42:11,464 - AdaPoinTr - INFO - Save checkpoint at ./experiments/AdaPoinTr/ShapeNet55_models/AdaPoinTr/ckpt-last.pth
2025-07-18 23:42:12,276 - AdaPoinTr - INFO - [Epoch 41/200][Batch 1/2622] BatchTime = 0.811 (s) DataTime = 0.099 (s) Losses = ['5.8781', '43.4400'] lr = 0.0000407
2025-07-18 23:43:24,077 - AdaPoinTr - INFO - [Epoch 41/200][Batch 101/2622] BatchTime = 0.715 (s) DataTime = 0.001 (s) Losses = ['5.5899', '39.4972'] lr = 0.0000407
2025-07-18 23:44:35,811 - AdaPoinTr - INFO - [Epoch 41/200][Batch 201/2622] BatchTime = 0.711 (s) DataTime = 0.001 (s) Losses = ['6.6554', '43.6651'] lr = 0.0000407
2025-07-18 23:45:47,557 - AdaPoinTr - INFO - [Epoch 41/200][Batch 301/2622] BatchTime = 0.708 (s) DataTime = 0.001 (s) Losses = ['5.8387', '44.3001'] lr = 0.0000407
2025-07-18 23:46:59,302 - AdaPoinTr - INFO - [Epoch 41/200][Batch 401/2622] BatchTime = 0.704 (s) DataTime = 0.001 (s) Losses = ['6.1677', '45.2754'] lr = 0.0000407
2025-07-18 23:48:11,113 - AdaPoinTr - INFO - [Epoch 41/200][Batch 501/2622] BatchTime = 0.712 (s) DataTime = 0.001 (s) Losses = ['5.6993', '43.8649'] lr = 0.0000407
2025-07-18 23:49:22,820 - AdaPoinTr - INFO - [Epoch 41/200][Batch 601/2622] BatchTime = 0.708 (s) DataTime = 0.001 (s) Losses = ['5.5231', '45.2538'] lr = 0.0000407
2025-07-18 23:50:34,602 - AdaPoinTr - INFO - [Epoch 41/200][Batch 701/2622] BatchTime = 0.716 (s) DataTime = 0.001 (s) Losses = ['5.8094', '41.0633'] lr = 0.0000407
2025-07-18 23:51:46,361 - AdaPoinTr - INFO - [Epoch 41/200][Batch 801/2622] BatchTime = 0.708 (s) DataTime = 0.001 (s) Losses = ['5.6208', '44.8461'] lr = 0.0000407
2025-07-18 23:52:58,107 - AdaPoinTr - INFO - [Epoch 41/200][Batch 901/2622] BatchTime = 0.705 (s) DataTime = 0.001 (s) Losses = ['5.8722', '38.8683'] lr = 0.0000407
2025-07-18 23:54:09,861 - AdaPoinTr - INFO - [Epoch 41/200][Batch 1001/2622] BatchTime = 0.701 (s) DataTime = 0.001 (s) Losses = ['6.2088', '48.7469'] lr = 0.0000407
2025-07-18 23:55:21,618 - AdaPoinTr - INFO - [Epoch 41/200][Batch 1101/2622] BatchTime = 0.705 (s) DataTime = 0.001 (s) Losses = ['6.2950', '48.0596'] lr = 0.0000407
2025-07-18 23:56:33,391 - AdaPoinTr - INFO - [Epoch 41/200][Batch 1201/2622] BatchTime = 0.712 (s) DataTime = 0.001 (s) Losses = ['6.2618', '48.8816'] lr = 0.0000407
2025-07-18 23:57:45,170 - AdaPoinTr - INFO - [Epoch 41/200][Batch 1301/2622] BatchTime = 0.709 (s) DataTime = 0.001 (s) Losses = ['5.5023', '40.0312'] lr = 0.0000407
2025-07-18 23:58:56,968 - AdaPoinTr - INFO - [Epoch 41/200][Batch 1401/2622] BatchTime = 0.709 (s) DataTime = 0.001 (s) Losses = ['5.5166', '37.5805'] lr = 0.0000407
2025-07-19 00:00:08,704 - AdaPoinTr - INFO - [Epoch 41/200][Batch 1501/2622] BatchTime = 0.713 (s) DataTime = 0.001 (s) Losses = ['5.9714', '45.2025'] lr = 0.0000407
2025-07-19 00:01:20,504 - AdaPoinTr - INFO - [Epoch 41/200][Batch 1601/2622] BatchTime = 0.711 (s) DataTime = 0.001 (s) Losses = ['6.9241', '51.2630'] lr = 0.0000407
2025-07-19 00:02:32,266 - AdaPoinTr - INFO - [Epoch 41/200][Batch 1701/2622] BatchTime = 0.712 (s) DataTime = 0.001 (s) Losses = ['6.0241', '45.4954'] lr = 0.0000407
2025-07-19 00:03:44,019 - AdaPoinTr - INFO - [Epoch 41/200][Batch 1801/2622] BatchTime = 0.712 (s) DataTime = 0.001 (s) Losses = ['6.0199', '44.4574'] lr = 0.0000407
2025-07-19 00:04:55,763 - AdaPoinTr - INFO - [Epoch 41/200][Batch 1901/2622] BatchTime = 0.713 (s) DataTime = 0.001 (s) Losses = ['6.1849', '47.8162'] lr = 0.0000407
2025-07-19 00:06:07,532 - AdaPoinTr - INFO - [Epoch 41/200][Batch 2001/2622] BatchTime = 0.707 (s) DataTime = 0.001 (s) Losses = ['6.2945', '43.8775'] lr = 0.0000407
2025-07-19 00:07:19,292 - AdaPoinTr - INFO - [Epoch 41/200][Batch 2101/2622] BatchTime = 0.710 (s) DataTime = 0.001 (s) Losses = ['5.0512', '40.0738'] lr = 0.0000407
2025-07-19 00:08:31,055 - AdaPoinTr - INFO - [Epoch 41/200][Batch 2201/2622] BatchTime = 0.713 (s) DataTime = 0.001 (s) Losses = ['5.8820', '46.0407'] lr = 0.0000407
2025-07-19 00:09:42,813 - AdaPoinTr - INFO - [Epoch 41/200][Batch 2301/2622] BatchTime = 0.710 (s) DataTime = 0.001 (s) Losses = ['6.2127', '44.9650'] lr = 0.0000407
2025-07-19 00:10:54,631 - AdaPoinTr - INFO - [Epoch 41/200][Batch 2401/2622] BatchTime = 0.710 (s) DataTime = 0.001 (s) Losses = ['5.7155', '42.8117'] lr = 0.0000407
2025-07-19 00:12:06,385 - AdaPoinTr - INFO - [Epoch 41/200][Batch 2501/2622] BatchTime = 0.711 (s) DataTime = 0.001 (s) Losses = ['5.7101', '42.7972'] lr = 0.0000407
2025-07-19 00:13:18,131 - AdaPoinTr - INFO - [Epoch 41/200][Batch 2601/2622] BatchTime = 0.717 (s) DataTime = 0.001 (s) Losses = ['5.6607', '43.4528'] lr = 0.0000407
2025-07-19 00:13:33,232 - AdaPoinTr - INFO - [Training] EPOCH: 41 EpochTime = 1881.766 (s) Losses = ['6.0141', '44.4444']
2025-07-19 00:13:33,696 - AdaPoinTr - INFO - Save checkpoint at ./experiments/AdaPoinTr/ShapeNet55_models/AdaPoinTr/ckpt-last.pth
2025-07-19 00:13:34,502 - AdaPoinTr - INFO - [Epoch 42/200][Batch 1/2622] BatchTime = 0.806 (s) DataTime = 0.095 (s) Losses = ['5.9031', '44.6409'] lr = 0.0000398
2025-07-19 00:14:46,255 - AdaPoinTr - INFO - [Epoch 42/200][Batch 101/2622] BatchTime = 0.714 (s) DataTime = 0.001 (s) Losses = ['5.7782', '40.5400'] lr = 0.0000398
2025-07-19 00:15:57,966 - AdaPoinTr - INFO - [Epoch 42/200][Batch 201/2622] BatchTime = 0.716 (s) DataTime = 0.001 (s) Losses = ['7.0104', '48.5734'] lr = 0.0000398
2025-07-19 00:17:09,362 - AdaPoinTr - INFO - [Epoch 42/200][Batch 301/2622] BatchTime = 0.726 (s) DataTime = 0.001 (s) Losses = ['6.0993', '48.0441'] lr = 0.0000398
2025-07-19 00:18:21,106 - AdaPoinTr - INFO - [Epoch 42/200][Batch 401/2622] BatchTime = 0.714 (s) DataTime = 0.001 (s) Losses = ['6.5789', '44.9161'] lr = 0.0000398
2025-07-19 00:19:32,844 - AdaPoinTr - INFO - [Epoch 42/200][Batch 501/2622] BatchTime = 0.714 (s) DataTime = 0.001 (s) Losses = ['6.1782', '47.8676'] lr = 0.0000398
2025-07-19 00:20:44,619 - AdaPoinTr - INFO - [Epoch 42/200][Batch 601/2622] BatchTime = 0.712 (s) DataTime = 0.001 (s) Losses = ['5.6554', '40.5114'] lr = 0.0000398
2025-07-19 00:21:56,425 - AdaPoinTr - INFO - [Epoch 42/200][Batch 701/2622] BatchTime = 0.712 (s) DataTime = 0.001 (s) Losses = ['6.0504', '40.6288'] lr = 0.0000398
2025-07-19 00:23:08,214 - AdaPoinTr - INFO - [Epoch 42/200][Batch 801/2622] BatchTime = 0.711 (s) DataTime = 0.001 (s) Losses = ['5.8626', '48.4096'] lr = 0.0000398
2025-07-19 00:24:19,992 - AdaPoinTr - INFO - [Epoch 42/200][Batch 901/2622] BatchTime = 0.718 (s) DataTime = 0.001 (s) Losses = ['5.6929', '42.7632'] lr = 0.0000398
2025-07-19 00:25:31,752 - AdaPoinTr - INFO - [Epoch 42/200][Batch 1001/2622] BatchTime = 0.714 (s) DataTime = 0.001 (s) Losses = ['6.1191', '45.6784'] lr = 0.0000398
2025-07-19 00:26:43,496 - AdaPoinTr - INFO - [Epoch 42/200][Batch 1101/2622] BatchTime = 0.716 (s) DataTime = 0.001 (s) Losses = ['6.0423', '44.7035'] lr = 0.0000398
2025-07-19 00:27:55,241 - AdaPoinTr - INFO - [Epoch 42/200][Batch 1201/2622] BatchTime = 0.706 (s) DataTime = 0.001 (s) Losses = ['5.7443', '42.4900'] lr = 0.0000398
2025-07-19 00:29:07,000 - AdaPoinTr - INFO - [Epoch 42/200][Batch 1301/2622] BatchTime = 0.709 (s) DataTime = 0.001 (s) Losses = ['6.1730', '45.0533'] lr = 0.0000398
2025-07-19 00:30:18,733 - AdaPoinTr - INFO - [Epoch 42/200][Batch 1401/2622] BatchTime = 0.707 (s) DataTime = 0.001 (s) Losses = ['6.5502', '48.4255'] lr = 0.0000398
2025-07-19 00:31:30,519 - AdaPoinTr - INFO - [Epoch 42/200][Batch 1501/2622] BatchTime = 0.706 (s) DataTime = 0.001 (s) Losses = ['6.0782', '49.2311'] lr = 0.0000398
2025-07-19 00:32:42,279 - AdaPoinTr - INFO - [Epoch 42/200][Batch 1601/2622] BatchTime = 0.708 (s) DataTime = 0.001 (s) Losses = ['6.6000', '46.1520'] lr = 0.0000398
2025-07-19 00:33:54,032 - AdaPoinTr - INFO - [Epoch 42/200][Batch 1701/2622] BatchTime = 0.703 (s) DataTime = 0.001 (s) Losses = ['6.6268', '44.5456'] lr = 0.0000398
2025-07-19 00:35:05,808 - AdaPoinTr - INFO - [Epoch 42/200][Batch 1801/2622] BatchTime = 0.704 (s) DataTime = 0.001 (s) Losses = ['5.7768', '41.8281'] lr = 0.0000398
2025-07-19 00:36:17,566 - AdaPoinTr - INFO - [Epoch 42/200][Batch 1901/2622] BatchTime = 0.710 (s) DataTime = 0.001 (s) Losses = ['5.8582', '42.2055'] lr = 0.0000398
2025-07-19 00:37:29,323 - AdaPoinTr - INFO - [Epoch 42/200][Batch 2001/2622] BatchTime = 0.705 (s) DataTime = 0.001 (s) Losses = ['5.6370', '40.3910'] lr = 0.0000398
2025-07-19 00:38:41,086 - AdaPoinTr - INFO - [Epoch 42/200][Batch 2101/2622] BatchTime = 0.705 (s) DataTime = 0.001 (s) Losses = ['6.2069', '40.9062'] lr = 0.0000398
2025-07-19 00:39:52,834 - AdaPoinTr - INFO - [Epoch 42/200][Batch 2201/2622] BatchTime = 0.705 (s) DataTime = 0.001 (s) Losses = ['5.8741', '49.5192'] lr = 0.0000398
2025-07-19 00:41:04,615 - AdaPoinTr - INFO - [Epoch 42/200][Batch 2301/2622] BatchTime = 0.712 (s) DataTime = 0.001 (s) Losses = ['5.4324', '46.8392'] lr = 0.0000398
2025-07-19 00:42:16,375 - AdaPoinTr - INFO - [Epoch 42/200][Batch 2401/2622] BatchTime = 0.714 (s) DataTime = 0.001 (s) Losses = ['6.4910', '46.8740'] lr = 0.0000398
2025-07-19 00:43:28,135 - AdaPoinTr - INFO - [Epoch 42/200][Batch 2501/2622] BatchTime = 0.723 (s) DataTime = 0.001 (s) Losses = ['6.9401', '51.2767'] lr = 0.0000398
2025-07-19 00:44:39,911 - AdaPoinTr - INFO - [Epoch 42/200][Batch 2601/2622] BatchTime = 0.718 (s) DataTime = 0.001 (s) Losses = ['6.9390', '49.4059'] lr = 0.0000398
2025-07-19 00:44:55,029 - AdaPoinTr - INFO - [Training] EPOCH: 42 EpochTime = 1881.333 (s) Losses = ['5.9857', '44.2601']
2025-07-19 00:44:55,497 - AdaPoinTr - INFO - Save checkpoint at ./experiments/AdaPoinTr/ShapeNet55_models/AdaPoinTr/ckpt-last.pth
2025-07-19 00:44:56,302 - AdaPoinTr - INFO - [Epoch 43/200][Batch 1/2622] BatchTime = 0.805 (s) DataTime = 0.095 (s) Losses = ['5.8851', '42.5241'] lr = 0.0000389
2025-07-19 00:46:08,022 - AdaPoinTr - INFO - [Epoch 43/200][Batch 101/2622] BatchTime = 0.710 (s) DataTime = 0.001 (s) Losses = ['6.3069', '44.8115'] lr = 0.0000389
2025-07-19 00:47:19,831 - AdaPoinTr - INFO - [Epoch 43/200][Batch 201/2622] BatchTime = 0.709 (s) DataTime = 0.001 (s) Losses = ['6.0549', '47.1190'] lr = 0.0000389
2025-07-19 00:48:31,598 - AdaPoinTr - INFO - [Epoch 43/200][Batch 301/2622] BatchTime = 0.705 (s) DataTime = 0.001 (s) Losses = ['5.8316', '41.5964'] lr = 0.0000389
2025-07-19 00:49:43,392 - AdaPoinTr - INFO - [Epoch 43/200][Batch 401/2622] BatchTime = 0.711 (s) DataTime = 0.001 (s) Losses = ['5.4467', '40.0207'] lr = 0.0000389
2025-07-19 00:50:55,143 - AdaPoinTr - INFO - [Epoch 43/200][Batch 501/2622] BatchTime = 0.708 (s) DataTime = 0.001 (s) Losses = ['5.9138', '43.0980'] lr = 0.0000389
2025-07-19 00:52:06,856 - AdaPoinTr - INFO - [Epoch 43/200][Batch 601/2622] BatchTime = 0.708 (s) DataTime = 0.001 (s) Losses = ['5.3035', '41.5531'] lr = 0.0000389
2025-07-19 00:53:18,631 - AdaPoinTr - INFO - [Epoch 43/200][Batch 701/2622] BatchTime = 0.714 (s) DataTime = 0.001 (s) Losses = ['6.4384', '43.9399'] lr = 0.0000389
2025-07-19 00:54:30,393 - AdaPoinTr - INFO - [Epoch 43/200][Batch 801/2622] BatchTime = 0.707 (s) DataTime = 0.001 (s) Losses = ['6.0191', '42.4370'] lr = 0.0000389
2025-07-19 00:55:42,133 - AdaPoinTr - INFO - [Epoch 43/200][Batch 901/2622] BatchTime = 0.705 (s) DataTime = 0.001 (s) Losses = ['5.9861', '44.3442'] lr = 0.0000389
2025-07-19 00:56:53,862 - AdaPoinTr - INFO - [Epoch 43/200][Batch 1001/2622] BatchTime = 0.711 (s) DataTime = 0.001 (s) Losses = ['5.5106', '41.1363'] lr = 0.0000389
2025-07-19 00:58:05,602 - AdaPoinTr - INFO - [Epoch 43/200][Batch 1101/2622] BatchTime = 0.714 (s) DataTime = 0.001 (s) Losses = ['6.0985', '44.9153'] lr = 0.0000389
2025-07-19 00:59:17,366 - AdaPoinTr - INFO - [Epoch 43/200][Batch 1201/2622] BatchTime = 0.711 (s) DataTime = 0.001 (s) Losses = ['5.9902', '50.1540'] lr = 0.0000389
2025-07-19 01:00:29,134 - AdaPoinTr - INFO - [Epoch 43/200][Batch 1301/2622] BatchTime = 0.721 (s) DataTime = 0.001 (s) Losses = ['6.1694', '45.0473'] lr = 0.0000389
2025-07-19 01:01:40,934 - AdaPoinTr - INFO - [Epoch 43/200][Batch 1401/2622] BatchTime = 0.713 (s) DataTime = 0.001 (s) Losses = ['5.7277', '42.8913'] lr = 0.0000389
2025-07-19 01:02:52,714 - AdaPoinTr - INFO - [Epoch 43/200][Batch 1501/2622] BatchTime = 0.711 (s) DataTime = 0.001 (s) Losses = ['6.2725', '45.5379'] lr = 0.0000389
2025-07-19 01:04:04,442 - AdaPoinTr - INFO - [Epoch 43/200][Batch 1601/2622] BatchTime = 0.715 (s) DataTime = 0.001 (s) Losses = ['5.2501', '38.6841'] lr = 0.0000389
2025-07-19 01:05:16,171 - AdaPoinTr - INFO - [Epoch 43/200][Batch 1701/2622] BatchTime = 0.714 (s) DataTime = 0.001 (s) Losses = ['5.7813', '43.3854'] lr = 0.0000389
2025-07-19 01:06:27,571 - AdaPoinTr - INFO - [Epoch 43/200][Batch 1801/2622] BatchTime = 0.717 (s) DataTime = 0.001 (s) Losses = ['6.1026', '45.7745'] lr = 0.0000389
2025-07-19 01:07:39,343 - AdaPoinTr - INFO - [Epoch 43/200][Batch 1901/2622] BatchTime = 0.721 (s) DataTime = 0.001 (s) Losses = ['6.5389', '51.3749'] lr = 0.0000389
2025-07-19 01:08:51,047 - AdaPoinTr - INFO - [Epoch 43/200][Batch 2001/2622] BatchTime = 0.710 (s) DataTime = 0.001 (s) Losses = ['6.4175', '46.7585'] lr = 0.0000389
2025-07-19 01:10:02,776 - AdaPoinTr - INFO - [Epoch 43/200][Batch 2101/2622] BatchTime = 0.710 (s) DataTime = 0.001 (s) Losses = ['6.6775', '50.1952'] lr = 0.0000389
2025-07-19 01:11:14,553 - AdaPoinTr - INFO - [Epoch 43/200][Batch 2201/2622] BatchTime = 0.712 (s) DataTime = 0.001 (s) Losses = ['4.8535', '32.7761'] lr = 0.0000389
2025-07-19 01:12:26,335 - AdaPoinTr - INFO - [Epoch 43/200][Batch 2301/2622] BatchTime = 0.705 (s) DataTime = 0.001 (s) Losses = ['5.9368', '44.3406'] lr = 0.0000389
2025-07-19 01:13:38,056 - AdaPoinTr - INFO - [Epoch 43/200][Batch 2401/2622] BatchTime = 0.704 (s) DataTime = 0.001 (s) Losses = ['5.6727', '40.9982'] lr = 0.0000389
2025-07-19 01:14:49,837 - AdaPoinTr - INFO - [Epoch 43/200][Batch 2501/2622] BatchTime = 0.707 (s) DataTime = 0.001 (s) Losses = ['5.2146', '41.4373'] lr = 0.0000389
2025-07-19 01:16:01,686 - AdaPoinTr - INFO - [Epoch 43/200][Batch 2601/2622] BatchTime = 0.712 (s) DataTime = 0.001 (s) Losses = ['5.0341', '36.7388'] lr = 0.0000389
2025-07-19 01:16:16,807 - AdaPoinTr - INFO - [Training] EPOCH: 43 EpochTime = 1881.309 (s) Losses = ['5.9622', '44.0791']
2025-07-19 01:16:17,283 - AdaPoinTr - INFO - Save checkpoint at ./experiments/AdaPoinTr/ShapeNet55_models/AdaPoinTr/ckpt-last.pth
2025-07-19 01:16:18,096 - AdaPoinTr - INFO - [Epoch 44/200][Batch 1/2622] BatchTime = 0.812 (s) DataTime = 0.098 (s) Losses = ['5.4989', '43.2251'] lr = 0.0000381
2025-07-19 01:17:29,893 - AdaPoinTr - INFO - [Epoch 44/200][Batch 101/2622] BatchTime = 0.718 (s) DataTime = 0.001 (s) Losses = ['5.6453', '41.4065'] lr = 0.0000381
2025-07-19 01:18:41,686 - AdaPoinTr - INFO - [Epoch 44/200][Batch 201/2622] BatchTime = 0.721 (s) DataTime = 0.001 (s) Losses = ['5.9296', '42.6266'] lr = 0.0000381
2025-07-19 01:19:53,429 - AdaPoinTr - INFO - [Epoch 44/200][Batch 301/2622] BatchTime = 0.719 (s) DataTime = 0.001 (s) Losses = ['6.4131', '45.9690'] lr = 0.0000381
2025-07-19 01:21:05,182 - AdaPoinTr - INFO - [Epoch 44/200][Batch 401/2622] BatchTime = 0.713 (s) DataTime = 0.001 (s) Losses = ['5.6593', '41.7002'] lr = 0.0000381
2025-07-19 01:22:16,997 - AdaPoinTr - INFO - [Epoch 44/200][Batch 501/2622] BatchTime = 0.713 (s) DataTime = 0.001 (s) Losses = ['6.0205', '42.9451'] lr = 0.0000381
2025-07-19 01:23:28,763 - AdaPoinTr - INFO - [Epoch 44/200][Batch 601/2622] BatchTime = 0.719 (s) DataTime = 0.001 (s) Losses = ['6.0439', '45.0627'] lr = 0.0000381
2025-07-19 01:24:40,496 - AdaPoinTr - INFO - [Epoch 44/200][Batch 701/2622] BatchTime = 0.719 (s) DataTime = 0.001 (s) Losses = ['5.7149', '41.1756'] lr = 0.0000381
2025-07-19 01:25:52,259 - AdaPoinTr - INFO - [Epoch 44/200][Batch 801/2622] BatchTime = 0.718 (s) DataTime = 0.001 (s) Losses = ['5.7239', '41.6168'] lr = 0.0000381
2025-07-19 01:27:04,052 - AdaPoinTr - INFO - [Epoch 44/200][Batch 901/2622] BatchTime = 0.723 (s) DataTime = 0.001 (s) Losses = ['5.3269', '39.8314'] lr = 0.0000381
2025-07-19 01:28:15,796 - AdaPoinTr - INFO - [Epoch 44/200][Batch 1001/2622] BatchTime = 0.718 (s) DataTime = 0.001 (s) Losses = ['6.3909', '44.5678'] lr = 0.0000381
2025-07-19 01:29:27,558 - AdaPoinTr - INFO - [Epoch 44/200][Batch 1101/2622] BatchTime = 0.722 (s) DataTime = 0.001 (s) Losses = ['6.4387', '46.0456'] lr = 0.0000381
2025-07-19 01:30:39,294 - AdaPoinTr - INFO - [Epoch 44/200][Batch 1201/2622] BatchTime = 0.714 (s) DataTime = 0.001 (s) Losses = ['4.9734', '37.3010'] lr = 0.0000381
2025-07-19 01:31:51,047 - AdaPoinTr - INFO - [Epoch 44/200][Batch 1301/2622] BatchTime = 0.714 (s) DataTime = 0.001 (s) Losses = ['5.9738', '46.6360'] lr = 0.0000381
2025-07-19 01:33:02,819 - AdaPoinTr - INFO - [Epoch 44/200][Batch 1401/2622] BatchTime = 0.715 (s) DataTime = 0.001 (s) Losses = ['5.5770', '39.8713'] lr = 0.0000381
2025-07-19 01:34:14,572 - AdaPoinTr - INFO - [Epoch 44/200][Batch 1501/2622] BatchTime = 0.712 (s) DataTime = 0.001 (s) Losses = ['6.0046', '42.7054'] lr = 0.0000381
2025-07-19 01:35:26,314 - AdaPoinTr - INFO - [Epoch 44/200][Batch 1601/2622] BatchTime = 0.715 (s) DataTime = 0.001 (s) Losses = ['6.2172', '46.9654'] lr = 0.0000381
2025-07-19 01:36:38,038 - AdaPoinTr - INFO - [Epoch 44/200][Batch 1701/2622] BatchTime = 0.713 (s) DataTime = 0.001 (s) Losses = ['5.9950', '45.2793'] lr = 0.0000381
2025-07-19 01:37:49,794 - AdaPoinTr - INFO - [Epoch 44/200][Batch 1801/2622] BatchTime = 0.713 (s) DataTime = 0.001 (s) Losses = ['5.8090', '46.8502'] lr = 0.0000381
2025-07-19 01:39:01,526 - AdaPoinTr - INFO - [Epoch 44/200][Batch 1901/2622] BatchTime = 0.704 (s) DataTime = 0.001 (s) Losses = ['5.6528', '43.9154'] lr = 0.0000381
2025-07-19 01:40:13,300 - AdaPoinTr - INFO - [Epoch 44/200][Batch 2001/2622] BatchTime = 0.712 (s) DataTime = 0.001 (s) Losses = ['5.3841', '38.8227'] lr = 0.0000381
2025-07-19 01:41:25,058 - AdaPoinTr - INFO - [Epoch 44/200][Batch 2101/2622] BatchTime = 0.710 (s) DataTime = 0.001 (s) Losses = ['6.2597', '43.8761'] lr = 0.0000381
2025-07-19 01:42:36,833 - AdaPoinTr - INFO - [Epoch 44/200][Batch 2201/2622] BatchTime = 0.708 (s) DataTime = 0.001 (s) Losses = ['5.7381', '46.8321'] lr = 0.0000381
2025-07-19 01:43:48,592 - AdaPoinTr - INFO - [Epoch 44/200][Batch 2301/2622] BatchTime = 0.708 (s) DataTime = 0.001 (s) Losses = ['5.9726', '41.5337'] lr = 0.0000381
2025-07-19 01:45:00,292 - AdaPoinTr - INFO - [Epoch 44/200][Batch 2401/2622] BatchTime = 0.708 (s) DataTime = 0.001 (s) Losses = ['5.7964', '44.0749'] lr = 0.0000381
2025-07-19 01:46:12,085 - AdaPoinTr - INFO - [Epoch 44/200][Batch 2501/2622] BatchTime = 0.705 (s) DataTime = 0.001 (s) Losses = ['5.3733', '43.2162'] lr = 0.0000381
2025-07-19 01:47:23,842 - AdaPoinTr - INFO - [Epoch 44/200][Batch 2601/2622] BatchTime = 0.703 (s) DataTime = 0.001 (s) Losses = ['5.9425', '43.7208'] lr = 0.0000381
2025-07-19 01:47:38,929 - AdaPoinTr - INFO - [Training] EPOCH: 44 EpochTime = 1881.645 (s) Losses = ['5.9415', '43.9615']
2025-07-19 01:47:39,404 - AdaPoinTr - INFO - Save checkpoint at ./experiments/AdaPoinTr/ShapeNet55_models/AdaPoinTr/ckpt-last.pth
2025-07-19 01:47:40,220 - AdaPoinTr - INFO - [Epoch 45/200][Batch 1/2622] BatchTime = 0.815 (s) DataTime = 0.099 (s) Losses = ['5.8863', '43.2814'] lr = 0.0000373
2025-07-19 01:48:51,946 - AdaPoinTr - INFO - [Epoch 45/200][Batch 101/2622] BatchTime = 0.707 (s) DataTime = 0.001 (s) Losses = ['6.2632', '46.7672'] lr = 0.0000373
2025-07-19 01:50:03,676 - AdaPoinTr - INFO - [Epoch 45/200][Batch 201/2622] BatchTime = 0.708 (s) DataTime = 0.001 (s) Losses = ['5.2835', '38.6277'] lr = 0.0000373
2025-07-19 01:51:15,440 - AdaPoinTr - INFO - [Epoch 45/200][Batch 301/2622] BatchTime = 0.710 (s) DataTime = 0.001 (s) Losses = ['6.1816', '45.7396'] lr = 0.0000373
2025-07-19 01:52:27,232 - AdaPoinTr - INFO - [Epoch 45/200][Batch 401/2622] BatchTime = 0.709 (s) DataTime = 0.001 (s) Losses = ['6.1930', '47.6656'] lr = 0.0000373
2025-07-19 01:53:38,968 - AdaPoinTr - INFO - [Epoch 45/200][Batch 501/2622] BatchTime = 0.707 (s) DataTime = 0.001 (s) Losses = ['4.8980', '37.0930'] lr = 0.0000373
2025-07-19 01:54:50,741 - AdaPoinTr - INFO - [Epoch 45/200][Batch 601/2622] BatchTime = 0.709 (s) DataTime = 0.001 (s) Losses = ['5.8372', '44.2123'] lr = 0.0000373
2025-07-19 01:55:45,582 - AdaPoinTr - INFO - [Epoch 45/200][Batch 701/2622] BatchTime = 0.517 (s) DataTime = 0.001 (s) Losses = ['5.3965', '42.3861'] lr = 0.0000373
2025-07-19 01:56:37,081 - AdaPoinTr - INFO - [Epoch 45/200][Batch 801/2622] BatchTime = 0.517 (s) DataTime = 0.001 (s) Losses = ['5.1090', '41.5490'] lr = 0.0000373
2025-07-19 01:57:28,558 - AdaPoinTr - INFO - [Epoch 45/200][Batch 901/2622] BatchTime = 0.511 (s) DataTime = 0.001 (s) Losses = ['5.6332', '42.2876'] lr = 0.0000373
2025-07-19 01:58:20,062 - AdaPoinTr - INFO - [Epoch 45/200][Batch 1001/2622] BatchTime = 0.512 (s) DataTime = 0.001 (s) Losses = ['5.8234', '44.9036'] lr = 0.0000373
2025-07-19 01:59:11,495 - AdaPoinTr - INFO - [Epoch 45/200][Batch 1101/2622] BatchTime = 0.513 (s) DataTime = 0.001 (s) Losses = ['6.1128', '44.3662'] lr = 0.0000373
2025-07-19 02:00:02,946 - AdaPoinTr - INFO - [Epoch 45/200][Batch 1201/2622] BatchTime = 0.504 (s) DataTime = 0.001 (s) Losses = ['5.7235', '47.2746'] lr = 0.0000373
2025-07-19 02:00:54,450 - AdaPoinTr - INFO - [Epoch 45/200][Batch 1301/2622] BatchTime = 0.513 (s) DataTime = 0.001 (s) Losses = ['5.9652', '43.4836'] lr = 0.0000373
2025-07-19 02:01:45,967 - AdaPoinTr - INFO - [Epoch 45/200][Batch 1401/2622] BatchTime = 0.510 (s) DataTime = 0.001 (s) Losses = ['6.1293', '43.0326'] lr = 0.0000373
2025-07-19 02:02:37,504 - AdaPoinTr - INFO - [Epoch 45/200][Batch 1501/2622] BatchTime = 0.511 (s) DataTime = 0.001 (s) Losses = ['6.0048', '43.7002'] lr = 0.0000373
2025-07-19 02:03:28,931 - AdaPoinTr - INFO - [Epoch 45/200][Batch 1601/2622] BatchTime = 0.506 (s) DataTime = 0.001 (s) Losses = ['5.8632', '43.4330'] lr = 0.0000373
2025-07-19 02:04:20,344 - AdaPoinTr - INFO - [Epoch 45/200][Batch 1701/2622] BatchTime = 0.509 (s) DataTime = 0.001 (s) Losses = ['6.5181', '44.7235'] lr = 0.0000373
2025-07-19 02:05:11,818 - AdaPoinTr - INFO - [Epoch 45/200][Batch 1801/2622] BatchTime = 0.512 (s) DataTime = 0.001 (s) Losses = ['5.1386', '39.9910'] lr = 0.0000373
2025-07-19 02:06:03,266 - AdaPoinTr - INFO - [Epoch 45/200][Batch 1901/2622] BatchTime = 0.514 (s) DataTime = 0.001 (s) Losses = ['6.1963', '45.3069'] lr = 0.0000373
2025-07-19 02:07:06,470 - AdaPoinTr - INFO - [Epoch 45/200][Batch 2001/2622] BatchTime = 0.705 (s) DataTime = 0.001 (s) Losses = ['6.3611', '49.9879'] lr = 0.0000373
2025-07-19 02:08:18,270 - AdaPoinTr - INFO - [Epoch 45/200][Batch 2101/2622] BatchTime = 0.709 (s) DataTime = 0.001 (s) Losses = ['6.7225', '47.0938'] lr = 0.0000373
2025-07-19 02:09:30,002 - AdaPoinTr - INFO - [Epoch 45/200][Batch 2201/2622] BatchTime = 0.712 (s) DataTime = 0.001 (s) Losses = ['6.5475', '50.8496'] lr = 0.0000373
2025-07-19 02:10:41,777 - AdaPoinTr - INFO - [Epoch 45/200][Batch 2301/2622] BatchTime = 0.717 (s) DataTime = 0.001 (s) Losses = ['6.4601', '52.3577'] lr = 0.0000373
2025-07-19 02:11:53,562 - AdaPoinTr - INFO - [Epoch 45/200][Batch 2401/2622] BatchTime = 0.711 (s) DataTime = 0.001 (s) Losses = ['5.7859', '39.3688'] lr = 0.0000373
2025-07-19 02:13:05,343 - AdaPoinTr - INFO - [Epoch 45/200][Batch 2501/2622] BatchTime = 0.713 (s) DataTime = 0.001 (s) Losses = ['5.6901', '39.9752'] lr = 0.0000373
2025-07-19 02:14:17,109 - AdaPoinTr - INFO - [Epoch 45/200][Batch 2601/2622] BatchTime = 0.714 (s) DataTime = 0.001 (s) Losses = ['6.2179', '42.8986'] lr = 0.0000373
2025-07-19 02:14:32,216 - AdaPoinTr - INFO - [Training] EPOCH: 45 EpochTime = 1612.811 (s) Losses = ['5.9167', '43.8666']
2025-07-19 02:14:32,216 - AdaPoinTr - INFO - [VALIDATION] Start validating epoch 45
2025-07-19 02:15:39,388 - AdaPoinTr - INFO - Test[1051/10518] Taxonomy = 02691156 Sample = c7749c0a8b61f43bc9b9e28055202e3d Losses = ['23.0360', '2.0258', '11.5444', '0.4930'] Metrics = ['0.4826', '11.5444', '0.4930', '0.0000']
2025-07-19 02:16:46,363 - AdaPoinTr - INFO - Test[2102/10518] Taxonomy = 03211117 Sample = ab2f9418c111cc6ddb965514105122a4 Losses = ['22.2581', '1.9503', '8.7290', '0.3134'] Metrics = ['0.6524', '8.7290', '0.3134', '0.0000']
2025-07-19 02:17:53,344 - AdaPoinTr - INFO - Test[3153/10518] Taxonomy = 02876657 Sample = c5032e4be091aabb36fe7a88df793982 Losses = ['40.6552', '7.6364', '21.1313', '2.4086'] Metrics = ['0.2926', '21.1313', '2.4086', '0.0000']
2025-07-19 02:19:00,340 - AdaPoinTr - INFO - Test[4204/10518] Taxonomy = 03211117 Sample = 722df1da5778d45b1e43523279c7f09f Losses = ['30.0923', '3.4048', '12.4745', '0.6032'] Metrics = ['0.4095', '12.4745', '0.6032', '0.0000']
2025-07-19 02:20:07,481 - AdaPoinTr - INFO - Test[5255/10518] Taxonomy = 02828884 Sample = 14b63361a48a9fffe4a048c146e8bd43 Losses = ['37.7135', '5.6039', '22.7990', '2.7323'] Metrics = ['0.3378', '22.7990', '2.7323', '0.0000']
2025-07-19 02:21:14,464 - AdaPoinTr - INFO - Test[6306/10518] Taxonomy = 03211117 Sample = d330d50a0255529d19ed6e1a590c9122 Losses = ['25.5098', '2.2691', '12.3092', '0.5351'] Metrics = ['0.4179', '12.3092', '0.5351', '0.0000']
2025-07-19 02:22:21,478 - AdaPoinTr - INFO - Test[7357/10518] Taxonomy = 04379243 Sample = b1ca280d9567270ade98d10ab5975b59 Losses = ['34.6696', '4.4383', '14.5611', '0.6631'] Metrics = ['0.2828', '14.5611', '0.6631', '0.0000']
2025-07-19 02:23:28,655 - AdaPoinTr - INFO - Test[8408/10518] Taxonomy = 03001627 Sample = 89208a619341d9fdb8c516ed5c4ce32 Losses = ['30.0735', '3.0465', '13.3283', '0.5353'] Metrics = ['0.2966', '13.3283', '0.5353', '0.0000']
2025-07-19 02:24:35,855 - AdaPoinTr - INFO - Test[9459/10518] Taxonomy = 03001627 Sample = d0255120e3351121c3bd24f986301745 Losses = ['41.9688', '6.5724', '24.4416', '2.6532'] Metrics = ['0.1720', '24.4416', '2.6532', '0.0000']
2025-07-19 02:25:42,987 - AdaPoinTr - INFO - Test[10510/10518] Taxonomy = 03636649 Sample = ea9ec4d9db2e06202471e6dd5ac3ef92 Losses = ['19.4440', '1.5518', '6.1732', '0.1186'] Metrics = ['0.8287', '6.1732', '0.1186', '0.0000']
2025-07-19 02:25:43,524 - AdaPoinTr - INFO - [Validation] EPOCH: 45  Metrics = ['0.3572', '14.9012', '1.0467', '0.0000']
2025-07-19 02:25:43,525 - AdaPoinTr - INFO - ============================ TEST RESULTS ============================
2025-07-19 02:25:43,525 - AdaPoinTr - INFO - Taxonomy	#Sample	F-Score	CDL1	CDL2	EMDistance	#ModelName	
2025-07-19 02:25:43,525 - AdaPoinTr - INFO - 03759954	14	0.559 	13.463 	1.343 	0.000 	microphone	
2025-07-19 02:25:43,525 - AdaPoinTr - INFO - 04330267	44	0.278 	16.170 	1.138 	0.000 	stove	
2025-07-19 02:25:43,525 - AdaPoinTr - INFO - 03261776	15	0.303 	17.450 	1.486 	0.000 	earphone	
2025-07-19 02:25:43,525 - AdaPoinTr - INFO - 03513137	33	0.201 	21.154 	2.050 	0.000 	helmet	
2025-07-19 02:25:43,525 - AdaPoinTr - INFO - 04460130	27	0.415 	14.773 	1.076 	0.000 	tower	
2025-07-19 02:25:43,525 - AdaPoinTr - INFO - 04468005	78	0.377 	13.030 	0.659 	0.000 	train	
2025-07-19 02:25:43,525 - AdaPoinTr - INFO - 03761084	31	0.231 	17.448 	1.198 	0.000 	microwaves	
2025-07-19 02:25:43,525 - AdaPoinTr - INFO - 04004475	34	0.261 	18.446 	2.023 	0.000 	printer	
2025-07-19 02:25:43,525 - AdaPoinTr - INFO - 03938244	20	0.295 	16.739 	1.429 	0.000 	pillow	
2025-07-19 02:25:43,525 - AdaPoinTr - INFO - 02992529	167	0.412 	11.434 	0.456 	0.000 	cellphone	
2025-07-19 02:25:43,525 - AdaPoinTr - INFO - 02808440	172	0.286 	15.735 	1.086 	0.000 	bathtub	
2025-07-19 02:25:43,525 - AdaPoinTr - INFO - 04530566	388	0.483 	11.727 	0.625 	0.000 	watercraft	
2025-07-19 02:25:43,525 - AdaPoinTr - INFO - 02871439	91	0.243 	16.977 	1.166 	0.000 	bookshelf	
2025-07-19 02:25:43,525 - AdaPoinTr - INFO - 03593526	120	0.252 	18.902 	1.635 	0.000 	jar	
2025-07-19 02:25:43,525 - AdaPoinTr - INFO - 04554684	34	0.222 	19.110 	1.737 	0.000 	washer	
2025-07-19 02:25:43,525 - AdaPoinTr - INFO - 03467517	160	0.800 	7.026 	0.220 	0.000 	guitar	
2025-07-19 02:25:43,525 - AdaPoinTr - INFO - 04401088	218	0.417 	11.366 	0.514 	0.000 	telephone	
2025-07-19 02:25:43,525 - AdaPoinTr - INFO - 02954340	12	0.300 	15.180 	1.027 	0.000 	cap	
2025-07-19 02:25:43,525 - AdaPoinTr - INFO - 02933112	315	0.235 	15.887 	0.880 	0.000 	cabinet	
2025-07-19 02:25:43,525 - AdaPoinTr - INFO - 03642806	92	0.375 	12.238 	0.559 	0.000 	laptop	
2025-07-19 02:25:43,525 - AdaPoinTr - INFO - 02924116	188	0.355 	13.079 	0.639 	0.000 	bus	
2025-07-19 02:25:43,525 - AdaPoinTr - INFO - 02946921	22	0.238 	16.832 	1.332 	0.000 	can	
2025-07-19 02:25:43,525 - AdaPoinTr - INFO - 02818832	47	0.267 	17.295 	1.287 	0.000 	bed	
2025-07-19 02:25:43,525 - AdaPoinTr - INFO - 04256520	635	0.292 	14.913 	0.830 	0.000 	sofa	
2025-07-19 02:25:43,525 - AdaPoinTr - INFO - 04379243	1687	0.377 	13.261 	0.805 	0.000 	table	
2025-07-19 02:25:43,525 - AdaPoinTr - INFO - 02747177	69	0.189 	18.980 	1.433 	0.000 	trash bin	
2025-07-19 02:25:43,525 - AdaPoinTr - INFO - 03046257	131	0.306 	14.877 	0.842 	0.000 	clock	
2025-07-19 02:25:43,525 - AdaPoinTr - INFO - 04225987	31	0.527 	10.121 	0.402 	0.000 	skateboard	
2025-07-19 02:25:43,525 - AdaPoinTr - INFO - 03797390	43	0.184 	20.073 	1.609 	0.000 	mug	
2025-07-19 02:25:43,525 - AdaPoinTr - INFO - 03001627	1356	0.356 	14.277 	0.900 	0.000 	chair	
2025-07-19 02:25:43,525 - AdaPoinTr - INFO - 03691459	320	0.247 	18.080 	1.440 	0.000 	loudspeaker	
2025-07-19 02:25:43,525 - AdaPoinTr - INFO - 02942699	23	0.227 	21.576 	2.540 	0.000 	camera	
2025-07-19 02:25:43,525 - AdaPoinTr - INFO - 03636649	464	0.514 	14.234 	1.430 	0.000 	lamp	
2025-07-19 02:25:43,525 - AdaPoinTr - INFO - 02691156	809	0.550 	10.150 	0.439 	0.000 	airplane	
2025-07-19 02:25:43,525 - AdaPoinTr - INFO - 02773838	17	0.348 	13.339 	0.682 	0.000 	bag	
2025-07-19 02:25:43,525 - AdaPoinTr - INFO - 02958343	703	0.216 	16.792 	0.977 	0.000 	car	
2025-07-19 02:25:43,525 - AdaPoinTr - INFO - 02880940	38	0.225 	16.784 	0.993 	0.000 	bowl	
2025-07-19 02:25:43,525 - AdaPoinTr - INFO - 04099429	17	0.681 	9.241 	0.454 	0.000 	rocket	
2025-07-19 02:25:43,525 - AdaPoinTr - INFO - 02828884	363	0.429 	11.770 	0.605 	0.000 	bench	
2025-07-19 02:25:43,525 - AdaPoinTr - INFO - 04090263	475	0.683 	8.935 	0.457 	0.000 	rifle	
2025-07-19 02:25:43,525 - AdaPoinTr - INFO - 03211117	219	0.341 	13.882 	0.784 	0.000 	display	
2025-07-19 02:25:43,525 - AdaPoinTr - INFO - 02876657	100	0.406 	12.856 	0.717 	0.000 	bottle	
2025-07-19 02:25:43,525 - AdaPoinTr - INFO - 03710193	19	0.520 	12.095 	0.829 	0.000 	mailbox	
2025-07-19 02:25:43,525 - AdaPoinTr - INFO - 03790512	68	0.244 	17.415 	1.193 	0.000 	motorbike	
2025-07-19 02:25:43,525 - AdaPoinTr - INFO - 03325088	149	0.445 	15.766 	1.571 	0.000 	faucet	
2025-07-19 02:25:43,525 - AdaPoinTr - INFO - 02801938	23	0.217 	17.982 	1.349 	0.000 	basket	
2025-07-19 02:25:43,525 - AdaPoinTr - INFO - 03337140	60	0.234 	16.876 	1.139 	0.000 	file cabinet	
2025-07-19 02:25:43,525 - AdaPoinTr - INFO - 02843684	15	0.232 	19.422 	1.811 	0.000 	birdhouse	
2025-07-19 02:25:43,526 - AdaPoinTr - INFO - 03624134	85	0.763 	7.727 	0.313 	0.000 	knife	
2025-07-19 02:25:43,526 - AdaPoinTr - INFO - 03991062	121	0.222 	20.193 	1.748 	0.000 	flowerpot	
2025-07-19 02:25:43,526 - AdaPoinTr - INFO - 03948459	62	0.456 	12.226 	0.691 	0.000 	pistol	
2025-07-19 02:25:43,526 - AdaPoinTr - INFO - 03928116	48	0.283 	16.685 	1.303 	0.000 	piano	
2025-07-19 02:25:43,526 - AdaPoinTr - INFO - 03207941	19	0.235 	16.203 	0.930 	0.000 	dishwasher	
2025-07-19 02:25:43,526 - AdaPoinTr - INFO - 04074963	14	0.447 	11.148 	0.443 	0.000 	remote	
2025-07-19 02:25:43,526 - AdaPoinTr - INFO - 03085013	13	0.446 	10.227 	0.348 	0.000 	keyboard	
2025-07-19 02:25:43,526 - AdaPoinTr - INFO - Overall		0.357 	14.901 	1.047 	0.000 	
2025-07-19 02:25:43,995 - AdaPoinTr - INFO - Save checkpoint at ./experiments/AdaPoinTr/ShapeNet55_models/AdaPoinTr/ckpt-best.pth
2025-07-19 02:25:44,414 - AdaPoinTr - INFO - Save checkpoint at ./experiments/AdaPoinTr/ShapeNet55_models/AdaPoinTr/ckpt-last.pth
2025-07-19 02:25:45,218 - AdaPoinTr - INFO - [Epoch 46/200][Batch 1/2622] BatchTime = 0.802 (s) DataTime = 0.094 (s) Losses = ['6.0709', '45.0893'] lr = 0.0000365
2025-07-19 02:26:57,010 - AdaPoinTr - INFO - [Epoch 46/200][Batch 101/2622] BatchTime = 0.706 (s) DataTime = 0.001 (s) Losses = ['5.3018', '44.8015'] lr = 0.0000365
2025-07-19 02:28:08,792 - AdaPoinTr - INFO - [Epoch 46/200][Batch 201/2622] BatchTime = 0.707 (s) DataTime = 0.001 (s) Losses = ['5.9210', '46.5426'] lr = 0.0000365
2025-07-19 02:29:20,584 - AdaPoinTr - INFO - [Epoch 46/200][Batch 301/2622] BatchTime = 0.711 (s) DataTime = 0.001 (s) Losses = ['5.9680', '41.3242'] lr = 0.0000365
2025-07-19 02:30:32,361 - AdaPoinTr - INFO - [Epoch 46/200][Batch 401/2622] BatchTime = 0.711 (s) DataTime = 0.001 (s) Losses = ['5.4782', '41.2015'] lr = 0.0000365
2025-07-19 02:31:44,130 - AdaPoinTr - INFO - [Epoch 46/200][Batch 501/2622] BatchTime = 0.716 (s) DataTime = 0.001 (s) Losses = ['5.8195', '48.6319'] lr = 0.0000365
2025-07-19 02:32:55,876 - AdaPoinTr - INFO - [Epoch 46/200][Batch 601/2622] BatchTime = 0.712 (s) DataTime = 0.001 (s) Losses = ['6.7000', '47.4622'] lr = 0.0000365
2025-07-19 02:34:07,626 - AdaPoinTr - INFO - [Epoch 46/200][Batch 701/2622] BatchTime = 0.709 (s) DataTime = 0.001 (s) Losses = ['5.2587', '42.2320'] lr = 0.0000365
2025-07-19 02:35:19,368 - AdaPoinTr - INFO - [Epoch 46/200][Batch 801/2622] BatchTime = 0.713 (s) DataTime = 0.001 (s) Losses = ['5.7574', '50.0369'] lr = 0.0000365
2025-07-19 02:36:31,163 - AdaPoinTr - INFO - [Epoch 46/200][Batch 901/2622] BatchTime = 0.712 (s) DataTime = 0.001 (s) Losses = ['5.5054', '40.5184'] lr = 0.0000365
2025-07-19 02:37:42,912 - AdaPoinTr - INFO - [Epoch 46/200][Batch 1001/2622] BatchTime = 0.713 (s) DataTime = 0.001 (s) Losses = ['6.0397', '49.0993'] lr = 0.0000365
2025-07-19 02:38:54,703 - AdaPoinTr - INFO - [Epoch 46/200][Batch 1101/2622] BatchTime = 0.710 (s) DataTime = 0.001 (s) Losses = ['6.5540', '44.0591'] lr = 0.0000365
2025-07-19 02:40:06,453 - AdaPoinTr - INFO - [Epoch 46/200][Batch 1201/2622] BatchTime = 0.709 (s) DataTime = 0.001 (s) Losses = ['5.0943', '38.6905'] lr = 0.0000365
2025-07-19 02:41:18,192 - AdaPoinTr - INFO - [Epoch 46/200][Batch 1301/2622] BatchTime = 0.709 (s) DataTime = 0.001 (s) Losses = ['5.6937', '46.5792'] lr = 0.0000365
2025-07-19 02:42:29,997 - AdaPoinTr - INFO - [Epoch 46/200][Batch 1401/2622] BatchTime = 0.708 (s) DataTime = 0.001 (s) Losses = ['5.2933', '41.0320'] lr = 0.0000365
2025-07-19 02:43:41,757 - AdaPoinTr - INFO - [Epoch 46/200][Batch 1501/2622] BatchTime = 0.712 (s) DataTime = 0.001 (s) Losses = ['5.4339', '40.4335'] lr = 0.0000365
2025-07-19 02:44:53,531 - AdaPoinTr - INFO - [Epoch 46/200][Batch 1601/2622] BatchTime = 0.706 (s) DataTime = 0.001 (s) Losses = ['5.8250', '46.1366'] lr = 0.0000365
2025-07-19 02:46:05,281 - AdaPoinTr - INFO - [Epoch 46/200][Batch 1701/2622] BatchTime = 0.709 (s) DataTime = 0.001 (s) Losses = ['5.9024', '41.3601'] lr = 0.0000365
2025-07-19 02:47:17,090 - AdaPoinTr - INFO - [Epoch 46/200][Batch 1801/2622] BatchTime = 0.710 (s) DataTime = 0.001 (s) Losses = ['6.2990', '42.8066'] lr = 0.0000365
2025-07-19 02:48:28,875 - AdaPoinTr - INFO - [Epoch 46/200][Batch 1901/2622] BatchTime = 0.714 (s) DataTime = 0.001 (s) Losses = ['6.1497', '42.3394'] lr = 0.0000365
2025-07-19 02:49:40,649 - AdaPoinTr - INFO - [Epoch 46/200][Batch 2001/2622] BatchTime = 0.719 (s) DataTime = 0.001 (s) Losses = ['6.3754', '50.3478'] lr = 0.0000365
2025-07-19 02:50:52,366 - AdaPoinTr - INFO - [Epoch 46/200][Batch 2101/2622] BatchTime = 0.716 (s) DataTime = 0.001 (s) Losses = ['5.5782', '42.7699'] lr = 0.0000365
2025-07-19 02:52:03,739 - AdaPoinTr - INFO - [Epoch 46/200][Batch 2201/2622] BatchTime = 0.707 (s) DataTime = 0.001 (s) Losses = ['6.2700', '46.9134'] lr = 0.0000365
2025-07-19 02:53:15,507 - AdaPoinTr - INFO - [Epoch 46/200][Batch 2301/2622] BatchTime = 0.704 (s) DataTime = 0.001 (s) Losses = ['6.1296', '47.9789'] lr = 0.0000365
2025-07-19 02:54:27,222 - AdaPoinTr - INFO - [Epoch 46/200][Batch 2401/2622] BatchTime = 0.704 (s) DataTime = 0.001 (s) Losses = ['6.3058', '47.7263'] lr = 0.0000365
2025-07-19 02:55:38,968 - AdaPoinTr - INFO - [Epoch 46/200][Batch 2501/2622] BatchTime = 0.706 (s) DataTime = 0.001 (s) Losses = ['5.7610', '39.9373'] lr = 0.0000365
2025-07-19 02:56:50,725 - AdaPoinTr - INFO - [Epoch 46/200][Batch 2601/2622] BatchTime = 0.711 (s) DataTime = 0.001 (s) Losses = ['6.0675', '45.0118'] lr = 0.0000365
2025-07-19 02:57:05,815 - AdaPoinTr - INFO - [Training] EPOCH: 46 EpochTime = 1881.399 (s) Losses = ['5.8637', '43.5554']
2025-07-19 02:57:06,292 - AdaPoinTr - INFO - Save checkpoint at ./experiments/AdaPoinTr/ShapeNet55_models/AdaPoinTr/ckpt-last.pth
2025-07-19 02:57:07,097 - AdaPoinTr - INFO - [Epoch 47/200][Batch 1/2622] BatchTime = 0.804 (s) DataTime = 0.096 (s) Losses = ['5.7427', '42.4501'] lr = 0.0000357
2025-07-19 02:58:18,891 - AdaPoinTr - INFO - [Epoch 47/200][Batch 101/2622] BatchTime = 0.706 (s) DataTime = 0.001 (s) Losses = ['5.6296', '43.9080'] lr = 0.0000357
2025-07-19 02:59:30,612 - AdaPoinTr - INFO - [Epoch 47/200][Batch 201/2622] BatchTime = 0.705 (s) DataTime = 0.001 (s) Losses = ['6.7042', '45.3114'] lr = 0.0000357
2025-07-19 03:00:42,392 - AdaPoinTr - INFO - [Epoch 47/200][Batch 301/2622] BatchTime = 0.707 (s) DataTime = 0.001 (s) Losses = ['5.8631', '43.2248'] lr = 0.0000357
2025-07-19 03:01:54,198 - AdaPoinTr - INFO - [Epoch 47/200][Batch 401/2622] BatchTime = 0.706 (s) DataTime = 0.001 (s) Losses = ['5.1000', '36.7751'] lr = 0.0000357
2025-07-19 03:03:05,926 - AdaPoinTr - INFO - [Epoch 47/200][Batch 501/2622] BatchTime = 0.703 (s) DataTime = 0.001 (s) Losses = ['6.7385', '47.3507'] lr = 0.0000357
2025-07-19 03:04:17,732 - AdaPoinTr - INFO - [Epoch 47/200][Batch 601/2622] BatchTime = 0.709 (s) DataTime = 0.001 (s) Losses = ['5.7965', '44.5794'] lr = 0.0000357
2025-07-19 03:05:29,485 - AdaPoinTr - INFO - [Epoch 47/200][Batch 701/2622] BatchTime = 0.708 (s) DataTime = 0.001 (s) Losses = ['5.6717', '43.1795'] lr = 0.0000357
2025-07-19 03:06:41,203 - AdaPoinTr - INFO - [Epoch 47/200][Batch 801/2622] BatchTime = 0.709 (s) DataTime = 0.001 (s) Losses = ['5.8025', '43.3387'] lr = 0.0000357
2025-07-19 03:07:52,959 - AdaPoinTr - INFO - [Epoch 47/200][Batch 901/2622] BatchTime = 0.706 (s) DataTime = 0.001 (s) Losses = ['6.0000', '45.5252'] lr = 0.0000357
2025-07-19 03:09:04,726 - AdaPoinTr - INFO - [Epoch 47/200][Batch 1001/2622] BatchTime = 0.705 (s) DataTime = 0.001 (s) Losses = ['6.1580', '44.1144'] lr = 0.0000357
2025-07-19 03:10:16,490 - AdaPoinTr - INFO - [Epoch 47/200][Batch 1101/2622] BatchTime = 0.710 (s) DataTime = 0.001 (s) Losses = ['5.7412', '45.6041'] lr = 0.0000357
2025-07-19 03:11:28,286 - AdaPoinTr - INFO - [Epoch 47/200][Batch 1201/2622] BatchTime = 0.709 (s) DataTime = 0.001 (s) Losses = ['5.5211', '41.0281'] lr = 0.0000357
2025-07-19 03:12:40,075 - AdaPoinTr - INFO - [Epoch 47/200][Batch 1301/2622] BatchTime = 0.706 (s) DataTime = 0.001 (s) Losses = ['6.3897', '44.6073'] lr = 0.0000357
2025-07-19 03:13:51,799 - AdaPoinTr - INFO - [Epoch 47/200][Batch 1401/2622] BatchTime = 0.704 (s) DataTime = 0.001 (s) Losses = ['5.6017', '43.9998'] lr = 0.0000357
2025-07-19 03:15:03,562 - AdaPoinTr - INFO - [Epoch 47/200][Batch 1501/2622] BatchTime = 0.704 (s) DataTime = 0.001 (s) Losses = ['6.1903', '46.7474'] lr = 0.0000357
2025-07-19 03:16:15,331 - AdaPoinTr - INFO - [Epoch 47/200][Batch 1601/2622] BatchTime = 0.710 (s) DataTime = 0.001 (s) Losses = ['5.2516', '39.0118'] lr = 0.0000357
2025-07-19 03:17:27,063 - AdaPoinTr - INFO - [Epoch 47/200][Batch 1701/2622] BatchTime = 0.709 (s) DataTime = 0.001 (s) Losses = ['5.9554', '43.6334'] lr = 0.0000357
2025-07-19 03:18:38,818 - AdaPoinTr - INFO - [Epoch 47/200][Batch 1801/2622] BatchTime = 0.703 (s) DataTime = 0.001 (s) Losses = ['5.4467', '39.1103'] lr = 0.0000357
2025-07-19 03:19:50,581 - AdaPoinTr - INFO - [Epoch 47/200][Batch 1901/2622] BatchTime = 0.705 (s) DataTime = 0.001 (s) Losses = ['5.2207', '43.9746'] lr = 0.0000357
2025-07-19 03:21:02,344 - AdaPoinTr - INFO - [Epoch 47/200][Batch 2001/2622] BatchTime = 0.705 (s) DataTime = 0.001 (s) Losses = ['5.9984', '43.0002'] lr = 0.0000357
2025-07-19 03:22:14,084 - AdaPoinTr - INFO - [Epoch 47/200][Batch 2101/2622] BatchTime = 0.707 (s) DataTime = 0.001 (s) Losses = ['5.7453', '43.8243'] lr = 0.0000357
2025-07-19 03:23:25,831 - AdaPoinTr - INFO - [Epoch 47/200][Batch 2201/2622] BatchTime = 0.710 (s) DataTime = 0.001 (s) Losses = ['5.8156', '39.0519'] lr = 0.0000357
2025-07-19 03:24:37,593 - AdaPoinTr - INFO - [Epoch 47/200][Batch 2301/2622] BatchTime = 0.707 (s) DataTime = 0.001 (s) Losses = ['5.3549', '40.1627'] lr = 0.0000357
2025-07-19 03:25:49,333 - AdaPoinTr - INFO - [Epoch 47/200][Batch 2401/2622] BatchTime = 0.713 (s) DataTime = 0.001 (s) Losses = ['5.8485', '44.0759'] lr = 0.0000357
2025-07-19 03:27:01,078 - AdaPoinTr - INFO - [Epoch 47/200][Batch 2501/2622] BatchTime = 0.712 (s) DataTime = 0.001 (s) Losses = ['6.1267', '45.9855'] lr = 0.0000357
2025-07-19 03:28:12,850 - AdaPoinTr - INFO - [Epoch 47/200][Batch 2601/2622] BatchTime = 0.713 (s) DataTime = 0.001 (s) Losses = ['5.3944', '40.4037'] lr = 0.0000357
2025-07-19 03:28:27,956 - AdaPoinTr - INFO - [Training] EPOCH: 47 EpochTime = 1881.662 (s) Losses = ['5.8455', '43.6257']
2025-07-19 03:28:28,431 - AdaPoinTr - INFO - Save checkpoint at ./experiments/AdaPoinTr/ShapeNet55_models/AdaPoinTr/ckpt-last.pth
2025-07-19 03:28:29,236 - AdaPoinTr - INFO - [Epoch 48/200][Batch 1/2622] BatchTime = 0.804 (s) DataTime = 0.095 (s) Losses = ['5.4033', '39.1859'] lr = 0.0000349
2025-07-19 03:29:40,997 - AdaPoinTr - INFO - [Epoch 48/200][Batch 101/2622] BatchTime = 0.706 (s) DataTime = 0.001 (s) Losses = ['5.4822', '39.5145'] lr = 0.0000349
2025-07-19 03:30:52,747 - AdaPoinTr - INFO - [Epoch 48/200][Batch 201/2622] BatchTime = 0.709 (s) DataTime = 0.001 (s) Losses = ['6.3150', '44.6353'] lr = 0.0000349
2025-07-19 03:32:04,532 - AdaPoinTr - INFO - [Epoch 48/200][Batch 301/2622] BatchTime = 0.704 (s) DataTime = 0.001 (s) Losses = ['5.4994', '44.8695'] lr = 0.0000349
2025-07-19 03:33:16,246 - AdaPoinTr - INFO - [Epoch 48/200][Batch 401/2622] BatchTime = 0.706 (s) DataTime = 0.001 (s) Losses = ['6.0088', '46.4014'] lr = 0.0000349
2025-07-19 03:34:28,001 - AdaPoinTr - INFO - [Epoch 48/200][Batch 501/2622] BatchTime = 0.705 (s) DataTime = 0.001 (s) Losses = ['5.4556', '44.7916'] lr = 0.0000349
2025-07-19 03:35:39,775 - AdaPoinTr - INFO - [Epoch 48/200][Batch 601/2622] BatchTime = 0.710 (s) DataTime = 0.001 (s) Losses = ['5.6966', '43.2071'] lr = 0.0000349
2025-07-19 03:36:51,489 - AdaPoinTr - INFO - [Epoch 48/200][Batch 701/2622] BatchTime = 0.716 (s) DataTime = 0.001 (s) Losses = ['5.7803', '43.4007'] lr = 0.0000349
2025-07-19 03:38:03,238 - AdaPoinTr - INFO - [Epoch 48/200][Batch 801/2622] BatchTime = 0.718 (s) DataTime = 0.001 (s) Losses = ['5.3486', '42.3782'] lr = 0.0000349
2025-07-19 03:39:15,008 - AdaPoinTr - INFO - [Epoch 48/200][Batch 901/2622] BatchTime = 0.721 (s) DataTime = 0.001 (s) Losses = ['6.8598', '46.2910'] lr = 0.0000349
2025-07-19 03:40:26,765 - AdaPoinTr - INFO - [Epoch 48/200][Batch 1001/2622] BatchTime = 0.711 (s) DataTime = 0.001 (s) Losses = ['5.9964', '44.9729'] lr = 0.0000349
2025-07-19 03:41:38,122 - AdaPoinTr - INFO - [Epoch 48/200][Batch 1101/2622] BatchTime = 0.717 (s) DataTime = 0.001 (s) Losses = ['5.5453', '43.7433'] lr = 0.0000349
2025-07-19 03:42:49,865 - AdaPoinTr - INFO - [Epoch 48/200][Batch 1201/2622] BatchTime = 0.719 (s) DataTime = 0.001 (s) Losses = ['5.9386', '42.5238'] lr = 0.0000349
2025-07-19 03:44:01,648 - AdaPoinTr - INFO - [Epoch 48/200][Batch 1301/2622] BatchTime = 0.717 (s) DataTime = 0.001 (s) Losses = ['5.0371', '41.6795'] lr = 0.0000349
2025-07-19 03:45:13,404 - AdaPoinTr - INFO - [Epoch 48/200][Batch 1401/2622] BatchTime = 0.716 (s) DataTime = 0.001 (s) Losses = ['5.5496', '41.4004'] lr = 0.0000349
2025-07-19 03:46:25,134 - AdaPoinTr - INFO - [Epoch 48/200][Batch 1501/2622] BatchTime = 0.710 (s) DataTime = 0.001 (s) Losses = ['6.5089', '46.6602'] lr = 0.0000349
2025-07-19 03:47:36,899 - AdaPoinTr - INFO - [Epoch 48/200][Batch 1601/2622] BatchTime = 0.712 (s) DataTime = 0.001 (s) Losses = ['6.4837', '45.8816'] lr = 0.0000349
2025-07-19 03:48:48,681 - AdaPoinTr - INFO - [Epoch 48/200][Batch 1701/2622] BatchTime = 0.715 (s) DataTime = 0.001 (s) Losses = ['6.2248', '45.4646'] lr = 0.0000349
2025-07-19 03:50:00,469 - AdaPoinTr - INFO - [Epoch 48/200][Batch 1801/2622] BatchTime = 0.712 (s) DataTime = 0.001 (s) Losses = ['6.1427', '46.2462'] lr = 0.0000349
2025-07-19 03:51:12,192 - AdaPoinTr - INFO - [Epoch 48/200][Batch 1901/2622] BatchTime = 0.712 (s) DataTime = 0.001 (s) Losses = ['5.2553', '38.2690'] lr = 0.0000349
2025-07-19 03:52:23,933 - AdaPoinTr - INFO - [Epoch 48/200][Batch 2001/2622] BatchTime = 0.705 (s) DataTime = 0.001 (s) Losses = ['6.5016', '47.0444'] lr = 0.0000349
2025-07-19 03:53:35,626 - AdaPoinTr - INFO - [Epoch 48/200][Batch 2101/2622] BatchTime = 0.711 (s) DataTime = 0.001 (s) Losses = ['6.0134', '41.9267'] lr = 0.0000349
2025-07-19 03:54:47,388 - AdaPoinTr - INFO - [Epoch 48/200][Batch 2201/2622] BatchTime = 0.705 (s) DataTime = 0.001 (s) Losses = ['5.8243', '45.7289'] lr = 0.0000349
2025-07-19 03:55:59,166 - AdaPoinTr - INFO - [Epoch 48/200][Batch 2301/2622] BatchTime = 0.710 (s) DataTime = 0.001 (s) Losses = ['5.6513', '40.5783'] lr = 0.0000349
2025-07-19 03:57:10,991 - AdaPoinTr - INFO - [Epoch 48/200][Batch 2401/2622] BatchTime = 0.713 (s) DataTime = 0.001 (s) Losses = ['6.1176', '45.0016'] lr = 0.0000349
2025-07-19 03:58:22,784 - AdaPoinTr - INFO - [Epoch 48/200][Batch 2501/2622] BatchTime = 0.717 (s) DataTime = 0.001 (s) Losses = ['5.2431', '38.9511'] lr = 0.0000349
2025-07-19 03:59:34,529 - AdaPoinTr - INFO - [Epoch 48/200][Batch 2601/2622] BatchTime = 0.709 (s) DataTime = 0.001 (s) Losses = ['5.9084', '44.8980'] lr = 0.0000349
2025-07-19 03:59:49,640 - AdaPoinTr - INFO - [Training] EPOCH: 48 EpochTime = 1881.208 (s) Losses = ['5.8219', '43.2489']
2025-07-19 03:59:50,110 - AdaPoinTr - INFO - Save checkpoint at ./experiments/AdaPoinTr/ShapeNet55_models/AdaPoinTr/ckpt-last.pth
2025-07-19 03:59:50,918 - AdaPoinTr - INFO - [Epoch 49/200][Batch 1/2622] BatchTime = 0.807 (s) DataTime = 0.094 (s) Losses = ['5.3777', '39.7823'] lr = 0.0000341
2025-07-19 04:01:02,673 - AdaPoinTr - INFO - [Epoch 49/200][Batch 101/2622] BatchTime = 0.720 (s) DataTime = 0.001 (s) Losses = ['5.9710', '43.0575'] lr = 0.0000341
2025-07-19 04:02:14,429 - AdaPoinTr - INFO - [Epoch 49/200][Batch 201/2622] BatchTime = 0.719 (s) DataTime = 0.001 (s) Losses = ['5.9711', '41.1202'] lr = 0.0000341
2025-07-19 04:03:26,206 - AdaPoinTr - INFO - [Epoch 49/200][Batch 301/2622] BatchTime = 0.720 (s) DataTime = 0.001 (s) Losses = ['5.5390', '38.5516'] lr = 0.0000341
2025-07-19 04:04:37,934 - AdaPoinTr - INFO - [Epoch 49/200][Batch 401/2622] BatchTime = 0.723 (s) DataTime = 0.001 (s) Losses = ['6.5796', '51.2930'] lr = 0.0000341
2025-07-19 04:05:49,640 - AdaPoinTr - INFO - [Epoch 49/200][Batch 501/2622] BatchTime = 0.713 (s) DataTime = 0.001 (s) Losses = ['5.3888', '39.4002'] lr = 0.0000341
2025-07-19 04:07:01,369 - AdaPoinTr - INFO - [Epoch 49/200][Batch 601/2622] BatchTime = 0.713 (s) DataTime = 0.001 (s) Losses = ['5.8090', '40.3033'] lr = 0.0000341
2025-07-19 04:08:13,144 - AdaPoinTr - INFO - [Epoch 49/200][Batch 701/2622] BatchTime = 0.705 (s) DataTime = 0.001 (s) Losses = ['6.3424', '45.7989'] lr = 0.0000341
2025-07-19 04:09:24,878 - AdaPoinTr - INFO - [Epoch 49/200][Batch 801/2622] BatchTime = 0.706 (s) DataTime = 0.001 (s) Losses = ['5.6888', '40.7194'] lr = 0.0000341
2025-07-19 04:10:36,637 - AdaPoinTr - INFO - [Epoch 49/200][Batch 901/2622] BatchTime = 0.708 (s) DataTime = 0.001 (s) Losses = ['6.1751', '44.0975'] lr = 0.0000341
2025-07-19 04:11:48,361 - AdaPoinTr - INFO - [Epoch 49/200][Batch 1001/2622] BatchTime = 0.708 (s) DataTime = 0.001 (s) Losses = ['5.5658', '44.9821'] lr = 0.0000341
2025-07-19 04:13:00,074 - AdaPoinTr - INFO - [Epoch 49/200][Batch 1101/2622] BatchTime = 0.703 (s) DataTime = 0.001 (s) Losses = ['5.5273', '38.1119'] lr = 0.0000341
2025-07-19 04:14:11,867 - AdaPoinTr - INFO - [Epoch 49/200][Batch 1201/2622] BatchTime = 0.707 (s) DataTime = 0.001 (s) Losses = ['5.2309', '41.0311'] lr = 0.0000341
2025-07-19 04:15:23,585 - AdaPoinTr - INFO - [Epoch 49/200][Batch 1301/2622] BatchTime = 0.703 (s) DataTime = 0.001 (s) Losses = ['6.0818', '44.7067'] lr = 0.0000341
2025-07-19 04:16:35,346 - AdaPoinTr - INFO - [Epoch 49/200][Batch 1401/2622] BatchTime = 0.713 (s) DataTime = 0.001 (s) Losses = ['5.8747', '43.5708'] lr = 0.0000341
2025-07-19 04:17:47,065 - AdaPoinTr - INFO - [Epoch 49/200][Batch 1501/2622] BatchTime = 0.715 (s) DataTime = 0.001 (s) Losses = ['4.8481', '36.5911'] lr = 0.0000341
2025-07-19 04:18:58,840 - AdaPoinTr - INFO - [Epoch 49/200][Batch 1601/2622] BatchTime = 0.714 (s) DataTime = 0.001 (s) Losses = ['5.6744', '40.4763'] lr = 0.0000341
2025-07-19 04:20:10,570 - AdaPoinTr - INFO - [Epoch 49/200][Batch 1701/2622] BatchTime = 0.715 (s) DataTime = 0.001 (s) Losses = ['6.5577', '52.3962'] lr = 0.0000341
2025-07-19 04:21:22,311 - AdaPoinTr - INFO - [Epoch 49/200][Batch 1801/2622] BatchTime = 0.719 (s) DataTime = 0.001 (s) Losses = ['5.4433', '38.0477'] lr = 0.0000341
2025-07-19 04:22:34,088 - AdaPoinTr - INFO - [Epoch 49/200][Batch 1901/2622] BatchTime = 0.714 (s) DataTime = 0.001 (s) Losses = ['5.4257', '39.7135'] lr = 0.0000341
2025-07-19 04:23:45,806 - AdaPoinTr - INFO - [Epoch 49/200][Batch 2001/2622] BatchTime = 0.715 (s) DataTime = 0.001 (s) Losses = ['6.1880', '43.5024'] lr = 0.0000341
2025-07-19 04:24:57,578 - AdaPoinTr - INFO - [Epoch 49/200][Batch 2101/2622] BatchTime = 0.716 (s) DataTime = 0.001 (s) Losses = ['6.5561', '49.5294'] lr = 0.0000341
2025-07-19 04:26:09,360 - AdaPoinTr - INFO - [Epoch 49/200][Batch 2201/2622] BatchTime = 0.716 (s) DataTime = 0.001 (s) Losses = ['6.0524', '44.8742'] lr = 0.0000341
2025-07-19 04:27:21,080 - AdaPoinTr - INFO - [Epoch 49/200][Batch 2301/2622] BatchTime = 0.712 (s) DataTime = 0.001 (s) Losses = ['5.2147', '38.0586'] lr = 0.0000341
2025-07-19 04:28:32,808 - AdaPoinTr - INFO - [Epoch 49/200][Batch 2401/2622] BatchTime = 0.711 (s) DataTime = 0.001 (s) Losses = ['5.8430', '43.6957'] lr = 0.0000341
2025-07-19 04:29:44,523 - AdaPoinTr - INFO - [Epoch 49/200][Batch 2501/2622] BatchTime = 0.716 (s) DataTime = 0.001 (s) Losses = ['5.8342', '43.9759'] lr = 0.0000341
2025-07-19 04:30:55,867 - AdaPoinTr - INFO - [Epoch 49/200][Batch 2601/2622] BatchTime = 0.710 (s) DataTime = 0.001 (s) Losses = ['6.1598', '41.5432'] lr = 0.0000341
2025-07-19 04:31:10,967 - AdaPoinTr - INFO - [Training] EPOCH: 49 EpochTime = 1880.856 (s) Losses = ['5.7807', '43.0105']
2025-07-19 04:31:11,457 - AdaPoinTr - INFO - Save checkpoint at ./experiments/AdaPoinTr/ShapeNet55_models/AdaPoinTr/ckpt-last.pth
2025-07-19 04:31:12,267 - AdaPoinTr - INFO - [Epoch 50/200][Batch 1/2622] BatchTime = 0.809 (s) DataTime = 0.097 (s) Losses = ['5.7452', '40.3722'] lr = 0.0000334
2025-07-19 04:32:24,026 - AdaPoinTr - INFO - [Epoch 50/200][Batch 101/2622] BatchTime = 0.712 (s) DataTime = 0.001 (s) Losses = ['5.7575', '46.5504'] lr = 0.0000334
2025-07-19 04:33:35,757 - AdaPoinTr - INFO - [Epoch 50/200][Batch 201/2622] BatchTime = 0.712 (s) DataTime = 0.001 (s) Losses = ['6.1223', '47.7461'] lr = 0.0000334
2025-07-19 04:34:47,504 - AdaPoinTr - INFO - [Epoch 50/200][Batch 301/2622] BatchTime = 0.711 (s) DataTime = 0.001 (s) Losses = ['6.7236', '46.5073'] lr = 0.0000334
2025-07-19 04:35:59,257 - AdaPoinTr - INFO - [Epoch 50/200][Batch 401/2622] BatchTime = 0.710 (s) DataTime = 0.001 (s) Losses = ['5.7764', '43.0709'] lr = 0.0000334
2025-07-19 04:37:11,001 - AdaPoinTr - INFO - [Epoch 50/200][Batch 501/2622] BatchTime = 0.707 (s) DataTime = 0.001 (s) Losses = ['5.5157', '39.6275'] lr = 0.0000334
2025-07-19 04:38:22,745 - AdaPoinTr - INFO - [Epoch 50/200][Batch 601/2622] BatchTime = 0.708 (s) DataTime = 0.001 (s) Losses = ['5.9318', '42.6948'] lr = 0.0000334
2025-07-19 04:39:34,549 - AdaPoinTr - INFO - [Epoch 50/200][Batch 701/2622] BatchTime = 0.714 (s) DataTime = 0.001 (s) Losses = ['5.7465', '43.5155'] lr = 0.0000334
2025-07-19 04:40:46,317 - AdaPoinTr - INFO - [Epoch 50/200][Batch 801/2622] BatchTime = 0.711 (s) DataTime = 0.001 (s) Losses = ['5.5903', '38.3494'] lr = 0.0000334
2025-07-19 04:41:58,067 - AdaPoinTr - INFO - [Epoch 50/200][Batch 901/2622] BatchTime = 0.714 (s) DataTime = 0.001 (s) Losses = ['5.4253', '39.3273'] lr = 0.0000334
2025-07-19 04:43:09,810 - AdaPoinTr - INFO - [Epoch 50/200][Batch 1001/2622] BatchTime = 0.709 (s) DataTime = 0.001 (s) Losses = ['5.7507', '41.2148'] lr = 0.0000334
2025-07-19 04:44:21,595 - AdaPoinTr - INFO - [Epoch 50/200][Batch 1101/2622] BatchTime = 0.717 (s) DataTime = 0.001 (s) Losses = ['5.5866', '37.8219'] lr = 0.0000334
2025-07-19 04:45:33,321 - AdaPoinTr - INFO - [Epoch 50/200][Batch 1201/2622] BatchTime = 0.710 (s) DataTime = 0.001 (s) Losses = ['6.4927', '46.9693'] lr = 0.0000334
2025-07-19 04:46:45,084 - AdaPoinTr - INFO - [Epoch 50/200][Batch 1301/2622] BatchTime = 0.707 (s) DataTime = 0.001 (s) Losses = ['5.9033', '42.4002'] lr = 0.0000334
2025-07-19 04:47:56,830 - AdaPoinTr - INFO - [Epoch 50/200][Batch 1401/2622] BatchTime = 0.710 (s) DataTime = 0.001 (s) Losses = ['5.8161', '44.3326'] lr = 0.0000334
2025-07-19 04:49:08,568 - AdaPoinTr - INFO - [Epoch 50/200][Batch 1501/2622] BatchTime = 0.704 (s) DataTime = 0.001 (s) Losses = ['6.6653', '46.8623'] lr = 0.0000334
2025-07-19 04:50:20,374 - AdaPoinTr - INFO - [Epoch 50/200][Batch 1601/2622] BatchTime = 0.712 (s) DataTime = 0.001 (s) Losses = ['5.9393', '46.9375'] lr = 0.0000334
2025-07-19 04:51:32,122 - AdaPoinTr - INFO - [Epoch 50/200][Batch 1701/2622] BatchTime = 0.711 (s) DataTime = 0.001 (s) Losses = ['5.6801', '41.1068'] lr = 0.0000334
2025-07-19 04:52:43,829 - AdaPoinTr - INFO - [Epoch 50/200][Batch 1801/2622] BatchTime = 0.708 (s) DataTime = 0.001 (s) Losses = ['5.7557', '42.3311'] lr = 0.0000334
2025-07-19 04:53:55,564 - AdaPoinTr - INFO - [Epoch 50/200][Batch 1901/2622] BatchTime = 0.707 (s) DataTime = 0.001 (s) Losses = ['5.9982', '43.4193'] lr = 0.0000334
2025-07-19 04:55:07,320 - AdaPoinTr - INFO - [Epoch 50/200][Batch 2001/2622] BatchTime = 0.704 (s) DataTime = 0.001 (s) Losses = ['5.5554', '44.6090'] lr = 0.0000334
2025-07-19 04:56:19,073 - AdaPoinTr - INFO - [Epoch 50/200][Batch 2101/2622] BatchTime = 0.704 (s) DataTime = 0.001 (s) Losses = ['5.7260', '42.6965'] lr = 0.0000334
2025-07-19 04:57:30,800 - AdaPoinTr - INFO - [Epoch 50/200][Batch 2201/2622] BatchTime = 0.710 (s) DataTime = 0.001 (s) Losses = ['5.8112', '48.3656'] lr = 0.0000334
2025-07-19 04:58:42,549 - AdaPoinTr - INFO - [Epoch 50/200][Batch 2301/2622] BatchTime = 0.706 (s) DataTime = 0.001 (s) Losses = ['5.9293', '43.1371'] lr = 0.0000334
2025-07-19 04:59:54,326 - AdaPoinTr - INFO - [Epoch 50/200][Batch 2401/2622] BatchTime = 0.706 (s) DataTime = 0.001 (s) Losses = ['6.1389', '41.0576'] lr = 0.0000334
2025-07-19 05:01:06,142 - AdaPoinTr - INFO - [Epoch 50/200][Batch 2501/2622] BatchTime = 0.709 (s) DataTime = 0.001 (s) Losses = ['5.4219', '38.5977'] lr = 0.0000334
2025-07-19 05:02:17,868 - AdaPoinTr - INFO - [Epoch 50/200][Batch 2601/2622] BatchTime = 0.711 (s) DataTime = 0.001 (s) Losses = ['5.5565', '43.5837'] lr = 0.0000334
2025-07-19 05:02:32,982 - AdaPoinTr - INFO - [Training] EPOCH: 50 EpochTime = 1881.524 (s) Losses = ['5.7561', '42.8709']
2025-07-19 05:02:32,982 - AdaPoinTr - INFO - [VALIDATION] Start validating epoch 50
2025-07-19 05:03:40,307 - AdaPoinTr - INFO - Test[1051/10518] Taxonomy = 02691156 Sample = c7749c0a8b61f43bc9b9e28055202e3d Losses = ['21.5431', '1.9381', '8.9842', '0.2609'] Metrics = ['0.5886', '8.9842', '0.2609', '0.0000']
2025-07-19 05:04:47,293 - AdaPoinTr - INFO - Test[2102/10518] Taxonomy = 03211117 Sample = ab2f9418c111cc6ddb965514105122a4 Losses = ['23.0451', '1.8453', '8.2004', '0.2366'] Metrics = ['0.6340', '8.2004', '0.2366', '0.0000']
2025-07-19 05:05:54,249 - AdaPoinTr - INFO - Test[3153/10518] Taxonomy = 02876657 Sample = c5032e4be091aabb36fe7a88df793982 Losses = ['41.1713', '6.0459', '19.3900', '1.5037'] Metrics = ['0.2688', '19.3900', '1.5037', '0.0000']
2025-07-19 05:07:01,212 - AdaPoinTr - INFO - Test[4204/10518] Taxonomy = 03211117 Sample = 722df1da5778d45b1e43523279c7f09f Losses = ['30.3382', '3.6881', '14.1014', '1.0690'] Metrics = ['0.4199', '14.1014', '1.0690', '0.0000']
2025-07-19 05:08:08,183 - AdaPoinTr - INFO - Test[5255/10518] Taxonomy = 02828884 Sample = 14b63361a48a9fffe4a048c146e8bd43 Losses = ['30.5772', '3.4816', '13.7712', '0.9894'] Metrics = ['0.4219', '13.7712', '0.9894', '0.0000']
2025-07-19 05:09:15,142 - AdaPoinTr - INFO - Test[6306/10518] Taxonomy = 03211117 Sample = d330d50a0255529d19ed6e1a590c9122 Losses = ['29.6622', '4.0769', '11.7079', '0.6439'] Metrics = ['0.4473', '11.7079', '0.6439', '0.0000']
2025-07-19 05:10:22,068 - AdaPoinTr - INFO - Test[7357/10518] Taxonomy = 04379243 Sample = b1ca280d9567270ade98d10ab5975b59 Losses = ['48.0325', '12.6993', '23.2871', '3.6057'] Metrics = ['0.2617', '23.2871', '3.6057', '0.0000']
2025-07-19 05:11:29,010 - AdaPoinTr - INFO - Test[8408/10518] Taxonomy = 03001627 Sample = 89208a619341d9fdb8c516ed5c4ce32 Losses = ['33.8021', '5.9740', '18.3522', '2.5050'] Metrics = ['0.2744', '18.3522', '2.5050', '0.0000']
2025-07-19 05:12:35,944 - AdaPoinTr - INFO - Test[9459/10518] Taxonomy = 03001627 Sample = d0255120e3351121c3bd24f986301745 Losses = ['41.0863', '6.3141', '19.3494', '1.5674'] Metrics = ['0.2016', '19.3494', '1.5674', '0.0000']
2025-07-19 05:13:42,914 - AdaPoinTr - INFO - Test[10510/10518] Taxonomy = 03636649 Sample = ea9ec4d9db2e06202471e6dd5ac3ef92 Losses = ['30.8738', '4.2637', '9.1898', '0.4127'] Metrics = ['0.7248', '9.1898', '0.4127', '0.0000']
2025-07-19 05:13:43,457 - AdaPoinTr - INFO - [Validation] EPOCH: 50  Metrics = ['0.3585', '14.7618', '1.0243', '0.0000']
2025-07-19 05:13:43,457 - AdaPoinTr - INFO - ============================ TEST RESULTS ============================
2025-07-19 05:13:43,457 - AdaPoinTr - INFO - Taxonomy	#Sample	F-Score	CDL1	CDL2	EMDistance	#ModelName	
2025-07-19 05:13:43,457 - AdaPoinTr - INFO - 03759954	14	0.561 	13.420 	1.502 	0.000 	microphone	
2025-07-19 05:13:43,457 - AdaPoinTr - INFO - 04330267	44	0.279 	16.323 	1.174 	0.000 	stove	
2025-07-19 05:13:43,457 - AdaPoinTr - INFO - 03261776	15	0.299 	18.784 	1.729 	0.000 	earphone	
2025-07-19 05:13:43,457 - AdaPoinTr - INFO - 03513137	33	0.201 	22.033 	2.503 	0.000 	helmet	
2025-07-19 05:13:43,457 - AdaPoinTr - INFO - 04460130	27	0.405 	14.410 	0.945 	0.000 	tower	
2025-07-19 05:13:43,457 - AdaPoinTr - INFO - 04468005	78	0.382 	13.023 	0.693 	0.000 	train	
2025-07-19 05:13:43,457 - AdaPoinTr - INFO - 03761084	31	0.232 	17.528 	1.285 	0.000 	microwaves	
2025-07-19 05:13:43,457 - AdaPoinTr - INFO - 04004475	34	0.263 	17.386 	1.514 	0.000 	printer	
2025-07-19 05:13:43,457 - AdaPoinTr - INFO - 03938244	20	0.307 	14.844 	0.905 	0.000 	pillow	
2025-07-19 05:13:43,457 - AdaPoinTr - INFO - 02992529	167	0.408 	11.408 	0.458 	0.000 	cellphone	
2025-07-19 05:13:43,457 - AdaPoinTr - INFO - 02808440	172	0.280 	15.769 	1.091 	0.000 	bathtub	
2025-07-19 05:13:43,457 - AdaPoinTr - INFO - 04530566	388	0.493 	11.453 	0.586 	0.000 	watercraft	
2025-07-19 05:13:43,457 - AdaPoinTr - INFO - 02871439	91	0.240 	16.935 	1.176 	0.000 	bookshelf	
2025-07-19 05:13:43,457 - AdaPoinTr - INFO - 03593526	120	0.253 	18.091 	1.420 	0.000 	jar	
2025-07-19 05:13:43,457 - AdaPoinTr - INFO - 04554684	34	0.225 	17.836 	1.367 	0.000 	washer	
2025-07-19 05:13:43,457 - AdaPoinTr - INFO - 03467517	160	0.798 	7.004 	0.225 	0.000 	guitar	
2025-07-19 05:13:43,457 - AdaPoinTr - INFO - 04401088	218	0.413 	11.372 	0.507 	0.000 	telephone	
2025-07-19 05:13:43,457 - AdaPoinTr - INFO - 02954340	12	0.302 	14.993 	0.959 	0.000 	cap	
2025-07-19 05:13:43,457 - AdaPoinTr - INFO - 02933112	315	0.235 	15.869 	0.916 	0.000 	cabinet	
2025-07-19 05:13:43,457 - AdaPoinTr - INFO - 03642806	92	0.373 	11.958 	0.510 	0.000 	laptop	
2025-07-19 05:13:43,457 - AdaPoinTr - INFO - 02924116	188	0.354 	13.017 	0.639 	0.000 	bus	
2025-07-19 05:13:43,457 - AdaPoinTr - INFO - 02946921	22	0.239 	16.547 	1.154 	0.000 	can	
2025-07-19 05:13:43,457 - AdaPoinTr - INFO - 02818832	47	0.277 	16.448 	1.112 	0.000 	bed	
2025-07-19 05:13:43,457 - AdaPoinTr - INFO - 04256520	635	0.291 	14.790 	0.817 	0.000 	sofa	
2025-07-19 05:13:43,457 - AdaPoinTr - INFO - 04379243	1687	0.381 	13.272 	0.853 	0.000 	table	
2025-07-19 05:13:43,457 - AdaPoinTr - INFO - 02747177	69	0.188 	18.304 	1.230 	0.000 	trash bin	
2025-07-19 05:13:43,457 - AdaPoinTr - INFO - 03046257	131	0.308 	14.917 	0.906 	0.000 	clock	
2025-07-19 05:13:43,457 - AdaPoinTr - INFO - 04225987	31	0.544 	9.955 	0.386 	0.000 	skateboard	
2025-07-19 05:13:43,457 - AdaPoinTr - INFO - 03797390	43	0.186 	19.349 	1.500 	0.000 	mug	
2025-07-19 05:13:43,457 - AdaPoinTr - INFO - 03001627	1356	0.360 	14.129 	0.894 	0.000 	chair	
2025-07-19 05:13:43,457 - AdaPoinTr - INFO - 03691459	320	0.247 	17.870 	1.411 	0.000 	loudspeaker	
2025-07-19 05:13:43,457 - AdaPoinTr - INFO - 02942699	23	0.228 	22.156 	2.766 	0.000 	camera	
2025-07-19 05:13:43,457 - AdaPoinTr - INFO - 03636649	464	0.528 	13.209 	1.166 	0.000 	lamp	
2025-07-19 05:13:43,457 - AdaPoinTr - INFO - 02691156	809	0.567 	9.894 	0.435 	0.000 	airplane	
2025-07-19 05:13:43,458 - AdaPoinTr - INFO - 02773838	17	0.335 	14.522 	0.896 	0.000 	bag	
2025-07-19 05:13:43,458 - AdaPoinTr - INFO - 02958343	703	0.216 	16.728 	0.974 	0.000 	car	
2025-07-19 05:13:43,458 - AdaPoinTr - INFO - 02880940	38	0.221 	17.093 	1.073 	0.000 	bowl	
2025-07-19 05:13:43,458 - AdaPoinTr - INFO - 04099429	17	0.690 	9.752 	0.558 	0.000 	rocket	
2025-07-19 05:13:43,458 - AdaPoinTr - INFO - 02828884	363	0.432 	11.583 	0.601 	0.000 	bench	
2025-07-19 05:13:43,458 - AdaPoinTr - INFO - 04090263	475	0.684 	8.879 	0.436 	0.000 	rifle	
2025-07-19 05:13:43,458 - AdaPoinTr - INFO - 03211117	219	0.344 	13.717 	0.797 	0.000 	display	
2025-07-19 05:13:43,458 - AdaPoinTr - INFO - 02876657	100	0.411 	12.180 	0.612 	0.000 	bottle	
2025-07-19 05:13:43,458 - AdaPoinTr - INFO - 03710193	19	0.516 	12.934 	1.022 	0.000 	mailbox	
2025-07-19 05:13:43,458 - AdaPoinTr - INFO - 03790512	68	0.248 	17.064 	1.182 	0.000 	motorbike	
2025-07-19 05:13:43,458 - AdaPoinTr - INFO - 03325088	149	0.445 	15.423 	1.509 	0.000 	faucet	
2025-07-19 05:13:43,458 - AdaPoinTr - INFO - 02801938	23	0.225 	16.721 	1.074 	0.000 	basket	
2025-07-19 05:13:43,458 - AdaPoinTr - INFO - 03337140	60	0.232 	16.658 	1.060 	0.000 	file cabinet	
2025-07-19 05:13:43,458 - AdaPoinTr - INFO - 02843684	15	0.222 	21.012 	2.123 	0.000 	birdhouse	
2025-07-19 05:13:43,458 - AdaPoinTr - INFO - 03624134	85	0.771 	7.261 	0.246 	0.000 	knife	
2025-07-19 05:13:43,458 - AdaPoinTr - INFO - 03991062	121	0.225 	19.747 	1.677 	0.000 	flowerpot	
2025-07-19 05:13:43,458 - AdaPoinTr - INFO - 03948459	62	0.454 	12.394 	0.708 	0.000 	pistol	
2025-07-19 05:13:43,458 - AdaPoinTr - INFO - 03928116	48	0.277 	16.833 	1.349 	0.000 	piano	
2025-07-19 05:13:43,458 - AdaPoinTr - INFO - 03207941	19	0.239 	15.727 	0.873 	0.000 	dishwasher	
2025-07-19 05:13:43,458 - AdaPoinTr - INFO - 04074963	14	0.437 	10.964 	0.432 	0.000 	remote	
2025-07-19 05:13:43,458 - AdaPoinTr - INFO - 03085013	13	0.448 	10.410 	0.401 	0.000 	keyboard	
2025-07-19 05:13:43,458 - AdaPoinTr - INFO - Overall		0.359 	14.762 	1.024 	0.000 	
2025-07-19 05:13:43,872 - AdaPoinTr - INFO - Save checkpoint at ./experiments/AdaPoinTr/ShapeNet55_models/AdaPoinTr/ckpt-best.pth
2025-07-19 05:13:44,273 - AdaPoinTr - INFO - Save checkpoint at ./experiments/AdaPoinTr/ShapeNet55_models/AdaPoinTr/ckpt-last.pth
2025-07-19 05:13:45,076 - AdaPoinTr - INFO - [Epoch 51/200][Batch 1/2622] BatchTime = 0.802 (s) DataTime = 0.092 (s) Losses = ['5.9068', '41.6718'] lr = 0.0000327
2025-07-19 05:14:56,814 - AdaPoinTr - INFO - [Epoch 51/200][Batch 101/2622] BatchTime = 0.703 (s) DataTime = 0.001 (s) Losses = ['5.7426', '43.2219'] lr = 0.0000327
2025-07-19 05:16:08,198 - AdaPoinTr - INFO - [Epoch 51/200][Batch 201/2622] BatchTime = 0.719 (s) DataTime = 0.001 (s) Losses = ['5.6858', '40.2469'] lr = 0.0000327
2025-07-19 05:17:19,945 - AdaPoinTr - INFO - [Epoch 51/200][Batch 301/2622] BatchTime = 0.716 (s) DataTime = 0.001 (s) Losses = ['6.2611', '47.9620'] lr = 0.0000327
2025-07-19 05:18:31,694 - AdaPoinTr - INFO - [Epoch 51/200][Batch 401/2622] BatchTime = 0.715 (s) DataTime = 0.001 (s) Losses = ['5.5623', '41.5671'] lr = 0.0000327
2025-07-19 05:19:43,422 - AdaPoinTr - INFO - [Epoch 51/200][Batch 501/2622] BatchTime = 0.718 (s) DataTime = 0.001 (s) Losses = ['5.6275', '44.7808'] lr = 0.0000327
2025-07-19 05:20:55,161 - AdaPoinTr - INFO - [Epoch 51/200][Batch 601/2622] BatchTime = 0.722 (s) DataTime = 0.001 (s) Losses = ['6.3570', '48.4752'] lr = 0.0000327
2025-07-19 05:22:06,937 - AdaPoinTr - INFO - [Epoch 51/200][Batch 701/2622] BatchTime = 0.718 (s) DataTime = 0.001 (s) Losses = ['5.2239', '40.0451'] lr = 0.0000327
2025-07-19 05:23:18,659 - AdaPoinTr - INFO - [Epoch 51/200][Batch 801/2622] BatchTime = 0.718 (s) DataTime = 0.001 (s) Losses = ['5.7850', '46.7689'] lr = 0.0000327
2025-07-19 05:24:30,445 - AdaPoinTr - INFO - [Epoch 51/200][Batch 901/2622] BatchTime = 0.716 (s) DataTime = 0.001 (s) Losses = ['6.2844', '47.7442'] lr = 0.0000327
2025-07-19 05:25:42,240 - AdaPoinTr - INFO - [Epoch 51/200][Batch 1001/2622] BatchTime = 0.720 (s) DataTime = 0.001 (s) Losses = ['5.4091', '39.2023'] lr = 0.0000327
2025-07-19 05:26:53,936 - AdaPoinTr - INFO - [Epoch 51/200][Batch 1101/2622] BatchTime = 0.715 (s) DataTime = 0.001 (s) Losses = ['5.6926', '45.6819'] lr = 0.0000327
2025-07-19 05:28:05,708 - AdaPoinTr - INFO - [Epoch 51/200][Batch 1201/2622] BatchTime = 0.720 (s) DataTime = 0.001 (s) Losses = ['5.8021', '41.7450'] lr = 0.0000327
2025-07-19 05:29:17,445 - AdaPoinTr - INFO - [Epoch 51/200][Batch 1301/2622] BatchTime = 0.719 (s) DataTime = 0.001 (s) Losses = ['5.8949', '41.5817'] lr = 0.0000327
2025-07-19 05:30:29,224 - AdaPoinTr - INFO - [Epoch 51/200][Batch 1401/2622] BatchTime = 0.711 (s) DataTime = 0.001 (s) Losses = ['5.2078', '41.1409'] lr = 0.0000327
2025-07-19 05:31:40,974 - AdaPoinTr - INFO - [Epoch 51/200][Batch 1501/2622] BatchTime = 0.709 (s) DataTime = 0.001 (s) Losses = ['5.4909', '41.2748'] lr = 0.0000327
2025-07-19 05:32:52,719 - AdaPoinTr - INFO - [Epoch 51/200][Batch 1601/2622] BatchTime = 0.711 (s) DataTime = 0.001 (s) Losses = ['5.4567', '40.2754'] lr = 0.0000327
2025-07-19 05:34:04,484 - AdaPoinTr - INFO - [Epoch 51/200][Batch 1701/2622] BatchTime = 0.713 (s) DataTime = 0.001 (s) Losses = ['5.8196', '43.5168'] lr = 0.0000327
2025-07-19 05:35:16,219 - AdaPoinTr - INFO - [Epoch 51/200][Batch 1801/2622] BatchTime = 0.709 (s) DataTime = 0.001 (s) Losses = ['5.4033', '40.0814'] lr = 0.0000327
2025-07-19 05:36:27,981 - AdaPoinTr - INFO - [Epoch 51/200][Batch 1901/2622] BatchTime = 0.710 (s) DataTime = 0.001 (s) Losses = ['5.5746', '42.9296'] lr = 0.0000327
2025-07-19 05:37:39,759 - AdaPoinTr - INFO - [Epoch 51/200][Batch 2001/2622] BatchTime = 0.713 (s) DataTime = 0.001 (s) Losses = ['6.5337', '46.3901'] lr = 0.0000327
2025-07-19 05:38:51,524 - AdaPoinTr - INFO - [Epoch 51/200][Batch 2101/2622] BatchTime = 0.712 (s) DataTime = 0.001 (s) Losses = ['5.6830', '41.7289'] lr = 0.0000327
2025-07-19 05:40:03,262 - AdaPoinTr - INFO - [Epoch 51/200][Batch 2201/2622] BatchTime = 0.708 (s) DataTime = 0.001 (s) Losses = ['6.1583', '44.4076'] lr = 0.0000327
2025-07-19 05:41:15,011 - AdaPoinTr - INFO - [Epoch 51/200][Batch 2301/2622] BatchTime = 0.709 (s) DataTime = 0.001 (s) Losses = ['6.2473', '46.9568'] lr = 0.0000327
2025-07-19 05:42:26,761 - AdaPoinTr - INFO - [Epoch 51/200][Batch 2401/2622] BatchTime = 0.714 (s) DataTime = 0.001 (s) Losses = ['6.3501', '46.3922'] lr = 0.0000327
2025-07-19 05:43:38,490 - AdaPoinTr - INFO - [Epoch 51/200][Batch 2501/2622] BatchTime = 0.707 (s) DataTime = 0.001 (s) Losses = ['5.8854', '43.4315'] lr = 0.0000327
2025-07-19 05:44:50,222 - AdaPoinTr - INFO - [Epoch 51/200][Batch 2601/2622] BatchTime = 0.702 (s) DataTime = 0.001 (s) Losses = ['5.8736', '41.7415'] lr = 0.0000327
2025-07-19 05:45:05,340 - AdaPoinTr - INFO - [Training] EPOCH: 51 EpochTime = 1881.066 (s) Losses = ['5.7487', '43.3136']
2025-07-19 05:45:05,801 - AdaPoinTr - INFO - Save checkpoint at ./experiments/AdaPoinTr/ShapeNet55_models/AdaPoinTr/ckpt-last.pth
2025-07-19 05:45:06,607 - AdaPoinTr - INFO - [Epoch 52/200][Batch 1/2622] BatchTime = 0.805 (s) DataTime = 0.095 (s) Losses = ['5.6981', '41.0433'] lr = 0.0000320
2025-07-19 05:46:18,353 - AdaPoinTr - INFO - [Epoch 52/200][Batch 101/2622] BatchTime = 0.707 (s) DataTime = 0.001 (s) Losses = ['6.2250', '43.4441'] lr = 0.0000320
2025-07-19 05:47:30,111 - AdaPoinTr - INFO - [Epoch 52/200][Batch 201/2622] BatchTime = 0.705 (s) DataTime = 0.001 (s) Losses = ['5.8573', '46.2867'] lr = 0.0000320
2025-07-19 05:48:41,889 - AdaPoinTr - INFO - [Epoch 52/200][Batch 301/2622] BatchTime = 0.706 (s) DataTime = 0.001 (s) Losses = ['5.5668', '44.9022'] lr = 0.0000320
2025-07-19 05:49:53,668 - AdaPoinTr - INFO - [Epoch 52/200][Batch 401/2622] BatchTime = 0.709 (s) DataTime = 0.001 (s) Losses = ['5.0562', '39.5681'] lr = 0.0000320
2025-07-19 05:51:05,417 - AdaPoinTr - INFO - [Epoch 52/200][Batch 501/2622] BatchTime = 0.709 (s) DataTime = 0.001 (s) Losses = ['5.5217', '46.5074'] lr = 0.0000320
2025-07-19 05:52:17,159 - AdaPoinTr - INFO - [Epoch 52/200][Batch 601/2622] BatchTime = 0.706 (s) DataTime = 0.001 (s) Losses = ['5.3643', '39.1421'] lr = 0.0000320
2025-07-19 05:53:28,876 - AdaPoinTr - INFO - [Epoch 52/200][Batch 701/2622] BatchTime = 0.707 (s) DataTime = 0.001 (s) Losses = ['6.5249', '48.5239'] lr = 0.0000320
2025-07-19 05:54:40,614 - AdaPoinTr - INFO - [Epoch 52/200][Batch 801/2622] BatchTime = 0.706 (s) DataTime = 0.001 (s) Losses = ['6.1975', '49.4094'] lr = 0.0000320
2025-07-19 05:55:52,363 - AdaPoinTr - INFO - [Epoch 52/200][Batch 901/2622] BatchTime = 0.711 (s) DataTime = 0.001 (s) Losses = ['5.2917', '39.9927'] lr = 0.0000320
2025-07-19 05:57:04,121 - AdaPoinTr - INFO - [Epoch 52/200][Batch 1001/2622] BatchTime = 0.714 (s) DataTime = 0.001 (s) Losses = ['5.7496', '47.6271'] lr = 0.0000320
2025-07-19 05:58:15,859 - AdaPoinTr - INFO - [Epoch 52/200][Batch 1101/2622] BatchTime = 0.716 (s) DataTime = 0.001 (s) Losses = ['6.0756', '46.5668'] lr = 0.0000320
2025-07-19 05:59:27,644 - AdaPoinTr - INFO - [Epoch 52/200][Batch 1201/2622] BatchTime = 0.719 (s) DataTime = 0.001 (s) Losses = ['4.9894', '39.1642'] lr = 0.0000320
2025-07-19 06:00:39,402 - AdaPoinTr - INFO - [Epoch 52/200][Batch 1301/2622] BatchTime = 0.717 (s) DataTime = 0.001 (s) Losses = ['5.8319', '44.6619'] lr = 0.0000320
2025-07-19 06:01:51,173 - AdaPoinTr - INFO - [Epoch 52/200][Batch 1401/2622] BatchTime = 0.711 (s) DataTime = 0.001 (s) Losses = ['6.2641', '49.4462'] lr = 0.0000320
2025-07-19 06:03:02,929 - AdaPoinTr - INFO - [Epoch 52/200][Batch 1501/2622] BatchTime = 0.720 (s) DataTime = 0.001 (s) Losses = ['5.4669', '41.5935'] lr = 0.0000320
2025-07-19 06:04:14,742 - AdaPoinTr - INFO - [Epoch 52/200][Batch 1601/2622] BatchTime = 0.722 (s) DataTime = 0.001 (s) Losses = ['6.0985', '43.0435'] lr = 0.0000320
2025-07-19 06:05:20,653 - AdaPoinTr - INFO - [Epoch 52/200][Batch 1701/2622] BatchTime = 0.513 (s) DataTime = 0.001 (s) Losses = ['5.4844', '41.2700'] lr = 0.0000320
2025-07-19 06:06:11,948 - AdaPoinTr - INFO - [Epoch 52/200][Batch 1801/2622] BatchTime = 0.512 (s) DataTime = 0.001 (s) Losses = ['5.9175', '47.9770'] lr = 0.0000320
2025-07-19 06:07:03,201 - AdaPoinTr - INFO - [Epoch 52/200][Batch 1901/2622] BatchTime = 0.511 (s) DataTime = 0.001 (s) Losses = ['6.0427', '42.8236'] lr = 0.0000320
2025-07-19 06:07:54,395 - AdaPoinTr - INFO - [Epoch 52/200][Batch 2001/2622] BatchTime = 0.505 (s) DataTime = 0.001 (s) Losses = ['5.8759', '43.1684'] lr = 0.0000320
2025-07-19 06:08:45,698 - AdaPoinTr - INFO - [Epoch 52/200][Batch 2101/2622] BatchTime = 0.515 (s) DataTime = 0.001 (s) Losses = ['5.8713', '39.9695'] lr = 0.0000320
2025-07-19 06:09:36,925 - AdaPoinTr - INFO - [Epoch 52/200][Batch 2201/2622] BatchTime = 0.512 (s) DataTime = 0.001 (s) Losses = ['4.9192', '37.9877'] lr = 0.0000320
2025-07-19 06:10:28,301 - AdaPoinTr - INFO - [Epoch 52/200][Batch 2301/2622] BatchTime = 0.510 (s) DataTime = 0.001 (s) Losses = ['6.1357', '44.2587'] lr = 0.0000320
2025-07-19 06:11:19,554 - AdaPoinTr - INFO - [Epoch 52/200][Batch 2401/2622] BatchTime = 0.512 (s) DataTime = 0.001 (s) Losses = ['5.7465', '47.6230'] lr = 0.0000320
2025-07-19 06:12:10,815 - AdaPoinTr - INFO - [Epoch 52/200][Batch 2501/2622] BatchTime = 0.512 (s) DataTime = 0.001 (s) Losses = ['5.9856', '42.1656'] lr = 0.0000320
2025-07-19 06:13:02,089 - AdaPoinTr - INFO - [Epoch 52/200][Batch 2601/2622] BatchTime = 0.512 (s) DataTime = 0.001 (s) Losses = ['5.9855', '43.8774'] lr = 0.0000320
2025-07-19 06:13:12,918 - AdaPoinTr - INFO - [Training] EPOCH: 52 EpochTime = 1687.116 (s) Losses = ['5.7208', '43.1004']
2025-07-19 06:13:13,378 - AdaPoinTr - INFO - Save checkpoint at ./experiments/AdaPoinTr/ShapeNet55_models/AdaPoinTr/ckpt-last.pth
2025-07-19 06:13:13,999 - AdaPoinTr - INFO - [Epoch 53/200][Batch 1/2622] BatchTime = 0.620 (s) DataTime = 0.097 (s) Losses = ['5.9133', '42.7391'] lr = 0.0000313
2025-07-19 06:14:05,158 - AdaPoinTr - INFO - [Epoch 53/200][Batch 101/2622] BatchTime = 0.498 (s) DataTime = 0.001 (s) Losses = ['6.2650', '46.4249'] lr = 0.0000313
2025-07-19 06:14:56,457 - AdaPoinTr - INFO - [Epoch 53/200][Batch 201/2622] BatchTime = 0.512 (s) DataTime = 0.001 (s) Losses = ['6.2962', '44.5391'] lr = 0.0000313
2025-07-19 06:15:47,746 - AdaPoinTr - INFO - [Epoch 53/200][Batch 301/2622] BatchTime = 0.511 (s) DataTime = 0.001 (s) Losses = ['5.7686', '44.7420'] lr = 0.0000313
2025-07-19 06:16:41,432 - AdaPoinTr - INFO - [Epoch 53/200][Batch 401/2622] BatchTime = 0.711 (s) DataTime = 0.001 (s) Losses = ['5.8349', '40.2239'] lr = 0.0000313
2025-07-19 06:17:53,202 - AdaPoinTr - INFO - [Epoch 53/200][Batch 501/2622] BatchTime = 0.711 (s) DataTime = 0.001 (s) Losses = ['6.0323', '49.8608'] lr = 0.0000313
2025-07-19 06:19:04,985 - AdaPoinTr - INFO - [Epoch 53/200][Batch 601/2622] BatchTime = 0.704 (s) DataTime = 0.001 (s) Losses = ['5.6842', '42.7475'] lr = 0.0000313
2025-07-19 06:20:16,748 - AdaPoinTr - INFO - [Epoch 53/200][Batch 701/2622] BatchTime = 0.710 (s) DataTime = 0.001 (s) Losses = ['5.8770', '44.0354'] lr = 0.0000313
2025-07-19 06:21:28,524 - AdaPoinTr - INFO - [Epoch 53/200][Batch 801/2622] BatchTime = 0.706 (s) DataTime = 0.001 (s) Losses = ['5.5966', '41.7466'] lr = 0.0000313
2025-07-19 06:22:40,300 - AdaPoinTr - INFO - [Epoch 53/200][Batch 901/2622] BatchTime = 0.707 (s) DataTime = 0.001 (s) Losses = ['5.6543', '43.3803'] lr = 0.0000313
2025-07-19 06:23:52,046 - AdaPoinTr - INFO - [Epoch 53/200][Batch 1001/2622] BatchTime = 0.712 (s) DataTime = 0.001 (s) Losses = ['5.4554', '42.6820'] lr = 0.0000313
2025-07-19 06:25:03,836 - AdaPoinTr - INFO - [Epoch 53/200][Batch 1101/2622] BatchTime = 0.705 (s) DataTime = 0.001 (s) Losses = ['5.9432', '41.9204'] lr = 0.0000313
2025-07-19 06:26:15,567 - AdaPoinTr - INFO - [Epoch 53/200][Batch 1201/2622] BatchTime = 0.716 (s) DataTime = 0.001 (s) Losses = ['5.2722', '41.9297'] lr = 0.0000313
2025-07-19 06:27:27,264 - AdaPoinTr - INFO - [Epoch 53/200][Batch 1301/2622] BatchTime = 0.715 (s) DataTime = 0.001 (s) Losses = ['5.3229', '39.9723'] lr = 0.0000313
2025-07-19 06:28:38,993 - AdaPoinTr - INFO - [Epoch 53/200][Batch 1401/2622] BatchTime = 0.721 (s) DataTime = 0.001 (s) Losses = ['6.1113', '44.4460'] lr = 0.0000313
2025-07-19 06:29:50,719 - AdaPoinTr - INFO - [Epoch 53/200][Batch 1501/2622] BatchTime = 0.715 (s) DataTime = 0.001 (s) Losses = ['5.7468', '42.2116'] lr = 0.0000313
2025-07-19 06:31:02,492 - AdaPoinTr - INFO - [Epoch 53/200][Batch 1601/2622] BatchTime = 0.712 (s) DataTime = 0.001 (s) Losses = ['5.6050', '42.0984'] lr = 0.0000313
2025-07-19 06:32:14,241 - AdaPoinTr - INFO - [Epoch 53/200][Batch 1701/2622] BatchTime = 0.715 (s) DataTime = 0.001 (s) Losses = ['5.5332', '41.9846'] lr = 0.0000313
2025-07-19 06:33:25,997 - AdaPoinTr - INFO - [Epoch 53/200][Batch 1801/2622] BatchTime = 0.719 (s) DataTime = 0.001 (s) Losses = ['5.5289', '42.4559'] lr = 0.0000313
2025-07-19 06:34:37,747 - AdaPoinTr - INFO - [Epoch 53/200][Batch 1901/2622] BatchTime = 0.715 (s) DataTime = 0.001 (s) Losses = ['5.4167', '42.0798'] lr = 0.0000313
2025-07-19 06:35:49,552 - AdaPoinTr - INFO - [Epoch 53/200][Batch 2001/2622] BatchTime = 0.716 (s) DataTime = 0.001 (s) Losses = ['5.8278', '42.0992'] lr = 0.0000313
2025-07-19 06:37:01,338 - AdaPoinTr - INFO - [Epoch 53/200][Batch 2101/2622] BatchTime = 0.717 (s) DataTime = 0.001 (s) Losses = ['5.4316', '41.3986'] lr = 0.0000313
2025-07-19 06:38:13,105 - AdaPoinTr - INFO - [Epoch 53/200][Batch 2201/2622] BatchTime = 0.715 (s) DataTime = 0.001 (s) Losses = ['5.6844', '40.9910'] lr = 0.0000313
2025-07-19 06:39:24,905 - AdaPoinTr - INFO - [Epoch 53/200][Batch 2301/2622] BatchTime = 0.711 (s) DataTime = 0.001 (s) Losses = ['6.3040', '47.1384'] lr = 0.0000313
2025-07-19 06:40:36,734 - AdaPoinTr - INFO - [Epoch 53/200][Batch 2401/2622] BatchTime = 0.712 (s) DataTime = 0.006 (s) Losses = ['5.6453', '42.6430'] lr = 0.0000313
2025-07-19 06:41:48,465 - AdaPoinTr - INFO - [Epoch 53/200][Batch 2501/2622] BatchTime = 0.710 (s) DataTime = 0.001 (s) Losses = ['5.5663', '38.4901'] lr = 0.0000313
2025-07-19 06:43:00,218 - AdaPoinTr - INFO - [Epoch 53/200][Batch 2601/2622] BatchTime = 0.718 (s) DataTime = 0.001 (s) Losses = ['5.3464', '43.2769'] lr = 0.0000313
2025-07-19 06:43:15,321 - AdaPoinTr - INFO - [Training] EPOCH: 53 EpochTime = 1801.942 (s) Losses = ['5.6959', '42.8283']
2025-07-19 06:43:15,791 - AdaPoinTr - INFO - Save checkpoint at ./experiments/AdaPoinTr/ShapeNet55_models/AdaPoinTr/ckpt-last.pth
2025-07-19 06:43:16,599 - AdaPoinTr - INFO - [Epoch 54/200][Batch 1/2622] BatchTime = 0.807 (s) DataTime = 0.095 (s) Losses = ['5.8580', '44.6848'] lr = 0.0000306
2025-07-19 06:44:28,333 - AdaPoinTr - INFO - [Epoch 54/200][Batch 101/2622] BatchTime = 0.712 (s) DataTime = 0.001 (s) Losses = ['5.7378', '43.7685'] lr = 0.0000306
2025-07-19 06:45:40,088 - AdaPoinTr - INFO - [Epoch 54/200][Batch 201/2622] BatchTime = 0.711 (s) DataTime = 0.001 (s) Losses = ['5.5144', '38.7761'] lr = 0.0000306
2025-07-19 06:46:51,868 - AdaPoinTr - INFO - [Epoch 54/200][Batch 301/2622] BatchTime = 0.705 (s) DataTime = 0.001 (s) Losses = ['6.1602', '45.1846'] lr = 0.0000306
2025-07-19 06:48:03,655 - AdaPoinTr - INFO - [Epoch 54/200][Batch 401/2622] BatchTime = 0.701 (s) DataTime = 0.001 (s) Losses = ['6.1515', '42.4771'] lr = 0.0000306
2025-07-19 06:49:15,396 - AdaPoinTr - INFO - [Epoch 54/200][Batch 501/2622] BatchTime = 0.705 (s) DataTime = 0.001 (s) Losses = ['5.6088', '40.2596'] lr = 0.0000306
2025-07-19 06:50:27,148 - AdaPoinTr - INFO - [Epoch 54/200][Batch 601/2622] BatchTime = 0.707 (s) DataTime = 0.001 (s) Losses = ['5.4671', '39.8623'] lr = 0.0000306
2025-07-19 06:51:38,927 - AdaPoinTr - INFO - [Epoch 54/200][Batch 701/2622] BatchTime = 0.706 (s) DataTime = 0.001 (s) Losses = ['6.4017', '46.6316'] lr = 0.0000306
2025-07-19 06:52:50,652 - AdaPoinTr - INFO - [Epoch 54/200][Batch 801/2622] BatchTime = 0.705 (s) DataTime = 0.001 (s) Losses = ['5.5582', '41.5615'] lr = 0.0000306
2025-07-19 06:54:02,423 - AdaPoinTr - INFO - [Epoch 54/200][Batch 901/2622] BatchTime = 0.706 (s) DataTime = 0.001 (s) Losses = ['5.8215', '43.2080'] lr = 0.0000306
2025-07-19 06:55:14,162 - AdaPoinTr - INFO - [Epoch 54/200][Batch 1001/2622] BatchTime = 0.710 (s) DataTime = 0.001 (s) Losses = ['5.5829', '41.0042'] lr = 0.0000306
2025-07-19 06:56:25,905 - AdaPoinTr - INFO - [Epoch 54/200][Batch 1101/2622] BatchTime = 0.711 (s) DataTime = 0.001 (s) Losses = ['4.7169', '35.4120'] lr = 0.0000306
2025-07-19 06:57:37,660 - AdaPoinTr - INFO - [Epoch 54/200][Batch 1201/2622] BatchTime = 0.716 (s) DataTime = 0.001 (s) Losses = ['6.1494', '46.3615'] lr = 0.0000306
2025-07-19 06:58:49,428 - AdaPoinTr - INFO - [Epoch 54/200][Batch 1301/2622] BatchTime = 0.716 (s) DataTime = 0.001 (s) Losses = ['5.2045', '37.6865'] lr = 0.0000306
2025-07-19 07:00:01,168 - AdaPoinTr - INFO - [Epoch 54/200][Batch 1401/2622] BatchTime = 0.712 (s) DataTime = 0.001 (s) Losses = ['4.9675', '36.0599'] lr = 0.0000306
2025-07-19 07:01:12,943 - AdaPoinTr - INFO - [Epoch 54/200][Batch 1501/2622] BatchTime = 0.716 (s) DataTime = 0.001 (s) Losses = ['6.0362', '42.4027'] lr = 0.0000306
2025-07-19 07:02:24,702 - AdaPoinTr - INFO - [Epoch 54/200][Batch 1601/2622] BatchTime = 0.718 (s) DataTime = 0.001 (s) Losses = ['5.6293', '44.0860'] lr = 0.0000306
2025-07-19 07:03:36,450 - AdaPoinTr - INFO - [Epoch 54/200][Batch 1701/2622] BatchTime = 0.718 (s) DataTime = 0.001 (s) Losses = ['5.7717', '42.2808'] lr = 0.0000306
2025-07-19 07:04:48,205 - AdaPoinTr - INFO - [Epoch 54/200][Batch 1801/2622] BatchTime = 0.716 (s) DataTime = 0.001 (s) Losses = ['5.8691', '40.6676'] lr = 0.0000306
2025-07-19 07:05:59,535 - AdaPoinTr - INFO - [Epoch 54/200][Batch 1901/2622] BatchTime = 0.709 (s) DataTime = 0.001 (s) Losses = ['5.7848', '41.0216'] lr = 0.0000306
2025-07-19 07:07:11,276 - AdaPoinTr - INFO - [Epoch 54/200][Batch 2001/2622] BatchTime = 0.713 (s) DataTime = 0.001 (s) Losses = ['5.4117', '39.6996'] lr = 0.0000306
2025-07-19 07:08:23,005 - AdaPoinTr - INFO - [Epoch 54/200][Batch 2101/2622] BatchTime = 0.709 (s) DataTime = 0.001 (s) Losses = ['5.6049', '41.0342'] lr = 0.0000306
2025-07-19 07:09:34,792 - AdaPoinTr - INFO - [Epoch 54/200][Batch 2201/2622] BatchTime = 0.720 (s) DataTime = 0.001 (s) Losses = ['5.9498', '46.7183'] lr = 0.0000306
2025-07-19 07:10:46,541 - AdaPoinTr - INFO - [Epoch 54/200][Batch 2301/2622] BatchTime = 0.708 (s) DataTime = 0.001 (s) Losses = ['6.2830', '44.7234'] lr = 0.0000306
2025-07-19 07:11:58,289 - AdaPoinTr - INFO - [Epoch 54/200][Batch 2401/2622] BatchTime = 0.705 (s) DataTime = 0.001 (s) Losses = ['4.6991', '36.2524'] lr = 0.0000306
2025-07-19 07:13:10,015 - AdaPoinTr - INFO - [Epoch 54/200][Batch 2501/2622] BatchTime = 0.702 (s) DataTime = 0.001 (s) Losses = ['5.4810', '44.4665'] lr = 0.0000306
2025-07-19 07:14:21,768 - AdaPoinTr - INFO - [Epoch 54/200][Batch 2601/2622] BatchTime = 0.704 (s) DataTime = 0.001 (s) Losses = ['5.6317', '41.6250'] lr = 0.0000306
2025-07-19 07:14:36,874 - AdaPoinTr - INFO - [Training] EPOCH: 54 EpochTime = 1881.083 (s) Losses = ['5.6430', '42.3110']
2025-07-19 07:14:37,364 - AdaPoinTr - INFO - Save checkpoint at ./experiments/AdaPoinTr/ShapeNet55_models/AdaPoinTr/ckpt-last.pth
2025-07-19 07:14:38,177 - AdaPoinTr - INFO - [Epoch 55/200][Batch 1/2622] BatchTime = 0.812 (s) DataTime = 0.097 (s) Losses = ['5.4016', '41.6360'] lr = 0.0000299
2025-07-19 07:15:49,935 - AdaPoinTr - INFO - [Epoch 55/200][Batch 101/2622] BatchTime = 0.709 (s) DataTime = 0.001 (s) Losses = ['5.8369', '39.8291'] lr = 0.0000299
2025-07-19 07:17:01,682 - AdaPoinTr - INFO - [Epoch 55/200][Batch 201/2622] BatchTime = 0.709 (s) DataTime = 0.001 (s) Losses = ['5.3379', '39.6037'] lr = 0.0000299
2025-07-19 07:18:13,450 - AdaPoinTr - INFO - [Epoch 55/200][Batch 301/2622] BatchTime = 0.708 (s) DataTime = 0.001 (s) Losses = ['4.9588', '36.8382'] lr = 0.0000299
2025-07-19 07:19:25,251 - AdaPoinTr - INFO - [Epoch 55/200][Batch 401/2622] BatchTime = 0.720 (s) DataTime = 0.001 (s) Losses = ['6.4583', '49.1605'] lr = 0.0000299
2025-07-19 07:20:37,019 - AdaPoinTr - INFO - [Epoch 55/200][Batch 501/2622] BatchTime = 0.717 (s) DataTime = 0.001 (s) Losses = ['6.0376', '45.8463'] lr = 0.0000299
2025-07-19 07:21:48,757 - AdaPoinTr - INFO - [Epoch 55/200][Batch 601/2622] BatchTime = 0.715 (s) DataTime = 0.001 (s) Losses = ['5.4596', '42.2131'] lr = 0.0000299
2025-07-19 07:23:00,569 - AdaPoinTr - INFO - [Epoch 55/200][Batch 701/2622] BatchTime = 0.716 (s) DataTime = 0.001 (s) Losses = ['5.0956', '39.8940'] lr = 0.0000299
2025-07-19 07:24:12,344 - AdaPoinTr - INFO - [Epoch 55/200][Batch 801/2622] BatchTime = 0.717 (s) DataTime = 0.001 (s) Losses = ['5.0251', '39.9006'] lr = 0.0000299
2025-07-19 07:25:24,091 - AdaPoinTr - INFO - [Epoch 55/200][Batch 901/2622] BatchTime = 0.716 (s) DataTime = 0.001 (s) Losses = ['5.8272', '42.1097'] lr = 0.0000299
2025-07-19 07:26:35,870 - AdaPoinTr - INFO - [Epoch 55/200][Batch 1001/2622] BatchTime = 0.718 (s) DataTime = 0.001 (s) Losses = ['5.2724', '39.2934'] lr = 0.0000299
2025-07-19 07:27:47,667 - AdaPoinTr - INFO - [Epoch 55/200][Batch 1101/2622] BatchTime = 0.722 (s) DataTime = 0.001 (s) Losses = ['5.7448', '45.4334'] lr = 0.0000299
2025-07-19 07:28:59,408 - AdaPoinTr - INFO - [Epoch 55/200][Batch 1201/2622] BatchTime = 0.715 (s) DataTime = 0.001 (s) Losses = ['5.6648', '41.5831'] lr = 0.0000299
2025-07-19 07:30:11,172 - AdaPoinTr - INFO - [Epoch 55/200][Batch 1301/2622] BatchTime = 0.712 (s) DataTime = 0.001 (s) Losses = ['5.6685', '45.4748'] lr = 0.0000299
2025-07-19 07:31:22,940 - AdaPoinTr - INFO - [Epoch 55/200][Batch 1401/2622] BatchTime = 0.714 (s) DataTime = 0.001 (s) Losses = ['5.5970', '40.8073'] lr = 0.0000299
2025-07-19 07:32:34,677 - AdaPoinTr - INFO - [Epoch 55/200][Batch 1501/2622] BatchTime = 0.716 (s) DataTime = 0.001 (s) Losses = ['4.7946', '39.0143'] lr = 0.0000299
2025-07-19 07:33:46,434 - AdaPoinTr - INFO - [Epoch 55/200][Batch 1601/2622] BatchTime = 0.716 (s) DataTime = 0.001 (s) Losses = ['5.8946', '43.7174'] lr = 0.0000299
2025-07-19 07:34:58,183 - AdaPoinTr - INFO - [Epoch 55/200][Batch 1701/2622] BatchTime = 0.720 (s) DataTime = 0.001 (s) Losses = ['5.4308', '42.3583'] lr = 0.0000299
2025-07-19 07:36:09,943 - AdaPoinTr - INFO - [Epoch 55/200][Batch 1801/2622] BatchTime = 0.720 (s) DataTime = 0.001 (s) Losses = ['6.3204', '43.4797'] lr = 0.0000299
2025-07-19 07:37:21,706 - AdaPoinTr - INFO - [Epoch 55/200][Batch 1901/2622] BatchTime = 0.719 (s) DataTime = 0.001 (s) Losses = ['6.0835', '43.2586'] lr = 0.0000299
2025-07-19 07:38:33,420 - AdaPoinTr - INFO - [Epoch 55/200][Batch 2001/2622] BatchTime = 0.717 (s) DataTime = 0.001 (s) Losses = ['5.0771', '36.4004'] lr = 0.0000299
2025-07-19 07:39:45,216 - AdaPoinTr - INFO - [Epoch 55/200][Batch 2101/2622] BatchTime = 0.714 (s) DataTime = 0.001 (s) Losses = ['5.5535', '41.6266'] lr = 0.0000299
2025-07-19 07:40:56,992 - AdaPoinTr - INFO - [Epoch 55/200][Batch 2201/2622] BatchTime = 0.719 (s) DataTime = 0.001 (s) Losses = ['5.6479', '41.5415'] lr = 0.0000299
2025-07-19 07:42:08,735 - AdaPoinTr - INFO - [Epoch 55/200][Batch 2301/2622] BatchTime = 0.712 (s) DataTime = 0.001 (s) Losses = ['6.3614', '48.9239'] lr = 0.0000299
2025-07-19 07:43:20,521 - AdaPoinTr - INFO - [Epoch 55/200][Batch 2401/2622] BatchTime = 0.714 (s) DataTime = 0.001 (s) Losses = ['5.8419', '40.6053'] lr = 0.0000299
2025-07-19 07:44:32,261 - AdaPoinTr - INFO - [Epoch 55/200][Batch 2501/2622] BatchTime = 0.716 (s) DataTime = 0.001 (s) Losses = ['5.0770', '38.6347'] lr = 0.0000299
2025-07-19 07:45:44,031 - AdaPoinTr - INFO - [Epoch 55/200][Batch 2601/2622] BatchTime = 0.712 (s) DataTime = 0.001 (s) Losses = ['5.7941', '42.1906'] lr = 0.0000299
2025-07-19 07:45:59,132 - AdaPoinTr - INFO - [Training] EPOCH: 55 EpochTime = 1881.768 (s) Losses = ['5.6322', '42.4182']
2025-07-19 07:45:59,133 - AdaPoinTr - INFO - [VALIDATION] Start validating epoch 55
2025-07-19 07:47:06,159 - AdaPoinTr - INFO - Test[1051/10518] Taxonomy = 02691156 Sample = c7749c0a8b61f43bc9b9e28055202e3d Losses = ['26.8997', '3.7147', '12.5673', '0.9217'] Metrics = ['0.5293', '12.5673', '0.9217', '0.0000']
2025-07-19 07:48:13,140 - AdaPoinTr - INFO - Test[2102/10518] Taxonomy = 03211117 Sample = ab2f9418c111cc6ddb965514105122a4 Losses = ['22.3496', '1.7489', '7.9564', '0.2192'] Metrics = ['0.6397', '7.9564', '0.2192', '0.0000']
2025-07-19 07:49:20,106 - AdaPoinTr - INFO - Test[3153/10518] Taxonomy = 02876657 Sample = c5032e4be091aabb36fe7a88df793982 Losses = ['37.2587', '6.0225', '17.3235', '1.4229'] Metrics = ['0.3133', '17.3235', '1.4229', '0.0000']
2025-07-19 07:50:27,161 - AdaPoinTr - INFO - Test[4204/10518] Taxonomy = 03211117 Sample = 722df1da5778d45b1e43523279c7f09f Losses = ['31.0901', '3.9862', '12.9232', '0.7772'] Metrics = ['0.4133', '12.9232', '0.7772', '0.0000']
2025-07-19 07:51:34,154 - AdaPoinTr - INFO - Test[5255/10518] Taxonomy = 02828884 Sample = 14b63361a48a9fffe4a048c146e8bd43 Losses = ['28.9285', '2.8070', '11.3234', '0.5793'] Metrics = ['0.4421', '11.3234', '0.5793', '0.0000']
2025-07-19 07:52:41,095 - AdaPoinTr - INFO - Test[6306/10518] Taxonomy = 03211117 Sample = d330d50a0255529d19ed6e1a590c9122 Losses = ['26.8962', '2.7795', '11.1800', '0.4886'] Metrics = ['0.4564', '11.1800', '0.4886', '0.0000']
2025-07-19 07:53:47,989 - AdaPoinTr - INFO - Test[7357/10518] Taxonomy = 04379243 Sample = b1ca280d9567270ade98d10ab5975b59 Losses = ['45.1611', '10.6336', '21.5923', '2.8154'] Metrics = ['0.2583', '21.5923', '2.8154', '0.0000']
2025-07-19 07:54:55,012 - AdaPoinTr - INFO - Test[8408/10518] Taxonomy = 03001627 Sample = 89208a619341d9fdb8c516ed5c4ce32 Losses = ['27.6654', '2.6497', '12.9602', '0.5056'] Metrics = ['0.3040', '12.9602', '0.5056', '0.0000']
2025-07-19 07:56:01,953 - AdaPoinTr - INFO - Test[9459/10518] Taxonomy = 03001627 Sample = d0255120e3351121c3bd24f986301745 Losses = ['36.8114', '4.8558', '19.5665', '1.5593'] Metrics = ['0.2133', '19.5665', '1.5593', '0.0000']
2025-07-19 07:57:08,889 - AdaPoinTr - INFO - Test[10510/10518] Taxonomy = 03636649 Sample = ea9ec4d9db2e06202471e6dd5ac3ef92 Losses = ['20.3392', '1.7095', '6.1035', '0.1166'] Metrics = ['0.8237', '6.1035', '0.1166', '0.0000']
2025-07-19 07:57:09,421 - AdaPoinTr - INFO - [Validation] EPOCH: 55  Metrics = ['0.3621', '14.7628', '1.0674', '0.0000']
2025-07-19 07:57:09,421 - AdaPoinTr - INFO - ============================ TEST RESULTS ============================
2025-07-19 07:57:09,421 - AdaPoinTr - INFO - Taxonomy	#Sample	F-Score	CDL1	CDL2	EMDistance	#ModelName	
2025-07-19 07:57:09,421 - AdaPoinTr - INFO - 03759954	14	0.534 	17.278 	2.911 	0.000 	microphone	
2025-07-19 07:57:09,421 - AdaPoinTr - INFO - 04330267	44	0.279 	16.951 	1.422 	0.000 	stove	
2025-07-19 07:57:09,421 - AdaPoinTr - INFO - 03261776	15	0.293 	20.890 	2.539 	0.000 	earphone	
2025-07-19 07:57:09,421 - AdaPoinTr - INFO - 03513137	33	0.205 	21.985 	2.498 	0.000 	helmet	
2025-07-19 07:57:09,421 - AdaPoinTr - INFO - 04460130	27	0.410 	14.383 	1.026 	0.000 	tower	
2025-07-19 07:57:09,421 - AdaPoinTr - INFO - 04468005	78	0.382 	13.270 	0.771 	0.000 	train	
2025-07-19 07:57:09,421 - AdaPoinTr - INFO - 03761084	31	0.244 	17.038 	1.314 	0.000 	microwaves	
2025-07-19 07:57:09,421 - AdaPoinTr - INFO - 04004475	34	0.261 	17.010 	1.241 	0.000 	printer	
2025-07-19 07:57:09,421 - AdaPoinTr - INFO - 03938244	20	0.298 	14.862 	0.880 	0.000 	pillow	
2025-07-19 07:57:09,421 - AdaPoinTr - INFO - 02992529	167	0.421 	11.049 	0.421 	0.000 	cellphone	
2025-07-19 07:57:09,422 - AdaPoinTr - INFO - 02808440	172	0.288 	15.637 	1.139 	0.000 	bathtub	
2025-07-19 07:57:09,422 - AdaPoinTr - INFO - 04530566	388	0.495 	11.387 	0.598 	0.000 	watercraft	
2025-07-19 07:57:09,422 - AdaPoinTr - INFO - 02871439	91	0.245 	17.024 	1.210 	0.000 	bookshelf	
2025-07-19 07:57:09,422 - AdaPoinTr - INFO - 03593526	120	0.254 	18.496 	1.581 	0.000 	jar	
2025-07-19 07:57:09,422 - AdaPoinTr - INFO - 04554684	34	0.229 	18.429 	1.562 	0.000 	washer	
2025-07-19 07:57:09,422 - AdaPoinTr - INFO - 03467517	160	0.800 	6.863 	0.217 	0.000 	guitar	
2025-07-19 07:57:09,422 - AdaPoinTr - INFO - 04401088	218	0.421 	11.171 	0.451 	0.000 	telephone	
2025-07-19 07:57:09,422 - AdaPoinTr - INFO - 02954340	12	0.276 	18.590 	1.786 	0.000 	cap	
2025-07-19 07:57:09,422 - AdaPoinTr - INFO - 02933112	315	0.242 	15.460 	0.852 	0.000 	cabinet	
2025-07-19 07:57:09,422 - AdaPoinTr - INFO - 03642806	92	0.388 	11.375 	0.430 	0.000 	laptop	
2025-07-19 07:57:09,422 - AdaPoinTr - INFO - 02924116	188	0.357 	12.881 	0.633 	0.000 	bus	
2025-07-19 07:57:09,422 - AdaPoinTr - INFO - 02946921	22	0.254 	16.192 	1.144 	0.000 	can	
2025-07-19 07:57:09,422 - AdaPoinTr - INFO - 02818832	47	0.281 	16.562 	1.214 	0.000 	bed	
2025-07-19 07:57:09,422 - AdaPoinTr - INFO - 04256520	635	0.296 	14.577 	0.796 	0.000 	sofa	
2025-07-19 07:57:09,422 - AdaPoinTr - INFO - 04379243	1687	0.385 	12.988 	0.785 	0.000 	table	
2025-07-19 07:57:09,422 - AdaPoinTr - INFO - 02747177	69	0.193 	18.349 	1.381 	0.000 	trash bin	
2025-07-19 07:57:09,422 - AdaPoinTr - INFO - 03046257	131	0.311 	15.360 	1.038 	0.000 	clock	
2025-07-19 07:57:09,422 - AdaPoinTr - INFO - 04225987	31	0.550 	9.630 	0.347 	0.000 	skateboard	
2025-07-19 07:57:09,422 - AdaPoinTr - INFO - 03797390	43	0.192 	18.574 	1.305 	0.000 	mug	
2025-07-19 07:57:09,422 - AdaPoinTr - INFO - 03001627	1356	0.364 	14.069 	0.907 	0.000 	chair	
2025-07-19 07:57:09,422 - AdaPoinTr - INFO - 03691459	320	0.253 	17.375 	1.322 	0.000 	loudspeaker	
2025-07-19 07:57:09,422 - AdaPoinTr - INFO - 02942699	23	0.238 	20.350 	2.078 	0.000 	camera	
2025-07-19 07:57:09,422 - AdaPoinTr - INFO - 03636649	464	0.523 	13.747 	1.409 	0.000 	lamp	
2025-07-19 07:57:09,422 - AdaPoinTr - INFO - 02691156	809	0.558 	9.876 	0.430 	0.000 	airplane	
2025-07-19 07:57:09,422 - AdaPoinTr - INFO - 02773838	17	0.346 	14.018 	0.945 	0.000 	bag	
2025-07-19 07:57:09,422 - AdaPoinTr - INFO - 02958343	703	0.217 	16.496 	0.951 	0.000 	car	
2025-07-19 07:57:09,422 - AdaPoinTr - INFO - 02880940	38	0.221 	16.290 	0.908 	0.000 	bowl	
2025-07-19 07:57:09,422 - AdaPoinTr - INFO - 04099429	17	0.711 	8.908 	0.479 	0.000 	rocket	
2025-07-19 07:57:09,422 - AdaPoinTr - INFO - 02828884	363	0.434 	11.405 	0.568 	0.000 	bench	
2025-07-19 07:57:09,422 - AdaPoinTr - INFO - 04090263	475	0.684 	8.744 	0.414 	0.000 	rifle	
2025-07-19 07:57:09,422 - AdaPoinTr - INFO - 03211117	219	0.350 	13.646 	0.836 	0.000 	display	
2025-07-19 07:57:09,422 - AdaPoinTr - INFO - 02876657	100	0.414 	12.782 	0.763 	0.000 	bottle	
2025-07-19 07:57:09,422 - AdaPoinTr - INFO - 03710193	19	0.520 	12.093 	0.799 	0.000 	mailbox	
2025-07-19 07:57:09,422 - AdaPoinTr - INFO - 03790512	68	0.251 	16.982 	1.139 	0.000 	motorbike	
2025-07-19 07:57:09,422 - AdaPoinTr - INFO - 03325088	149	0.441 	15.710 	1.696 	0.000 	faucet	
2025-07-19 07:57:09,422 - AdaPoinTr - INFO - 02801938	23	0.225 	16.895 	1.154 	0.000 	basket	
2025-07-19 07:57:09,422 - AdaPoinTr - INFO - 03337140	60	0.244 	16.254 	0.995 	0.000 	file cabinet	
2025-07-19 07:57:09,422 - AdaPoinTr - INFO - 02843684	15	0.236 	19.829 	1.740 	0.000 	birdhouse	
2025-07-19 07:57:09,422 - AdaPoinTr - INFO - 03624134	85	0.768 	7.523 	0.288 	0.000 	knife	
2025-07-19 07:57:09,422 - AdaPoinTr - INFO - 03991062	121	0.230 	19.422 	1.633 	0.000 	flowerpot	
2025-07-19 07:57:09,422 - AdaPoinTr - INFO - 03948459	62	0.462 	12.032 	0.692 	0.000 	pistol	
2025-07-19 07:57:09,422 - AdaPoinTr - INFO - 03928116	48	0.286 	16.951 	1.467 	0.000 	piano	
2025-07-19 07:57:09,422 - AdaPoinTr - INFO - 03207941	19	0.243 	15.542 	0.849 	0.000 	dishwasher	
2025-07-19 07:57:09,422 - AdaPoinTr - INFO - 04074963	14	0.460 	10.625 	0.393 	0.000 	remote	
2025-07-19 07:57:09,422 - AdaPoinTr - INFO - 03085013	13	0.450 	10.127 	0.361 	0.000 	keyboard	
2025-07-19 07:57:09,422 - AdaPoinTr - INFO - Overall		0.362 	14.763 	1.067 	0.000 	
2025-07-19 07:57:09,898 - AdaPoinTr - INFO - Save checkpoint at ./experiments/AdaPoinTr/ShapeNet55_models/AdaPoinTr/ckpt-last.pth
2025-07-19 07:57:10,703 - AdaPoinTr - INFO - [Epoch 56/200][Batch 1/2622] BatchTime = 0.804 (s) DataTime = 0.091 (s) Losses = ['4.8968', '43.2882'] lr = 0.0000293
2025-07-19 07:58:22,477 - AdaPoinTr - INFO - [Epoch 56/200][Batch 101/2622] BatchTime = 0.714 (s) DataTime = 0.001 (s) Losses = ['5.6029', '43.3567'] lr = 0.0000293
2025-07-19 07:59:34,221 - AdaPoinTr - INFO - [Epoch 56/200][Batch 201/2622] BatchTime = 0.710 (s) DataTime = 0.001 (s) Losses = ['5.7324', '42.5932'] lr = 0.0000293
2025-07-19 08:00:46,032 - AdaPoinTr - INFO - [Epoch 56/200][Batch 301/2622] BatchTime = 0.721 (s) DataTime = 0.001 (s) Losses = ['6.1254', '45.0945'] lr = 0.0000293
2025-07-19 08:01:57,734 - AdaPoinTr - INFO - [Epoch 56/200][Batch 401/2622] BatchTime = 0.711 (s) DataTime = 0.001 (s) Losses = ['5.8189', '42.3078'] lr = 0.0000293
2025-07-19 08:03:09,516 - AdaPoinTr - INFO - [Epoch 56/200][Batch 501/2622] BatchTime = 0.709 (s) DataTime = 0.001 (s) Losses = ['5.5419', '40.7070'] lr = 0.0000293
2025-07-19 08:04:21,248 - AdaPoinTr - INFO - [Epoch 56/200][Batch 601/2622] BatchTime = 0.707 (s) DataTime = 0.001 (s) Losses = ['5.1410', '49.0442'] lr = 0.0000293
2025-07-19 08:05:33,002 - AdaPoinTr - INFO - [Epoch 56/200][Batch 701/2622] BatchTime = 0.719 (s) DataTime = 0.001 (s) Losses = ['6.2309', '45.3886'] lr = 0.0000293
2025-07-19 08:06:44,802 - AdaPoinTr - INFO - [Epoch 56/200][Batch 801/2622] BatchTime = 0.712 (s) DataTime = 0.001 (s) Losses = ['5.3210', '40.7705'] lr = 0.0000293
2025-07-19 08:07:56,568 - AdaPoinTr - INFO - [Epoch 56/200][Batch 901/2622] BatchTime = 0.710 (s) DataTime = 0.001 (s) Losses = ['5.9427', '45.0612'] lr = 0.0000293
2025-07-19 08:09:08,327 - AdaPoinTr - INFO - [Epoch 56/200][Batch 1001/2622] BatchTime = 0.712 (s) DataTime = 0.001 (s) Losses = ['6.1177', '45.4188'] lr = 0.0000293
2025-07-19 08:10:20,064 - AdaPoinTr - INFO - [Epoch 56/200][Batch 1101/2622] BatchTime = 0.705 (s) DataTime = 0.001 (s) Losses = ['5.5241', '46.3148'] lr = 0.0000293
2025-07-19 08:11:31,824 - AdaPoinTr - INFO - [Epoch 56/200][Batch 1201/2622] BatchTime = 0.707 (s) DataTime = 0.001 (s) Losses = ['5.9591', '42.4228'] lr = 0.0000293
2025-07-19 08:12:43,562 - AdaPoinTr - INFO - [Epoch 56/200][Batch 1301/2622] BatchTime = 0.708 (s) DataTime = 0.001 (s) Losses = ['4.8439', '40.0595'] lr = 0.0000293
2025-07-19 08:13:55,340 - AdaPoinTr - INFO - [Epoch 56/200][Batch 1401/2622] BatchTime = 0.706 (s) DataTime = 0.001 (s) Losses = ['5.5486', '39.3758'] lr = 0.0000293
2025-07-19 08:15:07,092 - AdaPoinTr - INFO - [Epoch 56/200][Batch 1501/2622] BatchTime = 0.706 (s) DataTime = 0.001 (s) Losses = ['5.4982', '44.1924'] lr = 0.0000293
2025-07-19 08:16:18,810 - AdaPoinTr - INFO - [Epoch 56/200][Batch 1601/2622] BatchTime = 0.703 (s) DataTime = 0.001 (s) Losses = ['6.2833', '48.8072'] lr = 0.0000293
2025-07-19 08:17:30,568 - AdaPoinTr - INFO - [Epoch 56/200][Batch 1701/2622] BatchTime = 0.709 (s) DataTime = 0.001 (s) Losses = ['5.4435', '40.0895'] lr = 0.0000293
2025-07-19 08:18:42,310 - AdaPoinTr - INFO - [Epoch 56/200][Batch 1801/2622] BatchTime = 0.707 (s) DataTime = 0.001 (s) Losses = ['6.3730', '45.7866'] lr = 0.0000293
2025-07-19 08:19:54,067 - AdaPoinTr - INFO - [Epoch 56/200][Batch 1901/2622] BatchTime = 0.710 (s) DataTime = 0.001 (s) Losses = ['6.0469', '42.6141'] lr = 0.0000293
2025-07-19 08:21:05,790 - AdaPoinTr - INFO - [Epoch 56/200][Batch 2001/2622] BatchTime = 0.718 (s) DataTime = 0.001 (s) Losses = ['5.4987', '40.6949'] lr = 0.0000293
2025-07-19 08:22:17,529 - AdaPoinTr - INFO - [Epoch 56/200][Batch 2101/2622] BatchTime = 0.718 (s) DataTime = 0.001 (s) Losses = ['5.5269', '40.9699'] lr = 0.0000293
2025-07-19 08:23:29,259 - AdaPoinTr - INFO - [Epoch 56/200][Batch 2201/2622] BatchTime = 0.720 (s) DataTime = 0.001 (s) Losses = ['5.5378', '43.0069'] lr = 0.0000293
2025-07-19 08:24:41,063 - AdaPoinTr - INFO - [Epoch 56/200][Batch 2301/2622] BatchTime = 0.714 (s) DataTime = 0.001 (s) Losses = ['5.6138', '41.0997'] lr = 0.0000293
2025-07-19 08:25:52,839 - AdaPoinTr - INFO - [Epoch 56/200][Batch 2401/2622] BatchTime = 0.715 (s) DataTime = 0.001 (s) Losses = ['5.5417', '42.6189'] lr = 0.0000293
2025-07-19 08:27:04,569 - AdaPoinTr - INFO - [Epoch 56/200][Batch 2501/2622] BatchTime = 0.720 (s) DataTime = 0.001 (s) Losses = ['6.4781', '51.2651'] lr = 0.0000293
2025-07-19 08:28:16,335 - AdaPoinTr - INFO - [Epoch 56/200][Batch 2601/2622] BatchTime = 0.717 (s) DataTime = 0.001 (s) Losses = ['5.2664', '40.0076'] lr = 0.0000293
2025-07-19 08:28:31,450 - AdaPoinTr - INFO - [Training] EPOCH: 56 EpochTime = 1881.551 (s) Losses = ['5.6068', '42.3487']
2025-07-19 08:28:31,934 - AdaPoinTr - INFO - Save checkpoint at ./experiments/AdaPoinTr/ShapeNet55_models/AdaPoinTr/ckpt-last.pth
2025-07-19 08:28:32,743 - AdaPoinTr - INFO - [Epoch 57/200][Batch 1/2622] BatchTime = 0.808 (s) DataTime = 0.096 (s) Losses = ['5.6682', '48.3384'] lr = 0.0000287
2025-07-19 08:29:44,491 - AdaPoinTr - INFO - [Epoch 57/200][Batch 101/2622] BatchTime = 0.715 (s) DataTime = 0.001 (s) Losses = ['5.4286', '43.6610'] lr = 0.0000287
2025-07-19 08:30:56,279 - AdaPoinTr - INFO - [Epoch 57/200][Batch 201/2622] BatchTime = 0.712 (s) DataTime = 0.001 (s) Losses = ['5.6937', '42.5533'] lr = 0.0000287
2025-07-19 08:32:08,112 - AdaPoinTr - INFO - [Epoch 57/200][Batch 301/2622] BatchTime = 0.703 (s) DataTime = 0.001 (s) Losses = ['6.3484', '46.0390'] lr = 0.0000287
2025-07-19 08:33:19,816 - AdaPoinTr - INFO - [Epoch 57/200][Batch 401/2622] BatchTime = 0.716 (s) DataTime = 0.001 (s) Losses = ['5.3304', '39.4277'] lr = 0.0000287
2025-07-19 08:34:31,623 - AdaPoinTr - INFO - [Epoch 57/200][Batch 501/2622] BatchTime = 0.704 (s) DataTime = 0.001 (s) Losses = ['5.6447', '40.9310'] lr = 0.0000287
2025-07-19 08:35:43,353 - AdaPoinTr - INFO - [Epoch 57/200][Batch 601/2622] BatchTime = 0.710 (s) DataTime = 0.001 (s) Losses = ['5.4867', '39.8425'] lr = 0.0000287
2025-07-19 08:36:55,108 - AdaPoinTr - INFO - [Epoch 57/200][Batch 701/2622] BatchTime = 0.714 (s) DataTime = 0.001 (s) Losses = ['6.0210', '41.0741'] lr = 0.0000287
2025-07-19 08:38:06,851 - AdaPoinTr - INFO - [Epoch 57/200][Batch 801/2622] BatchTime = 0.716 (s) DataTime = 0.001 (s) Losses = ['5.5942', '40.3373'] lr = 0.0000287
2025-07-19 08:39:18,631 - AdaPoinTr - INFO - [Epoch 57/200][Batch 901/2622] BatchTime = 0.715 (s) DataTime = 0.001 (s) Losses = ['4.8565', '39.2650'] lr = 0.0000287
2025-07-19 08:40:30,353 - AdaPoinTr - INFO - [Epoch 57/200][Batch 1001/2622] BatchTime = 0.719 (s) DataTime = 0.001 (s) Losses = ['5.5451', '45.7787'] lr = 0.0000287
2025-07-19 08:41:41,732 - AdaPoinTr - INFO - [Epoch 57/200][Batch 1101/2622] BatchTime = 0.715 (s) DataTime = 0.001 (s) Losses = ['4.9292', '36.6603'] lr = 0.0000287
2025-07-19 08:42:53,466 - AdaPoinTr - INFO - [Epoch 57/200][Batch 1201/2622] BatchTime = 0.711 (s) DataTime = 0.001 (s) Losses = ['5.2513', '38.5779'] lr = 0.0000287
2025-07-19 08:44:05,220 - AdaPoinTr - INFO - [Epoch 57/200][Batch 1301/2622] BatchTime = 0.712 (s) DataTime = 0.001 (s) Losses = ['5.6989', '47.2127'] lr = 0.0000287
2025-07-19 08:45:16,986 - AdaPoinTr - INFO - [Epoch 57/200][Batch 1401/2622] BatchTime = 0.708 (s) DataTime = 0.001 (s) Losses = ['5.1774', '38.9273'] lr = 0.0000287
2025-07-19 08:46:28,741 - AdaPoinTr - INFO - [Epoch 57/200][Batch 1501/2622] BatchTime = 0.706 (s) DataTime = 0.001 (s) Losses = ['5.3419', '45.5547'] lr = 0.0000287
2025-07-19 08:47:40,458 - AdaPoinTr - INFO - [Epoch 57/200][Batch 1601/2622] BatchTime = 0.704 (s) DataTime = 0.001 (s) Losses = ['5.3308', '39.1189'] lr = 0.0000287
2025-07-19 08:48:52,217 - AdaPoinTr - INFO - [Epoch 57/200][Batch 1701/2622] BatchTime = 0.707 (s) DataTime = 0.001 (s) Losses = ['5.1716', '39.4950'] lr = 0.0000287
2025-07-19 08:50:04,011 - AdaPoinTr - INFO - [Epoch 57/200][Batch 1801/2622] BatchTime = 0.708 (s) DataTime = 0.001 (s) Losses = ['6.1039', '43.8098'] lr = 0.0000287
2025-07-19 08:51:15,823 - AdaPoinTr - INFO - [Epoch 57/200][Batch 1901/2622] BatchTime = 0.708 (s) DataTime = 0.001 (s) Losses = ['5.7169', '42.3534'] lr = 0.0000287
2025-07-19 08:52:27,589 - AdaPoinTr - INFO - [Epoch 57/200][Batch 2001/2622] BatchTime = 0.710 (s) DataTime = 0.001 (s) Losses = ['5.9630', '42.3520'] lr = 0.0000287
2025-07-19 08:53:39,360 - AdaPoinTr - INFO - [Epoch 57/200][Batch 2101/2622] BatchTime = 0.710 (s) DataTime = 0.001 (s) Losses = ['5.2915', '40.7470'] lr = 0.0000287
2025-07-19 08:54:51,142 - AdaPoinTr - INFO - [Epoch 57/200][Batch 2201/2622] BatchTime = 0.710 (s) DataTime = 0.001 (s) Losses = ['5.4996', '41.7787'] lr = 0.0000287
2025-07-19 08:56:02,912 - AdaPoinTr - INFO - [Epoch 57/200][Batch 2301/2622] BatchTime = 0.710 (s) DataTime = 0.001 (s) Losses = ['5.4081', '39.7841'] lr = 0.0000287
2025-07-19 08:57:14,707 - AdaPoinTr - INFO - [Epoch 57/200][Batch 2401/2622] BatchTime = 0.715 (s) DataTime = 0.001 (s) Losses = ['4.9349', '37.4490'] lr = 0.0000287
2025-07-19 08:58:26,430 - AdaPoinTr - INFO - [Epoch 57/200][Batch 2501/2622] BatchTime = 0.712 (s) DataTime = 0.001 (s) Losses = ['5.8213', '44.4708'] lr = 0.0000287
2025-07-19 08:59:38,183 - AdaPoinTr - INFO - [Epoch 57/200][Batch 2601/2622] BatchTime = 0.710 (s) DataTime = 0.001 (s) Losses = ['6.2441', '49.0311'] lr = 0.0000287
2025-07-19 08:59:53,335 - AdaPoinTr - INFO - [Training] EPOCH: 57 EpochTime = 1881.400 (s) Losses = ['5.6010', '42.4883']
2025-07-19 08:59:53,832 - AdaPoinTr - INFO - Save checkpoint at ./experiments/AdaPoinTr/ShapeNet55_models/AdaPoinTr/ckpt-last.pth
2025-07-19 08:59:54,658 - AdaPoinTr - INFO - [Epoch 58/200][Batch 1/2622] BatchTime = 0.824 (s) DataTime = 0.097 (s) Losses = ['5.9023', '46.4988'] lr = 0.0000280
2025-07-19 09:01:06,424 - AdaPoinTr - INFO - [Epoch 58/200][Batch 101/2622] BatchTime = 0.713 (s) DataTime = 0.001 (s) Losses = ['5.3673', '38.4255'] lr = 0.0000280
2025-07-19 09:02:18,228 - AdaPoinTr - INFO - [Epoch 58/200][Batch 201/2622] BatchTime = 0.724 (s) DataTime = 0.001 (s) Losses = ['5.2645', '37.4758'] lr = 0.0000280
2025-07-19 09:03:30,001 - AdaPoinTr - INFO - [Epoch 58/200][Batch 301/2622] BatchTime = 0.718 (s) DataTime = 0.001 (s) Losses = ['5.9408', '42.8519'] lr = 0.0000280
2025-07-19 09:04:41,792 - AdaPoinTr - INFO - [Epoch 58/200][Batch 401/2622] BatchTime = 0.715 (s) DataTime = 0.001 (s) Losses = ['5.3947', '41.0905'] lr = 0.0000280
2025-07-19 09:05:53,587 - AdaPoinTr - INFO - [Epoch 58/200][Batch 501/2622] BatchTime = 0.713 (s) DataTime = 0.001 (s) Losses = ['5.6709', '42.3323'] lr = 0.0000280
2025-07-19 09:07:05,338 - AdaPoinTr - INFO - [Epoch 58/200][Batch 601/2622] BatchTime = 0.717 (s) DataTime = 0.001 (s) Losses = ['5.5091', '39.9692'] lr = 0.0000280
2025-07-19 09:08:17,087 - AdaPoinTr - INFO - [Epoch 58/200][Batch 701/2622] BatchTime = 0.717 (s) DataTime = 0.001 (s) Losses = ['5.3052', '41.3722'] lr = 0.0000280
2025-07-19 09:09:28,840 - AdaPoinTr - INFO - [Epoch 58/200][Batch 801/2622] BatchTime = 0.714 (s) DataTime = 0.001 (s) Losses = ['5.6164', '41.2436'] lr = 0.0000280
2025-07-19 09:10:40,593 - AdaPoinTr - INFO - [Epoch 58/200][Batch 901/2622] BatchTime = 0.715 (s) DataTime = 0.001 (s) Losses = ['5.8196', '42.1524'] lr = 0.0000280
2025-07-19 09:11:52,331 - AdaPoinTr - INFO - [Epoch 58/200][Batch 1001/2622] BatchTime = 0.719 (s) DataTime = 0.001 (s) Losses = ['5.4051', '42.2741'] lr = 0.0000280
2025-07-19 09:13:04,110 - AdaPoinTr - INFO - [Epoch 58/200][Batch 1101/2622] BatchTime = 0.717 (s) DataTime = 0.001 (s) Losses = ['5.1658', '40.4491'] lr = 0.0000280
