2025-07-19 21:27:07,684 - AdaPoinTr - INFO - Copy the Config file from ./cfgs/ShapeNet55_models/AdaPoinTr.yaml to ./experiments/AdaPoinTr/ShapeNet55_models/AdaPoinTr/config.yaml
2025-07-19 21:27:07,684 - AdaPoinTr - INFO - args.config : ./cfgs/ShapeNet55_models/AdaPoinTr.yaml
2025-07-19 21:27:07,684 - AdaPoinTr - INFO - args.launcher : none
2025-07-19 21:27:07,684 - AdaPoinTr - INFO - args.local_rank : 0
2025-07-19 21:27:07,684 - AdaPoinTr - INFO - args.num_workers : 4
2025-07-19 21:27:07,684 - AdaPoinTr - INFO - args.seed : 0
2025-07-19 21:27:07,684 - AdaPoinTr - INFO - args.deterministic : False
2025-07-19 21:27:07,684 - AdaPoinTr - INFO - args.sync_bn : False
2025-07-19 21:27:07,684 - AdaPoinTr - INFO - args.exp_name : AdaPoinTr
2025-07-19 21:27:07,684 - AdaPoinTr - INFO - args.start_ckpts : ./experiments/AdaPoinTr/ShapeNet55_models/AdaPoinTr/ckpt-last.pth
2025-07-19 21:27:07,684 - AdaPoinTr - INFO - args.ckpts : None
2025-07-19 21:27:07,684 - AdaPoinTr - INFO - args.val_freq : 5
2025-07-19 21:27:07,684 - AdaPoinTr - INFO - args.resume : False
2025-07-19 21:27:07,684 - AdaPoinTr - INFO - args.test : False
2025-07-19 21:27:07,684 - AdaPoinTr - INFO - args.mode : None
2025-07-19 21:27:07,684 - AdaPoinTr - INFO - args.pcd_path : None
2025-07-19 21:27:07,684 - AdaPoinTr - INFO - args.output_dir : None
2025-07-19 21:27:07,684 - AdaPoinTr - INFO - args.experiment_path : ./experiments/AdaPoinTr/ShapeNet55_models/AdaPoinTr
2025-07-19 21:27:07,684 - AdaPoinTr - INFO - args.tfboard_path : ./experiments/AdaPoinTr/ShapeNet55_models/TFBoard/AdaPoinTr
2025-07-19 21:27:07,684 - AdaPoinTr - INFO - args.log_name : AdaPoinTr
2025-07-19 21:27:07,684 - AdaPoinTr - INFO - args.use_gpu : True
2025-07-19 21:27:07,684 - AdaPoinTr - INFO - args.distributed : False
2025-07-19 21:27:07,684 - AdaPoinTr - INFO - config.optimizer = edict()
2025-07-19 21:27:07,684 - AdaPoinTr - INFO - config.optimizer.type : AdamW
2025-07-19 21:27:07,684 - AdaPoinTr - INFO - config.optimizer.kwargs = edict()
2025-07-19 21:27:07,684 - AdaPoinTr - INFO - config.optimizer.kwargs.lr : 0.0001
2025-07-19 21:27:07,684 - AdaPoinTr - INFO - config.optimizer.kwargs.weight_decay : 0.0005
2025-07-19 21:27:07,684 - AdaPoinTr - INFO - config.scheduler = edict()
2025-07-19 21:27:07,684 - AdaPoinTr - INFO - config.scheduler.type : LambdaLR
2025-07-19 21:27:07,684 - AdaPoinTr - INFO - config.scheduler.kwargs = edict()
2025-07-19 21:27:07,684 - AdaPoinTr - INFO - config.scheduler.kwargs.decay_step : 21
2025-07-19 21:27:07,684 - AdaPoinTr - INFO - config.scheduler.kwargs.lr_decay : 0.63096
2025-07-19 21:27:07,684 - AdaPoinTr - INFO - config.scheduler.kwargs.lowest_decay : 0.001
2025-07-19 21:27:07,684 - AdaPoinTr - INFO - config.bnmscheduler = edict()
2025-07-19 21:27:07,684 - AdaPoinTr - INFO - config.bnmscheduler.type : Lambda
2025-07-19 21:27:07,684 - AdaPoinTr - INFO - config.bnmscheduler.kwargs = edict()
2025-07-19 21:27:07,684 - AdaPoinTr - INFO - config.bnmscheduler.kwargs.decay_step : 21
2025-07-19 21:27:07,685 - AdaPoinTr - INFO - config.bnmscheduler.kwargs.bn_decay : 0.5
2025-07-19 21:27:07,685 - AdaPoinTr - INFO - config.bnmscheduler.kwargs.bn_momentum : 0.9
2025-07-19 21:27:07,685 - AdaPoinTr - INFO - config.bnmscheduler.kwargs.lowest_decay : 0.01
2025-07-19 21:27:07,685 - AdaPoinTr - INFO - config.dataset = edict()
2025-07-19 21:27:07,685 - AdaPoinTr - INFO - config.dataset.train = edict()
2025-07-19 21:27:07,685 - AdaPoinTr - INFO - config.dataset.train._base_ = edict()
2025-07-19 21:27:07,685 - AdaPoinTr - INFO - config.dataset.train._base_.NAME : ShapeNet
2025-07-19 21:27:07,685 - AdaPoinTr - INFO - config.dataset.train._base_.DATA_PATH : data/ShapeNet55-34/ShapeNet-55
2025-07-19 21:27:07,685 - AdaPoinTr - INFO - config.dataset.train._base_.N_POINTS : 8192
2025-07-19 21:27:07,685 - AdaPoinTr - INFO - config.dataset.train._base_.PC_PATH : data/ShapeNet55-34/shapenet_pc
2025-07-19 21:27:07,685 - AdaPoinTr - INFO - config.dataset.train.others = edict()
2025-07-19 21:27:07,685 - AdaPoinTr - INFO - config.dataset.train.others.subset : train
2025-07-19 21:27:07,685 - AdaPoinTr - INFO - config.dataset.train.others.bs : 16
2025-07-19 21:27:07,685 - AdaPoinTr - INFO - config.dataset.val = edict()
2025-07-19 21:27:07,685 - AdaPoinTr - INFO - config.dataset.val._base_ = edict()
2025-07-19 21:27:07,685 - AdaPoinTr - INFO - config.dataset.val._base_.NAME : ShapeNet
2025-07-19 21:27:07,685 - AdaPoinTr - INFO - config.dataset.val._base_.DATA_PATH : data/ShapeNet55-34/ShapeNet-55
2025-07-19 21:27:07,685 - AdaPoinTr - INFO - config.dataset.val._base_.N_POINTS : 8192
2025-07-19 21:27:07,685 - AdaPoinTr - INFO - config.dataset.val._base_.PC_PATH : data/ShapeNet55-34/shapenet_pc
2025-07-19 21:27:07,685 - AdaPoinTr - INFO - config.dataset.val.others = edict()
2025-07-19 21:27:07,685 - AdaPoinTr - INFO - config.dataset.val.others.subset : test
2025-07-19 21:27:07,685 - AdaPoinTr - INFO - config.dataset.test = edict()
2025-07-19 21:27:07,685 - AdaPoinTr - INFO - config.dataset.test._base_ = edict()
2025-07-19 21:27:07,685 - AdaPoinTr - INFO - config.dataset.test._base_.NAME : ShapeNet
2025-07-19 21:27:07,685 - AdaPoinTr - INFO - config.dataset.test._base_.DATA_PATH : data/ShapeNet55-34/ShapeNet-55
2025-07-19 21:27:07,685 - AdaPoinTr - INFO - config.dataset.test._base_.N_POINTS : 8192
2025-07-19 21:27:07,685 - AdaPoinTr - INFO - config.dataset.test._base_.PC_PATH : data/ShapeNet55-34/shapenet_pc
2025-07-19 21:27:07,685 - AdaPoinTr - INFO - config.dataset.test.others = edict()
2025-07-19 21:27:07,685 - AdaPoinTr - INFO - config.dataset.test.others.subset : test
2025-07-19 21:27:07,685 - AdaPoinTr - INFO - config.model = edict()
2025-07-19 21:27:07,685 - AdaPoinTr - INFO - config.model.NAME : AdaPoinTr
2025-07-19 21:27:07,685 - AdaPoinTr - INFO - config.model.num_query : 512
2025-07-19 21:27:07,685 - AdaPoinTr - INFO - config.model.num_points : 8192
2025-07-19 21:27:07,685 - AdaPoinTr - INFO - config.model.center_num : [512, 256]
2025-07-19 21:27:07,685 - AdaPoinTr - INFO - config.model.global_feature_dim : 1024
2025-07-19 21:27:07,685 - AdaPoinTr - INFO - config.model.encoder_type : graph
2025-07-19 21:27:07,685 - AdaPoinTr - INFO - config.model.decoder_type : fc
2025-07-19 21:27:07,685 - AdaPoinTr - INFO - config.model.encoder_config = edict()
2025-07-19 21:27:07,685 - AdaPoinTr - INFO - config.model.encoder_config.embed_dim : 384
2025-07-19 21:27:07,685 - AdaPoinTr - INFO - config.model.encoder_config.depth : 6
2025-07-19 21:27:07,685 - AdaPoinTr - INFO - config.model.encoder_config.num_heads : 6
2025-07-19 21:27:07,685 - AdaPoinTr - INFO - config.model.encoder_config.k : 8
2025-07-19 21:27:07,685 - AdaPoinTr - INFO - config.model.encoder_config.n_group : 2
2025-07-19 21:27:07,685 - AdaPoinTr - INFO - config.model.encoder_config.mlp_ratio : 2.0
2025-07-19 21:27:07,685 - AdaPoinTr - INFO - config.model.encoder_config.block_style_list : ['attn-graph', 'attn', 'attn', 'attn', 'attn', 'attn']
2025-07-19 21:27:07,685 - AdaPoinTr - INFO - config.model.encoder_config.combine_style : concat
2025-07-19 21:27:07,685 - AdaPoinTr - INFO - config.model.decoder_config = edict()
2025-07-19 21:27:07,685 - AdaPoinTr - INFO - config.model.decoder_config.embed_dim : 384
2025-07-19 21:27:07,685 - AdaPoinTr - INFO - config.model.decoder_config.depth : 8
2025-07-19 21:27:07,685 - AdaPoinTr - INFO - config.model.decoder_config.num_heads : 6
2025-07-19 21:27:07,685 - AdaPoinTr - INFO - config.model.decoder_config.k : 8
2025-07-19 21:27:07,685 - AdaPoinTr - INFO - config.model.decoder_config.n_group : 2
2025-07-19 21:27:07,685 - AdaPoinTr - INFO - config.model.decoder_config.mlp_ratio : 2.0
2025-07-19 21:27:07,685 - AdaPoinTr - INFO - config.model.decoder_config.self_attn_block_style_list : ['attn-graph', 'attn', 'attn', 'attn', 'attn', 'attn', 'attn', 'attn']
2025-07-19 21:27:07,685 - AdaPoinTr - INFO - config.model.decoder_config.self_attn_combine_style : concat
2025-07-19 21:27:07,685 - AdaPoinTr - INFO - config.model.decoder_config.cross_attn_block_style_list : ['attn-graph', 'attn', 'attn', 'attn', 'attn', 'attn', 'attn', 'attn']
2025-07-19 21:27:07,685 - AdaPoinTr - INFO - config.model.decoder_config.cross_attn_combine_style : concat
2025-07-19 21:27:07,685 - AdaPoinTr - INFO - config.total_bs : 16
2025-07-19 21:27:07,685 - AdaPoinTr - INFO - config.step_per_update : 2
2025-07-19 21:27:07,685 - AdaPoinTr - INFO - config.max_epoch : 200
2025-07-19 21:27:07,685 - AdaPoinTr - INFO - config.consider_metric : CDL2
2025-07-19 21:27:07,685 - AdaPoinTr - INFO - Distributed training: False
2025-07-19 21:27:07,685 - AdaPoinTr - INFO - Set random seed to 0, deterministic: False
2025-07-19 21:27:08,504 - AdaPoinTr - INFO - Loading weights from ./experiments/AdaPoinTr/ShapeNet55_models/AdaPoinTr/ckpt-last.pth...
2025-07-19 21:27:09,038 - AdaPoinTr - INFO - ckpts @ 57 epoch( performance = {'F-Score': 0.36205655003489456, 'CDL1': 14.762823987269977, 'CDL2': 1.0674450201344825, 'EMDistance': 0.0})
2025-07-19 21:27:09,050 - AdaPoinTr - INFO - [RESUME INFO] Loading optimizer from ./experiments/AdaPoinTr/ShapeNet55_models/AdaPoinTr/ckpt-last.pth...
2025-07-19 21:27:09,202 - AdaPoinTr - INFO - Trainable_parameters:
2025-07-19 21:27:09,202 - AdaPoinTr - INFO - =========================
2025-07-19 21:27:09,202 - AdaPoinTr - INFO - base_model.grouper.input_trans.weight
2025-07-19 21:27:09,202 - AdaPoinTr - INFO - base_model.grouper.input_trans.bias
2025-07-19 21:27:09,202 - AdaPoinTr - INFO - base_model.grouper.layer1.0.weight
2025-07-19 21:27:09,202 - AdaPoinTr - INFO - base_model.grouper.layer1.1.weight
2025-07-19 21:27:09,202 - AdaPoinTr - INFO - base_model.grouper.layer1.1.bias
2025-07-19 21:27:09,202 - AdaPoinTr - INFO - base_model.grouper.layer2.0.weight
2025-07-19 21:27:09,202 - AdaPoinTr - INFO - base_model.grouper.layer2.1.weight
2025-07-19 21:27:09,202 - AdaPoinTr - INFO - base_model.grouper.layer2.1.bias
2025-07-19 21:27:09,202 - AdaPoinTr - INFO - base_model.grouper.layer3.0.weight
2025-07-19 21:27:09,202 - AdaPoinTr - INFO - base_model.grouper.layer3.1.weight
2025-07-19 21:27:09,202 - AdaPoinTr - INFO - base_model.grouper.layer3.1.bias
2025-07-19 21:27:09,202 - AdaPoinTr - INFO - base_model.grouper.layer4.0.weight
2025-07-19 21:27:09,203 - AdaPoinTr - INFO - base_model.grouper.layer4.1.weight
2025-07-19 21:27:09,203 - AdaPoinTr - INFO - base_model.grouper.layer4.1.bias
2025-07-19 21:27:09,203 - AdaPoinTr - INFO - base_model.pos_embed.0.weight
2025-07-19 21:27:09,203 - AdaPoinTr - INFO - base_model.pos_embed.0.bias
2025-07-19 21:27:09,203 - AdaPoinTr - INFO - base_model.pos_embed.2.weight
2025-07-19 21:27:09,203 - AdaPoinTr - INFO - base_model.pos_embed.2.bias
2025-07-19 21:27:09,203 - AdaPoinTr - INFO - base_model.input_proj.0.weight
2025-07-19 21:27:09,203 - AdaPoinTr - INFO - base_model.input_proj.0.bias
2025-07-19 21:27:09,203 - AdaPoinTr - INFO - base_model.input_proj.2.weight
2025-07-19 21:27:09,203 - AdaPoinTr - INFO - base_model.input_proj.2.bias
2025-07-19 21:27:09,203 - AdaPoinTr - INFO - base_model.encoder.blocks.blocks.0.norm1.weight
2025-07-19 21:27:09,203 - AdaPoinTr - INFO - base_model.encoder.blocks.blocks.0.norm1.bias
2025-07-19 21:27:09,203 - AdaPoinTr - INFO - base_model.encoder.blocks.blocks.0.norm2.weight
2025-07-19 21:27:09,203 - AdaPoinTr - INFO - base_model.encoder.blocks.blocks.0.norm2.bias
2025-07-19 21:27:09,203 - AdaPoinTr - INFO - base_model.encoder.blocks.blocks.0.mlp.fc1.weight
2025-07-19 21:27:09,203 - AdaPoinTr - INFO - base_model.encoder.blocks.blocks.0.mlp.fc1.bias
2025-07-19 21:27:09,203 - AdaPoinTr - INFO - base_model.encoder.blocks.blocks.0.mlp.fc2.weight
2025-07-19 21:27:09,203 - AdaPoinTr - INFO - base_model.encoder.blocks.blocks.0.mlp.fc2.bias
2025-07-19 21:27:09,203 - AdaPoinTr - INFO - base_model.encoder.blocks.blocks.0.attn.qkv.weight
2025-07-19 21:27:09,203 - AdaPoinTr - INFO - base_model.encoder.blocks.blocks.0.attn.qkv.bias
2025-07-19 21:27:09,203 - AdaPoinTr - INFO - base_model.encoder.blocks.blocks.0.attn.proj.weight
2025-07-19 21:27:09,203 - AdaPoinTr - INFO - base_model.encoder.blocks.blocks.0.attn.proj.bias
2025-07-19 21:27:09,203 - AdaPoinTr - INFO - base_model.encoder.blocks.blocks.0.local_attn.knn_map.0.weight
2025-07-19 21:27:09,203 - AdaPoinTr - INFO - base_model.encoder.blocks.blocks.0.local_attn.knn_map.0.bias
2025-07-19 21:27:09,203 - AdaPoinTr - INFO - base_model.encoder.blocks.blocks.0.merge_map.weight
2025-07-19 21:27:09,203 - AdaPoinTr - INFO - base_model.encoder.blocks.blocks.0.merge_map.bias
2025-07-19 21:27:09,203 - AdaPoinTr - INFO - base_model.encoder.blocks.blocks.1.norm1.weight
2025-07-19 21:27:09,203 - AdaPoinTr - INFO - base_model.encoder.blocks.blocks.1.norm1.bias
2025-07-19 21:27:09,203 - AdaPoinTr - INFO - base_model.encoder.blocks.blocks.1.norm2.weight
2025-07-19 21:27:09,203 - AdaPoinTr - INFO - base_model.encoder.blocks.blocks.1.norm2.bias
2025-07-19 21:27:09,203 - AdaPoinTr - INFO - base_model.encoder.blocks.blocks.1.mlp.fc1.weight
2025-07-19 21:27:09,203 - AdaPoinTr - INFO - base_model.encoder.blocks.blocks.1.mlp.fc1.bias
2025-07-19 21:27:09,203 - AdaPoinTr - INFO - base_model.encoder.blocks.blocks.1.mlp.fc2.weight
2025-07-19 21:27:09,203 - AdaPoinTr - INFO - base_model.encoder.blocks.blocks.1.mlp.fc2.bias
2025-07-19 21:27:09,203 - AdaPoinTr - INFO - base_model.encoder.blocks.blocks.1.attn.qkv.weight
2025-07-19 21:27:09,203 - AdaPoinTr - INFO - base_model.encoder.blocks.blocks.1.attn.qkv.bias
2025-07-19 21:27:09,203 - AdaPoinTr - INFO - base_model.encoder.blocks.blocks.1.attn.proj.weight
2025-07-19 21:27:09,203 - AdaPoinTr - INFO - base_model.encoder.blocks.blocks.1.attn.proj.bias
2025-07-19 21:27:09,203 - AdaPoinTr - INFO - base_model.encoder.blocks.blocks.2.norm1.weight
2025-07-19 21:27:09,203 - AdaPoinTr - INFO - base_model.encoder.blocks.blocks.2.norm1.bias
2025-07-19 21:27:09,203 - AdaPoinTr - INFO - base_model.encoder.blocks.blocks.2.norm2.weight
2025-07-19 21:27:09,203 - AdaPoinTr - INFO - base_model.encoder.blocks.blocks.2.norm2.bias
2025-07-19 21:27:09,203 - AdaPoinTr - INFO - base_model.encoder.blocks.blocks.2.mlp.fc1.weight
2025-07-19 21:27:09,203 - AdaPoinTr - INFO - base_model.encoder.blocks.blocks.2.mlp.fc1.bias
2025-07-19 21:27:09,203 - AdaPoinTr - INFO - base_model.encoder.blocks.blocks.2.mlp.fc2.weight
2025-07-19 21:27:09,203 - AdaPoinTr - INFO - base_model.encoder.blocks.blocks.2.mlp.fc2.bias
2025-07-19 21:27:09,203 - AdaPoinTr - INFO - base_model.encoder.blocks.blocks.2.attn.qkv.weight
2025-07-19 21:27:09,203 - AdaPoinTr - INFO - base_model.encoder.blocks.blocks.2.attn.qkv.bias
2025-07-19 21:27:09,203 - AdaPoinTr - INFO - base_model.encoder.blocks.blocks.2.attn.proj.weight
2025-07-19 21:27:09,203 - AdaPoinTr - INFO - base_model.encoder.blocks.blocks.2.attn.proj.bias
2025-07-19 21:27:09,203 - AdaPoinTr - INFO - base_model.encoder.blocks.blocks.3.norm1.weight
2025-07-19 21:27:09,203 - AdaPoinTr - INFO - base_model.encoder.blocks.blocks.3.norm1.bias
2025-07-19 21:27:09,203 - AdaPoinTr - INFO - base_model.encoder.blocks.blocks.3.norm2.weight
2025-07-19 21:27:09,203 - AdaPoinTr - INFO - base_model.encoder.blocks.blocks.3.norm2.bias
2025-07-19 21:27:09,203 - AdaPoinTr - INFO - base_model.encoder.blocks.blocks.3.mlp.fc1.weight
2025-07-19 21:27:09,203 - AdaPoinTr - INFO - base_model.encoder.blocks.blocks.3.mlp.fc1.bias
2025-07-19 21:27:09,203 - AdaPoinTr - INFO - base_model.encoder.blocks.blocks.3.mlp.fc2.weight
2025-07-19 21:27:09,203 - AdaPoinTr - INFO - base_model.encoder.blocks.blocks.3.mlp.fc2.bias
2025-07-19 21:27:09,203 - AdaPoinTr - INFO - base_model.encoder.blocks.blocks.3.attn.qkv.weight
2025-07-19 21:27:09,203 - AdaPoinTr - INFO - base_model.encoder.blocks.blocks.3.attn.qkv.bias
2025-07-19 21:27:09,203 - AdaPoinTr - INFO - base_model.encoder.blocks.blocks.3.attn.proj.weight
2025-07-19 21:27:09,203 - AdaPoinTr - INFO - base_model.encoder.blocks.blocks.3.attn.proj.bias
2025-07-19 21:27:09,203 - AdaPoinTr - INFO - base_model.encoder.blocks.blocks.4.norm1.weight
2025-07-19 21:27:09,203 - AdaPoinTr - INFO - base_model.encoder.blocks.blocks.4.norm1.bias
2025-07-19 21:27:09,203 - AdaPoinTr - INFO - base_model.encoder.blocks.blocks.4.norm2.weight
2025-07-19 21:27:09,204 - AdaPoinTr - INFO - base_model.encoder.blocks.blocks.4.norm2.bias
2025-07-19 21:27:09,204 - AdaPoinTr - INFO - base_model.encoder.blocks.blocks.4.mlp.fc1.weight
2025-07-19 21:27:09,204 - AdaPoinTr - INFO - base_model.encoder.blocks.blocks.4.mlp.fc1.bias
2025-07-19 21:27:09,204 - AdaPoinTr - INFO - base_model.encoder.blocks.blocks.4.mlp.fc2.weight
2025-07-19 21:27:09,204 - AdaPoinTr - INFO - base_model.encoder.blocks.blocks.4.mlp.fc2.bias
2025-07-19 21:27:09,204 - AdaPoinTr - INFO - base_model.encoder.blocks.blocks.4.attn.qkv.weight
2025-07-19 21:27:09,204 - AdaPoinTr - INFO - base_model.encoder.blocks.blocks.4.attn.qkv.bias
2025-07-19 21:27:09,204 - AdaPoinTr - INFO - base_model.encoder.blocks.blocks.4.attn.proj.weight
2025-07-19 21:27:09,204 - AdaPoinTr - INFO - base_model.encoder.blocks.blocks.4.attn.proj.bias
2025-07-19 21:27:09,204 - AdaPoinTr - INFO - base_model.encoder.blocks.blocks.5.norm1.weight
2025-07-19 21:27:09,204 - AdaPoinTr - INFO - base_model.encoder.blocks.blocks.5.norm1.bias
2025-07-19 21:27:09,204 - AdaPoinTr - INFO - base_model.encoder.blocks.blocks.5.norm2.weight
2025-07-19 21:27:09,204 - AdaPoinTr - INFO - base_model.encoder.blocks.blocks.5.norm2.bias
2025-07-19 21:27:09,204 - AdaPoinTr - INFO - base_model.encoder.blocks.blocks.5.mlp.fc1.weight
2025-07-19 21:27:09,204 - AdaPoinTr - INFO - base_model.encoder.blocks.blocks.5.mlp.fc1.bias
2025-07-19 21:27:09,204 - AdaPoinTr - INFO - base_model.encoder.blocks.blocks.5.mlp.fc2.weight
2025-07-19 21:27:09,204 - AdaPoinTr - INFO - base_model.encoder.blocks.blocks.5.mlp.fc2.bias
2025-07-19 21:27:09,204 - AdaPoinTr - INFO - base_model.encoder.blocks.blocks.5.attn.qkv.weight
2025-07-19 21:27:09,204 - AdaPoinTr - INFO - base_model.encoder.blocks.blocks.5.attn.qkv.bias
2025-07-19 21:27:09,204 - AdaPoinTr - INFO - base_model.encoder.blocks.blocks.5.attn.proj.weight
2025-07-19 21:27:09,204 - AdaPoinTr - INFO - base_model.encoder.blocks.blocks.5.attn.proj.bias
2025-07-19 21:27:09,204 - AdaPoinTr - INFO - base_model.encoder.norm.weight
2025-07-19 21:27:09,204 - AdaPoinTr - INFO - base_model.encoder.norm.bias
2025-07-19 21:27:09,204 - AdaPoinTr - INFO - base_model.increase_dim.0.weight
2025-07-19 21:27:09,204 - AdaPoinTr - INFO - base_model.increase_dim.0.bias
2025-07-19 21:27:09,204 - AdaPoinTr - INFO - base_model.increase_dim.2.weight
2025-07-19 21:27:09,204 - AdaPoinTr - INFO - base_model.increase_dim.2.bias
2025-07-19 21:27:09,204 - AdaPoinTr - INFO - base_model.coarse_pred.0.weight
2025-07-19 21:27:09,204 - AdaPoinTr - INFO - base_model.coarse_pred.0.bias
2025-07-19 21:27:09,204 - AdaPoinTr - INFO - base_model.coarse_pred.2.weight
2025-07-19 21:27:09,204 - AdaPoinTr - INFO - base_model.coarse_pred.2.bias
2025-07-19 21:27:09,204 - AdaPoinTr - INFO - base_model.mlp_query.0.weight
2025-07-19 21:27:09,204 - AdaPoinTr - INFO - base_model.mlp_query.0.bias
2025-07-19 21:27:09,204 - AdaPoinTr - INFO - base_model.mlp_query.2.weight
2025-07-19 21:27:09,204 - AdaPoinTr - INFO - base_model.mlp_query.2.bias
2025-07-19 21:27:09,204 - AdaPoinTr - INFO - base_model.mlp_query.4.weight
2025-07-19 21:27:09,204 - AdaPoinTr - INFO - base_model.mlp_query.4.bias
2025-07-19 21:27:09,204 - AdaPoinTr - INFO - base_model.decoder.blocks.blocks.0.norm2.weight
2025-07-19 21:27:09,204 - AdaPoinTr - INFO - base_model.decoder.blocks.blocks.0.norm2.bias
2025-07-19 21:27:09,204 - AdaPoinTr - INFO - base_model.decoder.blocks.blocks.0.mlp.fc1.weight
2025-07-19 21:27:09,204 - AdaPoinTr - INFO - base_model.decoder.blocks.blocks.0.mlp.fc1.bias
2025-07-19 21:27:09,204 - AdaPoinTr - INFO - base_model.decoder.blocks.blocks.0.mlp.fc2.weight
2025-07-19 21:27:09,204 - AdaPoinTr - INFO - base_model.decoder.blocks.blocks.0.mlp.fc2.bias
2025-07-19 21:27:09,204 - AdaPoinTr - INFO - base_model.decoder.blocks.blocks.0.norm1.weight
2025-07-19 21:27:09,204 - AdaPoinTr - INFO - base_model.decoder.blocks.blocks.0.norm1.bias
2025-07-19 21:27:09,204 - AdaPoinTr - INFO - base_model.decoder.blocks.blocks.0.self_attn.qkv.weight
2025-07-19 21:27:09,204 - AdaPoinTr - INFO - base_model.decoder.blocks.blocks.0.self_attn.qkv.bias
2025-07-19 21:27:09,204 - AdaPoinTr - INFO - base_model.decoder.blocks.blocks.0.self_attn.proj.weight
2025-07-19 21:27:09,204 - AdaPoinTr - INFO - base_model.decoder.blocks.blocks.0.self_attn.proj.bias
2025-07-19 21:27:09,204 - AdaPoinTr - INFO - base_model.decoder.blocks.blocks.0.local_self_attn.knn_map.0.weight
2025-07-19 21:27:09,204 - AdaPoinTr - INFO - base_model.decoder.blocks.blocks.0.local_self_attn.knn_map.0.bias
2025-07-19 21:27:09,204 - AdaPoinTr - INFO - base_model.decoder.blocks.blocks.0.self_attn_merge_map.weight
2025-07-19 21:27:09,204 - AdaPoinTr - INFO - base_model.decoder.blocks.blocks.0.self_attn_merge_map.bias
2025-07-19 21:27:09,204 - AdaPoinTr - INFO - base_model.decoder.blocks.blocks.0.norm_q.weight
2025-07-19 21:27:09,204 - AdaPoinTr - INFO - base_model.decoder.blocks.blocks.0.norm_q.bias
2025-07-19 21:27:09,204 - AdaPoinTr - INFO - base_model.decoder.blocks.blocks.0.norm_v.weight
2025-07-19 21:27:09,204 - AdaPoinTr - INFO - base_model.decoder.blocks.blocks.0.norm_v.bias
2025-07-19 21:27:09,204 - AdaPoinTr - INFO - base_model.decoder.blocks.blocks.0.cross_attn.q_map.weight
2025-07-19 21:27:09,204 - AdaPoinTr - INFO - base_model.decoder.blocks.blocks.0.cross_attn.q_map.bias
2025-07-19 21:27:09,204 - AdaPoinTr - INFO - base_model.decoder.blocks.blocks.0.cross_attn.k_map.weight
2025-07-19 21:27:09,204 - AdaPoinTr - INFO - base_model.decoder.blocks.blocks.0.cross_attn.k_map.bias
2025-07-19 21:27:09,204 - AdaPoinTr - INFO - base_model.decoder.blocks.blocks.0.cross_attn.v_map.weight
2025-07-19 21:27:09,204 - AdaPoinTr - INFO - base_model.decoder.blocks.blocks.0.cross_attn.v_map.bias
2025-07-19 21:27:09,204 - AdaPoinTr - INFO - base_model.decoder.blocks.blocks.0.cross_attn.proj.weight
2025-07-19 21:27:09,204 - AdaPoinTr - INFO - base_model.decoder.blocks.blocks.0.cross_attn.proj.bias
2025-07-19 21:27:09,205 - AdaPoinTr - INFO - base_model.decoder.blocks.blocks.0.local_cross_attn.knn_map.0.weight
2025-07-19 21:27:09,205 - AdaPoinTr - INFO - base_model.decoder.blocks.blocks.0.local_cross_attn.knn_map.0.bias
2025-07-19 21:27:09,205 - AdaPoinTr - INFO - base_model.decoder.blocks.blocks.0.cross_attn_merge_map.weight
2025-07-19 21:27:09,205 - AdaPoinTr - INFO - base_model.decoder.blocks.blocks.0.cross_attn_merge_map.bias
2025-07-19 21:27:09,205 - AdaPoinTr - INFO - base_model.decoder.blocks.blocks.1.norm2.weight
2025-07-19 21:27:09,205 - AdaPoinTr - INFO - base_model.decoder.blocks.blocks.1.norm2.bias
2025-07-19 21:27:09,205 - AdaPoinTr - INFO - base_model.decoder.blocks.blocks.1.mlp.fc1.weight
2025-07-19 21:27:09,205 - AdaPoinTr - INFO - base_model.decoder.blocks.blocks.1.mlp.fc1.bias
2025-07-19 21:27:09,205 - AdaPoinTr - INFO - base_model.decoder.blocks.blocks.1.mlp.fc2.weight
2025-07-19 21:27:09,205 - AdaPoinTr - INFO - base_model.decoder.blocks.blocks.1.mlp.fc2.bias
2025-07-19 21:27:09,205 - AdaPoinTr - INFO - base_model.decoder.blocks.blocks.1.norm1.weight
2025-07-19 21:27:09,205 - AdaPoinTr - INFO - base_model.decoder.blocks.blocks.1.norm1.bias
2025-07-19 21:27:09,205 - AdaPoinTr - INFO - base_model.decoder.blocks.blocks.1.self_attn.qkv.weight
2025-07-19 21:27:09,205 - AdaPoinTr - INFO - base_model.decoder.blocks.blocks.1.self_attn.qkv.bias
2025-07-19 21:27:09,205 - AdaPoinTr - INFO - base_model.decoder.blocks.blocks.1.self_attn.proj.weight
2025-07-19 21:27:09,205 - AdaPoinTr - INFO - base_model.decoder.blocks.blocks.1.self_attn.proj.bias
2025-07-19 21:27:09,205 - AdaPoinTr - INFO - base_model.decoder.blocks.blocks.1.norm_q.weight
2025-07-19 21:27:09,205 - AdaPoinTr - INFO - base_model.decoder.blocks.blocks.1.norm_q.bias
2025-07-19 21:27:09,205 - AdaPoinTr - INFO - base_model.decoder.blocks.blocks.1.norm_v.weight
2025-07-19 21:27:09,205 - AdaPoinTr - INFO - base_model.decoder.blocks.blocks.1.norm_v.bias
2025-07-19 21:27:09,205 - AdaPoinTr - INFO - base_model.decoder.blocks.blocks.1.cross_attn.q_map.weight
2025-07-19 21:27:09,205 - AdaPoinTr - INFO - base_model.decoder.blocks.blocks.1.cross_attn.q_map.bias
2025-07-19 21:27:09,205 - AdaPoinTr - INFO - base_model.decoder.blocks.blocks.1.cross_attn.k_map.weight
2025-07-19 21:27:09,205 - AdaPoinTr - INFO - base_model.decoder.blocks.blocks.1.cross_attn.k_map.bias
2025-07-19 21:27:09,205 - AdaPoinTr - INFO - base_model.decoder.blocks.blocks.1.cross_attn.v_map.weight
2025-07-19 21:27:09,205 - AdaPoinTr - INFO - base_model.decoder.blocks.blocks.1.cross_attn.v_map.bias
2025-07-19 21:27:09,205 - AdaPoinTr - INFO - base_model.decoder.blocks.blocks.1.cross_attn.proj.weight
2025-07-19 21:27:09,205 - AdaPoinTr - INFO - base_model.decoder.blocks.blocks.1.cross_attn.proj.bias
2025-07-19 21:27:09,205 - AdaPoinTr - INFO - base_model.decoder.blocks.blocks.2.norm2.weight
2025-07-19 21:27:09,205 - AdaPoinTr - INFO - base_model.decoder.blocks.blocks.2.norm2.bias
2025-07-19 21:27:09,205 - AdaPoinTr - INFO - base_model.decoder.blocks.blocks.2.mlp.fc1.weight
2025-07-19 21:27:09,205 - AdaPoinTr - INFO - base_model.decoder.blocks.blocks.2.mlp.fc1.bias
2025-07-19 21:27:09,205 - AdaPoinTr - INFO - base_model.decoder.blocks.blocks.2.mlp.fc2.weight
2025-07-19 21:27:09,205 - AdaPoinTr - INFO - base_model.decoder.blocks.blocks.2.mlp.fc2.bias
2025-07-19 21:27:09,205 - AdaPoinTr - INFO - base_model.decoder.blocks.blocks.2.norm1.weight
2025-07-19 21:27:09,205 - AdaPoinTr - INFO - base_model.decoder.blocks.blocks.2.norm1.bias
2025-07-19 21:27:09,205 - AdaPoinTr - INFO - base_model.decoder.blocks.blocks.2.self_attn.qkv.weight
2025-07-19 21:27:09,205 - AdaPoinTr - INFO - base_model.decoder.blocks.blocks.2.self_attn.qkv.bias
2025-07-19 21:27:09,205 - AdaPoinTr - INFO - base_model.decoder.blocks.blocks.2.self_attn.proj.weight
2025-07-19 21:27:09,205 - AdaPoinTr - INFO - base_model.decoder.blocks.blocks.2.self_attn.proj.bias
2025-07-19 21:27:09,205 - AdaPoinTr - INFO - base_model.decoder.blocks.blocks.2.norm_q.weight
2025-07-19 21:27:09,205 - AdaPoinTr - INFO - base_model.decoder.blocks.blocks.2.norm_q.bias
2025-07-19 21:27:09,205 - AdaPoinTr - INFO - base_model.decoder.blocks.blocks.2.norm_v.weight
2025-07-19 21:27:09,205 - AdaPoinTr - INFO - base_model.decoder.blocks.blocks.2.norm_v.bias
2025-07-19 21:27:09,205 - AdaPoinTr - INFO - base_model.decoder.blocks.blocks.2.cross_attn.q_map.weight
2025-07-19 21:27:09,205 - AdaPoinTr - INFO - base_model.decoder.blocks.blocks.2.cross_attn.q_map.bias
2025-07-19 21:27:09,205 - AdaPoinTr - INFO - base_model.decoder.blocks.blocks.2.cross_attn.k_map.weight
2025-07-19 21:27:09,205 - AdaPoinTr - INFO - base_model.decoder.blocks.blocks.2.cross_attn.k_map.bias
2025-07-19 21:27:09,205 - AdaPoinTr - INFO - base_model.decoder.blocks.blocks.2.cross_attn.v_map.weight
2025-07-19 21:27:09,205 - AdaPoinTr - INFO - base_model.decoder.blocks.blocks.2.cross_attn.v_map.bias
2025-07-19 21:27:09,205 - AdaPoinTr - INFO - base_model.decoder.blocks.blocks.2.cross_attn.proj.weight
2025-07-19 21:27:09,205 - AdaPoinTr - INFO - base_model.decoder.blocks.blocks.2.cross_attn.proj.bias
2025-07-19 21:27:09,205 - AdaPoinTr - INFO - base_model.decoder.blocks.blocks.3.norm2.weight
2025-07-19 21:27:09,205 - AdaPoinTr - INFO - base_model.decoder.blocks.blocks.3.norm2.bias
2025-07-19 21:27:09,205 - AdaPoinTr - INFO - base_model.decoder.blocks.blocks.3.mlp.fc1.weight
2025-07-19 21:27:09,205 - AdaPoinTr - INFO - base_model.decoder.blocks.blocks.3.mlp.fc1.bias
2025-07-19 21:27:09,205 - AdaPoinTr - INFO - base_model.decoder.blocks.blocks.3.mlp.fc2.weight
2025-07-19 21:27:09,205 - AdaPoinTr - INFO - base_model.decoder.blocks.blocks.3.mlp.fc2.bias
2025-07-19 21:27:09,205 - AdaPoinTr - INFO - base_model.decoder.blocks.blocks.3.norm1.weight
2025-07-19 21:27:09,205 - AdaPoinTr - INFO - base_model.decoder.blocks.blocks.3.norm1.bias
2025-07-19 21:27:09,205 - AdaPoinTr - INFO - base_model.decoder.blocks.blocks.3.self_attn.qkv.weight
2025-07-19 21:27:09,205 - AdaPoinTr - INFO - base_model.decoder.blocks.blocks.3.self_attn.qkv.bias
2025-07-19 21:27:09,205 - AdaPoinTr - INFO - base_model.decoder.blocks.blocks.3.self_attn.proj.weight
2025-07-19 21:27:09,205 - AdaPoinTr - INFO - base_model.decoder.blocks.blocks.3.self_attn.proj.bias
2025-07-19 21:27:09,205 - AdaPoinTr - INFO - base_model.decoder.blocks.blocks.3.norm_q.weight
2025-07-19 21:27:09,205 - AdaPoinTr - INFO - base_model.decoder.blocks.blocks.3.norm_q.bias
2025-07-19 21:27:09,205 - AdaPoinTr - INFO - base_model.decoder.blocks.blocks.3.norm_v.weight
2025-07-19 21:27:09,205 - AdaPoinTr - INFO - base_model.decoder.blocks.blocks.3.norm_v.bias
2025-07-19 21:27:09,205 - AdaPoinTr - INFO - base_model.decoder.blocks.blocks.3.cross_attn.q_map.weight
2025-07-19 21:27:09,206 - AdaPoinTr - INFO - base_model.decoder.blocks.blocks.3.cross_attn.q_map.bias
2025-07-19 21:27:09,206 - AdaPoinTr - INFO - base_model.decoder.blocks.blocks.3.cross_attn.k_map.weight
2025-07-19 21:27:09,206 - AdaPoinTr - INFO - base_model.decoder.blocks.blocks.3.cross_attn.k_map.bias
2025-07-19 21:27:09,206 - AdaPoinTr - INFO - base_model.decoder.blocks.blocks.3.cross_attn.v_map.weight
2025-07-19 21:27:09,206 - AdaPoinTr - INFO - base_model.decoder.blocks.blocks.3.cross_attn.v_map.bias
2025-07-19 21:27:09,206 - AdaPoinTr - INFO - base_model.decoder.blocks.blocks.3.cross_attn.proj.weight
2025-07-19 21:27:09,206 - AdaPoinTr - INFO - base_model.decoder.blocks.blocks.3.cross_attn.proj.bias
2025-07-19 21:27:09,206 - AdaPoinTr - INFO - base_model.decoder.blocks.blocks.4.norm2.weight
2025-07-19 21:27:09,206 - AdaPoinTr - INFO - base_model.decoder.blocks.blocks.4.norm2.bias
2025-07-19 21:27:09,206 - AdaPoinTr - INFO - base_model.decoder.blocks.blocks.4.mlp.fc1.weight
2025-07-19 21:27:09,206 - AdaPoinTr - INFO - base_model.decoder.blocks.blocks.4.mlp.fc1.bias
2025-07-19 21:27:09,206 - AdaPoinTr - INFO - base_model.decoder.blocks.blocks.4.mlp.fc2.weight
2025-07-19 21:27:09,206 - AdaPoinTr - INFO - base_model.decoder.blocks.blocks.4.mlp.fc2.bias
2025-07-19 21:27:09,206 - AdaPoinTr - INFO - base_model.decoder.blocks.blocks.4.norm1.weight
2025-07-19 21:27:09,206 - AdaPoinTr - INFO - base_model.decoder.blocks.blocks.4.norm1.bias
2025-07-19 21:27:09,206 - AdaPoinTr - INFO - base_model.decoder.blocks.blocks.4.self_attn.qkv.weight
2025-07-19 21:27:09,206 - AdaPoinTr - INFO - base_model.decoder.blocks.blocks.4.self_attn.qkv.bias
2025-07-19 21:27:09,206 - AdaPoinTr - INFO - base_model.decoder.blocks.blocks.4.self_attn.proj.weight
2025-07-19 21:27:09,206 - AdaPoinTr - INFO - base_model.decoder.blocks.blocks.4.self_attn.proj.bias
2025-07-19 21:27:09,206 - AdaPoinTr - INFO - base_model.decoder.blocks.blocks.4.norm_q.weight
2025-07-19 21:27:09,206 - AdaPoinTr - INFO - base_model.decoder.blocks.blocks.4.norm_q.bias
2025-07-19 21:27:09,206 - AdaPoinTr - INFO - base_model.decoder.blocks.blocks.4.norm_v.weight
2025-07-19 21:27:09,206 - AdaPoinTr - INFO - base_model.decoder.blocks.blocks.4.norm_v.bias
2025-07-19 21:27:09,206 - AdaPoinTr - INFO - base_model.decoder.blocks.blocks.4.cross_attn.q_map.weight
2025-07-19 21:27:09,206 - AdaPoinTr - INFO - base_model.decoder.blocks.blocks.4.cross_attn.q_map.bias
2025-07-19 21:27:09,206 - AdaPoinTr - INFO - base_model.decoder.blocks.blocks.4.cross_attn.k_map.weight
2025-07-19 21:27:09,206 - AdaPoinTr - INFO - base_model.decoder.blocks.blocks.4.cross_attn.k_map.bias
2025-07-19 21:27:09,206 - AdaPoinTr - INFO - base_model.decoder.blocks.blocks.4.cross_attn.v_map.weight
2025-07-19 21:27:09,206 - AdaPoinTr - INFO - base_model.decoder.blocks.blocks.4.cross_attn.v_map.bias
2025-07-19 21:27:09,206 - AdaPoinTr - INFO - base_model.decoder.blocks.blocks.4.cross_attn.proj.weight
2025-07-19 21:27:09,206 - AdaPoinTr - INFO - base_model.decoder.blocks.blocks.4.cross_attn.proj.bias
2025-07-19 21:27:09,206 - AdaPoinTr - INFO - base_model.decoder.blocks.blocks.5.norm2.weight
2025-07-19 21:27:09,206 - AdaPoinTr - INFO - base_model.decoder.blocks.blocks.5.norm2.bias
2025-07-19 21:27:09,206 - AdaPoinTr - INFO - base_model.decoder.blocks.blocks.5.mlp.fc1.weight
2025-07-19 21:27:09,206 - AdaPoinTr - INFO - base_model.decoder.blocks.blocks.5.mlp.fc1.bias
2025-07-19 21:27:09,206 - AdaPoinTr - INFO - base_model.decoder.blocks.blocks.5.mlp.fc2.weight
2025-07-19 21:27:09,206 - AdaPoinTr - INFO - base_model.decoder.blocks.blocks.5.mlp.fc2.bias
2025-07-19 21:27:09,206 - AdaPoinTr - INFO - base_model.decoder.blocks.blocks.5.norm1.weight
2025-07-19 21:27:09,206 - AdaPoinTr - INFO - base_model.decoder.blocks.blocks.5.norm1.bias
2025-07-19 21:27:09,206 - AdaPoinTr - INFO - base_model.decoder.blocks.blocks.5.self_attn.qkv.weight
2025-07-19 21:27:09,206 - AdaPoinTr - INFO - base_model.decoder.blocks.blocks.5.self_attn.qkv.bias
2025-07-19 21:27:09,206 - AdaPoinTr - INFO - base_model.decoder.blocks.blocks.5.self_attn.proj.weight
2025-07-19 21:27:09,206 - AdaPoinTr - INFO - base_model.decoder.blocks.blocks.5.self_attn.proj.bias
2025-07-19 21:27:09,206 - AdaPoinTr - INFO - base_model.decoder.blocks.blocks.5.norm_q.weight
2025-07-19 21:27:09,206 - AdaPoinTr - INFO - base_model.decoder.blocks.blocks.5.norm_q.bias
2025-07-19 21:27:09,206 - AdaPoinTr - INFO - base_model.decoder.blocks.blocks.5.norm_v.weight
2025-07-19 21:27:09,206 - AdaPoinTr - INFO - base_model.decoder.blocks.blocks.5.norm_v.bias
2025-07-19 21:27:09,206 - AdaPoinTr - INFO - base_model.decoder.blocks.blocks.5.cross_attn.q_map.weight
2025-07-19 21:27:09,206 - AdaPoinTr - INFO - base_model.decoder.blocks.blocks.5.cross_attn.q_map.bias
2025-07-19 21:27:09,206 - AdaPoinTr - INFO - base_model.decoder.blocks.blocks.5.cross_attn.k_map.weight
2025-07-19 21:27:09,206 - AdaPoinTr - INFO - base_model.decoder.blocks.blocks.5.cross_attn.k_map.bias
2025-07-19 21:27:09,206 - AdaPoinTr - INFO - base_model.decoder.blocks.blocks.5.cross_attn.v_map.weight
2025-07-19 21:27:09,206 - AdaPoinTr - INFO - base_model.decoder.blocks.blocks.5.cross_attn.v_map.bias
2025-07-19 21:27:09,206 - AdaPoinTr - INFO - base_model.decoder.blocks.blocks.5.cross_attn.proj.weight
2025-07-19 21:27:09,206 - AdaPoinTr - INFO - base_model.decoder.blocks.blocks.5.cross_attn.proj.bias
2025-07-19 21:27:09,206 - AdaPoinTr - INFO - base_model.decoder.blocks.blocks.6.norm2.weight
2025-07-19 21:27:09,206 - AdaPoinTr - INFO - base_model.decoder.blocks.blocks.6.norm2.bias
2025-07-19 21:27:09,206 - AdaPoinTr - INFO - base_model.decoder.blocks.blocks.6.mlp.fc1.weight
2025-07-19 21:27:09,206 - AdaPoinTr - INFO - base_model.decoder.blocks.blocks.6.mlp.fc1.bias
2025-07-19 21:27:09,206 - AdaPoinTr - INFO - base_model.decoder.blocks.blocks.6.mlp.fc2.weight
2025-07-19 21:27:09,206 - AdaPoinTr - INFO - base_model.decoder.blocks.blocks.6.mlp.fc2.bias
2025-07-19 21:27:09,206 - AdaPoinTr - INFO - base_model.decoder.blocks.blocks.6.norm1.weight
2025-07-19 21:27:09,206 - AdaPoinTr - INFO - base_model.decoder.blocks.blocks.6.norm1.bias
2025-07-19 21:27:09,206 - AdaPoinTr - INFO - base_model.decoder.blocks.blocks.6.self_attn.qkv.weight
2025-07-19 21:27:09,206 - AdaPoinTr - INFO - base_model.decoder.blocks.blocks.6.self_attn.qkv.bias
2025-07-19 21:27:09,206 - AdaPoinTr - INFO - base_model.decoder.blocks.blocks.6.self_attn.proj.weight
2025-07-19 21:27:09,206 - AdaPoinTr - INFO - base_model.decoder.blocks.blocks.6.self_attn.proj.bias
2025-07-19 21:27:09,206 - AdaPoinTr - INFO - base_model.decoder.blocks.blocks.6.norm_q.weight
2025-07-19 21:27:09,206 - AdaPoinTr - INFO - base_model.decoder.blocks.blocks.6.norm_q.bias
2025-07-19 21:27:09,207 - AdaPoinTr - INFO - base_model.decoder.blocks.blocks.6.norm_v.weight
2025-07-19 21:27:09,207 - AdaPoinTr - INFO - base_model.decoder.blocks.blocks.6.norm_v.bias
2025-07-19 21:27:09,207 - AdaPoinTr - INFO - base_model.decoder.blocks.blocks.6.cross_attn.q_map.weight
2025-07-19 21:27:09,207 - AdaPoinTr - INFO - base_model.decoder.blocks.blocks.6.cross_attn.q_map.bias
2025-07-19 21:27:09,207 - AdaPoinTr - INFO - base_model.decoder.blocks.blocks.6.cross_attn.k_map.weight
2025-07-19 21:27:09,207 - AdaPoinTr - INFO - base_model.decoder.blocks.blocks.6.cross_attn.k_map.bias
2025-07-19 21:27:09,207 - AdaPoinTr - INFO - base_model.decoder.blocks.blocks.6.cross_attn.v_map.weight
2025-07-19 21:27:09,207 - AdaPoinTr - INFO - base_model.decoder.blocks.blocks.6.cross_attn.v_map.bias
2025-07-19 21:27:09,207 - AdaPoinTr - INFO - base_model.decoder.blocks.blocks.6.cross_attn.proj.weight
2025-07-19 21:27:09,207 - AdaPoinTr - INFO - base_model.decoder.blocks.blocks.6.cross_attn.proj.bias
2025-07-19 21:27:09,207 - AdaPoinTr - INFO - base_model.decoder.blocks.blocks.7.norm2.weight
2025-07-19 21:27:09,207 - AdaPoinTr - INFO - base_model.decoder.blocks.blocks.7.norm2.bias
2025-07-19 21:27:09,207 - AdaPoinTr - INFO - base_model.decoder.blocks.blocks.7.mlp.fc1.weight
2025-07-19 21:27:09,207 - AdaPoinTr - INFO - base_model.decoder.blocks.blocks.7.mlp.fc1.bias
2025-07-19 21:27:09,207 - AdaPoinTr - INFO - base_model.decoder.blocks.blocks.7.mlp.fc2.weight
2025-07-19 21:27:09,207 - AdaPoinTr - INFO - base_model.decoder.blocks.blocks.7.mlp.fc2.bias
2025-07-19 21:27:09,207 - AdaPoinTr - INFO - base_model.decoder.blocks.blocks.7.norm1.weight
2025-07-19 21:27:09,207 - AdaPoinTr - INFO - base_model.decoder.blocks.blocks.7.norm1.bias
2025-07-19 21:27:09,207 - AdaPoinTr - INFO - base_model.decoder.blocks.blocks.7.self_attn.qkv.weight
2025-07-19 21:27:09,207 - AdaPoinTr - INFO - base_model.decoder.blocks.blocks.7.self_attn.qkv.bias
2025-07-19 21:27:09,207 - AdaPoinTr - INFO - base_model.decoder.blocks.blocks.7.self_attn.proj.weight
2025-07-19 21:27:09,207 - AdaPoinTr - INFO - base_model.decoder.blocks.blocks.7.self_attn.proj.bias
2025-07-19 21:27:09,207 - AdaPoinTr - INFO - base_model.decoder.blocks.blocks.7.norm_q.weight
2025-07-19 21:27:09,207 - AdaPoinTr - INFO - base_model.decoder.blocks.blocks.7.norm_q.bias
2025-07-19 21:27:09,207 - AdaPoinTr - INFO - base_model.decoder.blocks.blocks.7.norm_v.weight
2025-07-19 21:27:09,207 - AdaPoinTr - INFO - base_model.decoder.blocks.blocks.7.norm_v.bias
2025-07-19 21:27:09,207 - AdaPoinTr - INFO - base_model.decoder.blocks.blocks.7.cross_attn.q_map.weight
2025-07-19 21:27:09,207 - AdaPoinTr - INFO - base_model.decoder.blocks.blocks.7.cross_attn.q_map.bias
2025-07-19 21:27:09,207 - AdaPoinTr - INFO - base_model.decoder.blocks.blocks.7.cross_attn.k_map.weight
2025-07-19 21:27:09,207 - AdaPoinTr - INFO - base_model.decoder.blocks.blocks.7.cross_attn.k_map.bias
2025-07-19 21:27:09,207 - AdaPoinTr - INFO - base_model.decoder.blocks.blocks.7.cross_attn.v_map.weight
2025-07-19 21:27:09,207 - AdaPoinTr - INFO - base_model.decoder.blocks.blocks.7.cross_attn.v_map.bias
2025-07-19 21:27:09,207 - AdaPoinTr - INFO - base_model.decoder.blocks.blocks.7.cross_attn.proj.weight
2025-07-19 21:27:09,207 - AdaPoinTr - INFO - base_model.decoder.blocks.blocks.7.cross_attn.proj.bias
2025-07-19 21:27:09,207 - AdaPoinTr - INFO - base_model.query_ranking.0.weight
2025-07-19 21:27:09,207 - AdaPoinTr - INFO - base_model.query_ranking.0.bias
2025-07-19 21:27:09,207 - AdaPoinTr - INFO - base_model.query_ranking.2.weight
2025-07-19 21:27:09,207 - AdaPoinTr - INFO - base_model.query_ranking.2.bias
2025-07-19 21:27:09,207 - AdaPoinTr - INFO - base_model.query_ranking.4.weight
2025-07-19 21:27:09,207 - AdaPoinTr - INFO - base_model.query_ranking.4.bias
2025-07-19 21:27:09,207 - AdaPoinTr - INFO - decode_head.layer.fc1.weight
2025-07-19 21:27:09,207 - AdaPoinTr - INFO - decode_head.layer.fc1.bias
2025-07-19 21:27:09,207 - AdaPoinTr - INFO - decode_head.layer.fc2.weight
2025-07-19 21:27:09,207 - AdaPoinTr - INFO - decode_head.layer.fc2.bias
2025-07-19 21:27:09,207 - AdaPoinTr - INFO - increase_dim.0.weight
2025-07-19 21:27:09,207 - AdaPoinTr - INFO - increase_dim.0.bias
2025-07-19 21:27:09,207 - AdaPoinTr - INFO - increase_dim.1.weight
2025-07-19 21:27:09,207 - AdaPoinTr - INFO - increase_dim.1.bias
2025-07-19 21:27:09,207 - AdaPoinTr - INFO - increase_dim.3.weight
2025-07-19 21:27:09,207 - AdaPoinTr - INFO - increase_dim.3.bias
2025-07-19 21:27:09,207 - AdaPoinTr - INFO - reduce_map.weight
2025-07-19 21:27:09,207 - AdaPoinTr - INFO - reduce_map.bias
2025-07-19 21:27:09,207 - AdaPoinTr - INFO - =========================
2025-07-19 21:27:09,207 - AdaPoinTr - INFO - Untrainable_parameters:
2025-07-19 21:27:09,207 - AdaPoinTr - INFO - =========================
2025-07-19 21:27:09,208 - AdaPoinTr - INFO - =========================
2025-07-19 21:27:09,208 - AdaPoinTr - INFO - Using Data parallel ...
2025-07-19 21:27:12,223 - AdaPoinTr - INFO - [Epoch 58/200][Batch 1/2622] BatchTime = 2.398 (s) DataTime = 0.080 (s) Losses = ['4.9879', '38.0991'] lr = 0.0000280
2025-07-19 21:28:24,055 - AdaPoinTr - INFO - [Epoch 58/200][Batch 101/2622] BatchTime = 0.709 (s) DataTime = 0.001 (s) Losses = ['5.2108', '40.9718'] lr = 0.0000280
2025-07-19 21:29:35,818 - AdaPoinTr - INFO - [Epoch 58/200][Batch 201/2622] BatchTime = 0.706 (s) DataTime = 0.001 (s) Losses = ['6.0881', '48.6523'] lr = 0.0000280
2025-07-19 21:30:47,595 - AdaPoinTr - INFO - [Epoch 58/200][Batch 301/2622] BatchTime = 0.720 (s) DataTime = 0.001 (s) Losses = ['5.4011', '41.6135'] lr = 0.0000280
2025-07-19 21:31:59,440 - AdaPoinTr - INFO - [Epoch 58/200][Batch 401/2622] BatchTime = 0.719 (s) DataTime = 0.001 (s) Losses = ['5.1479', '42.4781'] lr = 0.0000280
2025-07-19 21:33:11,370 - AdaPoinTr - INFO - [Epoch 58/200][Batch 501/2622] BatchTime = 0.717 (s) DataTime = 0.001 (s) Losses = ['6.3014', '44.8410'] lr = 0.0000280
2025-07-19 21:34:23,191 - AdaPoinTr - INFO - [Epoch 58/200][Batch 601/2622] BatchTime = 0.718 (s) DataTime = 0.001 (s) Losses = ['5.5435', '41.8013'] lr = 0.0000280
2025-07-19 21:35:35,034 - AdaPoinTr - INFO - [Epoch 58/200][Batch 701/2622] BatchTime = 0.713 (s) DataTime = 0.001 (s) Losses = ['5.0815', '38.3627'] lr = 0.0000280
2025-07-19 21:36:46,875 - AdaPoinTr - INFO - [Epoch 58/200][Batch 801/2622] BatchTime = 0.710 (s) DataTime = 0.001 (s) Losses = ['5.0712', '40.9891'] lr = 0.0000280
2025-07-19 21:37:58,708 - AdaPoinTr - INFO - [Epoch 58/200][Batch 901/2622] BatchTime = 0.711 (s) DataTime = 0.001 (s) Losses = ['4.8831', '37.0309'] lr = 0.0000280
2025-07-19 21:39:10,564 - AdaPoinTr - INFO - [Epoch 58/200][Batch 1001/2622] BatchTime = 0.709 (s) DataTime = 0.001 (s) Losses = ['6.0003', '46.5923'] lr = 0.0000280
2025-07-19 21:40:22,352 - AdaPoinTr - INFO - [Epoch 58/200][Batch 1101/2622] BatchTime = 0.710 (s) DataTime = 0.001 (s) Losses = ['5.7438', '44.3961'] lr = 0.0000280
2025-07-19 21:41:34,185 - AdaPoinTr - INFO - [Epoch 58/200][Batch 1201/2622] BatchTime = 0.714 (s) DataTime = 0.001 (s) Losses = ['5.9143', '42.1696'] lr = 0.0000280
2025-07-19 21:42:46,022 - AdaPoinTr - INFO - [Epoch 58/200][Batch 1301/2622] BatchTime = 0.716 (s) DataTime = 0.001 (s) Losses = ['5.6485', '41.8603'] lr = 0.0000280
2025-07-19 21:43:57,880 - AdaPoinTr - INFO - [Epoch 58/200][Batch 1401/2622] BatchTime = 0.716 (s) DataTime = 0.001 (s) Losses = ['5.1404', '39.1898'] lr = 0.0000280
2025-07-19 21:45:09,702 - AdaPoinTr - INFO - [Epoch 58/200][Batch 1501/2622] BatchTime = 0.717 (s) DataTime = 0.001 (s) Losses = ['5.5240', '42.7060'] lr = 0.0000280
2025-07-19 21:46:21,525 - AdaPoinTr - INFO - [Epoch 58/200][Batch 1601/2622] BatchTime = 0.714 (s) DataTime = 0.001 (s) Losses = ['6.2655', '45.6788'] lr = 0.0000280
2025-07-19 21:47:33,365 - AdaPoinTr - INFO - [Epoch 58/200][Batch 1701/2622] BatchTime = 0.713 (s) DataTime = 0.001 (s) Losses = ['5.9642', '43.0562'] lr = 0.0000280
2025-07-19 21:48:45,184 - AdaPoinTr - INFO - [Epoch 58/200][Batch 1801/2622] BatchTime = 0.717 (s) DataTime = 0.001 (s) Losses = ['5.7083', '44.3909'] lr = 0.0000280
2025-07-19 21:49:57,037 - AdaPoinTr - INFO - [Epoch 58/200][Batch 1901/2622] BatchTime = 0.718 (s) DataTime = 0.001 (s) Losses = ['5.3467', '46.3400'] lr = 0.0000280
2025-07-19 21:51:08,868 - AdaPoinTr - INFO - [Epoch 58/200][Batch 2001/2622] BatchTime = 0.716 (s) DataTime = 0.001 (s) Losses = ['5.5607', '40.6301'] lr = 0.0000280
2025-07-19 21:52:20,434 - AdaPoinTr - INFO - [Epoch 58/200][Batch 2101/2622] BatchTime = 0.711 (s) DataTime = 0.001 (s) Losses = ['5.4119', '38.6024'] lr = 0.0000280
2025-07-19 21:53:32,214 - AdaPoinTr - INFO - [Epoch 58/200][Batch 2201/2622] BatchTime = 0.707 (s) DataTime = 0.001 (s) Losses = ['5.2185', '40.5000'] lr = 0.0000280
2025-07-19 21:54:44,014 - AdaPoinTr - INFO - [Epoch 58/200][Batch 2301/2622] BatchTime = 0.705 (s) DataTime = 0.001 (s) Losses = ['5.8640', '45.2667'] lr = 0.0000280
2025-07-19 21:55:55,764 - AdaPoinTr - INFO - [Epoch 58/200][Batch 2401/2622] BatchTime = 0.707 (s) DataTime = 0.001 (s) Losses = ['5.8293', '45.3992'] lr = 0.0000280
2025-07-19 21:57:07,572 - AdaPoinTr - INFO - [Epoch 58/200][Batch 2501/2622] BatchTime = 0.711 (s) DataTime = 0.002 (s) Losses = ['6.3844', '45.7311'] lr = 0.0000280
2025-07-19 21:58:19,399 - AdaPoinTr - INFO - [Epoch 58/200][Batch 2601/2622] BatchTime = 0.714 (s) DataTime = 0.001 (s) Losses = ['4.8942', '38.4888'] lr = 0.0000280
2025-07-19 21:58:34,510 - AdaPoinTr - INFO - [Training] EPOCH: 58 EpochTime = 1884.685 (s) Losses = ['5.6074', '42.5925']
2025-07-19 21:58:34,938 - AdaPoinTr - INFO - Save checkpoint at ./experiments/AdaPoinTr/ShapeNet55_models/AdaPoinTr/ckpt-last.pth
2025-07-19 21:58:35,739 - AdaPoinTr - INFO - [Epoch 59/200][Batch 1/2622] BatchTime = 0.800 (s) DataTime = 0.085 (s) Losses = ['5.2342', '42.6093'] lr = 0.0000280
2025-07-19 21:59:47,623 - AdaPoinTr - INFO - [Epoch 59/200][Batch 101/2622] BatchTime = 0.718 (s) DataTime = 0.001 (s) Losses = ['5.2924', '39.8465'] lr = 0.0000280
2025-07-19 22:00:59,549 - AdaPoinTr - INFO - [Epoch 59/200][Batch 201/2622] BatchTime = 0.715 (s) DataTime = 0.001 (s) Losses = ['5.8789', '44.5510'] lr = 0.0000280
2025-07-19 22:02:11,378 - AdaPoinTr - INFO - [Epoch 59/200][Batch 301/2622] BatchTime = 0.716 (s) DataTime = 0.001 (s) Losses = ['5.8330', '46.1253'] lr = 0.0000280
2025-07-19 22:03:23,145 - AdaPoinTr - INFO - [Epoch 59/200][Batch 401/2622] BatchTime = 0.714 (s) DataTime = 0.001 (s) Losses = ['5.5230', '45.3597'] lr = 0.0000280
2025-07-19 22:04:34,983 - AdaPoinTr - INFO - [Epoch 59/200][Batch 501/2622] BatchTime = 0.714 (s) DataTime = 0.001 (s) Losses = ['5.8297', '40.3351'] lr = 0.0000280
2025-07-19 22:05:46,801 - AdaPoinTr - INFO - [Epoch 59/200][Batch 601/2622] BatchTime = 0.709 (s) DataTime = 0.001 (s) Losses = ['6.3699', '45.7624'] lr = 0.0000280
2025-07-19 22:06:58,575 - AdaPoinTr - INFO - [Epoch 59/200][Batch 701/2622] BatchTime = 0.707 (s) DataTime = 0.001 (s) Losses = ['4.7256', '40.0482'] lr = 0.0000280
2025-07-19 22:08:10,332 - AdaPoinTr - INFO - [Epoch 59/200][Batch 801/2622] BatchTime = 0.709 (s) DataTime = 0.001 (s) Losses = ['5.6607', '40.3907'] lr = 0.0000280
2025-07-19 22:09:22,155 - AdaPoinTr - INFO - [Epoch 59/200][Batch 901/2622] BatchTime = 0.714 (s) DataTime = 0.001 (s) Losses = ['5.4021', '41.6556'] lr = 0.0000280
2025-07-19 22:10:33,949 - AdaPoinTr - INFO - [Epoch 59/200][Batch 1001/2622] BatchTime = 0.715 (s) DataTime = 0.001 (s) Losses = ['6.1043', '47.7761'] lr = 0.0000280
2025-07-19 22:11:45,746 - AdaPoinTr - INFO - [Epoch 59/200][Batch 1101/2622] BatchTime = 0.717 (s) DataTime = 0.001 (s) Losses = ['6.1130', '43.9206'] lr = 0.0000280
2025-07-19 22:12:57,578 - AdaPoinTr - INFO - [Epoch 59/200][Batch 1201/2622] BatchTime = 0.719 (s) DataTime = 0.001 (s) Losses = ['5.7750', '44.1257'] lr = 0.0000280
2025-07-19 22:14:09,409 - AdaPoinTr - INFO - [Epoch 59/200][Batch 1301/2622] BatchTime = 0.709 (s) DataTime = 0.001 (s) Losses = ['5.2673', '40.8181'] lr = 0.0000280
2025-07-19 22:15:21,129 - AdaPoinTr - INFO - [Epoch 59/200][Batch 1401/2622] BatchTime = 0.702 (s) DataTime = 0.001 (s) Losses = ['6.5322', '44.8550'] lr = 0.0000280
2025-07-19 22:16:32,597 - AdaPoinTr - INFO - [Epoch 59/200][Batch 1501/2622] BatchTime = 0.708 (s) DataTime = 0.001 (s) Losses = ['5.4598', '41.4716'] lr = 0.0000280
2025-07-19 22:17:44,391 - AdaPoinTr - INFO - [Epoch 59/200][Batch 1601/2622] BatchTime = 0.704 (s) DataTime = 0.001 (s) Losses = ['5.2031', '37.5118'] lr = 0.0000280
2025-07-19 22:18:56,220 - AdaPoinTr - INFO - [Epoch 59/200][Batch 1701/2622] BatchTime = 0.706 (s) DataTime = 0.001 (s) Losses = ['5.3892', '39.0905'] lr = 0.0000280
2025-07-19 22:20:08,027 - AdaPoinTr - INFO - [Epoch 59/200][Batch 1801/2622] BatchTime = 0.705 (s) DataTime = 0.001 (s) Losses = ['5.5044', '39.2377'] lr = 0.0000280
2025-07-19 22:21:19,870 - AdaPoinTr - INFO - [Epoch 59/200][Batch 1901/2622] BatchTime = 0.710 (s) DataTime = 0.001 (s) Losses = ['5.7666', '40.9218'] lr = 0.0000280
2025-07-19 22:22:31,664 - AdaPoinTr - INFO - [Epoch 59/200][Batch 2001/2622] BatchTime = 0.709 (s) DataTime = 0.001 (s) Losses = ['4.7983', '41.5284'] lr = 0.0000280
2025-07-19 22:23:43,522 - AdaPoinTr - INFO - [Epoch 59/200][Batch 2101/2622] BatchTime = 0.713 (s) DataTime = 0.001 (s) Losses = ['5.9966', '44.8155'] lr = 0.0000280
2025-07-19 22:24:55,371 - AdaPoinTr - INFO - [Epoch 59/200][Batch 2201/2622] BatchTime = 0.718 (s) DataTime = 0.001 (s) Losses = ['5.4039', '39.7127'] lr = 0.0000280
2025-07-19 22:26:07,192 - AdaPoinTr - INFO - [Epoch 59/200][Batch 2301/2622] BatchTime = 0.715 (s) DataTime = 0.001 (s) Losses = ['5.3749', '39.7961'] lr = 0.0000280
2025-07-19 22:27:19,025 - AdaPoinTr - INFO - [Epoch 59/200][Batch 2401/2622] BatchTime = 0.716 (s) DataTime = 0.001 (s) Losses = ['5.6813', '42.8371'] lr = 0.0000280
2025-07-19 22:28:30,826 - AdaPoinTr - INFO - [Epoch 59/200][Batch 2501/2622] BatchTime = 0.719 (s) DataTime = 0.001 (s) Losses = ['5.3141', '38.1474'] lr = 0.0000280
2025-07-19 22:29:42,665 - AdaPoinTr - INFO - [Epoch 59/200][Batch 2601/2622] BatchTime = 0.714 (s) DataTime = 0.001 (s) Losses = ['5.4472', '40.2597'] lr = 0.0000280
2025-07-19 22:29:57,760 - AdaPoinTr - INFO - [Training] EPOCH: 59 EpochTime = 1882.821 (s) Losses = ['5.5514', '42.1335']
2025-07-19 22:29:58,207 - AdaPoinTr - INFO - Save checkpoint at ./experiments/AdaPoinTr/ShapeNet55_models/AdaPoinTr/ckpt-last.pth
2025-07-19 22:29:59,002 - AdaPoinTr - INFO - [Epoch 60/200][Batch 1/2622] BatchTime = 0.793 (s) DataTime = 0.084 (s) Losses = ['4.8907', '34.4538'] lr = 0.0000274
2025-07-19 22:31:10,823 - AdaPoinTr - INFO - [Epoch 60/200][Batch 101/2622] BatchTime = 0.709 (s) DataTime = 0.001 (s) Losses = ['5.2391', '43.2792'] lr = 0.0000274
2025-07-19 22:32:22,613 - AdaPoinTr - INFO - [Epoch 60/200][Batch 201/2622] BatchTime = 0.706 (s) DataTime = 0.001 (s) Losses = ['5.6653', '42.3161'] lr = 0.0000274
2025-07-19 22:33:34,422 - AdaPoinTr - INFO - [Epoch 60/200][Batch 301/2622] BatchTime = 0.705 (s) DataTime = 0.001 (s) Losses = ['5.4713', '40.1227'] lr = 0.0000274
2025-07-19 22:34:46,209 - AdaPoinTr - INFO - [Epoch 60/200][Batch 401/2622] BatchTime = 0.706 (s) DataTime = 0.001 (s) Losses = ['5.5991', '42.9074'] lr = 0.0000274
2025-07-19 22:35:58,020 - AdaPoinTr - INFO - [Epoch 60/200][Batch 501/2622] BatchTime = 0.712 (s) DataTime = 0.001 (s) Losses = ['5.4415', '40.6594'] lr = 0.0000274
2025-07-19 22:37:09,812 - AdaPoinTr - INFO - [Epoch 60/200][Batch 601/2622] BatchTime = 0.715 (s) DataTime = 0.001 (s) Losses = ['5.3237', '38.2957'] lr = 0.0000274
2025-07-19 22:38:21,639 - AdaPoinTr - INFO - [Epoch 60/200][Batch 701/2622] BatchTime = 0.715 (s) DataTime = 0.001 (s) Losses = ['5.5013', '45.5110'] lr = 0.0000274
2025-07-19 22:39:33,441 - AdaPoinTr - INFO - [Epoch 60/200][Batch 801/2622] BatchTime = 0.721 (s) DataTime = 0.001 (s) Losses = ['5.3974', '38.3507'] lr = 0.0000274
2025-07-19 22:40:45,229 - AdaPoinTr - INFO - [Epoch 60/200][Batch 901/2622] BatchTime = 0.717 (s) DataTime = 0.001 (s) Losses = ['6.3472', '48.9236'] lr = 0.0000274
2025-07-19 22:41:57,015 - AdaPoinTr - INFO - [Epoch 60/200][Batch 1001/2622] BatchTime = 0.722 (s) DataTime = 0.001 (s) Losses = ['4.9946', '38.3166'] lr = 0.0000274
2025-07-19 22:43:08,884 - AdaPoinTr - INFO - [Epoch 60/200][Batch 1101/2622] BatchTime = 0.716 (s) DataTime = 0.001 (s) Losses = ['5.4395', '45.6184'] lr = 0.0000274
2025-07-19 22:44:20,740 - AdaPoinTr - INFO - [Epoch 60/200][Batch 1201/2622] BatchTime = 0.716 (s) DataTime = 0.001 (s) Losses = ['5.5140', '42.0300'] lr = 0.0000274
2025-07-19 22:45:32,530 - AdaPoinTr - INFO - [Epoch 60/200][Batch 1301/2622] BatchTime = 0.715 (s) DataTime = 0.001 (s) Losses = ['6.2106', '46.0957'] lr = 0.0000274
2025-07-19 22:46:44,318 - AdaPoinTr - INFO - [Epoch 60/200][Batch 1401/2622] BatchTime = 0.715 (s) DataTime = 0.001 (s) Losses = ['5.0255', '36.4098'] lr = 0.0000274
2025-07-19 22:47:56,141 - AdaPoinTr - INFO - [Epoch 60/200][Batch 1501/2622] BatchTime = 0.713 (s) DataTime = 0.001 (s) Losses = ['4.5449', '35.9453'] lr = 0.0000274
2025-07-19 22:49:07,923 - AdaPoinTr - INFO - [Epoch 60/200][Batch 1601/2622] BatchTime = 0.707 (s) DataTime = 0.001 (s) Losses = ['5.7678', '40.9386'] lr = 0.0000274
2025-07-19 22:50:19,734 - AdaPoinTr - INFO - [Epoch 60/200][Batch 1701/2622] BatchTime = 0.712 (s) DataTime = 0.001 (s) Losses = ['4.7038', '33.8969'] lr = 0.0000274
2025-07-19 22:51:31,496 - AdaPoinTr - INFO - [Epoch 60/200][Batch 1801/2622] BatchTime = 0.711 (s) DataTime = 0.001 (s) Losses = ['6.3809', '46.4140'] lr = 0.0000274
2025-07-19 22:52:43,357 - AdaPoinTr - INFO - [Epoch 60/200][Batch 1901/2622] BatchTime = 0.707 (s) DataTime = 0.001 (s) Losses = ['5.7610', '42.5356'] lr = 0.0000274
2025-07-19 22:53:55,153 - AdaPoinTr - INFO - [Epoch 60/200][Batch 2001/2622] BatchTime = 0.709 (s) DataTime = 0.001 (s) Losses = ['5.2149', '39.2040'] lr = 0.0000274
2025-07-19 22:55:06,964 - AdaPoinTr - INFO - [Epoch 60/200][Batch 2101/2622] BatchTime = 0.718 (s) DataTime = 0.001 (s) Losses = ['5.9828', '49.3382'] lr = 0.0000274
2025-07-19 22:56:18,776 - AdaPoinTr - INFO - [Epoch 60/200][Batch 2201/2622] BatchTime = 0.715 (s) DataTime = 0.001 (s) Losses = ['5.6697', '41.5742'] lr = 0.0000274
2025-07-19 22:57:30,586 - AdaPoinTr - INFO - [Epoch 60/200][Batch 2301/2622] BatchTime = 0.717 (s) DataTime = 0.001 (s) Losses = ['5.2750', '36.8169'] lr = 0.0000274
2025-07-19 22:58:42,401 - AdaPoinTr - INFO - [Epoch 60/200][Batch 2401/2622] BatchTime = 0.715 (s) DataTime = 0.001 (s) Losses = ['5.6513', '42.5152'] lr = 0.0000274
2025-07-19 22:59:54,270 - AdaPoinTr - INFO - [Epoch 60/200][Batch 2501/2622] BatchTime = 0.717 (s) DataTime = 0.001 (s) Losses = ['5.7353', '43.7447'] lr = 0.0000274
2025-07-19 23:01:06,097 - AdaPoinTr - INFO - [Epoch 60/200][Batch 2601/2622] BatchTime = 0.713 (s) DataTime = 0.001 (s) Losses = ['4.9695', '39.7855'] lr = 0.0000274
2025-07-19 23:01:21,209 - AdaPoinTr - INFO - [Training] EPOCH: 60 EpochTime = 1883.001 (s) Losses = ['5.5626', '42.1778']
2025-07-19 23:01:21,209 - AdaPoinTr - INFO - [VALIDATION] Start validating epoch 60
2025-07-19 23:02:28,791 - AdaPoinTr - INFO - Test[1051/10518] Taxonomy = 02691156 Sample = c7749c0a8b61f43bc9b9e28055202e3d Losses = ['22.0085', '1.8608', '9.1266', '0.2689'] Metrics = ['0.5550', '9.1266', '0.2689', '0.0000']
2025-07-19 23:03:35,780 - AdaPoinTr - INFO - Test[2102/10518] Taxonomy = 03211117 Sample = ab2f9418c111cc6ddb965514105122a4 Losses = ['24.6003', '2.2946', '7.8392', '0.2245'] Metrics = ['0.6340', '7.8392', '0.2245', '0.0000']
2025-07-19 23:04:36,459 - AdaPoinTr - INFO - Test[3153/10518] Taxonomy = 02876657 Sample = c5032e4be091aabb36fe7a88df793982 Losses = ['44.4251', '8.6977', '18.3539', '1.8964'] Metrics = ['0.2987', '18.3539', '1.8964', '0.0000']
2025-07-19 23:05:19,098 - AdaPoinTr - INFO - Test[4204/10518] Taxonomy = 03211117 Sample = 722df1da5778d45b1e43523279c7f09f Losses = ['31.7973', '3.7068', '12.6071', '0.6029'] Metrics = ['0.3995', '12.6071', '0.6029', '0.0000']
2025-07-19 23:06:01,760 - AdaPoinTr - INFO - Test[5255/10518] Taxonomy = 02828884 Sample = 14b63361a48a9fffe4a048c146e8bd43 Losses = ['35.4667', '4.5896', '22.1981', '2.3406'] Metrics = ['0.3345', '22.1981', '2.3406', '0.0000']
2025-07-19 23:06:44,363 - AdaPoinTr - INFO - Test[6306/10518] Taxonomy = 03211117 Sample = d330d50a0255529d19ed6e1a590c9122 Losses = ['28.7535', '3.5575', '11.9690', '0.6501'] Metrics = ['0.4540', '11.9690', '0.6501', '0.0000']
2025-07-19 23:07:26,975 - AdaPoinTr - INFO - Test[7357/10518] Taxonomy = 04379243 Sample = b1ca280d9567270ade98d10ab5975b59 Losses = ['31.8780', '3.8576', '14.1986', '0.5897'] Metrics = ['0.2716', '14.1986', '0.5897', '0.0000']
2025-07-19 23:08:09,592 - AdaPoinTr - INFO - Test[8408/10518] Taxonomy = 03001627 Sample = 89208a619341d9fdb8c516ed5c4ce32 Losses = ['29.1720', '3.3701', '14.5271', '0.7443'] Metrics = ['0.3039', '14.5271', '0.7443', '0.0000']
2025-07-19 23:08:52,223 - AdaPoinTr - INFO - Test[9459/10518] Taxonomy = 03001627 Sample = d0255120e3351121c3bd24f986301745 Losses = ['38.8309', '6.6893', '19.9620', '2.0439'] Metrics = ['0.2234', '19.9620', '2.0439', '0.0000']
2025-07-19 23:09:34,862 - AdaPoinTr - INFO - Test[10510/10518] Taxonomy = 03636649 Sample = ea9ec4d9db2e06202471e6dd5ac3ef92 Losses = ['16.2698', '1.1034', '5.7228', '0.1363'] Metrics = ['0.9075', '5.7228', '0.1363', '0.0000']
2025-07-19 23:09:35,211 - AdaPoinTr - INFO - [Validation] EPOCH: 60  Metrics = ['0.3682', '14.3382', '0.9520', '0.0000']
2025-07-19 23:09:35,214 - AdaPoinTr - INFO - ============================ TEST RESULTS ============================
2025-07-19 23:09:35,214 - AdaPoinTr - INFO - Taxonomy	#Sample	F-Score	CDL1	CDL2	EMDistance	#ModelName	
2025-07-19 23:09:35,214 - AdaPoinTr - INFO - 03759954	14	0.565 	14.556 	1.705 	0.000 	microphone	
2025-07-19 23:09:35,214 - AdaPoinTr - INFO - 04330267	44	0.288 	15.199 	0.874 	0.000 	stove	
2025-07-19 23:09:35,214 - AdaPoinTr - INFO - 03261776	15	0.302 	17.484 	1.465 	0.000 	earphone	
2025-07-19 23:09:35,214 - AdaPoinTr - INFO - 03513137	33	0.216 	19.666 	1.891 	0.000 	helmet	
2025-07-19 23:09:35,214 - AdaPoinTr - INFO - 04460130	27	0.422 	13.299 	0.705 	0.000 	tower	
2025-07-19 23:09:35,214 - AdaPoinTr - INFO - 04468005	78	0.387 	12.771 	0.673 	0.000 	train	
2025-07-19 23:09:35,214 - AdaPoinTr - INFO - 03761084	31	0.243 	16.787 	1.087 	0.000 	microwaves	
2025-07-19 23:09:35,214 - AdaPoinTr - INFO - 04004475	34	0.268 	17.673 	1.550 	0.000 	printer	
2025-07-19 23:09:35,214 - AdaPoinTr - INFO - 03938244	20	0.305 	14.722 	0.872 	0.000 	pillow	
2025-07-19 23:09:35,214 - AdaPoinTr - INFO - 02992529	167	0.420 	11.113 	0.447 	0.000 	cellphone	
2025-07-19 23:09:35,214 - AdaPoinTr - INFO - 02808440	172	0.292 	15.231 	1.034 	0.000 	bathtub	
2025-07-19 23:09:35,214 - AdaPoinTr - INFO - 04530566	388	0.494 	11.531 	0.625 	0.000 	watercraft	
2025-07-19 23:09:35,214 - AdaPoinTr - INFO - 02871439	91	0.249 	16.852 	1.239 	0.000 	bookshelf	
2025-07-19 23:09:35,214 - AdaPoinTr - INFO - 03593526	120	0.271 	17.160 	1.251 	0.000 	jar	
2025-07-19 23:09:35,214 - AdaPoinTr - INFO - 04554684	34	0.233 	17.364 	1.271 	0.000 	washer	
2025-07-19 23:09:35,214 - AdaPoinTr - INFO - 03467517	160	0.811 	6.861 	0.219 	0.000 	guitar	
2025-07-19 23:09:35,214 - AdaPoinTr - INFO - 04401088	218	0.423 	11.087 	0.459 	0.000 	telephone	
2025-07-19 23:09:35,214 - AdaPoinTr - INFO - 02954340	12	0.311 	14.117 	0.743 	0.000 	cap	
2025-07-19 23:09:35,214 - AdaPoinTr - INFO - 02933112	315	0.243 	15.512 	0.863 	0.000 	cabinet	
2025-07-19 23:09:35,214 - AdaPoinTr - INFO - 03642806	92	0.380 	11.523 	0.452 	0.000 	laptop	
2025-07-19 23:09:35,214 - AdaPoinTr - INFO - 02924116	188	0.360 	12.780 	0.610 	0.000 	bus	
2025-07-19 23:09:35,214 - AdaPoinTr - INFO - 02946921	22	0.258 	16.573 	1.211 	0.000 	can	
2025-07-19 23:09:35,214 - AdaPoinTr - INFO - 02818832	47	0.279 	17.310 	1.453 	0.000 	bed	
2025-07-19 23:09:35,214 - AdaPoinTr - INFO - 04256520	635	0.300 	14.560 	0.795 	0.000 	sofa	
2025-07-19 23:09:35,214 - AdaPoinTr - INFO - 04379243	1687	0.385 	12.953 	0.793 	0.000 	table	
2025-07-19 23:09:35,214 - AdaPoinTr - INFO - 02747177	69	0.195 	17.922 	1.146 	0.000 	trash bin	
2025-07-19 23:09:35,214 - AdaPoinTr - INFO - 03046257	131	0.315 	14.525 	0.851 	0.000 	clock	
2025-07-19 23:09:35,214 - AdaPoinTr - INFO - 04225987	31	0.552 	9.952 	0.429 	0.000 	skateboard	
2025-07-19 23:09:35,214 - AdaPoinTr - INFO - 03797390	43	0.192 	18.811 	1.340 	0.000 	mug	
2025-07-19 23:09:35,215 - AdaPoinTr - INFO - 03001627	1356	0.368 	13.987 	0.898 	0.000 	chair	
2025-07-19 23:09:35,215 - AdaPoinTr - INFO - 03691459	320	0.257 	17.073 	1.227 	0.000 	loudspeaker	
2025-07-19 23:09:35,215 - AdaPoinTr - INFO - 02942699	23	0.248 	21.156 	2.579 	0.000 	camera	
2025-07-19 23:09:35,215 - AdaPoinTr - INFO - 03636649	464	0.536 	13.279 	1.243 	0.000 	lamp	
2025-07-19 23:09:35,215 - AdaPoinTr - INFO - 02691156	809	0.574 	9.722 	0.442 	0.000 	airplane	
2025-07-19 23:09:35,215 - AdaPoinTr - INFO - 02773838	17	0.357 	13.318 	0.766 	0.000 	bag	
2025-07-19 23:09:35,215 - AdaPoinTr - INFO - 02958343	703	0.221 	16.436 	0.953 	0.000 	car	
2025-07-19 23:09:35,215 - AdaPoinTr - INFO - 02880940	38	0.234 	15.988 	0.886 	0.000 	bowl	
2025-07-19 23:09:35,215 - AdaPoinTr - INFO - 04099429	17	0.705 	8.487 	0.364 	0.000 	rocket	
2025-07-19 23:09:35,215 - AdaPoinTr - INFO - 02828884	363	0.437 	11.355 	0.573 	0.000 	bench	
2025-07-19 23:09:35,215 - AdaPoinTr - INFO - 04090263	475	0.691 	8.659 	0.403 	0.000 	rifle	
2025-07-19 23:09:35,215 - AdaPoinTr - INFO - 03211117	219	0.352 	13.373 	0.747 	0.000 	display	
2025-07-19 23:09:35,215 - AdaPoinTr - INFO - 02876657	100	0.426 	12.715 	0.751 	0.000 	bottle	
2025-07-19 23:09:35,215 - AdaPoinTr - INFO - 03710193	19	0.532 	11.665 	0.734 	0.000 	mailbox	
2025-07-19 23:09:35,215 - AdaPoinTr - INFO - 03790512	68	0.251 	16.848 	1.092 	0.000 	motorbike	
2025-07-19 23:09:35,215 - AdaPoinTr - INFO - 03325088	149	0.465 	14.920 	1.469 	0.000 	faucet	
2025-07-19 23:09:35,215 - AdaPoinTr - INFO - 02801938	23	0.226 	17.332 	1.253 	0.000 	basket	
2025-07-19 23:09:35,215 - AdaPoinTr - INFO - 03337140	60	0.241 	16.708 	1.117 	0.000 	file cabinet	
2025-07-19 23:09:35,215 - AdaPoinTr - INFO - 02843684	15	0.233 	18.575 	1.386 	0.000 	birdhouse	
2025-07-19 23:09:35,215 - AdaPoinTr - INFO - 03624134	85	0.775 	7.434 	0.307 	0.000 	knife	
2025-07-19 23:09:35,215 - AdaPoinTr - INFO - 03991062	121	0.232 	19.380 	1.654 	0.000 	flowerpot	
2025-07-19 23:09:35,215 - AdaPoinTr - INFO - 03948459	62	0.474 	11.714 	0.608 	0.000 	pistol	
2025-07-19 23:09:35,215 - AdaPoinTr - INFO - 03928116	48	0.291 	15.766 	1.106 	0.000 	piano	
2025-07-19 23:09:35,215 - AdaPoinTr - INFO - 03207941	19	0.242 	15.527 	0.854 	0.000 	dishwasher	
2025-07-19 23:09:35,215 - AdaPoinTr - INFO - 04074963	14	0.469 	10.896 	0.464 	0.000 	remote	
2025-07-19 23:09:35,215 - AdaPoinTr - INFO - 03085013	13	0.450 	10.391 	0.427 	0.000 	keyboard	
2025-07-19 23:09:35,215 - AdaPoinTr - INFO - Overall		0.368 	14.338 	0.952 	0.000 	
2025-07-19 23:09:35,622 - AdaPoinTr - INFO - Save checkpoint at ./experiments/AdaPoinTr/ShapeNet55_models/AdaPoinTr/ckpt-best.pth
2025-07-19 23:09:36,037 - AdaPoinTr - INFO - Save checkpoint at ./experiments/AdaPoinTr/ShapeNet55_models/AdaPoinTr/ckpt-last.pth
2025-07-19 23:09:36,656 - AdaPoinTr - INFO - [Epoch 61/200][Batch 1/2622] BatchTime = 0.618 (s) DataTime = 0.088 (s) Losses = ['5.0332', '37.9135'] lr = 0.0000268
2025-07-19 23:10:28,203 - AdaPoinTr - INFO - [Epoch 61/200][Batch 101/2622] BatchTime = 0.514 (s) DataTime = 0.001 (s) Losses = ['5.1715', '36.0996'] lr = 0.0000268
2025-07-19 23:11:19,748 - AdaPoinTr - INFO - [Epoch 61/200][Batch 201/2622] BatchTime = 0.512 (s) DataTime = 0.001 (s) Losses = ['5.8404', '43.7987'] lr = 0.0000268
2025-07-19 23:12:11,256 - AdaPoinTr - INFO - [Epoch 61/200][Batch 301/2622] BatchTime = 0.510 (s) DataTime = 0.001 (s) Losses = ['5.0990', '38.5823'] lr = 0.0000268
2025-07-19 23:13:10,951 - AdaPoinTr - INFO - [Epoch 61/200][Batch 401/2622] BatchTime = 0.717 (s) DataTime = 0.001 (s) Losses = ['5.3949', '40.8264'] lr = 0.0000268
2025-07-19 23:14:22,716 - AdaPoinTr - INFO - [Epoch 61/200][Batch 501/2622] BatchTime = 0.708 (s) DataTime = 0.001 (s) Losses = ['5.5667', '41.5610'] lr = 0.0000268
2025-07-19 23:15:34,510 - AdaPoinTr - INFO - [Epoch 61/200][Batch 601/2622] BatchTime = 0.706 (s) DataTime = 0.001 (s) Losses = ['5.5093', '38.3310'] lr = 0.0000268
2025-07-19 23:16:46,295 - AdaPoinTr - INFO - [Epoch 61/200][Batch 701/2622] BatchTime = 0.706 (s) DataTime = 0.001 (s) Losses = ['5.8883', '45.4683'] lr = 0.0000268
2025-07-19 23:17:58,081 - AdaPoinTr - INFO - [Epoch 61/200][Batch 801/2622] BatchTime = 0.715 (s) DataTime = 0.001 (s) Losses = ['6.0863', '43.9558'] lr = 0.0000268
2025-07-19 23:19:09,879 - AdaPoinTr - INFO - [Epoch 61/200][Batch 901/2622] BatchTime = 0.711 (s) DataTime = 0.001 (s) Losses = ['5.9448', '50.4298'] lr = 0.0000268
2025-07-19 23:20:21,702 - AdaPoinTr - INFO - [Epoch 61/200][Batch 1001/2622] BatchTime = 0.716 (s) DataTime = 0.001 (s) Losses = ['5.5463', '41.7603'] lr = 0.0000268
2025-07-19 23:21:33,534 - AdaPoinTr - INFO - [Epoch 61/200][Batch 1101/2622] BatchTime = 0.717 (s) DataTime = 0.001 (s) Losses = ['5.8128', '44.0642'] lr = 0.0000268
2025-07-19 23:22:45,328 - AdaPoinTr - INFO - [Epoch 61/200][Batch 1201/2622] BatchTime = 0.716 (s) DataTime = 0.001 (s) Losses = ['5.6984', '40.3349'] lr = 0.0000268
2025-07-19 23:23:57,136 - AdaPoinTr - INFO - [Epoch 61/200][Batch 1301/2622] BatchTime = 0.714 (s) DataTime = 0.001 (s) Losses = ['5.1336', '44.0136'] lr = 0.0000268
2025-07-19 23:25:08,922 - AdaPoinTr - INFO - [Epoch 61/200][Batch 1401/2622] BatchTime = 0.709 (s) DataTime = 0.001 (s) Losses = ['6.2803', '46.1357'] lr = 0.0000268
2025-07-19 23:26:20,806 - AdaPoinTr - INFO - [Epoch 61/200][Batch 1501/2622] BatchTime = 0.715 (s) DataTime = 0.001 (s) Losses = ['4.8601', '36.2920'] lr = 0.0000268
2025-07-19 23:27:32,584 - AdaPoinTr - INFO - [Epoch 61/200][Batch 1601/2622] BatchTime = 0.706 (s) DataTime = 0.001 (s) Losses = ['5.8017', '44.4132'] lr = 0.0000268
2025-07-19 23:28:44,373 - AdaPoinTr - INFO - [Epoch 61/200][Batch 1701/2622] BatchTime = 0.704 (s) DataTime = 0.001 (s) Losses = ['5.6152', '45.0468'] lr = 0.0000268
2025-07-19 23:29:56,161 - AdaPoinTr - INFO - [Epoch 61/200][Batch 1801/2622] BatchTime = 0.708 (s) DataTime = 0.001 (s) Losses = ['5.4835', '37.9841'] lr = 0.0000268
2025-07-19 23:31:07,980 - AdaPoinTr - INFO - [Epoch 61/200][Batch 1901/2622] BatchTime = 0.716 (s) DataTime = 0.001 (s) Losses = ['5.7324', '40.8791'] lr = 0.0000268
2025-07-19 23:32:19,791 - AdaPoinTr - INFO - [Epoch 61/200][Batch 2001/2622] BatchTime = 0.710 (s) DataTime = 0.001 (s) Losses = ['5.4813', '40.3042'] lr = 0.0000268
2025-07-19 23:33:31,603 - AdaPoinTr - INFO - [Epoch 61/200][Batch 2101/2622] BatchTime = 0.714 (s) DataTime = 0.001 (s) Losses = ['6.0176', '45.7613'] lr = 0.0000268
2025-07-19 23:34:43,405 - AdaPoinTr - INFO - [Epoch 61/200][Batch 2201/2622] BatchTime = 0.716 (s) DataTime = 0.001 (s) Losses = ['6.2321', '46.1506'] lr = 0.0000268
2025-07-19 23:35:55,177 - AdaPoinTr - INFO - [Epoch 61/200][Batch 2301/2622] BatchTime = 0.710 (s) DataTime = 0.001 (s) Losses = ['5.2632', '44.8164'] lr = 0.0000268
2025-07-19 23:37:06,972 - AdaPoinTr - INFO - [Epoch 61/200][Batch 2401/2622] BatchTime = 0.712 (s) DataTime = 0.001 (s) Losses = ['5.0508', '38.5875'] lr = 0.0000268
2025-07-19 23:38:18,815 - AdaPoinTr - INFO - [Epoch 61/200][Batch 2501/2622] BatchTime = 0.711 (s) DataTime = 0.001 (s) Losses = ['5.9882', '45.6088'] lr = 0.0000268
2025-07-19 23:39:30,612 - AdaPoinTr - INFO - [Epoch 61/200][Batch 2601/2622] BatchTime = 0.704 (s) DataTime = 0.001 (s) Losses = ['5.7251', '42.1650'] lr = 0.0000268
2025-07-19 23:39:45,740 - AdaPoinTr - INFO - [Training] EPOCH: 61 EpochTime = 1809.702 (s) Losses = ['5.5453', '42.0335']
2025-07-19 23:39:46,188 - AdaPoinTr - INFO - Save checkpoint at ./experiments/AdaPoinTr/ShapeNet55_models/AdaPoinTr/ckpt-last.pth
2025-07-19 23:39:46,983 - AdaPoinTr - INFO - [Epoch 62/200][Batch 1/2622] BatchTime = 0.793 (s) DataTime = 0.086 (s) Losses = ['5.4892', '44.1447'] lr = 0.0000262
2025-07-19 23:40:58,775 - AdaPoinTr - INFO - [Epoch 62/200][Batch 101/2622] BatchTime = 0.712 (s) DataTime = 0.001 (s) Losses = ['5.4895', '40.2863'] lr = 0.0000262
2025-07-19 23:42:10,601 - AdaPoinTr - INFO - [Epoch 62/200][Batch 201/2622] BatchTime = 0.715 (s) DataTime = 0.001 (s) Losses = ['5.5026', '41.9530'] lr = 0.0000262
2025-07-19 23:43:22,393 - AdaPoinTr - INFO - [Epoch 62/200][Batch 301/2622] BatchTime = 0.718 (s) DataTime = 0.001 (s) Losses = ['5.4556', '38.9085'] lr = 0.0000262
2025-07-19 23:44:34,188 - AdaPoinTr - INFO - [Epoch 62/200][Batch 401/2622] BatchTime = 0.711 (s) DataTime = 0.001 (s) Losses = ['5.8945', '42.6859'] lr = 0.0000262
2025-07-19 23:45:45,996 - AdaPoinTr - INFO - [Epoch 62/200][Batch 501/2622] BatchTime = 0.712 (s) DataTime = 0.001 (s) Losses = ['5.7466', '41.6484'] lr = 0.0000262
2025-07-19 23:46:57,800 - AdaPoinTr - INFO - [Epoch 62/200][Batch 601/2622] BatchTime = 0.710 (s) DataTime = 0.001 (s) Losses = ['5.3640', '45.7389'] lr = 0.0000262
2025-07-19 23:48:09,645 - AdaPoinTr - INFO - [Epoch 62/200][Batch 701/2622] BatchTime = 0.714 (s) DataTime = 0.001 (s) Losses = ['5.6678', '41.1238'] lr = 0.0000262
2025-07-19 23:49:21,436 - AdaPoinTr - INFO - [Epoch 62/200][Batch 801/2622] BatchTime = 0.705 (s) DataTime = 0.001 (s) Losses = ['5.7369', '44.5937'] lr = 0.0000262
2025-07-19 23:50:33,251 - AdaPoinTr - INFO - [Epoch 62/200][Batch 901/2622] BatchTime = 0.705 (s) DataTime = 0.001 (s) Losses = ['5.6925', '42.0281'] lr = 0.0000262
2025-07-19 23:51:44,994 - AdaPoinTr - INFO - [Epoch 62/200][Batch 1001/2622] BatchTime = 0.715 (s) DataTime = 0.001 (s) Losses = ['5.5852', '41.8077'] lr = 0.0000262
2025-07-19 23:52:56,790 - AdaPoinTr - INFO - [Epoch 62/200][Batch 1101/2622] BatchTime = 0.718 (s) DataTime = 0.001 (s) Losses = ['5.3768', '41.6834'] lr = 0.0000262
2025-07-19 23:54:08,649 - AdaPoinTr - INFO - [Epoch 62/200][Batch 1201/2622] BatchTime = 0.716 (s) DataTime = 0.001 (s) Losses = ['5.8103', '45.2542'] lr = 0.0000262
2025-07-19 23:55:20,452 - AdaPoinTr - INFO - [Epoch 62/200][Batch 1301/2622] BatchTime = 0.719 (s) DataTime = 0.001 (s) Losses = ['5.4073', '40.2063'] lr = 0.0000262
2025-07-19 23:56:32,285 - AdaPoinTr - INFO - [Epoch 62/200][Batch 1401/2622] BatchTime = 0.715 (s) DataTime = 0.001 (s) Losses = ['6.0692', '44.0724'] lr = 0.0000262
2025-07-19 23:57:44,076 - AdaPoinTr - INFO - [Epoch 62/200][Batch 1501/2622] BatchTime = 0.716 (s) DataTime = 0.001 (s) Losses = ['4.9626', '39.8811'] lr = 0.0000262
2025-07-19 23:58:55,847 - AdaPoinTr - INFO - [Epoch 62/200][Batch 1601/2622] BatchTime = 0.708 (s) DataTime = 0.001 (s) Losses = ['5.8113', '47.4366'] lr = 0.0000262
2025-07-20 00:00:07,662 - AdaPoinTr - INFO - [Epoch 62/200][Batch 1701/2622] BatchTime = 0.705 (s) DataTime = 0.001 (s) Losses = ['5.0793', '43.0428'] lr = 0.0000262
2025-07-20 00:01:19,455 - AdaPoinTr - INFO - [Epoch 62/200][Batch 1801/2622] BatchTime = 0.716 (s) DataTime = 0.001 (s) Losses = ['5.9102', '46.1567'] lr = 0.0000262
2025-07-20 00:02:30,947 - AdaPoinTr - INFO - [Epoch 62/200][Batch 1901/2622] BatchTime = 0.716 (s) DataTime = 0.001 (s) Losses = ['5.7243', '41.4663'] lr = 0.0000262
2025-07-20 00:03:42,716 - AdaPoinTr - INFO - [Epoch 62/200][Batch 2001/2622] BatchTime = 0.717 (s) DataTime = 0.001 (s) Losses = ['4.9433', '38.9743'] lr = 0.0000262
2025-07-20 00:04:54,462 - AdaPoinTr - INFO - [Epoch 62/200][Batch 2101/2622] BatchTime = 0.713 (s) DataTime = 0.001 (s) Losses = ['4.9326', '38.3247'] lr = 0.0000262
2025-07-20 00:06:06,261 - AdaPoinTr - INFO - [Epoch 62/200][Batch 2201/2622] BatchTime = 0.710 (s) DataTime = 0.001 (s) Losses = ['4.6920', '36.1901'] lr = 0.0000262
2025-07-20 00:07:18,088 - AdaPoinTr - INFO - [Epoch 62/200][Batch 2301/2622] BatchTime = 0.702 (s) DataTime = 0.001 (s) Losses = ['5.5708', '40.2885'] lr = 0.0000262
2025-07-20 00:08:29,942 - AdaPoinTr - INFO - [Epoch 62/200][Batch 2401/2622] BatchTime = 0.709 (s) DataTime = 0.001 (s) Losses = ['5.6361', '41.9798'] lr = 0.0000262
2025-07-20 00:09:41,739 - AdaPoinTr - INFO - [Epoch 62/200][Batch 2501/2622] BatchTime = 0.712 (s) DataTime = 0.001 (s) Losses = ['4.8443', '37.7858'] lr = 0.0000262
2025-07-20 00:10:53,522 - AdaPoinTr - INFO - [Epoch 62/200][Batch 2601/2622] BatchTime = 0.718 (s) DataTime = 0.001 (s) Losses = ['4.5949', '33.3901'] lr = 0.0000262
2025-07-20 00:11:08,630 - AdaPoinTr - INFO - [Training] EPOCH: 62 EpochTime = 1882.441 (s) Losses = ['5.5208', '41.9785']
2025-07-20 00:11:09,079 - AdaPoinTr - INFO - Save checkpoint at ./experiments/AdaPoinTr/ShapeNet55_models/AdaPoinTr/ckpt-last.pth
2025-07-20 00:11:09,880 - AdaPoinTr - INFO - [Epoch 63/200][Batch 1/2622] BatchTime = 0.800 (s) DataTime = 0.086 (s) Losses = ['5.0404', '40.5711'] lr = 0.0000257
2025-07-20 00:12:21,709 - AdaPoinTr - INFO - [Epoch 63/200][Batch 101/2622] BatchTime = 0.722 (s) DataTime = 0.001 (s) Losses = ['5.9281', '41.1177'] lr = 0.0000257
2025-07-20 00:13:33,479 - AdaPoinTr - INFO - [Epoch 63/200][Batch 201/2622] BatchTime = 0.709 (s) DataTime = 0.001 (s) Losses = ['5.2250', '42.1381'] lr = 0.0000257
2025-07-20 00:14:45,314 - AdaPoinTr - INFO - [Epoch 63/200][Batch 301/2622] BatchTime = 0.707 (s) DataTime = 0.001 (s) Losses = ['5.6598', '42.2416'] lr = 0.0000257
2025-07-20 00:15:57,165 - AdaPoinTr - INFO - [Epoch 63/200][Batch 401/2622] BatchTime = 0.706 (s) DataTime = 0.001 (s) Losses = ['5.2275', '40.8201'] lr = 0.0000257
2025-07-20 00:17:08,985 - AdaPoinTr - INFO - [Epoch 63/200][Batch 501/2622] BatchTime = 0.711 (s) DataTime = 0.001 (s) Losses = ['5.1407', '41.4756'] lr = 0.0000257
2025-07-20 00:18:20,784 - AdaPoinTr - INFO - [Epoch 63/200][Batch 601/2622] BatchTime = 0.712 (s) DataTime = 0.001 (s) Losses = ['5.6395', '43.4062'] lr = 0.0000257
2025-07-20 00:19:32,580 - AdaPoinTr - INFO - [Epoch 63/200][Batch 701/2622] BatchTime = 0.712 (s) DataTime = 0.001 (s) Losses = ['5.2752', '41.0016'] lr = 0.0000257
2025-07-20 00:20:44,385 - AdaPoinTr - INFO - [Epoch 63/200][Batch 801/2622] BatchTime = 0.715 (s) DataTime = 0.001 (s) Losses = ['5.4768', '40.1768'] lr = 0.0000257
2025-07-20 00:21:56,218 - AdaPoinTr - INFO - [Epoch 63/200][Batch 901/2622] BatchTime = 0.716 (s) DataTime = 0.001 (s) Losses = ['5.3075', '43.4453'] lr = 0.0000257
2025-07-20 00:23:08,026 - AdaPoinTr - INFO - [Epoch 63/200][Batch 1001/2622] BatchTime = 0.710 (s) DataTime = 0.001 (s) Losses = ['5.3331', '41.8145'] lr = 0.0000257
2025-07-20 00:24:19,835 - AdaPoinTr - INFO - [Epoch 63/200][Batch 1101/2622] BatchTime = 0.709 (s) DataTime = 0.001 (s) Losses = ['5.7984', '43.9242'] lr = 0.0000257
2025-07-20 00:25:31,699 - AdaPoinTr - INFO - [Epoch 63/200][Batch 1201/2622] BatchTime = 0.716 (s) DataTime = 0.001 (s) Losses = ['5.1414', '40.1450'] lr = 0.0000257
2025-07-20 00:26:43,560 - AdaPoinTr - INFO - [Epoch 63/200][Batch 1301/2622] BatchTime = 0.709 (s) DataTime = 0.001 (s) Losses = ['5.6304', '52.3153'] lr = 0.0000257
2025-07-20 00:27:55,339 - AdaPoinTr - INFO - [Epoch 63/200][Batch 1401/2622] BatchTime = 0.706 (s) DataTime = 0.001 (s) Losses = ['5.6048', '42.2454'] lr = 0.0000257
2025-07-20 00:29:07,159 - AdaPoinTr - INFO - [Epoch 63/200][Batch 1501/2622] BatchTime = 0.708 (s) DataTime = 0.001 (s) Losses = ['5.8187', '42.5269'] lr = 0.0000257
2025-07-20 00:30:18,976 - AdaPoinTr - INFO - [Epoch 63/200][Batch 1601/2622] BatchTime = 0.717 (s) DataTime = 0.001 (s) Losses = ['5.1488', '39.8721'] lr = 0.0000257
2025-07-20 00:31:30,761 - AdaPoinTr - INFO - [Epoch 63/200][Batch 1701/2622] BatchTime = 0.711 (s) DataTime = 0.001 (s) Losses = ['5.5077', '40.0185'] lr = 0.0000257
2025-07-20 00:32:42,571 - AdaPoinTr - INFO - [Epoch 63/200][Batch 1801/2622] BatchTime = 0.717 (s) DataTime = 0.001 (s) Losses = ['6.0625', '43.7718'] lr = 0.0000257
2025-07-20 00:33:54,364 - AdaPoinTr - INFO - [Epoch 63/200][Batch 1901/2622] BatchTime = 0.714 (s) DataTime = 0.001 (s) Losses = ['5.7717', '40.1191'] lr = 0.0000257
2025-07-20 00:35:06,184 - AdaPoinTr - INFO - [Epoch 63/200][Batch 2001/2622] BatchTime = 0.708 (s) DataTime = 0.001 (s) Losses = ['5.8450', '43.7308'] lr = 0.0000257
2025-07-20 00:36:18,001 - AdaPoinTr - INFO - [Epoch 63/200][Batch 2101/2622] BatchTime = 0.710 (s) DataTime = 0.001 (s) Losses = ['5.6081', '40.3938'] lr = 0.0000257
2025-07-20 00:37:29,847 - AdaPoinTr - INFO - [Epoch 63/200][Batch 2201/2622] BatchTime = 0.704 (s) DataTime = 0.001 (s) Losses = ['5.5706', '40.6646'] lr = 0.0000257
2025-07-20 00:38:41,663 - AdaPoinTr - INFO - [Epoch 63/200][Batch 2301/2622] BatchTime = 0.706 (s) DataTime = 0.001 (s) Losses = ['5.5187', '42.0746'] lr = 0.0000257
2025-07-20 00:39:53,462 - AdaPoinTr - INFO - [Epoch 63/200][Batch 2401/2622] BatchTime = 0.707 (s) DataTime = 0.001 (s) Losses = ['5.5361', '41.9121'] lr = 0.0000257
2025-07-20 00:41:05,262 - AdaPoinTr - INFO - [Epoch 63/200][Batch 2501/2622] BatchTime = 0.716 (s) DataTime = 0.001 (s) Losses = ['5.7500', '41.9299'] lr = 0.0000257
2025-07-20 00:42:17,092 - AdaPoinTr - INFO - [Epoch 63/200][Batch 2601/2622] BatchTime = 0.720 (s) DataTime = 0.001 (s) Losses = ['5.3235', '40.0403'] lr = 0.0000257
2025-07-20 00:42:32,186 - AdaPoinTr - INFO - [Training] EPOCH: 63 EpochTime = 1883.106 (s) Losses = ['5.5043', '41.9005']
2025-07-20 00:42:32,633 - AdaPoinTr - INFO - Save checkpoint at ./experiments/AdaPoinTr/ShapeNet55_models/AdaPoinTr/ckpt-last.pth
2025-07-20 00:42:33,440 - AdaPoinTr - INFO - [Epoch 64/200][Batch 1/2622] BatchTime = 0.806 (s) DataTime = 0.088 (s) Losses = ['4.8525', '38.5328'] lr = 0.0000251
2025-07-20 00:43:45,256 - AdaPoinTr - INFO - [Epoch 64/200][Batch 101/2622] BatchTime = 0.720 (s) DataTime = 0.001 (s) Losses = ['5.9226', '51.9398'] lr = 0.0000251
2025-07-20 00:44:57,051 - AdaPoinTr - INFO - [Epoch 64/200][Batch 201/2622] BatchTime = 0.711 (s) DataTime = 0.001 (s) Losses = ['5.5970', '44.3020'] lr = 0.0000251
2025-07-20 00:46:08,830 - AdaPoinTr - INFO - [Epoch 64/200][Batch 301/2622] BatchTime = 0.707 (s) DataTime = 0.001 (s) Losses = ['5.3413', '36.8282'] lr = 0.0000251
2025-07-20 00:47:20,640 - AdaPoinTr - INFO - [Epoch 64/200][Batch 401/2622] BatchTime = 0.712 (s) DataTime = 0.001 (s) Losses = ['5.5707', '41.4038'] lr = 0.0000251
2025-07-20 00:48:32,473 - AdaPoinTr - INFO - [Epoch 64/200][Batch 501/2622] BatchTime = 0.705 (s) DataTime = 0.001 (s) Losses = ['5.2838', '43.5471'] lr = 0.0000251
2025-07-20 00:49:44,330 - AdaPoinTr - INFO - [Epoch 64/200][Batch 601/2622] BatchTime = 0.706 (s) DataTime = 0.001 (s) Losses = ['5.5086', '46.5514'] lr = 0.0000251
2025-07-20 00:50:56,098 - AdaPoinTr - INFO - [Epoch 64/200][Batch 701/2622] BatchTime = 0.717 (s) DataTime = 0.001 (s) Losses = ['5.5492', '41.4206'] lr = 0.0000251
2025-07-20 00:52:07,564 - AdaPoinTr - INFO - [Epoch 64/200][Batch 801/2622] BatchTime = 0.716 (s) DataTime = 0.001 (s) Losses = ['5.2864', '35.9307'] lr = 0.0000251
2025-07-20 00:53:19,336 - AdaPoinTr - INFO - [Epoch 64/200][Batch 901/2622] BatchTime = 0.714 (s) DataTime = 0.001 (s) Losses = ['5.8585', '43.6610'] lr = 0.0000251
2025-07-20 00:54:31,129 - AdaPoinTr - INFO - [Epoch 64/200][Batch 1001/2622] BatchTime = 0.713 (s) DataTime = 0.001 (s) Losses = ['4.8643', '39.6650'] lr = 0.0000251
2025-07-20 00:55:42,888 - AdaPoinTr - INFO - [Epoch 64/200][Batch 1101/2622] BatchTime = 0.703 (s) DataTime = 0.001 (s) Losses = ['4.9371', '35.8859'] lr = 0.0000251
2025-07-20 00:56:54,718 - AdaPoinTr - INFO - [Epoch 64/200][Batch 1201/2622] BatchTime = 0.710 (s) DataTime = 0.001 (s) Losses = ['5.7480', '48.9112'] lr = 0.0000251
2025-07-20 00:58:06,531 - AdaPoinTr - INFO - [Epoch 64/200][Batch 1301/2622] BatchTime = 0.713 (s) DataTime = 0.001 (s) Losses = ['4.8724', '40.0658'] lr = 0.0000251
2025-07-20 00:59:18,357 - AdaPoinTr - INFO - [Epoch 64/200][Batch 1401/2622] BatchTime = 0.715 (s) DataTime = 0.001 (s) Losses = ['5.2884', '42.1930'] lr = 0.0000251
2025-07-20 01:00:30,136 - AdaPoinTr - INFO - [Epoch 64/200][Batch 1501/2622] BatchTime = 0.718 (s) DataTime = 0.001 (s) Losses = ['5.1360', '46.1187'] lr = 0.0000251
2025-07-20 01:01:41,923 - AdaPoinTr - INFO - [Epoch 64/200][Batch 1601/2622] BatchTime = 0.714 (s) DataTime = 0.001 (s) Losses = ['5.3610', '43.1582'] lr = 0.0000251
2025-07-20 01:02:53,744 - AdaPoinTr - INFO - [Epoch 64/200][Batch 1701/2622] BatchTime = 0.717 (s) DataTime = 0.001 (s) Losses = ['5.7013', '43.7132'] lr = 0.0000251
2025-07-20 01:04:05,543 - AdaPoinTr - INFO - [Epoch 64/200][Batch 1801/2622] BatchTime = 0.712 (s) DataTime = 0.001 (s) Losses = ['5.3761', '41.9789'] lr = 0.0000251
2025-07-20 01:05:17,373 - AdaPoinTr - INFO - [Epoch 64/200][Batch 1901/2622] BatchTime = 0.711 (s) DataTime = 0.001 (s) Losses = ['5.3657', '39.6912'] lr = 0.0000251
2025-07-20 01:06:29,172 - AdaPoinTr - INFO - [Epoch 64/200][Batch 2001/2622] BatchTime = 0.714 (s) DataTime = 0.001 (s) Losses = ['5.0122', '38.6180'] lr = 0.0000251
2025-07-20 01:07:40,996 - AdaPoinTr - INFO - [Epoch 64/200][Batch 2101/2622] BatchTime = 0.705 (s) DataTime = 0.001 (s) Losses = ['5.3973', '38.5550'] lr = 0.0000251
2025-07-20 01:08:52,796 - AdaPoinTr - INFO - [Epoch 64/200][Batch 2201/2622] BatchTime = 0.708 (s) DataTime = 0.001 (s) Losses = ['5.4043', '45.5522'] lr = 0.0000251
2025-07-20 01:10:04,581 - AdaPoinTr - INFO - [Epoch 64/200][Batch 2301/2622] BatchTime = 0.712 (s) DataTime = 0.001 (s) Losses = ['5.7699', '47.5959'] lr = 0.0000251
2025-07-20 01:11:16,394 - AdaPoinTr - INFO - [Epoch 64/200][Batch 2401/2622] BatchTime = 0.714 (s) DataTime = 0.001 (s) Losses = ['6.1426', '43.3164'] lr = 0.0000251
2025-07-20 01:12:28,186 - AdaPoinTr - INFO - [Epoch 64/200][Batch 2501/2622] BatchTime = 0.714 (s) DataTime = 0.001 (s) Losses = ['5.7420', '43.6281'] lr = 0.0000251
2025-07-20 01:13:39,970 - AdaPoinTr - INFO - [Epoch 64/200][Batch 2601/2622] BatchTime = 0.712 (s) DataTime = 0.001 (s) Losses = ['5.6806', '41.7227'] lr = 0.0000251
2025-07-20 01:13:55,086 - AdaPoinTr - INFO - [Training] EPOCH: 64 EpochTime = 1882.452 (s) Losses = ['5.5034', '41.9880']
2025-07-20 01:13:55,534 - AdaPoinTr - INFO - Save checkpoint at ./experiments/AdaPoinTr/ShapeNet55_models/AdaPoinTr/ckpt-last.pth
2025-07-20 01:13:56,335 - AdaPoinTr - INFO - [Epoch 65/200][Batch 1/2622] BatchTime = 0.800 (s) DataTime = 0.089 (s) Losses = ['5.3404', '40.7062'] lr = 0.0000246
2025-07-20 01:15:08,150 - AdaPoinTr - INFO - [Epoch 65/200][Batch 101/2622] BatchTime = 0.705 (s) DataTime = 0.001 (s) Losses = ['5.5459', '45.4229'] lr = 0.0000246
2025-07-20 01:16:19,951 - AdaPoinTr - INFO - [Epoch 65/200][Batch 201/2622] BatchTime = 0.710 (s) DataTime = 0.001 (s) Losses = ['4.8582', '38.9056'] lr = 0.0000246
2025-07-20 01:17:31,765 - AdaPoinTr - INFO - [Epoch 65/200][Batch 301/2622] BatchTime = 0.713 (s) DataTime = 0.001 (s) Losses = ['5.6885', '47.4875'] lr = 0.0000246
2025-07-20 01:18:43,579 - AdaPoinTr - INFO - [Epoch 65/200][Batch 401/2622] BatchTime = 0.718 (s) DataTime = 0.001 (s) Losses = ['5.6392', '42.4316'] lr = 0.0000246
2025-07-20 01:19:55,368 - AdaPoinTr - INFO - [Epoch 65/200][Batch 501/2622] BatchTime = 0.716 (s) DataTime = 0.001 (s) Losses = ['5.7010', '41.0940'] lr = 0.0000246
2025-07-20 01:21:07,124 - AdaPoinTr - INFO - [Epoch 65/200][Batch 601/2622] BatchTime = 0.711 (s) DataTime = 0.001 (s) Losses = ['5.7076', '43.3023'] lr = 0.0000246
2025-07-20 01:22:18,915 - AdaPoinTr - INFO - [Epoch 65/200][Batch 701/2622] BatchTime = 0.711 (s) DataTime = 0.001 (s) Losses = ['5.7689', '42.0154'] lr = 0.0000246
2025-07-20 01:23:30,676 - AdaPoinTr - INFO - [Epoch 65/200][Batch 801/2622] BatchTime = 0.707 (s) DataTime = 0.001 (s) Losses = ['5.8565', '43.2942'] lr = 0.0000246
2025-07-20 01:24:42,448 - AdaPoinTr - INFO - [Epoch 65/200][Batch 901/2622] BatchTime = 0.715 (s) DataTime = 0.001 (s) Losses = ['5.6324', '42.1998'] lr = 0.0000246
2025-07-20 01:25:54,230 - AdaPoinTr - INFO - [Epoch 65/200][Batch 1001/2622] BatchTime = 0.716 (s) DataTime = 0.001 (s) Losses = ['5.0879', '40.1906'] lr = 0.0000246
2025-07-20 01:27:06,049 - AdaPoinTr - INFO - [Epoch 65/200][Batch 1101/2622] BatchTime = 0.715 (s) DataTime = 0.001 (s) Losses = ['5.9983', '45.8238'] lr = 0.0000246
2025-07-20 01:28:17,878 - AdaPoinTr - INFO - [Epoch 65/200][Batch 1201/2622] BatchTime = 0.716 (s) DataTime = 0.001 (s) Losses = ['5.0511', '35.4312'] lr = 0.0000246
2025-07-20 01:29:29,683 - AdaPoinTr - INFO - [Epoch 65/200][Batch 1301/2622] BatchTime = 0.723 (s) DataTime = 0.001 (s) Losses = ['5.6191', '46.3009'] lr = 0.0000246
2025-07-20 01:30:41,502 - AdaPoinTr - INFO - [Epoch 65/200][Batch 1401/2622] BatchTime = 0.711 (s) DataTime = 0.001 (s) Losses = ['5.4687', '40.7238'] lr = 0.0000246
2025-07-20 01:31:53,270 - AdaPoinTr - INFO - [Epoch 65/200][Batch 1501/2622] BatchTime = 0.710 (s) DataTime = 0.001 (s) Losses = ['5.0782', '39.6059'] lr = 0.0000246
2025-07-20 01:33:05,068 - AdaPoinTr - INFO - [Epoch 65/200][Batch 1601/2622] BatchTime = 0.710 (s) DataTime = 0.001 (s) Losses = ['4.7231', '39.0082'] lr = 0.0000246
2025-07-20 01:34:16,863 - AdaPoinTr - INFO - [Epoch 65/200][Batch 1701/2622] BatchTime = 0.708 (s) DataTime = 0.001 (s) Losses = ['4.7338', '35.9643'] lr = 0.0000246
2025-07-20 01:35:28,699 - AdaPoinTr - INFO - [Epoch 65/200][Batch 1801/2622] BatchTime = 0.707 (s) DataTime = 0.001 (s) Losses = ['5.2258', '39.4411'] lr = 0.0000246
2025-07-20 01:36:40,487 - AdaPoinTr - INFO - [Epoch 65/200][Batch 1901/2622] BatchTime = 0.715 (s) DataTime = 0.001 (s) Losses = ['5.6300', '40.8998'] lr = 0.0000246
2025-07-20 01:37:52,288 - AdaPoinTr - INFO - [Epoch 65/200][Batch 2001/2622] BatchTime = 0.719 (s) DataTime = 0.001 (s) Losses = ['6.0466', '42.7607'] lr = 0.0000246
2025-07-20 01:39:04,110 - AdaPoinTr - INFO - [Epoch 65/200][Batch 2101/2622] BatchTime = 0.724 (s) DataTime = 0.001 (s) Losses = ['5.5578', '44.8909'] lr = 0.0000246
2025-07-20 01:40:15,959 - AdaPoinTr - INFO - [Epoch 65/200][Batch 2201/2622] BatchTime = 0.716 (s) DataTime = 0.001 (s) Losses = ['5.6909', '42.6797'] lr = 0.0000246
2025-07-20 01:41:27,451 - AdaPoinTr - INFO - [Epoch 65/200][Batch 2301/2622] BatchTime = 0.716 (s) DataTime = 0.001 (s) Losses = ['5.7192', '43.9265'] lr = 0.0000246
2025-07-20 01:42:39,227 - AdaPoinTr - INFO - [Epoch 65/200][Batch 2401/2622] BatchTime = 0.713 (s) DataTime = 0.001 (s) Losses = ['6.0989', '43.2002'] lr = 0.0000246
2025-07-20 01:43:51,016 - AdaPoinTr - INFO - [Epoch 65/200][Batch 2501/2622] BatchTime = 0.712 (s) DataTime = 0.001 (s) Losses = ['5.0629', '38.4783'] lr = 0.0000246
2025-07-20 01:45:02,852 - AdaPoinTr - INFO - [Epoch 65/200][Batch 2601/2622] BatchTime = 0.710 (s) DataTime = 0.001 (s) Losses = ['5.0835', '39.9068'] lr = 0.0000246
2025-07-20 01:45:17,984 - AdaPoinTr - INFO - [Training] EPOCH: 65 EpochTime = 1882.450 (s) Losses = ['5.4805', '41.7182']
2025-07-20 01:45:17,984 - AdaPoinTr - INFO - [VALIDATION] Start validating epoch 65
2025-07-20 01:46:25,025 - AdaPoinTr - INFO - Test[1051/10518] Taxonomy = 02691156 Sample = c7749c0a8b61f43bc9b9e28055202e3d Losses = ['28.2113', '4.3489', '13.3716', '1.0786'] Metrics = ['0.5282', '13.3716', '1.0786', '0.0000']
2025-07-20 01:47:32,010 - AdaPoinTr - INFO - Test[2102/10518] Taxonomy = 03211117 Sample = ab2f9418c111cc6ddb965514105122a4 Losses = ['21.7636', '1.6512', '7.9474', '0.2016'] Metrics = ['0.6233', '7.9474', '0.2016', '0.0000']
2025-07-20 01:48:38,968 - AdaPoinTr - INFO - Test[3153/10518] Taxonomy = 02876657 Sample = c5032e4be091aabb36fe7a88df793982 Losses = ['45.6502', '7.7962', '22.2042', '2.3916'] Metrics = ['0.2562', '22.2042', '2.3916', '0.0000']
2025-07-20 01:49:45,938 - AdaPoinTr - INFO - Test[4204/10518] Taxonomy = 03211117 Sample = 722df1da5778d45b1e43523279c7f09f Losses = ['31.6129', '3.9345', '12.0232', '0.5591'] Metrics = ['0.4255', '12.0232', '0.5591', '0.0000']
2025-07-20 01:50:52,980 - AdaPoinTr - INFO - Test[5255/10518] Taxonomy = 02828884 Sample = 14b63361a48a9fffe4a048c146e8bd43 Losses = ['31.0347', '3.7065', '16.9974', '1.8339'] Metrics = ['0.4291', '16.9974', '1.8339', '0.0000']
2025-07-20 01:51:59,946 - AdaPoinTr - INFO - Test[6306/10518] Taxonomy = 03211117 Sample = d330d50a0255529d19ed6e1a590c9122 Losses = ['25.7862', '2.6245', '11.2517', '0.4207'] Metrics = ['0.4328', '11.2517', '0.4207', '0.0000']
2025-07-20 01:53:06,884 - AdaPoinTr - INFO - Test[7357/10518] Taxonomy = 04379243 Sample = b1ca280d9567270ade98d10ab5975b59 Losses = ['45.2753', '9.8856', '21.9165', '2.8762'] Metrics = ['0.2596', '21.9165', '2.8762', '0.0000']
2025-07-20 01:54:13,798 - AdaPoinTr - INFO - Test[8408/10518] Taxonomy = 03001627 Sample = 89208a619341d9fdb8c516ed5c4ce32 Losses = ['34.8044', '5.1530', '19.3608', '2.2491'] Metrics = ['0.2609', '19.3608', '2.2491', '0.0000']
2025-07-20 01:55:20,750 - AdaPoinTr - INFO - Test[9459/10518] Taxonomy = 03001627 Sample = d0255120e3351121c3bd24f986301745 Losses = ['35.7357', '4.4433', '15.2561', '0.7521'] Metrics = ['0.2457', '15.2561', '0.7521', '0.0000']
2025-07-20 01:56:27,741 - AdaPoinTr - INFO - Test[10510/10518] Taxonomy = 03636649 Sample = ea9ec4d9db2e06202471e6dd5ac3ef92 Losses = ['22.4675', '2.1869', '11.0822', '0.8733'] Metrics = ['0.6723', '11.0822', '0.8733', '0.0000']
2025-07-20 01:56:28,277 - AdaPoinTr - INFO - [Validation] EPOCH: 65  Metrics = ['0.3652', '14.5030', '1.0035', '0.0000']
2025-07-20 01:56:28,277 - AdaPoinTr - INFO - ============================ TEST RESULTS ============================
2025-07-20 01:56:28,277 - AdaPoinTr - INFO - Taxonomy	#Sample	F-Score	CDL1	CDL2	EMDistance	#ModelName	
2025-07-20 01:56:28,277 - AdaPoinTr - INFO - 03759954	14	0.557 	13.308 	1.314 	0.000 	microphone	
2025-07-20 01:56:28,277 - AdaPoinTr - INFO - 04330267	44	0.288 	16.127 	1.309 	0.000 	stove	
2025-07-20 01:56:28,277 - AdaPoinTr - INFO - 03261776	15	0.305 	19.399 	2.219 	0.000 	earphone	
2025-07-20 01:56:28,277 - AdaPoinTr - INFO - 03513137	33	0.210 	21.278 	2.271 	0.000 	helmet	
2025-07-20 01:56:28,277 - AdaPoinTr - INFO - 04460130	27	0.412 	13.577 	0.767 	0.000 	tower	
2025-07-20 01:56:28,277 - AdaPoinTr - INFO - 04468005	78	0.385 	12.814 	0.670 	0.000 	train	
2025-07-20 01:56:28,277 - AdaPoinTr - INFO - 03761084	31	0.239 	16.644 	1.134 	0.000 	microwaves	
2025-07-20 01:56:28,277 - AdaPoinTr - INFO - 04004475	34	0.274 	16.249 	1.146 	0.000 	printer	
2025-07-20 01:56:28,277 - AdaPoinTr - INFO - 03938244	20	0.299 	15.282 	0.993 	0.000 	pillow	
2025-07-20 01:56:28,277 - AdaPoinTr - INFO - 02992529	167	0.421 	11.151 	0.450 	0.000 	cellphone	
2025-07-20 01:56:28,277 - AdaPoinTr - INFO - 02808440	172	0.291 	15.657 	1.173 	0.000 	bathtub	
2025-07-20 01:56:28,277 - AdaPoinTr - INFO - 04530566	388	0.493 	11.558 	0.642 	0.000 	watercraft	
2025-07-20 01:56:28,277 - AdaPoinTr - INFO - 02871439	91	0.254 	16.669 	1.206 	0.000 	bookshelf	
2025-07-20 01:56:28,277 - AdaPoinTr - INFO - 03593526	120	0.264 	17.406 	1.349 	0.000 	jar	
2025-07-20 01:56:28,277 - AdaPoinTr - INFO - 04554684	34	0.232 	17.696 	1.464 	0.000 	washer	
2025-07-20 01:56:28,277 - AdaPoinTr - INFO - 03467517	160	0.807 	6.897 	0.234 	0.000 	guitar	
2025-07-20 01:56:28,277 - AdaPoinTr - INFO - 04401088	218	0.421 	11.113 	0.451 	0.000 	telephone	
2025-07-20 01:56:28,277 - AdaPoinTr - INFO - 02954340	12	0.290 	15.277 	1.011 	0.000 	cap	
2025-07-20 01:56:28,277 - AdaPoinTr - INFO - 02933112	315	0.245 	15.427 	0.864 	0.000 	cabinet	
2025-07-20 01:56:28,277 - AdaPoinTr - INFO - 03642806	92	0.379 	11.629 	0.491 	0.000 	laptop	
2025-07-20 01:56:28,277 - AdaPoinTr - INFO - 02924116	188	0.359 	12.834 	0.623 	0.000 	bus	
2025-07-20 01:56:28,277 - AdaPoinTr - INFO - 02946921	22	0.258 	15.698 	1.014 	0.000 	can	
2025-07-20 01:56:28,278 - AdaPoinTr - INFO - 02818832	47	0.281 	16.897 	1.351 	0.000 	bed	
2025-07-20 01:56:28,278 - AdaPoinTr - INFO - 04256520	635	0.299 	14.596 	0.819 	0.000 	sofa	
2025-07-20 01:56:28,278 - AdaPoinTr - INFO - 04379243	1687	0.385 	13.054 	0.812 	0.000 	table	
2025-07-20 01:56:28,278 - AdaPoinTr - INFO - 02747177	69	0.194 	17.881 	1.210 	0.000 	trash bin	
2025-07-20 01:56:28,278 - AdaPoinTr - INFO - 03046257	131	0.315 	14.793 	0.919 	0.000 	clock	
2025-07-20 01:56:28,278 - AdaPoinTr - INFO - 04225987	31	0.546 	9.896 	0.400 	0.000 	skateboard	
2025-07-20 01:56:28,278 - AdaPoinTr - INFO - 03797390	43	0.196 	18.631 	1.364 	0.000 	mug	
2025-07-20 01:56:28,278 - AdaPoinTr - INFO - 03001627	1356	0.367 	13.994 	0.896 	0.000 	chair	
2025-07-20 01:56:28,278 - AdaPoinTr - INFO - 03691459	320	0.253 	17.572 	1.387 	0.000 	loudspeaker	
2025-07-20 01:56:28,278 - AdaPoinTr - INFO - 02942699	23	0.240 	20.807 	2.328 	0.000 	camera	
2025-07-20 01:56:28,278 - AdaPoinTr - INFO - 03636649	464	0.525 	13.693 	1.427 	0.000 	lamp	
2025-07-20 01:56:28,278 - AdaPoinTr - INFO - 02691156	809	0.567 	9.791 	0.434 	0.000 	airplane	
2025-07-20 01:56:28,278 - AdaPoinTr - INFO - 02773838	17	0.359 	13.490 	0.754 	0.000 	bag	
2025-07-20 01:56:28,278 - AdaPoinTr - INFO - 02958343	703	0.221 	16.456 	0.955 	0.000 	car	
2025-07-20 01:56:28,278 - AdaPoinTr - INFO - 02880940	38	0.228 	16.431 	0.960 	0.000 	bowl	
2025-07-20 01:56:28,278 - AdaPoinTr - INFO - 04099429	17	0.682 	9.273 	0.462 	0.000 	rocket	
2025-07-20 01:56:28,278 - AdaPoinTr - INFO - 02828884	363	0.440 	11.469 	0.605 	0.000 	bench	
2025-07-20 01:56:28,278 - AdaPoinTr - INFO - 04090263	475	0.684 	8.863 	0.460 	0.000 	rifle	
2025-07-20 01:56:28,278 - AdaPoinTr - INFO - 03211117	219	0.355 	13.411 	0.762 	0.000 	display	
2025-07-20 01:56:28,278 - AdaPoinTr - INFO - 02876657	100	0.410 	12.734 	0.775 	0.000 	bottle	
2025-07-20 01:56:28,278 - AdaPoinTr - INFO - 03710193	19	0.544 	11.104 	0.644 	0.000 	mailbox	
2025-07-20 01:56:28,278 - AdaPoinTr - INFO - 03790512	68	0.246 	17.308 	1.190 	0.000 	motorbike	
2025-07-20 01:56:28,278 - AdaPoinTr - INFO - 03325088	149	0.454 	14.967 	1.397 	0.000 	faucet	
2025-07-20 01:56:28,278 - AdaPoinTr - INFO - 02801938	23	0.236 	16.626 	1.177 	0.000 	basket	
2025-07-20 01:56:28,278 - AdaPoinTr - INFO - 03337140	60	0.237 	16.818 	1.131 	0.000 	file cabinet	
2025-07-20 01:56:28,278 - AdaPoinTr - INFO - 02843684	15	0.229 	20.168 	1.900 	0.000 	birdhouse	
2025-07-20 01:56:28,278 - AdaPoinTr - INFO - 03624134	85	0.767 	7.555 	0.312 	0.000 	knife	
2025-07-20 01:56:28,278 - AdaPoinTr - INFO - 03991062	121	0.236 	19.221 	1.605 	0.000 	flowerpot	
2025-07-20 01:56:28,278 - AdaPoinTr - INFO - 03948459	62	0.463 	12.123 	0.726 	0.000 	pistol	
2025-07-20 01:56:28,278 - AdaPoinTr - INFO - 03928116	48	0.286 	16.928 	1.417 	0.000 	piano	
2025-07-20 01:56:28,278 - AdaPoinTr - INFO - 03207941	19	0.240 	15.993 	0.972 	0.000 	dishwasher	
2025-07-20 01:56:28,278 - AdaPoinTr - INFO - 04074963	14	0.463 	11.286 	0.514 	0.000 	remote	
2025-07-20 01:56:28,278 - AdaPoinTr - INFO - 03085013	13	0.452 	10.145 	0.334 	0.000 	keyboard	
2025-07-20 01:56:28,278 - AdaPoinTr - INFO - Overall		0.365 	14.503 	1.003 	0.000 	
2025-07-20 01:56:28,729 - AdaPoinTr - INFO - Save checkpoint at ./experiments/AdaPoinTr/ShapeNet55_models/AdaPoinTr/ckpt-last.pth
2025-07-20 01:56:29,524 - AdaPoinTr - INFO - [Epoch 66/200][Batch 1/2622] BatchTime = 0.794 (s) DataTime = 0.086 (s) Losses = ['5.1796', '42.0868'] lr = 0.0000240
2025-07-20 01:57:41,324 - AdaPoinTr - INFO - [Epoch 66/200][Batch 101/2622] BatchTime = 0.707 (s) DataTime = 0.001 (s) Losses = ['5.2353', '39.6324'] lr = 0.0000240
2025-07-20 01:58:53,135 - AdaPoinTr - INFO - [Epoch 66/200][Batch 201/2622] BatchTime = 0.713 (s) DataTime = 0.001 (s) Losses = ['6.0710', '48.4043'] lr = 0.0000240
2025-07-20 02:00:04,929 - AdaPoinTr - INFO - [Epoch 66/200][Batch 301/2622] BatchTime = 0.713 (s) DataTime = 0.001 (s) Losses = ['5.8174', '44.7913'] lr = 0.0000240
2025-07-20 02:01:16,719 - AdaPoinTr - INFO - [Epoch 66/200][Batch 401/2622] BatchTime = 0.720 (s) DataTime = 0.001 (s) Losses = ['5.2980', '39.8333'] lr = 0.0000240
2025-07-20 02:02:28,544 - AdaPoinTr - INFO - [Epoch 66/200][Batch 501/2622] BatchTime = 0.715 (s) DataTime = 0.001 (s) Losses = ['4.9076', '35.0131'] lr = 0.0000240
2025-07-20 02:03:40,332 - AdaPoinTr - INFO - [Epoch 66/200][Batch 601/2622] BatchTime = 0.706 (s) DataTime = 0.001 (s) Losses = ['5.3968', '39.9395'] lr = 0.0000240
2025-07-20 02:04:52,126 - AdaPoinTr - INFO - [Epoch 66/200][Batch 701/2622] BatchTime = 0.707 (s) DataTime = 0.001 (s) Losses = ['5.6027', '39.2384'] lr = 0.0000240
2025-07-20 02:06:03,954 - AdaPoinTr - INFO - [Epoch 66/200][Batch 801/2622] BatchTime = 0.706 (s) DataTime = 0.001 (s) Losses = ['5.0251', '38.0954'] lr = 0.0000240
2025-07-20 02:07:15,787 - AdaPoinTr - INFO - [Epoch 66/200][Batch 901/2622] BatchTime = 0.706 (s) DataTime = 0.001 (s) Losses = ['5.0414', '39.1712'] lr = 0.0000240
2025-07-20 02:08:27,613 - AdaPoinTr - INFO - [Epoch 66/200][Batch 1001/2622] BatchTime = 0.707 (s) DataTime = 0.001 (s) Losses = ['4.7615', '38.2123'] lr = 0.0000240
2025-07-20 02:09:39,421 - AdaPoinTr - INFO - [Epoch 66/200][Batch 1101/2622] BatchTime = 0.709 (s) DataTime = 0.001 (s) Losses = ['5.3740', '42.0680'] lr = 0.0000240
2025-07-20 02:10:51,217 - AdaPoinTr - INFO - [Epoch 66/200][Batch 1201/2622] BatchTime = 0.716 (s) DataTime = 0.001 (s) Losses = ['4.9648', '37.3535'] lr = 0.0000240
2025-07-20 02:12:03,041 - AdaPoinTr - INFO - [Epoch 66/200][Batch 1301/2622] BatchTime = 0.717 (s) DataTime = 0.001 (s) Losses = ['5.5071', '41.3928'] lr = 0.0000240
2025-07-20 02:13:14,850 - AdaPoinTr - INFO - [Epoch 66/200][Batch 1401/2622] BatchTime = 0.713 (s) DataTime = 0.001 (s) Losses = ['6.0819', '45.8902'] lr = 0.0000240
2025-07-20 02:14:26,593 - AdaPoinTr - INFO - [Epoch 66/200][Batch 1501/2622] BatchTime = 0.711 (s) DataTime = 0.001 (s) Losses = ['5.2013', '37.7521'] lr = 0.0000240
2025-07-20 02:15:38,370 - AdaPoinTr - INFO - [Epoch 66/200][Batch 1601/2622] BatchTime = 0.706 (s) DataTime = 0.001 (s) Losses = ['5.0503', '38.3742'] lr = 0.0000240
2025-07-20 02:16:50,210 - AdaPoinTr - INFO - [Epoch 66/200][Batch 1701/2622] BatchTime = 0.705 (s) DataTime = 0.001 (s) Losses = ['4.7689', '34.0518'] lr = 0.0000240
2025-07-20 02:18:02,032 - AdaPoinTr - INFO - [Epoch 66/200][Batch 1801/2622] BatchTime = 0.712 (s) DataTime = 0.001 (s) Losses = ['5.2380', '39.5777'] lr = 0.0000240
2025-07-20 02:19:13,853 - AdaPoinTr - INFO - [Epoch 66/200][Batch 1901/2622] BatchTime = 0.716 (s) DataTime = 0.001 (s) Losses = ['5.9564', '44.4745'] lr = 0.0000240
2025-07-20 02:20:25,628 - AdaPoinTr - INFO - [Epoch 66/200][Batch 2001/2622] BatchTime = 0.721 (s) DataTime = 0.001 (s) Losses = ['5.9992', '47.2211'] lr = 0.0000240
2025-07-20 02:21:37,435 - AdaPoinTr - INFO - [Epoch 66/200][Batch 2101/2622] BatchTime = 0.720 (s) DataTime = 0.001 (s) Losses = ['5.3364', '38.8824'] lr = 0.0000240
2025-07-20 02:22:49,224 - AdaPoinTr - INFO - [Epoch 66/200][Batch 2201/2622] BatchTime = 0.711 (s) DataTime = 0.001 (s) Losses = ['5.7632', '42.1038'] lr = 0.0000240
2025-07-20 02:24:01,056 - AdaPoinTr - INFO - [Epoch 66/200][Batch 2301/2622] BatchTime = 0.713 (s) DataTime = 0.001 (s) Losses = ['5.3774', '41.6301'] lr = 0.0000240
2025-07-20 02:25:12,873 - AdaPoinTr - INFO - [Epoch 66/200][Batch 2401/2622] BatchTime = 0.708 (s) DataTime = 0.001 (s) Losses = ['6.2311', '42.2523'] lr = 0.0000240
2025-07-20 02:26:24,364 - AdaPoinTr - INFO - [Epoch 66/200][Batch 2501/2622] BatchTime = 0.678 (s) DataTime = 0.001 (s) Losses = ['5.9671', '45.6399'] lr = 0.0000240
2025-07-20 02:27:36,159 - AdaPoinTr - INFO - [Epoch 66/200][Batch 2601/2622] BatchTime = 0.717 (s) DataTime = 0.001 (s) Losses = ['5.5202', '40.6856'] lr = 0.0000240
2025-07-20 02:27:51,282 - AdaPoinTr - INFO - [Training] EPOCH: 66 EpochTime = 1882.552 (s) Losses = ['5.4641', '41.5417']
2025-07-20 02:27:51,735 - AdaPoinTr - INFO - Save checkpoint at ./experiments/AdaPoinTr/ShapeNet55_models/AdaPoinTr/ckpt-last.pth
2025-07-20 02:27:52,541 - AdaPoinTr - INFO - [Epoch 67/200][Batch 1/2622] BatchTime = 0.805 (s) DataTime = 0.090 (s) Losses = ['6.4383', '46.3387'] lr = 0.0000235
2025-07-20 02:29:04,351 - AdaPoinTr - INFO - [Epoch 67/200][Batch 101/2622] BatchTime = 0.715 (s) DataTime = 0.001 (s) Losses = ['5.3706', '38.7044'] lr = 0.0000235
2025-07-20 02:30:16,154 - AdaPoinTr - INFO - [Epoch 67/200][Batch 201/2622] BatchTime = 0.716 (s) DataTime = 0.001 (s) Losses = ['5.6313', '47.0766'] lr = 0.0000235
2025-07-20 02:31:27,973 - AdaPoinTr - INFO - [Epoch 67/200][Batch 301/2622] BatchTime = 0.710 (s) DataTime = 0.001 (s) Losses = ['5.6408', '40.3299'] lr = 0.0000235
2025-07-20 02:32:39,828 - AdaPoinTr - INFO - [Epoch 67/200][Batch 401/2622] BatchTime = 0.714 (s) DataTime = 0.001 (s) Losses = ['5.2458', '43.3270'] lr = 0.0000235
2025-07-20 02:33:51,635 - AdaPoinTr - INFO - [Epoch 67/200][Batch 501/2622] BatchTime = 0.712 (s) DataTime = 0.001 (s) Losses = ['5.2639', '42.0754'] lr = 0.0000235
2025-07-20 02:35:03,471 - AdaPoinTr - INFO - [Epoch 67/200][Batch 601/2622] BatchTime = 0.714 (s) DataTime = 0.001 (s) Losses = ['5.4977', '44.3048'] lr = 0.0000235
2025-07-20 02:36:15,250 - AdaPoinTr - INFO - [Epoch 67/200][Batch 701/2622] BatchTime = 0.709 (s) DataTime = 0.001 (s) Losses = ['5.5867', '40.9170'] lr = 0.0000235
2025-07-20 02:37:27,067 - AdaPoinTr - INFO - [Epoch 67/200][Batch 801/2622] BatchTime = 0.711 (s) DataTime = 0.001 (s) Losses = ['5.7562', '50.2483'] lr = 0.0000235
2025-07-20 02:38:38,844 - AdaPoinTr - INFO - [Epoch 67/200][Batch 901/2622] BatchTime = 0.713 (s) DataTime = 0.001 (s) Losses = ['5.4755', '41.1948'] lr = 0.0000235
2025-07-20 02:39:50,621 - AdaPoinTr - INFO - [Epoch 67/200][Batch 1001/2622] BatchTime = 0.720 (s) DataTime = 0.001 (s) Losses = ['4.9774', '38.6182'] lr = 0.0000235
2025-07-20 02:41:02,399 - AdaPoinTr - INFO - [Epoch 67/200][Batch 1101/2622] BatchTime = 0.712 (s) DataTime = 0.001 (s) Losses = ['5.3974', '40.4069'] lr = 0.0000235
2025-07-20 02:42:14,186 - AdaPoinTr - INFO - [Epoch 67/200][Batch 1201/2622] BatchTime = 0.713 (s) DataTime = 0.001 (s) Losses = ['6.0073', '45.0631'] lr = 0.0000235
2025-07-20 02:43:25,993 - AdaPoinTr - INFO - [Epoch 67/200][Batch 1301/2622] BatchTime = 0.709 (s) DataTime = 0.001 (s) Losses = ['5.9130', '44.7141'] lr = 0.0000235
2025-07-20 02:44:37,821 - AdaPoinTr - INFO - [Epoch 67/200][Batch 1401/2622] BatchTime = 0.706 (s) DataTime = 0.001 (s) Losses = ['5.9799', '46.8719'] lr = 0.0000235
2025-07-20 02:45:49,619 - AdaPoinTr - INFO - [Epoch 67/200][Batch 1501/2622] BatchTime = 0.703 (s) DataTime = 0.001 (s) Losses = ['5.6977', '41.3034'] lr = 0.0000235
2025-07-20 02:47:01,386 - AdaPoinTr - INFO - [Epoch 67/200][Batch 1601/2622] BatchTime = 0.709 (s) DataTime = 0.001 (s) Losses = ['5.8140', '45.7713'] lr = 0.0000235
2025-07-20 02:48:13,197 - AdaPoinTr - INFO - [Epoch 67/200][Batch 1701/2622] BatchTime = 0.715 (s) DataTime = 0.001 (s) Losses = ['4.6329', '35.9338'] lr = 0.0000235
2025-07-20 02:49:25,015 - AdaPoinTr - INFO - [Epoch 67/200][Batch 1801/2622] BatchTime = 0.716 (s) DataTime = 0.001 (s) Losses = ['5.6192', '41.5491'] lr = 0.0000235
2025-07-20 02:50:36,797 - AdaPoinTr - INFO - [Epoch 67/200][Batch 1901/2622] BatchTime = 0.713 (s) DataTime = 0.001 (s) Losses = ['5.3405', '38.5182'] lr = 0.0000235
2025-07-20 02:51:48,598 - AdaPoinTr - INFO - [Epoch 67/200][Batch 2001/2622] BatchTime = 0.718 (s) DataTime = 0.001 (s) Losses = ['5.3482', '41.9816'] lr = 0.0000235
2025-07-20 02:53:00,403 - AdaPoinTr - INFO - [Epoch 67/200][Batch 2101/2622] BatchTime = 0.715 (s) DataTime = 0.001 (s) Losses = ['5.8647', '41.8036'] lr = 0.0000235
2025-07-20 02:54:12,206 - AdaPoinTr - INFO - [Epoch 67/200][Batch 2201/2622] BatchTime = 0.712 (s) DataTime = 0.001 (s) Losses = ['5.3228', '41.5957'] lr = 0.0000235
2025-07-20 02:55:24,031 - AdaPoinTr - INFO - [Epoch 67/200][Batch 2301/2622] BatchTime = 0.707 (s) DataTime = 0.001 (s) Losses = ['5.5475', '41.6644'] lr = 0.0000235
2025-07-20 02:56:35,818 - AdaPoinTr - INFO - [Epoch 67/200][Batch 2401/2622] BatchTime = 0.707 (s) DataTime = 0.001 (s) Losses = ['4.9689', '39.2682'] lr = 0.0000235
2025-07-20 02:57:47,648 - AdaPoinTr - INFO - [Epoch 67/200][Batch 2501/2622] BatchTime = 0.712 (s) DataTime = 0.001 (s) Losses = ['6.6031', '47.7251'] lr = 0.0000235
2025-07-20 02:58:59,466 - AdaPoinTr - INFO - [Epoch 67/200][Batch 2601/2622] BatchTime = 0.719 (s) DataTime = 0.001 (s) Losses = ['4.9427', '36.2267'] lr = 0.0000235
2025-07-20 02:59:14,580 - AdaPoinTr - INFO - [Training] EPOCH: 67 EpochTime = 1882.844 (s) Losses = ['5.4772', '41.8141']
2025-07-20 02:59:15,036 - AdaPoinTr - INFO - Save checkpoint at ./experiments/AdaPoinTr/ShapeNet55_models/AdaPoinTr/ckpt-last.pth
2025-07-20 02:59:15,842 - AdaPoinTr - INFO - [Epoch 68/200][Batch 1/2622] BatchTime = 0.805 (s) DataTime = 0.090 (s) Losses = ['5.4830', '41.6461'] lr = 0.0000230
2025-07-20 03:00:27,682 - AdaPoinTr - INFO - [Epoch 68/200][Batch 101/2622] BatchTime = 0.718 (s) DataTime = 0.001 (s) Losses = ['5.5218', '40.3320'] lr = 0.0000230
2025-07-20 03:01:39,524 - AdaPoinTr - INFO - [Epoch 68/200][Batch 201/2622] BatchTime = 0.713 (s) DataTime = 0.001 (s) Losses = ['5.3153', '39.9875'] lr = 0.0000230
2025-07-20 03:02:51,334 - AdaPoinTr - INFO - [Epoch 68/200][Batch 301/2622] BatchTime = 0.718 (s) DataTime = 0.001 (s) Losses = ['5.3174', '42.0351'] lr = 0.0000230
2025-07-20 03:04:03,163 - AdaPoinTr - INFO - [Epoch 68/200][Batch 401/2622] BatchTime = 0.720 (s) DataTime = 0.001 (s) Losses = ['5.5592', '38.9914'] lr = 0.0000230
2025-07-20 03:05:14,999 - AdaPoinTr - INFO - [Epoch 68/200][Batch 501/2622] BatchTime = 0.721 (s) DataTime = 0.001 (s) Losses = ['5.4965', '43.5374'] lr = 0.0000230
2025-07-20 03:06:26,803 - AdaPoinTr - INFO - [Epoch 68/200][Batch 601/2622] BatchTime = 0.713 (s) DataTime = 0.001 (s) Losses = ['4.8657', '36.8384'] lr = 0.0000230
2025-07-20 03:07:38,626 - AdaPoinTr - INFO - [Epoch 68/200][Batch 701/2622] BatchTime = 0.712 (s) DataTime = 0.001 (s) Losses = ['5.5915', '41.9106'] lr = 0.0000230
2025-07-20 03:08:50,410 - AdaPoinTr - INFO - [Epoch 68/200][Batch 801/2622] BatchTime = 0.706 (s) DataTime = 0.001 (s) Losses = ['4.7410', '36.8616'] lr = 0.0000230
2025-07-20 03:10:02,223 - AdaPoinTr - INFO - [Epoch 68/200][Batch 901/2622] BatchTime = 0.703 (s) DataTime = 0.001 (s) Losses = ['5.6016', '40.4662'] lr = 0.0000230
2025-07-20 03:11:14,045 - AdaPoinTr - INFO - [Epoch 68/200][Batch 1001/2622] BatchTime = 0.708 (s) DataTime = 0.001 (s) Losses = ['5.3963', '39.5072'] lr = 0.0000230
2025-07-20 03:12:25,836 - AdaPoinTr - INFO - [Epoch 68/200][Batch 1101/2622] BatchTime = 0.713 (s) DataTime = 0.001 (s) Losses = ['6.4043', '45.1933'] lr = 0.0000230
2025-07-20 03:13:37,685 - AdaPoinTr - INFO - [Epoch 68/200][Batch 1201/2622] BatchTime = 0.713 (s) DataTime = 0.001 (s) Losses = ['5.3299', '37.6844'] lr = 0.0000230
2025-07-20 03:14:49,504 - AdaPoinTr - INFO - [Epoch 68/200][Batch 1301/2622] BatchTime = 0.717 (s) DataTime = 0.001 (s) Losses = ['5.0167', '37.9563'] lr = 0.0000230
2025-07-20 03:15:58,124 - AdaPoinTr - INFO - [Epoch 68/200][Batch 1401/2622] BatchTime = 0.509 (s) DataTime = 0.001 (s) Losses = ['5.8282', '45.3040'] lr = 0.0000230
2025-07-20 03:16:49,688 - AdaPoinTr - INFO - [Epoch 68/200][Batch 1501/2622] BatchTime = 0.509 (s) DataTime = 0.001 (s) Losses = ['4.9706', '38.8658'] lr = 0.0000230
2025-07-20 03:17:41,269 - AdaPoinTr - INFO - [Epoch 68/200][Batch 1601/2622] BatchTime = 0.510 (s) DataTime = 0.001 (s) Losses = ['5.4388', '43.9117'] lr = 0.0000230
2025-07-20 03:18:32,860 - AdaPoinTr - INFO - [Epoch 68/200][Batch 1701/2622] BatchTime = 0.508 (s) DataTime = 0.001 (s) Losses = ['5.6799', '42.5102'] lr = 0.0000230
2025-07-20 03:19:24,462 - AdaPoinTr - INFO - [Epoch 68/200][Batch 1801/2622] BatchTime = 0.512 (s) DataTime = 0.001 (s) Losses = ['4.8408', '39.7188'] lr = 0.0000230
2025-07-20 03:20:16,020 - AdaPoinTr - INFO - [Epoch 68/200][Batch 1901/2622] BatchTime = 0.512 (s) DataTime = 0.001 (s) Losses = ['5.0266', '38.2384'] lr = 0.0000230
2025-07-20 03:21:07,608 - AdaPoinTr - INFO - [Epoch 68/200][Batch 2001/2622] BatchTime = 0.514 (s) DataTime = 0.001 (s) Losses = ['4.9680', '40.1548'] lr = 0.0000230
2025-07-20 03:21:59,219 - AdaPoinTr - INFO - [Epoch 68/200][Batch 2101/2622] BatchTime = 0.505 (s) DataTime = 0.001 (s) Losses = ['5.4808', '44.9352'] lr = 0.0000230
2025-07-20 03:22:50,785 - AdaPoinTr - INFO - [Epoch 68/200][Batch 2201/2622] BatchTime = 0.506 (s) DataTime = 0.001 (s) Losses = ['6.1776', '47.2866'] lr = 0.0000230
2025-07-20 03:23:42,376 - AdaPoinTr - INFO - [Epoch 68/200][Batch 2301/2622] BatchTime = 0.510 (s) DataTime = 0.001 (s) Losses = ['5.4811', '43.9394'] lr = 0.0000230
2025-07-20 03:24:33,975 - AdaPoinTr - INFO - [Epoch 68/200][Batch 2401/2622] BatchTime = 0.512 (s) DataTime = 0.001 (s) Losses = ['5.3131', '43.9054'] lr = 0.0000230
2025-07-20 03:25:25,552 - AdaPoinTr - INFO - [Epoch 68/200][Batch 2501/2622] BatchTime = 0.507 (s) DataTime = 0.001 (s) Losses = ['5.3440', '38.2634'] lr = 0.0000230
2025-07-20 03:26:17,126 - AdaPoinTr - INFO - [Epoch 68/200][Batch 2601/2622] BatchTime = 0.515 (s) DataTime = 0.001 (s) Losses = ['5.5037', '39.3289'] lr = 0.0000230
2025-07-20 03:26:28,000 - AdaPoinTr - INFO - [Training] EPOCH: 68 EpochTime = 1632.963 (s) Losses = ['5.4621', '41.7201']
2025-07-20 03:26:28,461 - AdaPoinTr - INFO - Save checkpoint at ./experiments/AdaPoinTr/ShapeNet55_models/AdaPoinTr/ckpt-last.pth
2025-07-20 03:26:29,077 - AdaPoinTr - INFO - [Epoch 69/200][Batch 1/2622] BatchTime = 0.615 (s) DataTime = 0.091 (s) Losses = ['5.7559', '44.4494'] lr = 0.0000225
2025-07-20 03:27:25,156 - AdaPoinTr - INFO - [Epoch 69/200][Batch 101/2622] BatchTime = 0.717 (s) DataTime = 0.001 (s) Losses = ['5.6757', '40.4453'] lr = 0.0000225
2025-07-20 03:28:36,988 - AdaPoinTr - INFO - [Epoch 69/200][Batch 201/2622] BatchTime = 0.716 (s) DataTime = 0.001 (s) Losses = ['5.7707', '45.2622'] lr = 0.0000225
2025-07-20 03:29:48,818 - AdaPoinTr - INFO - [Epoch 69/200][Batch 301/2622] BatchTime = 0.715 (s) DataTime = 0.001 (s) Losses = ['5.4350', '40.7263'] lr = 0.0000225
2025-07-20 03:31:00,672 - AdaPoinTr - INFO - [Epoch 69/200][Batch 401/2622] BatchTime = 0.717 (s) DataTime = 0.001 (s) Losses = ['4.8802', '38.9066'] lr = 0.0000225
2025-07-20 03:32:12,452 - AdaPoinTr - INFO - [Epoch 69/200][Batch 501/2622] BatchTime = 0.712 (s) DataTime = 0.001 (s) Losses = ['6.1648', '42.5315'] lr = 0.0000225
2025-07-20 03:33:24,286 - AdaPoinTr - INFO - [Epoch 69/200][Batch 601/2622] BatchTime = 0.709 (s) DataTime = 0.001 (s) Losses = ['5.3049', '40.6850'] lr = 0.0000225
2025-07-20 03:34:36,098 - AdaPoinTr - INFO - [Epoch 69/200][Batch 701/2622] BatchTime = 0.712 (s) DataTime = 0.001 (s) Losses = ['5.2620', '39.4831'] lr = 0.0000225
2025-07-20 03:35:47,904 - AdaPoinTr - INFO - [Epoch 69/200][Batch 801/2622] BatchTime = 0.708 (s) DataTime = 0.001 (s) Losses = ['5.0225', '35.7315'] lr = 0.0000225
2025-07-20 03:36:59,711 - AdaPoinTr - INFO - [Epoch 69/200][Batch 901/2622] BatchTime = 0.708 (s) DataTime = 0.001 (s) Losses = ['5.3721', '39.4048'] lr = 0.0000225
2025-07-20 03:38:11,519 - AdaPoinTr - INFO - [Epoch 69/200][Batch 1001/2622] BatchTime = 0.708 (s) DataTime = 0.001 (s) Losses = ['5.5582', '38.4816'] lr = 0.0000225
2025-07-20 03:39:23,338 - AdaPoinTr - INFO - [Epoch 69/200][Batch 1101/2622] BatchTime = 0.711 (s) DataTime = 0.001 (s) Losses = ['5.7015', '42.5696'] lr = 0.0000225
2025-07-20 03:40:35,202 - AdaPoinTr - INFO - [Epoch 69/200][Batch 1201/2622] BatchTime = 0.713 (s) DataTime = 0.001 (s) Losses = ['5.2006', '38.2462'] lr = 0.0000225
2025-07-20 03:41:46,985 - AdaPoinTr - INFO - [Epoch 69/200][Batch 1301/2622] BatchTime = 0.716 (s) DataTime = 0.001 (s) Losses = ['5.8873', '44.6474'] lr = 0.0000225
2025-07-20 03:42:58,811 - AdaPoinTr - INFO - [Epoch 69/200][Batch 1401/2622] BatchTime = 0.719 (s) DataTime = 0.001 (s) Losses = ['4.6749', '36.2661'] lr = 0.0000225
2025-07-20 03:44:10,631 - AdaPoinTr - INFO - [Epoch 69/200][Batch 1501/2622] BatchTime = 0.717 (s) DataTime = 0.001 (s) Losses = ['4.8690', '36.6907'] lr = 0.0000225
2025-07-20 03:45:22,444 - AdaPoinTr - INFO - [Epoch 69/200][Batch 1601/2622] BatchTime = 0.715 (s) DataTime = 0.001 (s) Losses = ['5.1684', '37.8569'] lr = 0.0000225
2025-07-20 03:46:34,254 - AdaPoinTr - INFO - [Epoch 69/200][Batch 1701/2622] BatchTime = 0.712 (s) DataTime = 0.001 (s) Losses = ['5.6668', '42.8694'] lr = 0.0000225
2025-07-20 03:47:46,103 - AdaPoinTr - INFO - [Epoch 69/200][Batch 1801/2622] BatchTime = 0.718 (s) DataTime = 0.001 (s) Losses = ['6.1415', '46.1986'] lr = 0.0000225
2025-07-20 03:48:57,881 - AdaPoinTr - INFO - [Epoch 69/200][Batch 1901/2622] BatchTime = 0.707 (s) DataTime = 0.001 (s) Losses = ['5.9018', '41.2333'] lr = 0.0000225
2025-07-20 03:50:09,724 - AdaPoinTr - INFO - [Epoch 69/200][Batch 2001/2622] BatchTime = 0.711 (s) DataTime = 0.001 (s) Losses = ['5.2383', '43.4861'] lr = 0.0000225
2025-07-20 03:51:21,539 - AdaPoinTr - INFO - [Epoch 69/200][Batch 2101/2622] BatchTime = 0.705 (s) DataTime = 0.001 (s) Losses = ['4.9411', '42.6684'] lr = 0.0000225
2025-07-20 03:52:33,336 - AdaPoinTr - INFO - [Epoch 69/200][Batch 2201/2622] BatchTime = 0.711 (s) DataTime = 0.001 (s) Losses = ['5.6795', '43.1600'] lr = 0.0000225
2025-07-20 03:53:45,175 - AdaPoinTr - INFO - [Epoch 69/200][Batch 2301/2622] BatchTime = 0.717 (s) DataTime = 0.001 (s) Losses = ['5.2382', '40.3534'] lr = 0.0000225
2025-07-20 03:54:56,960 - AdaPoinTr - INFO - [Epoch 69/200][Batch 2401/2622] BatchTime = 0.718 (s) DataTime = 0.001 (s) Losses = ['5.6211', '43.1750'] lr = 0.0000225
2025-07-20 03:56:08,745 - AdaPoinTr - INFO - [Epoch 69/200][Batch 2501/2622] BatchTime = 0.715 (s) DataTime = 0.001 (s) Losses = ['5.0738', '38.2872'] lr = 0.0000225
2025-07-20 03:57:20,541 - AdaPoinTr - INFO - [Epoch 69/200][Batch 2601/2622] BatchTime = 0.711 (s) DataTime = 0.001 (s) Losses = ['5.5019', '40.8390'] lr = 0.0000225
2025-07-20 03:57:35,654 - AdaPoinTr - INFO - [Training] EPOCH: 69 EpochTime = 1867.192 (s) Losses = ['5.4479', '41.8580']
2025-07-20 03:57:36,116 - AdaPoinTr - INFO - Save checkpoint at ./experiments/AdaPoinTr/ShapeNet55_models/AdaPoinTr/ckpt-last.pth
2025-07-20 03:57:36,929 - AdaPoinTr - INFO - [Epoch 70/200][Batch 1/2622] BatchTime = 0.812 (s) DataTime = 0.099 (s) Losses = ['5.5741', '42.1445'] lr = 0.0000220
2025-07-20 03:58:48,744 - AdaPoinTr - INFO - [Epoch 70/200][Batch 101/2622] BatchTime = 0.711 (s) DataTime = 0.001 (s) Losses = ['5.4061', '42.3637'] lr = 0.0000220
2025-07-20 04:00:00,514 - AdaPoinTr - INFO - [Epoch 70/200][Batch 201/2622] BatchTime = 0.708 (s) DataTime = 0.001 (s) Losses = ['6.2817', '45.1342'] lr = 0.0000220
2025-07-20 04:01:12,332 - AdaPoinTr - INFO - [Epoch 70/200][Batch 301/2622] BatchTime = 0.703 (s) DataTime = 0.001 (s) Losses = ['5.6540', '45.5827'] lr = 0.0000220
2025-07-20 04:02:24,189 - AdaPoinTr - INFO - [Epoch 70/200][Batch 401/2622] BatchTime = 0.706 (s) DataTime = 0.001 (s) Losses = ['5.7963', '44.2419'] lr = 0.0000220
2025-07-20 04:03:36,008 - AdaPoinTr - INFO - [Epoch 70/200][Batch 501/2622] BatchTime = 0.707 (s) DataTime = 0.001 (s) Losses = ['5.7815', '43.8853'] lr = 0.0000220
2025-07-20 04:04:47,874 - AdaPoinTr - INFO - [Epoch 70/200][Batch 601/2622] BatchTime = 0.709 (s) DataTime = 0.001 (s) Losses = ['5.7743', '50.6508'] lr = 0.0000220
2025-07-20 04:05:59,694 - AdaPoinTr - INFO - [Epoch 70/200][Batch 701/2622] BatchTime = 0.718 (s) DataTime = 0.001 (s) Losses = ['5.6832', '43.2168'] lr = 0.0000220
2025-07-20 04:07:11,482 - AdaPoinTr - INFO - [Epoch 70/200][Batch 801/2622] BatchTime = 0.714 (s) DataTime = 0.001 (s) Losses = ['5.9375', '46.3144'] lr = 0.0000220
2025-07-20 04:08:23,242 - AdaPoinTr - INFO - [Epoch 70/200][Batch 901/2622] BatchTime = 0.715 (s) DataTime = 0.001 (s) Losses = ['6.0974', '43.4390'] lr = 0.0000220
2025-07-20 04:09:35,064 - AdaPoinTr - INFO - [Epoch 70/200][Batch 1001/2622] BatchTime = 0.712 (s) DataTime = 0.001 (s) Losses = ['5.3250', '42.5965'] lr = 0.0000220
2025-07-20 04:10:46,865 - AdaPoinTr - INFO - [Epoch 70/200][Batch 1101/2622] BatchTime = 0.712 (s) DataTime = 0.001 (s) Losses = ['4.6331', '38.7664'] lr = 0.0000220
2025-07-20 04:11:58,681 - AdaPoinTr - INFO - [Epoch 70/200][Batch 1201/2622] BatchTime = 0.709 (s) DataTime = 0.001 (s) Losses = ['6.1135', '44.8662'] lr = 0.0000220
2025-07-20 04:13:10,469 - AdaPoinTr - INFO - [Epoch 70/200][Batch 1301/2622] BatchTime = 0.706 (s) DataTime = 0.001 (s) Losses = ['4.9916', '41.9192'] lr = 0.0000220
2025-07-20 04:14:22,284 - AdaPoinTr - INFO - [Epoch 70/200][Batch 1401/2622] BatchTime = 0.712 (s) DataTime = 0.001 (s) Losses = ['6.3241', '46.0440'] lr = 0.0000220
2025-07-20 04:15:34,060 - AdaPoinTr - INFO - [Epoch 70/200][Batch 1501/2622] BatchTime = 0.713 (s) DataTime = 0.001 (s) Losses = ['4.7680', '36.5891'] lr = 0.0000220
2025-07-20 04:16:45,571 - AdaPoinTr - INFO - [Epoch 70/200][Batch 1601/2622] BatchTime = 0.717 (s) DataTime = 0.001 (s) Losses = ['5.5335', '41.8384'] lr = 0.0000220
2025-07-20 04:17:57,347 - AdaPoinTr - INFO - [Epoch 70/200][Batch 1701/2622] BatchTime = 0.713 (s) DataTime = 0.001 (s) Losses = ['5.4799', '44.4927'] lr = 0.0000220
2025-07-20 04:19:09,150 - AdaPoinTr - INFO - [Epoch 70/200][Batch 1801/2622] BatchTime = 0.711 (s) DataTime = 0.001 (s) Losses = ['5.1680', '39.1276'] lr = 0.0000220
2025-07-20 04:20:20,973 - AdaPoinTr - INFO - [Epoch 70/200][Batch 1901/2622] BatchTime = 0.706 (s) DataTime = 0.001 (s) Losses = ['5.0210', '39.6630'] lr = 0.0000220
2025-07-20 04:21:32,772 - AdaPoinTr - INFO - [Epoch 70/200][Batch 2001/2622] BatchTime = 0.711 (s) DataTime = 0.001 (s) Losses = ['4.6226', '35.3682'] lr = 0.0000220
2025-07-20 04:22:44,567 - AdaPoinTr - INFO - [Epoch 70/200][Batch 2101/2622] BatchTime = 0.705 (s) DataTime = 0.001 (s) Losses = ['4.8535', '39.7533'] lr = 0.0000220
2025-07-20 04:23:56,370 - AdaPoinTr - INFO - [Epoch 70/200][Batch 2201/2622] BatchTime = 0.708 (s) DataTime = 0.001 (s) Losses = ['5.4694', '41.9336'] lr = 0.0000220
2025-07-20 04:25:08,178 - AdaPoinTr - INFO - [Epoch 70/200][Batch 2301/2622] BatchTime = 0.718 (s) DataTime = 0.001 (s) Losses = ['4.9337', '37.6492'] lr = 0.0000220
2025-07-20 04:26:19,979 - AdaPoinTr - INFO - [Epoch 70/200][Batch 2401/2622] BatchTime = 0.719 (s) DataTime = 0.001 (s) Losses = ['5.5143', '42.3665'] lr = 0.0000220
2025-07-20 04:27:31,800 - AdaPoinTr - INFO - [Epoch 70/200][Batch 2501/2622] BatchTime = 0.712 (s) DataTime = 0.001 (s) Losses = ['5.3979', '39.9837'] lr = 0.0000220
2025-07-20 04:28:43,615 - AdaPoinTr - INFO - [Epoch 70/200][Batch 2601/2622] BatchTime = 0.712 (s) DataTime = 0.001 (s) Losses = ['5.2704', '38.6031'] lr = 0.0000220
2025-07-20 04:28:58,727 - AdaPoinTr - INFO - [Training] EPOCH: 70 EpochTime = 1882.610 (s) Losses = ['5.4408', '41.7553']
2025-07-20 04:28:58,727 - AdaPoinTr - INFO - [VALIDATION] Start validating epoch 70
2025-07-20 04:30:05,808 - AdaPoinTr - INFO - Test[1051/10518] Taxonomy = 02691156 Sample = c7749c0a8b61f43bc9b9e28055202e3d Losses = ['21.3139', '1.7173', '9.4095', '0.2931'] Metrics = ['0.5559', '9.4095', '0.2931', '0.0000']
2025-07-20 04:31:12,783 - AdaPoinTr - INFO - Test[2102/10518] Taxonomy = 03211117 Sample = ab2f9418c111cc6ddb965514105122a4 Losses = ['21.2284', '1.8160', '8.8332', '0.2945'] Metrics = ['0.6196', '8.8332', '0.2945', '0.0000']
2025-07-20 04:32:19,768 - AdaPoinTr - INFO - Test[3153/10518] Taxonomy = 02876657 Sample = c5032e4be091aabb36fe7a88df793982 Losses = ['42.8623', '7.8890', '17.7844', '1.2561'] Metrics = ['0.2994', '17.7844', '1.2561', '0.0000']
2025-07-20 04:33:26,641 - AdaPoinTr - INFO - Test[4204/10518] Taxonomy = 03211117 Sample = 722df1da5778d45b1e43523279c7f09f Losses = ['28.8871', '3.1187', '12.6932', '0.6844'] Metrics = ['0.4014', '12.6932', '0.6844', '0.0000']
2025-07-20 04:34:33,618 - AdaPoinTr - INFO - Test[5255/10518] Taxonomy = 02828884 Sample = 14b63361a48a9fffe4a048c146e8bd43 Losses = ['30.4131', '3.4976', '11.4849', '0.5055'] Metrics = ['0.4279', '11.4849', '0.5055', '0.0000']
2025-07-20 04:35:40,573 - AdaPoinTr - INFO - Test[6306/10518] Taxonomy = 03211117 Sample = d330d50a0255529d19ed6e1a590c9122 Losses = ['24.1044', '2.1085', '12.8252', '0.5209'] Metrics = ['0.3649', '12.8252', '0.5209', '0.0000']
2025-07-20 04:36:47,531 - AdaPoinTr - INFO - Test[7357/10518] Taxonomy = 04379243 Sample = b1ca280d9567270ade98d10ab5975b59 Losses = ['32.0843', '4.2100', '14.8137', '0.6939'] Metrics = ['0.2755', '14.8137', '0.6939', '0.0000']
2025-07-20 04:37:54,558 - AdaPoinTr - INFO - Test[8408/10518] Taxonomy = 03001627 Sample = 89208a619341d9fdb8c516ed5c4ce32 Losses = ['29.2930', '2.9788', '14.1090', '0.6167'] Metrics = ['0.2553', '14.1090', '0.6167', '0.0000']
2025-07-20 04:39:01,490 - AdaPoinTr - INFO - Test[9459/10518] Taxonomy = 03001627 Sample = d0255120e3351121c3bd24f986301745 Losses = ['47.3619', '9.0687', '26.3955', '3.2941'] Metrics = ['0.1700', '26.3955', '3.2941', '0.0000']
2025-07-20 04:40:08,479 - AdaPoinTr - INFO - Test[10510/10518] Taxonomy = 03636649 Sample = ea9ec4d9db2e06202471e6dd5ac3ef92 Losses = ['24.2909', '2.3362', '11.2023', '0.6697'] Metrics = ['0.5648', '11.2023', '0.6697', '0.0000']
2025-07-20 04:40:09,015 - AdaPoinTr - INFO - [Validation] EPOCH: 70  Metrics = ['0.3526', '14.8283', '1.0010', '0.0000']
2025-07-20 04:40:09,016 - AdaPoinTr - INFO - ============================ TEST RESULTS ============================
2025-07-20 04:40:09,016 - AdaPoinTr - INFO - Taxonomy	#Sample	F-Score	CDL1	CDL2	EMDistance	#ModelName	
2025-07-20 04:40:09,016 - AdaPoinTr - INFO - 03759954	14	0.526 	16.314 	2.324 	0.000 	microphone	
2025-07-20 04:40:09,016 - AdaPoinTr - INFO - 04330267	44	0.273 	17.093 	1.299 	0.000 	stove	
2025-07-20 04:40:09,016 - AdaPoinTr - INFO - 03261776	15	0.297 	19.886 	2.147 	0.000 	earphone	
2025-07-20 04:40:09,016 - AdaPoinTr - INFO - 03513137	33	0.210 	20.443 	2.218 	0.000 	helmet	
2025-07-20 04:40:09,016 - AdaPoinTr - INFO - 04460130	27	0.415 	14.157 	0.879 	0.000 	tower	
2025-07-20 04:40:09,016 - AdaPoinTr - INFO - 04468005	78	0.383 	12.890 	0.652 	0.000 	train	
2025-07-20 04:40:09,016 - AdaPoinTr - INFO - 03761084	31	0.227 	17.768 	1.368 	0.000 	microwaves	
2025-07-20 04:40:09,016 - AdaPoinTr - INFO - 04004475	34	0.263 	17.108 	1.264 	0.000 	printer	
2025-07-20 04:40:09,016 - AdaPoinTr - INFO - 03938244	20	0.292 	15.312 	0.886 	0.000 	pillow	
2025-07-20 04:40:09,016 - AdaPoinTr - INFO - 02992529	167	0.354 	12.590 	0.532 	0.000 	cellphone	
2025-07-20 04:40:09,016 - AdaPoinTr - INFO - 02808440	172	0.279 	15.509 	0.974 	0.000 	bathtub	
2025-07-20 04:40:09,016 - AdaPoinTr - INFO - 04530566	388	0.500 	11.293 	0.577 	0.000 	watercraft	
2025-07-20 04:40:09,016 - AdaPoinTr - INFO - 02871439	91	0.238 	17.102 	1.137 	0.000 	bookshelf	
2025-07-20 04:40:09,016 - AdaPoinTr - INFO - 03593526	120	0.259 	17.820 	1.431 	0.000 	jar	
2025-07-20 04:40:09,016 - AdaPoinTr - INFO - 04554684	34	0.214 	18.192 	1.294 	0.000 	washer	
2025-07-20 04:40:09,016 - AdaPoinTr - INFO - 03467517	160	0.781 	7.171 	0.216 	0.000 	guitar	
2025-07-20 04:40:09,016 - AdaPoinTr - INFO - 04401088	218	0.354 	12.490 	0.520 	0.000 	telephone	
2025-07-20 04:40:09,016 - AdaPoinTr - INFO - 02954340	12	0.298 	13.994 	0.659 	0.000 	cap	
2025-07-20 04:40:09,016 - AdaPoinTr - INFO - 02933112	315	0.224 	16.269 	0.925 	0.000 	cabinet	
2025-07-20 04:40:09,016 - AdaPoinTr - INFO - 03642806	92	0.366 	11.865 	0.475 	0.000 	laptop	
2025-07-20 04:40:09,016 - AdaPoinTr - INFO - 02924116	188	0.353 	12.942 	0.614 	0.000 	bus	
2025-07-20 04:40:09,016 - AdaPoinTr - INFO - 02946921	22	0.245 	16.313 	1.240 	0.000 	can	
2025-07-20 04:40:09,016 - AdaPoinTr - INFO - 02818832	47	0.283 	16.590 	1.170 	0.000 	bed	
2025-07-20 04:40:09,016 - AdaPoinTr - INFO - 04256520	635	0.282 	15.076 	0.837 	0.000 	sofa	
2025-07-20 04:40:09,016 - AdaPoinTr - INFO - 04379243	1687	0.381 	13.150 	0.785 	0.000 	table	
2025-07-20 04:40:09,016 - AdaPoinTr - INFO - 02747177	69	0.187 	18.260 	1.252 	0.000 	trash bin	
2025-07-20 04:40:09,016 - AdaPoinTr - INFO - 03046257	131	0.271 	16.324 	1.045 	0.000 	clock	
2025-07-20 04:40:09,016 - AdaPoinTr - INFO - 04225987	31	0.551 	9.607 	0.345 	0.000 	skateboard	
2025-07-20 04:40:09,016 - AdaPoinTr - INFO - 03797390	43	0.183 	19.634 	1.535 	0.000 	mug	
2025-07-20 04:40:09,016 - AdaPoinTr - INFO - 03001627	1356	0.355 	14.305 	0.903 	0.000 	chair	
2025-07-20 04:40:09,016 - AdaPoinTr - INFO - 03691459	320	0.236 	18.221 	1.382 	0.000 	loudspeaker	
2025-07-20 04:40:09,016 - AdaPoinTr - INFO - 02942699	23	0.228 	19.750 	1.771 	0.000 	camera	
2025-07-20 04:40:09,016 - AdaPoinTr - INFO - 03636649	464	0.526 	13.400 	1.251 	0.000 	lamp	
2025-07-20 04:40:09,016 - AdaPoinTr - INFO - 02691156	809	0.566 	9.869 	0.432 	0.000 	airplane	
2025-07-20 04:40:09,016 - AdaPoinTr - INFO - 02773838	17	0.319 	14.943 	1.025 	0.000 	bag	
2025-07-20 04:40:09,016 - AdaPoinTr - INFO - 02958343	703	0.220 	16.408 	0.933 	0.000 	car	
2025-07-20 04:40:09,016 - AdaPoinTr - INFO - 02880940	38	0.227 	16.350 	0.990 	0.000 	bowl	
2025-07-20 04:40:09,016 - AdaPoinTr - INFO - 04099429	17	0.689 	9.591 	0.570 	0.000 	rocket	
2025-07-20 04:40:09,017 - AdaPoinTr - INFO - 02828884	363	0.418 	11.811 	0.595 	0.000 	bench	
2025-07-20 04:40:09,017 - AdaPoinTr - INFO - 04090263	475	0.693 	8.673 	0.415 	0.000 	rifle	
2025-07-20 04:40:09,017 - AdaPoinTr - INFO - 03211117	219	0.298 	14.864 	0.814 	0.000 	display	
2025-07-20 04:40:09,017 - AdaPoinTr - INFO - 02876657	100	0.411 	12.244 	0.620 	0.000 	bottle	
2025-07-20 04:40:09,017 - AdaPoinTr - INFO - 03710193	19	0.496 	12.801 	0.857 	0.000 	mailbox	
2025-07-20 04:40:09,017 - AdaPoinTr - INFO - 03790512	68	0.252 	17.163 	1.173 	0.000 	motorbike	
2025-07-20 04:40:09,017 - AdaPoinTr - INFO - 03325088	149	0.455 	15.060 	1.464 	0.000 	faucet	
2025-07-20 04:40:09,017 - AdaPoinTr - INFO - 02801938	23	0.221 	17.218 	1.124 	0.000 	basket	
2025-07-20 04:40:09,017 - AdaPoinTr - INFO - 03337140	60	0.229 	16.892 	1.090 	0.000 	file cabinet	
2025-07-20 04:40:09,017 - AdaPoinTr - INFO - 02843684	15	0.231 	18.640 	1.361 	0.000 	birdhouse	
2025-07-20 04:40:09,017 - AdaPoinTr - INFO - 03624134	85	0.776 	7.464 	0.305 	0.000 	knife	
2025-07-20 04:40:09,017 - AdaPoinTr - INFO - 03991062	121	0.233 	19.367 	1.604 	0.000 	flowerpot	
2025-07-20 04:40:09,017 - AdaPoinTr - INFO - 03948459	62	0.467 	11.991 	0.628 	0.000 	pistol	
2025-07-20 04:40:09,017 - AdaPoinTr - INFO - 03928116	48	0.281 	16.402 	1.240 	0.000 	piano	
2025-07-20 04:40:09,017 - AdaPoinTr - INFO - 03207941	19	0.226 	16.430 	0.976 	0.000 	dishwasher	
2025-07-20 04:40:09,017 - AdaPoinTr - INFO - 04074963	14	0.401 	12.281 	0.551 	0.000 	remote	
2025-07-20 04:40:09,017 - AdaPoinTr - INFO - 03085013	13	0.450 	10.259 	0.386 	0.000 	keyboard	
2025-07-20 04:40:09,017 - AdaPoinTr - INFO - Overall		0.353 	14.828 	1.001 	0.000 	
2025-07-20 04:40:09,471 - AdaPoinTr - INFO - Save checkpoint at ./experiments/AdaPoinTr/ShapeNet55_models/AdaPoinTr/ckpt-last.pth
2025-07-20 04:40:10,272 - AdaPoinTr - INFO - [Epoch 71/200][Batch 1/2622] BatchTime = 0.799 (s) DataTime = 0.087 (s) Losses = ['5.3566', '39.5266'] lr = 0.0000215
2025-07-20 04:41:22,033 - AdaPoinTr - INFO - [Epoch 71/200][Batch 101/2622] BatchTime = 0.715 (s) DataTime = 0.001 (s) Losses = ['4.7629', '37.1252'] lr = 0.0000215
2025-07-20 04:42:33,842 - AdaPoinTr - INFO - [Epoch 71/200][Batch 201/2622] BatchTime = 0.715 (s) DataTime = 0.001 (s) Losses = ['5.6669', '43.5325'] lr = 0.0000215
2025-07-20 04:43:45,689 - AdaPoinTr - INFO - [Epoch 71/200][Batch 301/2622] BatchTime = 0.719 (s) DataTime = 0.001 (s) Losses = ['5.1166', '38.2159'] lr = 0.0000215
2025-07-20 04:44:57,501 - AdaPoinTr - INFO - [Epoch 71/200][Batch 401/2622] BatchTime = 0.718 (s) DataTime = 0.001 (s) Losses = ['5.2847', '40.3604'] lr = 0.0000215
2025-07-20 04:46:09,326 - AdaPoinTr - INFO - [Epoch 71/200][Batch 501/2622] BatchTime = 0.712 (s) DataTime = 0.001 (s) Losses = ['5.4929', '44.9203'] lr = 0.0000215
2025-07-20 04:47:21,160 - AdaPoinTr - INFO - [Epoch 71/200][Batch 601/2622] BatchTime = 0.710 (s) DataTime = 0.001 (s) Losses = ['5.7303', '46.9550'] lr = 0.0000215
2025-07-20 04:48:32,959 - AdaPoinTr - INFO - [Epoch 71/200][Batch 701/2622] BatchTime = 0.709 (s) DataTime = 0.001 (s) Losses = ['5.5117', '42.9940'] lr = 0.0000215
2025-07-20 04:49:44,717 - AdaPoinTr - INFO - [Epoch 71/200][Batch 801/2622] BatchTime = 0.706 (s) DataTime = 0.001 (s) Losses = ['5.5141', '42.1662'] lr = 0.0000215
2025-07-20 04:50:56,556 - AdaPoinTr - INFO - [Epoch 71/200][Batch 901/2622] BatchTime = 0.706 (s) DataTime = 0.001 (s) Losses = ['5.2179', '37.8458'] lr = 0.0000215
2025-07-20 04:52:08,344 - AdaPoinTr - INFO - [Epoch 71/200][Batch 1001/2622] BatchTime = 0.712 (s) DataTime = 0.001 (s) Losses = ['4.3639', '34.0176'] lr = 0.0000215
2025-07-20 04:53:20,161 - AdaPoinTr - INFO - [Epoch 71/200][Batch 1101/2622] BatchTime = 0.719 (s) DataTime = 0.001 (s) Losses = ['5.0452', '39.6780'] lr = 0.0000215
2025-07-20 04:54:31,956 - AdaPoinTr - INFO - [Epoch 71/200][Batch 1201/2622] BatchTime = 0.717 (s) DataTime = 0.001 (s) Losses = ['5.1328', '38.8551'] lr = 0.0000215
2025-07-20 04:55:43,792 - AdaPoinTr - INFO - [Epoch 71/200][Batch 1301/2622] BatchTime = 0.716 (s) DataTime = 0.001 (s) Losses = ['5.6779', '44.4849'] lr = 0.0000215
2025-07-20 04:56:55,558 - AdaPoinTr - INFO - [Epoch 71/200][Batch 1401/2622] BatchTime = 0.717 (s) DataTime = 0.001 (s) Losses = ['5.6917', '39.7110'] lr = 0.0000215
2025-07-20 04:58:07,345 - AdaPoinTr - INFO - [Epoch 71/200][Batch 1501/2622] BatchTime = 0.710 (s) DataTime = 0.001 (s) Losses = ['4.9758', '40.1139'] lr = 0.0000215
2025-07-20 04:59:19,180 - AdaPoinTr - INFO - [Epoch 71/200][Batch 1601/2622] BatchTime = 0.707 (s) DataTime = 0.001 (s) Losses = ['5.9366', '45.4564'] lr = 0.0000215
2025-07-20 05:00:30,936 - AdaPoinTr - INFO - [Epoch 71/200][Batch 1701/2622] BatchTime = 0.706 (s) DataTime = 0.001 (s) Losses = ['5.5846', '40.8172'] lr = 0.0000215
2025-07-20 05:01:42,732 - AdaPoinTr - INFO - [Epoch 71/200][Batch 1801/2622] BatchTime = 0.715 (s) DataTime = 0.001 (s) Losses = ['4.8560', '39.6487'] lr = 0.0000215
2025-07-20 05:02:54,188 - AdaPoinTr - INFO - [Epoch 71/200][Batch 1901/2622] BatchTime = 0.717 (s) DataTime = 0.001 (s) Losses = ['5.6319', '41.3843'] lr = 0.0000215
2025-07-20 05:04:05,992 - AdaPoinTr - INFO - [Epoch 71/200][Batch 2001/2622] BatchTime = 0.719 (s) DataTime = 0.001 (s) Losses = ['5.1280', '37.9043'] lr = 0.0000215
2025-07-20 05:05:17,811 - AdaPoinTr - INFO - [Epoch 71/200][Batch 2101/2622] BatchTime = 0.713 (s) DataTime = 0.001 (s) Losses = ['5.3001', '42.6590'] lr = 0.0000215
2025-07-20 05:06:29,605 - AdaPoinTr - INFO - [Epoch 71/200][Batch 2201/2622] BatchTime = 0.713 (s) DataTime = 0.001 (s) Losses = ['5.0024', '39.1444'] lr = 0.0000215
2025-07-20 05:07:41,413 - AdaPoinTr - INFO - [Epoch 71/200][Batch 2301/2622] BatchTime = 0.709 (s) DataTime = 0.001 (s) Losses = ['6.0090', '47.3049'] lr = 0.0000215
2025-07-20 05:08:53,260 - AdaPoinTr - INFO - [Epoch 71/200][Batch 2401/2622] BatchTime = 0.710 (s) DataTime = 0.001 (s) Losses = ['5.6766', '42.3668'] lr = 0.0000215
2025-07-20 05:10:05,072 - AdaPoinTr - INFO - [Epoch 71/200][Batch 2501/2622] BatchTime = 0.705 (s) DataTime = 0.001 (s) Losses = ['5.4636', '41.5991'] lr = 0.0000215
2025-07-20 05:11:16,925 - AdaPoinTr - INFO - [Epoch 71/200][Batch 2601/2622] BatchTime = 0.707 (s) DataTime = 0.001 (s) Losses = ['4.5612', '39.4645'] lr = 0.0000215
2025-07-20 05:11:32,017 - AdaPoinTr - INFO - [Training] EPOCH: 71 EpochTime = 1882.544 (s) Losses = ['5.4252', '41.3645']
2025-07-20 05:11:32,471 - AdaPoinTr - INFO - Save checkpoint at ./experiments/AdaPoinTr/ShapeNet55_models/AdaPoinTr/ckpt-last.pth
2025-07-20 05:11:33,269 - AdaPoinTr - INFO - [Epoch 72/200][Batch 1/2622] BatchTime = 0.797 (s) DataTime = 0.089 (s) Losses = ['4.8361', '33.9729'] lr = 0.0000211
2025-07-20 05:12:45,081 - AdaPoinTr - INFO - [Epoch 72/200][Batch 101/2622] BatchTime = 0.708 (s) DataTime = 0.001 (s) Losses = ['5.2739', '37.2409'] lr = 0.0000211
2025-07-20 05:13:56,903 - AdaPoinTr - INFO - [Epoch 72/200][Batch 201/2622] BatchTime = 0.716 (s) DataTime = 0.001 (s) Losses = ['5.6937', '43.9755'] lr = 0.0000211
2025-07-20 05:15:08,712 - AdaPoinTr - INFO - [Epoch 72/200][Batch 301/2622] BatchTime = 0.719 (s) DataTime = 0.001 (s) Losses = ['6.0135', '44.9823'] lr = 0.0000211
2025-07-20 05:16:20,516 - AdaPoinTr - INFO - [Epoch 72/200][Batch 401/2622] BatchTime = 0.721 (s) DataTime = 0.001 (s) Losses = ['5.4109', '38.8972'] lr = 0.0000211
2025-07-20 05:17:32,326 - AdaPoinTr - INFO - [Epoch 72/200][Batch 501/2622] BatchTime = 0.716 (s) DataTime = 0.001 (s) Losses = ['5.5548', '41.7773'] lr = 0.0000211
2025-07-20 05:18:44,093 - AdaPoinTr - INFO - [Epoch 72/200][Batch 601/2622] BatchTime = 0.707 (s) DataTime = 0.001 (s) Losses = ['5.4696', '42.4158'] lr = 0.0000211
2025-07-20 05:19:55,912 - AdaPoinTr - INFO - [Epoch 72/200][Batch 701/2622] BatchTime = 0.710 (s) DataTime = 0.001 (s) Losses = ['5.3530', '42.1450'] lr = 0.0000211
2025-07-20 05:21:07,726 - AdaPoinTr - INFO - [Epoch 72/200][Batch 801/2622] BatchTime = 0.710 (s) DataTime = 0.001 (s) Losses = ['5.4341', '42.7882'] lr = 0.0000211
2025-07-20 05:22:19,541 - AdaPoinTr - INFO - [Epoch 72/200][Batch 901/2622] BatchTime = 0.709 (s) DataTime = 0.001 (s) Losses = ['5.0996', '37.0871'] lr = 0.0000211
2025-07-20 05:23:31,365 - AdaPoinTr - INFO - [Epoch 72/200][Batch 1001/2622] BatchTime = 0.709 (s) DataTime = 0.001 (s) Losses = ['5.3537', '44.4331'] lr = 0.0000211
2025-07-20 05:24:43,209 - AdaPoinTr - INFO - [Epoch 72/200][Batch 1101/2622] BatchTime = 0.709 (s) DataTime = 0.001 (s) Losses = ['5.6551', '42.7758'] lr = 0.0000211
2025-07-20 05:25:55,049 - AdaPoinTr - INFO - [Epoch 72/200][Batch 1201/2622] BatchTime = 0.710 (s) DataTime = 0.001 (s) Losses = ['5.4854', '42.4542'] lr = 0.0000211
2025-07-20 05:27:06,885 - AdaPoinTr - INFO - [Epoch 72/200][Batch 1301/2622] BatchTime = 0.707 (s) DataTime = 0.001 (s) Losses = ['4.8791', '36.4783'] lr = 0.0000211
2025-07-20 05:28:18,694 - AdaPoinTr - INFO - [Epoch 72/200][Batch 1401/2622] BatchTime = 0.707 (s) DataTime = 0.001 (s) Losses = ['5.8648', '43.2064'] lr = 0.0000211
2025-07-20 05:29:30,476 - AdaPoinTr - INFO - [Epoch 72/200][Batch 1501/2622] BatchTime = 0.712 (s) DataTime = 0.001 (s) Losses = ['5.6516', '41.9171'] lr = 0.0000211
2025-07-20 05:30:42,296 - AdaPoinTr - INFO - [Epoch 72/200][Batch 1601/2622] BatchTime = 0.718 (s) DataTime = 0.001 (s) Losses = ['5.1421', '35.6413'] lr = 0.0000211
2025-07-20 05:31:54,084 - AdaPoinTr - INFO - [Epoch 72/200][Batch 1701/2622] BatchTime = 0.719 (s) DataTime = 0.001 (s) Losses = ['5.6955', '42.1440'] lr = 0.0000211
2025-07-20 05:33:05,863 - AdaPoinTr - INFO - [Epoch 72/200][Batch 1801/2622] BatchTime = 0.714 (s) DataTime = 0.001 (s) Losses = ['5.8217', '44.7250'] lr = 0.0000211
2025-07-20 05:34:17,658 - AdaPoinTr - INFO - [Epoch 72/200][Batch 1901/2622] BatchTime = 0.713 (s) DataTime = 0.001 (s) Losses = ['5.0143', '37.9340'] lr = 0.0000211
2025-07-20 05:35:29,481 - AdaPoinTr - INFO - [Epoch 72/200][Batch 2001/2622] BatchTime = 0.712 (s) DataTime = 0.001 (s) Losses = ['5.7601', '42.6992'] lr = 0.0000211
2025-07-20 05:36:41,239 - AdaPoinTr - INFO - [Epoch 72/200][Batch 2101/2622] BatchTime = 0.706 (s) DataTime = 0.001 (s) Losses = ['5.6752', '44.3327'] lr = 0.0000211
2025-07-20 05:37:53,052 - AdaPoinTr - INFO - [Epoch 72/200][Batch 2201/2622] BatchTime = 0.708 (s) DataTime = 0.001 (s) Losses = ['4.5304', '33.8791'] lr = 0.0000211
2025-07-20 05:39:04,818 - AdaPoinTr - INFO - [Epoch 72/200][Batch 2301/2622] BatchTime = 0.711 (s) DataTime = 0.001 (s) Losses = ['5.9045', '42.7445'] lr = 0.0000211
2025-07-20 05:40:16,621 - AdaPoinTr - INFO - [Epoch 72/200][Batch 2401/2622] BatchTime = 0.722 (s) DataTime = 0.001 (s) Losses = ['5.4843', '40.7640'] lr = 0.0000211
2025-07-20 05:41:28,432 - AdaPoinTr - INFO - [Epoch 72/200][Batch 2501/2622] BatchTime = 0.718 (s) DataTime = 0.001 (s) Losses = ['5.0965', '37.9456'] lr = 0.0000211
2025-07-20 05:42:40,241 - AdaPoinTr - INFO - [Epoch 72/200][Batch 2601/2622] BatchTime = 0.719 (s) DataTime = 0.001 (s) Losses = ['5.3029', '41.6068'] lr = 0.0000211
2025-07-20 05:42:55,373 - AdaPoinTr - INFO - [Training] EPOCH: 72 EpochTime = 1882.901 (s) Losses = ['5.4073', '41.4589']
2025-07-20 05:42:55,829 - AdaPoinTr - INFO - Save checkpoint at ./experiments/AdaPoinTr/ShapeNet55_models/AdaPoinTr/ckpt-last.pth
2025-07-20 05:42:56,631 - AdaPoinTr - INFO - [Epoch 73/200][Batch 1/2622] BatchTime = 0.801 (s) DataTime = 0.090 (s) Losses = ['4.5691', '37.3384'] lr = 0.0000206
2025-07-20 05:44:08,479 - AdaPoinTr - INFO - [Epoch 73/200][Batch 101/2622] BatchTime = 0.720 (s) DataTime = 0.001 (s) Losses = ['4.7953', '37.5896'] lr = 0.0000206
2025-07-20 05:45:20,263 - AdaPoinTr - INFO - [Epoch 73/200][Batch 201/2622] BatchTime = 0.717 (s) DataTime = 0.001 (s) Losses = ['5.0988', '39.5278'] lr = 0.0000206
2025-07-20 05:46:32,038 - AdaPoinTr - INFO - [Epoch 73/200][Batch 301/2622] BatchTime = 0.712 (s) DataTime = 0.001 (s) Losses = ['5.5049', '42.7965'] lr = 0.0000206
2025-07-20 05:47:43,813 - AdaPoinTr - INFO - [Epoch 73/200][Batch 401/2622] BatchTime = 0.707 (s) DataTime = 0.001 (s) Losses = ['5.0541', '39.2685'] lr = 0.0000206
2025-07-20 05:48:55,637 - AdaPoinTr - INFO - [Epoch 73/200][Batch 501/2622] BatchTime = 0.706 (s) DataTime = 0.001 (s) Losses = ['5.8955', '47.2252'] lr = 0.0000206
2025-07-20 05:50:07,454 - AdaPoinTr - INFO - [Epoch 73/200][Batch 601/2622] BatchTime = 0.710 (s) DataTime = 0.001 (s) Losses = ['5.4365', '45.0579'] lr = 0.0000206
2025-07-20 05:51:19,269 - AdaPoinTr - INFO - [Epoch 73/200][Batch 701/2622] BatchTime = 0.711 (s) DataTime = 0.001 (s) Losses = ['5.2763', '42.3103'] lr = 0.0000206
2025-07-20 05:52:30,754 - AdaPoinTr - INFO - [Epoch 73/200][Batch 801/2622] BatchTime = 0.714 (s) DataTime = 0.001 (s) Losses = ['5.7639', '42.9259'] lr = 0.0000206
2025-07-20 05:53:42,527 - AdaPoinTr - INFO - [Epoch 73/200][Batch 901/2622] BatchTime = 0.716 (s) DataTime = 0.001 (s) Losses = ['5.3073', '40.2811'] lr = 0.0000206
2025-07-20 05:54:54,333 - AdaPoinTr - INFO - [Epoch 73/200][Batch 1001/2622] BatchTime = 0.721 (s) DataTime = 0.001 (s) Losses = ['5.1362', '38.2755'] lr = 0.0000206
2025-07-20 05:56:06,125 - AdaPoinTr - INFO - [Epoch 73/200][Batch 1101/2622] BatchTime = 0.711 (s) DataTime = 0.001 (s) Losses = ['4.6801', '38.4779'] lr = 0.0000206
2025-07-20 05:57:17,875 - AdaPoinTr - INFO - [Epoch 73/200][Batch 1201/2622] BatchTime = 0.708 (s) DataTime = 0.001 (s) Losses = ['4.7260', '35.3755'] lr = 0.0000206
2025-07-20 05:58:29,661 - AdaPoinTr - INFO - [Epoch 73/200][Batch 1301/2622] BatchTime = 0.712 (s) DataTime = 0.001 (s) Losses = ['5.7538', '41.8929'] lr = 0.0000206
2025-07-20 05:59:41,455 - AdaPoinTr - INFO - [Epoch 73/200][Batch 1401/2622] BatchTime = 0.717 (s) DataTime = 0.001 (s) Losses = ['5.4159', '40.7506'] lr = 0.0000206
2025-07-20 06:00:53,263 - AdaPoinTr - INFO - [Epoch 73/200][Batch 1501/2622] BatchTime = 0.718 (s) DataTime = 0.001 (s) Losses = ['4.8732', '36.6798'] lr = 0.0000206
2025-07-20 06:02:05,073 - AdaPoinTr - INFO - [Epoch 73/200][Batch 1601/2622] BatchTime = 0.719 (s) DataTime = 0.001 (s) Losses = ['4.6074', '35.6234'] lr = 0.0000206
2025-07-20 06:03:16,872 - AdaPoinTr - INFO - [Epoch 73/200][Batch 1701/2622] BatchTime = 0.715 (s) DataTime = 0.001 (s) Losses = ['5.9959', '42.5393'] lr = 0.0000206
2025-07-20 06:04:28,668 - AdaPoinTr - INFO - [Epoch 73/200][Batch 1801/2622] BatchTime = 0.715 (s) DataTime = 0.001 (s) Losses = ['5.7940', '44.8182'] lr = 0.0000206
2025-07-20 06:05:40,467 - AdaPoinTr - INFO - [Epoch 73/200][Batch 1901/2622] BatchTime = 0.710 (s) DataTime = 0.001 (s) Losses = ['5.0158', '42.6953'] lr = 0.0000206
2025-07-20 06:06:52,275 - AdaPoinTr - INFO - [Epoch 73/200][Batch 2001/2622] BatchTime = 0.709 (s) DataTime = 0.001 (s) Losses = ['4.8846', '38.5301'] lr = 0.0000206
2025-07-20 06:08:04,106 - AdaPoinTr - INFO - [Epoch 73/200][Batch 2101/2622] BatchTime = 0.708 (s) DataTime = 0.001 (s) Losses = ['5.0409', '37.7088'] lr = 0.0000206
2025-07-20 06:09:15,851 - AdaPoinTr - INFO - [Epoch 73/200][Batch 2201/2622] BatchTime = 0.703 (s) DataTime = 0.001 (s) Losses = ['4.6935', '37.9587'] lr = 0.0000206
2025-07-20 06:10:27,675 - AdaPoinTr - INFO - [Epoch 73/200][Batch 2301/2622] BatchTime = 0.714 (s) DataTime = 0.001 (s) Losses = ['5.3989', '40.1513'] lr = 0.0000206
2025-07-20 06:11:39,450 - AdaPoinTr - INFO - [Epoch 73/200][Batch 2401/2622] BatchTime = 0.711 (s) DataTime = 0.001 (s) Losses = ['5.8646', '42.6905'] lr = 0.0000206
2025-07-20 06:12:51,229 - AdaPoinTr - INFO - [Epoch 73/200][Batch 2501/2622] BatchTime = 0.721 (s) DataTime = 0.001 (s) Losses = ['5.1742', '43.2566'] lr = 0.0000206
2025-07-20 06:14:03,070 - AdaPoinTr - INFO - [Epoch 73/200][Batch 2601/2622] BatchTime = 0.717 (s) DataTime = 0.001 (s) Losses = ['5.4105', '42.9995'] lr = 0.0000206
2025-07-20 06:14:18,174 - AdaPoinTr - INFO - [Training] EPOCH: 73 EpochTime = 1882.343 (s) Losses = ['5.4263', '41.4131']
2025-07-20 06:14:18,617 - AdaPoinTr - INFO - Save checkpoint at ./experiments/AdaPoinTr/ShapeNet55_models/AdaPoinTr/ckpt-last.pth
2025-07-20 06:14:19,423 - AdaPoinTr - INFO - [Epoch 74/200][Batch 1/2622] BatchTime = 0.805 (s) DataTime = 0.090 (s) Losses = ['5.9257', '44.3663'] lr = 0.0000202
2025-07-20 06:15:31,246 - AdaPoinTr - INFO - [Epoch 74/200][Batch 101/2622] BatchTime = 0.717 (s) DataTime = 0.001 (s) Losses = ['5.4712', '41.7541'] lr = 0.0000202
2025-07-20 06:16:43,077 - AdaPoinTr - INFO - [Epoch 74/200][Batch 201/2622] BatchTime = 0.720 (s) DataTime = 0.001 (s) Losses = ['5.4104', '40.4302'] lr = 0.0000202
2025-07-20 06:17:54,895 - AdaPoinTr - INFO - [Epoch 74/200][Batch 301/2622] BatchTime = 0.715 (s) DataTime = 0.001 (s) Losses = ['6.0654', '43.7192'] lr = 0.0000202
2025-07-20 06:19:06,685 - AdaPoinTr - INFO - [Epoch 74/200][Batch 401/2622] BatchTime = 0.711 (s) DataTime = 0.001 (s) Losses = ['5.7149', '43.5102'] lr = 0.0000202
2025-07-20 06:20:18,491 - AdaPoinTr - INFO - [Epoch 74/200][Batch 501/2622] BatchTime = 0.714 (s) DataTime = 0.001 (s) Losses = ['5.5821', '40.6053'] lr = 0.0000202
2025-07-20 06:21:30,316 - AdaPoinTr - INFO - [Epoch 74/200][Batch 601/2622] BatchTime = 0.710 (s) DataTime = 0.001 (s) Losses = ['5.6011', '39.7848'] lr = 0.0000202
2025-07-20 06:22:42,120 - AdaPoinTr - INFO - [Epoch 74/200][Batch 701/2622] BatchTime = 0.705 (s) DataTime = 0.001 (s) Losses = ['4.7056', '36.0833'] lr = 0.0000202
2025-07-20 06:23:53,926 - AdaPoinTr - INFO - [Epoch 74/200][Batch 801/2622] BatchTime = 0.705 (s) DataTime = 0.001 (s) Losses = ['5.1139', '40.7609'] lr = 0.0000202
2025-07-20 06:25:05,778 - AdaPoinTr - INFO - [Epoch 74/200][Batch 901/2622] BatchTime = 0.704 (s) DataTime = 0.001 (s) Losses = ['5.5557', '43.2319'] lr = 0.0000202
2025-07-20 06:26:17,556 - AdaPoinTr - INFO - [Epoch 74/200][Batch 1001/2622] BatchTime = 0.709 (s) DataTime = 0.001 (s) Losses = ['5.0512', '42.3779'] lr = 0.0000202
2025-07-20 06:27:29,378 - AdaPoinTr - INFO - [Epoch 74/200][Batch 1101/2622] BatchTime = 0.718 (s) DataTime = 0.001 (s) Losses = ['5.4080', '45.7395'] lr = 0.0000202
2025-07-20 06:28:41,223 - AdaPoinTr - INFO - [Epoch 74/200][Batch 1201/2622] BatchTime = 0.712 (s) DataTime = 0.001 (s) Losses = ['6.0006', '46.0898'] lr = 0.0000202
2025-07-20 06:29:53,058 - AdaPoinTr - INFO - [Epoch 74/200][Batch 1301/2622] BatchTime = 0.731 (s) DataTime = 0.001 (s) Losses = ['6.0059', '46.4453'] lr = 0.0000202
2025-07-20 06:31:04,856 - AdaPoinTr - INFO - [Epoch 74/200][Batch 1401/2622] BatchTime = 0.716 (s) DataTime = 0.001 (s) Losses = ['4.6702', '34.9324'] lr = 0.0000202
2025-07-20 06:32:16,686 - AdaPoinTr - INFO - [Epoch 74/200][Batch 1501/2622] BatchTime = 0.716 (s) DataTime = 0.001 (s) Losses = ['5.3239', '38.8468'] lr = 0.0000202
2025-07-20 06:33:28,455 - AdaPoinTr - INFO - [Epoch 74/200][Batch 1601/2622] BatchTime = 0.710 (s) DataTime = 0.001 (s) Losses = ['5.0329', '42.9554'] lr = 0.0000202
2025-07-20 06:34:40,304 - AdaPoinTr - INFO - [Epoch 74/200][Batch 1701/2622] BatchTime = 0.711 (s) DataTime = 0.001 (s) Losses = ['5.3355', '40.0559'] lr = 0.0000202
2025-07-20 06:35:52,107 - AdaPoinTr - INFO - [Epoch 74/200][Batch 1801/2622] BatchTime = 0.709 (s) DataTime = 0.001 (s) Losses = ['5.9330', '46.0105'] lr = 0.0000202
2025-07-20 06:37:03,883 - AdaPoinTr - INFO - [Epoch 74/200][Batch 1901/2622] BatchTime = 0.706 (s) DataTime = 0.001 (s) Losses = ['4.8844', '35.1949'] lr = 0.0000202
2025-07-20 06:38:15,700 - AdaPoinTr - INFO - [Epoch 74/200][Batch 2001/2622] BatchTime = 0.706 (s) DataTime = 0.001 (s) Losses = ['4.9537', '39.8401'] lr = 0.0000202
2025-07-20 06:39:27,523 - AdaPoinTr - INFO - [Epoch 74/200][Batch 2101/2622] BatchTime = 0.710 (s) DataTime = 0.001 (s) Losses = ['4.8740', '36.6314'] lr = 0.0000202
2025-07-20 06:40:39,299 - AdaPoinTr - INFO - [Epoch 74/200][Batch 2201/2622] BatchTime = 0.720 (s) DataTime = 0.001 (s) Losses = ['5.3520', '40.6429'] lr = 0.0000202
2025-07-20 06:41:50,739 - AdaPoinTr - INFO - [Epoch 74/200][Batch 2301/2622] BatchTime = 0.716 (s) DataTime = 0.001 (s) Losses = ['5.6988', '44.9154'] lr = 0.0000202
2025-07-20 06:43:02,568 - AdaPoinTr - INFO - [Epoch 74/200][Batch 2401/2622] BatchTime = 0.713 (s) DataTime = 0.001 (s) Losses = ['5.0720', '40.9060'] lr = 0.0000202
2025-07-20 06:44:14,395 - AdaPoinTr - INFO - [Epoch 74/200][Batch 2501/2622] BatchTime = 0.714 (s) DataTime = 0.001 (s) Losses = ['5.4036', '38.2078'] lr = 0.0000202
2025-07-20 06:45:26,218 - AdaPoinTr - INFO - [Epoch 74/200][Batch 2601/2622] BatchTime = 0.713 (s) DataTime = 0.001 (s) Losses = ['5.5961', '44.9273'] lr = 0.0000202
2025-07-20 06:45:41,328 - AdaPoinTr - INFO - [Training] EPOCH: 74 EpochTime = 1882.710 (s) Losses = ['5.3825', '41.1217']
2025-07-20 06:45:41,786 - AdaPoinTr - INFO - Save checkpoint at ./experiments/AdaPoinTr/ShapeNet55_models/AdaPoinTr/ckpt-last.pth
2025-07-20 06:45:42,592 - AdaPoinTr - INFO - [Epoch 75/200][Batch 1/2622] BatchTime = 0.805 (s) DataTime = 0.091 (s) Losses = ['5.2468', '41.7107'] lr = 0.0000197
2025-07-20 06:46:54,355 - AdaPoinTr - INFO - [Epoch 75/200][Batch 101/2622] BatchTime = 0.706 (s) DataTime = 0.001 (s) Losses = ['5.1204', '42.2047'] lr = 0.0000197
2025-07-20 06:48:06,114 - AdaPoinTr - INFO - [Epoch 75/200][Batch 201/2622] BatchTime = 0.706 (s) DataTime = 0.001 (s) Losses = ['5.6001', '42.7620'] lr = 0.0000197
2025-07-20 06:49:17,905 - AdaPoinTr - INFO - [Epoch 75/200][Batch 301/2622] BatchTime = 0.707 (s) DataTime = 0.001 (s) Losses = ['4.4932', '34.7736'] lr = 0.0000197
2025-07-20 06:50:29,729 - AdaPoinTr - INFO - [Epoch 75/200][Batch 401/2622] BatchTime = 0.714 (s) DataTime = 0.002 (s) Losses = ['5.1981', '40.9138'] lr = 0.0000197
2025-07-20 06:51:41,559 - AdaPoinTr - INFO - [Epoch 75/200][Batch 501/2622] BatchTime = 0.717 (s) DataTime = 0.001 (s) Losses = ['4.9643', '43.3936'] lr = 0.0000197
2025-07-20 06:52:53,386 - AdaPoinTr - INFO - [Epoch 75/200][Batch 601/2622] BatchTime = 0.714 (s) DataTime = 0.001 (s) Losses = ['5.3601', '43.9767'] lr = 0.0000197
2025-07-20 06:54:05,211 - AdaPoinTr - INFO - [Epoch 75/200][Batch 701/2622] BatchTime = 0.717 (s) DataTime = 0.001 (s) Losses = ['6.0963', '45.5917'] lr = 0.0000197
2025-07-20 06:55:16,961 - AdaPoinTr - INFO - [Epoch 75/200][Batch 801/2622] BatchTime = 0.714 (s) DataTime = 0.001 (s) Losses = ['4.5760', '36.4749'] lr = 0.0000197
2025-07-20 06:56:28,745 - AdaPoinTr - INFO - [Epoch 75/200][Batch 901/2622] BatchTime = 0.711 (s) DataTime = 0.001 (s) Losses = ['5.7541', '40.2383'] lr = 0.0000197
2025-07-20 06:57:40,515 - AdaPoinTr - INFO - [Epoch 75/200][Batch 1001/2622] BatchTime = 0.710 (s) DataTime = 0.001 (s) Losses = ['4.6987', '34.5800'] lr = 0.0000197
2025-07-20 06:58:52,313 - AdaPoinTr - INFO - [Epoch 75/200][Batch 1101/2622] BatchTime = 0.710 (s) DataTime = 0.001 (s) Losses = ['5.8607', '41.1861'] lr = 0.0000197
2025-07-20 07:00:04,098 - AdaPoinTr - INFO - [Epoch 75/200][Batch 1201/2622] BatchTime = 0.714 (s) DataTime = 0.001 (s) Losses = ['5.6589', '45.4404'] lr = 0.0000197
2025-07-20 07:01:15,869 - AdaPoinTr - INFO - [Epoch 75/200][Batch 1301/2622] BatchTime = 0.719 (s) DataTime = 0.001 (s) Losses = ['5.9474', '44.8644'] lr = 0.0000197
2025-07-20 07:02:27,695 - AdaPoinTr - INFO - [Epoch 75/200][Batch 1401/2622] BatchTime = 0.716 (s) DataTime = 0.001 (s) Losses = ['5.1421', '40.6808'] lr = 0.0000197
2025-07-20 07:03:39,503 - AdaPoinTr - INFO - [Epoch 75/200][Batch 1501/2622] BatchTime = 0.715 (s) DataTime = 0.001 (s) Losses = ['4.8894', '36.1795'] lr = 0.0000197
2025-07-20 07:04:51,324 - AdaPoinTr - INFO - [Epoch 75/200][Batch 1601/2622] BatchTime = 0.712 (s) DataTime = 0.001 (s) Losses = ['5.2542', '38.0181'] lr = 0.0000197
2025-07-20 07:06:03,130 - AdaPoinTr - INFO - [Epoch 75/200][Batch 1701/2622] BatchTime = 0.709 (s) DataTime = 0.001 (s) Losses = ['5.4058', '46.0578'] lr = 0.0000197
2025-07-20 07:07:14,958 - AdaPoinTr - INFO - [Epoch 75/200][Batch 1801/2622] BatchTime = 0.711 (s) DataTime = 0.001 (s) Losses = ['5.6961', '42.3811'] lr = 0.0000197
2025-07-20 07:08:26,791 - AdaPoinTr - INFO - [Epoch 75/200][Batch 1901/2622] BatchTime = 0.708 (s) DataTime = 0.001 (s) Losses = ['5.2317', '37.6180'] lr = 0.0000197
2025-07-20 07:09:38,600 - AdaPoinTr - INFO - [Epoch 75/200][Batch 2001/2622] BatchTime = 0.704 (s) DataTime = 0.001 (s) Losses = ['6.0553', '42.6706'] lr = 0.0000197
2025-07-20 07:10:50,397 - AdaPoinTr - INFO - [Epoch 75/200][Batch 2101/2622] BatchTime = 0.710 (s) DataTime = 0.001 (s) Losses = ['5.8378', '41.5356'] lr = 0.0000197
2025-07-20 07:12:02,185 - AdaPoinTr - INFO - [Epoch 75/200][Batch 2201/2622] BatchTime = 0.715 (s) DataTime = 0.001 (s) Losses = ['5.2419', '43.1615'] lr = 0.0000197
2025-07-20 07:13:13,941 - AdaPoinTr - INFO - [Epoch 75/200][Batch 2301/2622] BatchTime = 0.716 (s) DataTime = 0.001 (s) Losses = ['5.2898', '43.9595'] lr = 0.0000197
2025-07-20 07:14:25,763 - AdaPoinTr - INFO - [Epoch 75/200][Batch 2401/2622] BatchTime = 0.715 (s) DataTime = 0.001 (s) Losses = ['5.3670', '43.8625'] lr = 0.0000197
2025-07-20 07:15:37,559 - AdaPoinTr - INFO - [Epoch 75/200][Batch 2501/2622] BatchTime = 0.713 (s) DataTime = 0.001 (s) Losses = ['5.6989', '44.9630'] lr = 0.0000197
2025-07-20 07:16:49,379 - AdaPoinTr - INFO - [Epoch 75/200][Batch 2601/2622] BatchTime = 0.712 (s) DataTime = 0.001 (s) Losses = ['5.5717', '42.2570'] lr = 0.0000197
2025-07-20 07:17:04,487 - AdaPoinTr - INFO - [Training] EPOCH: 75 EpochTime = 1882.699 (s) Losses = ['5.3925', '41.2261']
2025-07-20 07:17:04,487 - AdaPoinTr - INFO - [VALIDATION] Start validating epoch 75
2025-07-20 07:18:11,554 - AdaPoinTr - INFO - Test[1051/10518] Taxonomy = 02691156 Sample = c7749c0a8b61f43bc9b9e28055202e3d Losses = ['20.8880', '1.7237', '9.4324', '0.3326'] Metrics = ['0.5744', '9.4324', '0.3326', '0.0000']
2025-07-20 07:19:18,516 - AdaPoinTr - INFO - Test[2102/10518] Taxonomy = 03211117 Sample = ab2f9418c111cc6ddb965514105122a4 Losses = ['20.0663', '1.6313', '7.6262', '0.2105'] Metrics = ['0.6585', '7.6262', '0.2105', '0.0000']
2025-07-20 07:20:25,534 - AdaPoinTr - INFO - Test[3153/10518] Taxonomy = 02876657 Sample = c5032e4be091aabb36fe7a88df793982 Losses = ['37.8395', '6.5042', '14.8473', '0.8771'] Metrics = ['0.3217', '14.8473', '0.8771', '0.0000']
2025-07-20 07:21:32,585 - AdaPoinTr - INFO - Test[4204/10518] Taxonomy = 03211117 Sample = 722df1da5778d45b1e43523279c7f09f Losses = ['31.8300', '4.1965', '13.9778', '1.1911'] Metrics = ['0.4367', '13.9778', '1.1911', '0.0000']
2025-07-20 07:22:39,644 - AdaPoinTr - INFO - Test[5255/10518] Taxonomy = 02828884 Sample = 14b63361a48a9fffe4a048c146e8bd43 Losses = ['31.7382', '3.8164', '14.0771', '0.9901'] Metrics = ['0.4301', '14.0771', '0.9901', '0.0000']
2025-07-20 07:23:46,618 - AdaPoinTr - INFO - Test[6306/10518] Taxonomy = 03211117 Sample = d330d50a0255529d19ed6e1a590c9122 Losses = ['30.1934', '4.7289', '12.2760', '0.8137'] Metrics = ['0.4574', '12.2760', '0.8137', '0.0000']
2025-07-20 07:24:53,564 - AdaPoinTr - INFO - Test[7357/10518] Taxonomy = 04379243 Sample = b1ca280d9567270ade98d10ab5975b59 Losses = ['30.7114', '3.3212', '13.8638', '0.5804'] Metrics = ['0.2839', '13.8638', '0.5804', '0.0000']
2025-07-20 07:26:00,594 - AdaPoinTr - INFO - Test[8408/10518] Taxonomy = 03001627 Sample = 89208a619341d9fdb8c516ed5c4ce32 Losses = ['28.6760', '3.0014', '15.2960', '0.8342'] Metrics = ['0.2690', '15.2960', '0.8342', '0.0000']
2025-07-20 07:26:58,736 - AdaPoinTr - INFO - Test[9459/10518] Taxonomy = 03001627 Sample = d0255120e3351121c3bd24f986301745 Losses = ['38.3990', '5.4920', '16.9058', '1.0805'] Metrics = ['0.2252', '16.9058', '1.0805', '0.0000']
2025-07-20 07:27:41,441 - AdaPoinTr - INFO - Test[10510/10518] Taxonomy = 03636649 Sample = ea9ec4d9db2e06202471e6dd5ac3ef92 Losses = ['24.6949', '2.3517', '9.2046', '0.4001'] Metrics = ['0.6219', '9.2046', '0.4001', '0.0000']
2025-07-20 07:27:41,795 - AdaPoinTr - INFO - [Validation] EPOCH: 75  Metrics = ['0.3693', '14.3466', '1.0019', '0.0000']
2025-07-20 07:27:41,795 - AdaPoinTr - INFO - ============================ TEST RESULTS ============================
2025-07-20 07:27:41,795 - AdaPoinTr - INFO - Taxonomy	#Sample	F-Score	CDL1	CDL2	EMDistance	#ModelName	
2025-07-20 07:27:41,795 - AdaPoinTr - INFO - 03759954	14	0.569 	15.040 	2.694 	0.000 	microphone	
2025-07-20 07:27:41,795 - AdaPoinTr - INFO - 04330267	44	0.292 	15.297 	0.931 	0.000 	stove	
2025-07-20 07:27:41,795 - AdaPoinTr - INFO - 03261776	15	0.302 	18.463 	2.239 	0.000 	earphone	
2025-07-20 07:27:41,795 - AdaPoinTr - INFO - 03513137	33	0.211 	21.264 	2.416 	0.000 	helmet	
2025-07-20 07:27:41,795 - AdaPoinTr - INFO - 04460130	27	0.425 	14.229 	0.981 	0.000 	tower	
2025-07-20 07:27:41,795 - AdaPoinTr - INFO - 04468005	78	0.389 	12.820 	0.684 	0.000 	train	
2025-07-20 07:27:41,795 - AdaPoinTr - INFO - 03761084	31	0.240 	16.993 	1.177 	0.000 	microwaves	
2025-07-20 07:27:41,795 - AdaPoinTr - INFO - 04004475	34	0.269 	16.736 	1.252 	0.000 	printer	
2025-07-20 07:27:41,795 - AdaPoinTr - INFO - 03938244	20	0.298 	15.639 	1.097 	0.000 	pillow	
2025-07-20 07:27:41,795 - AdaPoinTr - INFO - 02992529	167	0.426 	11.041 	0.430 	0.000 	cellphone	
2025-07-20 07:27:41,795 - AdaPoinTr - INFO - 02808440	172	0.296 	15.020 	0.966 	0.000 	bathtub	
2025-07-20 07:27:41,795 - AdaPoinTr - INFO - 04530566	388	0.502 	11.280 	0.600 	0.000 	watercraft	
2025-07-20 07:27:41,795 - AdaPoinTr - INFO - 02871439	91	0.249 	16.987 	1.254 	0.000 	bookshelf	
2025-07-20 07:27:41,795 - AdaPoinTr - INFO - 03593526	120	0.264 	17.188 	1.256 	0.000 	jar	
2025-07-20 07:27:41,795 - AdaPoinTr - INFO - 04554684	34	0.228 	18.006 	1.530 	0.000 	washer	
2025-07-20 07:27:41,795 - AdaPoinTr - INFO - 03467517	160	0.818 	6.670 	0.205 	0.000 	guitar	
2025-07-20 07:27:41,795 - AdaPoinTr - INFO - 04401088	218	0.430 	10.885 	0.421 	0.000 	telephone	
2025-07-20 07:27:41,795 - AdaPoinTr - INFO - 02954340	12	0.301 	14.619 	0.823 	0.000 	cap	
2025-07-20 07:27:41,795 - AdaPoinTr - INFO - 02933112	315	0.245 	15.286 	0.838 	0.000 	cabinet	
2025-07-20 07:27:41,795 - AdaPoinTr - INFO - 03642806	92	0.392 	11.221 	0.424 	0.000 	laptop	
2025-07-20 07:27:41,795 - AdaPoinTr - INFO - 02924116	188	0.367 	12.513 	0.582 	0.000 	bus	
2025-07-20 07:27:41,795 - AdaPoinTr - INFO - 02946921	22	0.253 	16.919 	1.358 	0.000 	can	
2025-07-20 07:27:41,795 - AdaPoinTr - INFO - 02818832	47	0.287 	16.242 	1.147 	0.000 	bed	
2025-07-20 07:27:41,795 - AdaPoinTr - INFO - 04256520	635	0.303 	14.178 	0.758 	0.000 	sofa	
2025-07-20 07:27:41,795 - AdaPoinTr - INFO - 04379243	1687	0.391 	12.836 	0.786 	0.000 	table	
2025-07-20 07:27:41,795 - AdaPoinTr - INFO - 02747177	69	0.197 	17.720 	1.182 	0.000 	trash bin	
2025-07-20 07:27:41,795 - AdaPoinTr - INFO - 03046257	131	0.316 	14.999 	0.988 	0.000 	clock	
2025-07-20 07:27:41,795 - AdaPoinTr - INFO - 04225987	31	0.553 	9.651 	0.364 	0.000 	skateboard	
2025-07-20 07:27:41,795 - AdaPoinTr - INFO - 03797390	43	0.193 	18.745 	1.402 	0.000 	mug	
2025-07-20 07:27:41,795 - AdaPoinTr - INFO - 03001627	1356	0.371 	13.705 	0.844 	0.000 	chair	
2025-07-20 07:27:41,795 - AdaPoinTr - INFO - 03691459	320	0.257 	17.137 	1.283 	0.000 	loudspeaker	
2025-07-20 07:27:41,795 - AdaPoinTr - INFO - 02942699	23	0.247 	19.114 	1.818 	0.000 	camera	
2025-07-20 07:27:41,795 - AdaPoinTr - INFO - 03636649	464	0.529 	13.331 	1.300 	0.000 	lamp	
2025-07-20 07:27:41,795 - AdaPoinTr - INFO - 02691156	809	0.575 	9.624 	0.418 	0.000 	airplane	
2025-07-20 07:27:41,795 - AdaPoinTr - INFO - 02773838	17	0.360 	13.543 	0.760 	0.000 	bag	
2025-07-20 07:27:41,796 - AdaPoinTr - INFO - 02958343	703	0.224 	16.136 	0.916 	0.000 	car	
2025-07-20 07:27:41,796 - AdaPoinTr - INFO - 02880940	38	0.233 	16.761 	1.261 	0.000 	bowl	
2025-07-20 07:27:41,796 - AdaPoinTr - INFO - 04099429	17	0.713 	8.497 	0.395 	0.000 	rocket	
2025-07-20 07:27:41,796 - AdaPoinTr - INFO - 02828884	363	0.445 	11.214 	0.559 	0.000 	bench	
2025-07-20 07:27:41,796 - AdaPoinTr - INFO - 04090263	475	0.698 	8.521 	0.400 	0.000 	rifle	
2025-07-20 07:27:41,796 - AdaPoinTr - INFO - 03211117	219	0.359 	13.152 	0.726 	0.000 	display	
2025-07-20 07:27:41,796 - AdaPoinTr - INFO - 02876657	100	0.429 	12.690 	0.814 	0.000 	bottle	
2025-07-20 07:27:41,796 - AdaPoinTr - INFO - 03710193	19	0.520 	13.557 	1.266 	0.000 	mailbox	
2025-07-20 07:27:41,796 - AdaPoinTr - INFO - 03790512	68	0.254 	16.649 	1.095 	0.000 	motorbike	
2025-07-20 07:27:41,796 - AdaPoinTr - INFO - 03325088	149	0.451 	14.803 	1.348 	0.000 	faucet	
2025-07-20 07:27:41,796 - AdaPoinTr - INFO - 02801938	23	0.226 	16.793 	1.171 	0.000 	basket	
2025-07-20 07:27:41,796 - AdaPoinTr - INFO - 03337140	60	0.244 	16.203 	1.073 	0.000 	file cabinet	
2025-07-20 07:27:41,796 - AdaPoinTr - INFO - 02843684	15	0.237 	19.436 	1.719 	0.000 	birdhouse	
2025-07-20 07:27:41,796 - AdaPoinTr - INFO - 03624134	85	0.768 	7.317 	0.267 	0.000 	knife	
2025-07-20 07:27:41,796 - AdaPoinTr - INFO - 03991062	121	0.242 	19.006 	1.639 	0.000 	flowerpot	
2025-07-20 07:27:41,796 - AdaPoinTr - INFO - 03948459	62	0.467 	12.005 	0.674 	0.000 	pistol	
2025-07-20 07:27:41,796 - AdaPoinTr - INFO - 03928116	48	0.296 	15.437 	1.036 	0.000 	piano	
2025-07-20 07:27:41,796 - AdaPoinTr - INFO - 03207941	19	0.245 	15.308 	0.818 	0.000 	dishwasher	
2025-07-20 07:27:41,796 - AdaPoinTr - INFO - 04074963	14	0.449 	10.727 	0.402 	0.000 	remote	
2025-07-20 07:27:41,796 - AdaPoinTr - INFO - 03085013	13	0.461 	9.909 	0.317 	0.000 	keyboard	
2025-07-20 07:27:41,796 - AdaPoinTr - INFO - Overall		0.369 	14.347 	1.002 	0.000 	
2025-07-20 07:27:42,268 - AdaPoinTr - INFO - Save checkpoint at ./experiments/AdaPoinTr/ShapeNet55_models/AdaPoinTr/ckpt-last.pth
2025-07-20 07:27:42,893 - AdaPoinTr - INFO - [Epoch 76/200][Batch 1/2622] BatchTime = 0.624 (s) DataTime = 0.095 (s) Losses = ['5.1241', '40.6862'] lr = 0.0000193
2025-07-20 07:28:34,469 - AdaPoinTr - INFO - [Epoch 76/200][Batch 101/2622] BatchTime = 0.513 (s) DataTime = 0.001 (s) Losses = ['5.6897', '41.8014'] lr = 0.0000193
2025-07-20 07:29:26,042 - AdaPoinTr - INFO - [Epoch 76/200][Batch 201/2622] BatchTime = 0.508 (s) DataTime = 0.001 (s) Losses = ['5.5998', '43.1964'] lr = 0.0000193
2025-07-20 07:30:17,648 - AdaPoinTr - INFO - [Epoch 76/200][Batch 301/2622] BatchTime = 0.511 (s) DataTime = 0.001 (s) Losses = ['5.4340', '38.2218'] lr = 0.0000193
2025-07-20 07:31:09,213 - AdaPoinTr - INFO - [Epoch 76/200][Batch 401/2622] BatchTime = 0.513 (s) DataTime = 0.001 (s) Losses = ['5.4202', '43.3866'] lr = 0.0000193
2025-07-20 07:32:00,783 - AdaPoinTr - INFO - [Epoch 76/200][Batch 501/2622] BatchTime = 0.507 (s) DataTime = 0.001 (s) Losses = ['5.1063', '40.5079'] lr = 0.0000193
2025-07-20 07:32:52,349 - AdaPoinTr - INFO - [Epoch 76/200][Batch 601/2622] BatchTime = 0.514 (s) DataTime = 0.001 (s) Losses = ['4.9308', '36.1283'] lr = 0.0000193
2025-07-20 07:33:43,952 - AdaPoinTr - INFO - [Epoch 76/200][Batch 701/2622] BatchTime = 0.507 (s) DataTime = 0.001 (s) Losses = ['6.0164', '41.8545'] lr = 0.0000193
2025-07-20 07:34:35,505 - AdaPoinTr - INFO - [Epoch 76/200][Batch 801/2622] BatchTime = 0.513 (s) DataTime = 0.001 (s) Losses = ['4.9279', '36.7360'] lr = 0.0000193
2025-07-20 07:35:27,089 - AdaPoinTr - INFO - [Epoch 76/200][Batch 901/2622] BatchTime = 0.514 (s) DataTime = 0.001 (s) Losses = ['5.3884', '43.9400'] lr = 0.0000193
2025-07-20 07:36:18,683 - AdaPoinTr - INFO - [Epoch 76/200][Batch 1001/2622] BatchTime = 0.512 (s) DataTime = 0.001 (s) Losses = ['5.0408', '37.6620'] lr = 0.0000193
2025-07-20 07:37:10,275 - AdaPoinTr - INFO - [Epoch 76/200][Batch 1101/2622] BatchTime = 0.517 (s) DataTime = 0.001 (s) Losses = ['4.9720', '36.0604'] lr = 0.0000193
2025-07-20 07:38:15,084 - AdaPoinTr - INFO - [Epoch 76/200][Batch 1201/2622] BatchTime = 0.714 (s) DataTime = 0.001 (s) Losses = ['5.2589', '47.3276'] lr = 0.0000193
2025-07-20 07:39:26,860 - AdaPoinTr - INFO - [Epoch 76/200][Batch 1301/2622] BatchTime = 0.710 (s) DataTime = 0.001 (s) Losses = ['5.2164', '41.0532'] lr = 0.0000193
2025-07-20 07:40:38,681 - AdaPoinTr - INFO - [Epoch 76/200][Batch 1401/2622] BatchTime = 0.707 (s) DataTime = 0.001 (s) Losses = ['5.4810', '41.0106'] lr = 0.0000193
2025-07-20 07:41:50,508 - AdaPoinTr - INFO - [Epoch 76/200][Batch 1501/2622] BatchTime = 0.705 (s) DataTime = 0.001 (s) Losses = ['5.6526', '40.2548'] lr = 0.0000193
2025-07-20 07:43:02,330 - AdaPoinTr - INFO - [Epoch 76/200][Batch 1601/2622] BatchTime = 0.705 (s) DataTime = 0.001 (s) Losses = ['5.3548', '38.1877'] lr = 0.0000193
2025-07-20 07:44:14,164 - AdaPoinTr - INFO - [Epoch 76/200][Batch 1701/2622] BatchTime = 0.707 (s) DataTime = 0.001 (s) Losses = ['5.3515', '39.5595'] lr = 0.0000193
2025-07-20 07:45:25,966 - AdaPoinTr - INFO - [Epoch 76/200][Batch 1801/2622] BatchTime = 0.712 (s) DataTime = 0.001 (s) Losses = ['5.7355', '42.4909'] lr = 0.0000193
2025-07-20 07:46:37,801 - AdaPoinTr - INFO - [Epoch 76/200][Batch 1901/2622] BatchTime = 0.714 (s) DataTime = 0.001 (s) Losses = ['4.0669', '32.8641'] lr = 0.0000193
2025-07-20 07:47:49,584 - AdaPoinTr - INFO - [Epoch 76/200][Batch 2001/2622] BatchTime = 0.716 (s) DataTime = 0.001 (s) Losses = ['5.1512', '40.6013'] lr = 0.0000193
2025-07-20 07:49:01,396 - AdaPoinTr - INFO - [Epoch 76/200][Batch 2101/2622] BatchTime = 0.724 (s) DataTime = 0.001 (s) Losses = ['5.8139', '42.2092'] lr = 0.0000193
2025-07-20 07:50:13,158 - AdaPoinTr - INFO - [Epoch 76/200][Batch 2201/2622] BatchTime = 0.716 (s) DataTime = 0.001 (s) Losses = ['4.7750', '36.8448'] lr = 0.0000193
2025-07-20 07:51:24,935 - AdaPoinTr - INFO - [Epoch 76/200][Batch 2301/2622] BatchTime = 0.701 (s) DataTime = 0.001 (s) Losses = ['5.6278', '42.3735'] lr = 0.0000193
2025-07-20 07:52:36,717 - AdaPoinTr - INFO - [Epoch 76/200][Batch 2401/2622] BatchTime = 0.710 (s) DataTime = 0.001 (s) Losses = ['5.4926', '39.8444'] lr = 0.0000193
2025-07-20 07:53:48,519 - AdaPoinTr - INFO - [Epoch 76/200][Batch 2501/2622] BatchTime = 0.714 (s) DataTime = 0.001 (s) Losses = ['4.8229', '35.9313'] lr = 0.0000193
2025-07-20 07:55:00,296 - AdaPoinTr - INFO - [Epoch 76/200][Batch 2601/2622] BatchTime = 0.720 (s) DataTime = 0.001 (s) Losses = ['5.5896', '42.7319'] lr = 0.0000193
2025-07-20 07:55:15,400 - AdaPoinTr - INFO - [Training] EPOCH: 76 EpochTime = 1653.131 (s) Losses = ['5.4069', '41.3105']
2025-07-20 07:55:15,856 - AdaPoinTr - INFO - Save checkpoint at ./experiments/AdaPoinTr/ShapeNet55_models/AdaPoinTr/ckpt-last.pth
2025-07-20 07:55:16,673 - AdaPoinTr - INFO - [Epoch 77/200][Batch 1/2622] BatchTime = 0.816 (s) DataTime = 0.101 (s) Losses = ['5.7798', '48.6354'] lr = 0.0000189
2025-07-20 07:56:28,440 - AdaPoinTr - INFO - [Epoch 77/200][Batch 101/2622] BatchTime = 0.716 (s) DataTime = 0.001 (s) Losses = ['5.4432', '39.2168'] lr = 0.0000189
2025-07-20 07:57:40,254 - AdaPoinTr - INFO - [Epoch 77/200][Batch 201/2622] BatchTime = 0.717 (s) DataTime = 0.001 (s) Losses = ['5.0587', '48.1411'] lr = 0.0000189
2025-07-20 07:58:52,054 - AdaPoinTr - INFO - [Epoch 77/200][Batch 301/2622] BatchTime = 0.708 (s) DataTime = 0.001 (s) Losses = ['5.5418', '43.0629'] lr = 0.0000189
2025-07-20 08:00:03,837 - AdaPoinTr - INFO - [Epoch 77/200][Batch 401/2622] BatchTime = 0.703 (s) DataTime = 0.001 (s) Losses = ['5.8315', '41.2010'] lr = 0.0000189
2025-07-20 08:01:15,636 - AdaPoinTr - INFO - [Epoch 77/200][Batch 501/2622] BatchTime = 0.712 (s) DataTime = 0.001 (s) Losses = ['5.7453', '47.7368'] lr = 0.0000189
2025-07-20 08:02:27,438 - AdaPoinTr - INFO - [Epoch 77/200][Batch 601/2622] BatchTime = 0.713 (s) DataTime = 0.001 (s) Losses = ['5.7778', '41.8245'] lr = 0.0000189
2025-07-20 08:03:39,228 - AdaPoinTr - INFO - [Epoch 77/200][Batch 701/2622] BatchTime = 0.712 (s) DataTime = 0.001 (s) Losses = ['5.0808', '40.7018'] lr = 0.0000189
2025-07-20 08:04:51,014 - AdaPoinTr - INFO - [Epoch 77/200][Batch 801/2622] BatchTime = 0.715 (s) DataTime = 0.001 (s) Losses = ['5.8385', '42.7223'] lr = 0.0000189
2025-07-20 08:06:02,833 - AdaPoinTr - INFO - [Epoch 77/200][Batch 901/2622] BatchTime = 0.716 (s) DataTime = 0.001 (s) Losses = ['5.6755', '42.0379'] lr = 0.0000189
2025-07-20 08:07:14,663 - AdaPoinTr - INFO - [Epoch 77/200][Batch 1001/2622] BatchTime = 0.713 (s) DataTime = 0.001 (s) Losses = ['5.0855', '39.4372'] lr = 0.0000189
2025-07-20 08:08:26,459 - AdaPoinTr - INFO - [Epoch 77/200][Batch 1101/2622] BatchTime = 0.711 (s) DataTime = 0.001 (s) Losses = ['5.4090', '44.5454'] lr = 0.0000189
2025-07-20 08:09:38,275 - AdaPoinTr - INFO - [Epoch 77/200][Batch 1201/2622] BatchTime = 0.709 (s) DataTime = 0.001 (s) Losses = ['6.0584', '45.1169'] lr = 0.0000189
2025-07-20 08:10:50,074 - AdaPoinTr - INFO - [Epoch 77/200][Batch 1301/2622] BatchTime = 0.709 (s) DataTime = 0.001 (s) Losses = ['4.9815', '39.7223'] lr = 0.0000189
2025-07-20 08:12:01,928 - AdaPoinTr - INFO - [Epoch 77/200][Batch 1401/2622] BatchTime = 0.707 (s) DataTime = 0.001 (s) Losses = ['4.5170', '36.4248'] lr = 0.0000189
2025-07-20 08:13:13,740 - AdaPoinTr - INFO - [Epoch 77/200][Batch 1501/2622] BatchTime = 0.709 (s) DataTime = 0.001 (s) Losses = ['5.4331', '43.9632'] lr = 0.0000189
2025-07-20 08:14:25,517 - AdaPoinTr - INFO - [Epoch 77/200][Batch 1601/2622] BatchTime = 0.714 (s) DataTime = 0.001 (s) Losses = ['5.8432', '45.1670'] lr = 0.0000189
2025-07-20 08:15:37,329 - AdaPoinTr - INFO - [Epoch 77/200][Batch 1701/2622] BatchTime = 0.714 (s) DataTime = 0.001 (s) Losses = ['5.7304', '43.7709'] lr = 0.0000189
2025-07-20 08:16:49,129 - AdaPoinTr - INFO - [Epoch 77/200][Batch 1801/2622] BatchTime = 0.715 (s) DataTime = 0.001 (s) Losses = ['5.3284', '37.4678'] lr = 0.0000189
2025-07-20 08:18:00,896 - AdaPoinTr - INFO - [Epoch 77/200][Batch 1901/2622] BatchTime = 0.713 (s) DataTime = 0.001 (s) Losses = ['4.9999', '38.8570'] lr = 0.0000189
2025-07-20 08:19:12,692 - AdaPoinTr - INFO - [Epoch 77/200][Batch 2001/2622] BatchTime = 0.707 (s) DataTime = 0.001 (s) Losses = ['5.6096', '39.9576'] lr = 0.0000189
2025-07-20 08:20:24,535 - AdaPoinTr - INFO - [Epoch 77/200][Batch 2101/2622] BatchTime = 0.708 (s) DataTime = 0.001 (s) Losses = ['5.8268', '47.3398'] lr = 0.0000189
2025-07-20 08:21:36,337 - AdaPoinTr - INFO - [Epoch 77/200][Batch 2201/2622] BatchTime = 0.709 (s) DataTime = 0.001 (s) Losses = ['6.1824', '46.7674'] lr = 0.0000189
2025-07-20 08:22:48,093 - AdaPoinTr - INFO - [Epoch 77/200][Batch 2301/2622] BatchTime = 0.715 (s) DataTime = 0.001 (s) Losses = ['5.5465', '45.2221'] lr = 0.0000189
2025-07-20 08:23:59,903 - AdaPoinTr - INFO - [Epoch 77/200][Batch 2401/2622] BatchTime = 0.717 (s) DataTime = 0.001 (s) Losses = ['5.2873', '41.4218'] lr = 0.0000189
2025-07-20 08:25:11,724 - AdaPoinTr - INFO - [Epoch 77/200][Batch 2501/2622] BatchTime = 0.717 (s) DataTime = 0.001 (s) Losses = ['5.4837', '40.5159'] lr = 0.0000189
2025-07-20 08:26:23,550 - AdaPoinTr - INFO - [Epoch 77/200][Batch 2601/2622] BatchTime = 0.715 (s) DataTime = 0.001 (s) Losses = ['4.9604', '37.5335'] lr = 0.0000189
2025-07-20 08:26:38,671 - AdaPoinTr - INFO - [Training] EPOCH: 77 EpochTime = 1882.814 (s) Losses = ['5.3884', '41.3011']
2025-07-20 08:26:39,127 - AdaPoinTr - INFO - Save checkpoint at ./experiments/AdaPoinTr/ShapeNet55_models/AdaPoinTr/ckpt-last.pth
2025-07-20 08:26:39,930 - AdaPoinTr - INFO - [Epoch 78/200][Batch 1/2622] BatchTime = 0.802 (s) DataTime = 0.092 (s) Losses = ['4.8227', '39.2131'] lr = 0.0000185
2025-07-20 08:27:51,402 - AdaPoinTr - INFO - [Epoch 78/200][Batch 101/2622] BatchTime = 0.709 (s) DataTime = 0.001 (s) Losses = ['5.7526', '42.9340'] lr = 0.0000185
2025-07-20 08:29:03,168 - AdaPoinTr - INFO - [Epoch 78/200][Batch 201/2622] BatchTime = 0.708 (s) DataTime = 0.001 (s) Losses = ['5.7573', '42.2382'] lr = 0.0000185
2025-07-20 08:30:14,961 - AdaPoinTr - INFO - [Epoch 78/200][Batch 301/2622] BatchTime = 0.711 (s) DataTime = 0.001 (s) Losses = ['5.3153', '44.2076'] lr = 0.0000185
2025-07-20 08:31:26,752 - AdaPoinTr - INFO - [Epoch 78/200][Batch 401/2622] BatchTime = 0.717 (s) DataTime = 0.001 (s) Losses = ['5.5894', '49.9774'] lr = 0.0000185
2025-07-20 08:32:38,540 - AdaPoinTr - INFO - [Epoch 78/200][Batch 501/2622] BatchTime = 0.713 (s) DataTime = 0.001 (s) Losses = ['5.4654', '40.2609'] lr = 0.0000185
2025-07-20 08:33:50,382 - AdaPoinTr - INFO - [Epoch 78/200][Batch 601/2622] BatchTime = 0.714 (s) DataTime = 0.001 (s) Losses = ['5.9304', '46.6908'] lr = 0.0000185
2025-07-20 08:35:02,188 - AdaPoinTr - INFO - [Epoch 78/200][Batch 701/2622] BatchTime = 0.726 (s) DataTime = 0.001 (s) Losses = ['5.3083', '39.5260'] lr = 0.0000185
2025-07-20 08:36:13,987 - AdaPoinTr - INFO - [Epoch 78/200][Batch 801/2622] BatchTime = 0.715 (s) DataTime = 0.001 (s) Losses = ['5.5911', '40.8341'] lr = 0.0000185
2025-07-20 08:37:25,828 - AdaPoinTr - INFO - [Epoch 78/200][Batch 901/2622] BatchTime = 0.709 (s) DataTime = 0.001 (s) Losses = ['5.1824', '39.3175'] lr = 0.0000185
2025-07-20 08:38:37,638 - AdaPoinTr - INFO - [Epoch 78/200][Batch 1001/2622] BatchTime = 0.710 (s) DataTime = 0.001 (s) Losses = ['6.1091', '45.3074'] lr = 0.0000185
2025-07-20 08:39:49,456 - AdaPoinTr - INFO - [Epoch 78/200][Batch 1101/2622] BatchTime = 0.707 (s) DataTime = 0.001 (s) Losses = ['5.2972', '45.8627'] lr = 0.0000185
2025-07-20 08:41:01,257 - AdaPoinTr - INFO - [Epoch 78/200][Batch 1201/2622] BatchTime = 0.706 (s) DataTime = 0.001 (s) Losses = ['5.5915', '42.4292'] lr = 0.0000185
2025-07-20 08:42:13,028 - AdaPoinTr - INFO - [Epoch 78/200][Batch 1301/2622] BatchTime = 0.710 (s) DataTime = 0.001 (s) Losses = ['6.3224', '45.7332'] lr = 0.0000185
2025-07-20 08:43:24,839 - AdaPoinTr - INFO - [Epoch 78/200][Batch 1401/2622] BatchTime = 0.714 (s) DataTime = 0.001 (s) Losses = ['5.1097', '38.7810'] lr = 0.0000185
2025-07-20 08:44:36,621 - AdaPoinTr - INFO - [Epoch 78/200][Batch 1501/2622] BatchTime = 0.716 (s) DataTime = 0.001 (s) Losses = ['5.2375', '41.2766'] lr = 0.0000185
2025-07-20 08:45:48,434 - AdaPoinTr - INFO - [Epoch 78/200][Batch 1601/2622] BatchTime = 0.720 (s) DataTime = 0.001 (s) Losses = ['5.2157', '38.3971'] lr = 0.0000185
2025-07-20 08:47:00,259 - AdaPoinTr - INFO - [Epoch 78/200][Batch 1701/2622] BatchTime = 0.717 (s) DataTime = 0.001 (s) Losses = ['6.6090', '50.9979'] lr = 0.0000185
2025-07-20 08:48:12,095 - AdaPoinTr - INFO - [Epoch 78/200][Batch 1801/2622] BatchTime = 0.711 (s) DataTime = 0.001 (s) Losses = ['5.8493', '41.9266'] lr = 0.0000185
2025-07-20 08:49:23,884 - AdaPoinTr - INFO - [Epoch 78/200][Batch 1901/2622] BatchTime = 0.711 (s) DataTime = 0.001 (s) Losses = ['5.1034', '38.7508'] lr = 0.0000185
2025-07-20 08:50:35,694 - AdaPoinTr - INFO - [Epoch 78/200][Batch 2001/2622] BatchTime = 0.706 (s) DataTime = 0.001 (s) Losses = ['5.1796', '38.1342'] lr = 0.0000185
2025-07-20 08:51:47,483 - AdaPoinTr - INFO - [Epoch 78/200][Batch 2101/2622] BatchTime = 0.708 (s) DataTime = 0.001 (s) Losses = ['4.9795', '37.3700'] lr = 0.0000185
2025-07-20 08:52:59,298 - AdaPoinTr - INFO - [Epoch 78/200][Batch 2201/2622] BatchTime = 0.714 (s) DataTime = 0.001 (s) Losses = ['5.0967', '38.9583'] lr = 0.0000185
2025-07-20 08:54:11,107 - AdaPoinTr - INFO - [Epoch 78/200][Batch 2301/2622] BatchTime = 0.718 (s) DataTime = 0.001 (s) Losses = ['4.9382', '35.5579'] lr = 0.0000185
2025-07-20 08:55:22,907 - AdaPoinTr - INFO - [Epoch 78/200][Batch 2401/2622] BatchTime = 0.718 (s) DataTime = 0.001 (s) Losses = ['5.1642', '39.2151'] lr = 0.0000185
2025-07-20 08:56:34,710 - AdaPoinTr - INFO - [Epoch 78/200][Batch 2501/2622] BatchTime = 0.719 (s) DataTime = 0.001 (s) Losses = ['5.9403', '42.9839'] lr = 0.0000185
2025-07-20 08:57:46,532 - AdaPoinTr - INFO - [Epoch 78/200][Batch 2601/2622] BatchTime = 0.714 (s) DataTime = 0.001 (s) Losses = ['5.3721', '40.7620'] lr = 0.0000185
2025-07-20 08:58:01,624 - AdaPoinTr - INFO - [Training] EPOCH: 78 EpochTime = 1882.496 (s) Losses = ['5.3624', '40.9364']
2025-07-20 08:58:02,079 - AdaPoinTr - INFO - Save checkpoint at ./experiments/AdaPoinTr/ShapeNet55_models/AdaPoinTr/ckpt-last.pth
2025-07-20 08:58:02,880 - AdaPoinTr - INFO - [Epoch 79/200][Batch 1/2622] BatchTime = 0.799 (s) DataTime = 0.091 (s) Losses = ['4.7502', '36.7754'] lr = 0.0000181
2025-07-20 08:59:14,733 - AdaPoinTr - INFO - [Epoch 79/200][Batch 101/2622] BatchTime = 0.713 (s) DataTime = 0.001 (s) Losses = ['5.3226', '41.7411'] lr = 0.0000181
2025-07-20 09:00:26,531 - AdaPoinTr - INFO - [Epoch 79/200][Batch 201/2622] BatchTime = 0.711 (s) DataTime = 0.001 (s) Losses = ['5.2806', '40.2896'] lr = 0.0000181
2025-07-20 09:01:38,295 - AdaPoinTr - INFO - [Epoch 79/200][Batch 301/2622] BatchTime = 0.704 (s) DataTime = 0.001 (s) Losses = ['5.5242', '43.4726'] lr = 0.0000181
2025-07-20 09:02:50,142 - AdaPoinTr - INFO - [Epoch 79/200][Batch 401/2622] BatchTime = 0.710 (s) DataTime = 0.001 (s) Losses = ['5.3044', '40.5706'] lr = 0.0000181
2025-07-20 09:04:01,980 - AdaPoinTr - INFO - [Epoch 79/200][Batch 501/2622] BatchTime = 0.712 (s) DataTime = 0.001 (s) Losses = ['5.7533', '43.6083'] lr = 0.0000181
2025-07-20 09:05:13,802 - AdaPoinTr - INFO - [Epoch 79/200][Batch 601/2622] BatchTime = 0.714 (s) DataTime = 0.001 (s) Losses = ['5.6252', '46.4838'] lr = 0.0000181
2025-07-20 09:06:25,677 - AdaPoinTr - INFO - [Epoch 79/200][Batch 701/2622] BatchTime = 0.714 (s) DataTime = 0.001 (s) Losses = ['5.6290', '42.5887'] lr = 0.0000181
2025-07-20 09:07:37,493 - AdaPoinTr - INFO - [Epoch 79/200][Batch 801/2622] BatchTime = 0.721 (s) DataTime = 0.001 (s) Losses = ['5.1986', '38.7364'] lr = 0.0000181
2025-07-20 09:08:49,288 - AdaPoinTr - INFO - [Epoch 79/200][Batch 901/2622] BatchTime = 0.718 (s) DataTime = 0.001 (s) Losses = ['5.7010', '40.6744'] lr = 0.0000181
2025-07-20 09:10:01,087 - AdaPoinTr - INFO - [Epoch 79/200][Batch 1001/2622] BatchTime = 0.712 (s) DataTime = 0.001 (s) Losses = ['5.7711', '41.3669'] lr = 0.0000181
2025-07-20 09:11:12,916 - AdaPoinTr - INFO - [Epoch 79/200][Batch 1101/2622] BatchTime = 0.713 (s) DataTime = 0.001 (s) Losses = ['5.6662', '41.7436'] lr = 0.0000181
2025-07-20 09:12:24,731 - AdaPoinTr - INFO - [Epoch 79/200][Batch 1201/2622] BatchTime = 0.707 (s) DataTime = 0.001 (s) Losses = ['5.4727', '45.2296'] lr = 0.0000181
2025-07-20 09:13:36,564 - AdaPoinTr - INFO - [Epoch 79/200][Batch 1301/2622] BatchTime = 0.709 (s) DataTime = 0.001 (s) Losses = ['5.0803', '40.2244'] lr = 0.0000181
2025-07-20 09:14:48,399 - AdaPoinTr - INFO - [Epoch 79/200][Batch 1401/2622] BatchTime = 0.708 (s) DataTime = 0.001 (s) Losses = ['6.0219', '44.0639'] lr = 0.0000181
2025-07-20 09:16:00,233 - AdaPoinTr - INFO - [Epoch 79/200][Batch 1501/2622] BatchTime = 0.706 (s) DataTime = 0.001 (s) Losses = ['5.6208', '41.7333'] lr = 0.0000181
2025-07-20 09:17:11,667 - AdaPoinTr - INFO - [Epoch 79/200][Batch 1601/2622] BatchTime = 0.715 (s) DataTime = 0.001 (s) Losses = ['5.3644', '39.8524'] lr = 0.0000181
2025-07-20 09:18:23,536 - AdaPoinTr - INFO - [Epoch 79/200][Batch 1701/2622] BatchTime = 0.712 (s) DataTime = 0.001 (s) Losses = ['5.4860', '43.1520'] lr = 0.0000181
2025-07-20 09:19:35,344 - AdaPoinTr - INFO - [Epoch 79/200][Batch 1801/2622] BatchTime = 0.717 (s) DataTime = 0.001 (s) Losses = ['5.8125', '42.9196'] lr = 0.0000181
2025-07-20 09:20:47,144 - AdaPoinTr - INFO - [Epoch 79/200][Batch 1901/2622] BatchTime = 0.711 (s) DataTime = 0.001 (s) Losses = ['5.4438', '40.8718'] lr = 0.0000181
2025-07-20 09:21:58,958 - AdaPoinTr - INFO - [Epoch 79/200][Batch 2001/2622] BatchTime = 0.721 (s) DataTime = 0.001 (s) Losses = ['5.0150', '43.0566'] lr = 0.0000181
2025-07-20 09:23:10,786 - AdaPoinTr - INFO - [Epoch 79/200][Batch 2101/2622] BatchTime = 0.719 (s) DataTime = 0.001 (s) Losses = ['5.8255', '44.6554'] lr = 0.0000181
2025-07-20 09:24:22,607 - AdaPoinTr - INFO - [Epoch 79/200][Batch 2201/2622] BatchTime = 0.714 (s) DataTime = 0.001 (s) Losses = ['5.0488', '38.9014'] lr = 0.0000181
2025-07-20 09:25:34,427 - AdaPoinTr - INFO - [Epoch 79/200][Batch 2301/2622] BatchTime = 0.711 (s) DataTime = 0.001 (s) Losses = ['4.9801', '37.4064'] lr = 0.0000181
2025-07-20 09:26:46,265 - AdaPoinTr - INFO - [Epoch 79/200][Batch 2401/2622] BatchTime = 0.710 (s) DataTime = 0.001 (s) Losses = ['5.2728', '37.3336'] lr = 0.0000181
2025-07-20 09:27:58,077 - AdaPoinTr - INFO - [Epoch 79/200][Batch 2501/2622] BatchTime = 0.704 (s) DataTime = 0.001 (s) Losses = ['5.3259', '40.2116'] lr = 0.0000181
2025-07-20 09:29:09,920 - AdaPoinTr - INFO - [Epoch 79/200][Batch 2601/2622] BatchTime = 0.705 (s) DataTime = 0.001 (s) Losses = ['5.5623', '41.5391'] lr = 0.0000181
2025-07-20 09:29:25,058 - AdaPoinTr - INFO - [Training] EPOCH: 79 EpochTime = 1882.977 (s) Losses = ['5.3818', '41.2579']
2025-07-20 09:29:25,515 - AdaPoinTr - INFO - Save checkpoint at ./experiments/AdaPoinTr/ShapeNet55_models/AdaPoinTr/ckpt-last.pth
2025-07-20 09:29:26,313 - AdaPoinTr - INFO - [Epoch 80/200][Batch 1/2622] BatchTime = 0.796 (s) DataTime = 0.089 (s) Losses = ['5.2246', '42.5585'] lr = 0.0000177
2025-07-20 09:30:38,147 - AdaPoinTr - INFO - [Epoch 80/200][Batch 101/2622] BatchTime = 0.704 (s) DataTime = 0.001 (s) Losses = ['5.0751', '37.8712'] lr = 0.0000177
2025-07-20 09:31:49,965 - AdaPoinTr - INFO - [Epoch 80/200][Batch 201/2622] BatchTime = 0.706 (s) DataTime = 0.001 (s) Losses = ['4.9753', '36.6874'] lr = 0.0000177
2025-07-20 09:33:01,774 - AdaPoinTr - INFO - [Epoch 80/200][Batch 301/2622] BatchTime = 0.714 (s) DataTime = 0.001 (s) Losses = ['5.3735', '38.0716'] lr = 0.0000177
2025-07-20 09:34:13,592 - AdaPoinTr - INFO - [Epoch 80/200][Batch 401/2622] BatchTime = 0.716 (s) DataTime = 0.001 (s) Losses = ['5.0701', '37.6505'] lr = 0.0000177
2025-07-20 09:35:25,402 - AdaPoinTr - INFO - [Epoch 80/200][Batch 501/2622] BatchTime = 0.726 (s) DataTime = 0.001 (s) Losses = ['5.7660', '47.3163'] lr = 0.0000177
2025-07-20 09:36:37,240 - AdaPoinTr - INFO - [Epoch 80/200][Batch 601/2622] BatchTime = 0.717 (s) DataTime = 0.001 (s) Losses = ['5.8472', '41.6986'] lr = 0.0000177
2025-07-20 09:37:49,075 - AdaPoinTr - INFO - [Epoch 80/200][Batch 701/2622] BatchTime = 0.711 (s) DataTime = 0.001 (s) Losses = ['5.8110', '42.3459'] lr = 0.0000177
2025-07-20 09:39:00,921 - AdaPoinTr - INFO - [Epoch 80/200][Batch 801/2622] BatchTime = 0.713 (s) DataTime = 0.001 (s) Losses = ['5.4200', '42.9338'] lr = 0.0000177
2025-07-20 09:40:12,768 - AdaPoinTr - INFO - [Epoch 80/200][Batch 901/2622] BatchTime = 0.709 (s) DataTime = 0.001 (s) Losses = ['5.2761', '37.5887'] lr = 0.0000177
2025-07-20 09:41:24,573 - AdaPoinTr - INFO - [Epoch 80/200][Batch 1001/2622] BatchTime = 0.705 (s) DataTime = 0.001 (s) Losses = ['5.8473', '43.6265'] lr = 0.0000177
2025-07-20 09:42:36,406 - AdaPoinTr - INFO - [Epoch 80/200][Batch 1101/2622] BatchTime = 0.706 (s) DataTime = 0.001 (s) Losses = ['5.4504', '43.9250'] lr = 0.0000177
2025-07-20 09:43:48,226 - AdaPoinTr - INFO - [Epoch 80/200][Batch 1201/2622] BatchTime = 0.709 (s) DataTime = 0.001 (s) Losses = ['5.7859', '41.4516'] lr = 0.0000177
2025-07-20 09:45:00,025 - AdaPoinTr - INFO - [Epoch 80/200][Batch 1301/2622] BatchTime = 0.715 (s) DataTime = 0.001 (s) Losses = ['5.2086', '37.1835'] lr = 0.0000177
2025-07-20 09:46:11,802 - AdaPoinTr - INFO - [Epoch 80/200][Batch 1401/2622] BatchTime = 0.715 (s) DataTime = 0.001 (s) Losses = ['4.8657', '45.6064'] lr = 0.0000177
2025-07-20 09:47:23,583 - AdaPoinTr - INFO - [Epoch 80/200][Batch 1501/2622] BatchTime = 0.715 (s) DataTime = 0.001 (s) Losses = ['5.2918', '38.1502'] lr = 0.0000177
2025-07-20 09:48:35,414 - AdaPoinTr - INFO - [Epoch 80/200][Batch 1601/2622] BatchTime = 0.712 (s) DataTime = 0.001 (s) Losses = ['5.3940', '39.9950'] lr = 0.0000177
2025-07-20 09:49:47,183 - AdaPoinTr - INFO - [Epoch 80/200][Batch 1701/2622] BatchTime = 0.707 (s) DataTime = 0.001 (s) Losses = ['5.8658', '42.8048'] lr = 0.0000177
2025-07-20 09:50:58,983 - AdaPoinTr - INFO - [Epoch 80/200][Batch 1801/2622] BatchTime = 0.706 (s) DataTime = 0.001 (s) Losses = ['5.3431', '41.0099'] lr = 0.0000177
2025-07-20 09:52:10,770 - AdaPoinTr - INFO - [Epoch 80/200][Batch 1901/2622] BatchTime = 0.710 (s) DataTime = 0.001 (s) Losses = ['5.9468', '45.1965'] lr = 0.0000177
2025-07-20 09:53:22,577 - AdaPoinTr - INFO - [Epoch 80/200][Batch 2001/2622] BatchTime = 0.719 (s) DataTime = 0.001 (s) Losses = ['5.4644', '40.5996'] lr = 0.0000177
2025-07-20 09:54:34,370 - AdaPoinTr - INFO - [Epoch 80/200][Batch 2101/2622] BatchTime = 0.717 (s) DataTime = 0.001 (s) Losses = ['5.8187', '46.1055'] lr = 0.0000177
2025-07-20 09:55:46,138 - AdaPoinTr - INFO - [Epoch 80/200][Batch 2201/2622] BatchTime = 0.712 (s) DataTime = 0.001 (s) Losses = ['5.9032', '46.0411'] lr = 0.0000177
2025-07-20 09:56:57,969 - AdaPoinTr - INFO - [Epoch 80/200][Batch 2301/2622] BatchTime = 0.713 (s) DataTime = 0.001 (s) Losses = ['5.3800', '42.5698'] lr = 0.0000177
2025-07-20 09:58:09,789 - AdaPoinTr - INFO - [Epoch 80/200][Batch 2401/2622] BatchTime = 0.710 (s) DataTime = 0.001 (s) Losses = ['5.1729', '37.2524'] lr = 0.0000177
2025-07-20 09:59:21,584 - AdaPoinTr - INFO - [Epoch 80/200][Batch 2501/2622] BatchTime = 0.708 (s) DataTime = 0.001 (s) Losses = ['5.4352', '39.9361'] lr = 0.0000177
2025-07-20 10:00:33,402 - AdaPoinTr - INFO - [Epoch 80/200][Batch 2601/2622] BatchTime = 0.709 (s) DataTime = 0.001 (s) Losses = ['5.1178', '37.7483'] lr = 0.0000177
2025-07-20 10:00:48,518 - AdaPoinTr - INFO - [Training] EPOCH: 80 EpochTime = 1883.002 (s) Losses = ['5.3709', '41.0171']
2025-07-20 10:00:48,519 - AdaPoinTr - INFO - [VALIDATION] Start validating epoch 80
2025-07-20 10:01:55,531 - AdaPoinTr - INFO - Test[1051/10518] Taxonomy = 02691156 Sample = c7749c0a8b61f43bc9b9e28055202e3d Losses = ['26.1214', '3.2276', '13.9623', '0.9061'] Metrics = ['0.4728', '13.9623', '0.9061', '0.0000']
2025-07-20 10:03:02,466 - AdaPoinTr - INFO - Test[2102/10518] Taxonomy = 03211117 Sample = ab2f9418c111cc6ddb965514105122a4 Losses = ['22.6804', '1.9450', '7.8263', '0.2109'] Metrics = ['0.6350', '7.8263', '0.2109', '0.0000']
2025-07-20 10:04:09,372 - AdaPoinTr - INFO - Test[3153/10518] Taxonomy = 02876657 Sample = c5032e4be091aabb36fe7a88df793982 Losses = ['50.8174', '12.1222', '24.8228', '3.2328'] Metrics = ['0.2577', '24.8228', '3.2328', '0.0000']
2025-07-20 10:05:16,078 - AdaPoinTr - INFO - Test[4204/10518] Taxonomy = 03211117 Sample = 722df1da5778d45b1e43523279c7f09f Losses = ['34.8586', '4.9096', '15.7325', '1.5138'] Metrics = ['0.4045', '15.7325', '1.5138', '0.0000']
2025-07-20 10:06:22,969 - AdaPoinTr - INFO - Test[5255/10518] Taxonomy = 02828884 Sample = 14b63361a48a9fffe4a048c146e8bd43 Losses = ['30.3505', '3.5135', '11.4043', '0.5684'] Metrics = ['0.4546', '11.4043', '0.5684', '0.0000']
2025-07-20 10:07:29,923 - AdaPoinTr - INFO - Test[6306/10518] Taxonomy = 03211117 Sample = d330d50a0255529d19ed6e1a590c9122 Losses = ['27.9354', '3.8345', '11.5783', '0.6244'] Metrics = ['0.4736', '11.5783', '0.6244', '0.0000']
2025-07-20 10:08:36,844 - AdaPoinTr - INFO - Test[7357/10518] Taxonomy = 04379243 Sample = b1ca280d9567270ade98d10ab5975b59 Losses = ['30.3118', '3.2966', '14.2124', '0.6164'] Metrics = ['0.2803', '14.2124', '0.6164', '0.0000']
2025-07-20 10:09:43,812 - AdaPoinTr - INFO - Test[8408/10518] Taxonomy = 03001627 Sample = 89208a619341d9fdb8c516ed5c4ce32 Losses = ['31.3096', '3.5331', '14.8902', '0.8150'] Metrics = ['0.2780', '14.8902', '0.8150', '0.0000']
2025-07-20 10:10:50,799 - AdaPoinTr - INFO - Test[9459/10518] Taxonomy = 03001627 Sample = d0255120e3351121c3bd24f986301745 Losses = ['38.5442', '5.5091', '17.3011', '1.1690'] Metrics = ['0.2250', '17.3011', '1.1690', '0.0000']
2025-07-20 10:11:57,792 - AdaPoinTr - INFO - Test[10510/10518] Taxonomy = 03636649 Sample = ea9ec4d9db2e06202471e6dd5ac3ef92 Losses = ['21.7845', '2.2217', '8.1862', '0.3609'] Metrics = ['0.7791', '8.1862', '0.3609', '0.0000']
2025-07-20 10:11:58,321 - AdaPoinTr - INFO - [Validation] EPOCH: 80  Metrics = ['0.3768', '14.0567', '0.9348', '0.0000']
2025-07-20 10:11:58,321 - AdaPoinTr - INFO - ============================ TEST RESULTS ============================
2025-07-20 10:11:58,321 - AdaPoinTr - INFO - Taxonomy	#Sample	F-Score	CDL1	CDL2	EMDistance	#ModelName	
2025-07-20 10:11:58,321 - AdaPoinTr - INFO - 03759954	14	0.548 	14.064 	1.436 	0.000 	microphone	
2025-07-20 10:11:58,321 - AdaPoinTr - INFO - 04330267	44	0.293 	15.321 	0.931 	0.000 	stove	
2025-07-20 10:11:58,321 - AdaPoinTr - INFO - 03261776	15	0.330 	17.166 	1.519 	0.000 	earphone	
2025-07-20 10:11:58,322 - AdaPoinTr - INFO - 03513137	33	0.222 	20.285 	2.012 	0.000 	helmet	
2025-07-20 10:11:58,322 - AdaPoinTr - INFO - 04460130	27	0.438 	14.068 	1.103 	0.000 	tower	
2025-07-20 10:11:58,322 - AdaPoinTr - INFO - 04468005	78	0.397 	12.595 	0.713 	0.000 	train	
2025-07-20 10:11:58,322 - AdaPoinTr - INFO - 03761084	31	0.250 	16.363 	1.076 	0.000 	microwaves	
2025-07-20 10:11:58,322 - AdaPoinTr - INFO - 04004475	34	0.276 	16.788 	1.333 	0.000 	printer	
2025-07-20 10:11:58,322 - AdaPoinTr - INFO - 03938244	20	0.316 	14.270 	0.795 	0.000 	pillow	
2025-07-20 10:11:58,322 - AdaPoinTr - INFO - 02992529	167	0.428 	11.049 	0.450 	0.000 	cellphone	
2025-07-20 10:11:58,322 - AdaPoinTr - INFO - 02808440	172	0.299 	14.984 	0.990 	0.000 	bathtub	
2025-07-20 10:11:58,322 - AdaPoinTr - INFO - 04530566	388	0.512 	11.112 	0.589 	0.000 	watercraft	
2025-07-20 10:11:58,322 - AdaPoinTr - INFO - 02871439	91	0.258 	16.124 	1.055 	0.000 	bookshelf	
2025-07-20 10:11:58,322 - AdaPoinTr - INFO - 03593526	120	0.271 	17.188 	1.321 	0.000 	jar	
2025-07-20 10:11:58,322 - AdaPoinTr - INFO - 04554684	34	0.238 	17.386 	1.303 	0.000 	washer	
2025-07-20 10:11:58,322 - AdaPoinTr - INFO - 03467517	160	0.819 	6.716 	0.217 	0.000 	guitar	
2025-07-20 10:11:58,322 - AdaPoinTr - INFO - 04401088	218	0.433 	10.847 	0.420 	0.000 	telephone	
2025-07-20 10:11:58,322 - AdaPoinTr - INFO - 02954340	12	0.334 	12.571 	0.521 	0.000 	cap	
2025-07-20 10:11:58,322 - AdaPoinTr - INFO - 02933112	315	0.248 	15.245 	0.857 	0.000 	cabinet	
2025-07-20 10:11:58,322 - AdaPoinTr - INFO - 03642806	92	0.400 	11.124 	0.423 	0.000 	laptop	
2025-07-20 10:11:58,322 - AdaPoinTr - INFO - 02924116	188	0.371 	12.550 	0.603 	0.000 	bus	
2025-07-20 10:11:58,322 - AdaPoinTr - INFO - 02946921	22	0.267 	15.712 	1.104 	0.000 	can	
2025-07-20 10:11:58,322 - AdaPoinTr - INFO - 02818832	47	0.284 	16.525 	1.267 	0.000 	bed	
2025-07-20 10:11:58,322 - AdaPoinTr - INFO - 04256520	635	0.307 	14.165 	0.754 	0.000 	sofa	
2025-07-20 10:11:58,322 - AdaPoinTr - INFO - 04379243	1687	0.392 	12.674 	0.760 	0.000 	table	
2025-07-20 10:11:58,322 - AdaPoinTr - INFO - 02747177	69	0.199 	18.089 	1.367 	0.000 	trash bin	
2025-07-20 10:11:58,322 - AdaPoinTr - INFO - 03046257	131	0.324 	14.350 	0.816 	0.000 	clock	
2025-07-20 10:11:58,322 - AdaPoinTr - INFO - 04225987	31	0.560 	9.415 	0.339 	0.000 	skateboard	
2025-07-20 10:11:58,322 - AdaPoinTr - INFO - 03797390	43	0.204 	18.166 	1.327 	0.000 	mug	
2025-07-20 10:11:58,322 - AdaPoinTr - INFO - 03001627	1356	0.379 	13.559 	0.835 	0.000 	chair	
2025-07-20 10:11:58,322 - AdaPoinTr - INFO - 03691459	320	0.262 	16.993 	1.247 	0.000 	loudspeaker	
2025-07-20 10:11:58,322 - AdaPoinTr - INFO - 02942699	23	0.244 	20.798 	2.363 	0.000 	camera	
2025-07-20 10:11:58,322 - AdaPoinTr - INFO - 03636649	464	0.540 	13.302 	1.353 	0.000 	lamp	
2025-07-20 10:11:58,322 - AdaPoinTr - INFO - 02691156	809	0.585 	9.461 	0.418 	0.000 	airplane	
2025-07-20 10:11:58,322 - AdaPoinTr - INFO - 02773838	17	0.359 	13.557 	0.770 	0.000 	bag	
2025-07-20 10:11:58,322 - AdaPoinTr - INFO - 02958343	703	0.228 	15.998 	0.903 	0.000 	car	
2025-07-20 10:11:58,322 - AdaPoinTr - INFO - 02880940	38	0.241 	15.829 	0.919 	0.000 	bowl	
2025-07-20 10:11:58,322 - AdaPoinTr - INFO - 04099429	17	0.727 	8.358 	0.392 	0.000 	rocket	
2025-07-20 10:11:58,322 - AdaPoinTr - INFO - 02828884	363	0.449 	11.078 	0.556 	0.000 	bench	
2025-07-20 10:11:58,322 - AdaPoinTr - INFO - 04090263	475	0.698 	8.527 	0.422 	0.000 	rifle	
2025-07-20 10:11:58,322 - AdaPoinTr - INFO - 03211117	219	0.359 	13.188 	0.750 	0.000 	display	
2025-07-20 10:11:58,322 - AdaPoinTr - INFO - 02876657	100	0.437 	12.116 	0.696 	0.000 	bottle	
2025-07-20 10:11:58,322 - AdaPoinTr - INFO - 03710193	19	0.564 	10.960 	0.686 	0.000 	mailbox	
2025-07-20 10:11:58,322 - AdaPoinTr - INFO - 03790512	68	0.261 	16.413 	1.071 	0.000 	motorbike	
2025-07-20 10:11:58,322 - AdaPoinTr - INFO - 03325088	149	0.471 	14.530 	1.379 	0.000 	faucet	
2025-07-20 10:11:58,322 - AdaPoinTr - INFO - 02801938	23	0.233 	16.409 	1.068 	0.000 	basket	
2025-07-20 10:11:58,322 - AdaPoinTr - INFO - 03337140	60	0.246 	15.901 	0.953 	0.000 	file cabinet	
2025-07-20 10:11:58,322 - AdaPoinTr - INFO - 02843684	15	0.247 	18.425 	1.431 	0.000 	birdhouse	
2025-07-20 10:11:58,322 - AdaPoinTr - INFO - 03624134	85	0.787 	6.985 	0.240 	0.000 	knife	
2025-07-20 10:11:58,322 - AdaPoinTr - INFO - 03991062	121	0.233 	19.509 	1.746 	0.000 	flowerpot	
2025-07-20 10:11:58,322 - AdaPoinTr - INFO - 03948459	62	0.470 	11.709 	0.640 	0.000 	pistol	
2025-07-20 10:11:58,322 - AdaPoinTr - INFO - 03928116	48	0.296 	16.048 	1.263 	0.000 	piano	
2025-07-20 10:11:58,322 - AdaPoinTr - INFO - 03207941	19	0.252 	16.269 	1.145 	0.000 	dishwasher	
2025-07-20 10:11:58,322 - AdaPoinTr - INFO - 04074963	14	0.482 	10.182 	0.353 	0.000 	remote	
2025-07-20 10:11:58,322 - AdaPoinTr - INFO - 03085013	13	0.459 	10.098 	0.409 	0.000 	keyboard	
2025-07-20 10:11:58,322 - AdaPoinTr - INFO - Overall		0.377 	14.057 	0.935 	0.000 	
2025-07-20 10:11:58,772 - AdaPoinTr - INFO - Save checkpoint at ./experiments/AdaPoinTr/ShapeNet55_models/AdaPoinTr/ckpt-best.pth
2025-07-20 10:11:59,189 - AdaPoinTr - INFO - Save checkpoint at ./experiments/AdaPoinTr/ShapeNet55_models/AdaPoinTr/ckpt-last.pth
2025-07-20 10:11:59,992 - AdaPoinTr - INFO - [Epoch 81/200][Batch 1/2622] BatchTime = 0.802 (s) DataTime = 0.089 (s) Losses = ['5.3595', '42.1779'] lr = 0.0000173
2025-07-20 10:13:11,771 - AdaPoinTr - INFO - [Epoch 81/200][Batch 101/2622] BatchTime = 0.716 (s) DataTime = 0.001 (s) Losses = ['5.7731', '44.3981'] lr = 0.0000173
2025-07-20 10:14:23,577 - AdaPoinTr - INFO - [Epoch 81/200][Batch 201/2622] BatchTime = 0.721 (s) DataTime = 0.001 (s) Losses = ['4.9114', '35.2261'] lr = 0.0000173
2025-07-20 10:15:35,399 - AdaPoinTr - INFO - [Epoch 81/200][Batch 301/2622] BatchTime = 0.714 (s) DataTime = 0.001 (s) Losses = ['5.6359', '39.2628'] lr = 0.0000173
2025-07-20 10:16:47,201 - AdaPoinTr - INFO - [Epoch 81/200][Batch 401/2622] BatchTime = 0.710 (s) DataTime = 0.001 (s) Losses = ['5.4077', '40.4235'] lr = 0.0000173
2025-07-20 10:17:59,041 - AdaPoinTr - INFO - [Epoch 81/200][Batch 501/2622] BatchTime = 0.708 (s) DataTime = 0.001 (s) Losses = ['6.1115', '45.1264'] lr = 0.0000173
2025-07-20 10:19:10,869 - AdaPoinTr - INFO - [Epoch 81/200][Batch 601/2622] BatchTime = 0.709 (s) DataTime = 0.001 (s) Losses = ['5.2886', '42.3467'] lr = 0.0000173
2025-07-20 10:20:22,667 - AdaPoinTr - INFO - [Epoch 81/200][Batch 701/2622] BatchTime = 0.706 (s) DataTime = 0.001 (s) Losses = ['5.6055', '43.0686'] lr = 0.0000173
2025-07-20 10:21:34,479 - AdaPoinTr - INFO - [Epoch 81/200][Batch 801/2622] BatchTime = 0.705 (s) DataTime = 0.001 (s) Losses = ['5.1593', '38.7238'] lr = 0.0000173
2025-07-20 10:22:46,258 - AdaPoinTr - INFO - [Epoch 81/200][Batch 901/2622] BatchTime = 0.710 (s) DataTime = 0.001 (s) Losses = ['5.3980', '42.4837'] lr = 0.0000173
2025-07-20 10:23:58,083 - AdaPoinTr - INFO - [Epoch 81/200][Batch 1001/2622] BatchTime = 0.715 (s) DataTime = 0.001 (s) Losses = ['5.3832', '40.5201'] lr = 0.0000173
2025-07-20 10:25:09,921 - AdaPoinTr - INFO - [Epoch 81/200][Batch 1101/2622] BatchTime = 0.718 (s) DataTime = 0.001 (s) Losses = ['5.6359', '47.2216'] lr = 0.0000173
2025-07-20 10:26:21,700 - AdaPoinTr - INFO - [Epoch 81/200][Batch 1201/2622] BatchTime = 0.717 (s) DataTime = 0.001 (s) Losses = ['4.9424', '40.0324'] lr = 0.0000173
2025-07-20 10:27:33,498 - AdaPoinTr - INFO - [Epoch 81/200][Batch 1301/2622] BatchTime = 0.719 (s) DataTime = 0.001 (s) Losses = ['5.9199', '48.8053'] lr = 0.0000173
2025-07-20 10:28:45,298 - AdaPoinTr - INFO - [Epoch 81/200][Batch 1401/2622] BatchTime = 0.715 (s) DataTime = 0.001 (s) Losses = ['5.2949', '38.8484'] lr = 0.0000173
2025-07-20 10:29:57,125 - AdaPoinTr - INFO - [Epoch 81/200][Batch 1501/2622] BatchTime = 0.711 (s) DataTime = 0.001 (s) Losses = ['5.2338', '41.5210'] lr = 0.0000173
2025-07-20 10:31:08,941 - AdaPoinTr - INFO - [Epoch 81/200][Batch 1601/2622] BatchTime = 0.712 (s) DataTime = 0.001 (s) Losses = ['5.9135', '44.0204'] lr = 0.0000173
2025-07-20 10:32:20,719 - AdaPoinTr - INFO - [Epoch 81/200][Batch 1701/2622] BatchTime = 0.708 (s) DataTime = 0.001 (s) Losses = ['5.8063', '42.9124'] lr = 0.0000173
2025-07-20 10:33:32,568 - AdaPoinTr - INFO - [Epoch 81/200][Batch 1801/2622] BatchTime = 0.711 (s) DataTime = 0.001 (s) Losses = ['5.4406', '41.3931'] lr = 0.0000173
2025-07-20 10:34:44,384 - AdaPoinTr - INFO - [Epoch 81/200][Batch 1901/2622] BatchTime = 0.706 (s) DataTime = 0.001 (s) Losses = ['5.6252', '44.0233'] lr = 0.0000173
2025-07-20 10:35:56,219 - AdaPoinTr - INFO - [Epoch 81/200][Batch 2001/2622] BatchTime = 0.704 (s) DataTime = 0.001 (s) Losses = ['5.7185', '43.3410'] lr = 0.0000173
2025-07-20 10:37:08,040 - AdaPoinTr - INFO - [Epoch 81/200][Batch 2101/2622] BatchTime = 0.710 (s) DataTime = 0.001 (s) Losses = ['4.9572', '40.4315'] lr = 0.0000173
2025-07-20 10:38:19,870 - AdaPoinTr - INFO - [Epoch 81/200][Batch 2201/2622] BatchTime = 0.712 (s) DataTime = 0.001 (s) Losses = ['5.1121', '49.2251'] lr = 0.0000173
2025-07-20 10:39:31,668 - AdaPoinTr - INFO - [Epoch 81/200][Batch 2301/2622] BatchTime = 0.713 (s) DataTime = 0.001 (s) Losses = ['4.5829', '39.3901'] lr = 0.0000173
2025-07-20 10:40:43,498 - AdaPoinTr - INFO - [Epoch 81/200][Batch 2401/2622] BatchTime = 0.715 (s) DataTime = 0.001 (s) Losses = ['5.8514', '43.2248'] lr = 0.0000173
2025-07-20 10:41:55,336 - AdaPoinTr - INFO - [Epoch 81/200][Batch 2501/2622] BatchTime = 0.720 (s) DataTime = 0.001 (s) Losses = ['5.5452', '46.0602'] lr = 0.0000173
2025-07-20 10:43:07,130 - AdaPoinTr - INFO - [Epoch 81/200][Batch 2601/2622] BatchTime = 0.719 (s) DataTime = 0.001 (s) Losses = ['5.6171', '44.8250'] lr = 0.0000173
2025-07-20 10:43:22,247 - AdaPoinTr - INFO - [Training] EPOCH: 81 EpochTime = 1883.057 (s) Losses = ['5.3535', '40.8835']
2025-07-20 10:43:22,710 - AdaPoinTr - INFO - Save checkpoint at ./experiments/AdaPoinTr/ShapeNet55_models/AdaPoinTr/ckpt-last.pth
2025-07-20 10:43:23,523 - AdaPoinTr - INFO - [Epoch 82/200][Batch 1/2622] BatchTime = 0.812 (s) DataTime = 0.090 (s) Losses = ['4.9864', '39.8180'] lr = 0.0000169
2025-07-20 10:44:35,341 - AdaPoinTr - INFO - [Epoch 82/200][Batch 101/2622] BatchTime = 0.721 (s) DataTime = 0.001 (s) Losses = ['5.5868', '43.3328'] lr = 0.0000169
2025-07-20 10:45:47,167 - AdaPoinTr - INFO - [Epoch 82/200][Batch 201/2622] BatchTime = 0.711 (s) DataTime = 0.001 (s) Losses = ['5.7834', '41.6461'] lr = 0.0000169
2025-07-20 10:46:58,950 - AdaPoinTr - INFO - [Epoch 82/200][Batch 301/2622] BatchTime = 0.709 (s) DataTime = 0.001 (s) Losses = ['5.0914', '35.3163'] lr = 0.0000169
2025-07-20 10:48:10,798 - AdaPoinTr - INFO - [Epoch 82/200][Batch 401/2622] BatchTime = 0.716 (s) DataTime = 0.001 (s) Losses = ['5.1803', '39.9576'] lr = 0.0000169
2025-07-20 10:49:22,594 - AdaPoinTr - INFO - [Epoch 82/200][Batch 501/2622] BatchTime = 0.707 (s) DataTime = 0.001 (s) Losses = ['5.6022', '47.6789'] lr = 0.0000169
2025-07-20 10:50:34,394 - AdaPoinTr - INFO - [Epoch 82/200][Batch 601/2622] BatchTime = 0.714 (s) DataTime = 0.001 (s) Losses = ['5.4198', '41.2133'] lr = 0.0000169
2025-07-20 10:51:45,883 - AdaPoinTr - INFO - [Epoch 82/200][Batch 701/2622] BatchTime = 0.722 (s) DataTime = 0.001 (s) Losses = ['5.3178', '42.2904'] lr = 0.0000169
2025-07-20 10:52:57,712 - AdaPoinTr - INFO - [Epoch 82/200][Batch 801/2622] BatchTime = 0.718 (s) DataTime = 0.001 (s) Losses = ['6.4185', '52.7381'] lr = 0.0000169
2025-07-20 10:54:09,549 - AdaPoinTr - INFO - [Epoch 82/200][Batch 901/2622] BatchTime = 0.719 (s) DataTime = 0.001 (s) Losses = ['4.9847', '39.8220'] lr = 0.0000169
2025-07-20 10:55:21,356 - AdaPoinTr - INFO - [Epoch 82/200][Batch 1001/2622] BatchTime = 0.714 (s) DataTime = 0.001 (s) Losses = ['5.5484', '41.3040'] lr = 0.0000169
2025-07-20 10:56:33,153 - AdaPoinTr - INFO - [Epoch 82/200][Batch 1101/2622] BatchTime = 0.710 (s) DataTime = 0.001 (s) Losses = ['4.9262', '39.1187'] lr = 0.0000169
2025-07-20 10:57:44,947 - AdaPoinTr - INFO - [Epoch 82/200][Batch 1201/2622] BatchTime = 0.704 (s) DataTime = 0.001 (s) Losses = ['5.5899', '44.5389'] lr = 0.0000169
2025-07-20 10:58:56,738 - AdaPoinTr - INFO - [Epoch 82/200][Batch 1301/2622] BatchTime = 0.719 (s) DataTime = 0.001 (s) Losses = ['5.8225', '41.8005'] lr = 0.0000169
2025-07-20 11:00:08,551 - AdaPoinTr - INFO - [Epoch 82/200][Batch 1401/2622] BatchTime = 0.714 (s) DataTime = 0.001 (s) Losses = ['4.8698', '38.0360'] lr = 0.0000169
2025-07-20 11:01:20,357 - AdaPoinTr - INFO - [Epoch 82/200][Batch 1501/2622] BatchTime = 0.719 (s) DataTime = 0.001 (s) Losses = ['5.4226', '39.2242'] lr = 0.0000169
2025-07-20 11:02:32,153 - AdaPoinTr - INFO - [Epoch 82/200][Batch 1601/2622] BatchTime = 0.711 (s) DataTime = 0.001 (s) Losses = ['5.3580', '39.1965'] lr = 0.0000169
2025-07-20 11:03:43,981 - AdaPoinTr - INFO - [Epoch 82/200][Batch 1701/2622] BatchTime = 0.714 (s) DataTime = 0.001 (s) Losses = ['5.3706', '39.2838'] lr = 0.0000169
2025-07-20 11:04:55,784 - AdaPoinTr - INFO - [Epoch 82/200][Batch 1801/2622] BatchTime = 0.707 (s) DataTime = 0.001 (s) Losses = ['6.1035', '46.0144'] lr = 0.0000169
2025-07-20 11:06:07,598 - AdaPoinTr - INFO - [Epoch 82/200][Batch 1901/2622] BatchTime = 0.708 (s) DataTime = 0.001 (s) Losses = ['5.1236', '37.7005'] lr = 0.0000169
2025-07-20 11:07:19,418 - AdaPoinTr - INFO - [Epoch 82/200][Batch 2001/2622] BatchTime = 0.717 (s) DataTime = 0.001 (s) Losses = ['5.4550', '39.6948'] lr = 0.0000169
2025-07-20 11:08:31,228 - AdaPoinTr - INFO - [Epoch 82/200][Batch 2101/2622] BatchTime = 0.708 (s) DataTime = 0.001 (s) Losses = ['5.2831', '42.7426'] lr = 0.0000169
2025-07-20 11:09:43,032 - AdaPoinTr - INFO - [Epoch 82/200][Batch 2201/2622] BatchTime = 0.719 (s) DataTime = 0.001 (s) Losses = ['5.7280', '45.9911'] lr = 0.0000169
2025-07-20 11:10:54,863 - AdaPoinTr - INFO - [Epoch 82/200][Batch 2301/2622] BatchTime = 0.716 (s) DataTime = 0.001 (s) Losses = ['5.5353', '40.3422'] lr = 0.0000169
2025-07-20 11:12:06,647 - AdaPoinTr - INFO - [Epoch 82/200][Batch 2401/2622] BatchTime = 0.709 (s) DataTime = 0.001 (s) Losses = ['5.2679', '41.1485'] lr = 0.0000169
2025-07-20 11:13:18,440 - AdaPoinTr - INFO - [Epoch 82/200][Batch 2501/2622] BatchTime = 0.714 (s) DataTime = 0.001 (s) Losses = ['5.2730', '41.9571'] lr = 0.0000169
2025-07-20 11:14:30,246 - AdaPoinTr - INFO - [Epoch 82/200][Batch 2601/2622] BatchTime = 0.703 (s) DataTime = 0.001 (s) Losses = ['5.4317', '38.9808'] lr = 0.0000169
2025-07-20 11:14:45,363 - AdaPoinTr - INFO - [Training] EPOCH: 82 EpochTime = 1882.653 (s) Losses = ['5.3427', '40.9771']
2025-07-20 11:14:45,814 - AdaPoinTr - INFO - Save checkpoint at ./experiments/AdaPoinTr/ShapeNet55_models/AdaPoinTr/ckpt-last.pth
2025-07-20 11:14:46,613 - AdaPoinTr - INFO - [Epoch 83/200][Batch 1/2622] BatchTime = 0.798 (s) DataTime = 0.091 (s) Losses = ['5.2755', '38.8546'] lr = 0.0000166
2025-07-20 11:15:58,416 - AdaPoinTr - INFO - [Epoch 83/200][Batch 101/2622] BatchTime = 0.714 (s) DataTime = 0.001 (s) Losses = ['4.9899', '42.1116'] lr = 0.0000166
2025-07-20 11:17:10,257 - AdaPoinTr - INFO - [Epoch 83/200][Batch 201/2622] BatchTime = 0.711 (s) DataTime = 0.001 (s) Losses = ['5.0366', '40.8050'] lr = 0.0000166
2025-07-20 11:18:22,074 - AdaPoinTr - INFO - [Epoch 83/200][Batch 301/2622] BatchTime = 0.714 (s) DataTime = 0.001 (s) Losses = ['5.7238', '43.1512'] lr = 0.0000166
2025-07-20 11:19:33,911 - AdaPoinTr - INFO - [Epoch 83/200][Batch 401/2622] BatchTime = 0.718 (s) DataTime = 0.001 (s) Losses = ['4.4034', '31.7855'] lr = 0.0000166
2025-07-20 11:20:45,749 - AdaPoinTr - INFO - [Epoch 83/200][Batch 501/2622] BatchTime = 0.717 (s) DataTime = 0.001 (s) Losses = ['5.4031', '40.0812'] lr = 0.0000166
2025-07-20 11:21:57,550 - AdaPoinTr - INFO - [Epoch 83/200][Batch 601/2622] BatchTime = 0.718 (s) DataTime = 0.001 (s) Losses = ['5.6408', '41.9277'] lr = 0.0000166
2025-07-20 11:23:09,414 - AdaPoinTr - INFO - [Epoch 83/200][Batch 701/2622] BatchTime = 0.716 (s) DataTime = 0.001 (s) Losses = ['5.6389', '43.7712'] lr = 0.0000166
2025-07-20 11:24:21,192 - AdaPoinTr - INFO - [Epoch 83/200][Batch 801/2622] BatchTime = 0.709 (s) DataTime = 0.001 (s) Losses = ['5.4553', '41.7061'] lr = 0.0000166
2025-07-20 11:25:33,002 - AdaPoinTr - INFO - [Epoch 83/200][Batch 901/2622] BatchTime = 0.713 (s) DataTime = 0.001 (s) Losses = ['5.9018', '44.9667'] lr = 0.0000166
2025-07-20 11:26:44,807 - AdaPoinTr - INFO - [Epoch 83/200][Batch 1001/2622] BatchTime = 0.707 (s) DataTime = 0.001 (s) Losses = ['5.0900', '39.3300'] lr = 0.0000166
2025-07-20 11:27:56,618 - AdaPoinTr - INFO - [Epoch 83/200][Batch 1101/2622] BatchTime = 0.703 (s) DataTime = 0.001 (s) Losses = ['5.1349', '40.1064'] lr = 0.0000166
2025-07-20 11:29:08,439 - AdaPoinTr - INFO - [Epoch 83/200][Batch 1201/2622] BatchTime = 0.708 (s) DataTime = 0.001 (s) Losses = ['5.4875', '42.9350'] lr = 0.0000166
2025-07-20 11:30:20,301 - AdaPoinTr - INFO - [Epoch 83/200][Batch 1301/2622] BatchTime = 0.705 (s) DataTime = 0.001 (s) Losses = ['4.5958', '36.5955'] lr = 0.0000166
2025-07-20 11:31:32,122 - AdaPoinTr - INFO - [Epoch 83/200][Batch 1401/2622] BatchTime = 0.712 (s) DataTime = 0.001 (s) Losses = ['5.5906', '41.1849'] lr = 0.0000166
2025-07-20 11:32:43,976 - AdaPoinTr - INFO - [Epoch 83/200][Batch 1501/2622] BatchTime = 0.705 (s) DataTime = 0.001 (s) Losses = ['4.9630', '41.3506'] lr = 0.0000166
2025-07-20 11:33:55,789 - AdaPoinTr - INFO - [Epoch 83/200][Batch 1601/2622] BatchTime = 0.713 (s) DataTime = 0.001 (s) Losses = ['5.3553', '43.9538'] lr = 0.0000166
2025-07-20 11:35:07,606 - AdaPoinTr - INFO - [Epoch 83/200][Batch 1701/2622] BatchTime = 0.716 (s) DataTime = 0.001 (s) Losses = ['5.1668', '44.0062'] lr = 0.0000166
2025-07-20 11:36:19,421 - AdaPoinTr - INFO - [Epoch 83/200][Batch 1801/2622] BatchTime = 0.716 (s) DataTime = 0.001 (s) Losses = ['5.5791', '41.0213'] lr = 0.0000166
2025-07-20 11:37:31,214 - AdaPoinTr - INFO - [Epoch 83/200][Batch 1901/2622] BatchTime = 0.715 (s) DataTime = 0.001 (s) Losses = ['5.5779', '39.4040'] lr = 0.0000166
2025-07-20 11:38:42,999 - AdaPoinTr - INFO - [Epoch 83/200][Batch 2001/2622] BatchTime = 0.708 (s) DataTime = 0.001 (s) Losses = ['4.8696', '39.7491'] lr = 0.0000166
2025-07-20 11:39:54,797 - AdaPoinTr - INFO - [Epoch 83/200][Batch 2101/2622] BatchTime = 0.708 (s) DataTime = 0.001 (s) Losses = ['4.6248', '35.7414'] lr = 0.0000166
2025-07-20 11:40:57,918 - AdaPoinTr - INFO - [Epoch 83/200][Batch 2201/2622] BatchTime = 0.508 (s) DataTime = 0.001 (s) Losses = ['6.1130', '45.6765'] lr = 0.0000166
2025-07-20 11:41:49,488 - AdaPoinTr - INFO - [Epoch 83/200][Batch 2301/2622] BatchTime = 0.512 (s) DataTime = 0.001 (s) Losses = ['5.0057', '37.0044'] lr = 0.0000166
2025-07-20 11:42:41,068 - AdaPoinTr - INFO - [Epoch 83/200][Batch 2401/2622] BatchTime = 0.514 (s) DataTime = 0.001 (s) Losses = ['5.1610', '41.7773'] lr = 0.0000166
2025-07-20 11:43:32,660 - AdaPoinTr - INFO - [Epoch 83/200][Batch 2501/2622] BatchTime = 0.518 (s) DataTime = 0.001 (s) Losses = ['5.0852', '41.9469'] lr = 0.0000166
2025-07-20 11:44:24,240 - AdaPoinTr - INFO - [Epoch 83/200][Batch 2601/2622] BatchTime = 0.510 (s) DataTime = 0.001 (s) Losses = ['5.4093', '40.1487'] lr = 0.0000166
2025-07-20 11:44:35,111 - AdaPoinTr - INFO - [Training] EPOCH: 83 EpochTime = 1789.296 (s) Losses = ['5.3300', '40.7107']
2025-07-20 11:44:35,574 - AdaPoinTr - INFO - Save checkpoint at ./experiments/AdaPoinTr/ShapeNet55_models/AdaPoinTr/ckpt-last.pth
2025-07-20 11:44:36,201 - AdaPoinTr - INFO - [Epoch 84/200][Batch 1/2622] BatchTime = 0.626 (s) DataTime = 0.096 (s) Losses = ['4.5922', '37.9786'] lr = 0.0000162
2025-07-20 11:45:27,766 - AdaPoinTr - INFO - [Epoch 84/200][Batch 101/2622] BatchTime = 0.513 (s) DataTime = 0.001 (s) Losses = ['5.5468', '41.8733'] lr = 0.0000162
2025-07-20 11:46:19,346 - AdaPoinTr - INFO - [Epoch 84/200][Batch 201/2622] BatchTime = 0.511 (s) DataTime = 0.001 (s) Losses = ['5.9013', '43.8912'] lr = 0.0000162
2025-07-20 11:47:10,914 - AdaPoinTr - INFO - [Epoch 84/200][Batch 301/2622] BatchTime = 0.514 (s) DataTime = 0.001 (s) Losses = ['5.4834', '41.9071'] lr = 0.0000162
2025-07-20 11:48:02,486 - AdaPoinTr - INFO - [Epoch 84/200][Batch 401/2622] BatchTime = 0.514 (s) DataTime = 0.001 (s) Losses = ['5.3244', '41.9702'] lr = 0.0000162
2025-07-20 11:48:54,095 - AdaPoinTr - INFO - [Epoch 84/200][Batch 501/2622] BatchTime = 0.509 (s) DataTime = 0.001 (s) Losses = ['4.8330', '40.2015'] lr = 0.0000162
2025-07-20 11:49:45,734 - AdaPoinTr - INFO - [Epoch 84/200][Batch 601/2622] BatchTime = 0.509 (s) DataTime = 0.001 (s) Losses = ['4.4929', '34.5715'] lr = 0.0000162
2025-07-20 11:50:37,292 - AdaPoinTr - INFO - [Epoch 84/200][Batch 701/2622] BatchTime = 0.511 (s) DataTime = 0.001 (s) Losses = ['5.4676', '41.0884'] lr = 0.0000162
2025-07-20 11:51:28,888 - AdaPoinTr - INFO - [Epoch 84/200][Batch 801/2622] BatchTime = 0.511 (s) DataTime = 0.001 (s) Losses = ['5.8796', '42.7843'] lr = 0.0000162
2025-07-20 11:52:30,527 - AdaPoinTr - INFO - [Epoch 84/200][Batch 901/2622] BatchTime = 0.705 (s) DataTime = 0.001 (s) Losses = ['5.1392', '41.6809'] lr = 0.0000162
2025-07-20 11:53:42,351 - AdaPoinTr - INFO - [Epoch 84/200][Batch 1001/2622] BatchTime = 0.715 (s) DataTime = 0.001 (s) Losses = ['5.2935', '40.5258'] lr = 0.0000162
2025-07-20 11:54:54,137 - AdaPoinTr - INFO - [Epoch 84/200][Batch 1101/2622] BatchTime = 0.715 (s) DataTime = 0.001 (s) Losses = ['5.2619', '39.5226'] lr = 0.0000162
2025-07-20 11:56:05,932 - AdaPoinTr - INFO - [Epoch 84/200][Batch 1201/2622] BatchTime = 0.717 (s) DataTime = 0.001 (s) Losses = ['5.4290', '42.6502'] lr = 0.0000162
2025-07-20 11:57:17,721 - AdaPoinTr - INFO - [Epoch 84/200][Batch 1301/2622] BatchTime = 0.716 (s) DataTime = 0.001 (s) Losses = ['5.3889', '39.6856'] lr = 0.0000162
2025-07-20 11:58:29,538 - AdaPoinTr - INFO - [Epoch 84/200][Batch 1401/2622] BatchTime = 0.716 (s) DataTime = 0.001 (s) Losses = ['5.6286', '44.8294'] lr = 0.0000162
2025-07-20 11:59:41,340 - AdaPoinTr - INFO - [Epoch 84/200][Batch 1501/2622] BatchTime = 0.712 (s) DataTime = 0.001 (s) Losses = ['5.5786', '39.7877'] lr = 0.0000162
2025-07-20 12:00:53,113 - AdaPoinTr - INFO - [Epoch 84/200][Batch 1601/2622] BatchTime = 0.708 (s) DataTime = 0.001 (s) Losses = ['5.9520', '43.6445'] lr = 0.0000162
2025-07-20 12:02:04,963 - AdaPoinTr - INFO - [Epoch 84/200][Batch 1701/2622] BatchTime = 0.706 (s) DataTime = 0.001 (s) Losses = ['5.2280', '43.0723'] lr = 0.0000162
2025-07-20 12:03:16,781 - AdaPoinTr - INFO - [Epoch 84/200][Batch 1801/2622] BatchTime = 0.711 (s) DataTime = 0.001 (s) Losses = ['5.1324', '35.1152'] lr = 0.0000162
2025-07-20 12:04:28,591 - AdaPoinTr - INFO - [Epoch 84/200][Batch 1901/2622] BatchTime = 0.715 (s) DataTime = 0.001 (s) Losses = ['5.6709', '42.3784'] lr = 0.0000162
2025-07-20 12:05:40,452 - AdaPoinTr - INFO - [Epoch 84/200][Batch 2001/2622] BatchTime = 0.718 (s) DataTime = 0.001 (s) Losses = ['5.7476', '44.7179'] lr = 0.0000162
2025-07-20 12:06:52,276 - AdaPoinTr - INFO - [Epoch 84/200][Batch 2101/2622] BatchTime = 0.720 (s) DataTime = 0.001 (s) Losses = ['5.9125', '47.2321'] lr = 0.0000162
2025-07-20 12:08:04,099 - AdaPoinTr - INFO - [Epoch 84/200][Batch 2201/2622] BatchTime = 0.718 (s) DataTime = 0.001 (s) Losses = ['4.9106', '35.7537'] lr = 0.0000162
2025-07-20 12:09:15,896 - AdaPoinTr - INFO - [Epoch 84/200][Batch 2301/2622] BatchTime = 0.707 (s) DataTime = 0.001 (s) Losses = ['5.5681', '44.1105'] lr = 0.0000162
2025-07-20 12:10:27,736 - AdaPoinTr - INFO - [Epoch 84/200][Batch 2401/2622] BatchTime = 0.708 (s) DataTime = 0.001 (s) Losses = ['5.3870', '39.9703'] lr = 0.0000162
2025-07-20 12:11:39,568 - AdaPoinTr - INFO - [Epoch 84/200][Batch 2501/2622] BatchTime = 0.708 (s) DataTime = 0.001 (s) Losses = ['5.9004', '43.4135'] lr = 0.0000162
2025-07-20 12:12:51,386 - AdaPoinTr - INFO - [Epoch 84/200][Batch 2601/2622] BatchTime = 0.710 (s) DataTime = 0.001 (s) Losses = ['5.9682', '43.5193'] lr = 0.0000162
2025-07-20 12:13:06,497 - AdaPoinTr - INFO - [Training] EPOCH: 84 EpochTime = 1710.922 (s) Losses = ['5.3434', '40.7807']
2025-07-20 12:13:06,959 - AdaPoinTr - INFO - Save checkpoint at ./experiments/AdaPoinTr/ShapeNet55_models/AdaPoinTr/ckpt-last.pth
2025-07-20 12:13:07,765 - AdaPoinTr - INFO - [Epoch 85/200][Batch 1/2622] BatchTime = 0.804 (s) DataTime = 0.091 (s) Losses = ['4.6769', '38.9089'] lr = 0.0000158
2025-07-20 12:14:19,611 - AdaPoinTr - INFO - [Epoch 85/200][Batch 101/2622] BatchTime = 0.709 (s) DataTime = 0.001 (s) Losses = ['5.4563', '39.2851'] lr = 0.0000158
2025-07-20 12:15:31,428 - AdaPoinTr - INFO - [Epoch 85/200][Batch 201/2622] BatchTime = 0.717 (s) DataTime = 0.001 (s) Losses = ['5.2393', '40.9528'] lr = 0.0000158
2025-07-20 12:16:43,248 - AdaPoinTr - INFO - [Epoch 85/200][Batch 301/2622] BatchTime = 0.715 (s) DataTime = 0.001 (s) Losses = ['5.7176', '39.7341'] lr = 0.0000158
2025-07-20 12:17:55,097 - AdaPoinTr - INFO - [Epoch 85/200][Batch 401/2622] BatchTime = 0.713 (s) DataTime = 0.001 (s) Losses = ['4.6322', '36.0204'] lr = 0.0000158
2025-07-20 12:19:06,893 - AdaPoinTr - INFO - [Epoch 85/200][Batch 501/2622] BatchTime = 0.711 (s) DataTime = 0.001 (s) Losses = ['5.1169', '43.8414'] lr = 0.0000158
2025-07-20 12:20:18,713 - AdaPoinTr - INFO - [Epoch 85/200][Batch 601/2622] BatchTime = 0.712 (s) DataTime = 0.001 (s) Losses = ['6.1648', '43.0297'] lr = 0.0000158
2025-07-20 12:21:30,579 - AdaPoinTr - INFO - [Epoch 85/200][Batch 701/2622] BatchTime = 0.710 (s) DataTime = 0.001 (s) Losses = ['4.2862', '31.9522'] lr = 0.0000158
2025-07-20 12:22:42,420 - AdaPoinTr - INFO - [Epoch 85/200][Batch 801/2622] BatchTime = 0.704 (s) DataTime = 0.001 (s) Losses = ['5.5855', '39.4198'] lr = 0.0000158
2025-07-20 12:23:54,223 - AdaPoinTr - INFO - [Epoch 85/200][Batch 901/2622] BatchTime = 0.708 (s) DataTime = 0.001 (s) Losses = ['4.1756', '39.3558'] lr = 0.0000158
2025-07-20 12:25:06,049 - AdaPoinTr - INFO - [Epoch 85/200][Batch 1001/2622] BatchTime = 0.718 (s) DataTime = 0.001 (s) Losses = ['5.7320', '43.0316'] lr = 0.0000158
2025-07-20 12:26:17,884 - AdaPoinTr - INFO - [Epoch 85/200][Batch 1101/2622] BatchTime = 0.725 (s) DataTime = 0.001 (s) Losses = ['5.4474', '39.9714'] lr = 0.0000158
2025-07-20 12:27:29,718 - AdaPoinTr - INFO - [Epoch 85/200][Batch 1201/2622] BatchTime = 0.715 (s) DataTime = 0.001 (s) Losses = ['4.9602', '37.7922'] lr = 0.0000158
2025-07-20 12:28:41,482 - AdaPoinTr - INFO - [Epoch 85/200][Batch 1301/2622] BatchTime = 0.711 (s) DataTime = 0.001 (s) Losses = ['5.6135', '41.7595'] lr = 0.0000158
2025-07-20 12:29:53,258 - AdaPoinTr - INFO - [Epoch 85/200][Batch 1401/2622] BatchTime = 0.710 (s) DataTime = 0.001 (s) Losses = ['4.7084', '39.2871'] lr = 0.0000158
2025-07-20 12:31:05,094 - AdaPoinTr - INFO - [Epoch 85/200][Batch 1501/2622] BatchTime = 0.714 (s) DataTime = 0.001 (s) Losses = ['4.9313', '44.7111'] lr = 0.0000158
2025-07-20 12:32:16,928 - AdaPoinTr - INFO - [Epoch 85/200][Batch 1601/2622] BatchTime = 0.704 (s) DataTime = 0.001 (s) Losses = ['6.3071', '44.5028'] lr = 0.0000158
2025-07-20 12:33:28,768 - AdaPoinTr - INFO - [Epoch 85/200][Batch 1701/2622] BatchTime = 0.709 (s) DataTime = 0.001 (s) Losses = ['5.3277', '42.2792'] lr = 0.0000158
2025-07-20 12:34:40,649 - AdaPoinTr - INFO - [Epoch 85/200][Batch 1801/2622] BatchTime = 0.702 (s) DataTime = 0.001 (s) Losses = ['5.3561', '40.9809'] lr = 0.0000158
2025-07-20 12:35:52,488 - AdaPoinTr - INFO - [Epoch 85/200][Batch 1901/2622] BatchTime = 0.712 (s) DataTime = 0.001 (s) Losses = ['5.7704', '44.4064'] lr = 0.0000158
2025-07-20 12:37:04,305 - AdaPoinTr - INFO - [Epoch 85/200][Batch 2001/2622] BatchTime = 0.714 (s) DataTime = 0.001 (s) Losses = ['5.1578', '40.8399'] lr = 0.0000158
2025-07-20 12:38:16,110 - AdaPoinTr - INFO - [Epoch 85/200][Batch 2101/2622] BatchTime = 0.717 (s) DataTime = 0.001 (s) Losses = ['4.6283', '38.9851'] lr = 0.0000158
2025-07-20 12:39:27,909 - AdaPoinTr - INFO - [Epoch 85/200][Batch 2201/2622] BatchTime = 0.715 (s) DataTime = 0.001 (s) Losses = ['5.5790', '40.9348'] lr = 0.0000158
2025-07-20 12:40:39,724 - AdaPoinTr - INFO - [Epoch 85/200][Batch 2301/2622] BatchTime = 0.712 (s) DataTime = 0.001 (s) Losses = ['5.1265', '37.3105'] lr = 0.0000158
2025-07-20 12:41:51,222 - AdaPoinTr - INFO - [Epoch 85/200][Batch 2401/2622] BatchTime = 0.709 (s) DataTime = 0.001 (s) Losses = ['5.2048', '39.2315'] lr = 0.0000158
2025-07-20 12:43:03,055 - AdaPoinTr - INFO - [Epoch 85/200][Batch 2501/2622] BatchTime = 0.708 (s) DataTime = 0.001 (s) Losses = ['5.1532', '38.9293'] lr = 0.0000158
2025-07-20 12:44:14,872 - AdaPoinTr - INFO - [Epoch 85/200][Batch 2601/2622] BatchTime = 0.709 (s) DataTime = 0.001 (s) Losses = ['5.0383', '36.8206'] lr = 0.0000158
2025-07-20 12:44:30,015 - AdaPoinTr - INFO - [Training] EPOCH: 85 EpochTime = 1883.055 (s) Losses = ['5.3220', '40.6531']
2025-07-20 12:44:30,016 - AdaPoinTr - INFO - [VALIDATION] Start validating epoch 85
2025-07-20 12:45:37,125 - AdaPoinTr - INFO - Test[1051/10518] Taxonomy = 02691156 Sample = c7749c0a8b61f43bc9b9e28055202e3d Losses = ['22.6716', '2.2882', '8.8926', '0.2829'] Metrics = ['0.5930', '8.8926', '0.2829', '0.0000']
2025-07-20 12:46:44,126 - AdaPoinTr - INFO - Test[2102/10518] Taxonomy = 03211117 Sample = ab2f9418c111cc6ddb965514105122a4 Losses = ['22.2573', '1.8522', '7.8474', '0.2098'] Metrics = ['0.6276', '7.8474', '0.2098', '0.0000']
2025-07-20 12:47:51,114 - AdaPoinTr - INFO - Test[3153/10518] Taxonomy = 02876657 Sample = c5032e4be091aabb36fe7a88df793982 Losses = ['39.3150', '6.6920', '17.1313', '1.3193'] Metrics = ['0.3245', '17.1313', '1.3193', '0.0000']
2025-07-20 12:48:58,154 - AdaPoinTr - INFO - Test[4204/10518] Taxonomy = 03211117 Sample = 722df1da5778d45b1e43523279c7f09f Losses = ['27.7923', '2.8223', '11.1749', '0.4136'] Metrics = ['0.4265', '11.1749', '0.4136', '0.0000']
2025-07-20 12:50:05,118 - AdaPoinTr - INFO - Test[5255/10518] Taxonomy = 02828884 Sample = 14b63361a48a9fffe4a048c146e8bd43 Losses = ['33.1186', '3.9986', '16.6230', '1.2535'] Metrics = ['0.3387', '16.6230', '1.2535', '0.0000']
2025-07-20 12:51:12,189 - AdaPoinTr - INFO - Test[6306/10518] Taxonomy = 03211117 Sample = d330d50a0255529d19ed6e1a590c9122 Losses = ['26.4102', '3.1089', '10.6537', '0.4349'] Metrics = ['0.4741', '10.6537', '0.4349', '0.0000']
2025-07-20 12:52:19,108 - AdaPoinTr - INFO - Test[7357/10518] Taxonomy = 04379243 Sample = b1ca280d9567270ade98d10ab5975b59 Losses = ['37.1255', '5.9897', '17.0598', '1.1184'] Metrics = ['0.2486', '17.0598', '1.1184', '0.0000']
2025-07-20 12:53:26,127 - AdaPoinTr - INFO - Test[8408/10518] Taxonomy = 03001627 Sample = 89208a619341d9fdb8c516ed5c4ce32 Losses = ['35.1999', '4.4443', '17.6160', '1.1774'] Metrics = ['0.2220', '17.6160', '1.1774', '0.0000']
2025-07-20 12:54:33,177 - AdaPoinTr - INFO - Test[9459/10518] Taxonomy = 03001627 Sample = d0255120e3351121c3bd24f986301745 Losses = ['38.8901', '5.9138', '21.5444', '2.1556'] Metrics = ['0.2182', '21.5444', '2.1556', '0.0000']
2025-07-20 12:55:40,133 - AdaPoinTr - INFO - Test[10510/10518] Taxonomy = 03636649 Sample = ea9ec4d9db2e06202471e6dd5ac3ef92 Losses = ['17.4376', '1.6415', '6.4718', '0.2079'] Metrics = ['0.8581', '6.4718', '0.2079', '0.0000']
2025-07-20 12:55:40,675 - AdaPoinTr - INFO - [Validation] EPOCH: 85  Metrics = ['0.3732', '14.0455', '0.9255', '0.0000']
2025-07-20 12:55:40,676 - AdaPoinTr - INFO - ============================ TEST RESULTS ============================
2025-07-20 12:55:40,676 - AdaPoinTr - INFO - Taxonomy	#Sample	F-Score	CDL1	CDL2	EMDistance	#ModelName	
2025-07-20 12:55:40,676 - AdaPoinTr - INFO - 03759954	14	0.542 	13.891 	1.361 	0.000 	microphone	
2025-07-20 12:55:40,676 - AdaPoinTr - INFO - 04330267	44	0.295 	15.934 	1.182 	0.000 	stove	
2025-07-20 12:55:40,676 - AdaPoinTr - INFO - 03261776	15	0.304 	18.236 	1.789 	0.000 	earphone	
2025-07-20 12:55:40,676 - AdaPoinTr - INFO - 03513137	33	0.213 	20.448 	1.899 	0.000 	helmet	
2025-07-20 12:55:40,676 - AdaPoinTr - INFO - 04460130	27	0.429 	13.821 	0.863 	0.000 	tower	
2025-07-20 12:55:40,676 - AdaPoinTr - INFO - 04468005	78	0.394 	12.886 	0.812 	0.000 	train	
2025-07-20 12:55:40,676 - AdaPoinTr - INFO - 03761084	31	0.248 	16.155 	1.119 	0.000 	microwaves	
2025-07-20 12:55:40,676 - AdaPoinTr - INFO - 04004475	34	0.279 	15.798 	1.093 	0.000 	printer	
2025-07-20 12:55:40,676 - AdaPoinTr - INFO - 03938244	20	0.304 	15.181 	1.006 	0.000 	pillow	
2025-07-20 12:55:40,676 - AdaPoinTr - INFO - 02992529	167	0.427 	10.832 	0.404 	0.000 	cellphone	
2025-07-20 12:55:40,676 - AdaPoinTr - INFO - 02808440	172	0.300 	14.558 	0.916 	0.000 	bathtub	
2025-07-20 12:55:40,676 - AdaPoinTr - INFO - 04530566	388	0.509 	11.072 	0.570 	0.000 	watercraft	
2025-07-20 12:55:40,676 - AdaPoinTr - INFO - 02871439	91	0.257 	15.983 	1.050 	0.000 	bookshelf	
2025-07-20 12:55:40,676 - AdaPoinTr - INFO - 03593526	120	0.269 	17.393 	1.370 	0.000 	jar	
2025-07-20 12:55:40,676 - AdaPoinTr - INFO - 04554684	34	0.236 	17.475 	1.374 	0.000 	washer	
2025-07-20 12:55:40,676 - AdaPoinTr - INFO - 03467517	160	0.818 	6.596 	0.198 	0.000 	guitar	
2025-07-20 12:55:40,676 - AdaPoinTr - INFO - 04401088	218	0.431 	10.706 	0.403 	0.000 	telephone	
2025-07-20 12:55:40,676 - AdaPoinTr - INFO - 02954340	12	0.316 	14.166 	0.788 	0.000 	cap	
2025-07-20 12:55:40,676 - AdaPoinTr - INFO - 02933112	315	0.246 	14.994 	0.800 	0.000 	cabinet	
2025-07-20 12:55:40,676 - AdaPoinTr - INFO - 03642806	92	0.394 	11.032 	0.408 	0.000 	laptop	
2025-07-20 12:55:40,676 - AdaPoinTr - INFO - 02924116	188	0.372 	12.329 	0.565 	0.000 	bus	
2025-07-20 12:55:40,676 - AdaPoinTr - INFO - 02946921	22	0.265 	15.805 	1.114 	0.000 	can	
2025-07-20 12:55:40,676 - AdaPoinTr - INFO - 02818832	47	0.289 	16.554 	1.275 	0.000 	bed	
2025-07-20 12:55:40,676 - AdaPoinTr - INFO - 04256520	635	0.305 	14.125 	0.763 	0.000 	sofa	
2025-07-20 12:55:40,676 - AdaPoinTr - INFO - 04379243	1687	0.391 	12.656 	0.777 	0.000 	table	
2025-07-20 12:55:40,676 - AdaPoinTr - INFO - 02747177	69	0.199 	17.537 	1.164 	0.000 	trash bin	
2025-07-20 12:55:40,676 - AdaPoinTr - INFO - 03046257	131	0.321 	14.374 	0.859 	0.000 	clock	
2025-07-20 12:55:40,676 - AdaPoinTr - INFO - 04225987	31	0.560 	9.490 	0.368 	0.000 	skateboard	
2025-07-20 12:55:40,676 - AdaPoinTr - INFO - 03797390	43	0.202 	17.856 	1.213 	0.000 	mug	
2025-07-20 12:55:40,676 - AdaPoinTr - INFO - 03001627	1356	0.376 	13.474 	0.812 	0.000 	chair	
2025-07-20 12:55:40,676 - AdaPoinTr - INFO - 03691459	320	0.257 	17.107 	1.308 	0.000 	loudspeaker	
2025-07-20 12:55:40,676 - AdaPoinTr - INFO - 02942699	23	0.249 	19.163 	1.834 	0.000 	camera	
2025-07-20 12:55:40,676 - AdaPoinTr - INFO - 03636649	464	0.535 	12.973 	1.198 	0.000 	lamp	
2025-07-20 12:55:40,676 - AdaPoinTr - INFO - 02691156	809	0.581 	9.457 	0.398 	0.000 	airplane	
2025-07-20 12:55:40,676 - AdaPoinTr - INFO - 02773838	17	0.368 	12.961 	0.712 	0.000 	bag	
2025-07-20 12:55:40,676 - AdaPoinTr - INFO - 02958343	703	0.227 	15.985 	0.910 	0.000 	car	
2025-07-20 12:55:40,676 - AdaPoinTr - INFO - 02880940	38	0.242 	15.495 	0.872 	0.000 	bowl	
2025-07-20 12:55:40,676 - AdaPoinTr - INFO - 04099429	17	0.713 	9.285 	0.604 	0.000 	rocket	
2025-07-20 12:55:40,676 - AdaPoinTr - INFO - 02828884	363	0.447 	11.008 	0.532 	0.000 	bench	
2025-07-20 12:55:40,676 - AdaPoinTr - INFO - 04090263	475	0.696 	8.441 	0.406 	0.000 	rifle	
2025-07-20 12:55:40,676 - AdaPoinTr - INFO - 03211117	219	0.357 	13.183 	0.744 	0.000 	display	
2025-07-20 12:55:40,676 - AdaPoinTr - INFO - 02876657	100	0.430 	12.256 	0.692 	0.000 	bottle	
2025-07-20 12:55:40,676 - AdaPoinTr - INFO - 03710193	19	0.523 	12.920 	1.126 	0.000 	mailbox	
2025-07-20 12:55:40,676 - AdaPoinTr - INFO - 03790512	68	0.261 	16.659 	1.167 	0.000 	motorbike	
2025-07-20 12:55:40,676 - AdaPoinTr - INFO - 03325088	149	0.467 	14.133 	1.202 	0.000 	faucet	
2025-07-20 12:55:40,676 - AdaPoinTr - INFO - 02801938	23	0.232 	16.384 	1.025 	0.000 	basket	
2025-07-20 12:55:40,676 - AdaPoinTr - INFO - 03337140	60	0.246 	15.902 	0.974 	0.000 	file cabinet	
2025-07-20 12:55:40,676 - AdaPoinTr - INFO - 02843684	15	0.240 	19.826 	1.878 	0.000 	birdhouse	
2025-07-20 12:55:40,676 - AdaPoinTr - INFO - 03624134	85	0.785 	7.015 	0.234 	0.000 	knife	
2025-07-20 12:55:40,676 - AdaPoinTr - INFO - 03991062	121	0.237 	18.806 	1.569 	0.000 	flowerpot	
2025-07-20 12:55:40,676 - AdaPoinTr - INFO - 03948459	62	0.473 	11.593 	0.617 	0.000 	pistol	
2025-07-20 12:55:40,676 - AdaPoinTr - INFO - 03928116	48	0.299 	15.267 	1.041 	0.000 	piano	
2025-07-20 12:55:40,676 - AdaPoinTr - INFO - 03207941	19	0.249 	14.898 	0.791 	0.000 	dishwasher	
2025-07-20 12:55:40,676 - AdaPoinTr - INFO - 04074963	14	0.468 	10.488 	0.418 	0.000 	remote	
2025-07-20 12:55:40,676 - AdaPoinTr - INFO - 03085013	13	0.449 	9.941 	0.336 	0.000 	keyboard	
2025-07-20 12:55:40,676 - AdaPoinTr - INFO - Overall		0.373 	14.046 	0.926 	0.000 	
2025-07-20 12:55:41,128 - AdaPoinTr - INFO - Save checkpoint at ./experiments/AdaPoinTr/ShapeNet55_models/AdaPoinTr/ckpt-best.pth
2025-07-20 12:55:41,531 - AdaPoinTr - INFO - Save checkpoint at ./experiments/AdaPoinTr/ShapeNet55_models/AdaPoinTr/ckpt-last.pth
2025-07-20 12:55:42,332 - AdaPoinTr - INFO - [Epoch 86/200][Batch 1/2622] BatchTime = 0.799 (s) DataTime = 0.090 (s) Losses = ['5.2084', '41.0512'] lr = 0.0000155
2025-07-20 12:56:54,129 - AdaPoinTr - INFO - [Epoch 86/200][Batch 101/2622] BatchTime = 0.709 (s) DataTime = 0.001 (s) Losses = ['5.0051', '39.7675'] lr = 0.0000155
2025-07-20 12:58:05,978 - AdaPoinTr - INFO - [Epoch 86/200][Batch 201/2622] BatchTime = 0.706 (s) DataTime = 0.001 (s) Losses = ['4.9702', '37.8881'] lr = 0.0000155
2025-07-20 12:59:17,754 - AdaPoinTr - INFO - [Epoch 86/200][Batch 301/2622] BatchTime = 0.715 (s) DataTime = 0.001 (s) Losses = ['5.6558', '42.8344'] lr = 0.0000155
2025-07-20 13:00:29,572 - AdaPoinTr - INFO - [Epoch 86/200][Batch 401/2622] BatchTime = 0.715 (s) DataTime = 0.001 (s) Losses = ['5.6389', '40.9260'] lr = 0.0000155
2025-07-20 13:01:41,414 - AdaPoinTr - INFO - [Epoch 86/200][Batch 501/2622] BatchTime = 0.713 (s) DataTime = 0.001 (s) Losses = ['5.8731', '43.2555'] lr = 0.0000155
2025-07-20 13:02:53,216 - AdaPoinTr - INFO - [Epoch 86/200][Batch 601/2622] BatchTime = 0.717 (s) DataTime = 0.001 (s) Losses = ['5.5011', '42.1995'] lr = 0.0000155
2025-07-20 13:04:05,012 - AdaPoinTr - INFO - [Epoch 86/200][Batch 701/2622] BatchTime = 0.714 (s) DataTime = 0.001 (s) Losses = ['4.6111', '33.3021'] lr = 0.0000155
2025-07-20 13:05:16,820 - AdaPoinTr - INFO - [Epoch 86/200][Batch 801/2622] BatchTime = 0.709 (s) DataTime = 0.001 (s) Losses = ['4.7212', '36.8253'] lr = 0.0000155
2025-07-20 13:06:28,649 - AdaPoinTr - INFO - [Epoch 86/200][Batch 901/2622] BatchTime = 0.710 (s) DataTime = 0.001 (s) Losses = ['6.0444', '48.0735'] lr = 0.0000155
2025-07-20 13:07:40,455 - AdaPoinTr - INFO - [Epoch 86/200][Batch 1001/2622] BatchTime = 0.707 (s) DataTime = 0.001 (s) Losses = ['5.5748', '41.1361'] lr = 0.0000155
2025-07-20 13:08:52,269 - AdaPoinTr - INFO - [Epoch 86/200][Batch 1101/2622] BatchTime = 0.716 (s) DataTime = 0.001 (s) Losses = ['5.3954', '38.9586'] lr = 0.0000155
2025-07-20 13:10:04,085 - AdaPoinTr - INFO - [Epoch 86/200][Batch 1201/2622] BatchTime = 0.716 (s) DataTime = 0.001 (s) Losses = ['5.3636', '42.2002'] lr = 0.0000155
2025-07-20 13:11:15,915 - AdaPoinTr - INFO - [Epoch 86/200][Batch 1301/2622] BatchTime = 0.714 (s) DataTime = 0.001 (s) Losses = ['5.5793', '40.7264'] lr = 0.0000155
2025-07-20 13:12:27,748 - AdaPoinTr - INFO - [Epoch 86/200][Batch 1401/2622] BatchTime = 0.717 (s) DataTime = 0.001 (s) Losses = ['4.9012', '35.5367'] lr = 0.0000155
2025-07-20 13:13:39,544 - AdaPoinTr - INFO - [Epoch 86/200][Batch 1501/2622] BatchTime = 0.719 (s) DataTime = 0.001 (s) Losses = ['5.4966', '42.5372'] lr = 0.0000155
2025-07-20 13:14:51,377 - AdaPoinTr - INFO - [Epoch 86/200][Batch 1601/2622] BatchTime = 0.715 (s) DataTime = 0.001 (s) Losses = ['5.6227', '40.2653'] lr = 0.0000155
2025-07-20 13:16:03,153 - AdaPoinTr - INFO - [Epoch 86/200][Batch 1701/2622] BatchTime = 0.708 (s) DataTime = 0.001 (s) Losses = ['5.5904', '41.1182'] lr = 0.0000155
2025-07-20 13:17:14,974 - AdaPoinTr - INFO - [Epoch 86/200][Batch 1801/2622] BatchTime = 0.712 (s) DataTime = 0.001 (s) Losses = ['5.4085', '41.3618'] lr = 0.0000155
2025-07-20 13:18:26,818 - AdaPoinTr - INFO - [Epoch 86/200][Batch 1901/2622] BatchTime = 0.713 (s) DataTime = 0.001 (s) Losses = ['5.2211', '38.4497'] lr = 0.0000155
2025-07-20 13:19:38,607 - AdaPoinTr - INFO - [Epoch 86/200][Batch 2001/2622] BatchTime = 0.714 (s) DataTime = 0.001 (s) Losses = ['5.8502', '44.7409'] lr = 0.0000155
2025-07-20 13:20:50,406 - AdaPoinTr - INFO - [Epoch 86/200][Batch 2101/2622] BatchTime = 0.719 (s) DataTime = 0.001 (s) Losses = ['5.6996', '48.3498'] lr = 0.0000155
2025-07-20 13:22:02,168 - AdaPoinTr - INFO - [Epoch 86/200][Batch 2201/2622] BatchTime = 0.708 (s) DataTime = 0.001 (s) Losses = ['5.0410', '38.8274'] lr = 0.0000155
2025-07-20 13:23:14,012 - AdaPoinTr - INFO - [Epoch 86/200][Batch 2301/2622] BatchTime = 0.708 (s) DataTime = 0.001 (s) Losses = ['5.7299', '43.5637'] lr = 0.0000155
2025-07-20 13:24:25,823 - AdaPoinTr - INFO - [Epoch 86/200][Batch 2401/2622] BatchTime = 0.707 (s) DataTime = 0.001 (s) Losses = ['5.5794', '39.7808'] lr = 0.0000155
2025-07-20 13:25:37,610 - AdaPoinTr - INFO - [Epoch 86/200][Batch 2501/2622] BatchTime = 0.708 (s) DataTime = 0.001 (s) Losses = ['5.6266', '40.1012'] lr = 0.0000155
2025-07-20 13:26:49,113 - AdaPoinTr - INFO - [Epoch 86/200][Batch 2601/2622] BatchTime = 0.718 (s) DataTime = 0.001 (s) Losses = ['5.1688', '39.6006'] lr = 0.0000155
2025-07-20 13:27:04,229 - AdaPoinTr - INFO - [Training] EPOCH: 86 EpochTime = 1882.697 (s) Losses = ['5.3281', '40.6470']
2025-07-20 13:27:04,816 - AdaPoinTr - INFO - Save checkpoint at ./experiments/AdaPoinTr/ShapeNet55_models/AdaPoinTr/ckpt-last.pth
2025-07-20 13:27:05,618 - AdaPoinTr - INFO - [Epoch 87/200][Batch 1/2622] BatchTime = 0.800 (s) DataTime = 0.090 (s) Losses = ['5.4818', '39.5941'] lr = 0.0000152
2025-07-20 13:28:17,425 - AdaPoinTr - INFO - [Epoch 87/200][Batch 101/2622] BatchTime = 0.704 (s) DataTime = 0.001 (s) Losses = ['5.8429', '46.4375'] lr = 0.0000152
2025-07-20 13:29:29,259 - AdaPoinTr - INFO - [Epoch 87/200][Batch 201/2622] BatchTime = 0.709 (s) DataTime = 0.001 (s) Losses = ['5.6374', '43.4588'] lr = 0.0000152
2025-07-20 13:30:41,086 - AdaPoinTr - INFO - [Epoch 87/200][Batch 301/2622] BatchTime = 0.717 (s) DataTime = 0.001 (s) Losses = ['4.8634', '36.6544'] lr = 0.0000152
2025-07-20 13:31:52,954 - AdaPoinTr - INFO - [Epoch 87/200][Batch 401/2622] BatchTime = 0.716 (s) DataTime = 0.001 (s) Losses = ['4.9014', '44.2868'] lr = 0.0000152
2025-07-20 13:33:04,749 - AdaPoinTr - INFO - [Epoch 87/200][Batch 501/2622] BatchTime = 0.716 (s) DataTime = 0.001 (s) Losses = ['4.9563', '38.6283'] lr = 0.0000152
2025-07-20 13:34:16,587 - AdaPoinTr - INFO - [Epoch 87/200][Batch 601/2622] BatchTime = 0.720 (s) DataTime = 0.001 (s) Losses = ['5.5348', '41.9678'] lr = 0.0000152
2025-07-20 13:35:28,409 - AdaPoinTr - INFO - [Epoch 87/200][Batch 701/2622] BatchTime = 0.716 (s) DataTime = 0.001 (s) Losses = ['5.4018', '46.5916'] lr = 0.0000152
2025-07-20 13:36:40,236 - AdaPoinTr - INFO - [Epoch 87/200][Batch 801/2622] BatchTime = 0.715 (s) DataTime = 0.001 (s) Losses = ['4.6801', '41.3975'] lr = 0.0000152
2025-07-20 13:37:52,034 - AdaPoinTr - INFO - [Epoch 87/200][Batch 901/2622] BatchTime = 0.705 (s) DataTime = 0.001 (s) Losses = ['5.4513', '38.7027'] lr = 0.0000152
2025-07-20 13:39:03,837 - AdaPoinTr - INFO - [Epoch 87/200][Batch 1001/2622] BatchTime = 0.709 (s) DataTime = 0.001 (s) Losses = ['5.8167', '48.0206'] lr = 0.0000152
2025-07-20 13:40:15,649 - AdaPoinTr - INFO - [Epoch 87/200][Batch 1101/2622] BatchTime = 0.714 (s) DataTime = 0.001 (s) Losses = ['4.9128', '38.6536'] lr = 0.0000152
2025-07-20 13:41:27,437 - AdaPoinTr - INFO - [Epoch 87/200][Batch 1201/2622] BatchTime = 0.717 (s) DataTime = 0.001 (s) Losses = ['5.5591', '43.5235'] lr = 0.0000152
2025-07-20 13:42:39,260 - AdaPoinTr - INFO - [Epoch 87/200][Batch 1301/2622] BatchTime = 0.719 (s) DataTime = 0.001 (s) Losses = ['5.3442', '43.0179'] lr = 0.0000152
2025-07-20 13:43:51,063 - AdaPoinTr - INFO - [Epoch 87/200][Batch 1401/2622] BatchTime = 0.713 (s) DataTime = 0.001 (s) Losses = ['5.7701', '41.8386'] lr = 0.0000152
2025-07-20 13:45:02,851 - AdaPoinTr - INFO - [Epoch 87/200][Batch 1501/2622] BatchTime = 0.708 (s) DataTime = 0.001 (s) Losses = ['4.6553', '39.2689'] lr = 0.0000152
2025-07-20 13:46:14,701 - AdaPoinTr - INFO - [Epoch 87/200][Batch 1601/2622] BatchTime = 0.709 (s) DataTime = 0.001 (s) Losses = ['5.1425', '38.9011'] lr = 0.0000152
2025-07-20 13:47:26,495 - AdaPoinTr - INFO - [Epoch 87/200][Batch 1701/2622] BatchTime = 0.707 (s) DataTime = 0.001 (s) Losses = ['4.9393', '36.7484'] lr = 0.0000152
2025-07-20 13:48:38,292 - AdaPoinTr - INFO - [Epoch 87/200][Batch 1801/2622] BatchTime = 0.714 (s) DataTime = 0.001 (s) Losses = ['5.4224', '38.2796'] lr = 0.0000152
2025-07-20 13:49:50,158 - AdaPoinTr - INFO - [Epoch 87/200][Batch 1901/2622] BatchTime = 0.716 (s) DataTime = 0.001 (s) Losses = ['4.7812', '39.0957'] lr = 0.0000152
2025-07-20 13:51:01,995 - AdaPoinTr - INFO - [Epoch 87/200][Batch 2001/2622] BatchTime = 0.716 (s) DataTime = 0.001 (s) Losses = ['5.7282', '43.0585'] lr = 0.0000152
2025-07-20 13:52:13,848 - AdaPoinTr - INFO - [Epoch 87/200][Batch 2101/2622] BatchTime = 0.718 (s) DataTime = 0.001 (s) Losses = ['4.9543', '37.2795'] lr = 0.0000152
2025-07-20 13:53:25,633 - AdaPoinTr - INFO - [Epoch 87/200][Batch 2201/2622] BatchTime = 0.714 (s) DataTime = 0.001 (s) Losses = ['5.6102', '42.2763'] lr = 0.0000152
2025-07-20 13:54:37,472 - AdaPoinTr - INFO - [Epoch 87/200][Batch 2301/2622] BatchTime = 0.710 (s) DataTime = 0.001 (s) Losses = ['5.1386', '39.6605'] lr = 0.0000152
2025-07-20 13:55:49,319 - AdaPoinTr - INFO - [Epoch 87/200][Batch 2401/2622] BatchTime = 0.708 (s) DataTime = 0.001 (s) Losses = ['5.7022', '42.3472'] lr = 0.0000152
2025-07-20 13:57:01,104 - AdaPoinTr - INFO - [Epoch 87/200][Batch 2501/2622] BatchTime = 0.710 (s) DataTime = 0.001 (s) Losses = ['5.1602', '44.1197'] lr = 0.0000152
2025-07-20 13:58:12,939 - AdaPoinTr - INFO - [Epoch 87/200][Batch 2601/2622] BatchTime = 0.718 (s) DataTime = 0.001 (s) Losses = ['5.3533', '41.3120'] lr = 0.0000152
2025-07-20 13:58:28,071 - AdaPoinTr - INFO - [Training] EPOCH: 87 EpochTime = 1883.253 (s) Losses = ['5.3133', '40.5856']
2025-07-20 13:58:28,526 - AdaPoinTr - INFO - Save checkpoint at ./experiments/AdaPoinTr/ShapeNet55_models/AdaPoinTr/ckpt-last.pth
2025-07-20 13:58:29,332 - AdaPoinTr - INFO - [Epoch 88/200][Batch 1/2622] BatchTime = 0.804 (s) DataTime = 0.092 (s) Losses = ['5.8048', '45.1901'] lr = 0.0000148
2025-07-20 13:59:41,155 - AdaPoinTr - INFO - [Epoch 88/200][Batch 101/2622] BatchTime = 0.717 (s) DataTime = 0.001 (s) Losses = ['5.3980', '40.3157'] lr = 0.0000148
2025-07-20 14:00:52,971 - AdaPoinTr - INFO - [Epoch 88/200][Batch 201/2622] BatchTime = 0.723 (s) DataTime = 0.001 (s) Losses = ['4.6166', '37.1128'] lr = 0.0000148
2025-07-20 14:02:04,790 - AdaPoinTr - INFO - [Epoch 88/200][Batch 301/2622] BatchTime = 0.720 (s) DataTime = 0.001 (s) Losses = ['5.4195', '42.4427'] lr = 0.0000148
2025-07-20 14:03:16,592 - AdaPoinTr - INFO - [Epoch 88/200][Batch 401/2622] BatchTime = 0.716 (s) DataTime = 0.001 (s) Losses = ['4.8489', '38.6228'] lr = 0.0000148
2025-07-20 14:04:28,404 - AdaPoinTr - INFO - [Epoch 88/200][Batch 501/2622] BatchTime = 0.708 (s) DataTime = 0.001 (s) Losses = ['5.7617', '46.7287'] lr = 0.0000148
2025-07-20 14:05:40,235 - AdaPoinTr - INFO - [Epoch 88/200][Batch 601/2622] BatchTime = 0.709 (s) DataTime = 0.001 (s) Losses = ['5.6037', '40.4536'] lr = 0.0000148
2025-07-20 14:06:52,059 - AdaPoinTr - INFO - [Epoch 88/200][Batch 701/2622] BatchTime = 0.711 (s) DataTime = 0.001 (s) Losses = ['5.1353', '39.7204'] lr = 0.0000148
2025-07-20 14:08:03,848 - AdaPoinTr - INFO - [Epoch 88/200][Batch 801/2622] BatchTime = 0.713 (s) DataTime = 0.001 (s) Losses = ['5.9904', '44.8088'] lr = 0.0000148
2025-07-20 14:09:15,663 - AdaPoinTr - INFO - [Epoch 88/200][Batch 901/2622] BatchTime = 0.718 (s) DataTime = 0.001 (s) Losses = ['5.2227', '38.8403'] lr = 0.0000148
2025-07-20 14:10:27,505 - AdaPoinTr - INFO - [Epoch 88/200][Batch 1001/2622] BatchTime = 0.718 (s) DataTime = 0.001 (s) Losses = ['5.3160', '41.1860'] lr = 0.0000148
2025-07-20 14:11:39,374 - AdaPoinTr - INFO - [Epoch 88/200][Batch 1101/2622] BatchTime = 0.718 (s) DataTime = 0.001 (s) Losses = ['4.5542', '33.7179'] lr = 0.0000148
2025-07-20 14:12:51,215 - AdaPoinTr - INFO - [Epoch 88/200][Batch 1201/2622] BatchTime = 0.717 (s) DataTime = 0.001 (s) Losses = ['5.6734', '42.6934'] lr = 0.0000148
2025-07-20 14:14:03,037 - AdaPoinTr - INFO - [Epoch 88/200][Batch 1301/2622] BatchTime = 0.712 (s) DataTime = 0.001 (s) Losses = ['5.0235', '41.4126'] lr = 0.0000148
2025-07-20 14:15:14,875 - AdaPoinTr - INFO - [Epoch 88/200][Batch 1401/2622] BatchTime = 0.711 (s) DataTime = 0.001 (s) Losses = ['4.8891', '36.2724'] lr = 0.0000148
2025-07-20 14:16:26,377 - AdaPoinTr - INFO - [Epoch 88/200][Batch 1501/2622] BatchTime = 0.714 (s) DataTime = 0.001 (s) Losses = ['5.1499', '40.3615'] lr = 0.0000148
2025-07-20 14:17:38,223 - AdaPoinTr - INFO - [Epoch 88/200][Batch 1601/2622] BatchTime = 0.713 (s) DataTime = 0.001 (s) Losses = ['5.3032', '38.1354'] lr = 0.0000148
2025-07-20 14:18:50,015 - AdaPoinTr - INFO - [Epoch 88/200][Batch 1701/2622] BatchTime = 0.720 (s) DataTime = 0.001 (s) Losses = ['5.1843', '37.9444'] lr = 0.0000148
2025-07-20 14:20:01,804 - AdaPoinTr - INFO - [Epoch 88/200][Batch 1801/2622] BatchTime = 0.715 (s) DataTime = 0.001 (s) Losses = ['4.8061', '40.1258'] lr = 0.0000148
2025-07-20 14:21:13,631 - AdaPoinTr - INFO - [Epoch 88/200][Batch 1901/2622] BatchTime = 0.713 (s) DataTime = 0.001 (s) Losses = ['4.5296', '33.4137'] lr = 0.0000148
2025-07-20 14:22:25,454 - AdaPoinTr - INFO - [Epoch 88/200][Batch 2001/2622] BatchTime = 0.710 (s) DataTime = 0.001 (s) Losses = ['5.8487', '43.0646'] lr = 0.0000148
2025-07-20 14:23:37,229 - AdaPoinTr - INFO - [Epoch 88/200][Batch 2101/2622] BatchTime = 0.703 (s) DataTime = 0.001 (s) Losses = ['6.0384', '40.5618'] lr = 0.0000148
2025-07-20 14:24:49,038 - AdaPoinTr - INFO - [Epoch 88/200][Batch 2201/2622] BatchTime = 0.714 (s) DataTime = 0.001 (s) Losses = ['5.4368', '44.4940'] lr = 0.0000148
2025-07-20 14:26:00,842 - AdaPoinTr - INFO - [Epoch 88/200][Batch 2301/2622] BatchTime = 0.716 (s) DataTime = 0.001 (s) Losses = ['5.4372', '39.6477'] lr = 0.0000148
2025-07-20 14:27:12,681 - AdaPoinTr - INFO - [Epoch 88/200][Batch 2401/2622] BatchTime = 0.717 (s) DataTime = 0.001 (s) Losses = ['5.0852', '40.4680'] lr = 0.0000148
2025-07-20 14:28:24,522 - AdaPoinTr - INFO - [Epoch 88/200][Batch 2501/2622] BatchTime = 0.718 (s) DataTime = 0.001 (s) Losses = ['5.3409', '40.1141'] lr = 0.0000148
2025-07-20 14:29:36,331 - AdaPoinTr - INFO - [Epoch 88/200][Batch 2601/2622] BatchTime = 0.718 (s) DataTime = 0.001 (s) Losses = ['6.0357', '39.7129'] lr = 0.0000148
2025-07-20 14:29:51,441 - AdaPoinTr - INFO - [Training] EPOCH: 88 EpochTime = 1882.914 (s) Losses = ['5.3224', '40.5853']
2025-07-20 14:29:51,902 - AdaPoinTr - INFO - Save checkpoint at ./experiments/AdaPoinTr/ShapeNet55_models/AdaPoinTr/ckpt-last.pth
2025-07-20 14:29:52,707 - AdaPoinTr - INFO - [Epoch 89/200][Batch 1/2622] BatchTime = 0.805 (s) DataTime = 0.090 (s) Losses = ['5.0128', '40.1811'] lr = 0.0000145
2025-07-20 14:31:04,519 - AdaPoinTr - INFO - [Epoch 89/200][Batch 101/2622] BatchTime = 0.716 (s) DataTime = 0.001 (s) Losses = ['4.9007', '36.6988'] lr = 0.0000145
2025-07-20 14:32:16,348 - AdaPoinTr - INFO - [Epoch 89/200][Batch 201/2622] BatchTime = 0.718 (s) DataTime = 0.001 (s) Losses = ['5.2925', '37.9990'] lr = 0.0000145
2025-07-20 14:33:28,183 - AdaPoinTr - INFO - [Epoch 89/200][Batch 301/2622] BatchTime = 0.712 (s) DataTime = 0.001 (s) Losses = ['5.3559', '40.8287'] lr = 0.0000145
2025-07-20 14:34:40,004 - AdaPoinTr - INFO - [Epoch 89/200][Batch 401/2622] BatchTime = 0.708 (s) DataTime = 0.001 (s) Losses = ['6.3221', '47.2635'] lr = 0.0000145
2025-07-20 14:35:51,873 - AdaPoinTr - INFO - [Epoch 89/200][Batch 501/2622] BatchTime = 0.713 (s) DataTime = 0.001 (s) Losses = ['5.5048', '38.5789'] lr = 0.0000145
2025-07-20 14:37:03,667 - AdaPoinTr - INFO - [Epoch 89/200][Batch 601/2622] BatchTime = 0.705 (s) DataTime = 0.001 (s) Losses = ['4.5221', '35.8211'] lr = 0.0000145
2025-07-20 14:38:15,488 - AdaPoinTr - INFO - [Epoch 89/200][Batch 701/2622] BatchTime = 0.712 (s) DataTime = 0.001 (s) Losses = ['5.9350', '48.0105'] lr = 0.0000145
2025-07-20 14:39:27,304 - AdaPoinTr - INFO - [Epoch 89/200][Batch 801/2622] BatchTime = 0.719 (s) DataTime = 0.001 (s) Losses = ['5.2997', '40.3109'] lr = 0.0000145
2025-07-20 14:40:39,092 - AdaPoinTr - INFO - [Epoch 89/200][Batch 901/2622] BatchTime = 0.715 (s) DataTime = 0.001 (s) Losses = ['5.2433', '43.4201'] lr = 0.0000145
2025-07-20 14:41:50,896 - AdaPoinTr - INFO - [Epoch 89/200][Batch 1001/2622] BatchTime = 0.714 (s) DataTime = 0.001 (s) Losses = ['5.1428', '37.9629'] lr = 0.0000145
2025-07-20 14:43:02,686 - AdaPoinTr - INFO - [Epoch 89/200][Batch 1101/2622] BatchTime = 0.715 (s) DataTime = 0.001 (s) Losses = ['5.1840', '42.7431'] lr = 0.0000145
2025-07-20 14:44:14,470 - AdaPoinTr - INFO - [Epoch 89/200][Batch 1201/2622] BatchTime = 0.705 (s) DataTime = 0.001 (s) Losses = ['5.4470', '41.8095'] lr = 0.0000145
2025-07-20 14:45:26,306 - AdaPoinTr - INFO - [Epoch 89/200][Batch 1301/2622] BatchTime = 0.710 (s) DataTime = 0.001 (s) Losses = ['5.3326', '43.9530'] lr = 0.0000145
2025-07-20 14:46:38,124 - AdaPoinTr - INFO - [Epoch 89/200][Batch 1401/2622] BatchTime = 0.712 (s) DataTime = 0.001 (s) Losses = ['5.1650', '43.5200'] lr = 0.0000145
2025-07-20 14:47:49,957 - AdaPoinTr - INFO - [Epoch 89/200][Batch 1501/2622] BatchTime = 0.712 (s) DataTime = 0.001 (s) Losses = ['5.8492', '43.3619'] lr = 0.0000145
2025-07-20 14:49:01,739 - AdaPoinTr - INFO - [Epoch 89/200][Batch 1601/2622] BatchTime = 0.711 (s) DataTime = 0.001 (s) Losses = ['5.9198', '40.9560'] lr = 0.0000145
2025-07-20 14:50:13,563 - AdaPoinTr - INFO - [Epoch 89/200][Batch 1701/2622] BatchTime = 0.720 (s) DataTime = 0.001 (s) Losses = ['4.4971', '33.8283'] lr = 0.0000145
2025-07-20 14:51:25,376 - AdaPoinTr - INFO - [Epoch 89/200][Batch 1801/2622] BatchTime = 0.712 (s) DataTime = 0.001 (s) Losses = ['4.5742', '38.4308'] lr = 0.0000145
2025-07-20 14:52:37,207 - AdaPoinTr - INFO - [Epoch 89/200][Batch 1901/2622] BatchTime = 0.707 (s) DataTime = 0.001 (s) Losses = ['4.9037', '35.2970'] lr = 0.0000145
2025-07-20 14:53:49,030 - AdaPoinTr - INFO - [Epoch 89/200][Batch 2001/2622] BatchTime = 0.705 (s) DataTime = 0.001 (s) Losses = ['4.9781', '42.4039'] lr = 0.0000145
2025-07-20 14:55:00,814 - AdaPoinTr - INFO - [Epoch 89/200][Batch 2101/2622] BatchTime = 0.716 (s) DataTime = 0.001 (s) Losses = ['5.0025', '35.7531'] lr = 0.0000145
2025-07-20 14:56:12,586 - AdaPoinTr - INFO - [Epoch 89/200][Batch 2201/2622] BatchTime = 0.716 (s) DataTime = 0.001 (s) Losses = ['5.1421', '39.6029'] lr = 0.0000145
2025-07-20 14:57:24,382 - AdaPoinTr - INFO - [Epoch 89/200][Batch 2301/2622] BatchTime = 0.713 (s) DataTime = 0.001 (s) Losses = ['5.4122', '45.0483'] lr = 0.0000145
2025-07-20 14:58:36,208 - AdaPoinTr - INFO - [Epoch 89/200][Batch 2401/2622] BatchTime = 0.709 (s) DataTime = 0.001 (s) Losses = ['5.3596', '41.7924'] lr = 0.0000145
2025-07-20 14:59:48,040 - AdaPoinTr - INFO - [Epoch 89/200][Batch 2501/2622] BatchTime = 0.709 (s) DataTime = 0.001 (s) Losses = ['5.8465', '42.9458'] lr = 0.0000145
2025-07-20 15:00:59,843 - AdaPoinTr - INFO - [Epoch 89/200][Batch 2601/2622] BatchTime = 0.704 (s) DataTime = 0.001 (s) Losses = ['5.0804', '39.5693'] lr = 0.0000145
2025-07-20 15:01:14,944 - AdaPoinTr - INFO - [Training] EPOCH: 89 EpochTime = 1883.041 (s) Losses = ['5.2957', '40.4944']
2025-07-20 15:01:15,404 - AdaPoinTr - INFO - Save checkpoint at ./experiments/AdaPoinTr/ShapeNet55_models/AdaPoinTr/ckpt-last.pth
2025-07-20 15:01:16,202 - AdaPoinTr - INFO - [Epoch 90/200][Batch 1/2622] BatchTime = 0.798 (s) DataTime = 0.090 (s) Losses = ['5.7293', '43.0670'] lr = 0.0000142
2025-07-20 15:02:28,017 - AdaPoinTr - INFO - [Epoch 90/200][Batch 101/2622] BatchTime = 0.708 (s) DataTime = 0.001 (s) Losses = ['5.1708', '38.7937'] lr = 0.0000142
2025-07-20 15:03:39,866 - AdaPoinTr - INFO - [Epoch 90/200][Batch 201/2622] BatchTime = 0.716 (s) DataTime = 0.001 (s) Losses = ['5.7776', '43.7563'] lr = 0.0000142
2025-07-20 15:04:51,678 - AdaPoinTr - INFO - [Epoch 90/200][Batch 301/2622] BatchTime = 0.718 (s) DataTime = 0.001 (s) Losses = ['5.5862', '38.9524'] lr = 0.0000142
2025-07-20 15:06:03,119 - AdaPoinTr - INFO - [Epoch 90/200][Batch 401/2622] BatchTime = 0.713 (s) DataTime = 0.001 (s) Losses = ['4.7686', '36.3960'] lr = 0.0000142
2025-07-20 15:07:14,937 - AdaPoinTr - INFO - [Epoch 90/200][Batch 501/2622] BatchTime = 0.710 (s) DataTime = 0.001 (s) Losses = ['4.9607', '35.9764'] lr = 0.0000142
2025-07-20 15:08:26,750 - AdaPoinTr - INFO - [Epoch 90/200][Batch 601/2622] BatchTime = 0.707 (s) DataTime = 0.001 (s) Losses = ['5.4032', '42.0804'] lr = 0.0000142
2025-07-20 15:09:38,570 - AdaPoinTr - INFO - [Epoch 90/200][Batch 701/2622] BatchTime = 0.707 (s) DataTime = 0.001 (s) Losses = ['5.1967', '38.8422'] lr = 0.0000142
2025-07-20 15:10:50,408 - AdaPoinTr - INFO - [Epoch 90/200][Batch 801/2622] BatchTime = 0.705 (s) DataTime = 0.001 (s) Losses = ['5.0677', '37.8607'] lr = 0.0000142
2025-07-20 15:12:02,235 - AdaPoinTr - INFO - [Epoch 90/200][Batch 901/2622] BatchTime = 0.713 (s) DataTime = 0.001 (s) Losses = ['5.1961', '40.8752'] lr = 0.0000142
2025-07-20 15:13:14,086 - AdaPoinTr - INFO - [Epoch 90/200][Batch 1001/2622] BatchTime = 0.714 (s) DataTime = 0.001 (s) Losses = ['5.3706', '40.7316'] lr = 0.0000142
2025-07-20 15:14:25,922 - AdaPoinTr - INFO - [Epoch 90/200][Batch 1101/2622] BatchTime = 0.718 (s) DataTime = 0.001 (s) Losses = ['5.1151', '38.5529'] lr = 0.0000142
2025-07-20 15:15:37,789 - AdaPoinTr - INFO - [Epoch 90/200][Batch 1201/2622] BatchTime = 0.716 (s) DataTime = 0.001 (s) Losses = ['5.7610', '44.4330'] lr = 0.0000142
2025-07-20 15:16:49,590 - AdaPoinTr - INFO - [Epoch 90/200][Batch 1301/2622] BatchTime = 0.720 (s) DataTime = 0.001 (s) Losses = ['5.1939', '43.0230'] lr = 0.0000142
2025-07-20 15:18:01,401 - AdaPoinTr - INFO - [Epoch 90/200][Batch 1401/2622] BatchTime = 0.712 (s) DataTime = 0.001 (s) Losses = ['5.5181', '41.0044'] lr = 0.0000142
2025-07-20 15:19:13,202 - AdaPoinTr - INFO - [Epoch 90/200][Batch 1501/2622] BatchTime = 0.706 (s) DataTime = 0.001 (s) Losses = ['5.2073', '37.2314'] lr = 0.0000142
2025-07-20 15:20:25,030 - AdaPoinTr - INFO - [Epoch 90/200][Batch 1601/2622] BatchTime = 0.703 (s) DataTime = 0.001 (s) Losses = ['4.8411', '35.9213'] lr = 0.0000142
2025-07-20 15:21:36,849 - AdaPoinTr - INFO - [Epoch 90/200][Batch 1701/2622] BatchTime = 0.709 (s) DataTime = 0.001 (s) Losses = ['5.0537', '41.8350'] lr = 0.0000142
2025-07-20 15:22:48,649 - AdaPoinTr - INFO - [Epoch 90/200][Batch 1801/2622] BatchTime = 0.715 (s) DataTime = 0.001 (s) Losses = ['5.6778', '41.2528'] lr = 0.0000142
2025-07-20 15:24:00,464 - AdaPoinTr - INFO - [Epoch 90/200][Batch 1901/2622] BatchTime = 0.716 (s) DataTime = 0.001 (s) Losses = ['5.2428', '40.0962'] lr = 0.0000142
2025-07-20 15:25:12,241 - AdaPoinTr - INFO - [Epoch 90/200][Batch 2001/2622] BatchTime = 0.710 (s) DataTime = 0.001 (s) Losses = ['5.3558', '40.4877'] lr = 0.0000142
2025-07-20 15:26:24,095 - AdaPoinTr - INFO - [Epoch 90/200][Batch 2101/2622] BatchTime = 0.711 (s) DataTime = 0.001 (s) Losses = ['4.9745', '38.5489'] lr = 0.0000142
2025-07-20 15:27:35,946 - AdaPoinTr - INFO - [Epoch 90/200][Batch 2201/2622] BatchTime = 0.713 (s) DataTime = 0.001 (s) Losses = ['4.6376', '35.5554'] lr = 0.0000142
2025-07-20 15:28:47,791 - AdaPoinTr - INFO - [Epoch 90/200][Batch 2301/2622] BatchTime = 0.707 (s) DataTime = 0.001 (s) Losses = ['5.6429', '42.0071'] lr = 0.0000142
2025-07-20 15:29:59,649 - AdaPoinTr - INFO - [Epoch 90/200][Batch 2401/2622] BatchTime = 0.710 (s) DataTime = 0.001 (s) Losses = ['4.5497', '34.6466'] lr = 0.0000142
2025-07-20 15:31:11,505 - AdaPoinTr - INFO - [Epoch 90/200][Batch 2501/2622] BatchTime = 0.713 (s) DataTime = 0.001 (s) Losses = ['6.2343', '46.0590'] lr = 0.0000142
2025-07-20 15:32:23,304 - AdaPoinTr - INFO - [Epoch 90/200][Batch 2601/2622] BatchTime = 0.715 (s) DataTime = 0.001 (s) Losses = ['5.2757', '43.2397'] lr = 0.0000142
2025-07-20 15:32:38,425 - AdaPoinTr - INFO - [Training] EPOCH: 90 EpochTime = 1883.021 (s) Losses = ['5.3108', '40.5152']
2025-07-20 15:32:38,426 - AdaPoinTr - INFO - [VALIDATION] Start validating epoch 90
2025-07-20 15:33:45,447 - AdaPoinTr - INFO - Test[1051/10518] Taxonomy = 02691156 Sample = c7749c0a8b61f43bc9b9e28055202e3d Losses = ['21.4209', '1.8415', '8.4560', '0.2229'] Metrics = ['0.5887', '8.4560', '0.2229', '0.0000']
2025-07-20 15:34:52,368 - AdaPoinTr - INFO - Test[2102/10518] Taxonomy = 03211117 Sample = ab2f9418c111cc6ddb965514105122a4 Losses = ['21.3213', '1.6299', '7.8028', '0.2122'] Metrics = ['0.6304', '7.8028', '0.2122', '0.0000']
2025-07-20 15:35:59,403 - AdaPoinTr - INFO - Test[3153/10518] Taxonomy = 02876657 Sample = c5032e4be091aabb36fe7a88df793982 Losses = ['41.5647', '7.4292', '19.5444', '1.6446'] Metrics = ['0.2756', '19.5444', '1.6446', '0.0000']
2025-07-20 15:37:06,394 - AdaPoinTr - INFO - Test[4204/10518] Taxonomy = 03211117 Sample = 722df1da5778d45b1e43523279c7f09f Losses = ['30.3256', '3.9589', '12.6728', '0.7643'] Metrics = ['0.4311', '12.6728', '0.7643', '0.0000']
2025-07-20 15:38:13,344 - AdaPoinTr - INFO - Test[5255/10518] Taxonomy = 02828884 Sample = 14b63361a48a9fffe4a048c146e8bd43 Losses = ['36.1996', '4.9201', '20.7229', '2.1342'] Metrics = ['0.3374', '20.7229', '2.1342', '0.0000']
2025-07-20 15:39:20,302 - AdaPoinTr - INFO - Test[6306/10518] Taxonomy = 03211117 Sample = d330d50a0255529d19ed6e1a590c9122 Losses = ['23.4522', '1.9183', '10.1254', '0.3322'] Metrics = ['0.4728', '10.1254', '0.3322', '0.0000']
2025-07-20 15:40:27,301 - AdaPoinTr - INFO - Test[7357/10518] Taxonomy = 04379243 Sample = b1ca280d9567270ade98d10ab5975b59 Losses = ['28.4564', '2.8240', '13.8382', '0.5731'] Metrics = ['0.2964', '13.8382', '0.5731', '0.0000']
2025-07-20 15:41:34,373 - AdaPoinTr - INFO - Test[8408/10518] Taxonomy = 03001627 Sample = 89208a619341d9fdb8c516ed5c4ce32 Losses = ['27.5551', '2.5868', '13.1637', '0.5434'] Metrics = ['0.3012', '13.1637', '0.5434', '0.0000']
2025-07-20 15:42:41,334 - AdaPoinTr - INFO - Test[9459/10518] Taxonomy = 03001627 Sample = d0255120e3351121c3bd24f986301745 Losses = ['35.0321', '4.4773', '15.8709', '0.8617'] Metrics = ['0.2441', '15.8709', '0.8617', '0.0000']
2025-07-20 15:43:48,262 - AdaPoinTr - INFO - Test[10510/10518] Taxonomy = 03636649 Sample = ea9ec4d9db2e06202471e6dd5ac3ef92 Losses = ['22.5057', '2.5912', '13.8988', '1.2964'] Metrics = ['0.6063', '13.8988', '1.2964', '0.0000']
2025-07-20 15:43:48,798 - AdaPoinTr - INFO - [Validation] EPOCH: 90  Metrics = ['0.3741', '13.9898', '0.9350', '0.0000']
2025-07-20 15:43:48,798 - AdaPoinTr - INFO - ============================ TEST RESULTS ============================
2025-07-20 15:43:48,798 - AdaPoinTr - INFO - Taxonomy	#Sample	F-Score	CDL1	CDL2	EMDistance	#ModelName	
2025-07-20 15:43:48,798 - AdaPoinTr - INFO - 03759954	14	0.573 	12.703 	1.149 	0.000 	microphone	
2025-07-20 15:43:48,798 - AdaPoinTr - INFO - 04330267	44	0.293 	16.128 	1.370 	0.000 	stove	
2025-07-20 15:43:48,798 - AdaPoinTr - INFO - 03261776	15	0.309 	18.851 	2.603 	0.000 	earphone	
2025-07-20 15:43:48,798 - AdaPoinTr - INFO - 03513137	33	0.224 	19.073 	1.771 	0.000 	helmet	
2025-07-20 15:43:48,798 - AdaPoinTr - INFO - 04460130	27	0.428 	13.729 	0.887 	0.000 	tower	
2025-07-20 15:43:48,798 - AdaPoinTr - INFO - 04468005	78	0.393 	12.595 	0.695 	0.000 	train	
2025-07-20 15:43:48,798 - AdaPoinTr - INFO - 03761084	31	0.245 	15.965 	0.971 	0.000 	microwaves	
2025-07-20 15:43:48,798 - AdaPoinTr - INFO - 04004475	34	0.278 	17.279 	1.584 	0.000 	printer	
2025-07-20 15:43:48,798 - AdaPoinTr - INFO - 03938244	20	0.318 	14.964 	1.024 	0.000 	pillow	
2025-07-20 15:43:48,798 - AdaPoinTr - INFO - 02992529	167	0.425 	10.848 	0.415 	0.000 	cellphone	
2025-07-20 15:43:48,798 - AdaPoinTr - INFO - 02808440	172	0.298 	14.668 	0.911 	0.000 	bathtub	
2025-07-20 15:43:48,798 - AdaPoinTr - INFO - 04530566	388	0.512 	11.083 	0.590 	0.000 	watercraft	
2025-07-20 15:43:48,798 - AdaPoinTr - INFO - 02871439	91	0.257 	15.956 	1.094 	0.000 	bookshelf	
2025-07-20 15:43:48,798 - AdaPoinTr - INFO - 03593526	120	0.272 	16.860 	1.241 	0.000 	jar	
2025-07-20 15:43:48,798 - AdaPoinTr - INFO - 04554684	34	0.231 	17.694 	1.401 	0.000 	washer	
2025-07-20 15:43:48,798 - AdaPoinTr - INFO - 03467517	160	0.824 	6.465 	0.195 	0.000 	guitar	
2025-07-20 15:43:48,798 - AdaPoinTr - INFO - 04401088	218	0.427 	10.778 	0.416 	0.000 	telephone	
2025-07-20 15:43:48,798 - AdaPoinTr - INFO - 02954340	12	0.313 	14.062 	0.807 	0.000 	cap	
2025-07-20 15:43:48,798 - AdaPoinTr - INFO - 02933112	315	0.244 	15.108 	0.830 	0.000 	cabinet	
2025-07-20 15:43:48,798 - AdaPoinTr - INFO - 03642806	92	0.391 	11.034 	0.403 	0.000 	laptop	
2025-07-20 15:43:48,798 - AdaPoinTr - INFO - 02924116	188	0.370 	12.428 	0.588 	0.000 	bus	
2025-07-20 15:43:48,798 - AdaPoinTr - INFO - 02946921	22	0.261 	15.296 	0.963 	0.000 	can	
2025-07-20 15:43:48,798 - AdaPoinTr - INFO - 02818832	47	0.288 	16.100 	1.150 	0.000 	bed	
2025-07-20 15:43:48,798 - AdaPoinTr - INFO - 04256520	635	0.304 	14.135 	0.750 	0.000 	sofa	
2025-07-20 15:43:48,798 - AdaPoinTr - INFO - 04379243	1687	0.392 	12.667 	0.752 	0.000 	table	
2025-07-20 15:43:48,798 - AdaPoinTr - INFO - 02747177	69	0.199 	17.607 	1.170 	0.000 	trash bin	
2025-07-20 15:43:48,798 - AdaPoinTr - INFO - 03046257	131	0.319 	14.520 	0.921 	0.000 	clock	
2025-07-20 15:43:48,798 - AdaPoinTr - INFO - 04225987	31	0.555 	9.814 	0.426 	0.000 	skateboard	
2025-07-20 15:43:48,798 - AdaPoinTr - INFO - 03797390	43	0.195 	18.616 	1.307 	0.000 	mug	
2025-07-20 15:43:48,798 - AdaPoinTr - INFO - 03001627	1356	0.375 	13.528 	0.834 	0.000 	chair	
2025-07-20 15:43:48,798 - AdaPoinTr - INFO - 03691459	320	0.259 	16.877 	1.234 	0.000 	loudspeaker	
2025-07-20 15:43:48,798 - AdaPoinTr - INFO - 02942699	23	0.247 	19.125 	1.912 	0.000 	camera	
2025-07-20 15:43:48,798 - AdaPoinTr - INFO - 03636649	464	0.539 	13.220 	1.300 	0.000 	lamp	
2025-07-20 15:43:48,798 - AdaPoinTr - INFO - 02691156	809	0.588 	9.264 	0.375 	0.000 	airplane	
2025-07-20 15:43:48,798 - AdaPoinTr - INFO - 02773838	17	0.350 	14.161 	0.950 	0.000 	bag	
2025-07-20 15:43:48,798 - AdaPoinTr - INFO - 02958343	703	0.227 	15.935 	0.894 	0.000 	car	
2025-07-20 15:43:48,798 - AdaPoinTr - INFO - 02880940	38	0.240 	15.566 	0.862 	0.000 	bowl	
2025-07-20 15:43:48,798 - AdaPoinTr - INFO - 04099429	17	0.733 	8.655 	0.463 	0.000 	rocket	
2025-07-20 15:43:48,798 - AdaPoinTr - INFO - 02828884	363	0.446 	11.075 	0.550 	0.000 	bench	
2025-07-20 15:43:48,798 - AdaPoinTr - INFO - 04090263	475	0.699 	8.375 	0.381 	0.000 	rifle	
2025-07-20 15:43:48,798 - AdaPoinTr - INFO - 03211117	219	0.356 	13.320 	0.797 	0.000 	display	
2025-07-20 15:43:48,798 - AdaPoinTr - INFO - 02876657	100	0.432 	12.350 	0.742 	0.000 	bottle	
2025-07-20 15:43:48,798 - AdaPoinTr - INFO - 03710193	19	0.548 	11.441 	0.718 	0.000 	mailbox	
2025-07-20 15:43:48,798 - AdaPoinTr - INFO - 03790512	68	0.263 	16.358 	1.092 	0.000 	motorbike	
2025-07-20 15:43:48,799 - AdaPoinTr - INFO - 03325088	149	0.467 	14.603 	1.453 	0.000 	faucet	
2025-07-20 15:43:48,799 - AdaPoinTr - INFO - 02801938	23	0.233 	16.366 	1.100 	0.000 	basket	
2025-07-20 15:43:48,799 - AdaPoinTr - INFO - 03337140	60	0.244 	16.303 	1.054 	0.000 	file cabinet	
2025-07-20 15:43:48,799 - AdaPoinTr - INFO - 02843684	15	0.248 	17.160 	1.104 	0.000 	birdhouse	
2025-07-20 15:43:48,799 - AdaPoinTr - INFO - 03624134	85	0.775 	7.221 	0.279 	0.000 	knife	
2025-07-20 15:43:48,799 - AdaPoinTr - INFO - 03991062	121	0.240 	18.500 	1.453 	0.000 	flowerpot	
2025-07-20 15:43:48,799 - AdaPoinTr - INFO - 03948459	62	0.476 	11.576 	0.617 	0.000 	pistol	
2025-07-20 15:43:48,799 - AdaPoinTr - INFO - 03928116	48	0.296 	15.785 	1.273 	0.000 	piano	
2025-07-20 15:43:48,799 - AdaPoinTr - INFO - 03207941	19	0.245 	15.219 	0.862 	0.000 	dishwasher	
2025-07-20 15:43:48,799 - AdaPoinTr - INFO - 04074963	14	0.452 	10.586 	0.409 	0.000 	remote	
2025-07-20 15:43:48,799 - AdaPoinTr - INFO - 03085013	13	0.461 	9.840 	0.332 	0.000 	keyboard	
2025-07-20 15:43:48,799 - AdaPoinTr - INFO - Overall		0.374 	13.990 	0.935 	0.000 	
2025-07-20 15:43:49,262 - AdaPoinTr - INFO - Save checkpoint at ./experiments/AdaPoinTr/ShapeNet55_models/AdaPoinTr/ckpt-last.pth
2025-07-20 15:43:50,061 - AdaPoinTr - INFO - [Epoch 91/200][Batch 1/2622] BatchTime = 0.798 (s) DataTime = 0.091 (s) Losses = ['4.8438', '36.1756'] lr = 0.0000139
2025-07-20 15:45:01,887 - AdaPoinTr - INFO - [Epoch 91/200][Batch 101/2622] BatchTime = 0.704 (s) DataTime = 0.001 (s) Losses = ['5.1807', '36.9199'] lr = 0.0000139
2025-07-20 15:46:13,718 - AdaPoinTr - INFO - [Epoch 91/200][Batch 201/2622] BatchTime = 0.716 (s) DataTime = 0.001 (s) Losses = ['5.0111', '38.4240'] lr = 0.0000139
2025-07-20 15:47:25,582 - AdaPoinTr - INFO - [Epoch 91/200][Batch 301/2622] BatchTime = 0.713 (s) DataTime = 0.001 (s) Losses = ['5.2041', '40.6980'] lr = 0.0000139
2025-07-20 15:48:37,402 - AdaPoinTr - INFO - [Epoch 91/200][Batch 401/2622] BatchTime = 0.717 (s) DataTime = 0.001 (s) Losses = ['5.8001', '44.0326'] lr = 0.0000139
2025-07-20 15:49:49,210 - AdaPoinTr - INFO - [Epoch 91/200][Batch 501/2622] BatchTime = 0.711 (s) DataTime = 0.001 (s) Losses = ['5.5084', '40.1262'] lr = 0.0000139
2025-07-20 15:51:00,422 - AdaPoinTr - INFO - [Epoch 91/200][Batch 601/2622] BatchTime = 0.513 (s) DataTime = 0.001 (s) Losses = ['5.4710', '43.0256'] lr = 0.0000139
2025-07-20 15:51:51,965 - AdaPoinTr - INFO - [Epoch 91/200][Batch 701/2622] BatchTime = 0.507 (s) DataTime = 0.001 (s) Losses = ['5.4340', '38.7055'] lr = 0.0000139
2025-07-20 15:52:43,548 - AdaPoinTr - INFO - [Epoch 91/200][Batch 801/2622] BatchTime = 0.508 (s) DataTime = 0.001 (s) Losses = ['4.8437', '40.2269'] lr = 0.0000139
2025-07-20 15:53:35,100 - AdaPoinTr - INFO - [Epoch 91/200][Batch 901/2622] BatchTime = 0.514 (s) DataTime = 0.001 (s) Losses = ['5.6854', '41.0745'] lr = 0.0000139
2025-07-20 15:54:26,676 - AdaPoinTr - INFO - [Epoch 91/200][Batch 1001/2622] BatchTime = 0.513 (s) DataTime = 0.001 (s) Losses = ['5.7588', '42.3016'] lr = 0.0000139
2025-07-20 15:55:18,239 - AdaPoinTr - INFO - [Epoch 91/200][Batch 1101/2622] BatchTime = 0.508 (s) DataTime = 0.001 (s) Losses = ['4.6155', '33.6376'] lr = 0.0000139
2025-07-20 15:56:09,805 - AdaPoinTr - INFO - [Epoch 91/200][Batch 1201/2622] BatchTime = 0.515 (s) DataTime = 0.001 (s) Losses = ['4.4245', '32.4351'] lr = 0.0000139
2025-07-20 15:57:01,379 - AdaPoinTr - INFO - [Epoch 91/200][Batch 1301/2622] BatchTime = 0.513 (s) DataTime = 0.001 (s) Losses = ['5.2943', '38.9189'] lr = 0.0000139
2025-07-20 15:57:52,953 - AdaPoinTr - INFO - [Epoch 91/200][Batch 1401/2622] BatchTime = 0.507 (s) DataTime = 0.001 (s) Losses = ['5.6194', '39.1135'] lr = 0.0000139
2025-07-20 15:58:44,524 - AdaPoinTr - INFO - [Epoch 91/200][Batch 1501/2622] BatchTime = 0.510 (s) DataTime = 0.001 (s) Losses = ['5.0930', '38.1915'] lr = 0.0000139
2025-07-20 15:59:36,093 - AdaPoinTr - INFO - [Epoch 91/200][Batch 1601/2622] BatchTime = 0.510 (s) DataTime = 0.001 (s) Losses = ['4.9729', '40.3761'] lr = 0.0000139
2025-07-20 16:00:27,711 - AdaPoinTr - INFO - [Epoch 91/200][Batch 1701/2622] BatchTime = 0.513 (s) DataTime = 0.001 (s) Losses = ['5.5319', '42.3030'] lr = 0.0000139
2025-07-20 16:01:19,297 - AdaPoinTr - INFO - [Epoch 91/200][Batch 1801/2622] BatchTime = 0.514 (s) DataTime = 0.001 (s) Losses = ['5.3749', '39.2747'] lr = 0.0000139
2025-07-20 16:02:10,878 - AdaPoinTr - INFO - [Epoch 91/200][Batch 1901/2622] BatchTime = 0.510 (s) DataTime = 0.001 (s) Losses = ['5.0825', '40.2954'] lr = 0.0000139
2025-07-20 16:03:19,605 - AdaPoinTr - INFO - [Epoch 91/200][Batch 2001/2622] BatchTime = 0.713 (s) DataTime = 0.001 (s) Losses = ['6.0164', '41.9210'] lr = 0.0000139
2025-07-20 16:04:31,428 - AdaPoinTr - INFO - [Epoch 91/200][Batch 2101/2622] BatchTime = 0.729 (s) DataTime = 0.001 (s) Losses = ['5.1741', '41.5007'] lr = 0.0000139
2025-07-20 16:05:43,230 - AdaPoinTr - INFO - [Epoch 91/200][Batch 2201/2622] BatchTime = 0.715 (s) DataTime = 0.001 (s) Losses = ['5.2584', '37.0021'] lr = 0.0000139
2025-07-20 16:06:55,048 - AdaPoinTr - INFO - [Epoch 91/200][Batch 2301/2622] BatchTime = 0.709 (s) DataTime = 0.001 (s) Losses = ['5.2108', '40.6219'] lr = 0.0000139
2025-07-20 16:08:06,856 - AdaPoinTr - INFO - [Epoch 91/200][Batch 2401/2622] BatchTime = 0.710 (s) DataTime = 0.001 (s) Losses = ['5.0600', '39.2763'] lr = 0.0000139
2025-07-20 16:09:18,693 - AdaPoinTr - INFO - [Epoch 91/200][Batch 2501/2622] BatchTime = 0.712 (s) DataTime = 0.001 (s) Losses = ['5.8776', '45.5733'] lr = 0.0000139
2025-07-20 16:10:30,538 - AdaPoinTr - INFO - [Epoch 91/200][Batch 2601/2622] BatchTime = 0.714 (s) DataTime = 0.001 (s) Losses = ['5.0340', '38.5959'] lr = 0.0000139
2025-07-20 16:10:45,677 - AdaPoinTr - INFO - [Training] EPOCH: 91 EpochTime = 1616.414 (s) Losses = ['5.3008', '40.4658']
2025-07-20 16:10:46,135 - AdaPoinTr - INFO - Save checkpoint at ./experiments/AdaPoinTr/ShapeNet55_models/AdaPoinTr/ckpt-last.pth
2025-07-20 16:10:46,943 - AdaPoinTr - INFO - [Epoch 92/200][Batch 1/2622] BatchTime = 0.807 (s) DataTime = 0.089 (s) Losses = ['4.9139', '41.0130'] lr = 0.0000136
2025-07-20 16:11:58,785 - AdaPoinTr - INFO - [Epoch 92/200][Batch 101/2622] BatchTime = 0.716 (s) DataTime = 0.001 (s) Losses = ['5.4785', '44.0633'] lr = 0.0000136
2025-07-20 16:13:10,592 - AdaPoinTr - INFO - [Epoch 92/200][Batch 201/2622] BatchTime = 0.716 (s) DataTime = 0.001 (s) Losses = ['5.5941', '40.6683'] lr = 0.0000136
2025-07-20 16:14:22,411 - AdaPoinTr - INFO - [Epoch 92/200][Batch 301/2622] BatchTime = 0.715 (s) DataTime = 0.001 (s) Losses = ['4.9799', '36.3529'] lr = 0.0000136
2025-07-20 16:15:34,224 - AdaPoinTr - INFO - [Epoch 92/200][Batch 401/2622] BatchTime = 0.712 (s) DataTime = 0.001 (s) Losses = ['5.2055', '37.5486'] lr = 0.0000136
2025-07-20 16:16:46,076 - AdaPoinTr - INFO - [Epoch 92/200][Batch 501/2622] BatchTime = 0.710 (s) DataTime = 0.001 (s) Losses = ['4.9080', '36.2612'] lr = 0.0000136
2025-07-20 16:17:57,927 - AdaPoinTr - INFO - [Epoch 92/200][Batch 601/2622] BatchTime = 0.708 (s) DataTime = 0.001 (s) Losses = ['5.2256', '40.7478'] lr = 0.0000136
2025-07-20 16:19:09,750 - AdaPoinTr - INFO - [Epoch 92/200][Batch 701/2622] BatchTime = 0.707 (s) DataTime = 0.001 (s) Losses = ['5.5072', '42.4366'] lr = 0.0000136
2025-07-20 16:20:21,577 - AdaPoinTr - INFO - [Epoch 92/200][Batch 801/2622] BatchTime = 0.713 (s) DataTime = 0.001 (s) Losses = ['5.4281', '40.5601'] lr = 0.0000136
2025-07-20 16:21:33,382 - AdaPoinTr - INFO - [Epoch 92/200][Batch 901/2622] BatchTime = 0.717 (s) DataTime = 0.001 (s) Losses = ['4.5541', '34.1501'] lr = 0.0000136
2025-07-20 16:22:45,233 - AdaPoinTr - INFO - [Epoch 92/200][Batch 1001/2622] BatchTime = 0.716 (s) DataTime = 0.001 (s) Losses = ['5.1526', '36.8045'] lr = 0.0000136
2025-07-20 16:23:57,069 - AdaPoinTr - INFO - [Epoch 92/200][Batch 1101/2622] BatchTime = 0.716 (s) DataTime = 0.001 (s) Losses = ['5.8520', '44.7002'] lr = 0.0000136
2025-07-20 16:25:08,858 - AdaPoinTr - INFO - [Epoch 92/200][Batch 1201/2622] BatchTime = 0.708 (s) DataTime = 0.001 (s) Losses = ['4.8924', '39.8501'] lr = 0.0000136
2025-07-20 16:26:20,652 - AdaPoinTr - INFO - [Epoch 92/200][Batch 1301/2622] BatchTime = 0.708 (s) DataTime = 0.001 (s) Losses = ['5.2979', '41.4904'] lr = 0.0000136
2025-07-20 16:27:32,461 - AdaPoinTr - INFO - [Epoch 92/200][Batch 1401/2622] BatchTime = 0.705 (s) DataTime = 0.001 (s) Losses = ['5.3355', '41.3877'] lr = 0.0000136
2025-07-20 16:28:44,249 - AdaPoinTr - INFO - [Epoch 92/200][Batch 1501/2622] BatchTime = 0.710 (s) DataTime = 0.001 (s) Losses = ['5.7348', '44.3756'] lr = 0.0000136
2025-07-20 16:29:56,080 - AdaPoinTr - INFO - [Epoch 92/200][Batch 1601/2622] BatchTime = 0.714 (s) DataTime = 0.001 (s) Losses = ['5.2719', '39.5096'] lr = 0.0000136
2025-07-20 16:31:07,922 - AdaPoinTr - INFO - [Epoch 92/200][Batch 1701/2622] BatchTime = 0.715 (s) DataTime = 0.001 (s) Losses = ['5.4258', '39.4441'] lr = 0.0000136
2025-07-20 16:32:19,739 - AdaPoinTr - INFO - [Epoch 92/200][Batch 1801/2622] BatchTime = 0.715 (s) DataTime = 0.001 (s) Losses = ['5.4152', '45.6281'] lr = 0.0000136
2025-07-20 16:33:31,539 - AdaPoinTr - INFO - [Epoch 92/200][Batch 1901/2622] BatchTime = 0.718 (s) DataTime = 0.001 (s) Losses = ['4.6187', '34.4814'] lr = 0.0000136
2025-07-20 16:34:43,342 - AdaPoinTr - INFO - [Epoch 92/200][Batch 2001/2622] BatchTime = 0.711 (s) DataTime = 0.001 (s) Losses = ['4.6243', '35.2857'] lr = 0.0000136
2025-07-20 16:35:55,147 - AdaPoinTr - INFO - [Epoch 92/200][Batch 2101/2622] BatchTime = 0.708 (s) DataTime = 0.001 (s) Losses = ['4.5860', '35.3194'] lr = 0.0000136
2025-07-20 16:37:06,961 - AdaPoinTr - INFO - [Epoch 92/200][Batch 2201/2622] BatchTime = 0.704 (s) DataTime = 0.001 (s) Losses = ['5.3164', '40.3112'] lr = 0.0000136
2025-07-20 16:38:18,791 - AdaPoinTr - INFO - [Epoch 92/200][Batch 2301/2622] BatchTime = 0.711 (s) DataTime = 0.001 (s) Losses = ['5.8675', '44.7911'] lr = 0.0000136
2025-07-20 16:39:30,615 - AdaPoinTr - INFO - [Epoch 92/200][Batch 2401/2622] BatchTime = 0.714 (s) DataTime = 0.001 (s) Losses = ['5.5642', '42.5163'] lr = 0.0000136
2025-07-20 16:40:42,422 - AdaPoinTr - INFO - [Epoch 92/200][Batch 2501/2622] BatchTime = 0.718 (s) DataTime = 0.001 (s) Losses = ['5.5856', '40.9091'] lr = 0.0000136
2025-07-20 16:41:54,203 - AdaPoinTr - INFO - [Epoch 92/200][Batch 2601/2622] BatchTime = 0.716 (s) DataTime = 0.001 (s) Losses = ['5.2859', '44.3042'] lr = 0.0000136
2025-07-20 16:42:09,337 - AdaPoinTr - INFO - [Training] EPOCH: 92 EpochTime = 1883.200 (s) Losses = ['5.2910', '40.3547']
2025-07-20 16:42:09,799 - AdaPoinTr - INFO - Save checkpoint at ./experiments/AdaPoinTr/ShapeNet55_models/AdaPoinTr/ckpt-last.pth
2025-07-20 16:42:10,605 - AdaPoinTr - INFO - [Epoch 93/200][Batch 1/2622] BatchTime = 0.806 (s) DataTime = 0.092 (s) Losses = ['5.0852', '35.4484'] lr = 0.0000133
2025-07-20 16:43:22,423 - AdaPoinTr - INFO - [Epoch 93/200][Batch 101/2622] BatchTime = 0.711 (s) DataTime = 0.001 (s) Losses = ['5.5993', '43.2784'] lr = 0.0000133
2025-07-20 16:44:34,241 - AdaPoinTr - INFO - [Epoch 93/200][Batch 201/2622] BatchTime = 0.710 (s) DataTime = 0.001 (s) Losses = ['5.0376', '40.7724'] lr = 0.0000133
2025-07-20 16:45:46,076 - AdaPoinTr - INFO - [Epoch 93/200][Batch 301/2622] BatchTime = 0.704 (s) DataTime = 0.001 (s) Losses = ['4.4911', '36.0547'] lr = 0.0000133
2025-07-20 16:46:57,882 - AdaPoinTr - INFO - [Epoch 93/200][Batch 401/2622] BatchTime = 0.719 (s) DataTime = 0.001 (s) Losses = ['5.4628', '42.2164'] lr = 0.0000133
2025-07-20 16:48:09,694 - AdaPoinTr - INFO - [Epoch 93/200][Batch 501/2622] BatchTime = 0.714 (s) DataTime = 0.001 (s) Losses = ['5.4542', '41.0050'] lr = 0.0000133
2025-07-20 16:49:21,473 - AdaPoinTr - INFO - [Epoch 93/200][Batch 601/2622] BatchTime = 0.712 (s) DataTime = 0.001 (s) Losses = ['5.8442', '45.7619'] lr = 0.0000133
2025-07-20 16:50:33,322 - AdaPoinTr - INFO - [Epoch 93/200][Batch 701/2622] BatchTime = 0.711 (s) DataTime = 0.001 (s) Losses = ['5.0206', '39.0208'] lr = 0.0000133
2025-07-20 16:51:45,152 - AdaPoinTr - INFO - [Epoch 93/200][Batch 801/2622] BatchTime = 0.710 (s) DataTime = 0.001 (s) Losses = ['4.5607', '37.9031'] lr = 0.0000133
2025-07-20 16:52:56,620 - AdaPoinTr - INFO - [Epoch 93/200][Batch 901/2622] BatchTime = 0.707 (s) DataTime = 0.001 (s) Losses = ['6.0924', '43.6126'] lr = 0.0000133
2025-07-20 16:54:08,454 - AdaPoinTr - INFO - [Epoch 93/200][Batch 1001/2622] BatchTime = 0.708 (s) DataTime = 0.001 (s) Losses = ['5.4363', '39.6310'] lr = 0.0000133
2025-07-20 16:55:20,299 - AdaPoinTr - INFO - [Epoch 93/200][Batch 1101/2622] BatchTime = 0.714 (s) DataTime = 0.001 (s) Losses = ['6.0252', '41.9661'] lr = 0.0000133
2025-07-20 16:56:32,124 - AdaPoinTr - INFO - [Epoch 93/200][Batch 1201/2622] BatchTime = 0.715 (s) DataTime = 0.001 (s) Losses = ['4.9718', '38.0237'] lr = 0.0000133
2025-07-20 16:57:43,952 - AdaPoinTr - INFO - [Epoch 93/200][Batch 1301/2622] BatchTime = 0.716 (s) DataTime = 0.001 (s) Losses = ['5.4971', '41.1753'] lr = 0.0000133
2025-07-20 16:58:55,757 - AdaPoinTr - INFO - [Epoch 93/200][Batch 1401/2622] BatchTime = 0.716 (s) DataTime = 0.001 (s) Losses = ['5.5902', '42.5321'] lr = 0.0000133
2025-07-20 17:00:07,620 - AdaPoinTr - INFO - [Epoch 93/200][Batch 1501/2622] BatchTime = 0.726 (s) DataTime = 0.001 (s) Losses = ['5.2015', '41.4080'] lr = 0.0000133
2025-07-20 17:01:19,455 - AdaPoinTr - INFO - [Epoch 93/200][Batch 1601/2622] BatchTime = 0.712 (s) DataTime = 0.001 (s) Losses = ['5.9548', '46.0930'] lr = 0.0000133
2025-07-20 17:02:31,276 - AdaPoinTr - INFO - [Epoch 93/200][Batch 1701/2622] BatchTime = 0.706 (s) DataTime = 0.001 (s) Losses = ['5.2954', '44.3280'] lr = 0.0000133
2025-07-20 17:03:43,139 - AdaPoinTr - INFO - [Epoch 93/200][Batch 1801/2622] BatchTime = 0.708 (s) DataTime = 0.001 (s) Losses = ['5.7322', '41.4796'] lr = 0.0000133
2025-07-20 17:04:54,939 - AdaPoinTr - INFO - [Epoch 93/200][Batch 1901/2622] BatchTime = 0.709 (s) DataTime = 0.001 (s) Losses = ['4.5599', '35.8048'] lr = 0.0000133
2025-07-20 17:06:06,781 - AdaPoinTr - INFO - [Epoch 93/200][Batch 2001/2622] BatchTime = 0.706 (s) DataTime = 0.001 (s) Losses = ['5.1439', '40.8796'] lr = 0.0000133
2025-07-20 17:07:18,556 - AdaPoinTr - INFO - [Epoch 93/200][Batch 2101/2622] BatchTime = 0.714 (s) DataTime = 0.001 (s) Losses = ['5.1905', '39.3956'] lr = 0.0000133
2025-07-20 17:08:30,369 - AdaPoinTr - INFO - [Epoch 93/200][Batch 2201/2622] BatchTime = 0.719 (s) DataTime = 0.001 (s) Losses = ['4.9505', '42.6663'] lr = 0.0000133
2025-07-20 17:09:42,180 - AdaPoinTr - INFO - [Epoch 93/200][Batch 2301/2622] BatchTime = 0.716 (s) DataTime = 0.001 (s) Losses = ['4.9035', '36.3687'] lr = 0.0000133
2025-07-20 17:10:54,013 - AdaPoinTr - INFO - [Epoch 93/200][Batch 2401/2622] BatchTime = 0.717 (s) DataTime = 0.001 (s) Losses = ['5.7357', '46.5841'] lr = 0.0000133
2025-07-20 17:12:05,893 - AdaPoinTr - INFO - [Epoch 93/200][Batch 2501/2622] BatchTime = 0.710 (s) DataTime = 0.001 (s) Losses = ['4.5120', '35.0154'] lr = 0.0000133
2025-07-20 17:13:17,704 - AdaPoinTr - INFO - [Epoch 93/200][Batch 2601/2622] BatchTime = 0.708 (s) DataTime = 0.001 (s) Losses = ['5.2456', '41.8933'] lr = 0.0000133
2025-07-20 17:13:32,835 - AdaPoinTr - INFO - [Training] EPOCH: 93 EpochTime = 1883.035 (s) Losses = ['5.2751', '40.2024']
2025-07-20 17:13:33,297 - AdaPoinTr - INFO - Save checkpoint at ./experiments/AdaPoinTr/ShapeNet55_models/AdaPoinTr/ckpt-last.pth
2025-07-20 17:13:34,098 - AdaPoinTr - INFO - [Epoch 94/200][Batch 1/2622] BatchTime = 0.800 (s) DataTime = 0.093 (s) Losses = ['5.4855', '39.5625'] lr = 0.0000130
2025-07-20 17:14:45,929 - AdaPoinTr - INFO - [Epoch 94/200][Batch 101/2622] BatchTime = 0.708 (s) DataTime = 0.001 (s) Losses = ['5.0186', '40.9134'] lr = 0.0000130
2025-07-20 17:15:57,729 - AdaPoinTr - INFO - [Epoch 94/200][Batch 201/2622] BatchTime = 0.705 (s) DataTime = 0.001 (s) Losses = ['5.3553', '38.6860'] lr = 0.0000130
2025-07-20 17:17:09,523 - AdaPoinTr - INFO - [Epoch 94/200][Batch 301/2622] BatchTime = 0.708 (s) DataTime = 0.001 (s) Losses = ['5.0536', '37.8895'] lr = 0.0000130
2025-07-20 17:18:21,341 - AdaPoinTr - INFO - [Epoch 94/200][Batch 401/2622] BatchTime = 0.716 (s) DataTime = 0.001 (s) Losses = ['5.1135', '42.5367'] lr = 0.0000130
2025-07-20 17:19:33,124 - AdaPoinTr - INFO - [Epoch 94/200][Batch 501/2622] BatchTime = 0.718 (s) DataTime = 0.001 (s) Losses = ['4.8529', '37.0522'] lr = 0.0000130
2025-07-20 17:20:44,917 - AdaPoinTr - INFO - [Epoch 94/200][Batch 601/2622] BatchTime = 0.714 (s) DataTime = 0.001 (s) Losses = ['5.3819', '42.4154'] lr = 0.0000130
2025-07-20 17:21:56,725 - AdaPoinTr - INFO - [Epoch 94/200][Batch 701/2622] BatchTime = 0.708 (s) DataTime = 0.001 (s) Losses = ['5.2017', '39.1145'] lr = 0.0000130
2025-07-20 17:23:08,545 - AdaPoinTr - INFO - [Epoch 94/200][Batch 801/2622] BatchTime = 0.704 (s) DataTime = 0.001 (s) Losses = ['4.8896', '35.8206'] lr = 0.0000130
2025-07-20 17:24:20,363 - AdaPoinTr - INFO - [Epoch 94/200][Batch 901/2622] BatchTime = 0.710 (s) DataTime = 0.001 (s) Losses = ['5.3166', '40.2505'] lr = 0.0000130
2025-07-20 17:25:32,191 - AdaPoinTr - INFO - [Epoch 94/200][Batch 1001/2622] BatchTime = 0.710 (s) DataTime = 0.001 (s) Losses = ['5.7142', '42.3570'] lr = 0.0000130
2025-07-20 17:26:44,045 - AdaPoinTr - INFO - [Epoch 94/200][Batch 1101/2622] BatchTime = 0.715 (s) DataTime = 0.001 (s) Losses = ['5.0195', '40.2617'] lr = 0.0000130
2025-07-20 17:27:55,850 - AdaPoinTr - INFO - [Epoch 94/200][Batch 1201/2622] BatchTime = 0.719 (s) DataTime = 0.001 (s) Losses = ['6.0450', '44.4853'] lr = 0.0000130
2025-07-20 17:29:07,717 - AdaPoinTr - INFO - [Epoch 94/200][Batch 1301/2622] BatchTime = 0.715 (s) DataTime = 0.001 (s) Losses = ['4.5319', '38.2743'] lr = 0.0000130
2025-07-20 17:30:19,511 - AdaPoinTr - INFO - [Epoch 94/200][Batch 1401/2622] BatchTime = 0.718 (s) DataTime = 0.001 (s) Losses = ['5.0316', '35.8142'] lr = 0.0000130
2025-07-20 17:31:31,360 - AdaPoinTr - INFO - [Epoch 94/200][Batch 1501/2622] BatchTime = 0.715 (s) DataTime = 0.001 (s) Losses = ['5.1363', '39.9863'] lr = 0.0000130
2025-07-20 17:32:43,214 - AdaPoinTr - INFO - [Epoch 94/200][Batch 1601/2622] BatchTime = 0.713 (s) DataTime = 0.001 (s) Losses = ['4.5259', '40.0069'] lr = 0.0000130
2025-07-20 17:33:55,060 - AdaPoinTr - INFO - [Epoch 94/200][Batch 1701/2622] BatchTime = 0.710 (s) DataTime = 0.001 (s) Losses = ['5.4416', '38.5390'] lr = 0.0000130
2025-07-20 17:35:06,837 - AdaPoinTr - INFO - [Epoch 94/200][Batch 1801/2622] BatchTime = 0.703 (s) DataTime = 0.001 (s) Losses = ['5.1074', '39.5185'] lr = 0.0000130
2025-07-20 17:36:18,690 - AdaPoinTr - INFO - [Epoch 94/200][Batch 1901/2622] BatchTime = 0.704 (s) DataTime = 0.001 (s) Losses = ['5.4249', '41.4878'] lr = 0.0000130
2025-07-20 17:37:30,497 - AdaPoinTr - INFO - [Epoch 94/200][Batch 2001/2622] BatchTime = 0.710 (s) DataTime = 0.001 (s) Losses = ['4.8147', '36.4738'] lr = 0.0000130
2025-07-20 17:38:42,338 - AdaPoinTr - INFO - [Epoch 94/200][Batch 2101/2622] BatchTime = 0.717 (s) DataTime = 0.001 (s) Losses = ['5.2524', '41.8072'] lr = 0.0000130
2025-07-20 17:39:54,134 - AdaPoinTr - INFO - [Epoch 94/200][Batch 2201/2622] BatchTime = 0.715 (s) DataTime = 0.001 (s) Losses = ['5.6227', '42.2683'] lr = 0.0000130
2025-07-20 17:41:05,949 - AdaPoinTr - INFO - [Epoch 94/200][Batch 2301/2622] BatchTime = 0.713 (s) DataTime = 0.001 (s) Losses = ['4.6320', '35.3998'] lr = 0.0000130
2025-07-20 17:42:17,429 - AdaPoinTr - INFO - [Epoch 94/200][Batch 2401/2622] BatchTime = 0.711 (s) DataTime = 0.001 (s) Losses = ['5.8769', '45.3773'] lr = 0.0000130
2025-07-20 17:43:29,293 - AdaPoinTr - INFO - [Epoch 94/200][Batch 2501/2622] BatchTime = 0.710 (s) DataTime = 0.001 (s) Losses = ['5.0502', '37.7031'] lr = 0.0000130
2025-07-20 17:44:41,120 - AdaPoinTr - INFO - [Epoch 94/200][Batch 2601/2622] BatchTime = 0.701 (s) DataTime = 0.001 (s) Losses = ['5.4697', '41.6683'] lr = 0.0000130
2025-07-20 17:44:56,240 - AdaPoinTr - INFO - [Training] EPOCH: 94 EpochTime = 1882.942 (s) Losses = ['5.2766', '40.3086']
2025-07-20 17:44:56,703 - AdaPoinTr - INFO - Save checkpoint at ./experiments/AdaPoinTr/ShapeNet55_models/AdaPoinTr/ckpt-last.pth
2025-07-20 17:44:57,500 - AdaPoinTr - INFO - [Epoch 95/200][Batch 1/2622] BatchTime = 0.796 (s) DataTime = 0.090 (s) Losses = ['5.7973', '44.4746'] lr = 0.0000127
2025-07-20 17:46:09,342 - AdaPoinTr - INFO - [Epoch 95/200][Batch 101/2622] BatchTime = 0.707 (s) DataTime = 0.001 (s) Losses = ['5.7163', '45.9390'] lr = 0.0000127
2025-07-20 17:47:21,159 - AdaPoinTr - INFO - [Epoch 95/200][Batch 201/2622] BatchTime = 0.717 (s) DataTime = 0.001 (s) Losses = ['5.1147', '37.3122'] lr = 0.0000127
2025-07-20 17:48:32,926 - AdaPoinTr - INFO - [Epoch 95/200][Batch 301/2622] BatchTime = 0.720 (s) DataTime = 0.001 (s) Losses = ['5.6718', '42.8899'] lr = 0.0000127
2025-07-20 17:49:44,756 - AdaPoinTr - INFO - [Epoch 95/200][Batch 401/2622] BatchTime = 0.720 (s) DataTime = 0.001 (s) Losses = ['5.7926', '45.6098'] lr = 0.0000127
2025-07-20 17:50:56,553 - AdaPoinTr - INFO - [Epoch 95/200][Batch 501/2622] BatchTime = 0.709 (s) DataTime = 0.001 (s) Losses = ['4.9006', '37.9324'] lr = 0.0000127
2025-07-20 17:52:08,368 - AdaPoinTr - INFO - [Epoch 95/200][Batch 601/2622] BatchTime = 0.703 (s) DataTime = 0.001 (s) Losses = ['5.3351', '42.2388'] lr = 0.0000127
2025-07-20 17:53:20,200 - AdaPoinTr - INFO - [Epoch 95/200][Batch 701/2622] BatchTime = 0.705 (s) DataTime = 0.001 (s) Losses = ['5.1923', '37.3773'] lr = 0.0000127
2025-07-20 17:54:31,995 - AdaPoinTr - INFO - [Epoch 95/200][Batch 801/2622] BatchTime = 0.717 (s) DataTime = 0.001 (s) Losses = ['5.4922', '42.8641'] lr = 0.0000127
2025-07-20 17:55:43,819 - AdaPoinTr - INFO - [Epoch 95/200][Batch 901/2622] BatchTime = 0.720 (s) DataTime = 0.001 (s) Losses = ['6.0892', '45.1103'] lr = 0.0000127
2025-07-20 17:56:55,642 - AdaPoinTr - INFO - [Epoch 95/200][Batch 1001/2622] BatchTime = 0.716 (s) DataTime = 0.001 (s) Losses = ['5.1262', '42.2961'] lr = 0.0000127
2025-07-20 17:58:07,500 - AdaPoinTr - INFO - [Epoch 95/200][Batch 1101/2622] BatchTime = 0.715 (s) DataTime = 0.001 (s) Losses = ['5.3598', '38.6462'] lr = 0.0000127
2025-07-20 17:59:19,281 - AdaPoinTr - INFO - [Epoch 95/200][Batch 1201/2622] BatchTime = 0.713 (s) DataTime = 0.001 (s) Losses = ['5.1957', '42.3798'] lr = 0.0000127
2025-07-20 18:00:31,116 - AdaPoinTr - INFO - [Epoch 95/200][Batch 1301/2622] BatchTime = 0.710 (s) DataTime = 0.001 (s) Losses = ['5.2824', '40.2519'] lr = 0.0000127
2025-07-20 18:01:42,932 - AdaPoinTr - INFO - [Epoch 95/200][Batch 1401/2622] BatchTime = 0.708 (s) DataTime = 0.001 (s) Losses = ['5.1532', '37.5832'] lr = 0.0000127
2025-07-20 18:02:54,779 - AdaPoinTr - INFO - [Epoch 95/200][Batch 1501/2622] BatchTime = 0.711 (s) DataTime = 0.001 (s) Losses = ['5.0751', '45.1663'] lr = 0.0000127
2025-07-20 18:04:06,559 - AdaPoinTr - INFO - [Epoch 95/200][Batch 1601/2622] BatchTime = 0.710 (s) DataTime = 0.001 (s) Losses = ['4.2699', '33.0042'] lr = 0.0000127
2025-07-20 18:05:18,436 - AdaPoinTr - INFO - [Epoch 95/200][Batch 1701/2622] BatchTime = 0.706 (s) DataTime = 0.001 (s) Losses = ['5.2172', '38.5316'] lr = 0.0000127
2025-07-20 18:06:30,226 - AdaPoinTr - INFO - [Epoch 95/200][Batch 1801/2622] BatchTime = 0.716 (s) DataTime = 0.001 (s) Losses = ['5.2282', '44.3444'] lr = 0.0000127
2025-07-20 18:07:42,051 - AdaPoinTr - INFO - [Epoch 95/200][Batch 1901/2622] BatchTime = 0.720 (s) DataTime = 0.001 (s) Losses = ['4.9417', '37.0025'] lr = 0.0000127
2025-07-20 18:08:53,869 - AdaPoinTr - INFO - [Epoch 95/200][Batch 2001/2622] BatchTime = 0.717 (s) DataTime = 0.001 (s) Losses = ['5.5218', '43.6764'] lr = 0.0000127
2025-07-20 18:10:05,687 - AdaPoinTr - INFO - [Epoch 95/200][Batch 2101/2622] BatchTime = 0.710 (s) DataTime = 0.001 (s) Losses = ['5.3169', '41.1491'] lr = 0.0000127
2025-07-20 18:11:17,480 - AdaPoinTr - INFO - [Epoch 95/200][Batch 2201/2622] BatchTime = 0.708 (s) DataTime = 0.001 (s) Losses = ['5.3311', '38.5780'] lr = 0.0000127
2025-07-20 18:12:29,289 - AdaPoinTr - INFO - [Epoch 95/200][Batch 2301/2622] BatchTime = 0.708 (s) DataTime = 0.001 (s) Losses = ['5.3648', '40.9673'] lr = 0.0000127
2025-07-20 18:13:41,071 - AdaPoinTr - INFO - [Epoch 95/200][Batch 2401/2622] BatchTime = 0.710 (s) DataTime = 0.001 (s) Losses = ['5.4905', '43.0784'] lr = 0.0000127
2025-07-20 18:14:52,870 - AdaPoinTr - INFO - [Epoch 95/200][Batch 2501/2622] BatchTime = 0.720 (s) DataTime = 0.001 (s) Losses = ['5.8757', '44.4261'] lr = 0.0000127
2025-07-20 18:16:04,671 - AdaPoinTr - INFO - [Epoch 95/200][Batch 2601/2622] BatchTime = 0.716 (s) DataTime = 0.001 (s) Losses = ['5.0642', '42.3946'] lr = 0.0000127
2025-07-20 18:16:19,759 - AdaPoinTr - INFO - [Training] EPOCH: 95 EpochTime = 1883.055 (s) Losses = ['5.2792', '40.3968']
2025-07-20 18:16:19,759 - AdaPoinTr - INFO - [VALIDATION] Start validating epoch 95
2025-07-20 18:17:26,862 - AdaPoinTr - INFO - Test[1051/10518] Taxonomy = 02691156 Sample = c7749c0a8b61f43bc9b9e28055202e3d Losses = ['25.3395', '3.3911', '11.5833', '0.7544'] Metrics = ['0.5560', '11.5833', '0.7544', '0.0000']
2025-07-20 18:18:33,846 - AdaPoinTr - INFO - Test[2102/10518] Taxonomy = 03211117 Sample = ab2f9418c111cc6ddb965514105122a4 Losses = ['20.4227', '1.4693', '7.6536', '0.1909'] Metrics = ['0.6375', '7.6536', '0.1909', '0.0000']
2025-07-20 18:19:40,958 - AdaPoinTr - INFO - Test[3153/10518] Taxonomy = 02876657 Sample = c5032e4be091aabb36fe7a88df793982 Losses = ['39.0837', '6.7672', '13.7267', '0.6812'] Metrics = ['0.3374', '13.7267', '0.6812', '0.0000']
2025-07-20 18:20:47,897 - AdaPoinTr - INFO - Test[4204/10518] Taxonomy = 03211117 Sample = 722df1da5778d45b1e43523279c7f09f Losses = ['35.7003', '5.8508', '19.4414', '2.9260'] Metrics = ['0.3804', '19.4414', '2.9260', '0.0000']
2025-07-20 18:21:54,841 - AdaPoinTr - INFO - Test[5255/10518] Taxonomy = 02828884 Sample = 14b63361a48a9fffe4a048c146e8bd43 Losses = ['33.4447', '4.2349', '19.0948', '1.8300'] Metrics = ['0.3644', '19.0948', '1.8300', '0.0000']
2025-07-20 18:23:01,856 - AdaPoinTr - INFO - Test[6306/10518] Taxonomy = 03211117 Sample = d330d50a0255529d19ed6e1a590c9122 Losses = ['27.8716', '2.9685', '11.3539', '0.5031'] Metrics = ['0.4516', '11.3539', '0.5031', '0.0000']
2025-07-20 18:24:08,868 - AdaPoinTr - INFO - Test[7357/10518] Taxonomy = 04379243 Sample = b1ca280d9567270ade98d10ab5975b59 Losses = ['35.4030', '4.9130', '14.8484', '0.8118'] Metrics = ['0.2728', '14.8484', '0.8118', '0.0000']
2025-07-20 18:25:15,945 - AdaPoinTr - INFO - Test[8408/10518] Taxonomy = 03001627 Sample = 89208a619341d9fdb8c516ed5c4ce32 Losses = ['28.3195', '2.8372', '12.6304', '0.5081'] Metrics = ['0.3058', '12.6304', '0.5081', '0.0000']
2025-07-20 18:26:22,989 - AdaPoinTr - INFO - Test[9459/10518] Taxonomy = 03001627 Sample = d0255120e3351121c3bd24f986301745 Losses = ['35.3704', '4.4837', '14.5387', '0.6750'] Metrics = ['0.2433', '14.5387', '0.6750', '0.0000']
2025-07-20 18:27:29,617 - AdaPoinTr - INFO - Test[10510/10518] Taxonomy = 03636649 Sample = ea9ec4d9db2e06202471e6dd5ac3ef92 Losses = ['16.8069', '1.2356', '6.8317', '0.1767'] Metrics = ['0.7827', '6.8317', '0.1767', '0.0000']
2025-07-20 18:27:30,149 - AdaPoinTr - INFO - [Validation] EPOCH: 95  Metrics = ['0.3756', '13.8545', '0.8992', '0.0000']
2025-07-20 18:27:30,149 - AdaPoinTr - INFO - ============================ TEST RESULTS ============================
2025-07-20 18:27:30,149 - AdaPoinTr - INFO - Taxonomy	#Sample	F-Score	CDL1	CDL2	EMDistance	#ModelName	
2025-07-20 18:27:30,149 - AdaPoinTr - INFO - 03759954	14	0.581 	13.146 	1.321 	0.000 	microphone	
2025-07-20 18:27:30,149 - AdaPoinTr - INFO - 04330267	44	0.285 	16.015 	1.137 	0.000 	stove	
2025-07-20 18:27:30,149 - AdaPoinTr - INFO - 03261776	15	0.310 	17.637 	1.579 	0.000 	earphone	
2025-07-20 18:27:30,149 - AdaPoinTr - INFO - 03513137	33	0.215 	19.768 	1.848 	0.000 	helmet	
2025-07-20 18:27:30,149 - AdaPoinTr - INFO - 04460130	27	0.427 	12.934 	0.679 	0.000 	tower	
2025-07-20 18:27:30,149 - AdaPoinTr - INFO - 04468005	78	0.400 	12.380 	0.636 	0.000 	train	
2025-07-20 18:27:30,149 - AdaPoinTr - INFO - 03761084	31	0.246 	16.178 	1.030 	0.000 	microwaves	
2025-07-20 18:27:30,150 - AdaPoinTr - INFO - 04004475	34	0.277 	16.104 	1.128 	0.000 	printer	
2025-07-20 18:27:30,150 - AdaPoinTr - INFO - 03938244	20	0.311 	14.810 	0.948 	0.000 	pillow	
2025-07-20 18:27:30,150 - AdaPoinTr - INFO - 02992529	167	0.426 	10.765 	0.402 	0.000 	cellphone	
2025-07-20 18:27:30,150 - AdaPoinTr - INFO - 02808440	172	0.300 	14.495 	0.890 	0.000 	bathtub	
2025-07-20 18:27:30,150 - AdaPoinTr - INFO - 04530566	388	0.514 	11.035 	0.585 	0.000 	watercraft	
2025-07-20 18:27:30,150 - AdaPoinTr - INFO - 02871439	91	0.259 	15.981 	1.067 	0.000 	bookshelf	
2025-07-20 18:27:30,150 - AdaPoinTr - INFO - 03593526	120	0.266 	16.971 	1.283 	0.000 	jar	
2025-07-20 18:27:30,150 - AdaPoinTr - INFO - 04554684	34	0.233 	18.254 	1.706 	0.000 	washer	
2025-07-20 18:27:30,150 - AdaPoinTr - INFO - 03467517	160	0.810 	6.613 	0.197 	0.000 	guitar	
2025-07-20 18:27:30,150 - AdaPoinTr - INFO - 04401088	218	0.430 	10.655 	0.401 	0.000 	telephone	
2025-07-20 18:27:30,150 - AdaPoinTr - INFO - 02954340	12	0.309 	13.602 	0.667 	0.000 	cap	
2025-07-20 18:27:30,150 - AdaPoinTr - INFO - 02933112	315	0.247 	15.030 	0.834 	0.000 	cabinet	
2025-07-20 18:27:30,150 - AdaPoinTr - INFO - 03642806	92	0.390 	11.056 	0.419 	0.000 	laptop	
2025-07-20 18:27:30,150 - AdaPoinTr - INFO - 02924116	188	0.371 	12.279 	0.567 	0.000 	bus	
2025-07-20 18:27:30,150 - AdaPoinTr - INFO - 02946921	22	0.256 	15.285 	0.938 	0.000 	can	
2025-07-20 18:27:30,150 - AdaPoinTr - INFO - 02818832	47	0.297 	15.851 	1.132 	0.000 	bed	
2025-07-20 18:27:30,150 - AdaPoinTr - INFO - 04256520	635	0.308 	14.029 	0.760 	0.000 	sofa	
2025-07-20 18:27:30,150 - AdaPoinTr - INFO - 04379243	1687	0.397 	12.586 	0.769 	0.000 	table	
2025-07-20 18:27:30,150 - AdaPoinTr - INFO - 02747177	69	0.197 	17.458 	1.149 	0.000 	trash bin	
2025-07-20 18:27:30,150 - AdaPoinTr - INFO - 03046257	131	0.318 	15.004 	1.029 	0.000 	clock	
2025-07-20 18:27:30,150 - AdaPoinTr - INFO - 04225987	31	0.568 	9.265 	0.339 	0.000 	skateboard	
2025-07-20 18:27:30,150 - AdaPoinTr - INFO - 03797390	43	0.195 	18.207 	1.290 	0.000 	mug	
2025-07-20 18:27:30,150 - AdaPoinTr - INFO - 03001627	1356	0.379 	13.370 	0.818 	0.000 	chair	
2025-07-20 18:27:30,150 - AdaPoinTr - INFO - 03691459	320	0.260 	16.980 	1.322 	0.000 	loudspeaker	
2025-07-20 18:27:30,150 - AdaPoinTr - INFO - 02942699	23	0.244 	19.463 	1.858 	0.000 	camera	
2025-07-20 18:27:30,150 - AdaPoinTr - INFO - 03636649	464	0.545 	13.014 	1.275 	0.000 	lamp	
2025-07-20 18:27:30,150 - AdaPoinTr - INFO - 02691156	809	0.591 	9.263 	0.387 	0.000 	airplane	
2025-07-20 18:27:30,150 - AdaPoinTr - INFO - 02773838	17	0.361 	13.129 	0.713 	0.000 	bag	
2025-07-20 18:27:30,150 - AdaPoinTr - INFO - 02958343	703	0.226 	15.802 	0.885 	0.000 	car	
2025-07-20 18:27:30,150 - AdaPoinTr - INFO - 02880940	38	0.236 	15.399 	0.840 	0.000 	bowl	
2025-07-20 18:27:30,150 - AdaPoinTr - INFO - 04099429	17	0.724 	8.194 	0.361 	0.000 	rocket	
2025-07-20 18:27:30,150 - AdaPoinTr - INFO - 02828884	363	0.451 	10.873 	0.525 	0.000 	bench	
2025-07-20 18:27:30,150 - AdaPoinTr - INFO - 04090263	475	0.700 	8.444 	0.415 	0.000 	rifle	
2025-07-20 18:27:30,150 - AdaPoinTr - INFO - 03211117	219	0.363 	13.114 	0.796 	0.000 	display	
2025-07-20 18:27:30,150 - AdaPoinTr - INFO - 02876657	100	0.440 	11.553 	0.586 	0.000 	bottle	
2025-07-20 18:27:30,150 - AdaPoinTr - INFO - 03710193	19	0.558 	11.231 	0.790 	0.000 	mailbox	
2025-07-20 18:27:30,150 - AdaPoinTr - INFO - 03790512	68	0.263 	16.305 	1.091 	0.000 	motorbike	
2025-07-20 18:27:30,150 - AdaPoinTr - INFO - 03325088	149	0.472 	14.728 	1.604 	0.000 	faucet	
2025-07-20 18:27:30,150 - AdaPoinTr - INFO - 02801938	23	0.231 	15.939 	1.007 	0.000 	basket	
2025-07-20 18:27:30,150 - AdaPoinTr - INFO - 03337140	60	0.245 	15.955 	0.994 	0.000 	file cabinet	
2025-07-20 18:27:30,150 - AdaPoinTr - INFO - 02843684	15	0.246 	17.701 	1.286 	0.000 	birdhouse	
2025-07-20 18:27:30,150 - AdaPoinTr - INFO - 03624134	85	0.778 	7.235 	0.268 	0.000 	knife	
2025-07-20 18:27:30,150 - AdaPoinTr - INFO - 03991062	121	0.243 	18.204 	1.417 	0.000 	flowerpot	
2025-07-20 18:27:30,150 - AdaPoinTr - INFO - 03948459	62	0.484 	11.319 	0.564 	0.000 	pistol	
2025-07-20 18:27:30,150 - AdaPoinTr - INFO - 03928116	48	0.297 	15.722 	1.212 	0.000 	piano	
2025-07-20 18:27:30,150 - AdaPoinTr - INFO - 03207941	19	0.249 	14.871 	0.768 	0.000 	dishwasher	
2025-07-20 18:27:30,150 - AdaPoinTr - INFO - 04074963	14	0.468 	10.735 	0.472 	0.000 	remote	
2025-07-20 18:27:30,150 - AdaPoinTr - INFO - 03085013	13	0.459 	10.065 	0.476 	0.000 	keyboard	
2025-07-20 18:27:30,150 - AdaPoinTr - INFO - Overall		0.376 	13.855 	0.899 	0.000 	
2025-07-20 18:27:30,604 - AdaPoinTr - INFO - Save checkpoint at ./experiments/AdaPoinTr/ShapeNet55_models/AdaPoinTr/ckpt-best.pth
2025-07-20 18:27:31,015 - AdaPoinTr - INFO - Save checkpoint at ./experiments/AdaPoinTr/ShapeNet55_models/AdaPoinTr/ckpt-last.pth
2025-07-20 18:27:31,816 - AdaPoinTr - INFO - [Epoch 96/200][Batch 1/2622] BatchTime = 0.800 (s) DataTime = 0.091 (s) Losses = ['4.7366', '39.9094'] lr = 0.0000125
2025-07-20 18:28:43,655 - AdaPoinTr - INFO - [Epoch 96/200][Batch 101/2622] BatchTime = 0.711 (s) DataTime = 0.001 (s) Losses = ['5.6526', '41.9084'] lr = 0.0000125
2025-07-20 18:29:55,451 - AdaPoinTr - INFO - [Epoch 96/200][Batch 201/2622] BatchTime = 0.708 (s) DataTime = 0.001 (s) Losses = ['5.7516', '40.9320'] lr = 0.0000125
2025-07-20 18:31:07,303 - AdaPoinTr - INFO - [Epoch 96/200][Batch 301/2622] BatchTime = 0.709 (s) DataTime = 0.001 (s) Losses = ['5.3460', '38.4268'] lr = 0.0000125
2025-07-20 18:32:19,170 - AdaPoinTr - INFO - [Epoch 96/200][Batch 401/2622] BatchTime = 0.716 (s) DataTime = 0.001 (s) Losses = ['5.6214', '40.9355'] lr = 0.0000125
2025-07-20 18:33:30,995 - AdaPoinTr - INFO - [Epoch 96/200][Batch 501/2622] BatchTime = 0.718 (s) DataTime = 0.001 (s) Losses = ['5.1163', '38.9248'] lr = 0.0000125
2025-07-20 18:34:42,796 - AdaPoinTr - INFO - [Epoch 96/200][Batch 601/2622] BatchTime = 0.720 (s) DataTime = 0.001 (s) Losses = ['4.6781', '36.2881'] lr = 0.0000125
2025-07-20 18:35:54,666 - AdaPoinTr - INFO - [Epoch 96/200][Batch 701/2622] BatchTime = 0.716 (s) DataTime = 0.001 (s) Losses = ['5.0192', '38.5502'] lr = 0.0000125
2025-07-20 18:37:06,443 - AdaPoinTr - INFO - [Epoch 96/200][Batch 801/2622] BatchTime = 0.714 (s) DataTime = 0.001 (s) Losses = ['5.3187', '41.6348'] lr = 0.0000125
2025-07-20 18:38:18,266 - AdaPoinTr - INFO - [Epoch 96/200][Batch 901/2622] BatchTime = 0.707 (s) DataTime = 0.001 (s) Losses = ['5.2073', '42.8109'] lr = 0.0000125
2025-07-20 18:39:30,089 - AdaPoinTr - INFO - [Epoch 96/200][Batch 1001/2622] BatchTime = 0.709 (s) DataTime = 0.001 (s) Losses = ['4.9285', '35.7109'] lr = 0.0000125
2025-07-20 18:40:41,903 - AdaPoinTr - INFO - [Epoch 96/200][Batch 1101/2622] BatchTime = 0.716 (s) DataTime = 0.001 (s) Losses = ['5.7027', '45.6425'] lr = 0.0000125
2025-07-20 18:41:53,696 - AdaPoinTr - INFO - [Epoch 96/200][Batch 1201/2622] BatchTime = 0.715 (s) DataTime = 0.001 (s) Losses = ['5.5918', '42.1110'] lr = 0.0000125
2025-07-20 18:43:05,501 - AdaPoinTr - INFO - [Epoch 96/200][Batch 1301/2622] BatchTime = 0.713 (s) DataTime = 0.001 (s) Losses = ['5.3253', '40.7290'] lr = 0.0000125
2025-07-20 18:44:17,350 - AdaPoinTr - INFO - [Epoch 96/200][Batch 1401/2622] BatchTime = 0.718 (s) DataTime = 0.001 (s) Losses = ['4.9350', '37.7700'] lr = 0.0000125
2025-07-20 18:45:29,169 - AdaPoinTr - INFO - [Epoch 96/200][Batch 1501/2622] BatchTime = 0.713 (s) DataTime = 0.001 (s) Losses = ['5.5855', '39.6825'] lr = 0.0000125
2025-07-20 18:46:40,973 - AdaPoinTr - INFO - [Epoch 96/200][Batch 1601/2622] BatchTime = 0.712 (s) DataTime = 0.001 (s) Losses = ['5.0786', '41.0719'] lr = 0.0000125
2025-07-20 18:47:52,766 - AdaPoinTr - INFO - [Epoch 96/200][Batch 1701/2622] BatchTime = 0.704 (s) DataTime = 0.001 (s) Losses = ['5.0934', '41.0914'] lr = 0.0000125
2025-07-20 18:49:04,573 - AdaPoinTr - INFO - [Epoch 96/200][Batch 1801/2622] BatchTime = 0.715 (s) DataTime = 0.001 (s) Losses = ['5.1270', '37.4952'] lr = 0.0000125
2025-07-20 18:50:16,381 - AdaPoinTr - INFO - [Epoch 96/200][Batch 1901/2622] BatchTime = 0.719 (s) DataTime = 0.001 (s) Losses = ['5.1664', '38.5387'] lr = 0.0000125
2025-07-20 18:51:28,207 - AdaPoinTr - INFO - [Epoch 96/200][Batch 2001/2622] BatchTime = 0.715 (s) DataTime = 0.001 (s) Losses = ['5.3970', '43.3892'] lr = 0.0000125
2025-07-20 18:52:40,001 - AdaPoinTr - INFO - [Epoch 96/200][Batch 2101/2622] BatchTime = 0.710 (s) DataTime = 0.001 (s) Losses = ['5.4085', '41.2240'] lr = 0.0000125
2025-07-20 18:53:51,842 - AdaPoinTr - INFO - [Epoch 96/200][Batch 2201/2622] BatchTime = 0.710 (s) DataTime = 0.001 (s) Losses = ['5.2560', '38.8070'] lr = 0.0000125
2025-07-20 18:55:03,662 - AdaPoinTr - INFO - [Epoch 96/200][Batch 2301/2622] BatchTime = 0.710 (s) DataTime = 0.001 (s) Losses = ['5.7566', '46.3063'] lr = 0.0000125
2025-07-20 18:56:15,502 - AdaPoinTr - INFO - [Epoch 96/200][Batch 2401/2622] BatchTime = 0.707 (s) DataTime = 0.001 (s) Losses = ['5.7060', '43.9695'] lr = 0.0000125
2025-07-20 18:57:27,294 - AdaPoinTr - INFO - [Epoch 96/200][Batch 2501/2622] BatchTime = 0.709 (s) DataTime = 0.001 (s) Losses = ['4.9629', '44.2640'] lr = 0.0000125
2025-07-20 18:58:39,118 - AdaPoinTr - INFO - [Epoch 96/200][Batch 2601/2622] BatchTime = 0.719 (s) DataTime = 0.001 (s) Losses = ['5.3703', '38.5623'] lr = 0.0000125
2025-07-20 18:58:54,233 - AdaPoinTr - INFO - [Training] EPOCH: 96 EpochTime = 1883.217 (s) Losses = ['5.2675', '40.1704']
2025-07-20 18:58:54,676 - AdaPoinTr - INFO - Save checkpoint at ./experiments/AdaPoinTr/ShapeNet55_models/AdaPoinTr/ckpt-last.pth
2025-07-20 18:58:55,489 - AdaPoinTr - INFO - [Epoch 97/200][Batch 1/2622] BatchTime = 0.812 (s) DataTime = 0.092 (s) Losses = ['5.5882', '44.0942'] lr = 0.0000122
2025-07-20 19:00:07,359 - AdaPoinTr - INFO - [Epoch 97/200][Batch 101/2622] BatchTime = 0.717 (s) DataTime = 0.001 (s) Losses = ['5.1688', '40.1341'] lr = 0.0000122
2025-07-20 19:01:19,165 - AdaPoinTr - INFO - [Epoch 97/200][Batch 201/2622] BatchTime = 0.720 (s) DataTime = 0.001 (s) Losses = ['4.9024', '35.4177'] lr = 0.0000122
2025-07-20 19:02:31,015 - AdaPoinTr - INFO - [Epoch 97/200][Batch 301/2622] BatchTime = 0.717 (s) DataTime = 0.001 (s) Losses = ['5.0964', '36.2145'] lr = 0.0000122
2025-07-20 19:03:42,859 - AdaPoinTr - INFO - [Epoch 97/200][Batch 401/2622] BatchTime = 0.714 (s) DataTime = 0.001 (s) Losses = ['5.0330', '39.0278'] lr = 0.0000122
2025-07-20 19:04:54,704 - AdaPoinTr - INFO - [Epoch 97/200][Batch 501/2622] BatchTime = 0.710 (s) DataTime = 0.001 (s) Losses = ['5.3260', '39.7711'] lr = 0.0000122
2025-07-20 19:06:06,535 - AdaPoinTr - INFO - [Epoch 97/200][Batch 601/2622] BatchTime = 0.717 (s) DataTime = 0.001 (s) Losses = ['5.1575', '40.6094'] lr = 0.0000122
2025-07-20 19:07:18,373 - AdaPoinTr - INFO - [Epoch 97/200][Batch 701/2622] BatchTime = 0.711 (s) DataTime = 0.001 (s) Losses = ['4.7559', '36.9553'] lr = 0.0000122
2025-07-20 19:08:30,178 - AdaPoinTr - INFO - [Epoch 97/200][Batch 801/2622] BatchTime = 0.709 (s) DataTime = 0.001 (s) Losses = ['5.4180', '39.2847'] lr = 0.0000122
2025-07-20 19:09:41,954 - AdaPoinTr - INFO - [Epoch 97/200][Batch 901/2622] BatchTime = 0.713 (s) DataTime = 0.001 (s) Losses = ['4.9179', '36.2480'] lr = 0.0000122
2025-07-20 19:10:53,773 - AdaPoinTr - INFO - [Epoch 97/200][Batch 1001/2622] BatchTime = 0.717 (s) DataTime = 0.001 (s) Losses = ['4.8783', '38.1155'] lr = 0.0000122
2025-07-20 19:12:05,561 - AdaPoinTr - INFO - [Epoch 97/200][Batch 1101/2622] BatchTime = 0.719 (s) DataTime = 0.001 (s) Losses = ['4.6713', '34.2622'] lr = 0.0000122
2025-07-20 19:13:17,369 - AdaPoinTr - INFO - [Epoch 97/200][Batch 1201/2622] BatchTime = 0.709 (s) DataTime = 0.001 (s) Losses = ['5.7852', '42.6092'] lr = 0.0000122
2025-07-20 19:14:29,252 - AdaPoinTr - INFO - [Epoch 97/200][Batch 1301/2622] BatchTime = 0.710 (s) DataTime = 0.001 (s) Losses = ['4.7389', '38.2697'] lr = 0.0000122
2025-07-20 19:15:41,021 - AdaPoinTr - INFO - [Epoch 97/200][Batch 1401/2622] BatchTime = 0.702 (s) DataTime = 0.001 (s) Losses = ['5.2726', '38.9025'] lr = 0.0000122
2025-07-20 19:16:52,528 - AdaPoinTr - INFO - [Epoch 97/200][Batch 1501/2622] BatchTime = 0.721 (s) DataTime = 0.001 (s) Losses = ['5.4751', '42.0996'] lr = 0.0000122
2025-07-20 19:18:04,312 - AdaPoinTr - INFO - [Epoch 97/200][Batch 1601/2622] BatchTime = 0.714 (s) DataTime = 0.001 (s) Losses = ['5.1049', '38.1284'] lr = 0.0000122
2025-07-20 19:19:16,088 - AdaPoinTr - INFO - [Epoch 97/200][Batch 1701/2622] BatchTime = 0.714 (s) DataTime = 0.001 (s) Losses = ['5.3589', '40.0732'] lr = 0.0000122
2025-07-20 19:20:27,882 - AdaPoinTr - INFO - [Epoch 97/200][Batch 1801/2622] BatchTime = 0.713 (s) DataTime = 0.001 (s) Losses = ['5.4952', '45.7592'] lr = 0.0000122
2025-07-20 19:21:39,706 - AdaPoinTr - INFO - [Epoch 97/200][Batch 1901/2622] BatchTime = 0.705 (s) DataTime = 0.001 (s) Losses = ['5.3021', '36.3471'] lr = 0.0000122
2025-07-20 19:22:51,532 - AdaPoinTr - INFO - [Epoch 97/200][Batch 2001/2622] BatchTime = 0.710 (s) DataTime = 0.001 (s) Losses = ['5.9411', '51.3148'] lr = 0.0000122
2025-07-20 19:24:03,383 - AdaPoinTr - INFO - [Epoch 97/200][Batch 2101/2622] BatchTime = 0.717 (s) DataTime = 0.001 (s) Losses = ['4.8581', '38.9585'] lr = 0.0000122
2025-07-20 19:25:15,241 - AdaPoinTr - INFO - [Epoch 97/200][Batch 2201/2622] BatchTime = 0.717 (s) DataTime = 0.001 (s) Losses = ['5.2259', '38.8340'] lr = 0.0000122
2025-07-20 19:26:27,042 - AdaPoinTr - INFO - [Epoch 97/200][Batch 2301/2622] BatchTime = 0.719 (s) DataTime = 0.001 (s) Losses = ['4.8852', '37.4153'] lr = 0.0000122
2025-07-20 19:27:38,831 - AdaPoinTr - INFO - [Epoch 97/200][Batch 2401/2622] BatchTime = 0.715 (s) DataTime = 0.001 (s) Losses = ['5.6684', '44.4899'] lr = 0.0000122
2025-07-20 19:28:50,623 - AdaPoinTr - INFO - [Epoch 97/200][Batch 2501/2622] BatchTime = 0.717 (s) DataTime = 0.001 (s) Losses = ['4.5979', '31.8911'] lr = 0.0000122
2025-07-20 19:30:02,446 - AdaPoinTr - INFO - [Epoch 97/200][Batch 2601/2622] BatchTime = 0.708 (s) DataTime = 0.001 (s) Losses = ['4.9071', '35.8455'] lr = 0.0000122
2025-07-20 19:30:17,551 - AdaPoinTr - INFO - [Training] EPOCH: 97 EpochTime = 1882.874 (s) Losses = ['5.2827', '40.3533']
2025-07-20 19:30:17,970 - AdaPoinTr - INFO - Save checkpoint at ./experiments/AdaPoinTr/ShapeNet55_models/AdaPoinTr/ckpt-last.pth
2025-07-20 19:30:18,767 - AdaPoinTr - INFO - [Epoch 98/200][Batch 1/2622] BatchTime = 0.796 (s) DataTime = 0.091 (s) Losses = ['4.9656', '37.6957'] lr = 0.0000119
2025-07-20 19:31:30,587 - AdaPoinTr - INFO - [Epoch 98/200][Batch 101/2622] BatchTime = 0.707 (s) DataTime = 0.001 (s) Losses = ['5.4863', '41.7354'] lr = 0.0000119
2025-07-20 19:32:42,380 - AdaPoinTr - INFO - [Epoch 98/200][Batch 201/2622] BatchTime = 0.711 (s) DataTime = 0.001 (s) Losses = ['5.3590', '41.3279'] lr = 0.0000119
2025-07-20 19:33:54,161 - AdaPoinTr - INFO - [Epoch 98/200][Batch 301/2622] BatchTime = 0.714 (s) DataTime = 0.001 (s) Losses = ['4.9494', '37.7312'] lr = 0.0000119
2025-07-20 19:35:05,989 - AdaPoinTr - INFO - [Epoch 98/200][Batch 401/2622] BatchTime = 0.715 (s) DataTime = 0.001 (s) Losses = ['5.3379', '39.0769'] lr = 0.0000119
2025-07-20 19:36:17,777 - AdaPoinTr - INFO - [Epoch 98/200][Batch 501/2622] BatchTime = 0.715 (s) DataTime = 0.001 (s) Losses = ['5.3957', '39.8289'] lr = 0.0000119
2025-07-20 19:37:29,602 - AdaPoinTr - INFO - [Epoch 98/200][Batch 601/2622] BatchTime = 0.711 (s) DataTime = 0.001 (s) Losses = ['5.4541', '40.8402'] lr = 0.0000119
2025-07-20 19:38:41,402 - AdaPoinTr - INFO - [Epoch 98/200][Batch 701/2622] BatchTime = 0.709 (s) DataTime = 0.001 (s) Losses = ['5.3808', '41.9235'] lr = 0.0000119
2025-07-20 19:39:53,186 - AdaPoinTr - INFO - [Epoch 98/200][Batch 801/2622] BatchTime = 0.707 (s) DataTime = 0.001 (s) Losses = ['5.1956', '40.0019'] lr = 0.0000119
2025-07-20 19:41:05,030 - AdaPoinTr - INFO - [Epoch 98/200][Batch 901/2622] BatchTime = 0.704 (s) DataTime = 0.001 (s) Losses = ['4.9072', '44.1918'] lr = 0.0000119
2025-07-20 19:42:16,806 - AdaPoinTr - INFO - [Epoch 98/200][Batch 1001/2622] BatchTime = 0.714 (s) DataTime = 0.001 (s) Losses = ['6.0791', '45.2199'] lr = 0.0000119
2025-07-20 19:43:28,600 - AdaPoinTr - INFO - [Epoch 98/200][Batch 1101/2622] BatchTime = 0.715 (s) DataTime = 0.001 (s) Losses = ['5.0553', '37.2145'] lr = 0.0000119
2025-07-20 19:44:40,410 - AdaPoinTr - INFO - [Epoch 98/200][Batch 1201/2622] BatchTime = 0.717 (s) DataTime = 0.001 (s) Losses = ['5.0118', '37.6280'] lr = 0.0000119
2025-07-20 19:45:52,256 - AdaPoinTr - INFO - [Epoch 98/200][Batch 1301/2622] BatchTime = 0.713 (s) DataTime = 0.001 (s) Losses = ['5.8621', '43.9277'] lr = 0.0000119
2025-07-20 19:47:04,078 - AdaPoinTr - INFO - [Epoch 98/200][Batch 1401/2622] BatchTime = 0.712 (s) DataTime = 0.001 (s) Losses = ['4.8390', '37.5465'] lr = 0.0000119
2025-07-20 19:48:15,909 - AdaPoinTr - INFO - [Epoch 98/200][Batch 1501/2622] BatchTime = 0.715 (s) DataTime = 0.001 (s) Losses = ['4.4211', '33.1613'] lr = 0.0000119
2025-07-20 19:49:27,735 - AdaPoinTr - INFO - [Epoch 98/200][Batch 1601/2622] BatchTime = 0.712 (s) DataTime = 0.001 (s) Losses = ['5.5391', '45.1187'] lr = 0.0000119
2025-07-20 19:50:39,549 - AdaPoinTr - INFO - [Epoch 98/200][Batch 1701/2622] BatchTime = 0.707 (s) DataTime = 0.001 (s) Losses = ['6.3837', '48.3186'] lr = 0.0000119
2025-07-20 19:51:51,363 - AdaPoinTr - INFO - [Epoch 98/200][Batch 1801/2622] BatchTime = 0.708 (s) DataTime = 0.001 (s) Losses = ['4.8974', '36.3662'] lr = 0.0000119
2025-07-20 19:53:03,167 - AdaPoinTr - INFO - [Epoch 98/200][Batch 1901/2622] BatchTime = 0.715 (s) DataTime = 0.001 (s) Losses = ['6.3530', '45.7250'] lr = 0.0000119
2025-07-20 19:54:14,983 - AdaPoinTr - INFO - [Epoch 98/200][Batch 2001/2622] BatchTime = 0.713 (s) DataTime = 0.001 (s) Losses = ['5.3438', '41.2184'] lr = 0.0000119
2025-07-20 19:55:26,828 - AdaPoinTr - INFO - [Epoch 98/200][Batch 2101/2622] BatchTime = 0.715 (s) DataTime = 0.001 (s) Losses = ['5.1312', '41.8034'] lr = 0.0000119
2025-07-20 19:56:38,601 - AdaPoinTr - INFO - [Epoch 98/200][Batch 2201/2622] BatchTime = 0.706 (s) DataTime = 0.001 (s) Losses = ['5.5761', '41.2025'] lr = 0.0000119
2025-07-20 19:57:50,395 - AdaPoinTr - INFO - [Epoch 98/200][Batch 2301/2622] BatchTime = 0.705 (s) DataTime = 0.001 (s) Losses = ['5.2779', '42.1837'] lr = 0.0000119
2025-07-20 19:59:02,242 - AdaPoinTr - INFO - [Epoch 98/200][Batch 2401/2622] BatchTime = 0.705 (s) DataTime = 0.001 (s) Losses = ['5.4793', '42.4988'] lr = 0.0000119
2025-07-20 20:00:14,023 - AdaPoinTr - INFO - [Epoch 98/200][Batch 2501/2622] BatchTime = 0.715 (s) DataTime = 0.001 (s) Losses = ['4.7013', '33.6978'] lr = 0.0000119
2025-07-20 20:01:25,830 - AdaPoinTr - INFO - [Epoch 98/200][Batch 2601/2622] BatchTime = 0.714 (s) DataTime = 0.001 (s) Losses = ['5.0738', '37.3070'] lr = 0.0000119
2025-07-20 20:01:40,954 - AdaPoinTr - INFO - [Training] EPOCH: 98 EpochTime = 1882.984 (s) Losses = ['5.2629', '40.2058']
2025-07-20 20:01:41,417 - AdaPoinTr - INFO - Save checkpoint at ./experiments/AdaPoinTr/ShapeNet55_models/AdaPoinTr/ckpt-last.pth
2025-07-20 20:01:42,230 - AdaPoinTr - INFO - [Epoch 99/200][Batch 1/2622] BatchTime = 0.812 (s) DataTime = 0.092 (s) Losses = ['5.8170', '43.2776'] lr = 0.0000117
2025-07-20 20:02:54,064 - AdaPoinTr - INFO - [Epoch 99/200][Batch 101/2622] BatchTime = 0.722 (s) DataTime = 0.001 (s) Losses = ['5.2303', '39.3514'] lr = 0.0000117
2025-07-20 20:04:05,901 - AdaPoinTr - INFO - [Epoch 99/200][Batch 201/2622] BatchTime = 0.715 (s) DataTime = 0.001 (s) Losses = ['4.8235', '40.0985'] lr = 0.0000117
2025-07-20 20:05:17,723 - AdaPoinTr - INFO - [Epoch 99/200][Batch 301/2622] BatchTime = 0.711 (s) DataTime = 0.001 (s) Losses = ['5.0078', '37.7323'] lr = 0.0000117
2025-07-20 20:06:12,706 - AdaPoinTr - INFO - [Epoch 99/200][Batch 401/2622] BatchTime = 0.513 (s) DataTime = 0.001 (s) Losses = ['5.5358', '45.1936'] lr = 0.0000117
2025-07-20 20:07:04,247 - AdaPoinTr - INFO - [Epoch 99/200][Batch 501/2622] BatchTime = 0.508 (s) DataTime = 0.001 (s) Losses = ['4.8354', '35.6962'] lr = 0.0000117
2025-07-20 20:07:55,855 - AdaPoinTr - INFO - [Epoch 99/200][Batch 601/2622] BatchTime = 0.518 (s) DataTime = 0.001 (s) Losses = ['5.3760', '40.4573'] lr = 0.0000117
2025-07-20 20:08:47,436 - AdaPoinTr - INFO - [Epoch 99/200][Batch 701/2622] BatchTime = 0.512 (s) DataTime = 0.001 (s) Losses = ['5.7695', '43.9886'] lr = 0.0000117
2025-07-20 20:09:39,014 - AdaPoinTr - INFO - [Epoch 99/200][Batch 801/2622] BatchTime = 0.512 (s) DataTime = 0.001 (s) Losses = ['4.7448', '33.9895'] lr = 0.0000117
2025-07-20 20:10:30,603 - AdaPoinTr - INFO - [Epoch 99/200][Batch 901/2622] BatchTime = 0.509 (s) DataTime = 0.001 (s) Losses = ['5.6549', '41.8114'] lr = 0.0000117
2025-07-20 20:11:22,182 - AdaPoinTr - INFO - [Epoch 99/200][Batch 1001/2622] BatchTime = 0.509 (s) DataTime = 0.001 (s) Losses = ['5.2143', '38.9395'] lr = 0.0000117
2025-07-20 20:12:13,740 - AdaPoinTr - INFO - [Epoch 99/200][Batch 1101/2622] BatchTime = 0.508 (s) DataTime = 0.001 (s) Losses = ['5.0284', '35.5093'] lr = 0.0000117
2025-07-20 20:13:05,292 - AdaPoinTr - INFO - [Epoch 99/200][Batch 1201/2622] BatchTime = 0.512 (s) DataTime = 0.001 (s) Losses = ['5.1358', '37.6236'] lr = 0.0000117
2025-07-20 20:13:56,864 - AdaPoinTr - INFO - [Epoch 99/200][Batch 1301/2622] BatchTime = 0.517 (s) DataTime = 0.001 (s) Losses = ['5.4606', '41.8139'] lr = 0.0000117
2025-07-20 20:14:48,454 - AdaPoinTr - INFO - [Epoch 99/200][Batch 1401/2622] BatchTime = 0.513 (s) DataTime = 0.001 (s) Losses = ['5.4603', '39.1457'] lr = 0.0000117
2025-07-20 20:15:40,049 - AdaPoinTr - INFO - [Epoch 99/200][Batch 1501/2622] BatchTime = 0.515 (s) DataTime = 0.001 (s) Losses = ['5.2129', '39.6045'] lr = 0.0000117
2025-07-20 20:16:31,643 - AdaPoinTr - INFO - [Epoch 99/200][Batch 1601/2622] BatchTime = 0.512 (s) DataTime = 0.002 (s) Losses = ['4.8911', '37.0247'] lr = 0.0000117
2025-07-20 20:17:36,541 - AdaPoinTr - INFO - [Epoch 99/200][Batch 1701/2622] BatchTime = 0.717 (s) DataTime = 0.001 (s) Losses = ['4.6987', '37.3975'] lr = 0.0000117
2025-07-20 20:18:48,408 - AdaPoinTr - INFO - [Epoch 99/200][Batch 1801/2622] BatchTime = 0.714 (s) DataTime = 0.001 (s) Losses = ['5.5089', '38.4931'] lr = 0.0000117
2025-07-20 20:20:00,290 - AdaPoinTr - INFO - [Epoch 99/200][Batch 1901/2622] BatchTime = 0.709 (s) DataTime = 0.001 (s) Losses = ['4.6599', '36.9483'] lr = 0.0000117
2025-07-20 20:21:12,108 - AdaPoinTr - INFO - [Epoch 99/200][Batch 2001/2622] BatchTime = 0.708 (s) DataTime = 0.001 (s) Losses = ['5.5767', '43.0359'] lr = 0.0000117
2025-07-20 20:22:23,932 - AdaPoinTr - INFO - [Epoch 99/200][Batch 2101/2622] BatchTime = 0.707 (s) DataTime = 0.001 (s) Losses = ['5.8220', '41.2451'] lr = 0.0000117
2025-07-20 20:23:35,710 - AdaPoinTr - INFO - [Epoch 99/200][Batch 2201/2622] BatchTime = 0.711 (s) DataTime = 0.001 (s) Losses = ['4.7018', '33.6806'] lr = 0.0000117
2025-07-20 20:24:47,564 - AdaPoinTr - INFO - [Epoch 99/200][Batch 2301/2622] BatchTime = 0.716 (s) DataTime = 0.001 (s) Losses = ['5.5214', '43.0787'] lr = 0.0000117
2025-07-20 20:25:59,377 - AdaPoinTr - INFO - [Epoch 99/200][Batch 2401/2622] BatchTime = 0.715 (s) DataTime = 0.001 (s) Losses = ['5.2310', '40.3478'] lr = 0.0000117
2025-07-20 20:27:11,163 - AdaPoinTr - INFO - [Epoch 99/200][Batch 2501/2622] BatchTime = 0.709 (s) DataTime = 0.001 (s) Losses = ['5.8143', '42.4687'] lr = 0.0000117
2025-07-20 20:28:22,984 - AdaPoinTr - INFO - [Epoch 99/200][Batch 2601/2622] BatchTime = 0.709 (s) DataTime = 0.001 (s) Losses = ['4.8256', '37.2243'] lr = 0.0000117
2025-07-20 20:28:38,097 - AdaPoinTr - INFO - [Training] EPOCH: 99 EpochTime = 1616.679 (s) Losses = ['5.2594', '40.0924']
2025-07-20 20:28:38,567 - AdaPoinTr - INFO - Save checkpoint at ./experiments/AdaPoinTr/ShapeNet55_models/AdaPoinTr/ckpt-last.pth
2025-07-20 20:28:39,372 - AdaPoinTr - INFO - [Epoch 100/200][Batch 1/2622] BatchTime = 0.805 (s) DataTime = 0.091 (s) Losses = ['5.2239', '37.3161'] lr = 0.0000114
2025-07-20 20:29:51,179 - AdaPoinTr - INFO - [Epoch 100/200][Batch 101/2622] BatchTime = 0.706 (s) DataTime = 0.001 (s) Losses = ['5.3378', '42.8213'] lr = 0.0000114
2025-07-20 20:31:02,988 - AdaPoinTr - INFO - [Epoch 100/200][Batch 201/2622] BatchTime = 0.705 (s) DataTime = 0.001 (s) Losses = ['5.0303', '37.8929'] lr = 0.0000114
2025-07-20 20:32:14,779 - AdaPoinTr - INFO - [Epoch 100/200][Batch 301/2622] BatchTime = 0.708 (s) DataTime = 0.001 (s) Losses = ['5.3441', '39.4302'] lr = 0.0000114
2025-07-20 20:33:26,659 - AdaPoinTr - INFO - [Epoch 100/200][Batch 401/2622] BatchTime = 0.710 (s) DataTime = 0.001 (s) Losses = ['5.6991', '43.5574'] lr = 0.0000114
2025-07-20 20:34:38,463 - AdaPoinTr - INFO - [Epoch 100/200][Batch 501/2622] BatchTime = 0.716 (s) DataTime = 0.001 (s) Losses = ['5.3190', '41.0925'] lr = 0.0000114
2025-07-20 20:35:50,223 - AdaPoinTr - INFO - [Epoch 100/200][Batch 601/2622] BatchTime = 0.713 (s) DataTime = 0.001 (s) Losses = ['5.6187', '39.8330'] lr = 0.0000114
2025-07-20 20:37:02,045 - AdaPoinTr - INFO - [Epoch 100/200][Batch 701/2622] BatchTime = 0.715 (s) DataTime = 0.001 (s) Losses = ['5.1394', '39.3346'] lr = 0.0000114
2025-07-20 20:38:13,843 - AdaPoinTr - INFO - [Epoch 100/200][Batch 801/2622] BatchTime = 0.709 (s) DataTime = 0.001 (s) Losses = ['4.7953', '36.7155'] lr = 0.0000114
2025-07-20 20:39:25,677 - AdaPoinTr - INFO - [Epoch 100/200][Batch 901/2622] BatchTime = 0.709 (s) DataTime = 0.001 (s) Losses = ['5.2146', '37.4616'] lr = 0.0000114
2025-07-20 20:40:37,446 - AdaPoinTr - INFO - [Epoch 100/200][Batch 1001/2622] BatchTime = 0.704 (s) DataTime = 0.001 (s) Losses = ['5.4850', '41.5409'] lr = 0.0000114
2025-07-20 20:41:49,232 - AdaPoinTr - INFO - [Epoch 100/200][Batch 1101/2622] BatchTime = 0.713 (s) DataTime = 0.001 (s) Losses = ['5.1164', '38.4685'] lr = 0.0000114
2025-07-20 20:43:01,012 - AdaPoinTr - INFO - [Epoch 100/200][Batch 1201/2622] BatchTime = 0.720 (s) DataTime = 0.001 (s) Losses = ['4.8641', '42.1011'] lr = 0.0000114
2025-07-20 20:44:12,842 - AdaPoinTr - INFO - [Epoch 100/200][Batch 1301/2622] BatchTime = 0.711 (s) DataTime = 0.001 (s) Losses = ['5.0964', '36.8216'] lr = 0.0000114
2025-07-20 20:45:24,633 - AdaPoinTr - INFO - [Epoch 100/200][Batch 1401/2622] BatchTime = 0.713 (s) DataTime = 0.001 (s) Losses = ['5.4371', '41.3539'] lr = 0.0000114
2025-07-20 20:46:36,445 - AdaPoinTr - INFO - [Epoch 100/200][Batch 1501/2622] BatchTime = 0.711 (s) DataTime = 0.001 (s) Losses = ['5.1738', '35.5824'] lr = 0.0000114
2025-07-20 20:47:48,273 - AdaPoinTr - INFO - [Epoch 100/200][Batch 1601/2622] BatchTime = 0.708 (s) DataTime = 0.001 (s) Losses = ['5.3295', '37.2926'] lr = 0.0000114
2025-07-20 20:49:00,123 - AdaPoinTr - INFO - [Epoch 100/200][Batch 1701/2622] BatchTime = 0.709 (s) DataTime = 0.001 (s) Losses = ['5.0597', '39.8668'] lr = 0.0000114
2025-07-20 20:50:11,931 - AdaPoinTr - INFO - [Epoch 100/200][Batch 1801/2622] BatchTime = 0.707 (s) DataTime = 0.001 (s) Losses = ['5.8900', '44.9005'] lr = 0.0000114
2025-07-20 20:51:23,704 - AdaPoinTr - INFO - [Epoch 100/200][Batch 1901/2622] BatchTime = 0.716 (s) DataTime = 0.001 (s) Losses = ['5.3778', '41.6936'] lr = 0.0000114
2025-07-20 20:52:35,570 - AdaPoinTr - INFO - [Epoch 100/200][Batch 2001/2622] BatchTime = 0.715 (s) DataTime = 0.001 (s) Losses = ['5.6115', '40.8104'] lr = 0.0000114
2025-07-20 20:53:47,351 - AdaPoinTr - INFO - [Epoch 100/200][Batch 2101/2622] BatchTime = 0.716 (s) DataTime = 0.001 (s) Losses = ['5.9820', '45.8103'] lr = 0.0000114
2025-07-20 20:54:59,153 - AdaPoinTr - INFO - [Epoch 100/200][Batch 2201/2622] BatchTime = 0.717 (s) DataTime = 0.001 (s) Losses = ['4.8338', '38.5483'] lr = 0.0000114
2025-07-20 20:56:10,986 - AdaPoinTr - INFO - [Epoch 100/200][Batch 2301/2622] BatchTime = 0.709 (s) DataTime = 0.001 (s) Losses = ['5.1145', '39.0929'] lr = 0.0000114
2025-07-20 20:57:22,860 - AdaPoinTr - INFO - [Epoch 100/200][Batch 2401/2622] BatchTime = 0.713 (s) DataTime = 0.001 (s) Losses = ['5.2347', '45.0415'] lr = 0.0000114
2025-07-20 20:58:34,667 - AdaPoinTr - INFO - [Epoch 100/200][Batch 2501/2622] BatchTime = 0.711 (s) DataTime = 0.001 (s) Losses = ['4.5497', '37.0479'] lr = 0.0000114
2025-07-20 20:59:46,497 - AdaPoinTr - INFO - [Epoch 100/200][Batch 2601/2622] BatchTime = 0.713 (s) DataTime = 0.001 (s) Losses = ['5.0954', '38.0882'] lr = 0.0000114
2025-07-20 21:00:01,609 - AdaPoinTr - INFO - [Training] EPOCH: 100 EpochTime = 1883.042 (s) Losses = ['5.2706', '40.2781']
2025-07-20 21:00:01,610 - AdaPoinTr - INFO - [VALIDATION] Start validating epoch 100
2025-07-20 21:01:08,645 - AdaPoinTr - INFO - Test[1051/10518] Taxonomy = 02691156 Sample = c7749c0a8b61f43bc9b9e28055202e3d Losses = ['20.7186', '1.7006', '9.3831', '0.3216'] Metrics = ['0.5624', '9.3831', '0.3216', '0.0000']
2025-07-20 21:02:15,564 - AdaPoinTr - INFO - Test[2102/10518] Taxonomy = 03211117 Sample = ab2f9418c111cc6ddb965514105122a4 Losses = ['19.7672', '1.3805', '7.5834', '0.1871'] Metrics = ['0.6470', '7.5834', '0.1871', '0.0000']
2025-07-20 21:03:22,501 - AdaPoinTr - INFO - Test[3153/10518] Taxonomy = 02876657 Sample = c5032e4be091aabb36fe7a88df793982 Losses = ['39.3904', '7.0533', '14.6824', '0.9092'] Metrics = ['0.3412', '14.6824', '0.9092', '0.0000']
2025-07-20 21:04:29,483 - AdaPoinTr - INFO - Test[4204/10518] Taxonomy = 03211117 Sample = 722df1da5778d45b1e43523279c7f09f Losses = ['27.7050', '2.7881', '11.4042', '0.5152'] Metrics = ['0.4401', '11.4042', '0.5152', '0.0000']
2025-07-20 21:05:36,124 - AdaPoinTr - INFO - Test[5255/10518] Taxonomy = 02828884 Sample = 14b63361a48a9fffe4a048c146e8bd43 Losses = ['26.8402', '2.6401', '11.9604', '0.6196'] Metrics = ['0.4455', '11.9604', '0.6196', '0.0000']
2025-07-20 21:06:42,990 - AdaPoinTr - INFO - Test[6306/10518] Taxonomy = 03211117 Sample = d330d50a0255529d19ed6e1a590c9122 Losses = ['22.6591', '2.0148', '9.7525', '0.3102'] Metrics = ['0.4948', '9.7525', '0.3102', '0.0000']
2025-07-20 21:07:49,885 - AdaPoinTr - INFO - Test[7357/10518] Taxonomy = 04379243 Sample = b1ca280d9567270ade98d10ab5975b59 Losses = ['42.1663', '9.5621', '20.3976', '2.2294'] Metrics = ['0.2610', '20.3976', '2.2294', '0.0000']
2025-07-20 21:08:56,902 - AdaPoinTr - INFO - Test[8408/10518] Taxonomy = 03001627 Sample = 89208a619341d9fdb8c516ed5c4ce32 Losses = ['30.9844', '3.6007', '14.8119', '0.7685'] Metrics = ['0.2737', '14.8119', '0.7685', '0.0000']
2025-07-20 21:10:03,877 - AdaPoinTr - INFO - Test[9459/10518] Taxonomy = 03001627 Sample = d0255120e3351121c3bd24f986301745 Losses = ['39.0418', '5.9927', '17.9643', '1.3197'] Metrics = ['0.2211', '17.9643', '1.3197', '0.0000']
2025-07-20 21:11:10,805 - AdaPoinTr - INFO - Test[10510/10518] Taxonomy = 03636649 Sample = ea9ec4d9db2e06202471e6dd5ac3ef92 Losses = ['18.4938', '1.4381', '6.8185', '0.1939'] Metrics = ['0.7930', '6.8185', '0.1939', '0.0000']
2025-07-20 21:11:11,341 - AdaPoinTr - INFO - [Validation] EPOCH: 100  Metrics = ['0.3804', '13.7981', '0.8961', '0.0000']
2025-07-20 21:11:11,341 - AdaPoinTr - INFO - ============================ TEST RESULTS ============================
2025-07-20 21:11:11,341 - AdaPoinTr - INFO - Taxonomy	#Sample	F-Score	CDL1	CDL2	EMDistance	#ModelName	
2025-07-20 21:11:11,341 - AdaPoinTr - INFO - 03759954	14	0.575 	12.672 	1.393 	0.000 	microphone	
2025-07-20 21:11:11,341 - AdaPoinTr - INFO - 04330267	44	0.296 	15.764 	1.164 	0.000 	stove	
2025-07-20 21:11:11,341 - AdaPoinTr - INFO - 03261776	15	0.343 	16.141 	1.192 	0.000 	earphone	
2025-07-20 21:11:11,341 - AdaPoinTr - INFO - 03513137	33	0.218 	20.268 	2.026 	0.000 	helmet	
2025-07-20 21:11:11,341 - AdaPoinTr - INFO - 04460130	27	0.425 	13.459 	0.800 	0.000 	tower	
2025-07-20 21:11:11,341 - AdaPoinTr - INFO - 04468005	78	0.402 	12.528 	0.670 	0.000 	train	
2025-07-20 21:11:11,341 - AdaPoinTr - INFO - 03761084	31	0.250 	16.462 	1.153 	0.000 	microwaves	
2025-07-20 21:11:11,341 - AdaPoinTr - INFO - 04004475	34	0.273 	17.446 	1.514 	0.000 	printer	
2025-07-20 21:11:11,341 - AdaPoinTr - INFO - 03938244	20	0.307 	14.419 	0.824 	0.000 	pillow	
2025-07-20 21:11:11,341 - AdaPoinTr - INFO - 02992529	167	0.434 	10.723 	0.408 	0.000 	cellphone	
2025-07-20 21:11:11,341 - AdaPoinTr - INFO - 02808440	172	0.302 	14.617 	0.958 	0.000 	bathtub	
2025-07-20 21:11:11,341 - AdaPoinTr - INFO - 04530566	388	0.514 	10.969 	0.571 	0.000 	watercraft	
2025-07-20 21:11:11,341 - AdaPoinTr - INFO - 02871439	91	0.264 	16.012 	1.099 	0.000 	bookshelf	
2025-07-20 21:11:11,341 - AdaPoinTr - INFO - 03593526	120	0.277 	16.798 	1.237 	0.000 	jar	
2025-07-20 21:11:11,341 - AdaPoinTr - INFO - 04554684	34	0.239 	17.119 	1.301 	0.000 	washer	
2025-07-20 21:11:11,341 - AdaPoinTr - INFO - 03467517	160	0.826 	6.449 	0.192 	0.000 	guitar	
2025-07-20 21:11:11,341 - AdaPoinTr - INFO - 04401088	218	0.438 	10.576 	0.437 	0.000 	telephone	
2025-07-20 21:11:11,341 - AdaPoinTr - INFO - 02954340	12	0.317 	14.167 	0.798 	0.000 	cap	
2025-07-20 21:11:11,341 - AdaPoinTr - INFO - 02933112	315	0.251 	14.843 	0.782 	0.000 	cabinet	
2025-07-20 21:11:11,341 - AdaPoinTr - INFO - 03642806	92	0.398 	10.813 	0.381 	0.000 	laptop	
2025-07-20 21:11:11,341 - AdaPoinTr - INFO - 02924116	188	0.375 	12.200 	0.552 	0.000 	bus	
2025-07-20 21:11:11,341 - AdaPoinTr - INFO - 02946921	22	0.270 	14.849 	0.884 	0.000 	can	
2025-07-20 21:11:11,341 - AdaPoinTr - INFO - 02818832	47	0.295 	15.722 	1.087 	0.000 	bed	
2025-07-20 21:11:11,341 - AdaPoinTr - INFO - 04256520	635	0.309 	13.910 	0.726 	0.000 	sofa	
2025-07-20 21:11:11,341 - AdaPoinTr - INFO - 04379243	1687	0.397 	12.297 	0.673 	0.000 	table	
2025-07-20 21:11:11,341 - AdaPoinTr - INFO - 02747177	69	0.205 	17.056 	1.081 	0.000 	trash bin	
2025-07-20 21:11:11,341 - AdaPoinTr - INFO - 03046257	131	0.325 	14.069 	0.804 	0.000 	clock	
2025-07-20 21:11:11,341 - AdaPoinTr - INFO - 04225987	31	0.567 	9.644 	0.413 	0.000 	skateboard	
2025-07-20 21:11:11,341 - AdaPoinTr - INFO - 03797390	43	0.205 	18.033 	1.259 	0.000 	mug	
2025-07-20 21:11:11,341 - AdaPoinTr - INFO - 03001627	1356	0.382 	13.295 	0.796 	0.000 	chair	
2025-07-20 21:11:11,341 - AdaPoinTr - INFO - 03691459	320	0.265 	16.972 	1.314 	0.000 	loudspeaker	
2025-07-20 21:11:11,342 - AdaPoinTr - INFO - 02942699	23	0.250 	18.354 	1.540 	0.000 	camera	
2025-07-20 21:11:11,342 - AdaPoinTr - INFO - 03636649	464	0.551 	12.842 	1.265 	0.000 	lamp	
2025-07-20 21:11:11,342 - AdaPoinTr - INFO - 02691156	809	0.588 	9.317 	0.394 	0.000 	airplane	
2025-07-20 21:11:11,342 - AdaPoinTr - INFO - 02773838	17	0.368 	13.907 	0.948 	0.000 	bag	
2025-07-20 21:11:11,342 - AdaPoinTr - INFO - 02958343	703	0.229 	15.855 	0.896 	0.000 	car	
2025-07-20 21:11:11,342 - AdaPoinTr - INFO - 02880940	38	0.244 	15.257 	0.835 	0.000 	bowl	
2025-07-20 21:11:11,342 - AdaPoinTr - INFO - 04099429	17	0.725 	8.850 	0.539 	0.000 	rocket	
2025-07-20 21:11:11,342 - AdaPoinTr - INFO - 02828884	363	0.453 	10.877 	0.527 	0.000 	bench	
2025-07-20 21:11:11,342 - AdaPoinTr - INFO - 04090263	475	0.701 	8.420 	0.403 	0.000 	rifle	
2025-07-20 21:11:11,342 - AdaPoinTr - INFO - 03211117	219	0.365 	12.911 	0.720 	0.000 	display	
2025-07-20 21:11:11,342 - AdaPoinTr - INFO - 02876657	100	0.442 	11.624 	0.572 	0.000 	bottle	
2025-07-20 21:11:11,342 - AdaPoinTr - INFO - 03710193	19	0.554 	12.284 	1.061 	0.000 	mailbox	
2025-07-20 21:11:11,342 - AdaPoinTr - INFO - 03790512	68	0.264 	16.337 	1.084 	0.000 	motorbike	
2025-07-20 21:11:11,342 - AdaPoinTr - INFO - 03325088	149	0.472 	14.474 	1.383 	0.000 	faucet	
2025-07-20 21:11:11,342 - AdaPoinTr - INFO - 02801938	23	0.236 	16.687 	1.211 	0.000 	basket	
2025-07-20 21:11:11,342 - AdaPoinTr - INFO - 03337140	60	0.252 	15.632 	0.947 	0.000 	file cabinet	
2025-07-20 21:11:11,342 - AdaPoinTr - INFO - 02843684	15	0.246 	17.878 	1.338 	0.000 	birdhouse	
2025-07-20 21:11:11,342 - AdaPoinTr - INFO - 03624134	85	0.793 	6.970 	0.254 	0.000 	knife	
2025-07-20 21:11:11,342 - AdaPoinTr - INFO - 03991062	121	0.246 	19.029 	1.714 	0.000 	flowerpot	
2025-07-20 21:11:11,342 - AdaPoinTr - INFO - 03948459	62	0.488 	11.291 	0.594 	0.000 	pistol	
2025-07-20 21:11:11,342 - AdaPoinTr - INFO - 03928116	48	0.302 	15.437 	1.134 	0.000 	piano	
2025-07-20 21:11:11,342 - AdaPoinTr - INFO - 03207941	19	0.252 	15.049 	0.804 	0.000 	dishwasher	
2025-07-20 21:11:11,342 - AdaPoinTr - INFO - 04074963	14	0.492 	9.715 	0.313 	0.000 	remote	
2025-07-20 21:11:11,342 - AdaPoinTr - INFO - 03085013	13	0.463 	9.607 	0.327 	0.000 	keyboard	
2025-07-20 21:11:11,342 - AdaPoinTr - INFO - Overall		0.380 	13.798 	0.896 	0.000 	
2025-07-20 21:11:11,798 - AdaPoinTr - INFO - Save checkpoint at ./experiments/AdaPoinTr/ShapeNet55_models/AdaPoinTr/ckpt-best.pth
2025-07-20 21:11:12,331 - AdaPoinTr - INFO - Save checkpoint at ./experiments/AdaPoinTr/ShapeNet55_models/AdaPoinTr/ckpt-last.pth
2025-07-20 21:11:13,136 - AdaPoinTr - INFO - [Epoch 101/200][Batch 1/2622] BatchTime = 0.804 (s) DataTime = 0.091 (s) Losses = ['5.0951', '39.3094'] lr = 0.0000112
2025-07-20 21:12:24,943 - AdaPoinTr - INFO - [Epoch 101/200][Batch 101/2622] BatchTime = 0.715 (s) DataTime = 0.001 (s) Losses = ['5.5653', '40.3039'] lr = 0.0000112
2025-07-20 21:13:36,781 - AdaPoinTr - INFO - [Epoch 101/200][Batch 201/2622] BatchTime = 0.721 (s) DataTime = 0.001 (s) Losses = ['5.3483', '41.0471'] lr = 0.0000112
2025-07-20 21:14:48,611 - AdaPoinTr - INFO - [Epoch 101/200][Batch 301/2622] BatchTime = 0.707 (s) DataTime = 0.001 (s) Losses = ['5.1675', '37.4506'] lr = 0.0000112
2025-07-20 21:16:00,451 - AdaPoinTr - INFO - [Epoch 101/200][Batch 401/2622] BatchTime = 0.714 (s) DataTime = 0.001 (s) Losses = ['4.8358', '36.0919'] lr = 0.0000112
2025-07-20 21:17:12,236 - AdaPoinTr - INFO - [Epoch 101/200][Batch 501/2622] BatchTime = 0.704 (s) DataTime = 0.001 (s) Losses = ['5.1951', '38.7916'] lr = 0.0000112
2025-07-20 21:18:24,043 - AdaPoinTr - INFO - [Epoch 101/200][Batch 601/2622] BatchTime = 0.709 (s) DataTime = 0.001 (s) Losses = ['4.6865', '38.1905'] lr = 0.0000112
2025-07-20 21:19:35,849 - AdaPoinTr - INFO - [Epoch 101/200][Batch 701/2622] BatchTime = 0.720 (s) DataTime = 0.001 (s) Losses = ['5.7124', '41.2238'] lr = 0.0000112
2025-07-20 21:20:47,663 - AdaPoinTr - INFO - [Epoch 101/200][Batch 801/2622] BatchTime = 0.718 (s) DataTime = 0.001 (s) Losses = ['5.3813', '39.1782'] lr = 0.0000112
2025-07-20 21:21:59,488 - AdaPoinTr - INFO - [Epoch 101/200][Batch 901/2622] BatchTime = 0.715 (s) DataTime = 0.001 (s) Losses = ['5.2903', '41.3198'] lr = 0.0000112
2025-07-20 21:23:11,270 - AdaPoinTr - INFO - [Epoch 101/200][Batch 1001/2622] BatchTime = 0.713 (s) DataTime = 0.001 (s) Losses = ['4.8438', '37.5798'] lr = 0.0000112
2025-07-20 21:24:23,042 - AdaPoinTr - INFO - [Epoch 101/200][Batch 1101/2622] BatchTime = 0.711 (s) DataTime = 0.001 (s) Losses = ['5.3996', '40.3862'] lr = 0.0000112
2025-07-20 21:25:34,842 - AdaPoinTr - INFO - [Epoch 101/200][Batch 1201/2622] BatchTime = 0.709 (s) DataTime = 0.001 (s) Losses = ['5.1768', '42.1905'] lr = 0.0000112
2025-07-20 21:26:46,657 - AdaPoinTr - INFO - [Epoch 101/200][Batch 1301/2622] BatchTime = 0.712 (s) DataTime = 0.001 (s) Losses = ['5.4292', '39.7429'] lr = 0.0000112
2025-07-20 21:27:58,482 - AdaPoinTr - INFO - [Epoch 101/200][Batch 1401/2622] BatchTime = 0.709 (s) DataTime = 0.001 (s) Losses = ['5.0676', '38.8328'] lr = 0.0000112
2025-07-20 21:29:10,302 - AdaPoinTr - INFO - [Epoch 101/200][Batch 1501/2622] BatchTime = 0.716 (s) DataTime = 0.001 (s) Losses = ['5.5329', '41.0445'] lr = 0.0000112
2025-07-20 21:30:22,129 - AdaPoinTr - INFO - [Epoch 101/200][Batch 1601/2622] BatchTime = 0.718 (s) DataTime = 0.001 (s) Losses = ['4.6074', '34.9268'] lr = 0.0000112
2025-07-20 21:31:33,893 - AdaPoinTr - INFO - [Epoch 101/200][Batch 1701/2622] BatchTime = 0.714 (s) DataTime = 0.001 (s) Losses = ['5.0985', '39.0133'] lr = 0.0000112
2025-07-20 21:32:45,719 - AdaPoinTr - INFO - [Epoch 101/200][Batch 1801/2622] BatchTime = 0.719 (s) DataTime = 0.001 (s) Losses = ['5.3448', '39.6701'] lr = 0.0000112
2025-07-20 21:33:57,565 - AdaPoinTr - INFO - [Epoch 101/200][Batch 1901/2622] BatchTime = 0.718 (s) DataTime = 0.001 (s) Losses = ['5.7368', '45.6313'] lr = 0.0000112
2025-07-20 21:35:09,350 - AdaPoinTr - INFO - [Epoch 101/200][Batch 2001/2622] BatchTime = 0.713 (s) DataTime = 0.001 (s) Losses = ['5.6671', '42.7429'] lr = 0.0000112
2025-07-20 21:36:21,159 - AdaPoinTr - INFO - [Epoch 101/200][Batch 2101/2622] BatchTime = 0.710 (s) DataTime = 0.001 (s) Losses = ['5.8926', '41.2245'] lr = 0.0000112
2025-07-20 21:37:32,975 - AdaPoinTr - INFO - [Epoch 101/200][Batch 2201/2622] BatchTime = 0.707 (s) DataTime = 0.001 (s) Losses = ['4.3013', '29.6709'] lr = 0.0000112
2025-07-20 21:38:44,787 - AdaPoinTr - INFO - [Epoch 101/200][Batch 2301/2622] BatchTime = 0.705 (s) DataTime = 0.001 (s) Losses = ['5.3037', '40.8094'] lr = 0.0000112
2025-07-20 21:39:56,583 - AdaPoinTr - INFO - [Epoch 101/200][Batch 2401/2622] BatchTime = 0.712 (s) DataTime = 0.001 (s) Losses = ['5.0199', '36.9100'] lr = 0.0000112
2025-07-20 21:41:08,421 - AdaPoinTr - INFO - [Epoch 101/200][Batch 2501/2622] BatchTime = 0.713 (s) DataTime = 0.001 (s) Losses = ['4.6004', '37.9642'] lr = 0.0000112
2025-07-20 21:42:20,289 - AdaPoinTr - INFO - [Epoch 101/200][Batch 2601/2622] BatchTime = 0.713 (s) DataTime = 0.001 (s) Losses = ['4.4569', '33.4196'] lr = 0.0000112
2025-07-20 21:42:35,408 - AdaPoinTr - INFO - [Training] EPOCH: 101 EpochTime = 1883.076 (s) Losses = ['5.2571', '40.0900']
2025-07-20 21:42:35,872 - AdaPoinTr - INFO - Save checkpoint at ./experiments/AdaPoinTr/ShapeNet55_models/AdaPoinTr/ckpt-last.pth
2025-07-20 21:42:36,675 - AdaPoinTr - INFO - [Epoch 102/200][Batch 1/2622] BatchTime = 0.803 (s) DataTime = 0.089 (s) Losses = ['4.7981', '38.6822'] lr = 0.0000109
2025-07-20 21:43:48,498 - AdaPoinTr - INFO - [Epoch 102/200][Batch 101/2622] BatchTime = 0.714 (s) DataTime = 0.001 (s) Losses = ['4.9960', '36.7003'] lr = 0.0000109
2025-07-20 21:45:00,305 - AdaPoinTr - INFO - [Epoch 102/200][Batch 201/2622] BatchTime = 0.716 (s) DataTime = 0.001 (s) Losses = ['5.2129', '39.3433'] lr = 0.0000109
2025-07-20 21:46:12,082 - AdaPoinTr - INFO - [Epoch 102/200][Batch 301/2622] BatchTime = 0.719 (s) DataTime = 0.001 (s) Losses = ['5.7246', '42.5124'] lr = 0.0000109
2025-07-20 21:47:23,878 - AdaPoinTr - INFO - [Epoch 102/200][Batch 401/2622] BatchTime = 0.711 (s) DataTime = 0.001 (s) Losses = ['5.0897', '38.6581'] lr = 0.0000109
2025-07-20 21:48:35,661 - AdaPoinTr - INFO - [Epoch 102/200][Batch 501/2622] BatchTime = 0.708 (s) DataTime = 0.001 (s) Losses = ['5.3073', '38.5302'] lr = 0.0000109
2025-07-20 21:49:47,436 - AdaPoinTr - INFO - [Epoch 102/200][Batch 601/2622] BatchTime = 0.706 (s) DataTime = 0.001 (s) Losses = ['5.3055', '41.1583'] lr = 0.0000109
2025-07-20 21:50:59,260 - AdaPoinTr - INFO - [Epoch 102/200][Batch 701/2622] BatchTime = 0.709 (s) DataTime = 0.001 (s) Losses = ['5.1181', '38.6081'] lr = 0.0000109
2025-07-20 21:52:10,703 - AdaPoinTr - INFO - [Epoch 102/200][Batch 801/2622] BatchTime = 0.718 (s) DataTime = 0.001 (s) Losses = ['5.0856', '38.5688'] lr = 0.0000109
2025-07-20 21:53:22,503 - AdaPoinTr - INFO - [Epoch 102/200][Batch 901/2622] BatchTime = 0.725 (s) DataTime = 0.001 (s) Losses = ['4.7712', '37.0626'] lr = 0.0000109
2025-07-20 21:54:34,318 - AdaPoinTr - INFO - [Epoch 102/200][Batch 1001/2622] BatchTime = 0.720 (s) DataTime = 0.001 (s) Losses = ['5.6943', '40.9700'] lr = 0.0000109
2025-07-20 21:55:46,095 - AdaPoinTr - INFO - [Epoch 102/200][Batch 1101/2622] BatchTime = 0.712 (s) DataTime = 0.001 (s) Losses = ['5.7709', '42.2057'] lr = 0.0000109
2025-07-20 21:56:57,887 - AdaPoinTr - INFO - [Epoch 102/200][Batch 1201/2622] BatchTime = 0.707 (s) DataTime = 0.001 (s) Losses = ['4.4309', '33.6405'] lr = 0.0000109
2025-07-20 21:58:09,685 - AdaPoinTr - INFO - [Epoch 102/200][Batch 1301/2622] BatchTime = 0.705 (s) DataTime = 0.001 (s) Losses = ['5.2393', '39.9713'] lr = 0.0000109
2025-07-20 21:59:21,464 - AdaPoinTr - INFO - [Epoch 102/200][Batch 1401/2622] BatchTime = 0.708 (s) DataTime = 0.001 (s) Losses = ['4.9071', '35.9982'] lr = 0.0000109
2025-07-20 22:00:33,285 - AdaPoinTr - INFO - [Epoch 102/200][Batch 1501/2622] BatchTime = 0.715 (s) DataTime = 0.001 (s) Losses = ['5.3686', '39.1333'] lr = 0.0000109
2025-07-20 22:01:45,094 - AdaPoinTr - INFO - [Epoch 102/200][Batch 1601/2622] BatchTime = 0.714 (s) DataTime = 0.001 (s) Losses = ['5.5753', '43.6209'] lr = 0.0000109
2025-07-20 22:02:56,871 - AdaPoinTr - INFO - [Epoch 102/200][Batch 1701/2622] BatchTime = 0.716 (s) DataTime = 0.001 (s) Losses = ['5.3638', '41.3246'] lr = 0.0000109
2025-07-20 22:04:08,669 - AdaPoinTr - INFO - [Epoch 102/200][Batch 1801/2622] BatchTime = 0.718 (s) DataTime = 0.001 (s) Losses = ['5.1006', '41.8584'] lr = 0.0000109
2025-07-20 22:05:20,468 - AdaPoinTr - INFO - [Epoch 102/200][Batch 1901/2622] BatchTime = 0.711 (s) DataTime = 0.001 (s) Losses = ['5.0344', '40.6670'] lr = 0.0000109
2025-07-20 22:06:32,258 - AdaPoinTr - INFO - [Epoch 102/200][Batch 2001/2622] BatchTime = 0.709 (s) DataTime = 0.001 (s) Losses = ['4.7921', '35.9344'] lr = 0.0000109
2025-07-20 22:07:44,072 - AdaPoinTr - INFO - [Epoch 102/200][Batch 2101/2622] BatchTime = 0.708 (s) DataTime = 0.001 (s) Losses = ['5.5652', '40.9964'] lr = 0.0000109
2025-07-20 22:08:55,881 - AdaPoinTr - INFO - [Epoch 102/200][Batch 2201/2622] BatchTime = 0.707 (s) DataTime = 0.001 (s) Losses = ['5.0096', '42.3100'] lr = 0.0000109
2025-07-20 22:10:07,683 - AdaPoinTr - INFO - [Epoch 102/200][Batch 2301/2622] BatchTime = 0.714 (s) DataTime = 0.001 (s) Losses = ['5.2558', '39.2453'] lr = 0.0000109
2025-07-20 22:11:19,468 - AdaPoinTr - INFO - [Epoch 102/200][Batch 2401/2622] BatchTime = 0.718 (s) DataTime = 0.001 (s) Losses = ['5.1528', '40.7648'] lr = 0.0000109
2025-07-20 22:12:31,270 - AdaPoinTr - INFO - [Epoch 102/200][Batch 2501/2622] BatchTime = 0.715 (s) DataTime = 0.001 (s) Losses = ['4.6950', '34.7822'] lr = 0.0000109
2025-07-20 22:13:43,095 - AdaPoinTr - INFO - [Epoch 102/200][Batch 2601/2622] BatchTime = 0.718 (s) DataTime = 0.001 (s) Losses = ['5.2444', '39.8718'] lr = 0.0000109
2025-07-20 22:13:58,207 - AdaPoinTr - INFO - [Training] EPOCH: 102 EpochTime = 1882.335 (s) Losses = ['5.2641', '40.1296']
2025-07-20 22:13:58,669 - AdaPoinTr - INFO - Save checkpoint at ./experiments/AdaPoinTr/ShapeNet55_models/AdaPoinTr/ckpt-last.pth
2025-07-20 22:13:59,480 - AdaPoinTr - INFO - [Epoch 103/200][Batch 1/2622] BatchTime = 0.809 (s) DataTime = 0.090 (s) Losses = ['5.2075', '40.2231'] lr = 0.0000107
2025-07-20 22:15:11,292 - AdaPoinTr - INFO - [Epoch 103/200][Batch 101/2622] BatchTime = 0.716 (s) DataTime = 0.001 (s) Losses = ['5.5532', '43.1753'] lr = 0.0000107
2025-07-20 22:16:23,059 - AdaPoinTr - INFO - [Epoch 103/200][Batch 201/2622] BatchTime = 0.720 (s) DataTime = 0.001 (s) Losses = ['4.6510', '35.6139'] lr = 0.0000107
2025-07-20 22:17:34,842 - AdaPoinTr - INFO - [Epoch 103/200][Batch 301/2622] BatchTime = 0.713 (s) DataTime = 0.001 (s) Losses = ['5.4643', '42.1370'] lr = 0.0000107
2025-07-20 22:18:46,668 - AdaPoinTr - INFO - [Epoch 103/200][Batch 401/2622] BatchTime = 0.710 (s) DataTime = 0.001 (s) Losses = ['5.5178', '44.9240'] lr = 0.0000107
2025-07-20 22:19:58,495 - AdaPoinTr - INFO - [Epoch 103/200][Batch 501/2622] BatchTime = 0.703 (s) DataTime = 0.001 (s) Losses = ['4.3735', '34.0362'] lr = 0.0000107
2025-07-20 22:21:10,334 - AdaPoinTr - INFO - [Epoch 103/200][Batch 601/2622] BatchTime = 0.704 (s) DataTime = 0.001 (s) Losses = ['5.1693', '40.3940'] lr = 0.0000107
2025-07-20 22:22:22,130 - AdaPoinTr - INFO - [Epoch 103/200][Batch 701/2622] BatchTime = 0.712 (s) DataTime = 0.001 (s) Losses = ['4.7526', '39.1248'] lr = 0.0000107
2025-07-20 22:23:33,955 - AdaPoinTr - INFO - [Epoch 103/200][Batch 801/2622] BatchTime = 0.721 (s) DataTime = 0.001 (s) Losses = ['4.5951', '38.1694'] lr = 0.0000107
2025-07-20 22:24:45,722 - AdaPoinTr - INFO - [Epoch 103/200][Batch 901/2622] BatchTime = 0.720 (s) DataTime = 0.001 (s) Losses = ['4.9938', '39.1186'] lr = 0.0000107
2025-07-20 22:25:57,528 - AdaPoinTr - INFO - [Epoch 103/200][Batch 1001/2622] BatchTime = 0.716 (s) DataTime = 0.001 (s) Losses = ['5.1762', '42.0208'] lr = 0.0000107
2025-07-20 22:27:09,320 - AdaPoinTr - INFO - [Epoch 103/200][Batch 1101/2622] BatchTime = 0.715 (s) DataTime = 0.001 (s) Losses = ['5.3844', '40.9191'] lr = 0.0000107
2025-07-20 22:28:21,124 - AdaPoinTr - INFO - [Epoch 103/200][Batch 1201/2622] BatchTime = 0.710 (s) DataTime = 0.001 (s) Losses = ['5.0448', '42.9899'] lr = 0.0000107
2025-07-20 22:29:32,927 - AdaPoinTr - INFO - [Epoch 103/200][Batch 1301/2622] BatchTime = 0.710 (s) DataTime = 0.001 (s) Losses = ['5.3317', '40.7042'] lr = 0.0000107
2025-07-20 22:30:44,714 - AdaPoinTr - INFO - [Epoch 103/200][Batch 1401/2622] BatchTime = 0.706 (s) DataTime = 0.001 (s) Losses = ['5.4512', '39.5417'] lr = 0.0000107
2025-07-20 22:31:56,563 - AdaPoinTr - INFO - [Epoch 103/200][Batch 1501/2622] BatchTime = 0.705 (s) DataTime = 0.001 (s) Losses = ['5.2799', '39.0269'] lr = 0.0000107
2025-07-20 22:33:08,354 - AdaPoinTr - INFO - [Epoch 103/200][Batch 1601/2622] BatchTime = 0.705 (s) DataTime = 0.001 (s) Losses = ['5.2161', '39.4789'] lr = 0.0000107
2025-07-20 22:34:20,145 - AdaPoinTr - INFO - [Epoch 103/200][Batch 1701/2622] BatchTime = 0.712 (s) DataTime = 0.001 (s) Losses = ['5.7078', '40.2507'] lr = 0.0000107
2025-07-20 22:35:31,937 - AdaPoinTr - INFO - [Epoch 103/200][Batch 1801/2622] BatchTime = 0.717 (s) DataTime = 0.001 (s) Losses = ['4.5395', '35.9498'] lr = 0.0000107
2025-07-20 22:36:43,694 - AdaPoinTr - INFO - [Epoch 103/200][Batch 1901/2622] BatchTime = 0.718 (s) DataTime = 0.001 (s) Losses = ['5.4580', '40.5132'] lr = 0.0000107
2025-07-20 22:37:55,484 - AdaPoinTr - INFO - [Epoch 103/200][Batch 2001/2622] BatchTime = 0.710 (s) DataTime = 0.001 (s) Losses = ['5.7495', '45.9121'] lr = 0.0000107
2025-07-20 22:39:07,310 - AdaPoinTr - INFO - [Epoch 103/200][Batch 2101/2622] BatchTime = 0.709 (s) DataTime = 0.001 (s) Losses = ['6.0369', '43.4495'] lr = 0.0000107
2025-07-20 22:40:19,085 - AdaPoinTr - INFO - [Epoch 103/200][Batch 2201/2622] BatchTime = 0.711 (s) DataTime = 0.001 (s) Losses = ['5.7177', '45.2982'] lr = 0.0000107
2025-07-20 22:41:30,599 - AdaPoinTr - INFO - [Epoch 103/200][Batch 2301/2622] BatchTime = 0.709 (s) DataTime = 0.001 (s) Losses = ['5.6657', '44.6394'] lr = 0.0000107
2025-07-20 22:42:42,414 - AdaPoinTr - INFO - [Epoch 103/200][Batch 2401/2622] BatchTime = 0.706 (s) DataTime = 0.001 (s) Losses = ['5.1210', '34.9916'] lr = 0.0000107
2025-07-20 22:43:54,271 - AdaPoinTr - INFO - [Epoch 103/200][Batch 2501/2622] BatchTime = 0.708 (s) DataTime = 0.001 (s) Losses = ['5.0892', '37.4486'] lr = 0.0000107
2025-07-20 22:45:06,066 - AdaPoinTr - INFO - [Epoch 103/200][Batch 2601/2622] BatchTime = 0.717 (s) DataTime = 0.001 (s) Losses = ['5.5069', '40.1355'] lr = 0.0000107
2025-07-20 22:45:21,166 - AdaPoinTr - INFO - [Training] EPOCH: 103 EpochTime = 1882.496 (s) Losses = ['5.2461', '40.0605']
2025-07-20 22:45:21,582 - AdaPoinTr - INFO - Save checkpoint at ./experiments/AdaPoinTr/ShapeNet55_models/AdaPoinTr/ckpt-last.pth
2025-07-20 22:45:22,394 - AdaPoinTr - INFO - [Epoch 104/200][Batch 1/2622] BatchTime = 0.811 (s) DataTime = 0.093 (s) Losses = ['5.1227', '37.2334'] lr = 0.0000104
2025-07-20 22:46:34,184 - AdaPoinTr - INFO - [Epoch 104/200][Batch 101/2622] BatchTime = 0.715 (s) DataTime = 0.001 (s) Losses = ['5.1922', '36.5562'] lr = 0.0000104
2025-07-20 22:47:45,955 - AdaPoinTr - INFO - [Epoch 104/200][Batch 201/2622] BatchTime = 0.714 (s) DataTime = 0.001 (s) Losses = ['5.0104', '39.1683'] lr = 0.0000104
2025-07-20 22:48:57,712 - AdaPoinTr - INFO - [Epoch 104/200][Batch 301/2622] BatchTime = 0.701 (s) DataTime = 0.001 (s) Losses = ['4.9779', '41.1167'] lr = 0.0000104
2025-07-20 22:50:09,492 - AdaPoinTr - INFO - [Epoch 104/200][Batch 401/2622] BatchTime = 0.710 (s) DataTime = 0.001 (s) Losses = ['5.9501', '43.3613'] lr = 0.0000104
2025-07-20 22:51:21,288 - AdaPoinTr - INFO - [Epoch 104/200][Batch 501/2622] BatchTime = 0.711 (s) DataTime = 0.001 (s) Losses = ['5.0180', '34.9862'] lr = 0.0000104
2025-07-20 22:52:33,113 - AdaPoinTr - INFO - [Epoch 104/200][Batch 601/2622] BatchTime = 0.719 (s) DataTime = 0.001 (s) Losses = ['6.2055', '44.3269'] lr = 0.0000104
2025-07-20 22:53:44,946 - AdaPoinTr - INFO - [Epoch 104/200][Batch 701/2622] BatchTime = 0.718 (s) DataTime = 0.001 (s) Losses = ['5.8792', '40.4663'] lr = 0.0000104
2025-07-20 22:54:56,749 - AdaPoinTr - INFO - [Epoch 104/200][Batch 801/2622] BatchTime = 0.716 (s) DataTime = 0.001 (s) Losses = ['5.0457', '38.1426'] lr = 0.0000104
2025-07-20 22:56:08,568 - AdaPoinTr - INFO - [Epoch 104/200][Batch 901/2622] BatchTime = 0.720 (s) DataTime = 0.001 (s) Losses = ['5.3152', '40.5069'] lr = 0.0000104
2025-07-20 22:57:20,417 - AdaPoinTr - INFO - [Epoch 104/200][Batch 1001/2622] BatchTime = 0.718 (s) DataTime = 0.001 (s) Losses = ['4.8394', '36.6783'] lr = 0.0000104
2025-07-20 22:58:32,217 - AdaPoinTr - INFO - [Epoch 104/200][Batch 1101/2622] BatchTime = 0.721 (s) DataTime = 0.001 (s) Losses = ['5.2777', '39.7900'] lr = 0.0000104
2025-07-20 22:59:44,049 - AdaPoinTr - INFO - [Epoch 104/200][Batch 1201/2622] BatchTime = 0.721 (s) DataTime = 0.001 (s) Losses = ['6.0115', '43.7027'] lr = 0.0000104
2025-07-20 23:00:55,889 - AdaPoinTr - INFO - [Epoch 104/200][Batch 1301/2622] BatchTime = 0.715 (s) DataTime = 0.001 (s) Losses = ['5.5533', '40.0888'] lr = 0.0000104
2025-07-20 23:02:07,741 - AdaPoinTr - INFO - [Epoch 104/200][Batch 1401/2622] BatchTime = 0.719 (s) DataTime = 0.001 (s) Losses = ['5.4807', '44.7134'] lr = 0.0000104
2025-07-20 23:03:19,560 - AdaPoinTr - INFO - [Epoch 104/200][Batch 1501/2622] BatchTime = 0.711 (s) DataTime = 0.001 (s) Losses = ['4.7371', '32.1908'] lr = 0.0000104
2025-07-20 23:04:31,392 - AdaPoinTr - INFO - [Epoch 104/200][Batch 1601/2622] BatchTime = 0.710 (s) DataTime = 0.001 (s) Losses = ['5.0200', '38.1255'] lr = 0.0000104
2025-07-20 23:05:43,195 - AdaPoinTr - INFO - [Epoch 104/200][Batch 1701/2622] BatchTime = 0.706 (s) DataTime = 0.001 (s) Losses = ['5.6247', '43.2320'] lr = 0.0000104
2025-07-20 23:06:55,035 - AdaPoinTr - INFO - [Epoch 104/200][Batch 1801/2622] BatchTime = 0.705 (s) DataTime = 0.001 (s) Losses = ['5.7889', '44.9668'] lr = 0.0000104
2025-07-20 23:08:06,846 - AdaPoinTr - INFO - [Epoch 104/200][Batch 1901/2622] BatchTime = 0.712 (s) DataTime = 0.001 (s) Losses = ['4.7126', '35.9542'] lr = 0.0000104
2025-07-20 23:09:18,654 - AdaPoinTr - INFO - [Epoch 104/200][Batch 2001/2622] BatchTime = 0.719 (s) DataTime = 0.001 (s) Losses = ['5.0641', '36.5732'] lr = 0.0000104
2025-07-20 23:10:30,465 - AdaPoinTr - INFO - [Epoch 104/200][Batch 2101/2622] BatchTime = 0.719 (s) DataTime = 0.001 (s) Losses = ['5.2631', '38.0861'] lr = 0.0000104
2025-07-20 23:11:42,291 - AdaPoinTr - INFO - [Epoch 104/200][Batch 2201/2622] BatchTime = 0.714 (s) DataTime = 0.001 (s) Losses = ['5.1031', '37.3272'] lr = 0.0000104
2025-07-20 23:12:54,104 - AdaPoinTr - INFO - [Epoch 104/200][Batch 2301/2622] BatchTime = 0.715 (s) DataTime = 0.001 (s) Losses = ['5.5409', '38.9349'] lr = 0.0000104
2025-07-20 23:14:05,906 - AdaPoinTr - INFO - [Epoch 104/200][Batch 2401/2622] BatchTime = 0.713 (s) DataTime = 0.001 (s) Losses = ['5.2450', '46.8607'] lr = 0.0000104
2025-07-20 23:15:17,733 - AdaPoinTr - INFO - [Epoch 104/200][Batch 2501/2622] BatchTime = 0.713 (s) DataTime = 0.001 (s) Losses = ['5.2324', '37.9629'] lr = 0.0000104
2025-07-20 23:16:29,522 - AdaPoinTr - INFO - [Epoch 104/200][Batch 2601/2622] BatchTime = 0.704 (s) DataTime = 0.001 (s) Losses = ['4.7142', '40.5412'] lr = 0.0000104
2025-07-20 23:16:44,653 - AdaPoinTr - INFO - [Training] EPOCH: 104 EpochTime = 1883.070 (s) Losses = ['5.2461', '40.0507']
2025-07-20 23:16:45,066 - AdaPoinTr - INFO - Save checkpoint at ./experiments/AdaPoinTr/ShapeNet55_models/AdaPoinTr/ckpt-last.pth
2025-07-20 23:16:45,863 - AdaPoinTr - INFO - [Epoch 105/200][Batch 1/2622] BatchTime = 0.796 (s) DataTime = 0.090 (s) Losses = ['5.2242', '39.7032'] lr = 0.0000102
2025-07-20 23:17:57,658 - AdaPoinTr - INFO - [Epoch 105/200][Batch 101/2622] BatchTime = 0.719 (s) DataTime = 0.001 (s) Losses = ['4.7193', '35.5981'] lr = 0.0000102
2025-07-20 23:19:09,478 - AdaPoinTr - INFO - [Epoch 105/200][Batch 201/2622] BatchTime = 0.714 (s) DataTime = 0.001 (s) Losses = ['5.3672', '42.6837'] lr = 0.0000102
2025-07-20 23:20:21,292 - AdaPoinTr - INFO - [Epoch 105/200][Batch 301/2622] BatchTime = 0.712 (s) DataTime = 0.001 (s) Losses = ['4.8379', '36.5974'] lr = 0.0000102
2025-07-20 23:21:33,113 - AdaPoinTr - INFO - [Epoch 105/200][Batch 401/2622] BatchTime = 0.714 (s) DataTime = 0.001 (s) Losses = ['5.5681', '44.1639'] lr = 0.0000102
2025-07-20 23:22:44,882 - AdaPoinTr - INFO - [Epoch 105/200][Batch 501/2622] BatchTime = 0.720 (s) DataTime = 0.001 (s) Losses = ['5.4507', '44.8163'] lr = 0.0000102
2025-07-20 23:23:56,664 - AdaPoinTr - INFO - [Epoch 105/200][Batch 601/2622] BatchTime = 0.715 (s) DataTime = 0.001 (s) Losses = ['5.4723', '39.8014'] lr = 0.0000102
2025-07-20 23:25:08,438 - AdaPoinTr - INFO - [Epoch 105/200][Batch 701/2622] BatchTime = 0.710 (s) DataTime = 0.001 (s) Losses = ['5.4212', '41.5873'] lr = 0.0000102
2025-07-20 23:26:20,204 - AdaPoinTr - INFO - [Epoch 105/200][Batch 801/2622] BatchTime = 0.706 (s) DataTime = 0.001 (s) Losses = ['5.1198', '41.5207'] lr = 0.0000102
2025-07-20 23:27:32,013 - AdaPoinTr - INFO - [Epoch 105/200][Batch 901/2622] BatchTime = 0.711 (s) DataTime = 0.001 (s) Losses = ['4.4401', '34.5808'] lr = 0.0000102
2025-07-20 23:28:43,824 - AdaPoinTr - INFO - [Epoch 105/200][Batch 1001/2622] BatchTime = 0.716 (s) DataTime = 0.001 (s) Losses = ['5.3609', '40.5524'] lr = 0.0000102
2025-07-20 23:29:55,644 - AdaPoinTr - INFO - [Epoch 105/200][Batch 1101/2622] BatchTime = 0.717 (s) DataTime = 0.001 (s) Losses = ['5.2315', '38.5779'] lr = 0.0000102
2025-07-20 23:31:07,095 - AdaPoinTr - INFO - [Epoch 105/200][Batch 1201/2622] BatchTime = 0.710 (s) DataTime = 0.001 (s) Losses = ['4.9405', '42.9872'] lr = 0.0000102
2025-07-20 23:32:18,896 - AdaPoinTr - INFO - [Epoch 105/200][Batch 1301/2622] BatchTime = 0.714 (s) DataTime = 0.001 (s) Losses = ['5.2755', '40.0929'] lr = 0.0000102
2025-07-20 23:33:30,692 - AdaPoinTr - INFO - [Epoch 105/200][Batch 1401/2622] BatchTime = 0.707 (s) DataTime = 0.001 (s) Losses = ['4.9479', '43.0041'] lr = 0.0000102
2025-07-20 23:34:42,467 - AdaPoinTr - INFO - [Epoch 105/200][Batch 1501/2622] BatchTime = 0.703 (s) DataTime = 0.001 (s) Losses = ['5.1507', '37.6357'] lr = 0.0000102
2025-07-20 23:35:54,304 - AdaPoinTr - INFO - [Epoch 105/200][Batch 1601/2622] BatchTime = 0.705 (s) DataTime = 0.001 (s) Losses = ['5.8865', '47.0677'] lr = 0.0000102
2025-07-20 23:37:06,122 - AdaPoinTr - INFO - [Epoch 105/200][Batch 1701/2622] BatchTime = 0.709 (s) DataTime = 0.001 (s) Losses = ['5.1168', '40.9419'] lr = 0.0000102
2025-07-20 23:38:17,930 - AdaPoinTr - INFO - [Epoch 105/200][Batch 1801/2622] BatchTime = 0.713 (s) DataTime = 0.001 (s) Losses = ['4.8996', '35.1459'] lr = 0.0000102
2025-07-20 23:39:29,772 - AdaPoinTr - INFO - [Epoch 105/200][Batch 1901/2622] BatchTime = 0.714 (s) DataTime = 0.001 (s) Losses = ['5.2868', '40.9505'] lr = 0.0000102
2025-07-20 23:40:41,574 - AdaPoinTr - INFO - [Epoch 105/200][Batch 2001/2622] BatchTime = 0.717 (s) DataTime = 0.001 (s) Losses = ['5.1138', '40.2091'] lr = 0.0000102
2025-07-20 23:41:53,346 - AdaPoinTr - INFO - [Epoch 105/200][Batch 2101/2622] BatchTime = 0.716 (s) DataTime = 0.001 (s) Losses = ['5.2395', '42.7710'] lr = 0.0000102
2025-07-20 23:43:05,162 - AdaPoinTr - INFO - [Epoch 105/200][Batch 2201/2622] BatchTime = 0.715 (s) DataTime = 0.001 (s) Losses = ['5.3642', '40.3433'] lr = 0.0000102
2025-07-20 23:44:16,959 - AdaPoinTr - INFO - [Epoch 105/200][Batch 2301/2622] BatchTime = 0.714 (s) DataTime = 0.001 (s) Losses = ['6.3328', '46.6976'] lr = 0.0000102
2025-07-20 23:45:28,787 - AdaPoinTr - INFO - [Epoch 105/200][Batch 2401/2622] BatchTime = 0.712 (s) DataTime = 0.001 (s) Losses = ['4.7309', '35.9561'] lr = 0.0000102
2025-07-20 23:46:40,589 - AdaPoinTr - INFO - [Epoch 105/200][Batch 2501/2622] BatchTime = 0.709 (s) DataTime = 0.001 (s) Losses = ['5.4967', '40.8813'] lr = 0.0000102
2025-07-20 23:47:52,363 - AdaPoinTr - INFO - [Epoch 105/200][Batch 2601/2622] BatchTime = 0.702 (s) DataTime = 0.001 (s) Losses = ['5.1959', '40.0289'] lr = 0.0000102
2025-07-20 23:48:07,490 - AdaPoinTr - INFO - [Training] EPOCH: 105 EpochTime = 1882.422 (s) Losses = ['5.2471', '40.1363']
2025-07-20 23:48:07,490 - AdaPoinTr - INFO - [VALIDATION] Start validating epoch 105
2025-07-20 23:49:14,532 - AdaPoinTr - INFO - Test[1051/10518] Taxonomy = 02691156 Sample = c7749c0a8b61f43bc9b9e28055202e3d Losses = ['19.6207', '1.4430', '9.0215', '0.2859'] Metrics = ['0.5840', '9.0215', '0.2859', '0.0000']
2025-07-20 23:50:21,527 - AdaPoinTr - INFO - Test[2102/10518] Taxonomy = 03211117 Sample = ab2f9418c111cc6ddb965514105122a4 Losses = ['22.4465', '1.7628', '9.0782', '0.5332'] Metrics = ['0.6226', '9.0782', '0.5332', '0.0000']
2025-07-20 23:51:28,469 - AdaPoinTr - INFO - Test[3153/10518] Taxonomy = 02876657 Sample = c5032e4be091aabb36fe7a88df793982 Losses = ['49.1669', '10.9869', '20.5763', '2.0135'] Metrics = ['0.3063', '20.5763', '2.0135', '0.0000']
2025-07-20 23:52:35,415 - AdaPoinTr - INFO - Test[4204/10518] Taxonomy = 03211117 Sample = 722df1da5778d45b1e43523279c7f09f Losses = ['27.8909', '2.8207', '12.2755', '0.6313'] Metrics = ['0.4102', '12.2755', '0.6313', '0.0000']
2025-07-20 23:53:42,354 - AdaPoinTr - INFO - Test[5255/10518] Taxonomy = 02828884 Sample = 14b63361a48a9fffe4a048c146e8bd43 Losses = ['31.3600', '3.6813', '13.3704', '0.8486'] Metrics = ['0.4326', '13.3704', '0.8486', '0.0000']
2025-07-20 23:54:49,281 - AdaPoinTr - INFO - Test[6306/10518] Taxonomy = 03211117 Sample = d330d50a0255529d19ed6e1a590c9122 Losses = ['22.4665', '1.7541', '9.8110', '0.3100'] Metrics = ['0.4729', '9.8110', '0.3100', '0.0000']
2025-07-20 23:55:56,216 - AdaPoinTr - INFO - Test[7357/10518] Taxonomy = 04379243 Sample = b1ca280d9567270ade98d10ab5975b59 Losses = ['30.6635', '3.5458', '13.9818', '0.5918'] Metrics = ['0.2774', '13.9818', '0.5918', '0.0000']
2025-07-20 23:57:03,152 - AdaPoinTr - INFO - Test[8408/10518] Taxonomy = 03001627 Sample = 89208a619341d9fdb8c516ed5c4ce32 Losses = ['29.8752', '3.2357', '13.8237', '0.7393'] Metrics = ['0.3164', '13.8237', '0.7393', '0.0000']
2025-07-20 23:58:10,131 - AdaPoinTr - INFO - Test[9459/10518] Taxonomy = 03001627 Sample = d0255120e3351121c3bd24f986301745 Losses = ['34.4175', '4.3421', '16.3637', '1.0395'] Metrics = ['0.2455', '16.3637', '1.0395', '0.0000']
2025-07-20 23:59:17,145 - AdaPoinTr - INFO - Test[10510/10518] Taxonomy = 03636649 Sample = ea9ec4d9db2e06202471e6dd5ac3ef92 Losses = ['24.1786', '3.0066', '13.3839', '1.4069'] Metrics = ['0.6735', '13.3839', '1.4069', '0.0000']
2025-07-20 23:59:17,679 - AdaPoinTr - INFO - [Validation] EPOCH: 105  Metrics = ['0.3776', '13.8626', '0.9073', '0.0000']
2025-07-20 23:59:17,679 - AdaPoinTr - INFO - ============================ TEST RESULTS ============================
2025-07-20 23:59:17,679 - AdaPoinTr - INFO - Taxonomy	#Sample	F-Score	CDL1	CDL2	EMDistance	#ModelName	
2025-07-20 23:59:17,679 - AdaPoinTr - INFO - 03759954	14	0.565 	13.562 	1.438 	0.000 	microphone	
2025-07-20 23:59:17,679 - AdaPoinTr - INFO - 04330267	44	0.297 	15.543 	1.064 	0.000 	stove	
2025-07-20 23:59:17,679 - AdaPoinTr - INFO - 03261776	15	0.308 	17.698 	1.605 	0.000 	earphone	
2025-07-20 23:59:17,679 - AdaPoinTr - INFO - 03513137	33	0.220 	19.499 	1.789 	0.000 	helmet	
2025-07-20 23:59:17,679 - AdaPoinTr - INFO - 04460130	27	0.427 	13.662 	0.873 	0.000 	tower	
2025-07-20 23:59:17,679 - AdaPoinTr - INFO - 04468005	78	0.398 	12.625 	0.693 	0.000 	train	
2025-07-20 23:59:17,679 - AdaPoinTr - INFO - 03761084	31	0.249 	16.237 	1.072 	0.000 	microwaves	
2025-07-20 23:59:17,679 - AdaPoinTr - INFO - 04004475	34	0.280 	16.491 	1.285 	0.000 	printer	
2025-07-20 23:59:17,679 - AdaPoinTr - INFO - 03938244	20	0.325 	14.462 	0.881 	0.000 	pillow	
2025-07-20 23:59:17,679 - AdaPoinTr - INFO - 02992529	167	0.433 	10.731 	0.411 	0.000 	cellphone	
2025-07-20 23:59:17,679 - AdaPoinTr - INFO - 02808440	172	0.299 	15.112 	1.098 	0.000 	bathtub	
2025-07-20 23:59:17,679 - AdaPoinTr - INFO - 04530566	388	0.513 	11.007 	0.578 	0.000 	watercraft	
2025-07-20 23:59:17,679 - AdaPoinTr - INFO - 02871439	91	0.260 	15.803 	1.036 	0.000 	bookshelf	
2025-07-20 23:59:17,679 - AdaPoinTr - INFO - 03593526	120	0.275 	17.117 	1.347 	0.000 	jar	
2025-07-20 23:59:17,679 - AdaPoinTr - INFO - 04554684	34	0.231 	17.633 	1.385 	0.000 	washer	
2025-07-20 23:59:17,679 - AdaPoinTr - INFO - 03467517	160	0.826 	6.420 	0.192 	0.000 	guitar	
2025-07-20 23:59:17,679 - AdaPoinTr - INFO - 04401088	218	0.435 	10.679 	0.448 	0.000 	telephone	
2025-07-20 23:59:17,679 - AdaPoinTr - INFO - 02954340	12	0.326 	13.348 	0.651 	0.000 	cap	
2025-07-20 23:59:17,679 - AdaPoinTr - INFO - 02933112	315	0.247 	15.012 	0.801 	0.000 	cabinet	
2025-07-20 23:59:17,679 - AdaPoinTr - INFO - 03642806	92	0.400 	11.045 	0.425 	0.000 	laptop	
2025-07-20 23:59:17,679 - AdaPoinTr - INFO - 02924116	188	0.370 	12.311 	0.575 	0.000 	bus	
2025-07-20 23:59:17,679 - AdaPoinTr - INFO - 02946921	22	0.270 	15.229 	1.028 	0.000 	can	
2025-07-20 23:59:17,679 - AdaPoinTr - INFO - 02818832	47	0.291 	15.970 	1.144 	0.000 	bed	
2025-07-20 23:59:17,679 - AdaPoinTr - INFO - 04256520	635	0.308 	13.968 	0.742 	0.000 	sofa	
2025-07-20 23:59:17,679 - AdaPoinTr - INFO - 04379243	1687	0.395 	12.560 	0.747 	0.000 	table	
2025-07-20 23:59:17,679 - AdaPoinTr - INFO - 02747177	69	0.198 	17.241 	1.100 	0.000 	trash bin	
2025-07-20 23:59:17,680 - AdaPoinTr - INFO - 03046257	131	0.320 	14.463 	0.889 	0.000 	clock	
2025-07-20 23:59:17,680 - AdaPoinTr - INFO - 04225987	31	0.560 	9.669 	0.413 	0.000 	skateboard	
2025-07-20 23:59:17,680 - AdaPoinTr - INFO - 03797390	43	0.201 	17.907 	1.207 	0.000 	mug	
2025-07-20 23:59:17,680 - AdaPoinTr - INFO - 03001627	1356	0.381 	13.266 	0.797 	0.000 	chair	
2025-07-20 23:59:17,680 - AdaPoinTr - INFO - 03691459	320	0.262 	16.768 	1.220 	0.000 	loudspeaker	
2025-07-20 23:59:17,680 - AdaPoinTr - INFO - 02942699	23	0.249 	19.341 	1.955 	0.000 	camera	
2025-07-20 23:59:17,680 - AdaPoinTr - INFO - 03636649	464	0.541 	12.956 	1.219 	0.000 	lamp	
2025-07-20 23:59:17,680 - AdaPoinTr - INFO - 02691156	809	0.588 	9.247 	0.381 	0.000 	airplane	
2025-07-20 23:59:17,680 - AdaPoinTr - INFO - 02773838	17	0.354 	13.468 	0.805 	0.000 	bag	
2025-07-20 23:59:17,680 - AdaPoinTr - INFO - 02958343	703	0.227 	15.792 	0.884 	0.000 	car	
2025-07-20 23:59:17,680 - AdaPoinTr - INFO - 02880940	38	0.244 	15.125 	0.833 	0.000 	bowl	
2025-07-20 23:59:17,680 - AdaPoinTr - INFO - 04099429	17	0.745 	7.696 	0.310 	0.000 	rocket	
2025-07-20 23:59:17,680 - AdaPoinTr - INFO - 02828884	363	0.450 	11.006 	0.541 	0.000 	bench	
2025-07-20 23:59:17,680 - AdaPoinTr - INFO - 04090263	475	0.699 	8.368 	0.375 	0.000 	rifle	
2025-07-20 23:59:17,680 - AdaPoinTr - INFO - 03211117	219	0.364 	12.680 	0.651 	0.000 	display	
2025-07-20 23:59:17,680 - AdaPoinTr - INFO - 02876657	100	0.442 	11.737 	0.620 	0.000 	bottle	
2025-07-20 23:59:17,680 - AdaPoinTr - INFO - 03710193	19	0.549 	12.762 	1.374 	0.000 	mailbox	
2025-07-20 23:59:17,680 - AdaPoinTr - INFO - 03790512	68	0.264 	16.064 	1.004 	0.000 	motorbike	
2025-07-20 23:59:17,680 - AdaPoinTr - INFO - 03325088	149	0.479 	13.928 	1.246 	0.000 	faucet	
2025-07-20 23:59:17,680 - AdaPoinTr - INFO - 02801938	23	0.237 	15.805 	0.933 	0.000 	basket	
2025-07-20 23:59:17,680 - AdaPoinTr - INFO - 03337140	60	0.249 	16.007 	1.014 	0.000 	file cabinet	
2025-07-20 23:59:17,680 - AdaPoinTr - INFO - 02843684	15	0.241 	18.457 	1.480 	0.000 	birdhouse	
2025-07-20 23:59:17,680 - AdaPoinTr - INFO - 03624134	85	0.786 	7.121 	0.276 	0.000 	knife	
2025-07-20 23:59:17,680 - AdaPoinTr - INFO - 03991062	121	0.244 	18.310 	1.473 	0.000 	flowerpot	
2025-07-20 23:59:17,680 - AdaPoinTr - INFO - 03948459	62	0.476 	11.520 	0.611 	0.000 	pistol	
2025-07-20 23:59:17,680 - AdaPoinTr - INFO - 03928116	48	0.299 	15.581 	1.117 	0.000 	piano	
2025-07-20 23:59:17,680 - AdaPoinTr - INFO - 03207941	19	0.240 	15.887 	0.990 	0.000 	dishwasher	
2025-07-20 23:59:17,680 - AdaPoinTr - INFO - 04074963	14	0.469 	10.602 	0.421 	0.000 	remote	
2025-07-20 23:59:17,680 - AdaPoinTr - INFO - 03085013	13	0.460 	9.943 	0.461 	0.000 	keyboard	
2025-07-20 23:59:17,680 - AdaPoinTr - INFO - Overall		0.378 	13.863 	0.907 	0.000 	
2025-07-20 23:59:18,097 - AdaPoinTr - INFO - Save checkpoint at ./experiments/AdaPoinTr/ShapeNet55_models/AdaPoinTr/ckpt-last.pth
2025-07-20 23:59:18,894 - AdaPoinTr - INFO - [Epoch 106/200][Batch 1/2622] BatchTime = 0.795 (s) DataTime = 0.089 (s) Losses = ['4.9090', '36.8899'] lr = 0.0000100
2025-07-21 00:00:30,689 - AdaPoinTr - INFO - [Epoch 106/200][Batch 101/2622] BatchTime = 0.711 (s) DataTime = 0.001 (s) Losses = ['4.8220', '36.3214'] lr = 0.0000100
2025-07-21 00:01:42,498 - AdaPoinTr - INFO - [Epoch 106/200][Batch 201/2622] BatchTime = 0.718 (s) DataTime = 0.001 (s) Losses = ['5.6714', '40.6663'] lr = 0.0000100
2025-07-21 00:02:54,359 - AdaPoinTr - INFO - [Epoch 106/200][Batch 301/2622] BatchTime = 0.717 (s) DataTime = 0.001 (s) Losses = ['4.9282', '41.4023'] lr = 0.0000100
2025-07-21 00:04:06,134 - AdaPoinTr - INFO - [Epoch 106/200][Batch 401/2622] BatchTime = 0.715 (s) DataTime = 0.001 (s) Losses = ['5.4187', '42.0048'] lr = 0.0000100
2025-07-21 00:05:17,932 - AdaPoinTr - INFO - [Epoch 106/200][Batch 501/2622] BatchTime = 0.712 (s) DataTime = 0.001 (s) Losses = ['4.9162', '41.3984'] lr = 0.0000100
2025-07-21 00:06:29,752 - AdaPoinTr - INFO - [Epoch 106/200][Batch 601/2622] BatchTime = 0.714 (s) DataTime = 0.001 (s) Losses = ['5.1752', '40.8832'] lr = 0.0000100
2025-07-21 00:07:41,550 - AdaPoinTr - INFO - [Epoch 106/200][Batch 701/2622] BatchTime = 0.712 (s) DataTime = 0.001 (s) Losses = ['5.2017', '40.0953'] lr = 0.0000100
2025-07-21 00:08:53,373 - AdaPoinTr - INFO - [Epoch 106/200][Batch 801/2622] BatchTime = 0.712 (s) DataTime = 0.001 (s) Losses = ['4.8244', '38.3868'] lr = 0.0000100
2025-07-21 00:10:05,207 - AdaPoinTr - INFO - [Epoch 106/200][Batch 901/2622] BatchTime = 0.711 (s) DataTime = 0.001 (s) Losses = ['6.2834', '43.9693'] lr = 0.0000100
2025-07-21 00:11:17,039 - AdaPoinTr - INFO - [Epoch 106/200][Batch 1001/2622] BatchTime = 0.708 (s) DataTime = 0.001 (s) Losses = ['5.4343', '42.6558'] lr = 0.0000100
2025-07-21 00:12:28,824 - AdaPoinTr - INFO - [Epoch 106/200][Batch 1101/2622] BatchTime = 0.707 (s) DataTime = 0.001 (s) Losses = ['4.9573', '39.9293'] lr = 0.0000100
2025-07-21 00:13:40,617 - AdaPoinTr - INFO - [Epoch 106/200][Batch 1201/2622] BatchTime = 0.712 (s) DataTime = 0.001 (s) Losses = ['5.4711', '40.1118'] lr = 0.0000100
2025-07-21 00:14:52,430 - AdaPoinTr - INFO - [Epoch 106/200][Batch 1301/2622] BatchTime = 0.714 (s) DataTime = 0.001 (s) Losses = ['4.5706', '38.1350'] lr = 0.0000100
2025-07-21 00:16:00,199 - AdaPoinTr - INFO - [Epoch 106/200][Batch 1401/2622] BatchTime = 0.506 (s) DataTime = 0.001 (s) Losses = ['4.9948', '38.5407'] lr = 0.0000100
2025-07-21 00:16:51,789 - AdaPoinTr - INFO - [Epoch 106/200][Batch 1501/2622] BatchTime = 0.510 (s) DataTime = 0.001 (s) Losses = ['5.8756', '43.6103'] lr = 0.0000100
2025-07-21 00:17:43,380 - AdaPoinTr - INFO - [Epoch 106/200][Batch 1601/2622] BatchTime = 0.509 (s) DataTime = 0.001 (s) Losses = ['5.8086', '42.2917'] lr = 0.0000100
2025-07-21 00:18:34,962 - AdaPoinTr - INFO - [Epoch 106/200][Batch 1701/2622] BatchTime = 0.511 (s) DataTime = 0.001 (s) Losses = ['5.6250', '42.6900'] lr = 0.0000100
2025-07-21 00:19:26,570 - AdaPoinTr - INFO - [Epoch 106/200][Batch 1801/2622] BatchTime = 0.511 (s) DataTime = 0.001 (s) Losses = ['5.5153', '43.2309'] lr = 0.0000100
2025-07-21 00:20:18,124 - AdaPoinTr - INFO - [Epoch 106/200][Batch 1901/2622] BatchTime = 0.511 (s) DataTime = 0.001 (s) Losses = ['4.7625', '35.2763'] lr = 0.0000100
2025-07-21 00:21:09,731 - AdaPoinTr - INFO - [Epoch 106/200][Batch 2001/2622] BatchTime = 0.512 (s) DataTime = 0.001 (s) Losses = ['5.8368', '43.4492'] lr = 0.0000100
2025-07-21 00:22:01,306 - AdaPoinTr - INFO - [Epoch 106/200][Batch 2101/2622] BatchTime = 0.513 (s) DataTime = 0.001 (s) Losses = ['5.4437', '38.9455'] lr = 0.0000100
2025-07-21 00:22:52,888 - AdaPoinTr - INFO - [Epoch 106/200][Batch 2201/2622] BatchTime = 0.510 (s) DataTime = 0.001 (s) Losses = ['5.2699', '42.5064'] lr = 0.0000100
2025-07-21 00:23:44,449 - AdaPoinTr - INFO - [Epoch 106/200][Batch 2301/2622] BatchTime = 0.511 (s) DataTime = 0.001 (s) Losses = ['5.1141', '37.9369'] lr = 0.0000100
2025-07-21 00:24:36,048 - AdaPoinTr - INFO - [Epoch 106/200][Batch 2401/2622] BatchTime = 0.515 (s) DataTime = 0.001 (s) Losses = ['5.5571', '41.9446'] lr = 0.0000100
2025-07-21 00:25:27,611 - AdaPoinTr - INFO - [Epoch 106/200][Batch 2501/2622] BatchTime = 0.513 (s) DataTime = 0.001 (s) Losses = ['4.7381', '36.0652'] lr = 0.0000100
2025-07-21 00:26:19,199 - AdaPoinTr - INFO - [Epoch 106/200][Batch 2601/2622] BatchTime = 0.511 (s) DataTime = 0.001 (s) Losses = ['5.3634', '41.7849'] lr = 0.0000100
2025-07-21 00:26:30,053 - AdaPoinTr - INFO - [Training] EPOCH: 106 EpochTime = 1631.955 (s) Losses = ['5.2520', '40.1560']
2025-07-21 00:26:30,515 - AdaPoinTr - INFO - Save checkpoint at ./experiments/AdaPoinTr/ShapeNet55_models/AdaPoinTr/ckpt-last.pth
2025-07-21 00:26:31,132 - AdaPoinTr - INFO - [Epoch 107/200][Batch 1/2622] BatchTime = 0.617 (s) DataTime = 0.092 (s) Losses = ['4.8586', '36.4479'] lr = 0.0000098
2025-07-21 00:27:28,136 - AdaPoinTr - INFO - [Epoch 107/200][Batch 101/2622] BatchTime = 0.707 (s) DataTime = 0.001 (s) Losses = ['5.4429', '39.3705'] lr = 0.0000098
2025-07-21 00:28:39,963 - AdaPoinTr - INFO - [Epoch 107/200][Batch 201/2622] BatchTime = 0.709 (s) DataTime = 0.001 (s) Losses = ['5.4441', '38.5403'] lr = 0.0000098
2025-07-21 00:29:51,794 - AdaPoinTr - INFO - [Epoch 107/200][Batch 301/2622] BatchTime = 0.716 (s) DataTime = 0.001 (s) Losses = ['5.0931', '36.2839'] lr = 0.0000098
2025-07-21 00:31:03,596 - AdaPoinTr - INFO - [Epoch 107/200][Batch 401/2622] BatchTime = 0.714 (s) DataTime = 0.001 (s) Losses = ['5.9778', '47.8453'] lr = 0.0000098
2025-07-21 00:32:15,372 - AdaPoinTr - INFO - [Epoch 107/200][Batch 501/2622] BatchTime = 0.718 (s) DataTime = 0.001 (s) Losses = ['4.8318', '36.6535'] lr = 0.0000098
2025-07-21 00:33:27,189 - AdaPoinTr - INFO - [Epoch 107/200][Batch 601/2622] BatchTime = 0.721 (s) DataTime = 0.001 (s) Losses = ['5.2628', '37.1984'] lr = 0.0000098
2025-07-21 00:34:39,011 - AdaPoinTr - INFO - [Epoch 107/200][Batch 701/2622] BatchTime = 0.717 (s) DataTime = 0.001 (s) Losses = ['5.8118', '42.6147'] lr = 0.0000098
2025-07-21 00:35:50,807 - AdaPoinTr - INFO - [Epoch 107/200][Batch 801/2622] BatchTime = 0.710 (s) DataTime = 0.001 (s) Losses = ['5.1621', '38.0797'] lr = 0.0000098
2025-07-21 00:37:02,604 - AdaPoinTr - INFO - [Epoch 107/200][Batch 901/2622] BatchTime = 0.711 (s) DataTime = 0.001 (s) Losses = ['5.4868', '40.2797'] lr = 0.0000098
2025-07-21 00:38:14,404 - AdaPoinTr - INFO - [Epoch 107/200][Batch 1001/2622] BatchTime = 0.713 (s) DataTime = 0.001 (s) Losses = ['5.0097', '41.1608'] lr = 0.0000098
2025-07-21 00:39:26,161 - AdaPoinTr - INFO - [Epoch 107/200][Batch 1101/2622] BatchTime = 0.703 (s) DataTime = 0.001 (s) Losses = ['4.9746', '35.7525'] lr = 0.0000098
2025-07-21 00:40:37,956 - AdaPoinTr - INFO - [Epoch 107/200][Batch 1201/2622] BatchTime = 0.709 (s) DataTime = 0.001 (s) Losses = ['4.6916', '38.0007'] lr = 0.0000098
2025-07-21 00:41:49,741 - AdaPoinTr - INFO - [Epoch 107/200][Batch 1301/2622] BatchTime = 0.714 (s) DataTime = 0.001 (s) Losses = ['5.5940', '41.6962'] lr = 0.0000098
2025-07-21 00:43:01,583 - AdaPoinTr - INFO - [Epoch 107/200][Batch 1401/2622] BatchTime = 0.721 (s) DataTime = 0.001 (s) Losses = ['5.3492', '39.8840'] lr = 0.0000098
2025-07-21 00:44:13,370 - AdaPoinTr - INFO - [Epoch 107/200][Batch 1501/2622] BatchTime = 0.713 (s) DataTime = 0.001 (s) Losses = ['4.4278', '33.8742'] lr = 0.0000098
2025-07-21 00:45:25,131 - AdaPoinTr - INFO - [Epoch 107/200][Batch 1601/2622] BatchTime = 0.717 (s) DataTime = 0.001 (s) Losses = ['5.1465', '38.0333'] lr = 0.0000098
2025-07-21 00:46:36,962 - AdaPoinTr - INFO - [Epoch 107/200][Batch 1701/2622] BatchTime = 0.714 (s) DataTime = 0.001 (s) Losses = ['5.8781', '48.3737'] lr = 0.0000098
2025-07-21 00:47:48,752 - AdaPoinTr - INFO - [Epoch 107/200][Batch 1801/2622] BatchTime = 0.715 (s) DataTime = 0.001 (s) Losses = ['4.9762', '35.4486'] lr = 0.0000098
2025-07-21 00:49:00,546 - AdaPoinTr - INFO - [Epoch 107/200][Batch 1901/2622] BatchTime = 0.718 (s) DataTime = 0.001 (s) Losses = ['4.9092', '36.9877'] lr = 0.0000098
2025-07-21 00:50:12,335 - AdaPoinTr - INFO - [Epoch 107/200][Batch 2001/2622] BatchTime = 0.709 (s) DataTime = 0.001 (s) Losses = ['5.4997', '39.7939'] lr = 0.0000098
2025-07-21 00:51:24,134 - AdaPoinTr - INFO - [Epoch 107/200][Batch 2101/2622] BatchTime = 0.705 (s) DataTime = 0.001 (s) Losses = ['5.9141', '46.3013'] lr = 0.0000098
2025-07-21 00:52:35,969 - AdaPoinTr - INFO - [Epoch 107/200][Batch 2201/2622] BatchTime = 0.708 (s) DataTime = 0.001 (s) Losses = ['5.4587', '40.9378'] lr = 0.0000098
2025-07-21 00:53:47,785 - AdaPoinTr - INFO - [Epoch 107/200][Batch 2301/2622] BatchTime = 0.705 (s) DataTime = 0.001 (s) Losses = ['4.7284', '35.5268'] lr = 0.0000098
2025-07-21 00:54:59,630 - AdaPoinTr - INFO - [Epoch 107/200][Batch 2401/2622] BatchTime = 0.708 (s) DataTime = 0.001 (s) Losses = ['5.3101', '40.5936'] lr = 0.0000098
2025-07-21 00:56:11,430 - AdaPoinTr - INFO - [Epoch 107/200][Batch 2501/2622] BatchTime = 0.711 (s) DataTime = 0.001 (s) Losses = ['5.2742', '41.3948'] lr = 0.0000098
2025-07-21 00:57:23,251 - AdaPoinTr - INFO - [Epoch 107/200][Batch 2601/2622] BatchTime = 0.718 (s) DataTime = 0.001 (s) Losses = ['5.7188', '40.3452'] lr = 0.0000098
2025-07-21 00:57:38,368 - AdaPoinTr - INFO - [Training] EPOCH: 107 EpochTime = 1867.852 (s) Losses = ['5.2354', '39.9454']
2025-07-21 00:57:38,831 - AdaPoinTr - INFO - Save checkpoint at ./experiments/AdaPoinTr/ShapeNet55_models/AdaPoinTr/ckpt-last.pth
2025-07-21 00:57:39,640 - AdaPoinTr - INFO - [Epoch 108/200][Batch 1/2622] BatchTime = 0.807 (s) DataTime = 0.091 (s) Losses = ['5.2852', '37.9039'] lr = 0.0000096
2025-07-21 00:58:51,465 - AdaPoinTr - INFO - [Epoch 108/200][Batch 101/2622] BatchTime = 0.717 (s) DataTime = 0.001 (s) Losses = ['5.2048', '43.0711'] lr = 0.0000096
2025-07-21 01:00:03,226 - AdaPoinTr - INFO - [Epoch 108/200][Batch 201/2622] BatchTime = 0.716 (s) DataTime = 0.001 (s) Losses = ['5.5666', '43.7535'] lr = 0.0000096
2025-07-21 01:01:15,029 - AdaPoinTr - INFO - [Epoch 108/200][Batch 301/2622] BatchTime = 0.711 (s) DataTime = 0.001 (s) Losses = ['6.1577', '43.6729'] lr = 0.0000096
2025-07-21 01:02:26,814 - AdaPoinTr - INFO - [Epoch 108/200][Batch 401/2622] BatchTime = 0.710 (s) DataTime = 0.001 (s) Losses = ['5.2519', '39.7739'] lr = 0.0000096
2025-07-21 01:03:38,605 - AdaPoinTr - INFO - [Epoch 108/200][Batch 501/2622] BatchTime = 0.710 (s) DataTime = 0.001 (s) Losses = ['4.9885', '36.7956'] lr = 0.0000096
2025-07-21 01:04:50,379 - AdaPoinTr - INFO - [Epoch 108/200][Batch 601/2622] BatchTime = 0.703 (s) DataTime = 0.001 (s) Losses = ['5.4682', '39.9210'] lr = 0.0000096
2025-07-21 01:06:02,233 - AdaPoinTr - INFO - [Epoch 108/200][Batch 701/2622] BatchTime = 0.709 (s) DataTime = 0.001 (s) Losses = ['5.2480', '40.7652'] lr = 0.0000096
2025-07-21 01:07:14,023 - AdaPoinTr - INFO - [Epoch 108/200][Batch 801/2622] BatchTime = 0.711 (s) DataTime = 0.001 (s) Losses = ['5.0828', '36.1852'] lr = 0.0000096
2025-07-21 01:08:25,793 - AdaPoinTr - INFO - [Epoch 108/200][Batch 901/2622] BatchTime = 0.716 (s) DataTime = 0.001 (s) Losses = ['5.0992', '38.7013'] lr = 0.0000096
2025-07-21 01:09:37,595 - AdaPoinTr - INFO - [Epoch 108/200][Batch 1001/2622] BatchTime = 0.713 (s) DataTime = 0.001 (s) Losses = ['5.1707', '39.3420'] lr = 0.0000096
2025-07-21 01:10:49,433 - AdaPoinTr - INFO - [Epoch 108/200][Batch 1101/2622] BatchTime = 0.718 (s) DataTime = 0.001 (s) Losses = ['5.1119', '34.9597'] lr = 0.0000096
2025-07-21 01:12:01,240 - AdaPoinTr - INFO - [Epoch 108/200][Batch 1201/2622] BatchTime = 0.715 (s) DataTime = 0.001 (s) Losses = ['5.9372', '44.5247'] lr = 0.0000096
2025-07-21 01:13:13,059 - AdaPoinTr - INFO - [Epoch 108/200][Batch 1301/2622] BatchTime = 0.714 (s) DataTime = 0.001 (s) Losses = ['5.3767', '38.6853'] lr = 0.0000096
2025-07-21 01:14:24,837 - AdaPoinTr - INFO - [Epoch 108/200][Batch 1401/2622] BatchTime = 0.714 (s) DataTime = 0.001 (s) Losses = ['5.3595', '41.3701'] lr = 0.0000096
2025-07-21 01:15:36,605 - AdaPoinTr - INFO - [Epoch 108/200][Batch 1501/2622] BatchTime = 0.708 (s) DataTime = 0.001 (s) Losses = ['5.9961', '43.1123'] lr = 0.0000096
2025-07-21 01:16:48,080 - AdaPoinTr - INFO - [Epoch 108/200][Batch 1601/2622] BatchTime = 0.709 (s) DataTime = 0.001 (s) Losses = ['5.4625', '43.8249'] lr = 0.0000096
2025-07-21 01:17:59,858 - AdaPoinTr - INFO - [Epoch 108/200][Batch 1701/2622] BatchTime = 0.711 (s) DataTime = 0.001 (s) Losses = ['5.1282', '38.5446'] lr = 0.0000096
2025-07-21 01:19:11,655 - AdaPoinTr - INFO - [Epoch 108/200][Batch 1801/2622] BatchTime = 0.713 (s) DataTime = 0.001 (s) Losses = ['5.2538', '39.1628'] lr = 0.0000096
2025-07-21 01:20:23,443 - AdaPoinTr - INFO - [Epoch 108/200][Batch 1901/2622] BatchTime = 0.715 (s) DataTime = 0.001 (s) Losses = ['5.3673', '38.3644'] lr = 0.0000096
2025-07-21 01:21:35,266 - AdaPoinTr - INFO - [Epoch 108/200][Batch 2001/2622] BatchTime = 0.718 (s) DataTime = 0.001 (s) Losses = ['5.0073', '39.7763'] lr = 0.0000096
2025-07-21 01:22:47,051 - AdaPoinTr - INFO - [Epoch 108/200][Batch 2101/2622] BatchTime = 0.720 (s) DataTime = 0.001 (s) Losses = ['5.2106', '39.4826'] lr = 0.0000096
2025-07-21 01:23:58,881 - AdaPoinTr - INFO - [Epoch 108/200][Batch 2201/2622] BatchTime = 0.718 (s) DataTime = 0.001 (s) Losses = ['5.2917', '45.9421'] lr = 0.0000096
2025-07-21 01:25:10,709 - AdaPoinTr - INFO - [Epoch 108/200][Batch 2301/2622] BatchTime = 0.718 (s) DataTime = 0.001 (s) Losses = ['5.4562', '40.5253'] lr = 0.0000096
2025-07-21 01:26:22,513 - AdaPoinTr - INFO - [Epoch 108/200][Batch 2401/2622] BatchTime = 0.718 (s) DataTime = 0.001 (s) Losses = ['5.6112', '38.3116'] lr = 0.0000096
2025-07-21 01:27:34,355 - AdaPoinTr - INFO - [Epoch 108/200][Batch 2501/2622] BatchTime = 0.714 (s) DataTime = 0.001 (s) Losses = ['4.9624', '36.1090'] lr = 0.0000096
2025-07-21 01:28:46,164 - AdaPoinTr - INFO - [Epoch 108/200][Batch 2601/2622] BatchTime = 0.716 (s) DataTime = 0.001 (s) Losses = ['5.0669', '40.0560'] lr = 0.0000096
2025-07-21 01:29:01,255 - AdaPoinTr - INFO - [Training] EPOCH: 108 EpochTime = 1882.423 (s) Losses = ['5.2474', '39.9630']
2025-07-21 01:29:01,712 - AdaPoinTr - INFO - Save checkpoint at ./experiments/AdaPoinTr/ShapeNet55_models/AdaPoinTr/ckpt-last.pth
2025-07-21 01:29:02,519 - AdaPoinTr - INFO - [Epoch 109/200][Batch 1/2622] BatchTime = 0.806 (s) DataTime = 0.092 (s) Losses = ['5.8604', '43.7525'] lr = 0.0000094
2025-07-21 01:30:14,301 - AdaPoinTr - INFO - [Epoch 109/200][Batch 101/2622] BatchTime = 0.714 (s) DataTime = 0.001 (s) Losses = ['4.9654', '37.5752'] lr = 0.0000094
2025-07-21 01:31:26,104 - AdaPoinTr - INFO - [Epoch 109/200][Batch 201/2622] BatchTime = 0.711 (s) DataTime = 0.001 (s) Losses = ['4.9085', '39.3458'] lr = 0.0000094
2025-07-21 01:32:37,886 - AdaPoinTr - INFO - [Epoch 109/200][Batch 301/2622] BatchTime = 0.711 (s) DataTime = 0.001 (s) Losses = ['5.2779', '39.9580'] lr = 0.0000094
2025-07-21 01:33:49,695 - AdaPoinTr - INFO - [Epoch 109/200][Batch 401/2622] BatchTime = 0.712 (s) DataTime = 0.001 (s) Losses = ['4.6454', '38.3368'] lr = 0.0000094
2025-07-21 01:35:01,489 - AdaPoinTr - INFO - [Epoch 109/200][Batch 501/2622] BatchTime = 0.709 (s) DataTime = 0.001 (s) Losses = ['5.6854', '41.4099'] lr = 0.0000094
2025-07-21 01:36:13,271 - AdaPoinTr - INFO - [Epoch 109/200][Batch 601/2622] BatchTime = 0.719 (s) DataTime = 0.001 (s) Losses = ['5.2476', '39.4215'] lr = 0.0000094
2025-07-21 01:37:25,059 - AdaPoinTr - INFO - [Epoch 109/200][Batch 701/2622] BatchTime = 0.715 (s) DataTime = 0.001 (s) Losses = ['4.8259', '35.6463'] lr = 0.0000094
2025-07-21 01:38:36,853 - AdaPoinTr - INFO - [Epoch 109/200][Batch 801/2622] BatchTime = 0.715 (s) DataTime = 0.001 (s) Losses = ['5.0090', '42.1868'] lr = 0.0000094
2025-07-21 01:39:48,654 - AdaPoinTr - INFO - [Epoch 109/200][Batch 901/2622] BatchTime = 0.714 (s) DataTime = 0.001 (s) Losses = ['5.1007', '36.2877'] lr = 0.0000094
2025-07-21 01:41:00,479 - AdaPoinTr - INFO - [Epoch 109/200][Batch 1001/2622] BatchTime = 0.709 (s) DataTime = 0.001 (s) Losses = ['5.7145', '39.1161'] lr = 0.0000094
2025-07-21 01:42:12,271 - AdaPoinTr - INFO - [Epoch 109/200][Batch 1101/2622] BatchTime = 0.712 (s) DataTime = 0.001 (s) Losses = ['5.7713', '39.9601'] lr = 0.0000094
2025-07-21 01:43:24,058 - AdaPoinTr - INFO - [Epoch 109/200][Batch 1201/2622] BatchTime = 0.704 (s) DataTime = 0.001 (s) Losses = ['5.9001', '44.5259'] lr = 0.0000094
2025-07-21 01:44:35,868 - AdaPoinTr - INFO - [Epoch 109/200][Batch 1301/2622] BatchTime = 0.706 (s) DataTime = 0.001 (s) Losses = ['5.0312', '39.7243'] lr = 0.0000094
2025-07-21 01:45:47,655 - AdaPoinTr - INFO - [Epoch 109/200][Batch 1401/2622] BatchTime = 0.714 (s) DataTime = 0.001 (s) Losses = ['4.8009', '33.8131'] lr = 0.0000094
2025-07-21 01:46:59,475 - AdaPoinTr - INFO - [Epoch 109/200][Batch 1501/2622] BatchTime = 0.717 (s) DataTime = 0.001 (s) Losses = ['5.0500', '39.9810'] lr = 0.0000094
2025-07-21 01:48:11,270 - AdaPoinTr - INFO - [Epoch 109/200][Batch 1601/2622] BatchTime = 0.723 (s) DataTime = 0.001 (s) Losses = ['5.2789', '37.1306'] lr = 0.0000094
2025-07-21 01:49:23,104 - AdaPoinTr - INFO - [Epoch 109/200][Batch 1701/2622] BatchTime = 0.717 (s) DataTime = 0.001 (s) Losses = ['4.6379', '33.4489'] lr = 0.0000094
2025-07-21 01:50:34,913 - AdaPoinTr - INFO - [Epoch 109/200][Batch 1801/2622] BatchTime = 0.718 (s) DataTime = 0.001 (s) Losses = ['5.1110', '37.8054'] lr = 0.0000094
2025-07-21 01:51:46,717 - AdaPoinTr - INFO - [Epoch 109/200][Batch 1901/2622] BatchTime = 0.713 (s) DataTime = 0.001 (s) Losses = ['5.0246', '44.2697'] lr = 0.0000094
2025-07-21 01:52:58,537 - AdaPoinTr - INFO - [Epoch 109/200][Batch 2001/2622] BatchTime = 0.713 (s) DataTime = 0.001 (s) Losses = ['5.7717', '41.9868'] lr = 0.0000094
2025-07-21 01:54:10,347 - AdaPoinTr - INFO - [Epoch 109/200][Batch 2101/2622] BatchTime = 0.708 (s) DataTime = 0.001 (s) Losses = ['5.4500', '42.2207'] lr = 0.0000094
2025-07-21 01:55:22,166 - AdaPoinTr - INFO - [Epoch 109/200][Batch 2201/2622] BatchTime = 0.705 (s) DataTime = 0.001 (s) Losses = ['5.3884', '42.5856'] lr = 0.0000094
2025-07-21 01:56:33,922 - AdaPoinTr - INFO - [Epoch 109/200][Batch 2301/2622] BatchTime = 0.707 (s) DataTime = 0.001 (s) Losses = ['5.7096', '43.7370'] lr = 0.0000094
2025-07-21 01:57:45,706 - AdaPoinTr - INFO - [Epoch 109/200][Batch 2401/2622] BatchTime = 0.716 (s) DataTime = 0.001 (s) Losses = ['5.4085', '45.6031'] lr = 0.0000094
2025-07-21 01:58:57,543 - AdaPoinTr - INFO - [Epoch 109/200][Batch 2501/2622] BatchTime = 0.716 (s) DataTime = 0.001 (s) Losses = ['4.7533', '35.5741'] lr = 0.0000094
2025-07-21 02:00:09,370 - AdaPoinTr - INFO - [Epoch 109/200][Batch 2601/2622] BatchTime = 0.718 (s) DataTime = 0.001 (s) Losses = ['5.6113', '42.4614'] lr = 0.0000094
2025-07-21 02:00:24,456 - AdaPoinTr - INFO - [Training] EPOCH: 109 EpochTime = 1882.743 (s) Losses = ['5.2408', '39.9891']
2025-07-21 02:00:24,907 - AdaPoinTr - INFO - Save checkpoint at ./experiments/AdaPoinTr/ShapeNet55_models/AdaPoinTr/ckpt-last.pth
2025-07-21 02:00:25,717 - AdaPoinTr - INFO - [Epoch 110/200][Batch 1/2622] BatchTime = 0.809 (s) DataTime = 0.092 (s) Losses = ['5.4365', '42.2801'] lr = 0.0000092
2025-07-21 02:01:37,565 - AdaPoinTr - INFO - [Epoch 110/200][Batch 101/2622] BatchTime = 0.718 (s) DataTime = 0.001 (s) Losses = ['5.2228', '39.1750'] lr = 0.0000092
2025-07-21 02:02:49,354 - AdaPoinTr - INFO - [Epoch 110/200][Batch 201/2622] BatchTime = 0.717 (s) DataTime = 0.001 (s) Losses = ['5.2678', '41.0277'] lr = 0.0000092
2025-07-21 02:04:01,189 - AdaPoinTr - INFO - [Epoch 110/200][Batch 301/2622] BatchTime = 0.717 (s) DataTime = 0.001 (s) Losses = ['5.5695', '39.8132'] lr = 0.0000092
2025-07-21 02:05:12,987 - AdaPoinTr - INFO - [Epoch 110/200][Batch 401/2622] BatchTime = 0.718 (s) DataTime = 0.001 (s) Losses = ['5.8147', '49.2611'] lr = 0.0000092
2025-07-21 02:06:24,505 - AdaPoinTr - INFO - [Epoch 110/200][Batch 501/2622] BatchTime = 0.712 (s) DataTime = 0.001 (s) Losses = ['4.8909', '43.9998'] lr = 0.0000092
2025-07-21 02:07:36,335 - AdaPoinTr - INFO - [Epoch 110/200][Batch 601/2622] BatchTime = 0.709 (s) DataTime = 0.001 (s) Losses = ['5.5678', '41.8890'] lr = 0.0000092
2025-07-21 02:08:48,142 - AdaPoinTr - INFO - [Epoch 110/200][Batch 701/2622] BatchTime = 0.707 (s) DataTime = 0.001 (s) Losses = ['5.3952', '40.8564'] lr = 0.0000092
2025-07-21 02:09:59,929 - AdaPoinTr - INFO - [Epoch 110/200][Batch 801/2622] BatchTime = 0.708 (s) DataTime = 0.001 (s) Losses = ['4.8680', '39.0317'] lr = 0.0000092
2025-07-21 02:11:11,725 - AdaPoinTr - INFO - [Epoch 110/200][Batch 901/2622] BatchTime = 0.714 (s) DataTime = 0.001 (s) Losses = ['5.3781', '39.3920'] lr = 0.0000092
2025-07-21 02:12:23,541 - AdaPoinTr - INFO - [Epoch 110/200][Batch 1001/2622] BatchTime = 0.715 (s) DataTime = 0.001 (s) Losses = ['6.1307', '44.6798'] lr = 0.0000092
2025-07-21 02:13:35,322 - AdaPoinTr - INFO - [Epoch 110/200][Batch 1101/2622] BatchTime = 0.715 (s) DataTime = 0.001 (s) Losses = ['5.2938', '42.5336'] lr = 0.0000092
2025-07-21 02:14:47,151 - AdaPoinTr - INFO - [Epoch 110/200][Batch 1201/2622] BatchTime = 0.718 (s) DataTime = 0.001 (s) Losses = ['5.5124', '42.3806'] lr = 0.0000092
2025-07-21 02:15:58,999 - AdaPoinTr - INFO - [Epoch 110/200][Batch 1301/2622] BatchTime = 0.716 (s) DataTime = 0.001 (s) Losses = ['5.3523', '45.8547'] lr = 0.0000092
2025-07-21 02:17:10,758 - AdaPoinTr - INFO - [Epoch 110/200][Batch 1401/2622] BatchTime = 0.707 (s) DataTime = 0.001 (s) Losses = ['5.3277', '42.9766'] lr = 0.0000092
2025-07-21 02:18:22,557 - AdaPoinTr - INFO - [Epoch 110/200][Batch 1501/2622] BatchTime = 0.708 (s) DataTime = 0.001 (s) Losses = ['4.9902', '40.2696'] lr = 0.0000092
2025-07-21 02:19:34,372 - AdaPoinTr - INFO - [Epoch 110/200][Batch 1601/2622] BatchTime = 0.709 (s) DataTime = 0.001 (s) Losses = ['4.8166', '35.3073'] lr = 0.0000092
2025-07-21 02:20:46,180 - AdaPoinTr - INFO - [Epoch 110/200][Batch 1701/2622] BatchTime = 0.709 (s) DataTime = 0.001 (s) Losses = ['4.8874', '39.3750'] lr = 0.0000092
2025-07-21 02:21:57,965 - AdaPoinTr - INFO - [Epoch 110/200][Batch 1801/2622] BatchTime = 0.707 (s) DataTime = 0.001 (s) Losses = ['5.1777', '39.8052'] lr = 0.0000092
2025-07-21 02:23:09,816 - AdaPoinTr - INFO - [Epoch 110/200][Batch 1901/2622] BatchTime = 0.708 (s) DataTime = 0.001 (s) Losses = ['4.5054', '34.5260'] lr = 0.0000092
2025-07-21 02:24:21,609 - AdaPoinTr - INFO - [Epoch 110/200][Batch 2001/2622] BatchTime = 0.706 (s) DataTime = 0.001 (s) Losses = ['5.5732', '41.2060'] lr = 0.0000092
2025-07-21 02:25:33,404 - AdaPoinTr - INFO - [Epoch 110/200][Batch 2101/2622] BatchTime = 0.719 (s) DataTime = 0.001 (s) Losses = ['5.2552', '40.4605'] lr = 0.0000092
2025-07-21 02:26:45,217 - AdaPoinTr - INFO - [Epoch 110/200][Batch 2201/2622] BatchTime = 0.717 (s) DataTime = 0.001 (s) Losses = ['4.6305', '35.6303'] lr = 0.0000092
2025-07-21 02:27:57,043 - AdaPoinTr - INFO - [Epoch 110/200][Batch 2301/2622] BatchTime = 0.715 (s) DataTime = 0.001 (s) Losses = ['5.2781', '45.8990'] lr = 0.0000092
2025-07-21 02:29:08,846 - AdaPoinTr - INFO - [Epoch 110/200][Batch 2401/2622] BatchTime = 0.717 (s) DataTime = 0.001 (s) Losses = ['4.9439', '38.8458'] lr = 0.0000092
2025-07-21 02:30:20,630 - AdaPoinTr - INFO - [Epoch 110/200][Batch 2501/2622] BatchTime = 0.717 (s) DataTime = 0.001 (s) Losses = ['5.1358', '41.4264'] lr = 0.0000092
2025-07-21 02:31:32,416 - AdaPoinTr - INFO - [Epoch 110/200][Batch 2601/2622] BatchTime = 0.714 (s) DataTime = 0.001 (s) Losses = ['5.5698', '38.3438'] lr = 0.0000092
2025-07-21 02:31:47,520 - AdaPoinTr - INFO - [Training] EPOCH: 110 EpochTime = 1882.612 (s) Losses = ['5.2298', '39.8926']
2025-07-21 02:31:47,520 - AdaPoinTr - INFO - [VALIDATION] Start validating epoch 110
2025-07-21 02:32:54,571 - AdaPoinTr - INFO - Test[1051/10518] Taxonomy = 02691156 Sample = c7749c0a8b61f43bc9b9e28055202e3d Losses = ['20.3077', '1.6079', '9.0738', '0.2785'] Metrics = ['0.5581', '9.0738', '0.2785', '0.0000']
2025-07-21 02:34:01,520 - AdaPoinTr - INFO - Test[2102/10518] Taxonomy = 03211117 Sample = ab2f9418c111cc6ddb965514105122a4 Losses = ['20.1005', '1.5062', '7.8004', '0.2160'] Metrics = ['0.6490', '7.8004', '0.2160', '0.0000']
2025-07-21 02:35:08,498 - AdaPoinTr - INFO - Test[3153/10518] Taxonomy = 02876657 Sample = c5032e4be091aabb36fe7a88df793982 Losses = ['34.5895', '4.2860', '16.4096', '1.4098'] Metrics = ['0.3425', '16.4096', '1.4098', '0.0000']
2025-07-21 02:36:15,552 - AdaPoinTr - INFO - Test[4204/10518] Taxonomy = 03211117 Sample = 722df1da5778d45b1e43523279c7f09f Losses = ['29.7059', '3.8251', '11.3964', '0.5824'] Metrics = ['0.4528', '11.3964', '0.5824', '0.0000']
2025-07-21 02:37:22,509 - AdaPoinTr - INFO - Test[5255/10518] Taxonomy = 02828884 Sample = 14b63361a48a9fffe4a048c146e8bd43 Losses = ['32.0521', '4.0118', '15.9026', '1.4930'] Metrics = ['0.4331', '15.9026', '1.4930', '0.0000']
2025-07-21 02:38:29,390 - AdaPoinTr - INFO - Test[6306/10518] Taxonomy = 03211117 Sample = d330d50a0255529d19ed6e1a590c9122 Losses = ['22.2665', '1.7889', '9.7197', '0.3026'] Metrics = ['0.4888', '9.7197', '0.3026', '0.0000']
2025-07-21 02:39:36,347 - AdaPoinTr - INFO - Test[7357/10518] Taxonomy = 04379243 Sample = b1ca280d9567270ade98d10ab5975b59 Losses = ['32.3521', '4.6462', '14.5626', '0.7306'] Metrics = ['0.2855', '14.5626', '0.7306', '0.0000']
2025-07-21 02:40:43,266 - AdaPoinTr - INFO - Test[8408/10518] Taxonomy = 03001627 Sample = 89208a619341d9fdb8c516ed5c4ce32 Losses = ['27.3762', '2.6604', '12.2692', '0.4709'] Metrics = ['0.3271', '12.2692', '0.4709', '0.0000']
2025-07-21 02:41:50,220 - AdaPoinTr - INFO - Test[9459/10518] Taxonomy = 03001627 Sample = d0255120e3351121c3bd24f986301745 Losses = ['37.4196', '5.7577', '17.6175', '1.1866'] Metrics = ['0.2327', '17.6175', '1.1866', '0.0000']
2025-07-21 02:42:57,166 - AdaPoinTr - INFO - Test[10510/10518] Taxonomy = 03636649 Sample = ea9ec4d9db2e06202471e6dd5ac3ef92 Losses = ['17.8937', '1.3533', '7.0474', '0.2407'] Metrics = ['0.7905', '7.0474', '0.2407', '0.0000']
2025-07-21 02:42:57,695 - AdaPoinTr - INFO - [Validation] EPOCH: 110  Metrics = ['0.3812', '13.8254', '0.9244', '0.0000']
2025-07-21 02:42:57,695 - AdaPoinTr - INFO - ============================ TEST RESULTS ============================
2025-07-21 02:42:57,695 - AdaPoinTr - INFO - Taxonomy	#Sample	F-Score	CDL1	CDL2	EMDistance	#ModelName	
2025-07-21 02:42:57,695 - AdaPoinTr - INFO - 03759954	14	0.585 	12.330 	1.193 	0.000 	microphone	
2025-07-21 02:42:57,695 - AdaPoinTr - INFO - 04330267	44	0.294 	15.486 	1.061 	0.000 	stove	
2025-07-21 02:42:57,695 - AdaPoinTr - INFO - 03261776	15	0.314 	18.429 	1.981 	0.000 	earphone	
2025-07-21 02:42:57,695 - AdaPoinTr - INFO - 03513137	33	0.217 	20.336 	2.086 	0.000 	helmet	
2025-07-21 02:42:57,695 - AdaPoinTr - INFO - 04460130	27	0.447 	12.749 	0.703 	0.000 	tower	
2025-07-21 02:42:57,695 - AdaPoinTr - INFO - 04468005	78	0.406 	12.390 	0.652 	0.000 	train	
2025-07-21 02:42:57,695 - AdaPoinTr - INFO - 03761084	31	0.253 	15.793 	0.951 	0.000 	microwaves	
2025-07-21 02:42:57,695 - AdaPoinTr - INFO - 04004475	34	0.279 	16.645 	1.303 	0.000 	printer	
2025-07-21 02:42:57,695 - AdaPoinTr - INFO - 03938244	20	0.327 	13.872 	0.774 	0.000 	pillow	
2025-07-21 02:42:57,695 - AdaPoinTr - INFO - 02992529	167	0.434 	10.666 	0.391 	0.000 	cellphone	
2025-07-21 02:42:57,695 - AdaPoinTr - INFO - 02808440	172	0.302 	14.733 	0.989 	0.000 	bathtub	
2025-07-21 02:42:57,695 - AdaPoinTr - INFO - 04530566	388	0.522 	10.904 	0.578 	0.000 	watercraft	
2025-07-21 02:42:57,695 - AdaPoinTr - INFO - 02871439	91	0.263 	15.778 	1.020 	0.000 	bookshelf	
2025-07-21 02:42:57,695 - AdaPoinTr - INFO - 03593526	120	0.275 	16.879 	1.297 	0.000 	jar	
2025-07-21 02:42:57,695 - AdaPoinTr - INFO - 04554684	34	0.240 	17.198 	1.249 	0.000 	washer	
2025-07-21 02:42:57,695 - AdaPoinTr - INFO - 03467517	160	0.826 	6.508 	0.205 	0.000 	guitar	
2025-07-21 02:42:57,695 - AdaPoinTr - INFO - 04401088	218	0.436 	10.618 	0.417 	0.000 	telephone	
2025-07-21 02:42:57,696 - AdaPoinTr - INFO - 02954340	12	0.321 	14.326 	1.028 	0.000 	cap	
2025-07-21 02:42:57,696 - AdaPoinTr - INFO - 02933112	315	0.249 	14.968 	0.808 	0.000 	cabinet	
2025-07-21 02:42:57,696 - AdaPoinTr - INFO - 03642806	92	0.397 	10.974 	0.410 	0.000 	laptop	
2025-07-21 02:42:57,696 - AdaPoinTr - INFO - 02924116	188	0.377 	12.218 	0.562 	0.000 	bus	
2025-07-21 02:42:57,696 - AdaPoinTr - INFO - 02946921	22	0.274 	15.779 	1.540 	0.000 	can	
2025-07-21 02:42:57,696 - AdaPoinTr - INFO - 02818832	47	0.298 	15.722 	1.123 	0.000 	bed	
2025-07-21 02:42:57,696 - AdaPoinTr - INFO - 04256520	635	0.313 	13.830 	0.722 	0.000 	sofa	
2025-07-21 02:42:57,696 - AdaPoinTr - INFO - 04379243	1687	0.398 	12.442 	0.744 	0.000 	table	
2025-07-21 02:42:57,696 - AdaPoinTr - INFO - 02747177	69	0.203 	17.156 	1.149 	0.000 	trash bin	
2025-07-21 02:42:57,696 - AdaPoinTr - INFO - 03046257	131	0.323 	14.507 	0.921 	0.000 	clock	
2025-07-21 02:42:57,696 - AdaPoinTr - INFO - 04225987	31	0.568 	9.126 	0.316 	0.000 	skateboard	
2025-07-21 02:42:57,696 - AdaPoinTr - INFO - 03797390	43	0.202 	18.216 	1.325 	0.000 	mug	
2025-07-21 02:42:57,696 - AdaPoinTr - INFO - 03001627	1356	0.386 	13.188 	0.787 	0.000 	chair	
2025-07-21 02:42:57,696 - AdaPoinTr - INFO - 03691459	320	0.266 	16.547 	1.184 	0.000 	loudspeaker	
2025-07-21 02:42:57,696 - AdaPoinTr - INFO - 02942699	23	0.251 	19.094 	1.828 	0.000 	camera	
2025-07-21 02:42:57,696 - AdaPoinTr - INFO - 03636649	464	0.556 	12.593 	1.156 	0.000 	lamp	
2025-07-21 02:42:57,696 - AdaPoinTr - INFO - 02691156	809	0.596 	9.043 	0.351 	0.000 	airplane	
2025-07-21 02:42:57,696 - AdaPoinTr - INFO - 02773838	17	0.362 	13.325 	0.859 	0.000 	bag	
2025-07-21 02:42:57,696 - AdaPoinTr - INFO - 02958343	703	0.231 	15.797 	0.894 	0.000 	car	
2025-07-21 02:42:57,696 - AdaPoinTr - INFO - 02880940	38	0.241 	15.206 	0.810 	0.000 	bowl	
2025-07-21 02:42:57,696 - AdaPoinTr - INFO - 04099429	17	0.719 	8.427 	0.367 	0.000 	rocket	
2025-07-21 02:42:57,696 - AdaPoinTr - INFO - 02828884	363	0.456 	10.720 	0.493 	0.000 	bench	
2025-07-21 02:42:57,696 - AdaPoinTr - INFO - 04090263	475	0.705 	8.283 	0.381 	0.000 	rifle	
2025-07-21 02:42:57,696 - AdaPoinTr - INFO - 03211117	219	0.368 	12.652 	0.658 	0.000 	display	
2025-07-21 02:42:57,696 - AdaPoinTr - INFO - 02876657	100	0.451 	11.332 	0.588 	0.000 	bottle	
2025-07-21 02:42:57,696 - AdaPoinTr - INFO - 03710193	19	0.554 	11.363 	0.735 	0.000 	mailbox	
2025-07-21 02:42:57,696 - AdaPoinTr - INFO - 03790512	68	0.258 	16.834 	1.185 	0.000 	motorbike	
2025-07-21 02:42:57,696 - AdaPoinTr - INFO - 03325088	149	0.487 	13.791 	1.310 	0.000 	faucet	
2025-07-21 02:42:57,696 - AdaPoinTr - INFO - 02801938	23	0.240 	15.761 	0.961 	0.000 	basket	
2025-07-21 02:42:57,696 - AdaPoinTr - INFO - 03337140	60	0.250 	15.948 	1.025 	0.000 	file cabinet	
2025-07-21 02:42:57,696 - AdaPoinTr - INFO - 02843684	15	0.222 	21.989 	2.597 	0.000 	birdhouse	
2025-07-21 02:42:57,696 - AdaPoinTr - INFO - 03624134	85	0.793 	6.870 	0.241 	0.000 	knife	
2025-07-21 02:42:57,696 - AdaPoinTr - INFO - 03991062	121	0.251 	18.238 	1.472 	0.000 	flowerpot	
2025-07-21 02:42:57,696 - AdaPoinTr - INFO - 03948459	62	0.478 	11.678 	0.624 	0.000 	pistol	
2025-07-21 02:42:57,696 - AdaPoinTr - INFO - 03928116	48	0.301 	15.437 	1.109 	0.000 	piano	
2025-07-21 02:42:57,696 - AdaPoinTr - INFO - 03207941	19	0.250 	15.532 	0.935 	0.000 	dishwasher	
2025-07-21 02:42:57,696 - AdaPoinTr - INFO - 04074963	14	0.484 	10.235 	0.389 	0.000 	remote	
2025-07-21 02:42:57,696 - AdaPoinTr - INFO - 03085013	13	0.463 	9.936 	0.406 	0.000 	keyboard	
2025-07-21 02:42:57,696 - AdaPoinTr - INFO - Overall		0.381 	13.825 	0.924 	0.000 	
2025-07-21 02:42:58,153 - AdaPoinTr - INFO - Save checkpoint at ./experiments/AdaPoinTr/ShapeNet55_models/AdaPoinTr/ckpt-last.pth
2025-07-21 02:42:58,955 - AdaPoinTr - INFO - [Epoch 111/200][Batch 1/2622] BatchTime = 0.801 (s) DataTime = 0.090 (s) Losses = ['5.4626', '40.6600'] lr = 0.0000090
2025-07-21 02:44:10,744 - AdaPoinTr - INFO - [Epoch 111/200][Batch 101/2622] BatchTime = 0.709 (s) DataTime = 0.001 (s) Losses = ['5.9456', '43.7011'] lr = 0.0000090
2025-07-21 02:45:22,561 - AdaPoinTr - INFO - [Epoch 111/200][Batch 201/2622] BatchTime = 0.705 (s) DataTime = 0.001 (s) Losses = ['5.8297', '42.3211'] lr = 0.0000090
2025-07-21 02:46:34,312 - AdaPoinTr - INFO - [Epoch 111/200][Batch 301/2622] BatchTime = 0.716 (s) DataTime = 0.001 (s) Losses = ['5.3397', '40.7091'] lr = 0.0000090
2025-07-21 02:47:46,105 - AdaPoinTr - INFO - [Epoch 111/200][Batch 401/2622] BatchTime = 0.715 (s) DataTime = 0.001 (s) Losses = ['5.3397', '37.0711'] lr = 0.0000090
2025-07-21 02:48:57,924 - AdaPoinTr - INFO - [Epoch 111/200][Batch 501/2622] BatchTime = 0.715 (s) DataTime = 0.001 (s) Losses = ['5.5310', '46.5354'] lr = 0.0000090
2025-07-21 02:50:09,724 - AdaPoinTr - INFO - [Epoch 111/200][Batch 601/2622] BatchTime = 0.716 (s) DataTime = 0.001 (s) Losses = ['5.2485', '40.1235'] lr = 0.0000090
2025-07-21 02:51:21,336 - AdaPoinTr - INFO - [Epoch 111/200][Batch 701/2622] BatchTime = 0.541 (s) DataTime = 0.001 (s) Losses = ['5.4116', '41.3228'] lr = 0.0000090
2025-07-21 02:52:32,987 - AdaPoinTr - INFO - [Epoch 111/200][Batch 801/2622] BatchTime = 0.711 (s) DataTime = 0.001 (s) Losses = ['5.1623', '40.1055'] lr = 0.0000090
2025-07-21 02:53:44,834 - AdaPoinTr - INFO - [Epoch 111/200][Batch 901/2622] BatchTime = 0.712 (s) DataTime = 0.001 (s) Losses = ['5.1344', '39.8087'] lr = 0.0000090
2025-07-21 02:54:56,635 - AdaPoinTr - INFO - [Epoch 111/200][Batch 1001/2622] BatchTime = 0.708 (s) DataTime = 0.001 (s) Losses = ['5.0502', '40.0132'] lr = 0.0000090
2025-07-21 02:56:08,442 - AdaPoinTr - INFO - [Epoch 111/200][Batch 1101/2622] BatchTime = 0.704 (s) DataTime = 0.001 (s) Losses = ['5.4703', '38.8443'] lr = 0.0000090
2025-07-21 02:57:20,240 - AdaPoinTr - INFO - [Epoch 111/200][Batch 1201/2622] BatchTime = 0.713 (s) DataTime = 0.001 (s) Losses = ['4.8355', '38.3142'] lr = 0.0000090
2025-07-21 02:58:32,039 - AdaPoinTr - INFO - [Epoch 111/200][Batch 1301/2622] BatchTime = 0.709 (s) DataTime = 0.001 (s) Losses = ['4.8738', '37.0556'] lr = 0.0000090
2025-07-21 02:59:43,872 - AdaPoinTr - INFO - [Epoch 111/200][Batch 1401/2622] BatchTime = 0.711 (s) DataTime = 0.001 (s) Losses = ['5.6606', '41.1406'] lr = 0.0000090
2025-07-21 03:00:55,653 - AdaPoinTr - INFO - [Epoch 111/200][Batch 1501/2622] BatchTime = 0.716 (s) DataTime = 0.001 (s) Losses = ['5.3414', '39.3520'] lr = 0.0000090
2025-07-21 03:02:07,430 - AdaPoinTr - INFO - [Epoch 111/200][Batch 1601/2622] BatchTime = 0.715 (s) DataTime = 0.001 (s) Losses = ['5.1694', '40.2157'] lr = 0.0000090
2025-07-21 03:03:19,221 - AdaPoinTr - INFO - [Epoch 111/200][Batch 1701/2622] BatchTime = 0.711 (s) DataTime = 0.001 (s) Losses = ['5.0555', '39.0002'] lr = 0.0000090
2025-07-21 03:04:31,041 - AdaPoinTr - INFO - [Epoch 111/200][Batch 1801/2622] BatchTime = 0.716 (s) DataTime = 0.001 (s) Losses = ['5.0038', '39.0864'] lr = 0.0000090
2025-07-21 03:05:42,861 - AdaPoinTr - INFO - [Epoch 111/200][Batch 1901/2622] BatchTime = 0.710 (s) DataTime = 0.001 (s) Losses = ['5.0059', '40.2952'] lr = 0.0000090
2025-07-21 03:06:54,686 - AdaPoinTr - INFO - [Epoch 111/200][Batch 2001/2622] BatchTime = 0.709 (s) DataTime = 0.001 (s) Losses = ['5.3434', '39.9377'] lr = 0.0000090
2025-07-21 03:08:06,530 - AdaPoinTr - INFO - [Epoch 111/200][Batch 2101/2622] BatchTime = 0.712 (s) DataTime = 0.001 (s) Losses = ['5.0204', '39.5348'] lr = 0.0000090
2025-07-21 03:09:18,311 - AdaPoinTr - INFO - [Epoch 111/200][Batch 2201/2622] BatchTime = 0.703 (s) DataTime = 0.001 (s) Losses = ['5.2513', '38.4303'] lr = 0.0000090
2025-07-21 03:10:30,123 - AdaPoinTr - INFO - [Epoch 111/200][Batch 2301/2622] BatchTime = 0.715 (s) DataTime = 0.001 (s) Losses = ['5.8453', '45.0276'] lr = 0.0000090
2025-07-21 03:11:41,937 - AdaPoinTr - INFO - [Epoch 111/200][Batch 2401/2622] BatchTime = 0.721 (s) DataTime = 0.001 (s) Losses = ['5.2274', '39.6774'] lr = 0.0000090
2025-07-21 03:12:53,712 - AdaPoinTr - INFO - [Epoch 111/200][Batch 2501/2622] BatchTime = 0.723 (s) DataTime = 0.001 (s) Losses = ['5.1221', '36.4863'] lr = 0.0000090
2025-07-21 03:14:05,499 - AdaPoinTr - INFO - [Epoch 111/200][Batch 2601/2622] BatchTime = 0.715 (s) DataTime = 0.001 (s) Losses = ['4.9171', '41.3351'] lr = 0.0000090
2025-07-21 03:14:20,605 - AdaPoinTr - INFO - [Training] EPOCH: 111 EpochTime = 1882.451 (s) Losses = ['5.2392', '39.8846']
2025-07-21 03:14:21,070 - AdaPoinTr - INFO - Save checkpoint at ./experiments/AdaPoinTr/ShapeNet55_models/AdaPoinTr/ckpt-last.pth
2025-07-21 03:14:21,880 - AdaPoinTr - INFO - [Epoch 112/200][Batch 1/2622] BatchTime = 0.809 (s) DataTime = 0.091 (s) Losses = ['5.4145', '41.6809'] lr = 0.0000088
2025-07-21 03:15:33,658 - AdaPoinTr - INFO - [Epoch 112/200][Batch 101/2622] BatchTime = 0.711 (s) DataTime = 0.001 (s) Losses = ['5.2745', '41.4135'] lr = 0.0000088
2025-07-21 03:16:45,462 - AdaPoinTr - INFO - [Epoch 112/200][Batch 201/2622] BatchTime = 0.711 (s) DataTime = 0.001 (s) Losses = ['5.0519', '36.6874'] lr = 0.0000088
2025-07-21 03:17:57,243 - AdaPoinTr - INFO - [Epoch 112/200][Batch 301/2622] BatchTime = 0.707 (s) DataTime = 0.001 (s) Losses = ['5.6248', '41.8874'] lr = 0.0000088
2025-07-21 03:19:09,039 - AdaPoinTr - INFO - [Epoch 112/200][Batch 401/2622] BatchTime = 0.704 (s) DataTime = 0.001 (s) Losses = ['5.6595', '40.7170'] lr = 0.0000088
2025-07-21 03:20:20,810 - AdaPoinTr - INFO - [Epoch 112/200][Batch 501/2622] BatchTime = 0.713 (s) DataTime = 0.001 (s) Losses = ['5.2095', '37.8024'] lr = 0.0000088
2025-07-21 03:21:32,638 - AdaPoinTr - INFO - [Epoch 112/200][Batch 601/2622] BatchTime = 0.715 (s) DataTime = 0.001 (s) Losses = ['5.0480', '37.7670'] lr = 0.0000088
2025-07-21 03:22:44,465 - AdaPoinTr - INFO - [Epoch 112/200][Batch 701/2622] BatchTime = 0.714 (s) DataTime = 0.001 (s) Losses = ['5.8898', '44.4839'] lr = 0.0000088
2025-07-21 03:23:56,250 - AdaPoinTr - INFO - [Epoch 112/200][Batch 801/2622] BatchTime = 0.715 (s) DataTime = 0.001 (s) Losses = ['5.1801', '39.6569'] lr = 0.0000088
2025-07-21 03:25:08,053 - AdaPoinTr - INFO - [Epoch 112/200][Batch 901/2622] BatchTime = 0.717 (s) DataTime = 0.001 (s) Losses = ['5.3280', '40.2101'] lr = 0.0000088
2025-07-21 03:26:19,852 - AdaPoinTr - INFO - [Epoch 112/200][Batch 1001/2622] BatchTime = 0.713 (s) DataTime = 0.001 (s) Losses = ['5.1504', '38.7314'] lr = 0.0000088
2025-07-21 03:27:31,632 - AdaPoinTr - INFO - [Epoch 112/200][Batch 1101/2622] BatchTime = 0.711 (s) DataTime = 0.001 (s) Losses = ['4.3672', '32.4700'] lr = 0.0000088
2025-07-21 03:28:43,470 - AdaPoinTr - INFO - [Epoch 112/200][Batch 1201/2622] BatchTime = 0.711 (s) DataTime = 0.001 (s) Losses = ['5.7464', '43.9473'] lr = 0.0000088
2025-07-21 03:29:55,249 - AdaPoinTr - INFO - [Epoch 112/200][Batch 1301/2622] BatchTime = 0.706 (s) DataTime = 0.001 (s) Losses = ['4.8398', '35.5033'] lr = 0.0000088
2025-07-21 03:31:07,078 - AdaPoinTr - INFO - [Epoch 112/200][Batch 1401/2622] BatchTime = 0.707 (s) DataTime = 0.001 (s) Losses = ['4.6180', '33.7279'] lr = 0.0000088
2025-07-21 03:32:18,898 - AdaPoinTr - INFO - [Epoch 112/200][Batch 1501/2622] BatchTime = 0.704 (s) DataTime = 0.001 (s) Losses = ['5.6026', '39.7360'] lr = 0.0000088
2025-07-21 03:33:30,727 - AdaPoinTr - INFO - [Epoch 112/200][Batch 1601/2622] BatchTime = 0.706 (s) DataTime = 0.001 (s) Losses = ['5.1232', '40.9383'] lr = 0.0000088
2025-07-21 03:34:42,559 - AdaPoinTr - INFO - [Epoch 112/200][Batch 1701/2622] BatchTime = 0.711 (s) DataTime = 0.001 (s) Losses = ['5.3207', '39.9511'] lr = 0.0000088
2025-07-21 03:35:54,365 - AdaPoinTr - INFO - [Epoch 112/200][Batch 1801/2622] BatchTime = 0.714 (s) DataTime = 0.001 (s) Losses = ['5.4218', '38.7083'] lr = 0.0000088
2025-07-21 03:37:06,161 - AdaPoinTr - INFO - [Epoch 112/200][Batch 1901/2622] BatchTime = 0.714 (s) DataTime = 0.001 (s) Losses = ['5.3449', '39.1216'] lr = 0.0000088
2025-07-21 03:38:17,945 - AdaPoinTr - INFO - [Epoch 112/200][Batch 2001/2622] BatchTime = 0.718 (s) DataTime = 0.001 (s) Losses = ['5.1080', '38.4226'] lr = 0.0000088
2025-07-21 03:39:29,759 - AdaPoinTr - INFO - [Epoch 112/200][Batch 2101/2622] BatchTime = 0.721 (s) DataTime = 0.001 (s) Losses = ['5.1952', '38.8607'] lr = 0.0000088
2025-07-21 03:40:41,555 - AdaPoinTr - INFO - [Epoch 112/200][Batch 2201/2622] BatchTime = 0.713 (s) DataTime = 0.001 (s) Losses = ['5.5310', '43.0484'] lr = 0.0000088
2025-07-21 03:41:53,007 - AdaPoinTr - INFO - [Epoch 112/200][Batch 2301/2622] BatchTime = 0.705 (s) DataTime = 0.001 (s) Losses = ['5.8443', '42.4366'] lr = 0.0000088
2025-07-21 03:43:04,806 - AdaPoinTr - INFO - [Epoch 112/200][Batch 2401/2622] BatchTime = 0.707 (s) DataTime = 0.001 (s) Losses = ['4.3806', '33.7546'] lr = 0.0000088
2025-07-21 03:44:16,616 - AdaPoinTr - INFO - [Epoch 112/200][Batch 2501/2622] BatchTime = 0.709 (s) DataTime = 0.001 (s) Losses = ['5.1004', '42.0533'] lr = 0.0000088
2025-07-21 03:45:28,411 - AdaPoinTr - INFO - [Epoch 112/200][Batch 2601/2622] BatchTime = 0.713 (s) DataTime = 0.001 (s) Losses = ['5.2462', '39.0002'] lr = 0.0000088
2025-07-21 03:45:43,521 - AdaPoinTr - INFO - [Training] EPOCH: 112 EpochTime = 1882.450 (s) Losses = ['5.2250', '39.8179']
2025-07-21 03:45:43,982 - AdaPoinTr - INFO - Save checkpoint at ./experiments/AdaPoinTr/ShapeNet55_models/AdaPoinTr/ckpt-last.pth
2025-07-21 03:45:44,788 - AdaPoinTr - INFO - [Epoch 113/200][Batch 1/2622] BatchTime = 0.805 (s) DataTime = 0.090 (s) Losses = ['4.9522', '38.1369'] lr = 0.0000086
2025-07-21 03:46:56,620 - AdaPoinTr - INFO - [Epoch 113/200][Batch 101/2622] BatchTime = 0.718 (s) DataTime = 0.001 (s) Losses = ['5.2543', '36.0911'] lr = 0.0000086
2025-07-21 03:48:08,399 - AdaPoinTr - INFO - [Epoch 113/200][Batch 201/2622] BatchTime = 0.721 (s) DataTime = 0.001 (s) Losses = ['4.8588', '36.9299'] lr = 0.0000086
2025-07-21 03:49:20,218 - AdaPoinTr - INFO - [Epoch 113/200][Batch 301/2622] BatchTime = 0.717 (s) DataTime = 0.001 (s) Losses = ['4.5242', '33.9308'] lr = 0.0000086
2025-07-21 03:50:32,022 - AdaPoinTr - INFO - [Epoch 113/200][Batch 401/2622] BatchTime = 0.723 (s) DataTime = 0.001 (s) Losses = ['6.0017', '45.8618'] lr = 0.0000086
2025-07-21 03:51:43,797 - AdaPoinTr - INFO - [Epoch 113/200][Batch 501/2622] BatchTime = 0.714 (s) DataTime = 0.001 (s) Losses = ['5.6560', '43.3866'] lr = 0.0000086
2025-07-21 03:52:55,579 - AdaPoinTr - INFO - [Epoch 113/200][Batch 601/2622] BatchTime = 0.710 (s) DataTime = 0.001 (s) Losses = ['5.0994', '40.3535'] lr = 0.0000086
2025-07-21 03:54:07,388 - AdaPoinTr - INFO - [Epoch 113/200][Batch 701/2622] BatchTime = 0.708 (s) DataTime = 0.001 (s) Losses = ['4.7246', '37.8750'] lr = 0.0000086
2025-07-21 03:55:19,173 - AdaPoinTr - INFO - [Epoch 113/200][Batch 801/2622] BatchTime = 0.705 (s) DataTime = 0.001 (s) Losses = ['4.6634', '37.0979'] lr = 0.0000086
2025-07-21 03:56:30,961 - AdaPoinTr - INFO - [Epoch 113/200][Batch 901/2622] BatchTime = 0.711 (s) DataTime = 0.001 (s) Losses = ['5.4277', '40.3435'] lr = 0.0000086
2025-07-21 03:57:42,756 - AdaPoinTr - INFO - [Epoch 113/200][Batch 1001/2622] BatchTime = 0.713 (s) DataTime = 0.001 (s) Losses = ['4.9368', '37.1594'] lr = 0.0000086
2025-07-21 03:58:54,603 - AdaPoinTr - INFO - [Epoch 113/200][Batch 1101/2622] BatchTime = 0.717 (s) DataTime = 0.001 (s) Losses = ['5.3361', '42.9819'] lr = 0.0000086
2025-07-21 04:00:06,377 - AdaPoinTr - INFO - [Epoch 113/200][Batch 1201/2622] BatchTime = 0.716 (s) DataTime = 0.001 (s) Losses = ['5.2713', '39.7464'] lr = 0.0000086
2025-07-21 04:01:18,165 - AdaPoinTr - INFO - [Epoch 113/200][Batch 1301/2622] BatchTime = 0.712 (s) DataTime = 0.001 (s) Losses = ['5.2346', '42.6588'] lr = 0.0000086
2025-07-21 04:02:29,963 - AdaPoinTr - INFO - [Epoch 113/200][Batch 1401/2622] BatchTime = 0.710 (s) DataTime = 0.001 (s) Losses = ['5.1853', '38.6610'] lr = 0.0000086
2025-07-21 04:03:41,739 - AdaPoinTr - INFO - [Epoch 113/200][Batch 1501/2622] BatchTime = 0.707 (s) DataTime = 0.001 (s) Losses = ['4.4108', '36.3307'] lr = 0.0000086
2025-07-21 04:04:53,495 - AdaPoinTr - INFO - [Epoch 113/200][Batch 1601/2622] BatchTime = 0.704 (s) DataTime = 0.001 (s) Losses = ['5.4076', '40.7086'] lr = 0.0000086
2025-07-21 04:06:05,263 - AdaPoinTr - INFO - [Epoch 113/200][Batch 1701/2622] BatchTime = 0.714 (s) DataTime = 0.001 (s) Losses = ['5.0108', '39.6820'] lr = 0.0000086
2025-07-21 04:07:17,055 - AdaPoinTr - INFO - [Epoch 113/200][Batch 1801/2622] BatchTime = 0.715 (s) DataTime = 0.001 (s) Losses = ['5.8587', '41.1556'] lr = 0.0000086
2025-07-21 04:08:28,883 - AdaPoinTr - INFO - [Epoch 113/200][Batch 1901/2622] BatchTime = 0.717 (s) DataTime = 0.001 (s) Losses = ['5.6534', '40.4444'] lr = 0.0000086
2025-07-21 04:09:40,653 - AdaPoinTr - INFO - [Epoch 113/200][Batch 2001/2622] BatchTime = 0.717 (s) DataTime = 0.001 (s) Losses = ['4.7396', '34.2829'] lr = 0.0000086
2025-07-21 04:10:52,498 - AdaPoinTr - INFO - [Epoch 113/200][Batch 2101/2622] BatchTime = 0.714 (s) DataTime = 0.001 (s) Losses = ['5.1579', '38.9742'] lr = 0.0000086
2025-07-21 04:12:04,314 - AdaPoinTr - INFO - [Epoch 113/200][Batch 2201/2622] BatchTime = 0.723 (s) DataTime = 0.001 (s) Losses = ['5.2647', '39.4870'] lr = 0.0000086
2025-07-21 04:13:16,106 - AdaPoinTr - INFO - [Epoch 113/200][Batch 2301/2622] BatchTime = 0.709 (s) DataTime = 0.001 (s) Losses = ['5.9064', '46.1121'] lr = 0.0000086
2025-07-21 04:14:27,921 - AdaPoinTr - INFO - [Epoch 113/200][Batch 2401/2622] BatchTime = 0.712 (s) DataTime = 0.001 (s) Losses = ['5.4250', '38.5381'] lr = 0.0000086
2025-07-21 04:15:39,733 - AdaPoinTr - INFO - [Epoch 113/200][Batch 2501/2622] BatchTime = 0.709 (s) DataTime = 0.001 (s) Losses = ['4.7539', '36.4495'] lr = 0.0000086
2025-07-21 04:16:51,526 - AdaPoinTr - INFO - [Epoch 113/200][Batch 2601/2622] BatchTime = 0.704 (s) DataTime = 0.001 (s) Losses = ['5.3507', '39.8199'] lr = 0.0000086
2025-07-21 04:17:06,638 - AdaPoinTr - INFO - [Training] EPOCH: 113 EpochTime = 1882.654 (s) Losses = ['5.2232', '39.8193']
2025-07-21 04:17:07,059 - AdaPoinTr - INFO - Save checkpoint at ./experiments/AdaPoinTr/ShapeNet55_models/AdaPoinTr/ckpt-last.pth
2025-07-21 04:17:07,862 - AdaPoinTr - INFO - [Epoch 114/200][Batch 1/2622] BatchTime = 0.802 (s) DataTime = 0.090 (s) Losses = ['4.7527', '34.9111'] lr = 0.0000084
2025-07-21 04:18:19,695 - AdaPoinTr - INFO - [Epoch 114/200][Batch 101/2622] BatchTime = 0.708 (s) DataTime = 0.001 (s) Losses = ['5.0781', '37.2788'] lr = 0.0000084
2025-07-21 04:19:31,482 - AdaPoinTr - INFO - [Epoch 114/200][Batch 201/2622] BatchTime = 0.714 (s) DataTime = 0.001 (s) Losses = ['5.5143', '42.9764'] lr = 0.0000084
2025-07-21 04:20:43,280 - AdaPoinTr - INFO - [Epoch 114/200][Batch 301/2622] BatchTime = 0.714 (s) DataTime = 0.001 (s) Losses = ['5.1166', '38.4924'] lr = 0.0000084
2025-07-21 04:21:55,099 - AdaPoinTr - INFO - [Epoch 114/200][Batch 401/2622] BatchTime = 0.718 (s) DataTime = 0.001 (s) Losses = ['5.2828', '39.4639'] lr = 0.0000084
2025-07-21 04:23:06,856 - AdaPoinTr - INFO - [Epoch 114/200][Batch 501/2622] BatchTime = 0.717 (s) DataTime = 0.001 (s) Losses = ['4.7991', '36.7392'] lr = 0.0000084
2025-07-21 04:24:18,694 - AdaPoinTr - INFO - [Epoch 114/200][Batch 601/2622] BatchTime = 0.720 (s) DataTime = 0.001 (s) Losses = ['5.3131', '39.1157'] lr = 0.0000084
2025-07-21 04:25:30,503 - AdaPoinTr - INFO - [Epoch 114/200][Batch 701/2622] BatchTime = 0.717 (s) DataTime = 0.001 (s) Losses = ['5.4133', '43.4556'] lr = 0.0000084
2025-07-21 04:26:42,294 - AdaPoinTr - INFO - [Epoch 114/200][Batch 801/2622] BatchTime = 0.711 (s) DataTime = 0.001 (s) Losses = ['5.5409', '39.7005'] lr = 0.0000084
2025-07-21 04:27:54,117 - AdaPoinTr - INFO - [Epoch 114/200][Batch 901/2622] BatchTime = 0.710 (s) DataTime = 0.001 (s) Losses = ['5.5345', '39.7006'] lr = 0.0000084
2025-07-21 04:29:05,921 - AdaPoinTr - INFO - [Epoch 114/200][Batch 1001/2622] BatchTime = 0.710 (s) DataTime = 0.001 (s) Losses = ['5.5367', '43.6893'] lr = 0.0000084
2025-07-21 04:30:16,640 - AdaPoinTr - INFO - [Epoch 114/200][Batch 1101/2622] BatchTime = 0.514 (s) DataTime = 0.001 (s) Losses = ['4.5171', '31.1784'] lr = 0.0000084
2025-07-21 04:31:08,216 - AdaPoinTr - INFO - [Epoch 114/200][Batch 1201/2622] BatchTime = 0.509 (s) DataTime = 0.001 (s) Losses = ['5.2802', '39.4922'] lr = 0.0000084
2025-07-21 04:31:59,774 - AdaPoinTr - INFO - [Epoch 114/200][Batch 1301/2622] BatchTime = 0.513 (s) DataTime = 0.001 (s) Losses = ['5.8529', '42.0621'] lr = 0.0000084
2025-07-21 04:32:51,360 - AdaPoinTr - INFO - [Epoch 114/200][Batch 1401/2622] BatchTime = 0.508 (s) DataTime = 0.001 (s) Losses = ['5.1109', '38.2649'] lr = 0.0000084
2025-07-21 04:33:42,945 - AdaPoinTr - INFO - [Epoch 114/200][Batch 1501/2622] BatchTime = 0.513 (s) DataTime = 0.001 (s) Losses = ['4.7939', '37.8177'] lr = 0.0000084
2025-07-21 04:34:34,503 - AdaPoinTr - INFO - [Epoch 114/200][Batch 1601/2622] BatchTime = 0.512 (s) DataTime = 0.001 (s) Losses = ['5.1433', '39.0546'] lr = 0.0000084
2025-07-21 04:35:26,045 - AdaPoinTr - INFO - [Epoch 114/200][Batch 1701/2622] BatchTime = 0.509 (s) DataTime = 0.001 (s) Losses = ['5.2337', '37.1896'] lr = 0.0000084
2025-07-21 04:36:17,619 - AdaPoinTr - INFO - [Epoch 114/200][Batch 1801/2622] BatchTime = 0.513 (s) DataTime = 0.001 (s) Losses = ['5.7400', '41.9284'] lr = 0.0000084
2025-07-21 04:37:09,220 - AdaPoinTr - INFO - [Epoch 114/200][Batch 1901/2622] BatchTime = 0.511 (s) DataTime = 0.001 (s) Losses = ['5.1115', '40.2354'] lr = 0.0000084
2025-07-21 04:38:00,778 - AdaPoinTr - INFO - [Epoch 114/200][Batch 2001/2622] BatchTime = 0.513 (s) DataTime = 0.001 (s) Losses = ['4.1677', '35.6111'] lr = 0.0000084
2025-07-21 04:38:52,349 - AdaPoinTr - INFO - [Epoch 114/200][Batch 2101/2622] BatchTime = 0.508 (s) DataTime = 0.001 (s) Losses = ['4.8592', '36.7773'] lr = 0.0000084
2025-07-21 04:39:43,929 - AdaPoinTr - INFO - [Epoch 114/200][Batch 2201/2622] BatchTime = 0.515 (s) DataTime = 0.001 (s) Losses = ['5.1735', '38.0561'] lr = 0.0000084
2025-07-21 04:40:35,503 - AdaPoinTr - INFO - [Epoch 114/200][Batch 2301/2622] BatchTime = 0.513 (s) DataTime = 0.001 (s) Losses = ['5.8195', '44.5039'] lr = 0.0000084
2025-07-21 04:41:27,097 - AdaPoinTr - INFO - [Epoch 114/200][Batch 2401/2622] BatchTime = 0.507 (s) DataTime = 0.001 (s) Losses = ['4.8850', '36.5252'] lr = 0.0000084
2025-07-21 04:42:36,344 - AdaPoinTr - INFO - [Epoch 114/200][Batch 2501/2622] BatchTime = 0.706 (s) DataTime = 0.001 (s) Losses = ['5.2987', '43.5282'] lr = 0.0000084
2025-07-21 04:43:48,184 - AdaPoinTr - INFO - [Epoch 114/200][Batch 2601/2622] BatchTime = 0.711 (s) DataTime = 0.001 (s) Losses = ['5.0108', '37.0207'] lr = 0.0000084
2025-07-21 04:44:03,295 - AdaPoinTr - INFO - [Training] EPOCH: 114 EpochTime = 1616.235 (s) Losses = ['5.2195', '39.8174']
2025-07-21 04:44:03,754 - AdaPoinTr - INFO - Save checkpoint at ./experiments/AdaPoinTr/ShapeNet55_models/AdaPoinTr/ckpt-last.pth
2025-07-21 04:44:04,555 - AdaPoinTr - INFO - [Epoch 115/200][Batch 1/2622] BatchTime = 0.800 (s) DataTime = 0.090 (s) Losses = ['4.6745', '36.2529'] lr = 0.0000082
2025-07-21 04:45:16,331 - AdaPoinTr - INFO - [Epoch 115/200][Batch 101/2622] BatchTime = 0.715 (s) DataTime = 0.001 (s) Losses = ['5.1823', '42.0347'] lr = 0.0000082
2025-07-21 04:46:28,060 - AdaPoinTr - INFO - [Epoch 115/200][Batch 201/2622] BatchTime = 0.718 (s) DataTime = 0.001 (s) Losses = ['5.5123', '44.2090'] lr = 0.0000082
2025-07-21 04:47:39,801 - AdaPoinTr - INFO - [Epoch 115/200][Batch 301/2622] BatchTime = 0.711 (s) DataTime = 0.001 (s) Losses = ['5.2268', '40.1140'] lr = 0.0000082
2025-07-21 04:48:51,596 - AdaPoinTr - INFO - [Epoch 115/200][Batch 401/2622] BatchTime = 0.707 (s) DataTime = 0.001 (s) Losses = ['5.7872', '38.9909'] lr = 0.0000082
2025-07-21 04:50:03,401 - AdaPoinTr - INFO - [Epoch 115/200][Batch 501/2622] BatchTime = 0.704 (s) DataTime = 0.001 (s) Losses = ['5.0990', '38.7973'] lr = 0.0000082
2025-07-21 04:51:15,222 - AdaPoinTr - INFO - [Epoch 115/200][Batch 601/2622] BatchTime = 0.706 (s) DataTime = 0.001 (s) Losses = ['4.7539', '37.9218'] lr = 0.0000082
2025-07-21 04:52:27,034 - AdaPoinTr - INFO - [Epoch 115/200][Batch 701/2622] BatchTime = 0.709 (s) DataTime = 0.001 (s) Losses = ['4.9211', '40.8708'] lr = 0.0000082
2025-07-21 04:53:38,844 - AdaPoinTr - INFO - [Epoch 115/200][Batch 801/2622] BatchTime = 0.711 (s) DataTime = 0.001 (s) Losses = ['4.9502', '38.9761'] lr = 0.0000082
2025-07-21 04:54:50,717 - AdaPoinTr - INFO - [Epoch 115/200][Batch 901/2622] BatchTime = 0.709 (s) DataTime = 0.001 (s) Losses = ['5.2111', '37.4243'] lr = 0.0000082
2025-07-21 04:56:02,524 - AdaPoinTr - INFO - [Epoch 115/200][Batch 1001/2622] BatchTime = 0.716 (s) DataTime = 0.001 (s) Losses = ['5.4211', '40.1398'] lr = 0.0000082
2025-07-21 04:57:14,303 - AdaPoinTr - INFO - [Epoch 115/200][Batch 1101/2622] BatchTime = 0.717 (s) DataTime = 0.001 (s) Losses = ['5.9806', '45.7939'] lr = 0.0000082
2025-07-21 04:58:26,066 - AdaPoinTr - INFO - [Epoch 115/200][Batch 1201/2622] BatchTime = 0.717 (s) DataTime = 0.001 (s) Losses = ['5.1610', '36.1979'] lr = 0.0000082
2025-07-21 04:59:37,895 - AdaPoinTr - INFO - [Epoch 115/200][Batch 1301/2622] BatchTime = 0.716 (s) DataTime = 0.001 (s) Losses = ['5.4493', '41.7757'] lr = 0.0000082
2025-07-21 05:00:49,708 - AdaPoinTr - INFO - [Epoch 115/200][Batch 1401/2622] BatchTime = 0.712 (s) DataTime = 0.001 (s) Losses = ['5.2151', '38.3249'] lr = 0.0000082
2025-07-21 05:02:01,503 - AdaPoinTr - INFO - [Epoch 115/200][Batch 1501/2622] BatchTime = 0.713 (s) DataTime = 0.001 (s) Losses = ['5.0736', '40.3945'] lr = 0.0000082
2025-07-21 05:03:13,286 - AdaPoinTr - INFO - [Epoch 115/200][Batch 1601/2622] BatchTime = 0.710 (s) DataTime = 0.001 (s) Losses = ['4.9461', '38.6735'] lr = 0.0000082
2025-07-21 05:04:25,065 - AdaPoinTr - INFO - [Epoch 115/200][Batch 1701/2622] BatchTime = 0.707 (s) DataTime = 0.001 (s) Losses = ['4.8992', '37.1977'] lr = 0.0000082
2025-07-21 05:05:36,863 - AdaPoinTr - INFO - [Epoch 115/200][Batch 1801/2622] BatchTime = 0.709 (s) DataTime = 0.001 (s) Losses = ['4.9039', '37.7181'] lr = 0.0000082
2025-07-21 05:06:48,629 - AdaPoinTr - INFO - [Epoch 115/200][Batch 1901/2622] BatchTime = 0.714 (s) DataTime = 0.001 (s) Losses = ['5.3600', '35.8434'] lr = 0.0000082
2025-07-21 05:08:00,445 - AdaPoinTr - INFO - [Epoch 115/200][Batch 2001/2622] BatchTime = 0.716 (s) DataTime = 0.001 (s) Losses = ['4.5613', '35.2514'] lr = 0.0000082
2025-07-21 05:09:12,230 - AdaPoinTr - INFO - [Epoch 115/200][Batch 2101/2622] BatchTime = 0.719 (s) DataTime = 0.001 (s) Losses = ['4.9572', '37.8496'] lr = 0.0000082
2025-07-21 05:10:24,032 - AdaPoinTr - INFO - [Epoch 115/200][Batch 2201/2622] BatchTime = 0.715 (s) DataTime = 0.001 (s) Losses = ['5.4436', '42.5464'] lr = 0.0000082
2025-07-21 05:11:35,824 - AdaPoinTr - INFO - [Epoch 115/200][Batch 2301/2622] BatchTime = 0.711 (s) DataTime = 0.001 (s) Losses = ['5.2222', '38.2435'] lr = 0.0000082
2025-07-21 05:12:47,635 - AdaPoinTr - INFO - [Epoch 115/200][Batch 2401/2622] BatchTime = 0.716 (s) DataTime = 0.001 (s) Losses = ['5.0421', '36.4050'] lr = 0.0000082
2025-07-21 05:13:59,452 - AdaPoinTr - INFO - [Epoch 115/200][Batch 2501/2622] BatchTime = 0.710 (s) DataTime = 0.001 (s) Losses = ['5.8964', '37.7399'] lr = 0.0000082
2025-07-21 05:15:11,198 - AdaPoinTr - INFO - [Epoch 115/200][Batch 2601/2622] BatchTime = 0.709 (s) DataTime = 0.001 (s) Losses = ['5.2847', '37.7234'] lr = 0.0000082
2025-07-21 05:15:26,329 - AdaPoinTr - INFO - [Training] EPOCH: 115 EpochTime = 1882.574 (s) Losses = ['5.2146', '39.7249']
2025-07-21 05:15:26,330 - AdaPoinTr - INFO - [VALIDATION] Start validating epoch 115
2025-07-21 05:16:33,379 - AdaPoinTr - INFO - Test[1051/10518] Taxonomy = 02691156 Sample = c7749c0a8b61f43bc9b9e28055202e3d Losses = ['22.7048', '2.0854', '10.2865', '0.4088'] Metrics = ['0.5496', '10.2865', '0.4088', '0.0000']
2025-07-21 05:17:40,378 - AdaPoinTr - INFO - Test[2102/10518] Taxonomy = 03211117 Sample = ab2f9418c111cc6ddb965514105122a4 Losses = ['20.8172', '1.6629', '7.6299', '0.1960'] Metrics = ['0.6310', '7.6299', '0.1960', '0.0000']
2025-07-21 05:18:47,353 - AdaPoinTr - INFO - Test[3153/10518] Taxonomy = 02876657 Sample = c5032e4be091aabb36fe7a88df793982 Losses = ['40.4346', '7.6760', '18.7558', '1.7573'] Metrics = ['0.3335', '18.7558', '1.7573', '0.0000']
2025-07-21 05:19:54,307 - AdaPoinTr - INFO - Test[4204/10518] Taxonomy = 03211117 Sample = 722df1da5778d45b1e43523279c7f09f Losses = ['28.9163', '3.1445', '10.9937', '0.4275'] Metrics = ['0.4345', '10.9937', '0.4275', '0.0000']
2025-07-21 05:21:01,258 - AdaPoinTr - INFO - Test[5255/10518] Taxonomy = 02828884 Sample = 14b63361a48a9fffe4a048c146e8bd43 Losses = ['31.2093', '3.7089', '13.4960', '0.8706'] Metrics = ['0.4349', '13.4960', '0.8706', '0.0000']
2025-07-21 05:22:08,270 - AdaPoinTr - INFO - Test[6306/10518] Taxonomy = 03211117 Sample = d330d50a0255529d19ed6e1a590c9122 Losses = ['26.2971', '3.1756', '10.1725', '0.3754'] Metrics = ['0.4789', '10.1725', '0.3754', '0.0000']
2025-07-21 05:23:15,329 - AdaPoinTr - INFO - Test[7357/10518] Taxonomy = 04379243 Sample = b1ca280d9567270ade98d10ab5975b59 Losses = ['34.7802', '4.9451', '14.7559', '0.8113'] Metrics = ['0.2834', '14.7559', '0.8113', '0.0000']
2025-07-21 05:24:22,254 - AdaPoinTr - INFO - Test[8408/10518] Taxonomy = 03001627 Sample = 89208a619341d9fdb8c516ed5c4ce32 Losses = ['26.5810', '2.4914', '12.4015', '0.4919'] Metrics = ['0.3287', '12.4015', '0.4919', '0.0000']
2025-07-21 05:25:29,270 - AdaPoinTr - INFO - Test[9459/10518] Taxonomy = 03001627 Sample = d0255120e3351121c3bd24f986301745 Losses = ['34.1633', '4.1646', '16.0205', '0.8953'] Metrics = ['0.2336', '16.0205', '0.8953', '0.0000']
2025-07-21 05:26:36,205 - AdaPoinTr - INFO - Test[10510/10518] Taxonomy = 03636649 Sample = ea9ec4d9db2e06202471e6dd5ac3ef92 Losses = ['18.8813', '1.5449', '6.1735', '0.1538'] Metrics = ['0.8377', '6.1735', '0.1538', '0.0000']
2025-07-21 05:26:36,735 - AdaPoinTr - INFO - [Validation] EPOCH: 115  Metrics = ['0.3808', '13.8402', '0.9560', '0.0000']
2025-07-21 05:26:36,735 - AdaPoinTr - INFO - ============================ TEST RESULTS ============================
2025-07-21 05:26:36,735 - AdaPoinTr - INFO - Taxonomy	#Sample	F-Score	CDL1	CDL2	EMDistance	#ModelName	
2025-07-21 05:26:36,736 - AdaPoinTr - INFO - 03759954	14	0.547 	15.207 	2.183 	0.000 	microphone	
2025-07-21 05:26:36,736 - AdaPoinTr - INFO - 04330267	44	0.294 	15.769 	1.150 	0.000 	stove	
2025-07-21 05:26:36,736 - AdaPoinTr - INFO - 03261776	15	0.324 	19.455 	2.938 	0.000 	earphone	
2025-07-21 05:26:36,736 - AdaPoinTr - INFO - 03513137	33	0.218 	20.013 	2.020 	0.000 	helmet	
2025-07-21 05:26:36,736 - AdaPoinTr - INFO - 04460130	27	0.430 	13.477 	0.872 	0.000 	tower	
2025-07-21 05:26:36,736 - AdaPoinTr - INFO - 04468005	78	0.404 	12.224 	0.607 	0.000 	train	
2025-07-21 05:26:36,736 - AdaPoinTr - INFO - 03761084	31	0.251 	15.908 	0.957 	0.000 	microwaves	
2025-07-21 05:26:36,736 - AdaPoinTr - INFO - 04004475	34	0.284 	16.080 	1.238 	0.000 	printer	
2025-07-21 05:26:36,736 - AdaPoinTr - INFO - 03938244	20	0.310 	13.997 	0.737 	0.000 	pillow	
2025-07-21 05:26:36,736 - AdaPoinTr - INFO - 02992529	167	0.431 	10.679 	0.406 	0.000 	cellphone	
2025-07-21 05:26:36,736 - AdaPoinTr - INFO - 02808440	172	0.301 	14.677 	0.973 	0.000 	bathtub	
2025-07-21 05:26:36,736 - AdaPoinTr - INFO - 04530566	388	0.518 	10.888 	0.555 	0.000 	watercraft	
2025-07-21 05:26:36,736 - AdaPoinTr - INFO - 02871439	91	0.263 	15.996 	1.065 	0.000 	bookshelf	
2025-07-21 05:26:36,736 - AdaPoinTr - INFO - 03593526	120	0.276 	16.451 	1.184 	0.000 	jar	
2025-07-21 05:26:36,736 - AdaPoinTr - INFO - 04554684	34	0.238 	17.669 	1.682 	0.000 	washer	
2025-07-21 05:26:36,736 - AdaPoinTr - INFO - 03467517	160	0.832 	6.453 	0.208 	0.000 	guitar	
2025-07-21 05:26:36,736 - AdaPoinTr - INFO - 04401088	218	0.436 	10.530 	0.399 	0.000 	telephone	
2025-07-21 05:26:36,736 - AdaPoinTr - INFO - 02954340	12	0.331 	12.808 	0.571 	0.000 	cap	
2025-07-21 05:26:36,736 - AdaPoinTr - INFO - 02933112	315	0.249 	14.909 	0.812 	0.000 	cabinet	
2025-07-21 05:26:36,736 - AdaPoinTr - INFO - 03642806	92	0.398 	11.130 	0.455 	0.000 	laptop	
2025-07-21 05:26:36,736 - AdaPoinTr - INFO - 02924116	188	0.375 	12.323 	0.592 	0.000 	bus	
2025-07-21 05:26:36,736 - AdaPoinTr - INFO - 02946921	22	0.268 	15.682 	1.250 	0.000 	can	
2025-07-21 05:26:36,736 - AdaPoinTr - INFO - 02818832	47	0.298 	15.760 	1.142 	0.000 	bed	
2025-07-21 05:26:36,736 - AdaPoinTr - INFO - 04256520	635	0.312 	13.792 	0.713 	0.000 	sofa	
2025-07-21 05:26:36,736 - AdaPoinTr - INFO - 04379243	1687	0.398 	12.380 	0.728 	0.000 	table	
2025-07-21 05:26:36,736 - AdaPoinTr - INFO - 02747177	69	0.203 	17.283 	1.224 	0.000 	trash bin	
2025-07-21 05:26:36,736 - AdaPoinTr - INFO - 03046257	131	0.325 	14.517 	0.966 	0.000 	clock	
2025-07-21 05:26:36,736 - AdaPoinTr - INFO - 04225987	31	0.574 	9.073 	0.331 	0.000 	skateboard	
2025-07-21 05:26:36,736 - AdaPoinTr - INFO - 03797390	43	0.206 	17.976 	1.273 	0.000 	mug	
2025-07-21 05:26:36,736 - AdaPoinTr - INFO - 03001627	1356	0.384 	13.264 	0.819 	0.000 	chair	
2025-07-21 05:26:36,736 - AdaPoinTr - INFO - 03691459	320	0.264 	16.829 	1.284 	0.000 	loudspeaker	
2025-07-21 05:26:36,736 - AdaPoinTr - INFO - 02942699	23	0.249 	21.511 	2.852 	0.000 	camera	
2025-07-21 05:26:36,736 - AdaPoinTr - INFO - 03636649	464	0.553 	12.592 	1.181 	0.000 	lamp	
2025-07-21 05:26:36,736 - AdaPoinTr - INFO - 02691156	809	0.594 	9.210 	0.391 	0.000 	airplane	
2025-07-21 05:26:36,736 - AdaPoinTr - INFO - 02773838	17	0.380 	12.173 	0.565 	0.000 	bag	
2025-07-21 05:26:36,736 - AdaPoinTr - INFO - 02958343	703	0.229 	15.752 	0.886 	0.000 	car	
2025-07-21 05:26:36,736 - AdaPoinTr - INFO - 02880940	38	0.245 	15.261 	0.825 	0.000 	bowl	
2025-07-21 05:26:36,736 - AdaPoinTr - INFO - 04099429	17	0.734 	8.105 	0.376 	0.000 	rocket	
2025-07-21 05:26:36,736 - AdaPoinTr - INFO - 02828884	363	0.455 	10.785 	0.524 	0.000 	bench	
2025-07-21 05:26:36,736 - AdaPoinTr - INFO - 04090263	475	0.703 	8.322 	0.390 	0.000 	rifle	
2025-07-21 05:26:36,736 - AdaPoinTr - INFO - 03211117	219	0.366 	12.966 	0.724 	0.000 	display	
2025-07-21 05:26:36,736 - AdaPoinTr - INFO - 02876657	100	0.441 	12.022 	0.704 	0.000 	bottle	
2025-07-21 05:26:36,736 - AdaPoinTr - INFO - 03710193	19	0.560 	12.077 	0.967 	0.000 	mailbox	
2025-07-21 05:26:36,736 - AdaPoinTr - INFO - 03790512	68	0.264 	16.057 	1.028 	0.000 	motorbike	
2025-07-21 05:26:36,736 - AdaPoinTr - INFO - 03325088	149	0.475 	13.761 	1.173 	0.000 	faucet	
2025-07-21 05:26:36,736 - AdaPoinTr - INFO - 02801938	23	0.230 	16.613 	1.159 	0.000 	basket	
2025-07-21 05:26:36,736 - AdaPoinTr - INFO - 03337140	60	0.249 	15.755 	0.986 	0.000 	file cabinet	
2025-07-21 05:26:36,736 - AdaPoinTr - INFO - 02843684	15	0.250 	17.869 	1.434 	0.000 	birdhouse	
2025-07-21 05:26:36,736 - AdaPoinTr - INFO - 03624134	85	0.802 	6.716 	0.218 	0.000 	knife	
2025-07-21 05:26:36,736 - AdaPoinTr - INFO - 03991062	121	0.245 	18.684 	1.595 	0.000 	flowerpot	
2025-07-21 05:26:36,736 - AdaPoinTr - INFO - 03948459	62	0.485 	11.295 	0.585 	0.000 	pistol	
2025-07-21 05:26:36,736 - AdaPoinTr - INFO - 03928116	48	0.302 	15.247 	1.047 	0.000 	piano	
2025-07-21 05:26:36,736 - AdaPoinTr - INFO - 03207941	19	0.252 	15.314 	0.915 	0.000 	dishwasher	
2025-07-21 05:26:36,736 - AdaPoinTr - INFO - 04074963	14	0.480 	10.074 	0.352 	0.000 	remote	
2025-07-21 05:26:36,736 - AdaPoinTr - INFO - 03085013	13	0.461 	9.851 	0.366 	0.000 	keyboard	
2025-07-21 05:26:36,736 - AdaPoinTr - INFO - Overall		0.381 	13.840 	0.956 	0.000 	
2025-07-21 05:26:37,329 - AdaPoinTr - INFO - Save checkpoint at ./experiments/AdaPoinTr/ShapeNet55_models/AdaPoinTr/ckpt-last.pth
2025-07-21 05:26:38,131 - AdaPoinTr - INFO - [Epoch 116/200][Batch 1/2622] BatchTime = 0.801 (s) DataTime = 0.090 (s) Losses = ['5.4257', '39.7569'] lr = 0.0000080
2025-07-21 05:27:49,619 - AdaPoinTr - INFO - [Epoch 116/200][Batch 101/2622] BatchTime = 0.713 (s) DataTime = 0.001 (s) Losses = ['5.0140', '36.5385'] lr = 0.0000080
2025-07-21 05:29:01,427 - AdaPoinTr - INFO - [Epoch 116/200][Batch 201/2622] BatchTime = 0.718 (s) DataTime = 0.001 (s) Losses = ['4.9018', '34.9433'] lr = 0.0000080
2025-07-21 05:30:13,279 - AdaPoinTr - INFO - [Epoch 116/200][Batch 301/2622] BatchTime = 0.719 (s) DataTime = 0.001 (s) Losses = ['5.5781', '40.3060'] lr = 0.0000080
2025-07-21 05:31:25,138 - AdaPoinTr - INFO - [Epoch 116/200][Batch 401/2622] BatchTime = 0.718 (s) DataTime = 0.001 (s) Losses = ['4.9516', '38.3487'] lr = 0.0000080
2025-07-21 05:32:36,920 - AdaPoinTr - INFO - [Epoch 116/200][Batch 501/2622] BatchTime = 0.716 (s) DataTime = 0.001 (s) Losses = ['5.1101', '38.9792'] lr = 0.0000080
2025-07-21 05:33:48,755 - AdaPoinTr - INFO - [Epoch 116/200][Batch 601/2622] BatchTime = 0.716 (s) DataTime = 0.001 (s) Losses = ['5.1011', '37.0166'] lr = 0.0000080
2025-07-21 05:35:00,545 - AdaPoinTr - INFO - [Epoch 116/200][Batch 701/2622] BatchTime = 0.713 (s) DataTime = 0.001 (s) Losses = ['4.9954', '39.0686'] lr = 0.0000080
2025-07-21 05:36:12,321 - AdaPoinTr - INFO - [Epoch 116/200][Batch 801/2622] BatchTime = 0.708 (s) DataTime = 0.001 (s) Losses = ['5.2430', '38.7299'] lr = 0.0000080
2025-07-21 05:37:24,113 - AdaPoinTr - INFO - [Epoch 116/200][Batch 901/2622] BatchTime = 0.700 (s) DataTime = 0.001 (s) Losses = ['5.4260', '39.7650'] lr = 0.0000080
2025-07-21 05:38:35,888 - AdaPoinTr - INFO - [Epoch 116/200][Batch 1001/2622] BatchTime = 0.708 (s) DataTime = 0.001 (s) Losses = ['5.1003', '38.9282'] lr = 0.0000080
2025-07-21 05:39:47,707 - AdaPoinTr - INFO - [Epoch 116/200][Batch 1101/2622] BatchTime = 0.714 (s) DataTime = 0.001 (s) Losses = ['4.8036', '38.6841'] lr = 0.0000080
2025-07-21 05:40:59,517 - AdaPoinTr - INFO - [Epoch 116/200][Batch 1201/2622] BatchTime = 0.717 (s) DataTime = 0.001 (s) Losses = ['4.4959', '36.4393'] lr = 0.0000080
2025-07-21 05:42:11,312 - AdaPoinTr - INFO - [Epoch 116/200][Batch 1301/2622] BatchTime = 0.717 (s) DataTime = 0.001 (s) Losses = ['5.0566', '47.9047'] lr = 0.0000080
2025-07-21 05:43:23,122 - AdaPoinTr - INFO - [Epoch 116/200][Batch 1401/2622] BatchTime = 0.719 (s) DataTime = 0.001 (s) Losses = ['6.0817', '45.5395'] lr = 0.0000080
2025-07-21 05:44:34,926 - AdaPoinTr - INFO - [Epoch 116/200][Batch 1501/2622] BatchTime = 0.718 (s) DataTime = 0.001 (s) Losses = ['5.2000', '40.3323'] lr = 0.0000080
2025-07-21 05:45:46,704 - AdaPoinTr - INFO - [Epoch 116/200][Batch 1601/2622] BatchTime = 0.711 (s) DataTime = 0.001 (s) Losses = ['5.1703', '39.3283'] lr = 0.0000080
2025-07-21 05:46:58,525 - AdaPoinTr - INFO - [Epoch 116/200][Batch 1701/2622] BatchTime = 0.712 (s) DataTime = 0.001 (s) Losses = ['4.4167', '33.2934'] lr = 0.0000080
2025-07-21 05:48:10,316 - AdaPoinTr - INFO - [Epoch 116/200][Batch 1801/2622] BatchTime = 0.710 (s) DataTime = 0.001 (s) Losses = ['5.4365', '39.0389'] lr = 0.0000080
2025-07-21 05:49:22,077 - AdaPoinTr - INFO - [Epoch 116/200][Batch 1901/2622] BatchTime = 0.710 (s) DataTime = 0.001 (s) Losses = ['5.8181', '50.8366'] lr = 0.0000080
2025-07-21 05:50:33,864 - AdaPoinTr - INFO - [Epoch 116/200][Batch 2001/2622] BatchTime = 0.708 (s) DataTime = 0.001 (s) Losses = ['4.8357', '36.8013'] lr = 0.0000080
2025-07-21 05:51:45,680 - AdaPoinTr - INFO - [Epoch 116/200][Batch 2101/2622] BatchTime = 0.715 (s) DataTime = 0.001 (s) Losses = ['5.0025', '41.7165'] lr = 0.0000080
2025-07-21 05:52:57,504 - AdaPoinTr - INFO - [Epoch 116/200][Batch 2201/2622] BatchTime = 0.717 (s) DataTime = 0.001 (s) Losses = ['5.5543', '40.6140'] lr = 0.0000080
2025-07-21 05:54:09,291 - AdaPoinTr - INFO - [Epoch 116/200][Batch 2301/2622] BatchTime = 0.717 (s) DataTime = 0.001 (s) Losses = ['4.8169', '37.2223'] lr = 0.0000080
2025-07-21 05:55:21,079 - AdaPoinTr - INFO - [Epoch 116/200][Batch 2401/2622] BatchTime = 0.717 (s) DataTime = 0.001 (s) Losses = ['5.5097', '42.0785'] lr = 0.0000080
2025-07-21 05:56:32,872 - AdaPoinTr - INFO - [Epoch 116/200][Batch 2501/2622] BatchTime = 0.716 (s) DataTime = 0.001 (s) Losses = ['6.2932', '44.9651'] lr = 0.0000080
2025-07-21 05:57:44,665 - AdaPoinTr - INFO - [Epoch 116/200][Batch 2601/2622] BatchTime = 0.711 (s) DataTime = 0.001 (s) Losses = ['5.2208', '38.4965'] lr = 0.0000080
2025-07-21 05:57:59,773 - AdaPoinTr - INFO - [Training] EPOCH: 116 EpochTime = 1882.443 (s) Losses = ['5.2128', '39.7211']
2025-07-21 05:58:00,234 - AdaPoinTr - INFO - Save checkpoint at ./experiments/AdaPoinTr/ShapeNet55_models/AdaPoinTr/ckpt-last.pth
2025-07-21 05:58:01,035 - AdaPoinTr - INFO - [Epoch 117/200][Batch 1/2622] BatchTime = 0.800 (s) DataTime = 0.091 (s) Losses = ['5.0762', '37.0265'] lr = 0.0000079
2025-07-21 05:59:12,806 - AdaPoinTr - INFO - [Epoch 117/200][Batch 101/2622] BatchTime = 0.704 (s) DataTime = 0.001 (s) Losses = ['5.0880', '37.9698'] lr = 0.0000079
2025-07-21 06:00:24,565 - AdaPoinTr - INFO - [Epoch 117/200][Batch 201/2622] BatchTime = 0.711 (s) DataTime = 0.001 (s) Losses = ['4.8105', '36.0885'] lr = 0.0000079
2025-07-21 06:01:36,403 - AdaPoinTr - INFO - [Epoch 117/200][Batch 301/2622] BatchTime = 0.713 (s) DataTime = 0.001 (s) Losses = ['5.1608', '36.8691'] lr = 0.0000079
2025-07-21 06:02:48,184 - AdaPoinTr - INFO - [Epoch 117/200][Batch 401/2622] BatchTime = 0.712 (s) DataTime = 0.001 (s) Losses = ['5.2358', '43.1822'] lr = 0.0000079
2025-07-21 06:04:00,015 - AdaPoinTr - INFO - [Epoch 117/200][Batch 501/2622] BatchTime = 0.716 (s) DataTime = 0.001 (s) Losses = ['5.1259', '38.6665'] lr = 0.0000079
2025-07-21 06:05:11,808 - AdaPoinTr - INFO - [Epoch 117/200][Batch 601/2622] BatchTime = 0.716 (s) DataTime = 0.001 (s) Losses = ['5.5836', '40.4625'] lr = 0.0000079
2025-07-21 06:06:23,569 - AdaPoinTr - INFO - [Epoch 117/200][Batch 701/2622] BatchTime = 0.720 (s) DataTime = 0.001 (s) Losses = ['4.8672', '39.2454'] lr = 0.0000079
2025-07-21 06:07:35,356 - AdaPoinTr - INFO - [Epoch 117/200][Batch 801/2622] BatchTime = 0.712 (s) DataTime = 0.001 (s) Losses = ['5.1280', '42.8367'] lr = 0.0000079
2025-07-21 06:08:47,155 - AdaPoinTr - INFO - [Epoch 117/200][Batch 901/2622] BatchTime = 0.706 (s) DataTime = 0.001 (s) Losses = ['4.9326', '36.3205'] lr = 0.0000079
2025-07-21 06:09:59,020 - AdaPoinTr - INFO - [Epoch 117/200][Batch 1001/2622] BatchTime = 0.709 (s) DataTime = 0.001 (s) Losses = ['5.4559', '41.1374'] lr = 0.0000079
2025-07-21 06:11:10,817 - AdaPoinTr - INFO - [Epoch 117/200][Batch 1101/2622] BatchTime = 0.706 (s) DataTime = 0.001 (s) Losses = ['4.9898', '36.1470'] lr = 0.0000079
2025-07-21 06:12:22,624 - AdaPoinTr - INFO - [Epoch 117/200][Batch 1201/2622] BatchTime = 0.709 (s) DataTime = 0.001 (s) Losses = ['5.1085', '38.3424'] lr = 0.0000079
2025-07-21 06:13:34,430 - AdaPoinTr - INFO - [Epoch 117/200][Batch 1301/2622] BatchTime = 0.713 (s) DataTime = 0.001 (s) Losses = ['5.1870', '36.6861'] lr = 0.0000079
2025-07-21 06:14:46,250 - AdaPoinTr - INFO - [Epoch 117/200][Batch 1401/2622] BatchTime = 0.723 (s) DataTime = 0.001 (s) Losses = ['5.4437', '40.5680'] lr = 0.0000079
2025-07-21 06:15:58,051 - AdaPoinTr - INFO - [Epoch 117/200][Batch 1501/2622] BatchTime = 0.718 (s) DataTime = 0.001 (s) Losses = ['5.3125', '44.3081'] lr = 0.0000079
2025-07-21 06:17:09,498 - AdaPoinTr - INFO - [Epoch 117/200][Batch 1601/2622] BatchTime = 0.713 (s) DataTime = 0.001 (s) Losses = ['5.4621', '42.5964'] lr = 0.0000079
2025-07-21 06:18:21,307 - AdaPoinTr - INFO - [Epoch 117/200][Batch 1701/2622] BatchTime = 0.708 (s) DataTime = 0.001 (s) Losses = ['5.1239', '41.2039'] lr = 0.0000079
2025-07-21 06:19:33,091 - AdaPoinTr - INFO - [Epoch 117/200][Batch 1801/2622] BatchTime = 0.705 (s) DataTime = 0.001 (s) Losses = ['4.9569', '38.1055'] lr = 0.0000079
2025-07-21 06:20:44,906 - AdaPoinTr - INFO - [Epoch 117/200][Batch 1901/2622] BatchTime = 0.706 (s) DataTime = 0.001 (s) Losses = ['5.2872', '45.0265'] lr = 0.0000079
2025-07-21 06:21:56,723 - AdaPoinTr - INFO - [Epoch 117/200][Batch 2001/2622] BatchTime = 0.705 (s) DataTime = 0.001 (s) Losses = ['5.6473', '44.5080'] lr = 0.0000079
2025-07-21 06:23:08,517 - AdaPoinTr - INFO - [Epoch 117/200][Batch 2101/2622] BatchTime = 0.718 (s) DataTime = 0.001 (s) Losses = ['5.5207', '40.9737'] lr = 0.0000079
2025-07-21 06:24:20,295 - AdaPoinTr - INFO - [Epoch 117/200][Batch 2201/2622] BatchTime = 0.713 (s) DataTime = 0.001 (s) Losses = ['4.9283', '35.8781'] lr = 0.0000079
2025-07-21 06:25:32,079 - AdaPoinTr - INFO - [Epoch 117/200][Batch 2301/2622] BatchTime = 0.721 (s) DataTime = 0.001 (s) Losses = ['5.7032', '38.7225'] lr = 0.0000079
2025-07-21 06:26:43,858 - AdaPoinTr - INFO - [Epoch 117/200][Batch 2401/2622] BatchTime = 0.708 (s) DataTime = 0.001 (s) Losses = ['5.0882', '37.3191'] lr = 0.0000079
2025-07-21 06:27:55,666 - AdaPoinTr - INFO - [Epoch 117/200][Batch 2501/2622] BatchTime = 0.708 (s) DataTime = 0.001 (s) Losses = ['5.1691', '38.9890'] lr = 0.0000079
2025-07-21 06:29:07,501 - AdaPoinTr - INFO - [Epoch 117/200][Batch 2601/2622] BatchTime = 0.709 (s) DataTime = 0.001 (s) Losses = ['4.7950', '33.3963'] lr = 0.0000079
2025-07-21 06:29:22,629 - AdaPoinTr - INFO - [Training] EPOCH: 117 EpochTime = 1882.394 (s) Losses = ['5.2126', '39.7628']
2025-07-21 06:29:23,086 - AdaPoinTr - INFO - Save checkpoint at ./experiments/AdaPoinTr/ShapeNet55_models/AdaPoinTr/ckpt-last.pth
2025-07-21 06:29:23,885 - AdaPoinTr - INFO - [Epoch 118/200][Batch 1/2622] BatchTime = 0.798 (s) DataTime = 0.091 (s) Losses = ['5.7037', '41.8110'] lr = 0.0000077
2025-07-21 06:30:35,662 - AdaPoinTr - INFO - [Epoch 118/200][Batch 101/2622] BatchTime = 0.705 (s) DataTime = 0.001 (s) Losses = ['5.7442', '42.0772'] lr = 0.0000077
2025-07-21 06:31:47,432 - AdaPoinTr - INFO - [Epoch 118/200][Batch 201/2622] BatchTime = 0.710 (s) DataTime = 0.001 (s) Losses = ['4.8553', '38.5441'] lr = 0.0000077
2025-07-21 06:32:59,271 - AdaPoinTr - INFO - [Epoch 118/200][Batch 301/2622] BatchTime = 0.711 (s) DataTime = 0.001 (s) Losses = ['5.3796', '39.5949'] lr = 0.0000077
2025-07-21 06:34:11,056 - AdaPoinTr - INFO - [Epoch 118/200][Batch 401/2622] BatchTime = 0.719 (s) DataTime = 0.001 (s) Losses = ['5.0180', '41.5249'] lr = 0.0000077
2025-07-21 06:35:22,871 - AdaPoinTr - INFO - [Epoch 118/200][Batch 501/2622] BatchTime = 0.714 (s) DataTime = 0.001 (s) Losses = ['5.4399', '42.3854'] lr = 0.0000077
2025-07-21 06:36:34,692 - AdaPoinTr - INFO - [Epoch 118/200][Batch 601/2622] BatchTime = 0.717 (s) DataTime = 0.001 (s) Losses = ['4.9315', '38.4358'] lr = 0.0000077
2025-07-21 06:37:46,449 - AdaPoinTr - INFO - [Epoch 118/200][Batch 701/2622] BatchTime = 0.717 (s) DataTime = 0.001 (s) Losses = ['4.7247', '36.7674'] lr = 0.0000077
2025-07-21 06:38:58,236 - AdaPoinTr - INFO - [Epoch 118/200][Batch 801/2622] BatchTime = 0.710 (s) DataTime = 0.001 (s) Losses = ['4.8153', '36.6708'] lr = 0.0000077
2025-07-21 06:40:10,043 - AdaPoinTr - INFO - [Epoch 118/200][Batch 901/2622] BatchTime = 0.712 (s) DataTime = 0.001 (s) Losses = ['4.7524', '39.5596'] lr = 0.0000077
2025-07-21 06:41:21,865 - AdaPoinTr - INFO - [Epoch 118/200][Batch 1001/2622] BatchTime = 0.709 (s) DataTime = 0.001 (s) Losses = ['5.8462', '43.4126'] lr = 0.0000077
2025-07-21 06:42:33,639 - AdaPoinTr - INFO - [Epoch 118/200][Batch 1101/2622] BatchTime = 0.705 (s) DataTime = 0.001 (s) Losses = ['5.0123', '35.2879'] lr = 0.0000077
2025-07-21 06:43:45,451 - AdaPoinTr - INFO - [Epoch 118/200][Batch 1201/2622] BatchTime = 0.707 (s) DataTime = 0.001 (s) Losses = ['5.6050', '42.0450'] lr = 0.0000077
2025-07-21 06:44:57,246 - AdaPoinTr - INFO - [Epoch 118/200][Batch 1301/2622] BatchTime = 0.707 (s) DataTime = 0.001 (s) Losses = ['5.1479', '38.1960'] lr = 0.0000077
2025-07-21 06:46:09,043 - AdaPoinTr - INFO - [Epoch 118/200][Batch 1401/2622] BatchTime = 0.712 (s) DataTime = 0.001 (s) Losses = ['5.8884', '40.9489'] lr = 0.0000077
2025-07-21 06:47:20,831 - AdaPoinTr - INFO - [Epoch 118/200][Batch 1501/2622] BatchTime = 0.713 (s) DataTime = 0.001 (s) Losses = ['5.2619', '40.9863'] lr = 0.0000077
2025-07-21 06:48:32,643 - AdaPoinTr - INFO - [Epoch 118/200][Batch 1601/2622] BatchTime = 0.715 (s) DataTime = 0.001 (s) Losses = ['5.6703', '41.6474'] lr = 0.0000077
2025-07-21 06:49:44,427 - AdaPoinTr - INFO - [Epoch 118/200][Batch 1701/2622] BatchTime = 0.719 (s) DataTime = 0.001 (s) Losses = ['6.1468', '47.7594'] lr = 0.0000077
2025-07-21 06:50:56,234 - AdaPoinTr - INFO - [Epoch 118/200][Batch 1801/2622] BatchTime = 0.717 (s) DataTime = 0.001 (s) Losses = ['5.4749', '42.1307'] lr = 0.0000077
2025-07-21 06:52:08,040 - AdaPoinTr - INFO - [Epoch 118/200][Batch 1901/2622] BatchTime = 0.718 (s) DataTime = 0.001 (s) Losses = ['5.0600', '39.2394'] lr = 0.0000077
2025-07-21 06:53:19,821 - AdaPoinTr - INFO - [Epoch 118/200][Batch 2001/2622] BatchTime = 0.711 (s) DataTime = 0.001 (s) Losses = ['5.1533', '36.6873'] lr = 0.0000077
2025-07-21 06:54:31,605 - AdaPoinTr - INFO - [Epoch 118/200][Batch 2101/2622] BatchTime = 0.713 (s) DataTime = 0.001 (s) Losses = ['5.4431', '36.1587'] lr = 0.0000077
2025-07-21 06:55:43,449 - AdaPoinTr - INFO - [Epoch 118/200][Batch 2201/2622] BatchTime = 0.709 (s) DataTime = 0.001 (s) Losses = ['5.4113', '40.5105'] lr = 0.0000077
2025-07-21 06:56:55,228 - AdaPoinTr - INFO - [Epoch 118/200][Batch 2301/2622] BatchTime = 0.714 (s) DataTime = 0.001 (s) Losses = ['5.5572', '42.9738'] lr = 0.0000077
2025-07-21 06:58:07,040 - AdaPoinTr - INFO - [Epoch 118/200][Batch 2401/2622] BatchTime = 0.717 (s) DataTime = 0.001 (s) Losses = ['5.1700', '40.1448'] lr = 0.0000077
2025-07-21 06:59:18,797 - AdaPoinTr - INFO - [Epoch 118/200][Batch 2501/2622] BatchTime = 0.716 (s) DataTime = 0.001 (s) Losses = ['5.1074', '41.8794'] lr = 0.0000077
2025-07-21 07:00:30,602 - AdaPoinTr - INFO - [Epoch 118/200][Batch 2601/2622] BatchTime = 0.716 (s) DataTime = 0.001 (s) Losses = ['4.3189', '33.9238'] lr = 0.0000077
2025-07-21 07:00:45,700 - AdaPoinTr - INFO - [Training] EPOCH: 118 EpochTime = 1882.613 (s) Losses = ['5.2219', '39.7051']
2025-07-21 07:00:46,170 - AdaPoinTr - INFO - Save checkpoint at ./experiments/AdaPoinTr/ShapeNet55_models/AdaPoinTr/ckpt-last.pth
2025-07-21 07:00:46,983 - AdaPoinTr - INFO - [Epoch 119/200][Batch 1/2622] BatchTime = 0.812 (s) DataTime = 0.095 (s) Losses = ['5.0049', '37.6166'] lr = 0.0000075
2025-07-21 07:01:58,816 - AdaPoinTr - INFO - [Epoch 119/200][Batch 101/2622] BatchTime = 0.718 (s) DataTime = 0.001 (s) Losses = ['5.0238', '37.8889'] lr = 0.0000075
2025-07-21 07:03:10,633 - AdaPoinTr - INFO - [Epoch 119/200][Batch 201/2622] BatchTime = 0.713 (s) DataTime = 0.001 (s) Losses = ['4.9242', '39.2067'] lr = 0.0000075
2025-07-21 07:04:22,454 - AdaPoinTr - INFO - [Epoch 119/200][Batch 301/2622] BatchTime = 0.718 (s) DataTime = 0.001 (s) Losses = ['5.4977', '39.5554'] lr = 0.0000075
2025-07-21 07:05:34,248 - AdaPoinTr - INFO - [Epoch 119/200][Batch 401/2622] BatchTime = 0.710 (s) DataTime = 0.001 (s) Losses = ['4.9391', '36.4566'] lr = 0.0000075
2025-07-21 07:06:45,658 - AdaPoinTr - INFO - [Epoch 119/200][Batch 501/2622] BatchTime = 0.710 (s) DataTime = 0.001 (s) Losses = ['5.4113', '41.8418'] lr = 0.0000075
2025-07-21 07:07:57,452 - AdaPoinTr - INFO - [Epoch 119/200][Batch 601/2622] BatchTime = 0.707 (s) DataTime = 0.001 (s) Losses = ['4.9005', '36.1558'] lr = 0.0000075
2025-07-21 07:09:09,254 - AdaPoinTr - INFO - [Epoch 119/200][Batch 701/2622] BatchTime = 0.705 (s) DataTime = 0.001 (s) Losses = ['5.1900', '39.7805'] lr = 0.0000075
2025-07-21 07:10:21,065 - AdaPoinTr - INFO - [Epoch 119/200][Batch 801/2622] BatchTime = 0.705 (s) DataTime = 0.001 (s) Losses = ['4.9934', '39.0266'] lr = 0.0000075
2025-07-21 07:11:32,871 - AdaPoinTr - INFO - [Epoch 119/200][Batch 901/2622] BatchTime = 0.706 (s) DataTime = 0.001 (s) Losses = ['5.6523', '42.0001'] lr = 0.0000075
2025-07-21 07:12:44,667 - AdaPoinTr - INFO - [Epoch 119/200][Batch 1001/2622] BatchTime = 0.709 (s) DataTime = 0.001 (s) Losses = ['5.5543', '39.3715'] lr = 0.0000075
2025-07-21 07:13:56,450 - AdaPoinTr - INFO - [Epoch 119/200][Batch 1101/2622] BatchTime = 0.719 (s) DataTime = 0.001 (s) Losses = ['5.3125', '40.6584'] lr = 0.0000075
2025-07-21 07:15:08,254 - AdaPoinTr - INFO - [Epoch 119/200][Batch 1201/2622] BatchTime = 0.718 (s) DataTime = 0.001 (s) Losses = ['4.8036', '33.9577'] lr = 0.0000075
2025-07-21 07:16:20,060 - AdaPoinTr - INFO - [Epoch 119/200][Batch 1301/2622] BatchTime = 0.721 (s) DataTime = 0.001 (s) Losses = ['5.0980', '39.9759'] lr = 0.0000075
2025-07-21 07:17:31,869 - AdaPoinTr - INFO - [Epoch 119/200][Batch 1401/2622] BatchTime = 0.716 (s) DataTime = 0.001 (s) Losses = ['5.6547', '42.2851'] lr = 0.0000075
2025-07-21 07:18:43,663 - AdaPoinTr - INFO - [Epoch 119/200][Batch 1501/2622] BatchTime = 0.723 (s) DataTime = 0.001 (s) Losses = ['5.1514', '39.5758'] lr = 0.0000075
2025-07-21 07:19:55,482 - AdaPoinTr - INFO - [Epoch 119/200][Batch 1601/2622] BatchTime = 0.716 (s) DataTime = 0.001 (s) Losses = ['5.1578', '40.3394'] lr = 0.0000075
2025-07-21 07:21:07,299 - AdaPoinTr - INFO - [Epoch 119/200][Batch 1701/2622] BatchTime = 0.708 (s) DataTime = 0.001 (s) Losses = ['5.3277', '39.2893'] lr = 0.0000075
2025-07-21 07:22:19,091 - AdaPoinTr - INFO - [Epoch 119/200][Batch 1801/2622] BatchTime = 0.711 (s) DataTime = 0.001 (s) Losses = ['5.8081', '45.0327'] lr = 0.0000075
2025-07-21 07:23:30,915 - AdaPoinTr - INFO - [Epoch 119/200][Batch 1901/2622] BatchTime = 0.709 (s) DataTime = 0.001 (s) Losses = ['5.5068', '42.0915'] lr = 0.0000075
2025-07-21 07:24:42,678 - AdaPoinTr - INFO - [Epoch 119/200][Batch 2001/2622] BatchTime = 0.707 (s) DataTime = 0.001 (s) Losses = ['5.3652', '41.0503'] lr = 0.0000075
2025-07-21 07:25:54,478 - AdaPoinTr - INFO - [Epoch 119/200][Batch 2101/2622] BatchTime = 0.713 (s) DataTime = 0.001 (s) Losses = ['5.2493', '37.1159'] lr = 0.0000075
2025-07-21 07:27:06,276 - AdaPoinTr - INFO - [Epoch 119/200][Batch 2201/2622] BatchTime = 0.714 (s) DataTime = 0.001 (s) Losses = ['4.9602', '40.1294'] lr = 0.0000075
2025-07-21 07:28:18,086 - AdaPoinTr - INFO - [Epoch 119/200][Batch 2301/2622] BatchTime = 0.715 (s) DataTime = 0.001 (s) Losses = ['5.6296', '39.5853'] lr = 0.0000075
2025-07-21 07:29:29,911 - AdaPoinTr - INFO - [Epoch 119/200][Batch 2401/2622] BatchTime = 0.716 (s) DataTime = 0.001 (s) Losses = ['5.3443', '40.1262'] lr = 0.0000075
2025-07-21 07:30:41,728 - AdaPoinTr - INFO - [Epoch 119/200][Batch 2501/2622] BatchTime = 0.718 (s) DataTime = 0.001 (s) Losses = ['5.1252', '41.1261'] lr = 0.0000075
2025-07-21 07:31:53,525 - AdaPoinTr - INFO - [Epoch 119/200][Batch 2601/2622] BatchTime = 0.717 (s) DataTime = 0.001 (s) Losses = ['4.9486', '36.3529'] lr = 0.0000075
2025-07-21 07:32:08,648 - AdaPoinTr - INFO - [Training] EPOCH: 119 EpochTime = 1882.477 (s) Losses = ['5.2093', '39.7177']
2025-07-21 07:32:09,104 - AdaPoinTr - INFO - Save checkpoint at ./experiments/AdaPoinTr/ShapeNet55_models/AdaPoinTr/ckpt-last.pth
2025-07-21 07:32:09,917 - AdaPoinTr - INFO - [Epoch 120/200][Batch 1/2622] BatchTime = 0.812 (s) DataTime = 0.093 (s) Losses = ['5.1704', '39.1386'] lr = 0.0000074
2025-07-21 07:33:21,708 - AdaPoinTr - INFO - [Epoch 120/200][Batch 101/2622] BatchTime = 0.714 (s) DataTime = 0.001 (s) Losses = ['4.8284', '36.3735'] lr = 0.0000074
2025-07-21 07:34:33,505 - AdaPoinTr - INFO - [Epoch 120/200][Batch 201/2622] BatchTime = 0.710 (s) DataTime = 0.001 (s) Losses = ['5.1509', '37.0923'] lr = 0.0000074
2025-07-21 07:35:45,296 - AdaPoinTr - INFO - [Epoch 120/200][Batch 301/2622] BatchTime = 0.704 (s) DataTime = 0.001 (s) Losses = ['5.4906', '41.6816'] lr = 0.0000074
2025-07-21 07:36:57,091 - AdaPoinTr - INFO - [Epoch 120/200][Batch 401/2622] BatchTime = 0.709 (s) DataTime = 0.001 (s) Losses = ['5.2953', '38.5937'] lr = 0.0000074
2025-07-21 07:38:08,886 - AdaPoinTr - INFO - [Epoch 120/200][Batch 501/2622] BatchTime = 0.713 (s) DataTime = 0.001 (s) Losses = ['5.0660', '40.5573'] lr = 0.0000074
2025-07-21 07:39:20,682 - AdaPoinTr - INFO - [Epoch 120/200][Batch 601/2622] BatchTime = 0.715 (s) DataTime = 0.001 (s) Losses = ['5.0405', '35.7425'] lr = 0.0000074
2025-07-21 07:40:32,468 - AdaPoinTr - INFO - [Epoch 120/200][Batch 701/2622] BatchTime = 0.723 (s) DataTime = 0.001 (s) Losses = ['4.7260', '34.0228'] lr = 0.0000074
2025-07-21 07:41:44,265 - AdaPoinTr - INFO - [Epoch 120/200][Batch 801/2622] BatchTime = 0.717 (s) DataTime = 0.001 (s) Losses = ['4.9944', '38.4192'] lr = 0.0000074
2025-07-21 07:42:56,015 - AdaPoinTr - INFO - [Epoch 120/200][Batch 901/2622] BatchTime = 0.711 (s) DataTime = 0.001 (s) Losses = ['5.4917', '40.4784'] lr = 0.0000074
2025-07-21 07:44:07,802 - AdaPoinTr - INFO - [Epoch 120/200][Batch 1001/2622] BatchTime = 0.712 (s) DataTime = 0.001 (s) Losses = ['5.0372', '36.8878'] lr = 0.0000074
2025-07-21 07:45:19,660 - AdaPoinTr - INFO - [Epoch 120/200][Batch 1101/2622] BatchTime = 0.710 (s) DataTime = 0.001 (s) Losses = ['4.4907', '33.3219'] lr = 0.0000074
2025-07-21 07:46:31,482 - AdaPoinTr - INFO - [Epoch 120/200][Batch 1201/2622] BatchTime = 0.708 (s) DataTime = 0.001 (s) Losses = ['5.3985', '41.2123'] lr = 0.0000074
2025-07-21 07:47:43,275 - AdaPoinTr - INFO - [Epoch 120/200][Batch 1301/2622] BatchTime = 0.705 (s) DataTime = 0.001 (s) Losses = ['5.5152', '39.8690'] lr = 0.0000074
2025-07-21 07:48:55,072 - AdaPoinTr - INFO - [Epoch 120/200][Batch 1401/2622] BatchTime = 0.707 (s) DataTime = 0.001 (s) Losses = ['5.3608', '38.5893'] lr = 0.0000074
2025-07-21 07:50:06,873 - AdaPoinTr - INFO - [Epoch 120/200][Batch 1501/2622] BatchTime = 0.716 (s) DataTime = 0.001 (s) Losses = ['5.5796', '42.7959'] lr = 0.0000074
2025-07-21 07:51:18,639 - AdaPoinTr - INFO - [Epoch 120/200][Batch 1601/2622] BatchTime = 0.715 (s) DataTime = 0.001 (s) Losses = ['5.5831', '43.5940'] lr = 0.0000074
2025-07-21 07:52:30,453 - AdaPoinTr - INFO - [Epoch 120/200][Batch 1701/2622] BatchTime = 0.718 (s) DataTime = 0.001 (s) Losses = ['5.1446', '37.8223'] lr = 0.0000074
2025-07-21 07:53:42,248 - AdaPoinTr - INFO - [Epoch 120/200][Batch 1801/2622] BatchTime = 0.713 (s) DataTime = 0.001 (s) Losses = ['5.2847', '39.6847'] lr = 0.0000074
2025-07-21 07:54:54,024 - AdaPoinTr - INFO - [Epoch 120/200][Batch 1901/2622] BatchTime = 0.712 (s) DataTime = 0.001 (s) Losses = ['4.8635', '37.8409'] lr = 0.0000074
2025-07-21 07:56:05,518 - AdaPoinTr - INFO - [Epoch 120/200][Batch 2001/2622] BatchTime = 0.709 (s) DataTime = 0.001 (s) Losses = ['5.3214', '39.6711'] lr = 0.0000074
2025-07-21 07:57:17,320 - AdaPoinTr - INFO - [Epoch 120/200][Batch 2101/2622] BatchTime = 0.708 (s) DataTime = 0.001 (s) Losses = ['4.6479', '35.7600'] lr = 0.0000074
2025-07-21 07:58:29,137 - AdaPoinTr - INFO - [Epoch 120/200][Batch 2201/2622] BatchTime = 0.710 (s) DataTime = 0.001 (s) Losses = ['4.7734', '35.5731'] lr = 0.0000074
2025-07-21 07:59:40,906 - AdaPoinTr - INFO - [Epoch 120/200][Batch 2301/2622] BatchTime = 0.705 (s) DataTime = 0.001 (s) Losses = ['5.1175', '39.6387'] lr = 0.0000074
2025-07-21 08:00:52,673 - AdaPoinTr - INFO - [Epoch 120/200][Batch 2401/2622] BatchTime = 0.714 (s) DataTime = 0.001 (s) Losses = ['4.8314', '33.6412'] lr = 0.0000074
2025-07-21 08:02:04,465 - AdaPoinTr - INFO - [Epoch 120/200][Batch 2501/2622] BatchTime = 0.720 (s) DataTime = 0.001 (s) Losses = ['4.9083', '37.6229'] lr = 0.0000074
2025-07-21 08:03:16,254 - AdaPoinTr - INFO - [Epoch 120/200][Batch 2601/2622] BatchTime = 0.714 (s) DataTime = 0.001 (s) Losses = ['5.0991', '41.6439'] lr = 0.0000074
2025-07-21 08:03:31,368 - AdaPoinTr - INFO - [Training] EPOCH: 120 EpochTime = 1882.264 (s) Losses = ['5.2050', '39.5830']
2025-07-21 08:03:31,368 - AdaPoinTr - INFO - [VALIDATION] Start validating epoch 120
2025-07-21 08:04:38,413 - AdaPoinTr - INFO - Test[1051/10518] Taxonomy = 02691156 Sample = c7749c0a8b61f43bc9b9e28055202e3d Losses = ['25.6446', '3.3713', '11.5694', '0.5930'] Metrics = ['0.5129', '11.5694', '0.5930', '0.0000']
2025-07-21 08:05:45,374 - AdaPoinTr - INFO - Test[2102/10518] Taxonomy = 03211117 Sample = ab2f9418c111cc6ddb965514105122a4 Losses = ['20.0858', '1.4096', '7.5994', '0.2024'] Metrics = ['0.6448', '7.5994', '0.2024', '0.0000']
2025-07-21 08:06:52,316 - AdaPoinTr - INFO - Test[3153/10518] Taxonomy = 02876657 Sample = c5032e4be091aabb36fe7a88df793982 Losses = ['36.3356', '5.4516', '13.2845', '0.6026'] Metrics = ['0.3415', '13.2845', '0.6026', '0.0000']
2025-07-21 08:07:59,340 - AdaPoinTr - INFO - Test[4204/10518] Taxonomy = 03211117 Sample = 722df1da5778d45b1e43523279c7f09f Losses = ['29.8313', '3.3455', '11.3635', '0.4580'] Metrics = ['0.4308', '11.3635', '0.4580', '0.0000']
2025-07-21 08:09:06,301 - AdaPoinTr - INFO - Test[5255/10518] Taxonomy = 02828884 Sample = 14b63361a48a9fffe4a048c146e8bd43 Losses = ['32.3573', '4.0895', '13.4924', '0.9057'] Metrics = ['0.4417', '13.4924', '0.9057', '0.0000']
2025-07-21 08:10:13,273 - AdaPoinTr - INFO - Test[6306/10518] Taxonomy = 03211117 Sample = d330d50a0255529d19ed6e1a590c9122 Losses = ['22.2587', '1.7382', '9.7748', '0.3117'] Metrics = ['0.4810', '9.7748', '0.3117', '0.0000']
2025-07-21 08:11:20,228 - AdaPoinTr - INFO - Test[7357/10518] Taxonomy = 04379243 Sample = b1ca280d9567270ade98d10ab5975b59 Losses = ['28.9628', '3.1647', '13.8574', '0.5900'] Metrics = ['0.2842', '13.8574', '0.5900', '0.0000']
2025-07-21 08:12:27,124 - AdaPoinTr - INFO - Test[8408/10518] Taxonomy = 03001627 Sample = 89208a619341d9fdb8c516ed5c4ce32 Losses = ['28.2813', '2.7579', '12.8812', '0.5604'] Metrics = ['0.3269', '12.8812', '0.5604', '0.0000']
2025-07-21 08:13:34,109 - AdaPoinTr - INFO - Test[9459/10518] Taxonomy = 03001627 Sample = d0255120e3351121c3bd24f986301745 Losses = ['38.1620', '5.6216', '20.9305', '2.0223'] Metrics = ['0.2305', '20.9305', '2.0223', '0.0000']
2025-07-21 08:14:41,055 - AdaPoinTr - INFO - Test[10510/10518] Taxonomy = 03636649 Sample = ea9ec4d9db2e06202471e6dd5ac3ef92 Losses = ['18.3418', '1.3852', '5.4146', '0.1063'] Metrics = ['0.9010', '5.4146', '0.1063', '0.0000']
2025-07-21 08:14:41,596 - AdaPoinTr - INFO - [Validation] EPOCH: 120  Metrics = ['0.3824', '13.6979', '0.8919', '0.0000']
2025-07-21 08:14:41,596 - AdaPoinTr - INFO - ============================ TEST RESULTS ============================
2025-07-21 08:14:41,596 - AdaPoinTr - INFO - Taxonomy	#Sample	F-Score	CDL1	CDL2	EMDistance	#ModelName	
2025-07-21 08:14:41,596 - AdaPoinTr - INFO - 03759954	14	0.599 	13.367 	1.614 	0.000 	microphone	
2025-07-21 08:14:41,596 - AdaPoinTr - INFO - 04330267	44	0.297 	15.378 	1.036 	0.000 	stove	
2025-07-21 08:14:41,596 - AdaPoinTr - INFO - 03261776	15	0.340 	15.082 	0.970 	0.000 	earphone	
2025-07-21 08:14:41,596 - AdaPoinTr - INFO - 03513137	33	0.222 	19.897 	2.116 	0.000 	helmet	
2025-07-21 08:14:41,596 - AdaPoinTr - INFO - 04460130	27	0.426 	13.761 	0.919 	0.000 	tower	
2025-07-21 08:14:41,596 - AdaPoinTr - INFO - 04468005	78	0.402 	12.363 	0.640 	0.000 	train	
2025-07-21 08:14:41,596 - AdaPoinTr - INFO - 03761084	31	0.248 	16.550 	1.211 	0.000 	microwaves	
2025-07-21 08:14:41,596 - AdaPoinTr - INFO - 04004475	34	0.285 	15.272 	0.952 	0.000 	printer	
2025-07-21 08:14:41,596 - AdaPoinTr - INFO - 03938244	20	0.324 	13.936 	0.790 	0.000 	pillow	
2025-07-21 08:14:41,596 - AdaPoinTr - INFO - 02992529	167	0.433 	10.587 	0.389 	0.000 	cellphone	
2025-07-21 08:14:41,596 - AdaPoinTr - INFO - 02808440	172	0.305 	14.549 	0.985 	0.000 	bathtub	
2025-07-21 08:14:41,596 - AdaPoinTr - INFO - 04530566	388	0.520 	10.787 	0.542 	0.000 	watercraft	
2025-07-21 08:14:41,596 - AdaPoinTr - INFO - 02871439	91	0.263 	15.983 	1.052 	0.000 	bookshelf	
2025-07-21 08:14:41,596 - AdaPoinTr - INFO - 03593526	120	0.279 	16.369 	1.161 	0.000 	jar	
2025-07-21 08:14:41,596 - AdaPoinTr - INFO - 04554684	34	0.243 	17.304 	1.395 	0.000 	washer	
2025-07-21 08:14:41,596 - AdaPoinTr - INFO - 03467517	160	0.827 	6.378 	0.185 	0.000 	guitar	
2025-07-21 08:14:41,596 - AdaPoinTr - INFO - 04401088	218	0.435 	10.666 	0.441 	0.000 	telephone	
2025-07-21 08:14:41,596 - AdaPoinTr - INFO - 02954340	12	0.321 	13.860 	0.763 	0.000 	cap	
2025-07-21 08:14:41,596 - AdaPoinTr - INFO - 02933112	315	0.249 	14.831 	0.799 	0.000 	cabinet	
2025-07-21 08:14:41,596 - AdaPoinTr - INFO - 03642806	92	0.394 	10.959 	0.408 	0.000 	laptop	
2025-07-21 08:14:41,596 - AdaPoinTr - INFO - 02924116	188	0.374 	12.323 	0.596 	0.000 	bus	
2025-07-21 08:14:41,596 - AdaPoinTr - INFO - 02946921	22	0.264 	16.291 	1.281 	0.000 	can	
2025-07-21 08:14:41,596 - AdaPoinTr - INFO - 02818832	47	0.297 	15.508 	1.082 	0.000 	bed	
2025-07-21 08:14:41,596 - AdaPoinTr - INFO - 04256520	635	0.312 	13.830 	0.718 	0.000 	sofa	
2025-07-21 08:14:41,596 - AdaPoinTr - INFO - 04379243	1687	0.399 	12.265 	0.699 	0.000 	table	
2025-07-21 08:14:41,596 - AdaPoinTr - INFO - 02747177	69	0.204 	17.359 	1.236 	0.000 	trash bin	
2025-07-21 08:14:41,596 - AdaPoinTr - INFO - 03046257	131	0.327 	14.141 	0.855 	0.000 	clock	
2025-07-21 08:14:41,596 - AdaPoinTr - INFO - 04225987	31	0.569 	9.409 	0.383 	0.000 	skateboard	
2025-07-21 08:14:41,596 - AdaPoinTr - INFO - 03797390	43	0.202 	18.408 	1.470 	0.000 	mug	
2025-07-21 08:14:41,596 - AdaPoinTr - INFO - 03001627	1356	0.386 	13.102 	0.782 	0.000 	chair	
2025-07-21 08:14:41,596 - AdaPoinTr - INFO - 03691459	320	0.267 	16.680 	1.256 	0.000 	loudspeaker	
2025-07-21 08:14:41,596 - AdaPoinTr - INFO - 02942699	23	0.252 	20.250 	2.067 	0.000 	camera	
2025-07-21 08:14:41,596 - AdaPoinTr - INFO - 03636649	464	0.557 	12.619 	1.170 	0.000 	lamp	
2025-07-21 08:14:41,596 - AdaPoinTr - INFO - 02691156	809	0.596 	9.143 	0.375 	0.000 	airplane	
2025-07-21 08:14:41,597 - AdaPoinTr - INFO - 02773838	17	0.370 	12.392 	0.614 	0.000 	bag	
2025-07-21 08:14:41,597 - AdaPoinTr - INFO - 02958343	703	0.230 	15.780 	0.893 	0.000 	car	
2025-07-21 08:14:41,597 - AdaPoinTr - INFO - 02880940	38	0.243 	15.101 	0.803 	0.000 	bowl	
2025-07-21 08:14:41,597 - AdaPoinTr - INFO - 04099429	17	0.711 	8.759 	0.411 	0.000 	rocket	
2025-07-21 08:14:41,597 - AdaPoinTr - INFO - 02828884	363	0.455 	10.908 	0.555 	0.000 	bench	
2025-07-21 08:14:41,597 - AdaPoinTr - INFO - 04090263	475	0.701 	8.284 	0.373 	0.000 	rifle	
2025-07-21 08:14:41,597 - AdaPoinTr - INFO - 03211117	219	0.366 	12.593 	0.658 	0.000 	display	
2025-07-21 08:14:41,597 - AdaPoinTr - INFO - 02876657	100	0.453 	11.226 	0.551 	0.000 	bottle	
2025-07-21 08:14:41,597 - AdaPoinTr - INFO - 03710193	19	0.561 	11.738 	0.911 	0.000 	mailbox	
2025-07-21 08:14:41,597 - AdaPoinTr - INFO - 03790512	68	0.260 	16.238 	1.028 	0.000 	motorbike	
2025-07-21 08:14:41,597 - AdaPoinTr - INFO - 03325088	149	0.488 	13.505 	1.155 	0.000 	faucet	
2025-07-21 08:14:41,597 - AdaPoinTr - INFO - 02801938	23	0.236 	16.258 	1.056 	0.000 	basket	
2025-07-21 08:14:41,597 - AdaPoinTr - INFO - 03337140	60	0.253 	15.643 	0.982 	0.000 	file cabinet	
2025-07-21 08:14:41,597 - AdaPoinTr - INFO - 02843684	15	0.252 	18.466 	1.647 	0.000 	birdhouse	
2025-07-21 08:14:41,597 - AdaPoinTr - INFO - 03624134	85	0.813 	6.583 	0.220 	0.000 	knife	
2025-07-21 08:14:41,597 - AdaPoinTr - INFO - 03991062	121	0.248 	18.684 	1.587 	0.000 	flowerpot	
2025-07-21 08:14:41,597 - AdaPoinTr - INFO - 03948459	62	0.483 	11.355 	0.615 	0.000 	pistol	
2025-07-21 08:14:41,597 - AdaPoinTr - INFO - 03928116	48	0.301 	15.240 	1.035 	0.000 	piano	
2025-07-21 08:14:41,597 - AdaPoinTr - INFO - 03207941	19	0.247 	15.283 	0.864 	0.000 	dishwasher	
2025-07-21 08:14:41,597 - AdaPoinTr - INFO - 04074963	14	0.469 	10.598 	0.439 	0.000 	remote	
2025-07-21 08:14:41,597 - AdaPoinTr - INFO - 03085013	13	0.473 	9.544 	0.318 	0.000 	keyboard	
2025-07-21 08:14:41,597 - AdaPoinTr - INFO - Overall		0.382 	13.698 	0.892 	0.000 	
2025-07-21 08:14:42,051 - AdaPoinTr - INFO - Save checkpoint at ./experiments/AdaPoinTr/ShapeNet55_models/AdaPoinTr/ckpt-best.pth
2025-07-21 08:14:42,451 - AdaPoinTr - INFO - Save checkpoint at ./experiments/AdaPoinTr/ShapeNet55_models/AdaPoinTr/ckpt-last.pth
2025-07-21 08:14:43,252 - AdaPoinTr - INFO - [Epoch 121/200][Batch 1/2622] BatchTime = 0.799 (s) DataTime = 0.089 (s) Losses = ['4.8875', '37.4156'] lr = 0.0000072
2025-07-21 08:15:55,024 - AdaPoinTr - INFO - [Epoch 121/200][Batch 101/2622] BatchTime = 0.706 (s) DataTime = 0.001 (s) Losses = ['5.4434', '40.6560'] lr = 0.0000072
2025-07-21 08:17:06,866 - AdaPoinTr - INFO - [Epoch 121/200][Batch 201/2622] BatchTime = 0.708 (s) DataTime = 0.001 (s) Losses = ['5.2898', '40.1668'] lr = 0.0000072
2025-07-21 08:18:18,653 - AdaPoinTr - INFO - [Epoch 121/200][Batch 301/2622] BatchTime = 0.709 (s) DataTime = 0.001 (s) Losses = ['5.5084', '41.2730'] lr = 0.0000072
2025-07-21 08:19:30,458 - AdaPoinTr - INFO - [Epoch 121/200][Batch 401/2622] BatchTime = 0.715 (s) DataTime = 0.001 (s) Losses = ['4.7769', '38.7107'] lr = 0.0000072
2025-07-21 08:20:42,222 - AdaPoinTr - INFO - [Epoch 121/200][Batch 501/2622] BatchTime = 0.719 (s) DataTime = 0.001 (s) Losses = ['5.6096', '45.0457'] lr = 0.0000072
2025-07-21 08:21:54,011 - AdaPoinTr - INFO - [Epoch 121/200][Batch 601/2622] BatchTime = 0.718 (s) DataTime = 0.001 (s) Losses = ['5.2641', '38.7393'] lr = 0.0000072
2025-07-21 08:23:05,825 - AdaPoinTr - INFO - [Epoch 121/200][Batch 701/2622] BatchTime = 0.719 (s) DataTime = 0.001 (s) Losses = ['5.1254', '36.8501'] lr = 0.0000072
2025-07-21 08:24:17,645 - AdaPoinTr - INFO - [Epoch 121/200][Batch 801/2622] BatchTime = 0.715 (s) DataTime = 0.001 (s) Losses = ['5.0515', '38.6137'] lr = 0.0000072
2025-07-21 08:25:29,512 - AdaPoinTr - INFO - [Epoch 121/200][Batch 901/2622] BatchTime = 0.716 (s) DataTime = 0.001 (s) Losses = ['5.7773', '43.0767'] lr = 0.0000072
2025-07-21 08:26:41,347 - AdaPoinTr - INFO - [Epoch 121/200][Batch 1001/2622] BatchTime = 0.715 (s) DataTime = 0.001 (s) Losses = ['5.6453', '40.3437'] lr = 0.0000072
2025-07-21 08:27:53,150 - AdaPoinTr - INFO - [Epoch 121/200][Batch 1101/2622] BatchTime = 0.709 (s) DataTime = 0.001 (s) Losses = ['4.7299', '34.5305'] lr = 0.0000072
2025-07-21 08:29:04,931 - AdaPoinTr - INFO - [Epoch 121/200][Batch 1201/2622] BatchTime = 0.705 (s) DataTime = 0.001 (s) Losses = ['5.6184', '39.5762'] lr = 0.0000072
2025-07-21 08:30:16,712 - AdaPoinTr - INFO - [Epoch 121/200][Batch 1301/2622] BatchTime = 0.717 (s) DataTime = 0.001 (s) Losses = ['4.9917', '36.2016'] lr = 0.0000072
2025-07-21 08:31:28,523 - AdaPoinTr - INFO - [Epoch 121/200][Batch 1401/2622] BatchTime = 0.716 (s) DataTime = 0.001 (s) Losses = ['5.4635', '41.2172'] lr = 0.0000072
2025-07-21 08:32:40,349 - AdaPoinTr - INFO - [Epoch 121/200][Batch 1501/2622] BatchTime = 0.720 (s) DataTime = 0.001 (s) Losses = ['5.5721', '40.6397'] lr = 0.0000072
2025-07-21 08:33:52,181 - AdaPoinTr - INFO - [Epoch 121/200][Batch 1601/2622] BatchTime = 0.715 (s) DataTime = 0.001 (s) Losses = ['5.1504', '36.8599'] lr = 0.0000072
2025-07-21 08:35:03,959 - AdaPoinTr - INFO - [Epoch 121/200][Batch 1701/2622] BatchTime = 0.716 (s) DataTime = 0.001 (s) Losses = ['5.6208', '42.7221'] lr = 0.0000072
2025-07-21 08:36:15,757 - AdaPoinTr - INFO - [Epoch 121/200][Batch 1801/2622] BatchTime = 0.715 (s) DataTime = 0.001 (s) Losses = ['4.8183', '34.9704'] lr = 0.0000072
2025-07-21 08:37:27,569 - AdaPoinTr - INFO - [Epoch 121/200][Batch 1901/2622] BatchTime = 0.711 (s) DataTime = 0.001 (s) Losses = ['5.1047', '43.2580'] lr = 0.0000072
2025-07-21 08:38:39,318 - AdaPoinTr - INFO - [Epoch 121/200][Batch 2001/2622] BatchTime = 0.717 (s) DataTime = 0.001 (s) Losses = ['6.4489', '47.1664'] lr = 0.0000072
2025-07-21 08:39:51,092 - AdaPoinTr - INFO - [Epoch 121/200][Batch 2101/2622] BatchTime = 0.702 (s) DataTime = 0.001 (s) Losses = ['6.0276', '44.0876'] lr = 0.0000072
2025-07-21 08:40:54,077 - AdaPoinTr - INFO - [Epoch 121/200][Batch 2201/2622] BatchTime = 0.512 (s) DataTime = 0.001 (s) Losses = ['5.3998', '38.4610'] lr = 0.0000072
2025-07-21 08:41:45,629 - AdaPoinTr - INFO - [Epoch 121/200][Batch 2301/2622] BatchTime = 0.510 (s) DataTime = 0.001 (s) Losses = ['5.2909', '38.1995'] lr = 0.0000072
2025-07-21 08:42:37,193 - AdaPoinTr - INFO - [Epoch 121/200][Batch 2401/2622] BatchTime = 0.510 (s) DataTime = 0.001 (s) Losses = ['4.8650', '37.5568'] lr = 0.0000072
2025-07-21 08:43:28,750 - AdaPoinTr - INFO - [Epoch 121/200][Batch 2501/2622] BatchTime = 0.509 (s) DataTime = 0.001 (s) Losses = ['5.8759', '44.0507'] lr = 0.0000072
2025-07-21 08:44:20,281 - AdaPoinTr - INFO - [Epoch 121/200][Batch 2601/2622] BatchTime = 0.513 (s) DataTime = 0.001 (s) Losses = ['5.1780', '38.0539'] lr = 0.0000072
2025-07-21 08:44:31,148 - AdaPoinTr - INFO - [Training] EPOCH: 121 EpochTime = 1788.696 (s) Losses = ['5.1990', '39.5901']
2025-07-21 08:44:31,619 - AdaPoinTr - INFO - Save checkpoint at ./experiments/AdaPoinTr/ShapeNet55_models/AdaPoinTr/ckpt-last.pth
2025-07-21 08:44:32,237 - AdaPoinTr - INFO - [Epoch 122/200][Batch 1/2622] BatchTime = 0.617 (s) DataTime = 0.094 (s) Losses = ['4.6763', '32.3338'] lr = 0.0000070
2025-07-21 08:45:23,794 - AdaPoinTr - INFO - [Epoch 122/200][Batch 101/2622] BatchTime = 0.512 (s) DataTime = 0.001 (s) Losses = ['5.4235', '43.1243'] lr = 0.0000070
2025-07-21 08:46:15,355 - AdaPoinTr - INFO - [Epoch 122/200][Batch 201/2622] BatchTime = 0.513 (s) DataTime = 0.001 (s) Losses = ['5.0907', '40.2528'] lr = 0.0000070
2025-07-21 08:47:06,910 - AdaPoinTr - INFO - [Epoch 122/200][Batch 301/2622] BatchTime = 0.509 (s) DataTime = 0.001 (s) Losses = ['5.2859', '38.9555'] lr = 0.0000070
2025-07-21 08:47:58,465 - AdaPoinTr - INFO - [Epoch 122/200][Batch 401/2622] BatchTime = 0.509 (s) DataTime = 0.001 (s) Losses = ['6.0654', '42.5336'] lr = 0.0000070
2025-07-21 08:48:50,045 - AdaPoinTr - INFO - [Epoch 122/200][Batch 501/2622] BatchTime = 0.514 (s) DataTime = 0.001 (s) Losses = ['5.2458', '37.9946'] lr = 0.0000070
2025-07-21 08:49:41,578 - AdaPoinTr - INFO - [Epoch 122/200][Batch 601/2622] BatchTime = 0.508 (s) DataTime = 0.001 (s) Losses = ['5.5039', '38.3692'] lr = 0.0000070
2025-07-21 08:50:33,135 - AdaPoinTr - INFO - [Epoch 122/200][Batch 701/2622] BatchTime = 0.510 (s) DataTime = 0.001 (s) Losses = ['5.2045', '39.3198'] lr = 0.0000070
2025-07-21 08:51:24,704 - AdaPoinTr - INFO - [Epoch 122/200][Batch 801/2622] BatchTime = 0.507 (s) DataTime = 0.001 (s) Losses = ['5.2095', '45.8371'] lr = 0.0000070
2025-07-21 08:52:26,406 - AdaPoinTr - INFO - [Epoch 122/200][Batch 901/2622] BatchTime = 0.711 (s) DataTime = 0.001 (s) Losses = ['4.9367', '36.6086'] lr = 0.0000070
2025-07-21 08:53:38,233 - AdaPoinTr - INFO - [Epoch 122/200][Batch 1001/2622] BatchTime = 0.710 (s) DataTime = 0.001 (s) Losses = ['5.8893', '44.2222'] lr = 0.0000070
2025-07-21 08:54:50,026 - AdaPoinTr - INFO - [Epoch 122/200][Batch 1101/2622] BatchTime = 0.707 (s) DataTime = 0.001 (s) Losses = ['4.9853', '39.0276'] lr = 0.0000070
2025-07-21 08:56:01,857 - AdaPoinTr - INFO - [Epoch 122/200][Batch 1201/2622] BatchTime = 0.707 (s) DataTime = 0.001 (s) Losses = ['4.9194', '37.2467'] lr = 0.0000070
2025-07-21 08:57:13,662 - AdaPoinTr - INFO - [Epoch 122/200][Batch 1301/2622] BatchTime = 0.711 (s) DataTime = 0.001 (s) Losses = ['4.7505', '36.7062'] lr = 0.0000070
2025-07-21 08:58:25,447 - AdaPoinTr - INFO - [Epoch 122/200][Batch 1401/2622] BatchTime = 0.715 (s) DataTime = 0.001 (s) Losses = ['5.7446', '44.2718'] lr = 0.0000070
2025-07-21 08:59:37,250 - AdaPoinTr - INFO - [Epoch 122/200][Batch 1501/2622] BatchTime = 0.719 (s) DataTime = 0.001 (s) Losses = ['5.7546', '44.7263'] lr = 0.0000070
2025-07-21 09:00:49,061 - AdaPoinTr - INFO - [Epoch 122/200][Batch 1601/2622] BatchTime = 0.718 (s) DataTime = 0.001 (s) Losses = ['5.2854', '39.6113'] lr = 0.0000070
2025-07-21 09:02:00,855 - AdaPoinTr - INFO - [Epoch 122/200][Batch 1701/2622] BatchTime = 0.717 (s) DataTime = 0.001 (s) Losses = ['5.1371', '36.8620'] lr = 0.0000070
2025-07-21 09:03:12,646 - AdaPoinTr - INFO - [Epoch 122/200][Batch 1801/2622] BatchTime = 0.711 (s) DataTime = 0.001 (s) Losses = ['5.4150', '42.6970'] lr = 0.0000070
2025-07-21 09:04:24,464 - AdaPoinTr - INFO - [Epoch 122/200][Batch 1901/2622] BatchTime = 0.709 (s) DataTime = 0.001 (s) Losses = ['5.0768', '39.6662'] lr = 0.0000070
2025-07-21 09:05:36,311 - AdaPoinTr - INFO - [Epoch 122/200][Batch 2001/2622] BatchTime = 0.708 (s) DataTime = 0.001 (s) Losses = ['5.0730', '38.8828'] lr = 0.0000070
2025-07-21 09:06:48,137 - AdaPoinTr - INFO - [Epoch 122/200][Batch 2101/2622] BatchTime = 0.708 (s) DataTime = 0.001 (s) Losses = ['5.4384', '44.3962'] lr = 0.0000070
2025-07-21 09:07:59,943 - AdaPoinTr - INFO - [Epoch 122/200][Batch 2201/2622] BatchTime = 0.708 (s) DataTime = 0.001 (s) Losses = ['5.6380', '40.9188'] lr = 0.0000070
2025-07-21 09:09:11,726 - AdaPoinTr - INFO - [Epoch 122/200][Batch 2301/2622] BatchTime = 0.715 (s) DataTime = 0.001 (s) Losses = ['4.7184', '36.9510'] lr = 0.0000070
2025-07-21 09:10:23,558 - AdaPoinTr - INFO - [Epoch 122/200][Batch 2401/2622] BatchTime = 0.717 (s) DataTime = 0.001 (s) Losses = ['4.4384', '33.0696'] lr = 0.0000070
2025-07-21 09:11:35,327 - AdaPoinTr - INFO - [Epoch 122/200][Batch 2501/2622] BatchTime = 0.714 (s) DataTime = 0.001 (s) Losses = ['4.9576', '38.7664'] lr = 0.0000070
2025-07-21 09:12:47,093 - AdaPoinTr - INFO - [Epoch 122/200][Batch 2601/2622] BatchTime = 0.717 (s) DataTime = 0.001 (s) Losses = ['4.9091', '36.1964'] lr = 0.0000070
2025-07-21 09:13:02,202 - AdaPoinTr - INFO - [Training] EPOCH: 122 EpochTime = 1710.582 (s) Losses = ['5.2006', '39.6077']
2025-07-21 09:13:02,616 - AdaPoinTr - INFO - Save checkpoint at ./experiments/AdaPoinTr/ShapeNet55_models/AdaPoinTr/ckpt-last.pth
2025-07-21 09:13:03,414 - AdaPoinTr - INFO - [Epoch 123/200][Batch 1/2622] BatchTime = 0.797 (s) DataTime = 0.091 (s) Losses = ['5.5794', '43.4390'] lr = 0.0000069
2025-07-21 09:14:15,231 - AdaPoinTr - INFO - [Epoch 123/200][Batch 101/2622] BatchTime = 0.710 (s) DataTime = 0.001 (s) Losses = ['5.0994', '40.6193'] lr = 0.0000069
2025-07-21 09:15:27,058 - AdaPoinTr - INFO - [Epoch 123/200][Batch 201/2622] BatchTime = 0.703 (s) DataTime = 0.001 (s) Losses = ['5.1667', '38.9660'] lr = 0.0000069
2025-07-21 09:16:38,887 - AdaPoinTr - INFO - [Epoch 123/200][Batch 301/2622] BatchTime = 0.711 (s) DataTime = 0.001 (s) Losses = ['5.1594', '39.4330'] lr = 0.0000069
2025-07-21 09:17:50,688 - AdaPoinTr - INFO - [Epoch 123/200][Batch 401/2622] BatchTime = 0.712 (s) DataTime = 0.001 (s) Losses = ['4.4278', '34.7248'] lr = 0.0000069
2025-07-21 09:19:02,435 - AdaPoinTr - INFO - [Epoch 123/200][Batch 501/2622] BatchTime = 0.722 (s) DataTime = 0.001 (s) Losses = ['4.6634', '36.8722'] lr = 0.0000069
2025-07-21 09:20:14,237 - AdaPoinTr - INFO - [Epoch 123/200][Batch 601/2622] BatchTime = 0.715 (s) DataTime = 0.001 (s) Losses = ['4.7776', '39.3156'] lr = 0.0000069
2025-07-21 09:21:26,072 - AdaPoinTr - INFO - [Epoch 123/200][Batch 701/2622] BatchTime = 0.713 (s) DataTime = 0.001 (s) Losses = ['4.7455', '36.1891'] lr = 0.0000069
2025-07-21 09:22:37,866 - AdaPoinTr - INFO - [Epoch 123/200][Batch 801/2622] BatchTime = 0.715 (s) DataTime = 0.001 (s) Losses = ['5.3707', '40.6655'] lr = 0.0000069
2025-07-21 09:23:49,665 - AdaPoinTr - INFO - [Epoch 123/200][Batch 901/2622] BatchTime = 0.707 (s) DataTime = 0.001 (s) Losses = ['5.0440', '36.3495'] lr = 0.0000069
2025-07-21 09:25:01,465 - AdaPoinTr - INFO - [Epoch 123/200][Batch 1001/2622] BatchTime = 0.710 (s) DataTime = 0.001 (s) Losses = ['4.6501', '36.3429'] lr = 0.0000069
2025-07-21 09:26:13,281 - AdaPoinTr - INFO - [Epoch 123/200][Batch 1101/2622] BatchTime = 0.708 (s) DataTime = 0.001 (s) Losses = ['5.6693', '40.9052'] lr = 0.0000069
2025-07-21 09:27:25,115 - AdaPoinTr - INFO - [Epoch 123/200][Batch 1201/2622] BatchTime = 0.708 (s) DataTime = 0.001 (s) Losses = ['5.4141', '39.7329'] lr = 0.0000069
2025-07-21 09:28:36,903 - AdaPoinTr - INFO - [Epoch 123/200][Batch 1301/2622] BatchTime = 0.709 (s) DataTime = 0.001 (s) Losses = ['5.3354', '38.3185'] lr = 0.0000069
2025-07-21 09:29:48,724 - AdaPoinTr - INFO - [Epoch 123/200][Batch 1401/2622] BatchTime = 0.715 (s) DataTime = 0.001 (s) Losses = ['5.0943', '38.3910'] lr = 0.0000069
2025-07-21 09:31:00,572 - AdaPoinTr - INFO - [Epoch 123/200][Batch 1501/2622] BatchTime = 0.718 (s) DataTime = 0.001 (s) Losses = ['5.0965', '43.1697'] lr = 0.0000069
2025-07-21 09:32:12,318 - AdaPoinTr - INFO - [Epoch 123/200][Batch 1601/2622] BatchTime = 0.713 (s) DataTime = 0.001 (s) Losses = ['5.3108', '45.0633'] lr = 0.0000069
2025-07-21 09:33:24,125 - AdaPoinTr - INFO - [Epoch 123/200][Batch 1701/2622] BatchTime = 0.716 (s) DataTime = 0.001 (s) Losses = ['5.6132', '40.4200'] lr = 0.0000069
2025-07-21 09:34:35,943 - AdaPoinTr - INFO - [Epoch 123/200][Batch 1801/2622] BatchTime = 0.710 (s) DataTime = 0.001 (s) Losses = ['4.8739', '39.7863'] lr = 0.0000069
2025-07-21 09:35:47,744 - AdaPoinTr - INFO - [Epoch 123/200][Batch 1901/2622] BatchTime = 0.714 (s) DataTime = 0.001 (s) Losses = ['5.7812', '40.8561'] lr = 0.0000069
2025-07-21 09:36:59,535 - AdaPoinTr - INFO - [Epoch 123/200][Batch 2001/2622] BatchTime = 0.705 (s) DataTime = 0.001 (s) Losses = ['5.8235', '45.6805'] lr = 0.0000069
2025-07-21 09:38:11,360 - AdaPoinTr - INFO - [Epoch 123/200][Batch 2101/2622] BatchTime = 0.707 (s) DataTime = 0.001 (s) Losses = ['5.8017', '43.7928'] lr = 0.0000069
2025-07-21 09:39:23,179 - AdaPoinTr - INFO - [Epoch 123/200][Batch 2201/2622] BatchTime = 0.711 (s) DataTime = 0.001 (s) Losses = ['5.4637', '45.2979'] lr = 0.0000069
2025-07-21 09:40:34,996 - AdaPoinTr - INFO - [Epoch 123/200][Batch 2301/2622] BatchTime = 0.717 (s) DataTime = 0.001 (s) Losses = ['5.1240', '42.8552'] lr = 0.0000069
2025-07-21 09:41:46,474 - AdaPoinTr - INFO - [Epoch 123/200][Batch 2401/2622] BatchTime = 0.714 (s) DataTime = 0.001 (s) Losses = ['5.7499', '44.6373'] lr = 0.0000069
2025-07-21 09:42:58,260 - AdaPoinTr - INFO - [Epoch 123/200][Batch 2501/2622] BatchTime = 0.720 (s) DataTime = 0.001 (s) Losses = ['4.8492', '35.0242'] lr = 0.0000069
2025-07-21 09:44:10,057 - AdaPoinTr - INFO - [Epoch 123/200][Batch 2601/2622] BatchTime = 0.714 (s) DataTime = 0.001 (s) Losses = ['4.6190', '36.5521'] lr = 0.0000069
2025-07-21 09:44:25,199 - AdaPoinTr - INFO - [Training] EPOCH: 123 EpochTime = 1882.582 (s) Losses = ['5.2018', '39.6918']
2025-07-21 09:44:25,662 - AdaPoinTr - INFO - Save checkpoint at ./experiments/AdaPoinTr/ShapeNet55_models/AdaPoinTr/ckpt-last.pth
2025-07-21 09:44:26,471 - AdaPoinTr - INFO - [Epoch 124/200][Batch 1/2622] BatchTime = 0.808 (s) DataTime = 0.091 (s) Losses = ['5.4597', '40.1595'] lr = 0.0000067
2025-07-21 09:45:38,268 - AdaPoinTr - INFO - [Epoch 124/200][Batch 101/2622] BatchTime = 0.713 (s) DataTime = 0.001 (s) Losses = ['5.4519', '42.7142'] lr = 0.0000067
2025-07-21 09:46:50,051 - AdaPoinTr - INFO - [Epoch 124/200][Batch 201/2622] BatchTime = 0.706 (s) DataTime = 0.001 (s) Losses = ['5.6085', '42.0609'] lr = 0.0000067
2025-07-21 09:48:01,863 - AdaPoinTr - INFO - [Epoch 124/200][Batch 301/2622] BatchTime = 0.705 (s) DataTime = 0.001 (s) Losses = ['5.5149', '43.2928'] lr = 0.0000067
2025-07-21 09:49:13,670 - AdaPoinTr - INFO - [Epoch 124/200][Batch 401/2622] BatchTime = 0.707 (s) DataTime = 0.001 (s) Losses = ['5.2217', '41.4194'] lr = 0.0000067
2025-07-21 09:50:25,449 - AdaPoinTr - INFO - [Epoch 124/200][Batch 501/2622] BatchTime = 0.721 (s) DataTime = 0.001 (s) Losses = ['5.7176', '43.2334'] lr = 0.0000067
2025-07-21 09:51:37,242 - AdaPoinTr - INFO - [Epoch 124/200][Batch 601/2622] BatchTime = 0.717 (s) DataTime = 0.001 (s) Losses = ['5.3148', '43.6573'] lr = 0.0000067
2025-07-21 09:52:49,030 - AdaPoinTr - INFO - [Epoch 124/200][Batch 701/2622] BatchTime = 0.723 (s) DataTime = 0.001 (s) Losses = ['5.2192', '37.9034'] lr = 0.0000067
2025-07-21 09:54:00,823 - AdaPoinTr - INFO - [Epoch 124/200][Batch 801/2622] BatchTime = 0.717 (s) DataTime = 0.001 (s) Losses = ['5.3675', '41.0928'] lr = 0.0000067
2025-07-21 09:55:12,605 - AdaPoinTr - INFO - [Epoch 124/200][Batch 901/2622] BatchTime = 0.708 (s) DataTime = 0.001 (s) Losses = ['4.6606', '34.0250'] lr = 0.0000067
2025-07-21 09:56:24,424 - AdaPoinTr - INFO - [Epoch 124/200][Batch 1001/2622] BatchTime = 0.711 (s) DataTime = 0.001 (s) Losses = ['5.0372', '37.7811'] lr = 0.0000067
2025-07-21 09:57:36,250 - AdaPoinTr - INFO - [Epoch 124/200][Batch 1101/2622] BatchTime = 0.710 (s) DataTime = 0.001 (s) Losses = ['4.9650', '37.9770'] lr = 0.0000067
2025-07-21 09:58:48,073 - AdaPoinTr - INFO - [Epoch 124/200][Batch 1201/2622] BatchTime = 0.709 (s) DataTime = 0.001 (s) Losses = ['5.3664', '44.7476'] lr = 0.0000067
2025-07-21 09:59:59,858 - AdaPoinTr - INFO - [Epoch 124/200][Batch 1301/2622] BatchTime = 0.707 (s) DataTime = 0.001 (s) Losses = ['4.9129', '41.4397'] lr = 0.0000067
2025-07-21 10:01:11,628 - AdaPoinTr - INFO - [Epoch 124/200][Batch 1401/2622] BatchTime = 0.716 (s) DataTime = 0.001 (s) Losses = ['5.0145', '37.4000'] lr = 0.0000067
2025-07-21 10:02:23,408 - AdaPoinTr - INFO - [Epoch 124/200][Batch 1501/2622] BatchTime = 0.717 (s) DataTime = 0.001 (s) Losses = ['5.1518', '39.0639'] lr = 0.0000067
2025-07-21 10:03:35,235 - AdaPoinTr - INFO - [Epoch 124/200][Batch 1601/2622] BatchTime = 0.718 (s) DataTime = 0.001 (s) Losses = ['4.8493', '35.7592'] lr = 0.0000067
2025-07-21 10:04:47,085 - AdaPoinTr - INFO - [Epoch 124/200][Batch 1701/2622] BatchTime = 0.716 (s) DataTime = 0.001 (s) Losses = ['4.8139', '36.2714'] lr = 0.0000067
2025-07-21 10:05:58,887 - AdaPoinTr - INFO - [Epoch 124/200][Batch 1801/2622] BatchTime = 0.715 (s) DataTime = 0.001 (s) Losses = ['5.0269', '35.5543'] lr = 0.0000067
2025-07-21 10:07:10,667 - AdaPoinTr - INFO - [Epoch 124/200][Batch 1901/2622] BatchTime = 0.710 (s) DataTime = 0.001 (s) Losses = ['5.4097', '41.5168'] lr = 0.0000067
2025-07-21 10:08:22,490 - AdaPoinTr - INFO - [Epoch 124/200][Batch 2001/2622] BatchTime = 0.709 (s) DataTime = 0.001 (s) Losses = ['4.9248', '44.9534'] lr = 0.0000067
2025-07-21 10:09:34,297 - AdaPoinTr - INFO - [Epoch 124/200][Batch 2101/2622] BatchTime = 0.707 (s) DataTime = 0.001 (s) Losses = ['5.5491', '42.4502'] lr = 0.0000067
2025-07-21 10:10:46,064 - AdaPoinTr - INFO - [Epoch 124/200][Batch 2201/2622] BatchTime = 0.710 (s) DataTime = 0.001 (s) Losses = ['5.4711', '41.2234'] lr = 0.0000067
2025-07-21 10:11:57,854 - AdaPoinTr - INFO - [Epoch 124/200][Batch 2301/2622] BatchTime = 0.711 (s) DataTime = 0.001 (s) Losses = ['5.6887', '41.0856'] lr = 0.0000067
2025-07-21 10:13:09,682 - AdaPoinTr - INFO - [Epoch 124/200][Batch 2401/2622] BatchTime = 0.717 (s) DataTime = 0.001 (s) Losses = ['5.1130', '40.2842'] lr = 0.0000067
2025-07-21 10:14:21,456 - AdaPoinTr - INFO - [Epoch 124/200][Batch 2501/2622] BatchTime = 0.720 (s) DataTime = 0.001 (s) Losses = ['4.9699', '38.4158'] lr = 0.0000067
2025-07-21 10:15:33,274 - AdaPoinTr - INFO - [Epoch 124/200][Batch 2601/2622] BatchTime = 0.718 (s) DataTime = 0.001 (s) Losses = ['5.6941', '44.3319'] lr = 0.0000067
2025-07-21 10:15:48,373 - AdaPoinTr - INFO - [Training] EPOCH: 124 EpochTime = 1882.710 (s) Losses = ['5.1981', '39.5857']
2025-07-21 10:15:48,841 - AdaPoinTr - INFO - Save checkpoint at ./experiments/AdaPoinTr/ShapeNet55_models/AdaPoinTr/ckpt-last.pth
2025-07-21 10:15:49,650 - AdaPoinTr - INFO - [Epoch 125/200][Batch 1/2622] BatchTime = 0.808 (s) DataTime = 0.091 (s) Losses = ['5.3838', '40.3781'] lr = 0.0000066
2025-07-21 10:17:01,459 - AdaPoinTr - INFO - [Epoch 125/200][Batch 101/2622] BatchTime = 0.715 (s) DataTime = 0.001 (s) Losses = ['5.6350', '41.9230'] lr = 0.0000066
2025-07-21 10:18:13,304 - AdaPoinTr - INFO - [Epoch 125/200][Batch 201/2622] BatchTime = 0.716 (s) DataTime = 0.001 (s) Losses = ['5.1721', '39.0818'] lr = 0.0000066
2025-07-21 10:19:25,105 - AdaPoinTr - INFO - [Epoch 125/200][Batch 301/2622] BatchTime = 0.716 (s) DataTime = 0.001 (s) Losses = ['4.9082', '35.3356'] lr = 0.0000066
2025-07-21 10:20:36,901 - AdaPoinTr - INFO - [Epoch 125/200][Batch 401/2622] BatchTime = 0.711 (s) DataTime = 0.001 (s) Losses = ['5.3108', '39.0433'] lr = 0.0000066
2025-07-21 10:21:48,661 - AdaPoinTr - INFO - [Epoch 125/200][Batch 501/2622] BatchTime = 0.707 (s) DataTime = 0.001 (s) Losses = ['5.0775', '42.7406'] lr = 0.0000066
2025-07-21 10:23:00,469 - AdaPoinTr - INFO - [Epoch 125/200][Batch 601/2622] BatchTime = 0.706 (s) DataTime = 0.001 (s) Losses = ['4.9286', '37.8980'] lr = 0.0000066
2025-07-21 10:24:12,275 - AdaPoinTr - INFO - [Epoch 125/200][Batch 701/2622] BatchTime = 0.707 (s) DataTime = 0.001 (s) Losses = ['5.1330', '40.5786'] lr = 0.0000066
2025-07-21 10:25:24,077 - AdaPoinTr - INFO - [Epoch 125/200][Batch 801/2622] BatchTime = 0.715 (s) DataTime = 0.001 (s) Losses = ['5.1446', '37.8042'] lr = 0.0000066
2025-07-21 10:26:35,883 - AdaPoinTr - INFO - [Epoch 125/200][Batch 901/2622] BatchTime = 0.716 (s) DataTime = 0.001 (s) Losses = ['5.0101', '37.7751'] lr = 0.0000066
2025-07-21 10:27:47,709 - AdaPoinTr - INFO - [Epoch 125/200][Batch 1001/2622] BatchTime = 0.717 (s) DataTime = 0.001 (s) Losses = ['5.2550', '39.8169'] lr = 0.0000066
2025-07-21 10:28:59,488 - AdaPoinTr - INFO - [Epoch 125/200][Batch 1101/2622] BatchTime = 0.714 (s) DataTime = 0.001 (s) Losses = ['4.9857', '38.9827'] lr = 0.0000066
2025-07-21 10:30:11,304 - AdaPoinTr - INFO - [Epoch 125/200][Batch 1201/2622] BatchTime = 0.711 (s) DataTime = 0.001 (s) Losses = ['5.8548', '41.5511'] lr = 0.0000066
2025-07-21 10:31:22,769 - AdaPoinTr - INFO - [Epoch 125/200][Batch 1301/2622] BatchTime = 0.704 (s) DataTime = 0.001 (s) Losses = ['5.0866', '38.8735'] lr = 0.0000066
2025-07-21 10:32:34,601 - AdaPoinTr - INFO - [Epoch 125/200][Batch 1401/2622] BatchTime = 0.707 (s) DataTime = 0.001 (s) Losses = ['5.5356', '41.2371'] lr = 0.0000066
2025-07-21 10:33:46,409 - AdaPoinTr - INFO - [Epoch 125/200][Batch 1501/2622] BatchTime = 0.713 (s) DataTime = 0.001 (s) Losses = ['5.3894', '38.9448'] lr = 0.0000066
2025-07-21 10:34:58,190 - AdaPoinTr - INFO - [Epoch 125/200][Batch 1601/2622] BatchTime = 0.715 (s) DataTime = 0.001 (s) Losses = ['4.0690', '32.9155'] lr = 0.0000066
2025-07-21 10:36:10,004 - AdaPoinTr - INFO - [Epoch 125/200][Batch 1701/2622] BatchTime = 0.718 (s) DataTime = 0.001 (s) Losses = ['5.2244', '36.3517'] lr = 0.0000066
2025-07-21 10:37:21,776 - AdaPoinTr - INFO - [Epoch 125/200][Batch 1801/2622] BatchTime = 0.720 (s) DataTime = 0.001 (s) Losses = ['4.7666', '34.7382'] lr = 0.0000066
2025-07-21 10:38:33,607 - AdaPoinTr - INFO - [Epoch 125/200][Batch 1901/2622] BatchTime = 0.718 (s) DataTime = 0.001 (s) Losses = ['5.7938', '40.8274'] lr = 0.0000066
2025-07-21 10:39:45,400 - AdaPoinTr - INFO - [Epoch 125/200][Batch 2001/2622] BatchTime = 0.717 (s) DataTime = 0.001 (s) Losses = ['5.8028', '48.1960'] lr = 0.0000066
2025-07-21 10:40:57,217 - AdaPoinTr - INFO - [Epoch 125/200][Batch 2101/2622] BatchTime = 0.711 (s) DataTime = 0.001 (s) Losses = ['5.0651', '37.4074'] lr = 0.0000066
2025-07-21 10:42:09,021 - AdaPoinTr - INFO - [Epoch 125/200][Batch 2201/2622] BatchTime = 0.710 (s) DataTime = 0.001 (s) Losses = ['4.4683', '32.7749'] lr = 0.0000066
2025-07-21 10:43:20,851 - AdaPoinTr - INFO - [Epoch 125/200][Batch 2301/2622] BatchTime = 0.709 (s) DataTime = 0.001 (s) Losses = ['5.3286', '37.9076'] lr = 0.0000066
2025-07-21 10:44:32,666 - AdaPoinTr - INFO - [Epoch 125/200][Batch 2401/2622] BatchTime = 0.705 (s) DataTime = 0.001 (s) Losses = ['5.2116', '40.9333'] lr = 0.0000066
2025-07-21 10:45:44,408 - AdaPoinTr - INFO - [Epoch 125/200][Batch 2501/2622] BatchTime = 0.711 (s) DataTime = 0.001 (s) Losses = ['5.0391', '43.1984'] lr = 0.0000066
2025-07-21 10:46:56,205 - AdaPoinTr - INFO - [Epoch 125/200][Batch 2601/2622] BatchTime = 0.716 (s) DataTime = 0.001 (s) Losses = ['5.1978', '42.9637'] lr = 0.0000066
2025-07-21 10:47:11,304 - AdaPoinTr - INFO - [Training] EPOCH: 125 EpochTime = 1882.462 (s) Losses = ['5.1906', '39.4708']
2025-07-21 10:47:11,304 - AdaPoinTr - INFO - [VALIDATION] Start validating epoch 125
2025-07-21 10:48:18,455 - AdaPoinTr - INFO - Test[1051/10518] Taxonomy = 02691156 Sample = c7749c0a8b61f43bc9b9e28055202e3d Losses = ['22.0291', '2.4432', '8.7054', '0.2663'] Metrics = ['0.5928', '8.7054', '0.2663', '0.0000']
2025-07-21 10:49:25,381 - AdaPoinTr - INFO - Test[2102/10518] Taxonomy = 03211117 Sample = ab2f9418c111cc6ddb965514105122a4 Losses = ['20.2746', '1.6497', '8.0938', '0.2520'] Metrics = ['0.6689', '8.0938', '0.2520', '0.0000']
2025-07-21 10:50:32,462 - AdaPoinTr - INFO - Test[3153/10518] Taxonomy = 02876657 Sample = c5032e4be091aabb36fe7a88df793982 Losses = ['40.0740', '7.5483', '16.5198', '1.3473'] Metrics = ['0.3370', '16.5198', '1.3473', '0.0000']
2025-07-21 10:51:39,444 - AdaPoinTr - INFO - Test[4204/10518] Taxonomy = 03211117 Sample = 722df1da5778d45b1e43523279c7f09f Losses = ['30.1521', '3.5668', '10.6711', '0.4103'] Metrics = ['0.4368', '10.6711', '0.4103', '0.0000']
2025-07-21 10:52:46,514 - AdaPoinTr - INFO - Test[5255/10518] Taxonomy = 02828884 Sample = 14b63361a48a9fffe4a048c146e8bd43 Losses = ['28.3371', '3.0839', '10.7668', '0.4620'] Metrics = ['0.4669', '10.7668', '0.4620', '0.0000']
2025-07-21 10:53:53,520 - AdaPoinTr - INFO - Test[6306/10518] Taxonomy = 03211117 Sample = d330d50a0255529d19ed6e1a590c9122 Losses = ['28.1159', '4.1023', '11.1325', '0.5651'] Metrics = ['0.4927', '11.1325', '0.5651', '0.0000']
2025-07-21 10:55:00,502 - AdaPoinTr - INFO - Test[7357/10518] Taxonomy = 04379243 Sample = b1ca280d9567270ade98d10ab5975b59 Losses = ['41.3026', '8.7097', '20.2585', '2.2721'] Metrics = ['0.2657', '20.2585', '2.2721', '0.0000']
2025-07-21 10:56:07,638 - AdaPoinTr - INFO - Test[8408/10518] Taxonomy = 03001627 Sample = 89208a619341d9fdb8c516ed5c4ce32 Losses = ['27.6653', '2.8802', '13.1504', '0.6348'] Metrics = ['0.3259', '13.1504', '0.6348', '0.0000']
2025-07-21 10:57:14,580 - AdaPoinTr - INFO - Test[9459/10518] Taxonomy = 03001627 Sample = d0255120e3351121c3bd24f986301745 Losses = ['48.0931', '10.0774', '25.6255', '3.0929'] Metrics = ['0.1924', '25.6255', '3.0929', '0.0000']
2025-07-21 10:58:21,463 - AdaPoinTr - INFO - Test[10510/10518] Taxonomy = 03636649 Sample = ea9ec4d9db2e06202471e6dd5ac3ef92 Losses = ['16.8241', '1.1383', '4.9768', '0.0772'] Metrics = ['0.9280', '4.9768', '0.0772', '0.0000']
2025-07-21 10:58:22,003 - AdaPoinTr - INFO - [Validation] EPOCH: 125  Metrics = ['0.3834', '13.5340', '0.8466', '0.0000']
2025-07-21 10:58:22,003 - AdaPoinTr - INFO - ============================ TEST RESULTS ============================
2025-07-21 10:58:22,003 - AdaPoinTr - INFO - Taxonomy	#Sample	F-Score	CDL1	CDL2	EMDistance	#ModelName	
2025-07-21 10:58:22,003 - AdaPoinTr - INFO - 03759954	14	0.567 	12.365 	1.012 	0.000 	microphone	
2025-07-21 10:58:22,003 - AdaPoinTr - INFO - 04330267	44	0.294 	15.410 	1.011 	0.000 	stove	
2025-07-21 10:58:22,003 - AdaPoinTr - INFO - 03261776	15	0.338 	14.989 	1.032 	0.000 	earphone	
2025-07-21 10:58:22,003 - AdaPoinTr - INFO - 03513137	33	0.229 	18.490 	1.588 	0.000 	helmet	
2025-07-21 10:58:22,003 - AdaPoinTr - INFO - 04460130	27	0.442 	13.488 	0.873 	0.000 	tower	
2025-07-21 10:58:22,003 - AdaPoinTr - INFO - 04468005	78	0.403 	12.350 	0.675 	0.000 	train	
2025-07-21 10:58:22,003 - AdaPoinTr - INFO - 03761084	31	0.255 	15.617 	0.926 	0.000 	microwaves	
2025-07-21 10:58:22,003 - AdaPoinTr - INFO - 04004475	34	0.274 	16.510 	1.252 	0.000 	printer	
2025-07-21 10:58:22,003 - AdaPoinTr - INFO - 03938244	20	0.326 	13.455 	0.691 	0.000 	pillow	
2025-07-21 10:58:22,003 - AdaPoinTr - INFO - 02992529	167	0.436 	10.616 	0.397 	0.000 	cellphone	
2025-07-21 10:58:22,003 - AdaPoinTr - INFO - 02808440	172	0.309 	14.344 	0.912 	0.000 	bathtub	
2025-07-21 10:58:22,003 - AdaPoinTr - INFO - 04530566	388	0.519 	10.950 	0.595 	0.000 	watercraft	
2025-07-21 10:58:22,003 - AdaPoinTr - INFO - 02871439	91	0.263 	15.723 	1.054 	0.000 	bookshelf	
2025-07-21 10:58:22,003 - AdaPoinTr - INFO - 03593526	120	0.279 	16.746 	1.276 	0.000 	jar	
2025-07-21 10:58:22,003 - AdaPoinTr - INFO - 04554684	34	0.242 	16.873 	1.337 	0.000 	washer	
2025-07-21 10:58:22,003 - AdaPoinTr - INFO - 03467517	160	0.834 	6.296 	0.178 	0.000 	guitar	
2025-07-21 10:58:22,003 - AdaPoinTr - INFO - 04401088	218	0.440 	10.484 	0.396 	0.000 	telephone	
2025-07-21 10:58:22,003 - AdaPoinTr - INFO - 02954340	12	0.315 	13.070 	0.575 	0.000 	cap	
2025-07-21 10:58:22,003 - AdaPoinTr - INFO - 02933112	315	0.251 	14.681 	0.765 	0.000 	cabinet	
2025-07-21 10:58:22,003 - AdaPoinTr - INFO - 03642806	92	0.395 	11.001 	0.436 	0.000 	laptop	
2025-07-21 10:58:22,003 - AdaPoinTr - INFO - 02924116	188	0.378 	12.148 	0.558 	0.000 	bus	
2025-07-21 10:58:22,003 - AdaPoinTr - INFO - 02946921	22	0.267 	15.731 	1.118 	0.000 	can	
2025-07-21 10:58:22,003 - AdaPoinTr - INFO - 02818832	47	0.291 	15.976 	1.132 	0.000 	bed	
2025-07-21 10:58:22,003 - AdaPoinTr - INFO - 04256520	635	0.314 	13.645 	0.697 	0.000 	sofa	
2025-07-21 10:58:22,003 - AdaPoinTr - INFO - 04379243	1687	0.399 	12.243 	0.697 	0.000 	table	
2025-07-21 10:58:22,003 - AdaPoinTr - INFO - 02747177	69	0.204 	16.776 	1.053 	0.000 	trash bin	
2025-07-21 10:58:22,003 - AdaPoinTr - INFO - 03046257	131	0.325 	14.405 	0.903 	0.000 	clock	
2025-07-21 10:58:22,003 - AdaPoinTr - INFO - 04225987	31	0.571 	9.136 	0.319 	0.000 	skateboard	
2025-07-21 10:58:22,003 - AdaPoinTr - INFO - 03797390	43	0.205 	18.049 	1.351 	0.000 	mug	
2025-07-21 10:58:22,003 - AdaPoinTr - INFO - 03001627	1356	0.385 	13.157 	0.790 	0.000 	chair	
2025-07-21 10:58:22,003 - AdaPoinTr - INFO - 03691459	320	0.267 	16.425 	1.177 	0.000 	loudspeaker	
2025-07-21 10:58:22,003 - AdaPoinTr - INFO - 02942699	23	0.257 	19.066 	1.759 	0.000 	camera	
2025-07-21 10:58:22,003 - AdaPoinTr - INFO - 03636649	464	0.557 	12.495 	1.145 	0.000 	lamp	
2025-07-21 10:58:22,003 - AdaPoinTr - INFO - 02691156	809	0.598 	9.033 	0.357 	0.000 	airplane	
2025-07-21 10:58:22,003 - AdaPoinTr - INFO - 02773838	17	0.369 	12.419 	0.585 	0.000 	bag	
2025-07-21 10:58:22,003 - AdaPoinTr - INFO - 02958343	703	0.231 	15.591 	0.867 	0.000 	car	
2025-07-21 10:58:22,003 - AdaPoinTr - INFO - 02880940	38	0.244 	15.379 	0.899 	0.000 	bowl	
2025-07-21 10:58:22,003 - AdaPoinTr - INFO - 04099429	17	0.743 	7.823 	0.329 	0.000 	rocket	
2025-07-21 10:58:22,003 - AdaPoinTr - INFO - 02828884	363	0.457 	10.868 	0.554 	0.000 	bench	
2025-07-21 10:58:22,003 - AdaPoinTr - INFO - 04090263	475	0.711 	8.222 	0.396 	0.000 	rifle	
2025-07-21 10:58:22,003 - AdaPoinTr - INFO - 03211117	219	0.367 	12.830 	0.708 	0.000 	display	
2025-07-21 10:58:22,003 - AdaPoinTr - INFO - 02876657	100	0.447 	11.521 	0.569 	0.000 	bottle	
2025-07-21 10:58:22,004 - AdaPoinTr - INFO - 03710193	19	0.548 	11.159 	0.637 	0.000 	mailbox	
2025-07-21 10:58:22,004 - AdaPoinTr - INFO - 03790512	68	0.268 	15.907 	1.007 	0.000 	motorbike	
2025-07-21 10:58:22,004 - AdaPoinTr - INFO - 03325088	149	0.479 	14.228 	1.347 	0.000 	faucet	
2025-07-21 10:58:22,004 - AdaPoinTr - INFO - 02801938	23	0.248 	14.726 	0.735 	0.000 	basket	
2025-07-21 10:58:22,004 - AdaPoinTr - INFO - 03337140	60	0.249 	16.200 	1.143 	0.000 	file cabinet	
2025-07-21 10:58:22,004 - AdaPoinTr - INFO - 02843684	15	0.249 	18.979 	1.808 	0.000 	birdhouse	
2025-07-21 10:58:22,004 - AdaPoinTr - INFO - 03624134	85	0.804 	6.879 	0.253 	0.000 	knife	
2025-07-21 10:58:22,004 - AdaPoinTr - INFO - 03991062	121	0.247 	18.390 	1.480 	0.000 	flowerpot	
2025-07-21 10:58:22,004 - AdaPoinTr - INFO - 03948459	62	0.485 	11.447 	0.596 	0.000 	pistol	
2025-07-21 10:58:22,004 - AdaPoinTr - INFO - 03928116	48	0.304 	15.216 	1.068 	0.000 	piano	
2025-07-21 10:58:22,004 - AdaPoinTr - INFO - 03207941	19	0.255 	14.983 	0.825 	0.000 	dishwasher	
2025-07-21 10:58:22,004 - AdaPoinTr - INFO - 04074963	14	0.489 	10.195 	0.399 	0.000 	remote	
2025-07-21 10:58:22,004 - AdaPoinTr - INFO - 03085013	13	0.464 	9.665 	0.319 	0.000 	keyboard	
2025-07-21 10:58:22,004 - AdaPoinTr - INFO - Overall		0.383 	13.534 	0.847 	0.000 	
2025-07-21 10:58:22,459 - AdaPoinTr - INFO - Save checkpoint at ./experiments/AdaPoinTr/ShapeNet55_models/AdaPoinTr/ckpt-best.pth
2025-07-21 10:58:22,864 - AdaPoinTr - INFO - Save checkpoint at ./experiments/AdaPoinTr/ShapeNet55_models/AdaPoinTr/ckpt-last.pth
2025-07-21 10:58:23,666 - AdaPoinTr - INFO - [Epoch 126/200][Batch 1/2622] BatchTime = 0.801 (s) DataTime = 0.091 (s) Losses = ['5.5000', '39.1843'] lr = 0.0000064
2025-07-21 10:59:35,513 - AdaPoinTr - INFO - [Epoch 126/200][Batch 101/2622] BatchTime = 0.718 (s) DataTime = 0.001 (s) Losses = ['5.2677', '37.0694'] lr = 0.0000064
2025-07-21 11:00:47,356 - AdaPoinTr - INFO - [Epoch 126/200][Batch 201/2622] BatchTime = 0.716 (s) DataTime = 0.001 (s) Losses = ['4.7841', '34.7242'] lr = 0.0000064
2025-07-21 11:01:59,173 - AdaPoinTr - INFO - [Epoch 126/200][Batch 301/2622] BatchTime = 0.712 (s) DataTime = 0.001 (s) Losses = ['4.8078', '35.3199'] lr = 0.0000064
2025-07-21 11:03:10,997 - AdaPoinTr - INFO - [Epoch 126/200][Batch 401/2622] BatchTime = 0.710 (s) DataTime = 0.001 (s) Losses = ['5.2079', '40.1882'] lr = 0.0000064
2025-07-21 11:04:22,793 - AdaPoinTr - INFO - [Epoch 126/200][Batch 501/2622] BatchTime = 0.703 (s) DataTime = 0.001 (s) Losses = ['5.2224', '40.6162'] lr = 0.0000064
2025-07-21 11:05:34,594 - AdaPoinTr - INFO - [Epoch 126/200][Batch 601/2622] BatchTime = 0.712 (s) DataTime = 0.001 (s) Losses = ['5.1053', '39.2825'] lr = 0.0000064
2025-07-21 11:06:46,358 - AdaPoinTr - INFO - [Epoch 126/200][Batch 701/2622] BatchTime = 0.715 (s) DataTime = 0.001 (s) Losses = ['4.9636', '37.7771'] lr = 0.0000064
2025-07-21 11:07:58,170 - AdaPoinTr - INFO - [Epoch 126/200][Batch 801/2622] BatchTime = 0.714 (s) DataTime = 0.001 (s) Losses = ['4.6042', '34.9831'] lr = 0.0000064
2025-07-21 11:09:09,997 - AdaPoinTr - INFO - [Epoch 126/200][Batch 901/2622] BatchTime = 0.714 (s) DataTime = 0.001 (s) Losses = ['5.1785', '44.7889'] lr = 0.0000064
2025-07-21 11:10:21,751 - AdaPoinTr - INFO - [Epoch 126/200][Batch 1001/2622] BatchTime = 0.711 (s) DataTime = 0.001 (s) Losses = ['4.4809', '34.7951'] lr = 0.0000064
2025-07-21 11:11:33,598 - AdaPoinTr - INFO - [Epoch 126/200][Batch 1101/2622] BatchTime = 0.714 (s) DataTime = 0.001 (s) Losses = ['5.2925', '40.8781'] lr = 0.0000064
2025-07-21 11:12:45,439 - AdaPoinTr - INFO - [Epoch 126/200][Batch 1201/2622] BatchTime = 0.713 (s) DataTime = 0.001 (s) Losses = ['6.0714', '47.7536'] lr = 0.0000064
2025-07-21 11:13:57,238 - AdaPoinTr - INFO - [Epoch 126/200][Batch 1301/2622] BatchTime = 0.710 (s) DataTime = 0.001 (s) Losses = ['5.1454', '36.6490'] lr = 0.0000064
2025-07-21 11:15:09,079 - AdaPoinTr - INFO - [Epoch 126/200][Batch 1401/2622] BatchTime = 0.709 (s) DataTime = 0.001 (s) Losses = ['5.3756', '44.6992'] lr = 0.0000064
2025-07-21 11:16:20,591 - AdaPoinTr - INFO - [Epoch 126/200][Batch 1501/2622] BatchTime = 0.709 (s) DataTime = 0.001 (s) Losses = ['4.8324', '38.2697'] lr = 0.0000064
2025-07-21 11:17:32,344 - AdaPoinTr - INFO - [Epoch 126/200][Batch 1601/2622] BatchTime = 0.708 (s) DataTime = 0.001 (s) Losses = ['5.6010', '39.4491'] lr = 0.0000064
2025-07-21 11:18:44,175 - AdaPoinTr - INFO - [Epoch 126/200][Batch 1701/2622] BatchTime = 0.715 (s) DataTime = 0.001 (s) Losses = ['5.2737', '38.4147'] lr = 0.0000064
2025-07-21 11:19:55,960 - AdaPoinTr - INFO - [Epoch 126/200][Batch 1801/2622] BatchTime = 0.716 (s) DataTime = 0.001 (s) Losses = ['5.0017', '38.7134'] lr = 0.0000064
2025-07-21 11:21:07,745 - AdaPoinTr - INFO - [Epoch 126/200][Batch 1901/2622] BatchTime = 0.715 (s) DataTime = 0.001 (s) Losses = ['5.8091', '43.6796'] lr = 0.0000064
2025-07-21 11:22:19,567 - AdaPoinTr - INFO - [Epoch 126/200][Batch 2001/2622] BatchTime = 0.715 (s) DataTime = 0.001 (s) Losses = ['5.5994', '40.7067'] lr = 0.0000064
2025-07-21 11:23:31,382 - AdaPoinTr - INFO - [Epoch 126/200][Batch 2101/2622] BatchTime = 0.716 (s) DataTime = 0.001 (s) Losses = ['4.7194', '35.3687'] lr = 0.0000064
2025-07-21 11:24:43,161 - AdaPoinTr - INFO - [Epoch 126/200][Batch 2201/2622] BatchTime = 0.707 (s) DataTime = 0.001 (s) Losses = ['5.2588', '40.8287'] lr = 0.0000064
2025-07-21 11:25:54,937 - AdaPoinTr - INFO - [Epoch 126/200][Batch 2301/2622] BatchTime = 0.706 (s) DataTime = 0.001 (s) Losses = ['5.3496', '39.7784'] lr = 0.0000064
2025-07-21 11:27:06,774 - AdaPoinTr - INFO - [Epoch 126/200][Batch 2401/2622] BatchTime = 0.707 (s) DataTime = 0.001 (s) Losses = ['4.8326', '36.8229'] lr = 0.0000064
2025-07-21 11:28:18,565 - AdaPoinTr - INFO - [Epoch 126/200][Batch 2501/2622] BatchTime = 0.708 (s) DataTime = 0.001 (s) Losses = ['4.8596', '36.0742'] lr = 0.0000064
2025-07-21 11:29:30,341 - AdaPoinTr - INFO - [Epoch 126/200][Batch 2601/2622] BatchTime = 0.708 (s) DataTime = 0.001 (s) Losses = ['4.6133', '36.0859'] lr = 0.0000064
2025-07-21 11:29:45,456 - AdaPoinTr - INFO - [Training] EPOCH: 126 EpochTime = 1882.590 (s) Losses = ['5.2022', '39.4854']
2025-07-21 11:29:45,918 - AdaPoinTr - INFO - Save checkpoint at ./experiments/AdaPoinTr/ShapeNet55_models/AdaPoinTr/ckpt-last.pth
2025-07-21 11:29:46,725 - AdaPoinTr - INFO - [Epoch 127/200][Batch 1/2622] BatchTime = 0.806 (s) DataTime = 0.091 (s) Losses = ['4.6370', '35.6034'] lr = 0.0000063
2025-07-21 11:30:58,504 - AdaPoinTr - INFO - [Epoch 127/200][Batch 101/2622] BatchTime = 0.717 (s) DataTime = 0.001 (s) Losses = ['5.0372', '38.0571'] lr = 0.0000063
2025-07-21 11:32:10,299 - AdaPoinTr - INFO - [Epoch 127/200][Batch 201/2622] BatchTime = 0.717 (s) DataTime = 0.001 (s) Losses = ['5.4883', '38.6987'] lr = 0.0000063
2025-07-21 11:33:22,090 - AdaPoinTr - INFO - [Epoch 127/200][Batch 301/2622] BatchTime = 0.716 (s) DataTime = 0.001 (s) Losses = ['4.9206', '37.3366'] lr = 0.0000063
2025-07-21 11:34:33,903 - AdaPoinTr - INFO - [Epoch 127/200][Batch 401/2622] BatchTime = 0.717 (s) DataTime = 0.001 (s) Losses = ['5.4059', '37.9812'] lr = 0.0000063
2025-07-21 11:35:45,706 - AdaPoinTr - INFO - [Epoch 127/200][Batch 501/2622] BatchTime = 0.715 (s) DataTime = 0.001 (s) Losses = ['5.3856', '39.8327'] lr = 0.0000063
2025-07-21 11:36:57,500 - AdaPoinTr - INFO - [Epoch 127/200][Batch 601/2622] BatchTime = 0.710 (s) DataTime = 0.001 (s) Losses = ['5.5344', '38.3674'] lr = 0.0000063
2025-07-21 11:38:09,277 - AdaPoinTr - INFO - [Epoch 127/200][Batch 701/2622] BatchTime = 0.705 (s) DataTime = 0.001 (s) Losses = ['5.7698', '41.5894'] lr = 0.0000063
2025-07-21 11:39:21,060 - AdaPoinTr - INFO - [Epoch 127/200][Batch 801/2622] BatchTime = 0.715 (s) DataTime = 0.001 (s) Losses = ['5.4906', '41.1151'] lr = 0.0000063
2025-07-21 11:40:32,830 - AdaPoinTr - INFO - [Epoch 127/200][Batch 901/2622] BatchTime = 0.712 (s) DataTime = 0.001 (s) Losses = ['4.8152', '38.9702'] lr = 0.0000063
2025-07-21 11:41:44,612 - AdaPoinTr - INFO - [Epoch 127/200][Batch 1001/2622] BatchTime = 0.716 (s) DataTime = 0.001 (s) Losses = ['5.0905', '41.0016'] lr = 0.0000063
2025-07-21 11:42:56,407 - AdaPoinTr - INFO - [Epoch 127/200][Batch 1101/2622] BatchTime = 0.715 (s) DataTime = 0.001 (s) Losses = ['5.6649', '40.7096'] lr = 0.0000063
2025-07-21 11:44:08,213 - AdaPoinTr - INFO - [Epoch 127/200][Batch 1201/2622] BatchTime = 0.710 (s) DataTime = 0.001 (s) Losses = ['5.4639', '40.4100'] lr = 0.0000063
2025-07-21 11:45:19,985 - AdaPoinTr - INFO - [Epoch 127/200][Batch 1301/2622] BatchTime = 0.706 (s) DataTime = 0.001 (s) Losses = ['4.8959', '39.3256'] lr = 0.0000063
2025-07-21 11:46:31,782 - AdaPoinTr - INFO - [Epoch 127/200][Batch 1401/2622] BatchTime = 0.706 (s) DataTime = 0.001 (s) Losses = ['5.4672', '42.2514'] lr = 0.0000063
2025-07-21 11:47:43,598 - AdaPoinTr - INFO - [Epoch 127/200][Batch 1501/2622] BatchTime = 0.710 (s) DataTime = 0.001 (s) Losses = ['5.0452', '38.8089'] lr = 0.0000063
2025-07-21 11:48:55,386 - AdaPoinTr - INFO - [Epoch 127/200][Batch 1601/2622] BatchTime = 0.721 (s) DataTime = 0.001 (s) Losses = ['5.3334', '44.1363'] lr = 0.0000063
2025-07-21 11:50:07,207 - AdaPoinTr - INFO - [Epoch 127/200][Batch 1701/2622] BatchTime = 0.719 (s) DataTime = 0.001 (s) Losses = ['5.3671', '42.4431'] lr = 0.0000063
2025-07-21 11:51:18,997 - AdaPoinTr - INFO - [Epoch 127/200][Batch 1801/2622] BatchTime = 0.715 (s) DataTime = 0.001 (s) Losses = ['4.9295', '35.2307'] lr = 0.0000063
2025-07-21 11:52:30,789 - AdaPoinTr - INFO - [Epoch 127/200][Batch 1901/2622] BatchTime = 0.716 (s) DataTime = 0.001 (s) Losses = ['4.3848', '33.0024'] lr = 0.0000063
2025-07-21 11:53:42,578 - AdaPoinTr - INFO - [Epoch 127/200][Batch 2001/2622] BatchTime = 0.713 (s) DataTime = 0.001 (s) Losses = ['5.3101', '42.2726'] lr = 0.0000063
2025-07-21 11:54:54,402 - AdaPoinTr - INFO - [Epoch 127/200][Batch 2101/2622] BatchTime = 0.716 (s) DataTime = 0.001 (s) Losses = ['5.5517', '43.7073'] lr = 0.0000063
2025-07-21 11:56:06,245 - AdaPoinTr - INFO - [Epoch 127/200][Batch 2201/2622] BatchTime = 0.708 (s) DataTime = 0.001 (s) Losses = ['4.9165', '37.5026'] lr = 0.0000063
2025-07-21 11:57:18,068 - AdaPoinTr - INFO - [Epoch 127/200][Batch 2301/2622] BatchTime = 0.707 (s) DataTime = 0.001 (s) Losses = ['5.5492', '41.7311'] lr = 0.0000063
2025-07-21 11:58:29,887 - AdaPoinTr - INFO - [Epoch 127/200][Batch 2401/2622] BatchTime = 0.704 (s) DataTime = 0.001 (s) Losses = ['5.1790', '38.3311'] lr = 0.0000063
2025-07-21 11:59:41,694 - AdaPoinTr - INFO - [Epoch 127/200][Batch 2501/2622] BatchTime = 0.714 (s) DataTime = 0.001 (s) Losses = ['5.7624', '44.2127'] lr = 0.0000063
2025-07-21 12:00:53,552 - AdaPoinTr - INFO - [Epoch 127/200][Batch 2601/2622] BatchTime = 0.714 (s) DataTime = 0.001 (s) Losses = ['5.4180', '39.9283'] lr = 0.0000063
2025-07-21 12:01:08,673 - AdaPoinTr - INFO - [Training] EPOCH: 127 EpochTime = 1882.754 (s) Losses = ['5.2053', '39.4990']
2025-07-21 12:01:09,129 - AdaPoinTr - INFO - Save checkpoint at ./experiments/AdaPoinTr/ShapeNet55_models/AdaPoinTr/ckpt-last.pth
2025-07-21 12:01:09,932 - AdaPoinTr - INFO - [Epoch 128/200][Batch 1/2622] BatchTime = 0.801 (s) DataTime = 0.089 (s) Losses = ['4.8053', '37.0309'] lr = 0.0000062
2025-07-21 12:02:21,719 - AdaPoinTr - INFO - [Epoch 128/200][Batch 101/2622] BatchTime = 0.715 (s) DataTime = 0.001 (s) Losses = ['4.8518', '36.8071'] lr = 0.0000062
2025-07-21 12:03:33,543 - AdaPoinTr - INFO - [Epoch 128/200][Batch 201/2622] BatchTime = 0.717 (s) DataTime = 0.001 (s) Losses = ['5.2883', '40.0571'] lr = 0.0000062
2025-07-21 12:04:45,355 - AdaPoinTr - INFO - [Epoch 128/200][Batch 301/2622] BatchTime = 0.716 (s) DataTime = 0.001 (s) Losses = ['5.5034', '41.2468'] lr = 0.0000062
2025-07-21 12:05:56,824 - AdaPoinTr - INFO - [Epoch 128/200][Batch 401/2622] BatchTime = 0.709 (s) DataTime = 0.001 (s) Losses = ['4.5652', '35.1678'] lr = 0.0000062
2025-07-21 12:07:08,616 - AdaPoinTr - INFO - [Epoch 128/200][Batch 501/2622] BatchTime = 0.706 (s) DataTime = 0.001 (s) Losses = ['5.2289', '42.1007'] lr = 0.0000062
2025-07-21 12:08:20,433 - AdaPoinTr - INFO - [Epoch 128/200][Batch 601/2622] BatchTime = 0.706 (s) DataTime = 0.001 (s) Losses = ['5.6175', '45.5628'] lr = 0.0000062
2025-07-21 12:09:32,229 - AdaPoinTr - INFO - [Epoch 128/200][Batch 701/2622] BatchTime = 0.708 (s) DataTime = 0.001 (s) Losses = ['4.9870', '39.7037'] lr = 0.0000062
2025-07-21 12:10:44,021 - AdaPoinTr - INFO - [Epoch 128/200][Batch 801/2622] BatchTime = 0.714 (s) DataTime = 0.001 (s) Losses = ['5.5388', '38.0986'] lr = 0.0000062
2025-07-21 12:11:55,811 - AdaPoinTr - INFO - [Epoch 128/200][Batch 901/2622] BatchTime = 0.715 (s) DataTime = 0.001 (s) Losses = ['5.0909', '37.1597'] lr = 0.0000062
2025-07-21 12:13:07,597 - AdaPoinTr - INFO - [Epoch 128/200][Batch 1001/2622] BatchTime = 0.715 (s) DataTime = 0.001 (s) Losses = ['5.0624', '38.1110'] lr = 0.0000062
2025-07-21 12:14:19,392 - AdaPoinTr - INFO - [Epoch 128/200][Batch 1101/2622] BatchTime = 0.719 (s) DataTime = 0.001 (s) Losses = ['5.3681', '48.2625'] lr = 0.0000062
2025-07-21 12:15:31,190 - AdaPoinTr - INFO - [Epoch 128/200][Batch 1201/2622] BatchTime = 0.714 (s) DataTime = 0.001 (s) Losses = ['5.8359', '40.9121'] lr = 0.0000062
2025-07-21 12:16:42,973 - AdaPoinTr - INFO - [Epoch 128/200][Batch 1301/2622] BatchTime = 0.708 (s) DataTime = 0.001 (s) Losses = ['4.7474', '35.9125'] lr = 0.0000062
2025-07-21 12:17:54,832 - AdaPoinTr - INFO - [Epoch 128/200][Batch 1401/2622] BatchTime = 0.712 (s) DataTime = 0.001 (s) Losses = ['4.9100', '40.1771'] lr = 0.0000062
2025-07-21 12:19:06,659 - AdaPoinTr - INFO - [Epoch 128/200][Batch 1501/2622] BatchTime = 0.708 (s) DataTime = 0.001 (s) Losses = ['5.9446', '45.5854'] lr = 0.0000062
2025-07-21 12:20:18,454 - AdaPoinTr - INFO - [Epoch 128/200][Batch 1601/2622] BatchTime = 0.705 (s) DataTime = 0.001 (s) Losses = ['5.4179', '41.5198'] lr = 0.0000062
2025-07-21 12:21:30,252 - AdaPoinTr - INFO - [Epoch 128/200][Batch 1701/2622] BatchTime = 0.712 (s) DataTime = 0.001 (s) Losses = ['5.3065', '44.3005'] lr = 0.0000062
2025-07-21 12:22:42,059 - AdaPoinTr - INFO - [Epoch 128/200][Batch 1801/2622] BatchTime = 0.718 (s) DataTime = 0.001 (s) Losses = ['4.9326', '37.7770'] lr = 0.0000062
2025-07-21 12:23:53,851 - AdaPoinTr - INFO - [Epoch 128/200][Batch 1901/2622] BatchTime = 0.714 (s) DataTime = 0.001 (s) Losses = ['5.5094', '39.0633'] lr = 0.0000062
2025-07-21 12:25:05,626 - AdaPoinTr - INFO - [Epoch 128/200][Batch 2001/2622] BatchTime = 0.715 (s) DataTime = 0.001 (s) Losses = ['5.9199', '44.0511'] lr = 0.0000062
2025-07-21 12:26:17,431 - AdaPoinTr - INFO - [Epoch 128/200][Batch 2101/2622] BatchTime = 0.713 (s) DataTime = 0.001 (s) Losses = ['5.6110', '45.1162'] lr = 0.0000062
2025-07-21 12:27:29,245 - AdaPoinTr - INFO - [Epoch 128/200][Batch 2201/2622] BatchTime = 0.710 (s) DataTime = 0.001 (s) Losses = ['5.0742', '39.0639'] lr = 0.0000062
2025-07-21 12:28:41,067 - AdaPoinTr - INFO - [Epoch 128/200][Batch 2301/2622] BatchTime = 0.706 (s) DataTime = 0.001 (s) Losses = ['4.5593', '36.7123'] lr = 0.0000062
2025-07-21 12:29:52,900 - AdaPoinTr - INFO - [Epoch 128/200][Batch 2401/2622] BatchTime = 0.707 (s) DataTime = 0.001 (s) Losses = ['5.1581', '37.6939'] lr = 0.0000062
2025-07-21 12:31:04,748 - AdaPoinTr - INFO - [Epoch 128/200][Batch 2501/2622] BatchTime = 0.709 (s) DataTime = 0.001 (s) Losses = ['5.5064', '39.3313'] lr = 0.0000062
2025-07-21 12:32:16,536 - AdaPoinTr - INFO - [Epoch 128/200][Batch 2601/2622] BatchTime = 0.708 (s) DataTime = 0.001 (s) Losses = ['5.0140', '37.3541'] lr = 0.0000062
2025-07-21 12:32:31,680 - AdaPoinTr - INFO - [Training] EPOCH: 128 EpochTime = 1882.549 (s) Losses = ['5.1956', '39.4910']
2025-07-21 12:32:32,138 - AdaPoinTr - INFO - Save checkpoint at ./experiments/AdaPoinTr/ShapeNet55_models/AdaPoinTr/ckpt-last.pth
2025-07-21 12:32:32,942 - AdaPoinTr - INFO - [Epoch 129/200][Batch 1/2622] BatchTime = 0.803 (s) DataTime = 0.090 (s) Losses = ['5.0802', '38.4976'] lr = 0.0000060
2025-07-21 12:33:44,746 - AdaPoinTr - INFO - [Epoch 129/200][Batch 101/2622] BatchTime = 0.711 (s) DataTime = 0.001 (s) Losses = ['5.1441', '41.5053'] lr = 0.0000060
2025-07-21 12:34:56,560 - AdaPoinTr - INFO - [Epoch 129/200][Batch 201/2622] BatchTime = 0.713 (s) DataTime = 0.001 (s) Losses = ['4.8233', '35.6726'] lr = 0.0000060
2025-07-21 12:36:08,400 - AdaPoinTr - INFO - [Epoch 129/200][Batch 301/2622] BatchTime = 0.717 (s) DataTime = 0.001 (s) Losses = ['4.6554', '36.7599'] lr = 0.0000060
2025-07-21 12:37:20,203 - AdaPoinTr - INFO - [Epoch 129/200][Batch 401/2622] BatchTime = 0.719 (s) DataTime = 0.001 (s) Losses = ['4.9960', '36.7096'] lr = 0.0000060
2025-07-21 12:38:31,946 - AdaPoinTr - INFO - [Epoch 129/200][Batch 501/2622] BatchTime = 0.710 (s) DataTime = 0.001 (s) Losses = ['4.7924', '37.6999'] lr = 0.0000060
2025-07-21 12:39:43,771 - AdaPoinTr - INFO - [Epoch 129/200][Batch 601/2622] BatchTime = 0.708 (s) DataTime = 0.001 (s) Losses = ['4.7955', '36.7142'] lr = 0.0000060
2025-07-21 12:40:55,576 - AdaPoinTr - INFO - [Epoch 129/200][Batch 701/2622] BatchTime = 0.709 (s) DataTime = 0.001 (s) Losses = ['4.9421', '37.7994'] lr = 0.0000060
2025-07-21 12:42:07,374 - AdaPoinTr - INFO - [Epoch 129/200][Batch 801/2622] BatchTime = 0.705 (s) DataTime = 0.001 (s) Losses = ['5.2991', '37.0702'] lr = 0.0000060
2025-07-21 12:43:19,195 - AdaPoinTr - INFO - [Epoch 129/200][Batch 901/2622] BatchTime = 0.706 (s) DataTime = 0.001 (s) Losses = ['5.1226', '39.4404'] lr = 0.0000060
2025-07-21 12:44:31,046 - AdaPoinTr - INFO - [Epoch 129/200][Batch 1001/2622] BatchTime = 0.707 (s) DataTime = 0.001 (s) Losses = ['5.6304', '42.0698'] lr = 0.0000060
2025-07-21 12:45:42,885 - AdaPoinTr - INFO - [Epoch 129/200][Batch 1101/2622] BatchTime = 0.707 (s) DataTime = 0.001 (s) Losses = ['5.4164', '41.8974'] lr = 0.0000060
2025-07-21 12:46:54,685 - AdaPoinTr - INFO - [Epoch 129/200][Batch 1201/2622] BatchTime = 0.711 (s) DataTime = 0.001 (s) Losses = ['5.3982', '40.7557'] lr = 0.0000060
2025-07-21 12:48:06,479 - AdaPoinTr - INFO - [Epoch 129/200][Batch 1301/2622] BatchTime = 0.717 (s) DataTime = 0.001 (s) Losses = ['4.8851', '38.2086'] lr = 0.0000060
2025-07-21 12:49:18,265 - AdaPoinTr - INFO - [Epoch 129/200][Batch 1401/2622] BatchTime = 0.716 (s) DataTime = 0.001 (s) Losses = ['4.8150', '35.9275'] lr = 0.0000060
2025-07-21 12:50:30,082 - AdaPoinTr - INFO - [Epoch 129/200][Batch 1501/2622] BatchTime = 0.719 (s) DataTime = 0.001 (s) Losses = ['6.1396', '40.9646'] lr = 0.0000060
2025-07-21 12:51:41,919 - AdaPoinTr - INFO - [Epoch 129/200][Batch 1601/2622] BatchTime = 0.712 (s) DataTime = 0.001 (s) Losses = ['5.4336', '40.7690'] lr = 0.0000060
2025-07-21 12:52:53,727 - AdaPoinTr - INFO - [Epoch 129/200][Batch 1701/2622] BatchTime = 0.710 (s) DataTime = 0.001 (s) Losses = ['5.1812', '42.0878'] lr = 0.0000060
2025-07-21 12:54:05,547 - AdaPoinTr - INFO - [Epoch 129/200][Batch 1801/2622] BatchTime = 0.710 (s) DataTime = 0.001 (s) Losses = ['5.1049', '36.3109'] lr = 0.0000060
2025-07-21 12:55:11,543 - AdaPoinTr - INFO - [Epoch 129/200][Batch 1901/2622] BatchTime = 0.508 (s) DataTime = 0.001 (s) Losses = ['4.6442', '35.3972'] lr = 0.0000060
2025-07-21 12:56:03,114 - AdaPoinTr - INFO - [Epoch 129/200][Batch 2001/2622] BatchTime = 0.514 (s) DataTime = 0.001 (s) Losses = ['4.3153', '33.6279'] lr = 0.0000060
2025-07-21 12:56:54,670 - AdaPoinTr - INFO - [Epoch 129/200][Batch 2101/2622] BatchTime = 0.510 (s) DataTime = 0.001 (s) Losses = ['5.0050', '36.4239'] lr = 0.0000060
2025-07-21 12:57:46,274 - AdaPoinTr - INFO - [Epoch 129/200][Batch 2201/2622] BatchTime = 0.515 (s) DataTime = 0.001 (s) Losses = ['4.3456', '32.9990'] lr = 0.0000060
2025-07-21 12:58:37,827 - AdaPoinTr - INFO - [Epoch 129/200][Batch 2301/2622] BatchTime = 0.512 (s) DataTime = 0.001 (s) Losses = ['6.0888', '44.5495'] lr = 0.0000060
2025-07-21 12:59:29,414 - AdaPoinTr - INFO - [Epoch 129/200][Batch 2401/2622] BatchTime = 0.512 (s) DataTime = 0.001 (s) Losses = ['5.6576', '42.2350'] lr = 0.0000060
2025-07-21 13:00:20,987 - AdaPoinTr - INFO - [Epoch 129/200][Batch 2501/2622] BatchTime = 0.512 (s) DataTime = 0.001 (s) Losses = ['5.4528', '42.1449'] lr = 0.0000060
2025-07-21 13:01:12,538 - AdaPoinTr - INFO - [Epoch 129/200][Batch 2601/2622] BatchTime = 0.513 (s) DataTime = 0.001 (s) Losses = ['4.5938', '35.0909'] lr = 0.0000060
2025-07-21 13:01:23,412 - AdaPoinTr - INFO - [Training] EPOCH: 129 EpochTime = 1731.273 (s) Losses = ['5.1896', '39.4548']
2025-07-21 13:01:23,874 - AdaPoinTr - INFO - Save checkpoint at ./experiments/AdaPoinTr/ShapeNet55_models/AdaPoinTr/ckpt-last.pth
2025-07-21 13:01:24,503 - AdaPoinTr - INFO - [Epoch 130/200][Batch 1/2622] BatchTime = 0.628 (s) DataTime = 0.105 (s) Losses = ['5.3062', '43.2328'] lr = 0.0000059
2025-07-21 13:02:16,050 - AdaPoinTr - INFO - [Epoch 130/200][Batch 101/2622] BatchTime = 0.508 (s) DataTime = 0.001 (s) Losses = ['4.8502', '36.5384'] lr = 0.0000059
2025-07-21 13:03:07,608 - AdaPoinTr - INFO - [Epoch 130/200][Batch 201/2622] BatchTime = 0.514 (s) DataTime = 0.001 (s) Losses = ['6.2920', '43.9373'] lr = 0.0000059
2025-07-21 13:03:59,203 - AdaPoinTr - INFO - [Epoch 130/200][Batch 301/2622] BatchTime = 0.508 (s) DataTime = 0.001 (s) Losses = ['5.6665', '40.4153'] lr = 0.0000059
2025-07-21 13:04:50,753 - AdaPoinTr - INFO - [Epoch 130/200][Batch 401/2622] BatchTime = 0.512 (s) DataTime = 0.001 (s) Losses = ['4.9765', '37.5262'] lr = 0.0000059
2025-07-21 13:05:42,311 - AdaPoinTr - INFO - [Epoch 130/200][Batch 501/2622] BatchTime = 0.513 (s) DataTime = 0.001 (s) Losses = ['5.8325', '43.5550'] lr = 0.0000059
2025-07-21 13:06:41,049 - AdaPoinTr - INFO - [Epoch 130/200][Batch 601/2622] BatchTime = 0.719 (s) DataTime = 0.001 (s) Losses = ['5.6566', '41.7138'] lr = 0.0000059
2025-07-21 13:07:52,841 - AdaPoinTr - INFO - [Epoch 130/200][Batch 701/2622] BatchTime = 0.718 (s) DataTime = 0.001 (s) Losses = ['5.0239', '38.9758'] lr = 0.0000059
2025-07-21 13:09:04,690 - AdaPoinTr - INFO - [Epoch 130/200][Batch 801/2622] BatchTime = 0.714 (s) DataTime = 0.001 (s) Losses = ['4.7980', '36.9066'] lr = 0.0000059
2025-07-21 13:10:16,523 - AdaPoinTr - INFO - [Epoch 130/200][Batch 901/2622] BatchTime = 0.717 (s) DataTime = 0.001 (s) Losses = ['4.5919', '40.3340'] lr = 0.0000059
2025-07-21 13:11:28,343 - AdaPoinTr - INFO - [Epoch 130/200][Batch 1001/2622] BatchTime = 0.713 (s) DataTime = 0.001 (s) Losses = ['5.3505', '39.4289'] lr = 0.0000059
2025-07-21 13:12:40,128 - AdaPoinTr - INFO - [Epoch 130/200][Batch 1101/2622] BatchTime = 0.713 (s) DataTime = 0.001 (s) Losses = ['5.4014', '39.7101'] lr = 0.0000059
2025-07-21 13:13:51,930 - AdaPoinTr - INFO - [Epoch 130/200][Batch 1201/2622] BatchTime = 0.715 (s) DataTime = 0.001 (s) Losses = ['5.3415', '37.6133'] lr = 0.0000059
2025-07-21 13:15:03,724 - AdaPoinTr - INFO - [Epoch 130/200][Batch 1301/2622] BatchTime = 0.709 (s) DataTime = 0.001 (s) Losses = ['4.3646', '33.1104'] lr = 0.0000059
2025-07-21 13:16:15,545 - AdaPoinTr - INFO - [Epoch 130/200][Batch 1401/2622] BatchTime = 0.703 (s) DataTime = 0.001 (s) Losses = ['5.6780', '41.7247'] lr = 0.0000059
2025-07-21 13:17:27,309 - AdaPoinTr - INFO - [Epoch 130/200][Batch 1501/2622] BatchTime = 0.708 (s) DataTime = 0.001 (s) Losses = ['5.0274', '38.1575'] lr = 0.0000059
2025-07-21 13:18:39,121 - AdaPoinTr - INFO - [Epoch 130/200][Batch 1601/2622] BatchTime = 0.708 (s) DataTime = 0.001 (s) Losses = ['4.7173', '36.5628'] lr = 0.0000059
2025-07-21 13:19:50,884 - AdaPoinTr - INFO - [Epoch 130/200][Batch 1701/2622] BatchTime = 0.718 (s) DataTime = 0.001 (s) Losses = ['4.6164', '33.0313'] lr = 0.0000059
2025-07-21 13:21:02,623 - AdaPoinTr - INFO - [Epoch 130/200][Batch 1801/2622] BatchTime = 0.714 (s) DataTime = 0.001 (s) Losses = ['4.3069', '30.5389'] lr = 0.0000059
2025-07-21 13:22:14,416 - AdaPoinTr - INFO - [Epoch 130/200][Batch 1901/2622] BatchTime = 0.710 (s) DataTime = 0.001 (s) Losses = ['4.8880', '35.6402'] lr = 0.0000059
2025-07-21 13:23:26,211 - AdaPoinTr - INFO - [Epoch 130/200][Batch 2001/2622] BatchTime = 0.708 (s) DataTime = 0.001 (s) Losses = ['4.3072', '38.0905'] lr = 0.0000059
2025-07-21 13:24:38,036 - AdaPoinTr - INFO - [Epoch 130/200][Batch 2101/2622] BatchTime = 0.702 (s) DataTime = 0.001 (s) Losses = ['5.2796', '39.4387'] lr = 0.0000059
2025-07-21 13:25:49,902 - AdaPoinTr - INFO - [Epoch 130/200][Batch 2201/2622] BatchTime = 0.706 (s) DataTime = 0.001 (s) Losses = ['4.7054', '35.4323'] lr = 0.0000059
2025-07-21 13:27:01,724 - AdaPoinTr - INFO - [Epoch 130/200][Batch 2301/2622] BatchTime = 0.705 (s) DataTime = 0.001 (s) Losses = ['5.0132', '36.5406'] lr = 0.0000059
2025-07-21 13:28:13,546 - AdaPoinTr - INFO - [Epoch 130/200][Batch 2401/2622] BatchTime = 0.714 (s) DataTime = 0.001 (s) Losses = ['5.1848', '39.8085'] lr = 0.0000059
2025-07-21 13:29:25,359 - AdaPoinTr - INFO - [Epoch 130/200][Batch 2501/2622] BatchTime = 0.715 (s) DataTime = 0.001 (s) Losses = ['4.7226', '40.6648'] lr = 0.0000059
2025-07-21 13:30:37,141 - AdaPoinTr - INFO - [Epoch 130/200][Batch 2601/2622] BatchTime = 0.717 (s) DataTime = 0.001 (s) Losses = ['4.9939', '37.4115'] lr = 0.0000059
2025-07-21 13:30:52,236 - AdaPoinTr - INFO - [Training] EPOCH: 130 EpochTime = 1768.360 (s) Losses = ['5.1850', '39.4659']
2025-07-21 13:30:52,236 - AdaPoinTr - INFO - [VALIDATION] Start validating epoch 130
2025-07-21 13:31:59,339 - AdaPoinTr - INFO - Test[1051/10518] Taxonomy = 02691156 Sample = c7749c0a8b61f43bc9b9e28055202e3d Losses = ['19.8888', '1.5558', '8.2581', '0.2128'] Metrics = ['0.6031', '8.2581', '0.2128', '0.0000']
2025-07-21 13:33:06,299 - AdaPoinTr - INFO - Test[2102/10518] Taxonomy = 03211117 Sample = ab2f9418c111cc6ddb965514105122a4 Losses = ['20.4912', '1.4444', '7.3746', '0.1809'] Metrics = ['0.6588', '7.3746', '0.1809', '0.0000']
2025-07-21 13:34:13,288 - AdaPoinTr - INFO - Test[3153/10518] Taxonomy = 02876657 Sample = c5032e4be091aabb36fe7a88df793982 Losses = ['43.3446', '8.2051', '17.6744', '1.6511'] Metrics = ['0.3233', '17.6744', '1.6511', '0.0000']
2025-07-21 13:35:20,215 - AdaPoinTr - INFO - Test[4204/10518] Taxonomy = 03211117 Sample = 722df1da5778d45b1e43523279c7f09f Losses = ['30.4154', '3.4150', '10.6335', '0.4008'] Metrics = ['0.4386', '10.6335', '0.4008', '0.0000']
2025-07-21 13:36:27,117 - AdaPoinTr - INFO - Test[5255/10518] Taxonomy = 02828884 Sample = 14b63361a48a9fffe4a048c146e8bd43 Losses = ['29.6175', '3.4362', '11.4396', '0.5550'] Metrics = ['0.4510', '11.4396', '0.5550', '0.0000']
2025-07-21 13:37:34,069 - AdaPoinTr - INFO - Test[6306/10518] Taxonomy = 03211117 Sample = d330d50a0255529d19ed6e1a590c9122 Losses = ['27.6875', '3.7322', '10.3662', '0.4636'] Metrics = ['0.4889', '10.3662', '0.4636', '0.0000']
2025-07-21 13:38:41,006 - AdaPoinTr - INFO - Test[7357/10518] Taxonomy = 04379243 Sample = b1ca280d9567270ade98d10ab5975b59 Losses = ['31.2183', '4.1235', '14.5807', '0.7604'] Metrics = ['0.2858', '14.5807', '0.7604', '0.0000']
2025-07-21 13:39:48,003 - AdaPoinTr - INFO - Test[8408/10518] Taxonomy = 03001627 Sample = 89208a619341d9fdb8c516ed5c4ce32 Losses = ['28.0562', '2.7349', '12.4552', '0.4902'] Metrics = ['0.3210', '12.4552', '0.4902', '0.0000']
2025-07-21 13:40:54,965 - AdaPoinTr - INFO - Test[9459/10518] Taxonomy = 03001627 Sample = d0255120e3351121c3bd24f986301745 Losses = ['39.5041', '6.1133', '23.0349', '2.4576'] Metrics = ['0.1934', '23.0349', '2.4576', '0.0000']
2025-07-21 13:42:01,894 - AdaPoinTr - INFO - Test[10510/10518] Taxonomy = 03636649 Sample = ea9ec4d9db2e06202471e6dd5ac3ef92 Losses = ['22.4122', '2.5675', '12.4114', '1.1099'] Metrics = ['0.6832', '12.4114', '1.1099', '0.0000']
2025-07-21 13:42:02,434 - AdaPoinTr - INFO - [Validation] EPOCH: 130  Metrics = ['0.3821', '13.6204', '0.8832', '0.0000']
2025-07-21 13:42:02,434 - AdaPoinTr - INFO - ============================ TEST RESULTS ============================
2025-07-21 13:42:02,434 - AdaPoinTr - INFO - Taxonomy	#Sample	F-Score	CDL1	CDL2	EMDistance	#ModelName	
2025-07-21 13:42:02,434 - AdaPoinTr - INFO - 03759954	14	0.557 	14.213 	1.969 	0.000 	microphone	
2025-07-21 13:42:02,434 - AdaPoinTr - INFO - 04330267	44	0.300 	15.470 	1.087 	0.000 	stove	
2025-07-21 13:42:02,434 - AdaPoinTr - INFO - 03261776	15	0.326 	17.137 	1.636 	0.000 	earphone	
2025-07-21 13:42:02,434 - AdaPoinTr - INFO - 03513137	33	0.227 	18.780 	1.739 	0.000 	helmet	
2025-07-21 13:42:02,434 - AdaPoinTr - INFO - 04460130	27	0.446 	12.669 	0.686 	0.000 	tower	
2025-07-21 13:42:02,434 - AdaPoinTr - INFO - 04468005	78	0.403 	12.446 	0.683 	0.000 	train	
2025-07-21 13:42:02,434 - AdaPoinTr - INFO - 03761084	31	0.250 	15.760 	0.986 	0.000 	microwaves	
2025-07-21 13:42:02,434 - AdaPoinTr - INFO - 04004475	34	0.284 	15.513 	1.010 	0.000 	printer	
2025-07-21 13:42:02,434 - AdaPoinTr - INFO - 03938244	20	0.313 	14.055 	0.771 	0.000 	pillow	
2025-07-21 13:42:02,434 - AdaPoinTr - INFO - 02992529	167	0.436 	10.587 	0.394 	0.000 	cellphone	
2025-07-21 13:42:02,434 - AdaPoinTr - INFO - 02808440	172	0.304 	14.406 	0.901 	0.000 	bathtub	
2025-07-21 13:42:02,434 - AdaPoinTr - INFO - 04530566	388	0.520 	10.874 	0.576 	0.000 	watercraft	
2025-07-21 13:42:02,434 - AdaPoinTr - INFO - 02871439	91	0.263 	15.790 	1.060 	0.000 	bookshelf	
2025-07-21 13:42:02,434 - AdaPoinTr - INFO - 03593526	120	0.282 	16.593 	1.309 	0.000 	jar	
2025-07-21 13:42:02,434 - AdaPoinTr - INFO - 04554684	34	0.242 	16.318 	1.009 	0.000 	washer	
2025-07-21 13:42:02,434 - AdaPoinTr - INFO - 03467517	160	0.831 	6.358 	0.194 	0.000 	guitar	
2025-07-21 13:42:02,435 - AdaPoinTr - INFO - 04401088	218	0.438 	10.479 	0.392 	0.000 	telephone	
2025-07-21 13:42:02,435 - AdaPoinTr - INFO - 02954340	12	0.324 	13.833 	0.799 	0.000 	cap	
2025-07-21 13:42:02,435 - AdaPoinTr - INFO - 02933112	315	0.250 	14.807 	0.799 	0.000 	cabinet	
2025-07-21 13:42:02,435 - AdaPoinTr - INFO - 03642806	92	0.394 	11.014 	0.429 	0.000 	laptop	
2025-07-21 13:42:02,435 - AdaPoinTr - INFO - 02924116	188	0.375 	12.153 	0.558 	0.000 	bus	
2025-07-21 13:42:02,435 - AdaPoinTr - INFO - 02946921	22	0.267 	15.134 	0.953 	0.000 	can	
2025-07-21 13:42:02,435 - AdaPoinTr - INFO - 02818832	47	0.298 	15.702 	1.114 	0.000 	bed	
2025-07-21 13:42:02,435 - AdaPoinTr - INFO - 04256520	635	0.313 	13.788 	0.724 	0.000 	sofa	
2025-07-21 13:42:02,435 - AdaPoinTr - INFO - 04379243	1687	0.399 	12.317 	0.723 	0.000 	table	
2025-07-21 13:42:02,435 - AdaPoinTr - INFO - 02747177	69	0.202 	17.268 	1.275 	0.000 	trash bin	
2025-07-21 13:42:02,435 - AdaPoinTr - INFO - 03046257	131	0.327 	14.033 	0.829 	0.000 	clock	
2025-07-21 13:42:02,435 - AdaPoinTr - INFO - 04225987	31	0.569 	9.020 	0.299 	0.000 	skateboard	
2025-07-21 13:42:02,435 - AdaPoinTr - INFO - 03797390	43	0.206 	17.724 	1.249 	0.000 	mug	
2025-07-21 13:42:02,435 - AdaPoinTr - INFO - 03001627	1356	0.387 	13.073 	0.781 	0.000 	chair	
2025-07-21 13:42:02,435 - AdaPoinTr - INFO - 03691459	320	0.266 	16.541 	1.231 	0.000 	loudspeaker	
2025-07-21 13:42:02,435 - AdaPoinTr - INFO - 02942699	23	0.249 	19.695 	2.075 	0.000 	camera	
2025-07-21 13:42:02,435 - AdaPoinTr - INFO - 03636649	464	0.561 	12.092 	1.033 	0.000 	lamp	
2025-07-21 13:42:02,435 - AdaPoinTr - INFO - 02691156	809	0.598 	9.094 	0.381 	0.000 	airplane	
2025-07-21 13:42:02,435 - AdaPoinTr - INFO - 02773838	17	0.364 	13.065 	0.725 	0.000 	bag	
2025-07-21 13:42:02,435 - AdaPoinTr - INFO - 02958343	703	0.230 	15.633 	0.871 	0.000 	car	
2025-07-21 13:42:02,435 - AdaPoinTr - INFO - 02880940	38	0.245 	15.113 	0.816 	0.000 	bowl	
2025-07-21 13:42:02,435 - AdaPoinTr - INFO - 04099429	17	0.728 	8.629 	0.536 	0.000 	rocket	
2025-07-21 13:42:02,435 - AdaPoinTr - INFO - 02828884	363	0.455 	10.919 	0.556 	0.000 	bench	
2025-07-21 13:42:02,435 - AdaPoinTr - INFO - 04090263	475	0.710 	8.200 	0.379 	0.000 	rifle	
2025-07-21 13:42:02,435 - AdaPoinTr - INFO - 03211117	219	0.368 	12.731 	0.690 	0.000 	display	
2025-07-21 13:42:02,435 - AdaPoinTr - INFO - 02876657	100	0.446 	12.348 	0.793 	0.000 	bottle	
2025-07-21 13:42:02,435 - AdaPoinTr - INFO - 03710193	19	0.564 	10.930 	0.752 	0.000 	mailbox	
2025-07-21 13:42:02,435 - AdaPoinTr - INFO - 03790512	68	0.263 	16.310 	1.076 	0.000 	motorbike	
2025-07-21 13:42:02,435 - AdaPoinTr - INFO - 03325088	149	0.484 	13.443 	1.094 	0.000 	faucet	
2025-07-21 13:42:02,435 - AdaPoinTr - INFO - 02801938	23	0.242 	15.180 	0.832 	0.000 	basket	
2025-07-21 13:42:02,435 - AdaPoinTr - INFO - 03337140	60	0.250 	15.866 	1.017 	0.000 	file cabinet	
2025-07-21 13:42:02,435 - AdaPoinTr - INFO - 02843684	15	0.235 	19.629 	1.931 	0.000 	birdhouse	
2025-07-21 13:42:02,435 - AdaPoinTr - INFO - 03624134	85	0.789 	7.027 	0.276 	0.000 	knife	
2025-07-21 13:42:02,435 - AdaPoinTr - INFO - 03991062	121	0.249 	17.985 	1.426 	0.000 	flowerpot	
2025-07-21 13:42:02,435 - AdaPoinTr - INFO - 03948459	62	0.482 	11.429 	0.584 	0.000 	pistol	
2025-07-21 13:42:02,435 - AdaPoinTr - INFO - 03928116	48	0.302 	14.914 	0.940 	0.000 	piano	
2025-07-21 13:42:02,435 - AdaPoinTr - INFO - 03207941	19	0.253 	15.046 	0.883 	0.000 	dishwasher	
2025-07-21 13:42:02,435 - AdaPoinTr - INFO - 04074963	14	0.483 	10.158 	0.389 	0.000 	remote	
2025-07-21 13:42:02,435 - AdaPoinTr - INFO - 03085013	13	0.462 	9.829 	0.354 	0.000 	keyboard	
2025-07-21 13:42:02,435 - AdaPoinTr - INFO - Overall		0.382 	13.620 	0.883 	0.000 	
2025-07-21 13:42:02,898 - AdaPoinTr - INFO - Save checkpoint at ./experiments/AdaPoinTr/ShapeNet55_models/AdaPoinTr/ckpt-last.pth
2025-07-21 13:42:03,709 - AdaPoinTr - INFO - [Epoch 131/200][Batch 1/2622] BatchTime = 0.810 (s) DataTime = 0.095 (s) Losses = ['5.5739', '42.4081'] lr = 0.0000058
2025-07-21 13:43:15,533 - AdaPoinTr - INFO - [Epoch 131/200][Batch 101/2622] BatchTime = 0.716 (s) DataTime = 0.001 (s) Losses = ['5.4170', '42.4370'] lr = 0.0000058
2025-07-21 13:44:27,340 - AdaPoinTr - INFO - [Epoch 131/200][Batch 201/2622] BatchTime = 0.716 (s) DataTime = 0.001 (s) Losses = ['4.8791', '38.6712'] lr = 0.0000058
2025-07-21 13:45:39,144 - AdaPoinTr - INFO - [Epoch 131/200][Batch 301/2622] BatchTime = 0.719 (s) DataTime = 0.001 (s) Losses = ['4.9939', '37.0461'] lr = 0.0000058
2025-07-21 13:46:50,958 - AdaPoinTr - INFO - [Epoch 131/200][Batch 401/2622] BatchTime = 0.710 (s) DataTime = 0.001 (s) Losses = ['4.9384', '34.3067'] lr = 0.0000058
2025-07-21 13:48:02,789 - AdaPoinTr - INFO - [Epoch 131/200][Batch 501/2622] BatchTime = 0.711 (s) DataTime = 0.001 (s) Losses = ['5.1375', '40.4021'] lr = 0.0000058
2025-07-21 13:49:14,641 - AdaPoinTr - INFO - [Epoch 131/200][Batch 601/2622] BatchTime = 0.711 (s) DataTime = 0.001 (s) Losses = ['4.4094', '33.9196'] lr = 0.0000058
2025-07-21 13:50:26,424 - AdaPoinTr - INFO - [Epoch 131/200][Batch 701/2622] BatchTime = 0.705 (s) DataTime = 0.001 (s) Losses = ['5.1074', '38.4893'] lr = 0.0000058
2025-07-21 13:51:37,874 - AdaPoinTr - INFO - [Epoch 131/200][Batch 801/2622] BatchTime = 0.719 (s) DataTime = 0.001 (s) Losses = ['5.0124', '38.5862'] lr = 0.0000058
2025-07-21 13:52:49,673 - AdaPoinTr - INFO - [Epoch 131/200][Batch 901/2622] BatchTime = 0.716 (s) DataTime = 0.001 (s) Losses = ['5.5835', '40.2847'] lr = 0.0000058
2025-07-21 13:54:01,427 - AdaPoinTr - INFO - [Epoch 131/200][Batch 1001/2622] BatchTime = 0.713 (s) DataTime = 0.001 (s) Losses = ['5.8865', '42.4194'] lr = 0.0000058
2025-07-21 13:55:13,249 - AdaPoinTr - INFO - [Epoch 131/200][Batch 1101/2622] BatchTime = 0.721 (s) DataTime = 0.001 (s) Losses = ['5.1329', '40.6498'] lr = 0.0000058
2025-07-21 13:56:25,040 - AdaPoinTr - INFO - [Epoch 131/200][Batch 1201/2622] BatchTime = 0.711 (s) DataTime = 0.001 (s) Losses = ['5.1576', '40.9586'] lr = 0.0000058
2025-07-21 13:57:36,830 - AdaPoinTr - INFO - [Epoch 131/200][Batch 1301/2622] BatchTime = 0.708 (s) DataTime = 0.001 (s) Losses = ['4.9410', '40.3050'] lr = 0.0000058
2025-07-21 13:58:48,602 - AdaPoinTr - INFO - [Epoch 131/200][Batch 1401/2622] BatchTime = 0.705 (s) DataTime = 0.001 (s) Losses = ['5.1914', '39.2787'] lr = 0.0000058
2025-07-21 14:00:00,401 - AdaPoinTr - INFO - [Epoch 131/200][Batch 1501/2622] BatchTime = 0.716 (s) DataTime = 0.001 (s) Losses = ['4.4399', '33.1472'] lr = 0.0000058
2025-07-21 14:01:12,228 - AdaPoinTr - INFO - [Epoch 131/200][Batch 1601/2622] BatchTime = 0.716 (s) DataTime = 0.001 (s) Losses = ['5.3291', '39.2785'] lr = 0.0000058
2025-07-21 14:02:24,032 - AdaPoinTr - INFO - [Epoch 131/200][Batch 1701/2622] BatchTime = 0.716 (s) DataTime = 0.001 (s) Losses = ['4.9350', '36.8641'] lr = 0.0000058
2025-07-21 14:03:35,861 - AdaPoinTr - INFO - [Epoch 131/200][Batch 1801/2622] BatchTime = 0.718 (s) DataTime = 0.001 (s) Losses = ['5.3596', '38.7421'] lr = 0.0000058
2025-07-21 14:04:47,651 - AdaPoinTr - INFO - [Epoch 131/200][Batch 1901/2622] BatchTime = 0.714 (s) DataTime = 0.001 (s) Losses = ['5.5736', '43.7918'] lr = 0.0000058
2025-07-21 14:05:59,447 - AdaPoinTr - INFO - [Epoch 131/200][Batch 2001/2622] BatchTime = 0.709 (s) DataTime = 0.001 (s) Losses = ['5.6026', '42.7654'] lr = 0.0000058
2025-07-21 14:07:11,225 - AdaPoinTr - INFO - [Epoch 131/200][Batch 2101/2622] BatchTime = 0.703 (s) DataTime = 0.001 (s) Losses = ['4.9231', '36.3455'] lr = 0.0000058
2025-07-21 14:08:23,047 - AdaPoinTr - INFO - [Epoch 131/200][Batch 2201/2622] BatchTime = 0.709 (s) DataTime = 0.001 (s) Losses = ['5.2755', '39.3976'] lr = 0.0000058
2025-07-21 14:09:34,879 - AdaPoinTr - INFO - [Epoch 131/200][Batch 2301/2622] BatchTime = 0.709 (s) DataTime = 0.001 (s) Losses = ['4.6096', '37.0835'] lr = 0.0000058
2025-07-21 14:10:46,676 - AdaPoinTr - INFO - [Epoch 131/200][Batch 2401/2622] BatchTime = 0.713 (s) DataTime = 0.001 (s) Losses = ['5.0276', '42.8926'] lr = 0.0000058
2025-07-21 14:11:58,508 - AdaPoinTr - INFO - [Epoch 131/200][Batch 2501/2622] BatchTime = 0.723 (s) DataTime = 0.001 (s) Losses = ['5.5673', '38.2269'] lr = 0.0000058
2025-07-21 14:13:10,319 - AdaPoinTr - INFO - [Epoch 131/200][Batch 2601/2622] BatchTime = 0.717 (s) DataTime = 0.001 (s) Losses = ['4.8823', '37.1823'] lr = 0.0000058
2025-07-21 14:13:25,441 - AdaPoinTr - INFO - [Training] EPOCH: 131 EpochTime = 1882.541 (s) Losses = ['5.1812', '39.3689']
2025-07-21 14:13:25,902 - AdaPoinTr - INFO - Save checkpoint at ./experiments/AdaPoinTr/ShapeNet55_models/AdaPoinTr/ckpt-last.pth
2025-07-21 14:13:26,710 - AdaPoinTr - INFO - [Epoch 132/200][Batch 1/2622] BatchTime = 0.807 (s) DataTime = 0.092 (s) Losses = ['5.8776', '43.3304'] lr = 0.0000057
2025-07-21 14:14:38,489 - AdaPoinTr - INFO - [Epoch 132/200][Batch 101/2622] BatchTime = 0.710 (s) DataTime = 0.001 (s) Losses = ['5.4754', '39.6467'] lr = 0.0000057
2025-07-21 14:15:50,261 - AdaPoinTr - INFO - [Epoch 132/200][Batch 201/2622] BatchTime = 0.709 (s) DataTime = 0.001 (s) Losses = ['5.0264', '36.4884'] lr = 0.0000057
2025-07-21 14:17:02,067 - AdaPoinTr - INFO - [Epoch 132/200][Batch 301/2622] BatchTime = 0.709 (s) DataTime = 0.001 (s) Losses = ['4.4569', '33.0285'] lr = 0.0000057
2025-07-21 14:18:13,871 - AdaPoinTr - INFO - [Epoch 132/200][Batch 401/2622] BatchTime = 0.706 (s) DataTime = 0.001 (s) Losses = ['5.3958', '41.8431'] lr = 0.0000057
2025-07-21 14:19:25,699 - AdaPoinTr - INFO - [Epoch 132/200][Batch 501/2622] BatchTime = 0.707 (s) DataTime = 0.001 (s) Losses = ['4.9621', '41.6751'] lr = 0.0000057
2025-07-21 14:20:37,474 - AdaPoinTr - INFO - [Epoch 132/200][Batch 601/2622] BatchTime = 0.716 (s) DataTime = 0.001 (s) Losses = ['5.3845', '39.4685'] lr = 0.0000057
2025-07-21 14:21:49,271 - AdaPoinTr - INFO - [Epoch 132/200][Batch 701/2622] BatchTime = 0.718 (s) DataTime = 0.001 (s) Losses = ['5.7468', '41.7245'] lr = 0.0000057
2025-07-21 14:23:01,048 - AdaPoinTr - INFO - [Epoch 132/200][Batch 801/2622] BatchTime = 0.713 (s) DataTime = 0.001 (s) Losses = ['5.3762', '38.7015'] lr = 0.0000057
2025-07-21 14:24:12,859 - AdaPoinTr - INFO - [Epoch 132/200][Batch 901/2622] BatchTime = 0.711 (s) DataTime = 0.001 (s) Losses = ['6.0310', '43.3207'] lr = 0.0000057
2025-07-21 14:25:24,685 - AdaPoinTr - INFO - [Epoch 132/200][Batch 1001/2622] BatchTime = 0.706 (s) DataTime = 0.001 (s) Losses = ['5.1602', '37.2090'] lr = 0.0000057
2025-07-21 14:26:36,496 - AdaPoinTr - INFO - [Epoch 132/200][Batch 1101/2622] BatchTime = 0.709 (s) DataTime = 0.001 (s) Losses = ['5.2071', '37.3996'] lr = 0.0000057
2025-07-21 14:27:48,319 - AdaPoinTr - INFO - [Epoch 132/200][Batch 1201/2622] BatchTime = 0.708 (s) DataTime = 0.001 (s) Losses = ['5.4999', '44.0994'] lr = 0.0000057
2025-07-21 14:29:00,149 - AdaPoinTr - INFO - [Epoch 132/200][Batch 1301/2622] BatchTime = 0.707 (s) DataTime = 0.001 (s) Losses = ['5.2486', '40.3176'] lr = 0.0000057
2025-07-21 14:30:11,983 - AdaPoinTr - INFO - [Epoch 132/200][Batch 1401/2622] BatchTime = 0.707 (s) DataTime = 0.001 (s) Losses = ['5.0118', '38.8756'] lr = 0.0000057
2025-07-21 14:31:23,803 - AdaPoinTr - INFO - [Epoch 132/200][Batch 1501/2622] BatchTime = 0.704 (s) DataTime = 0.001 (s) Losses = ['4.5779', '33.8001'] lr = 0.0000057
2025-07-21 14:32:35,599 - AdaPoinTr - INFO - [Epoch 132/200][Batch 1601/2622] BatchTime = 0.712 (s) DataTime = 0.001 (s) Losses = ['5.2461', '38.3363'] lr = 0.0000057
2025-07-21 14:33:47,405 - AdaPoinTr - INFO - [Epoch 132/200][Batch 1701/2622] BatchTime = 0.716 (s) DataTime = 0.001 (s) Losses = ['4.9448', '40.4497'] lr = 0.0000057
2025-07-21 14:34:59,184 - AdaPoinTr - INFO - [Epoch 132/200][Batch 1801/2622] BatchTime = 0.717 (s) DataTime = 0.001 (s) Losses = ['5.1410', '39.6935'] lr = 0.0000057
2025-07-21 14:36:11,000 - AdaPoinTr - INFO - [Epoch 132/200][Batch 1901/2622] BatchTime = 0.719 (s) DataTime = 0.001 (s) Losses = ['5.0809', '40.8111'] lr = 0.0000057
2025-07-21 14:37:22,791 - AdaPoinTr - INFO - [Epoch 132/200][Batch 2001/2622] BatchTime = 0.718 (s) DataTime = 0.001 (s) Losses = ['4.7921', '35.9096'] lr = 0.0000057
2025-07-21 14:38:34,602 - AdaPoinTr - INFO - [Epoch 132/200][Batch 2101/2622] BatchTime = 0.709 (s) DataTime = 0.001 (s) Losses = ['5.9313', '48.8416'] lr = 0.0000057
2025-07-21 14:39:46,384 - AdaPoinTr - INFO - [Epoch 132/200][Batch 2201/2622] BatchTime = 0.705 (s) DataTime = 0.001 (s) Losses = ['5.2915', '40.5092'] lr = 0.0000057
2025-07-21 14:40:58,151 - AdaPoinTr - INFO - [Epoch 132/200][Batch 2301/2622] BatchTime = 0.715 (s) DataTime = 0.001 (s) Losses = ['4.8170', '36.2280'] lr = 0.0000057
2025-07-21 14:42:09,551 - AdaPoinTr - INFO - [Epoch 132/200][Batch 2401/2622] BatchTime = 0.715 (s) DataTime = 0.001 (s) Losses = ['4.7331', '36.8162'] lr = 0.0000057
2025-07-21 14:43:21,375 - AdaPoinTr - INFO - [Epoch 132/200][Batch 2501/2622] BatchTime = 0.710 (s) DataTime = 0.001 (s) Losses = ['5.8868', '41.7520'] lr = 0.0000057
2025-07-21 14:44:33,137 - AdaPoinTr - INFO - [Epoch 132/200][Batch 2601/2622] BatchTime = 0.707 (s) DataTime = 0.001 (s) Losses = ['5.5103', '43.6012'] lr = 0.0000057
2025-07-21 14:44:48,257 - AdaPoinTr - INFO - [Training] EPOCH: 132 EpochTime = 1882.353 (s) Losses = ['5.1786', '39.3808']
2025-07-21 14:44:48,718 - AdaPoinTr - INFO - Save checkpoint at ./experiments/AdaPoinTr/ShapeNet55_models/AdaPoinTr/ckpt-last.pth
2025-07-21 14:44:49,516 - AdaPoinTr - INFO - [Epoch 133/200][Batch 1/2622] BatchTime = 0.798 (s) DataTime = 0.090 (s) Losses = ['4.7620', '33.9549'] lr = 0.0000055
2025-07-21 14:46:01,311 - AdaPoinTr - INFO - [Epoch 133/200][Batch 101/2622] BatchTime = 0.710 (s) DataTime = 0.001 (s) Losses = ['5.4854', '45.5740'] lr = 0.0000055
2025-07-21 14:47:13,132 - AdaPoinTr - INFO - [Epoch 133/200][Batch 201/2622] BatchTime = 0.715 (s) DataTime = 0.001 (s) Losses = ['5.9872', '44.6028'] lr = 0.0000055
2025-07-21 14:48:24,922 - AdaPoinTr - INFO - [Epoch 133/200][Batch 301/2622] BatchTime = 0.716 (s) DataTime = 0.001 (s) Losses = ['4.6599', '36.5602'] lr = 0.0000055
2025-07-21 14:49:36,739 - AdaPoinTr - INFO - [Epoch 133/200][Batch 401/2622] BatchTime = 0.719 (s) DataTime = 0.001 (s) Losses = ['5.7392', '44.6748'] lr = 0.0000055
2025-07-21 14:50:48,566 - AdaPoinTr - INFO - [Epoch 133/200][Batch 501/2622] BatchTime = 0.713 (s) DataTime = 0.001 (s) Losses = ['5.4712', '39.7385'] lr = 0.0000055
2025-07-21 14:52:00,404 - AdaPoinTr - INFO - [Epoch 133/200][Batch 601/2622] BatchTime = 0.715 (s) DataTime = 0.001 (s) Losses = ['5.0373', '36.4891'] lr = 0.0000055
2025-07-21 14:53:12,241 - AdaPoinTr - INFO - [Epoch 133/200][Batch 701/2622] BatchTime = 0.721 (s) DataTime = 0.001 (s) Losses = ['5.2541', '39.0616'] lr = 0.0000055
2025-07-21 14:54:24,076 - AdaPoinTr - INFO - [Epoch 133/200][Batch 801/2622] BatchTime = 0.714 (s) DataTime = 0.001 (s) Losses = ['5.4483', '44.0623'] lr = 0.0000055
2025-07-21 14:55:35,876 - AdaPoinTr - INFO - [Epoch 133/200][Batch 901/2622] BatchTime = 0.710 (s) DataTime = 0.001 (s) Losses = ['4.9974', '41.2680'] lr = 0.0000055
2025-07-21 14:56:47,683 - AdaPoinTr - INFO - [Epoch 133/200][Batch 1001/2622] BatchTime = 0.712 (s) DataTime = 0.001 (s) Losses = ['5.0409', '40.8731'] lr = 0.0000055
2025-07-21 14:57:59,451 - AdaPoinTr - INFO - [Epoch 133/200][Batch 1101/2622] BatchTime = 0.703 (s) DataTime = 0.001 (s) Losses = ['5.5863', '43.5515'] lr = 0.0000055
2025-07-21 14:59:11,272 - AdaPoinTr - INFO - [Epoch 133/200][Batch 1201/2622] BatchTime = 0.707 (s) DataTime = 0.001 (s) Losses = ['4.8429', '37.5214'] lr = 0.0000055
2025-07-21 15:00:23,074 - AdaPoinTr - INFO - [Epoch 133/200][Batch 1301/2622] BatchTime = 0.714 (s) DataTime = 0.001 (s) Losses = ['5.5568', '45.6952'] lr = 0.0000055
2025-07-21 15:01:34,907 - AdaPoinTr - INFO - [Epoch 133/200][Batch 1401/2622] BatchTime = 0.718 (s) DataTime = 0.001 (s) Losses = ['5.2027', '41.0904'] lr = 0.0000055
2025-07-21 15:02:46,686 - AdaPoinTr - INFO - [Epoch 133/200][Batch 1501/2622] BatchTime = 0.716 (s) DataTime = 0.001 (s) Losses = ['5.4638', '44.7439'] lr = 0.0000055
2025-07-21 15:03:58,501 - AdaPoinTr - INFO - [Epoch 133/200][Batch 1601/2622] BatchTime = 0.719 (s) DataTime = 0.001 (s) Losses = ['4.8661', '36.4545'] lr = 0.0000055
2025-07-21 15:05:10,289 - AdaPoinTr - INFO - [Epoch 133/200][Batch 1701/2622] BatchTime = 0.714 (s) DataTime = 0.001 (s) Losses = ['4.5927', '36.2835'] lr = 0.0000055
2025-07-21 15:06:22,092 - AdaPoinTr - INFO - [Epoch 133/200][Batch 1801/2622] BatchTime = 0.704 (s) DataTime = 0.001 (s) Losses = ['5.1552', '40.2967'] lr = 0.0000055
2025-07-21 15:07:33,925 - AdaPoinTr - INFO - [Epoch 133/200][Batch 1901/2622] BatchTime = 0.706 (s) DataTime = 0.001 (s) Losses = ['5.3190', '40.3737'] lr = 0.0000055
2025-07-21 15:08:45,724 - AdaPoinTr - INFO - [Epoch 133/200][Batch 2001/2622] BatchTime = 0.705 (s) DataTime = 0.001 (s) Losses = ['5.1518', '39.3193'] lr = 0.0000055
2025-07-21 15:09:57,534 - AdaPoinTr - INFO - [Epoch 133/200][Batch 2101/2622] BatchTime = 0.709 (s) DataTime = 0.001 (s) Losses = ['6.1495', '44.8890'] lr = 0.0000055
2025-07-21 15:11:09,334 - AdaPoinTr - INFO - [Epoch 133/200][Batch 2201/2622] BatchTime = 0.712 (s) DataTime = 0.001 (s) Losses = ['4.8597', '37.2342'] lr = 0.0000055
2025-07-21 15:12:21,147 - AdaPoinTr - INFO - [Epoch 133/200][Batch 2301/2622] BatchTime = 0.714 (s) DataTime = 0.001 (s) Losses = ['4.9331', '37.0654'] lr = 0.0000055
2025-07-21 15:13:32,935 - AdaPoinTr - INFO - [Epoch 133/200][Batch 2401/2622] BatchTime = 0.718 (s) DataTime = 0.001 (s) Losses = ['4.8243', '36.0371'] lr = 0.0000055
2025-07-21 15:14:44,755 - AdaPoinTr - INFO - [Epoch 133/200][Batch 2501/2622] BatchTime = 0.720 (s) DataTime = 0.001 (s) Losses = ['5.1325', '39.1121'] lr = 0.0000055
2025-07-21 15:15:56,606 - AdaPoinTr - INFO - [Epoch 133/200][Batch 2601/2622] BatchTime = 0.714 (s) DataTime = 0.001 (s) Losses = ['4.8328', '35.6953'] lr = 0.0000055
2025-07-21 15:16:11,728 - AdaPoinTr - INFO - [Training] EPOCH: 133 EpochTime = 1883.009 (s) Losses = ['5.1769', '39.3150']
2025-07-21 15:16:12,137 - AdaPoinTr - INFO - Save checkpoint at ./experiments/AdaPoinTr/ShapeNet55_models/AdaPoinTr/ckpt-last.pth
2025-07-21 15:16:12,940 - AdaPoinTr - INFO - [Epoch 134/200][Batch 1/2622] BatchTime = 0.802 (s) DataTime = 0.091 (s) Losses = ['5.1530', '39.4072'] lr = 0.0000054
2025-07-21 15:17:24,813 - AdaPoinTr - INFO - [Epoch 134/200][Batch 101/2622] BatchTime = 0.717 (s) DataTime = 0.001 (s) Losses = ['4.7711', '38.7026'] lr = 0.0000054
2025-07-21 15:18:36,599 - AdaPoinTr - INFO - [Epoch 134/200][Batch 201/2622] BatchTime = 0.712 (s) DataTime = 0.001 (s) Losses = ['5.5418', '42.9578'] lr = 0.0000054
2025-07-21 15:19:48,477 - AdaPoinTr - INFO - [Epoch 134/200][Batch 301/2622] BatchTime = 0.721 (s) DataTime = 0.001 (s) Losses = ['4.7602', '35.5387'] lr = 0.0000054
2025-07-21 15:21:00,281 - AdaPoinTr - INFO - [Epoch 134/200][Batch 401/2622] BatchTime = 0.710 (s) DataTime = 0.001 (s) Losses = ['4.9003', '42.0103'] lr = 0.0000054
2025-07-21 15:22:12,107 - AdaPoinTr - INFO - [Epoch 134/200][Batch 501/2622] BatchTime = 0.707 (s) DataTime = 0.001 (s) Losses = ['4.8832', '37.9064'] lr = 0.0000054
2025-07-21 15:23:23,877 - AdaPoinTr - INFO - [Epoch 134/200][Batch 601/2622] BatchTime = 0.708 (s) DataTime = 0.001 (s) Losses = ['5.3691', '41.9841'] lr = 0.0000054
2025-07-21 15:24:35,676 - AdaPoinTr - INFO - [Epoch 134/200][Batch 701/2622] BatchTime = 0.713 (s) DataTime = 0.001 (s) Losses = ['4.3141', '32.5229'] lr = 0.0000054
2025-07-21 15:25:47,473 - AdaPoinTr - INFO - [Epoch 134/200][Batch 801/2622] BatchTime = 0.714 (s) DataTime = 0.001 (s) Losses = ['4.9149', '37.9595'] lr = 0.0000054
2025-07-21 15:26:59,274 - AdaPoinTr - INFO - [Epoch 134/200][Batch 901/2622] BatchTime = 0.718 (s) DataTime = 0.001 (s) Losses = ['5.4615', '39.0558'] lr = 0.0000054
2025-07-21 15:28:11,126 - AdaPoinTr - INFO - [Epoch 134/200][Batch 1001/2622] BatchTime = 0.717 (s) DataTime = 0.001 (s) Losses = ['5.2517', '37.6966'] lr = 0.0000054
2025-07-21 15:29:22,924 - AdaPoinTr - INFO - [Epoch 134/200][Batch 1101/2622] BatchTime = 0.719 (s) DataTime = 0.001 (s) Losses = ['5.2900', '41.4397'] lr = 0.0000054
2025-07-21 15:30:34,405 - AdaPoinTr - INFO - [Epoch 134/200][Batch 1201/2622] BatchTime = 0.712 (s) DataTime = 0.001 (s) Losses = ['4.7475', '35.2210'] lr = 0.0000054
2025-07-21 15:31:46,211 - AdaPoinTr - INFO - [Epoch 134/200][Batch 1301/2622] BatchTime = 0.708 (s) DataTime = 0.001 (s) Losses = ['5.6057', '41.3756'] lr = 0.0000054
2025-07-21 15:32:58,019 - AdaPoinTr - INFO - [Epoch 134/200][Batch 1401/2622] BatchTime = 0.705 (s) DataTime = 0.001 (s) Losses = ['4.7144', '36.7855'] lr = 0.0000054
2025-07-21 15:34:09,838 - AdaPoinTr - INFO - [Epoch 134/200][Batch 1501/2622] BatchTime = 0.705 (s) DataTime = 0.001 (s) Losses = ['4.8275', '35.6204'] lr = 0.0000054
2025-07-21 15:35:21,636 - AdaPoinTr - INFO - [Epoch 134/200][Batch 1601/2622] BatchTime = 0.715 (s) DataTime = 0.001 (s) Losses = ['5.4692', '40.0537'] lr = 0.0000054
2025-07-21 15:36:33,469 - AdaPoinTr - INFO - [Epoch 134/200][Batch 1701/2622] BatchTime = 0.716 (s) DataTime = 0.001 (s) Losses = ['4.9293', '36.9638'] lr = 0.0000054
2025-07-21 15:37:45,301 - AdaPoinTr - INFO - [Epoch 134/200][Batch 1801/2622] BatchTime = 0.718 (s) DataTime = 0.001 (s) Losses = ['4.7983', '38.2689'] lr = 0.0000054
2025-07-21 15:38:57,116 - AdaPoinTr - INFO - [Epoch 134/200][Batch 1901/2622] BatchTime = 0.715 (s) DataTime = 0.001 (s) Losses = ['4.9715', '40.6085'] lr = 0.0000054
2025-07-21 15:40:08,931 - AdaPoinTr - INFO - [Epoch 134/200][Batch 2001/2622] BatchTime = 0.715 (s) DataTime = 0.001 (s) Losses = ['5.1847', '37.1106'] lr = 0.0000054
2025-07-21 15:41:20,736 - AdaPoinTr - INFO - [Epoch 134/200][Batch 2101/2622] BatchTime = 0.716 (s) DataTime = 0.001 (s) Losses = ['4.7190', '34.3934'] lr = 0.0000054
2025-07-21 15:42:32,603 - AdaPoinTr - INFO - [Epoch 134/200][Batch 2201/2622] BatchTime = 0.716 (s) DataTime = 0.001 (s) Losses = ['5.4222', '41.1423'] lr = 0.0000054
2025-07-21 15:43:44,410 - AdaPoinTr - INFO - [Epoch 134/200][Batch 2301/2622] BatchTime = 0.707 (s) DataTime = 0.001 (s) Losses = ['5.3748', '41.5853'] lr = 0.0000054
2025-07-21 15:44:56,203 - AdaPoinTr - INFO - [Epoch 134/200][Batch 2401/2622] BatchTime = 0.706 (s) DataTime = 0.001 (s) Losses = ['5.3839', '39.5329'] lr = 0.0000054
2025-07-21 15:46:08,002 - AdaPoinTr - INFO - [Epoch 134/200][Batch 2501/2622] BatchTime = 0.707 (s) DataTime = 0.001 (s) Losses = ['5.4774', '37.1729'] lr = 0.0000054
2025-07-21 15:47:19,783 - AdaPoinTr - INFO - [Epoch 134/200][Batch 2601/2622] BatchTime = 0.713 (s) DataTime = 0.001 (s) Losses = ['6.0042', '44.4248'] lr = 0.0000054
2025-07-21 15:47:34,875 - AdaPoinTr - INFO - [Training] EPOCH: 134 EpochTime = 1882.738 (s) Losses = ['5.1736', '39.3552']
2025-07-21 15:47:35,340 - AdaPoinTr - INFO - Save checkpoint at ./experiments/AdaPoinTr/ShapeNet55_models/AdaPoinTr/ckpt-last.pth
2025-07-21 15:47:36,143 - AdaPoinTr - INFO - [Epoch 135/200][Batch 1/2622] BatchTime = 0.802 (s) DataTime = 0.091 (s) Losses = ['5.8713', '44.0370'] lr = 0.0000053
2025-07-21 15:48:47,939 - AdaPoinTr - INFO - [Epoch 135/200][Batch 101/2622] BatchTime = 0.715 (s) DataTime = 0.001 (s) Losses = ['6.3777', '46.2177'] lr = 0.0000053
2025-07-21 15:49:59,724 - AdaPoinTr - INFO - [Epoch 135/200][Batch 201/2622] BatchTime = 0.717 (s) DataTime = 0.001 (s) Losses = ['4.5666', '34.4014'] lr = 0.0000053
2025-07-21 15:51:11,521 - AdaPoinTr - INFO - [Epoch 135/200][Batch 301/2622] BatchTime = 0.712 (s) DataTime = 0.001 (s) Losses = ['5.8944', '42.5408'] lr = 0.0000053
2025-07-21 15:52:23,280 - AdaPoinTr - INFO - [Epoch 135/200][Batch 401/2622] BatchTime = 0.712 (s) DataTime = 0.001 (s) Losses = ['5.1308', '44.8773'] lr = 0.0000053
2025-07-21 15:53:35,091 - AdaPoinTr - INFO - [Epoch 135/200][Batch 501/2622] BatchTime = 0.708 (s) DataTime = 0.001 (s) Losses = ['5.4804', '41.6797'] lr = 0.0000053
2025-07-21 15:54:46,855 - AdaPoinTr - INFO - [Epoch 135/200][Batch 601/2622] BatchTime = 0.707 (s) DataTime = 0.001 (s) Losses = ['5.1718', '36.5722'] lr = 0.0000053
2025-07-21 15:55:58,664 - AdaPoinTr - INFO - [Epoch 135/200][Batch 701/2622] BatchTime = 0.709 (s) DataTime = 0.001 (s) Losses = ['4.9759', '41.1495'] lr = 0.0000053
2025-07-21 15:57:10,463 - AdaPoinTr - INFO - [Epoch 135/200][Batch 801/2622] BatchTime = 0.715 (s) DataTime = 0.001 (s) Losses = ['5.3058', '42.5301'] lr = 0.0000053
2025-07-21 15:58:22,238 - AdaPoinTr - INFO - [Epoch 135/200][Batch 901/2622] BatchTime = 0.718 (s) DataTime = 0.001 (s) Losses = ['4.9982', '37.0883'] lr = 0.0000053
2025-07-21 15:59:34,052 - AdaPoinTr - INFO - [Epoch 135/200][Batch 1001/2622] BatchTime = 0.715 (s) DataTime = 0.001 (s) Losses = ['5.3780', '47.9020'] lr = 0.0000053
2025-07-21 16:00:45,839 - AdaPoinTr - INFO - [Epoch 135/200][Batch 1101/2622] BatchTime = 0.715 (s) DataTime = 0.001 (s) Losses = ['5.4020', '39.5223'] lr = 0.0000053
2025-07-21 16:01:57,635 - AdaPoinTr - INFO - [Epoch 135/200][Batch 1201/2622] BatchTime = 0.713 (s) DataTime = 0.001 (s) Losses = ['5.0166', '37.3303'] lr = 0.0000053
2025-07-21 16:03:09,433 - AdaPoinTr - INFO - [Epoch 135/200][Batch 1301/2622] BatchTime = 0.709 (s) DataTime = 0.001 (s) Losses = ['5.0148', '41.2349'] lr = 0.0000053
2025-07-21 16:04:21,243 - AdaPoinTr - INFO - [Epoch 135/200][Batch 1401/2622] BatchTime = 0.703 (s) DataTime = 0.001 (s) Losses = ['5.0737', '39.7179'] lr = 0.0000053
2025-07-21 16:05:33,018 - AdaPoinTr - INFO - [Epoch 135/200][Batch 1501/2622] BatchTime = 0.707 (s) DataTime = 0.001 (s) Losses = ['4.4645', '33.2803'] lr = 0.0000053
2025-07-21 16:06:44,828 - AdaPoinTr - INFO - [Epoch 135/200][Batch 1601/2622] BatchTime = 0.715 (s) DataTime = 0.001 (s) Losses = ['5.2864', '39.0957'] lr = 0.0000053
2025-07-21 16:07:56,607 - AdaPoinTr - INFO - [Epoch 135/200][Batch 1701/2622] BatchTime = 0.714 (s) DataTime = 0.001 (s) Losses = ['4.9439', '36.7646'] lr = 0.0000053
2025-07-21 16:09:08,408 - AdaPoinTr - INFO - [Epoch 135/200][Batch 1801/2622] BatchTime = 0.721 (s) DataTime = 0.001 (s) Losses = ['4.9264', '36.1817'] lr = 0.0000053
2025-07-21 16:10:20,221 - AdaPoinTr - INFO - [Epoch 135/200][Batch 1901/2622] BatchTime = 0.717 (s) DataTime = 0.001 (s) Losses = ['5.0106', '45.9012'] lr = 0.0000053
2025-07-21 16:11:32,035 - AdaPoinTr - INFO - [Epoch 135/200][Batch 2001/2622] BatchTime = 0.713 (s) DataTime = 0.001 (s) Losses = ['5.4226', '43.3214'] lr = 0.0000053
2025-07-21 16:12:43,814 - AdaPoinTr - INFO - [Epoch 135/200][Batch 2101/2622] BatchTime = 0.706 (s) DataTime = 0.001 (s) Losses = ['4.5960', '38.6715'] lr = 0.0000053
2025-07-21 16:13:55,585 - AdaPoinTr - INFO - [Epoch 135/200][Batch 2201/2622] BatchTime = 0.701 (s) DataTime = 0.001 (s) Losses = ['5.0187', '39.5602'] lr = 0.0000053
2025-07-21 16:15:07,406 - AdaPoinTr - INFO - [Epoch 135/200][Batch 2301/2622] BatchTime = 0.708 (s) DataTime = 0.001 (s) Losses = ['5.6385', '39.4075'] lr = 0.0000053
2025-07-21 16:16:19,212 - AdaPoinTr - INFO - [Epoch 135/200][Batch 2401/2622] BatchTime = 0.711 (s) DataTime = 0.001 (s) Losses = ['5.0888', '38.1932'] lr = 0.0000053
2025-07-21 16:17:31,003 - AdaPoinTr - INFO - [Epoch 135/200][Batch 2501/2622] BatchTime = 0.716 (s) DataTime = 0.001 (s) Losses = ['5.2466', '40.6457'] lr = 0.0000053
2025-07-21 16:18:42,838 - AdaPoinTr - INFO - [Epoch 135/200][Batch 2601/2622] BatchTime = 0.714 (s) DataTime = 0.001 (s) Losses = ['5.3428', '39.3494'] lr = 0.0000053
2025-07-21 16:18:57,936 - AdaPoinTr - INFO - [Training] EPOCH: 135 EpochTime = 1882.595 (s) Losses = ['5.1794', '39.3817']
2025-07-21 16:18:57,936 - AdaPoinTr - INFO - [VALIDATION] Start validating epoch 135
2025-07-21 16:20:04,765 - AdaPoinTr - INFO - Test[1051/10518] Taxonomy = 02691156 Sample = c7749c0a8b61f43bc9b9e28055202e3d Losses = ['26.1661', '4.0077', '12.1975', '0.8301'] Metrics = ['0.5428', '12.1975', '0.8301', '0.0000']
2025-07-21 16:21:11,776 - AdaPoinTr - INFO - Test[2102/10518] Taxonomy = 03211117 Sample = ab2f9418c111cc6ddb965514105122a4 Losses = ['18.9757', '1.4066', '7.4558', '0.1926'] Metrics = ['0.6713', '7.4558', '0.1926', '0.0000']
2025-07-21 16:22:18,744 - AdaPoinTr - INFO - Test[3153/10518] Taxonomy = 02876657 Sample = c5032e4be091aabb36fe7a88df793982 Losses = ['41.0667', '7.0579', '19.8262', '1.9382'] Metrics = ['0.3328', '19.8262', '1.9382', '0.0000']
2025-07-21 16:23:25,772 - AdaPoinTr - INFO - Test[4204/10518] Taxonomy = 03211117 Sample = 722df1da5778d45b1e43523279c7f09f Losses = ['27.9443', '2.8547', '13.0209', '0.7530'] Metrics = ['0.4164', '13.0209', '0.7530', '0.0000']
2025-07-21 16:24:32,752 - AdaPoinTr - INFO - Test[5255/10518] Taxonomy = 02828884 Sample = 14b63361a48a9fffe4a048c146e8bd43 Losses = ['34.7897', '4.6283', '19.9635', '1.8785'] Metrics = ['0.3266', '19.9635', '1.8785', '0.0000']
2025-07-21 16:25:39,749 - AdaPoinTr - INFO - Test[6306/10518] Taxonomy = 03211117 Sample = d330d50a0255529d19ed6e1a590c9122 Losses = ['26.5330', '3.0883', '11.2722', '0.5714'] Metrics = ['0.4874', '11.2722', '0.5714', '0.0000']
2025-07-21 16:26:46,740 - AdaPoinTr - INFO - Test[7357/10518] Taxonomy = 04379243 Sample = b1ca280d9567270ade98d10ab5975b59 Losses = ['32.8721', '4.1788', '14.6786', '0.7846'] Metrics = ['0.2795', '14.6786', '0.7846', '0.0000']
2025-07-21 16:27:53,691 - AdaPoinTr - INFO - Test[8408/10518] Taxonomy = 03001627 Sample = 89208a619341d9fdb8c516ed5c4ce32 Losses = ['26.9636', '2.6414', '13.3374', '0.5819'] Metrics = ['0.2994', '13.3374', '0.5819', '0.0000']
2025-07-21 16:29:00,643 - AdaPoinTr - INFO - Test[9459/10518] Taxonomy = 03001627 Sample = d0255120e3351121c3bd24f986301745 Losses = ['41.8497', '6.9140', '21.4507', '2.0421'] Metrics = ['0.1938', '21.4507', '2.0421', '0.0000']
2025-07-21 16:30:07,579 - AdaPoinTr - INFO - Test[10510/10518] Taxonomy = 03636649 Sample = ea9ec4d9db2e06202471e6dd5ac3ef92 Losses = ['18.5464', '1.4499', '7.4659', '0.2778'] Metrics = ['0.7598', '7.4659', '0.2778', '0.0000']
2025-07-21 16:30:08,116 - AdaPoinTr - INFO - [Validation] EPOCH: 135  Metrics = ['0.3829', '13.5651', '0.8651', '0.0000']
2025-07-21 16:30:08,117 - AdaPoinTr - INFO - ============================ TEST RESULTS ============================
2025-07-21 16:30:08,117 - AdaPoinTr - INFO - Taxonomy	#Sample	F-Score	CDL1	CDL2	EMDistance	#ModelName	
2025-07-21 16:30:08,117 - AdaPoinTr - INFO - 03759954	14	0.574 	11.697 	0.901 	0.000 	microphone	
2025-07-21 16:30:08,117 - AdaPoinTr - INFO - 04330267	44	0.291 	15.901 	1.243 	0.000 	stove	
2025-07-21 16:30:08,117 - AdaPoinTr - INFO - 03261776	15	0.327 	16.882 	1.518 	0.000 	earphone	
2025-07-21 16:30:08,117 - AdaPoinTr - INFO - 03513137	33	0.223 	19.474 	1.860 	0.000 	helmet	
2025-07-21 16:30:08,117 - AdaPoinTr - INFO - 04460130	27	0.434 	13.186 	0.761 	0.000 	tower	
2025-07-21 16:30:08,117 - AdaPoinTr - INFO - 04468005	78	0.406 	12.310 	0.664 	0.000 	train	
2025-07-21 16:30:08,117 - AdaPoinTr - INFO - 03761084	31	0.251 	15.860 	1.026 	0.000 	microwaves	
2025-07-21 16:30:08,117 - AdaPoinTr - INFO - 04004475	34	0.283 	15.857 	1.137 	0.000 	printer	
2025-07-21 16:30:08,117 - AdaPoinTr - INFO - 03938244	20	0.329 	13.065 	0.630 	0.000 	pillow	
2025-07-21 16:30:08,117 - AdaPoinTr - INFO - 02992529	167	0.433 	10.624 	0.399 	0.000 	cellphone	
2025-07-21 16:30:08,117 - AdaPoinTr - INFO - 02808440	172	0.305 	14.595 	0.987 	0.000 	bathtub	
2025-07-21 16:30:08,117 - AdaPoinTr - INFO - 04530566	388	0.520 	10.854 	0.558 	0.000 	watercraft	
2025-07-21 16:30:08,117 - AdaPoinTr - INFO - 02871439	91	0.262 	15.720 	1.002 	0.000 	bookshelf	
2025-07-21 16:30:08,117 - AdaPoinTr - INFO - 03593526	120	0.280 	17.317 	1.546 	0.000 	jar	
2025-07-21 16:30:08,117 - AdaPoinTr - INFO - 04554684	34	0.242 	16.749 	1.165 	0.000 	washer	
2025-07-21 16:30:08,117 - AdaPoinTr - INFO - 03467517	160	0.838 	6.256 	0.184 	0.000 	guitar	
2025-07-21 16:30:08,117 - AdaPoinTr - INFO - 04401088	218	0.439 	10.523 	0.406 	0.000 	telephone	
2025-07-21 16:30:08,117 - AdaPoinTr - INFO - 02954340	12	0.332 	12.513 	0.547 	0.000 	cap	
2025-07-21 16:30:08,117 - AdaPoinTr - INFO - 02933112	315	0.249 	14.870 	0.810 	0.000 	cabinet	
2025-07-21 16:30:08,117 - AdaPoinTr - INFO - 03642806	92	0.401 	10.597 	0.363 	0.000 	laptop	
2025-07-21 16:30:08,117 - AdaPoinTr - INFO - 02924116	188	0.378 	12.025 	0.538 	0.000 	bus	
2025-07-21 16:30:08,117 - AdaPoinTr - INFO - 02946921	22	0.273 	14.810 	0.924 	0.000 	can	
2025-07-21 16:30:08,117 - AdaPoinTr - INFO - 02818832	47	0.298 	15.254 	1.004 	0.000 	bed	
2025-07-21 16:30:08,117 - AdaPoinTr - INFO - 04256520	635	0.311 	13.737 	0.716 	0.000 	sofa	
2025-07-21 16:30:08,117 - AdaPoinTr - INFO - 04379243	1687	0.398 	12.272 	0.713 	0.000 	table	
2025-07-21 16:30:08,117 - AdaPoinTr - INFO - 02747177	69	0.202 	16.990 	1.057 	0.000 	trash bin	
2025-07-21 16:30:08,117 - AdaPoinTr - INFO - 03046257	131	0.324 	14.304 	0.867 	0.000 	clock	
2025-07-21 16:30:08,117 - AdaPoinTr - INFO - 04225987	31	0.574 	9.122 	0.324 	0.000 	skateboard	
2025-07-21 16:30:08,117 - AdaPoinTr - INFO - 03797390	43	0.201 	18.348 	1.429 	0.000 	mug	
2025-07-21 16:30:08,117 - AdaPoinTr - INFO - 03001627	1356	0.385 	13.199 	0.807 	0.000 	chair	
2025-07-21 16:30:08,117 - AdaPoinTr - INFO - 03691459	320	0.267 	16.613 	1.246 	0.000 	loudspeaker	
2025-07-21 16:30:08,117 - AdaPoinTr - INFO - 02942699	23	0.256 	19.193 	1.841 	0.000 	camera	
2025-07-21 16:30:08,117 - AdaPoinTr - INFO - 03636649	464	0.557 	12.141 	1.040 	0.000 	lamp	
2025-07-21 16:30:08,117 - AdaPoinTr - INFO - 02691156	809	0.600 	9.070 	0.374 	0.000 	airplane	
2025-07-21 16:30:08,117 - AdaPoinTr - INFO - 02773838	17	0.358 	13.256 	0.747 	0.000 	bag	
2025-07-21 16:30:08,117 - AdaPoinTr - INFO - 02958343	703	0.230 	15.588 	0.869 	0.000 	car	
2025-07-21 16:30:08,117 - AdaPoinTr - INFO - 02880940	38	0.250 	14.998 	0.817 	0.000 	bowl	
2025-07-21 16:30:08,117 - AdaPoinTr - INFO - 04099429	17	0.736 	8.084 	0.362 	0.000 	rocket	
2025-07-21 16:30:08,117 - AdaPoinTr - INFO - 02828884	363	0.456 	10.701 	0.509 	0.000 	bench	
2025-07-21 16:30:08,117 - AdaPoinTr - INFO - 04090263	475	0.710 	8.172 	0.380 	0.000 	rifle	
2025-07-21 16:30:08,117 - AdaPoinTr - INFO - 03211117	219	0.366 	12.788 	0.712 	0.000 	display	
2025-07-21 16:30:08,117 - AdaPoinTr - INFO - 02876657	100	0.451 	12.190 	0.786 	0.000 	bottle	
2025-07-21 16:30:08,117 - AdaPoinTr - INFO - 03710193	19	0.531 	13.067 	1.249 	0.000 	mailbox	
2025-07-21 16:30:08,117 - AdaPoinTr - INFO - 03790512	68	0.265 	16.159 	1.059 	0.000 	motorbike	
2025-07-21 16:30:08,117 - AdaPoinTr - INFO - 03325088	149	0.478 	13.930 	1.287 	0.000 	faucet	
2025-07-21 16:30:08,117 - AdaPoinTr - INFO - 02801938	23	0.241 	15.764 	0.975 	0.000 	basket	
2025-07-21 16:30:08,117 - AdaPoinTr - INFO - 03337140	60	0.252 	15.574 	0.945 	0.000 	file cabinet	
2025-07-21 16:30:08,117 - AdaPoinTr - INFO - 02843684	15	0.252 	17.620 	1.296 	0.000 	birdhouse	
2025-07-21 16:30:08,117 - AdaPoinTr - INFO - 03624134	85	0.793 	6.844 	0.245 	0.000 	knife	
2025-07-21 16:30:08,118 - AdaPoinTr - INFO - 03991062	121	0.249 	18.307 	1.531 	0.000 	flowerpot	
2025-07-21 16:30:08,118 - AdaPoinTr - INFO - 03948459	62	0.488 	11.213 	0.557 	0.000 	pistol	
2025-07-21 16:30:08,118 - AdaPoinTr - INFO - 03928116	48	0.303 	15.110 	1.079 	0.000 	piano	
2025-07-21 16:30:08,118 - AdaPoinTr - INFO - 03207941	19	0.255 	15.141 	0.887 	0.000 	dishwasher	
2025-07-21 16:30:08,118 - AdaPoinTr - INFO - 04074963	14	0.486 	10.319 	0.429 	0.000 	remote	
2025-07-21 16:30:08,118 - AdaPoinTr - INFO - 03085013	13	0.466 	9.333 	0.274 	0.000 	keyboard	
2025-07-21 16:30:08,118 - AdaPoinTr - INFO - Overall		0.383 	13.565 	0.865 	0.000 	
2025-07-21 16:30:08,532 - AdaPoinTr - INFO - Save checkpoint at ./experiments/AdaPoinTr/ShapeNet55_models/AdaPoinTr/ckpt-last.pth
2025-07-21 16:30:09,347 - AdaPoinTr - INFO - [Epoch 136/200][Batch 1/2622] BatchTime = 0.814 (s) DataTime = 0.091 (s) Losses = ['5.0291', '39.4338'] lr = 0.0000052
2025-07-21 16:31:21,166 - AdaPoinTr - INFO - [Epoch 136/200][Batch 101/2622] BatchTime = 0.724 (s) DataTime = 0.001 (s) Losses = ['4.8097', '35.7254'] lr = 0.0000052
2025-07-21 16:32:33,019 - AdaPoinTr - INFO - [Epoch 136/200][Batch 201/2622] BatchTime = 0.720 (s) DataTime = 0.001 (s) Losses = ['5.0041', '40.7911'] lr = 0.0000052
2025-07-21 16:33:44,802 - AdaPoinTr - INFO - [Epoch 136/200][Batch 301/2622] BatchTime = 0.711 (s) DataTime = 0.001 (s) Losses = ['5.2673', '42.5475'] lr = 0.0000052
2025-07-21 16:34:56,687 - AdaPoinTr - INFO - [Epoch 136/200][Batch 401/2622] BatchTime = 0.713 (s) DataTime = 0.001 (s) Losses = ['5.4730', '42.4038'] lr = 0.0000052
2025-07-21 16:36:08,477 - AdaPoinTr - INFO - [Epoch 136/200][Batch 501/2622] BatchTime = 0.707 (s) DataTime = 0.001 (s) Losses = ['4.8355', '38.4022'] lr = 0.0000052
2025-07-21 16:37:20,320 - AdaPoinTr - INFO - [Epoch 136/200][Batch 601/2622] BatchTime = 0.705 (s) DataTime = 0.001 (s) Losses = ['5.0254', '39.3555'] lr = 0.0000052
2025-07-21 16:38:32,150 - AdaPoinTr - INFO - [Epoch 136/200][Batch 701/2622] BatchTime = 0.706 (s) DataTime = 0.001 (s) Losses = ['4.6633', '34.6458'] lr = 0.0000052
2025-07-21 16:39:43,938 - AdaPoinTr - INFO - [Epoch 136/200][Batch 801/2622] BatchTime = 0.713 (s) DataTime = 0.001 (s) Losses = ['5.3829', '43.6821'] lr = 0.0000052
2025-07-21 16:40:55,723 - AdaPoinTr - INFO - [Epoch 136/200][Batch 901/2622] BatchTime = 0.717 (s) DataTime = 0.001 (s) Losses = ['5.1099', '34.9122'] lr = 0.0000052
2025-07-21 16:42:07,491 - AdaPoinTr - INFO - [Epoch 136/200][Batch 1001/2622] BatchTime = 0.713 (s) DataTime = 0.001 (s) Losses = ['5.3410', '40.5022'] lr = 0.0000052
2025-07-21 16:43:19,262 - AdaPoinTr - INFO - [Epoch 136/200][Batch 1101/2622] BatchTime = 0.710 (s) DataTime = 0.001 (s) Losses = ['5.5117', '41.3236'] lr = 0.0000052
2025-07-21 16:44:31,084 - AdaPoinTr - INFO - [Epoch 136/200][Batch 1201/2622] BatchTime = 0.708 (s) DataTime = 0.001 (s) Losses = ['4.5230', '33.0030'] lr = 0.0000052
2025-07-21 16:45:42,873 - AdaPoinTr - INFO - [Epoch 136/200][Batch 1301/2622] BatchTime = 0.704 (s) DataTime = 0.001 (s) Losses = ['5.4195', '39.4080'] lr = 0.0000052
2025-07-21 16:46:54,679 - AdaPoinTr - INFO - [Epoch 136/200][Batch 1401/2622] BatchTime = 0.715 (s) DataTime = 0.001 (s) Losses = ['4.7966', '40.5438'] lr = 0.0000052
2025-07-21 16:48:06,482 - AdaPoinTr - INFO - [Epoch 136/200][Batch 1501/2622] BatchTime = 0.716 (s) DataTime = 0.001 (s) Losses = ['5.3457', '42.1137'] lr = 0.0000052
2025-07-21 16:49:18,244 - AdaPoinTr - INFO - [Epoch 136/200][Batch 1601/2622] BatchTime = 0.714 (s) DataTime = 0.001 (s) Losses = ['5.4247', '39.9110'] lr = 0.0000052
2025-07-21 16:50:30,062 - AdaPoinTr - INFO - [Epoch 136/200][Batch 1701/2622] BatchTime = 0.713 (s) DataTime = 0.001 (s) Losses = ['5.3785', '44.3990'] lr = 0.0000052
2025-07-21 16:51:41,907 - AdaPoinTr - INFO - [Epoch 136/200][Batch 1801/2622] BatchTime = 0.714 (s) DataTime = 0.001 (s) Losses = ['5.5783', '40.3502'] lr = 0.0000052
2025-07-21 16:52:53,673 - AdaPoinTr - INFO - [Epoch 136/200][Batch 1901/2622] BatchTime = 0.709 (s) DataTime = 0.001 (s) Losses = ['5.1512', '39.6983'] lr = 0.0000052
2025-07-21 16:54:05,477 - AdaPoinTr - INFO - [Epoch 136/200][Batch 2001/2622] BatchTime = 0.708 (s) DataTime = 0.001 (s) Losses = ['4.2157', '32.3381'] lr = 0.0000052
2025-07-21 16:55:17,319 - AdaPoinTr - INFO - [Epoch 136/200][Batch 2101/2622] BatchTime = 0.706 (s) DataTime = 0.001 (s) Losses = ['4.9001', '36.7216'] lr = 0.0000052
2025-07-21 16:56:29,137 - AdaPoinTr - INFO - [Epoch 136/200][Batch 2201/2622] BatchTime = 0.712 (s) DataTime = 0.001 (s) Losses = ['5.1616', '37.3902'] lr = 0.0000052
2025-07-21 16:57:40,945 - AdaPoinTr - INFO - [Epoch 136/200][Batch 2301/2622] BatchTime = 0.716 (s) DataTime = 0.001 (s) Losses = ['5.0033', '40.8878'] lr = 0.0000052
2025-07-21 16:58:52,793 - AdaPoinTr - INFO - [Epoch 136/200][Batch 2401/2622] BatchTime = 0.715 (s) DataTime = 0.001 (s) Losses = ['5.1046', '37.3139'] lr = 0.0000052
2025-07-21 17:00:04,550 - AdaPoinTr - INFO - [Epoch 136/200][Batch 2501/2622] BatchTime = 0.721 (s) DataTime = 0.001 (s) Losses = ['5.0644', '39.8486'] lr = 0.0000052
2025-07-21 17:01:16,380 - AdaPoinTr - INFO - [Epoch 136/200][Batch 2601/2622] BatchTime = 0.721 (s) DataTime = 0.001 (s) Losses = ['5.3165', '40.9852'] lr = 0.0000052
2025-07-21 17:01:31,486 - AdaPoinTr - INFO - [Training] EPOCH: 136 EpochTime = 1882.953 (s) Losses = ['5.1740', '39.3082']
2025-07-21 17:01:31,945 - AdaPoinTr - INFO - Save checkpoint at ./experiments/AdaPoinTr/ShapeNet55_models/AdaPoinTr/ckpt-last.pth
2025-07-21 17:01:32,748 - AdaPoinTr - INFO - [Epoch 137/200][Batch 1/2622] BatchTime = 0.801 (s) DataTime = 0.091 (s) Losses = ['6.1904', '48.1410'] lr = 0.0000051
2025-07-21 17:02:44,576 - AdaPoinTr - INFO - [Epoch 137/200][Batch 101/2622] BatchTime = 0.711 (s) DataTime = 0.001 (s) Losses = ['5.6229', '41.3751'] lr = 0.0000051
2025-07-21 17:03:56,405 - AdaPoinTr - INFO - [Epoch 137/200][Batch 201/2622] BatchTime = 0.708 (s) DataTime = 0.001 (s) Losses = ['5.5146', '37.5844'] lr = 0.0000051
2025-07-21 17:05:08,210 - AdaPoinTr - INFO - [Epoch 137/200][Batch 301/2622] BatchTime = 0.710 (s) DataTime = 0.001 (s) Losses = ['5.1916', '41.3362'] lr = 0.0000051
2025-07-21 17:06:02,251 - AdaPoinTr - INFO - [Epoch 137/200][Batch 401/2622] BatchTime = 0.512 (s) DataTime = 0.001 (s) Losses = ['4.9412', '39.5278'] lr = 0.0000051
2025-07-21 17:06:53,803 - AdaPoinTr - INFO - [Epoch 137/200][Batch 501/2622] BatchTime = 0.508 (s) DataTime = 0.001 (s) Losses = ['5.2508', '41.2640'] lr = 0.0000051
2025-07-21 17:07:45,379 - AdaPoinTr - INFO - [Epoch 137/200][Batch 601/2622] BatchTime = 0.510 (s) DataTime = 0.001 (s) Losses = ['5.8624', '46.9684'] lr = 0.0000051
2025-07-21 17:08:37,032 - AdaPoinTr - INFO - [Epoch 137/200][Batch 701/2622] BatchTime = 0.512 (s) DataTime = 0.001 (s) Losses = ['5.0537', '37.2848'] lr = 0.0000051
2025-07-21 17:09:28,577 - AdaPoinTr - INFO - [Epoch 137/200][Batch 801/2622] BatchTime = 0.509 (s) DataTime = 0.001 (s) Losses = ['5.4522', '41.1693'] lr = 0.0000051
2025-07-21 17:10:20,145 - AdaPoinTr - INFO - [Epoch 137/200][Batch 901/2622] BatchTime = 0.509 (s) DataTime = 0.001 (s) Losses = ['4.7973', '38.4077'] lr = 0.0000051
2025-07-21 17:11:11,697 - AdaPoinTr - INFO - [Epoch 137/200][Batch 1001/2622] BatchTime = 0.506 (s) DataTime = 0.001 (s) Losses = ['5.0582', '35.1570'] lr = 0.0000051
2025-07-21 17:12:03,243 - AdaPoinTr - INFO - [Epoch 137/200][Batch 1101/2622] BatchTime = 0.512 (s) DataTime = 0.001 (s) Losses = ['5.2985', '49.8242'] lr = 0.0000051
2025-07-21 17:12:54,809 - AdaPoinTr - INFO - [Epoch 137/200][Batch 1201/2622] BatchTime = 0.512 (s) DataTime = 0.001 (s) Losses = ['5.2350', '45.7880'] lr = 0.0000051
2025-07-21 17:13:46,396 - AdaPoinTr - INFO - [Epoch 137/200][Batch 1301/2622] BatchTime = 0.508 (s) DataTime = 0.001 (s) Losses = ['5.4499', '39.9589'] lr = 0.0000051
2025-07-21 17:14:37,988 - AdaPoinTr - INFO - [Epoch 137/200][Batch 1401/2622] BatchTime = 0.510 (s) DataTime = 0.001 (s) Losses = ['5.8692', '41.1249'] lr = 0.0000051
2025-07-21 17:15:29,590 - AdaPoinTr - INFO - [Epoch 137/200][Batch 1501/2622] BatchTime = 0.514 (s) DataTime = 0.001 (s) Losses = ['4.9214', '35.8837'] lr = 0.0000051
2025-07-21 17:16:21,129 - AdaPoinTr - INFO - [Epoch 137/200][Batch 1601/2622] BatchTime = 0.512 (s) DataTime = 0.001 (s) Losses = ['5.2021', '41.0625'] lr = 0.0000051
2025-07-21 17:17:26,707 - AdaPoinTr - INFO - [Epoch 137/200][Batch 1701/2622] BatchTime = 0.720 (s) DataTime = 0.001 (s) Losses = ['4.6449', '44.8862'] lr = 0.0000051
2025-07-21 17:18:38,478 - AdaPoinTr - INFO - [Epoch 137/200][Batch 1801/2622] BatchTime = 0.715 (s) DataTime = 0.001 (s) Losses = ['5.4975', '44.4574'] lr = 0.0000051
2025-07-21 17:19:50,300 - AdaPoinTr - INFO - [Epoch 137/200][Batch 1901/2622] BatchTime = 0.711 (s) DataTime = 0.001 (s) Losses = ['5.2864', '42.7569'] lr = 0.0000051
2025-07-21 17:21:02,099 - AdaPoinTr - INFO - [Epoch 137/200][Batch 2001/2622] BatchTime = 0.706 (s) DataTime = 0.001 (s) Losses = ['5.1803', '38.2757'] lr = 0.0000051
2025-07-21 17:22:13,882 - AdaPoinTr - INFO - [Epoch 137/200][Batch 2101/2622] BatchTime = 0.708 (s) DataTime = 0.001 (s) Losses = ['5.0405', '38.0187'] lr = 0.0000051
2025-07-21 17:23:25,679 - AdaPoinTr - INFO - [Epoch 137/200][Batch 2201/2622] BatchTime = 0.712 (s) DataTime = 0.001 (s) Losses = ['5.6132', '41.2668'] lr = 0.0000051
2025-07-21 17:24:37,478 - AdaPoinTr - INFO - [Epoch 137/200][Batch 2301/2622] BatchTime = 0.715 (s) DataTime = 0.001 (s) Losses = ['5.3734', '39.8210'] lr = 0.0000051
2025-07-21 17:25:49,263 - AdaPoinTr - INFO - [Epoch 137/200][Batch 2401/2622] BatchTime = 0.716 (s) DataTime = 0.001 (s) Losses = ['5.5183', '41.2372'] lr = 0.0000051
2025-07-21 17:27:01,101 - AdaPoinTr - INFO - [Epoch 137/200][Batch 2501/2622] BatchTime = 0.724 (s) DataTime = 0.001 (s) Losses = ['5.3340', '37.6011'] lr = 0.0000051
2025-07-21 17:28:12,894 - AdaPoinTr - INFO - [Epoch 137/200][Batch 2601/2622] BatchTime = 0.711 (s) DataTime = 0.001 (s) Losses = ['5.3689', '38.5558'] lr = 0.0000051
2025-07-21 17:28:28,026 - AdaPoinTr - INFO - [Training] EPOCH: 137 EpochTime = 1616.080 (s) Losses = ['5.1756', '39.2850']
2025-07-21 17:28:28,488 - AdaPoinTr - INFO - Save checkpoint at ./experiments/AdaPoinTr/ShapeNet55_models/AdaPoinTr/ckpt-last.pth
2025-07-21 17:28:29,292 - AdaPoinTr - INFO - [Epoch 138/200][Batch 1/2622] BatchTime = 0.803 (s) DataTime = 0.093 (s) Losses = ['5.8445', '43.0951'] lr = 0.0000050
2025-07-21 17:29:41,080 - AdaPoinTr - INFO - [Epoch 138/200][Batch 101/2622] BatchTime = 0.706 (s) DataTime = 0.001 (s) Losses = ['5.0966', '37.9690'] lr = 0.0000050
2025-07-21 17:30:52,891 - AdaPoinTr - INFO - [Epoch 138/200][Batch 201/2622] BatchTime = 0.707 (s) DataTime = 0.001 (s) Losses = ['5.4687', '43.7031'] lr = 0.0000050
2025-07-21 17:32:04,698 - AdaPoinTr - INFO - [Epoch 138/200][Batch 301/2622] BatchTime = 0.712 (s) DataTime = 0.001 (s) Losses = ['4.6789', '32.2841'] lr = 0.0000050
2025-07-21 17:33:16,501 - AdaPoinTr - INFO - [Epoch 138/200][Batch 401/2622] BatchTime = 0.710 (s) DataTime = 0.001 (s) Losses = ['5.7509', '43.3259'] lr = 0.0000050
2025-07-21 17:34:28,321 - AdaPoinTr - INFO - [Epoch 138/200][Batch 501/2622] BatchTime = 0.722 (s) DataTime = 0.001 (s) Losses = ['5.0520', '40.0342'] lr = 0.0000050
2025-07-21 17:35:40,113 - AdaPoinTr - INFO - [Epoch 138/200][Batch 601/2622] BatchTime = 0.722 (s) DataTime = 0.001 (s) Losses = ['5.1018', '38.1524'] lr = 0.0000050
2025-07-21 17:36:51,909 - AdaPoinTr - INFO - [Epoch 138/200][Batch 701/2622] BatchTime = 0.714 (s) DataTime = 0.001 (s) Losses = ['4.8519', '35.7445'] lr = 0.0000050
2025-07-21 17:38:03,724 - AdaPoinTr - INFO - [Epoch 138/200][Batch 801/2622] BatchTime = 0.718 (s) DataTime = 0.001 (s) Losses = ['5.3939', '39.6836'] lr = 0.0000050
2025-07-21 17:39:15,553 - AdaPoinTr - INFO - [Epoch 138/200][Batch 901/2622] BatchTime = 0.709 (s) DataTime = 0.001 (s) Losses = ['4.8477', '36.8988'] lr = 0.0000050
2025-07-21 17:40:27,409 - AdaPoinTr - INFO - [Epoch 138/200][Batch 1001/2622] BatchTime = 0.710 (s) DataTime = 0.001 (s) Losses = ['5.1453', '47.0933'] lr = 0.0000050
2025-07-21 17:41:39,230 - AdaPoinTr - INFO - [Epoch 138/200][Batch 1101/2622] BatchTime = 0.706 (s) DataTime = 0.001 (s) Losses = ['5.0610', '38.7270'] lr = 0.0000050
2025-07-21 17:42:51,046 - AdaPoinTr - INFO - [Epoch 138/200][Batch 1201/2622] BatchTime = 0.706 (s) DataTime = 0.001 (s) Losses = ['4.7338', '35.0667'] lr = 0.0000050
2025-07-21 17:44:02,885 - AdaPoinTr - INFO - [Epoch 138/200][Batch 1301/2622] BatchTime = 0.708 (s) DataTime = 0.001 (s) Losses = ['5.7880', '43.6720'] lr = 0.0000050
2025-07-21 17:45:14,661 - AdaPoinTr - INFO - [Epoch 138/200][Batch 1401/2622] BatchTime = 0.715 (s) DataTime = 0.001 (s) Losses = ['5.6705', '41.8977'] lr = 0.0000050
2025-07-21 17:46:26,475 - AdaPoinTr - INFO - [Epoch 138/200][Batch 1501/2622] BatchTime = 0.718 (s) DataTime = 0.001 (s) Losses = ['5.1176', '39.7766'] lr = 0.0000050
2025-07-21 17:47:38,291 - AdaPoinTr - INFO - [Epoch 138/200][Batch 1601/2622] BatchTime = 0.716 (s) DataTime = 0.001 (s) Losses = ['5.6648', '42.8827'] lr = 0.0000050
2025-07-21 17:48:50,096 - AdaPoinTr - INFO - [Epoch 138/200][Batch 1701/2622] BatchTime = 0.718 (s) DataTime = 0.001 (s) Losses = ['5.2229', '35.7965'] lr = 0.0000050
2025-07-21 17:50:01,843 - AdaPoinTr - INFO - [Epoch 138/200][Batch 1801/2622] BatchTime = 0.709 (s) DataTime = 0.001 (s) Losses = ['4.5196', '31.7447'] lr = 0.0000050
2025-07-21 17:51:13,637 - AdaPoinTr - INFO - [Epoch 138/200][Batch 1901/2622] BatchTime = 0.702 (s) DataTime = 0.001 (s) Losses = ['5.0743', '36.9779'] lr = 0.0000050
2025-07-21 17:52:25,423 - AdaPoinTr - INFO - [Epoch 138/200][Batch 2001/2622] BatchTime = 0.713 (s) DataTime = 0.001 (s) Losses = ['5.3679', '41.0675'] lr = 0.0000050
2025-07-21 17:53:37,270 - AdaPoinTr - INFO - [Epoch 138/200][Batch 2101/2622] BatchTime = 0.720 (s) DataTime = 0.001 (s) Losses = ['4.8818', '36.2924'] lr = 0.0000050
2025-07-21 17:54:49,107 - AdaPoinTr - INFO - [Epoch 138/200][Batch 2201/2622] BatchTime = 0.713 (s) DataTime = 0.001 (s) Losses = ['4.4702', '34.3747'] lr = 0.0000050
2025-07-21 17:56:00,894 - AdaPoinTr - INFO - [Epoch 138/200][Batch 2301/2622] BatchTime = 0.717 (s) DataTime = 0.001 (s) Losses = ['5.7169', '39.6365'] lr = 0.0000050
2025-07-21 17:57:12,689 - AdaPoinTr - INFO - [Epoch 138/200][Batch 2401/2622] BatchTime = 0.716 (s) DataTime = 0.001 (s) Losses = ['5.4254', '40.1896'] lr = 0.0000050
2025-07-21 17:58:24,543 - AdaPoinTr - INFO - [Epoch 138/200][Batch 2501/2622] BatchTime = 0.714 (s) DataTime = 0.001 (s) Losses = ['5.2297', '40.4882'] lr = 0.0000050
2025-07-21 17:59:36,349 - AdaPoinTr - INFO - [Epoch 138/200][Batch 2601/2622] BatchTime = 0.712 (s) DataTime = 0.001 (s) Losses = ['5.6476', '40.6596'] lr = 0.0000050
2025-07-21 17:59:51,463 - AdaPoinTr - INFO - [Training] EPOCH: 138 EpochTime = 1882.974 (s) Losses = ['5.1715', '39.3070']
2025-07-21 17:59:51,922 - AdaPoinTr - INFO - Save checkpoint at ./experiments/AdaPoinTr/ShapeNet55_models/AdaPoinTr/ckpt-last.pth
2025-07-21 17:59:52,724 - AdaPoinTr - INFO - [Epoch 139/200][Batch 1/2622] BatchTime = 0.801 (s) DataTime = 0.090 (s) Losses = ['4.7977', '37.1454'] lr = 0.0000048
2025-07-21 18:01:04,536 - AdaPoinTr - INFO - [Epoch 139/200][Batch 101/2622] BatchTime = 0.710 (s) DataTime = 0.001 (s) Losses = ['5.3521', '40.2038'] lr = 0.0000048
2025-07-21 18:02:16,349 - AdaPoinTr - INFO - [Epoch 139/200][Batch 201/2622] BatchTime = 0.712 (s) DataTime = 0.001 (s) Losses = ['5.2865', '37.9119'] lr = 0.0000048
2025-07-21 18:03:28,189 - AdaPoinTr - INFO - [Epoch 139/200][Batch 301/2622] BatchTime = 0.707 (s) DataTime = 0.001 (s) Losses = ['5.5385', '41.8519'] lr = 0.0000048
2025-07-21 18:04:39,975 - AdaPoinTr - INFO - [Epoch 139/200][Batch 401/2622] BatchTime = 0.708 (s) DataTime = 0.001 (s) Losses = ['5.2309', '38.5906'] lr = 0.0000048
2025-07-21 18:05:51,751 - AdaPoinTr - INFO - [Epoch 139/200][Batch 501/2622] BatchTime = 0.714 (s) DataTime = 0.001 (s) Losses = ['5.9025', '43.5798'] lr = 0.0000048
2025-07-21 18:07:03,204 - AdaPoinTr - INFO - [Epoch 139/200][Batch 601/2622] BatchTime = 0.718 (s) DataTime = 0.001 (s) Losses = ['4.9369', '37.0893'] lr = 0.0000048
2025-07-21 18:08:15,014 - AdaPoinTr - INFO - [Epoch 139/200][Batch 701/2622] BatchTime = 0.714 (s) DataTime = 0.001 (s) Losses = ['4.5176', '38.1059'] lr = 0.0000048
2025-07-21 18:09:26,874 - AdaPoinTr - INFO - [Epoch 139/200][Batch 801/2622] BatchTime = 0.712 (s) DataTime = 0.001 (s) Losses = ['5.2570', '39.4046'] lr = 0.0000048
2025-07-21 18:10:38,662 - AdaPoinTr - INFO - [Epoch 139/200][Batch 901/2622] BatchTime = 0.712 (s) DataTime = 0.001 (s) Losses = ['5.0873', '43.5480'] lr = 0.0000048
2025-07-21 18:11:50,452 - AdaPoinTr - INFO - [Epoch 139/200][Batch 1001/2622] BatchTime = 0.713 (s) DataTime = 0.001 (s) Losses = ['4.6353', '37.1883'] lr = 0.0000048
2025-07-21 18:13:02,254 - AdaPoinTr - INFO - [Epoch 139/200][Batch 1101/2622] BatchTime = 0.708 (s) DataTime = 0.001 (s) Losses = ['5.7061', '43.0745'] lr = 0.0000048
2025-07-21 18:14:14,111 - AdaPoinTr - INFO - [Epoch 139/200][Batch 1201/2622] BatchTime = 0.717 (s) DataTime = 0.001 (s) Losses = ['5.9002', '41.9185'] lr = 0.0000048
2025-07-21 18:15:25,952 - AdaPoinTr - INFO - [Epoch 139/200][Batch 1301/2622] BatchTime = 0.716 (s) DataTime = 0.001 (s) Losses = ['5.0020', '40.9862'] lr = 0.0000048
2025-07-21 18:16:37,796 - AdaPoinTr - INFO - [Epoch 139/200][Batch 1401/2622] BatchTime = 0.715 (s) DataTime = 0.001 (s) Losses = ['5.4779', '38.4512'] lr = 0.0000048
2025-07-21 18:17:49,608 - AdaPoinTr - INFO - [Epoch 139/200][Batch 1501/2622] BatchTime = 0.717 (s) DataTime = 0.001 (s) Losses = ['4.7934', '35.5075'] lr = 0.0000048
2025-07-21 18:19:01,400 - AdaPoinTr - INFO - [Epoch 139/200][Batch 1601/2622] BatchTime = 0.718 (s) DataTime = 0.001 (s) Losses = ['5.1771', '37.6106'] lr = 0.0000048
2025-07-21 18:20:13,184 - AdaPoinTr - INFO - [Epoch 139/200][Batch 1701/2622] BatchTime = 0.716 (s) DataTime = 0.001 (s) Losses = ['5.8232', '40.6306'] lr = 0.0000048
2025-07-21 18:21:24,999 - AdaPoinTr - INFO - [Epoch 139/200][Batch 1801/2622] BatchTime = 0.707 (s) DataTime = 0.001 (s) Losses = ['5.6672', '45.6691'] lr = 0.0000048
2025-07-21 18:22:36,800 - AdaPoinTr - INFO - [Epoch 139/200][Batch 1901/2622] BatchTime = 0.709 (s) DataTime = 0.001 (s) Losses = ['5.2010', '39.0900'] lr = 0.0000048
2025-07-21 18:23:48,642 - AdaPoinTr - INFO - [Epoch 139/200][Batch 2001/2622] BatchTime = 0.709 (s) DataTime = 0.001 (s) Losses = ['5.2283', '36.9219'] lr = 0.0000048
2025-07-21 18:25:00,463 - AdaPoinTr - INFO - [Epoch 139/200][Batch 2101/2622] BatchTime = 0.705 (s) DataTime = 0.001 (s) Losses = ['5.3885', '42.1673'] lr = 0.0000048
2025-07-21 18:26:12,298 - AdaPoinTr - INFO - [Epoch 139/200][Batch 2201/2622] BatchTime = 0.706 (s) DataTime = 0.001 (s) Losses = ['5.8522', '41.9869'] lr = 0.0000048
2025-07-21 18:27:24,163 - AdaPoinTr - INFO - [Epoch 139/200][Batch 2301/2622] BatchTime = 0.706 (s) DataTime = 0.001 (s) Losses = ['4.8143', '35.6831'] lr = 0.0000048
2025-07-21 18:28:35,981 - AdaPoinTr - INFO - [Epoch 139/200][Batch 2401/2622] BatchTime = 0.706 (s) DataTime = 0.001 (s) Losses = ['5.2788', '39.1644'] lr = 0.0000048
2025-07-21 18:29:47,789 - AdaPoinTr - INFO - [Epoch 139/200][Batch 2501/2622] BatchTime = 0.709 (s) DataTime = 0.001 (s) Losses = ['4.8590', '36.9880'] lr = 0.0000048
2025-07-21 18:30:59,573 - AdaPoinTr - INFO - [Epoch 139/200][Batch 2601/2622] BatchTime = 0.707 (s) DataTime = 0.001 (s) Losses = ['5.7358', '43.9580'] lr = 0.0000048
2025-07-21 18:31:14,686 - AdaPoinTr - INFO - [Training] EPOCH: 139 EpochTime = 1882.763 (s) Losses = ['5.1705', '39.2138']
2025-07-21 18:31:15,144 - AdaPoinTr - INFO - Save checkpoint at ./experiments/AdaPoinTr/ShapeNet55_models/AdaPoinTr/ckpt-last.pth
2025-07-21 18:31:15,947 - AdaPoinTr - INFO - [Epoch 140/200][Batch 1/2622] BatchTime = 0.802 (s) DataTime = 0.090 (s) Losses = ['4.5465', '33.6096'] lr = 0.0000047
2025-07-21 18:32:27,764 - AdaPoinTr - INFO - [Epoch 140/200][Batch 101/2622] BatchTime = 0.717 (s) DataTime = 0.001 (s) Losses = ['4.3146', '32.6791'] lr = 0.0000047
2025-07-21 18:33:39,589 - AdaPoinTr - INFO - [Epoch 140/200][Batch 201/2622] BatchTime = 0.717 (s) DataTime = 0.001 (s) Losses = ['5.2879', '38.1667'] lr = 0.0000047
2025-07-21 18:34:51,431 - AdaPoinTr - INFO - [Epoch 140/200][Batch 301/2622] BatchTime = 0.717 (s) DataTime = 0.001 (s) Losses = ['5.5901', '44.0941'] lr = 0.0000047
2025-07-21 18:36:03,260 - AdaPoinTr - INFO - [Epoch 140/200][Batch 401/2622] BatchTime = 0.717 (s) DataTime = 0.001 (s) Losses = ['4.6496', '36.9812'] lr = 0.0000047
2025-07-21 18:37:15,094 - AdaPoinTr - INFO - [Epoch 140/200][Batch 501/2622] BatchTime = 0.713 (s) DataTime = 0.001 (s) Losses = ['5.0731', '41.3605'] lr = 0.0000047
2025-07-21 18:38:26,896 - AdaPoinTr - INFO - [Epoch 140/200][Batch 601/2622] BatchTime = 0.722 (s) DataTime = 0.001 (s) Losses = ['4.7809', '37.6665'] lr = 0.0000047
2025-07-21 18:39:38,727 - AdaPoinTr - INFO - [Epoch 140/200][Batch 701/2622] BatchTime = 0.711 (s) DataTime = 0.001 (s) Losses = ['4.7419', '36.1014'] lr = 0.0000047
2025-07-21 18:40:50,534 - AdaPoinTr - INFO - [Epoch 140/200][Batch 801/2622] BatchTime = 0.716 (s) DataTime = 0.001 (s) Losses = ['5.4062', '38.2437'] lr = 0.0000047
2025-07-21 18:42:02,357 - AdaPoinTr - INFO - [Epoch 140/200][Batch 901/2622] BatchTime = 0.710 (s) DataTime = 0.001 (s) Losses = ['5.3811', '40.2585'] lr = 0.0000047
2025-07-21 18:43:14,148 - AdaPoinTr - INFO - [Epoch 140/200][Batch 1001/2622] BatchTime = 0.706 (s) DataTime = 0.001 (s) Losses = ['5.1328', '41.9358'] lr = 0.0000047
2025-07-21 18:44:25,969 - AdaPoinTr - INFO - [Epoch 140/200][Batch 1101/2622] BatchTime = 0.704 (s) DataTime = 0.001 (s) Losses = ['4.8957', '38.0242'] lr = 0.0000047
2025-07-21 18:45:37,784 - AdaPoinTr - INFO - [Epoch 140/200][Batch 1201/2622] BatchTime = 0.711 (s) DataTime = 0.001 (s) Losses = ['5.1470', '40.9088'] lr = 0.0000047
2025-07-21 18:46:49,574 - AdaPoinTr - INFO - [Epoch 140/200][Batch 1301/2622] BatchTime = 0.718 (s) DataTime = 0.001 (s) Losses = ['4.0605', '33.6393'] lr = 0.0000047
2025-07-21 18:48:01,338 - AdaPoinTr - INFO - [Epoch 140/200][Batch 1401/2622] BatchTime = 0.713 (s) DataTime = 0.001 (s) Losses = ['5.0174', '37.6423'] lr = 0.0000047
2025-07-21 18:49:13,130 - AdaPoinTr - INFO - [Epoch 140/200][Batch 1501/2622] BatchTime = 0.715 (s) DataTime = 0.001 (s) Losses = ['5.1531', '42.5657'] lr = 0.0000047
2025-07-21 18:50:24,939 - AdaPoinTr - INFO - [Epoch 140/200][Batch 1601/2622] BatchTime = 0.716 (s) DataTime = 0.001 (s) Losses = ['5.0467', '38.2873'] lr = 0.0000047
2025-07-21 18:51:36,770 - AdaPoinTr - INFO - [Epoch 140/200][Batch 1701/2622] BatchTime = 0.720 (s) DataTime = 0.001 (s) Losses = ['4.8692', '39.8371'] lr = 0.0000047
2025-07-21 18:52:48,532 - AdaPoinTr - INFO - [Epoch 140/200][Batch 1801/2622] BatchTime = 0.707 (s) DataTime = 0.001 (s) Losses = ['5.8930', '44.5685'] lr = 0.0000047
2025-07-21 18:54:00,323 - AdaPoinTr - INFO - [Epoch 140/200][Batch 1901/2622] BatchTime = 0.709 (s) DataTime = 0.001 (s) Losses = ['4.8566', '42.3940'] lr = 0.0000047
2025-07-21 18:55:12,143 - AdaPoinTr - INFO - [Epoch 140/200][Batch 2001/2622] BatchTime = 0.706 (s) DataTime = 0.001 (s) Losses = ['5.1120', '39.6673'] lr = 0.0000047
2025-07-21 18:56:23,572 - AdaPoinTr - INFO - [Epoch 140/200][Batch 2101/2622] BatchTime = 0.713 (s) DataTime = 0.001 (s) Losses = ['4.9351', '38.7783'] lr = 0.0000047
2025-07-21 18:57:35,306 - AdaPoinTr - INFO - [Epoch 140/200][Batch 2201/2622] BatchTime = 0.718 (s) DataTime = 0.001 (s) Losses = ['4.7587', '38.6698'] lr = 0.0000047
2025-07-21 18:58:47,161 - AdaPoinTr - INFO - [Epoch 140/200][Batch 2301/2622] BatchTime = 0.720 (s) DataTime = 0.001 (s) Losses = ['5.4406', '39.2423'] lr = 0.0000047
2025-07-21 18:59:58,988 - AdaPoinTr - INFO - [Epoch 140/200][Batch 2401/2622] BatchTime = 0.720 (s) DataTime = 0.001 (s) Losses = ['5.7227', '40.4419'] lr = 0.0000047
2025-07-21 19:01:10,778 - AdaPoinTr - INFO - [Epoch 140/200][Batch 2501/2622] BatchTime = 0.722 (s) DataTime = 0.001 (s) Losses = ['5.1233', '39.5315'] lr = 0.0000047
2025-07-21 19:02:22,570 - AdaPoinTr - INFO - [Epoch 140/200][Batch 2601/2622] BatchTime = 0.713 (s) DataTime = 0.001 (s) Losses = ['4.9231', '35.7199'] lr = 0.0000047
2025-07-21 19:02:37,664 - AdaPoinTr - INFO - [Training] EPOCH: 140 EpochTime = 1882.519 (s) Losses = ['5.1709', '39.2199']
2025-07-21 19:02:37,664 - AdaPoinTr - INFO - [VALIDATION] Start validating epoch 140
2025-07-21 19:03:44,698 - AdaPoinTr - INFO - Test[1051/10518] Taxonomy = 02691156 Sample = c7749c0a8b61f43bc9b9e28055202e3d Losses = ['22.8289', '2.4236', '9.3369', '0.3453'] Metrics = ['0.5652', '9.3369', '0.3453', '0.0000']
2025-07-21 19:04:51,661 - AdaPoinTr - INFO - Test[2102/10518] Taxonomy = 03211117 Sample = ab2f9418c111cc6ddb965514105122a4 Losses = ['20.0680', '1.5320', '7.5139', '0.1991'] Metrics = ['0.6412', '7.5139', '0.1991', '0.0000']
2025-07-21 19:05:58,598 - AdaPoinTr - INFO - Test[3153/10518] Taxonomy = 02876657 Sample = c5032e4be091aabb36fe7a88df793982 Losses = ['36.7331', '5.6061', '15.5538', '1.1362'] Metrics = ['0.3624', '15.5538', '1.1362', '0.0000']
2025-07-21 19:07:05,601 - AdaPoinTr - INFO - Test[4204/10518] Taxonomy = 03211117 Sample = 722df1da5778d45b1e43523279c7f09f Losses = ['33.0585', '4.2540', '12.7304', '0.6463'] Metrics = ['0.4044', '12.7304', '0.6463', '0.0000']
2025-07-21 19:08:12,533 - AdaPoinTr - INFO - Test[5255/10518] Taxonomy = 02828884 Sample = 14b63361a48a9fffe4a048c146e8bd43 Losses = ['31.4407', '3.8434', '17.4060', '1.8410'] Metrics = ['0.4026', '17.4060', '1.8410', '0.0000']
2025-07-21 19:09:19,543 - AdaPoinTr - INFO - Test[6306/10518] Taxonomy = 03211117 Sample = d330d50a0255529d19ed6e1a590c9122 Losses = ['25.3311', '2.6040', '9.9892', '0.3593'] Metrics = ['0.4735', '9.9892', '0.3593', '0.0000']
2025-07-21 19:10:26,505 - AdaPoinTr - INFO - Test[7357/10518] Taxonomy = 04379243 Sample = b1ca280d9567270ade98d10ab5975b59 Losses = ['32.9280', '4.2592', '14.7149', '0.8706'] Metrics = ['0.2871', '14.7149', '0.8706', '0.0000']
2025-07-21 19:11:33,422 - AdaPoinTr - INFO - Test[8408/10518] Taxonomy = 03001627 Sample = 89208a619341d9fdb8c516ed5c4ce32 Losses = ['26.3017', '2.4776', '12.5257', '0.4988'] Metrics = ['0.3130', '12.5257', '0.4988', '0.0000']
2025-07-21 19:12:40,322 - AdaPoinTr - INFO - Test[9459/10518] Taxonomy = 03001627 Sample = d0255120e3351121c3bd24f986301745 Losses = ['39.7027', '6.0383', '20.8431', '2.0980'] Metrics = ['0.2286', '20.8431', '2.0980', '0.0000']
2025-07-21 19:13:47,228 - AdaPoinTr - INFO - Test[10510/10518] Taxonomy = 03636649 Sample = ea9ec4d9db2e06202471e6dd5ac3ef92 Losses = ['16.2050', '1.0672', '6.7715', '0.2010'] Metrics = ['0.7894', '6.7715', '0.2010', '0.0000']
2025-07-21 19:13:47,771 - AdaPoinTr - INFO - [Validation] EPOCH: 140  Metrics = ['0.3824', '13.6774', '0.9061', '0.0000']
2025-07-21 19:13:47,771 - AdaPoinTr - INFO - ============================ TEST RESULTS ============================
2025-07-21 19:13:47,771 - AdaPoinTr - INFO - Taxonomy	#Sample	F-Score	CDL1	CDL2	EMDistance	#ModelName	
2025-07-21 19:13:47,771 - AdaPoinTr - INFO - 03759954	14	0.557 	14.374 	1.751 	0.000 	microphone	
2025-07-21 19:13:47,771 - AdaPoinTr - INFO - 04330267	44	0.305 	15.103 	1.037 	0.000 	stove	
2025-07-21 19:13:47,771 - AdaPoinTr - INFO - 03261776	15	0.341 	18.057 	2.316 	0.000 	earphone	
2025-07-21 19:13:47,771 - AdaPoinTr - INFO - 03513137	33	0.226 	19.237 	1.839 	0.000 	helmet	
2025-07-21 19:13:47,771 - AdaPoinTr - INFO - 04460130	27	0.446 	12.995 	0.830 	0.000 	tower	
2025-07-21 19:13:47,771 - AdaPoinTr - INFO - 04468005	78	0.402 	12.372 	0.652 	0.000 	train	
2025-07-21 19:13:47,771 - AdaPoinTr - INFO - 03761084	31	0.252 	15.615 	0.931 	0.000 	microwaves	
2025-07-21 19:13:47,771 - AdaPoinTr - INFO - 04004475	34	0.280 	16.309 	1.239 	0.000 	printer	
2025-07-21 19:13:47,771 - AdaPoinTr - INFO - 03938244	20	0.322 	13.781 	0.737 	0.000 	pillow	
2025-07-21 19:13:47,771 - AdaPoinTr - INFO - 02992529	167	0.435 	10.604 	0.405 	0.000 	cellphone	
2025-07-21 19:13:47,771 - AdaPoinTr - INFO - 02808440	172	0.303 	14.541 	0.978 	0.000 	bathtub	
2025-07-21 19:13:47,771 - AdaPoinTr - INFO - 04530566	388	0.520 	10.894 	0.575 	0.000 	watercraft	
2025-07-21 19:13:47,771 - AdaPoinTr - INFO - 02871439	91	0.261 	15.821 	1.082 	0.000 	bookshelf	
2025-07-21 19:13:47,771 - AdaPoinTr - INFO - 03593526	120	0.273 	17.322 	1.482 	0.000 	jar	
2025-07-21 19:13:47,771 - AdaPoinTr - INFO - 04554684	34	0.241 	17.009 	1.200 	0.000 	washer	
2025-07-21 19:13:47,771 - AdaPoinTr - INFO - 03467517	160	0.836 	6.293 	0.187 	0.000 	guitar	
2025-07-21 19:13:47,771 - AdaPoinTr - INFO - 04401088	218	0.440 	10.453 	0.395 	0.000 	telephone	
2025-07-21 19:13:47,771 - AdaPoinTr - INFO - 02954340	12	0.318 	13.802 	0.748 	0.000 	cap	
2025-07-21 19:13:47,771 - AdaPoinTr - INFO - 02933112	315	0.249 	14.944 	0.832 	0.000 	cabinet	
2025-07-21 19:13:47,771 - AdaPoinTr - INFO - 03642806	92	0.397 	10.897 	0.426 	0.000 	laptop	
2025-07-21 19:13:47,771 - AdaPoinTr - INFO - 02924116	188	0.376 	12.144 	0.561 	0.000 	bus	
2025-07-21 19:13:47,771 - AdaPoinTr - INFO - 02946921	22	0.269 	15.414 	1.020 	0.000 	can	
2025-07-21 19:13:47,772 - AdaPoinTr - INFO - 02818832	47	0.303 	15.223 	1.007 	0.000 	bed	
2025-07-21 19:13:47,772 - AdaPoinTr - INFO - 04256520	635	0.311 	13.634 	0.695 	0.000 	sofa	
2025-07-21 19:13:47,772 - AdaPoinTr - INFO - 04379243	1687	0.399 	12.181 	0.691 	0.000 	table	
2025-07-21 19:13:47,772 - AdaPoinTr - INFO - 02747177	69	0.201 	17.525 	1.290 	0.000 	trash bin	
2025-07-21 19:13:47,772 - AdaPoinTr - INFO - 03046257	131	0.329 	14.046 	0.868 	0.000 	clock	
2025-07-21 19:13:47,772 - AdaPoinTr - INFO - 04225987	31	0.575 	9.117 	0.321 	0.000 	skateboard	
2025-07-21 19:13:47,772 - AdaPoinTr - INFO - 03797390	43	0.203 	17.887 	1.322 	0.000 	mug	
2025-07-21 19:13:47,772 - AdaPoinTr - INFO - 03001627	1356	0.384 	13.097 	0.781 	0.000 	chair	
2025-07-21 19:13:47,772 - AdaPoinTr - INFO - 03691459	320	0.265 	16.569 	1.235 	0.000 	loudspeaker	
2025-07-21 19:13:47,772 - AdaPoinTr - INFO - 02942699	23	0.254 	19.120 	1.874 	0.000 	camera	
2025-07-21 19:13:47,772 - AdaPoinTr - INFO - 03636649	464	0.557 	12.416 	1.113 	0.000 	lamp	
2025-07-21 19:13:47,772 - AdaPoinTr - INFO - 02691156	809	0.600 	9.002 	0.364 	0.000 	airplane	
2025-07-21 19:13:47,772 - AdaPoinTr - INFO - 02773838	17	0.376 	13.278 	0.847 	0.000 	bag	
2025-07-21 19:13:47,772 - AdaPoinTr - INFO - 02958343	703	0.230 	15.675 	0.888 	0.000 	car	
2025-07-21 19:13:47,772 - AdaPoinTr - INFO - 02880940	38	0.240 	15.382 	0.898 	0.000 	bowl	
2025-07-21 19:13:47,772 - AdaPoinTr - INFO - 04099429	17	0.707 	8.874 	0.455 	0.000 	rocket	
2025-07-21 19:13:47,772 - AdaPoinTr - INFO - 02828884	363	0.457 	10.796 	0.555 	0.000 	bench	
2025-07-21 19:13:47,772 - AdaPoinTr - INFO - 04090263	475	0.710 	8.142 	0.374 	0.000 	rifle	
2025-07-21 19:13:47,772 - AdaPoinTr - INFO - 03211117	219	0.367 	12.830 	0.715 	0.000 	display	
2025-07-21 19:13:47,772 - AdaPoinTr - INFO - 02876657	100	0.440 	12.212 	0.778 	0.000 	bottle	
2025-07-21 19:13:47,772 - AdaPoinTr - INFO - 03710193	19	0.562 	10.718 	0.631 	0.000 	mailbox	
2025-07-21 19:13:47,772 - AdaPoinTr - INFO - 03790512	68	0.263 	16.342 	1.088 	0.000 	motorbike	
2025-07-21 19:13:47,772 - AdaPoinTr - INFO - 03325088	149	0.484 	13.697 	1.185 	0.000 	faucet	
2025-07-21 19:13:47,772 - AdaPoinTr - INFO - 02801938	23	0.241 	15.882 	1.019 	0.000 	basket	
2025-07-21 19:13:47,772 - AdaPoinTr - INFO - 03337140	60	0.252 	15.415 	0.909 	0.000 	file cabinet	
2025-07-21 19:13:47,772 - AdaPoinTr - INFO - 02843684	15	0.250 	18.895 	1.655 	0.000 	birdhouse	
2025-07-21 19:13:47,772 - AdaPoinTr - INFO - 03624134	85	0.807 	6.740 	0.239 	0.000 	knife	
2025-07-21 19:13:47,772 - AdaPoinTr - INFO - 03991062	121	0.248 	18.570 	1.652 	0.000 	flowerpot	
2025-07-21 19:13:47,772 - AdaPoinTr - INFO - 03948459	62	0.481 	11.474 	0.598 	0.000 	pistol	
2025-07-21 19:13:47,772 - AdaPoinTr - INFO - 03928116	48	0.306 	14.957 	1.065 	0.000 	piano	
2025-07-21 19:13:47,772 - AdaPoinTr - INFO - 03207941	19	0.255 	14.704 	0.813 	0.000 	dishwasher	
2025-07-21 19:13:47,772 - AdaPoinTr - INFO - 04074963	14	0.470 	10.410 	0.398 	0.000 	remote	
2025-07-21 19:13:47,772 - AdaPoinTr - INFO - 03085013	13	0.462 	9.467 	0.289 	0.000 	keyboard	
2025-07-21 19:13:47,772 - AdaPoinTr - INFO - Overall		0.382 	13.677 	0.906 	0.000 	
2025-07-21 19:13:48,240 - AdaPoinTr - INFO - Save checkpoint at ./experiments/AdaPoinTr/ShapeNet55_models/AdaPoinTr/ckpt-last.pth
2025-07-21 19:13:49,042 - AdaPoinTr - INFO - [Epoch 141/200][Batch 1/2622] BatchTime = 0.801 (s) DataTime = 0.090 (s) Losses = ['4.8468', '34.4009'] lr = 0.0000046
2025-07-21 19:15:00,833 - AdaPoinTr - INFO - [Epoch 141/200][Batch 101/2622] BatchTime = 0.717 (s) DataTime = 0.001 (s) Losses = ['5.4821', '38.0623'] lr = 0.0000046
2025-07-21 19:16:12,623 - AdaPoinTr - INFO - [Epoch 141/200][Batch 201/2622] BatchTime = 0.715 (s) DataTime = 0.001 (s) Losses = ['5.4133', '42.2023'] lr = 0.0000046
2025-07-21 19:17:24,405 - AdaPoinTr - INFO - [Epoch 141/200][Batch 301/2622] BatchTime = 0.708 (s) DataTime = 0.001 (s) Losses = ['5.3486', '39.6702'] lr = 0.0000046
2025-07-21 19:18:36,228 - AdaPoinTr - INFO - [Epoch 141/200][Batch 401/2622] BatchTime = 0.710 (s) DataTime = 0.001 (s) Losses = ['5.4264', '38.9052'] lr = 0.0000046
2025-07-21 19:19:48,059 - AdaPoinTr - INFO - [Epoch 141/200][Batch 501/2622] BatchTime = 0.709 (s) DataTime = 0.001 (s) Losses = ['4.4713', '36.3729'] lr = 0.0000046
2025-07-21 19:20:59,865 - AdaPoinTr - INFO - [Epoch 141/200][Batch 601/2622] BatchTime = 0.707 (s) DataTime = 0.001 (s) Losses = ['5.7088', '38.1645'] lr = 0.0000046
2025-07-21 19:22:11,678 - AdaPoinTr - INFO - [Epoch 141/200][Batch 701/2622] BatchTime = 0.706 (s) DataTime = 0.001 (s) Losses = ['4.4464', '32.6133'] lr = 0.0000046
2025-07-21 19:23:23,496 - AdaPoinTr - INFO - [Epoch 141/200][Batch 801/2622] BatchTime = 0.701 (s) DataTime = 0.001 (s) Losses = ['4.9595', '36.9384'] lr = 0.0000046
2025-07-21 19:24:35,317 - AdaPoinTr - INFO - [Epoch 141/200][Batch 901/2622] BatchTime = 0.707 (s) DataTime = 0.001 (s) Losses = ['5.0335', '36.0164'] lr = 0.0000046
2025-07-21 19:25:47,141 - AdaPoinTr - INFO - [Epoch 141/200][Batch 1001/2622] BatchTime = 0.714 (s) DataTime = 0.001 (s) Losses = ['4.7958', '37.6263'] lr = 0.0000046
2025-07-21 19:26:58,921 - AdaPoinTr - INFO - [Epoch 141/200][Batch 1101/2622] BatchTime = 0.715 (s) DataTime = 0.001 (s) Losses = ['5.3729', '40.6270'] lr = 0.0000046
2025-07-21 19:28:10,776 - AdaPoinTr - INFO - [Epoch 141/200][Batch 1201/2622] BatchTime = 0.720 (s) DataTime = 0.001 (s) Losses = ['5.7532', '42.6806'] lr = 0.0000046
2025-07-21 19:29:22,564 - AdaPoinTr - INFO - [Epoch 141/200][Batch 1301/2622] BatchTime = 0.716 (s) DataTime = 0.001 (s) Losses = ['4.5923', '36.0579'] lr = 0.0000046
2025-07-21 19:30:34,395 - AdaPoinTr - INFO - [Epoch 141/200][Batch 1401/2622] BatchTime = 0.717 (s) DataTime = 0.001 (s) Losses = ['4.8738', '38.5936'] lr = 0.0000046
2025-07-21 19:31:46,175 - AdaPoinTr - INFO - [Epoch 141/200][Batch 1501/2622] BatchTime = 0.710 (s) DataTime = 0.001 (s) Losses = ['4.8103', '35.0257'] lr = 0.0000046
2025-07-21 19:32:57,946 - AdaPoinTr - INFO - [Epoch 141/200][Batch 1601/2622] BatchTime = 0.708 (s) DataTime = 0.001 (s) Losses = ['5.3616', '41.1981'] lr = 0.0000046
2025-07-21 19:34:09,731 - AdaPoinTr - INFO - [Epoch 141/200][Batch 1701/2622] BatchTime = 0.705 (s) DataTime = 0.001 (s) Losses = ['4.6219', '36.6933'] lr = 0.0000046
2025-07-21 19:35:21,590 - AdaPoinTr - INFO - [Epoch 141/200][Batch 1801/2622] BatchTime = 0.703 (s) DataTime = 0.001 (s) Losses = ['4.9236', '38.0305'] lr = 0.0000046
2025-07-21 19:36:33,426 - AdaPoinTr - INFO - [Epoch 141/200][Batch 1901/2622] BatchTime = 0.707 (s) DataTime = 0.001 (s) Losses = ['5.6212', '43.8808'] lr = 0.0000046
2025-07-21 19:37:45,212 - AdaPoinTr - INFO - [Epoch 141/200][Batch 2001/2622] BatchTime = 0.707 (s) DataTime = 0.001 (s) Losses = ['5.1735', '36.9809'] lr = 0.0000046
2025-07-21 19:38:57,020 - AdaPoinTr - INFO - [Epoch 141/200][Batch 2101/2622] BatchTime = 0.708 (s) DataTime = 0.001 (s) Losses = ['5.9035', '44.0737'] lr = 0.0000046
2025-07-21 19:40:08,838 - AdaPoinTr - INFO - [Epoch 141/200][Batch 2201/2622] BatchTime = 0.715 (s) DataTime = 0.001 (s) Losses = ['5.3742', '40.7325'] lr = 0.0000046
2025-07-21 19:41:20,316 - AdaPoinTr - INFO - [Epoch 141/200][Batch 2301/2622] BatchTime = 0.711 (s) DataTime = 0.001 (s) Losses = ['5.0637', '38.6233'] lr = 0.0000046
2025-07-21 19:42:32,121 - AdaPoinTr - INFO - [Epoch 141/200][Batch 2401/2622] BatchTime = 0.715 (s) DataTime = 0.001 (s) Losses = ['5.3630', '41.7671'] lr = 0.0000046
2025-07-21 19:43:43,952 - AdaPoinTr - INFO - [Epoch 141/200][Batch 2501/2622] BatchTime = 0.719 (s) DataTime = 0.001 (s) Losses = ['5.6153', '39.7804'] lr = 0.0000046
2025-07-21 19:44:55,724 - AdaPoinTr - INFO - [Epoch 141/200][Batch 2601/2622] BatchTime = 0.713 (s) DataTime = 0.001 (s) Losses = ['5.3056', '40.7524'] lr = 0.0000046
2025-07-21 19:45:10,854 - AdaPoinTr - INFO - [Training] EPOCH: 141 EpochTime = 1882.613 (s) Losses = ['5.1685', '39.3003']
2025-07-21 19:45:11,320 - AdaPoinTr - INFO - Save checkpoint at ./experiments/AdaPoinTr/ShapeNet55_models/AdaPoinTr/ckpt-last.pth
2025-07-21 19:45:12,129 - AdaPoinTr - INFO - [Epoch 142/200][Batch 1/2622] BatchTime = 0.808 (s) DataTime = 0.091 (s) Losses = ['4.9495', '39.3508'] lr = 0.0000045
2025-07-21 19:46:23,932 - AdaPoinTr - INFO - [Epoch 142/200][Batch 101/2622] BatchTime = 0.711 (s) DataTime = 0.001 (s) Losses = ['4.9362', '39.2010'] lr = 0.0000045
2025-07-21 19:47:35,735 - AdaPoinTr - INFO - [Epoch 142/200][Batch 201/2622] BatchTime = 0.710 (s) DataTime = 0.001 (s) Losses = ['4.7507', '39.9067'] lr = 0.0000045
2025-07-21 19:48:47,585 - AdaPoinTr - INFO - [Epoch 142/200][Batch 301/2622] BatchTime = 0.713 (s) DataTime = 0.001 (s) Losses = ['5.0429', '37.2907'] lr = 0.0000045
2025-07-21 19:49:59,385 - AdaPoinTr - INFO - [Epoch 142/200][Batch 401/2622] BatchTime = 0.705 (s) DataTime = 0.001 (s) Losses = ['5.3775', '38.3759'] lr = 0.0000045
2025-07-21 19:51:11,163 - AdaPoinTr - INFO - [Epoch 142/200][Batch 501/2622] BatchTime = 0.712 (s) DataTime = 0.001 (s) Losses = ['5.5757', '43.1075'] lr = 0.0000045
2025-07-21 19:52:22,974 - AdaPoinTr - INFO - [Epoch 142/200][Batch 601/2622] BatchTime = 0.714 (s) DataTime = 0.001 (s) Losses = ['5.2172', '40.3813'] lr = 0.0000045
2025-07-21 19:53:34,795 - AdaPoinTr - INFO - [Epoch 142/200][Batch 701/2622] BatchTime = 0.714 (s) DataTime = 0.001 (s) Losses = ['6.0786', '43.4007'] lr = 0.0000045
2025-07-21 19:54:46,573 - AdaPoinTr - INFO - [Epoch 142/200][Batch 801/2622] BatchTime = 0.717 (s) DataTime = 0.001 (s) Losses = ['5.1647', '44.4332'] lr = 0.0000045
2025-07-21 19:55:58,361 - AdaPoinTr - INFO - [Epoch 142/200][Batch 901/2622] BatchTime = 0.717 (s) DataTime = 0.001 (s) Losses = ['5.0797', '41.4896'] lr = 0.0000045
2025-07-21 19:57:10,169 - AdaPoinTr - INFO - [Epoch 142/200][Batch 1001/2622] BatchTime = 0.717 (s) DataTime = 0.001 (s) Losses = ['4.9233', '38.7728'] lr = 0.0000045
2025-07-21 19:58:22,022 - AdaPoinTr - INFO - [Epoch 142/200][Batch 1101/2622] BatchTime = 0.721 (s) DataTime = 0.001 (s) Losses = ['4.7395', '36.3002'] lr = 0.0000045
2025-07-21 19:59:33,827 - AdaPoinTr - INFO - [Epoch 142/200][Batch 1201/2622] BatchTime = 0.712 (s) DataTime = 0.001 (s) Losses = ['5.2714', '40.0143'] lr = 0.0000045
2025-07-21 20:00:45,623 - AdaPoinTr - INFO - [Epoch 142/200][Batch 1301/2622] BatchTime = 0.712 (s) DataTime = 0.001 (s) Losses = ['4.9857', '40.8353'] lr = 0.0000045
2025-07-21 20:01:57,420 - AdaPoinTr - INFO - [Epoch 142/200][Batch 1401/2622] BatchTime = 0.709 (s) DataTime = 0.001 (s) Losses = ['5.3288', '42.4758'] lr = 0.0000045
2025-07-21 20:03:09,208 - AdaPoinTr - INFO - [Epoch 142/200][Batch 1501/2622] BatchTime = 0.708 (s) DataTime = 0.001 (s) Losses = ['5.3888', '39.1789'] lr = 0.0000045
2025-07-21 20:04:21,028 - AdaPoinTr - INFO - [Epoch 142/200][Batch 1601/2622] BatchTime = 0.714 (s) DataTime = 0.001 (s) Losses = ['5.2107', '40.1259'] lr = 0.0000045
2025-07-21 20:05:32,846 - AdaPoinTr - INFO - [Epoch 142/200][Batch 1701/2622] BatchTime = 0.714 (s) DataTime = 0.001 (s) Losses = ['5.8084', '40.1928'] lr = 0.0000045
2025-07-21 20:06:44,637 - AdaPoinTr - INFO - [Epoch 142/200][Batch 1801/2622] BatchTime = 0.720 (s) DataTime = 0.001 (s) Losses = ['4.8798', '37.1573'] lr = 0.0000045
2025-07-21 20:07:56,414 - AdaPoinTr - INFO - [Epoch 142/200][Batch 1901/2622] BatchTime = 0.716 (s) DataTime = 0.001 (s) Losses = ['5.0928', '39.5876'] lr = 0.0000045
2025-07-21 20:09:08,219 - AdaPoinTr - INFO - [Epoch 142/200][Batch 2001/2622] BatchTime = 0.715 (s) DataTime = 0.001 (s) Losses = ['4.9085', '37.9490'] lr = 0.0000045
2025-07-21 20:10:20,006 - AdaPoinTr - INFO - [Epoch 142/200][Batch 2101/2622] BatchTime = 0.711 (s) DataTime = 0.001 (s) Losses = ['4.8249', '35.4288'] lr = 0.0000045
2025-07-21 20:11:31,827 - AdaPoinTr - INFO - [Epoch 142/200][Batch 2201/2622] BatchTime = 0.712 (s) DataTime = 0.001 (s) Losses = ['5.4103', '39.6034'] lr = 0.0000045
2025-07-21 20:12:43,606 - AdaPoinTr - INFO - [Epoch 142/200][Batch 2301/2622] BatchTime = 0.702 (s) DataTime = 0.001 (s) Losses = ['5.4051', '41.4488'] lr = 0.0000045
2025-07-21 20:13:55,412 - AdaPoinTr - INFO - [Epoch 142/200][Batch 2401/2622] BatchTime = 0.704 (s) DataTime = 0.001 (s) Losses = ['5.3502', '38.6475'] lr = 0.0000045
2025-07-21 20:15:07,190 - AdaPoinTr - INFO - [Epoch 142/200][Batch 2501/2622] BatchTime = 0.708 (s) DataTime = 0.001 (s) Losses = ['5.2019', '41.9915'] lr = 0.0000045
2025-07-21 20:16:18,999 - AdaPoinTr - INFO - [Epoch 142/200][Batch 2601/2622] BatchTime = 0.717 (s) DataTime = 0.001 (s) Losses = ['6.0415', '42.8053'] lr = 0.0000045
2025-07-21 20:16:34,128 - AdaPoinTr - INFO - [Training] EPOCH: 142 EpochTime = 1882.807 (s) Losses = ['5.1662', '39.2251']
2025-07-21 20:16:34,597 - AdaPoinTr - INFO - Save checkpoint at ./experiments/AdaPoinTr/ShapeNet55_models/AdaPoinTr/ckpt-last.pth
2025-07-21 20:16:35,407 - AdaPoinTr - INFO - [Epoch 143/200][Batch 1/2622] BatchTime = 0.809 (s) DataTime = 0.093 (s) Losses = ['5.4802', '38.5713'] lr = 0.0000044
2025-07-21 20:17:47,193 - AdaPoinTr - INFO - [Epoch 143/200][Batch 101/2622] BatchTime = 0.713 (s) DataTime = 0.001 (s) Losses = ['4.6954', '35.4335'] lr = 0.0000044
2025-07-21 20:18:59,001 - AdaPoinTr - INFO - [Epoch 143/200][Batch 201/2622] BatchTime = 0.714 (s) DataTime = 0.001 (s) Losses = ['5.3600', '40.4598'] lr = 0.0000044
2025-07-21 20:20:10,826 - AdaPoinTr - INFO - [Epoch 143/200][Batch 301/2622] BatchTime = 0.713 (s) DataTime = 0.001 (s) Losses = ['5.2673', '42.4530'] lr = 0.0000044
2025-07-21 20:21:22,584 - AdaPoinTr - INFO - [Epoch 143/200][Batch 401/2622] BatchTime = 0.711 (s) DataTime = 0.001 (s) Losses = ['5.2032', '42.5917'] lr = 0.0000044
2025-07-21 20:22:34,397 - AdaPoinTr - INFO - [Epoch 143/200][Batch 501/2622] BatchTime = 0.711 (s) DataTime = 0.001 (s) Losses = ['5.3308', '38.5820'] lr = 0.0000044
2025-07-21 20:23:46,178 - AdaPoinTr - INFO - [Epoch 143/200][Batch 601/2622] BatchTime = 0.706 (s) DataTime = 0.001 (s) Losses = ['5.2141', '38.0368'] lr = 0.0000044
2025-07-21 20:24:57,959 - AdaPoinTr - INFO - [Epoch 143/200][Batch 701/2622] BatchTime = 0.710 (s) DataTime = 0.001 (s) Losses = ['4.9148', '40.9259'] lr = 0.0000044
2025-07-21 20:26:09,742 - AdaPoinTr - INFO - [Epoch 143/200][Batch 801/2622] BatchTime = 0.715 (s) DataTime = 0.001 (s) Losses = ['4.9305', '39.5369'] lr = 0.0000044
2025-07-21 20:27:21,572 - AdaPoinTr - INFO - [Epoch 143/200][Batch 901/2622] BatchTime = 0.716 (s) DataTime = 0.001 (s) Losses = ['4.9798', '39.1450'] lr = 0.0000044
2025-07-21 20:28:33,367 - AdaPoinTr - INFO - [Epoch 143/200][Batch 1001/2622] BatchTime = 0.716 (s) DataTime = 0.001 (s) Losses = ['5.2814', '37.1119'] lr = 0.0000044
2025-07-21 20:29:45,163 - AdaPoinTr - INFO - [Epoch 143/200][Batch 1101/2622] BatchTime = 0.716 (s) DataTime = 0.001 (s) Losses = ['5.0161', '39.5256'] lr = 0.0000044
2025-07-21 20:30:56,646 - AdaPoinTr - INFO - [Epoch 143/200][Batch 1201/2622] BatchTime = 0.708 (s) DataTime = 0.001 (s) Losses = ['5.5800', '43.8784'] lr = 0.0000044
2025-07-21 20:32:08,451 - AdaPoinTr - INFO - [Epoch 143/200][Batch 1301/2622] BatchTime = 0.710 (s) DataTime = 0.001 (s) Losses = ['5.2247', '38.7604'] lr = 0.0000044
2025-07-21 20:33:20,258 - AdaPoinTr - INFO - [Epoch 143/200][Batch 1401/2622] BatchTime = 0.705 (s) DataTime = 0.001 (s) Losses = ['5.0830', '37.0868'] lr = 0.0000044
2025-07-21 20:34:32,048 - AdaPoinTr - INFO - [Epoch 143/200][Batch 1501/2622] BatchTime = 0.709 (s) DataTime = 0.001 (s) Losses = ['5.0425', '39.8782'] lr = 0.0000044
2025-07-21 20:35:43,875 - AdaPoinTr - INFO - [Epoch 143/200][Batch 1601/2622] BatchTime = 0.707 (s) DataTime = 0.001 (s) Losses = ['5.1429', '38.6617'] lr = 0.0000044
2025-07-21 20:36:55,691 - AdaPoinTr - INFO - [Epoch 143/200][Batch 1701/2622] BatchTime = 0.718 (s) DataTime = 0.001 (s) Losses = ['5.1703', '37.1432'] lr = 0.0000044
2025-07-21 20:38:07,494 - AdaPoinTr - INFO - [Epoch 143/200][Batch 1801/2622] BatchTime = 0.714 (s) DataTime = 0.001 (s) Losses = ['4.7456', '37.9345'] lr = 0.0000044
2025-07-21 20:39:19,310 - AdaPoinTr - INFO - [Epoch 143/200][Batch 1901/2622] BatchTime = 0.710 (s) DataTime = 0.001 (s) Losses = ['4.8996', '38.1307'] lr = 0.0000044
2025-07-21 20:40:31,079 - AdaPoinTr - INFO - [Epoch 143/200][Batch 2001/2622] BatchTime = 0.716 (s) DataTime = 0.001 (s) Losses = ['4.8238', '36.2603'] lr = 0.0000044
2025-07-21 20:41:42,899 - AdaPoinTr - INFO - [Epoch 143/200][Batch 2101/2622] BatchTime = 0.716 (s) DataTime = 0.001 (s) Losses = ['4.8515', '40.4139'] lr = 0.0000044
2025-07-21 20:42:54,657 - AdaPoinTr - INFO - [Epoch 143/200][Batch 2201/2622] BatchTime = 0.708 (s) DataTime = 0.001 (s) Losses = ['5.2865', '41.5842'] lr = 0.0000044
2025-07-21 20:44:06,478 - AdaPoinTr - INFO - [Epoch 143/200][Batch 2301/2622] BatchTime = 0.701 (s) DataTime = 0.001 (s) Losses = ['5.5505', '39.0049'] lr = 0.0000044
2025-07-21 20:45:18,256 - AdaPoinTr - INFO - [Epoch 143/200][Batch 2401/2622] BatchTime = 0.709 (s) DataTime = 0.001 (s) Losses = ['5.6285', '43.0347'] lr = 0.0000044
2025-07-21 20:46:30,042 - AdaPoinTr - INFO - [Epoch 143/200][Batch 2501/2622] BatchTime = 0.713 (s) DataTime = 0.001 (s) Losses = ['4.6034', '38.5201'] lr = 0.0000044
2025-07-21 20:47:41,838 - AdaPoinTr - INFO - [Epoch 143/200][Batch 2601/2622] BatchTime = 0.717 (s) DataTime = 0.001 (s) Losses = ['5.3029', '41.5894'] lr = 0.0000044
2025-07-21 20:47:56,957 - AdaPoinTr - INFO - [Training] EPOCH: 143 EpochTime = 1882.359 (s) Losses = ['5.1633', '39.2050']
2025-07-21 20:47:57,417 - AdaPoinTr - INFO - Save checkpoint at ./experiments/AdaPoinTr/ShapeNet55_models/AdaPoinTr/ckpt-last.pth
2025-07-21 20:47:58,228 - AdaPoinTr - INFO - [Epoch 144/200][Batch 1/2622] BatchTime = 0.810 (s) DataTime = 0.090 (s) Losses = ['5.6806', '40.1004'] lr = 0.0000043
2025-07-21 20:49:10,030 - AdaPoinTr - INFO - [Epoch 144/200][Batch 101/2622] BatchTime = 0.716 (s) DataTime = 0.001 (s) Losses = ['5.3231', '39.3329'] lr = 0.0000043
2025-07-21 20:50:21,830 - AdaPoinTr - INFO - [Epoch 144/200][Batch 201/2622] BatchTime = 0.726 (s) DataTime = 0.001 (s) Losses = ['4.8215', '38.2962'] lr = 0.0000043
2025-07-21 20:51:33,628 - AdaPoinTr - INFO - [Epoch 144/200][Batch 301/2622] BatchTime = 0.718 (s) DataTime = 0.001 (s) Losses = ['4.7637', '35.2229'] lr = 0.0000043
2025-07-21 20:52:45,428 - AdaPoinTr - INFO - [Epoch 144/200][Batch 401/2622] BatchTime = 0.715 (s) DataTime = 0.001 (s) Losses = ['5.0797', '41.8474'] lr = 0.0000043
2025-07-21 20:53:57,226 - AdaPoinTr - INFO - [Epoch 144/200][Batch 501/2622] BatchTime = 0.712 (s) DataTime = 0.001 (s) Losses = ['4.9689', '39.2578'] lr = 0.0000043
2025-07-21 20:55:08,975 - AdaPoinTr - INFO - [Epoch 144/200][Batch 601/2622] BatchTime = 0.706 (s) DataTime = 0.001 (s) Losses = ['5.3669', '41.2079'] lr = 0.0000043
2025-07-21 20:56:20,869 - AdaPoinTr - INFO - [Epoch 144/200][Batch 701/2622] BatchTime = 0.710 (s) DataTime = 0.001 (s) Losses = ['4.6935', '39.6739'] lr = 0.0000043
2025-07-21 20:57:32,664 - AdaPoinTr - INFO - [Epoch 144/200][Batch 801/2622] BatchTime = 0.706 (s) DataTime = 0.001 (s) Losses = ['4.7662', '36.5742'] lr = 0.0000043
2025-07-21 20:58:44,499 - AdaPoinTr - INFO - [Epoch 144/200][Batch 901/2622] BatchTime = 0.708 (s) DataTime = 0.001 (s) Losses = ['5.5656', '41.9690'] lr = 0.0000043
2025-07-21 20:59:56,266 - AdaPoinTr - INFO - [Epoch 144/200][Batch 1001/2622] BatchTime = 0.708 (s) DataTime = 0.001 (s) Losses = ['5.5007', '45.8315'] lr = 0.0000043
2025-07-21 21:01:08,091 - AdaPoinTr - INFO - [Epoch 144/200][Batch 1101/2622] BatchTime = 0.714 (s) DataTime = 0.001 (s) Losses = ['5.1828', '38.5267'] lr = 0.0000043
2025-07-21 21:02:19,883 - AdaPoinTr - INFO - [Epoch 144/200][Batch 1201/2622] BatchTime = 0.716 (s) DataTime = 0.001 (s) Losses = ['4.9477', '42.0379'] lr = 0.0000043
2025-07-21 21:03:31,659 - AdaPoinTr - INFO - [Epoch 144/200][Batch 1301/2622] BatchTime = 0.716 (s) DataTime = 0.001 (s) Losses = ['5.3222', '38.7795'] lr = 0.0000043
2025-07-21 21:04:43,458 - AdaPoinTr - INFO - [Epoch 144/200][Batch 1401/2622] BatchTime = 0.714 (s) DataTime = 0.001 (s) Losses = ['4.7083', '35.1260'] lr = 0.0000043
2025-07-21 21:05:55,268 - AdaPoinTr - INFO - [Epoch 144/200][Batch 1501/2622] BatchTime = 0.713 (s) DataTime = 0.001 (s) Losses = ['5.9031', '43.6692'] lr = 0.0000043
2025-07-21 21:07:07,068 - AdaPoinTr - INFO - [Epoch 144/200][Batch 1601/2622] BatchTime = 0.709 (s) DataTime = 0.001 (s) Losses = ['5.0982', '43.5707'] lr = 0.0000043
2025-07-21 21:08:18,855 - AdaPoinTr - INFO - [Epoch 144/200][Batch 1701/2622] BatchTime = 0.708 (s) DataTime = 0.001 (s) Losses = ['5.5357', '40.1591'] lr = 0.0000043
2025-07-21 21:09:30,620 - AdaPoinTr - INFO - [Epoch 144/200][Batch 1801/2622] BatchTime = 0.710 (s) DataTime = 0.001 (s) Losses = ['6.2247', '43.5862'] lr = 0.0000043
2025-07-21 21:10:42,464 - AdaPoinTr - INFO - [Epoch 144/200][Batch 1901/2622] BatchTime = 0.710 (s) DataTime = 0.001 (s) Losses = ['4.8252', '35.6455'] lr = 0.0000043
2025-07-21 21:11:54,273 - AdaPoinTr - INFO - [Epoch 144/200][Batch 2001/2622] BatchTime = 0.714 (s) DataTime = 0.001 (s) Losses = ['5.4035', '39.8958'] lr = 0.0000043
2025-07-21 21:13:06,070 - AdaPoinTr - INFO - [Epoch 144/200][Batch 2101/2622] BatchTime = 0.717 (s) DataTime = 0.001 (s) Losses = ['5.2457', '41.0784'] lr = 0.0000043
2025-07-21 21:14:17,850 - AdaPoinTr - INFO - [Epoch 144/200][Batch 2201/2622] BatchTime = 0.717 (s) DataTime = 0.001 (s) Losses = ['5.2142', '41.9486'] lr = 0.0000043
2025-07-21 21:15:29,629 - AdaPoinTr - INFO - [Epoch 144/200][Batch 2301/2622] BatchTime = 0.713 (s) DataTime = 0.001 (s) Losses = ['5.3138', '40.2999'] lr = 0.0000043
2025-07-21 21:16:41,430 - AdaPoinTr - INFO - [Epoch 144/200][Batch 2401/2622] BatchTime = 0.707 (s) DataTime = 0.001 (s) Losses = ['4.6548', '35.5205'] lr = 0.0000043
2025-07-21 21:17:53,225 - AdaPoinTr - INFO - [Epoch 144/200][Batch 2501/2622] BatchTime = 0.708 (s) DataTime = 0.001 (s) Losses = ['5.3616', '39.7116'] lr = 0.0000043
2025-07-21 21:19:05,021 - AdaPoinTr - INFO - [Epoch 144/200][Batch 2601/2622] BatchTime = 0.711 (s) DataTime = 0.001 (s) Losses = ['4.7065', '36.8364'] lr = 0.0000043
2025-07-21 21:19:20,147 - AdaPoinTr - INFO - [Training] EPOCH: 144 EpochTime = 1882.729 (s) Losses = ['5.1635', '39.2555']
2025-07-21 21:19:20,607 - AdaPoinTr - INFO - Save checkpoint at ./experiments/AdaPoinTr/ShapeNet55_models/AdaPoinTr/ckpt-last.pth
2025-07-21 21:19:21,414 - AdaPoinTr - INFO - [Epoch 145/200][Batch 1/2622] BatchTime = 0.806 (s) DataTime = 0.097 (s) Losses = ['4.4258', '38.9937'] lr = 0.0000043
2025-07-21 21:20:18,817 - AdaPoinTr - INFO - [Epoch 145/200][Batch 101/2622] BatchTime = 0.512 (s) DataTime = 0.001 (s) Losses = ['5.4235', '41.6020'] lr = 0.0000043
2025-07-21 21:21:10,395 - AdaPoinTr - INFO - [Epoch 145/200][Batch 201/2622] BatchTime = 0.510 (s) DataTime = 0.001 (s) Losses = ['5.0758', '39.0410'] lr = 0.0000043
2025-07-21 21:22:01,998 - AdaPoinTr - INFO - [Epoch 145/200][Batch 301/2622] BatchTime = 0.506 (s) DataTime = 0.001 (s) Losses = ['5.2687', '38.2908'] lr = 0.0000043
2025-07-21 21:22:53,575 - AdaPoinTr - INFO - [Epoch 145/200][Batch 401/2622] BatchTime = 0.511 (s) DataTime = 0.001 (s) Losses = ['4.5815', '34.9493'] lr = 0.0000043
2025-07-21 21:23:45,126 - AdaPoinTr - INFO - [Epoch 145/200][Batch 501/2622] BatchTime = 0.512 (s) DataTime = 0.001 (s) Losses = ['5.1601', '40.0031'] lr = 0.0000043
2025-07-21 21:24:36,689 - AdaPoinTr - INFO - [Epoch 145/200][Batch 601/2622] BatchTime = 0.514 (s) DataTime = 0.001 (s) Losses = ['4.5247', '34.3051'] lr = 0.0000043
2025-07-21 21:25:28,283 - AdaPoinTr - INFO - [Epoch 145/200][Batch 701/2622] BatchTime = 0.513 (s) DataTime = 0.001 (s) Losses = ['4.4034', '37.0307'] lr = 0.0000043
2025-07-21 21:26:19,856 - AdaPoinTr - INFO - [Epoch 145/200][Batch 801/2622] BatchTime = 0.511 (s) DataTime = 0.001 (s) Losses = ['4.4558', '33.4739'] lr = 0.0000043
2025-07-21 21:27:11,425 - AdaPoinTr - INFO - [Epoch 145/200][Batch 901/2622] BatchTime = 0.514 (s) DataTime = 0.001 (s) Losses = ['5.5584', '39.2722'] lr = 0.0000043
2025-07-21 21:28:03,014 - AdaPoinTr - INFO - [Epoch 145/200][Batch 1001/2622] BatchTime = 0.509 (s) DataTime = 0.001 (s) Losses = ['4.8875', '39.6425'] lr = 0.0000043
2025-07-21 21:28:54,585 - AdaPoinTr - INFO - [Epoch 145/200][Batch 1101/2622] BatchTime = 0.508 (s) DataTime = 0.001 (s) Losses = ['5.2480', '36.3934'] lr = 0.0000043
2025-07-21 21:29:46,185 - AdaPoinTr - INFO - [Epoch 145/200][Batch 1201/2622] BatchTime = 0.504 (s) DataTime = 0.001 (s) Losses = ['4.0921', '33.0853'] lr = 0.0000043
2025-07-21 21:30:37,740 - AdaPoinTr - INFO - [Epoch 145/200][Batch 1301/2622] BatchTime = 0.513 (s) DataTime = 0.001 (s) Losses = ['5.3574', '39.2593'] lr = 0.0000043
2025-07-21 21:31:40,249 - AdaPoinTr - INFO - [Epoch 145/200][Batch 1401/2622] BatchTime = 0.715 (s) DataTime = 0.001 (s) Losses = ['5.2086', '36.3483'] lr = 0.0000043
2025-07-21 21:32:52,067 - AdaPoinTr - INFO - [Epoch 145/200][Batch 1501/2622] BatchTime = 0.713 (s) DataTime = 0.001 (s) Losses = ['5.1303', '36.6245'] lr = 0.0000043
2025-07-21 21:34:03,844 - AdaPoinTr - INFO - [Epoch 145/200][Batch 1601/2622] BatchTime = 0.709 (s) DataTime = 0.001 (s) Losses = ['4.7771', '39.0856'] lr = 0.0000043
2025-07-21 21:35:15,659 - AdaPoinTr - INFO - [Epoch 145/200][Batch 1701/2622] BatchTime = 0.706 (s) DataTime = 0.001 (s) Losses = ['5.8662', '43.1926'] lr = 0.0000043
2025-07-21 21:36:27,459 - AdaPoinTr - INFO - [Epoch 145/200][Batch 1801/2622] BatchTime = 0.709 (s) DataTime = 0.001 (s) Losses = ['4.2590', '35.3336'] lr = 0.0000043
2025-07-21 21:37:39,273 - AdaPoinTr - INFO - [Epoch 145/200][Batch 1901/2622] BatchTime = 0.715 (s) DataTime = 0.001 (s) Losses = ['4.9564', '37.1330'] lr = 0.0000043
2025-07-21 21:38:51,047 - AdaPoinTr - INFO - [Epoch 145/200][Batch 2001/2622] BatchTime = 0.712 (s) DataTime = 0.001 (s) Losses = ['4.8572', '37.0555'] lr = 0.0000043
2025-07-21 21:40:02,865 - AdaPoinTr - INFO - [Epoch 145/200][Batch 2101/2622] BatchTime = 0.716 (s) DataTime = 0.001 (s) Losses = ['4.6686', '37.6989'] lr = 0.0000043
2025-07-21 21:41:14,662 - AdaPoinTr - INFO - [Epoch 145/200][Batch 2201/2622] BatchTime = 0.718 (s) DataTime = 0.001 (s) Losses = ['4.6983', '35.7880'] lr = 0.0000043
2025-07-21 21:42:26,425 - AdaPoinTr - INFO - [Epoch 145/200][Batch 2301/2622] BatchTime = 0.712 (s) DataTime = 0.001 (s) Losses = ['5.3005', '39.3839'] lr = 0.0000043
2025-07-21 21:43:38,247 - AdaPoinTr - INFO - [Epoch 145/200][Batch 2401/2622] BatchTime = 0.709 (s) DataTime = 0.001 (s) Losses = ['5.6262', '43.5364'] lr = 0.0000043
2025-07-21 21:44:50,044 - AdaPoinTr - INFO - [Epoch 145/200][Batch 2501/2622] BatchTime = 0.710 (s) DataTime = 0.001 (s) Losses = ['5.0962', '40.0547'] lr = 0.0000043
2025-07-21 21:46:01,853 - AdaPoinTr - INFO - [Epoch 145/200][Batch 2601/2622] BatchTime = 0.705 (s) DataTime = 0.001 (s) Losses = ['4.6784', '33.5133'] lr = 0.0000043
2025-07-21 21:46:16,963 - AdaPoinTr - INFO - [Training] EPOCH: 145 EpochTime = 1616.354 (s) Losses = ['5.1618', '39.1980']
2025-07-21 21:46:16,963 - AdaPoinTr - INFO - [VALIDATION] Start validating epoch 145
2025-07-21 21:47:24,065 - AdaPoinTr - INFO - Test[1051/10518] Taxonomy = 02691156 Sample = c7749c0a8b61f43bc9b9e28055202e3d Losses = ['21.4883', '1.8923', '9.7625', '0.3703'] Metrics = ['0.5684', '9.7625', '0.3703', '0.0000']
2025-07-21 21:48:31,128 - AdaPoinTr - INFO - Test[2102/10518] Taxonomy = 03211117 Sample = ab2f9418c111cc6ddb965514105122a4 Losses = ['19.2141', '1.3041', '7.4882', '0.1811'] Metrics = ['0.6484', '7.4882', '0.1811', '0.0000']
2025-07-21 21:49:38,177 - AdaPoinTr - INFO - Test[3153/10518] Taxonomy = 02876657 Sample = c5032e4be091aabb36fe7a88df793982 Losses = ['39.6798', '6.9423', '14.7215', '0.8775'] Metrics = ['0.3287', '14.7215', '0.8775', '0.0000']
2025-07-21 21:50:45,179 - AdaPoinTr - INFO - Test[4204/10518] Taxonomy = 03211117 Sample = 722df1da5778d45b1e43523279c7f09f Losses = ['37.1177', '6.3108', '17.4955', '1.6500'] Metrics = ['0.3736', '17.4955', '1.6500', '0.0000']
2025-07-21 21:51:52,158 - AdaPoinTr - INFO - Test[5255/10518] Taxonomy = 02828884 Sample = 14b63361a48a9fffe4a048c146e8bd43 Losses = ['30.1588', '3.4625', '13.8530', '0.9007'] Metrics = ['0.4134', '13.8530', '0.9007', '0.0000']
2025-07-21 21:52:59,185 - AdaPoinTr - INFO - Test[6306/10518] Taxonomy = 03211117 Sample = d330d50a0255529d19ed6e1a590c9122 Losses = ['26.7226', '3.3143', '10.9352', '0.5222'] Metrics = ['0.4830', '10.9352', '0.5222', '0.0000']
2025-07-21 21:54:06,240 - AdaPoinTr - INFO - Test[7357/10518] Taxonomy = 04379243 Sample = b1ca280d9567270ade98d10ab5975b59 Losses = ['26.8147', '2.5283', '13.4370', '0.5582'] Metrics = ['0.2962', '13.4370', '0.5582', '0.0000']
2025-07-21 21:55:13,288 - AdaPoinTr - INFO - Test[8408/10518] Taxonomy = 03001627 Sample = 89208a619341d9fdb8c516ed5c4ce32 Losses = ['27.6062', '2.7101', '12.4324', '0.4822'] Metrics = ['0.3025', '12.4324', '0.4822', '0.0000']
2025-07-21 21:56:20,250 - AdaPoinTr - INFO - Test[9459/10518] Taxonomy = 03001627 Sample = d0255120e3351121c3bd24f986301745 Losses = ['39.8718', '5.9215', '18.4723', '1.5786'] Metrics = ['0.2366', '18.4723', '1.5786', '0.0000']
2025-07-21 21:57:27,162 - AdaPoinTr - INFO - Test[10510/10518] Taxonomy = 03636649 Sample = ea9ec4d9db2e06202471e6dd5ac3ef92 Losses = ['24.4435', '3.0363', '13.2495', '1.2854'] Metrics = ['0.6712', '13.2495', '1.2854', '0.0000']
2025-07-21 21:57:27,697 - AdaPoinTr - INFO - [Validation] EPOCH: 145  Metrics = ['0.3847', '13.6136', '0.9042', '0.0000']
2025-07-21 21:57:27,697 - AdaPoinTr - INFO - ============================ TEST RESULTS ============================
2025-07-21 21:57:27,697 - AdaPoinTr - INFO - Taxonomy	#Sample	F-Score	CDL1	CDL2	EMDistance	#ModelName	
2025-07-21 21:57:27,697 - AdaPoinTr - INFO - 03759954	14	0.587 	12.806 	1.194 	0.000 	microphone	
2025-07-21 21:57:27,697 - AdaPoinTr - INFO - 04330267	44	0.307 	14.541 	0.835 	0.000 	stove	
2025-07-21 21:57:27,697 - AdaPoinTr - INFO - 03261776	15	0.326 	18.254 	1.982 	0.000 	earphone	
2025-07-21 21:57:27,697 - AdaPoinTr - INFO - 03513137	33	0.223 	21.808 	3.355 	0.000 	helmet	
2025-07-21 21:57:27,697 - AdaPoinTr - INFO - 04460130	27	0.452 	13.044 	0.867 	0.000 	tower	
2025-07-21 21:57:27,697 - AdaPoinTr - INFO - 04468005	78	0.411 	11.910 	0.579 	0.000 	train	
2025-07-21 21:57:27,697 - AdaPoinTr - INFO - 03761084	31	0.247 	16.285 	1.081 	0.000 	microwaves	
2025-07-21 21:57:27,697 - AdaPoinTr - INFO - 04004475	34	0.281 	16.277 	1.200 	0.000 	printer	
2025-07-21 21:57:27,697 - AdaPoinTr - INFO - 03938244	20	0.322 	13.574 	0.732 	0.000 	pillow	
2025-07-21 21:57:27,697 - AdaPoinTr - INFO - 02992529	167	0.436 	10.637 	0.411 	0.000 	cellphone	
2025-07-21 21:57:27,697 - AdaPoinTr - INFO - 02808440	172	0.307 	14.171 	0.875 	0.000 	bathtub	
2025-07-21 21:57:27,697 - AdaPoinTr - INFO - 04530566	388	0.519 	10.816 	0.568 	0.000 	watercraft	
2025-07-21 21:57:27,697 - AdaPoinTr - INFO - 02871439	91	0.263 	15.706 	1.036 	0.000 	bookshelf	
2025-07-21 21:57:27,697 - AdaPoinTr - INFO - 03593526	120	0.286 	16.085 	1.175 	0.000 	jar	
2025-07-21 21:57:27,697 - AdaPoinTr - INFO - 04554684	34	0.239 	17.667 	1.428 	0.000 	washer	
2025-07-21 21:57:27,697 - AdaPoinTr - INFO - 03467517	160	0.831 	6.337 	0.189 	0.000 	guitar	
2025-07-21 21:57:27,697 - AdaPoinTr - INFO - 04401088	218	0.437 	10.547 	0.414 	0.000 	telephone	
2025-07-21 21:57:27,697 - AdaPoinTr - INFO - 02954340	12	0.326 	13.433 	0.758 	0.000 	cap	
2025-07-21 21:57:27,697 - AdaPoinTr - INFO - 02933112	315	0.251 	14.767 	0.799 	0.000 	cabinet	
2025-07-21 21:57:27,697 - AdaPoinTr - INFO - 03642806	92	0.390 	10.954 	0.416 	0.000 	laptop	
2025-07-21 21:57:27,697 - AdaPoinTr - INFO - 02924116	188	0.379 	12.058 	0.551 	0.000 	bus	
2025-07-21 21:57:27,697 - AdaPoinTr - INFO - 02946921	22	0.270 	15.102 	0.958 	0.000 	can	
2025-07-21 21:57:27,697 - AdaPoinTr - INFO - 02818832	47	0.301 	15.734 	1.145 	0.000 	bed	
2025-07-21 21:57:27,698 - AdaPoinTr - INFO - 04256520	635	0.313 	13.690 	0.713 	0.000 	sofa	
2025-07-21 21:57:27,698 - AdaPoinTr - INFO - 04379243	1687	0.400 	12.200 	0.702 	0.000 	table	
2025-07-21 21:57:27,698 - AdaPoinTr - INFO - 02747177	69	0.204 	17.086 	1.150 	0.000 	trash bin	
2025-07-21 21:57:27,698 - AdaPoinTr - INFO - 03046257	131	0.326 	14.023 	0.809 	0.000 	clock	
2025-07-21 21:57:27,698 - AdaPoinTr - INFO - 04225987	31	0.576 	8.849 	0.285 	0.000 	skateboard	
2025-07-21 21:57:27,698 - AdaPoinTr - INFO - 03797390	43	0.204 	18.041 	1.322 	0.000 	mug	
2025-07-21 21:57:27,698 - AdaPoinTr - INFO - 03001627	1356	0.388 	12.964 	0.754 	0.000 	chair	
2025-07-21 21:57:27,698 - AdaPoinTr - INFO - 03691459	320	0.268 	16.479 	1.215 	0.000 	loudspeaker	
2025-07-21 21:57:27,698 - AdaPoinTr - INFO - 02942699	23	0.254 	18.720 	1.816 	0.000 	camera	
2025-07-21 21:57:27,698 - AdaPoinTr - INFO - 03636649	464	0.557 	12.605 	1.212 	0.000 	lamp	
2025-07-21 21:57:27,698 - AdaPoinTr - INFO - 02691156	809	0.599 	9.022 	0.361 	0.000 	airplane	
2025-07-21 21:57:27,698 - AdaPoinTr - INFO - 02773838	17	0.361 	13.863 	0.940 	0.000 	bag	
2025-07-21 21:57:27,698 - AdaPoinTr - INFO - 02958343	703	0.232 	15.626 	0.886 	0.000 	car	
2025-07-21 21:57:27,698 - AdaPoinTr - INFO - 02880940	38	0.245 	14.964 	0.794 	0.000 	bowl	
2025-07-21 21:57:27,698 - AdaPoinTr - INFO - 04099429	17	0.768 	6.981 	0.221 	0.000 	rocket	
2025-07-21 21:57:27,698 - AdaPoinTr - INFO - 02828884	363	0.460 	10.463 	0.456 	0.000 	bench	
2025-07-21 21:57:27,698 - AdaPoinTr - INFO - 04090263	475	0.709 	8.161 	0.364 	0.000 	rifle	
2025-07-21 21:57:27,698 - AdaPoinTr - INFO - 03211117	219	0.368 	12.591 	0.673 	0.000 	display	
2025-07-21 21:57:27,698 - AdaPoinTr - INFO - 02876657	100	0.451 	11.110 	0.514 	0.000 	bottle	
2025-07-21 21:57:27,698 - AdaPoinTr - INFO - 03710193	19	0.559 	11.864 	0.962 	0.000 	mailbox	
2025-07-21 21:57:27,698 - AdaPoinTr - INFO - 03790512	68	0.261 	16.328 	1.101 	0.000 	motorbike	
2025-07-21 21:57:27,698 - AdaPoinTr - INFO - 03325088	149	0.489 	13.956 	1.365 	0.000 	faucet	
2025-07-21 21:57:27,698 - AdaPoinTr - INFO - 02801938	23	0.238 	16.117 	1.048 	0.000 	basket	
2025-07-21 21:57:27,698 - AdaPoinTr - INFO - 03337140	60	0.249 	15.704 	0.977 	0.000 	file cabinet	
2025-07-21 21:57:27,698 - AdaPoinTr - INFO - 02843684	15	0.245 	18.667 	1.566 	0.000 	birdhouse	
2025-07-21 21:57:27,698 - AdaPoinTr - INFO - 03624134	85	0.795 	6.834 	0.231 	0.000 	knife	
2025-07-21 21:57:27,698 - AdaPoinTr - INFO - 03991062	121	0.248 	18.541 	1.585 	0.000 	flowerpot	
2025-07-21 21:57:27,698 - AdaPoinTr - INFO - 03948459	62	0.493 	11.105 	0.591 	0.000 	pistol	
2025-07-21 21:57:27,698 - AdaPoinTr - INFO - 03928116	48	0.305 	14.808 	0.988 	0.000 	piano	
2025-07-21 21:57:27,698 - AdaPoinTr - INFO - 03207941	19	0.249 	15.225 	0.869 	0.000 	dishwasher	
2025-07-21 21:57:27,698 - AdaPoinTr - INFO - 04074963	14	0.493 	9.836 	0.336 	0.000 	remote	
2025-07-21 21:57:27,698 - AdaPoinTr - INFO - 03085013	13	0.462 	9.814 	0.378 	0.000 	keyboard	
2025-07-21 21:57:27,698 - AdaPoinTr - INFO - Overall		0.385 	13.614 	0.904 	0.000 	
2025-07-21 21:57:28,158 - AdaPoinTr - INFO - Save checkpoint at ./experiments/AdaPoinTr/ShapeNet55_models/AdaPoinTr/ckpt-last.pth
2025-07-21 21:57:28,959 - AdaPoinTr - INFO - [Epoch 146/200][Batch 1/2622] BatchTime = 0.800 (s) DataTime = 0.091 (s) Losses = ['4.9799', '38.9617'] lr = 0.0000042
2025-07-21 21:58:40,726 - AdaPoinTr - INFO - [Epoch 146/200][Batch 101/2622] BatchTime = 0.707 (s) DataTime = 0.001 (s) Losses = ['5.3303', '40.3785'] lr = 0.0000042
2025-07-21 21:59:52,523 - AdaPoinTr - INFO - [Epoch 146/200][Batch 201/2622] BatchTime = 0.714 (s) DataTime = 0.001 (s) Losses = ['5.1957', '37.9483'] lr = 0.0000042
2025-07-21 22:01:04,324 - AdaPoinTr - INFO - [Epoch 146/200][Batch 301/2622] BatchTime = 0.715 (s) DataTime = 0.001 (s) Losses = ['5.0708', '40.0417'] lr = 0.0000042
2025-07-21 22:02:16,174 - AdaPoinTr - INFO - [Epoch 146/200][Batch 401/2622] BatchTime = 0.716 (s) DataTime = 0.001 (s) Losses = ['5.3834', '41.5721'] lr = 0.0000042
2025-07-21 22:03:27,931 - AdaPoinTr - INFO - [Epoch 146/200][Batch 501/2622] BatchTime = 0.715 (s) DataTime = 0.001 (s) Losses = ['5.0235', '38.2209'] lr = 0.0000042
2025-07-21 22:04:39,724 - AdaPoinTr - INFO - [Epoch 146/200][Batch 601/2622] BatchTime = 0.710 (s) DataTime = 0.001 (s) Losses = ['5.1669', '37.2410'] lr = 0.0000042
2025-07-21 22:05:51,559 - AdaPoinTr - INFO - [Epoch 146/200][Batch 701/2622] BatchTime = 0.710 (s) DataTime = 0.001 (s) Losses = ['4.6610', '36.6549'] lr = 0.0000042
2025-07-21 22:07:03,354 - AdaPoinTr - INFO - [Epoch 146/200][Batch 801/2622] BatchTime = 0.706 (s) DataTime = 0.001 (s) Losses = ['4.8282', '33.8555'] lr = 0.0000042
2025-07-21 22:08:15,169 - AdaPoinTr - INFO - [Epoch 146/200][Batch 901/2622] BatchTime = 0.708 (s) DataTime = 0.001 (s) Losses = ['5.4472', '45.0252'] lr = 0.0000042
2025-07-21 22:09:26,961 - AdaPoinTr - INFO - [Epoch 146/200][Batch 1001/2622] BatchTime = 0.705 (s) DataTime = 0.001 (s) Losses = ['5.0680', '37.4752'] lr = 0.0000042
2025-07-21 22:10:38,732 - AdaPoinTr - INFO - [Epoch 146/200][Batch 1101/2622] BatchTime = 0.718 (s) DataTime = 0.001 (s) Losses = ['4.9312', '36.4368'] lr = 0.0000042
2025-07-21 22:11:50,531 - AdaPoinTr - INFO - [Epoch 146/200][Batch 1201/2622] BatchTime = 0.720 (s) DataTime = 0.001 (s) Losses = ['5.0687', '38.5494'] lr = 0.0000042
2025-07-21 22:13:02,286 - AdaPoinTr - INFO - [Epoch 146/200][Batch 1301/2622] BatchTime = 0.712 (s) DataTime = 0.001 (s) Losses = ['4.5081', '38.0352'] lr = 0.0000042
2025-07-21 22:14:14,115 - AdaPoinTr - INFO - [Epoch 146/200][Batch 1401/2622] BatchTime = 0.712 (s) DataTime = 0.001 (s) Losses = ['5.2444', '44.2628'] lr = 0.0000042
2025-07-21 22:15:25,864 - AdaPoinTr - INFO - [Epoch 146/200][Batch 1501/2622] BatchTime = 0.707 (s) DataTime = 0.001 (s) Losses = ['5.2460', '38.4401'] lr = 0.0000042
2025-07-21 22:16:37,341 - AdaPoinTr - INFO - [Epoch 146/200][Batch 1601/2622] BatchTime = 0.712 (s) DataTime = 0.001 (s) Losses = ['4.9518', '36.0770'] lr = 0.0000042
2025-07-21 22:17:49,107 - AdaPoinTr - INFO - [Epoch 146/200][Batch 1701/2622] BatchTime = 0.712 (s) DataTime = 0.001 (s) Losses = ['5.4228', '40.8908'] lr = 0.0000042
2025-07-21 22:19:00,857 - AdaPoinTr - INFO - [Epoch 146/200][Batch 1801/2622] BatchTime = 0.716 (s) DataTime = 0.001 (s) Losses = ['5.2683', '40.2865'] lr = 0.0000042
2025-07-21 22:20:12,632 - AdaPoinTr - INFO - [Epoch 146/200][Batch 1901/2622] BatchTime = 0.714 (s) DataTime = 0.001 (s) Losses = ['5.2976', '40.5031'] lr = 0.0000042
2025-07-21 22:21:24,425 - AdaPoinTr - INFO - [Epoch 146/200][Batch 2001/2622] BatchTime = 0.710 (s) DataTime = 0.001 (s) Losses = ['5.6705', '41.3808'] lr = 0.0000042
2025-07-21 22:22:36,243 - AdaPoinTr - INFO - [Epoch 146/200][Batch 2101/2622] BatchTime = 0.709 (s) DataTime = 0.001 (s) Losses = ['5.1982', '44.4928'] lr = 0.0000042
2025-07-21 22:23:48,046 - AdaPoinTr - INFO - [Epoch 146/200][Batch 2201/2622] BatchTime = 0.705 (s) DataTime = 0.001 (s) Losses = ['4.7764', '38.6236'] lr = 0.0000042
2025-07-21 22:24:59,842 - AdaPoinTr - INFO - [Epoch 146/200][Batch 2301/2622] BatchTime = 0.706 (s) DataTime = 0.001 (s) Losses = ['4.9646', '39.2827'] lr = 0.0000042
2025-07-21 22:26:11,645 - AdaPoinTr - INFO - [Epoch 146/200][Batch 2401/2622] BatchTime = 0.709 (s) DataTime = 0.001 (s) Losses = ['4.9028', '35.0098'] lr = 0.0000042
2025-07-21 22:27:23,460 - AdaPoinTr - INFO - [Epoch 146/200][Batch 2501/2622] BatchTime = 0.709 (s) DataTime = 0.001 (s) Losses = ['5.6186', '41.2655'] lr = 0.0000042
2025-07-21 22:28:35,235 - AdaPoinTr - INFO - [Epoch 146/200][Batch 2601/2622] BatchTime = 0.716 (s) DataTime = 0.001 (s) Losses = ['4.4604', '37.7320'] lr = 0.0000042
2025-07-21 22:28:50,352 - AdaPoinTr - INFO - [Training] EPOCH: 146 EpochTime = 1882.194 (s) Losses = ['5.1664', '39.1732']
2025-07-21 22:28:50,816 - AdaPoinTr - INFO - Save checkpoint at ./experiments/AdaPoinTr/ShapeNet55_models/AdaPoinTr/ckpt-last.pth
2025-07-21 22:28:51,629 - AdaPoinTr - INFO - [Epoch 147/200][Batch 1/2622] BatchTime = 0.812 (s) DataTime = 0.092 (s) Losses = ['5.0803', '39.7648'] lr = 0.0000041
2025-07-21 22:30:03,405 - AdaPoinTr - INFO - [Epoch 147/200][Batch 101/2622] BatchTime = 0.715 (s) DataTime = 0.001 (s) Losses = ['5.4923', '38.8082'] lr = 0.0000041
2025-07-21 22:31:15,183 - AdaPoinTr - INFO - [Epoch 147/200][Batch 201/2622] BatchTime = 0.715 (s) DataTime = 0.001 (s) Losses = ['5.7848', '43.0755'] lr = 0.0000041
2025-07-21 22:32:26,993 - AdaPoinTr - INFO - [Epoch 147/200][Batch 301/2622] BatchTime = 0.718 (s) DataTime = 0.001 (s) Losses = ['5.3897', '44.2023'] lr = 0.0000041
2025-07-21 22:33:38,799 - AdaPoinTr - INFO - [Epoch 147/200][Batch 401/2622] BatchTime = 0.712 (s) DataTime = 0.001 (s) Losses = ['5.1990', '39.3835'] lr = 0.0000041
2025-07-21 22:34:50,563 - AdaPoinTr - INFO - [Epoch 147/200][Batch 501/2622] BatchTime = 0.707 (s) DataTime = 0.001 (s) Losses = ['5.5816', '38.1059'] lr = 0.0000041
2025-07-21 22:36:02,370 - AdaPoinTr - INFO - [Epoch 147/200][Batch 601/2622] BatchTime = 0.706 (s) DataTime = 0.001 (s) Losses = ['6.0342', '41.7893'] lr = 0.0000041
2025-07-21 22:37:14,164 - AdaPoinTr - INFO - [Epoch 147/200][Batch 701/2622] BatchTime = 0.708 (s) DataTime = 0.001 (s) Losses = ['4.9685', '40.2980'] lr = 0.0000041
2025-07-21 22:38:25,962 - AdaPoinTr - INFO - [Epoch 147/200][Batch 801/2622] BatchTime = 0.708 (s) DataTime = 0.001 (s) Losses = ['4.2311', '30.9423'] lr = 0.0000041
2025-07-21 22:39:37,742 - AdaPoinTr - INFO - [Epoch 147/200][Batch 901/2622] BatchTime = 0.714 (s) DataTime = 0.001 (s) Losses = ['5.0140', '37.5660'] lr = 0.0000041
2025-07-21 22:40:49,498 - AdaPoinTr - INFO - [Epoch 147/200][Batch 1001/2622] BatchTime = 0.720 (s) DataTime = 0.001 (s) Losses = ['5.2569', '36.3615'] lr = 0.0000041
2025-07-21 22:42:01,299 - AdaPoinTr - INFO - [Epoch 147/200][Batch 1101/2622] BatchTime = 0.715 (s) DataTime = 0.001 (s) Losses = ['5.0014', '37.7306'] lr = 0.0000041
2025-07-21 22:43:13,099 - AdaPoinTr - INFO - [Epoch 147/200][Batch 1201/2622] BatchTime = 0.713 (s) DataTime = 0.001 (s) Losses = ['4.9180', '36.2894'] lr = 0.0000041
2025-07-21 22:44:24,900 - AdaPoinTr - INFO - [Epoch 147/200][Batch 1301/2622] BatchTime = 0.710 (s) DataTime = 0.001 (s) Losses = ['5.2381', '37.1557'] lr = 0.0000041
2025-07-21 22:45:36,718 - AdaPoinTr - INFO - [Epoch 147/200][Batch 1401/2622] BatchTime = 0.710 (s) DataTime = 0.001 (s) Losses = ['4.6890', '34.8701'] lr = 0.0000041
2025-07-21 22:46:48,481 - AdaPoinTr - INFO - [Epoch 147/200][Batch 1501/2622] BatchTime = 0.703 (s) DataTime = 0.001 (s) Losses = ['5.7923', '44.7781'] lr = 0.0000041
2025-07-21 22:48:00,274 - AdaPoinTr - INFO - [Epoch 147/200][Batch 1601/2622] BatchTime = 0.711 (s) DataTime = 0.001 (s) Losses = ['4.5661', '31.8594'] lr = 0.0000041
2025-07-21 22:49:12,054 - AdaPoinTr - INFO - [Epoch 147/200][Batch 1701/2622] BatchTime = 0.708 (s) DataTime = 0.001 (s) Losses = ['5.1341', '37.6293'] lr = 0.0000041
2025-07-21 22:50:23,837 - AdaPoinTr - INFO - [Epoch 147/200][Batch 1801/2622] BatchTime = 0.718 (s) DataTime = 0.001 (s) Losses = ['5.1126', '40.7309'] lr = 0.0000041
2025-07-21 22:51:35,619 - AdaPoinTr - INFO - [Epoch 147/200][Batch 1901/2622] BatchTime = 0.717 (s) DataTime = 0.001 (s) Losses = ['5.6848', '47.0839'] lr = 0.0000041
2025-07-21 22:52:47,435 - AdaPoinTr - INFO - [Epoch 147/200][Batch 2001/2622] BatchTime = 0.717 (s) DataTime = 0.001 (s) Losses = ['5.1650', '37.8091'] lr = 0.0000041
2025-07-21 22:53:59,236 - AdaPoinTr - INFO - [Epoch 147/200][Batch 2101/2622] BatchTime = 0.720 (s) DataTime = 0.001 (s) Losses = ['6.2086', '45.7588'] lr = 0.0000041
2025-07-21 22:55:11,062 - AdaPoinTr - INFO - [Epoch 147/200][Batch 2201/2622] BatchTime = 0.719 (s) DataTime = 0.001 (s) Losses = ['4.5794', '33.6690'] lr = 0.0000041
2025-07-21 22:56:22,855 - AdaPoinTr - INFO - [Epoch 147/200][Batch 2301/2622] BatchTime = 0.712 (s) DataTime = 0.001 (s) Losses = ['5.4604', '41.4746'] lr = 0.0000041
2025-07-21 22:57:34,670 - AdaPoinTr - INFO - [Epoch 147/200][Batch 2401/2622] BatchTime = 0.712 (s) DataTime = 0.001 (s) Losses = ['5.2476', '40.1439'] lr = 0.0000041
2025-07-21 22:58:46,474 - AdaPoinTr - INFO - [Epoch 147/200][Batch 2501/2622] BatchTime = 0.712 (s) DataTime = 0.001 (s) Losses = ['4.4101', '33.3779'] lr = 0.0000041
2025-07-21 22:59:58,232 - AdaPoinTr - INFO - [Epoch 147/200][Batch 2601/2622] BatchTime = 0.714 (s) DataTime = 0.001 (s) Losses = ['4.9318', '37.6819'] lr = 0.0000041
2025-07-21 23:00:13,359 - AdaPoinTr - INFO - [Training] EPOCH: 147 EpochTime = 1882.542 (s) Losses = ['5.1664', '39.1973']
2025-07-21 23:00:13,816 - AdaPoinTr - INFO - Save checkpoint at ./experiments/AdaPoinTr/ShapeNet55_models/AdaPoinTr/ckpt-last.pth
2025-07-21 23:00:14,621 - AdaPoinTr - INFO - [Epoch 148/200][Batch 1/2622] BatchTime = 0.804 (s) DataTime = 0.091 (s) Losses = ['5.2414', '44.7037'] lr = 0.0000040
2025-07-21 23:01:26,394 - AdaPoinTr - INFO - [Epoch 148/200][Batch 101/2622] BatchTime = 0.706 (s) DataTime = 0.001 (s) Losses = ['4.8166', '35.8043'] lr = 0.0000040
2025-07-21 23:02:38,164 - AdaPoinTr - INFO - [Epoch 148/200][Batch 201/2622] BatchTime = 0.706 (s) DataTime = 0.001 (s) Losses = ['4.9224', '38.2164'] lr = 0.0000040
2025-07-21 23:03:49,941 - AdaPoinTr - INFO - [Epoch 148/200][Batch 301/2622] BatchTime = 0.719 (s) DataTime = 0.001 (s) Losses = ['5.5260', '41.6827'] lr = 0.0000040
2025-07-21 23:05:01,759 - AdaPoinTr - INFO - [Epoch 148/200][Batch 401/2622] BatchTime = 0.715 (s) DataTime = 0.001 (s) Losses = ['5.5117', '43.0437'] lr = 0.0000040
2025-07-21 23:06:13,167 - AdaPoinTr - INFO - [Epoch 148/200][Batch 501/2622] BatchTime = 0.718 (s) DataTime = 0.001 (s) Losses = ['5.1841', '38.3706'] lr = 0.0000040
2025-07-21 23:07:24,937 - AdaPoinTr - INFO - [Epoch 148/200][Batch 601/2622] BatchTime = 0.715 (s) DataTime = 0.001 (s) Losses = ['5.1003', '36.2293'] lr = 0.0000040
2025-07-21 23:08:36,784 - AdaPoinTr - INFO - [Epoch 148/200][Batch 701/2622] BatchTime = 0.716 (s) DataTime = 0.001 (s) Losses = ['4.5756', '35.4211'] lr = 0.0000040
2025-07-21 23:09:48,556 - AdaPoinTr - INFO - [Epoch 148/200][Batch 801/2622] BatchTime = 0.710 (s) DataTime = 0.001 (s) Losses = ['5.1971', '40.6982'] lr = 0.0000040
2025-07-21 23:11:00,401 - AdaPoinTr - INFO - [Epoch 148/200][Batch 901/2622] BatchTime = 0.711 (s) DataTime = 0.001 (s) Losses = ['5.1671', '36.8140'] lr = 0.0000040
2025-07-21 23:12:12,240 - AdaPoinTr - INFO - [Epoch 148/200][Batch 1001/2622] BatchTime = 0.712 (s) DataTime = 0.001 (s) Losses = ['5.0124', '38.2639'] lr = 0.0000040
2025-07-21 23:13:23,980 - AdaPoinTr - INFO - [Epoch 148/200][Batch 1101/2622] BatchTime = 0.707 (s) DataTime = 0.001 (s) Losses = ['5.1573', '39.8878'] lr = 0.0000040
2025-07-21 23:14:35,766 - AdaPoinTr - INFO - [Epoch 148/200][Batch 1201/2622] BatchTime = 0.708 (s) DataTime = 0.001 (s) Losses = ['5.0357', '35.4615'] lr = 0.0000040
2025-07-21 23:15:47,557 - AdaPoinTr - INFO - [Epoch 148/200][Batch 1301/2622] BatchTime = 0.712 (s) DataTime = 0.001 (s) Losses = ['5.6569', '42.9019'] lr = 0.0000040
2025-07-21 23:16:59,345 - AdaPoinTr - INFO - [Epoch 148/200][Batch 1401/2622] BatchTime = 0.715 (s) DataTime = 0.001 (s) Losses = ['4.9821', '39.6397'] lr = 0.0000040
2025-07-21 23:18:11,107 - AdaPoinTr - INFO - [Epoch 148/200][Batch 1501/2622] BatchTime = 0.716 (s) DataTime = 0.001 (s) Losses = ['5.8690', '43.7440'] lr = 0.0000040
2025-07-21 23:19:22,909 - AdaPoinTr - INFO - [Epoch 148/200][Batch 1601/2622] BatchTime = 0.715 (s) DataTime = 0.001 (s) Losses = ['4.9937', '36.5218'] lr = 0.0000040
2025-07-21 23:20:34,705 - AdaPoinTr - INFO - [Epoch 148/200][Batch 1701/2622] BatchTime = 0.714 (s) DataTime = 0.001 (s) Losses = ['5.4088', '39.3598'] lr = 0.0000040
2025-07-21 23:21:46,510 - AdaPoinTr - INFO - [Epoch 148/200][Batch 1801/2622] BatchTime = 0.712 (s) DataTime = 0.001 (s) Losses = ['5.6742', '43.7240'] lr = 0.0000040
2025-07-21 23:22:58,305 - AdaPoinTr - INFO - [Epoch 148/200][Batch 1901/2622] BatchTime = 0.710 (s) DataTime = 0.001 (s) Losses = ['4.8300', '35.6620'] lr = 0.0000040
2025-07-21 23:24:10,129 - AdaPoinTr - INFO - [Epoch 148/200][Batch 2001/2622] BatchTime = 0.709 (s) DataTime = 0.001 (s) Losses = ['4.9188', '36.0614'] lr = 0.0000040
2025-07-21 23:25:21,952 - AdaPoinTr - INFO - [Epoch 148/200][Batch 2101/2622] BatchTime = 0.701 (s) DataTime = 0.001 (s) Losses = ['5.1370', '39.8482'] lr = 0.0000040
2025-07-21 23:26:33,743 - AdaPoinTr - INFO - [Epoch 148/200][Batch 2201/2622] BatchTime = 0.713 (s) DataTime = 0.001 (s) Losses = ['4.9760', '36.5748'] lr = 0.0000040
2025-07-21 23:27:45,557 - AdaPoinTr - INFO - [Epoch 148/200][Batch 2301/2622] BatchTime = 0.718 (s) DataTime = 0.001 (s) Losses = ['5.0192', '37.1993'] lr = 0.0000040
2025-07-21 23:28:57,382 - AdaPoinTr - INFO - [Epoch 148/200][Batch 2401/2622] BatchTime = 0.713 (s) DataTime = 0.001 (s) Losses = ['5.7601', '44.0682'] lr = 0.0000040
2025-07-21 23:30:09,154 - AdaPoinTr - INFO - [Epoch 148/200][Batch 2501/2622] BatchTime = 0.718 (s) DataTime = 0.001 (s) Losses = ['5.0252', '37.3532'] lr = 0.0000040
2025-07-21 23:31:20,962 - AdaPoinTr - INFO - [Epoch 148/200][Batch 2601/2622] BatchTime = 0.719 (s) DataTime = 0.001 (s) Losses = ['5.5058', '41.4823'] lr = 0.0000040
2025-07-21 23:31:36,078 - AdaPoinTr - INFO - [Training] EPOCH: 148 EpochTime = 1882.261 (s) Losses = ['5.1562', '39.1808']
2025-07-21 23:31:36,536 - AdaPoinTr - INFO - Save checkpoint at ./experiments/AdaPoinTr/ShapeNet55_models/AdaPoinTr/ckpt-last.pth
2025-07-21 23:31:37,343 - AdaPoinTr - INFO - [Epoch 149/200][Batch 1/2622] BatchTime = 0.806 (s) DataTime = 0.091 (s) Losses = ['4.6221', '32.9921'] lr = 0.0000039
2025-07-21 23:32:49,184 - AdaPoinTr - INFO - [Epoch 149/200][Batch 101/2622] BatchTime = 0.717 (s) DataTime = 0.001 (s) Losses = ['4.2870', '31.9281'] lr = 0.0000039
2025-07-21 23:34:00,947 - AdaPoinTr - INFO - [Epoch 149/200][Batch 201/2622] BatchTime = 0.711 (s) DataTime = 0.001 (s) Losses = ['5.6965', '42.3668'] lr = 0.0000039
2025-07-21 23:35:12,717 - AdaPoinTr - INFO - [Epoch 149/200][Batch 301/2622] BatchTime = 0.704 (s) DataTime = 0.001 (s) Losses = ['5.7903', '45.0671'] lr = 0.0000039
2025-07-21 23:36:24,504 - AdaPoinTr - INFO - [Epoch 149/200][Batch 401/2622] BatchTime = 0.704 (s) DataTime = 0.001 (s) Losses = ['5.4703', '37.2447'] lr = 0.0000039
2025-07-21 23:37:36,291 - AdaPoinTr - INFO - [Epoch 149/200][Batch 501/2622] BatchTime = 0.705 (s) DataTime = 0.001 (s) Losses = ['5.1571', '37.4623'] lr = 0.0000039
2025-07-21 23:38:48,133 - AdaPoinTr - INFO - [Epoch 149/200][Batch 601/2622] BatchTime = 0.710 (s) DataTime = 0.001 (s) Losses = ['5.5840', '39.6174'] lr = 0.0000039
2025-07-21 23:39:59,951 - AdaPoinTr - INFO - [Epoch 149/200][Batch 701/2622] BatchTime = 0.719 (s) DataTime = 0.001 (s) Losses = ['5.3176', '40.0939'] lr = 0.0000039
2025-07-21 23:41:11,706 - AdaPoinTr - INFO - [Epoch 149/200][Batch 801/2622] BatchTime = 0.716 (s) DataTime = 0.001 (s) Losses = ['5.1772', '40.0267'] lr = 0.0000039
2025-07-21 23:42:23,512 - AdaPoinTr - INFO - [Epoch 149/200][Batch 901/2622] BatchTime = 0.714 (s) DataTime = 0.001 (s) Losses = ['4.8035', '39.5631'] lr = 0.0000039
2025-07-21 23:43:35,256 - AdaPoinTr - INFO - [Epoch 149/200][Batch 1001/2622] BatchTime = 0.712 (s) DataTime = 0.001 (s) Losses = ['4.8079', '36.7541'] lr = 0.0000039
2025-07-21 23:44:47,036 - AdaPoinTr - INFO - [Epoch 149/200][Batch 1101/2622] BatchTime = 0.708 (s) DataTime = 0.001 (s) Losses = ['4.7913', '40.2660'] lr = 0.0000039
2025-07-21 23:45:58,834 - AdaPoinTr - INFO - [Epoch 149/200][Batch 1201/2622] BatchTime = 0.708 (s) DataTime = 0.001 (s) Losses = ['4.6356', '35.1042'] lr = 0.0000039
2025-07-21 23:47:10,623 - AdaPoinTr - INFO - [Epoch 149/200][Batch 1301/2622] BatchTime = 0.704 (s) DataTime = 0.001 (s) Losses = ['5.3353', '38.4254'] lr = 0.0000039
2025-07-21 23:48:22,375 - AdaPoinTr - INFO - [Epoch 149/200][Batch 1401/2622] BatchTime = 0.714 (s) DataTime = 0.001 (s) Losses = ['4.6007', '35.4928'] lr = 0.0000039
2025-07-21 23:49:34,127 - AdaPoinTr - INFO - [Epoch 149/200][Batch 1501/2622] BatchTime = 0.719 (s) DataTime = 0.001 (s) Losses = ['5.6905', '42.1231'] lr = 0.0000039
2025-07-21 23:50:45,922 - AdaPoinTr - INFO - [Epoch 149/200][Batch 1601/2622] BatchTime = 0.716 (s) DataTime = 0.001 (s) Losses = ['5.3138', '38.8671'] lr = 0.0000039
2025-07-21 23:51:57,711 - AdaPoinTr - INFO - [Epoch 149/200][Batch 1701/2622] BatchTime = 0.716 (s) DataTime = 0.001 (s) Losses = ['6.2935', '47.2144'] lr = 0.0000039
2025-07-21 23:53:09,487 - AdaPoinTr - INFO - [Epoch 149/200][Batch 1801/2622] BatchTime = 0.714 (s) DataTime = 0.001 (s) Losses = ['5.8127', '43.8516'] lr = 0.0000039
2025-07-21 23:54:21,322 - AdaPoinTr - INFO - [Epoch 149/200][Batch 1901/2622] BatchTime = 0.711 (s) DataTime = 0.001 (s) Losses = ['5.4005', '41.0111'] lr = 0.0000039
2025-07-21 23:55:32,807 - AdaPoinTr - INFO - [Epoch 149/200][Batch 2001/2622] BatchTime = 0.704 (s) DataTime = 0.001 (s) Losses = ['4.9714', '37.2888'] lr = 0.0000039
2025-07-21 23:56:44,611 - AdaPoinTr - INFO - [Epoch 149/200][Batch 2101/2622] BatchTime = 0.707 (s) DataTime = 0.001 (s) Losses = ['5.7721', '41.4611'] lr = 0.0000039
2025-07-21 23:57:56,412 - AdaPoinTr - INFO - [Epoch 149/200][Batch 2201/2622] BatchTime = 0.712 (s) DataTime = 0.001 (s) Losses = ['5.3668', '40.5026'] lr = 0.0000039
2025-07-21 23:59:08,222 - AdaPoinTr - INFO - [Epoch 149/200][Batch 2301/2622] BatchTime = 0.713 (s) DataTime = 0.001 (s) Losses = ['4.6866', '37.9950'] lr = 0.0000039
2025-07-22 00:00:20,014 - AdaPoinTr - INFO - [Epoch 149/200][Batch 2401/2622] BatchTime = 0.718 (s) DataTime = 0.001 (s) Losses = ['5.5270', '43.2395'] lr = 0.0000039
2025-07-22 00:01:31,792 - AdaPoinTr - INFO - [Epoch 149/200][Batch 2501/2622] BatchTime = 0.718 (s) DataTime = 0.001 (s) Losses = ['5.4717', '40.9516'] lr = 0.0000039
2025-07-22 00:02:43,577 - AdaPoinTr - INFO - [Epoch 149/200][Batch 2601/2622] BatchTime = 0.710 (s) DataTime = 0.001 (s) Losses = ['5.1691', '40.6731'] lr = 0.0000039
2025-07-22 00:02:58,673 - AdaPoinTr - INFO - [Training] EPOCH: 149 EpochTime = 1882.135 (s) Losses = ['5.1573', '39.1777']
2025-07-22 00:02:59,133 - AdaPoinTr - INFO - Save checkpoint at ./experiments/AdaPoinTr/ShapeNet55_models/AdaPoinTr/ckpt-last.pth
2025-07-22 00:02:59,941 - AdaPoinTr - INFO - [Epoch 150/200][Batch 1/2622] BatchTime = 0.807 (s) DataTime = 0.094 (s) Losses = ['5.5306', '46.4673'] lr = 0.0000038
2025-07-22 00:04:11,702 - AdaPoinTr - INFO - [Epoch 150/200][Batch 101/2622] BatchTime = 0.705 (s) DataTime = 0.001 (s) Losses = ['5.5113', '44.7438'] lr = 0.0000038
2025-07-22 00:05:23,495 - AdaPoinTr - INFO - [Epoch 150/200][Batch 201/2622] BatchTime = 0.708 (s) DataTime = 0.001 (s) Losses = ['5.0003', '38.7616'] lr = 0.0000038
2025-07-22 00:06:35,274 - AdaPoinTr - INFO - [Epoch 150/200][Batch 301/2622] BatchTime = 0.714 (s) DataTime = 0.001 (s) Losses = ['5.8121', '43.2588'] lr = 0.0000038
2025-07-22 00:07:47,087 - AdaPoinTr - INFO - [Epoch 150/200][Batch 401/2622] BatchTime = 0.716 (s) DataTime = 0.001 (s) Losses = ['6.1141', '42.7950'] lr = 0.0000038
2025-07-22 00:08:58,880 - AdaPoinTr - INFO - [Epoch 150/200][Batch 501/2622] BatchTime = 0.718 (s) DataTime = 0.001 (s) Losses = ['5.1378', '38.1133'] lr = 0.0000038
2025-07-22 00:10:10,721 - AdaPoinTr - INFO - [Epoch 150/200][Batch 601/2622] BatchTime = 0.713 (s) DataTime = 0.001 (s) Losses = ['6.0755', '45.3894'] lr = 0.0000038
2025-07-22 00:11:22,520 - AdaPoinTr - INFO - [Epoch 150/200][Batch 701/2622] BatchTime = 0.721 (s) DataTime = 0.001 (s) Losses = ['5.0767', '41.4435'] lr = 0.0000038
2025-07-22 00:12:34,315 - AdaPoinTr - INFO - [Epoch 150/200][Batch 801/2622] BatchTime = 0.713 (s) DataTime = 0.001 (s) Losses = ['5.6461', '45.9734'] lr = 0.0000038
2025-07-22 00:13:46,111 - AdaPoinTr - INFO - [Epoch 150/200][Batch 901/2622] BatchTime = 0.711 (s) DataTime = 0.001 (s) Losses = ['4.7644', '37.0264'] lr = 0.0000038
2025-07-22 00:14:57,937 - AdaPoinTr - INFO - [Epoch 150/200][Batch 1001/2622] BatchTime = 0.712 (s) DataTime = 0.001 (s) Losses = ['4.9646', '40.0282'] lr = 0.0000038
2025-07-22 00:16:09,719 - AdaPoinTr - INFO - [Epoch 150/200][Batch 1101/2622] BatchTime = 0.709 (s) DataTime = 0.001 (s) Losses = ['5.3995', '47.0473'] lr = 0.0000038
2025-07-22 00:17:21,528 - AdaPoinTr - INFO - [Epoch 150/200][Batch 1201/2622] BatchTime = 0.706 (s) DataTime = 0.001 (s) Losses = ['4.7994', '34.2840'] lr = 0.0000038
2025-07-22 00:18:33,352 - AdaPoinTr - INFO - [Epoch 150/200][Batch 1301/2622] BatchTime = 0.706 (s) DataTime = 0.001 (s) Losses = ['5.0686', '39.3991'] lr = 0.0000038
2025-07-22 00:19:45,125 - AdaPoinTr - INFO - [Epoch 150/200][Batch 1401/2622] BatchTime = 0.710 (s) DataTime = 0.001 (s) Losses = ['4.3665', '34.7004'] lr = 0.0000038
2025-07-22 00:20:56,930 - AdaPoinTr - INFO - [Epoch 150/200][Batch 1501/2622] BatchTime = 0.716 (s) DataTime = 0.001 (s) Losses = ['4.4473', '36.6772'] lr = 0.0000038
2025-07-22 00:22:08,722 - AdaPoinTr - INFO - [Epoch 150/200][Batch 1601/2622] BatchTime = 0.713 (s) DataTime = 0.001 (s) Losses = ['4.9157', '35.7807'] lr = 0.0000038
2025-07-22 00:23:20,504 - AdaPoinTr - INFO - [Epoch 150/200][Batch 1701/2622] BatchTime = 0.714 (s) DataTime = 0.001 (s) Losses = ['5.1150', '38.8193'] lr = 0.0000038
2025-07-22 00:24:32,292 - AdaPoinTr - INFO - [Epoch 150/200][Batch 1801/2622] BatchTime = 0.712 (s) DataTime = 0.001 (s) Losses = ['5.2094', '43.5250'] lr = 0.0000038
2025-07-22 00:25:44,096 - AdaPoinTr - INFO - [Epoch 150/200][Batch 1901/2622] BatchTime = 0.713 (s) DataTime = 0.001 (s) Losses = ['4.4527', '36.5394'] lr = 0.0000038
2025-07-22 00:26:55,894 - AdaPoinTr - INFO - [Epoch 150/200][Batch 2001/2622] BatchTime = 0.712 (s) DataTime = 0.001 (s) Losses = ['5.3656', '39.8896'] lr = 0.0000038
2025-07-22 00:28:07,698 - AdaPoinTr - INFO - [Epoch 150/200][Batch 2101/2622] BatchTime = 0.707 (s) DataTime = 0.001 (s) Losses = ['4.4778', '32.5809'] lr = 0.0000038
2025-07-22 00:29:19,535 - AdaPoinTr - INFO - [Epoch 150/200][Batch 2201/2622] BatchTime = 0.706 (s) DataTime = 0.001 (s) Losses = ['5.1708', '40.1510'] lr = 0.0000038
2025-07-22 00:30:31,329 - AdaPoinTr - INFO - [Epoch 150/200][Batch 2301/2622] BatchTime = 0.706 (s) DataTime = 0.001 (s) Losses = ['4.8534', '34.1082'] lr = 0.0000038
2025-07-22 00:31:43,113 - AdaPoinTr - INFO - [Epoch 150/200][Batch 2401/2622] BatchTime = 0.708 (s) DataTime = 0.001 (s) Losses = ['5.4127', '42.0365'] lr = 0.0000038
2025-07-22 00:32:54,923 - AdaPoinTr - INFO - [Epoch 150/200][Batch 2501/2622] BatchTime = 0.710 (s) DataTime = 0.001 (s) Losses = ['4.5153', '32.2088'] lr = 0.0000038
2025-07-22 00:34:06,718 - AdaPoinTr - INFO - [Epoch 150/200][Batch 2601/2622] BatchTime = 0.714 (s) DataTime = 0.001 (s) Losses = ['5.1563', '41.8088'] lr = 0.0000038
2025-07-22 00:34:21,835 - AdaPoinTr - INFO - [Training] EPOCH: 150 EpochTime = 1882.702 (s) Losses = ['5.1562', '39.1156']
2025-07-22 00:34:21,836 - AdaPoinTr - INFO - [VALIDATION] Start validating epoch 150
2025-07-22 00:35:28,941 - AdaPoinTr - INFO - Test[1051/10518] Taxonomy = 02691156 Sample = c7749c0a8b61f43bc9b9e28055202e3d Losses = ['24.9805', '3.3637', '12.0282', '0.8506'] Metrics = ['0.5517', '12.0282', '0.8506', '0.0000']
2025-07-22 00:36:35,983 - AdaPoinTr - INFO - Test[2102/10518] Taxonomy = 03211117 Sample = ab2f9418c111cc6ddb965514105122a4 Losses = ['18.9556', '1.2722', '7.4468', '0.1797'] Metrics = ['0.6609', '7.4468', '0.1797', '0.0000']
2025-07-22 00:37:42,962 - AdaPoinTr - INFO - Test[3153/10518] Taxonomy = 02876657 Sample = c5032e4be091aabb36fe7a88df793982 Losses = ['35.6769', '5.4680', '15.1530', '1.0690'] Metrics = ['0.3325', '15.1530', '1.0690', '0.0000']
2025-07-22 00:38:49,935 - AdaPoinTr - INFO - Test[4204/10518] Taxonomy = 03211117 Sample = 722df1da5778d45b1e43523279c7f09f Losses = ['30.0532', '3.5509', '11.5171', '0.4937'] Metrics = ['0.4307', '11.5171', '0.4937', '0.0000']
2025-07-22 00:39:56,906 - AdaPoinTr - INFO - Test[5255/10518] Taxonomy = 02828884 Sample = 14b63361a48a9fffe4a048c146e8bd43 Losses = ['34.3143', '4.6044', '14.8938', '1.0387'] Metrics = ['0.3907', '14.8938', '1.0387', '0.0000']
2025-07-22 00:41:03,824 - AdaPoinTr - INFO - Test[6306/10518] Taxonomy = 03211117 Sample = d330d50a0255529d19ed6e1a590c9122 Losses = ['27.6988', '3.8010', '11.1809', '0.5306'] Metrics = ['0.4809', '11.1809', '0.5306', '0.0000']
2025-07-22 00:42:10,367 - AdaPoinTr - INFO - Test[7357/10518] Taxonomy = 04379243 Sample = b1ca280d9567270ade98d10ab5975b59 Losses = ['30.6363', '4.1138', '14.0819', '0.6452'] Metrics = ['0.2830', '14.0819', '0.6452', '0.0000']
2025-07-22 00:43:17,317 - AdaPoinTr - INFO - Test[8408/10518] Taxonomy = 03001627 Sample = 89208a619341d9fdb8c516ed5c4ce32 Losses = ['27.5837', '2.7041', '12.2371', '0.4723'] Metrics = ['0.3185', '12.2371', '0.4723', '0.0000']
2025-07-22 00:44:24,264 - AdaPoinTr - INFO - Test[9459/10518] Taxonomy = 03001627 Sample = d0255120e3351121c3bd24f986301745 Losses = ['39.1303', '5.5064', '20.6575', '1.7277'] Metrics = ['0.1919', '20.6575', '1.7277', '0.0000']
2025-07-22 00:45:31,250 - AdaPoinTr - INFO - Test[10510/10518] Taxonomy = 03636649 Sample = ea9ec4d9db2e06202471e6dd5ac3ef92 Losses = ['16.4595', '1.1026', '6.0025', '0.1755'] Metrics = ['0.8422', '6.0025', '0.1755', '0.0000']
2025-07-22 00:45:31,788 - AdaPoinTr - INFO - [Validation] EPOCH: 150  Metrics = ['0.3824', '13.6043', '0.8756', '0.0000']
2025-07-22 00:45:31,789 - AdaPoinTr - INFO - ============================ TEST RESULTS ============================
2025-07-22 00:45:31,789 - AdaPoinTr - INFO - Taxonomy	#Sample	F-Score	CDL1	CDL2	EMDistance	#ModelName	
2025-07-22 00:45:31,789 - AdaPoinTr - INFO - 03759954	14	0.560 	12.117 	1.041 	0.000 	microphone	
2025-07-22 00:45:31,789 - AdaPoinTr - INFO - 04330267	44	0.289 	15.845 	1.122 	0.000 	stove	
2025-07-22 00:45:31,789 - AdaPoinTr - INFO - 03261776	15	0.332 	17.591 	1.779 	0.000 	earphone	
2025-07-22 00:45:31,789 - AdaPoinTr - INFO - 03513137	33	0.223 	19.390 	2.231 	0.000 	helmet	
2025-07-22 00:45:31,789 - AdaPoinTr - INFO - 04460130	27	0.449 	13.590 	1.082 	0.000 	tower	
2025-07-22 00:45:31,789 - AdaPoinTr - INFO - 04468005	78	0.405 	12.123 	0.606 	0.000 	train	
2025-07-22 00:45:31,789 - AdaPoinTr - INFO - 03761084	31	0.249 	15.977 	1.001 	0.000 	microwaves	
2025-07-22 00:45:31,789 - AdaPoinTr - INFO - 04004475	34	0.278 	16.056 	1.147 	0.000 	printer	
2025-07-22 00:45:31,789 - AdaPoinTr - INFO - 03938244	20	0.320 	14.002 	0.784 	0.000 	pillow	
2025-07-22 00:45:31,789 - AdaPoinTr - INFO - 02992529	167	0.437 	10.502 	0.384 	0.000 	cellphone	
2025-07-22 00:45:31,789 - AdaPoinTr - INFO - 02808440	172	0.305 	14.489 	0.948 	0.000 	bathtub	
2025-07-22 00:45:31,789 - AdaPoinTr - INFO - 04530566	388	0.522 	10.688 	0.523 	0.000 	watercraft	
2025-07-22 00:45:31,789 - AdaPoinTr - INFO - 02871439	91	0.261 	15.970 	1.089 	0.000 	bookshelf	
2025-07-22 00:45:31,789 - AdaPoinTr - INFO - 03593526	120	0.281 	16.138 	1.153 	0.000 	jar	
2025-07-22 00:45:31,789 - AdaPoinTr - INFO - 04554684	34	0.238 	16.785 	1.136 	0.000 	washer	
2025-07-22 00:45:31,789 - AdaPoinTr - INFO - 03467517	160	0.836 	6.297 	0.182 	0.000 	guitar	
2025-07-22 00:45:31,789 - AdaPoinTr - INFO - 04401088	218	0.439 	10.693 	0.490 	0.000 	telephone	
2025-07-22 00:45:31,789 - AdaPoinTr - INFO - 02954340	12	0.302 	14.255 	0.832 	0.000 	cap	
2025-07-22 00:45:31,789 - AdaPoinTr - INFO - 02933112	315	0.251 	14.792 	0.796 	0.000 	cabinet	
2025-07-22 00:45:31,789 - AdaPoinTr - INFO - 03642806	92	0.393 	10.945 	0.412 	0.000 	laptop	
2025-07-22 00:45:31,789 - AdaPoinTr - INFO - 02924116	188	0.377 	12.063 	0.555 	0.000 	bus	
2025-07-22 00:45:31,789 - AdaPoinTr - INFO - 02946921	22	0.269 	15.485 	1.106 	0.000 	can	
2025-07-22 00:45:31,789 - AdaPoinTr - INFO - 02818832	47	0.293 	16.051 	1.220 	0.000 	bed	
2025-07-22 00:45:31,789 - AdaPoinTr - INFO - 04256520	635	0.311 	13.759 	0.720 	0.000 	sofa	
2025-07-22 00:45:31,789 - AdaPoinTr - INFO - 04379243	1687	0.400 	12.311 	0.743 	0.000 	table	
2025-07-22 00:45:31,789 - AdaPoinTr - INFO - 02747177	69	0.201 	17.433 	1.212 	0.000 	trash bin	
2025-07-22 00:45:31,789 - AdaPoinTr - INFO - 03046257	131	0.327 	13.877 	0.777 	0.000 	clock	
2025-07-22 00:45:31,789 - AdaPoinTr - INFO - 04225987	31	0.573 	9.157 	0.335 	0.000 	skateboard	
2025-07-22 00:45:31,789 - AdaPoinTr - INFO - 03797390	43	0.205 	17.844 	1.299 	0.000 	mug	
2025-07-22 00:45:31,789 - AdaPoinTr - INFO - 03001627	1356	0.387 	13.080 	0.776 	0.000 	chair	
2025-07-22 00:45:31,789 - AdaPoinTr - INFO - 03691459	320	0.266 	16.539 	1.229 	0.000 	loudspeaker	
2025-07-22 00:45:31,789 - AdaPoinTr - INFO - 02942699	23	0.248 	18.769 	1.735 	0.000 	camera	
2025-07-22 00:45:31,789 - AdaPoinTr - INFO - 03636649	464	0.564 	12.094 	1.065 	0.000 	lamp	
2025-07-22 00:45:31,789 - AdaPoinTr - INFO - 02691156	809	0.601 	9.119 	0.393 	0.000 	airplane	
2025-07-22 00:45:31,789 - AdaPoinTr - INFO - 02773838	17	0.364 	13.940 	0.906 	0.000 	bag	
2025-07-22 00:45:31,789 - AdaPoinTr - INFO - 02958343	703	0.230 	15.600 	0.869 	0.000 	car	
2025-07-22 00:45:31,789 - AdaPoinTr - INFO - 02880940	38	0.243 	15.028 	0.797 	0.000 	bowl	
2025-07-22 00:45:31,789 - AdaPoinTr - INFO - 04099429	17	0.711 	8.895 	0.533 	0.000 	rocket	
2025-07-22 00:45:31,789 - AdaPoinTr - INFO - 02828884	363	0.458 	10.703 	0.517 	0.000 	bench	
2025-07-22 00:45:31,789 - AdaPoinTr - INFO - 04090263	475	0.710 	8.127 	0.363 	0.000 	rifle	
2025-07-22 00:45:31,789 - AdaPoinTr - INFO - 03211117	219	0.368 	12.630 	0.673 	0.000 	display	
2025-07-22 00:45:31,789 - AdaPoinTr - INFO - 02876657	100	0.452 	11.953 	0.704 	0.000 	bottle	
2025-07-22 00:45:31,789 - AdaPoinTr - INFO - 03710193	19	0.570 	10.412 	0.538 	0.000 	mailbox	
2025-07-22 00:45:31,789 - AdaPoinTr - INFO - 03790512	68	0.264 	15.884 	0.989 	0.000 	motorbike	
2025-07-22 00:45:31,789 - AdaPoinTr - INFO - 03325088	149	0.487 	13.099 	1.002 	0.000 	faucet	
2025-07-22 00:45:31,789 - AdaPoinTr - INFO - 02801938	23	0.242 	15.334 	0.939 	0.000 	basket	
2025-07-22 00:45:31,789 - AdaPoinTr - INFO - 03337140	60	0.253 	15.500 	0.931 	0.000 	file cabinet	
2025-07-22 00:45:31,789 - AdaPoinTr - INFO - 02843684	15	0.251 	18.580 	1.565 	0.000 	birdhouse	
2025-07-22 00:45:31,789 - AdaPoinTr - INFO - 03624134	85	0.799 	6.988 	0.276 	0.000 	knife	
2025-07-22 00:45:31,789 - AdaPoinTr - INFO - 03991062	121	0.246 	18.162 	1.452 	0.000 	flowerpot	
2025-07-22 00:45:31,789 - AdaPoinTr - INFO - 03948459	62	0.484 	11.367 	0.589 	0.000 	pistol	
2025-07-22 00:45:31,789 - AdaPoinTr - INFO - 03928116	48	0.304 	15.358 	1.045 	0.000 	piano	
2025-07-22 00:45:31,789 - AdaPoinTr - INFO - 03207941	19	0.254 	15.191 	0.885 	0.000 	dishwasher	
2025-07-22 00:45:31,789 - AdaPoinTr - INFO - 04074963	14	0.483 	10.114 	0.360 	0.000 	remote	
2025-07-22 00:45:31,789 - AdaPoinTr - INFO - 03085013	13	0.465 	9.549 	0.321 	0.000 	keyboard	
2025-07-22 00:45:31,790 - AdaPoinTr - INFO - Overall		0.382 	13.604 	0.876 	0.000 	
2025-07-22 00:45:32,251 - AdaPoinTr - INFO - Save checkpoint at ./experiments/AdaPoinTr/ShapeNet55_models/AdaPoinTr/ckpt-last.pth
2025-07-22 00:45:33,050 - AdaPoinTr - INFO - [Epoch 151/200][Batch 1/2622] BatchTime = 0.798 (s) DataTime = 0.089 (s) Losses = ['4.4345', '36.2535'] lr = 0.0000037
2025-07-22 00:46:44,854 - AdaPoinTr - INFO - [Epoch 151/200][Batch 101/2622] BatchTime = 0.709 (s) DataTime = 0.001 (s) Losses = ['5.1562', '37.6007'] lr = 0.0000037
2025-07-22 00:47:56,664 - AdaPoinTr - INFO - [Epoch 151/200][Batch 201/2622] BatchTime = 0.716 (s) DataTime = 0.001 (s) Losses = ['5.1404', '38.7269'] lr = 0.0000037
2025-07-22 00:49:08,498 - AdaPoinTr - INFO - [Epoch 151/200][Batch 301/2622] BatchTime = 0.711 (s) DataTime = 0.001 (s) Losses = ['4.2442', '33.1443'] lr = 0.0000037
2025-07-22 00:50:20,291 - AdaPoinTr - INFO - [Epoch 151/200][Batch 401/2622] BatchTime = 0.715 (s) DataTime = 0.001 (s) Losses = ['5.4416', '37.0961'] lr = 0.0000037
2025-07-22 00:51:32,174 - AdaPoinTr - INFO - [Epoch 151/200][Batch 501/2622] BatchTime = 0.711 (s) DataTime = 0.001 (s) Losses = ['5.2514', '40.0356'] lr = 0.0000037
2025-07-22 00:52:43,959 - AdaPoinTr - INFO - [Epoch 151/200][Batch 601/2622] BatchTime = 0.711 (s) DataTime = 0.001 (s) Losses = ['4.7865', '37.3506'] lr = 0.0000037
2025-07-22 00:53:55,782 - AdaPoinTr - INFO - [Epoch 151/200][Batch 701/2622] BatchTime = 0.716 (s) DataTime = 0.001 (s) Losses = ['4.9378', '35.3834'] lr = 0.0000037
2025-07-22 00:55:07,582 - AdaPoinTr - INFO - [Epoch 151/200][Batch 801/2622] BatchTime = 0.720 (s) DataTime = 0.001 (s) Losses = ['5.3750', '38.9094'] lr = 0.0000037
2025-07-22 00:56:19,371 - AdaPoinTr - INFO - [Epoch 151/200][Batch 901/2622] BatchTime = 0.717 (s) DataTime = 0.001 (s) Losses = ['5.0777', '38.9982'] lr = 0.0000037
2025-07-22 00:57:31,168 - AdaPoinTr - INFO - [Epoch 151/200][Batch 1001/2622] BatchTime = 0.716 (s) DataTime = 0.001 (s) Losses = ['4.9920', '40.9940'] lr = 0.0000037
2025-07-22 00:58:42,975 - AdaPoinTr - INFO - [Epoch 151/200][Batch 1101/2622] BatchTime = 0.715 (s) DataTime = 0.001 (s) Losses = ['4.8160', '37.2323'] lr = 0.0000037
2025-07-22 00:59:54,752 - AdaPoinTr - INFO - [Epoch 151/200][Batch 1201/2622] BatchTime = 0.710 (s) DataTime = 0.001 (s) Losses = ['4.8937', '35.1894'] lr = 0.0000037
2025-07-22 01:01:06,538 - AdaPoinTr - INFO - [Epoch 151/200][Batch 1301/2622] BatchTime = 0.710 (s) DataTime = 0.001 (s) Losses = ['5.3198', '37.7139'] lr = 0.0000037
2025-07-22 01:02:18,355 - AdaPoinTr - INFO - [Epoch 151/200][Batch 1401/2622] BatchTime = 0.711 (s) DataTime = 0.001 (s) Losses = ['5.8515', '43.7728'] lr = 0.0000037
2025-07-22 01:03:30,140 - AdaPoinTr - INFO - [Epoch 151/200][Batch 1501/2622] BatchTime = 0.708 (s) DataTime = 0.001 (s) Losses = ['5.2143', '38.6731'] lr = 0.0000037
2025-07-22 01:04:41,968 - AdaPoinTr - INFO - [Epoch 151/200][Batch 1601/2622] BatchTime = 0.707 (s) DataTime = 0.001 (s) Losses = ['4.8650', '36.1164'] lr = 0.0000037
2025-07-22 01:05:53,784 - AdaPoinTr - INFO - [Epoch 151/200][Batch 1701/2622] BatchTime = 0.705 (s) DataTime = 0.001 (s) Losses = ['5.0134', '37.6838'] lr = 0.0000037
2025-07-22 01:07:05,597 - AdaPoinTr - INFO - [Epoch 151/200][Batch 1801/2622] BatchTime = 0.706 (s) DataTime = 0.001 (s) Losses = ['5.4955', '36.5622'] lr = 0.0000037
2025-07-22 01:08:17,400 - AdaPoinTr - INFO - [Epoch 151/200][Batch 1901/2622] BatchTime = 0.707 (s) DataTime = 0.001 (s) Losses = ['4.8035', '33.8254'] lr = 0.0000037
2025-07-22 01:09:29,189 - AdaPoinTr - INFO - [Epoch 151/200][Batch 2001/2622] BatchTime = 0.714 (s) DataTime = 0.001 (s) Losses = ['5.2379', '40.8612'] lr = 0.0000037
2025-07-22 01:10:40,999 - AdaPoinTr - INFO - [Epoch 151/200][Batch 2101/2622] BatchTime = 0.718 (s) DataTime = 0.001 (s) Losses = ['5.3639', '43.1136'] lr = 0.0000037
2025-07-22 01:11:52,826 - AdaPoinTr - INFO - [Epoch 151/200][Batch 2201/2622] BatchTime = 0.715 (s) DataTime = 0.001 (s) Losses = ['4.8547', '37.0240'] lr = 0.0000037
2025-07-22 01:13:04,579 - AdaPoinTr - INFO - [Epoch 151/200][Batch 2301/2622] BatchTime = 0.716 (s) DataTime = 0.001 (s) Losses = ['5.6886', '41.0303'] lr = 0.0000037
2025-07-22 01:14:16,362 - AdaPoinTr - INFO - [Epoch 151/200][Batch 2401/2622] BatchTime = 0.712 (s) DataTime = 0.001 (s) Losses = ['4.9364', '35.0379'] lr = 0.0000037
2025-07-22 01:15:28,171 - AdaPoinTr - INFO - [Epoch 151/200][Batch 2501/2622] BatchTime = 0.710 (s) DataTime = 0.001 (s) Losses = ['4.9447', '41.0288'] lr = 0.0000037
2025-07-22 01:16:39,931 - AdaPoinTr - INFO - [Epoch 151/200][Batch 2601/2622] BatchTime = 0.704 (s) DataTime = 0.001 (s) Losses = ['5.0976', '35.5114'] lr = 0.0000037
2025-07-22 01:16:55,075 - AdaPoinTr - INFO - [Training] EPOCH: 151 EpochTime = 1882.823 (s) Losses = ['5.1615', '39.1115']
2025-07-22 01:16:55,533 - AdaPoinTr - INFO - Save checkpoint at ./experiments/AdaPoinTr/ShapeNet55_models/AdaPoinTr/ckpt-last.pth
2025-07-22 01:16:56,331 - AdaPoinTr - INFO - [Epoch 152/200][Batch 1/2622] BatchTime = 0.797 (s) DataTime = 0.091 (s) Losses = ['5.2736', '41.7289'] lr = 0.0000036
2025-07-22 01:18:08,095 - AdaPoinTr - INFO - [Epoch 152/200][Batch 101/2622] BatchTime = 0.705 (s) DataTime = 0.001 (s) Losses = ['5.2085', '39.8412'] lr = 0.0000036
2025-07-22 01:19:19,884 - AdaPoinTr - INFO - [Epoch 152/200][Batch 201/2622] BatchTime = 0.706 (s) DataTime = 0.001 (s) Losses = ['5.1738', '41.9141'] lr = 0.0000036
2025-07-22 01:20:31,657 - AdaPoinTr - INFO - [Epoch 152/200][Batch 301/2622] BatchTime = 0.714 (s) DataTime = 0.001 (s) Losses = ['5.0989', '40.5542'] lr = 0.0000036
2025-07-22 01:21:43,423 - AdaPoinTr - INFO - [Epoch 152/200][Batch 401/2622] BatchTime = 0.716 (s) DataTime = 0.001 (s) Losses = ['5.1886', '40.4218'] lr = 0.0000036
2025-07-22 01:22:55,221 - AdaPoinTr - INFO - [Epoch 152/200][Batch 501/2622] BatchTime = 0.716 (s) DataTime = 0.001 (s) Losses = ['5.4666', '42.5199'] lr = 0.0000036
2025-07-22 01:24:07,050 - AdaPoinTr - INFO - [Epoch 152/200][Batch 601/2622] BatchTime = 0.713 (s) DataTime = 0.001 (s) Losses = ['4.2044', '30.5668'] lr = 0.0000036
2025-07-22 01:25:18,818 - AdaPoinTr - INFO - [Epoch 152/200][Batch 701/2622] BatchTime = 0.708 (s) DataTime = 0.001 (s) Losses = ['5.7295', '45.4799'] lr = 0.0000036
2025-07-22 01:26:30,649 - AdaPoinTr - INFO - [Epoch 152/200][Batch 801/2622] BatchTime = 0.710 (s) DataTime = 0.001 (s) Losses = ['5.3295', '40.5445'] lr = 0.0000036
2025-07-22 01:27:42,446 - AdaPoinTr - INFO - [Epoch 152/200][Batch 901/2622] BatchTime = 0.707 (s) DataTime = 0.001 (s) Losses = ['5.5248', '45.4217'] lr = 0.0000036
2025-07-22 01:28:54,252 - AdaPoinTr - INFO - [Epoch 152/200][Batch 1001/2622] BatchTime = 0.706 (s) DataTime = 0.001 (s) Losses = ['5.1990', '40.1149'] lr = 0.0000036
2025-07-22 01:30:04,255 - AdaPoinTr - INFO - [Epoch 152/200][Batch 1101/2622] BatchTime = 0.509 (s) DataTime = 0.001 (s) Losses = ['5.4837', '37.2780'] lr = 0.0000036
2025-07-22 01:30:55,808 - AdaPoinTr - INFO - [Epoch 152/200][Batch 1201/2622] BatchTime = 0.514 (s) DataTime = 0.001 (s) Losses = ['5.2180', '38.4644'] lr = 0.0000036
2025-07-22 01:31:47,386 - AdaPoinTr - INFO - [Epoch 152/200][Batch 1301/2622] BatchTime = 0.511 (s) DataTime = 0.001 (s) Losses = ['4.3587', '32.5873'] lr = 0.0000036
2025-07-22 01:32:38,950 - AdaPoinTr - INFO - [Epoch 152/200][Batch 1401/2622] BatchTime = 0.510 (s) DataTime = 0.001 (s) Losses = ['5.9842', '42.1619'] lr = 0.0000036
2025-07-22 01:33:30,527 - AdaPoinTr - INFO - [Epoch 152/200][Batch 1501/2622] BatchTime = 0.504 (s) DataTime = 0.001 (s) Losses = ['5.3950', '42.3743'] lr = 0.0000036
2025-07-22 01:34:22,114 - AdaPoinTr - INFO - [Epoch 152/200][Batch 1601/2622] BatchTime = 0.510 (s) DataTime = 0.001 (s) Losses = ['4.8440', '39.0030'] lr = 0.0000036
2025-07-22 01:35:13,678 - AdaPoinTr - INFO - [Epoch 152/200][Batch 1701/2622] BatchTime = 0.511 (s) DataTime = 0.001 (s) Losses = ['5.5652', '40.8996'] lr = 0.0000036
2025-07-22 01:36:05,263 - AdaPoinTr - INFO - [Epoch 152/200][Batch 1801/2622] BatchTime = 0.510 (s) DataTime = 0.001 (s) Losses = ['4.4340', '33.9887'] lr = 0.0000036
2025-07-22 01:36:56,855 - AdaPoinTr - INFO - [Epoch 152/200][Batch 1901/2622] BatchTime = 0.511 (s) DataTime = 0.001 (s) Losses = ['5.2520', '37.3344'] lr = 0.0000036
2025-07-22 01:37:48,424 - AdaPoinTr - INFO - [Epoch 152/200][Batch 2001/2622] BatchTime = 0.510 (s) DataTime = 0.001 (s) Losses = ['5.3690', '38.2598'] lr = 0.0000036
2025-07-22 01:38:40,050 - AdaPoinTr - INFO - [Epoch 152/200][Batch 2101/2622] BatchTime = 0.517 (s) DataTime = 0.001 (s) Losses = ['5.2774', '36.6295'] lr = 0.0000036
2025-07-22 01:39:31,640 - AdaPoinTr - INFO - [Epoch 152/200][Batch 2201/2622] BatchTime = 0.510 (s) DataTime = 0.001 (s) Losses = ['5.2791', '39.2254'] lr = 0.0000036
2025-07-22 01:40:23,216 - AdaPoinTr - INFO - [Epoch 152/200][Batch 2301/2622] BatchTime = 0.510 (s) DataTime = 0.001 (s) Losses = ['4.5299', '31.2307'] lr = 0.0000036
2025-07-22 01:41:14,777 - AdaPoinTr - INFO - [Epoch 152/200][Batch 2401/2622] BatchTime = 0.513 (s) DataTime = 0.001 (s) Losses = ['5.2215', '39.6991'] lr = 0.0000036
2025-07-22 01:42:24,782 - AdaPoinTr - INFO - [Epoch 152/200][Batch 2501/2622] BatchTime = 0.717 (s) DataTime = 0.001 (s) Losses = ['4.6366', '33.0400'] lr = 0.0000036
2025-07-22 01:43:36,557 - AdaPoinTr - INFO - [Epoch 152/200][Batch 2601/2622] BatchTime = 0.717 (s) DataTime = 0.001 (s) Losses = ['4.7346', '39.2170'] lr = 0.0000036
2025-07-22 01:43:51,676 - AdaPoinTr - INFO - [Training] EPOCH: 152 EpochTime = 1616.142 (s) Losses = ['5.1535', '39.0960']
2025-07-22 01:43:52,135 - AdaPoinTr - INFO - Save checkpoint at ./experiments/AdaPoinTr/ShapeNet55_models/AdaPoinTr/ckpt-last.pth
2025-07-22 01:43:52,938 - AdaPoinTr - INFO - [Epoch 153/200][Batch 1/2622] BatchTime = 0.803 (s) DataTime = 0.090 (s) Losses = ['5.3610', '39.5303'] lr = 0.0000036
2025-07-22 01:45:04,759 - AdaPoinTr - INFO - [Epoch 153/200][Batch 101/2622] BatchTime = 0.718 (s) DataTime = 0.001 (s) Losses = ['4.9163', '36.8635'] lr = 0.0000036
2025-07-22 01:46:16,534 - AdaPoinTr - INFO - [Epoch 153/200][Batch 201/2622] BatchTime = 0.716 (s) DataTime = 0.001 (s) Losses = ['4.7093', '38.8381'] lr = 0.0000036
2025-07-22 01:47:28,342 - AdaPoinTr - INFO - [Epoch 153/200][Batch 301/2622] BatchTime = 0.713 (s) DataTime = 0.001 (s) Losses = ['5.2710', '45.9066'] lr = 0.0000036
2025-07-22 01:48:40,142 - AdaPoinTr - INFO - [Epoch 153/200][Batch 401/2622] BatchTime = 0.711 (s) DataTime = 0.001 (s) Losses = ['5.2856', '42.6562'] lr = 0.0000036
2025-07-22 01:49:52,005 - AdaPoinTr - INFO - [Epoch 153/200][Batch 501/2622] BatchTime = 0.707 (s) DataTime = 0.001 (s) Losses = ['5.2285', '37.9420'] lr = 0.0000036
2025-07-22 01:51:03,826 - AdaPoinTr - INFO - [Epoch 153/200][Batch 601/2622] BatchTime = 0.709 (s) DataTime = 0.001 (s) Losses = ['5.2879', '40.1371'] lr = 0.0000036
2025-07-22 01:52:15,642 - AdaPoinTr - INFO - [Epoch 153/200][Batch 701/2622] BatchTime = 0.710 (s) DataTime = 0.001 (s) Losses = ['5.4898', '40.3487'] lr = 0.0000036
2025-07-22 01:53:27,436 - AdaPoinTr - INFO - [Epoch 153/200][Batch 801/2622] BatchTime = 0.707 (s) DataTime = 0.001 (s) Losses = ['5.1748', '40.9897'] lr = 0.0000036
2025-07-22 01:54:39,196 - AdaPoinTr - INFO - [Epoch 153/200][Batch 901/2622] BatchTime = 0.708 (s) DataTime = 0.001 (s) Losses = ['4.7865', '36.5829'] lr = 0.0000036
2025-07-22 01:55:51,006 - AdaPoinTr - INFO - [Epoch 153/200][Batch 1001/2622] BatchTime = 0.709 (s) DataTime = 0.001 (s) Losses = ['4.9242', '42.6341'] lr = 0.0000036
2025-07-22 01:57:02,813 - AdaPoinTr - INFO - [Epoch 153/200][Batch 1101/2622] BatchTime = 0.714 (s) DataTime = 0.001 (s) Losses = ['5.4973', '40.7678'] lr = 0.0000036
2025-07-22 01:58:14,620 - AdaPoinTr - INFO - [Epoch 153/200][Batch 1201/2622] BatchTime = 0.713 (s) DataTime = 0.001 (s) Losses = ['4.7118', '34.5514'] lr = 0.0000036
2025-07-22 01:59:26,416 - AdaPoinTr - INFO - [Epoch 153/200][Batch 1301/2622] BatchTime = 0.719 (s) DataTime = 0.001 (s) Losses = ['5.4431', '43.3683'] lr = 0.0000036
2025-07-22 02:00:38,241 - AdaPoinTr - INFO - [Epoch 153/200][Batch 1401/2622] BatchTime = 0.720 (s) DataTime = 0.001 (s) Losses = ['5.0613', '37.0149'] lr = 0.0000036
2025-07-22 02:01:49,997 - AdaPoinTr - INFO - [Epoch 153/200][Batch 1501/2622] BatchTime = 0.714 (s) DataTime = 0.001 (s) Losses = ['4.8310', '37.4804'] lr = 0.0000036
2025-07-22 02:03:01,795 - AdaPoinTr - INFO - [Epoch 153/200][Batch 1601/2622] BatchTime = 0.720 (s) DataTime = 0.001 (s) Losses = ['5.2145', '39.9124'] lr = 0.0000036
2025-07-22 02:04:13,559 - AdaPoinTr - INFO - [Epoch 153/200][Batch 1701/2622] BatchTime = 0.711 (s) DataTime = 0.001 (s) Losses = ['4.8721', '38.7091'] lr = 0.0000036
2025-07-22 02:05:25,307 - AdaPoinTr - INFO - [Epoch 153/200][Batch 1801/2622] BatchTime = 0.708 (s) DataTime = 0.001 (s) Losses = ['5.4476', '38.5894'] lr = 0.0000036
2025-07-22 02:06:37,070 - AdaPoinTr - INFO - [Epoch 153/200][Batch 1901/2622] BatchTime = 0.705 (s) DataTime = 0.001 (s) Losses = ['5.4769', '47.6769'] lr = 0.0000036
2025-07-22 02:07:48,868 - AdaPoinTr - INFO - [Epoch 153/200][Batch 2001/2622] BatchTime = 0.711 (s) DataTime = 0.001 (s) Losses = ['5.1059', '42.3283'] lr = 0.0000036
2025-07-22 02:09:00,654 - AdaPoinTr - INFO - [Epoch 153/200][Batch 2101/2622] BatchTime = 0.715 (s) DataTime = 0.001 (s) Losses = ['5.0003', '41.5329'] lr = 0.0000036
2025-07-22 02:10:12,486 - AdaPoinTr - INFO - [Epoch 153/200][Batch 2201/2622] BatchTime = 0.714 (s) DataTime = 0.001 (s) Losses = ['4.9314', '36.6853'] lr = 0.0000036
2025-07-22 02:11:24,245 - AdaPoinTr - INFO - [Epoch 153/200][Batch 2301/2622] BatchTime = 0.715 (s) DataTime = 0.001 (s) Losses = ['5.2190', '42.1592'] lr = 0.0000036
2025-07-22 02:12:36,026 - AdaPoinTr - INFO - [Epoch 153/200][Batch 2401/2622] BatchTime = 0.710 (s) DataTime = 0.001 (s) Losses = ['4.8555', '37.5170'] lr = 0.0000036
2025-07-22 02:13:47,858 - AdaPoinTr - INFO - [Epoch 153/200][Batch 2501/2622] BatchTime = 0.710 (s) DataTime = 0.001 (s) Losses = ['5.1560', '37.3620'] lr = 0.0000036
2025-07-22 02:14:59,645 - AdaPoinTr - INFO - [Epoch 153/200][Batch 2601/2622] BatchTime = 0.708 (s) DataTime = 0.001 (s) Losses = ['5.0985', '37.9427'] lr = 0.0000036
2025-07-22 02:15:14,773 - AdaPoinTr - INFO - [Training] EPOCH: 153 EpochTime = 1882.637 (s) Losses = ['5.1564', '39.1431']
2025-07-22 02:15:15,234 - AdaPoinTr - INFO - Save checkpoint at ./experiments/AdaPoinTr/ShapeNet55_models/AdaPoinTr/ckpt-last.pth
2025-07-22 02:15:16,034 - AdaPoinTr - INFO - [Epoch 154/200][Batch 1/2622] BatchTime = 0.799 (s) DataTime = 0.092 (s) Losses = ['5.1315', '34.6624'] lr = 0.0000035
2025-07-22 02:16:27,805 - AdaPoinTr - INFO - [Epoch 154/200][Batch 101/2622] BatchTime = 0.709 (s) DataTime = 0.001 (s) Losses = ['5.0808', '38.6161'] lr = 0.0000035
2025-07-22 02:17:39,617 - AdaPoinTr - INFO - [Epoch 154/200][Batch 201/2622] BatchTime = 0.710 (s) DataTime = 0.001 (s) Losses = ['4.9402', '41.4178'] lr = 0.0000035
2025-07-22 02:18:51,446 - AdaPoinTr - INFO - [Epoch 154/200][Batch 301/2622] BatchTime = 0.720 (s) DataTime = 0.001 (s) Losses = ['5.1347', '38.7993'] lr = 0.0000035
2025-07-22 02:20:03,269 - AdaPoinTr - INFO - [Epoch 154/200][Batch 401/2622] BatchTime = 0.714 (s) DataTime = 0.001 (s) Losses = ['5.1931', '43.8816'] lr = 0.0000035
2025-07-22 02:21:15,037 - AdaPoinTr - INFO - [Epoch 154/200][Batch 501/2622] BatchTime = 0.717 (s) DataTime = 0.001 (s) Losses = ['5.2886', '38.9655'] lr = 0.0000035
2025-07-22 02:22:26,863 - AdaPoinTr - INFO - [Epoch 154/200][Batch 601/2622] BatchTime = 0.716 (s) DataTime = 0.001 (s) Losses = ['5.5749', '40.4438'] lr = 0.0000035
2025-07-22 02:23:38,661 - AdaPoinTr - INFO - [Epoch 154/200][Batch 701/2622] BatchTime = 0.714 (s) DataTime = 0.001 (s) Losses = ['5.3271', '40.1270'] lr = 0.0000035
2025-07-22 02:24:50,470 - AdaPoinTr - INFO - [Epoch 154/200][Batch 801/2622] BatchTime = 0.710 (s) DataTime = 0.001 (s) Losses = ['5.0621', '38.3557'] lr = 0.0000035
2025-07-22 02:26:02,233 - AdaPoinTr - INFO - [Epoch 154/200][Batch 901/2622] BatchTime = 0.705 (s) DataTime = 0.001 (s) Losses = ['4.7580', '39.4083'] lr = 0.0000035
2025-07-22 02:27:14,015 - AdaPoinTr - INFO - [Epoch 154/200][Batch 1001/2622] BatchTime = 0.711 (s) DataTime = 0.001 (s) Losses = ['5.4036', '42.8440'] lr = 0.0000035
2025-07-22 02:28:25,823 - AdaPoinTr - INFO - [Epoch 154/200][Batch 1101/2622] BatchTime = 0.711 (s) DataTime = 0.001 (s) Losses = ['4.6154', '33.7656'] lr = 0.0000035
2025-07-22 02:29:37,637 - AdaPoinTr - INFO - [Epoch 154/200][Batch 1201/2622] BatchTime = 0.713 (s) DataTime = 0.001 (s) Losses = ['5.1927', '45.4656'] lr = 0.0000035
2025-07-22 02:30:49,095 - AdaPoinTr - INFO - [Epoch 154/200][Batch 1301/2622] BatchTime = 0.717 (s) DataTime = 0.001 (s) Losses = ['5.8189', '44.6229'] lr = 0.0000035
2025-07-22 02:32:00,914 - AdaPoinTr - INFO - [Epoch 154/200][Batch 1401/2622] BatchTime = 0.719 (s) DataTime = 0.001 (s) Losses = ['4.9835', '39.0049'] lr = 0.0000035
2025-07-22 02:33:12,649 - AdaPoinTr - INFO - [Epoch 154/200][Batch 1501/2622] BatchTime = 0.712 (s) DataTime = 0.001 (s) Losses = ['4.5683', '37.1381'] lr = 0.0000035
2025-07-22 02:34:24,434 - AdaPoinTr - INFO - [Epoch 154/200][Batch 1601/2622] BatchTime = 0.705 (s) DataTime = 0.001 (s) Losses = ['4.7911', '38.0090'] lr = 0.0000035
2025-07-22 02:35:36,230 - AdaPoinTr - INFO - [Epoch 154/200][Batch 1701/2622] BatchTime = 0.704 (s) DataTime = 0.001 (s) Losses = ['4.7666', '37.6266'] lr = 0.0000035
2025-07-22 02:36:48,039 - AdaPoinTr - INFO - [Epoch 154/200][Batch 1801/2622] BatchTime = 0.708 (s) DataTime = 0.001 (s) Losses = ['5.0529', '39.5774'] lr = 0.0000035
2025-07-22 02:37:59,860 - AdaPoinTr - INFO - [Epoch 154/200][Batch 1901/2622] BatchTime = 0.711 (s) DataTime = 0.001 (s) Losses = ['5.5466', '44.8035'] lr = 0.0000035
2025-07-22 02:39:11,649 - AdaPoinTr - INFO - [Epoch 154/200][Batch 2001/2622] BatchTime = 0.714 (s) DataTime = 0.001 (s) Losses = ['4.4315', '31.1488'] lr = 0.0000035
2025-07-22 02:40:23,442 - AdaPoinTr - INFO - [Epoch 154/200][Batch 2101/2622] BatchTime = 0.711 (s) DataTime = 0.001 (s) Losses = ['5.1796', '40.7399'] lr = 0.0000035
2025-07-22 02:41:35,204 - AdaPoinTr - INFO - [Epoch 154/200][Batch 2201/2622] BatchTime = 0.715 (s) DataTime = 0.001 (s) Losses = ['4.9867', '34.5493'] lr = 0.0000035
2025-07-22 02:42:46,997 - AdaPoinTr - INFO - [Epoch 154/200][Batch 2301/2622] BatchTime = 0.719 (s) DataTime = 0.001 (s) Losses = ['4.4880', '32.6964'] lr = 0.0000035
2025-07-22 02:43:58,798 - AdaPoinTr - INFO - [Epoch 154/200][Batch 2401/2622] BatchTime = 0.712 (s) DataTime = 0.001 (s) Losses = ['4.2528', '31.0113'] lr = 0.0000035
2025-07-22 02:45:10,602 - AdaPoinTr - INFO - [Epoch 154/200][Batch 2501/2622] BatchTime = 0.713 (s) DataTime = 0.001 (s) Losses = ['4.7130', '41.6219'] lr = 0.0000035
2025-07-22 02:46:22,410 - AdaPoinTr - INFO - [Epoch 154/200][Batch 2601/2622] BatchTime = 0.707 (s) DataTime = 0.001 (s) Losses = ['4.3244', '40.7223'] lr = 0.0000035
2025-07-22 02:46:37,537 - AdaPoinTr - INFO - [Training] EPOCH: 154 EpochTime = 1882.302 (s) Losses = ['5.1523', '39.0852']
2025-07-22 02:46:37,970 - AdaPoinTr - INFO - Save checkpoint at ./experiments/AdaPoinTr/ShapeNet55_models/AdaPoinTr/ckpt-last.pth
2025-07-22 02:46:38,769 - AdaPoinTr - INFO - [Epoch 155/200][Batch 1/2622] BatchTime = 0.798 (s) DataTime = 0.092 (s) Losses = ['4.9131', '34.0798'] lr = 0.0000034
2025-07-22 02:47:50,585 - AdaPoinTr - INFO - [Epoch 155/200][Batch 101/2622] BatchTime = 0.706 (s) DataTime = 0.001 (s) Losses = ['4.9794', '39.3413'] lr = 0.0000034
2025-07-22 02:49:02,373 - AdaPoinTr - INFO - [Epoch 155/200][Batch 201/2622] BatchTime = 0.707 (s) DataTime = 0.001 (s) Losses = ['5.0136', '36.0981'] lr = 0.0000034
2025-07-22 02:50:14,175 - AdaPoinTr - INFO - [Epoch 155/200][Batch 301/2622] BatchTime = 0.709 (s) DataTime = 0.001 (s) Losses = ['5.2599', '39.5467'] lr = 0.0000034
2025-07-22 02:51:25,946 - AdaPoinTr - INFO - [Epoch 155/200][Batch 401/2622] BatchTime = 0.716 (s) DataTime = 0.001 (s) Losses = ['5.4042', '38.9907'] lr = 0.0000034
2025-07-22 02:52:37,687 - AdaPoinTr - INFO - [Epoch 155/200][Batch 501/2622] BatchTime = 0.715 (s) DataTime = 0.001 (s) Losses = ['5.3653', '40.9149'] lr = 0.0000034
2025-07-22 02:53:49,472 - AdaPoinTr - INFO - [Epoch 155/200][Batch 601/2622] BatchTime = 0.717 (s) DataTime = 0.001 (s) Losses = ['5.4361', '42.4173'] lr = 0.0000034
2025-07-22 02:55:01,241 - AdaPoinTr - INFO - [Epoch 155/200][Batch 701/2622] BatchTime = 0.712 (s) DataTime = 0.001 (s) Losses = ['5.1792', '43.5852'] lr = 0.0000034
2025-07-22 02:56:13,036 - AdaPoinTr - INFO - [Epoch 155/200][Batch 801/2622] BatchTime = 0.710 (s) DataTime = 0.001 (s) Losses = ['4.8494', '38.1686'] lr = 0.0000034
2025-07-22 02:57:24,837 - AdaPoinTr - INFO - [Epoch 155/200][Batch 901/2622] BatchTime = 0.711 (s) DataTime = 0.001 (s) Losses = ['4.5449', '34.5587'] lr = 0.0000034
2025-07-22 02:58:36,637 - AdaPoinTr - INFO - [Epoch 155/200][Batch 1001/2622] BatchTime = 0.712 (s) DataTime = 0.001 (s) Losses = ['5.3147', '40.2783'] lr = 0.0000034
2025-07-22 02:59:48,430 - AdaPoinTr - INFO - [Epoch 155/200][Batch 1101/2622] BatchTime = 0.713 (s) DataTime = 0.001 (s) Losses = ['5.3963', '41.2514'] lr = 0.0000034
2025-07-22 03:01:00,261 - AdaPoinTr - INFO - [Epoch 155/200][Batch 1201/2622] BatchTime = 0.709 (s) DataTime = 0.001 (s) Losses = ['4.5475', '36.3905'] lr = 0.0000034
2025-07-22 03:02:12,065 - AdaPoinTr - INFO - [Epoch 155/200][Batch 1301/2622] BatchTime = 0.710 (s) DataTime = 0.001 (s) Losses = ['5.8928', '41.9801'] lr = 0.0000034
2025-07-22 03:03:23,891 - AdaPoinTr - INFO - [Epoch 155/200][Batch 1401/2622] BatchTime = 0.708 (s) DataTime = 0.001 (s) Losses = ['4.7923', '34.9604'] lr = 0.0000034
2025-07-22 03:04:35,692 - AdaPoinTr - INFO - [Epoch 155/200][Batch 1501/2622] BatchTime = 0.709 (s) DataTime = 0.001 (s) Losses = ['5.0574', '37.5919'] lr = 0.0000034
2025-07-22 03:05:47,496 - AdaPoinTr - INFO - [Epoch 155/200][Batch 1601/2622] BatchTime = 0.710 (s) DataTime = 0.001 (s) Losses = ['5.1679', '38.1804'] lr = 0.0000034
2025-07-22 03:06:59,278 - AdaPoinTr - INFO - [Epoch 155/200][Batch 1701/2622] BatchTime = 0.713 (s) DataTime = 0.001 (s) Losses = ['4.9096', '38.1609'] lr = 0.0000034
2025-07-22 03:08:11,084 - AdaPoinTr - INFO - [Epoch 155/200][Batch 1801/2622] BatchTime = 0.715 (s) DataTime = 0.001 (s) Losses = ['5.6732', '41.6194'] lr = 0.0000034
2025-07-22 03:09:22,871 - AdaPoinTr - INFO - [Epoch 155/200][Batch 1901/2622] BatchTime = 0.717 (s) DataTime = 0.001 (s) Losses = ['5.3514', '39.2534'] lr = 0.0000034
2025-07-22 03:10:34,693 - AdaPoinTr - INFO - [Epoch 155/200][Batch 2001/2622] BatchTime = 0.718 (s) DataTime = 0.001 (s) Losses = ['4.7717', '36.0555'] lr = 0.0000034
2025-07-22 03:11:46,493 - AdaPoinTr - INFO - [Epoch 155/200][Batch 2101/2622] BatchTime = 0.716 (s) DataTime = 0.001 (s) Losses = ['5.4533', '44.8982'] lr = 0.0000034
2025-07-22 03:12:58,307 - AdaPoinTr - INFO - [Epoch 155/200][Batch 2201/2622] BatchTime = 0.714 (s) DataTime = 0.001 (s) Losses = ['4.9359', '36.6868'] lr = 0.0000034
2025-07-22 03:14:10,136 - AdaPoinTr - INFO - [Epoch 155/200][Batch 2301/2622] BatchTime = 0.710 (s) DataTime = 0.001 (s) Losses = ['5.2049', '38.1396'] lr = 0.0000034
2025-07-22 03:15:21,937 - AdaPoinTr - INFO - [Epoch 155/200][Batch 2401/2622] BatchTime = 0.710 (s) DataTime = 0.001 (s) Losses = ['4.7622', '34.5045'] lr = 0.0000034
2025-07-22 03:16:33,755 - AdaPoinTr - INFO - [Epoch 155/200][Batch 2501/2622] BatchTime = 0.710 (s) DataTime = 0.001 (s) Losses = ['4.7636', '36.1299'] lr = 0.0000034
2025-07-22 03:17:45,562 - AdaPoinTr - INFO - [Epoch 155/200][Batch 2601/2622] BatchTime = 0.708 (s) DataTime = 0.001 (s) Losses = ['5.7180', '44.6328'] lr = 0.0000034
2025-07-22 03:18:00,659 - AdaPoinTr - INFO - [Training] EPOCH: 155 EpochTime = 1882.688 (s) Losses = ['5.1509', '39.0598']
2025-07-22 03:18:00,659 - AdaPoinTr - INFO - [VALIDATION] Start validating epoch 155
2025-07-22 03:19:07,690 - AdaPoinTr - INFO - Test[1051/10518] Taxonomy = 02691156 Sample = c7749c0a8b61f43bc9b9e28055202e3d Losses = ['19.6429', '1.5173', '8.0797', '0.2029'] Metrics = ['0.6058', '8.0797', '0.2029', '0.0000']
2025-07-22 03:20:14,339 - AdaPoinTr - INFO - Test[2102/10518] Taxonomy = 03211117 Sample = ab2f9418c111cc6ddb965514105122a4 Losses = ['20.6963', '1.6604', '7.7082', '0.2070'] Metrics = ['0.6324', '7.7082', '0.2070', '0.0000']
2025-07-22 03:21:21,290 - AdaPoinTr - INFO - Test[3153/10518] Taxonomy = 02876657 Sample = c5032e4be091aabb36fe7a88df793982 Losses = ['42.3406', '7.1213', '16.4712', '1.2956'] Metrics = ['0.3230', '16.4712', '1.2956', '0.0000']
2025-07-22 03:22:28,302 - AdaPoinTr - INFO - Test[4204/10518] Taxonomy = 03211117 Sample = 722df1da5778d45b1e43523279c7f09f Losses = ['26.7860', '2.5803', '10.6347', '0.3893'] Metrics = ['0.4341', '10.6347', '0.3893', '0.0000']
2025-07-22 03:23:35,426 - AdaPoinTr - INFO - Test[5255/10518] Taxonomy = 02828884 Sample = 14b63361a48a9fffe4a048c146e8bd43 Losses = ['30.3321', '3.5541', '13.2694', '0.8313'] Metrics = ['0.4432', '13.2694', '0.8313', '0.0000']
2025-07-22 03:24:42,406 - AdaPoinTr - INFO - Test[6306/10518] Taxonomy = 03211117 Sample = d330d50a0255529d19ed6e1a590c9122 Losses = ['23.9822', '2.4533', '9.6739', '0.3334'] Metrics = ['0.4896', '9.6739', '0.3334', '0.0000']
2025-07-22 03:25:49,389 - AdaPoinTr - INFO - Test[7357/10518] Taxonomy = 04379243 Sample = b1ca280d9567270ade98d10ab5975b59 Losses = ['29.5392', '3.5537', '13.8014', '0.5961'] Metrics = ['0.2815', '13.8014', '0.5961', '0.0000']
2025-07-22 03:26:56,395 - AdaPoinTr - INFO - Test[8408/10518] Taxonomy = 03001627 Sample = 89208a619341d9fdb8c516ed5c4ce32 Losses = ['26.6058', '2.5225', '12.1440', '0.4604'] Metrics = ['0.3342', '12.1440', '0.4604', '0.0000']
2025-07-22 03:28:03,380 - AdaPoinTr - INFO - Test[9459/10518] Taxonomy = 03001627 Sample = d0255120e3351121c3bd24f986301745 Losses = ['34.5283', '4.1693', '14.2973', '0.6419'] Metrics = ['0.2470', '14.2973', '0.6419', '0.0000']
2025-07-22 03:29:10,352 - AdaPoinTr - INFO - Test[10510/10518] Taxonomy = 03636649 Sample = ea9ec4d9db2e06202471e6dd5ac3ef92 Losses = ['14.1373', '0.8146', '5.1722', '0.0824'] Metrics = ['0.9166', '5.1722', '0.0824', '0.0000']
2025-07-22 03:29:10,886 - AdaPoinTr - INFO - [Validation] EPOCH: 155  Metrics = ['0.3848', '13.5628', '0.8786', '0.0000']
2025-07-22 03:29:10,886 - AdaPoinTr - INFO - ============================ TEST RESULTS ============================
2025-07-22 03:29:10,886 - AdaPoinTr - INFO - Taxonomy	#Sample	F-Score	CDL1	CDL2	EMDistance	#ModelName	
2025-07-22 03:29:10,886 - AdaPoinTr - INFO - 03759954	14	0.566 	13.998 	1.667 	0.000 	microphone	
2025-07-22 03:29:10,886 - AdaPoinTr - INFO - 04330267	44	0.295 	15.857 	1.204 	0.000 	stove	
2025-07-22 03:29:10,886 - AdaPoinTr - INFO - 03261776	15	0.341 	16.167 	1.449 	0.000 	earphone	
2025-07-22 03:29:10,886 - AdaPoinTr - INFO - 03513137	33	0.222 	20.847 	2.284 	0.000 	helmet	
2025-07-22 03:29:10,886 - AdaPoinTr - INFO - 04460130	27	0.441 	13.644 	0.938 	0.000 	tower	
2025-07-22 03:29:10,886 - AdaPoinTr - INFO - 04468005	78	0.405 	12.239 	0.628 	0.000 	train	
2025-07-22 03:29:10,886 - AdaPoinTr - INFO - 03761084	31	0.253 	15.291 	0.860 	0.000 	microwaves	
2025-07-22 03:29:10,886 - AdaPoinTr - INFO - 04004475	34	0.281 	15.989 	1.189 	0.000 	printer	
2025-07-22 03:29:10,886 - AdaPoinTr - INFO - 03938244	20	0.321 	13.555 	0.692 	0.000 	pillow	
2025-07-22 03:29:10,886 - AdaPoinTr - INFO - 02992529	167	0.435 	10.613 	0.404 	0.000 	cellphone	
2025-07-22 03:29:10,886 - AdaPoinTr - INFO - 02808440	172	0.307 	14.193 	0.866 	0.000 	bathtub	
2025-07-22 03:29:10,886 - AdaPoinTr - INFO - 04530566	388	0.525 	10.781 	0.550 	0.000 	watercraft	
2025-07-22 03:29:10,886 - AdaPoinTr - INFO - 02871439	91	0.261 	15.827 	1.055 	0.000 	bookshelf	
2025-07-22 03:29:10,887 - AdaPoinTr - INFO - 03593526	120	0.282 	16.085 	1.145 	0.000 	jar	
2025-07-22 03:29:10,887 - AdaPoinTr - INFO - 04554684	34	0.241 	17.448 	1.506 	0.000 	washer	
2025-07-22 03:29:10,887 - AdaPoinTr - INFO - 03467517	160	0.835 	6.325 	0.194 	0.000 	guitar	
2025-07-22 03:29:10,887 - AdaPoinTr - INFO - 04401088	218	0.441 	10.425 	0.397 	0.000 	telephone	
2025-07-22 03:29:10,887 - AdaPoinTr - INFO - 02954340	12	0.328 	13.714 	0.777 	0.000 	cap	
2025-07-22 03:29:10,887 - AdaPoinTr - INFO - 02933112	315	0.250 	14.613 	0.756 	0.000 	cabinet	
2025-07-22 03:29:10,887 - AdaPoinTr - INFO - 03642806	92	0.404 	10.659 	0.382 	0.000 	laptop	
2025-07-22 03:29:10,887 - AdaPoinTr - INFO - 02924116	188	0.380 	12.131 	0.571 	0.000 	bus	
2025-07-22 03:29:10,887 - AdaPoinTr - INFO - 02946921	22	0.273 	14.608 	0.846 	0.000 	can	
2025-07-22 03:29:10,887 - AdaPoinTr - INFO - 02818832	47	0.289 	15.964 	1.156 	0.000 	bed	
2025-07-22 03:29:10,887 - AdaPoinTr - INFO - 04256520	635	0.313 	13.670 	0.711 	0.000 	sofa	
2025-07-22 03:29:10,887 - AdaPoinTr - INFO - 04379243	1687	0.401 	12.161 	0.686 	0.000 	table	
2025-07-22 03:29:10,887 - AdaPoinTr - INFO - 02747177	69	0.206 	16.620 	0.997 	0.000 	trash bin	
2025-07-22 03:29:10,887 - AdaPoinTr - INFO - 03046257	131	0.329 	14.025 	0.847 	0.000 	clock	
2025-07-22 03:29:10,887 - AdaPoinTr - INFO - 04225987	31	0.574 	9.062 	0.320 	0.000 	skateboard	
2025-07-22 03:29:10,887 - AdaPoinTr - INFO - 03797390	43	0.208 	17.471 	1.141 	0.000 	mug	
2025-07-22 03:29:10,887 - AdaPoinTr - INFO - 03001627	1356	0.387 	13.040 	0.773 	0.000 	chair	
2025-07-22 03:29:10,887 - AdaPoinTr - INFO - 03691459	320	0.267 	16.503 	1.203 	0.000 	loudspeaker	
2025-07-22 03:29:10,887 - AdaPoinTr - INFO - 02942699	23	0.251 	20.215 	2.262 	0.000 	camera	
2025-07-22 03:29:10,887 - AdaPoinTr - INFO - 03636649	464	0.563 	12.329 	1.129 	0.000 	lamp	
2025-07-22 03:29:10,887 - AdaPoinTr - INFO - 02691156	809	0.604 	9.011 	0.383 	0.000 	airplane	
2025-07-22 03:29:10,887 - AdaPoinTr - INFO - 02773838	17	0.376 	12.462 	0.672 	0.000 	bag	
2025-07-22 03:29:10,887 - AdaPoinTr - INFO - 02958343	703	0.231 	15.565 	0.866 	0.000 	car	
2025-07-22 03:29:10,887 - AdaPoinTr - INFO - 02880940	38	0.245 	15.073 	0.827 	0.000 	bowl	
2025-07-22 03:29:10,887 - AdaPoinTr - INFO - 04099429	17	0.731 	8.155 	0.369 	0.000 	rocket	
2025-07-22 03:29:10,887 - AdaPoinTr - INFO - 02828884	363	0.459 	10.732 	0.541 	0.000 	bench	
2025-07-22 03:29:10,887 - AdaPoinTr - INFO - 04090263	475	0.713 	8.079 	0.360 	0.000 	rifle	
2025-07-22 03:29:10,887 - AdaPoinTr - INFO - 03211117	219	0.369 	12.531 	0.653 	0.000 	display	
2025-07-22 03:29:10,887 - AdaPoinTr - INFO - 02876657	100	0.456 	11.776 	0.719 	0.000 	bottle	
2025-07-22 03:29:10,887 - AdaPoinTr - INFO - 03710193	19	0.561 	10.627 	0.616 	0.000 	mailbox	
2025-07-22 03:29:10,887 - AdaPoinTr - INFO - 03790512	68	0.269 	16.159 	1.091 	0.000 	motorbike	
2025-07-22 03:29:10,887 - AdaPoinTr - INFO - 03325088	149	0.490 	13.069 	1.003 	0.000 	faucet	
2025-07-22 03:29:10,887 - AdaPoinTr - INFO - 02801938	23	0.232 	16.161 	1.024 	0.000 	basket	
2025-07-22 03:29:10,887 - AdaPoinTr - INFO - 03337140	60	0.252 	15.506 	0.935 	0.000 	file cabinet	
2025-07-22 03:29:10,887 - AdaPoinTr - INFO - 02843684	15	0.253 	19.100 	1.773 	0.000 	birdhouse	
2025-07-22 03:29:10,887 - AdaPoinTr - INFO - 03624134	85	0.799 	6.735 	0.242 	0.000 	knife	
2025-07-22 03:29:10,887 - AdaPoinTr - INFO - 03991062	121	0.250 	17.746 	1.393 	0.000 	flowerpot	
2025-07-22 03:29:10,887 - AdaPoinTr - INFO - 03948459	62	0.489 	11.203 	0.561 	0.000 	pistol	
2025-07-22 03:29:10,887 - AdaPoinTr - INFO - 03928116	48	0.304 	15.218 	1.087 	0.000 	piano	
2025-07-22 03:29:10,887 - AdaPoinTr - INFO - 03207941	19	0.253 	15.212 	0.904 	0.000 	dishwasher	
2025-07-22 03:29:10,887 - AdaPoinTr - INFO - 04074963	14	0.483 	10.192 	0.383 	0.000 	remote	
2025-07-22 03:29:10,887 - AdaPoinTr - INFO - 03085013	13	0.470 	9.576 	0.334 	0.000 	keyboard	
2025-07-22 03:29:10,887 - AdaPoinTr - INFO - Overall		0.385 	13.563 	0.879 	0.000 	
2025-07-22 03:29:11,350 - AdaPoinTr - INFO - Save checkpoint at ./experiments/AdaPoinTr/ShapeNet55_models/AdaPoinTr/ckpt-last.pth
2025-07-22 03:29:12,162 - AdaPoinTr - INFO - [Epoch 156/200][Batch 1/2622] BatchTime = 0.811 (s) DataTime = 0.094 (s) Losses = ['5.6940', '44.2567'] lr = 0.0000033
2025-07-22 03:30:23,967 - AdaPoinTr - INFO - [Epoch 156/200][Batch 101/2622] BatchTime = 0.718 (s) DataTime = 0.001 (s) Losses = ['5.4565', '41.9258'] lr = 0.0000033
2025-07-22 03:31:35,788 - AdaPoinTr - INFO - [Epoch 156/200][Batch 201/2622] BatchTime = 0.707 (s) DataTime = 0.001 (s) Losses = ['5.2492', '37.1872'] lr = 0.0000033
2025-07-22 03:32:47,597 - AdaPoinTr - INFO - [Epoch 156/200][Batch 301/2622] BatchTime = 0.709 (s) DataTime = 0.001 (s) Losses = ['5.1194', '40.2522'] lr = 0.0000033
2025-07-22 03:33:59,429 - AdaPoinTr - INFO - [Epoch 156/200][Batch 401/2622] BatchTime = 0.711 (s) DataTime = 0.001 (s) Losses = ['4.6126', '35.0753'] lr = 0.0000033
2025-07-22 03:35:11,217 - AdaPoinTr - INFO - [Epoch 156/200][Batch 501/2622] BatchTime = 0.703 (s) DataTime = 0.001 (s) Losses = ['5.1258', '38.1172'] lr = 0.0000033
2025-07-22 03:36:23,007 - AdaPoinTr - INFO - [Epoch 156/200][Batch 601/2622] BatchTime = 0.716 (s) DataTime = 0.001 (s) Losses = ['5.6655', '45.0103'] lr = 0.0000033
2025-07-22 03:37:34,798 - AdaPoinTr - INFO - [Epoch 156/200][Batch 701/2622] BatchTime = 0.716 (s) DataTime = 0.001 (s) Losses = ['4.4979', '35.1122'] lr = 0.0000033
2025-07-22 03:38:46,565 - AdaPoinTr - INFO - [Epoch 156/200][Batch 801/2622] BatchTime = 0.717 (s) DataTime = 0.001 (s) Losses = ['5.1696', '40.5100'] lr = 0.0000033
2025-07-22 03:39:58,363 - AdaPoinTr - INFO - [Epoch 156/200][Batch 901/2622] BatchTime = 0.719 (s) DataTime = 0.001 (s) Losses = ['4.6355', '36.3867'] lr = 0.0000033
2025-07-22 03:41:10,091 - AdaPoinTr - INFO - [Epoch 156/200][Batch 1001/2622] BatchTime = 0.709 (s) DataTime = 0.001 (s) Losses = ['4.8117', '34.6135'] lr = 0.0000033
2025-07-22 03:42:21,883 - AdaPoinTr - INFO - [Epoch 156/200][Batch 1101/2622] BatchTime = 0.702 (s) DataTime = 0.001 (s) Losses = ['4.5992', '34.3626'] lr = 0.0000033
2025-07-22 03:43:33,707 - AdaPoinTr - INFO - [Epoch 156/200][Batch 1201/2622] BatchTime = 0.705 (s) DataTime = 0.001 (s) Losses = ['4.6616', '35.2496'] lr = 0.0000033
2025-07-22 03:44:45,498 - AdaPoinTr - INFO - [Epoch 156/200][Batch 1301/2622] BatchTime = 0.711 (s) DataTime = 0.001 (s) Losses = ['4.5053', '32.4963'] lr = 0.0000033
2025-07-22 03:45:57,309 - AdaPoinTr - INFO - [Epoch 156/200][Batch 1401/2622] BatchTime = 0.718 (s) DataTime = 0.001 (s) Losses = ['5.1336', '38.7227'] lr = 0.0000033
2025-07-22 03:47:09,105 - AdaPoinTr - INFO - [Epoch 156/200][Batch 1501/2622] BatchTime = 0.720 (s) DataTime = 0.001 (s) Losses = ['4.8730', '34.6822'] lr = 0.0000033
2025-07-22 03:48:20,897 - AdaPoinTr - INFO - [Epoch 156/200][Batch 1601/2622] BatchTime = 0.716 (s) DataTime = 0.001 (s) Losses = ['5.4663', '41.3275'] lr = 0.0000033
2025-07-22 03:49:32,710 - AdaPoinTr - INFO - [Epoch 156/200][Batch 1701/2622] BatchTime = 0.714 (s) DataTime = 0.001 (s) Losses = ['4.7208', '35.6312'] lr = 0.0000033
2025-07-22 03:50:44,507 - AdaPoinTr - INFO - [Epoch 156/200][Batch 1801/2622] BatchTime = 0.712 (s) DataTime = 0.001 (s) Losses = ['4.9618', '34.4633'] lr = 0.0000033
2025-07-22 03:51:56,327 - AdaPoinTr - INFO - [Epoch 156/200][Batch 1901/2622] BatchTime = 0.709 (s) DataTime = 0.001 (s) Losses = ['4.3172', '33.3406'] lr = 0.0000033
2025-07-22 03:53:08,112 - AdaPoinTr - INFO - [Epoch 156/200][Batch 2001/2622] BatchTime = 0.712 (s) DataTime = 0.001 (s) Losses = ['5.2061', '37.4905'] lr = 0.0000033
2025-07-22 03:54:19,911 - AdaPoinTr - INFO - [Epoch 156/200][Batch 2101/2622] BatchTime = 0.705 (s) DataTime = 0.001 (s) Losses = ['5.6305', '39.2553'] lr = 0.0000033
2025-07-22 03:55:31,739 - AdaPoinTr - INFO - [Epoch 156/200][Batch 2201/2622] BatchTime = 0.707 (s) DataTime = 0.001 (s) Losses = ['4.7685', '34.9305'] lr = 0.0000033
2025-07-22 03:56:43,562 - AdaPoinTr - INFO - [Epoch 156/200][Batch 2301/2622] BatchTime = 0.710 (s) DataTime = 0.001 (s) Losses = ['5.4033', '39.2667'] lr = 0.0000033
2025-07-22 03:57:55,371 - AdaPoinTr - INFO - [Epoch 156/200][Batch 2401/2622] BatchTime = 0.715 (s) DataTime = 0.001 (s) Losses = ['5.3294', '43.3762'] lr = 0.0000033
2025-07-22 03:59:07,207 - AdaPoinTr - INFO - [Epoch 156/200][Batch 2501/2622] BatchTime = 0.718 (s) DataTime = 0.001 (s) Losses = ['5.2847', '40.5922'] lr = 0.0000033
2025-07-22 04:00:18,976 - AdaPoinTr - INFO - [Epoch 156/200][Batch 2601/2622] BatchTime = 0.713 (s) DataTime = 0.001 (s) Losses = ['5.7217', '43.3053'] lr = 0.0000033
2025-07-22 04:00:34,076 - AdaPoinTr - INFO - [Training] EPOCH: 156 EpochTime = 1882.725 (s) Losses = ['5.1508', '39.0098']
2025-07-22 04:00:34,535 - AdaPoinTr - INFO - Save checkpoint at ./experiments/AdaPoinTr/ShapeNet55_models/AdaPoinTr/ckpt-last.pth
2025-07-22 04:00:35,341 - AdaPoinTr - INFO - [Epoch 157/200][Batch 1/2622] BatchTime = 0.805 (s) DataTime = 0.092 (s) Losses = ['5.3013', '40.1584'] lr = 0.0000033
2025-07-22 04:01:47,157 - AdaPoinTr - INFO - [Epoch 157/200][Batch 101/2622] BatchTime = 0.718 (s) DataTime = 0.001 (s) Losses = ['5.8109', '44.8529'] lr = 0.0000033
2025-07-22 04:02:58,943 - AdaPoinTr - INFO - [Epoch 157/200][Batch 201/2622] BatchTime = 0.713 (s) DataTime = 0.001 (s) Losses = ['5.3126', '44.1242'] lr = 0.0000033
2025-07-22 04:04:10,728 - AdaPoinTr - INFO - [Epoch 157/200][Batch 301/2622] BatchTime = 0.707 (s) DataTime = 0.001 (s) Losses = ['5.0186', '37.0879'] lr = 0.0000033
2025-07-22 04:05:22,544 - AdaPoinTr - INFO - [Epoch 157/200][Batch 401/2622] BatchTime = 0.705 (s) DataTime = 0.001 (s) Losses = ['5.2625', '41.1152'] lr = 0.0000033
2025-07-22 04:06:34,062 - AdaPoinTr - INFO - [Epoch 157/200][Batch 501/2622] BatchTime = 0.709 (s) DataTime = 0.001 (s) Losses = ['5.2141', '35.2906'] lr = 0.0000033
2025-07-22 04:07:45,862 - AdaPoinTr - INFO - [Epoch 157/200][Batch 601/2622] BatchTime = 0.704 (s) DataTime = 0.001 (s) Losses = ['4.8092', '37.8922'] lr = 0.0000033
2025-07-22 04:08:57,690 - AdaPoinTr - INFO - [Epoch 157/200][Batch 701/2622] BatchTime = 0.709 (s) DataTime = 0.001 (s) Losses = ['4.4146', '32.9936'] lr = 0.0000033
2025-07-22 04:10:09,497 - AdaPoinTr - INFO - [Epoch 157/200][Batch 801/2622] BatchTime = 0.721 (s) DataTime = 0.001 (s) Losses = ['5.8108', '40.6988'] lr = 0.0000033
2025-07-22 04:11:21,336 - AdaPoinTr - INFO - [Epoch 157/200][Batch 901/2622] BatchTime = 0.707 (s) DataTime = 0.001 (s) Losses = ['5.5993', '45.6146'] lr = 0.0000033
2025-07-22 04:12:33,152 - AdaPoinTr - INFO - [Epoch 157/200][Batch 1001/2622] BatchTime = 0.713 (s) DataTime = 0.001 (s) Losses = ['4.8417', '42.6861'] lr = 0.0000033
2025-07-22 04:13:44,917 - AdaPoinTr - INFO - [Epoch 157/200][Batch 1101/2622] BatchTime = 0.720 (s) DataTime = 0.001 (s) Losses = ['4.7069', '37.9290'] lr = 0.0000033
2025-07-22 04:14:56,712 - AdaPoinTr - INFO - [Epoch 157/200][Batch 1201/2622] BatchTime = 0.723 (s) DataTime = 0.001 (s) Losses = ['4.6465', '44.5780'] lr = 0.0000033
2025-07-22 04:16:08,509 - AdaPoinTr - INFO - [Epoch 157/200][Batch 1301/2622] BatchTime = 0.716 (s) DataTime = 0.001 (s) Losses = ['4.9863', '38.9160'] lr = 0.0000033
2025-07-22 04:17:20,373 - AdaPoinTr - INFO - [Epoch 157/200][Batch 1401/2622] BatchTime = 0.716 (s) DataTime = 0.001 (s) Losses = ['5.2823', '37.2380'] lr = 0.0000033
2025-07-22 04:18:32,192 - AdaPoinTr - INFO - [Epoch 157/200][Batch 1501/2622] BatchTime = 0.714 (s) DataTime = 0.001 (s) Losses = ['5.2850', '37.8586'] lr = 0.0000033
2025-07-22 04:19:43,989 - AdaPoinTr - INFO - [Epoch 157/200][Batch 1601/2622] BatchTime = 0.722 (s) DataTime = 0.001 (s) Losses = ['5.1113', '39.7927'] lr = 0.0000033
2025-07-22 04:20:55,768 - AdaPoinTr - INFO - [Epoch 157/200][Batch 1701/2622] BatchTime = 0.710 (s) DataTime = 0.001 (s) Losses = ['4.6773', '36.1693'] lr = 0.0000033
2025-07-22 04:22:07,566 - AdaPoinTr - INFO - [Epoch 157/200][Batch 1801/2622] BatchTime = 0.712 (s) DataTime = 0.001 (s) Losses = ['5.9442', '42.4583'] lr = 0.0000033
2025-07-22 04:23:19,352 - AdaPoinTr - INFO - [Epoch 157/200][Batch 1901/2622] BatchTime = 0.710 (s) DataTime = 0.001 (s) Losses = ['4.9340', '39.3233'] lr = 0.0000033
2025-07-22 04:24:31,136 - AdaPoinTr - INFO - [Epoch 157/200][Batch 2001/2622] BatchTime = 0.707 (s) DataTime = 0.001 (s) Losses = ['5.5144', '39.6900'] lr = 0.0000033
2025-07-22 04:25:42,929 - AdaPoinTr - INFO - [Epoch 157/200][Batch 2101/2622] BatchTime = 0.710 (s) DataTime = 0.001 (s) Losses = ['5.9062', '43.9586'] lr = 0.0000033
2025-07-22 04:26:54,717 - AdaPoinTr - INFO - [Epoch 157/200][Batch 2201/2622] BatchTime = 0.713 (s) DataTime = 0.001 (s) Losses = ['5.7086', '43.5465'] lr = 0.0000033
2025-07-22 04:28:06,497 - AdaPoinTr - INFO - [Epoch 157/200][Batch 2301/2622] BatchTime = 0.718 (s) DataTime = 0.001 (s) Losses = ['5.8823', '47.2340'] lr = 0.0000033
2025-07-22 04:29:18,264 - AdaPoinTr - INFO - [Epoch 157/200][Batch 2401/2622] BatchTime = 0.715 (s) DataTime = 0.001 (s) Losses = ['5.1088', '35.6916'] lr = 0.0000033
2025-07-22 04:30:30,073 - AdaPoinTr - INFO - [Epoch 157/200][Batch 2501/2622] BatchTime = 0.711 (s) DataTime = 0.001 (s) Losses = ['5.3590', '38.5554'] lr = 0.0000033
2025-07-22 04:31:41,895 - AdaPoinTr - INFO - [Epoch 157/200][Batch 2601/2622] BatchTime = 0.708 (s) DataTime = 0.001 (s) Losses = ['5.5029', '42.4409'] lr = 0.0000033
2025-07-22 04:31:57,014 - AdaPoinTr - INFO - [Training] EPOCH: 157 EpochTime = 1882.478 (s) Losses = ['5.1508', '39.1216']
2025-07-22 04:31:57,470 - AdaPoinTr - INFO - Save checkpoint at ./experiments/AdaPoinTr/ShapeNet55_models/AdaPoinTr/ckpt-last.pth
2025-07-22 04:31:58,276 - AdaPoinTr - INFO - [Epoch 158/200][Batch 1/2622] BatchTime = 0.805 (s) DataTime = 0.092 (s) Losses = ['5.1767', '39.3904'] lr = 0.0000032
2025-07-22 04:33:10,069 - AdaPoinTr - INFO - [Epoch 158/200][Batch 101/2622] BatchTime = 0.711 (s) DataTime = 0.001 (s) Losses = ['4.7774', '39.6507'] lr = 0.0000032
2025-07-22 04:34:21,825 - AdaPoinTr - INFO - [Epoch 158/200][Batch 201/2622] BatchTime = 0.706 (s) DataTime = 0.001 (s) Losses = ['5.3299', '40.2446'] lr = 0.0000032
2025-07-22 04:35:33,614 - AdaPoinTr - INFO - [Epoch 158/200][Batch 301/2622] BatchTime = 0.706 (s) DataTime = 0.001 (s) Losses = ['5.0148', '41.7773'] lr = 0.0000032
2025-07-22 04:36:45,402 - AdaPoinTr - INFO - [Epoch 158/200][Batch 401/2622] BatchTime = 0.718 (s) DataTime = 0.001 (s) Losses = ['5.1654', '38.8194'] lr = 0.0000032
2025-07-22 04:37:57,198 - AdaPoinTr - INFO - [Epoch 158/200][Batch 501/2622] BatchTime = 0.721 (s) DataTime = 0.001 (s) Losses = ['5.4501', '40.1436'] lr = 0.0000032
2025-07-22 04:39:08,949 - AdaPoinTr - INFO - [Epoch 158/200][Batch 601/2622] BatchTime = 0.718 (s) DataTime = 0.001 (s) Losses = ['4.5830', '35.4999'] lr = 0.0000032
2025-07-22 04:40:20,763 - AdaPoinTr - INFO - [Epoch 158/200][Batch 701/2622] BatchTime = 0.719 (s) DataTime = 0.001 (s) Losses = ['5.3967', '40.5007'] lr = 0.0000032
2025-07-22 04:41:32,509 - AdaPoinTr - INFO - [Epoch 158/200][Batch 801/2622] BatchTime = 0.710 (s) DataTime = 0.001 (s) Losses = ['5.5275', '44.0697'] lr = 0.0000032
2025-07-22 04:42:44,263 - AdaPoinTr - INFO - [Epoch 158/200][Batch 901/2622] BatchTime = 0.707 (s) DataTime = 0.001 (s) Losses = ['4.9551', '39.9883'] lr = 0.0000032
2025-07-22 04:43:56,034 - AdaPoinTr - INFO - [Epoch 158/200][Batch 1001/2622] BatchTime = 0.709 (s) DataTime = 0.001 (s) Losses = ['5.4130', '41.5878'] lr = 0.0000032
2025-07-22 04:45:07,821 - AdaPoinTr - INFO - [Epoch 158/200][Batch 1101/2622] BatchTime = 0.709 (s) DataTime = 0.001 (s) Losses = ['5.3459', '39.5232'] lr = 0.0000032
2025-07-22 04:46:19,658 - AdaPoinTr - INFO - [Epoch 158/200][Batch 1201/2622] BatchTime = 0.721 (s) DataTime = 0.001 (s) Losses = ['5.2383', '38.7710'] lr = 0.0000032
2025-07-22 04:47:31,408 - AdaPoinTr - INFO - [Epoch 158/200][Batch 1301/2622] BatchTime = 0.718 (s) DataTime = 0.001 (s) Losses = ['4.8818', '36.8952'] lr = 0.0000032
2025-07-22 04:48:43,179 - AdaPoinTr - INFO - [Epoch 158/200][Batch 1401/2622] BatchTime = 0.713 (s) DataTime = 0.001 (s) Losses = ['5.0779', '39.2135'] lr = 0.0000032
2025-07-22 04:49:54,972 - AdaPoinTr - INFO - [Epoch 158/200][Batch 1501/2622] BatchTime = 0.707 (s) DataTime = 0.001 (s) Losses = ['4.8305', '35.3165'] lr = 0.0000032
2025-07-22 04:51:06,759 - AdaPoinTr - INFO - [Epoch 158/200][Batch 1601/2622] BatchTime = 0.706 (s) DataTime = 0.001 (s) Losses = ['5.1232', '39.3754'] lr = 0.0000032
2025-07-22 04:52:18,585 - AdaPoinTr - INFO - [Epoch 158/200][Batch 1701/2622] BatchTime = 0.703 (s) DataTime = 0.001 (s) Losses = ['4.7779', '35.3461'] lr = 0.0000032
2025-07-22 04:53:30,393 - AdaPoinTr - INFO - [Epoch 158/200][Batch 1801/2622] BatchTime = 0.706 (s) DataTime = 0.001 (s) Losses = ['5.1010', '37.9766'] lr = 0.0000032
2025-07-22 04:54:42,194 - AdaPoinTr - INFO - [Epoch 158/200][Batch 1901/2622] BatchTime = 0.710 (s) DataTime = 0.001 (s) Losses = ['4.7643', '36.8429'] lr = 0.0000032
2025-07-22 04:55:53,632 - AdaPoinTr - INFO - [Epoch 158/200][Batch 2001/2622] BatchTime = 0.715 (s) DataTime = 0.001 (s) Losses = ['4.9225', '38.1882'] lr = 0.0000032
2025-07-22 04:57:05,390 - AdaPoinTr - INFO - [Epoch 158/200][Batch 2101/2622] BatchTime = 0.721 (s) DataTime = 0.001 (s) Losses = ['5.5160', '40.3385'] lr = 0.0000032
2025-07-22 04:58:17,153 - AdaPoinTr - INFO - [Epoch 158/200][Batch 2201/2622] BatchTime = 0.718 (s) DataTime = 0.001 (s) Losses = ['5.0025', '36.8527'] lr = 0.0000032
2025-07-22 04:59:29,000 - AdaPoinTr - INFO - [Epoch 158/200][Batch 2301/2622] BatchTime = 0.716 (s) DataTime = 0.001 (s) Losses = ['4.7493', '36.4453'] lr = 0.0000032
2025-07-22 05:00:40,799 - AdaPoinTr - INFO - [Epoch 158/200][Batch 2401/2622] BatchTime = 0.712 (s) DataTime = 0.001 (s) Losses = ['5.0409', '35.1540'] lr = 0.0000032
2025-07-22 05:01:52,598 - AdaPoinTr - INFO - [Epoch 158/200][Batch 2501/2622] BatchTime = 0.707 (s) DataTime = 0.001 (s) Losses = ['5.2285', '41.2246'] lr = 0.0000032
2025-07-22 05:03:04,410 - AdaPoinTr - INFO - [Epoch 158/200][Batch 2601/2622] BatchTime = 0.706 (s) DataTime = 0.001 (s) Losses = ['5.3914', '40.1062'] lr = 0.0000032
2025-07-22 05:03:19,544 - AdaPoinTr - INFO - [Training] EPOCH: 158 EpochTime = 1882.073 (s) Losses = ['5.1477', '39.0455']
2025-07-22 05:03:20,007 - AdaPoinTr - INFO - Save checkpoint at ./experiments/AdaPoinTr/ShapeNet55_models/AdaPoinTr/ckpt-last.pth
2025-07-22 05:03:20,806 - AdaPoinTr - INFO - [Epoch 159/200][Batch 1/2622] BatchTime = 0.798 (s) DataTime = 0.091 (s) Losses = ['5.0126', '35.9753'] lr = 0.0000031
2025-07-22 05:04:32,619 - AdaPoinTr - INFO - [Epoch 159/200][Batch 101/2622] BatchTime = 0.714 (s) DataTime = 0.001 (s) Losses = ['4.7703', '35.6376'] lr = 0.0000031
2025-07-22 05:05:44,391 - AdaPoinTr - INFO - [Epoch 159/200][Batch 201/2622] BatchTime = 0.705 (s) DataTime = 0.001 (s) Losses = ['5.1035', '39.1257'] lr = 0.0000031
2025-07-22 05:06:56,174 - AdaPoinTr - INFO - [Epoch 159/200][Batch 301/2622] BatchTime = 0.705 (s) DataTime = 0.001 (s) Losses = ['4.6988', '37.9828'] lr = 0.0000031
2025-07-22 05:08:07,963 - AdaPoinTr - INFO - [Epoch 159/200][Batch 401/2622] BatchTime = 0.717 (s) DataTime = 0.001 (s) Losses = ['5.2848', '41.1086'] lr = 0.0000031
2025-07-22 05:09:19,754 - AdaPoinTr - INFO - [Epoch 159/200][Batch 501/2622] BatchTime = 0.712 (s) DataTime = 0.001 (s) Losses = ['5.3642', '42.1305'] lr = 0.0000031
2025-07-22 05:10:31,549 - AdaPoinTr - INFO - [Epoch 159/200][Batch 601/2622] BatchTime = 0.717 (s) DataTime = 0.001 (s) Losses = ['4.7164', '34.3057'] lr = 0.0000031
2025-07-22 05:11:43,319 - AdaPoinTr - INFO - [Epoch 159/200][Batch 701/2622] BatchTime = 0.711 (s) DataTime = 0.001 (s) Losses = ['5.3584', '39.5951'] lr = 0.0000031
2025-07-22 05:12:55,105 - AdaPoinTr - INFO - [Epoch 159/200][Batch 801/2622] BatchTime = 0.709 (s) DataTime = 0.001 (s) Losses = ['5.0890', '35.9524'] lr = 0.0000031
2025-07-22 05:14:06,915 - AdaPoinTr - INFO - [Epoch 159/200][Batch 901/2622] BatchTime = 0.710 (s) DataTime = 0.001 (s) Losses = ['4.5823', '37.4478'] lr = 0.0000031
2025-07-22 05:15:18,716 - AdaPoinTr - INFO - [Epoch 159/200][Batch 1001/2622] BatchTime = 0.707 (s) DataTime = 0.001 (s) Losses = ['5.0786', '38.0086'] lr = 0.0000031
2025-07-22 05:16:30,497 - AdaPoinTr - INFO - [Epoch 159/200][Batch 1101/2622] BatchTime = 0.707 (s) DataTime = 0.001 (s) Losses = ['5.0625', '37.7833'] lr = 0.0000031
2025-07-22 05:17:42,234 - AdaPoinTr - INFO - [Epoch 159/200][Batch 1201/2622] BatchTime = 0.716 (s) DataTime = 0.001 (s) Losses = ['4.6170', '35.2787'] lr = 0.0000031
2025-07-22 05:18:54,040 - AdaPoinTr - INFO - [Epoch 159/200][Batch 1301/2622] BatchTime = 0.713 (s) DataTime = 0.001 (s) Losses = ['5.0729', '40.7425'] lr = 0.0000031
2025-07-22 05:20:05,865 - AdaPoinTr - INFO - [Epoch 159/200][Batch 1401/2622] BatchTime = 0.721 (s) DataTime = 0.001 (s) Losses = ['4.5163', '31.2880'] lr = 0.0000031
2025-07-22 05:21:17,661 - AdaPoinTr - INFO - [Epoch 159/200][Batch 1501/2622] BatchTime = 0.720 (s) DataTime = 0.001 (s) Losses = ['5.1520', '38.3730'] lr = 0.0000031
2025-07-22 05:22:29,448 - AdaPoinTr - INFO - [Epoch 159/200][Batch 1601/2622] BatchTime = 0.717 (s) DataTime = 0.001 (s) Losses = ['5.0521', '42.3510'] lr = 0.0000031
2025-07-22 05:23:41,257 - AdaPoinTr - INFO - [Epoch 159/200][Batch 1701/2622] BatchTime = 0.719 (s) DataTime = 0.001 (s) Losses = ['5.0701', '36.3541'] lr = 0.0000031
2025-07-22 05:24:53,063 - AdaPoinTr - INFO - [Epoch 159/200][Batch 1801/2622] BatchTime = 0.711 (s) DataTime = 0.001 (s) Losses = ['4.8608', '36.2142'] lr = 0.0000031
2025-07-22 05:26:04,847 - AdaPoinTr - INFO - [Epoch 159/200][Batch 1901/2622] BatchTime = 0.706 (s) DataTime = 0.001 (s) Losses = ['5.4345', '42.4475'] lr = 0.0000031
2025-07-22 05:27:16,612 - AdaPoinTr - INFO - [Epoch 159/200][Batch 2001/2622] BatchTime = 0.713 (s) DataTime = 0.001 (s) Losses = ['5.5623', '44.1843'] lr = 0.0000031
2025-07-22 05:28:28,398 - AdaPoinTr - INFO - [Epoch 159/200][Batch 2101/2622] BatchTime = 0.718 (s) DataTime = 0.001 (s) Losses = ['4.9543', '34.1582'] lr = 0.0000031
2025-07-22 05:29:40,182 - AdaPoinTr - INFO - [Epoch 159/200][Batch 2201/2622] BatchTime = 0.714 (s) DataTime = 0.001 (s) Losses = ['4.9129', '36.0323'] lr = 0.0000031
2025-07-22 05:30:51,954 - AdaPoinTr - INFO - [Epoch 159/200][Batch 2301/2622] BatchTime = 0.716 (s) DataTime = 0.001 (s) Losses = ['4.4403', '36.5014'] lr = 0.0000031
2025-07-22 05:32:03,712 - AdaPoinTr - INFO - [Epoch 159/200][Batch 2401/2622] BatchTime = 0.709 (s) DataTime = 0.001 (s) Losses = ['5.3094', '39.2059'] lr = 0.0000031
2025-07-22 05:33:15,504 - AdaPoinTr - INFO - [Epoch 159/200][Batch 2501/2622] BatchTime = 0.707 (s) DataTime = 0.001 (s) Losses = ['5.1012', '37.9420'] lr = 0.0000031
2025-07-22 05:34:27,331 - AdaPoinTr - INFO - [Epoch 159/200][Batch 2601/2622] BatchTime = 0.706 (s) DataTime = 0.001 (s) Losses = ['5.5208', '43.0581'] lr = 0.0000031
2025-07-22 05:34:42,456 - AdaPoinTr - INFO - [Training] EPOCH: 159 EpochTime = 1882.448 (s) Losses = ['5.1465', '39.0677']
2025-07-22 05:34:42,912 - AdaPoinTr - INFO - Save checkpoint at ./experiments/AdaPoinTr/ShapeNet55_models/AdaPoinTr/ckpt-last.pth
2025-07-22 05:34:43,709 - AdaPoinTr - INFO - [Epoch 160/200][Batch 1/2622] BatchTime = 0.795 (s) DataTime = 0.090 (s) Losses = ['5.6214', '37.8028'] lr = 0.0000031
2025-07-22 05:35:55,500 - AdaPoinTr - INFO - [Epoch 160/200][Batch 101/2622] BatchTime = 0.706 (s) DataTime = 0.001 (s) Losses = ['4.7836', '36.4097'] lr = 0.0000031
2025-07-22 05:37:07,262 - AdaPoinTr - INFO - [Epoch 160/200][Batch 201/2622] BatchTime = 0.711 (s) DataTime = 0.001 (s) Losses = ['5.6978', '39.4832'] lr = 0.0000031
2025-07-22 05:38:19,029 - AdaPoinTr - INFO - [Epoch 160/200][Batch 301/2622] BatchTime = 0.712 (s) DataTime = 0.001 (s) Losses = ['4.7232', '38.1748'] lr = 0.0000031
2025-07-22 05:39:30,857 - AdaPoinTr - INFO - [Epoch 160/200][Batch 401/2622] BatchTime = 0.716 (s) DataTime = 0.001 (s) Losses = ['4.8209', '35.6332'] lr = 0.0000031
2025-07-22 05:40:42,649 - AdaPoinTr - INFO - [Epoch 160/200][Batch 501/2622] BatchTime = 0.714 (s) DataTime = 0.001 (s) Losses = ['4.6940', '38.0405'] lr = 0.0000031
2025-07-22 05:41:54,436 - AdaPoinTr - INFO - [Epoch 160/200][Batch 601/2622] BatchTime = 0.714 (s) DataTime = 0.001 (s) Losses = ['5.3151', '40.5611'] lr = 0.0000031
2025-07-22 05:43:06,233 - AdaPoinTr - INFO - [Epoch 160/200][Batch 701/2622] BatchTime = 0.716 (s) DataTime = 0.001 (s) Losses = ['5.4835', '40.3417'] lr = 0.0000031
2025-07-22 05:44:18,054 - AdaPoinTr - INFO - [Epoch 160/200][Batch 801/2622] BatchTime = 0.716 (s) DataTime = 0.001 (s) Losses = ['5.6715', '42.5823'] lr = 0.0000031
2025-07-22 05:45:11,084 - AdaPoinTr - INFO - [Epoch 160/200][Batch 901/2622] BatchTime = 0.514 (s) DataTime = 0.001 (s) Losses = ['5.1683', '38.7248'] lr = 0.0000031
2025-07-22 05:46:02,680 - AdaPoinTr - INFO - [Epoch 160/200][Batch 1001/2622] BatchTime = 0.513 (s) DataTime = 0.001 (s) Losses = ['5.5927', '42.1893'] lr = 0.0000031
2025-07-22 05:46:54,258 - AdaPoinTr - INFO - [Epoch 160/200][Batch 1101/2622] BatchTime = 0.515 (s) DataTime = 0.001 (s) Losses = ['5.1676', '39.3130'] lr = 0.0000031
2025-07-22 05:47:45,821 - AdaPoinTr - INFO - [Epoch 160/200][Batch 1201/2622] BatchTime = 0.506 (s) DataTime = 0.001 (s) Losses = ['4.9385', '34.6475'] lr = 0.0000031
2025-07-22 05:48:37,400 - AdaPoinTr - INFO - [Epoch 160/200][Batch 1301/2622] BatchTime = 0.510 (s) DataTime = 0.001 (s) Losses = ['5.2559', '38.3700'] lr = 0.0000031
2025-07-22 05:49:28,967 - AdaPoinTr - INFO - [Epoch 160/200][Batch 1401/2622] BatchTime = 0.510 (s) DataTime = 0.001 (s) Losses = ['5.1219', '39.1369'] lr = 0.0000031
2025-07-22 05:50:20,542 - AdaPoinTr - INFO - [Epoch 160/200][Batch 1501/2622] BatchTime = 0.508 (s) DataTime = 0.001 (s) Losses = ['4.9115', '39.8061'] lr = 0.0000031
2025-07-22 05:51:12,127 - AdaPoinTr - INFO - [Epoch 160/200][Batch 1601/2622] BatchTime = 0.509 (s) DataTime = 0.001 (s) Losses = ['5.8805', '39.6544'] lr = 0.0000031
2025-07-22 05:52:03,694 - AdaPoinTr - INFO - [Epoch 160/200][Batch 1701/2622] BatchTime = 0.512 (s) DataTime = 0.001 (s) Losses = ['5.3559', '43.7745'] lr = 0.0000031
2025-07-22 05:52:55,250 - AdaPoinTr - INFO - [Epoch 160/200][Batch 1801/2622] BatchTime = 0.515 (s) DataTime = 0.001 (s) Losses = ['4.9018', '38.3791'] lr = 0.0000031
2025-07-22 05:53:46,817 - AdaPoinTr - INFO - [Epoch 160/200][Batch 1901/2622] BatchTime = 0.511 (s) DataTime = 0.001 (s) Losses = ['5.8016', '41.8786'] lr = 0.0000031
2025-07-22 05:54:38,408 - AdaPoinTr - INFO - [Epoch 160/200][Batch 2001/2622] BatchTime = 0.510 (s) DataTime = 0.001 (s) Losses = ['4.9961', '37.8395'] lr = 0.0000031
2025-07-22 05:55:29,988 - AdaPoinTr - INFO - [Epoch 160/200][Batch 2101/2622] BatchTime = 0.510 (s) DataTime = 0.001 (s) Losses = ['4.6152', '37.9376'] lr = 0.0000031
2025-07-22 05:56:36,821 - AdaPoinTr - INFO - [Epoch 160/200][Batch 2201/2622] BatchTime = 0.710 (s) DataTime = 0.001 (s) Losses = ['5.2696', '37.1049'] lr = 0.0000031
2025-07-22 05:57:48,646 - AdaPoinTr - INFO - [Epoch 160/200][Batch 2301/2622] BatchTime = 0.715 (s) DataTime = 0.001 (s) Losses = ['5.5538', '42.6670'] lr = 0.0000031
2025-07-22 05:59:00,440 - AdaPoinTr - INFO - [Epoch 160/200][Batch 2401/2622] BatchTime = 0.714 (s) DataTime = 0.001 (s) Losses = ['4.4460', '33.4028'] lr = 0.0000031
2025-07-22 06:00:12,283 - AdaPoinTr - INFO - [Epoch 160/200][Batch 2501/2622] BatchTime = 0.721 (s) DataTime = 0.001 (s) Losses = ['4.7064', '35.7517'] lr = 0.0000031
2025-07-22 06:01:24,104 - AdaPoinTr - INFO - [Epoch 160/200][Batch 2601/2622] BatchTime = 0.717 (s) DataTime = 0.001 (s) Losses = ['4.6829', '36.2625'] lr = 0.0000031
2025-07-22 06:01:39,224 - AdaPoinTr - INFO - [Training] EPOCH: 160 EpochTime = 1616.311 (s) Losses = ['5.1492', '39.0070']
2025-07-22 06:01:39,224 - AdaPoinTr - INFO - [VALIDATION] Start validating epoch 160
2025-07-22 06:02:46,305 - AdaPoinTr - INFO - Test[1051/10518] Taxonomy = 02691156 Sample = c7749c0a8b61f43bc9b9e28055202e3d Losses = ['24.6805', '3.3154', '11.5323', '0.7011'] Metrics = ['0.5451', '11.5323', '0.7011', '0.0000']
2025-07-22 06:03:53,225 - AdaPoinTr - INFO - Test[2102/10518] Taxonomy = 03211117 Sample = ab2f9418c111cc6ddb965514105122a4 Losses = ['19.3177', '1.5955', '8.2890', '0.3080'] Metrics = ['0.6558', '8.2890', '0.3080', '0.0000']
2025-07-22 06:05:00,135 - AdaPoinTr - INFO - Test[3153/10518] Taxonomy = 02876657 Sample = c5032e4be091aabb36fe7a88df793982 Losses = ['37.1444', '5.3492', '12.8623', '0.5633'] Metrics = ['0.3497', '12.8623', '0.5633', '0.0000']
2025-07-22 06:06:07,094 - AdaPoinTr - INFO - Test[4204/10518] Taxonomy = 03211117 Sample = 722df1da5778d45b1e43523279c7f09f Losses = ['28.7452', '3.0315', '11.1442', '0.4632'] Metrics = ['0.4294', '11.1442', '0.4632', '0.0000']
2025-07-22 06:07:14,014 - AdaPoinTr - INFO - Test[5255/10518] Taxonomy = 02828884 Sample = 14b63361a48a9fffe4a048c146e8bd43 Losses = ['28.6628', '3.0450', '10.9690', '0.5320'] Metrics = ['0.4709', '10.9690', '0.5320', '0.0000']
2025-07-22 06:08:20,927 - AdaPoinTr - INFO - Test[6306/10518] Taxonomy = 03211117 Sample = d330d50a0255529d19ed6e1a590c9122 Losses = ['21.7311', '1.6593', '9.4270', '0.2882'] Metrics = ['0.4974', '9.4270', '0.2882', '0.0000']
2025-07-22 06:09:27,902 - AdaPoinTr - INFO - Test[7357/10518] Taxonomy = 04379243 Sample = b1ca280d9567270ade98d10ab5975b59 Losses = ['32.9617', '4.3367', '14.6984', '0.8281'] Metrics = ['0.2760', '14.6984', '0.8281', '0.0000']
2025-07-22 06:10:34,844 - AdaPoinTr - INFO - Test[8408/10518] Taxonomy = 03001627 Sample = 89208a619341d9fdb8c516ed5c4ce32 Losses = ['28.0543', '2.6948', '12.8850', '0.5438'] Metrics = ['0.3008', '12.8850', '0.5438', '0.0000']
2025-07-22 06:11:41,805 - AdaPoinTr - INFO - Test[9459/10518] Taxonomy = 03001627 Sample = d0255120e3351121c3bd24f986301745 Losses = ['33.4811', '3.9669', '14.7826', '0.7176'] Metrics = ['0.2486', '14.7826', '0.7176', '0.0000']
2025-07-22 06:12:48,686 - AdaPoinTr - INFO - Test[10510/10518] Taxonomy = 03636649 Sample = ea9ec4d9db2e06202471e6dd5ac3ef92 Losses = ['19.3537', '1.5098', '6.4469', '0.1462'] Metrics = ['0.7716', '6.4469', '0.1462', '0.0000']
2025-07-22 06:12:49,219 - AdaPoinTr - INFO - [Validation] EPOCH: 160  Metrics = ['0.3830', '13.6346', '0.8922', '0.0000']
2025-07-22 06:12:49,220 - AdaPoinTr - INFO - ============================ TEST RESULTS ============================
2025-07-22 06:12:49,220 - AdaPoinTr - INFO - Taxonomy	#Sample	F-Score	CDL1	CDL2	EMDistance	#ModelName	
2025-07-22 06:12:49,220 - AdaPoinTr - INFO - 03759954	14	0.602 	11.091 	0.779 	0.000 	microphone	
2025-07-22 06:12:49,220 - AdaPoinTr - INFO - 04330267	44	0.308 	14.742 	0.893 	0.000 	stove	
2025-07-22 06:12:49,220 - AdaPoinTr - INFO - 03261776	15	0.327 	16.214 	1.265 	0.000 	earphone	
2025-07-22 06:12:49,220 - AdaPoinTr - INFO - 03513137	33	0.225 	20.447 	2.316 	0.000 	helmet	
2025-07-22 06:12:49,220 - AdaPoinTr - INFO - 04460130	27	0.434 	13.269 	0.833 	0.000 	tower	
2025-07-22 06:12:49,220 - AdaPoinTr - INFO - 04468005	78	0.407 	12.465 	0.709 	0.000 	train	
2025-07-22 06:12:49,220 - AdaPoinTr - INFO - 03761084	31	0.253 	15.659 	0.935 	0.000 	microwaves	
2025-07-22 06:12:49,220 - AdaPoinTr - INFO - 04004475	34	0.274 	17.454 	1.548 	0.000 	printer	
2025-07-22 06:12:49,220 - AdaPoinTr - INFO - 03938244	20	0.318 	14.026 	0.797 	0.000 	pillow	
2025-07-22 06:12:49,220 - AdaPoinTr - INFO - 02992529	167	0.437 	10.495 	0.389 	0.000 	cellphone	
2025-07-22 06:12:49,220 - AdaPoinTr - INFO - 02808440	172	0.306 	14.135 	0.851 	0.000 	bathtub	
2025-07-22 06:12:49,220 - AdaPoinTr - INFO - 04530566	388	0.522 	10.722 	0.539 	0.000 	watercraft	
2025-07-22 06:12:49,220 - AdaPoinTr - INFO - 02871439	91	0.265 	15.829 	1.130 	0.000 	bookshelf	
2025-07-22 06:12:49,220 - AdaPoinTr - INFO - 03593526	120	0.284 	16.537 	1.307 	0.000 	jar	
2025-07-22 06:12:49,220 - AdaPoinTr - INFO - 04554684	34	0.237 	17.223 	1.290 	0.000 	washer	
2025-07-22 06:12:49,220 - AdaPoinTr - INFO - 03467517	160	0.833 	6.332 	0.191 	0.000 	guitar	
2025-07-22 06:12:49,220 - AdaPoinTr - INFO - 04401088	218	0.440 	10.391 	0.383 	0.000 	telephone	
2025-07-22 06:12:49,220 - AdaPoinTr - INFO - 02954340	12	0.313 	15.906 	1.367 	0.000 	cap	
2025-07-22 06:12:49,220 - AdaPoinTr - INFO - 02933112	315	0.249 	14.713 	0.776 	0.000 	cabinet	
2025-07-22 06:12:49,220 - AdaPoinTr - INFO - 03642806	92	0.400 	10.625 	0.374 	0.000 	laptop	
2025-07-22 06:12:49,220 - AdaPoinTr - INFO - 02924116	188	0.378 	12.181 	0.576 	0.000 	bus	
2025-07-22 06:12:49,220 - AdaPoinTr - INFO - 02946921	22	0.268 	14.790 	0.867 	0.000 	can	
2025-07-22 06:12:49,220 - AdaPoinTr - INFO - 02818832	47	0.296 	16.133 	1.281 	0.000 	bed	
2025-07-22 06:12:49,220 - AdaPoinTr - INFO - 04256520	635	0.312 	13.643 	0.694 	0.000 	sofa	
2025-07-22 06:12:49,220 - AdaPoinTr - INFO - 04379243	1687	0.399 	12.222 	0.703 	0.000 	table	
2025-07-22 06:12:49,220 - AdaPoinTr - INFO - 02747177	69	0.203 	16.807 	1.127 	0.000 	trash bin	
2025-07-22 06:12:49,220 - AdaPoinTr - INFO - 03046257	131	0.330 	14.104 	0.866 	0.000 	clock	
2025-07-22 06:12:49,220 - AdaPoinTr - INFO - 04225987	31	0.572 	9.013 	0.305 	0.000 	skateboard	
2025-07-22 06:12:49,220 - AdaPoinTr - INFO - 03797390	43	0.206 	17.851 	1.269 	0.000 	mug	
2025-07-22 06:12:49,220 - AdaPoinTr - INFO - 03001627	1356	0.387 	13.165 	0.825 	0.000 	chair	
2025-07-22 06:12:49,220 - AdaPoinTr - INFO - 03691459	320	0.265 	16.470 	1.181 	0.000 	loudspeaker	
2025-07-22 06:12:49,220 - AdaPoinTr - INFO - 02942699	23	0.255 	18.761 	1.811 	0.000 	camera	
2025-07-22 06:12:49,220 - AdaPoinTr - INFO - 03636649	464	0.560 	12.257 	1.160 	0.000 	lamp	
2025-07-22 06:12:49,220 - AdaPoinTr - INFO - 02691156	809	0.601 	9.047 	0.378 	0.000 	airplane	
2025-07-22 06:12:49,220 - AdaPoinTr - INFO - 02773838	17	0.358 	14.517 	1.095 	0.000 	bag	
2025-07-22 06:12:49,220 - AdaPoinTr - INFO - 02958343	703	0.230 	15.578 	0.870 	0.000 	car	
2025-07-22 06:12:49,220 - AdaPoinTr - INFO - 02880940	38	0.248 	15.278 	0.902 	0.000 	bowl	
2025-07-22 06:12:49,220 - AdaPoinTr - INFO - 04099429	17	0.727 	7.944 	0.343 	0.000 	rocket	
2025-07-22 06:12:49,220 - AdaPoinTr - INFO - 02828884	363	0.456 	10.818 	0.565 	0.000 	bench	
2025-07-22 06:12:49,220 - AdaPoinTr - INFO - 04090263	475	0.710 	8.135 	0.375 	0.000 	rifle	
2025-07-22 06:12:49,220 - AdaPoinTr - INFO - 03211117	219	0.365 	12.826 	0.721 	0.000 	display	
2025-07-22 06:12:49,220 - AdaPoinTr - INFO - 02876657	100	0.457 	11.203 	0.556 	0.000 	bottle	
2025-07-22 06:12:49,220 - AdaPoinTr - INFO - 03710193	19	0.539 	12.584 	1.035 	0.000 	mailbox	
2025-07-22 06:12:49,220 - AdaPoinTr - INFO - 03790512	68	0.268 	16.186 	1.087 	0.000 	motorbike	
2025-07-22 06:12:49,220 - AdaPoinTr - INFO - 03325088	149	0.477 	14.065 	1.370 	0.000 	faucet	
2025-07-22 06:12:49,220 - AdaPoinTr - INFO - 02801938	23	0.239 	15.342 	0.872 	0.000 	basket	
2025-07-22 06:12:49,220 - AdaPoinTr - INFO - 03337140	60	0.252 	15.320 	0.895 	0.000 	file cabinet	
2025-07-22 06:12:49,220 - AdaPoinTr - INFO - 02843684	15	0.246 	18.600 	1.565 	0.000 	birdhouse	
2025-07-22 06:12:49,220 - AdaPoinTr - INFO - 03624134	85	0.789 	7.015 	0.275 	0.000 	knife	
2025-07-22 06:12:49,220 - AdaPoinTr - INFO - 03991062	121	0.254 	17.869 	1.440 	0.000 	flowerpot	
2025-07-22 06:12:49,220 - AdaPoinTr - INFO - 03948459	62	0.487 	10.980 	0.520 	0.000 	pistol	
2025-07-22 06:12:49,220 - AdaPoinTr - INFO - 03928116	48	0.303 	15.509 	1.167 	0.000 	piano	
2025-07-22 06:12:49,220 - AdaPoinTr - INFO - 03207941	19	0.245 	15.452 	0.939 	0.000 	dishwasher	
2025-07-22 06:12:49,220 - AdaPoinTr - INFO - 04074963	14	0.480 	10.472 	0.454 	0.000 	remote	
2025-07-22 06:12:49,220 - AdaPoinTr - INFO - 03085013	13	0.468 	9.493 	0.311 	0.000 	keyboard	
2025-07-22 06:12:49,220 - AdaPoinTr - INFO - Overall		0.383 	13.635 	0.892 	0.000 	
2025-07-22 06:12:49,680 - AdaPoinTr - INFO - Save checkpoint at ./experiments/AdaPoinTr/ShapeNet55_models/AdaPoinTr/ckpt-last.pth
2025-07-22 06:12:50,479 - AdaPoinTr - INFO - [Epoch 161/200][Batch 1/2622] BatchTime = 0.798 (s) DataTime = 0.090 (s) Losses = ['4.2891', '30.7885'] lr = 0.0000030
2025-07-22 06:14:02,249 - AdaPoinTr - INFO - [Epoch 161/200][Batch 101/2622] BatchTime = 0.706 (s) DataTime = 0.001 (s) Losses = ['5.3016', '43.4801'] lr = 0.0000030
2025-07-22 06:15:14,052 - AdaPoinTr - INFO - [Epoch 161/200][Batch 201/2622] BatchTime = 0.715 (s) DataTime = 0.001 (s) Losses = ['4.8887', '37.6105'] lr = 0.0000030
2025-07-22 06:16:25,851 - AdaPoinTr - INFO - [Epoch 161/200][Batch 301/2622] BatchTime = 0.717 (s) DataTime = 0.001 (s) Losses = ['4.3772', '32.0335'] lr = 0.0000030
2025-07-22 06:17:37,673 - AdaPoinTr - INFO - [Epoch 161/200][Batch 401/2622] BatchTime = 0.713 (s) DataTime = 0.001 (s) Losses = ['4.8955', '34.1984'] lr = 0.0000030
2025-07-22 06:18:49,452 - AdaPoinTr - INFO - [Epoch 161/200][Batch 501/2622] BatchTime = 0.713 (s) DataTime = 0.001 (s) Losses = ['4.9992', '38.0909'] lr = 0.0000030
2025-07-22 06:20:01,207 - AdaPoinTr - INFO - [Epoch 161/200][Batch 601/2622] BatchTime = 0.714 (s) DataTime = 0.001 (s) Losses = ['5.5470', '44.1174'] lr = 0.0000030
2025-07-22 06:21:13,029 - AdaPoinTr - INFO - [Epoch 161/200][Batch 701/2622] BatchTime = 0.710 (s) DataTime = 0.001 (s) Losses = ['4.5391', '41.3598'] lr = 0.0000030
2025-07-22 06:22:24,825 - AdaPoinTr - INFO - [Epoch 161/200][Batch 801/2622] BatchTime = 0.710 (s) DataTime = 0.001 (s) Losses = ['5.6355', '47.8431'] lr = 0.0000030
2025-07-22 06:23:36,640 - AdaPoinTr - INFO - [Epoch 161/200][Batch 901/2622] BatchTime = 0.707 (s) DataTime = 0.001 (s) Losses = ['4.8921', '34.1841'] lr = 0.0000030
2025-07-22 06:24:48,449 - AdaPoinTr - INFO - [Epoch 161/200][Batch 1001/2622] BatchTime = 0.706 (s) DataTime = 0.001 (s) Losses = ['4.4857', '34.5566'] lr = 0.0000030
2025-07-22 06:26:00,242 - AdaPoinTr - INFO - [Epoch 161/200][Batch 1101/2622] BatchTime = 0.706 (s) DataTime = 0.001 (s) Losses = ['5.1831', '36.2291'] lr = 0.0000030
2025-07-22 06:27:12,018 - AdaPoinTr - INFO - [Epoch 161/200][Batch 1201/2622] BatchTime = 0.712 (s) DataTime = 0.001 (s) Losses = ['5.1182', '36.7523'] lr = 0.0000030
2025-07-22 06:28:23,850 - AdaPoinTr - INFO - [Epoch 161/200][Batch 1301/2622] BatchTime = 0.717 (s) DataTime = 0.001 (s) Losses = ['4.9062', '38.0053'] lr = 0.0000030
2025-07-22 06:29:35,642 - AdaPoinTr - INFO - [Epoch 161/200][Batch 1401/2622] BatchTime = 0.717 (s) DataTime = 0.001 (s) Losses = ['5.0669', '35.9670'] lr = 0.0000030
2025-07-22 06:30:47,476 - AdaPoinTr - INFO - [Epoch 161/200][Batch 1501/2622] BatchTime = 0.720 (s) DataTime = 0.001 (s) Losses = ['4.4119', '34.3219'] lr = 0.0000030
2025-07-22 06:31:59,269 - AdaPoinTr - INFO - [Epoch 161/200][Batch 1601/2622] BatchTime = 0.717 (s) DataTime = 0.001 (s) Losses = ['4.9573', '34.7440'] lr = 0.0000030
2025-07-22 06:33:11,005 - AdaPoinTr - INFO - [Epoch 161/200][Batch 1701/2622] BatchTime = 0.716 (s) DataTime = 0.001 (s) Losses = ['6.3607', '46.0623'] lr = 0.0000030
2025-07-22 06:34:22,803 - AdaPoinTr - INFO - [Epoch 161/200][Batch 1801/2622] BatchTime = 0.714 (s) DataTime = 0.001 (s) Losses = ['4.9386', '35.1160'] lr = 0.0000030
2025-07-22 06:35:34,595 - AdaPoinTr - INFO - [Epoch 161/200][Batch 1901/2622] BatchTime = 0.705 (s) DataTime = 0.001 (s) Losses = ['5.0976', '39.3503'] lr = 0.0000030
2025-07-22 06:36:46,391 - AdaPoinTr - INFO - [Epoch 161/200][Batch 2001/2622] BatchTime = 0.701 (s) DataTime = 0.001 (s) Losses = ['5.1608', '39.2499'] lr = 0.0000030
2025-07-22 06:37:58,159 - AdaPoinTr - INFO - [Epoch 161/200][Batch 2101/2622] BatchTime = 0.710 (s) DataTime = 0.001 (s) Losses = ['4.6961', '35.3296'] lr = 0.0000030
2025-07-22 06:39:09,945 - AdaPoinTr - INFO - [Epoch 161/200][Batch 2201/2622] BatchTime = 0.713 (s) DataTime = 0.001 (s) Losses = ['4.7373', '37.1309'] lr = 0.0000030
2025-07-22 06:40:21,701 - AdaPoinTr - INFO - [Epoch 161/200][Batch 2301/2622] BatchTime = 0.716 (s) DataTime = 0.001 (s) Losses = ['5.5748', '39.6739'] lr = 0.0000030
2025-07-22 06:41:33,167 - AdaPoinTr - INFO - [Epoch 161/200][Batch 2401/2622] BatchTime = 0.721 (s) DataTime = 0.001 (s) Losses = ['5.0007', '34.8368'] lr = 0.0000030
2025-07-22 06:42:44,960 - AdaPoinTr - INFO - [Epoch 161/200][Batch 2501/2622] BatchTime = 0.710 (s) DataTime = 0.001 (s) Losses = ['4.7580', '37.7497'] lr = 0.0000030
2025-07-22 06:43:56,713 - AdaPoinTr - INFO - [Epoch 161/200][Batch 2601/2622] BatchTime = 0.706 (s) DataTime = 0.001 (s) Losses = ['5.4593', '40.4768'] lr = 0.0000030
2025-07-22 06:44:11,835 - AdaPoinTr - INFO - [Training] EPOCH: 161 EpochTime = 1882.154 (s) Losses = ['5.1455', '38.9682']
2025-07-22 06:44:12,297 - AdaPoinTr - INFO - Save checkpoint at ./experiments/AdaPoinTr/ShapeNet55_models/AdaPoinTr/ckpt-last.pth
2025-07-22 06:44:13,101 - AdaPoinTr - INFO - [Epoch 162/200][Batch 1/2622] BatchTime = 0.803 (s) DataTime = 0.094 (s) Losses = ['5.8248', '42.6358'] lr = 0.0000029
2025-07-22 06:45:24,926 - AdaPoinTr - INFO - [Epoch 162/200][Batch 101/2622] BatchTime = 0.705 (s) DataTime = 0.001 (s) Losses = ['4.8300', '35.5784'] lr = 0.0000029
2025-07-22 06:46:36,724 - AdaPoinTr - INFO - [Epoch 162/200][Batch 201/2622] BatchTime = 0.704 (s) DataTime = 0.001 (s) Losses = ['4.2115', '32.7036'] lr = 0.0000029
2025-07-22 06:47:48,512 - AdaPoinTr - INFO - [Epoch 162/200][Batch 301/2622] BatchTime = 0.710 (s) DataTime = 0.001 (s) Losses = ['4.7820', '35.9910'] lr = 0.0000029
2025-07-22 06:49:00,314 - AdaPoinTr - INFO - [Epoch 162/200][Batch 401/2622] BatchTime = 0.715 (s) DataTime = 0.001 (s) Losses = ['4.3111', '38.5911'] lr = 0.0000029
2025-07-22 06:50:12,079 - AdaPoinTr - INFO - [Epoch 162/200][Batch 501/2622] BatchTime = 0.715 (s) DataTime = 0.001 (s) Losses = ['4.8484', '35.8313'] lr = 0.0000029
2025-07-22 06:51:23,867 - AdaPoinTr - INFO - [Epoch 162/200][Batch 601/2622] BatchTime = 0.721 (s) DataTime = 0.001 (s) Losses = ['5.4195', '38.2830'] lr = 0.0000029
2025-07-22 06:52:35,683 - AdaPoinTr - INFO - [Epoch 162/200][Batch 701/2622] BatchTime = 0.711 (s) DataTime = 0.001 (s) Losses = ['5.2358', '37.8499'] lr = 0.0000029
2025-07-22 06:53:47,485 - AdaPoinTr - INFO - [Epoch 162/200][Batch 801/2622] BatchTime = 0.709 (s) DataTime = 0.001 (s) Losses = ['5.7195', '41.0470'] lr = 0.0000029
2025-07-22 06:54:59,284 - AdaPoinTr - INFO - [Epoch 162/200][Batch 901/2622] BatchTime = 0.712 (s) DataTime = 0.001 (s) Losses = ['5.3208', '37.7987'] lr = 0.0000029
2025-07-22 06:56:11,055 - AdaPoinTr - INFO - [Epoch 162/200][Batch 1001/2622] BatchTime = 0.703 (s) DataTime = 0.001 (s) Losses = ['4.9045', '37.1899'] lr = 0.0000029
2025-07-22 06:57:22,868 - AdaPoinTr - INFO - [Epoch 162/200][Batch 1101/2622] BatchTime = 0.706 (s) DataTime = 0.001 (s) Losses = ['5.4714', '40.5851'] lr = 0.0000029
2025-07-22 06:58:34,700 - AdaPoinTr - INFO - [Epoch 162/200][Batch 1201/2622] BatchTime = 0.704 (s) DataTime = 0.001 (s) Losses = ['5.5475', '38.9882'] lr = 0.0000029
2025-07-22 06:59:46,543 - AdaPoinTr - INFO - [Epoch 162/200][Batch 1301/2622] BatchTime = 0.707 (s) DataTime = 0.001 (s) Losses = ['5.4545', '40.7133'] lr = 0.0000029
2025-07-22 07:00:58,327 - AdaPoinTr - INFO - [Epoch 162/200][Batch 1401/2622] BatchTime = 0.706 (s) DataTime = 0.001 (s) Losses = ['5.7691', '42.9917'] lr = 0.0000029
2025-07-22 07:02:10,117 - AdaPoinTr - INFO - [Epoch 162/200][Batch 1501/2622] BatchTime = 0.719 (s) DataTime = 0.001 (s) Losses = ['5.4993', '41.7838'] lr = 0.0000029
2025-07-22 07:03:21,907 - AdaPoinTr - INFO - [Epoch 162/200][Batch 1601/2622] BatchTime = 0.718 (s) DataTime = 0.001 (s) Losses = ['5.2554', '39.3746'] lr = 0.0000029
2025-07-22 07:04:33,715 - AdaPoinTr - INFO - [Epoch 162/200][Batch 1701/2622] BatchTime = 0.714 (s) DataTime = 0.001 (s) Losses = ['5.0728', '40.9034'] lr = 0.0000029
2025-07-22 07:05:45,488 - AdaPoinTr - INFO - [Epoch 162/200][Batch 1801/2622] BatchTime = 0.715 (s) DataTime = 0.001 (s) Losses = ['5.4332', '38.2084'] lr = 0.0000029
2025-07-22 07:06:57,269 - AdaPoinTr - INFO - [Epoch 162/200][Batch 1901/2622] BatchTime = 0.712 (s) DataTime = 0.001 (s) Losses = ['5.1751', '38.9210'] lr = 0.0000029
2025-07-22 07:08:09,026 - AdaPoinTr - INFO - [Epoch 162/200][Batch 2001/2622] BatchTime = 0.709 (s) DataTime = 0.001 (s) Losses = ['5.3699', '38.7604'] lr = 0.0000029
2025-07-22 07:09:20,846 - AdaPoinTr - INFO - [Epoch 162/200][Batch 2101/2622] BatchTime = 0.709 (s) DataTime = 0.001 (s) Losses = ['5.2820', '38.8876'] lr = 0.0000029
2025-07-22 07:10:32,646 - AdaPoinTr - INFO - [Epoch 162/200][Batch 2201/2622] BatchTime = 0.710 (s) DataTime = 0.001 (s) Losses = ['5.0552', '38.0757'] lr = 0.0000029
2025-07-22 07:11:44,493 - AdaPoinTr - INFO - [Epoch 162/200][Batch 2301/2622] BatchTime = 0.709 (s) DataTime = 0.001 (s) Losses = ['5.2407', '38.1155'] lr = 0.0000029
2025-07-22 07:12:56,270 - AdaPoinTr - INFO - [Epoch 162/200][Batch 2401/2622] BatchTime = 0.705 (s) DataTime = 0.001 (s) Losses = ['5.2900', '41.3170'] lr = 0.0000029
2025-07-22 07:14:08,077 - AdaPoinTr - INFO - [Epoch 162/200][Batch 2501/2622] BatchTime = 0.714 (s) DataTime = 0.001 (s) Losses = ['4.6282', '34.3094'] lr = 0.0000029
2025-07-22 07:15:19,830 - AdaPoinTr - INFO - [Epoch 162/200][Batch 2601/2622] BatchTime = 0.717 (s) DataTime = 0.001 (s) Losses = ['4.5230', '35.0606'] lr = 0.0000029
2025-07-22 07:15:34,937 - AdaPoinTr - INFO - [Training] EPOCH: 162 EpochTime = 1882.639 (s) Losses = ['5.1472', '39.0836']
2025-07-22 07:15:35,397 - AdaPoinTr - INFO - Save checkpoint at ./experiments/AdaPoinTr/ShapeNet55_models/AdaPoinTr/ckpt-last.pth
2025-07-22 07:15:36,204 - AdaPoinTr - INFO - [Epoch 163/200][Batch 1/2622] BatchTime = 0.807 (s) DataTime = 0.092 (s) Losses = ['5.1956', '39.8580'] lr = 0.0000029
2025-07-22 07:16:48,002 - AdaPoinTr - INFO - [Epoch 163/200][Batch 101/2622] BatchTime = 0.717 (s) DataTime = 0.001 (s) Losses = ['4.5981', '33.6524'] lr = 0.0000029
2025-07-22 07:17:59,788 - AdaPoinTr - INFO - [Epoch 163/200][Batch 201/2622] BatchTime = 0.716 (s) DataTime = 0.001 (s) Losses = ['4.9461', '37.0331'] lr = 0.0000029
2025-07-22 07:19:11,575 - AdaPoinTr - INFO - [Epoch 163/200][Batch 301/2622] BatchTime = 0.716 (s) DataTime = 0.001 (s) Losses = ['5.2135', '45.3358'] lr = 0.0000029
2025-07-22 07:20:23,376 - AdaPoinTr - INFO - [Epoch 163/200][Batch 401/2622] BatchTime = 0.716 (s) DataTime = 0.001 (s) Losses = ['5.7020', '43.5534'] lr = 0.0000029
2025-07-22 07:21:35,209 - AdaPoinTr - INFO - [Epoch 163/200][Batch 501/2622] BatchTime = 0.711 (s) DataTime = 0.001 (s) Losses = ['5.0588', '36.1819'] lr = 0.0000029
2025-07-22 07:22:46,996 - AdaPoinTr - INFO - [Epoch 163/200][Batch 601/2622] BatchTime = 0.708 (s) DataTime = 0.001 (s) Losses = ['5.7433', '44.8811'] lr = 0.0000029
2025-07-22 07:23:58,761 - AdaPoinTr - INFO - [Epoch 163/200][Batch 701/2622] BatchTime = 0.705 (s) DataTime = 0.001 (s) Losses = ['5.0467', '39.6464'] lr = 0.0000029
2025-07-22 07:25:10,543 - AdaPoinTr - INFO - [Epoch 163/200][Batch 801/2622] BatchTime = 0.710 (s) DataTime = 0.001 (s) Losses = ['5.4738', '37.7662'] lr = 0.0000029
2025-07-22 07:26:22,305 - AdaPoinTr - INFO - [Epoch 163/200][Batch 901/2622] BatchTime = 0.710 (s) DataTime = 0.001 (s) Losses = ['5.4033', '42.0076'] lr = 0.0000029
2025-07-22 07:27:34,074 - AdaPoinTr - INFO - [Epoch 163/200][Batch 1001/2622] BatchTime = 0.715 (s) DataTime = 0.001 (s) Losses = ['5.2902', '39.3021'] lr = 0.0000029
2025-07-22 07:28:45,844 - AdaPoinTr - INFO - [Epoch 163/200][Batch 1101/2622] BatchTime = 0.718 (s) DataTime = 0.001 (s) Losses = ['5.0001', '41.5710'] lr = 0.0000029
2025-07-22 07:29:57,650 - AdaPoinTr - INFO - [Epoch 163/200][Batch 1201/2622] BatchTime = 0.716 (s) DataTime = 0.001 (s) Losses = ['5.3844', '39.4570'] lr = 0.0000029
2025-07-22 07:31:09,122 - AdaPoinTr - INFO - [Epoch 163/200][Batch 1301/2622] BatchTime = 0.711 (s) DataTime = 0.001 (s) Losses = ['5.5458', '40.7230'] lr = 0.0000029
2025-07-22 07:32:20,902 - AdaPoinTr - INFO - [Epoch 163/200][Batch 1401/2622] BatchTime = 0.708 (s) DataTime = 0.001 (s) Losses = ['4.9937', '37.7429'] lr = 0.0000029
2025-07-22 07:33:32,713 - AdaPoinTr - INFO - [Epoch 163/200][Batch 1501/2622] BatchTime = 0.706 (s) DataTime = 0.001 (s) Losses = ['5.4841', '40.5451'] lr = 0.0000029
2025-07-22 07:34:44,511 - AdaPoinTr - INFO - [Epoch 163/200][Batch 1601/2622] BatchTime = 0.719 (s) DataTime = 0.001 (s) Losses = ['5.1417', '38.3915'] lr = 0.0000029
2025-07-22 07:35:56,305 - AdaPoinTr - INFO - [Epoch 163/200][Batch 1701/2622] BatchTime = 0.713 (s) DataTime = 0.001 (s) Losses = ['5.5810', '40.7007'] lr = 0.0000029
2025-07-22 07:37:08,103 - AdaPoinTr - INFO - [Epoch 163/200][Batch 1801/2622] BatchTime = 0.712 (s) DataTime = 0.001 (s) Losses = ['4.7240', '39.5406'] lr = 0.0000029
2025-07-22 07:38:19,907 - AdaPoinTr - INFO - [Epoch 163/200][Batch 1901/2622] BatchTime = 0.713 (s) DataTime = 0.001 (s) Losses = ['4.8476', '35.4470'] lr = 0.0000029
2025-07-22 07:39:31,649 - AdaPoinTr - INFO - [Epoch 163/200][Batch 2001/2622] BatchTime = 0.703 (s) DataTime = 0.001 (s) Losses = ['5.2990', '37.9032'] lr = 0.0000029
2025-07-22 07:40:43,462 - AdaPoinTr - INFO - [Epoch 163/200][Batch 2101/2622] BatchTime = 0.705 (s) DataTime = 0.001 (s) Losses = ['4.5593', '37.5996'] lr = 0.0000029
2025-07-22 07:41:55,283 - AdaPoinTr - INFO - [Epoch 163/200][Batch 2201/2622] BatchTime = 0.704 (s) DataTime = 0.001 (s) Losses = ['4.9061', '38.6507'] lr = 0.0000029
2025-07-22 07:43:07,058 - AdaPoinTr - INFO - [Epoch 163/200][Batch 2301/2622] BatchTime = 0.704 (s) DataTime = 0.001 (s) Losses = ['4.9350', '37.0496'] lr = 0.0000029
2025-07-22 07:44:18,905 - AdaPoinTr - INFO - [Epoch 163/200][Batch 2401/2622] BatchTime = 0.710 (s) DataTime = 0.001 (s) Losses = ['4.9305', '34.1773'] lr = 0.0000029
2025-07-22 07:45:30,681 - AdaPoinTr - INFO - [Epoch 163/200][Batch 2501/2622] BatchTime = 0.713 (s) DataTime = 0.001 (s) Losses = ['5.8482', '44.5860'] lr = 0.0000029
2025-07-22 07:46:42,518 - AdaPoinTr - INFO - [Epoch 163/200][Batch 2601/2622] BatchTime = 0.710 (s) DataTime = 0.001 (s) Losses = ['4.7428', '36.1719'] lr = 0.0000029
2025-07-22 07:46:57,636 - AdaPoinTr - INFO - [Training] EPOCH: 163 EpochTime = 1882.238 (s) Losses = ['5.1474', '39.0367']
2025-07-22 07:46:58,097 - AdaPoinTr - INFO - Save checkpoint at ./experiments/AdaPoinTr/ShapeNet55_models/AdaPoinTr/ckpt-last.pth
2025-07-22 07:46:58,899 - AdaPoinTr - INFO - [Epoch 164/200][Batch 1/2622] BatchTime = 0.800 (s) DataTime = 0.092 (s) Losses = ['5.1943', '40.6832'] lr = 0.0000028
2025-07-22 07:48:10,704 - AdaPoinTr - INFO - [Epoch 164/200][Batch 101/2622] BatchTime = 0.707 (s) DataTime = 0.001 (s) Losses = ['4.9031', '37.3437'] lr = 0.0000028
2025-07-22 07:49:22,516 - AdaPoinTr - INFO - [Epoch 164/200][Batch 201/2622] BatchTime = 0.710 (s) DataTime = 0.001 (s) Losses = ['5.2093', '38.8117'] lr = 0.0000028
2025-07-22 07:50:34,301 - AdaPoinTr - INFO - [Epoch 164/200][Batch 301/2622] BatchTime = 0.714 (s) DataTime = 0.001 (s) Losses = ['5.3485', '37.3522'] lr = 0.0000028
2025-07-22 07:51:46,118 - AdaPoinTr - INFO - [Epoch 164/200][Batch 401/2622] BatchTime = 0.718 (s) DataTime = 0.001 (s) Losses = ['5.2513', '40.8890'] lr = 0.0000028
2025-07-22 07:52:57,924 - AdaPoinTr - INFO - [Epoch 164/200][Batch 501/2622] BatchTime = 0.719 (s) DataTime = 0.001 (s) Losses = ['5.0212', '37.6675'] lr = 0.0000028
2025-07-22 07:54:09,710 - AdaPoinTr - INFO - [Epoch 164/200][Batch 601/2622] BatchTime = 0.721 (s) DataTime = 0.001 (s) Losses = ['4.9205', '36.5232'] lr = 0.0000028
2025-07-22 07:55:21,503 - AdaPoinTr - INFO - [Epoch 164/200][Batch 701/2622] BatchTime = 0.714 (s) DataTime = 0.001 (s) Losses = ['5.2013', '40.0861'] lr = 0.0000028
2025-07-22 07:56:33,338 - AdaPoinTr - INFO - [Epoch 164/200][Batch 801/2622] BatchTime = 0.717 (s) DataTime = 0.001 (s) Losses = ['4.8188', '35.7850'] lr = 0.0000028
2025-07-22 07:57:45,098 - AdaPoinTr - INFO - [Epoch 164/200][Batch 901/2622] BatchTime = 0.704 (s) DataTime = 0.001 (s) Losses = ['5.3483', '38.1567'] lr = 0.0000028
2025-07-22 07:58:56,887 - AdaPoinTr - INFO - [Epoch 164/200][Batch 1001/2622] BatchTime = 0.705 (s) DataTime = 0.001 (s) Losses = ['5.1329', '37.8829'] lr = 0.0000028
2025-07-22 08:00:08,667 - AdaPoinTr - INFO - [Epoch 164/200][Batch 1101/2622] BatchTime = 0.711 (s) DataTime = 0.001 (s) Losses = ['4.8057', '33.3598'] lr = 0.0000028
2025-07-22 08:01:20,482 - AdaPoinTr - INFO - [Epoch 164/200][Batch 1201/2622] BatchTime = 0.714 (s) DataTime = 0.001 (s) Losses = ['5.8514', '45.3660'] lr = 0.0000028
2025-07-22 08:02:32,288 - AdaPoinTr - INFO - [Epoch 164/200][Batch 1301/2622] BatchTime = 0.714 (s) DataTime = 0.001 (s) Losses = ['4.3161', '32.6001'] lr = 0.0000028
2025-07-22 08:03:44,059 - AdaPoinTr - INFO - [Epoch 164/200][Batch 1401/2622] BatchTime = 0.718 (s) DataTime = 0.001 (s) Losses = ['5.0935', '46.6588'] lr = 0.0000028
2025-07-22 08:04:55,845 - AdaPoinTr - INFO - [Epoch 164/200][Batch 1501/2622] BatchTime = 0.715 (s) DataTime = 0.001 (s) Losses = ['4.7159', '37.7605'] lr = 0.0000028
2025-07-22 08:06:07,609 - AdaPoinTr - INFO - [Epoch 164/200][Batch 1601/2622] BatchTime = 0.711 (s) DataTime = 0.001 (s) Losses = ['5.5400', '36.8148'] lr = 0.0000028
2025-07-22 08:07:19,421 - AdaPoinTr - INFO - [Epoch 164/200][Batch 1701/2622] BatchTime = 0.708 (s) DataTime = 0.001 (s) Losses = ['5.3092', '40.0312'] lr = 0.0000028
2025-07-22 08:08:31,202 - AdaPoinTr - INFO - [Epoch 164/200][Batch 1801/2622] BatchTime = 0.706 (s) DataTime = 0.001 (s) Losses = ['5.0311', '34.8650'] lr = 0.0000028
2025-07-22 08:09:43,031 - AdaPoinTr - INFO - [Epoch 164/200][Batch 1901/2622] BatchTime = 0.711 (s) DataTime = 0.001 (s) Losses = ['5.4251', '40.5493'] lr = 0.0000028
2025-07-22 08:10:54,838 - AdaPoinTr - INFO - [Epoch 164/200][Batch 2001/2622] BatchTime = 0.713 (s) DataTime = 0.001 (s) Losses = ['5.0820', '38.9624'] lr = 0.0000028
2025-07-22 08:12:06,686 - AdaPoinTr - INFO - [Epoch 164/200][Batch 2101/2622] BatchTime = 0.708 (s) DataTime = 0.001 (s) Losses = ['4.6834', '43.3871'] lr = 0.0000028
2025-07-22 08:13:18,507 - AdaPoinTr - INFO - [Epoch 164/200][Batch 2201/2622] BatchTime = 0.713 (s) DataTime = 0.001 (s) Losses = ['5.8402', '44.7233'] lr = 0.0000028
2025-07-22 08:14:30,284 - AdaPoinTr - INFO - [Epoch 164/200][Batch 2301/2622] BatchTime = 0.716 (s) DataTime = 0.001 (s) Losses = ['4.9320', '39.1996'] lr = 0.0000028
2025-07-22 08:15:42,061 - AdaPoinTr - INFO - [Epoch 164/200][Batch 2401/2622] BatchTime = 0.719 (s) DataTime = 0.001 (s) Losses = ['4.6772', '35.3662'] lr = 0.0000028
2025-07-22 08:16:53,871 - AdaPoinTr - INFO - [Epoch 164/200][Batch 2501/2622] BatchTime = 0.717 (s) DataTime = 0.001 (s) Losses = ['4.7597', '36.0298'] lr = 0.0000028
2025-07-22 08:18:05,666 - AdaPoinTr - INFO - [Epoch 164/200][Batch 2601/2622] BatchTime = 0.713 (s) DataTime = 0.001 (s) Losses = ['5.2749', '36.3779'] lr = 0.0000028
2025-07-22 08:18:20,793 - AdaPoinTr - INFO - [Training] EPOCH: 164 EpochTime = 1882.694 (s) Losses = ['5.1457', '38.9807']
2025-07-22 08:18:21,254 - AdaPoinTr - INFO - Save checkpoint at ./experiments/AdaPoinTr/ShapeNet55_models/AdaPoinTr/ckpt-last.pth
2025-07-22 08:18:22,058 - AdaPoinTr - INFO - [Epoch 165/200][Batch 1/2622] BatchTime = 0.803 (s) DataTime = 0.091 (s) Losses = ['5.2009', '42.0488'] lr = 0.0000027
2025-07-22 08:19:33,861 - AdaPoinTr - INFO - [Epoch 165/200][Batch 101/2622] BatchTime = 0.712 (s) DataTime = 0.001 (s) Losses = ['5.9366', '44.7304'] lr = 0.0000027
2025-07-22 08:20:45,318 - AdaPoinTr - INFO - [Epoch 165/200][Batch 201/2622] BatchTime = 0.702 (s) DataTime = 0.001 (s) Losses = ['4.9574', '43.6069'] lr = 0.0000027
2025-07-22 08:21:57,124 - AdaPoinTr - INFO - [Epoch 165/200][Batch 301/2622] BatchTime = 0.710 (s) DataTime = 0.001 (s) Losses = ['4.4147', '35.0949'] lr = 0.0000027
2025-07-22 08:23:08,899 - AdaPoinTr - INFO - [Epoch 165/200][Batch 401/2622] BatchTime = 0.715 (s) DataTime = 0.001 (s) Losses = ['5.4155', '42.9202'] lr = 0.0000027
2025-07-22 08:24:20,710 - AdaPoinTr - INFO - [Epoch 165/200][Batch 501/2622] BatchTime = 0.715 (s) DataTime = 0.001 (s) Losses = ['5.1070', '37.5776'] lr = 0.0000027
2025-07-22 08:25:32,505 - AdaPoinTr - INFO - [Epoch 165/200][Batch 601/2622] BatchTime = 0.716 (s) DataTime = 0.001 (s) Losses = ['4.1088', '34.2658'] lr = 0.0000027
2025-07-22 08:26:44,259 - AdaPoinTr - INFO - [Epoch 165/200][Batch 701/2622] BatchTime = 0.716 (s) DataTime = 0.001 (s) Losses = ['5.1029', '38.8154'] lr = 0.0000027
2025-07-22 08:27:56,039 - AdaPoinTr - INFO - [Epoch 165/200][Batch 801/2622] BatchTime = 0.715 (s) DataTime = 0.001 (s) Losses = ['5.7014', '43.1269'] lr = 0.0000027
2025-07-22 08:29:07,873 - AdaPoinTr - INFO - [Epoch 165/200][Batch 901/2622] BatchTime = 0.710 (s) DataTime = 0.001 (s) Losses = ['4.6795', '36.5421'] lr = 0.0000027
2025-07-22 08:30:19,675 - AdaPoinTr - INFO - [Epoch 165/200][Batch 1001/2622] BatchTime = 0.709 (s) DataTime = 0.001 (s) Losses = ['4.3235', '33.0482'] lr = 0.0000027
2025-07-22 08:31:31,474 - AdaPoinTr - INFO - [Epoch 165/200][Batch 1101/2622] BatchTime = 0.708 (s) DataTime = 0.001 (s) Losses = ['5.5913', '42.4563'] lr = 0.0000027
2025-07-22 08:32:43,267 - AdaPoinTr - INFO - [Epoch 165/200][Batch 1201/2622] BatchTime = 0.705 (s) DataTime = 0.001 (s) Losses = ['4.8635', '36.4592'] lr = 0.0000027
2025-07-22 08:33:55,065 - AdaPoinTr - INFO - [Epoch 165/200][Batch 1301/2622] BatchTime = 0.709 (s) DataTime = 0.001 (s) Losses = ['5.0871', '43.7383'] lr = 0.0000027
2025-07-22 08:35:06,836 - AdaPoinTr - INFO - [Epoch 165/200][Batch 1401/2622] BatchTime = 0.713 (s) DataTime = 0.001 (s) Losses = ['5.6696', '41.8581'] lr = 0.0000027
2025-07-22 08:36:18,601 - AdaPoinTr - INFO - [Epoch 165/200][Batch 1501/2622] BatchTime = 0.717 (s) DataTime = 0.001 (s) Losses = ['5.3982', '40.9862'] lr = 0.0000027
2025-07-22 08:37:30,374 - AdaPoinTr - INFO - [Epoch 165/200][Batch 1601/2622] BatchTime = 0.719 (s) DataTime = 0.001 (s) Losses = ['5.2233', '37.9968'] lr = 0.0000027
2025-07-22 08:38:42,171 - AdaPoinTr - INFO - [Epoch 165/200][Batch 1701/2622] BatchTime = 0.715 (s) DataTime = 0.001 (s) Losses = ['5.3157', '37.2249'] lr = 0.0000027
2025-07-22 08:39:53,983 - AdaPoinTr - INFO - [Epoch 165/200][Batch 1801/2622] BatchTime = 0.716 (s) DataTime = 0.001 (s) Losses = ['4.9826', '38.1763'] lr = 0.0000027
2025-07-22 08:41:05,832 - AdaPoinTr - INFO - [Epoch 165/200][Batch 1901/2622] BatchTime = 0.715 (s) DataTime = 0.001 (s) Losses = ['5.1681', '44.3636'] lr = 0.0000027
2025-07-22 08:42:17,637 - AdaPoinTr - INFO - [Epoch 165/200][Batch 2001/2622] BatchTime = 0.723 (s) DataTime = 0.001 (s) Losses = ['4.2189', '35.2745'] lr = 0.0000027
2025-07-22 08:43:29,428 - AdaPoinTr - INFO - [Epoch 165/200][Batch 2101/2622] BatchTime = 0.715 (s) DataTime = 0.001 (s) Losses = ['5.7484', '39.6148'] lr = 0.0000027
2025-07-22 08:44:41,230 - AdaPoinTr - INFO - [Epoch 165/200][Batch 2201/2622] BatchTime = 0.708 (s) DataTime = 0.001 (s) Losses = ['5.5893', '41.5073'] lr = 0.0000027
2025-07-22 08:45:53,076 - AdaPoinTr - INFO - [Epoch 165/200][Batch 2301/2622] BatchTime = 0.710 (s) DataTime = 0.001 (s) Losses = ['4.9726', '39.8024'] lr = 0.0000027
2025-07-22 08:47:04,854 - AdaPoinTr - INFO - [Epoch 165/200][Batch 2401/2622] BatchTime = 0.707 (s) DataTime = 0.001 (s) Losses = ['4.9657', '38.7130'] lr = 0.0000027
2025-07-22 08:48:16,677 - AdaPoinTr - INFO - [Epoch 165/200][Batch 2501/2622] BatchTime = 0.713 (s) DataTime = 0.001 (s) Losses = ['4.6237', '33.8965'] lr = 0.0000027
2025-07-22 08:49:28,505 - AdaPoinTr - INFO - [Epoch 165/200][Batch 2601/2622] BatchTime = 0.716 (s) DataTime = 0.001 (s) Losses = ['5.7112', '43.3678'] lr = 0.0000027
2025-07-22 08:49:43,609 - AdaPoinTr - INFO - [Training] EPOCH: 165 EpochTime = 1882.354 (s) Losses = ['5.1459', '38.9821']
2025-07-22 08:49:43,609 - AdaPoinTr - INFO - [VALIDATION] Start validating epoch 165
2025-07-22 08:50:50,658 - AdaPoinTr - INFO - Test[1051/10518] Taxonomy = 02691156 Sample = c7749c0a8b61f43bc9b9e28055202e3d Losses = ['23.6346', '2.6706', '10.2622', '0.4639'] Metrics = ['0.5596', '10.2622', '0.4639', '0.0000']
2025-07-22 08:51:57,669 - AdaPoinTr - INFO - Test[2102/10518] Taxonomy = 03211117 Sample = ab2f9418c111cc6ddb965514105122a4 Losses = ['19.6099', '1.3455', '7.5664', '0.1913'] Metrics = ['0.6508', '7.5664', '0.1913', '0.0000']
2025-07-22 08:53:04,687 - AdaPoinTr - INFO - Test[3153/10518] Taxonomy = 02876657 Sample = c5032e4be091aabb36fe7a88df793982 Losses = ['35.2921', '4.6853', '12.9655', '0.6009'] Metrics = ['0.3550', '12.9655', '0.6009', '0.0000']
2025-07-22 08:54:11,648 - AdaPoinTr - INFO - Test[4204/10518] Taxonomy = 03211117 Sample = 722df1da5778d45b1e43523279c7f09f Losses = ['28.1796', '3.0174', '11.4129', '0.4862'] Metrics = ['0.4411', '11.4129', '0.4862', '0.0000']
2025-07-22 08:55:18,676 - AdaPoinTr - INFO - Test[5255/10518] Taxonomy = 02828884 Sample = 14b63361a48a9fffe4a048c146e8bd43 Losses = ['29.8102', '3.4580', '11.5994', '0.5986'] Metrics = ['0.4570', '11.5994', '0.5986', '0.0000']
2025-07-22 08:56:25,598 - AdaPoinTr - INFO - Test[6306/10518] Taxonomy = 03211117 Sample = d330d50a0255529d19ed6e1a590c9122 Losses = ['27.8377', '3.4896', '12.5407', '0.8073'] Metrics = ['0.4631', '12.5407', '0.8073', '0.0000']
2025-07-22 08:57:32,544 - AdaPoinTr - INFO - Test[7357/10518] Taxonomy = 04379243 Sample = b1ca280d9567270ade98d10ab5975b59 Losses = ['40.1371', '8.2204', '20.1621', '2.2161'] Metrics = ['0.2547', '20.1621', '2.2161', '0.0000']
2025-07-22 08:58:39,541 - AdaPoinTr - INFO - Test[8408/10518] Taxonomy = 03001627 Sample = 89208a619341d9fdb8c516ed5c4ce32 Losses = ['26.6745', '2.4904', '12.1270', '0.4659'] Metrics = ['0.3353', '12.1270', '0.4659', '0.0000']
2025-07-22 08:59:46,573 - AdaPoinTr - INFO - Test[9459/10518] Taxonomy = 03001627 Sample = d0255120e3351121c3bd24f986301745 Losses = ['34.3314', '4.1299', '14.2553', '0.6450'] Metrics = ['0.2553', '14.2553', '0.6450', '0.0000']
2025-07-22 09:00:53,540 - AdaPoinTr - INFO - Test[10510/10518] Taxonomy = 03636649 Sample = ea9ec4d9db2e06202471e6dd5ac3ef92 Losses = ['19.6100', '1.5572', '8.4563', '0.3499'] Metrics = ['0.7298', '8.4563', '0.3499', '0.0000']
2025-07-22 09:00:54,071 - AdaPoinTr - INFO - [Validation] EPOCH: 165  Metrics = ['0.3862', '13.5591', '0.8801', '0.0000']
2025-07-22 09:00:54,071 - AdaPoinTr - INFO - ============================ TEST RESULTS ============================
2025-07-22 09:00:54,071 - AdaPoinTr - INFO - Taxonomy	#Sample	F-Score	CDL1	CDL2	EMDistance	#ModelName	
2025-07-22 09:00:54,071 - AdaPoinTr - INFO - 03759954	14	0.593 	11.171 	0.754 	0.000 	microphone	
2025-07-22 09:00:54,071 - AdaPoinTr - INFO - 04330267	44	0.306 	14.735 	0.936 	0.000 	stove	
2025-07-22 09:00:54,071 - AdaPoinTr - INFO - 03261776	15	0.323 	16.955 	1.397 	0.000 	earphone	
2025-07-22 09:00:54,071 - AdaPoinTr - INFO - 03513137	33	0.227 	21.657 	2.765 	0.000 	helmet	
2025-07-22 09:00:54,071 - AdaPoinTr - INFO - 04460130	27	0.442 	13.319 	0.872 	0.000 	tower	
2025-07-22 09:00:54,071 - AdaPoinTr - INFO - 04468005	78	0.410 	12.696 	0.789 	0.000 	train	
2025-07-22 09:00:54,071 - AdaPoinTr - INFO - 03761084	31	0.252 	15.502 	0.922 	0.000 	microwaves	
2025-07-22 09:00:54,071 - AdaPoinTr - INFO - 04004475	34	0.284 	16.353 	1.291 	0.000 	printer	
2025-07-22 09:00:54,071 - AdaPoinTr - INFO - 03938244	20	0.317 	14.184 	0.875 	0.000 	pillow	
2025-07-22 09:00:54,071 - AdaPoinTr - INFO - 02992529	167	0.439 	10.488 	0.392 	0.000 	cellphone	
2025-07-22 09:00:54,071 - AdaPoinTr - INFO - 02808440	172	0.306 	14.582 	0.976 	0.000 	bathtub	
2025-07-22 09:00:54,071 - AdaPoinTr - INFO - 04530566	388	0.524 	10.672 	0.542 	0.000 	watercraft	
2025-07-22 09:00:54,071 - AdaPoinTr - INFO - 02871439	91	0.265 	15.410 	0.958 	0.000 	bookshelf	
2025-07-22 09:00:54,071 - AdaPoinTr - INFO - 03593526	120	0.287 	16.302 	1.248 	0.000 	jar	
2025-07-22 09:00:54,071 - AdaPoinTr - INFO - 04554684	34	0.241 	16.488 	1.105 	0.000 	washer	
2025-07-22 09:00:54,071 - AdaPoinTr - INFO - 03467517	160	0.843 	6.144 	0.172 	0.000 	guitar	
2025-07-22 09:00:54,071 - AdaPoinTr - INFO - 04401088	218	0.441 	10.467 	0.402 	0.000 	telephone	
2025-07-22 09:00:54,071 - AdaPoinTr - INFO - 02954340	12	0.322 	14.180 	0.826 	0.000 	cap	
2025-07-22 09:00:54,071 - AdaPoinTr - INFO - 02933112	315	0.252 	14.671 	0.770 	0.000 	cabinet	
2025-07-22 09:00:54,071 - AdaPoinTr - INFO - 03642806	92	0.399 	10.656 	0.378 	0.000 	laptop	
2025-07-22 09:00:54,071 - AdaPoinTr - INFO - 02924116	188	0.381 	12.127 	0.570 	0.000 	bus	
2025-07-22 09:00:54,071 - AdaPoinTr - INFO - 02946921	22	0.271 	15.597 	1.178 	0.000 	can	
2025-07-22 09:00:54,071 - AdaPoinTr - INFO - 02818832	47	0.296 	15.189 	0.989 	0.000 	bed	
2025-07-22 09:00:54,071 - AdaPoinTr - INFO - 04256520	635	0.315 	13.687 	0.720 	0.000 	sofa	
2025-07-22 09:00:54,072 - AdaPoinTr - INFO - 04379243	1687	0.402 	12.146 	0.686 	0.000 	table	
2025-07-22 09:00:54,072 - AdaPoinTr - INFO - 02747177	69	0.208 	16.747 	1.063 	0.000 	trash bin	
2025-07-22 09:00:54,072 - AdaPoinTr - INFO - 03046257	131	0.329 	13.931 	0.815 	0.000 	clock	
2025-07-22 09:00:54,072 - AdaPoinTr - INFO - 04225987	31	0.579 	9.221 	0.353 	0.000 	skateboard	
2025-07-22 09:00:54,072 - AdaPoinTr - INFO - 03797390	43	0.208 	17.458 	1.236 	0.000 	mug	
2025-07-22 09:00:54,072 - AdaPoinTr - INFO - 03001627	1356	0.392 	12.854 	0.743 	0.000 	chair	
2025-07-22 09:00:54,072 - AdaPoinTr - INFO - 03691459	320	0.267 	16.413 	1.204 	0.000 	loudspeaker	
2025-07-22 09:00:54,072 - AdaPoinTr - INFO - 02942699	23	0.259 	19.450 	2.082 	0.000 	camera	
2025-07-22 09:00:54,072 - AdaPoinTr - INFO - 03636649	464	0.563 	12.155 	1.053 	0.000 	lamp	
2025-07-22 09:00:54,072 - AdaPoinTr - INFO - 02691156	809	0.606 	8.876 	0.339 	0.000 	airplane	
2025-07-22 09:00:54,072 - AdaPoinTr - INFO - 02773838	17	0.367 	13.346 	0.790 	0.000 	bag	
2025-07-22 09:00:54,072 - AdaPoinTr - INFO - 02958343	703	0.232 	15.512 	0.859 	0.000 	car	
2025-07-22 09:00:54,072 - AdaPoinTr - INFO - 02880940	38	0.247 	14.950 	0.801 	0.000 	bowl	
2025-07-22 09:00:54,072 - AdaPoinTr - INFO - 04099429	17	0.741 	8.767 	0.553 	0.000 	rocket	
2025-07-22 09:00:54,072 - AdaPoinTr - INFO - 02828884	363	0.462 	10.534 	0.475 	0.000 	bench	
2025-07-22 09:00:54,072 - AdaPoinTr - INFO - 04090263	475	0.712 	8.152 	0.377 	0.000 	rifle	
2025-07-22 09:00:54,072 - AdaPoinTr - INFO - 03211117	219	0.368 	12.794 	0.716 	0.000 	display	
2025-07-22 09:00:54,072 - AdaPoinTr - INFO - 02876657	100	0.451 	11.881 	0.713 	0.000 	bottle	
2025-07-22 09:00:54,072 - AdaPoinTr - INFO - 03710193	19	0.548 	11.936 	0.957 	0.000 	mailbox	
2025-07-22 09:00:54,072 - AdaPoinTr - INFO - 03790512	68	0.270 	15.564 	0.953 	0.000 	motorbike	
2025-07-22 09:00:54,072 - AdaPoinTr - INFO - 03325088	149	0.486 	13.573 	1.227 	0.000 	faucet	
2025-07-22 09:00:54,072 - AdaPoinTr - INFO - 02801938	23	0.240 	16.524 	1.308 	0.000 	basket	
2025-07-22 09:00:54,072 - AdaPoinTr - INFO - 03337140	60	0.250 	15.951 	1.054 	0.000 	file cabinet	
2025-07-22 09:00:54,072 - AdaPoinTr - INFO - 02843684	15	0.248 	18.258 	1.483 	0.000 	birdhouse	
2025-07-22 09:00:54,072 - AdaPoinTr - INFO - 03624134	85	0.812 	6.477 	0.196 	0.000 	knife	
2025-07-22 09:00:54,072 - AdaPoinTr - INFO - 03991062	121	0.248 	18.016 	1.395 	0.000 	flowerpot	
2025-07-22 09:00:54,072 - AdaPoinTr - INFO - 03948459	62	0.497 	11.104 	0.571 	0.000 	pistol	
2025-07-22 09:00:54,072 - AdaPoinTr - INFO - 03928116	48	0.298 	15.200 	1.041 	0.000 	piano	
2025-07-22 09:00:54,072 - AdaPoinTr - INFO - 03207941	19	0.256 	14.561 	0.752 	0.000 	dishwasher	
2025-07-22 09:00:54,072 - AdaPoinTr - INFO - 04074963	14	0.488 	10.560 	0.448 	0.000 	remote	
2025-07-22 09:00:54,072 - AdaPoinTr - INFO - 03085013	13	0.468 	9.612 	0.339 	0.000 	keyboard	
2025-07-22 09:00:54,072 - AdaPoinTr - INFO - Overall		0.386 	13.559 	0.880 	0.000 	
2025-07-22 09:00:54,529 - AdaPoinTr - INFO - Save checkpoint at ./experiments/AdaPoinTr/ShapeNet55_models/AdaPoinTr/ckpt-last.pth
2025-07-22 09:00:55,332 - AdaPoinTr - INFO - [Epoch 166/200][Batch 1/2622] BatchTime = 0.802 (s) DataTime = 0.091 (s) Losses = ['5.2324', '39.7281'] lr = 0.0000027
2025-07-22 09:02:07,137 - AdaPoinTr - INFO - [Epoch 166/200][Batch 101/2622] BatchTime = 0.711 (s) DataTime = 0.001 (s) Losses = ['4.9700', '39.3872'] lr = 0.0000027
2025-07-22 09:03:18,961 - AdaPoinTr - INFO - [Epoch 166/200][Batch 201/2622] BatchTime = 0.711 (s) DataTime = 0.001 (s) Losses = ['5.1992', '42.0734'] lr = 0.0000027
2025-07-22 09:04:30,792 - AdaPoinTr - INFO - [Epoch 166/200][Batch 301/2622] BatchTime = 0.710 (s) DataTime = 0.001 (s) Losses = ['5.5098', '39.8436'] lr = 0.0000027
2025-07-22 09:05:42,279 - AdaPoinTr - INFO - [Epoch 166/200][Batch 401/2622] BatchTime = 0.712 (s) DataTime = 0.001 (s) Losses = ['5.9195', '46.5753'] lr = 0.0000027
2025-07-22 09:06:54,112 - AdaPoinTr - INFO - [Epoch 166/200][Batch 501/2622] BatchTime = 0.707 (s) DataTime = 0.001 (s) Losses = ['5.9745', '45.3871'] lr = 0.0000027
2025-07-22 09:08:05,939 - AdaPoinTr - INFO - [Epoch 166/200][Batch 601/2622] BatchTime = 0.719 (s) DataTime = 0.001 (s) Losses = ['5.1642', '38.4109'] lr = 0.0000027
2025-07-22 09:09:17,721 - AdaPoinTr - INFO - [Epoch 166/200][Batch 701/2622] BatchTime = 0.711 (s) DataTime = 0.001 (s) Losses = ['4.6543', '35.4653'] lr = 0.0000027
2025-07-22 09:10:29,557 - AdaPoinTr - INFO - [Epoch 166/200][Batch 801/2622] BatchTime = 0.717 (s) DataTime = 0.001 (s) Losses = ['5.4832', '39.7536'] lr = 0.0000027
2025-07-22 09:11:41,351 - AdaPoinTr - INFO - [Epoch 166/200][Batch 901/2622] BatchTime = 0.712 (s) DataTime = 0.001 (s) Losses = ['5.0753', '37.0781'] lr = 0.0000027
2025-07-22 09:12:53,157 - AdaPoinTr - INFO - [Epoch 166/200][Batch 1001/2622] BatchTime = 0.713 (s) DataTime = 0.001 (s) Losses = ['5.2486', '37.0136'] lr = 0.0000027
2025-07-22 09:14:04,970 - AdaPoinTr - INFO - [Epoch 166/200][Batch 1101/2622] BatchTime = 0.711 (s) DataTime = 0.001 (s) Losses = ['5.2295', '39.8089'] lr = 0.0000027
2025-07-22 09:15:16,736 - AdaPoinTr - INFO - [Epoch 166/200][Batch 1201/2622] BatchTime = 0.709 (s) DataTime = 0.001 (s) Losses = ['4.5785', '34.8961'] lr = 0.0000027
2025-07-22 09:16:28,520 - AdaPoinTr - INFO - [Epoch 166/200][Batch 1301/2622] BatchTime = 0.705 (s) DataTime = 0.001 (s) Losses = ['5.2203', '38.7777'] lr = 0.0000027
2025-07-22 09:17:40,292 - AdaPoinTr - INFO - [Epoch 166/200][Batch 1401/2622] BatchTime = 0.718 (s) DataTime = 0.001 (s) Losses = ['5.4915', '41.9081'] lr = 0.0000027
2025-07-22 09:18:52,112 - AdaPoinTr - INFO - [Epoch 166/200][Batch 1501/2622] BatchTime = 0.712 (s) DataTime = 0.001 (s) Losses = ['4.7881', '34.6364'] lr = 0.0000027
2025-07-22 09:20:03,888 - AdaPoinTr - INFO - [Epoch 166/200][Batch 1601/2622] BatchTime = 0.717 (s) DataTime = 0.001 (s) Losses = ['5.5961', '43.3175'] lr = 0.0000027
2025-07-22 09:21:15,692 - AdaPoinTr - INFO - [Epoch 166/200][Batch 1701/2622] BatchTime = 0.720 (s) DataTime = 0.001 (s) Losses = ['4.7774', '37.7936'] lr = 0.0000027
2025-07-22 09:22:27,484 - AdaPoinTr - INFO - [Epoch 166/200][Batch 1801/2622] BatchTime = 0.712 (s) DataTime = 0.001 (s) Losses = ['5.2182', '38.9102'] lr = 0.0000027
2025-07-22 09:23:39,280 - AdaPoinTr - INFO - [Epoch 166/200][Batch 1901/2622] BatchTime = 0.707 (s) DataTime = 0.001 (s) Losses = ['5.2305', '38.1176'] lr = 0.0000027
2025-07-22 09:24:51,082 - AdaPoinTr - INFO - [Epoch 166/200][Batch 2001/2622] BatchTime = 0.709 (s) DataTime = 0.001 (s) Losses = ['4.7083', '36.8095'] lr = 0.0000027
2025-07-22 09:26:02,887 - AdaPoinTr - INFO - [Epoch 166/200][Batch 2101/2622] BatchTime = 0.708 (s) DataTime = 0.001 (s) Losses = ['5.4702', '45.7280'] lr = 0.0000027
2025-07-22 09:27:14,691 - AdaPoinTr - INFO - [Epoch 166/200][Batch 2201/2622] BatchTime = 0.707 (s) DataTime = 0.001 (s) Losses = ['4.7195', '36.7706'] lr = 0.0000027
2025-07-22 09:28:26,499 - AdaPoinTr - INFO - [Epoch 166/200][Batch 2301/2622] BatchTime = 0.704 (s) DataTime = 0.001 (s) Losses = ['5.4383', '41.5671'] lr = 0.0000027
2025-07-22 09:29:38,286 - AdaPoinTr - INFO - [Epoch 166/200][Batch 2401/2622] BatchTime = 0.717 (s) DataTime = 0.001 (s) Losses = ['5.0062', '39.1289'] lr = 0.0000027
2025-07-22 09:30:50,092 - AdaPoinTr - INFO - [Epoch 166/200][Batch 2501/2622] BatchTime = 0.719 (s) DataTime = 0.001 (s) Losses = ['4.8892', '39.0331'] lr = 0.0000027
2025-07-22 09:32:01,889 - AdaPoinTr - INFO - [Epoch 166/200][Batch 2601/2622] BatchTime = 0.715 (s) DataTime = 0.001 (s) Losses = ['5.5116', '40.3702'] lr = 0.0000027
2025-07-22 09:32:16,995 - AdaPoinTr - INFO - [Training] EPOCH: 166 EpochTime = 1882.464 (s) Losses = ['5.1405', '38.9478']
2025-07-22 09:32:17,455 - AdaPoinTr - INFO - Save checkpoint at ./experiments/AdaPoinTr/ShapeNet55_models/AdaPoinTr/ckpt-last.pth
2025-07-22 09:32:18,265 - AdaPoinTr - INFO - [Epoch 167/200][Batch 1/2622] BatchTime = 0.809 (s) DataTime = 0.091 (s) Losses = ['5.0350', '37.9514'] lr = 0.0000026
2025-07-22 09:33:30,060 - AdaPoinTr - INFO - [Epoch 167/200][Batch 101/2622] BatchTime = 0.717 (s) DataTime = 0.001 (s) Losses = ['5.2996', '38.3667'] lr = 0.0000026
2025-07-22 09:34:41,837 - AdaPoinTr - INFO - [Epoch 167/200][Batch 201/2622] BatchTime = 0.714 (s) DataTime = 0.001 (s) Losses = ['4.3839', '31.4295'] lr = 0.0000026
2025-07-22 09:35:53,644 - AdaPoinTr - INFO - [Epoch 167/200][Batch 301/2622] BatchTime = 0.712 (s) DataTime = 0.001 (s) Losses = ['4.8898', '35.4974'] lr = 0.0000026
2025-07-22 09:37:05,466 - AdaPoinTr - INFO - [Epoch 167/200][Batch 401/2622] BatchTime = 0.714 (s) DataTime = 0.001 (s) Losses = ['4.9307', '41.0789'] lr = 0.0000026
2025-07-22 09:38:17,233 - AdaPoinTr - INFO - [Epoch 167/200][Batch 501/2622] BatchTime = 0.703 (s) DataTime = 0.001 (s) Losses = ['4.7867', '34.8926'] lr = 0.0000026
2025-07-22 09:39:29,063 - AdaPoinTr - INFO - [Epoch 167/200][Batch 601/2622] BatchTime = 0.710 (s) DataTime = 0.001 (s) Losses = ['5.0607', '41.8929'] lr = 0.0000026
2025-07-22 09:40:40,828 - AdaPoinTr - INFO - [Epoch 167/200][Batch 701/2622] BatchTime = 0.713 (s) DataTime = 0.001 (s) Losses = ['4.6057', '34.0403'] lr = 0.0000026
2025-07-22 09:41:52,631 - AdaPoinTr - INFO - [Epoch 167/200][Batch 801/2622] BatchTime = 0.715 (s) DataTime = 0.001 (s) Losses = ['4.9330', '39.7403'] lr = 0.0000026
2025-07-22 09:43:04,419 - AdaPoinTr - INFO - [Epoch 167/200][Batch 901/2622] BatchTime = 0.713 (s) DataTime = 0.001 (s) Losses = ['5.2471', '39.4419'] lr = 0.0000026
2025-07-22 09:44:16,235 - AdaPoinTr - INFO - [Epoch 167/200][Batch 1001/2622] BatchTime = 0.713 (s) DataTime = 0.001 (s) Losses = ['5.0731', '41.8086'] lr = 0.0000026
2025-07-22 09:45:28,034 - AdaPoinTr - INFO - [Epoch 167/200][Batch 1101/2622] BatchTime = 0.719 (s) DataTime = 0.001 (s) Losses = ['4.3235', '32.7087'] lr = 0.0000026
2025-07-22 09:46:39,796 - AdaPoinTr - INFO - [Epoch 167/200][Batch 1201/2622] BatchTime = 0.713 (s) DataTime = 0.001 (s) Losses = ['4.7036', '32.9684'] lr = 0.0000026
2025-07-22 09:47:51,640 - AdaPoinTr - INFO - [Epoch 167/200][Batch 1301/2622] BatchTime = 0.709 (s) DataTime = 0.001 (s) Losses = ['4.7474', '32.4500'] lr = 0.0000026
2025-07-22 09:49:03,445 - AdaPoinTr - INFO - [Epoch 167/200][Batch 1401/2622] BatchTime = 0.705 (s) DataTime = 0.001 (s) Losses = ['4.2899', '34.2624'] lr = 0.0000026
2025-07-22 09:50:15,224 - AdaPoinTr - INFO - [Epoch 167/200][Batch 1501/2622] BatchTime = 0.706 (s) DataTime = 0.001 (s) Losses = ['4.8272', '35.0724'] lr = 0.0000026
2025-07-22 09:51:26,991 - AdaPoinTr - INFO - [Epoch 167/200][Batch 1601/2622] BatchTime = 0.716 (s) DataTime = 0.001 (s) Losses = ['5.6427', '43.1919'] lr = 0.0000026
2025-07-22 09:52:38,809 - AdaPoinTr - INFO - [Epoch 167/200][Batch 1701/2622] BatchTime = 0.717 (s) DataTime = 0.001 (s) Losses = ['5.7816', '44.2592'] lr = 0.0000026
2025-07-22 09:53:50,613 - AdaPoinTr - INFO - [Epoch 167/200][Batch 1801/2622] BatchTime = 0.718 (s) DataTime = 0.001 (s) Losses = ['5.0420', '39.2334'] lr = 0.0000026
2025-07-22 09:54:56,328 - AdaPoinTr - INFO - [Epoch 167/200][Batch 1901/2622] BatchTime = 0.512 (s) DataTime = 0.001 (s) Losses = ['5.0345', '42.7821'] lr = 0.0000026
2025-07-22 09:55:47,891 - AdaPoinTr - INFO - [Epoch 167/200][Batch 2001/2622] BatchTime = 0.513 (s) DataTime = 0.001 (s) Losses = ['5.3507', '38.8178'] lr = 0.0000026
2025-07-22 09:56:39,475 - AdaPoinTr - INFO - [Epoch 167/200][Batch 2101/2622] BatchTime = 0.508 (s) DataTime = 0.001 (s) Losses = ['5.5726', '42.5241'] lr = 0.0000026
2025-07-22 09:57:31,051 - AdaPoinTr - INFO - [Epoch 167/200][Batch 2201/2622] BatchTime = 0.512 (s) DataTime = 0.001 (s) Losses = ['5.2868', '39.0587'] lr = 0.0000026
2025-07-22 09:58:22,637 - AdaPoinTr - INFO - [Epoch 167/200][Batch 2301/2622] BatchTime = 0.513 (s) DataTime = 0.001 (s) Losses = ['5.4635', '42.0513'] lr = 0.0000026
2025-07-22 09:59:14,231 - AdaPoinTr - INFO - [Epoch 167/200][Batch 2401/2622] BatchTime = 0.513 (s) DataTime = 0.001 (s) Losses = ['5.3829', '39.5340'] lr = 0.0000026
2025-07-22 10:00:05,816 - AdaPoinTr - INFO - [Epoch 167/200][Batch 2501/2622] BatchTime = 0.513 (s) DataTime = 0.001 (s) Losses = ['5.3282', '40.2557'] lr = 0.0000026
2025-07-22 10:00:57,393 - AdaPoinTr - INFO - [Epoch 167/200][Batch 2601/2622] BatchTime = 0.514 (s) DataTime = 0.001 (s) Losses = ['5.5885', '41.5487'] lr = 0.0000026
2025-07-22 10:01:08,264 - AdaPoinTr - INFO - [Training] EPOCH: 167 EpochTime = 1730.808 (s) Losses = ['5.1419', '39.0207']
2025-07-22 10:01:08,729 - AdaPoinTr - INFO - Save checkpoint at ./experiments/AdaPoinTr/ShapeNet55_models/AdaPoinTr/ckpt-last.pth
2025-07-22 10:01:09,346 - AdaPoinTr - INFO - [Epoch 168/200][Batch 1/2622] BatchTime = 0.616 (s) DataTime = 0.094 (s) Losses = ['4.7539', '36.8208'] lr = 0.0000026
2025-07-22 10:02:00,914 - AdaPoinTr - INFO - [Epoch 168/200][Batch 101/2622] BatchTime = 0.512 (s) DataTime = 0.001 (s) Losses = ['5.5720', '45.5665'] lr = 0.0000026
2025-07-22 10:02:52,470 - AdaPoinTr - INFO - [Epoch 168/200][Batch 201/2622] BatchTime = 0.509 (s) DataTime = 0.001 (s) Losses = ['4.8617', '36.6778'] lr = 0.0000026
2025-07-22 10:03:44,050 - AdaPoinTr - INFO - [Epoch 168/200][Batch 301/2622] BatchTime = 0.512 (s) DataTime = 0.001 (s) Losses = ['5.2138', '38.1449'] lr = 0.0000026
2025-07-22 10:04:35,612 - AdaPoinTr - INFO - [Epoch 168/200][Batch 401/2622] BatchTime = 0.512 (s) DataTime = 0.001 (s) Losses = ['5.4576', '39.9177'] lr = 0.0000026
2025-07-22 10:05:27,190 - AdaPoinTr - INFO - [Epoch 168/200][Batch 501/2622] BatchTime = 0.515 (s) DataTime = 0.001 (s) Losses = ['4.9790', '38.2770'] lr = 0.0000026
2025-07-22 10:06:26,251 - AdaPoinTr - INFO - [Epoch 168/200][Batch 601/2622] BatchTime = 0.713 (s) DataTime = 0.001 (s) Losses = ['5.1809', '36.6407'] lr = 0.0000026
2025-07-22 10:07:38,069 - AdaPoinTr - INFO - [Epoch 168/200][Batch 701/2622] BatchTime = 0.716 (s) DataTime = 0.001 (s) Losses = ['5.9978', '46.7539'] lr = 0.0000026
2025-07-22 10:08:49,855 - AdaPoinTr - INFO - [Epoch 168/200][Batch 801/2622] BatchTime = 0.713 (s) DataTime = 0.001 (s) Losses = ['5.7997', '43.3252'] lr = 0.0000026
2025-07-22 10:10:01,658 - AdaPoinTr - INFO - [Epoch 168/200][Batch 901/2622] BatchTime = 0.715 (s) DataTime = 0.001 (s) Losses = ['5.0495', '40.7493'] lr = 0.0000026
2025-07-22 10:11:13,483 - AdaPoinTr - INFO - [Epoch 168/200][Batch 1001/2622] BatchTime = 0.714 (s) DataTime = 0.001 (s) Losses = ['5.1528', '38.6127'] lr = 0.0000026
2025-07-22 10:12:25,255 - AdaPoinTr - INFO - [Epoch 168/200][Batch 1101/2622] BatchTime = 0.714 (s) DataTime = 0.001 (s) Losses = ['4.5064', '35.9172'] lr = 0.0000026
2025-07-22 10:13:37,080 - AdaPoinTr - INFO - [Epoch 168/200][Batch 1201/2622] BatchTime = 0.705 (s) DataTime = 0.001 (s) Losses = ['4.4901', '34.2502'] lr = 0.0000026
2025-07-22 10:14:48,869 - AdaPoinTr - INFO - [Epoch 168/200][Batch 1301/2622] BatchTime = 0.706 (s) DataTime = 0.001 (s) Losses = ['5.3370', '37.4916'] lr = 0.0000026
2025-07-22 10:16:00,627 - AdaPoinTr - INFO - [Epoch 168/200][Batch 1401/2622] BatchTime = 0.716 (s) DataTime = 0.001 (s) Losses = ['5.6274', '39.7532'] lr = 0.0000026
2025-07-22 10:17:12,407 - AdaPoinTr - INFO - [Epoch 168/200][Batch 1501/2622] BatchTime = 0.717 (s) DataTime = 0.001 (s) Losses = ['5.5523', '40.7138'] lr = 0.0000026
2025-07-22 10:18:24,201 - AdaPoinTr - INFO - [Epoch 168/200][Batch 1601/2622] BatchTime = 0.716 (s) DataTime = 0.001 (s) Losses = ['5.5472', '44.1416'] lr = 0.0000026
2025-07-22 10:19:36,032 - AdaPoinTr - INFO - [Epoch 168/200][Batch 1701/2622] BatchTime = 0.718 (s) DataTime = 0.001 (s) Losses = ['4.6039', '34.6573'] lr = 0.0000026
2025-07-22 10:20:47,854 - AdaPoinTr - INFO - [Epoch 168/200][Batch 1801/2622] BatchTime = 0.715 (s) DataTime = 0.001 (s) Losses = ['5.5645', '45.0789'] lr = 0.0000026
2025-07-22 10:21:59,648 - AdaPoinTr - INFO - [Epoch 168/200][Batch 1901/2622] BatchTime = 0.709 (s) DataTime = 0.001 (s) Losses = ['4.9315', '33.9442'] lr = 0.0000026
2025-07-22 10:23:11,419 - AdaPoinTr - INFO - [Epoch 168/200][Batch 2001/2622] BatchTime = 0.704 (s) DataTime = 0.001 (s) Losses = ['4.6283', '31.9881'] lr = 0.0000026
2025-07-22 10:24:23,231 - AdaPoinTr - INFO - [Epoch 168/200][Batch 2101/2622] BatchTime = 0.703 (s) DataTime = 0.001 (s) Losses = ['5.2500', '38.1669'] lr = 0.0000026
2025-07-22 10:25:34,989 - AdaPoinTr - INFO - [Epoch 168/200][Batch 2201/2622] BatchTime = 0.712 (s) DataTime = 0.001 (s) Losses = ['4.8308', '36.0797'] lr = 0.0000026
2025-07-22 10:26:46,751 - AdaPoinTr - INFO - [Epoch 168/200][Batch 2301/2622] BatchTime = 0.717 (s) DataTime = 0.001 (s) Losses = ['5.7310', '40.4205'] lr = 0.0000026
2025-07-22 10:27:58,536 - AdaPoinTr - INFO - [Epoch 168/200][Batch 2401/2622] BatchTime = 0.714 (s) DataTime = 0.001 (s) Losses = ['5.2865', '37.7666'] lr = 0.0000026
2025-07-22 10:29:10,350 - AdaPoinTr - INFO - [Epoch 168/200][Batch 2501/2622] BatchTime = 0.724 (s) DataTime = 0.001 (s) Losses = ['5.3284', '36.9068'] lr = 0.0000026
2025-07-22 10:30:22,117 - AdaPoinTr - INFO - [Epoch 168/200][Batch 2601/2622] BatchTime = 0.718 (s) DataTime = 0.001 (s) Losses = ['4.6171', '33.1655'] lr = 0.0000026
2025-07-22 10:30:37,222 - AdaPoinTr - INFO - [Training] EPOCH: 168 EpochTime = 1768.491 (s) Losses = ['5.1432', '38.9753']
2025-07-22 10:30:37,685 - AdaPoinTr - INFO - Save checkpoint at ./experiments/AdaPoinTr/ShapeNet55_models/AdaPoinTr/ckpt-last.pth
2025-07-22 10:30:38,490 - AdaPoinTr - INFO - [Epoch 169/200][Batch 1/2622] BatchTime = 0.804 (s) DataTime = 0.092 (s) Losses = ['4.6745', '39.7977'] lr = 0.0000025
2025-07-22 10:31:50,273 - AdaPoinTr - INFO - [Epoch 169/200][Batch 101/2622] BatchTime = 0.706 (s) DataTime = 0.001 (s) Losses = ['4.8185', '37.9670'] lr = 0.0000025
2025-07-22 10:33:02,090 - AdaPoinTr - INFO - [Epoch 169/200][Batch 201/2622] BatchTime = 0.704 (s) DataTime = 0.001 (s) Losses = ['5.6250', '47.6984'] lr = 0.0000025
2025-07-22 10:34:13,893 - AdaPoinTr - INFO - [Epoch 169/200][Batch 301/2622] BatchTime = 0.707 (s) DataTime = 0.001 (s) Losses = ['4.1823', '30.5760'] lr = 0.0000025
2025-07-22 10:35:25,726 - AdaPoinTr - INFO - [Epoch 169/200][Batch 401/2622] BatchTime = 0.716 (s) DataTime = 0.001 (s) Losses = ['5.0514', '38.5091'] lr = 0.0000025
2025-07-22 10:36:37,551 - AdaPoinTr - INFO - [Epoch 169/200][Batch 501/2622] BatchTime = 0.708 (s) DataTime = 0.001 (s) Losses = ['5.3401', '41.5554'] lr = 0.0000025
2025-07-22 10:37:49,393 - AdaPoinTr - INFO - [Epoch 169/200][Batch 601/2622] BatchTime = 0.714 (s) DataTime = 0.001 (s) Losses = ['5.1028', '36.6828'] lr = 0.0000025
2025-07-22 10:39:01,199 - AdaPoinTr - INFO - [Epoch 169/200][Batch 701/2622] BatchTime = 0.714 (s) DataTime = 0.001 (s) Losses = ['4.6356', '34.7823'] lr = 0.0000025
2025-07-22 10:40:12,989 - AdaPoinTr - INFO - [Epoch 169/200][Batch 801/2622] BatchTime = 0.715 (s) DataTime = 0.001 (s) Losses = ['5.4408', '40.8625'] lr = 0.0000025
2025-07-22 10:41:24,837 - AdaPoinTr - INFO - [Epoch 169/200][Batch 901/2622] BatchTime = 0.717 (s) DataTime = 0.001 (s) Losses = ['4.6049', '35.9219'] lr = 0.0000025
2025-07-22 10:42:36,626 - AdaPoinTr - INFO - [Epoch 169/200][Batch 1001/2622] BatchTime = 0.717 (s) DataTime = 0.001 (s) Losses = ['4.9664', '37.8238'] lr = 0.0000025
2025-07-22 10:43:48,437 - AdaPoinTr - INFO - [Epoch 169/200][Batch 1101/2622] BatchTime = 0.717 (s) DataTime = 0.001 (s) Losses = ['4.7836', '35.3248'] lr = 0.0000025
2025-07-22 10:45:00,255 - AdaPoinTr - INFO - [Epoch 169/200][Batch 1201/2622] BatchTime = 0.717 (s) DataTime = 0.001 (s) Losses = ['5.1299', '39.1399'] lr = 0.0000025
2025-07-22 10:46:12,021 - AdaPoinTr - INFO - [Epoch 169/200][Batch 1301/2622] BatchTime = 0.708 (s) DataTime = 0.001 (s) Losses = ['4.8024', '39.4690'] lr = 0.0000025
2025-07-22 10:47:23,811 - AdaPoinTr - INFO - [Epoch 169/200][Batch 1401/2622] BatchTime = 0.710 (s) DataTime = 0.001 (s) Losses = ['5.0978', '40.1580'] lr = 0.0000025
2025-07-22 10:48:35,666 - AdaPoinTr - INFO - [Epoch 169/200][Batch 1501/2622] BatchTime = 0.711 (s) DataTime = 0.001 (s) Losses = ['5.0075', '39.9899'] lr = 0.0000025
2025-07-22 10:49:47,432 - AdaPoinTr - INFO - [Epoch 169/200][Batch 1601/2622] BatchTime = 0.707 (s) DataTime = 0.001 (s) Losses = ['4.9518', '37.8246'] lr = 0.0000025
2025-07-22 10:50:59,214 - AdaPoinTr - INFO - [Epoch 169/200][Batch 1701/2622] BatchTime = 0.708 (s) DataTime = 0.001 (s) Losses = ['5.2537', '37.5227'] lr = 0.0000025
2025-07-22 10:52:11,013 - AdaPoinTr - INFO - [Epoch 169/200][Batch 1801/2622] BatchTime = 0.718 (s) DataTime = 0.001 (s) Losses = ['5.8027', '44.3430'] lr = 0.0000025
2025-07-22 10:53:22,816 - AdaPoinTr - INFO - [Epoch 169/200][Batch 1901/2622] BatchTime = 0.713 (s) DataTime = 0.001 (s) Losses = ['5.3056', '38.8349'] lr = 0.0000025
2025-07-22 10:54:34,600 - AdaPoinTr - INFO - [Epoch 169/200][Batch 2001/2622] BatchTime = 0.718 (s) DataTime = 0.001 (s) Losses = ['4.9577', '40.1504'] lr = 0.0000025
2025-07-22 10:55:46,030 - AdaPoinTr - INFO - [Epoch 169/200][Batch 2101/2622] BatchTime = 0.712 (s) DataTime = 0.001 (s) Losses = ['5.0502', '40.8777'] lr = 0.0000025
2025-07-22 10:56:57,821 - AdaPoinTr - INFO - [Epoch 169/200][Batch 2201/2622] BatchTime = 0.710 (s) DataTime = 0.001 (s) Losses = ['5.1232', '39.5193'] lr = 0.0000025
2025-07-22 10:58:09,597 - AdaPoinTr - INFO - [Epoch 169/200][Batch 2301/2622] BatchTime = 0.709 (s) DataTime = 0.001 (s) Losses = ['4.7487', '39.9996'] lr = 0.0000025
2025-07-22 10:59:21,412 - AdaPoinTr - INFO - [Epoch 169/200][Batch 2401/2622] BatchTime = 0.710 (s) DataTime = 0.001 (s) Losses = ['4.4254', '32.3161'] lr = 0.0000025
2025-07-22 11:00:33,217 - AdaPoinTr - INFO - [Epoch 169/200][Batch 2501/2622] BatchTime = 0.707 (s) DataTime = 0.001 (s) Losses = ['4.9175', '39.1302'] lr = 0.0000025
2025-07-22 11:01:45,013 - AdaPoinTr - INFO - [Epoch 169/200][Batch 2601/2622] BatchTime = 0.707 (s) DataTime = 0.001 (s) Losses = ['5.1951', '40.1160'] lr = 0.0000025
2025-07-22 11:02:00,125 - AdaPoinTr - INFO - [Training] EPOCH: 169 EpochTime = 1882.438 (s) Losses = ['5.1425', '38.9335']
2025-07-22 11:02:00,585 - AdaPoinTr - INFO - Save checkpoint at ./experiments/AdaPoinTr/ShapeNet55_models/AdaPoinTr/ckpt-last.pth
2025-07-22 11:02:01,390 - AdaPoinTr - INFO - [Epoch 170/200][Batch 1/2622] BatchTime = 0.804 (s) DataTime = 0.092 (s) Losses = ['5.1124', '38.6234'] lr = 0.0000025
2025-07-22 11:03:13,230 - AdaPoinTr - INFO - [Epoch 170/200][Batch 101/2622] BatchTime = 0.716 (s) DataTime = 0.001 (s) Losses = ['5.5249', '44.5000'] lr = 0.0000025
2025-07-22 11:04:24,999 - AdaPoinTr - INFO - [Epoch 170/200][Batch 201/2622] BatchTime = 0.719 (s) DataTime = 0.001 (s) Losses = ['4.9328', '34.7868'] lr = 0.0000025
2025-07-22 11:05:36,779 - AdaPoinTr - INFO - [Epoch 170/200][Batch 301/2622] BatchTime = 0.714 (s) DataTime = 0.001 (s) Losses = ['4.9513', '40.4123'] lr = 0.0000025
2025-07-22 11:06:48,552 - AdaPoinTr - INFO - [Epoch 170/200][Batch 401/2622] BatchTime = 0.712 (s) DataTime = 0.001 (s) Losses = ['4.7446', '37.3656'] lr = 0.0000025
2025-07-22 11:08:00,314 - AdaPoinTr - INFO - [Epoch 170/200][Batch 501/2622] BatchTime = 0.705 (s) DataTime = 0.001 (s) Losses = ['4.7788', '34.8501'] lr = 0.0000025
2025-07-22 11:09:12,120 - AdaPoinTr - INFO - [Epoch 170/200][Batch 601/2622] BatchTime = 0.712 (s) DataTime = 0.001 (s) Losses = ['5.4435', '43.0038'] lr = 0.0000025
2025-07-22 11:10:23,885 - AdaPoinTr - INFO - [Epoch 170/200][Batch 701/2622] BatchTime = 0.713 (s) DataTime = 0.001 (s) Losses = ['5.2227', '40.2617'] lr = 0.0000025
2025-07-22 11:11:35,668 - AdaPoinTr - INFO - [Epoch 170/200][Batch 801/2622] BatchTime = 0.713 (s) DataTime = 0.001 (s) Losses = ['4.7819', '34.4857'] lr = 0.0000025
2025-07-22 11:12:47,477 - AdaPoinTr - INFO - [Epoch 170/200][Batch 901/2622] BatchTime = 0.715 (s) DataTime = 0.001 (s) Losses = ['5.7454', '43.1556'] lr = 0.0000025
2025-07-22 11:13:59,242 - AdaPoinTr - INFO - [Epoch 170/200][Batch 1001/2622] BatchTime = 0.716 (s) DataTime = 0.001 (s) Losses = ['4.7953', '32.9000'] lr = 0.0000025
2025-07-22 11:15:11,036 - AdaPoinTr - INFO - [Epoch 170/200][Batch 1101/2622] BatchTime = 0.712 (s) DataTime = 0.001 (s) Losses = ['5.3825', '39.5509'] lr = 0.0000025
2025-07-22 11:16:22,817 - AdaPoinTr - INFO - [Epoch 170/200][Batch 1201/2622] BatchTime = 0.709 (s) DataTime = 0.001 (s) Losses = ['5.8165', '43.9726'] lr = 0.0000025
2025-07-22 11:17:34,610 - AdaPoinTr - INFO - [Epoch 170/200][Batch 1301/2622] BatchTime = 0.710 (s) DataTime = 0.001 (s) Losses = ['5.4023', '38.6211'] lr = 0.0000025
2025-07-22 11:18:46,382 - AdaPoinTr - INFO - [Epoch 170/200][Batch 1401/2622] BatchTime = 0.705 (s) DataTime = 0.001 (s) Losses = ['5.1574', '39.7575'] lr = 0.0000025
2025-07-22 11:19:58,239 - AdaPoinTr - INFO - [Epoch 170/200][Batch 1501/2622] BatchTime = 0.708 (s) DataTime = 0.001 (s) Losses = ['4.7682', '35.8292'] lr = 0.0000025
2025-07-22 11:21:10,055 - AdaPoinTr - INFO - [Epoch 170/200][Batch 1601/2622] BatchTime = 0.716 (s) DataTime = 0.001 (s) Losses = ['5.2571', '39.9410'] lr = 0.0000025
2025-07-22 11:22:21,797 - AdaPoinTr - INFO - [Epoch 170/200][Batch 1701/2622] BatchTime = 0.716 (s) DataTime = 0.001 (s) Losses = ['5.0039', '36.9018'] lr = 0.0000025
2025-07-22 11:23:33,557 - AdaPoinTr - INFO - [Epoch 170/200][Batch 1801/2622] BatchTime = 0.713 (s) DataTime = 0.001 (s) Losses = ['4.7452', '33.5435'] lr = 0.0000025
2025-07-22 11:24:45,401 - AdaPoinTr - INFO - [Epoch 170/200][Batch 1901/2622] BatchTime = 0.716 (s) DataTime = 0.001 (s) Losses = ['5.4761', '42.3601'] lr = 0.0000025
2025-07-22 11:25:57,193 - AdaPoinTr - INFO - [Epoch 170/200][Batch 2001/2622] BatchTime = 0.712 (s) DataTime = 0.001 (s) Losses = ['4.6547', '35.5209'] lr = 0.0000025
2025-07-22 11:27:09,028 - AdaPoinTr - INFO - [Epoch 170/200][Batch 2101/2622] BatchTime = 0.711 (s) DataTime = 0.001 (s) Losses = ['4.9519', '34.0262'] lr = 0.0000025
2025-07-22 11:28:20,862 - AdaPoinTr - INFO - [Epoch 170/200][Batch 2201/2622] BatchTime = 0.708 (s) DataTime = 0.001 (s) Losses = ['6.1040', '45.9337'] lr = 0.0000025
2025-07-22 11:29:32,685 - AdaPoinTr - INFO - [Epoch 170/200][Batch 2301/2622] BatchTime = 0.708 (s) DataTime = 0.001 (s) Losses = ['5.0908', '39.6809'] lr = 0.0000025
2025-07-22 11:30:44,451 - AdaPoinTr - INFO - [Epoch 170/200][Batch 2401/2622] BatchTime = 0.712 (s) DataTime = 0.001 (s) Losses = ['5.7043', '43.3525'] lr = 0.0000025
2025-07-22 11:31:56,249 - AdaPoinTr - INFO - [Epoch 170/200][Batch 2501/2622] BatchTime = 0.716 (s) DataTime = 0.001 (s) Losses = ['4.7362', '35.7905'] lr = 0.0000025
2025-07-22 11:33:08,062 - AdaPoinTr - INFO - [Epoch 170/200][Batch 2601/2622] BatchTime = 0.716 (s) DataTime = 0.001 (s) Losses = ['4.3301', '34.5060'] lr = 0.0000025
2025-07-22 11:33:23,171 - AdaPoinTr - INFO - [Training] EPOCH: 170 EpochTime = 1882.585 (s) Losses = ['5.1403', '38.9515']
2025-07-22 11:33:23,171 - AdaPoinTr - INFO - [VALIDATION] Start validating epoch 170
2025-07-22 11:34:30,269 - AdaPoinTr - INFO - Test[1051/10518] Taxonomy = 02691156 Sample = c7749c0a8b61f43bc9b9e28055202e3d Losses = ['22.6439', '2.0628', '12.2234', '1.1611'] Metrics = ['0.5455', '12.2234', '1.1611', '0.0000']
2025-07-22 11:35:37,215 - AdaPoinTr - INFO - Test[2102/10518] Taxonomy = 03211117 Sample = ab2f9418c111cc6ddb965514105122a4 Losses = ['19.1997', '1.4160', '7.9180', '0.2840'] Metrics = ['0.6659', '7.9180', '0.2840', '0.0000']
2025-07-22 11:36:44,194 - AdaPoinTr - INFO - Test[3153/10518] Taxonomy = 02876657 Sample = c5032e4be091aabb36fe7a88df793982 Losses = ['37.5298', '5.9431', '15.2912', '0.9668'] Metrics = ['0.3367', '15.2912', '0.9668', '0.0000']
2025-07-22 11:37:51,110 - AdaPoinTr - INFO - Test[4204/10518] Taxonomy = 03211117 Sample = 722df1da5778d45b1e43523279c7f09f Losses = ['32.4200', '4.6911', '14.1985', '1.2303'] Metrics = ['0.4262', '14.1985', '1.2303', '0.0000']
2025-07-22 11:38:58,028 - AdaPoinTr - INFO - Test[5255/10518] Taxonomy = 02828884 Sample = 14b63361a48a9fffe4a048c146e8bd43 Losses = ['31.3581', '3.8558', '15.4621', '1.2412'] Metrics = ['0.4134', '15.4621', '1.2412', '0.0000']
2025-07-22 11:40:04,962 - AdaPoinTr - INFO - Test[6306/10518] Taxonomy = 03211117 Sample = d330d50a0255529d19ed6e1a590c9122 Losses = ['27.7283', '3.5433', '11.0152', '0.5431'] Metrics = ['0.4859', '11.0152', '0.5431', '0.0000']
2025-07-22 11:41:11,904 - AdaPoinTr - INFO - Test[7357/10518] Taxonomy = 04379243 Sample = b1ca280d9567270ade98d10ab5975b59 Losses = ['28.5544', '3.2717', '13.6479', '0.5705'] Metrics = ['0.2842', '13.6479', '0.5705', '0.0000']
2025-07-22 11:42:18,597 - AdaPoinTr - INFO - Test[8408/10518] Taxonomy = 03001627 Sample = 89208a619341d9fdb8c516ed5c4ce32 Losses = ['26.2717', '2.4362', '12.6423', '0.5046'] Metrics = ['0.3055', '12.6423', '0.5046', '0.0000']
2025-07-22 11:43:25,579 - AdaPoinTr - INFO - Test[9459/10518] Taxonomy = 03001627 Sample = d0255120e3351121c3bd24f986301745 Losses = ['37.8289', '5.4695', '18.9971', '1.5097'] Metrics = ['0.2154', '18.9971', '1.5097', '0.0000']
2025-07-22 11:44:32,473 - AdaPoinTr - INFO - Test[10510/10518] Taxonomy = 03636649 Sample = ea9ec4d9db2e06202471e6dd5ac3ef92 Losses = ['19.6594', '1.5680', '7.7090', '0.2779'] Metrics = ['0.6905', '7.7090', '0.2779', '0.0000']
2025-07-22 11:44:33,014 - AdaPoinTr - INFO - [Validation] EPOCH: 170  Metrics = ['0.3879', '13.4626', '0.8667', '0.0000']
2025-07-22 11:44:33,014 - AdaPoinTr - INFO - ============================ TEST RESULTS ============================
2025-07-22 11:44:33,014 - AdaPoinTr - INFO - Taxonomy	#Sample	F-Score	CDL1	CDL2	EMDistance	#ModelName	
2025-07-22 11:44:33,014 - AdaPoinTr - INFO - 03759954	14	0.570 	11.077 	0.749 	0.000 	microphone	
2025-07-22 11:44:33,014 - AdaPoinTr - INFO - 04330267	44	0.305 	15.128 	0.967 	0.000 	stove	
2025-07-22 11:44:33,014 - AdaPoinTr - INFO - 03261776	15	0.320 	15.607 	1.066 	0.000 	earphone	
2025-07-22 11:44:33,014 - AdaPoinTr - INFO - 03513137	33	0.236 	18.270 	1.611 	0.000 	helmet	
2025-07-22 11:44:33,014 - AdaPoinTr - INFO - 04460130	27	0.446 	12.902 	0.730 	0.000 	tower	
2025-07-22 11:44:33,014 - AdaPoinTr - INFO - 04468005	78	0.408 	12.324 	0.712 	0.000 	train	
2025-07-22 11:44:33,014 - AdaPoinTr - INFO - 03761084	31	0.254 	15.844 	1.059 	0.000 	microwaves	
2025-07-22 11:44:33,014 - AdaPoinTr - INFO - 04004475	34	0.285 	15.585 	1.087 	0.000 	printer	
2025-07-22 11:44:33,014 - AdaPoinTr - INFO - 03938244	20	0.328 	13.768 	0.739 	0.000 	pillow	
2025-07-22 11:44:33,014 - AdaPoinTr - INFO - 02992529	167	0.437 	10.593 	0.396 	0.000 	cellphone	
2025-07-22 11:44:33,014 - AdaPoinTr - INFO - 02808440	172	0.313 	14.054 	0.881 	0.000 	bathtub	
2025-07-22 11:44:33,014 - AdaPoinTr - INFO - 04530566	388	0.528 	10.740 	0.568 	0.000 	watercraft	
2025-07-22 11:44:33,014 - AdaPoinTr - INFO - 02871439	91	0.262 	15.536 	0.960 	0.000 	bookshelf	
2025-07-22 11:44:33,014 - AdaPoinTr - INFO - 03593526	120	0.283 	16.594 	1.264 	0.000 	jar	
2025-07-22 11:44:33,014 - AdaPoinTr - INFO - 04554684	34	0.242 	16.804 	1.153 	0.000 	washer	
2025-07-22 11:44:33,014 - AdaPoinTr - INFO - 03467517	160	0.837 	6.244 	0.177 	0.000 	guitar	
2025-07-22 11:44:33,014 - AdaPoinTr - INFO - 04401088	218	0.445 	10.286 	0.372 	0.000 	telephone	
2025-07-22 11:44:33,014 - AdaPoinTr - INFO - 02954340	12	0.344 	13.185 	0.775 	0.000 	cap	
2025-07-22 11:44:33,014 - AdaPoinTr - INFO - 02933112	315	0.252 	14.731 	0.785 	0.000 	cabinet	
2025-07-22 11:44:33,014 - AdaPoinTr - INFO - 03642806	92	0.403 	10.555 	0.361 	0.000 	laptop	
2025-07-22 11:44:33,014 - AdaPoinTr - INFO - 02924116	188	0.381 	12.120 	0.568 	0.000 	bus	
2025-07-22 11:44:33,014 - AdaPoinTr - INFO - 02946921	22	0.274 	16.144 	1.294 	0.000 	can	
2025-07-22 11:44:33,014 - AdaPoinTr - INFO - 02818832	47	0.300 	15.812 	1.126 	0.000 	bed	
2025-07-22 11:44:33,014 - AdaPoinTr - INFO - 04256520	635	0.315 	13.669 	0.709 	0.000 	sofa	
2025-07-22 11:44:33,014 - AdaPoinTr - INFO - 04379243	1687	0.401 	12.199 	0.706 	0.000 	table	
2025-07-22 11:44:33,014 - AdaPoinTr - INFO - 02747177	69	0.204 	16.851 	1.060 	0.000 	trash bin	
2025-07-22 11:44:33,014 - AdaPoinTr - INFO - 03046257	131	0.330 	13.839 	0.773 	0.000 	clock	
2025-07-22 11:44:33,014 - AdaPoinTr - INFO - 04225987	31	0.576 	9.169 	0.340 	0.000 	skateboard	
2025-07-22 11:44:33,014 - AdaPoinTr - INFO - 03797390	43	0.206 	18.053 	1.360 	0.000 	mug	
2025-07-22 11:44:33,014 - AdaPoinTr - INFO - 03001627	1356	0.391 	13.019 	0.784 	0.000 	chair	
2025-07-22 11:44:33,014 - AdaPoinTr - INFO - 03691459	320	0.268 	16.354 	1.174 	0.000 	loudspeaker	
2025-07-22 11:44:33,014 - AdaPoinTr - INFO - 02942699	23	0.252 	21.353 	2.764 	0.000 	camera	
2025-07-22 11:44:33,014 - AdaPoinTr - INFO - 03636649	464	0.571 	12.191 	1.125 	0.000 	lamp	
2025-07-22 11:44:33,014 - AdaPoinTr - INFO - 02691156	809	0.605 	9.015 	0.386 	0.000 	airplane	
2025-07-22 11:44:33,015 - AdaPoinTr - INFO - 02773838	17	0.371 	12.951 	0.732 	0.000 	bag	
2025-07-22 11:44:33,015 - AdaPoinTr - INFO - 02958343	703	0.232 	15.581 	0.873 	0.000 	car	
2025-07-22 11:44:33,015 - AdaPoinTr - INFO - 02880940	38	0.254 	14.628 	0.742 	0.000 	bowl	
2025-07-22 11:44:33,015 - AdaPoinTr - INFO - 04099429	17	0.754 	7.690 	0.326 	0.000 	rocket	
2025-07-22 11:44:33,015 - AdaPoinTr - INFO - 02828884	363	0.463 	10.633 	0.515 	0.000 	bench	
2025-07-22 11:44:33,015 - AdaPoinTr - INFO - 04090263	475	0.713 	8.118 	0.360 	0.000 	rifle	
2025-07-22 11:44:33,015 - AdaPoinTr - INFO - 03211117	219	0.371 	12.734 	0.718 	0.000 	display	
2025-07-22 11:44:33,015 - AdaPoinTr - INFO - 02876657	100	0.462 	11.098 	0.553 	0.000 	bottle	
2025-07-22 11:44:33,015 - AdaPoinTr - INFO - 03710193	19	0.570 	11.228 	0.795 	0.000 	mailbox	
2025-07-22 11:44:33,015 - AdaPoinTr - INFO - 03790512	68	0.267 	15.783 	0.998 	0.000 	motorbike	
2025-07-22 11:44:33,015 - AdaPoinTr - INFO - 03325088	149	0.493 	13.866 	1.460 	0.000 	faucet	
2025-07-22 11:44:33,015 - AdaPoinTr - INFO - 02801938	23	0.240 	16.306 	1.224 	0.000 	basket	
2025-07-22 11:44:33,015 - AdaPoinTr - INFO - 03337140	60	0.254 	15.772 	1.035 	0.000 	file cabinet	
2025-07-22 11:44:33,015 - AdaPoinTr - INFO - 02843684	15	0.249 	19.209 	1.890 	0.000 	birdhouse	
2025-07-22 11:44:33,015 - AdaPoinTr - INFO - 03624134	85	0.803 	6.822 	0.263 	0.000 	knife	
2025-07-22 11:44:33,015 - AdaPoinTr - INFO - 03991062	121	0.253 	18.107 	1.493 	0.000 	flowerpot	
2025-07-22 11:44:33,015 - AdaPoinTr - INFO - 03948459	62	0.490 	11.369 	0.631 	0.000 	pistol	
2025-07-22 11:44:33,015 - AdaPoinTr - INFO - 03928116	48	0.308 	14.889 	1.026 	0.000 	piano	
2025-07-22 11:44:33,015 - AdaPoinTr - INFO - 03207941	19	0.253 	14.487 	0.749 	0.000 	dishwasher	
2025-07-22 11:44:33,015 - AdaPoinTr - INFO - 04074963	14	0.491 	10.066 	0.381 	0.000 	remote	
2025-07-22 11:44:33,015 - AdaPoinTr - INFO - 03085013	13	0.471 	9.492 	0.318 	0.000 	keyboard	
2025-07-22 11:44:33,015 - AdaPoinTr - INFO - Overall		0.388 	13.463 	0.867 	0.000 	
2025-07-22 11:44:33,603 - AdaPoinTr - INFO - Save checkpoint at ./experiments/AdaPoinTr/ShapeNet55_models/AdaPoinTr/ckpt-last.pth
2025-07-22 11:44:34,410 - AdaPoinTr - INFO - [Epoch 171/200][Batch 1/2622] BatchTime = 0.806 (s) DataTime = 0.091 (s) Losses = ['5.3301', '41.4283'] lr = 0.0000024
2025-07-22 11:45:46,211 - AdaPoinTr - INFO - [Epoch 171/200][Batch 101/2622] BatchTime = 0.714 (s) DataTime = 0.001 (s) Losses = ['4.7287', '33.3974'] lr = 0.0000024
2025-07-22 11:46:57,981 - AdaPoinTr - INFO - [Epoch 171/200][Batch 201/2622] BatchTime = 0.710 (s) DataTime = 0.001 (s) Losses = ['5.0192', '39.0394'] lr = 0.0000024
2025-07-22 11:48:09,824 - AdaPoinTr - INFO - [Epoch 171/200][Batch 301/2622] BatchTime = 0.710 (s) DataTime = 0.001 (s) Losses = ['5.3203', '44.5812'] lr = 0.0000024
2025-07-22 11:49:21,665 - AdaPoinTr - INFO - [Epoch 171/200][Batch 401/2622] BatchTime = 0.709 (s) DataTime = 0.001 (s) Losses = ['4.8604', '37.2565'] lr = 0.0000024
2025-07-22 11:50:33,488 - AdaPoinTr - INFO - [Epoch 171/200][Batch 501/2622] BatchTime = 0.704 (s) DataTime = 0.001 (s) Losses = ['4.7512', '35.7057'] lr = 0.0000024
2025-07-22 11:51:45,267 - AdaPoinTr - INFO - [Epoch 171/200][Batch 601/2622] BatchTime = 0.710 (s) DataTime = 0.001 (s) Losses = ['4.8293', '34.6102'] lr = 0.0000024
2025-07-22 11:52:57,035 - AdaPoinTr - INFO - [Epoch 171/200][Batch 701/2622] BatchTime = 0.719 (s) DataTime = 0.001 (s) Losses = ['4.8488', '35.1562'] lr = 0.0000024
2025-07-22 11:54:08,840 - AdaPoinTr - INFO - [Epoch 171/200][Batch 801/2622] BatchTime = 0.715 (s) DataTime = 0.001 (s) Losses = ['5.6512', '40.7049'] lr = 0.0000024
2025-07-22 11:55:20,635 - AdaPoinTr - INFO - [Epoch 171/200][Batch 901/2622] BatchTime = 0.713 (s) DataTime = 0.001 (s) Losses = ['5.0930', '38.7385'] lr = 0.0000024
2025-07-22 11:56:32,368 - AdaPoinTr - INFO - [Epoch 171/200][Batch 1001/2622] BatchTime = 0.716 (s) DataTime = 0.001 (s) Losses = ['5.4175', '40.5150'] lr = 0.0000024
2025-07-22 11:57:44,130 - AdaPoinTr - INFO - [Epoch 171/200][Batch 1101/2622] BatchTime = 0.710 (s) DataTime = 0.001 (s) Losses = ['5.2958', '41.7066'] lr = 0.0000024
2025-07-22 11:58:55,909 - AdaPoinTr - INFO - [Epoch 171/200][Batch 1201/2622] BatchTime = 0.709 (s) DataTime = 0.001 (s) Losses = ['5.3690', '40.4310'] lr = 0.0000024
2025-07-22 12:00:07,755 - AdaPoinTr - INFO - [Epoch 171/200][Batch 1301/2622] BatchTime = 0.707 (s) DataTime = 0.001 (s) Losses = ['5.0526', '38.3175'] lr = 0.0000024
2025-07-22 12:01:19,563 - AdaPoinTr - INFO - [Epoch 171/200][Batch 1401/2622] BatchTime = 0.706 (s) DataTime = 0.001 (s) Losses = ['4.8826', '38.0851'] lr = 0.0000024
2025-07-22 12:02:31,361 - AdaPoinTr - INFO - [Epoch 171/200][Batch 1501/2622] BatchTime = 0.711 (s) DataTime = 0.001 (s) Losses = ['5.0692', '38.3897'] lr = 0.0000024
2025-07-22 12:03:43,155 - AdaPoinTr - INFO - [Epoch 171/200][Batch 1601/2622] BatchTime = 0.710 (s) DataTime = 0.001 (s) Losses = ['5.4057', '42.6425'] lr = 0.0000024
2025-07-22 12:04:54,970 - AdaPoinTr - INFO - [Epoch 171/200][Batch 1701/2622] BatchTime = 0.714 (s) DataTime = 0.001 (s) Losses = ['4.8285', '34.3800'] lr = 0.0000024
2025-07-22 12:06:06,744 - AdaPoinTr - INFO - [Epoch 171/200][Batch 1801/2622] BatchTime = 0.717 (s) DataTime = 0.001 (s) Losses = ['5.9679', '45.0227'] lr = 0.0000024
2025-07-22 12:07:18,574 - AdaPoinTr - INFO - [Epoch 171/200][Batch 1901/2622] BatchTime = 0.716 (s) DataTime = 0.001 (s) Losses = ['5.3788', '36.3100'] lr = 0.0000024
2025-07-22 12:08:30,398 - AdaPoinTr - INFO - [Epoch 171/200][Batch 2001/2622] BatchTime = 0.716 (s) DataTime = 0.001 (s) Losses = ['4.7035', '39.1385'] lr = 0.0000024
2025-07-22 12:09:42,221 - AdaPoinTr - INFO - [Epoch 171/200][Batch 2101/2622] BatchTime = 0.718 (s) DataTime = 0.001 (s) Losses = ['5.2125', '36.7870'] lr = 0.0000024
2025-07-22 12:10:54,002 - AdaPoinTr - INFO - [Epoch 171/200][Batch 2201/2622] BatchTime = 0.707 (s) DataTime = 0.001 (s) Losses = ['5.2678', '38.8272'] lr = 0.0000024
2025-07-22 12:12:05,802 - AdaPoinTr - INFO - [Epoch 171/200][Batch 2301/2622] BatchTime = 0.711 (s) DataTime = 0.001 (s) Losses = ['5.6035', '39.9137'] lr = 0.0000024
2025-07-22 12:13:17,582 - AdaPoinTr - INFO - [Epoch 171/200][Batch 2401/2622] BatchTime = 0.707 (s) DataTime = 0.001 (s) Losses = ['5.5850', '39.5672'] lr = 0.0000024
2025-07-22 12:14:29,351 - AdaPoinTr - INFO - [Epoch 171/200][Batch 2501/2622] BatchTime = 0.709 (s) DataTime = 0.001 (s) Losses = ['5.6418', '42.0019'] lr = 0.0000024
2025-07-22 12:15:41,151 - AdaPoinTr - INFO - [Epoch 171/200][Batch 2601/2622] BatchTime = 0.707 (s) DataTime = 0.001 (s) Losses = ['5.3909', '39.1411'] lr = 0.0000024
2025-07-22 12:15:56,266 - AdaPoinTr - INFO - [Training] EPOCH: 171 EpochTime = 1882.662 (s) Losses = ['5.1379', '38.8664']
2025-07-22 12:15:56,728 - AdaPoinTr - INFO - Save checkpoint at ./experiments/AdaPoinTr/ShapeNet55_models/AdaPoinTr/ckpt-last.pth
2025-07-22 12:15:57,532 - AdaPoinTr - INFO - [Epoch 172/200][Batch 1/2622] BatchTime = 0.802 (s) DataTime = 0.091 (s) Losses = ['5.9006', '41.9045'] lr = 0.0000024
2025-07-22 12:17:09,331 - AdaPoinTr - INFO - [Epoch 172/200][Batch 101/2622] BatchTime = 0.716 (s) DataTime = 0.001 (s) Losses = ['5.1283', '37.0668'] lr = 0.0000024
2025-07-22 12:18:21,107 - AdaPoinTr - INFO - [Epoch 172/200][Batch 201/2622] BatchTime = 0.717 (s) DataTime = 0.001 (s) Losses = ['5.4428', '41.6726'] lr = 0.0000024
2025-07-22 12:19:32,937 - AdaPoinTr - INFO - [Epoch 172/200][Batch 301/2622] BatchTime = 0.718 (s) DataTime = 0.001 (s) Losses = ['4.7831', '37.5753'] lr = 0.0000024
2025-07-22 12:20:44,744 - AdaPoinTr - INFO - [Epoch 172/200][Batch 401/2622] BatchTime = 0.717 (s) DataTime = 0.001 (s) Losses = ['5.4365', '41.0945'] lr = 0.0000024
2025-07-22 12:21:56,498 - AdaPoinTr - INFO - [Epoch 172/200][Batch 501/2622] BatchTime = 0.712 (s) DataTime = 0.001 (s) Losses = ['5.2450', '38.1092'] lr = 0.0000024
2025-07-22 12:23:08,279 - AdaPoinTr - INFO - [Epoch 172/200][Batch 601/2622] BatchTime = 0.709 (s) DataTime = 0.001 (s) Losses = ['4.5778', '33.4760'] lr = 0.0000024
2025-07-22 12:24:20,088 - AdaPoinTr - INFO - [Epoch 172/200][Batch 701/2622] BatchTime = 0.710 (s) DataTime = 0.001 (s) Losses = ['4.8261', '40.5773'] lr = 0.0000024
2025-07-22 12:25:31,870 - AdaPoinTr - INFO - [Epoch 172/200][Batch 801/2622] BatchTime = 0.705 (s) DataTime = 0.001 (s) Losses = ['5.2413', '39.8614'] lr = 0.0000024
2025-07-22 12:26:43,677 - AdaPoinTr - INFO - [Epoch 172/200][Batch 901/2622] BatchTime = 0.716 (s) DataTime = 0.001 (s) Losses = ['4.9959', '40.0338'] lr = 0.0000024
2025-07-22 12:27:55,499 - AdaPoinTr - INFO - [Epoch 172/200][Batch 1001/2622] BatchTime = 0.711 (s) DataTime = 0.001 (s) Losses = ['4.6590', '34.2278'] lr = 0.0000024
2025-07-22 12:29:07,300 - AdaPoinTr - INFO - [Epoch 172/200][Batch 1101/2622] BatchTime = 0.713 (s) DataTime = 0.001 (s) Losses = ['4.9796', '36.7494'] lr = 0.0000024
2025-07-22 12:30:18,748 - AdaPoinTr - INFO - [Epoch 172/200][Batch 1201/2622] BatchTime = 0.716 (s) DataTime = 0.001 (s) Losses = ['5.1695', '41.8277'] lr = 0.0000024
2025-07-22 12:31:30,561 - AdaPoinTr - INFO - [Epoch 172/200][Batch 1301/2622] BatchTime = 0.712 (s) DataTime = 0.001 (s) Losses = ['5.0647', '40.8306'] lr = 0.0000024
2025-07-22 12:32:42,397 - AdaPoinTr - INFO - [Epoch 172/200][Batch 1401/2622] BatchTime = 0.712 (s) DataTime = 0.001 (s) Losses = ['4.9948', '39.3066'] lr = 0.0000024
2025-07-22 12:33:54,199 - AdaPoinTr - INFO - [Epoch 172/200][Batch 1501/2622] BatchTime = 0.706 (s) DataTime = 0.001 (s) Losses = ['4.8330', '37.9473'] lr = 0.0000024
2025-07-22 12:35:05,982 - AdaPoinTr - INFO - [Epoch 172/200][Batch 1601/2622] BatchTime = 0.708 (s) DataTime = 0.001 (s) Losses = ['4.8329', '35.3862'] lr = 0.0000024
2025-07-22 12:36:17,852 - AdaPoinTr - INFO - [Epoch 172/200][Batch 1701/2622] BatchTime = 0.708 (s) DataTime = 0.001 (s) Losses = ['4.8637', '37.0865'] lr = 0.0000024
2025-07-22 12:37:29,684 - AdaPoinTr - INFO - [Epoch 172/200][Batch 1801/2622] BatchTime = 0.717 (s) DataTime = 0.001 (s) Losses = ['5.0781', '38.2911'] lr = 0.0000024
2025-07-22 12:38:41,505 - AdaPoinTr - INFO - [Epoch 172/200][Batch 1901/2622] BatchTime = 0.715 (s) DataTime = 0.001 (s) Losses = ['5.8625', '42.6764'] lr = 0.0000024
2025-07-22 12:39:53,354 - AdaPoinTr - INFO - [Epoch 172/200][Batch 2001/2622] BatchTime = 0.715 (s) DataTime = 0.001 (s) Losses = ['5.6700', '39.9315'] lr = 0.0000024
2025-07-22 12:41:05,178 - AdaPoinTr - INFO - [Epoch 172/200][Batch 2101/2622] BatchTime = 0.710 (s) DataTime = 0.001 (s) Losses = ['4.6925', '36.9138'] lr = 0.0000024
2025-07-22 12:42:16,992 - AdaPoinTr - INFO - [Epoch 172/200][Batch 2201/2622] BatchTime = 0.719 (s) DataTime = 0.001 (s) Losses = ['4.8599', '36.1631'] lr = 0.0000024
2025-07-22 12:43:28,752 - AdaPoinTr - INFO - [Epoch 172/200][Batch 2301/2622] BatchTime = 0.715 (s) DataTime = 0.001 (s) Losses = ['5.0622', '38.4478'] lr = 0.0000024
2025-07-22 12:44:40,541 - AdaPoinTr - INFO - [Epoch 172/200][Batch 2401/2622] BatchTime = 0.710 (s) DataTime = 0.001 (s) Losses = ['5.6632', '42.7305'] lr = 0.0000024
2025-07-22 12:45:52,379 - AdaPoinTr - INFO - [Epoch 172/200][Batch 2501/2622] BatchTime = 0.708 (s) DataTime = 0.001 (s) Losses = ['5.5663', '41.1348'] lr = 0.0000024
2025-07-22 12:47:04,188 - AdaPoinTr - INFO - [Epoch 172/200][Batch 2601/2622] BatchTime = 0.709 (s) DataTime = 0.001 (s) Losses = ['5.8681', '43.2567'] lr = 0.0000024
2025-07-22 12:47:19,301 - AdaPoinTr - INFO - [Training] EPOCH: 172 EpochTime = 1882.572 (s) Losses = ['5.1410', '38.9061']
2025-07-22 12:47:19,759 - AdaPoinTr - INFO - Save checkpoint at ./experiments/AdaPoinTr/ShapeNet55_models/AdaPoinTr/ckpt-last.pth
2025-07-22 12:47:20,562 - AdaPoinTr - INFO - [Epoch 173/200][Batch 1/2622] BatchTime = 0.802 (s) DataTime = 0.090 (s) Losses = ['5.1153', '40.3768'] lr = 0.0000023
2025-07-22 12:48:32,392 - AdaPoinTr - INFO - [Epoch 173/200][Batch 101/2622] BatchTime = 0.714 (s) DataTime = 0.001 (s) Losses = ['5.3978', '43.5756'] lr = 0.0000023
2025-07-22 12:49:44,220 - AdaPoinTr - INFO - [Epoch 173/200][Batch 201/2622] BatchTime = 0.705 (s) DataTime = 0.001 (s) Losses = ['4.9977', '35.6843'] lr = 0.0000023
2025-07-22 12:50:55,998 - AdaPoinTr - INFO - [Epoch 173/200][Batch 301/2622] BatchTime = 0.712 (s) DataTime = 0.001 (s) Losses = ['4.8620', '40.7897'] lr = 0.0000023
2025-07-22 12:52:07,803 - AdaPoinTr - INFO - [Epoch 173/200][Batch 401/2622] BatchTime = 0.717 (s) DataTime = 0.001 (s) Losses = ['5.4415', '39.3527'] lr = 0.0000023
2025-07-22 12:53:19,564 - AdaPoinTr - INFO - [Epoch 173/200][Batch 501/2622] BatchTime = 0.715 (s) DataTime = 0.001 (s) Losses = ['4.2011', '32.2271'] lr = 0.0000023
2025-07-22 12:54:31,359 - AdaPoinTr - INFO - [Epoch 173/200][Batch 601/2622] BatchTime = 0.717 (s) DataTime = 0.001 (s) Losses = ['5.3916', '39.9673'] lr = 0.0000023
2025-07-22 12:55:43,144 - AdaPoinTr - INFO - [Epoch 173/200][Batch 701/2622] BatchTime = 0.712 (s) DataTime = 0.001 (s) Losses = ['4.6824', '34.8559'] lr = 0.0000023
2025-07-22 12:56:54,944 - AdaPoinTr - INFO - [Epoch 173/200][Batch 801/2622] BatchTime = 0.706 (s) DataTime = 0.001 (s) Losses = ['4.8700', '37.6757'] lr = 0.0000023
2025-07-22 12:58:06,730 - AdaPoinTr - INFO - [Epoch 173/200][Batch 901/2622] BatchTime = 0.707 (s) DataTime = 0.001 (s) Losses = ['5.0142', '37.4060'] lr = 0.0000023
2025-07-22 12:59:18,539 - AdaPoinTr - INFO - [Epoch 173/200][Batch 1001/2622] BatchTime = 0.711 (s) DataTime = 0.001 (s) Losses = ['5.1945', '38.0834'] lr = 0.0000023
2025-07-22 13:00:30,364 - AdaPoinTr - INFO - [Epoch 173/200][Batch 1101/2622] BatchTime = 0.717 (s) DataTime = 0.001 (s) Losses = ['4.9928', '36.2750'] lr = 0.0000023
2025-07-22 13:01:42,185 - AdaPoinTr - INFO - [Epoch 173/200][Batch 1201/2622] BatchTime = 0.717 (s) DataTime = 0.001 (s) Losses = ['5.2035', '37.1122'] lr = 0.0000023
2025-07-22 13:02:53,943 - AdaPoinTr - INFO - [Epoch 173/200][Batch 1301/2622] BatchTime = 0.719 (s) DataTime = 0.001 (s) Losses = ['5.6341', '40.1460'] lr = 0.0000023
2025-07-22 13:04:05,749 - AdaPoinTr - INFO - [Epoch 173/200][Batch 1401/2622] BatchTime = 0.717 (s) DataTime = 0.001 (s) Losses = ['5.6745', '41.0318'] lr = 0.0000023
2025-07-22 13:05:17,575 - AdaPoinTr - INFO - [Epoch 173/200][Batch 1501/2622] BatchTime = 0.718 (s) DataTime = 0.001 (s) Losses = ['5.6236', '44.8223'] lr = 0.0000023
2025-07-22 13:06:29,352 - AdaPoinTr - INFO - [Epoch 173/200][Batch 1601/2622] BatchTime = 0.709 (s) DataTime = 0.001 (s) Losses = ['5.5844', '42.5685'] lr = 0.0000023
2025-07-22 13:07:41,154 - AdaPoinTr - INFO - [Epoch 173/200][Batch 1701/2622] BatchTime = 0.702 (s) DataTime = 0.001 (s) Losses = ['4.6979', '35.2597'] lr = 0.0000023
2025-07-22 13:08:52,927 - AdaPoinTr - INFO - [Epoch 173/200][Batch 1801/2622] BatchTime = 0.714 (s) DataTime = 0.001 (s) Losses = ['6.0850', '45.6066'] lr = 0.0000023
2025-07-22 13:10:04,764 - AdaPoinTr - INFO - [Epoch 173/200][Batch 1901/2622] BatchTime = 0.718 (s) DataTime = 0.001 (s) Losses = ['4.2820', '35.3458'] lr = 0.0000023
2025-07-22 13:11:16,565 - AdaPoinTr - INFO - [Epoch 173/200][Batch 2001/2622] BatchTime = 0.715 (s) DataTime = 0.001 (s) Losses = ['4.7993', '33.3852'] lr = 0.0000023
2025-07-22 13:12:28,373 - AdaPoinTr - INFO - [Epoch 173/200][Batch 2101/2622] BatchTime = 0.719 (s) DataTime = 0.001 (s) Losses = ['4.3799', '33.3471'] lr = 0.0000023
2025-07-22 13:13:40,196 - AdaPoinTr - INFO - [Epoch 173/200][Batch 2201/2622] BatchTime = 0.714 (s) DataTime = 0.001 (s) Losses = ['5.1604', '37.2268'] lr = 0.0000023
2025-07-22 13:14:51,982 - AdaPoinTr - INFO - [Epoch 173/200][Batch 2301/2622] BatchTime = 0.717 (s) DataTime = 0.001 (s) Losses = ['5.3791', '39.7950'] lr = 0.0000023
2025-07-22 13:16:03,798 - AdaPoinTr - INFO - [Epoch 173/200][Batch 2401/2622] BatchTime = 0.711 (s) DataTime = 0.001 (s) Losses = ['5.4353', '41.2381'] lr = 0.0000023
2025-07-22 13:17:15,615 - AdaPoinTr - INFO - [Epoch 173/200][Batch 2501/2622] BatchTime = 0.711 (s) DataTime = 0.001 (s) Losses = ['4.9029', '36.3140'] lr = 0.0000023
2025-07-22 13:18:27,411 - AdaPoinTr - INFO - [Epoch 173/200][Batch 2601/2622] BatchTime = 0.704 (s) DataTime = 0.001 (s) Losses = ['5.2253', '40.9831'] lr = 0.0000023
2025-07-22 13:18:42,542 - AdaPoinTr - INFO - [Training] EPOCH: 173 EpochTime = 1882.782 (s) Losses = ['5.1380', '38.8907']
2025-07-22 13:18:42,999 - AdaPoinTr - INFO - Save checkpoint at ./experiments/AdaPoinTr/ShapeNet55_models/AdaPoinTr/ckpt-last.pth
2025-07-22 13:18:43,799 - AdaPoinTr - INFO - [Epoch 174/200][Batch 1/2622] BatchTime = 0.799 (s) DataTime = 0.090 (s) Losses = ['4.5381', '36.5535'] lr = 0.0000023
2025-07-22 13:19:55,278 - AdaPoinTr - INFO - [Epoch 174/200][Batch 101/2622] BatchTime = 0.720 (s) DataTime = 0.001 (s) Losses = ['5.3089', '41.0478'] lr = 0.0000023
2025-07-22 13:21:07,076 - AdaPoinTr - INFO - [Epoch 174/200][Batch 201/2622] BatchTime = 0.716 (s) DataTime = 0.001 (s) Losses = ['5.2342', '40.1504'] lr = 0.0000023
2025-07-22 13:22:18,878 - AdaPoinTr - INFO - [Epoch 174/200][Batch 301/2622] BatchTime = 0.715 (s) DataTime = 0.001 (s) Losses = ['6.2302', '48.4365'] lr = 0.0000023
2025-07-22 13:23:30,673 - AdaPoinTr - INFO - [Epoch 174/200][Batch 401/2622] BatchTime = 0.712 (s) DataTime = 0.001 (s) Losses = ['5.0816', '40.0603'] lr = 0.0000023
2025-07-22 13:24:42,449 - AdaPoinTr - INFO - [Epoch 174/200][Batch 501/2622] BatchTime = 0.711 (s) DataTime = 0.001 (s) Losses = ['4.7348', '38.1967'] lr = 0.0000023
2025-07-22 13:25:54,249 - AdaPoinTr - INFO - [Epoch 174/200][Batch 601/2622] BatchTime = 0.706 (s) DataTime = 0.001 (s) Losses = ['5.4191', '42.1796'] lr = 0.0000023
2025-07-22 13:27:06,036 - AdaPoinTr - INFO - [Epoch 174/200][Batch 701/2622] BatchTime = 0.706 (s) DataTime = 0.001 (s) Losses = ['4.4168', '33.5015'] lr = 0.0000023
2025-07-22 13:28:17,871 - AdaPoinTr - INFO - [Epoch 174/200][Batch 801/2622] BatchTime = 0.717 (s) DataTime = 0.001 (s) Losses = ['4.6808', '34.6875'] lr = 0.0000023
2025-07-22 13:29:29,686 - AdaPoinTr - INFO - [Epoch 174/200][Batch 901/2622] BatchTime = 0.714 (s) DataTime = 0.001 (s) Losses = ['5.2604', '38.8189'] lr = 0.0000023
2025-07-22 13:30:41,466 - AdaPoinTr - INFO - [Epoch 174/200][Batch 1001/2622] BatchTime = 0.717 (s) DataTime = 0.001 (s) Losses = ['5.6280', '37.0621'] lr = 0.0000023
2025-07-22 13:31:53,307 - AdaPoinTr - INFO - [Epoch 174/200][Batch 1101/2622] BatchTime = 0.717 (s) DataTime = 0.001 (s) Losses = ['5.3542', '40.4348'] lr = 0.0000023
2025-07-22 13:33:05,093 - AdaPoinTr - INFO - [Epoch 174/200][Batch 1201/2622] BatchTime = 0.712 (s) DataTime = 0.001 (s) Losses = ['5.1955', '38.9460'] lr = 0.0000023
2025-07-22 13:34:16,861 - AdaPoinTr - INFO - [Epoch 174/200][Batch 1301/2622] BatchTime = 0.710 (s) DataTime = 0.001 (s) Losses = ['5.1052', '39.1016'] lr = 0.0000023
2025-07-22 13:35:28,651 - AdaPoinTr - INFO - [Epoch 174/200][Batch 1401/2622] BatchTime = 0.705 (s) DataTime = 0.001 (s) Losses = ['4.7843', '37.8803'] lr = 0.0000023
2025-07-22 13:36:40,483 - AdaPoinTr - INFO - [Epoch 174/200][Batch 1501/2622] BatchTime = 0.709 (s) DataTime = 0.001 (s) Losses = ['5.1073', '37.8770'] lr = 0.0000023
2025-07-22 13:37:52,301 - AdaPoinTr - INFO - [Epoch 174/200][Batch 1601/2622] BatchTime = 0.714 (s) DataTime = 0.001 (s) Losses = ['5.8371', '41.4299'] lr = 0.0000023
2025-07-22 13:39:04,087 - AdaPoinTr - INFO - [Epoch 174/200][Batch 1701/2622] BatchTime = 0.715 (s) DataTime = 0.001 (s) Losses = ['4.6841', '35.2281'] lr = 0.0000023
2025-07-22 13:40:15,856 - AdaPoinTr - INFO - [Epoch 174/200][Batch 1801/2622] BatchTime = 0.709 (s) DataTime = 0.001 (s) Losses = ['5.5415', '39.3645'] lr = 0.0000023
2025-07-22 13:41:27,701 - AdaPoinTr - INFO - [Epoch 174/200][Batch 1901/2622] BatchTime = 0.710 (s) DataTime = 0.001 (s) Losses = ['5.5222', '39.6198'] lr = 0.0000023
2025-07-22 13:42:39,485 - AdaPoinTr - INFO - [Epoch 174/200][Batch 2001/2622] BatchTime = 0.708 (s) DataTime = 0.001 (s) Losses = ['4.9647', '37.2830'] lr = 0.0000023
2025-07-22 13:43:51,293 - AdaPoinTr - INFO - [Epoch 174/200][Batch 2101/2622] BatchTime = 0.708 (s) DataTime = 0.001 (s) Losses = ['5.4524', '44.2016'] lr = 0.0000023
2025-07-22 13:45:03,103 - AdaPoinTr - INFO - [Epoch 174/200][Batch 2201/2622] BatchTime = 0.711 (s) DataTime = 0.001 (s) Losses = ['4.9453', '38.5646'] lr = 0.0000023
2025-07-22 13:46:14,923 - AdaPoinTr - INFO - [Epoch 174/200][Batch 2301/2622] BatchTime = 0.717 (s) DataTime = 0.001 (s) Losses = ['4.5201', '33.1195'] lr = 0.0000023
2025-07-22 13:47:26,746 - AdaPoinTr - INFO - [Epoch 174/200][Batch 2401/2622] BatchTime = 0.722 (s) DataTime = 0.001 (s) Losses = ['5.3782', '38.5484'] lr = 0.0000023
2025-07-22 13:48:38,568 - AdaPoinTr - INFO - [Epoch 174/200][Batch 2501/2622] BatchTime = 0.716 (s) DataTime = 0.001 (s) Losses = ['4.6305', '36.7423'] lr = 0.0000023
2025-07-22 13:49:50,348 - AdaPoinTr - INFO - [Epoch 174/200][Batch 2601/2622] BatchTime = 0.716 (s) DataTime = 0.001 (s) Losses = ['5.1956', '37.0520'] lr = 0.0000023
2025-07-22 13:50:05,473 - AdaPoinTr - INFO - [Training] EPOCH: 174 EpochTime = 1882.474 (s) Losses = ['5.1371', '38.8705']
2025-07-22 13:50:05,937 - AdaPoinTr - INFO - Save checkpoint at ./experiments/AdaPoinTr/ShapeNet55_models/AdaPoinTr/ckpt-last.pth
2025-07-22 13:50:06,743 - AdaPoinTr - INFO - [Epoch 175/200][Batch 1/2622] BatchTime = 0.805 (s) DataTime = 0.093 (s) Losses = ['5.5472', '40.5150'] lr = 0.0000022
2025-07-22 13:51:18,529 - AdaPoinTr - INFO - [Epoch 175/200][Batch 101/2622] BatchTime = 0.711 (s) DataTime = 0.001 (s) Losses = ['5.7435', '40.9397'] lr = 0.0000022
2025-07-22 13:52:30,322 - AdaPoinTr - INFO - [Epoch 175/200][Batch 201/2622] BatchTime = 0.705 (s) DataTime = 0.001 (s) Losses = ['5.3220', '43.3760'] lr = 0.0000022
2025-07-22 13:53:42,169 - AdaPoinTr - INFO - [Epoch 175/200][Batch 301/2622] BatchTime = 0.708 (s) DataTime = 0.001 (s) Losses = ['4.8805', '38.3563'] lr = 0.0000022
2025-07-22 13:54:53,995 - AdaPoinTr - INFO - [Epoch 175/200][Batch 401/2622] BatchTime = 0.707 (s) DataTime = 0.001 (s) Losses = ['5.7521', '41.0337'] lr = 0.0000022
2025-07-22 13:56:05,784 - AdaPoinTr - INFO - [Epoch 175/200][Batch 501/2622] BatchTime = 0.717 (s) DataTime = 0.001 (s) Losses = ['5.0111', '38.5776'] lr = 0.0000022
2025-07-22 13:57:17,577 - AdaPoinTr - INFO - [Epoch 175/200][Batch 601/2622] BatchTime = 0.715 (s) DataTime = 0.001 (s) Losses = ['4.6505', '35.2205'] lr = 0.0000022
2025-07-22 13:58:29,385 - AdaPoinTr - INFO - [Epoch 175/200][Batch 701/2622] BatchTime = 0.717 (s) DataTime = 0.001 (s) Losses = ['5.4491', '42.6582'] lr = 0.0000022
2025-07-22 13:59:41,180 - AdaPoinTr - INFO - [Epoch 175/200][Batch 801/2622] BatchTime = 0.709 (s) DataTime = 0.001 (s) Losses = ['4.1813', '37.9702'] lr = 0.0000022
2025-07-22 14:00:53,005 - AdaPoinTr - INFO - [Epoch 175/200][Batch 901/2622] BatchTime = 0.709 (s) DataTime = 0.001 (s) Losses = ['5.4825', '38.7588'] lr = 0.0000022
2025-07-22 14:02:04,820 - AdaPoinTr - INFO - [Epoch 175/200][Batch 1001/2622] BatchTime = 0.707 (s) DataTime = 0.001 (s) Losses = ['5.1340', '39.6626'] lr = 0.0000022
2025-07-22 14:03:16,643 - AdaPoinTr - INFO - [Epoch 175/200][Batch 1101/2622] BatchTime = 0.705 (s) DataTime = 0.001 (s) Losses = ['5.5563', '39.7344'] lr = 0.0000022
2025-07-22 14:04:28,473 - AdaPoinTr - INFO - [Epoch 175/200][Batch 1201/2622] BatchTime = 0.704 (s) DataTime = 0.001 (s) Losses = ['5.8786', '44.6893'] lr = 0.0000022
2025-07-22 14:05:40,258 - AdaPoinTr - INFO - [Epoch 175/200][Batch 1301/2622] BatchTime = 0.717 (s) DataTime = 0.001 (s) Losses = ['4.2493', '33.3438'] lr = 0.0000022
2025-07-22 14:06:52,082 - AdaPoinTr - INFO - [Epoch 175/200][Batch 1401/2622] BatchTime = 0.719 (s) DataTime = 0.001 (s) Losses = ['5.7501', '41.6919'] lr = 0.0000022
2025-07-22 14:08:03,888 - AdaPoinTr - INFO - [Epoch 175/200][Batch 1501/2622] BatchTime = 0.719 (s) DataTime = 0.001 (s) Losses = ['4.9312', '37.5689'] lr = 0.0000022
2025-07-22 14:09:13,131 - AdaPoinTr - INFO - [Epoch 175/200][Batch 1601/2622] BatchTime = 0.511 (s) DataTime = 0.001 (s) Losses = ['5.9054', '41.8634'] lr = 0.0000022
2025-07-22 14:10:04,693 - AdaPoinTr - INFO - [Epoch 175/200][Batch 1701/2622] BatchTime = 0.510 (s) DataTime = 0.001 (s) Losses = ['4.7020', '35.8689'] lr = 0.0000022
2025-07-22 14:10:56,286 - AdaPoinTr - INFO - [Epoch 175/200][Batch 1801/2622] BatchTime = 0.508 (s) DataTime = 0.001 (s) Losses = ['4.8605', '39.8947'] lr = 0.0000022
2025-07-22 14:11:47,864 - AdaPoinTr - INFO - [Epoch 175/200][Batch 1901/2622] BatchTime = 0.506 (s) DataTime = 0.001 (s) Losses = ['5.2498', '42.2933'] lr = 0.0000022
2025-07-22 14:12:39,421 - AdaPoinTr - INFO - [Epoch 175/200][Batch 2001/2622] BatchTime = 0.510 (s) DataTime = 0.001 (s) Losses = ['5.6831', '43.5962'] lr = 0.0000022
2025-07-22 14:13:31,012 - AdaPoinTr - INFO - [Epoch 175/200][Batch 2101/2622] BatchTime = 0.506 (s) DataTime = 0.001 (s) Losses = ['4.7027', '35.2783'] lr = 0.0000022
2025-07-22 14:14:22,545 - AdaPoinTr - INFO - [Epoch 175/200][Batch 2201/2622] BatchTime = 0.508 (s) DataTime = 0.001 (s) Losses = ['5.3204', '41.0240'] lr = 0.0000022
2025-07-22 14:15:14,102 - AdaPoinTr - INFO - [Epoch 175/200][Batch 2301/2622] BatchTime = 0.513 (s) DataTime = 0.001 (s) Losses = ['5.6259', '40.4404'] lr = 0.0000022
2025-07-22 14:16:05,664 - AdaPoinTr - INFO - [Epoch 175/200][Batch 2401/2622] BatchTime = 0.513 (s) DataTime = 0.001 (s) Losses = ['5.5184', '45.4424'] lr = 0.0000022
2025-07-22 14:16:57,196 - AdaPoinTr - INFO - [Epoch 175/200][Batch 2501/2622] BatchTime = 0.514 (s) DataTime = 0.001 (s) Losses = ['5.2881', '41.0421'] lr = 0.0000022
2025-07-22 14:17:48,776 - AdaPoinTr - INFO - [Epoch 175/200][Batch 2601/2622] BatchTime = 0.510 (s) DataTime = 0.001 (s) Losses = ['6.1233', '45.3226'] lr = 0.0000022
2025-07-22 14:17:59,643 - AdaPoinTr - INFO - [Training] EPOCH: 175 EpochTime = 1673.705 (s) Losses = ['5.1366', '38.8596']
2025-07-22 14:17:59,643 - AdaPoinTr - INFO - [VALIDATION] Start validating epoch 175
2025-07-22 14:18:42,443 - AdaPoinTr - INFO - Test[1051/10518] Taxonomy = 02691156 Sample = c7749c0a8b61f43bc9b9e28055202e3d Losses = ['25.5385', '3.7358', '12.2481', '0.8675'] Metrics = ['0.5503', '12.2481', '0.8675', '0.0000']
2025-07-22 14:19:25,129 - AdaPoinTr - INFO - Test[2102/10518] Taxonomy = 03211117 Sample = ab2f9418c111cc6ddb965514105122a4 Losses = ['24.1431', '2.0491', '9.3502', '0.4993'] Metrics = ['0.5835', '9.3502', '0.4993', '0.0000']
2025-07-22 14:20:28,387 - AdaPoinTr - INFO - Test[3153/10518] Taxonomy = 02876657 Sample = c5032e4be091aabb36fe7a88df793982 Losses = ['36.9329', '6.1833', '15.6955', '1.0775'] Metrics = ['0.3337', '15.6955', '1.0775', '0.0000']
2025-07-22 14:21:35,326 - AdaPoinTr - INFO - Test[4204/10518] Taxonomy = 03211117 Sample = 722df1da5778d45b1e43523279c7f09f Losses = ['32.1001', '4.5092', '14.1006', '1.2561'] Metrics = ['0.4386', '14.1006', '1.2561', '0.0000']
2025-07-22 14:22:42,214 - AdaPoinTr - INFO - Test[5255/10518] Taxonomy = 02828884 Sample = 14b63361a48a9fffe4a048c146e8bd43 Losses = ['31.5547', '3.8398', '12.9241', '0.7616'] Metrics = ['0.4158', '12.9241', '0.7616', '0.0000']
2025-07-22 14:23:49,145 - AdaPoinTr - INFO - Test[6306/10518] Taxonomy = 03211117 Sample = d330d50a0255529d19ed6e1a590c9122 Losses = ['24.4160', '2.2697', '9.8944', '0.3574'] Metrics = ['0.4790', '9.8944', '0.3574', '0.0000']
2025-07-22 14:24:56,233 - AdaPoinTr - INFO - Test[7357/10518] Taxonomy = 04379243 Sample = b1ca280d9567270ade98d10ab5975b59 Losses = ['31.8035', '3.8009', '13.8580', '0.6376'] Metrics = ['0.2836', '13.8580', '0.6376', '0.0000']
2025-07-22 14:26:03,242 - AdaPoinTr - INFO - Test[8408/10518] Taxonomy = 03001627 Sample = 89208a619341d9fdb8c516ed5c4ce32 Losses = ['27.2232', '2.7298', '12.7920', '0.6185'] Metrics = ['0.3367', '12.7920', '0.6185', '0.0000']
2025-07-22 14:27:10,244 - AdaPoinTr - INFO - Test[9459/10518] Taxonomy = 03001627 Sample = d0255120e3351121c3bd24f986301745 Losses = ['38.3675', '5.7901', '20.3856', '1.9114'] Metrics = ['0.2385', '20.3856', '1.9114', '0.0000']
2025-07-22 14:28:17,288 - AdaPoinTr - INFO - Test[10510/10518] Taxonomy = 03636649 Sample = ea9ec4d9db2e06202471e6dd5ac3ef92 Losses = ['17.4478', '1.2589', '5.6876', '0.1249'] Metrics = ['0.8752', '5.6876', '0.1249', '0.0000']
2025-07-22 14:28:17,828 - AdaPoinTr - INFO - [Validation] EPOCH: 175  Metrics = ['0.3870', '13.5792', '0.9049', '0.0000']
2025-07-22 14:28:17,828 - AdaPoinTr - INFO - ============================ TEST RESULTS ============================
2025-07-22 14:28:17,828 - AdaPoinTr - INFO - Taxonomy	#Sample	F-Score	CDL1	CDL2	EMDistance	#ModelName	
2025-07-22 14:28:17,828 - AdaPoinTr - INFO - 03759954	14	0.590 	15.199 	2.258 	0.000 	microphone	
2025-07-22 14:28:17,828 - AdaPoinTr - INFO - 04330267	44	0.295 	16.318 	1.618 	0.000 	stove	
2025-07-22 14:28:17,828 - AdaPoinTr - INFO - 03261776	15	0.351 	15.822 	1.836 	0.000 	earphone	
2025-07-22 14:28:17,828 - AdaPoinTr - INFO - 03513137	33	0.230 	19.875 	2.084 	0.000 	helmet	
2025-07-22 14:28:17,828 - AdaPoinTr - INFO - 04460130	27	0.454 	12.764 	0.770 	0.000 	tower	
2025-07-22 14:28:17,828 - AdaPoinTr - INFO - 04468005	78	0.410 	12.165 	0.649 	0.000 	train	
2025-07-22 14:28:17,828 - AdaPoinTr - INFO - 03761084	31	0.252 	16.162 	1.131 	0.000 	microwaves	
2025-07-22 14:28:17,828 - AdaPoinTr - INFO - 04004475	34	0.283 	16.761 	1.348 	0.000 	printer	
2025-07-22 14:28:17,828 - AdaPoinTr - INFO - 03938244	20	0.320 	13.883 	0.745 	0.000 	pillow	
2025-07-22 14:28:17,828 - AdaPoinTr - INFO - 02992529	167	0.441 	10.476 	0.387 	0.000 	cellphone	
2025-07-22 14:28:17,828 - AdaPoinTr - INFO - 02808440	172	0.308 	14.309 	0.914 	0.000 	bathtub	
2025-07-22 14:28:17,828 - AdaPoinTr - INFO - 04530566	388	0.526 	10.697 	0.562 	0.000 	watercraft	
2025-07-22 14:28:17,828 - AdaPoinTr - INFO - 02871439	91	0.266 	15.286 	0.938 	0.000 	bookshelf	
2025-07-22 14:28:17,828 - AdaPoinTr - INFO - 03593526	120	0.286 	16.070 	1.131 	0.000 	jar	
2025-07-22 14:28:17,828 - AdaPoinTr - INFO - 04554684	34	0.240 	17.667 	1.599 	0.000 	washer	
2025-07-22 14:28:17,828 - AdaPoinTr - INFO - 03467517	160	0.839 	6.320 	0.192 	0.000 	guitar	
2025-07-22 14:28:17,828 - AdaPoinTr - INFO - 04401088	218	0.446 	10.342 	0.417 	0.000 	telephone	
2025-07-22 14:28:17,828 - AdaPoinTr - INFO - 02954340	12	0.318 	14.384 	0.851 	0.000 	cap	
2025-07-22 14:28:17,829 - AdaPoinTr - INFO - 02933112	315	0.251 	14.698 	0.786 	0.000 	cabinet	
2025-07-22 14:28:17,829 - AdaPoinTr - INFO - 03642806	92	0.397 	10.875 	0.421 	0.000 	laptop	
2025-07-22 14:28:17,829 - AdaPoinTr - INFO - 02924116	188	0.382 	11.997 	0.541 	0.000 	bus	
2025-07-22 14:28:17,829 - AdaPoinTr - INFO - 02946921	22	0.272 	14.567 	0.808 	0.000 	can	
2025-07-22 14:28:17,829 - AdaPoinTr - INFO - 02818832	47	0.299 	15.681 	1.085 	0.000 	bed	
2025-07-22 14:28:17,829 - AdaPoinTr - INFO - 04256520	635	0.314 	13.641 	0.704 	0.000 	sofa	
2025-07-22 14:28:17,829 - AdaPoinTr - INFO - 04379243	1687	0.403 	12.131 	0.687 	0.000 	table	
2025-07-22 14:28:17,829 - AdaPoinTr - INFO - 02747177	69	0.201 	17.132 	1.164 	0.000 	trash bin	
2025-07-22 14:28:17,829 - AdaPoinTr - INFO - 03046257	131	0.331 	13.885 	0.825 	0.000 	clock	
2025-07-22 14:28:17,829 - AdaPoinTr - INFO - 04225987	31	0.575 	9.090 	0.337 	0.000 	skateboard	
2025-07-22 14:28:17,829 - AdaPoinTr - INFO - 03797390	43	0.209 	17.745 	1.348 	0.000 	mug	
2025-07-22 14:28:17,829 - AdaPoinTr - INFO - 03001627	1356	0.391 	12.978 	0.767 	0.000 	chair	
2025-07-22 14:28:17,829 - AdaPoinTr - INFO - 03691459	320	0.268 	16.462 	1.207 	0.000 	loudspeaker	
2025-07-22 14:28:17,829 - AdaPoinTr - INFO - 02942699	23	0.256 	18.454 	1.593 	0.000 	camera	
2025-07-22 14:28:17,829 - AdaPoinTr - INFO - 03636649	464	0.562 	12.333 	1.099 	0.000 	lamp	
2025-07-22 14:28:17,829 - AdaPoinTr - INFO - 02691156	809	0.607 	8.875 	0.341 	0.000 	airplane	
2025-07-22 14:28:17,829 - AdaPoinTr - INFO - 02773838	17	0.368 	13.598 	0.862 	0.000 	bag	
2025-07-22 14:28:17,829 - AdaPoinTr - INFO - 02958343	703	0.232 	15.606 	0.876 	0.000 	car	
2025-07-22 14:28:17,829 - AdaPoinTr - INFO - 02880940	38	0.249 	14.740 	0.746 	0.000 	bowl	
2025-07-22 14:28:17,829 - AdaPoinTr - INFO - 04099429	17	0.730 	8.508 	0.440 	0.000 	rocket	
2025-07-22 14:28:17,829 - AdaPoinTr - INFO - 02828884	363	0.462 	10.531 	0.484 	0.000 	bench	
2025-07-22 14:28:17,829 - AdaPoinTr - INFO - 04090263	475	0.713 	8.098 	0.356 	0.000 	rifle	
2025-07-22 14:28:17,829 - AdaPoinTr - INFO - 03211117	219	0.369 	12.632 	0.676 	0.000 	display	
2025-07-22 14:28:17,829 - AdaPoinTr - INFO - 02876657	100	0.459 	11.342 	0.618 	0.000 	bottle	
2025-07-22 14:28:17,829 - AdaPoinTr - INFO - 03710193	19	0.561 	11.566 	0.913 	0.000 	mailbox	
2025-07-22 14:28:17,829 - AdaPoinTr - INFO - 03790512	68	0.272 	15.762 	1.006 	0.000 	motorbike	
2025-07-22 14:28:17,829 - AdaPoinTr - INFO - 03325088	149	0.490 	13.653 	1.305 	0.000 	faucet	
2025-07-22 14:28:17,829 - AdaPoinTr - INFO - 02801938	23	0.234 	16.035 	0.957 	0.000 	basket	
2025-07-22 14:28:17,829 - AdaPoinTr - INFO - 03337140	60	0.255 	15.647 	1.034 	0.000 	file cabinet	
2025-07-22 14:28:17,829 - AdaPoinTr - INFO - 02843684	15	0.255 	17.528 	1.287 	0.000 	birdhouse	
2025-07-22 14:28:17,829 - AdaPoinTr - INFO - 03624134	85	0.808 	6.743 	0.248 	0.000 	knife	
2025-07-22 14:28:17,829 - AdaPoinTr - INFO - 03991062	121	0.250 	18.249 	1.488 	0.000 	flowerpot	
2025-07-22 14:28:17,829 - AdaPoinTr - INFO - 03948459	62	0.495 	11.169 	0.580 	0.000 	pistol	
2025-07-22 14:28:17,829 - AdaPoinTr - INFO - 03928116	48	0.304 	15.529 	1.123 	0.000 	piano	
2025-07-22 14:28:17,829 - AdaPoinTr - INFO - 03207941	19	0.257 	14.930 	0.860 	0.000 	dishwasher	
2025-07-22 14:28:17,829 - AdaPoinTr - INFO - 04074963	14	0.483 	10.256 	0.393 	0.000 	remote	
2025-07-22 14:28:17,829 - AdaPoinTr - INFO - 03085013	13	0.470 	9.690 	0.375 	0.000 	keyboard	
2025-07-22 14:28:17,829 - AdaPoinTr - INFO - Overall		0.387 	13.579 	0.905 	0.000 	
2025-07-22 14:28:18,294 - AdaPoinTr - INFO - Save checkpoint at ./experiments/AdaPoinTr/ShapeNet55_models/AdaPoinTr/ckpt-last.pth
2025-07-22 14:28:19,107 - AdaPoinTr - INFO - [Epoch 176/200][Batch 1/2622] BatchTime = 0.812 (s) DataTime = 0.093 (s) Losses = ['5.5574', '41.7393'] lr = 0.0000022
2025-07-22 14:29:30,890 - AdaPoinTr - INFO - [Epoch 176/200][Batch 101/2622] BatchTime = 0.715 (s) DataTime = 0.001 (s) Losses = ['4.9928', '38.5422'] lr = 0.0000022
2025-07-22 14:30:42,693 - AdaPoinTr - INFO - [Epoch 176/200][Batch 201/2622] BatchTime = 0.704 (s) DataTime = 0.001 (s) Losses = ['4.6177', '42.8893'] lr = 0.0000022
2025-07-22 14:31:54,489 - AdaPoinTr - INFO - [Epoch 176/200][Batch 301/2622] BatchTime = 0.706 (s) DataTime = 0.001 (s) Losses = ['4.7157', '34.8148'] lr = 0.0000022
2025-07-22 14:33:06,303 - AdaPoinTr - INFO - [Epoch 176/200][Batch 401/2622] BatchTime = 0.707 (s) DataTime = 0.001 (s) Losses = ['5.3463', '40.8254'] lr = 0.0000022
2025-07-22 14:34:18,165 - AdaPoinTr - INFO - [Epoch 176/200][Batch 501/2622] BatchTime = 0.710 (s) DataTime = 0.001 (s) Losses = ['4.9336', '39.2960'] lr = 0.0000022
2025-07-22 14:35:29,933 - AdaPoinTr - INFO - [Epoch 176/200][Batch 601/2622] BatchTime = 0.715 (s) DataTime = 0.001 (s) Losses = ['5.0167', '35.5567'] lr = 0.0000022
2025-07-22 14:36:41,749 - AdaPoinTr - INFO - [Epoch 176/200][Batch 701/2622] BatchTime = 0.710 (s) DataTime = 0.001 (s) Losses = ['5.0293', '38.2547'] lr = 0.0000022
2025-07-22 14:37:53,578 - AdaPoinTr - INFO - [Epoch 176/200][Batch 801/2622] BatchTime = 0.720 (s) DataTime = 0.001 (s) Losses = ['4.9616', '37.5572'] lr = 0.0000022
2025-07-22 14:39:05,409 - AdaPoinTr - INFO - [Epoch 176/200][Batch 901/2622] BatchTime = 0.713 (s) DataTime = 0.001 (s) Losses = ['4.5903', '36.6798'] lr = 0.0000022
2025-07-22 14:40:17,194 - AdaPoinTr - INFO - [Epoch 176/200][Batch 1001/2622] BatchTime = 0.712 (s) DataTime = 0.001 (s) Losses = ['4.6422', '35.4979'] lr = 0.0000022
2025-07-22 14:41:28,989 - AdaPoinTr - INFO - [Epoch 176/200][Batch 1101/2622] BatchTime = 0.708 (s) DataTime = 0.001 (s) Losses = ['4.9744', '38.5794'] lr = 0.0000022
2025-07-22 14:42:40,772 - AdaPoinTr - INFO - [Epoch 176/200][Batch 1201/2622] BatchTime = 0.706 (s) DataTime = 0.001 (s) Losses = ['4.6657', '37.2303'] lr = 0.0000022
2025-07-22 14:43:52,586 - AdaPoinTr - INFO - [Epoch 176/200][Batch 1301/2622] BatchTime = 0.708 (s) DataTime = 0.001 (s) Losses = ['4.7504', '37.1002'] lr = 0.0000022
2025-07-22 14:45:04,395 - AdaPoinTr - INFO - [Epoch 176/200][Batch 1401/2622] BatchTime = 0.711 (s) DataTime = 0.001 (s) Losses = ['4.8776', '35.8757'] lr = 0.0000022
2025-07-22 14:46:16,169 - AdaPoinTr - INFO - [Epoch 176/200][Batch 1501/2622] BatchTime = 0.715 (s) DataTime = 0.001 (s) Losses = ['5.8248', '44.7085'] lr = 0.0000022
2025-07-22 14:47:27,987 - AdaPoinTr - INFO - [Epoch 176/200][Batch 1601/2622] BatchTime = 0.714 (s) DataTime = 0.001 (s) Losses = ['5.4196', '38.7457'] lr = 0.0000022
2025-07-22 14:48:39,811 - AdaPoinTr - INFO - [Epoch 176/200][Batch 1701/2622] BatchTime = 0.718 (s) DataTime = 0.001 (s) Losses = ['5.3000', '36.7422'] lr = 0.0000022
2025-07-22 14:49:51,615 - AdaPoinTr - INFO - [Epoch 176/200][Batch 1801/2622] BatchTime = 0.713 (s) DataTime = 0.001 (s) Losses = ['5.5540', '46.4742'] lr = 0.0000022
2025-07-22 14:51:03,408 - AdaPoinTr - INFO - [Epoch 176/200][Batch 1901/2622] BatchTime = 0.715 (s) DataTime = 0.001 (s) Losses = ['4.7363', '40.0168'] lr = 0.0000022
2025-07-22 14:52:15,216 - AdaPoinTr - INFO - [Epoch 176/200][Batch 2001/2622] BatchTime = 0.714 (s) DataTime = 0.001 (s) Losses = ['5.5286', '40.1718'] lr = 0.0000022
2025-07-22 14:53:27,023 - AdaPoinTr - INFO - [Epoch 176/200][Batch 2101/2622] BatchTime = 0.707 (s) DataTime = 0.001 (s) Losses = ['5.4683', '42.7805'] lr = 0.0000022
2025-07-22 14:54:38,825 - AdaPoinTr - INFO - [Epoch 176/200][Batch 2201/2622] BatchTime = 0.707 (s) DataTime = 0.001 (s) Losses = ['5.1503', '38.9961'] lr = 0.0000022
2025-07-22 14:55:50,631 - AdaPoinTr - INFO - [Epoch 176/200][Batch 2301/2622] BatchTime = 0.714 (s) DataTime = 0.001 (s) Losses = ['4.9413', '38.5659'] lr = 0.0000022
2025-07-22 14:57:02,424 - AdaPoinTr - INFO - [Epoch 176/200][Batch 2401/2622] BatchTime = 0.714 (s) DataTime = 0.001 (s) Losses = ['4.4985', '34.9355'] lr = 0.0000022
2025-07-22 14:58:14,220 - AdaPoinTr - INFO - [Epoch 176/200][Batch 2501/2622] BatchTime = 0.717 (s) DataTime = 0.001 (s) Losses = ['5.0643', '39.0668'] lr = 0.0000022
2025-07-22 14:59:26,055 - AdaPoinTr - INFO - [Epoch 176/200][Batch 2601/2622] BatchTime = 0.714 (s) DataTime = 0.001 (s) Losses = ['5.0710', '36.9582'] lr = 0.0000022
2025-07-22 14:59:41,175 - AdaPoinTr - INFO - [Training] EPOCH: 176 EpochTime = 1882.880 (s) Losses = ['5.1361', '38.8969']
2025-07-22 14:59:41,639 - AdaPoinTr - INFO - Save checkpoint at ./experiments/AdaPoinTr/ShapeNet55_models/AdaPoinTr/ckpt-last.pth
2025-07-22 14:59:42,450 - AdaPoinTr - INFO - [Epoch 177/200][Batch 1/2622] BatchTime = 0.809 (s) DataTime = 0.093 (s) Losses = ['4.9282', '38.9237'] lr = 0.0000021
2025-07-22 15:00:54,253 - AdaPoinTr - INFO - [Epoch 177/200][Batch 101/2622] BatchTime = 0.717 (s) DataTime = 0.001 (s) Losses = ['5.2004', '37.2569'] lr = 0.0000021
2025-07-22 15:02:06,070 - AdaPoinTr - INFO - [Epoch 177/200][Batch 201/2622] BatchTime = 0.712 (s) DataTime = 0.001 (s) Losses = ['4.8043', '37.0526'] lr = 0.0000021
2025-07-22 15:03:17,885 - AdaPoinTr - INFO - [Epoch 177/200][Batch 301/2622] BatchTime = 0.708 (s) DataTime = 0.001 (s) Losses = ['4.9225', '41.6597'] lr = 0.0000021
2025-07-22 15:04:29,707 - AdaPoinTr - INFO - [Epoch 177/200][Batch 401/2622] BatchTime = 0.708 (s) DataTime = 0.001 (s) Losses = ['5.5460', '43.1501'] lr = 0.0000021
2025-07-22 15:05:41,500 - AdaPoinTr - INFO - [Epoch 177/200][Batch 501/2622] BatchTime = 0.706 (s) DataTime = 0.001 (s) Losses = ['4.6866', '37.4529'] lr = 0.0000021
2025-07-22 15:06:53,006 - AdaPoinTr - INFO - [Epoch 177/200][Batch 601/2622] BatchTime = 0.706 (s) DataTime = 0.001 (s) Losses = ['5.3770', '41.1236'] lr = 0.0000021
2025-07-22 15:08:04,789 - AdaPoinTr - INFO - [Epoch 177/200][Batch 701/2622] BatchTime = 0.714 (s) DataTime = 0.001 (s) Losses = ['4.7665', '36.5016'] lr = 0.0000021
2025-07-22 15:09:16,597 - AdaPoinTr - INFO - [Epoch 177/200][Batch 801/2622] BatchTime = 0.716 (s) DataTime = 0.001 (s) Losses = ['5.0801', '37.7731'] lr = 0.0000021
2025-07-22 15:10:28,369 - AdaPoinTr - INFO - [Epoch 177/200][Batch 901/2622] BatchTime = 0.712 (s) DataTime = 0.001 (s) Losses = ['4.6840', '37.0678'] lr = 0.0000021
2025-07-22 15:11:40,155 - AdaPoinTr - INFO - [Epoch 177/200][Batch 1001/2622] BatchTime = 0.711 (s) DataTime = 0.001 (s) Losses = ['5.1461', '36.5304'] lr = 0.0000021
2025-07-22 15:12:51,968 - AdaPoinTr - INFO - [Epoch 177/200][Batch 1101/2622] BatchTime = 0.706 (s) DataTime = 0.001 (s) Losses = ['5.1345', '36.0057'] lr = 0.0000021
2025-07-22 15:14:03,794 - AdaPoinTr - INFO - [Epoch 177/200][Batch 1201/2622] BatchTime = 0.710 (s) DataTime = 0.001 (s) Losses = ['5.1570', '38.8867'] lr = 0.0000021
2025-07-22 15:15:15,631 - AdaPoinTr - INFO - [Epoch 177/200][Batch 1301/2622] BatchTime = 0.713 (s) DataTime = 0.001 (s) Losses = ['4.9469', '36.8583'] lr = 0.0000021
2025-07-22 15:16:27,463 - AdaPoinTr - INFO - [Epoch 177/200][Batch 1401/2622] BatchTime = 0.717 (s) DataTime = 0.001 (s) Losses = ['4.7328', '36.4648'] lr = 0.0000021
2025-07-22 15:17:39,320 - AdaPoinTr - INFO - [Epoch 177/200][Batch 1501/2622] BatchTime = 0.716 (s) DataTime = 0.001 (s) Losses = ['5.5173', '41.1604'] lr = 0.0000021
2025-07-22 15:18:51,091 - AdaPoinTr - INFO - [Epoch 177/200][Batch 1601/2622] BatchTime = 0.717 (s) DataTime = 0.001 (s) Losses = ['5.1245', '38.7090'] lr = 0.0000021
2025-07-22 15:20:02,891 - AdaPoinTr - INFO - [Epoch 177/200][Batch 1701/2622] BatchTime = 0.720 (s) DataTime = 0.001 (s) Losses = ['5.8020', '41.3230'] lr = 0.0000021
2025-07-22 15:21:14,703 - AdaPoinTr - INFO - [Epoch 177/200][Batch 1801/2622] BatchTime = 0.717 (s) DataTime = 0.001 (s) Losses = ['5.0391', '40.8873'] lr = 0.0000021
2025-07-22 15:22:26,535 - AdaPoinTr - INFO - [Epoch 177/200][Batch 1901/2622] BatchTime = 0.726 (s) DataTime = 0.001 (s) Losses = ['5.8341', '44.1449'] lr = 0.0000021
2025-07-22 15:23:38,386 - AdaPoinTr - INFO - [Epoch 177/200][Batch 2001/2622] BatchTime = 0.717 (s) DataTime = 0.001 (s) Losses = ['5.4866', '41.6758'] lr = 0.0000021
2025-07-22 15:24:50,212 - AdaPoinTr - INFO - [Epoch 177/200][Batch 2101/2622] BatchTime = 0.717 (s) DataTime = 0.001 (s) Losses = ['5.1362', '38.0360'] lr = 0.0000021
2025-07-22 15:26:02,034 - AdaPoinTr - INFO - [Epoch 177/200][Batch 2201/2622] BatchTime = 0.708 (s) DataTime = 0.001 (s) Losses = ['5.2450', '40.4840'] lr = 0.0000021
2025-07-22 15:27:13,840 - AdaPoinTr - INFO - [Epoch 177/200][Batch 2301/2622] BatchTime = 0.707 (s) DataTime = 0.001 (s) Losses = ['4.9791', '37.8648'] lr = 0.0000021
2025-07-22 15:28:25,670 - AdaPoinTr - INFO - [Epoch 177/200][Batch 2401/2622] BatchTime = 0.705 (s) DataTime = 0.001 (s) Losses = ['4.8384', '36.6081'] lr = 0.0000021
2025-07-22 15:29:37,481 - AdaPoinTr - INFO - [Epoch 177/200][Batch 2501/2622] BatchTime = 0.706 (s) DataTime = 0.001 (s) Losses = ['4.9806', '38.0521'] lr = 0.0000021
2025-07-22 15:30:49,306 - AdaPoinTr - INFO - [Epoch 177/200][Batch 2601/2622] BatchTime = 0.708 (s) DataTime = 0.001 (s) Losses = ['5.0125', '37.3264'] lr = 0.0000021
2025-07-22 15:31:04,414 - AdaPoinTr - INFO - [Training] EPOCH: 177 EpochTime = 1882.774 (s) Losses = ['5.1357', '38.8755']
2025-07-22 15:31:04,873 - AdaPoinTr - INFO - Save checkpoint at ./experiments/AdaPoinTr/ShapeNet55_models/AdaPoinTr/ckpt-last.pth
2025-07-22 15:31:05,681 - AdaPoinTr - INFO - [Epoch 178/200][Batch 1/2622] BatchTime = 0.807 (s) DataTime = 0.093 (s) Losses = ['4.8456', '36.5113'] lr = 0.0000021
2025-07-22 15:32:17,486 - AdaPoinTr - INFO - [Epoch 178/200][Batch 101/2622] BatchTime = 0.714 (s) DataTime = 0.001 (s) Losses = ['5.5996', '40.1363'] lr = 0.0000021
2025-07-22 15:33:29,288 - AdaPoinTr - INFO - [Epoch 178/200][Batch 201/2622] BatchTime = 0.714 (s) DataTime = 0.001 (s) Losses = ['4.7378', '37.9675'] lr = 0.0000021
2025-07-22 15:34:41,093 - AdaPoinTr - INFO - [Epoch 178/200][Batch 301/2622] BatchTime = 0.715 (s) DataTime = 0.001 (s) Losses = ['4.7331', '35.0268'] lr = 0.0000021
2025-07-22 15:35:52,932 - AdaPoinTr - INFO - [Epoch 178/200][Batch 401/2622] BatchTime = 0.717 (s) DataTime = 0.001 (s) Losses = ['4.9257', '39.6444'] lr = 0.0000021
2025-07-22 15:37:04,782 - AdaPoinTr - INFO - [Epoch 178/200][Batch 501/2622] BatchTime = 0.716 (s) DataTime = 0.001 (s) Losses = ['5.2875', '41.5007'] lr = 0.0000021
2025-07-22 15:38:16,602 - AdaPoinTr - INFO - [Epoch 178/200][Batch 601/2622] BatchTime = 0.714 (s) DataTime = 0.001 (s) Losses = ['5.2331', '36.1870'] lr = 0.0000021
2025-07-22 15:39:28,405 - AdaPoinTr - INFO - [Epoch 178/200][Batch 701/2622] BatchTime = 0.717 (s) DataTime = 0.001 (s) Losses = ['4.6401', '36.5376'] lr = 0.0000021
2025-07-22 15:40:40,266 - AdaPoinTr - INFO - [Epoch 178/200][Batch 801/2622] BatchTime = 0.712 (s) DataTime = 0.001 (s) Losses = ['4.7636', '34.0222'] lr = 0.0000021
2025-07-22 15:41:52,072 - AdaPoinTr - INFO - [Epoch 178/200][Batch 901/2622] BatchTime = 0.710 (s) DataTime = 0.001 (s) Losses = ['5.0540', '39.8173'] lr = 0.0000021
2025-07-22 15:43:03,919 - AdaPoinTr - INFO - [Epoch 178/200][Batch 1001/2622] BatchTime = 0.709 (s) DataTime = 0.001 (s) Losses = ['4.9334', '38.0001'] lr = 0.0000021
2025-07-22 15:44:15,676 - AdaPoinTr - INFO - [Epoch 178/200][Batch 1101/2622] BatchTime = 0.705 (s) DataTime = 0.001 (s) Losses = ['5.0085', '36.5664'] lr = 0.0000021
2025-07-22 15:45:27,500 - AdaPoinTr - INFO - [Epoch 178/200][Batch 1201/2622] BatchTime = 0.710 (s) DataTime = 0.001 (s) Losses = ['4.9496', '35.6256'] lr = 0.0000021
2025-07-22 15:46:39,339 - AdaPoinTr - INFO - [Epoch 178/200][Batch 1301/2622] BatchTime = 0.710 (s) DataTime = 0.001 (s) Losses = ['5.9207', '47.7545'] lr = 0.0000021
2025-07-22 15:47:51,158 - AdaPoinTr - INFO - [Epoch 178/200][Batch 1401/2622] BatchTime = 0.712 (s) DataTime = 0.001 (s) Losses = ['4.9509', '35.4370'] lr = 0.0000021
2025-07-22 15:49:02,969 - AdaPoinTr - INFO - [Epoch 178/200][Batch 1501/2622] BatchTime = 0.715 (s) DataTime = 0.001 (s) Losses = ['4.9188', '35.3061'] lr = 0.0000021
2025-07-22 15:50:14,824 - AdaPoinTr - INFO - [Epoch 178/200][Batch 1601/2622] BatchTime = 0.715 (s) DataTime = 0.001 (s) Losses = ['5.1244', '36.6942'] lr = 0.0000021
2025-07-22 15:51:26,687 - AdaPoinTr - INFO - [Epoch 178/200][Batch 1701/2622] BatchTime = 0.717 (s) DataTime = 0.001 (s) Losses = ['4.5960', '34.1234'] lr = 0.0000021
2025-07-22 15:52:38,526 - AdaPoinTr - INFO - [Epoch 178/200][Batch 1801/2622] BatchTime = 0.717 (s) DataTime = 0.001 (s) Losses = ['5.1286', '36.3692'] lr = 0.0000021
2025-07-22 15:53:50,348 - AdaPoinTr - INFO - [Epoch 178/200][Batch 1901/2622] BatchTime = 0.716 (s) DataTime = 0.001 (s) Losses = ['5.1053', '39.7058'] lr = 0.0000021
2025-07-22 15:55:02,140 - AdaPoinTr - INFO - [Epoch 178/200][Batch 2001/2622] BatchTime = 0.711 (s) DataTime = 0.001 (s) Losses = ['4.8664', '34.8816'] lr = 0.0000021
2025-07-22 15:56:13,613 - AdaPoinTr - INFO - [Epoch 178/200][Batch 2101/2622] BatchTime = 0.711 (s) DataTime = 0.001 (s) Losses = ['4.5385', '39.0643'] lr = 0.0000021
2025-07-22 15:57:25,440 - AdaPoinTr - INFO - [Epoch 178/200][Batch 2201/2622] BatchTime = 0.705 (s) DataTime = 0.001 (s) Losses = ['5.4232', '39.6411'] lr = 0.0000021
2025-07-22 15:58:37,245 - AdaPoinTr - INFO - [Epoch 178/200][Batch 2301/2622] BatchTime = 0.717 (s) DataTime = 0.001 (s) Losses = ['5.7042', '43.0267'] lr = 0.0000021
2025-07-22 15:59:49,091 - AdaPoinTr - INFO - [Epoch 178/200][Batch 2401/2622] BatchTime = 0.717 (s) DataTime = 0.001 (s) Losses = ['4.8129', '36.0127'] lr = 0.0000021
2025-07-22 16:01:00,923 - AdaPoinTr - INFO - [Epoch 178/200][Batch 2501/2622] BatchTime = 0.714 (s) DataTime = 0.001 (s) Losses = ['5.4813', '41.9673'] lr = 0.0000021
2025-07-22 16:02:12,776 - AdaPoinTr - INFO - [Epoch 178/200][Batch 2601/2622] BatchTime = 0.719 (s) DataTime = 0.001 (s) Losses = ['4.9888', '37.5177'] lr = 0.0000021
2025-07-22 16:02:27,882 - AdaPoinTr - INFO - [Training] EPOCH: 178 EpochTime = 1883.008 (s) Losses = ['5.1383', '38.8841']
2025-07-22 16:02:28,345 - AdaPoinTr - INFO - Save checkpoint at ./experiments/AdaPoinTr/ShapeNet55_models/AdaPoinTr/ckpt-last.pth
2025-07-22 16:02:29,156 - AdaPoinTr - INFO - [Epoch 179/200][Batch 1/2622] BatchTime = 0.810 (s) DataTime = 0.090 (s) Losses = ['4.9520', '40.5849'] lr = 0.0000020
2025-07-22 16:03:40,958 - AdaPoinTr - INFO - [Epoch 179/200][Batch 101/2622] BatchTime = 0.716 (s) DataTime = 0.001 (s) Losses = ['4.7401', '39.2627'] lr = 0.0000020
2025-07-22 16:04:52,729 - AdaPoinTr - INFO - [Epoch 179/200][Batch 201/2622] BatchTime = 0.714 (s) DataTime = 0.001 (s) Losses = ['5.4848', '39.4010'] lr = 0.0000020
2025-07-22 16:06:04,517 - AdaPoinTr - INFO - [Epoch 179/200][Batch 301/2622] BatchTime = 0.711 (s) DataTime = 0.001 (s) Losses = ['5.3221', '39.9982'] lr = 0.0000020
2025-07-22 16:07:16,323 - AdaPoinTr - INFO - [Epoch 179/200][Batch 401/2622] BatchTime = 0.710 (s) DataTime = 0.001 (s) Losses = ['5.1455', '39.7493'] lr = 0.0000020
2025-07-22 16:08:28,132 - AdaPoinTr - INFO - [Epoch 179/200][Batch 501/2622] BatchTime = 0.707 (s) DataTime = 0.001 (s) Losses = ['5.3307', '41.4399'] lr = 0.0000020
2025-07-22 16:09:39,929 - AdaPoinTr - INFO - [Epoch 179/200][Batch 601/2622] BatchTime = 0.710 (s) DataTime = 0.001 (s) Losses = ['5.3261', '43.7604'] lr = 0.0000020
2025-07-22 16:10:51,698 - AdaPoinTr - INFO - [Epoch 179/200][Batch 701/2622] BatchTime = 0.716 (s) DataTime = 0.001 (s) Losses = ['4.9014', '45.0341'] lr = 0.0000020
2025-07-22 16:12:03,527 - AdaPoinTr - INFO - [Epoch 179/200][Batch 801/2622] BatchTime = 0.717 (s) DataTime = 0.001 (s) Losses = ['5.0927', '35.5443'] lr = 0.0000020
2025-07-22 16:13:15,355 - AdaPoinTr - INFO - [Epoch 179/200][Batch 901/2622] BatchTime = 0.718 (s) DataTime = 0.001 (s) Losses = ['5.2879', '38.8272'] lr = 0.0000020
2025-07-22 16:14:27,197 - AdaPoinTr - INFO - [Epoch 179/200][Batch 1001/2622] BatchTime = 0.719 (s) DataTime = 0.001 (s) Losses = ['5.3032', '42.7243'] lr = 0.0000020
2025-07-22 16:15:38,951 - AdaPoinTr - INFO - [Epoch 179/200][Batch 1101/2622] BatchTime = 0.711 (s) DataTime = 0.001 (s) Losses = ['5.4091', '37.8966'] lr = 0.0000020
2025-07-22 16:16:50,752 - AdaPoinTr - INFO - [Epoch 179/200][Batch 1201/2622] BatchTime = 0.708 (s) DataTime = 0.001 (s) Losses = ['4.9505', '39.4045'] lr = 0.0000020
2025-07-22 16:18:02,569 - AdaPoinTr - INFO - [Epoch 179/200][Batch 1301/2622] BatchTime = 0.710 (s) DataTime = 0.001 (s) Losses = ['4.8510', '37.1667'] lr = 0.0000020
2025-07-22 16:19:14,362 - AdaPoinTr - INFO - [Epoch 179/200][Batch 1401/2622] BatchTime = 0.708 (s) DataTime = 0.001 (s) Losses = ['5.0529', '38.7894'] lr = 0.0000020
2025-07-22 16:20:26,161 - AdaPoinTr - INFO - [Epoch 179/200][Batch 1501/2622] BatchTime = 0.716 (s) DataTime = 0.001 (s) Losses = ['4.6582', '34.9827'] lr = 0.0000020
2025-07-22 16:21:37,969 - AdaPoinTr - INFO - [Epoch 179/200][Batch 1601/2622] BatchTime = 0.714 (s) DataTime = 0.001 (s) Losses = ['4.7823', '36.2467'] lr = 0.0000020
2025-07-22 16:22:49,795 - AdaPoinTr - INFO - [Epoch 179/200][Batch 1701/2622] BatchTime = 0.716 (s) DataTime = 0.001 (s) Losses = ['5.3222', '46.4853'] lr = 0.0000020
2025-07-22 16:24:01,621 - AdaPoinTr - INFO - [Epoch 179/200][Batch 1801/2622] BatchTime = 0.710 (s) DataTime = 0.001 (s) Losses = ['5.3637', '38.3423'] lr = 0.0000020
2025-07-22 16:25:13,440 - AdaPoinTr - INFO - [Epoch 179/200][Batch 1901/2622] BatchTime = 0.713 (s) DataTime = 0.001 (s) Losses = ['5.5124', '41.0209'] lr = 0.0000020
2025-07-22 16:26:25,250 - AdaPoinTr - INFO - [Epoch 179/200][Batch 2001/2622] BatchTime = 0.710 (s) DataTime = 0.001 (s) Losses = ['4.7359', '37.5764'] lr = 0.0000020
2025-07-22 16:27:37,020 - AdaPoinTr - INFO - [Epoch 179/200][Batch 2101/2622] BatchTime = 0.709 (s) DataTime = 0.001 (s) Losses = ['5.4964', '42.0353'] lr = 0.0000020
2025-07-22 16:28:48,821 - AdaPoinTr - INFO - [Epoch 179/200][Batch 2201/2622] BatchTime = 0.703 (s) DataTime = 0.001 (s) Losses = ['4.7086', '37.0172'] lr = 0.0000020
2025-07-22 16:30:00,610 - AdaPoinTr - INFO - [Epoch 179/200][Batch 2301/2622] BatchTime = 0.711 (s) DataTime = 0.001 (s) Losses = ['5.3958', '41.4814'] lr = 0.0000020
2025-07-22 16:31:12,370 - AdaPoinTr - INFO - [Epoch 179/200][Batch 2401/2622] BatchTime = 0.714 (s) DataTime = 0.001 (s) Losses = ['5.4257', '41.3006'] lr = 0.0000020
2025-07-22 16:32:24,166 - AdaPoinTr - INFO - [Epoch 179/200][Batch 2501/2622] BatchTime = 0.716 (s) DataTime = 0.001 (s) Losses = ['5.0912', '38.7632'] lr = 0.0000020
2025-07-22 16:33:35,975 - AdaPoinTr - INFO - [Epoch 179/200][Batch 2601/2622] BatchTime = 0.720 (s) DataTime = 0.001 (s) Losses = ['5.5800', '39.9163'] lr = 0.0000020
2025-07-22 16:33:51,063 - AdaPoinTr - INFO - [Training] EPOCH: 179 EpochTime = 1882.717 (s) Losses = ['5.1352', '38.9062']
2025-07-22 16:33:51,525 - AdaPoinTr - INFO - Save checkpoint at ./experiments/AdaPoinTr/ShapeNet55_models/AdaPoinTr/ckpt-last.pth
2025-07-22 16:33:52,344 - AdaPoinTr - INFO - [Epoch 180/200][Batch 1/2622] BatchTime = 0.818 (s) DataTime = 0.096 (s) Losses = ['5.2834', '39.2413'] lr = 0.0000020
2025-07-22 16:35:04,124 - AdaPoinTr - INFO - [Epoch 180/200][Batch 101/2622] BatchTime = 0.715 (s) DataTime = 0.001 (s) Losses = ['5.4700', '41.3256'] lr = 0.0000020
2025-07-22 16:36:15,927 - AdaPoinTr - INFO - [Epoch 180/200][Batch 201/2622] BatchTime = 0.706 (s) DataTime = 0.001 (s) Losses = ['4.6236', '37.1561'] lr = 0.0000020
2025-07-22 16:37:27,733 - AdaPoinTr - INFO - [Epoch 180/200][Batch 301/2622] BatchTime = 0.707 (s) DataTime = 0.001 (s) Losses = ['5.9203', '40.3063'] lr = 0.0000020
2025-07-22 16:38:39,533 - AdaPoinTr - INFO - [Epoch 180/200][Batch 401/2622] BatchTime = 0.711 (s) DataTime = 0.001 (s) Losses = ['5.1468', '43.1133'] lr = 0.0000020
2025-07-22 16:39:51,347 - AdaPoinTr - INFO - [Epoch 180/200][Batch 501/2622] BatchTime = 0.713 (s) DataTime = 0.001 (s) Losses = ['4.7530', '36.2583'] lr = 0.0000020
2025-07-22 16:41:03,150 - AdaPoinTr - INFO - [Epoch 180/200][Batch 601/2622] BatchTime = 0.720 (s) DataTime = 0.001 (s) Losses = ['4.6824', '32.7208'] lr = 0.0000020
2025-07-22 16:42:14,947 - AdaPoinTr - INFO - [Epoch 180/200][Batch 701/2622] BatchTime = 0.717 (s) DataTime = 0.001 (s) Losses = ['4.7895', '36.1925'] lr = 0.0000020
2025-07-22 16:43:26,791 - AdaPoinTr - INFO - [Epoch 180/200][Batch 801/2622] BatchTime = 0.720 (s) DataTime = 0.001 (s) Losses = ['5.4113', '41.7420'] lr = 0.0000020
2025-07-22 16:44:38,435 - AdaPoinTr - INFO - [Epoch 180/200][Batch 901/2622] BatchTime = 0.547 (s) DataTime = 0.001 (s) Losses = ['5.0159', '37.0894'] lr = 0.0000020
2025-07-22 16:45:50,119 - AdaPoinTr - INFO - [Epoch 180/200][Batch 1001/2622] BatchTime = 0.709 (s) DataTime = 0.001 (s) Losses = ['5.2557', '36.1746'] lr = 0.0000020
2025-07-22 16:47:01,918 - AdaPoinTr - INFO - [Epoch 180/200][Batch 1101/2622] BatchTime = 0.707 (s) DataTime = 0.001 (s) Losses = ['5.2468', '36.3973'] lr = 0.0000020
2025-07-22 16:48:13,696 - AdaPoinTr - INFO - [Epoch 180/200][Batch 1201/2622] BatchTime = 0.709 (s) DataTime = 0.001 (s) Losses = ['4.6744', '34.4863'] lr = 0.0000020
2025-07-22 16:49:25,493 - AdaPoinTr - INFO - [Epoch 180/200][Batch 1301/2622] BatchTime = 0.714 (s) DataTime = 0.001 (s) Losses = ['5.5206', '39.0405'] lr = 0.0000020
2025-07-22 16:50:37,310 - AdaPoinTr - INFO - [Epoch 180/200][Batch 1401/2622] BatchTime = 0.716 (s) DataTime = 0.001 (s) Losses = ['5.0042', '38.4837'] lr = 0.0000020
2025-07-22 16:51:49,090 - AdaPoinTr - INFO - [Epoch 180/200][Batch 1501/2622] BatchTime = 0.716 (s) DataTime = 0.001 (s) Losses = ['5.3560', '39.3935'] lr = 0.0000020
2025-07-22 16:53:00,885 - AdaPoinTr - INFO - [Epoch 180/200][Batch 1601/2622] BatchTime = 0.717 (s) DataTime = 0.001 (s) Losses = ['4.7111', '33.9860'] lr = 0.0000020
2025-07-22 16:54:12,664 - AdaPoinTr - INFO - [Epoch 180/200][Batch 1701/2622] BatchTime = 0.713 (s) DataTime = 0.001 (s) Losses = ['5.4329', '38.0831'] lr = 0.0000020
2025-07-22 16:55:24,514 - AdaPoinTr - INFO - [Epoch 180/200][Batch 1801/2622] BatchTime = 0.710 (s) DataTime = 0.001 (s) Losses = ['5.2059', '38.2215'] lr = 0.0000020
2025-07-22 16:56:36,311 - AdaPoinTr - INFO - [Epoch 180/200][Batch 1901/2622] BatchTime = 0.708 (s) DataTime = 0.001 (s) Losses = ['5.7247', '40.1327'] lr = 0.0000020
2025-07-22 16:57:48,113 - AdaPoinTr - INFO - [Epoch 180/200][Batch 2001/2622] BatchTime = 0.706 (s) DataTime = 0.001 (s) Losses = ['4.8440', '37.8958'] lr = 0.0000020
2025-07-22 16:58:59,917 - AdaPoinTr - INFO - [Epoch 180/200][Batch 2101/2622] BatchTime = 0.715 (s) DataTime = 0.001 (s) Losses = ['5.3607', '38.4331'] lr = 0.0000020
2025-07-22 17:00:11,688 - AdaPoinTr - INFO - [Epoch 180/200][Batch 2201/2622] BatchTime = 0.714 (s) DataTime = 0.001 (s) Losses = ['5.3787', '42.2243'] lr = 0.0000020
2025-07-22 17:01:23,502 - AdaPoinTr - INFO - [Epoch 180/200][Batch 2301/2622] BatchTime = 0.718 (s) DataTime = 0.001 (s) Losses = ['5.2679', '40.2915'] lr = 0.0000020
2025-07-22 17:02:35,305 - AdaPoinTr - INFO - [Epoch 180/200][Batch 2401/2622] BatchTime = 0.714 (s) DataTime = 0.001 (s) Losses = ['5.3622', '40.4384'] lr = 0.0000020
2025-07-22 17:03:47,105 - AdaPoinTr - INFO - [Epoch 180/200][Batch 2501/2622] BatchTime = 0.708 (s) DataTime = 0.001 (s) Losses = ['4.7694', '34.9985'] lr = 0.0000020
2025-07-22 17:04:58,911 - AdaPoinTr - INFO - [Epoch 180/200][Batch 2601/2622] BatchTime = 0.709 (s) DataTime = 0.001 (s) Losses = ['5.4390', '39.2916'] lr = 0.0000020
2025-07-22 17:05:14,027 - AdaPoinTr - INFO - [Training] EPOCH: 180 EpochTime = 1882.501 (s) Losses = ['5.1336', '38.8849']
2025-07-22 17:05:14,027 - AdaPoinTr - INFO - [VALIDATION] Start validating epoch 180
2025-07-22 17:06:21,096 - AdaPoinTr - INFO - Test[1051/10518] Taxonomy = 02691156 Sample = c7749c0a8b61f43bc9b9e28055202e3d Losses = ['21.3847', '1.8691', '8.6862', '0.2609'] Metrics = ['0.5846', '8.6862', '0.2609', '0.0000']
2025-07-22 17:07:28,120 - AdaPoinTr - INFO - Test[2102/10518] Taxonomy = 03211117 Sample = ab2f9418c111cc6ddb965514105122a4 Losses = ['19.4370', '1.4402', '7.6062', '0.2049'] Metrics = ['0.6641', '7.6062', '0.2049', '0.0000']
2025-07-22 17:08:35,102 - AdaPoinTr - INFO - Test[3153/10518] Taxonomy = 02876657 Sample = c5032e4be091aabb36fe7a88df793982 Losses = ['41.4773', '7.2832', '17.2870', '1.3915'] Metrics = ['0.3022', '17.2870', '1.3915', '0.0000']
2025-07-22 17:09:42,086 - AdaPoinTr - INFO - Test[4204/10518] Taxonomy = 03211117 Sample = 722df1da5778d45b1e43523279c7f09f Losses = ['26.6056', '2.5400', '11.0890', '0.4735'] Metrics = ['0.4397', '11.0890', '0.4735', '0.0000']
2025-07-22 17:10:49,036 - AdaPoinTr - INFO - Test[5255/10518] Taxonomy = 02828884 Sample = 14b63361a48a9fffe4a048c146e8bd43 Losses = ['30.0399', '3.6068', '12.6219', '0.7506'] Metrics = ['0.4457', '12.6219', '0.7506', '0.0000']
2025-07-22 17:11:56,044 - AdaPoinTr - INFO - Test[6306/10518] Taxonomy = 03211117 Sample = d330d50a0255529d19ed6e1a590c9122 Losses = ['23.3690', '2.3701', '10.0711', '0.3940'] Metrics = ['0.4902', '10.0711', '0.3940', '0.0000']
2025-07-22 17:13:02,967 - AdaPoinTr - INFO - Test[7357/10518] Taxonomy = 04379243 Sample = b1ca280d9567270ade98d10ab5975b59 Losses = ['43.2976', '11.3645', '20.7869', '2.5761'] Metrics = ['0.2512', '20.7869', '2.5761', '0.0000']
2025-07-22 17:14:09,925 - AdaPoinTr - INFO - Test[8408/10518] Taxonomy = 03001627 Sample = 89208a619341d9fdb8c516ed5c4ce32 Losses = ['27.4743', '2.7247', '13.3348', '0.5846'] Metrics = ['0.3022', '13.3348', '0.5846', '0.0000']
2025-07-22 17:15:16,838 - AdaPoinTr - INFO - Test[9459/10518] Taxonomy = 03001627 Sample = d0255120e3351121c3bd24f986301745 Losses = ['38.7877', '5.6079', '18.5733', '1.4301'] Metrics = ['0.2079', '18.5733', '1.4301', '0.0000']
2025-07-22 17:16:23,981 - AdaPoinTr - INFO - Test[10510/10518] Taxonomy = 03636649 Sample = ea9ec4d9db2e06202471e6dd5ac3ef92 Losses = ['13.2895', '0.7178', '5.0909', '0.0769'] Metrics = ['0.9186', '5.0909', '0.0769', '0.0000']
2025-07-22 17:16:24,514 - AdaPoinTr - INFO - [Validation] EPOCH: 180  Metrics = ['0.3873', '13.4373', '0.8501', '0.0000']
2025-07-22 17:16:24,514 - AdaPoinTr - INFO - ============================ TEST RESULTS ============================
2025-07-22 17:16:24,514 - AdaPoinTr - INFO - Taxonomy	#Sample	F-Score	CDL1	CDL2	EMDistance	#ModelName	
2025-07-22 17:16:24,514 - AdaPoinTr - INFO - 03759954	14	0.572 	12.667 	1.124 	0.000 	microphone	
2025-07-22 17:16:24,514 - AdaPoinTr - INFO - 04330267	44	0.297 	15.637 	1.150 	0.000 	stove	
2025-07-22 17:16:24,514 - AdaPoinTr - INFO - 03261776	15	0.320 	16.170 	1.384 	0.000 	earphone	
2025-07-22 17:16:24,514 - AdaPoinTr - INFO - 03513137	33	0.229 	20.236 	2.185 	0.000 	helmet	
2025-07-22 17:16:24,514 - AdaPoinTr - INFO - 04460130	27	0.448 	13.141 	0.801 	0.000 	tower	
2025-07-22 17:16:24,514 - AdaPoinTr - INFO - 04468005	78	0.407 	12.145 	0.597 	0.000 	train	
2025-07-22 17:16:24,514 - AdaPoinTr - INFO - 03761084	31	0.248 	16.175 	1.072 	0.000 	microwaves	
2025-07-22 17:16:24,514 - AdaPoinTr - INFO - 04004475	34	0.282 	16.330 	1.355 	0.000 	printer	
2025-07-22 17:16:24,514 - AdaPoinTr - INFO - 03938244	20	0.324 	13.783 	0.771 	0.000 	pillow	
2025-07-22 17:16:24,514 - AdaPoinTr - INFO - 02992529	167	0.439 	10.470 	0.384 	0.000 	cellphone	
2025-07-22 17:16:24,514 - AdaPoinTr - INFO - 02808440	172	0.307 	14.037 	0.813 	0.000 	bathtub	
2025-07-22 17:16:24,514 - AdaPoinTr - INFO - 04530566	388	0.525 	10.761 	0.550 	0.000 	watercraft	
2025-07-22 17:16:24,514 - AdaPoinTr - INFO - 02871439	91	0.266 	15.602 	1.040 	0.000 	bookshelf	
2025-07-22 17:16:24,514 - AdaPoinTr - INFO - 03593526	120	0.284 	16.213 	1.172 	0.000 	jar	
2025-07-22 17:16:24,514 - AdaPoinTr - INFO - 04554684	34	0.246 	16.444 	1.089 	0.000 	washer	
2025-07-22 17:16:24,515 - AdaPoinTr - INFO - 03467517	160	0.840 	6.257 	0.191 	0.000 	guitar	
2025-07-22 17:16:24,515 - AdaPoinTr - INFO - 04401088	218	0.444 	10.323 	0.370 	0.000 	telephone	
2025-07-22 17:16:24,515 - AdaPoinTr - INFO - 02954340	12	0.337 	12.668 	0.588 	0.000 	cap	
2025-07-22 17:16:24,515 - AdaPoinTr - INFO - 02933112	315	0.251 	14.639 	0.776 	0.000 	cabinet	
2025-07-22 17:16:24,515 - AdaPoinTr - INFO - 03642806	92	0.401 	10.704 	0.392 	0.000 	laptop	
2025-07-22 17:16:24,515 - AdaPoinTr - INFO - 02924116	188	0.383 	12.045 	0.554 	0.000 	bus	
2025-07-22 17:16:24,515 - AdaPoinTr - INFO - 02946921	22	0.271 	15.009 	0.925 	0.000 	can	
2025-07-22 17:16:24,515 - AdaPoinTr - INFO - 02818832	47	0.297 	15.662 	1.095 	0.000 	bed	
2025-07-22 17:16:24,515 - AdaPoinTr - INFO - 04256520	635	0.315 	13.628 	0.700 	0.000 	sofa	
2025-07-22 17:16:24,515 - AdaPoinTr - INFO - 04379243	1687	0.402 	12.246 	0.727 	0.000 	table	
2025-07-22 17:16:24,515 - AdaPoinTr - INFO - 02747177	69	0.206 	17.128 	1.192 	0.000 	trash bin	
2025-07-22 17:16:24,515 - AdaPoinTr - INFO - 03046257	131	0.333 	13.805 	0.815 	0.000 	clock	
2025-07-22 17:16:24,515 - AdaPoinTr - INFO - 04225987	31	0.581 	9.090 	0.331 	0.000 	skateboard	
2025-07-22 17:16:24,515 - AdaPoinTr - INFO - 03797390	43	0.209 	17.550 	1.169 	0.000 	mug	
2025-07-22 17:16:24,515 - AdaPoinTr - INFO - 03001627	1356	0.391 	13.020 	0.779 	0.000 	chair	
2025-07-22 17:16:24,515 - AdaPoinTr - INFO - 03691459	320	0.269 	16.180 	1.123 	0.000 	loudspeaker	
2025-07-22 17:16:24,515 - AdaPoinTr - INFO - 02942699	23	0.251 	20.238 	2.137 	0.000 	camera	
2025-07-22 17:16:24,515 - AdaPoinTr - INFO - 03636649	464	0.567 	12.020 	1.053 	0.000 	lamp	
2025-07-22 17:16:24,515 - AdaPoinTr - INFO - 02691156	809	0.606 	9.044 	0.388 	0.000 	airplane	
2025-07-22 17:16:24,515 - AdaPoinTr - INFO - 02773838	17	0.369 	13.207 	0.767 	0.000 	bag	
2025-07-22 17:16:24,515 - AdaPoinTr - INFO - 02958343	703	0.232 	15.567 	0.872 	0.000 	car	
2025-07-22 17:16:24,515 - AdaPoinTr - INFO - 02880940	38	0.244 	15.131 	0.818 	0.000 	bowl	
2025-07-22 17:16:24,515 - AdaPoinTr - INFO - 04099429	17	0.761 	7.323 	0.276 	0.000 	rocket	
2025-07-22 17:16:24,515 - AdaPoinTr - INFO - 02828884	363	0.463 	10.596 	0.522 	0.000 	bench	
2025-07-22 17:16:24,515 - AdaPoinTr - INFO - 04090263	475	0.713 	8.102 	0.374 	0.000 	rifle	
2025-07-22 17:16:24,515 - AdaPoinTr - INFO - 03211117	219	0.371 	12.666 	0.723 	0.000 	display	
2025-07-22 17:16:24,515 - AdaPoinTr - INFO - 02876657	100	0.457 	11.392 	0.570 	0.000 	bottle	
2025-07-22 17:16:24,515 - AdaPoinTr - INFO - 03710193	19	0.556 	11.756 	0.940 	0.000 	mailbox	
2025-07-22 17:16:24,515 - AdaPoinTr - INFO - 03790512	68	0.269 	15.865 	1.032 	0.000 	motorbike	
2025-07-22 17:16:24,515 - AdaPoinTr - INFO - 03325088	149	0.486 	13.539 	1.185 	0.000 	faucet	
2025-07-22 17:16:24,515 - AdaPoinTr - INFO - 02801938	23	0.249 	15.342 	0.947 	0.000 	basket	
2025-07-22 17:16:24,515 - AdaPoinTr - INFO - 03337140	60	0.251 	15.670 	1.009 	0.000 	file cabinet	
2025-07-22 17:16:24,515 - AdaPoinTr - INFO - 02843684	15	0.251 	17.461 	1.312 	0.000 	birdhouse	
2025-07-22 17:16:24,515 - AdaPoinTr - INFO - 03624134	85	0.817 	6.607 	0.229 	0.000 	knife	
2025-07-22 17:16:24,515 - AdaPoinTr - INFO - 03991062	121	0.252 	18.082 	1.452 	0.000 	flowerpot	
2025-07-22 17:16:24,515 - AdaPoinTr - INFO - 03948459	62	0.498 	10.970 	0.548 	0.000 	pistol	
2025-07-22 17:16:24,515 - AdaPoinTr - INFO - 03928116	48	0.309 	14.410 	0.884 	0.000 	piano	
2025-07-22 17:16:24,515 - AdaPoinTr - INFO - 03207941	19	0.255 	14.365 	0.739 	0.000 	dishwasher	
2025-07-22 17:16:24,515 - AdaPoinTr - INFO - 04074963	14	0.483 	10.295 	0.420 	0.000 	remote	
2025-07-22 17:16:24,515 - AdaPoinTr - INFO - 03085013	13	0.467 	9.642 	0.345 	0.000 	keyboard	
2025-07-22 17:16:24,515 - AdaPoinTr - INFO - Overall		0.387 	13.437 	0.850 	0.000 	
2025-07-22 17:16:24,977 - AdaPoinTr - INFO - Save checkpoint at ./experiments/AdaPoinTr/ShapeNet55_models/AdaPoinTr/ckpt-last.pth
2025-07-22 17:16:25,776 - AdaPoinTr - INFO - [Epoch 181/200][Batch 1/2622] BatchTime = 0.798 (s) DataTime = 0.091 (s) Losses = ['5.2595', '42.2752'] lr = 0.0000019
2025-07-22 17:17:37,594 - AdaPoinTr - INFO - [Epoch 181/200][Batch 101/2622] BatchTime = 0.706 (s) DataTime = 0.001 (s) Losses = ['5.3236', '39.0574'] lr = 0.0000019
2025-07-22 17:18:49,364 - AdaPoinTr - INFO - [Epoch 181/200][Batch 201/2622] BatchTime = 0.716 (s) DataTime = 0.001 (s) Losses = ['5.1363', '39.5379'] lr = 0.0000019
2025-07-22 17:20:01,156 - AdaPoinTr - INFO - [Epoch 181/200][Batch 301/2622] BatchTime = 0.717 (s) DataTime = 0.001 (s) Losses = ['5.5316', '40.6770'] lr = 0.0000019
2025-07-22 17:21:12,911 - AdaPoinTr - INFO - [Epoch 181/200][Batch 401/2622] BatchTime = 0.713 (s) DataTime = 0.001 (s) Losses = ['4.7742', '36.6554'] lr = 0.0000019
2025-07-22 17:22:24,700 - AdaPoinTr - INFO - [Epoch 181/200][Batch 501/2622] BatchTime = 0.705 (s) DataTime = 0.001 (s) Losses = ['5.3414', '40.3311'] lr = 0.0000019
2025-07-22 17:23:36,482 - AdaPoinTr - INFO - [Epoch 181/200][Batch 601/2622] BatchTime = 0.706 (s) DataTime = 0.001 (s) Losses = ['5.4061', '44.2213'] lr = 0.0000019
2025-07-22 17:24:48,323 - AdaPoinTr - INFO - [Epoch 181/200][Batch 701/2622] BatchTime = 0.714 (s) DataTime = 0.001 (s) Losses = ['5.2133', '38.5788'] lr = 0.0000019
2025-07-22 17:26:00,147 - AdaPoinTr - INFO - [Epoch 181/200][Batch 801/2622] BatchTime = 0.718 (s) DataTime = 0.001 (s) Losses = ['5.1628', '41.0413'] lr = 0.0000019
2025-07-22 17:27:11,961 - AdaPoinTr - INFO - [Epoch 181/200][Batch 901/2622] BatchTime = 0.717 (s) DataTime = 0.001 (s) Losses = ['5.5980', '47.6823'] lr = 0.0000019
2025-07-22 17:28:23,734 - AdaPoinTr - INFO - [Epoch 181/200][Batch 1001/2622] BatchTime = 0.719 (s) DataTime = 0.001 (s) Losses = ['4.5388', '34.3858'] lr = 0.0000019
2025-07-22 17:29:35,516 - AdaPoinTr - INFO - [Epoch 181/200][Batch 1101/2622] BatchTime = 0.712 (s) DataTime = 0.001 (s) Losses = ['5.6978', '38.2361'] lr = 0.0000019
2025-07-22 17:30:46,849 - AdaPoinTr - INFO - [Epoch 181/200][Batch 1201/2622] BatchTime = 0.716 (s) DataTime = 0.001 (s) Losses = ['5.3783', '39.5285'] lr = 0.0000019
2025-07-22 17:31:58,644 - AdaPoinTr - INFO - [Epoch 181/200][Batch 1301/2622] BatchTime = 0.718 (s) DataTime = 0.001 (s) Losses = ['5.1285', '38.9269'] lr = 0.0000019
2025-07-22 17:33:10,447 - AdaPoinTr - INFO - [Epoch 181/200][Batch 1401/2622] BatchTime = 0.716 (s) DataTime = 0.001 (s) Losses = ['5.0885', '37.6652'] lr = 0.0000019
2025-07-22 17:34:22,304 - AdaPoinTr - INFO - [Epoch 181/200][Batch 1501/2622] BatchTime = 0.722 (s) DataTime = 0.001 (s) Losses = ['5.0102', '36.6102'] lr = 0.0000019
2025-07-22 17:35:34,119 - AdaPoinTr - INFO - [Epoch 181/200][Batch 1601/2622] BatchTime = 0.711 (s) DataTime = 0.001 (s) Losses = ['4.9383', '37.1568'] lr = 0.0000019
2025-07-22 17:36:45,945 - AdaPoinTr - INFO - [Epoch 181/200][Batch 1701/2622] BatchTime = 0.711 (s) DataTime = 0.001 (s) Losses = ['4.7939', '38.1014'] lr = 0.0000019
2025-07-22 17:37:57,739 - AdaPoinTr - INFO - [Epoch 181/200][Batch 1801/2622] BatchTime = 0.708 (s) DataTime = 0.001 (s) Losses = ['4.6953', '37.7870'] lr = 0.0000019
2025-07-22 17:39:09,544 - AdaPoinTr - INFO - [Epoch 181/200][Batch 1901/2622] BatchTime = 0.703 (s) DataTime = 0.001 (s) Losses = ['5.0396', '39.0512'] lr = 0.0000019
2025-07-22 17:40:21,344 - AdaPoinTr - INFO - [Epoch 181/200][Batch 2001/2622] BatchTime = 0.711 (s) DataTime = 0.001 (s) Losses = ['5.4925', '41.9471'] lr = 0.0000019
2025-07-22 17:41:33,116 - AdaPoinTr - INFO - [Epoch 181/200][Batch 2101/2622] BatchTime = 0.714 (s) DataTime = 0.001 (s) Losses = ['5.6002', '42.4289'] lr = 0.0000019
2025-07-22 17:42:44,939 - AdaPoinTr - INFO - [Epoch 181/200][Batch 2201/2622] BatchTime = 0.714 (s) DataTime = 0.001 (s) Losses = ['4.3752', '33.0711'] lr = 0.0000019
2025-07-22 17:43:56,781 - AdaPoinTr - INFO - [Epoch 181/200][Batch 2301/2622] BatchTime = 0.718 (s) DataTime = 0.001 (s) Losses = ['5.0876', '38.1220'] lr = 0.0000019
2025-07-22 17:45:08,616 - AdaPoinTr - INFO - [Epoch 181/200][Batch 2401/2622] BatchTime = 0.716 (s) DataTime = 0.001 (s) Losses = ['5.5307', '39.8383'] lr = 0.0000019
2025-07-22 17:46:20,381 - AdaPoinTr - INFO - [Epoch 181/200][Batch 2501/2622] BatchTime = 0.715 (s) DataTime = 0.001 (s) Losses = ['4.4669', '33.3153'] lr = 0.0000019
2025-07-22 17:47:32,129 - AdaPoinTr - INFO - [Epoch 181/200][Batch 2601/2622] BatchTime = 0.706 (s) DataTime = 0.001 (s) Losses = ['4.5960', '35.6018'] lr = 0.0000019
2025-07-22 17:47:47,244 - AdaPoinTr - INFO - [Training] EPOCH: 181 EpochTime = 1882.266 (s) Losses = ['5.1356', '38.9430']
2025-07-22 17:47:47,709 - AdaPoinTr - INFO - Save checkpoint at ./experiments/AdaPoinTr/ShapeNet55_models/AdaPoinTr/ckpt-last.pth
2025-07-22 17:47:48,502 - AdaPoinTr - INFO - [Epoch 182/200][Batch 1/2622] BatchTime = 0.792 (s) DataTime = 0.090 (s) Losses = ['4.9533', '36.6477'] lr = 0.0000019
2025-07-22 17:49:00,316 - AdaPoinTr - INFO - [Epoch 182/200][Batch 101/2622] BatchTime = 0.708 (s) DataTime = 0.001 (s) Losses = ['5.3017', '42.3143'] lr = 0.0000019
2025-07-22 17:50:12,167 - AdaPoinTr - INFO - [Epoch 182/200][Batch 201/2622] BatchTime = 0.705 (s) DataTime = 0.001 (s) Losses = ['4.3667', '33.9720'] lr = 0.0000019
2025-07-22 17:51:23,947 - AdaPoinTr - INFO - [Epoch 182/200][Batch 301/2622] BatchTime = 0.714 (s) DataTime = 0.001 (s) Losses = ['5.7952', '43.8581'] lr = 0.0000019
2025-07-22 17:52:35,727 - AdaPoinTr - INFO - [Epoch 182/200][Batch 401/2622] BatchTime = 0.723 (s) DataTime = 0.001 (s) Losses = ['5.2904', '49.1683'] lr = 0.0000019
2025-07-22 17:53:47,511 - AdaPoinTr - INFO - [Epoch 182/200][Batch 501/2622] BatchTime = 0.717 (s) DataTime = 0.001 (s) Losses = ['4.7234', '34.8855'] lr = 0.0000019
2025-07-22 17:54:59,305 - AdaPoinTr - INFO - [Epoch 182/200][Batch 601/2622] BatchTime = 0.713 (s) DataTime = 0.001 (s) Losses = ['5.5809', '41.4035'] lr = 0.0000019
2025-07-22 17:56:11,085 - AdaPoinTr - INFO - [Epoch 182/200][Batch 701/2622] BatchTime = 0.709 (s) DataTime = 0.001 (s) Losses = ['5.2998', '44.4326'] lr = 0.0000019
2025-07-22 17:57:22,864 - AdaPoinTr - INFO - [Epoch 182/200][Batch 801/2622] BatchTime = 0.707 (s) DataTime = 0.001 (s) Losses = ['5.4937', '39.7341'] lr = 0.0000019
2025-07-22 17:58:34,663 - AdaPoinTr - INFO - [Epoch 182/200][Batch 901/2622] BatchTime = 0.713 (s) DataTime = 0.001 (s) Losses = ['4.6693', '34.1770'] lr = 0.0000019
2025-07-22 17:59:46,450 - AdaPoinTr - INFO - [Epoch 182/200][Batch 1001/2622] BatchTime = 0.715 (s) DataTime = 0.001 (s) Losses = ['4.4767', '35.3374'] lr = 0.0000019
2025-07-22 18:00:58,250 - AdaPoinTr - INFO - [Epoch 182/200][Batch 1101/2622] BatchTime = 0.713 (s) DataTime = 0.001 (s) Losses = ['4.8404', '36.5853'] lr = 0.0000019
2025-07-22 18:02:10,075 - AdaPoinTr - INFO - [Epoch 182/200][Batch 1201/2622] BatchTime = 0.714 (s) DataTime = 0.001 (s) Losses = ['4.3773', '34.6349'] lr = 0.0000019
2025-07-22 18:03:21,919 - AdaPoinTr - INFO - [Epoch 182/200][Batch 1301/2622] BatchTime = 0.716 (s) DataTime = 0.001 (s) Losses = ['4.7383', '37.2887'] lr = 0.0000019
2025-07-22 18:04:33,722 - AdaPoinTr - INFO - [Epoch 182/200][Batch 1401/2622] BatchTime = 0.719 (s) DataTime = 0.001 (s) Losses = ['5.0462', '42.9530'] lr = 0.0000019
2025-07-22 18:05:45,494 - AdaPoinTr - INFO - [Epoch 182/200][Batch 1501/2622] BatchTime = 0.712 (s) DataTime = 0.001 (s) Losses = ['4.9005', '38.5578'] lr = 0.0000019
2025-07-22 18:06:57,333 - AdaPoinTr - INFO - [Epoch 182/200][Batch 1601/2622] BatchTime = 0.713 (s) DataTime = 0.001 (s) Losses = ['5.2171', '40.8154'] lr = 0.0000019
2025-07-22 18:08:09,150 - AdaPoinTr - INFO - [Epoch 182/200][Batch 1701/2622] BatchTime = 0.711 (s) DataTime = 0.001 (s) Losses = ['5.1287', '40.5992'] lr = 0.0000019
2025-07-22 18:09:20,940 - AdaPoinTr - INFO - [Epoch 182/200][Batch 1801/2622] BatchTime = 0.707 (s) DataTime = 0.001 (s) Losses = ['5.0219', '37.8069'] lr = 0.0000019
2025-07-22 18:10:32,738 - AdaPoinTr - INFO - [Epoch 182/200][Batch 1901/2622] BatchTime = 0.707 (s) DataTime = 0.001 (s) Losses = ['5.4738', '39.7817'] lr = 0.0000019
2025-07-22 18:11:44,530 - AdaPoinTr - INFO - [Epoch 182/200][Batch 2001/2622] BatchTime = 0.710 (s) DataTime = 0.001 (s) Losses = ['5.3934', '39.2391'] lr = 0.0000019
2025-07-22 18:12:56,335 - AdaPoinTr - INFO - [Epoch 182/200][Batch 2101/2622] BatchTime = 0.718 (s) DataTime = 0.001 (s) Losses = ['5.6719', '40.5229'] lr = 0.0000019
2025-07-22 18:14:08,129 - AdaPoinTr - INFO - [Epoch 182/200][Batch 2201/2622] BatchTime = 0.717 (s) DataTime = 0.001 (s) Losses = ['4.5422', '36.5108'] lr = 0.0000019
2025-07-22 18:15:19,886 - AdaPoinTr - INFO - [Epoch 182/200][Batch 2301/2622] BatchTime = 0.711 (s) DataTime = 0.001 (s) Losses = ['4.9462', '41.5506'] lr = 0.0000019
2025-07-22 18:16:31,666 - AdaPoinTr - INFO - [Epoch 182/200][Batch 2401/2622] BatchTime = 0.707 (s) DataTime = 0.001 (s) Losses = ['5.3225', '40.6042'] lr = 0.0000019
2025-07-22 18:17:43,484 - AdaPoinTr - INFO - [Epoch 182/200][Batch 2501/2622] BatchTime = 0.708 (s) DataTime = 0.001 (s) Losses = ['4.9019', '37.9291'] lr = 0.0000019
2025-07-22 18:18:55,261 - AdaPoinTr - INFO - [Epoch 182/200][Batch 2601/2622] BatchTime = 0.704 (s) DataTime = 0.001 (s) Losses = ['5.1873', '40.7882'] lr = 0.0000019
2025-07-22 18:19:10,378 - AdaPoinTr - INFO - [Training] EPOCH: 182 EpochTime = 1882.667 (s) Losses = ['5.1342', '38.8372']
2025-07-22 18:19:10,839 - AdaPoinTr - INFO - Save checkpoint at ./experiments/AdaPoinTr/ShapeNet55_models/AdaPoinTr/ckpt-last.pth
2025-07-22 18:19:11,635 - AdaPoinTr - INFO - [Epoch 183/200][Batch 1/2622] BatchTime = 0.795 (s) DataTime = 0.090 (s) Losses = ['5.2687', '42.1908'] lr = 0.0000018
2025-07-22 18:20:07,082 - AdaPoinTr - INFO - [Epoch 183/200][Batch 101/2622] BatchTime = 0.512 (s) DataTime = 0.001 (s) Losses = ['5.1572', '39.6102'] lr = 0.0000018
2025-07-22 18:20:58,672 - AdaPoinTr - INFO - [Epoch 183/200][Batch 201/2622] BatchTime = 0.509 (s) DataTime = 0.001 (s) Losses = ['5.6011', '42.3397'] lr = 0.0000018
2025-07-22 18:21:50,254 - AdaPoinTr - INFO - [Epoch 183/200][Batch 301/2622] BatchTime = 0.513 (s) DataTime = 0.001 (s) Losses = ['5.1962', '40.0775'] lr = 0.0000018
2025-07-22 18:22:41,784 - AdaPoinTr - INFO - [Epoch 183/200][Batch 401/2622] BatchTime = 0.510 (s) DataTime = 0.001 (s) Losses = ['5.5662', '40.2807'] lr = 0.0000018
2025-07-22 18:23:33,376 - AdaPoinTr - INFO - [Epoch 183/200][Batch 501/2622] BatchTime = 0.512 (s) DataTime = 0.001 (s) Losses = ['5.4706', '39.8375'] lr = 0.0000018
2025-07-22 18:24:24,953 - AdaPoinTr - INFO - [Epoch 183/200][Batch 601/2622] BatchTime = 0.513 (s) DataTime = 0.001 (s) Losses = ['4.3938', '34.4629'] lr = 0.0000018
2025-07-22 18:25:16,465 - AdaPoinTr - INFO - [Epoch 183/200][Batch 701/2622] BatchTime = 0.513 (s) DataTime = 0.001 (s) Losses = ['5.4292', '42.5242'] lr = 0.0000018
2025-07-22 18:26:08,044 - AdaPoinTr - INFO - [Epoch 183/200][Batch 801/2622] BatchTime = 0.513 (s) DataTime = 0.001 (s) Losses = ['4.5737', '37.5053'] lr = 0.0000018
2025-07-22 18:26:59,608 - AdaPoinTr - INFO - [Epoch 183/200][Batch 901/2622] BatchTime = 0.503 (s) DataTime = 0.001 (s) Losses = ['5.2458', '38.3652'] lr = 0.0000018
2025-07-22 18:27:51,151 - AdaPoinTr - INFO - [Epoch 183/200][Batch 1001/2622] BatchTime = 0.511 (s) DataTime = 0.001 (s) Losses = ['5.3013', '38.1148'] lr = 0.0000018
2025-07-22 18:28:42,692 - AdaPoinTr - INFO - [Epoch 183/200][Batch 1101/2622] BatchTime = 0.520 (s) DataTime = 0.001 (s) Losses = ['5.1405', '35.4730'] lr = 0.0000018
2025-07-22 18:29:34,249 - AdaPoinTr - INFO - [Epoch 183/200][Batch 1201/2622] BatchTime = 0.509 (s) DataTime = 0.001 (s) Losses = ['5.6943', '39.4786'] lr = 0.0000018
2025-07-22 18:30:25,831 - AdaPoinTr - INFO - [Epoch 183/200][Batch 1301/2622] BatchTime = 0.511 (s) DataTime = 0.001 (s) Losses = ['4.8178', '38.9179'] lr = 0.0000018
2025-07-22 18:31:05,473 - AdaPoinTr - INFO - [Epoch 183/200][Batch 1401/2622] BatchTime = 0.327 (s) DataTime = 0.001 (s) Losses = ['5.1682', '38.4404'] lr = 0.0000018
2025-07-22 18:31:38,539 - AdaPoinTr - INFO - [Epoch 183/200][Batch 1501/2622] BatchTime = 0.328 (s) DataTime = 0.001 (s) Losses = ['4.5732', '37.6258'] lr = 0.0000018
2025-07-22 18:32:11,633 - AdaPoinTr - INFO - [Epoch 183/200][Batch 1601/2622] BatchTime = 0.332 (s) DataTime = 0.001 (s) Losses = ['5.5855', '42.2987'] lr = 0.0000018
2025-07-22 18:32:44,718 - AdaPoinTr - INFO - [Epoch 183/200][Batch 1701/2622] BatchTime = 0.328 (s) DataTime = 0.001 (s) Losses = ['5.2043', '39.5803'] lr = 0.0000018
2025-07-22 18:33:17,802 - AdaPoinTr - INFO - [Epoch 183/200][Batch 1801/2622] BatchTime = 0.326 (s) DataTime = 0.001 (s) Losses = ['5.2619', '43.5547'] lr = 0.0000018
2025-07-22 18:33:50,876 - AdaPoinTr - INFO - [Epoch 183/200][Batch 1901/2622] BatchTime = 0.327 (s) DataTime = 0.001 (s) Losses = ['4.8490', '36.1163'] lr = 0.0000018
2025-07-22 18:34:23,966 - AdaPoinTr - INFO - [Epoch 183/200][Batch 2001/2622] BatchTime = 0.329 (s) DataTime = 0.001 (s) Losses = ['5.3626', '40.8573'] lr = 0.0000018
2025-07-22 18:34:57,026 - AdaPoinTr - INFO - [Epoch 183/200][Batch 2101/2622] BatchTime = 0.327 (s) DataTime = 0.001 (s) Losses = ['5.5327', '36.7376'] lr = 0.0000018
2025-07-22 18:35:30,099 - AdaPoinTr - INFO - [Epoch 183/200][Batch 2201/2622] BatchTime = 0.330 (s) DataTime = 0.001 (s) Losses = ['5.0377', '38.1902'] lr = 0.0000018
2025-07-22 18:36:03,182 - AdaPoinTr - INFO - [Epoch 183/200][Batch 2301/2622] BatchTime = 0.329 (s) DataTime = 0.001 (s) Losses = ['5.1196', '38.5271'] lr = 0.0000018
2025-07-22 18:36:36,261 - AdaPoinTr - INFO - [Epoch 183/200][Batch 2401/2622] BatchTime = 0.328 (s) DataTime = 0.001 (s) Losses = ['5.2486', '41.8258'] lr = 0.0000018
2025-07-22 18:37:09,343 - AdaPoinTr - INFO - [Epoch 183/200][Batch 2501/2622] BatchTime = 0.329 (s) DataTime = 0.001 (s) Losses = ['5.7307', '42.7498'] lr = 0.0000018
2025-07-22 18:37:42,441 - AdaPoinTr - INFO - [Epoch 183/200][Batch 2601/2622] BatchTime = 0.328 (s) DataTime = 0.001 (s) Losses = ['4.8762', '39.7768'] lr = 0.0000018
2025-07-22 18:37:49,421 - AdaPoinTr - INFO - [Training] EPOCH: 183 EpochTime = 1118.581 (s) Losses = ['5.1323', '38.8688']
2025-07-22 18:37:49,879 - AdaPoinTr - INFO - Save checkpoint at ./experiments/AdaPoinTr/ShapeNet55_models/AdaPoinTr/ckpt-last.pth
2025-07-22 18:37:50,303 - AdaPoinTr - INFO - [Epoch 184/200][Batch 1/2622] BatchTime = 0.423 (s) DataTime = 0.089 (s) Losses = ['5.6172', '41.5232'] lr = 0.0000018
2025-07-22 18:38:23,316 - AdaPoinTr - INFO - [Epoch 184/200][Batch 101/2622] BatchTime = 0.326 (s) DataTime = 0.001 (s) Losses = ['4.3966', '36.4971'] lr = 0.0000018
2025-07-22 18:38:56,330 - AdaPoinTr - INFO - [Epoch 184/200][Batch 201/2622] BatchTime = 0.327 (s) DataTime = 0.001 (s) Losses = ['5.9162', '44.3075'] lr = 0.0000018
2025-07-22 18:39:29,347 - AdaPoinTr - INFO - [Epoch 184/200][Batch 301/2622] BatchTime = 0.327 (s) DataTime = 0.001 (s) Losses = ['4.6740', '37.1014'] lr = 0.0000018
2025-07-22 18:40:02,361 - AdaPoinTr - INFO - [Epoch 184/200][Batch 401/2622] BatchTime = 0.329 (s) DataTime = 0.001 (s) Losses = ['5.3140', '39.2419'] lr = 0.0000018
2025-07-22 18:40:35,378 - AdaPoinTr - INFO - [Epoch 184/200][Batch 501/2622] BatchTime = 0.327 (s) DataTime = 0.001 (s) Losses = ['5.7258', '41.6634'] lr = 0.0000018
2025-07-22 18:41:08,389 - AdaPoinTr - INFO - [Epoch 184/200][Batch 601/2622] BatchTime = 0.327 (s) DataTime = 0.001 (s) Losses = ['4.9457', '37.2158'] lr = 0.0000018
2025-07-22 18:41:41,407 - AdaPoinTr - INFO - [Epoch 184/200][Batch 701/2622] BatchTime = 0.328 (s) DataTime = 0.001 (s) Losses = ['4.7095', '39.0382'] lr = 0.0000018
2025-07-22 18:42:14,438 - AdaPoinTr - INFO - [Epoch 184/200][Batch 801/2622] BatchTime = 0.330 (s) DataTime = 0.001 (s) Losses = ['5.5110', '45.0281'] lr = 0.0000018
2025-07-22 18:42:47,464 - AdaPoinTr - INFO - [Epoch 184/200][Batch 901/2622] BatchTime = 0.328 (s) DataTime = 0.001 (s) Losses = ['5.7366', '42.4279'] lr = 0.0000018
2025-07-22 18:43:20,490 - AdaPoinTr - INFO - [Epoch 184/200][Batch 1001/2622] BatchTime = 0.326 (s) DataTime = 0.001 (s) Losses = ['5.2206', '40.8929'] lr = 0.0000018
2025-07-22 18:43:53,522 - AdaPoinTr - INFO - [Epoch 184/200][Batch 1101/2622] BatchTime = 0.326 (s) DataTime = 0.001 (s) Losses = ['4.5574', '32.3864'] lr = 0.0000018
2025-07-22 18:44:26,557 - AdaPoinTr - INFO - [Epoch 184/200][Batch 1201/2622] BatchTime = 0.327 (s) DataTime = 0.001 (s) Losses = ['5.0170', '37.6806'] lr = 0.0000018
2025-07-22 18:44:59,580 - AdaPoinTr - INFO - [Epoch 184/200][Batch 1301/2622] BatchTime = 0.327 (s) DataTime = 0.001 (s) Losses = ['5.1223', '35.4803'] lr = 0.0000018
2025-07-22 18:45:32,576 - AdaPoinTr - INFO - [Epoch 184/200][Batch 1401/2622] BatchTime = 0.327 (s) DataTime = 0.001 (s) Losses = ['5.2162', '36.3313'] lr = 0.0000018
2025-07-22 18:46:05,607 - AdaPoinTr - INFO - [Epoch 184/200][Batch 1501/2622] BatchTime = 0.327 (s) DataTime = 0.001 (s) Losses = ['5.1980', '41.2233'] lr = 0.0000018
2025-07-22 18:46:38,646 - AdaPoinTr - INFO - [Epoch 184/200][Batch 1601/2622] BatchTime = 0.327 (s) DataTime = 0.001 (s) Losses = ['3.9953', '32.8358'] lr = 0.0000018
2025-07-22 18:47:11,653 - AdaPoinTr - INFO - [Epoch 184/200][Batch 1701/2622] BatchTime = 0.326 (s) DataTime = 0.001 (s) Losses = ['5.9136', '45.6359'] lr = 0.0000018
2025-07-22 18:47:44,656 - AdaPoinTr - INFO - [Epoch 184/200][Batch 1801/2622] BatchTime = 0.327 (s) DataTime = 0.001 (s) Losses = ['5.4182', '40.1602'] lr = 0.0000018
2025-07-22 18:48:17,681 - AdaPoinTr - INFO - [Epoch 184/200][Batch 1901/2622] BatchTime = 0.327 (s) DataTime = 0.001 (s) Losses = ['4.9331', '38.3851'] lr = 0.0000018
2025-07-22 18:48:50,722 - AdaPoinTr - INFO - [Epoch 184/200][Batch 2001/2622] BatchTime = 0.330 (s) DataTime = 0.001 (s) Losses = ['5.1132', '37.9119'] lr = 0.0000018
2025-07-22 18:49:23,727 - AdaPoinTr - INFO - [Epoch 184/200][Batch 2101/2622] BatchTime = 0.328 (s) DataTime = 0.001 (s) Losses = ['5.2720', '41.9533'] lr = 0.0000018
2025-07-22 18:49:56,723 - AdaPoinTr - INFO - [Epoch 184/200][Batch 2201/2622] BatchTime = 0.329 (s) DataTime = 0.001 (s) Losses = ['5.5887', '42.7450'] lr = 0.0000018
2025-07-22 18:50:29,861 - AdaPoinTr - INFO - [Epoch 184/200][Batch 2301/2622] BatchTime = 0.328 (s) DataTime = 0.001 (s) Losses = ['5.8612', '43.2245'] lr = 0.0000018
2025-07-22 18:51:02,863 - AdaPoinTr - INFO - [Epoch 184/200][Batch 2401/2622] BatchTime = 0.327 (s) DataTime = 0.001 (s) Losses = ['5.3016', '38.3674'] lr = 0.0000018
2025-07-22 18:51:35,856 - AdaPoinTr - INFO - [Epoch 184/200][Batch 2501/2622] BatchTime = 0.329 (s) DataTime = 0.001 (s) Losses = ['5.1845', '40.0550'] lr = 0.0000018
2025-07-22 18:52:08,868 - AdaPoinTr - INFO - [Epoch 184/200][Batch 2601/2622] BatchTime = 0.328 (s) DataTime = 0.001 (s) Losses = ['5.2896', '40.4621'] lr = 0.0000018
2025-07-22 18:52:15,837 - AdaPoinTr - INFO - [Training] EPOCH: 184 EpochTime = 865.957 (s) Losses = ['5.1307', '38.7887']
2025-07-22 18:52:16,288 - AdaPoinTr - INFO - Save checkpoint at ./experiments/AdaPoinTr/ShapeNet55_models/AdaPoinTr/ckpt-last.pth
2025-07-22 18:52:16,712 - AdaPoinTr - INFO - [Epoch 185/200][Batch 1/2622] BatchTime = 0.422 (s) DataTime = 0.088 (s) Losses = ['4.9240', '38.6214'] lr = 0.0000018
2025-07-22 18:52:49,783 - AdaPoinTr - INFO - [Epoch 185/200][Batch 101/2622] BatchTime = 0.328 (s) DataTime = 0.001 (s) Losses = ['5.3231', '39.3210'] lr = 0.0000018
2025-07-22 18:53:22,873 - AdaPoinTr - INFO - [Epoch 185/200][Batch 201/2622] BatchTime = 0.330 (s) DataTime = 0.001 (s) Losses = ['5.2896', '40.4855'] lr = 0.0000018
2025-07-22 18:53:55,938 - AdaPoinTr - INFO - [Epoch 185/200][Batch 301/2622] BatchTime = 0.328 (s) DataTime = 0.001 (s) Losses = ['5.0827', '40.5296'] lr = 0.0000018
2025-07-22 18:54:29,027 - AdaPoinTr - INFO - [Epoch 185/200][Batch 401/2622] BatchTime = 0.328 (s) DataTime = 0.001 (s) Losses = ['5.2960', '40.3785'] lr = 0.0000018
2025-07-22 18:55:02,098 - AdaPoinTr - INFO - [Epoch 185/200][Batch 501/2622] BatchTime = 0.330 (s) DataTime = 0.001 (s) Losses = ['5.2051', '37.1576'] lr = 0.0000018
2025-07-22 18:55:35,182 - AdaPoinTr - INFO - [Epoch 185/200][Batch 601/2622] BatchTime = 0.328 (s) DataTime = 0.001 (s) Losses = ['5.0459', '38.7369'] lr = 0.0000018
2025-07-22 18:56:08,268 - AdaPoinTr - INFO - [Epoch 185/200][Batch 701/2622] BatchTime = 0.326 (s) DataTime = 0.001 (s) Losses = ['5.8239', '42.6471'] lr = 0.0000018
2025-07-22 18:56:41,330 - AdaPoinTr - INFO - [Epoch 185/200][Batch 801/2622] BatchTime = 0.330 (s) DataTime = 0.001 (s) Losses = ['5.0589', '38.0549'] lr = 0.0000018
2025-07-22 18:57:14,410 - AdaPoinTr - INFO - [Epoch 185/200][Batch 901/2622] BatchTime = 0.329 (s) DataTime = 0.001 (s) Losses = ['4.9152', '38.8456'] lr = 0.0000018
2025-07-22 18:57:47,493 - AdaPoinTr - INFO - [Epoch 185/200][Batch 1001/2622] BatchTime = 0.328 (s) DataTime = 0.001 (s) Losses = ['5.4418', '43.5299'] lr = 0.0000018
2025-07-22 18:58:20,558 - AdaPoinTr - INFO - [Epoch 185/200][Batch 1101/2622] BatchTime = 0.330 (s) DataTime = 0.001 (s) Losses = ['5.3278', '38.9215'] lr = 0.0000018
2025-07-22 18:58:53,592 - AdaPoinTr - INFO - [Epoch 185/200][Batch 1201/2622] BatchTime = 0.330 (s) DataTime = 0.001 (s) Losses = ['5.1050', '36.2784'] lr = 0.0000018
2025-07-22 18:59:26,651 - AdaPoinTr - INFO - [Epoch 185/200][Batch 1301/2622] BatchTime = 0.329 (s) DataTime = 0.001 (s) Losses = ['4.3323', '35.5872'] lr = 0.0000018
2025-07-22 18:59:59,720 - AdaPoinTr - INFO - [Epoch 185/200][Batch 1401/2622] BatchTime = 0.328 (s) DataTime = 0.001 (s) Losses = ['5.0747', '40.0490'] lr = 0.0000018
2025-07-22 19:00:32,783 - AdaPoinTr - INFO - [Epoch 185/200][Batch 1501/2622] BatchTime = 0.329 (s) DataTime = 0.001 (s) Losses = ['5.8903', '46.5590'] lr = 0.0000018
2025-07-22 19:01:05,840 - AdaPoinTr - INFO - [Epoch 185/200][Batch 1601/2622] BatchTime = 0.329 (s) DataTime = 0.001 (s) Losses = ['5.2692', '39.2506'] lr = 0.0000018
2025-07-22 19:01:38,911 - AdaPoinTr - INFO - [Epoch 185/200][Batch 1701/2622] BatchTime = 0.329 (s) DataTime = 0.001 (s) Losses = ['5.4564', '39.7345'] lr = 0.0000018
2025-07-22 19:02:11,981 - AdaPoinTr - INFO - [Epoch 185/200][Batch 1801/2622] BatchTime = 0.329 (s) DataTime = 0.001 (s) Losses = ['4.9465', '36.8429'] lr = 0.0000018
2025-07-22 19:02:45,055 - AdaPoinTr - INFO - [Epoch 185/200][Batch 1901/2622] BatchTime = 0.329 (s) DataTime = 0.001 (s) Losses = ['4.7788', '35.1227'] lr = 0.0000018
2025-07-22 19:03:18,130 - AdaPoinTr - INFO - [Epoch 185/200][Batch 2001/2622] BatchTime = 0.327 (s) DataTime = 0.001 (s) Losses = ['4.9206', '34.0076'] lr = 0.0000018
2025-07-22 19:03:51,200 - AdaPoinTr - INFO - [Epoch 185/200][Batch 2101/2622] BatchTime = 0.329 (s) DataTime = 0.001 (s) Losses = ['5.1141', '39.1017'] lr = 0.0000018
2025-07-22 19:04:24,267 - AdaPoinTr - INFO - [Epoch 185/200][Batch 2201/2622] BatchTime = 0.329 (s) DataTime = 0.001 (s) Losses = ['4.9455', '38.2846'] lr = 0.0000018
2025-07-22 19:04:57,316 - AdaPoinTr - INFO - [Epoch 185/200][Batch 2301/2622] BatchTime = 0.329 (s) DataTime = 0.001 (s) Losses = ['6.0272', '44.7379'] lr = 0.0000018
2025-07-22 19:05:30,391 - AdaPoinTr - INFO - [Epoch 185/200][Batch 2401/2622] BatchTime = 0.328 (s) DataTime = 0.001 (s) Losses = ['4.7513', '35.0121'] lr = 0.0000018
2025-07-22 19:06:03,454 - AdaPoinTr - INFO - [Epoch 185/200][Batch 2501/2622] BatchTime = 0.330 (s) DataTime = 0.001 (s) Losses = ['5.7492', '41.1864'] lr = 0.0000018
2025-07-22 19:06:36,504 - AdaPoinTr - INFO - [Epoch 185/200][Batch 2601/2622] BatchTime = 0.329 (s) DataTime = 0.001 (s) Losses = ['4.7858', '42.4461'] lr = 0.0000018
2025-07-22 19:06:43,481 - AdaPoinTr - INFO - [Training] EPOCH: 185 EpochTime = 867.192 (s) Losses = ['5.1312', '38.8724']
2025-07-22 19:06:43,482 - AdaPoinTr - INFO - [VALIDATION] Start validating epoch 185
2025-07-22 19:07:14,426 - AdaPoinTr - INFO - Test[1051/10518] Taxonomy = 02691156 Sample = c7749c0a8b61f43bc9b9e28055202e3d Losses = ['22.4428', '2.0918', '10.3904', '0.5567'] Metrics = ['0.5639', '10.3904', '0.5567', '0.0000']
2025-07-22 19:07:45,510 - AdaPoinTr - INFO - Test[2102/10518] Taxonomy = 03211117 Sample = ab2f9418c111cc6ddb965514105122a4 Losses = ['18.9947', '1.3923', '7.6161', '0.2022'] Metrics = ['0.6596', '7.6161', '0.2022', '0.0000']
2025-07-22 19:08:16,709 - AdaPoinTr - INFO - Test[3153/10518] Taxonomy = 02876657 Sample = c5032e4be091aabb36fe7a88df793982 Losses = ['40.1074', '7.3746', '13.7694', '0.6644'] Metrics = ['0.3366', '13.7694', '0.6644', '0.0000']
2025-07-22 19:08:47,907 - AdaPoinTr - INFO - Test[4204/10518] Taxonomy = 03211117 Sample = 722df1da5778d45b1e43523279c7f09f Losses = ['26.3284', '2.4963', '10.9326', '0.4378'] Metrics = ['0.4463', '10.9326', '0.4378', '0.0000']
2025-07-22 19:09:19,159 - AdaPoinTr - INFO - Test[5255/10518] Taxonomy = 02828884 Sample = 14b63361a48a9fffe4a048c146e8bd43 Losses = ['29.2350', '3.2875', '12.9198', '0.8010'] Metrics = ['0.4318', '12.9198', '0.8010', '0.0000']
2025-07-22 19:09:50,332 - AdaPoinTr - INFO - Test[6306/10518] Taxonomy = 03211117 Sample = d330d50a0255529d19ed6e1a590c9122 Losses = ['21.5486', '1.6141', '9.6850', '0.2988'] Metrics = ['0.4792', '9.6850', '0.2988', '0.0000']
2025-07-22 19:10:21,408 - AdaPoinTr - INFO - Test[7357/10518] Taxonomy = 04379243 Sample = b1ca280d9567270ade98d10ab5975b59 Losses = ['27.6961', '2.8906', '13.3857', '0.5492'] Metrics = ['0.2986', '13.3857', '0.5492', '0.0000']
2025-07-22 19:10:52,421 - AdaPoinTr - INFO - Test[8408/10518] Taxonomy = 03001627 Sample = 89208a619341d9fdb8c516ed5c4ce32 Losses = ['26.6728', '2.4164', '12.4457', '0.4859'] Metrics = ['0.3076', '12.4457', '0.4859', '0.0000']
2025-07-22 19:11:23,383 - AdaPoinTr - INFO - Test[9459/10518] Taxonomy = 03001627 Sample = d0255120e3351121c3bd24f986301745 Losses = ['37.0186', '5.1641', '18.1311', '1.4141'] Metrics = ['0.2274', '18.1311', '1.4141', '0.0000']
2025-07-22 19:11:54,346 - AdaPoinTr - INFO - Test[10510/10518] Taxonomy = 03636649 Sample = ea9ec4d9db2e06202471e6dd5ac3ef92 Losses = ['21.4163', '2.3301', '12.1401', '1.0014'] Metrics = ['0.6708', '12.1401', '1.0014', '0.0000']
2025-07-22 19:11:54,612 - AdaPoinTr - INFO - [Validation] EPOCH: 185  Metrics = ['0.3885', '13.5294', '0.8935', '0.0000']
2025-07-22 19:11:54,612 - AdaPoinTr - INFO - ============================ TEST RESULTS ============================
2025-07-22 19:11:54,612 - AdaPoinTr - INFO - Taxonomy	#Sample	F-Score	CDL1	CDL2	EMDistance	#ModelName	
2025-07-22 19:11:54,612 - AdaPoinTr - INFO - 03759954	14	0.608 	11.879 	1.166 	0.000 	microphone	
2025-07-22 19:11:54,612 - AdaPoinTr - INFO - 04330267	44	0.295 	15.977 	1.164 	0.000 	stove	
2025-07-22 19:11:54,612 - AdaPoinTr - INFO - 03261776	15	0.341 	16.137 	1.206 	0.000 	earphone	
2025-07-22 19:11:54,612 - AdaPoinTr - INFO - 03513137	33	0.226 	19.653 	2.093 	0.000 	helmet	
2025-07-22 19:11:54,612 - AdaPoinTr - INFO - 04460130	27	0.441 	13.453 	0.866 	0.000 	tower	
2025-07-22 19:11:54,612 - AdaPoinTr - INFO - 04468005	78	0.408 	12.367 	0.653 	0.000 	train	
2025-07-22 19:11:54,612 - AdaPoinTr - INFO - 03761084	31	0.251 	15.755 	0.974 	0.000 	microwaves	
2025-07-22 19:11:54,612 - AdaPoinTr - INFO - 04004475	34	0.286 	16.209 	1.222 	0.000 	printer	
2025-07-22 19:11:54,612 - AdaPoinTr - INFO - 03938244	20	0.325 	14.346 	0.917 	0.000 	pillow	
2025-07-22 19:11:54,612 - AdaPoinTr - INFO - 02992529	167	0.443 	10.507 	0.394 	0.000 	cellphone	
2025-07-22 19:11:54,612 - AdaPoinTr - INFO - 02808440	172	0.311 	13.972 	0.853 	0.000 	bathtub	
2025-07-22 19:11:54,612 - AdaPoinTr - INFO - 04530566	388	0.525 	10.758 	0.553 	0.000 	watercraft	
2025-07-22 19:11:54,612 - AdaPoinTr - INFO - 02871439	91	0.266 	15.714 	1.088 	0.000 	bookshelf	
2025-07-22 19:11:54,612 - AdaPoinTr - INFO - 03593526	120	0.287 	16.390 	1.228 	0.000 	jar	
2025-07-22 19:11:54,612 - AdaPoinTr - INFO - 04554684	34	0.240 	16.630 	1.139 	0.000 	washer	
2025-07-22 19:11:54,612 - AdaPoinTr - INFO - 03467517	160	0.837 	6.233 	0.176 	0.000 	guitar	
2025-07-22 19:11:54,612 - AdaPoinTr - INFO - 04401088	218	0.445 	10.434 	0.395 	0.000 	telephone	
2025-07-22 19:11:54,612 - AdaPoinTr - INFO - 02954340	12	0.324 	13.342 	0.656 	0.000 	cap	
2025-07-22 19:11:54,612 - AdaPoinTr - INFO - 02933112	315	0.253 	14.595 	0.760 	0.000 	cabinet	
2025-07-22 19:11:54,612 - AdaPoinTr - INFO - 03642806	92	0.404 	10.621 	0.372 	0.000 	laptop	
2025-07-22 19:11:54,612 - AdaPoinTr - INFO - 02924116	188	0.380 	12.185 	0.584 	0.000 	bus	
2025-07-22 19:11:54,612 - AdaPoinTr - INFO - 02946921	22	0.275 	15.367 	1.107 	0.000 	can	
2025-07-22 19:11:54,612 - AdaPoinTr - INFO - 02818832	47	0.300 	15.347 	1.029 	0.000 	bed	
2025-07-22 19:11:54,612 - AdaPoinTr - INFO - 04256520	635	0.317 	13.526 	0.695 	0.000 	sofa	
2025-07-22 19:11:54,612 - AdaPoinTr - INFO - 04379243	1687	0.402 	12.219 	0.720 	0.000 	table	
2025-07-22 19:11:54,612 - AdaPoinTr - INFO - 02747177	69	0.206 	17.122 	1.198 	0.000 	trash bin	
2025-07-22 19:11:54,612 - AdaPoinTr - INFO - 03046257	131	0.331 	13.907 	0.815 	0.000 	clock	
2025-07-22 19:11:54,612 - AdaPoinTr - INFO - 04225987	31	0.582 	8.913 	0.307 	0.000 	skateboard	
2025-07-22 19:11:54,612 - AdaPoinTr - INFO - 03797390	43	0.212 	17.723 	1.316 	0.000 	mug	
2025-07-22 19:11:54,612 - AdaPoinTr - INFO - 03001627	1356	0.393 	12.934 	0.771 	0.000 	chair	
2025-07-22 19:11:54,612 - AdaPoinTr - INFO - 03691459	320	0.269 	16.419 	1.209 	0.000 	loudspeaker	
2025-07-22 19:11:54,612 - AdaPoinTr - INFO - 02942699	23	0.259 	20.725 	2.870 	0.000 	camera	
2025-07-22 19:11:54,612 - AdaPoinTr - INFO - 03636649	464	0.561 	12.652 	1.322 	0.000 	lamp	
2025-07-22 19:11:54,612 - AdaPoinTr - INFO - 02691156	809	0.606 	8.980 	0.391 	0.000 	airplane	
2025-07-22 19:11:54,612 - AdaPoinTr - INFO - 02773838	17	0.372 	12.774 	0.670 	0.000 	bag	
2025-07-22 19:11:54,612 - AdaPoinTr - INFO - 02958343	703	0.232 	15.553 	0.872 	0.000 	car	
2025-07-22 19:11:54,612 - AdaPoinTr - INFO - 02880940	38	0.256 	14.839 	0.804 	0.000 	bowl	
2025-07-22 19:11:54,612 - AdaPoinTr - INFO - 04099429	17	0.755 	7.504 	0.305 	0.000 	rocket	
2025-07-22 19:11:54,613 - AdaPoinTr - INFO - 02828884	363	0.463 	10.581 	0.496 	0.000 	bench	
2025-07-22 19:11:54,613 - AdaPoinTr - INFO - 04090263	475	0.712 	8.102 	0.356 	0.000 	rifle	
2025-07-22 19:11:54,613 - AdaPoinTr - INFO - 03211117	219	0.373 	12.669 	0.694 	0.000 	display	
2025-07-22 19:11:54,613 - AdaPoinTr - INFO - 02876657	100	0.460 	11.276 	0.573 	0.000 	bottle	
2025-07-22 19:11:54,613 - AdaPoinTr - INFO - 03710193	19	0.556 	12.029 	1.048 	0.000 	mailbox	
2025-07-22 19:11:54,613 - AdaPoinTr - INFO - 03790512	68	0.271 	15.653 	0.949 	0.000 	motorbike	
2025-07-22 19:11:54,613 - AdaPoinTr - INFO - 03325088	149	0.487 	13.749 	1.320 	0.000 	faucet	
2025-07-22 19:11:54,613 - AdaPoinTr - INFO - 02801938	23	0.251 	15.337 	0.930 	0.000 	basket	
2025-07-22 19:11:54,613 - AdaPoinTr - INFO - 03337140	60	0.253 	15.316 	0.897 	0.000 	file cabinet	
2025-07-22 19:11:54,613 - AdaPoinTr - INFO - 02843684	15	0.252 	19.536 	2.046 	0.000 	birdhouse	
2025-07-22 19:11:54,613 - AdaPoinTr - INFO - 03624134	85	0.801 	6.765 	0.232 	0.000 	knife	
2025-07-22 19:11:54,613 - AdaPoinTr - INFO - 03991062	121	0.257 	17.928 	1.464 	0.000 	flowerpot	
2025-07-22 19:11:54,613 - AdaPoinTr - INFO - 03948459	62	0.492 	11.297 	0.637 	0.000 	pistol	
2025-07-22 19:11:54,613 - AdaPoinTr - INFO - 03928116	48	0.304 	15.522 	1.136 	0.000 	piano	
2025-07-22 19:11:54,613 - AdaPoinTr - INFO - 03207941	19	0.254 	15.063 	0.838 	0.000 	dishwasher	
2025-07-22 19:11:54,613 - AdaPoinTr - INFO - 04074963	14	0.493 	9.960 	0.350 	0.000 	remote	
2025-07-22 19:11:54,613 - AdaPoinTr - INFO - 03085013	13	0.462 	9.677 	0.322 	0.000 	keyboard	
2025-07-22 19:11:54,613 - AdaPoinTr - INFO - Overall		0.388 	13.529 	0.894 	0.000 	
2025-07-22 19:11:55,066 - AdaPoinTr - INFO - Save checkpoint at ./experiments/AdaPoinTr/ShapeNet55_models/AdaPoinTr/ckpt-last.pth
2025-07-22 19:11:55,490 - AdaPoinTr - INFO - [Epoch 186/200][Batch 1/2622] BatchTime = 0.423 (s) DataTime = 0.087 (s) Losses = ['4.8281', '37.6445'] lr = 0.0000017
2025-07-22 19:12:28,546 - AdaPoinTr - INFO - [Epoch 186/200][Batch 101/2622] BatchTime = 0.328 (s) DataTime = 0.001 (s) Losses = ['5.1328', '41.4732'] lr = 0.0000017
2025-07-22 19:13:01,607 - AdaPoinTr - INFO - [Epoch 186/200][Batch 201/2622] BatchTime = 0.328 (s) DataTime = 0.001 (s) Losses = ['5.3967', '39.5181'] lr = 0.0000017
2025-07-22 19:13:34,671 - AdaPoinTr - INFO - [Epoch 186/200][Batch 301/2622] BatchTime = 0.329 (s) DataTime = 0.001 (s) Losses = ['5.0143', '40.2801'] lr = 0.0000017
2025-07-22 19:14:07,749 - AdaPoinTr - INFO - [Epoch 186/200][Batch 401/2622] BatchTime = 0.328 (s) DataTime = 0.001 (s) Losses = ['5.0492', '37.1672'] lr = 0.0000017
2025-07-22 19:14:40,827 - AdaPoinTr - INFO - [Epoch 186/200][Batch 501/2622] BatchTime = 0.329 (s) DataTime = 0.001 (s) Losses = ['5.0503', '39.5153'] lr = 0.0000017
2025-07-22 19:15:13,889 - AdaPoinTr - INFO - [Epoch 186/200][Batch 601/2622] BatchTime = 0.324 (s) DataTime = 0.001 (s) Losses = ['5.8484', '45.1214'] lr = 0.0000017
2025-07-22 19:15:46,978 - AdaPoinTr - INFO - [Epoch 186/200][Batch 701/2622] BatchTime = 0.330 (s) DataTime = 0.001 (s) Losses = ['5.4387', '42.7626'] lr = 0.0000017
2025-07-22 19:16:20,056 - AdaPoinTr - INFO - [Epoch 186/200][Batch 801/2622] BatchTime = 0.327 (s) DataTime = 0.001 (s) Losses = ['5.3484', '38.2813'] lr = 0.0000017
2025-07-22 19:16:53,138 - AdaPoinTr - INFO - [Epoch 186/200][Batch 901/2622] BatchTime = 0.328 (s) DataTime = 0.001 (s) Losses = ['4.9232', '37.9773'] lr = 0.0000017
2025-07-22 19:17:26,210 - AdaPoinTr - INFO - [Epoch 186/200][Batch 1001/2622] BatchTime = 0.329 (s) DataTime = 0.001 (s) Losses = ['5.3336', '40.4719'] lr = 0.0000017
2025-07-22 19:17:59,277 - AdaPoinTr - INFO - [Epoch 186/200][Batch 1101/2622] BatchTime = 0.327 (s) DataTime = 0.001 (s) Losses = ['5.0856', '39.6218'] lr = 0.0000017
2025-07-22 19:18:32,352 - AdaPoinTr - INFO - [Epoch 186/200][Batch 1201/2622] BatchTime = 0.329 (s) DataTime = 0.001 (s) Losses = ['5.1277', '38.8311'] lr = 0.0000017
2025-07-22 19:19:05,429 - AdaPoinTr - INFO - [Epoch 186/200][Batch 1301/2622] BatchTime = 0.326 (s) DataTime = 0.001 (s) Losses = ['5.0216', '40.7294'] lr = 0.0000017
2025-07-22 19:19:38,509 - AdaPoinTr - INFO - [Epoch 186/200][Batch 1401/2622] BatchTime = 0.328 (s) DataTime = 0.001 (s) Losses = ['4.3901', '32.5318'] lr = 0.0000017
2025-07-22 19:20:11,585 - AdaPoinTr - INFO - [Epoch 186/200][Batch 1501/2622] BatchTime = 0.328 (s) DataTime = 0.001 (s) Losses = ['4.3439', '32.9317'] lr = 0.0000017
2025-07-22 19:20:44,661 - AdaPoinTr - INFO - [Epoch 186/200][Batch 1601/2622] BatchTime = 0.331 (s) DataTime = 0.001 (s) Losses = ['5.1218', '42.2920'] lr = 0.0000017
2025-07-22 19:21:17,734 - AdaPoinTr - INFO - [Epoch 186/200][Batch 1701/2622] BatchTime = 0.327 (s) DataTime = 0.001 (s) Losses = ['5.4131', '44.6368'] lr = 0.0000017
2025-07-22 19:21:50,800 - AdaPoinTr - INFO - [Epoch 186/200][Batch 1801/2622] BatchTime = 0.328 (s) DataTime = 0.001 (s) Losses = ['4.8685', '35.4767'] lr = 0.0000017
2025-07-22 19:22:23,876 - AdaPoinTr - INFO - [Epoch 186/200][Batch 1901/2622] BatchTime = 0.329 (s) DataTime = 0.001 (s) Losses = ['4.8836', '41.5421'] lr = 0.0000017
2025-07-22 19:22:56,947 - AdaPoinTr - INFO - [Epoch 186/200][Batch 2001/2622] BatchTime = 0.330 (s) DataTime = 0.001 (s) Losses = ['5.0482', '37.5277'] lr = 0.0000017
2025-07-22 19:23:30,003 - AdaPoinTr - INFO - [Epoch 186/200][Batch 2101/2622] BatchTime = 0.327 (s) DataTime = 0.001 (s) Losses = ['4.8736', '36.4327'] lr = 0.0000017
2025-07-22 19:24:03,064 - AdaPoinTr - INFO - [Epoch 186/200][Batch 2201/2622] BatchTime = 0.329 (s) DataTime = 0.001 (s) Losses = ['5.9305', '42.1296'] lr = 0.0000017
2025-07-22 19:24:36,122 - AdaPoinTr - INFO - [Epoch 186/200][Batch 2301/2622] BatchTime = 0.329 (s) DataTime = 0.001 (s) Losses = ['5.0841', '41.0478'] lr = 0.0000017
2025-07-22 19:25:09,182 - AdaPoinTr - INFO - [Epoch 186/200][Batch 2401/2622] BatchTime = 0.326 (s) DataTime = 0.001 (s) Losses = ['4.8889', '38.3353'] lr = 0.0000017
2025-07-22 19:25:42,251 - AdaPoinTr - INFO - [Epoch 186/200][Batch 2501/2622] BatchTime = 0.327 (s) DataTime = 0.001 (s) Losses = ['5.4286', '40.2109'] lr = 0.0000017
2025-07-22 19:26:15,311 - AdaPoinTr - INFO - [Epoch 186/200][Batch 2601/2622] BatchTime = 0.327 (s) DataTime = 0.001 (s) Losses = ['5.1444', '44.8639'] lr = 0.0000017
2025-07-22 19:26:22,287 - AdaPoinTr - INFO - [Training] EPOCH: 186 EpochTime = 867.219 (s) Losses = ['5.1301', '38.8626']
2025-07-22 19:26:22,742 - AdaPoinTr - INFO - Save checkpoint at ./experiments/AdaPoinTr/ShapeNet55_models/AdaPoinTr/ckpt-last.pth
2025-07-22 19:26:23,169 - AdaPoinTr - INFO - [Epoch 187/200][Batch 1/2622] BatchTime = 0.426 (s) DataTime = 0.088 (s) Losses = ['4.9622', '35.5091'] lr = 0.0000017
2025-07-22 19:26:56,248 - AdaPoinTr - INFO - [Epoch 187/200][Batch 101/2622] BatchTime = 0.328 (s) DataTime = 0.001 (s) Losses = ['5.1023', '43.5925'] lr = 0.0000017
2025-07-22 19:27:29,319 - AdaPoinTr - INFO - [Epoch 187/200][Batch 201/2622] BatchTime = 0.330 (s) DataTime = 0.001 (s) Losses = ['5.3768', '38.6655'] lr = 0.0000017
2025-07-22 19:28:02,361 - AdaPoinTr - INFO - [Epoch 187/200][Batch 301/2622] BatchTime = 0.327 (s) DataTime = 0.001 (s) Losses = ['4.6241', '38.3565'] lr = 0.0000017
2025-07-22 19:28:35,427 - AdaPoinTr - INFO - [Epoch 187/200][Batch 401/2622] BatchTime = 0.329 (s) DataTime = 0.001 (s) Losses = ['5.2553', '39.3448'] lr = 0.0000017
2025-07-22 19:29:08,470 - AdaPoinTr - INFO - [Epoch 187/200][Batch 501/2622] BatchTime = 0.327 (s) DataTime = 0.001 (s) Losses = ['4.7304', '38.2327'] lr = 0.0000017
2025-07-22 19:29:41,534 - AdaPoinTr - INFO - [Epoch 187/200][Batch 601/2622] BatchTime = 0.326 (s) DataTime = 0.001 (s) Losses = ['4.6033', '35.2788'] lr = 0.0000017
2025-07-22 19:30:14,579 - AdaPoinTr - INFO - [Epoch 187/200][Batch 701/2622] BatchTime = 0.326 (s) DataTime = 0.001 (s) Losses = ['5.0534', '39.1351'] lr = 0.0000017
2025-07-22 19:30:47,643 - AdaPoinTr - INFO - [Epoch 187/200][Batch 801/2622] BatchTime = 0.328 (s) DataTime = 0.001 (s) Losses = ['5.1138', '42.9754'] lr = 0.0000017
2025-07-22 19:31:20,729 - AdaPoinTr - INFO - [Epoch 187/200][Batch 901/2622] BatchTime = 0.330 (s) DataTime = 0.001 (s) Losses = ['5.2683', '38.1777'] lr = 0.0000017
2025-07-22 19:31:53,808 - AdaPoinTr - INFO - [Epoch 187/200][Batch 1001/2622] BatchTime = 0.328 (s) DataTime = 0.001 (s) Losses = ['5.3558', '38.2671'] lr = 0.0000017
2025-07-22 19:32:26,845 - AdaPoinTr - INFO - [Epoch 187/200][Batch 1101/2622] BatchTime = 0.328 (s) DataTime = 0.001 (s) Losses = ['5.0748', '37.9437'] lr = 0.0000017
2025-07-22 19:32:59,924 - AdaPoinTr - INFO - [Epoch 187/200][Batch 1201/2622] BatchTime = 0.325 (s) DataTime = 0.001 (s) Losses = ['5.2894', '39.3023'] lr = 0.0000017
2025-07-22 19:33:32,973 - AdaPoinTr - INFO - [Epoch 187/200][Batch 1301/2622] BatchTime = 0.328 (s) DataTime = 0.001 (s) Losses = ['4.6141', '35.4251'] lr = 0.0000017
2025-07-22 19:34:06,046 - AdaPoinTr - INFO - [Epoch 187/200][Batch 1401/2622] BatchTime = 0.328 (s) DataTime = 0.001 (s) Losses = ['5.2844', '40.5087'] lr = 0.0000017
2025-07-22 19:34:39,107 - AdaPoinTr - INFO - [Epoch 187/200][Batch 1501/2622] BatchTime = 0.325 (s) DataTime = 0.001 (s) Losses = ['4.6802', '35.5755'] lr = 0.0000017
2025-07-22 19:35:12,176 - AdaPoinTr - INFO - [Epoch 187/200][Batch 1601/2622] BatchTime = 0.327 (s) DataTime = 0.001 (s) Losses = ['5.1923', '42.6169'] lr = 0.0000017
2025-07-22 19:35:45,222 - AdaPoinTr - INFO - [Epoch 187/200][Batch 1701/2622] BatchTime = 0.328 (s) DataTime = 0.001 (s) Losses = ['4.6231', '37.1211'] lr = 0.0000017
2025-07-22 19:36:18,301 - AdaPoinTr - INFO - [Epoch 187/200][Batch 1801/2622] BatchTime = 0.328 (s) DataTime = 0.001 (s) Losses = ['5.1140', '37.0379'] lr = 0.0000017
2025-07-22 19:36:51,365 - AdaPoinTr - INFO - [Epoch 187/200][Batch 1901/2622] BatchTime = 0.330 (s) DataTime = 0.001 (s) Losses = ['5.0861', '36.9639'] lr = 0.0000017
2025-07-22 19:37:24,441 - AdaPoinTr - INFO - [Epoch 187/200][Batch 2001/2622] BatchTime = 0.331 (s) DataTime = 0.001 (s) Losses = ['4.8305', '39.1543'] lr = 0.0000017
2025-07-22 19:37:57,508 - AdaPoinTr - INFO - [Epoch 187/200][Batch 2101/2622] BatchTime = 0.328 (s) DataTime = 0.001 (s) Losses = ['5.7003', '41.8631'] lr = 0.0000017
2025-07-22 19:38:30,571 - AdaPoinTr - INFO - [Epoch 187/200][Batch 2201/2622] BatchTime = 0.328 (s) DataTime = 0.001 (s) Losses = ['6.2613', '45.2959'] lr = 0.0000017
2025-07-22 19:39:03,638 - AdaPoinTr - INFO - [Epoch 187/200][Batch 2301/2622] BatchTime = 0.330 (s) DataTime = 0.001 (s) Losses = ['5.0329', '38.2493'] lr = 0.0000017
2025-07-22 19:39:36,680 - AdaPoinTr - INFO - [Epoch 187/200][Batch 2401/2622] BatchTime = 0.327 (s) DataTime = 0.001 (s) Losses = ['5.2274', '39.8590'] lr = 0.0000017
2025-07-22 19:40:09,719 - AdaPoinTr - INFO - [Epoch 187/200][Batch 2501/2622] BatchTime = 0.328 (s) DataTime = 0.001 (s) Losses = ['5.2276', '37.2211'] lr = 0.0000017
2025-07-22 19:40:42,764 - AdaPoinTr - INFO - [Epoch 187/200][Batch 2601/2622] BatchTime = 0.328 (s) DataTime = 0.001 (s) Losses = ['5.9013', '41.4549'] lr = 0.0000017
2025-07-22 19:40:49,738 - AdaPoinTr - INFO - [Training] EPOCH: 187 EpochTime = 866.994 (s) Losses = ['5.1297', '38.8455']
2025-07-22 19:40:50,193 - AdaPoinTr - INFO - Save checkpoint at ./experiments/AdaPoinTr/ShapeNet55_models/AdaPoinTr/ckpt-last.pth
2025-07-22 19:40:50,618 - AdaPoinTr - INFO - [Epoch 188/200][Batch 1/2622] BatchTime = 0.424 (s) DataTime = 0.087 (s) Losses = ['5.2551', '37.4553'] lr = 0.0000017
2025-07-22 19:41:23,691 - AdaPoinTr - INFO - [Epoch 188/200][Batch 101/2622] BatchTime = 0.329 (s) DataTime = 0.001 (s) Losses = ['4.8845', '37.8226'] lr = 0.0000017
2025-07-22 19:41:56,763 - AdaPoinTr - INFO - [Epoch 188/200][Batch 201/2622] BatchTime = 0.327 (s) DataTime = 0.001 (s) Losses = ['5.1700', '39.8494'] lr = 0.0000017
2025-07-22 19:42:29,836 - AdaPoinTr - INFO - [Epoch 188/200][Batch 301/2622] BatchTime = 0.329 (s) DataTime = 0.001 (s) Losses = ['5.7001', '44.6048'] lr = 0.0000017
2025-07-22 19:43:02,891 - AdaPoinTr - INFO - [Epoch 188/200][Batch 401/2622] BatchTime = 0.328 (s) DataTime = 0.001 (s) Losses = ['5.4135', '40.5477'] lr = 0.0000017
2025-07-22 19:43:35,949 - AdaPoinTr - INFO - [Epoch 188/200][Batch 501/2622] BatchTime = 0.327 (s) DataTime = 0.001 (s) Losses = ['5.4947', '40.1365'] lr = 0.0000017
2025-07-22 19:44:08,999 - AdaPoinTr - INFO - [Epoch 188/200][Batch 601/2622] BatchTime = 0.328 (s) DataTime = 0.001 (s) Losses = ['4.8818', '37.5528'] lr = 0.0000017
2025-07-22 19:44:42,062 - AdaPoinTr - INFO - [Epoch 188/200][Batch 701/2622] BatchTime = 0.326 (s) DataTime = 0.001 (s) Losses = ['5.3068', '42.6662'] lr = 0.0000017
2025-07-22 19:45:15,160 - AdaPoinTr - INFO - [Epoch 188/200][Batch 801/2622] BatchTime = 0.327 (s) DataTime = 0.001 (s) Losses = ['5.4413', '42.3322'] lr = 0.0000017
2025-07-22 19:45:48,218 - AdaPoinTr - INFO - [Epoch 188/200][Batch 901/2622] BatchTime = 0.328 (s) DataTime = 0.001 (s) Losses = ['5.2339', '41.0521'] lr = 0.0000017
2025-07-22 19:46:21,271 - AdaPoinTr - INFO - [Epoch 188/200][Batch 1001/2622] BatchTime = 0.327 (s) DataTime = 0.001 (s) Losses = ['5.5056', '40.6236'] lr = 0.0000017
2025-07-22 19:46:54,313 - AdaPoinTr - INFO - [Epoch 188/200][Batch 1101/2622] BatchTime = 0.326 (s) DataTime = 0.001 (s) Losses = ['5.1192', '36.8840'] lr = 0.0000017
2025-07-22 19:47:27,376 - AdaPoinTr - INFO - [Epoch 188/200][Batch 1201/2622] BatchTime = 0.328 (s) DataTime = 0.001 (s) Losses = ['5.3183', '38.2677'] lr = 0.0000017
2025-07-22 19:48:00,444 - AdaPoinTr - INFO - [Epoch 188/200][Batch 1301/2622] BatchTime = 0.328 (s) DataTime = 0.001 (s) Losses = ['6.1091', '46.4187'] lr = 0.0000017
2025-07-22 19:48:33,502 - AdaPoinTr - INFO - [Epoch 188/200][Batch 1401/2622] BatchTime = 0.328 (s) DataTime = 0.001 (s) Losses = ['5.4581', '38.6468'] lr = 0.0000017
2025-07-22 19:49:06,559 - AdaPoinTr - INFO - [Epoch 188/200][Batch 1501/2622] BatchTime = 0.327 (s) DataTime = 0.001 (s) Losses = ['5.3522', '41.3796'] lr = 0.0000017
2025-07-22 19:49:39,602 - AdaPoinTr - INFO - [Epoch 188/200][Batch 1601/2622] BatchTime = 0.329 (s) DataTime = 0.001 (s) Losses = ['4.8612', '38.3084'] lr = 0.0000017
2025-07-22 19:50:12,665 - AdaPoinTr - INFO - [Epoch 188/200][Batch 1701/2622] BatchTime = 0.327 (s) DataTime = 0.001 (s) Losses = ['5.1801', '41.7629'] lr = 0.0000017
2025-07-22 19:50:45,718 - AdaPoinTr - INFO - [Epoch 188/200][Batch 1801/2622] BatchTime = 0.327 (s) DataTime = 0.001 (s) Losses = ['5.1865', '37.0021'] lr = 0.0000017
2025-07-22 19:51:18,773 - AdaPoinTr - INFO - [Epoch 188/200][Batch 1901/2622] BatchTime = 0.328 (s) DataTime = 0.001 (s) Losses = ['4.9625', '40.8578'] lr = 0.0000017
2025-07-22 19:51:51,817 - AdaPoinTr - INFO - [Epoch 188/200][Batch 2001/2622] BatchTime = 0.327 (s) DataTime = 0.001 (s) Losses = ['5.6440', '42.1145'] lr = 0.0000017
2025-07-22 19:52:24,869 - AdaPoinTr - INFO - [Epoch 188/200][Batch 2101/2622] BatchTime = 0.327 (s) DataTime = 0.001 (s) Losses = ['5.4105', '39.9881'] lr = 0.0000017
2025-07-22 19:52:57,916 - AdaPoinTr - INFO - [Epoch 188/200][Batch 2201/2622] BatchTime = 0.327 (s) DataTime = 0.001 (s) Losses = ['4.5329', '33.7379'] lr = 0.0000017
2025-07-22 19:53:30,978 - AdaPoinTr - INFO - [Epoch 188/200][Batch 2301/2622] BatchTime = 0.327 (s) DataTime = 0.001 (s) Losses = ['5.5950', '41.2964'] lr = 0.0000017
2025-07-22 19:54:04,038 - AdaPoinTr - INFO - [Epoch 188/200][Batch 2401/2622] BatchTime = 0.326 (s) DataTime = 0.001 (s) Losses = ['4.9648', '38.4617'] lr = 0.0000017
2025-07-22 19:54:37,080 - AdaPoinTr - INFO - [Epoch 188/200][Batch 2501/2622] BatchTime = 0.328 (s) DataTime = 0.001 (s) Losses = ['5.2319', '43.4691'] lr = 0.0000017
2025-07-22 19:55:10,139 - AdaPoinTr - INFO - [Epoch 188/200][Batch 2601/2622] BatchTime = 0.329 (s) DataTime = 0.001 (s) Losses = ['4.5872', '35.0041'] lr = 0.0000017
2025-07-22 19:55:17,115 - AdaPoinTr - INFO - [Training] EPOCH: 188 EpochTime = 866.921 (s) Losses = ['5.1304', '38.8357']
2025-07-22 19:55:17,560 - AdaPoinTr - INFO - Save checkpoint at ./experiments/AdaPoinTr/ShapeNet55_models/AdaPoinTr/ckpt-last.pth
2025-07-22 19:55:17,985 - AdaPoinTr - INFO - [Epoch 189/200][Batch 1/2622] BatchTime = 0.424 (s) DataTime = 0.087 (s) Losses = ['4.9341', '37.1538'] lr = 0.0000016
2025-07-22 19:55:51,067 - AdaPoinTr - INFO - [Epoch 189/200][Batch 101/2622] BatchTime = 0.328 (s) DataTime = 0.001 (s) Losses = ['5.2418', '39.4206'] lr = 0.0000016
2025-07-22 19:56:24,112 - AdaPoinTr - INFO - [Epoch 189/200][Batch 201/2622] BatchTime = 0.329 (s) DataTime = 0.001 (s) Losses = ['5.1921', '37.1578'] lr = 0.0000016
2025-07-22 19:56:57,158 - AdaPoinTr - INFO - [Epoch 189/200][Batch 301/2622] BatchTime = 0.328 (s) DataTime = 0.001 (s) Losses = ['5.6104', '38.5618'] lr = 0.0000016
2025-07-22 19:57:30,210 - AdaPoinTr - INFO - [Epoch 189/200][Batch 401/2622] BatchTime = 0.327 (s) DataTime = 0.001 (s) Losses = ['4.9111', '40.3251'] lr = 0.0000016
2025-07-22 19:58:03,240 - AdaPoinTr - INFO - [Epoch 189/200][Batch 501/2622] BatchTime = 0.324 (s) DataTime = 0.001 (s) Losses = ['4.6395', '33.6214'] lr = 0.0000016
2025-07-22 19:58:36,300 - AdaPoinTr - INFO - [Epoch 189/200][Batch 601/2622] BatchTime = 0.327 (s) DataTime = 0.001 (s) Losses = ['5.1382', '41.5953'] lr = 0.0000016
2025-07-22 19:59:09,360 - AdaPoinTr - INFO - [Epoch 189/200][Batch 701/2622] BatchTime = 0.328 (s) DataTime = 0.001 (s) Losses = ['5.2968', '39.1119'] lr = 0.0000016
2025-07-22 19:59:42,389 - AdaPoinTr - INFO - [Epoch 189/200][Batch 801/2622] BatchTime = 0.326 (s) DataTime = 0.001 (s) Losses = ['5.7914', '43.5745'] lr = 0.0000016
2025-07-22 20:00:15,460 - AdaPoinTr - INFO - [Epoch 189/200][Batch 901/2622] BatchTime = 0.331 (s) DataTime = 0.001 (s) Losses = ['5.2543', '40.9460'] lr = 0.0000016
2025-07-22 20:00:48,517 - AdaPoinTr - INFO - [Epoch 189/200][Batch 1001/2622] BatchTime = 0.327 (s) DataTime = 0.001 (s) Losses = ['5.2792', '38.5540'] lr = 0.0000016
2025-07-22 20:01:21,605 - AdaPoinTr - INFO - [Epoch 189/200][Batch 1101/2622] BatchTime = 0.328 (s) DataTime = 0.001 (s) Losses = ['4.9597', '38.8118'] lr = 0.0000016
2025-07-22 20:01:54,659 - AdaPoinTr - INFO - [Epoch 189/200][Batch 1201/2622] BatchTime = 0.328 (s) DataTime = 0.001 (s) Losses = ['4.7106', '36.9185'] lr = 0.0000016
2025-07-22 20:02:27,699 - AdaPoinTr - INFO - [Epoch 189/200][Batch 1301/2622] BatchTime = 0.328 (s) DataTime = 0.001 (s) Losses = ['6.2919', '45.7542'] lr = 0.0000016
2025-07-22 20:03:00,735 - AdaPoinTr - INFO - [Epoch 189/200][Batch 1401/2622] BatchTime = 0.326 (s) DataTime = 0.001 (s) Losses = ['5.0338', '40.6435'] lr = 0.0000016
2025-07-22 20:03:33,778 - AdaPoinTr - INFO - [Epoch 189/200][Batch 1501/2622] BatchTime = 0.327 (s) DataTime = 0.001 (s) Losses = ['5.2418', '43.4816'] lr = 0.0000016
2025-07-22 20:04:06,818 - AdaPoinTr - INFO - [Epoch 189/200][Batch 1601/2622] BatchTime = 0.327 (s) DataTime = 0.001 (s) Losses = ['5.1452', '36.5575'] lr = 0.0000016
2025-07-22 20:04:39,877 - AdaPoinTr - INFO - [Epoch 189/200][Batch 1701/2622] BatchTime = 0.329 (s) DataTime = 0.001 (s) Losses = ['5.4518', '41.1648'] lr = 0.0000016
2025-07-22 20:05:12,931 - AdaPoinTr - INFO - [Epoch 189/200][Batch 1801/2622] BatchTime = 0.326 (s) DataTime = 0.001 (s) Losses = ['5.5294', '40.6848'] lr = 0.0000016
2025-07-22 20:05:45,993 - AdaPoinTr - INFO - [Epoch 189/200][Batch 1901/2622] BatchTime = 0.328 (s) DataTime = 0.001 (s) Losses = ['4.9830', '37.5696'] lr = 0.0000016
2025-07-22 20:06:19,061 - AdaPoinTr - INFO - [Epoch 189/200][Batch 2001/2622] BatchTime = 0.329 (s) DataTime = 0.001 (s) Losses = ['4.8500', '35.2585'] lr = 0.0000016
2025-07-22 20:06:52,133 - AdaPoinTr - INFO - [Epoch 189/200][Batch 2101/2622] BatchTime = 0.330 (s) DataTime = 0.001 (s) Losses = ['4.2283', '31.4938'] lr = 0.0000016
2025-07-22 20:07:25,199 - AdaPoinTr - INFO - [Epoch 189/200][Batch 2201/2622] BatchTime = 0.326 (s) DataTime = 0.001 (s) Losses = ['4.9661', '34.7797'] lr = 0.0000016
2025-07-22 20:07:58,271 - AdaPoinTr - INFO - [Epoch 189/200][Batch 2301/2622] BatchTime = 0.329 (s) DataTime = 0.001 (s) Losses = ['4.9662', '37.9105'] lr = 0.0000016
2025-07-22 20:08:31,316 - AdaPoinTr - INFO - [Epoch 189/200][Batch 2401/2622] BatchTime = 0.329 (s) DataTime = 0.001 (s) Losses = ['5.6061', '38.0072'] lr = 0.0000016
2025-07-22 20:09:04,365 - AdaPoinTr - INFO - [Epoch 189/200][Batch 2501/2622] BatchTime = 0.326 (s) DataTime = 0.001 (s) Losses = ['5.3380', '39.5180'] lr = 0.0000016
2025-07-22 20:09:37,409 - AdaPoinTr - INFO - [Epoch 189/200][Batch 2601/2622] BatchTime = 0.327 (s) DataTime = 0.001 (s) Losses = ['5.2799', '40.0653'] lr = 0.0000016
2025-07-22 20:09:44,378 - AdaPoinTr - INFO - [Training] EPOCH: 189 EpochTime = 866.817 (s) Losses = ['5.1304', '38.8004']
2025-07-22 20:09:44,824 - AdaPoinTr - INFO - Save checkpoint at ./experiments/AdaPoinTr/ShapeNet55_models/AdaPoinTr/ckpt-last.pth
2025-07-22 20:09:45,252 - AdaPoinTr - INFO - [Epoch 190/200][Batch 1/2622] BatchTime = 0.426 (s) DataTime = 0.089 (s) Losses = ['4.8148', '35.1025'] lr = 0.0000016
2025-07-22 20:10:18,320 - AdaPoinTr - INFO - [Epoch 190/200][Batch 101/2622] BatchTime = 0.327 (s) DataTime = 0.001 (s) Losses = ['5.2774', '42.1587'] lr = 0.0000016
2025-07-22 20:10:51,394 - AdaPoinTr - INFO - [Epoch 190/200][Batch 201/2622] BatchTime = 0.329 (s) DataTime = 0.001 (s) Losses = ['5.0575', '37.8350'] lr = 0.0000016
2025-07-22 20:11:24,465 - AdaPoinTr - INFO - [Epoch 190/200][Batch 301/2622] BatchTime = 0.327 (s) DataTime = 0.001 (s) Losses = ['5.5472', '42.8746'] lr = 0.0000016
2025-07-22 20:11:57,519 - AdaPoinTr - INFO - [Epoch 190/200][Batch 401/2622] BatchTime = 0.327 (s) DataTime = 0.001 (s) Losses = ['5.2019', '40.8095'] lr = 0.0000016
2025-07-22 20:12:30,580 - AdaPoinTr - INFO - [Epoch 190/200][Batch 501/2622] BatchTime = 0.330 (s) DataTime = 0.001 (s) Losses = ['5.8604', '40.0224'] lr = 0.0000016
2025-07-22 20:13:03,649 - AdaPoinTr - INFO - [Epoch 190/200][Batch 601/2622] BatchTime = 0.330 (s) DataTime = 0.001 (s) Losses = ['4.6805', '34.9134'] lr = 0.0000016
2025-07-22 20:13:36,750 - AdaPoinTr - INFO - [Epoch 190/200][Batch 701/2622] BatchTime = 0.331 (s) DataTime = 0.001 (s) Losses = ['5.7430', '44.1944'] lr = 0.0000016
2025-07-22 20:14:09,819 - AdaPoinTr - INFO - [Epoch 190/200][Batch 801/2622] BatchTime = 0.328 (s) DataTime = 0.001 (s) Losses = ['5.5287', '40.2932'] lr = 0.0000016
2025-07-22 20:14:42,897 - AdaPoinTr - INFO - [Epoch 190/200][Batch 901/2622] BatchTime = 0.329 (s) DataTime = 0.001 (s) Losses = ['5.4847', '43.0309'] lr = 0.0000016
2025-07-22 20:15:15,965 - AdaPoinTr - INFO - [Epoch 190/200][Batch 1001/2622] BatchTime = 0.331 (s) DataTime = 0.001 (s) Losses = ['4.9477', '35.6929'] lr = 0.0000016
2025-07-22 20:15:49,028 - AdaPoinTr - INFO - [Epoch 190/200][Batch 1101/2622] BatchTime = 0.326 (s) DataTime = 0.001 (s) Losses = ['5.5316', '39.3423'] lr = 0.0000016
2025-07-22 20:16:22,088 - AdaPoinTr - INFO - [Epoch 190/200][Batch 1201/2622] BatchTime = 0.327 (s) DataTime = 0.001 (s) Losses = ['5.7487', '48.3502'] lr = 0.0000016
2025-07-22 20:16:55,135 - AdaPoinTr - INFO - [Epoch 190/200][Batch 1301/2622] BatchTime = 0.329 (s) DataTime = 0.001 (s) Losses = ['4.7653', '36.3742'] lr = 0.0000016
2025-07-22 20:17:28,194 - AdaPoinTr - INFO - [Epoch 190/200][Batch 1401/2622] BatchTime = 0.328 (s) DataTime = 0.001 (s) Losses = ['4.8484', '37.4939'] lr = 0.0000016
2025-07-22 20:18:01,250 - AdaPoinTr - INFO - [Epoch 190/200][Batch 1501/2622] BatchTime = 0.329 (s) DataTime = 0.001 (s) Losses = ['5.5258', '39.9331'] lr = 0.0000016
2025-07-22 20:18:34,318 - AdaPoinTr - INFO - [Epoch 190/200][Batch 1601/2622] BatchTime = 0.328 (s) DataTime = 0.001 (s) Losses = ['5.1312', '40.0268'] lr = 0.0000016
2025-07-22 20:19:07,368 - AdaPoinTr - INFO - [Epoch 190/200][Batch 1701/2622] BatchTime = 0.329 (s) DataTime = 0.001 (s) Losses = ['4.9945', '36.0735'] lr = 0.0000016
2025-07-22 20:19:40,428 - AdaPoinTr - INFO - [Epoch 190/200][Batch 1801/2622] BatchTime = 0.329 (s) DataTime = 0.001 (s) Losses = ['4.6741', '38.4569'] lr = 0.0000016
2025-07-22 20:20:13,460 - AdaPoinTr - INFO - [Epoch 190/200][Batch 1901/2622] BatchTime = 0.329 (s) DataTime = 0.001 (s) Losses = ['5.3837', '41.8480'] lr = 0.0000016
2025-07-22 20:20:46,533 - AdaPoinTr - INFO - [Epoch 190/200][Batch 2001/2622] BatchTime = 0.328 (s) DataTime = 0.001 (s) Losses = ['5.3407', '42.3391'] lr = 0.0000016
2025-07-22 20:21:19,597 - AdaPoinTr - INFO - [Epoch 190/200][Batch 2101/2622] BatchTime = 0.328 (s) DataTime = 0.001 (s) Losses = ['4.2911', '33.1909'] lr = 0.0000016
2025-07-22 20:21:52,642 - AdaPoinTr - INFO - [Epoch 190/200][Batch 2201/2622] BatchTime = 0.326 (s) DataTime = 0.001 (s) Losses = ['4.2516', '34.4243'] lr = 0.0000016
2025-07-22 20:22:25,687 - AdaPoinTr - INFO - [Epoch 190/200][Batch 2301/2622] BatchTime = 0.327 (s) DataTime = 0.001 (s) Losses = ['5.1448', '46.5237'] lr = 0.0000016
2025-07-22 20:22:58,746 - AdaPoinTr - INFO - [Epoch 190/200][Batch 2401/2622] BatchTime = 0.328 (s) DataTime = 0.001 (s) Losses = ['4.5429', '31.0569'] lr = 0.0000016
2025-07-22 20:23:31,793 - AdaPoinTr - INFO - [Epoch 190/200][Batch 2501/2622] BatchTime = 0.328 (s) DataTime = 0.001 (s) Losses = ['5.2339', '35.7249'] lr = 0.0000016
2025-07-22 20:24:04,852 - AdaPoinTr - INFO - [Epoch 190/200][Batch 2601/2622] BatchTime = 0.330 (s) DataTime = 0.001 (s) Losses = ['4.8245', '37.8589'] lr = 0.0000016
2025-07-22 20:24:11,815 - AdaPoinTr - INFO - [Training] EPOCH: 190 EpochTime = 866.989 (s) Losses = ['5.1291', '38.8198']
2025-07-22 20:24:11,815 - AdaPoinTr - INFO - [VALIDATION] Start validating epoch 190
2025-07-22 20:24:42,774 - AdaPoinTr - INFO - Test[1051/10518] Taxonomy = 02691156 Sample = c7749c0a8b61f43bc9b9e28055202e3d Losses = ['23.7850', '2.5142', '8.9562', '0.2920'] Metrics = ['0.5663', '8.9562', '0.2920', '0.0000']
2025-07-22 20:25:13,764 - AdaPoinTr - INFO - Test[2102/10518] Taxonomy = 03211117 Sample = ab2f9418c111cc6ddb965514105122a4 Losses = ['19.0947', '1.2738', '7.4889', '0.1817'] Metrics = ['0.6448', '7.4889', '0.1817', '0.0000']
2025-07-22 20:25:44,872 - AdaPoinTr - INFO - Test[3153/10518] Taxonomy = 02876657 Sample = c5032e4be091aabb36fe7a88df793982 Losses = ['39.4232', '6.1734', '15.0922', '0.8218'] Metrics = ['0.3038', '15.0922', '0.8218', '0.0000']
2025-07-22 20:26:15,873 - AdaPoinTr - INFO - Test[4204/10518] Taxonomy = 03211117 Sample = 722df1da5778d45b1e43523279c7f09f Losses = ['34.2006', '4.8433', '12.9851', '0.7571'] Metrics = ['0.4055', '12.9851', '0.7571', '0.0000']
2025-07-22 20:26:46,844 - AdaPoinTr - INFO - Test[5255/10518] Taxonomy = 02828884 Sample = 14b63361a48a9fffe4a048c146e8bd43 Losses = ['35.8866', '4.9737', '17.5699', '1.4307'] Metrics = ['0.3353', '17.5699', '1.4307', '0.0000']
2025-07-22 20:27:17,663 - AdaPoinTr - INFO - Test[6306/10518] Taxonomy = 03211117 Sample = d330d50a0255529d19ed6e1a590c9122 Losses = ['25.1671', '2.5168', '10.1225', '0.3808'] Metrics = ['0.4824', '10.1224', '0.3808', '0.0000']
2025-07-22 20:27:48,628 - AdaPoinTr - INFO - Test[7357/10518] Taxonomy = 04379243 Sample = b1ca280d9567270ade98d10ab5975b59 Losses = ['33.1495', '4.2482', '14.4192', '0.7390'] Metrics = ['0.2700', '14.4192', '0.7390', '0.0000']
2025-07-22 20:28:19,445 - AdaPoinTr - INFO - Test[8408/10518] Taxonomy = 03001627 Sample = 89208a619341d9fdb8c516ed5c4ce32 Losses = ['27.1218', '2.6473', '13.2474', '0.5779'] Metrics = ['0.3012', '13.2474', '0.5779', '0.0000']
2025-07-22 20:28:50,420 - AdaPoinTr - INFO - Test[9459/10518] Taxonomy = 03001627 Sample = d0255120e3351121c3bd24f986301745 Losses = ['36.5544', '5.0786', '16.5071', '0.9898'] Metrics = ['0.2445', '16.5071', '0.9898', '0.0000']
2025-07-22 20:29:21,285 - AdaPoinTr - INFO - Test[10510/10518] Taxonomy = 03636649 Sample = ea9ec4d9db2e06202471e6dd5ac3ef92 Losses = ['17.6961', '1.2554', '6.8474', '0.2225'] Metrics = ['0.7796', '6.8474', '0.2225', '0.0000']
2025-07-22 20:29:21,552 - AdaPoinTr - INFO - [Validation] EPOCH: 190  Metrics = ['0.3882', '13.3939', '0.8459', '0.0000']
2025-07-22 20:29:21,552 - AdaPoinTr - INFO - ============================ TEST RESULTS ============================
2025-07-22 20:29:21,552 - AdaPoinTr - INFO - Taxonomy	#Sample	F-Score	CDL1	CDL2	EMDistance	#ModelName	
2025-07-22 20:29:21,552 - AdaPoinTr - INFO - 03759954	14	0.597 	12.506 	1.472 	0.000 	microphone	
2025-07-22 20:29:21,552 - AdaPoinTr - INFO - 04330267	44	0.296 	15.817 	1.202 	0.000 	stove	
2025-07-22 20:29:21,552 - AdaPoinTr - INFO - 03261776	15	0.348 	15.641 	1.286 	0.000 	earphone	
2025-07-22 20:29:21,552 - AdaPoinTr - INFO - 03513137	33	0.224 	19.243 	1.939 	0.000 	helmet	
2025-07-22 20:29:21,552 - AdaPoinTr - INFO - 04460130	27	0.452 	13.029 	0.791 	0.000 	tower	
2025-07-22 20:29:21,552 - AdaPoinTr - INFO - 04468005	78	0.410 	12.092 	0.626 	0.000 	train	
2025-07-22 20:29:21,552 - AdaPoinTr - INFO - 03761084	31	0.254 	16.054 	1.063 	0.000 	microwaves	
2025-07-22 20:29:21,552 - AdaPoinTr - INFO - 04004475	34	0.284 	15.178 	0.991 	0.000 	printer	
2025-07-22 20:29:21,552 - AdaPoinTr - INFO - 03938244	20	0.319 	13.810 	0.729 	0.000 	pillow	
2025-07-22 20:29:21,552 - AdaPoinTr - INFO - 02992529	167	0.442 	10.348 	0.367 	0.000 	cellphone	
2025-07-22 20:29:21,552 - AdaPoinTr - INFO - 02808440	172	0.311 	14.195 	0.907 	0.000 	bathtub	
2025-07-22 20:29:21,552 - AdaPoinTr - INFO - 04530566	388	0.524 	10.861 	0.605 	0.000 	watercraft	
2025-07-22 20:29:21,552 - AdaPoinTr - INFO - 02871439	91	0.267 	15.513 	0.980 	0.000 	bookshelf	
2025-07-22 20:29:21,552 - AdaPoinTr - INFO - 03593526	120	0.287 	16.564 	1.295 	0.000 	jar	
2025-07-22 20:29:21,552 - AdaPoinTr - INFO - 04554684	34	0.242 	16.949 	1.175 	0.000 	washer	
2025-07-22 20:29:21,552 - AdaPoinTr - INFO - 03467517	160	0.839 	6.213 	0.181 	0.000 	guitar	
2025-07-22 20:29:21,552 - AdaPoinTr - INFO - 04401088	218	0.443 	10.383 	0.389 	0.000 	telephone	
2025-07-22 20:29:21,552 - AdaPoinTr - INFO - 02954340	12	0.342 	12.745 	0.581 	0.000 	cap	
2025-07-22 20:29:21,552 - AdaPoinTr - INFO - 02933112	315	0.252 	14.637 	0.773 	0.000 	cabinet	
2025-07-22 20:29:21,552 - AdaPoinTr - INFO - 03642806	92	0.398 	10.844 	0.412 	0.000 	laptop	
2025-07-22 20:29:21,552 - AdaPoinTr - INFO - 02924116	188	0.381 	12.071 	0.554 	0.000 	bus	
2025-07-22 20:29:21,552 - AdaPoinTr - INFO - 02946921	22	0.273 	15.762 	1.163 	0.000 	can	
2025-07-22 20:29:21,552 - AdaPoinTr - INFO - 02818832	47	0.296 	16.049 	1.185 	0.000 	bed	
2025-07-22 20:29:21,552 - AdaPoinTr - INFO - 04256520	635	0.315 	13.566 	0.691 	0.000 	sofa	
2025-07-22 20:29:21,552 - AdaPoinTr - INFO - 04379243	1687	0.403 	12.057 	0.675 	0.000 	table	
2025-07-22 20:29:21,552 - AdaPoinTr - INFO - 02747177	69	0.205 	16.989 	1.100 	0.000 	trash bin	
2025-07-22 20:29:21,552 - AdaPoinTr - INFO - 03046257	131	0.329 	14.396 	0.964 	0.000 	clock	
2025-07-22 20:29:21,552 - AdaPoinTr - INFO - 04225987	31	0.572 	9.078 	0.316 	0.000 	skateboard	
2025-07-22 20:29:21,552 - AdaPoinTr - INFO - 03797390	43	0.211 	17.155 	1.098 	0.000 	mug	
2025-07-22 20:29:21,552 - AdaPoinTr - INFO - 03001627	1356	0.392 	12.896 	0.762 	0.000 	chair	
2025-07-22 20:29:21,552 - AdaPoinTr - INFO - 03691459	320	0.268 	16.477 	1.202 	0.000 	loudspeaker	
2025-07-22 20:29:21,552 - AdaPoinTr - INFO - 02942699	23	0.263 	18.306 	1.560 	0.000 	camera	
2025-07-22 20:29:21,552 - AdaPoinTr - INFO - 03636649	464	0.567 	12.168 	1.162 	0.000 	lamp	
2025-07-22 20:29:21,552 - AdaPoinTr - INFO - 02691156	809	0.607 	8.922 	0.370 	0.000 	airplane	
2025-07-22 20:29:21,553 - AdaPoinTr - INFO - 02773838	17	0.383 	11.980 	0.536 	0.000 	bag	
2025-07-22 20:29:21,553 - AdaPoinTr - INFO - 02958343	703	0.233 	15.481 	0.855 	0.000 	car	
2025-07-22 20:29:21,553 - AdaPoinTr - INFO - 02880940	38	0.251 	14.515 	0.726 	0.000 	bowl	
2025-07-22 20:29:21,553 - AdaPoinTr - INFO - 04099429	17	0.729 	8.249 	0.378 	0.000 	rocket	
2025-07-22 20:29:21,553 - AdaPoinTr - INFO - 02828884	363	0.461 	10.608 	0.506 	0.000 	bench	
2025-07-22 20:29:21,553 - AdaPoinTr - INFO - 04090263	475	0.714 	8.126 	0.378 	0.000 	rifle	
2025-07-22 20:29:21,553 - AdaPoinTr - INFO - 03211117	219	0.371 	12.467 	0.648 	0.000 	display	
2025-07-22 20:29:21,553 - AdaPoinTr - INFO - 02876657	100	0.464 	11.078 	0.545 	0.000 	bottle	
2025-07-22 20:29:21,553 - AdaPoinTr - INFO - 03710193	19	0.572 	11.446 	0.842 	0.000 	mailbox	
2025-07-22 20:29:21,553 - AdaPoinTr - INFO - 03790512	68	0.271 	15.834 	1.020 	0.000 	motorbike	
2025-07-22 20:29:21,553 - AdaPoinTr - INFO - 03325088	149	0.491 	13.632 	1.269 	0.000 	faucet	
2025-07-22 20:29:21,553 - AdaPoinTr - INFO - 02801938	23	0.240 	15.455 	0.967 	0.000 	basket	
2025-07-22 20:29:21,553 - AdaPoinTr - INFO - 03337140	60	0.254 	15.519 	0.969 	0.000 	file cabinet	
2025-07-22 20:29:21,553 - AdaPoinTr - INFO - 02843684	15	0.243 	18.424 	1.520 	0.000 	birdhouse	
2025-07-22 20:29:21,553 - AdaPoinTr - INFO - 03624134	85	0.792 	7.033 	0.286 	0.000 	knife	
2025-07-22 20:29:21,553 - AdaPoinTr - INFO - 03991062	121	0.250 	18.048 	1.436 	0.000 	flowerpot	
2025-07-22 20:29:21,553 - AdaPoinTr - INFO - 03948459	62	0.500 	10.895 	0.537 	0.000 	pistol	
2025-07-22 20:29:21,553 - AdaPoinTr - INFO - 03928116	48	0.307 	14.837 	0.972 	0.000 	piano	
2025-07-22 20:29:21,553 - AdaPoinTr - INFO - 03207941	19	0.259 	14.634 	0.801 	0.000 	dishwasher	
2025-07-22 20:29:21,553 - AdaPoinTr - INFO - 04074963	14	0.486 	10.291 	0.438 	0.000 	remote	
2025-07-22 20:29:21,553 - AdaPoinTr - INFO - 03085013	13	0.470 	9.598 	0.326 	0.000 	keyboard	
2025-07-22 20:29:21,553 - AdaPoinTr - INFO - Overall		0.388 	13.394 	0.846 	0.000 	
2025-07-22 20:29:22,002 - AdaPoinTr - INFO - Save checkpoint at ./experiments/AdaPoinTr/ShapeNet55_models/AdaPoinTr/ckpt-best.pth
2025-07-22 20:29:22,393 - AdaPoinTr - INFO - Save checkpoint at ./experiments/AdaPoinTr/ShapeNet55_models/AdaPoinTr/ckpt-last.pth
2025-07-22 20:29:22,821 - AdaPoinTr - INFO - [Epoch 191/200][Batch 1/2622] BatchTime = 0.427 (s) DataTime = 0.091 (s) Losses = ['5.0671', '36.8296'] lr = 0.0000016
2025-07-22 20:29:55,852 - AdaPoinTr - INFO - [Epoch 191/200][Batch 101/2622] BatchTime = 0.327 (s) DataTime = 0.001 (s) Losses = ['5.0266', '37.5772'] lr = 0.0000016
2025-07-22 20:30:28,915 - AdaPoinTr - INFO - [Epoch 191/200][Batch 201/2622] BatchTime = 0.326 (s) DataTime = 0.001 (s) Losses = ['5.5794', '42.9445'] lr = 0.0000016
2025-07-22 20:31:01,985 - AdaPoinTr - INFO - [Epoch 191/200][Batch 301/2622] BatchTime = 0.327 (s) DataTime = 0.001 (s) Losses = ['5.2951', '39.0067'] lr = 0.0000016
2025-07-22 20:31:35,034 - AdaPoinTr - INFO - [Epoch 191/200][Batch 401/2622] BatchTime = 0.327 (s) DataTime = 0.001 (s) Losses = ['5.4568', '40.6242'] lr = 0.0000016
2025-07-22 20:32:08,097 - AdaPoinTr - INFO - [Epoch 191/200][Batch 501/2622] BatchTime = 0.327 (s) DataTime = 0.001 (s) Losses = ['5.0975', '37.4979'] lr = 0.0000016
2025-07-22 20:32:41,174 - AdaPoinTr - INFO - [Epoch 191/200][Batch 601/2622] BatchTime = 0.330 (s) DataTime = 0.001 (s) Losses = ['4.6385', '36.7286'] lr = 0.0000016
2025-07-22 20:33:14,223 - AdaPoinTr - INFO - [Epoch 191/200][Batch 701/2622] BatchTime = 0.328 (s) DataTime = 0.001 (s) Losses = ['5.0934', '38.8247'] lr = 0.0000016
2025-07-22 20:33:47,308 - AdaPoinTr - INFO - [Epoch 191/200][Batch 801/2622] BatchTime = 0.327 (s) DataTime = 0.001 (s) Losses = ['5.0281', '44.6119'] lr = 0.0000016
2025-07-22 20:34:20,390 - AdaPoinTr - INFO - [Epoch 191/200][Batch 901/2622] BatchTime = 0.330 (s) DataTime = 0.001 (s) Losses = ['5.1072', '39.0797'] lr = 0.0000016
2025-07-22 20:34:53,466 - AdaPoinTr - INFO - [Epoch 191/200][Batch 1001/2622] BatchTime = 0.327 (s) DataTime = 0.001 (s) Losses = ['4.7393', '34.1076'] lr = 0.0000016
2025-07-22 20:35:26,527 - AdaPoinTr - INFO - [Epoch 191/200][Batch 1101/2622] BatchTime = 0.334 (s) DataTime = 0.001 (s) Losses = ['5.7834', '41.0620'] lr = 0.0000016
2025-07-22 20:35:59,584 - AdaPoinTr - INFO - [Epoch 191/200][Batch 1201/2622] BatchTime = 0.330 (s) DataTime = 0.001 (s) Losses = ['5.1028', '37.2840'] lr = 0.0000016
2025-07-22 20:36:32,667 - AdaPoinTr - INFO - [Epoch 191/200][Batch 1301/2622] BatchTime = 0.326 (s) DataTime = 0.001 (s) Losses = ['5.1740', '35.8203'] lr = 0.0000016
2025-07-22 20:37:05,727 - AdaPoinTr - INFO - [Epoch 191/200][Batch 1401/2622] BatchTime = 0.326 (s) DataTime = 0.001 (s) Losses = ['4.8844', '37.2333'] lr = 0.0000016
2025-07-22 20:37:38,805 - AdaPoinTr - INFO - [Epoch 191/200][Batch 1501/2622] BatchTime = 0.328 (s) DataTime = 0.001 (s) Losses = ['4.5956', '33.7170'] lr = 0.0000016
2025-07-22 20:38:11,876 - AdaPoinTr - INFO - [Epoch 191/200][Batch 1601/2622] BatchTime = 0.327 (s) DataTime = 0.001 (s) Losses = ['5.6808', '41.7226'] lr = 0.0000016
2025-07-22 20:38:44,954 - AdaPoinTr - INFO - [Epoch 191/200][Batch 1701/2622] BatchTime = 0.328 (s) DataTime = 0.001 (s) Losses = ['5.1508', '37.6137'] lr = 0.0000016
2025-07-22 20:39:18,017 - AdaPoinTr - INFO - [Epoch 191/200][Batch 1801/2622] BatchTime = 0.328 (s) DataTime = 0.001 (s) Losses = ['5.5097', '39.5554'] lr = 0.0000016
2025-07-22 20:39:51,089 - AdaPoinTr - INFO - [Epoch 191/200][Batch 1901/2622] BatchTime = 0.329 (s) DataTime = 0.001 (s) Losses = ['4.8487', '35.5303'] lr = 0.0000016
2025-07-22 20:40:24,155 - AdaPoinTr - INFO - [Epoch 191/200][Batch 2001/2622] BatchTime = 0.329 (s) DataTime = 0.001 (s) Losses = ['4.7706', '39.1159'] lr = 0.0000016
2025-07-22 20:40:57,216 - AdaPoinTr - INFO - [Epoch 191/200][Batch 2101/2622] BatchTime = 0.329 (s) DataTime = 0.001 (s) Losses = ['5.1595', '37.7901'] lr = 0.0000016
2025-07-22 20:41:30,275 - AdaPoinTr - INFO - [Epoch 191/200][Batch 2201/2622] BatchTime = 0.327 (s) DataTime = 0.001 (s) Losses = ['4.3997', '31.7609'] lr = 0.0000016
2025-07-22 20:42:03,329 - AdaPoinTr - INFO - [Epoch 191/200][Batch 2301/2622] BatchTime = 0.328 (s) DataTime = 0.001 (s) Losses = ['5.3205', '39.3684'] lr = 0.0000016
2025-07-22 20:42:36,387 - AdaPoinTr - INFO - [Epoch 191/200][Batch 2401/2622] BatchTime = 0.327 (s) DataTime = 0.001 (s) Losses = ['4.9499', '37.9624'] lr = 0.0000016
2025-07-22 20:43:09,449 - AdaPoinTr - INFO - [Epoch 191/200][Batch 2501/2622] BatchTime = 0.330 (s) DataTime = 0.001 (s) Losses = ['5.0026', '42.0908'] lr = 0.0000016
2025-07-22 20:43:42,512 - AdaPoinTr - INFO - [Epoch 191/200][Batch 2601/2622] BatchTime = 0.328 (s) DataTime = 0.001 (s) Losses = ['5.6943', '41.7019'] lr = 0.0000016
2025-07-22 20:43:49,483 - AdaPoinTr - INFO - [Training] EPOCH: 191 EpochTime = 867.089 (s) Losses = ['5.1296', '38.8105']
2025-07-22 20:43:49,935 - AdaPoinTr - INFO - Save checkpoint at ./experiments/AdaPoinTr/ShapeNet55_models/AdaPoinTr/ckpt-last.pth
2025-07-22 20:43:50,362 - AdaPoinTr - INFO - [Epoch 192/200][Batch 1/2622] BatchTime = 0.426 (s) DataTime = 0.089 (s) Losses = ['5.2400', '40.4585'] lr = 0.0000015
2025-07-22 20:44:23,389 - AdaPoinTr - INFO - [Epoch 192/200][Batch 101/2622] BatchTime = 0.326 (s) DataTime = 0.001 (s) Losses = ['5.0496', '37.7035'] lr = 0.0000015
2025-07-22 20:44:56,444 - AdaPoinTr - INFO - [Epoch 192/200][Batch 201/2622] BatchTime = 0.328 (s) DataTime = 0.001 (s) Losses = ['5.5640', '41.5518'] lr = 0.0000015
2025-07-22 20:45:29,467 - AdaPoinTr - INFO - [Epoch 192/200][Batch 301/2622] BatchTime = 0.329 (s) DataTime = 0.001 (s) Losses = ['5.3524', '38.3437'] lr = 0.0000015
2025-07-22 20:46:02,521 - AdaPoinTr - INFO - [Epoch 192/200][Batch 401/2622] BatchTime = 0.328 (s) DataTime = 0.001 (s) Losses = ['4.8869', '43.0633'] lr = 0.0000015
2025-07-22 20:46:35,546 - AdaPoinTr - INFO - [Epoch 192/200][Batch 501/2622] BatchTime = 0.327 (s) DataTime = 0.001 (s) Losses = ['4.7692', '37.9592'] lr = 0.0000015
2025-07-22 20:47:08,697 - AdaPoinTr - INFO - [Epoch 192/200][Batch 601/2622] BatchTime = 0.327 (s) DataTime = 0.001 (s) Losses = ['5.3319', '39.8251'] lr = 0.0000015
2025-07-22 20:47:41,740 - AdaPoinTr - INFO - [Epoch 192/200][Batch 701/2622] BatchTime = 0.328 (s) DataTime = 0.001 (s) Losses = ['5.3632', '37.6690'] lr = 0.0000015
2025-07-22 20:48:14,800 - AdaPoinTr - INFO - [Epoch 192/200][Batch 801/2622] BatchTime = 0.328 (s) DataTime = 0.001 (s) Losses = ['5.4758', '41.7971'] lr = 0.0000015
2025-07-22 20:48:47,867 - AdaPoinTr - INFO - [Epoch 192/200][Batch 901/2622] BatchTime = 0.329 (s) DataTime = 0.001 (s) Losses = ['5.3733', '40.8965'] lr = 0.0000015
2025-07-22 20:49:20,947 - AdaPoinTr - INFO - [Epoch 192/200][Batch 1001/2622] BatchTime = 0.329 (s) DataTime = 0.001 (s) Losses = ['5.5363', '40.8301'] lr = 0.0000015
2025-07-22 20:49:53,982 - AdaPoinTr - INFO - [Epoch 192/200][Batch 1101/2622] BatchTime = 0.327 (s) DataTime = 0.001 (s) Losses = ['5.6829', '39.6259'] lr = 0.0000015
2025-07-22 20:50:27,044 - AdaPoinTr - INFO - [Epoch 192/200][Batch 1201/2622] BatchTime = 0.328 (s) DataTime = 0.001 (s) Losses = ['4.7472', '32.9682'] lr = 0.0000015
2025-07-22 20:51:00,114 - AdaPoinTr - INFO - [Epoch 192/200][Batch 1301/2622] BatchTime = 0.328 (s) DataTime = 0.001 (s) Losses = ['5.3474', '38.0467'] lr = 0.0000015
2025-07-22 20:51:33,168 - AdaPoinTr - INFO - [Epoch 192/200][Batch 1401/2622] BatchTime = 0.328 (s) DataTime = 0.001 (s) Losses = ['5.7784', '39.5715'] lr = 0.0000015
2025-07-22 20:52:06,251 - AdaPoinTr - INFO - [Epoch 192/200][Batch 1501/2622] BatchTime = 0.327 (s) DataTime = 0.001 (s) Losses = ['6.0718', '44.7215'] lr = 0.0000015
2025-07-22 20:52:39,319 - AdaPoinTr - INFO - [Epoch 192/200][Batch 1601/2622] BatchTime = 0.326 (s) DataTime = 0.001 (s) Losses = ['4.5228', '34.5625'] lr = 0.0000015
2025-07-22 20:53:12,380 - AdaPoinTr - INFO - [Epoch 192/200][Batch 1701/2622] BatchTime = 0.326 (s) DataTime = 0.001 (s) Losses = ['4.9746', '39.9107'] lr = 0.0000015
2025-07-22 20:53:45,450 - AdaPoinTr - INFO - [Epoch 192/200][Batch 1801/2622] BatchTime = 0.328 (s) DataTime = 0.001 (s) Losses = ['4.7008', '34.2914'] lr = 0.0000015
2025-07-22 20:54:18,533 - AdaPoinTr - INFO - [Epoch 192/200][Batch 1901/2622] BatchTime = 0.328 (s) DataTime = 0.001 (s) Losses = ['5.2531', '38.6303'] lr = 0.0000015
2025-07-22 20:54:51,597 - AdaPoinTr - INFO - [Epoch 192/200][Batch 2001/2622] BatchTime = 0.329 (s) DataTime = 0.001 (s) Losses = ['5.0839', '38.8308'] lr = 0.0000015
2025-07-22 20:55:24,668 - AdaPoinTr - INFO - [Epoch 192/200][Batch 2101/2622] BatchTime = 0.328 (s) DataTime = 0.001 (s) Losses = ['5.2001', '38.8792'] lr = 0.0000015
2025-07-22 20:55:57,736 - AdaPoinTr - INFO - [Epoch 192/200][Batch 2201/2622] BatchTime = 0.327 (s) DataTime = 0.001 (s) Losses = ['5.7521', '42.9101'] lr = 0.0000015
2025-07-22 20:56:30,823 - AdaPoinTr - INFO - [Epoch 192/200][Batch 2301/2622] BatchTime = 0.327 (s) DataTime = 0.001 (s) Losses = ['4.8557', '43.4960'] lr = 0.0000015
2025-07-22 20:57:03,892 - AdaPoinTr - INFO - [Epoch 192/200][Batch 2401/2622] BatchTime = 0.329 (s) DataTime = 0.001 (s) Losses = ['5.1741', '37.3534'] lr = 0.0000015
2025-07-22 20:57:36,955 - AdaPoinTr - INFO - [Epoch 192/200][Batch 2501/2622] BatchTime = 0.329 (s) DataTime = 0.001 (s) Losses = ['4.9788', '37.2389'] lr = 0.0000015
2025-07-22 20:58:10,024 - AdaPoinTr - INFO - [Epoch 192/200][Batch 2601/2622] BatchTime = 0.331 (s) DataTime = 0.001 (s) Losses = ['6.2740', '46.8962'] lr = 0.0000015
2025-07-22 20:58:16,995 - AdaPoinTr - INFO - [Training] EPOCH: 192 EpochTime = 867.058 (s) Losses = ['5.1293', '38.8561']
2025-07-22 20:58:17,442 - AdaPoinTr - INFO - Save checkpoint at ./experiments/AdaPoinTr/ShapeNet55_models/AdaPoinTr/ckpt-last.pth
2025-07-22 20:58:17,868 - AdaPoinTr - INFO - [Epoch 193/200][Batch 1/2622] BatchTime = 0.425 (s) DataTime = 0.090 (s) Losses = ['5.5249', '42.1499'] lr = 0.0000015
2025-07-22 20:58:50,914 - AdaPoinTr - INFO - [Epoch 193/200][Batch 101/2622] BatchTime = 0.328 (s) DataTime = 0.001 (s) Losses = ['5.0089', '38.6591'] lr = 0.0000015
2025-07-22 20:59:23,949 - AdaPoinTr - INFO - [Epoch 193/200][Batch 201/2622] BatchTime = 0.326 (s) DataTime = 0.001 (s) Losses = ['4.9300', '39.1269'] lr = 0.0000015
2025-07-22 20:59:56,981 - AdaPoinTr - INFO - [Epoch 193/200][Batch 301/2622] BatchTime = 0.327 (s) DataTime = 0.001 (s) Losses = ['4.8492', '35.9809'] lr = 0.0000015
2025-07-22 21:00:30,010 - AdaPoinTr - INFO - [Epoch 193/200][Batch 401/2622] BatchTime = 0.327 (s) DataTime = 0.001 (s) Losses = ['4.7952', '39.3853'] lr = 0.0000015
2025-07-22 21:01:03,034 - AdaPoinTr - INFO - [Epoch 193/200][Batch 501/2622] BatchTime = 0.327 (s) DataTime = 0.001 (s) Losses = ['5.8277', '42.7802'] lr = 0.0000015
2025-07-22 21:01:36,050 - AdaPoinTr - INFO - [Epoch 193/200][Batch 601/2622] BatchTime = 0.329 (s) DataTime = 0.001 (s) Losses = ['5.2878', '38.4966'] lr = 0.0000015
2025-07-22 21:02:09,087 - AdaPoinTr - INFO - [Epoch 193/200][Batch 701/2622] BatchTime = 0.326 (s) DataTime = 0.001 (s) Losses = ['5.5240', '42.2762'] lr = 0.0000015
2025-07-22 21:02:42,124 - AdaPoinTr - INFO - [Epoch 193/200][Batch 801/2622] BatchTime = 0.328 (s) DataTime = 0.001 (s) Losses = ['5.1965', '40.7533'] lr = 0.0000015
2025-07-22 21:03:15,156 - AdaPoinTr - INFO - [Epoch 193/200][Batch 901/2622] BatchTime = 0.326 (s) DataTime = 0.001 (s) Losses = ['5.1659', '40.7533'] lr = 0.0000015
2025-07-22 21:03:48,168 - AdaPoinTr - INFO - [Epoch 193/200][Batch 1001/2622] BatchTime = 0.328 (s) DataTime = 0.001 (s) Losses = ['5.2397', '39.6833'] lr = 0.0000015
2025-07-22 21:04:21,191 - AdaPoinTr - INFO - [Epoch 193/200][Batch 1101/2622] BatchTime = 0.327 (s) DataTime = 0.001 (s) Losses = ['4.8557', '37.9058'] lr = 0.0000015
2025-07-22 21:04:54,232 - AdaPoinTr - INFO - [Epoch 193/200][Batch 1201/2622] BatchTime = 0.327 (s) DataTime = 0.001 (s) Losses = ['5.1578', '39.6651'] lr = 0.0000015
2025-07-22 21:05:27,260 - AdaPoinTr - INFO - [Epoch 193/200][Batch 1301/2622] BatchTime = 0.327 (s) DataTime = 0.001 (s) Losses = ['4.5074', '33.2232'] lr = 0.0000015
2025-07-22 21:06:00,313 - AdaPoinTr - INFO - [Epoch 193/200][Batch 1401/2622] BatchTime = 0.328 (s) DataTime = 0.001 (s) Losses = ['4.6566', '34.1195'] lr = 0.0000015
2025-07-22 21:06:33,366 - AdaPoinTr - INFO - [Epoch 193/200][Batch 1501/2622] BatchTime = 0.326 (s) DataTime = 0.001 (s) Losses = ['5.0936', '35.6637'] lr = 0.0000015
2025-07-22 21:07:06,401 - AdaPoinTr - INFO - [Epoch 193/200][Batch 1601/2622] BatchTime = 0.326 (s) DataTime = 0.001 (s) Losses = ['4.9595', '34.0566'] lr = 0.0000015
2025-07-22 21:07:39,416 - AdaPoinTr - INFO - [Epoch 193/200][Batch 1701/2622] BatchTime = 0.328 (s) DataTime = 0.001 (s) Losses = ['5.8497', '41.3440'] lr = 0.0000015
2025-07-22 21:08:12,450 - AdaPoinTr - INFO - [Epoch 193/200][Batch 1801/2622] BatchTime = 0.327 (s) DataTime = 0.001 (s) Losses = ['4.8371', '36.1109'] lr = 0.0000015
2025-07-22 21:08:45,487 - AdaPoinTr - INFO - [Epoch 193/200][Batch 1901/2622] BatchTime = 0.327 (s) DataTime = 0.001 (s) Losses = ['5.1595', '43.7178'] lr = 0.0000015
2025-07-22 21:09:18,528 - AdaPoinTr - INFO - [Epoch 193/200][Batch 2001/2622] BatchTime = 0.327 (s) DataTime = 0.001 (s) Losses = ['4.7701', '36.2338'] lr = 0.0000015
2025-07-22 21:09:51,562 - AdaPoinTr - INFO - [Epoch 193/200][Batch 2101/2622] BatchTime = 0.326 (s) DataTime = 0.001 (s) Losses = ['5.2618', '39.2954'] lr = 0.0000015
2025-07-22 21:10:24,608 - AdaPoinTr - INFO - [Epoch 193/200][Batch 2201/2622] BatchTime = 0.326 (s) DataTime = 0.001 (s) Losses = ['4.9896', '39.6036'] lr = 0.0000015
2025-07-22 21:10:57,618 - AdaPoinTr - INFO - [Epoch 193/200][Batch 2301/2622] BatchTime = 0.328 (s) DataTime = 0.001 (s) Losses = ['5.3081', '40.8691'] lr = 0.0000015
2025-07-22 21:11:30,665 - AdaPoinTr - INFO - [Epoch 193/200][Batch 2401/2622] BatchTime = 0.329 (s) DataTime = 0.001 (s) Losses = ['5.0598', '37.5274'] lr = 0.0000015
2025-07-22 21:12:03,678 - AdaPoinTr - INFO - [Epoch 193/200][Batch 2501/2622] BatchTime = 0.328 (s) DataTime = 0.001 (s) Losses = ['5.0304', '39.7782'] lr = 0.0000015
2025-07-22 21:12:36,705 - AdaPoinTr - INFO - [Epoch 193/200][Batch 2601/2622] BatchTime = 0.328 (s) DataTime = 0.001 (s) Losses = ['4.5187', '34.5009'] lr = 0.0000015
2025-07-22 21:12:43,671 - AdaPoinTr - INFO - [Training] EPOCH: 193 EpochTime = 866.228 (s) Losses = ['5.1282', '38.8214']
2025-07-22 21:12:44,121 - AdaPoinTr - INFO - Save checkpoint at ./experiments/AdaPoinTr/ShapeNet55_models/AdaPoinTr/ckpt-last.pth
2025-07-22 21:12:44,549 - AdaPoinTr - INFO - [Epoch 194/200][Batch 1/2622] BatchTime = 0.427 (s) DataTime = 0.088 (s) Losses = ['4.2227', '30.1175'] lr = 0.0000015
2025-07-22 21:13:17,577 - AdaPoinTr - INFO - [Epoch 194/200][Batch 101/2622] BatchTime = 0.327 (s) DataTime = 0.001 (s) Losses = ['5.2753', '41.6450'] lr = 0.0000015
2025-07-22 21:13:50,603 - AdaPoinTr - INFO - [Epoch 194/200][Batch 201/2622] BatchTime = 0.330 (s) DataTime = 0.001 (s) Losses = ['5.3784', '38.5390'] lr = 0.0000015
2025-07-22 21:14:23,637 - AdaPoinTr - INFO - [Epoch 194/200][Batch 301/2622] BatchTime = 0.328 (s) DataTime = 0.001 (s) Losses = ['5.3186', '38.8909'] lr = 0.0000015
2025-07-22 21:14:56,674 - AdaPoinTr - INFO - [Epoch 194/200][Batch 401/2622] BatchTime = 0.327 (s) DataTime = 0.001 (s) Losses = ['4.6745', '33.9395'] lr = 0.0000015
2025-07-22 21:15:29,699 - AdaPoinTr - INFO - [Epoch 194/200][Batch 501/2622] BatchTime = 0.328 (s) DataTime = 0.001 (s) Losses = ['4.5258', '37.5710'] lr = 0.0000015
2025-07-22 21:16:02,735 - AdaPoinTr - INFO - [Epoch 194/200][Batch 601/2622] BatchTime = 0.325 (s) DataTime = 0.001 (s) Losses = ['5.3451', '41.9085'] lr = 0.0000015
2025-07-22 21:16:35,761 - AdaPoinTr - INFO - [Epoch 194/200][Batch 701/2622] BatchTime = 0.328 (s) DataTime = 0.001 (s) Losses = ['4.9920', '38.4618'] lr = 0.0000015
2025-07-22 21:17:08,808 - AdaPoinTr - INFO - [Epoch 194/200][Batch 801/2622] BatchTime = 0.328 (s) DataTime = 0.001 (s) Losses = ['5.0913', '40.1218'] lr = 0.0000015
2025-07-22 21:17:41,836 - AdaPoinTr - INFO - [Epoch 194/200][Batch 901/2622] BatchTime = 0.328 (s) DataTime = 0.001 (s) Losses = ['5.2606', '40.6390'] lr = 0.0000015
2025-07-22 21:18:14,870 - AdaPoinTr - INFO - [Epoch 194/200][Batch 1001/2622] BatchTime = 0.328 (s) DataTime = 0.001 (s) Losses = ['4.9179', '36.2627'] lr = 0.0000015
2025-07-22 21:18:47,890 - AdaPoinTr - INFO - [Epoch 194/200][Batch 1101/2622] BatchTime = 0.326 (s) DataTime = 0.001 (s) Losses = ['5.3599', '39.7118'] lr = 0.0000015
2025-07-22 21:19:20,919 - AdaPoinTr - INFO - [Epoch 194/200][Batch 1201/2622] BatchTime = 0.327 (s) DataTime = 0.001 (s) Losses = ['4.8495', '37.9434'] lr = 0.0000015
2025-07-22 21:19:53,939 - AdaPoinTr - INFO - [Epoch 194/200][Batch 1301/2622] BatchTime = 0.328 (s) DataTime = 0.001 (s) Losses = ['5.5735', '42.3436'] lr = 0.0000015
2025-07-22 21:20:26,966 - AdaPoinTr - INFO - [Epoch 194/200][Batch 1401/2622] BatchTime = 0.328 (s) DataTime = 0.001 (s) Losses = ['4.6782', '37.9107'] lr = 0.0000015
2025-07-22 21:20:59,985 - AdaPoinTr - INFO - [Epoch 194/200][Batch 1501/2622] BatchTime = 0.328 (s) DataTime = 0.001 (s) Losses = ['4.9159', '36.4488'] lr = 0.0000015
2025-07-22 21:21:33,015 - AdaPoinTr - INFO - [Epoch 194/200][Batch 1601/2622] BatchTime = 0.327 (s) DataTime = 0.001 (s) Losses = ['4.8822', '35.7512'] lr = 0.0000015
2025-07-22 21:22:06,033 - AdaPoinTr - INFO - [Epoch 194/200][Batch 1701/2622] BatchTime = 0.326 (s) DataTime = 0.001 (s) Losses = ['4.8802', '37.2919'] lr = 0.0000015
2025-07-22 21:22:39,060 - AdaPoinTr - INFO - [Epoch 194/200][Batch 1801/2622] BatchTime = 0.328 (s) DataTime = 0.001 (s) Losses = ['5.0488', '35.1545'] lr = 0.0000015
2025-07-22 21:23:12,106 - AdaPoinTr - INFO - [Epoch 194/200][Batch 1901/2622] BatchTime = 0.328 (s) DataTime = 0.001 (s) Losses = ['4.9732', '39.4690'] lr = 0.0000015
2025-07-22 21:23:45,151 - AdaPoinTr - INFO - [Epoch 194/200][Batch 2001/2622] BatchTime = 0.328 (s) DataTime = 0.001 (s) Losses = ['5.4296', '39.6318'] lr = 0.0000015
2025-07-22 21:24:18,181 - AdaPoinTr - INFO - [Epoch 194/200][Batch 2101/2622] BatchTime = 0.331 (s) DataTime = 0.001 (s) Losses = ['4.9102', '38.2489'] lr = 0.0000015
2025-07-22 21:24:51,222 - AdaPoinTr - INFO - [Epoch 194/200][Batch 2201/2622] BatchTime = 0.327 (s) DataTime = 0.001 (s) Losses = ['5.6760', '41.8355'] lr = 0.0000015
2025-07-22 21:25:24,228 - AdaPoinTr - INFO - [Epoch 194/200][Batch 2301/2622] BatchTime = 0.328 (s) DataTime = 0.001 (s) Losses = ['5.5930', '39.2466'] lr = 0.0000015
2025-07-22 21:25:57,263 - AdaPoinTr - INFO - [Epoch 194/200][Batch 2401/2622] BatchTime = 0.330 (s) DataTime = 0.001 (s) Losses = ['4.9337', '35.8692'] lr = 0.0000015
2025-07-22 21:26:30,308 - AdaPoinTr - INFO - [Epoch 194/200][Batch 2501/2622] BatchTime = 0.326 (s) DataTime = 0.001 (s) Losses = ['5.3477', '37.7850'] lr = 0.0000015
2025-07-22 21:27:03,335 - AdaPoinTr - INFO - [Epoch 194/200][Batch 2601/2622] BatchTime = 0.328 (s) DataTime = 0.001 (s) Losses = ['4.8951', '36.1561'] lr = 0.0000015
2025-07-22 21:27:10,300 - AdaPoinTr - INFO - [Training] EPOCH: 194 EpochTime = 866.178 (s) Losses = ['5.1285', '38.7510']
2025-07-22 21:27:10,754 - AdaPoinTr - INFO - Save checkpoint at ./experiments/AdaPoinTr/ShapeNet55_models/AdaPoinTr/ckpt-last.pth
2025-07-22 21:27:11,181 - AdaPoinTr - INFO - [Epoch 195/200][Batch 1/2622] BatchTime = 0.426 (s) DataTime = 0.087 (s) Losses = ['4.3953', '35.9486'] lr = 0.0000014
2025-07-22 21:27:44,254 - AdaPoinTr - INFO - [Epoch 195/200][Batch 101/2622] BatchTime = 0.328 (s) DataTime = 0.001 (s) Losses = ['4.8684', '37.2435'] lr = 0.0000014
2025-07-22 21:28:17,332 - AdaPoinTr - INFO - [Epoch 195/200][Batch 201/2622] BatchTime = 0.328 (s) DataTime = 0.001 (s) Losses = ['5.0946', '37.2773'] lr = 0.0000014
2025-07-22 21:28:50,382 - AdaPoinTr - INFO - [Epoch 195/200][Batch 301/2622] BatchTime = 0.328 (s) DataTime = 0.001 (s) Losses = ['5.0306', '35.2215'] lr = 0.0000014
2025-07-22 21:29:23,436 - AdaPoinTr - INFO - [Epoch 195/200][Batch 401/2622] BatchTime = 0.327 (s) DataTime = 0.001 (s) Losses = ['4.5860', '37.8976'] lr = 0.0000014
2025-07-22 21:29:56,522 - AdaPoinTr - INFO - [Epoch 195/200][Batch 501/2622] BatchTime = 0.330 (s) DataTime = 0.001 (s) Losses = ['4.9460', '39.8835'] lr = 0.0000014
2025-07-22 21:30:29,586 - AdaPoinTr - INFO - [Epoch 195/200][Batch 601/2622] BatchTime = 0.327 (s) DataTime = 0.001 (s) Losses = ['5.8564', '46.1319'] lr = 0.0000014
2025-07-22 21:31:02,645 - AdaPoinTr - INFO - [Epoch 195/200][Batch 701/2622] BatchTime = 0.328 (s) DataTime = 0.001 (s) Losses = ['5.0380', '35.4662'] lr = 0.0000014
2025-07-22 21:31:35,716 - AdaPoinTr - INFO - [Epoch 195/200][Batch 801/2622] BatchTime = 0.328 (s) DataTime = 0.001 (s) Losses = ['5.1119', '37.9297'] lr = 0.0000014
2025-07-22 21:32:08,786 - AdaPoinTr - INFO - [Epoch 195/200][Batch 901/2622] BatchTime = 0.326 (s) DataTime = 0.001 (s) Losses = ['5.3644', '38.6312'] lr = 0.0000014
2025-07-22 21:32:41,845 - AdaPoinTr - INFO - [Epoch 195/200][Batch 1001/2622] BatchTime = 0.327 (s) DataTime = 0.001 (s) Losses = ['4.7269', '34.0939'] lr = 0.0000014
2025-07-22 21:33:14,914 - AdaPoinTr - INFO - [Epoch 195/200][Batch 1101/2622] BatchTime = 0.328 (s) DataTime = 0.001 (s) Losses = ['5.4931', '41.8078'] lr = 0.0000014
2025-07-22 21:33:47,976 - AdaPoinTr - INFO - [Epoch 195/200][Batch 1201/2622] BatchTime = 0.327 (s) DataTime = 0.001 (s) Losses = ['4.7042', '33.0154'] lr = 0.0000014
2025-07-22 21:34:21,063 - AdaPoinTr - INFO - [Epoch 195/200][Batch 1301/2622] BatchTime = 0.329 (s) DataTime = 0.001 (s) Losses = ['5.4108', '38.8763'] lr = 0.0000014
2025-07-22 21:34:54,104 - AdaPoinTr - INFO - [Epoch 195/200][Batch 1401/2622] BatchTime = 0.325 (s) DataTime = 0.001 (s) Losses = ['5.1185', '36.9304'] lr = 0.0000014
2025-07-22 21:35:27,168 - AdaPoinTr - INFO - [Epoch 195/200][Batch 1501/2622] BatchTime = 0.328 (s) DataTime = 0.001 (s) Losses = ['5.5110', '42.6414'] lr = 0.0000014
2025-07-22 21:36:00,231 - AdaPoinTr - INFO - [Epoch 195/200][Batch 1601/2622] BatchTime = 0.330 (s) DataTime = 0.001 (s) Losses = ['5.2030', '36.9569'] lr = 0.0000014
2025-07-22 21:36:33,278 - AdaPoinTr - INFO - [Epoch 195/200][Batch 1701/2622] BatchTime = 0.327 (s) DataTime = 0.001 (s) Losses = ['5.9025', '42.1498'] lr = 0.0000014
2025-07-22 21:37:06,362 - AdaPoinTr - INFO - [Epoch 195/200][Batch 1801/2622] BatchTime = 0.325 (s) DataTime = 0.001 (s) Losses = ['5.6565', '42.1662'] lr = 0.0000014
2025-07-22 21:37:39,417 - AdaPoinTr - INFO - [Epoch 195/200][Batch 1901/2622] BatchTime = 0.331 (s) DataTime = 0.001 (s) Losses = ['4.8939', '36.7696'] lr = 0.0000014
2025-07-22 21:38:12,481 - AdaPoinTr - INFO - [Epoch 195/200][Batch 2001/2622] BatchTime = 0.330 (s) DataTime = 0.001 (s) Losses = ['5.4970', '40.0589'] lr = 0.0000014
2025-07-22 21:38:45,537 - AdaPoinTr - INFO - [Epoch 195/200][Batch 2101/2622] BatchTime = 0.328 (s) DataTime = 0.001 (s) Losses = ['5.0602', '39.6471'] lr = 0.0000014
2025-07-22 21:39:18,614 - AdaPoinTr - INFO - [Epoch 195/200][Batch 2201/2622] BatchTime = 0.330 (s) DataTime = 0.001 (s) Losses = ['4.6885', '33.0285'] lr = 0.0000014
2025-07-22 21:39:51,679 - AdaPoinTr - INFO - [Epoch 195/200][Batch 2301/2622] BatchTime = 0.330 (s) DataTime = 0.001 (s) Losses = ['5.5783', '41.1686'] lr = 0.0000014
2025-07-22 21:40:24,765 - AdaPoinTr - INFO - [Epoch 195/200][Batch 2401/2622] BatchTime = 0.327 (s) DataTime = 0.001 (s) Losses = ['5.3332', '39.5176'] lr = 0.0000014
2025-07-22 21:40:57,834 - AdaPoinTr - INFO - [Epoch 195/200][Batch 2501/2622] BatchTime = 0.327 (s) DataTime = 0.001 (s) Losses = ['5.6844', '39.3768'] lr = 0.0000014
2025-07-22 21:41:30,915 - AdaPoinTr - INFO - [Epoch 195/200][Batch 2601/2622] BatchTime = 0.326 (s) DataTime = 0.001 (s) Losses = ['5.9214', '41.3454'] lr = 0.0000014
2025-07-22 21:41:37,883 - AdaPoinTr - INFO - [Training] EPOCH: 195 EpochTime = 867.127 (s) Losses = ['5.1293', '38.8541']
2025-07-22 21:41:37,883 - AdaPoinTr - INFO - [VALIDATION] Start validating epoch 195
2025-07-22 21:42:08,924 - AdaPoinTr - INFO - Test[1051/10518] Taxonomy = 02691156 Sample = c7749c0a8b61f43bc9b9e28055202e3d Losses = ['19.8827', '1.6471', '8.0129', '0.2167'] Metrics = ['0.6147', '8.0129', '0.2167', '0.0000']
2025-07-22 21:42:39,872 - AdaPoinTr - INFO - Test[2102/10518] Taxonomy = 03211117 Sample = ab2f9418c111cc6ddb965514105122a4 Losses = ['19.2974', '1.2962', '7.5102', '0.1844'] Metrics = ['0.6409', '7.5102', '0.1844', '0.0000']
2025-07-22 21:43:10,808 - AdaPoinTr - INFO - Test[3153/10518] Taxonomy = 02876657 Sample = c5032e4be091aabb36fe7a88df793982 Losses = ['43.7344', '8.6693', '17.9176', '1.5873'] Metrics = ['0.3081', '17.9176', '1.5873', '0.0000']
2025-07-22 21:43:41,508 - AdaPoinTr - INFO - Test[4204/10518] Taxonomy = 03211117 Sample = 722df1da5778d45b1e43523279c7f09f Losses = ['41.3253', '7.2837', '18.5565', '1.6746'] Metrics = ['0.3533', '18.5565', '1.6746', '0.0000']
2025-07-22 21:44:12,515 - AdaPoinTr - INFO - Test[5255/10518] Taxonomy = 02828884 Sample = 14b63361a48a9fffe4a048c146e8bd43 Losses = ['30.1975', '3.6011', '15.6913', '1.4457'] Metrics = ['0.4329', '15.6913', '1.4457', '0.0000']
2025-07-22 21:44:43,346 - AdaPoinTr - INFO - Test[6306/10518] Taxonomy = 03211117 Sample = d330d50a0255529d19ed6e1a590c9122 Losses = ['26.8238', '3.2961', '10.9992', '0.5206'] Metrics = ['0.4756', '10.9992', '0.5206', '0.0000']
2025-07-22 21:45:14,328 - AdaPoinTr - INFO - Test[7357/10518] Taxonomy = 04379243 Sample = b1ca280d9567270ade98d10ab5975b59 Losses = ['28.8151', '2.9724', '13.7220', '0.5814'] Metrics = ['0.2783', '13.7220', '0.5814', '0.0000']
2025-07-22 21:45:45,209 - AdaPoinTr - INFO - Test[8408/10518] Taxonomy = 03001627 Sample = 89208a619341d9fdb8c516ed5c4ce32 Losses = ['29.2478', '3.1653', '15.6498', '0.9671'] Metrics = ['0.2847', '15.6498', '0.9671', '0.0000']
2025-07-22 21:46:16,089 - AdaPoinTr - INFO - Test[9459/10518] Taxonomy = 03001627 Sample = d0255120e3351121c3bd24f986301745 Losses = ['35.4298', '4.5882', '14.2687', '0.7077'] Metrics = ['0.2643', '14.2687', '0.7077', '0.0000']
2025-07-22 21:46:47,189 - AdaPoinTr - INFO - Test[10510/10518] Taxonomy = 03636649 Sample = ea9ec4d9db2e06202471e6dd5ac3ef92 Losses = ['23.1750', '2.7668', '12.7973', '1.2070'] Metrics = ['0.6750', '12.7973', '1.2070', '0.0000']
2025-07-22 21:46:47,444 - AdaPoinTr - INFO - [Validation] EPOCH: 195  Metrics = ['0.3877', '13.4786', '0.8654', '0.0000']
2025-07-22 21:46:47,444 - AdaPoinTr - INFO - ============================ TEST RESULTS ============================
2025-07-22 21:46:47,444 - AdaPoinTr - INFO - Taxonomy	#Sample	F-Score	CDL1	CDL2	EMDistance	#ModelName	
2025-07-22 21:46:47,444 - AdaPoinTr - INFO - 03759954	14	0.570 	12.588 	1.132 	0.000 	microphone	
2025-07-22 21:46:47,444 - AdaPoinTr - INFO - 04330267	44	0.303 	14.452 	0.820 	0.000 	stove	
2025-07-22 21:46:47,444 - AdaPoinTr - INFO - 03261776	15	0.338 	17.159 	1.650 	0.000 	earphone	
2025-07-22 21:46:47,444 - AdaPoinTr - INFO - 03513137	33	0.234 	18.534 	1.792 	0.000 	helmet	
2025-07-22 21:46:47,444 - AdaPoinTr - INFO - 04460130	27	0.441 	13.036 	0.735 	0.000 	tower	
2025-07-22 21:46:47,444 - AdaPoinTr - INFO - 04468005	78	0.415 	12.125 	0.642 	0.000 	train	
2025-07-22 21:46:47,444 - AdaPoinTr - INFO - 03761084	31	0.252 	15.954 	1.059 	0.000 	microwaves	
2025-07-22 21:46:47,444 - AdaPoinTr - INFO - 04004475	34	0.278 	16.706 	1.407 	0.000 	printer	
2025-07-22 21:46:47,444 - AdaPoinTr - INFO - 03938244	20	0.329 	14.008 	0.845 	0.000 	pillow	
2025-07-22 21:46:47,444 - AdaPoinTr - INFO - 02992529	167	0.439 	10.460 	0.380 	0.000 	cellphone	
2025-07-22 21:46:47,444 - AdaPoinTr - INFO - 02808440	172	0.308 	14.237 	0.883 	0.000 	bathtub	
2025-07-22 21:46:47,444 - AdaPoinTr - INFO - 04530566	388	0.528 	10.604 	0.512 	0.000 	watercraft	
2025-07-22 21:46:47,444 - AdaPoinTr - INFO - 02871439	91	0.266 	15.625 	1.052 	0.000 	bookshelf	
2025-07-22 21:46:47,444 - AdaPoinTr - INFO - 03593526	120	0.285 	16.516 	1.238 	0.000 	jar	
2025-07-22 21:46:47,444 - AdaPoinTr - INFO - 04554684	34	0.241 	16.897 	1.168 	0.000 	washer	
2025-07-22 21:46:47,444 - AdaPoinTr - INFO - 03467517	160	0.840 	6.165 	0.173 	0.000 	guitar	
2025-07-22 21:46:47,444 - AdaPoinTr - INFO - 04401088	218	0.444 	10.321 	0.383 	0.000 	telephone	
2025-07-22 21:46:47,444 - AdaPoinTr - INFO - 02954340	12	0.335 	13.946 	0.982 	0.000 	cap	
2025-07-22 21:46:47,445 - AdaPoinTr - INFO - 02933112	315	0.251 	14.660 	0.769 	0.000 	cabinet	
2025-07-22 21:46:47,445 - AdaPoinTr - INFO - 03642806	92	0.400 	10.764 	0.392 	0.000 	laptop	
2025-07-22 21:46:47,445 - AdaPoinTr - INFO - 02924116	188	0.383 	12.112 	0.568 	0.000 	bus	
2025-07-22 21:46:47,445 - AdaPoinTr - INFO - 02946921	22	0.278 	14.829 	0.889 	0.000 	can	
2025-07-22 21:46:47,445 - AdaPoinTr - INFO - 02818832	47	0.300 	15.914 	1.227 	0.000 	bed	
2025-07-22 21:46:47,445 - AdaPoinTr - INFO - 04256520	635	0.316 	13.548 	0.686 	0.000 	sofa	
2025-07-22 21:46:47,445 - AdaPoinTr - INFO - 04379243	1687	0.403 	12.163 	0.717 	0.000 	table	
2025-07-22 21:46:47,445 - AdaPoinTr - INFO - 02747177	69	0.206 	17.147 	1.197 	0.000 	trash bin	
2025-07-22 21:46:47,445 - AdaPoinTr - INFO - 03046257	131	0.327 	14.046 	0.825 	0.000 	clock	
2025-07-22 21:46:47,445 - AdaPoinTr - INFO - 04225987	31	0.577 	9.032 	0.314 	0.000 	skateboard	
2025-07-22 21:46:47,445 - AdaPoinTr - INFO - 03797390	43	0.214 	17.142 	1.116 	0.000 	mug	
2025-07-22 21:46:47,445 - AdaPoinTr - INFO - 03001627	1356	0.392 	12.909 	0.755 	0.000 	chair	
2025-07-22 21:46:47,445 - AdaPoinTr - INFO - 03691459	320	0.270 	16.444 	1.184 	0.000 	loudspeaker	
2025-07-22 21:46:47,445 - AdaPoinTr - INFO - 02942699	23	0.258 	19.245 	1.957 	0.000 	camera	
2025-07-22 21:46:47,445 - AdaPoinTr - INFO - 03636649	464	0.568 	11.900 	1.017 	0.000 	lamp	
2025-07-22 21:46:47,445 - AdaPoinTr - INFO - 02691156	809	0.607 	8.867 	0.339 	0.000 	airplane	
2025-07-22 21:46:47,445 - AdaPoinTr - INFO - 02773838	17	0.373 	12.243 	0.573 	0.000 	bag	
2025-07-22 21:46:47,445 - AdaPoinTr - INFO - 02958343	703	0.234 	15.531 	0.866 	0.000 	car	
2025-07-22 21:46:47,445 - AdaPoinTr - INFO - 02880940	38	0.253 	14.481 	0.706 	0.000 	bowl	
2025-07-22 21:46:47,445 - AdaPoinTr - INFO - 04099429	17	0.741 	8.192 	0.385 	0.000 	rocket	
2025-07-22 21:46:47,445 - AdaPoinTr - INFO - 02828884	363	0.463 	10.496 	0.472 	0.000 	bench	
2025-07-22 21:46:47,445 - AdaPoinTr - INFO - 04090263	475	0.712 	8.170 	0.381 	0.000 	rifle	
2025-07-22 21:46:47,445 - AdaPoinTr - INFO - 03211117	219	0.368 	12.774 	0.710 	0.000 	display	
2025-07-22 21:46:47,445 - AdaPoinTr - INFO - 02876657	100	0.454 	11.611 	0.611 	0.000 	bottle	
2025-07-22 21:46:47,445 - AdaPoinTr - INFO - 03710193	19	0.545 	11.934 	0.879 	0.000 	mailbox	
2025-07-22 21:46:47,445 - AdaPoinTr - INFO - 03790512	68	0.269 	15.930 	1.025 	0.000 	motorbike	
2025-07-22 21:46:47,445 - AdaPoinTr - INFO - 03325088	149	0.489 	13.689 	1.331 	0.000 	faucet	
2025-07-22 21:46:47,445 - AdaPoinTr - INFO - 02801938	23	0.247 	15.440 	0.931 	0.000 	basket	
2025-07-22 21:46:47,445 - AdaPoinTr - INFO - 03337140	60	0.254 	15.397 	0.907 	0.000 	file cabinet	
2025-07-22 21:46:47,445 - AdaPoinTr - INFO - 02843684	15	0.259 	19.180 	1.981 	0.000 	birdhouse	
2025-07-22 21:46:47,445 - AdaPoinTr - INFO - 03624134	85	0.806 	6.761 	0.248 	0.000 	knife	
2025-07-22 21:46:47,445 - AdaPoinTr - INFO - 03991062	121	0.252 	18.125 	1.480 	0.000 	flowerpot	
2025-07-22 21:46:47,445 - AdaPoinTr - INFO - 03948459	62	0.487 	11.470 	0.622 	0.000 	pistol	
2025-07-22 21:46:47,445 - AdaPoinTr - INFO - 03928116	48	0.309 	14.659 	0.983 	0.000 	piano	
2025-07-22 21:46:47,445 - AdaPoinTr - INFO - 03207941	19	0.250 	15.733 	1.027 	0.000 	dishwasher	
2025-07-22 21:46:47,445 - AdaPoinTr - INFO - 04074963	14	0.494 	10.149 	0.392 	0.000 	remote	
2025-07-22 21:46:47,445 - AdaPoinTr - INFO - 03085013	13	0.473 	9.302 	0.284 	0.000 	keyboard	
2025-07-22 21:46:47,445 - AdaPoinTr - INFO - Overall		0.388 	13.479 	0.865 	0.000 	
2025-07-22 21:46:47,897 - AdaPoinTr - INFO - Save checkpoint at ./experiments/AdaPoinTr/ShapeNet55_models/AdaPoinTr/ckpt-last.pth
2025-07-22 21:46:48,321 - AdaPoinTr - INFO - [Epoch 196/200][Batch 1/2622] BatchTime = 0.423 (s) DataTime = 0.088 (s) Losses = ['5.2576', '40.5906'] lr = 0.0000014
2025-07-22 21:47:21,317 - AdaPoinTr - INFO - [Epoch 196/200][Batch 101/2622] BatchTime = 0.328 (s) DataTime = 0.001 (s) Losses = ['4.7921', '37.0092'] lr = 0.0000014
2025-07-22 21:47:54,354 - AdaPoinTr - INFO - [Epoch 196/200][Batch 201/2622] BatchTime = 0.328 (s) DataTime = 0.001 (s) Losses = ['5.2401', '41.6053'] lr = 0.0000014
2025-07-22 21:48:27,418 - AdaPoinTr - INFO - [Epoch 196/200][Batch 301/2622] BatchTime = 0.330 (s) DataTime = 0.001 (s) Losses = ['5.1953', '39.4435'] lr = 0.0000014
2025-07-22 21:49:00,476 - AdaPoinTr - INFO - [Epoch 196/200][Batch 401/2622] BatchTime = 0.327 (s) DataTime = 0.001 (s) Losses = ['5.6350', '44.0148'] lr = 0.0000014
2025-07-22 21:49:33,508 - AdaPoinTr - INFO - [Epoch 196/200][Batch 501/2622] BatchTime = 0.329 (s) DataTime = 0.001 (s) Losses = ['5.1454', '40.9488'] lr = 0.0000014
2025-07-22 21:50:06,566 - AdaPoinTr - INFO - [Epoch 196/200][Batch 601/2622] BatchTime = 0.328 (s) DataTime = 0.001 (s) Losses = ['5.2283', '43.7464'] lr = 0.0000014
2025-07-22 21:50:39,601 - AdaPoinTr - INFO - [Epoch 196/200][Batch 701/2622] BatchTime = 0.329 (s) DataTime = 0.001 (s) Losses = ['5.1721', '39.0971'] lr = 0.0000014
2025-07-22 21:51:12,650 - AdaPoinTr - INFO - [Epoch 196/200][Batch 801/2622] BatchTime = 0.327 (s) DataTime = 0.001 (s) Losses = ['5.0765', '37.1680'] lr = 0.0000014
2025-07-22 21:51:45,682 - AdaPoinTr - INFO - [Epoch 196/200][Batch 901/2622] BatchTime = 0.328 (s) DataTime = 0.001 (s) Losses = ['5.3265', '40.0874'] lr = 0.0000014
2025-07-22 21:52:18,730 - AdaPoinTr - INFO - [Epoch 196/200][Batch 1001/2622] BatchTime = 0.327 (s) DataTime = 0.001 (s) Losses = ['4.6805', '35.5754'] lr = 0.0000014
2025-07-22 21:52:51,774 - AdaPoinTr - INFO - [Epoch 196/200][Batch 1101/2622] BatchTime = 0.329 (s) DataTime = 0.001 (s) Losses = ['5.4930', '40.4476'] lr = 0.0000014
2025-07-22 21:53:24,827 - AdaPoinTr - INFO - [Epoch 196/200][Batch 1201/2622] BatchTime = 0.328 (s) DataTime = 0.001 (s) Losses = ['5.0118', '39.1407'] lr = 0.0000014
2025-07-22 21:53:57,885 - AdaPoinTr - INFO - [Epoch 196/200][Batch 1301/2622] BatchTime = 0.328 (s) DataTime = 0.001 (s) Losses = ['4.8977', '34.3556'] lr = 0.0000014
2025-07-22 21:54:30,901 - AdaPoinTr - INFO - [Epoch 196/200][Batch 1401/2622] BatchTime = 0.328 (s) DataTime = 0.001 (s) Losses = ['4.8755', '37.1403'] lr = 0.0000014
2025-07-22 21:55:03,941 - AdaPoinTr - INFO - [Epoch 196/200][Batch 1501/2622] BatchTime = 0.328 (s) DataTime = 0.001 (s) Losses = ['4.9931', '38.0948'] lr = 0.0000014
2025-07-22 21:55:36,979 - AdaPoinTr - INFO - [Epoch 196/200][Batch 1601/2622] BatchTime = 0.328 (s) DataTime = 0.001 (s) Losses = ['5.0553', '35.5482'] lr = 0.0000014
2025-07-22 21:56:10,000 - AdaPoinTr - INFO - [Epoch 196/200][Batch 1701/2622] BatchTime = 0.328 (s) DataTime = 0.001 (s) Losses = ['4.8253', '38.4543'] lr = 0.0000014
2025-07-22 21:56:43,030 - AdaPoinTr - INFO - [Epoch 196/200][Batch 1801/2622] BatchTime = 0.326 (s) DataTime = 0.001 (s) Losses = ['5.4815', '43.6279'] lr = 0.0000014
2025-07-22 21:57:16,082 - AdaPoinTr - INFO - [Epoch 196/200][Batch 1901/2622] BatchTime = 0.327 (s) DataTime = 0.001 (s) Losses = ['5.3742', '42.9238'] lr = 0.0000014
2025-07-22 21:57:49,095 - AdaPoinTr - INFO - [Epoch 196/200][Batch 2001/2622] BatchTime = 0.326 (s) DataTime = 0.001 (s) Losses = ['5.0649', '38.9313'] lr = 0.0000014
2025-07-22 21:58:22,133 - AdaPoinTr - INFO - [Epoch 196/200][Batch 2101/2622] BatchTime = 0.328 (s) DataTime = 0.001 (s) Losses = ['5.3166', '38.9606'] lr = 0.0000014
2025-07-22 21:58:55,185 - AdaPoinTr - INFO - [Epoch 196/200][Batch 2201/2622] BatchTime = 0.326 (s) DataTime = 0.001 (s) Losses = ['5.3536', '39.1966'] lr = 0.0000014
2025-07-22 21:59:28,217 - AdaPoinTr - INFO - [Epoch 196/200][Batch 2301/2622] BatchTime = 0.326 (s) DataTime = 0.001 (s) Losses = ['6.0275', '43.4609'] lr = 0.0000014
2025-07-22 22:00:01,250 - AdaPoinTr - INFO - [Epoch 196/200][Batch 2401/2622] BatchTime = 0.326 (s) DataTime = 0.001 (s) Losses = ['5.2514', '39.3030'] lr = 0.0000014
2025-07-22 22:00:34,279 - AdaPoinTr - INFO - [Epoch 196/200][Batch 2501/2622] BatchTime = 0.327 (s) DataTime = 0.001 (s) Losses = ['5.6458', '45.3530'] lr = 0.0000014
2025-07-22 22:01:07,304 - AdaPoinTr - INFO - [Epoch 196/200][Batch 2601/2622] BatchTime = 0.328 (s) DataTime = 0.001 (s) Losses = ['5.3983', '41.8436'] lr = 0.0000014
2025-07-22 22:01:14,267 - AdaPoinTr - INFO - [Training] EPOCH: 196 EpochTime = 866.369 (s) Losses = ['5.1282', '38.8233']
2025-07-22 22:01:14,720 - AdaPoinTr - INFO - Save checkpoint at ./experiments/AdaPoinTr/ShapeNet55_models/AdaPoinTr/ckpt-last.pth
2025-07-22 22:01:15,146 - AdaPoinTr - INFO - [Epoch 197/200][Batch 1/2622] BatchTime = 0.425 (s) DataTime = 0.088 (s) Losses = ['5.6833', '39.5497'] lr = 0.0000014
2025-07-22 22:01:48,175 - AdaPoinTr - INFO - [Epoch 197/200][Batch 101/2622] BatchTime = 0.327 (s) DataTime = 0.001 (s) Losses = ['4.9776', '40.1423'] lr = 0.0000014
2025-07-22 22:02:21,228 - AdaPoinTr - INFO - [Epoch 197/200][Batch 201/2622] BatchTime = 0.328 (s) DataTime = 0.001 (s) Losses = ['5.5629', '40.1573'] lr = 0.0000014
2025-07-22 22:02:54,260 - AdaPoinTr - INFO - [Epoch 197/200][Batch 301/2622] BatchTime = 0.328 (s) DataTime = 0.001 (s) Losses = ['4.8842', '37.7175'] lr = 0.0000014
2025-07-22 22:03:27,301 - AdaPoinTr - INFO - [Epoch 197/200][Batch 401/2622] BatchTime = 0.328 (s) DataTime = 0.001 (s) Losses = ['5.0829', '41.5420'] lr = 0.0000014
2025-07-22 22:04:00,325 - AdaPoinTr - INFO - [Epoch 197/200][Batch 501/2622] BatchTime = 0.328 (s) DataTime = 0.001 (s) Losses = ['6.1863', '41.5376'] lr = 0.0000014
2025-07-22 22:04:33,360 - AdaPoinTr - INFO - [Epoch 197/200][Batch 601/2622] BatchTime = 0.329 (s) DataTime = 0.001 (s) Losses = ['5.4454', '39.9816'] lr = 0.0000014
2025-07-22 22:05:06,411 - AdaPoinTr - INFO - [Epoch 197/200][Batch 701/2622] BatchTime = 0.327 (s) DataTime = 0.001 (s) Losses = ['5.2466', '36.7948'] lr = 0.0000014
2025-07-22 22:05:39,434 - AdaPoinTr - INFO - [Epoch 197/200][Batch 801/2622] BatchTime = 0.328 (s) DataTime = 0.001 (s) Losses = ['5.6963', '41.1028'] lr = 0.0000014
2025-07-22 22:06:12,469 - AdaPoinTr - INFO - [Epoch 197/200][Batch 901/2622] BatchTime = 0.327 (s) DataTime = 0.001 (s) Losses = ['4.8113', '36.4653'] lr = 0.0000014
2025-07-22 22:06:45,524 - AdaPoinTr - INFO - [Epoch 197/200][Batch 1001/2622] BatchTime = 0.327 (s) DataTime = 0.001 (s) Losses = ['4.8229', '36.8054'] lr = 0.0000014
2025-07-22 22:07:18,577 - AdaPoinTr - INFO - [Epoch 197/200][Batch 1101/2622] BatchTime = 0.326 (s) DataTime = 0.001 (s) Losses = ['4.9866', '37.8774'] lr = 0.0000014
2025-07-22 22:07:51,598 - AdaPoinTr - INFO - [Epoch 197/200][Batch 1201/2622] BatchTime = 0.328 (s) DataTime = 0.001 (s) Losses = ['5.5952', '46.9106'] lr = 0.0000014
2025-07-22 22:08:24,621 - AdaPoinTr - INFO - [Epoch 197/200][Batch 1301/2622] BatchTime = 0.328 (s) DataTime = 0.001 (s) Losses = ['5.4022', '41.6043'] lr = 0.0000014
2025-07-22 22:08:57,641 - AdaPoinTr - INFO - [Epoch 197/200][Batch 1401/2622] BatchTime = 0.327 (s) DataTime = 0.001 (s) Losses = ['5.5015', '41.5502'] lr = 0.0000014
2025-07-22 22:09:30,667 - AdaPoinTr - INFO - [Epoch 197/200][Batch 1501/2622] BatchTime = 0.327 (s) DataTime = 0.001 (s) Losses = ['5.0566', '42.8528'] lr = 0.0000014
2025-07-22 22:10:03,695 - AdaPoinTr - INFO - [Epoch 197/200][Batch 1601/2622] BatchTime = 0.330 (s) DataTime = 0.001 (s) Losses = ['5.5889', '39.5565'] lr = 0.0000014
2025-07-22 22:10:36,704 - AdaPoinTr - INFO - [Epoch 197/200][Batch 1701/2622] BatchTime = 0.326 (s) DataTime = 0.001 (s) Losses = ['5.3436', '39.2499'] lr = 0.0000014
2025-07-22 22:11:09,728 - AdaPoinTr - INFO - [Epoch 197/200][Batch 1801/2622] BatchTime = 0.328 (s) DataTime = 0.001 (s) Losses = ['4.7534', '40.3682'] lr = 0.0000014
2025-07-22 22:11:42,758 - AdaPoinTr - INFO - [Epoch 197/200][Batch 1901/2622] BatchTime = 0.330 (s) DataTime = 0.001 (s) Losses = ['5.3188', '40.6563'] lr = 0.0000014
2025-07-22 22:12:15,792 - AdaPoinTr - INFO - [Epoch 197/200][Batch 2001/2622] BatchTime = 0.327 (s) DataTime = 0.001 (s) Losses = ['5.5136', '38.1942'] lr = 0.0000014
2025-07-22 22:12:48,817 - AdaPoinTr - INFO - [Epoch 197/200][Batch 2101/2622] BatchTime = 0.327 (s) DataTime = 0.001 (s) Losses = ['5.4647', '42.9901'] lr = 0.0000014
2025-07-22 22:13:21,842 - AdaPoinTr - INFO - [Epoch 197/200][Batch 2201/2622] BatchTime = 0.328 (s) DataTime = 0.001 (s) Losses = ['4.8942', '36.1158'] lr = 0.0000014
2025-07-22 22:13:54,881 - AdaPoinTr - INFO - [Epoch 197/200][Batch 2301/2622] BatchTime = 0.328 (s) DataTime = 0.001 (s) Losses = ['5.7414', '40.3113'] lr = 0.0000014
2025-07-22 22:14:27,897 - AdaPoinTr - INFO - [Epoch 197/200][Batch 2401/2622] BatchTime = 0.327 (s) DataTime = 0.001 (s) Losses = ['5.2514', '37.6438'] lr = 0.0000014
2025-07-22 22:15:00,929 - AdaPoinTr - INFO - [Epoch 197/200][Batch 2501/2622] BatchTime = 0.327 (s) DataTime = 0.001 (s) Losses = ['4.9392', '39.4755'] lr = 0.0000014
2025-07-22 22:15:33,978 - AdaPoinTr - INFO - [Epoch 197/200][Batch 2601/2622] BatchTime = 0.329 (s) DataTime = 0.001 (s) Losses = ['4.7193', '33.3908'] lr = 0.0000014
2025-07-22 22:15:40,959 - AdaPoinTr - INFO - [Training] EPOCH: 197 EpochTime = 866.238 (s) Losses = ['5.1285', '38.7536']
2025-07-22 22:15:41,408 - AdaPoinTr - INFO - Save checkpoint at ./experiments/AdaPoinTr/ShapeNet55_models/AdaPoinTr/ckpt-last.pth
2025-07-22 22:15:41,833 - AdaPoinTr - INFO - [Epoch 198/200][Batch 1/2622] BatchTime = 0.425 (s) DataTime = 0.087 (s) Losses = ['5.0910', '40.3434'] lr = 0.0000013
2025-07-22 22:16:14,881 - AdaPoinTr - INFO - [Epoch 198/200][Batch 101/2622] BatchTime = 0.329 (s) DataTime = 0.001 (s) Losses = ['4.7758', '36.6238'] lr = 0.0000013
2025-07-22 22:16:47,889 - AdaPoinTr - INFO - [Epoch 198/200][Batch 201/2622] BatchTime = 0.329 (s) DataTime = 0.001 (s) Losses = ['5.3935', '40.9526'] lr = 0.0000013
2025-07-22 22:17:20,920 - AdaPoinTr - INFO - [Epoch 198/200][Batch 301/2622] BatchTime = 0.328 (s) DataTime = 0.001 (s) Losses = ['4.9489', '39.6805'] lr = 0.0000013
2025-07-22 22:17:53,958 - AdaPoinTr - INFO - [Epoch 198/200][Batch 401/2622] BatchTime = 0.327 (s) DataTime = 0.001 (s) Losses = ['5.0337', '38.4702'] lr = 0.0000013
2025-07-22 22:18:26,989 - AdaPoinTr - INFO - [Epoch 198/200][Batch 501/2622] BatchTime = 0.326 (s) DataTime = 0.001 (s) Losses = ['5.3879', '40.7058'] lr = 0.0000013
2025-07-22 22:19:00,035 - AdaPoinTr - INFO - [Epoch 198/200][Batch 601/2622] BatchTime = 0.327 (s) DataTime = 0.001 (s) Losses = ['5.2957', '37.2145'] lr = 0.0000013
2025-07-22 22:19:33,076 - AdaPoinTr - INFO - [Epoch 198/200][Batch 701/2622] BatchTime = 0.327 (s) DataTime = 0.001 (s) Losses = ['5.1389', '38.7099'] lr = 0.0000013
2025-07-22 22:20:06,117 - AdaPoinTr - INFO - [Epoch 198/200][Batch 801/2622] BatchTime = 0.329 (s) DataTime = 0.001 (s) Losses = ['5.5542', '40.2851'] lr = 0.0000013
2025-07-22 22:20:39,138 - AdaPoinTr - INFO - [Epoch 198/200][Batch 901/2622] BatchTime = 0.329 (s) DataTime = 0.001 (s) Losses = ['5.5665', '39.2150'] lr = 0.0000013
2025-07-22 22:21:12,180 - AdaPoinTr - INFO - [Epoch 198/200][Batch 1001/2622] BatchTime = 0.328 (s) DataTime = 0.001 (s) Losses = ['4.7279', '34.6501'] lr = 0.0000013
2025-07-22 22:21:45,209 - AdaPoinTr - INFO - [Epoch 198/200][Batch 1101/2622] BatchTime = 0.327 (s) DataTime = 0.001 (s) Losses = ['5.0188', '38.5518'] lr = 0.0000013
2025-07-22 22:22:18,256 - AdaPoinTr - INFO - [Epoch 198/200][Batch 1201/2622] BatchTime = 0.327 (s) DataTime = 0.001 (s) Losses = ['5.6439', '41.8422'] lr = 0.0000013
2025-07-22 22:22:51,283 - AdaPoinTr - INFO - [Epoch 198/200][Batch 1301/2622] BatchTime = 0.328 (s) DataTime = 0.001 (s) Losses = ['5.9962', '46.2510'] lr = 0.0000013
2025-07-22 22:23:24,315 - AdaPoinTr - INFO - [Epoch 198/200][Batch 1401/2622] BatchTime = 0.327 (s) DataTime = 0.001 (s) Losses = ['4.7651', '37.6394'] lr = 0.0000013
2025-07-22 22:23:57,373 - AdaPoinTr - INFO - [Epoch 198/200][Batch 1501/2622] BatchTime = 0.328 (s) DataTime = 0.001 (s) Losses = ['5.4196', '39.3893'] lr = 0.0000013
2025-07-22 22:24:30,416 - AdaPoinTr - INFO - [Epoch 198/200][Batch 1601/2622] BatchTime = 0.326 (s) DataTime = 0.001 (s) Losses = ['4.2642', '33.7594'] lr = 0.0000013
2025-07-22 22:25:03,446 - AdaPoinTr - INFO - [Epoch 198/200][Batch 1701/2622] BatchTime = 0.328 (s) DataTime = 0.001 (s) Losses = ['5.3822', '41.4914'] lr = 0.0000013
2025-07-22 22:25:36,493 - AdaPoinTr - INFO - [Epoch 198/200][Batch 1801/2622] BatchTime = 0.326 (s) DataTime = 0.001 (s) Losses = ['4.8300', '37.3385'] lr = 0.0000013
2025-07-22 22:26:09,527 - AdaPoinTr - INFO - [Epoch 198/200][Batch 1901/2622] BatchTime = 0.326 (s) DataTime = 0.001 (s) Losses = ['5.3039', '39.9923'] lr = 0.0000013
2025-07-22 22:26:42,548 - AdaPoinTr - INFO - [Epoch 198/200][Batch 2001/2622] BatchTime = 0.328 (s) DataTime = 0.001 (s) Losses = ['4.9251', '37.5608'] lr = 0.0000013
2025-07-22 22:27:15,549 - AdaPoinTr - INFO - [Epoch 198/200][Batch 2101/2622] BatchTime = 0.329 (s) DataTime = 0.001 (s) Losses = ['5.0071', '35.8123'] lr = 0.0000013
2025-07-22 22:27:48,574 - AdaPoinTr - INFO - [Epoch 198/200][Batch 2201/2622] BatchTime = 0.328 (s) DataTime = 0.001 (s) Losses = ['5.4042', '41.7845'] lr = 0.0000013
2025-07-22 22:28:21,602 - AdaPoinTr - INFO - [Epoch 198/200][Batch 2301/2622] BatchTime = 0.328 (s) DataTime = 0.001 (s) Losses = ['5.3430', '41.2591'] lr = 0.0000013
2025-07-22 22:28:54,629 - AdaPoinTr - INFO - [Epoch 198/200][Batch 2401/2622] BatchTime = 0.329 (s) DataTime = 0.001 (s) Losses = ['4.6144', '35.1391'] lr = 0.0000013
2025-07-22 22:29:27,671 - AdaPoinTr - INFO - [Epoch 198/200][Batch 2501/2622] BatchTime = 0.329 (s) DataTime = 0.001 (s) Losses = ['4.8776', '34.0103'] lr = 0.0000013
2025-07-22 22:30:00,687 - AdaPoinTr - INFO - [Epoch 198/200][Batch 2601/2622] BatchTime = 0.326 (s) DataTime = 0.001 (s) Losses = ['4.9649', '40.2064'] lr = 0.0000013
2025-07-22 22:30:07,651 - AdaPoinTr - INFO - [Training] EPOCH: 198 EpochTime = 866.243 (s) Losses = ['5.1276', '38.7936']
2025-07-22 22:30:08,104 - AdaPoinTr - INFO - Save checkpoint at ./experiments/AdaPoinTr/ShapeNet55_models/AdaPoinTr/ckpt-last.pth
2025-07-22 22:30:08,530 - AdaPoinTr - INFO - [Epoch 199/200][Batch 1/2622] BatchTime = 0.425 (s) DataTime = 0.089 (s) Losses = ['4.6068', '32.6556'] lr = 0.0000013
2025-07-22 22:30:41,574 - AdaPoinTr - INFO - [Epoch 199/200][Batch 101/2622] BatchTime = 0.326 (s) DataTime = 0.001 (s) Losses = ['5.5885', '42.8708'] lr = 0.0000013
2025-07-22 22:31:14,598 - AdaPoinTr - INFO - [Epoch 199/200][Batch 201/2622] BatchTime = 0.327 (s) DataTime = 0.001 (s) Losses = ['5.0242', '38.7802'] lr = 0.0000013
2025-07-22 22:31:47,655 - AdaPoinTr - INFO - [Epoch 199/200][Batch 301/2622] BatchTime = 0.326 (s) DataTime = 0.001 (s) Losses = ['5.1727', '41.5968'] lr = 0.0000013
2025-07-22 22:32:20,698 - AdaPoinTr - INFO - [Epoch 199/200][Batch 401/2622] BatchTime = 0.328 (s) DataTime = 0.001 (s) Losses = ['4.9214', '35.3648'] lr = 0.0000013
2025-07-22 22:32:53,741 - AdaPoinTr - INFO - [Epoch 199/200][Batch 501/2622] BatchTime = 0.328 (s) DataTime = 0.001 (s) Losses = ['4.9460', '36.7249'] lr = 0.0000013
2025-07-22 22:33:26,762 - AdaPoinTr - INFO - [Epoch 199/200][Batch 601/2622] BatchTime = 0.328 (s) DataTime = 0.001 (s) Losses = ['4.5798', '35.4758'] lr = 0.0000013
2025-07-22 22:33:59,798 - AdaPoinTr - INFO - [Epoch 199/200][Batch 701/2622] BatchTime = 0.330 (s) DataTime = 0.001 (s) Losses = ['4.7789', '35.5272'] lr = 0.0000013
2025-07-22 22:34:32,819 - AdaPoinTr - INFO - [Epoch 199/200][Batch 801/2622] BatchTime = 0.328 (s) DataTime = 0.001 (s) Losses = ['5.6262', '43.9021'] lr = 0.0000013
2025-07-22 22:35:05,840 - AdaPoinTr - INFO - [Epoch 199/200][Batch 901/2622] BatchTime = 0.328 (s) DataTime = 0.001 (s) Losses = ['4.9775', '37.5325'] lr = 0.0000013
2025-07-22 22:35:38,885 - AdaPoinTr - INFO - [Epoch 199/200][Batch 1001/2622] BatchTime = 0.328 (s) DataTime = 0.001 (s) Losses = ['5.1238', '35.9311'] lr = 0.0000013
2025-07-22 22:36:11,908 - AdaPoinTr - INFO - [Epoch 199/200][Batch 1101/2622] BatchTime = 0.329 (s) DataTime = 0.001 (s) Losses = ['4.7742', '34.4864'] lr = 0.0000013
2025-07-22 22:36:44,951 - AdaPoinTr - INFO - [Epoch 199/200][Batch 1201/2622] BatchTime = 0.326 (s) DataTime = 0.001 (s) Losses = ['4.9416', '37.7964'] lr = 0.0000013
2025-07-22 22:37:17,982 - AdaPoinTr - INFO - [Epoch 199/200][Batch 1301/2622] BatchTime = 0.326 (s) DataTime = 0.001 (s) Losses = ['4.8763', '39.0268'] lr = 0.0000013
2025-07-22 22:37:51,020 - AdaPoinTr - INFO - [Epoch 199/200][Batch 1401/2622] BatchTime = 0.328 (s) DataTime = 0.001 (s) Losses = ['4.8094', '34.2978'] lr = 0.0000013
2025-07-22 22:38:24,050 - AdaPoinTr - INFO - [Epoch 199/200][Batch 1501/2622] BatchTime = 0.330 (s) DataTime = 0.001 (s) Losses = ['5.2403', '38.3054'] lr = 0.0000013
2025-07-22 22:38:57,078 - AdaPoinTr - INFO - [Epoch 199/200][Batch 1601/2622] BatchTime = 0.329 (s) DataTime = 0.001 (s) Losses = ['4.9858', '39.4901'] lr = 0.0000013
2025-07-22 22:39:30,098 - AdaPoinTr - INFO - [Epoch 199/200][Batch 1701/2622] BatchTime = 0.326 (s) DataTime = 0.001 (s) Losses = ['5.1944', '41.8184'] lr = 0.0000013
2025-07-22 22:40:03,127 - AdaPoinTr - INFO - [Epoch 199/200][Batch 1801/2622] BatchTime = 0.327 (s) DataTime = 0.001 (s) Losses = ['4.5825', '31.8249'] lr = 0.0000013
2025-07-22 22:40:36,163 - AdaPoinTr - INFO - [Epoch 199/200][Batch 1901/2622] BatchTime = 0.328 (s) DataTime = 0.001 (s) Losses = ['4.9501', '41.4259'] lr = 0.0000013
2025-07-22 22:41:09,200 - AdaPoinTr - INFO - [Epoch 199/200][Batch 2001/2622] BatchTime = 0.328 (s) DataTime = 0.001 (s) Losses = ['6.0038', '44.3507'] lr = 0.0000013
2025-07-22 22:41:42,219 - AdaPoinTr - INFO - [Epoch 199/200][Batch 2101/2622] BatchTime = 0.328 (s) DataTime = 0.001 (s) Losses = ['5.7455', '42.5427'] lr = 0.0000013
2025-07-22 22:42:15,265 - AdaPoinTr - INFO - [Epoch 199/200][Batch 2201/2622] BatchTime = 0.327 (s) DataTime = 0.001 (s) Losses = ['4.6939', '33.7942'] lr = 0.0000013
2025-07-22 22:42:48,309 - AdaPoinTr - INFO - [Epoch 199/200][Batch 2301/2622] BatchTime = 0.329 (s) DataTime = 0.001 (s) Losses = ['4.8236', '39.5013'] lr = 0.0000013
2025-07-22 22:43:21,331 - AdaPoinTr - INFO - [Epoch 199/200][Batch 2401/2622] BatchTime = 0.327 (s) DataTime = 0.001 (s) Losses = ['5.0068', '39.6730'] lr = 0.0000013
2025-07-22 22:43:54,365 - AdaPoinTr - INFO - [Epoch 199/200][Batch 2501/2622] BatchTime = 0.327 (s) DataTime = 0.001 (s) Losses = ['5.2497', '40.3083'] lr = 0.0000013
2025-07-22 22:44:27,397 - AdaPoinTr - INFO - [Epoch 199/200][Batch 2601/2622] BatchTime = 0.326 (s) DataTime = 0.001 (s) Losses = ['4.7519', '34.9109'] lr = 0.0000013
2025-07-22 22:44:34,369 - AdaPoinTr - INFO - [Training] EPOCH: 199 EpochTime = 866.263 (s) Losses = ['5.1256', '38.7543']
2025-07-22 22:44:34,817 - AdaPoinTr - INFO - Save checkpoint at ./experiments/AdaPoinTr/ShapeNet55_models/AdaPoinTr/ckpt-last.pth
2025-07-22 22:44:35,098 - AdaPoinTr - INFO - Save checkpoint at ./experiments/AdaPoinTr/ShapeNet55_models/AdaPoinTr/ckpt-epoch-199.pth
2025-07-22 22:44:35,522 - AdaPoinTr - INFO - [Epoch 200/200][Batch 1/2622] BatchTime = 0.423 (s) DataTime = 0.087 (s) Losses = ['4.9674', '38.3621'] lr = 0.0000013
2025-07-22 22:45:08,650 - AdaPoinTr - INFO - [Epoch 200/200][Batch 101/2622] BatchTime = 0.328 (s) DataTime = 0.001 (s) Losses = ['5.0211', '39.4989'] lr = 0.0000013
2025-07-22 22:45:41,686 - AdaPoinTr - INFO - [Epoch 200/200][Batch 201/2622] BatchTime = 0.328 (s) DataTime = 0.001 (s) Losses = ['5.1932', '39.1803'] lr = 0.0000013
2025-07-22 22:46:14,709 - AdaPoinTr - INFO - [Epoch 200/200][Batch 301/2622] BatchTime = 0.329 (s) DataTime = 0.001 (s) Losses = ['5.2272', '38.6638'] lr = 0.0000013
2025-07-22 22:46:47,753 - AdaPoinTr - INFO - [Epoch 200/200][Batch 401/2622] BatchTime = 0.329 (s) DataTime = 0.001 (s) Losses = ['5.5931', '41.2057'] lr = 0.0000013
2025-07-22 22:47:20,785 - AdaPoinTr - INFO - [Epoch 200/200][Batch 501/2622] BatchTime = 0.327 (s) DataTime = 0.001 (s) Losses = ['5.9467', '46.4899'] lr = 0.0000013
2025-07-22 22:47:53,799 - AdaPoinTr - INFO - [Epoch 200/200][Batch 601/2622] BatchTime = 0.328 (s) DataTime = 0.001 (s) Losses = ['4.5971', '35.8709'] lr = 0.0000013
2025-07-22 22:48:26,840 - AdaPoinTr - INFO - [Epoch 200/200][Batch 701/2622] BatchTime = 0.329 (s) DataTime = 0.001 (s) Losses = ['5.0579', '46.7952'] lr = 0.0000013
2025-07-22 22:48:59,855 - AdaPoinTr - INFO - [Epoch 200/200][Batch 801/2622] BatchTime = 0.327 (s) DataTime = 0.001 (s) Losses = ['5.9769', '46.9692'] lr = 0.0000013
2025-07-22 22:49:32,883 - AdaPoinTr - INFO - [Epoch 200/200][Batch 901/2622] BatchTime = 0.328 (s) DataTime = 0.001 (s) Losses = ['4.5904', '35.7374'] lr = 0.0000013
2025-07-22 22:50:05,918 - AdaPoinTr - INFO - [Epoch 200/200][Batch 1001/2622] BatchTime = 0.328 (s) DataTime = 0.001 (s) Losses = ['5.3873', '37.2837'] lr = 0.0000013
2025-07-22 22:50:38,934 - AdaPoinTr - INFO - [Epoch 200/200][Batch 1101/2622] BatchTime = 0.328 (s) DataTime = 0.001 (s) Losses = ['5.1451', '39.3507'] lr = 0.0000013
2025-07-22 22:51:11,955 - AdaPoinTr - INFO - [Epoch 200/200][Batch 1201/2622] BatchTime = 0.326 (s) DataTime = 0.001 (s) Losses = ['5.1060', '37.6207'] lr = 0.0000013
2025-07-22 22:51:44,988 - AdaPoinTr - INFO - [Epoch 200/200][Batch 1301/2622] BatchTime = 0.327 (s) DataTime = 0.001 (s) Losses = ['5.6177', '43.9588'] lr = 0.0000013
2025-07-22 22:52:18,015 - AdaPoinTr - INFO - [Epoch 200/200][Batch 1401/2622] BatchTime = 0.327 (s) DataTime = 0.001 (s) Losses = ['5.5425', '39.2922'] lr = 0.0000013
2025-07-22 22:52:51,054 - AdaPoinTr - INFO - [Epoch 200/200][Batch 1501/2622] BatchTime = 0.327 (s) DataTime = 0.001 (s) Losses = ['4.8972', '35.9726'] lr = 0.0000013
2025-07-22 22:53:24,089 - AdaPoinTr - INFO - [Epoch 200/200][Batch 1601/2622] BatchTime = 0.327 (s) DataTime = 0.001 (s) Losses = ['4.6490', '37.5983'] lr = 0.0000013
2025-07-22 22:53:57,126 - AdaPoinTr - INFO - [Epoch 200/200][Batch 1701/2622] BatchTime = 0.327 (s) DataTime = 0.001 (s) Losses = ['4.8057', '42.2081'] lr = 0.0000013
2025-07-22 22:54:30,147 - AdaPoinTr - INFO - [Epoch 200/200][Batch 1801/2622] BatchTime = 0.327 (s) DataTime = 0.001 (s) Losses = ['4.7993', '34.0272'] lr = 0.0000013
2025-07-22 22:55:03,182 - AdaPoinTr - INFO - [Epoch 200/200][Batch 1901/2622] BatchTime = 0.330 (s) DataTime = 0.001 (s) Losses = ['4.4655', '32.8498'] lr = 0.0000013
2025-07-22 22:55:36,191 - AdaPoinTr - INFO - [Epoch 200/200][Batch 2001/2622] BatchTime = 0.328 (s) DataTime = 0.001 (s) Losses = ['5.5357', '39.9986'] lr = 0.0000013
2025-07-22 22:56:09,235 - AdaPoinTr - INFO - [Epoch 200/200][Batch 2101/2622] BatchTime = 0.328 (s) DataTime = 0.001 (s) Losses = ['5.0917', '37.4836'] lr = 0.0000013
2025-07-22 22:56:42,271 - AdaPoinTr - INFO - [Epoch 200/200][Batch 2201/2622] BatchTime = 0.329 (s) DataTime = 0.001 (s) Losses = ['5.0933', '41.6890'] lr = 0.0000013
2025-07-22 22:57:15,290 - AdaPoinTr - INFO - [Epoch 200/200][Batch 2301/2622] BatchTime = 0.325 (s) DataTime = 0.001 (s) Losses = ['5.2861', '38.7332'] lr = 0.0000013
2025-07-22 22:57:48,310 - AdaPoinTr - INFO - [Epoch 200/200][Batch 2401/2622] BatchTime = 0.326 (s) DataTime = 0.001 (s) Losses = ['5.0123', '35.5748'] lr = 0.0000013
2025-07-22 22:58:21,318 - AdaPoinTr - INFO - [Epoch 200/200][Batch 2501/2622] BatchTime = 0.328 (s) DataTime = 0.001 (s) Losses = ['5.7898', '50.2440'] lr = 0.0000013
2025-07-22 22:58:54,352 - AdaPoinTr - INFO - [Epoch 200/200][Batch 2601/2622] BatchTime = 0.328 (s) DataTime = 0.001 (s) Losses = ['4.8863', '36.0976'] lr = 0.0000013
2025-07-22 22:59:01,325 - AdaPoinTr - INFO - [Training] EPOCH: 200 EpochTime = 866.226 (s) Losses = ['5.1265', '38.7902']
2025-07-22 22:59:01,325 - AdaPoinTr - INFO - [VALIDATION] Start validating epoch 200
2025-07-22 22:59:32,433 - AdaPoinTr - INFO - Test[1051/10518] Taxonomy = 02691156 Sample = c7749c0a8b61f43bc9b9e28055202e3d Losses = ['23.9827', '3.0173', '11.0110', '0.6795'] Metrics = ['0.5689', '11.0110', '0.6795', '0.0000']
2025-07-22 23:00:03,468 - AdaPoinTr - INFO - Test[2102/10518] Taxonomy = 03211117 Sample = ab2f9418c111cc6ddb965514105122a4 Losses = ['19.2511', '1.4415', '7.5708', '0.1992'] Metrics = ['0.6508', '7.5708', '0.1992', '0.0000']
2025-07-22 23:00:34,479 - AdaPoinTr - INFO - Test[3153/10518] Taxonomy = 02876657 Sample = c5032e4be091aabb36fe7a88df793982 Losses = ['36.6322', '5.4519', '13.8668', '0.7267'] Metrics = ['0.3461', '13.8668', '0.7267', '0.0000']
2025-07-22 23:01:05,608 - AdaPoinTr - INFO - Test[4204/10518] Taxonomy = 03211117 Sample = 722df1da5778d45b1e43523279c7f09f Losses = ['26.6603', '2.5997', '10.2762', '0.3467'] Metrics = ['0.4528', '10.2762', '0.3467', '0.0000']
2025-07-22 23:01:36,653 - AdaPoinTr - INFO - Test[5255/10518] Taxonomy = 02828884 Sample = 14b63361a48a9fffe4a048c146e8bd43 Losses = ['30.8153', '3.6733', '13.2172', '0.8209'] Metrics = ['0.4214', '13.2172', '0.8209', '0.0000']
2025-07-22 23:02:07,483 - AdaPoinTr - INFO - Test[6306/10518] Taxonomy = 03211117 Sample = d330d50a0255529d19ed6e1a590c9122 Losses = ['23.3637', '2.3406', '9.5773', '0.3018'] Metrics = ['0.4891', '9.5773', '0.3018', '0.0000']
2025-07-22 23:02:38,466 - AdaPoinTr - INFO - Test[7357/10518] Taxonomy = 04379243 Sample = b1ca280d9567270ade98d10ab5975b59 Losses = ['32.4353', '4.2265', '15.9268', '0.9331'] Metrics = ['0.2533', '15.9268', '0.9331', '0.0000']
2025-07-22 23:03:09,418 - AdaPoinTr - INFO - Test[8408/10518] Taxonomy = 03001627 Sample = 89208a619341d9fdb8c516ed5c4ce32 Losses = ['27.5980', '2.6070', '13.6359', '0.6094'] Metrics = ['0.2790', '13.6359', '0.6094', '0.0000']
2025-07-22 23:03:40,348 - AdaPoinTr - INFO - Test[9459/10518] Taxonomy = 03001627 Sample = d0255120e3351121c3bd24f986301745 Losses = ['38.6692', '5.6292', '19.5351', '1.7994'] Metrics = ['0.2276', '19.5351', '1.7994', '0.0000']
2025-07-22 23:04:11,434 - AdaPoinTr - INFO - Test[10510/10518] Taxonomy = 03636649 Sample = ea9ec4d9db2e06202471e6dd5ac3ef92 Losses = ['21.6848', '1.9753', '8.4621', '0.3510'] Metrics = ['0.6255', '8.4621', '0.3510', '0.0000']
2025-07-22 23:04:11,711 - AdaPoinTr - INFO - [Validation] EPOCH: 200  Metrics = ['0.3876', '13.4237', '0.8466', '0.0000']
2025-07-22 23:04:11,711 - AdaPoinTr - INFO - ============================ TEST RESULTS ============================
2025-07-22 23:04:11,711 - AdaPoinTr - INFO - Taxonomy	#Sample	F-Score	CDL1	CDL2	EMDistance	#ModelName	
2025-07-22 23:04:11,711 - AdaPoinTr - INFO - 03759954	14	0.589 	12.477 	1.249 	0.000 	microphone	
2025-07-22 23:04:11,711 - AdaPoinTr - INFO - 04330267	44	0.305 	14.853 	0.917 	0.000 	stove	
2025-07-22 23:04:11,711 - AdaPoinTr - INFO - 03261776	15	0.339 	14.709 	0.976 	0.000 	earphone	
2025-07-22 23:04:11,711 - AdaPoinTr - INFO - 03513137	33	0.226 	19.276 	1.837 	0.000 	helmet	
2025-07-22 23:04:11,711 - AdaPoinTr - INFO - 04460130	27	0.458 	12.433 	0.675 	0.000 	tower	
2025-07-22 23:04:11,711 - AdaPoinTr - INFO - 04468005	78	0.407 	12.107 	0.620 	0.000 	train	
2025-07-22 23:04:11,711 - AdaPoinTr - INFO - 03761084	31	0.253 	16.027 	1.056 	0.000 	microwaves	
2025-07-22 23:04:11,711 - AdaPoinTr - INFO - 04004475	34	0.281 	16.260 	1.260 	0.000 	printer	
2025-07-22 23:04:11,711 - AdaPoinTr - INFO - 03938244	20	0.327 	13.585 	0.769 	0.000 	pillow	
2025-07-22 23:04:11,712 - AdaPoinTr - INFO - 02992529	167	0.440 	10.503 	0.387 	0.000 	cellphone	
2025-07-22 23:04:11,712 - AdaPoinTr - INFO - 02808440	172	0.309 	14.111 	0.843 	0.000 	bathtub	
2025-07-22 23:04:11,712 - AdaPoinTr - INFO - 04530566	388	0.526 	10.716 	0.557 	0.000 	watercraft	
2025-07-22 23:04:11,712 - AdaPoinTr - INFO - 02871439	91	0.269 	15.581 	1.069 	0.000 	bookshelf	
2025-07-22 23:04:11,712 - AdaPoinTr - INFO - 03593526	120	0.281 	17.053 	1.398 	0.000 	jar	
2025-07-22 23:04:11,712 - AdaPoinTr - INFO - 04554684	34	0.242 	16.727 	1.269 	0.000 	washer	
2025-07-22 23:04:11,712 - AdaPoinTr - INFO - 03467517	160	0.843 	6.121 	0.167 	0.000 	guitar	
2025-07-22 23:04:11,712 - AdaPoinTr - INFO - 04401088	218	0.443 	10.416 	0.393 	0.000 	telephone	
2025-07-22 23:04:11,712 - AdaPoinTr - INFO - 02954340	12	0.337 	12.235 	0.498 	0.000 	cap	
2025-07-22 23:04:11,712 - AdaPoinTr - INFO - 02933112	315	0.251 	14.682 	0.775 	0.000 	cabinet	
2025-07-22 23:04:11,712 - AdaPoinTr - INFO - 03642806	92	0.399 	10.975 	0.482 	0.000 	laptop	
2025-07-22 23:04:11,712 - AdaPoinTr - INFO - 02924116	188	0.384 	11.916 	0.531 	0.000 	bus	
2025-07-22 23:04:11,712 - AdaPoinTr - INFO - 02946921	22	0.275 	14.999 	0.962 	0.000 	can	
2025-07-22 23:04:11,712 - AdaPoinTr - INFO - 02818832	47	0.302 	15.068 	0.980 	0.000 	bed	
2025-07-22 23:04:11,712 - AdaPoinTr - INFO - 04256520	635	0.316 	13.560 	0.697 	0.000 	sofa	
2025-07-22 23:04:11,712 - AdaPoinTr - INFO - 04379243	1687	0.403 	12.115 	0.697 	0.000 	table	
2025-07-22 23:04:11,712 - AdaPoinTr - INFO - 02747177	69	0.209 	16.793 	1.057 	0.000 	trash bin	
2025-07-22 23:04:11,712 - AdaPoinTr - INFO - 03046257	131	0.333 	13.951 	0.807 	0.000 	clock	
2025-07-22 23:04:11,712 - AdaPoinTr - INFO - 04225987	31	0.571 	9.252 	0.349 	0.000 	skateboard	
2025-07-22 23:04:11,712 - AdaPoinTr - INFO - 03797390	43	0.207 	17.929 	1.334 	0.000 	mug	
2025-07-22 23:04:11,712 - AdaPoinTr - INFO - 03001627	1356	0.391 	12.868 	0.746 	0.000 	chair	
2025-07-22 23:04:11,712 - AdaPoinTr - INFO - 03691459	320	0.269 	16.296 	1.153 	0.000 	loudspeaker	
2025-07-22 23:04:11,712 - AdaPoinTr - INFO - 02942699	23	0.255 	18.729 	1.630 	0.000 	camera	
2025-07-22 23:04:11,712 - AdaPoinTr - INFO - 03636649	464	0.569 	11.844 	1.010 	0.000 	lamp	
2025-07-22 23:04:11,712 - AdaPoinTr - INFO - 02691156	809	0.607 	8.894 	0.354 	0.000 	airplane	
2025-07-22 23:04:11,712 - AdaPoinTr - INFO - 02773838	17	0.367 	13.414 	0.788 	0.000 	bag	
2025-07-22 23:04:11,712 - AdaPoinTr - INFO - 02958343	703	0.233 	15.526 	0.867 	0.000 	car	
2025-07-22 23:04:11,712 - AdaPoinTr - INFO - 02880940	38	0.247 	15.376 	0.912 	0.000 	bowl	
2025-07-22 23:04:11,712 - AdaPoinTr - INFO - 04099429	17	0.724 	8.886 	0.500 	0.000 	rocket	
2025-07-22 23:04:11,712 - AdaPoinTr - INFO - 02828884	363	0.462 	10.598 	0.522 	0.000 	bench	
2025-07-22 23:04:11,712 - AdaPoinTr - INFO - 04090263	475	0.712 	8.128 	0.380 	0.000 	rifle	
2025-07-22 23:04:11,712 - AdaPoinTr - INFO - 03211117	219	0.371 	12.754 	0.732 	0.000 	display	
2025-07-22 23:04:11,712 - AdaPoinTr - INFO - 02876657	100	0.456 	11.483 	0.591 	0.000 	bottle	
2025-07-22 23:04:11,712 - AdaPoinTr - INFO - 03710193	19	0.556 	11.063 	0.658 	0.000 	mailbox	
2025-07-22 23:04:11,712 - AdaPoinTr - INFO - 03790512	68	0.270 	15.645 	0.932 	0.000 	motorbike	
2025-07-22 23:04:11,712 - AdaPoinTr - INFO - 03325088	149	0.492 	13.343 	1.149 	0.000 	faucet	
2025-07-22 23:04:11,712 - AdaPoinTr - INFO - 02801938	23	0.241 	16.236 	1.163 	0.000 	basket	
2025-07-22 23:04:11,712 - AdaPoinTr - INFO - 03337140	60	0.252 	15.725 	0.989 	0.000 	file cabinet	
2025-07-22 23:04:11,712 - AdaPoinTr - INFO - 02843684	15	0.242 	19.633 	1.978 	0.000 	birdhouse	
2025-07-22 23:04:11,712 - AdaPoinTr - INFO - 03624134	85	0.804 	6.843 	0.263 	0.000 	knife	
2025-07-22 23:04:11,712 - AdaPoinTr - INFO - 03991062	121	0.255 	18.068 	1.540 	0.000 	flowerpot	
2025-07-22 23:04:11,712 - AdaPoinTr - INFO - 03948459	62	0.495 	11.084 	0.584 	0.000 	pistol	
2025-07-22 23:04:11,712 - AdaPoinTr - INFO - 03928116	48	0.308 	14.592 	0.886 	0.000 	piano	
2025-07-22 23:04:11,712 - AdaPoinTr - INFO - 03207941	19	0.253 	15.277 	0.917 	0.000 	dishwasher	
2025-07-22 23:04:11,712 - AdaPoinTr - INFO - 04074963	14	0.485 	10.097 	0.375 	0.000 	remote	
2025-07-22 23:04:11,712 - AdaPoinTr - INFO - 03085013	13	0.471 	9.476 	0.332 	0.000 	keyboard	
2025-07-22 23:04:11,712 - AdaPoinTr - INFO - Overall		0.388 	13.424 	0.847 	0.000 	
2025-07-22 23:04:12,168 - AdaPoinTr - INFO - Save checkpoint at ./experiments/AdaPoinTr/ShapeNet55_models/AdaPoinTr/ckpt-last.pth
2025-07-22 23:04:12,447 - AdaPoinTr - INFO - Save checkpoint at ./experiments/AdaPoinTr/ShapeNet55_models/AdaPoinTr/ckpt-epoch-200.pth
