2025-10-28 15:55:13,652 - PCN - INFO - Copy the Config file from ./cfgs/ShapeNet55_models/PCN.yaml to ./experiments/PCN/ShapeNet55_models/PCN_fog/config.yaml
2025-10-28 15:55:13,652 - PCN - INFO - args.config : ./cfgs/ShapeNet55_models/PCN.yaml
2025-10-28 15:55:13,652 - PCN - INFO - args.launcher : none
2025-10-28 15:55:13,652 - PCN - INFO - args.local_rank : 0
2025-10-28 15:55:13,652 - PCN - INFO - args.num_workers : 4
2025-10-28 15:55:13,652 - PCN - INFO - args.seed : 0
2025-10-28 15:55:13,652 - PCN - INFO - args.deterministic : False
2025-10-28 15:55:13,652 - PCN - INFO - args.sync_bn : False
2025-10-28 15:55:13,652 - PCN - INFO - args.exp_name : PCN_fog
2025-10-28 15:55:13,652 - PCN - INFO - args.start_ckpts : None
2025-10-28 15:55:13,652 - PCN - INFO - args.ckpts : None
2025-10-28 15:55:13,652 - PCN - INFO - args.val_freq : 5
2025-10-28 15:55:13,652 - PCN - INFO - args.resume : False
2025-10-28 15:55:13,652 - PCN - INFO - args.test : False
2025-10-28 15:55:13,652 - PCN - INFO - args.mode : None
2025-10-28 15:55:13,652 - PCN - INFO - args.pcd_path : None
2025-10-28 15:55:13,652 - PCN - INFO - args.output_dir : None
2025-10-28 15:55:13,652 - PCN - INFO - args.experiment_path : ./experiments/PCN/ShapeNet55_models/PCN_fog
2025-10-28 15:55:13,652 - PCN - INFO - args.tfboard_path : ./experiments/PCN/ShapeNet55_models/TFBoard/PCN_fog
2025-10-28 15:55:13,652 - PCN - INFO - args.log_name : PCN
2025-10-28 15:55:13,653 - PCN - INFO - args.use_gpu : True
2025-10-28 15:55:13,653 - PCN - INFO - args.distributed : False
2025-10-28 15:55:13,653 - PCN - INFO - config.optimizer = edict()
2025-10-28 15:55:13,653 - PCN - INFO - config.optimizer.type : Adam
2025-10-28 15:55:13,653 - PCN - INFO - config.optimizer.kwargs = edict()
2025-10-28 15:55:13,653 - PCN - INFO - config.optimizer.kwargs.lr : 0.0001
2025-10-28 15:55:13,653 - PCN - INFO - config.optimizer.kwargs.weight_decay : 0
2025-10-28 15:55:13,653 - PCN - INFO - config.scheduler = edict()
2025-10-28 15:55:13,653 - PCN - INFO - config.scheduler.type : StepLR
2025-10-28 15:55:13,653 - PCN - INFO - config.scheduler.kwargs = edict()
2025-10-28 15:55:13,653 - PCN - INFO - config.scheduler.kwargs.step_size : 50
2025-10-28 15:55:13,653 - PCN - INFO - config.scheduler.kwargs.gamma : 0.5
2025-10-28 15:55:13,653 - PCN - INFO - config.dataset = edict()
2025-10-28 15:55:13,653 - PCN - INFO - config.dataset.train = edict()
2025-10-28 15:55:13,653 - PCN - INFO - config.dataset.train._base_ = edict()
2025-10-28 15:55:13,653 - PCN - INFO - config.dataset.train._base_.NAME : ShapeNet
2025-10-28 15:55:13,653 - PCN - INFO - config.dataset.train._base_.DATA_PATH : data/ShapeNet55-34/ShapeNet-55
2025-10-28 15:55:13,653 - PCN - INFO - config.dataset.train._base_.N_POINTS : 8192
2025-10-28 15:55:13,653 - PCN - INFO - config.dataset.train._base_.PC_PATH : data/ShapeNet55-34/shapenet_pc
2025-10-28 15:55:13,653 - PCN - INFO - config.dataset.train.others = edict()
2025-10-28 15:55:13,653 - PCN - INFO - config.dataset.train.others.subset : train
2025-10-28 15:55:13,653 - PCN - INFO - config.dataset.train.others.bs : 32
2025-10-28 15:55:13,653 - PCN - INFO - config.dataset.val = edict()
2025-10-28 15:55:13,653 - PCN - INFO - config.dataset.val._base_ = edict()
2025-10-28 15:55:13,653 - PCN - INFO - config.dataset.val._base_.NAME : ShapeNet
2025-10-28 15:55:13,653 - PCN - INFO - config.dataset.val._base_.DATA_PATH : data/ShapeNet55-34/ShapeNet-55
2025-10-28 15:55:13,653 - PCN - INFO - config.dataset.val._base_.N_POINTS : 8192
2025-10-28 15:55:13,653 - PCN - INFO - config.dataset.val._base_.PC_PATH : data/ShapeNet55-34/shapenet_pc
2025-10-28 15:55:13,653 - PCN - INFO - config.dataset.val.others = edict()
2025-10-28 15:55:13,653 - PCN - INFO - config.dataset.val.others.subset : test
2025-10-28 15:55:13,653 - PCN - INFO - config.dataset.test = edict()
2025-10-28 15:55:13,653 - PCN - INFO - config.dataset.test._base_ = edict()
2025-10-28 15:55:13,653 - PCN - INFO - config.dataset.test._base_.NAME : ShapeNet
2025-10-28 15:55:13,653 - PCN - INFO - config.dataset.test._base_.DATA_PATH : data/ShapeNet55-34/ShapeNet-55
2025-10-28 15:55:13,653 - PCN - INFO - config.dataset.test._base_.N_POINTS : 8192
2025-10-28 15:55:13,653 - PCN - INFO - config.dataset.test._base_.PC_PATH : data/ShapeNet55-34/shapenet_pc
2025-10-28 15:55:13,653 - PCN - INFO - config.dataset.test.others = edict()
2025-10-28 15:55:13,653 - PCN - INFO - config.dataset.test.others.subset : test
2025-10-28 15:55:13,653 - PCN - INFO - config.model = edict()
2025-10-28 15:55:13,653 - PCN - INFO - config.model.NAME : PCN
2025-10-28 15:55:13,653 - PCN - INFO - config.model.num_pred : 8192
2025-10-28 15:55:13,653 - PCN - INFO - config.model.encoder_channel : 1024
2025-10-28 15:55:13,653 - PCN - INFO - config.total_bs : 32
2025-10-28 15:55:13,653 - PCN - INFO - config.step_per_update : 1
2025-10-28 15:55:13,653 - PCN - INFO - config.max_epoch : 150
2025-10-28 15:55:13,653 - PCN - INFO - config.consider_metric : CDL2
2025-10-28 15:55:13,653 - PCN - INFO - Distributed training: False
2025-10-28 15:55:13,653 - PCN - INFO - Set random seed to 0, deterministic: False
2025-10-28 15:55:13,795 - PCN - INFO - Trainable_parameters:
2025-10-28 15:55:13,795 - PCN - INFO - =========================
2025-10-28 15:55:13,795 - PCN - INFO - first_conv.0.weight
2025-10-28 15:55:13,795 - PCN - INFO - first_conv.0.bias
2025-10-28 15:55:13,795 - PCN - INFO - first_conv.1.weight
2025-10-28 15:55:13,795 - PCN - INFO - first_conv.1.bias
2025-10-28 15:55:13,795 - PCN - INFO - first_conv.3.weight
2025-10-28 15:55:13,795 - PCN - INFO - first_conv.3.bias
2025-10-28 15:55:13,795 - PCN - INFO - second_conv.0.weight
2025-10-28 15:55:13,795 - PCN - INFO - second_conv.0.bias
2025-10-28 15:55:13,795 - PCN - INFO - second_conv.1.weight
2025-10-28 15:55:13,795 - PCN - INFO - second_conv.1.bias
2025-10-28 15:55:13,795 - PCN - INFO - second_conv.3.weight
2025-10-28 15:55:13,795 - PCN - INFO - second_conv.3.bias
2025-10-28 15:55:13,795 - PCN - INFO - mlp.0.weight
2025-10-28 15:55:13,795 - PCN - INFO - mlp.0.bias
2025-10-28 15:55:13,795 - PCN - INFO - mlp.2.weight
2025-10-28 15:55:13,795 - PCN - INFO - mlp.2.bias
2025-10-28 15:55:13,795 - PCN - INFO - mlp.4.weight
2025-10-28 15:55:13,795 - PCN - INFO - mlp.4.bias
2025-10-28 15:55:13,796 - PCN - INFO - final_conv.0.weight
2025-10-28 15:55:13,796 - PCN - INFO - final_conv.0.bias
2025-10-28 15:55:13,796 - PCN - INFO - final_conv.1.weight
2025-10-28 15:55:13,796 - PCN - INFO - final_conv.1.bias
2025-10-28 15:55:13,796 - PCN - INFO - final_conv.3.weight
2025-10-28 15:55:13,796 - PCN - INFO - final_conv.3.bias
2025-10-28 15:55:13,796 - PCN - INFO - final_conv.4.weight
2025-10-28 15:55:13,796 - PCN - INFO - final_conv.4.bias
2025-10-28 15:55:13,796 - PCN - INFO - final_conv.6.weight
2025-10-28 15:55:13,796 - PCN - INFO - final_conv.6.bias
2025-10-28 15:55:13,796 - PCN - INFO - =========================
2025-10-28 15:55:13,796 - PCN - INFO - Untrainable_parameters:
2025-10-28 15:55:13,796 - PCN - INFO - =========================
2025-10-28 15:55:13,796 - PCN - INFO - =========================
2025-10-28 15:55:13,796 - PCN - INFO - Using Data parallel ...
2025-10-28 15:55:15,967 - PCN - INFO - [Epoch 0/150][Batch 1/1311] BatchTime = 2.170 (s) DataTime = 0.054 (s) Losses = ['173.8725', '561.2415'] lr = 0.0001000
2025-10-28 15:56:08,341 - PCN - INFO - [Epoch 0/150][Batch 101/1311] BatchTime = 0.565 (s) DataTime = 0.001 (s) Losses = ['48.3424', '63.5682'] lr = 0.0001000
2025-10-28 15:57:03,289 - PCN - INFO - [Epoch 0/150][Batch 201/1311] BatchTime = 0.343 (s) DataTime = 0.001 (s) Losses = ['34.7358', '40.9040'] lr = 0.0001000
2025-10-28 15:57:56,830 - PCN - INFO - [Epoch 0/150][Batch 301/1311] BatchTime = 0.327 (s) DataTime = 0.001 (s) Losses = ['37.6425', '39.1490'] lr = 0.0001000
2025-10-28 15:58:53,336 - PCN - INFO - [Epoch 0/150][Batch 401/1311] BatchTime = 0.443 (s) DataTime = 0.001 (s) Losses = ['43.7886', '49.4318'] lr = 0.0001000
2025-10-28 15:59:49,275 - PCN - INFO - [Epoch 0/150][Batch 501/1311] BatchTime = 0.542 (s) DataTime = 0.001 (s) Losses = ['42.9265', '41.8545'] lr = 0.0001000
2025-10-28 16:00:43,208 - PCN - INFO - [Epoch 0/150][Batch 601/1311] BatchTime = 0.578 (s) DataTime = 0.001 (s) Losses = ['42.7420', '41.7302'] lr = 0.0001000
2025-10-28 16:01:38,990 - PCN - INFO - [Epoch 0/150][Batch 701/1311] BatchTime = 0.504 (s) DataTime = 0.001 (s) Losses = ['35.4013', '36.9963'] lr = 0.0001000
2025-10-28 16:02:35,273 - PCN - INFO - [Epoch 0/150][Batch 801/1311] BatchTime = 0.615 (s) DataTime = 0.001 (s) Losses = ['46.2108', '46.8547'] lr = 0.0001000
2025-10-28 16:03:34,890 - PCN - INFO - [Epoch 0/150][Batch 901/1311] BatchTime = 0.961 (s) DataTime = 0.001 (s) Losses = ['32.4739', '30.0160'] lr = 0.0001000
2025-10-28 16:04:33,369 - PCN - INFO - [Epoch 0/150][Batch 1001/1311] BatchTime = 0.376 (s) DataTime = 0.001 (s) Losses = ['28.0698', '26.9965'] lr = 0.0001000
2025-10-28 16:05:31,142 - PCN - INFO - [Epoch 0/150][Batch 1101/1311] BatchTime = 0.543 (s) DataTime = 0.001 (s) Losses = ['24.4976', '23.2078'] lr = 0.0001000
2025-10-28 16:06:29,657 - PCN - INFO - [Epoch 0/150][Batch 1201/1311] BatchTime = 0.675 (s) DataTime = 0.001 (s) Losses = ['26.3206', '22.8796'] lr = 0.0001000
2025-10-28 16:07:30,537 - PCN - INFO - [Epoch 0/150][Batch 1301/1311] BatchTime = 0.747 (s) DataTime = 0.001 (s) Losses = ['24.1155', '22.3222'] lr = 0.0001000
2025-10-28 16:07:36,326 - PCN - INFO - [Training] EPOCH: 0 EpochTime = 742.529 (s) Losses = ['38.1773', '42.1421']
2025-10-28 16:07:36,326 - PCN - INFO - [VALIDATION] Start validating epoch 0
2025-10-28 16:08:12,184 - PCN - INFO - Test[1051/10518] Taxonomy = 02691156 Sample = c7749c0a8b61f43bc9b9e28055202e3d Losses = ['56.2407', '10.9526', '52.1933', '10.3833'] Metrics = ['0.0622', '52.1933', '10.3833', '0.0000']
2025-10-28 16:08:45,641 - PCN - INFO - Test[2102/10518] Taxonomy = 03211117 Sample = ab2f9418c111cc6ddb965514105122a4 Losses = ['188.0589', '87.5185', '142.1073', '56.3430'] Metrics = ['0.0039', '142.1073', '56.3430', '0.0000']
2025-10-28 16:09:19,284 - PCN - INFO - Test[3153/10518] Taxonomy = 02876657 Sample = c5032e4be091aabb36fe7a88df793982 Losses = ['107.5955', '27.9397', '86.7172', '20.0015'] Metrics = ['0.0091', '86.7172', '20.0015', '0.0000']
2025-10-28 16:09:55,019 - PCN - INFO - Test[4204/10518] Taxonomy = 03211117 Sample = 722df1da5778d45b1e43523279c7f09f Losses = ['111.9778', '37.0096', '81.4121', '30.2450'] Metrics = ['0.0502', '81.4121', '30.2449', '0.0000']
2025-10-28 16:10:30,288 - PCN - INFO - Test[5255/10518] Taxonomy = 02828884 Sample = 14b63361a48a9fffe4a048c146e8bd43 Losses = ['69.8623', '15.4871', '59.4650', '12.3406'] Metrics = ['0.0348', '59.4650', '12.3406', '0.0000']
2025-10-28 16:11:05,727 - PCN - INFO - Test[6306/10518] Taxonomy = 03211117 Sample = d330d50a0255529d19ed6e1a590c9122 Losses = ['86.7385', '26.8443', '68.6015', '17.0574'] Metrics = ['0.0230', '68.6015', '17.0574', '0.0000']
2025-10-28 16:11:41,020 - PCN - INFO - Test[7357/10518] Taxonomy = 04379243 Sample = b1ca280d9567270ade98d10ab5975b59 Losses = ['148.4645', '55.2975', '123.4805', '56.3919'] Metrics = ['0.0141', '123.4805', '56.3919', '0.0000']
2025-10-28 16:12:16,488 - PCN - INFO - Test[8408/10518] Taxonomy = 03001627 Sample = 89208a619341d9fdb8c516ed5c4ce32 Losses = ['80.9418', '19.3430', '68.0000', '15.3924'] Metrics = ['0.0201', '68.0000', '15.3924', '0.0000']
2025-10-28 16:12:51,310 - PCN - INFO - Test[9459/10518] Taxonomy = 03001627 Sample = d0255120e3351121c3bd24f986301745 Losses = ['90.6505', '21.0910', '69.5518', '14.6801'] Metrics = ['0.0199', '69.5518', '14.6801', '0.0000']
2025-10-28 16:13:26,356 - PCN - INFO - Test[10510/10518] Taxonomy = 03636649 Sample = ea9ec4d9db2e06202471e6dd5ac3ef92 Losses = ['94.5795', '29.1947', '82.3935', '24.9686'] Metrics = ['0.0590', '82.3935', '24.9686', '0.0000']
2025-10-28 16:13:26,651 - PCN - INFO - [Validation] EPOCH: 0  Metrics = ['0.0295', '91.1938', '29.2416', '0.0000']
2025-10-28 16:13:26,654 - PCN - INFO - ============================ TEST RESULTS ============================
2025-10-28 16:13:26,654 - PCN - INFO - Taxonomy	#Sample	F-Score	CDL1	CDL2	EMDistance	#ModelName	
2025-10-28 16:13:26,654 - PCN - INFO - 03759954	14	0.028 	101.302 	36.230 	0.000 	microphone	
2025-10-28 16:13:26,654 - PCN - INFO - 04330267	44	0.020 	94.959 	28.945 	0.000 	stove	
2025-10-28 16:13:26,654 - PCN - INFO - 03261776	15	0.014 	134.691 	62.376 	0.000 	earphone	
2025-10-28 16:13:26,654 - PCN - INFO - 03513137	33	0.008 	126.782 	50.023 	0.000 	helmet	
2025-10-28 16:13:26,654 - PCN - INFO - 04460130	27	0.040 	81.234 	23.381 	0.000 	tower	
2025-10-28 16:13:26,654 - PCN - INFO - 04468005	78	0.051 	63.074 	14.324 	0.000 	train	
2025-10-28 16:13:26,654 - PCN - INFO - 03761084	31	0.005 	119.807 	39.668 	0.000 	microwaves	
2025-10-28 16:13:26,654 - PCN - INFO - 04004475	34	0.017 	89.104 	24.980 	0.000 	printer	
2025-10-28 16:13:26,654 - PCN - INFO - 03938244	20	0.011 	109.107 	36.111 	0.000 	pillow	
2025-10-28 16:13:26,654 - PCN - INFO - 02992529	167	0.027 	76.807 	21.585 	0.000 	cellphone	
2025-10-28 16:13:26,654 - PCN - INFO - 02808440	172	0.012 	100.045 	30.619 	0.000 	bathtub	
2025-10-28 16:13:26,654 - PCN - INFO - 04530566	388	0.066 	55.610 	12.016 	0.000 	watercraft	
2025-10-28 16:13:26,654 - PCN - INFO - 02871439	91	0.022 	75.535 	18.838 	0.000 	bookshelf	
2025-10-28 16:13:26,654 - PCN - INFO - 03593526	120	0.015 	110.789 	39.973 	0.000 	jar	
2025-10-28 16:13:26,654 - PCN - INFO - 04554684	34	0.008 	98.579 	27.365 	0.000 	washer	
2025-10-28 16:13:26,654 - PCN - INFO - 03467517	160	0.101 	60.871 	17.548 	0.000 	guitar	
2025-10-28 16:13:26,654 - PCN - INFO - 04401088	218	0.027 	76.185 	21.020 	0.000 	telephone	
2025-10-28 16:13:26,654 - PCN - INFO - 02954340	12	0.005 	155.453 	70.792 	0.000 	cap	
2025-10-28 16:13:26,654 - PCN - INFO - 02933112	315	0.015 	81.148 	20.282 	0.000 	cabinet	
2025-10-28 16:13:26,654 - PCN - INFO - 03642806	92	0.021 	95.245 	31.394 	0.000 	laptop	
2025-10-28 16:13:26,655 - PCN - INFO - 02924116	188	0.025 	81.938 	21.871 	0.000 	bus	
2025-10-28 16:13:26,655 - PCN - INFO - 02946921	22	0.006 	128.804 	47.443 	0.000 	can	
2025-10-28 16:13:26,655 - PCN - INFO - 02818832	47	0.020 	91.490 	27.559 	0.000 	bed	
2025-10-28 16:13:26,655 - PCN - INFO - 04256520	635	0.023 	72.952 	18.869 	0.000 	sofa	
2025-10-28 16:13:26,655 - PCN - INFO - 04379243	1687	0.026 	83.573 	25.133 	0.000 	table	
2025-10-28 16:13:26,655 - PCN - INFO - 02747177	69	0.010 	102.988 	33.707 	0.000 	trash bin	
2025-10-28 16:13:26,655 - PCN - INFO - 03046257	131	0.018 	99.530 	34.000 	0.000 	clock	
2025-10-28 16:13:26,655 - PCN - INFO - 04225987	31	0.047 	69.277 	18.218 	0.000 	skateboard	
2025-10-28 16:13:26,655 - PCN - INFO - 03797390	43	0.008 	110.019 	36.372 	0.000 	mug	
2025-10-28 16:13:26,655 - PCN - INFO - 03001627	1356	0.024 	79.058 	21.405 	0.000 	chair	
2025-10-28 16:13:26,655 - PCN - INFO - 03691459	320	0.013 	95.713 	28.196 	0.000 	loudspeaker	
2025-10-28 16:13:26,655 - PCN - INFO - 02942699	23	0.016 	91.010 	25.950 	0.000 	camera	
2025-10-28 16:13:26,655 - PCN - INFO - 03636649	464	0.033 	104.207 	39.885 	0.000 	lamp	
2025-10-28 16:13:26,655 - PCN - INFO - 02691156	809	0.067 	61.748 	15.465 	0.000 	airplane	
2025-10-28 16:13:26,655 - PCN - INFO - 02773838	17	0.017 	85.040 	22.359 	0.000 	bag	
2025-10-28 16:13:26,655 - PCN - INFO - 02958343	703	0.023 	73.156 	17.530 	0.000 	car	
2025-10-28 16:13:26,655 - PCN - INFO - 02880940	38	0.006 	169.831 	86.610 	0.000 	bowl	
2025-10-28 16:13:26,655 - PCN - INFO - 04099429	17	0.096 	62.709 	17.229 	0.000 	rocket	
2025-10-28 16:13:26,655 - PCN - INFO - 02828884	363	0.034 	78.207 	22.404 	0.000 	bench	
2025-10-28 16:13:26,655 - PCN - INFO - 04090263	475	0.105 	56.889 	14.140 	0.000 	rifle	
2025-10-28 16:13:26,655 - PCN - INFO - 03211117	219	0.020 	93.102 	30.072 	0.000 	display	
2025-10-28 16:13:26,655 - PCN - INFO - 02876657	100	0.020 	92.585 	27.484 	0.000 	bottle	
2025-10-28 16:13:26,655 - PCN - INFO - 03710193	19	0.040 	81.600 	23.776 	0.000 	mailbox	
2025-10-28 16:13:26,655 - PCN - INFO - 03790512	68	0.053 	62.253 	15.111 	0.000 	motorbike	
2025-10-28 16:13:26,655 - PCN - INFO - 03325088	149	0.025 	115.850 	46.628 	0.000 	faucet	
2025-10-28 16:13:26,655 - PCN - INFO - 02801938	23	0.008 	128.532 	49.090 	0.000 	basket	
2025-10-28 16:13:26,655 - PCN - INFO - 03337140	60	0.015 	87.014 	23.999 	0.000 	file cabinet	
2025-10-28 16:13:26,655 - PCN - INFO - 02843684	15	0.018 	84.889 	23.998 	0.000 	birdhouse	
2025-10-28 16:13:26,655 - PCN - INFO - 03624134	85	0.091 	69.638 	21.088 	0.000 	knife	
2025-10-28 16:13:26,655 - PCN - INFO - 03991062	121	0.016 	100.681 	33.672 	0.000 	flowerpot	
2025-10-28 16:13:26,655 - PCN - INFO - 03948459	62	0.074 	64.900 	18.420 	0.000 	pistol	
2025-10-28 16:13:26,655 - PCN - INFO - 03928116	48	0.020 	79.794 	20.499 	0.000 	piano	
2025-10-28 16:13:26,655 - PCN - INFO - 03207941	19	0.007 	114.081 	37.173 	0.000 	dishwasher	
2025-10-28 16:13:26,655 - PCN - INFO - 04074963	14	0.032 	74.428 	19.432 	0.000 	remote	
2025-10-28 16:13:26,655 - PCN - INFO - 03085013	13	0.053 	61.844 	16.031 	0.000 	keyboard	
2025-10-28 16:13:26,655 - PCN - INFO - Overall		0.030 	91.194 	29.242 	0.000 	
2025-10-28 16:13:26,707 - PCN - INFO - Save checkpoint at ./experiments/PCN/ShapeNet55_models/PCN_fog/ckpt-best.pth
2025-10-28 16:13:26,752 - PCN - INFO - Save checkpoint at ./experiments/PCN/ShapeNet55_models/PCN_fog/ckpt-last.pth
2025-10-28 16:13:27,969 - PCN - INFO - [Epoch 1/150][Batch 1/1311] BatchTime = 1.217 (s) DataTime = 0.088 (s) Losses = ['30.1434', '26.3446'] lr = 0.0001000
2025-10-28 16:14:27,332 - PCN - INFO - [Epoch 1/150][Batch 101/1311] BatchTime = 0.367 (s) DataTime = 0.001 (s) Losses = ['27.7657', '23.4560'] lr = 0.0001000
2025-10-28 16:15:27,853 - PCN - INFO - [Epoch 1/150][Batch 201/1311] BatchTime = 0.553 (s) DataTime = 0.001 (s) Losses = ['22.0748', '18.4090'] lr = 0.0001000
2025-10-28 16:16:28,969 - PCN - INFO - [Epoch 1/150][Batch 301/1311] BatchTime = 0.361 (s) DataTime = 0.001 (s) Losses = ['23.7008', '19.1625'] lr = 0.0001000
2025-10-28 16:17:28,389 - PCN - INFO - [Epoch 1/150][Batch 401/1311] BatchTime = 0.682 (s) DataTime = 0.001 (s) Losses = ['21.5327', '17.8937'] lr = 0.0001000
2025-10-28 16:18:27,180 - PCN - INFO - [Epoch 1/150][Batch 501/1311] BatchTime = 0.585 (s) DataTime = 0.001 (s) Losses = ['18.3389', '18.0681'] lr = 0.0001000
2025-10-28 16:19:26,044 - PCN - INFO - [Epoch 1/150][Batch 601/1311] BatchTime = 0.750 (s) DataTime = 0.001 (s) Losses = ['31.4570', '26.0212'] lr = 0.0001000
2025-10-28 16:20:25,005 - PCN - INFO - [Epoch 1/150][Batch 701/1311] BatchTime = 0.484 (s) DataTime = 0.001 (s) Losses = ['24.0632', '20.5045'] lr = 0.0001000
2025-10-28 16:21:21,526 - PCN - INFO - [Epoch 1/150][Batch 801/1311] BatchTime = 0.487 (s) DataTime = 0.001 (s) Losses = ['19.3784', '16.7754'] lr = 0.0001000
2025-10-28 16:22:20,193 - PCN - INFO - [Epoch 1/150][Batch 901/1311] BatchTime = 0.374 (s) DataTime = 0.001 (s) Losses = ['20.4689', '15.4793'] lr = 0.0001000
2025-10-28 16:23:17,816 - PCN - INFO - [Epoch 1/150][Batch 1001/1311] BatchTime = 0.488 (s) DataTime = 0.001 (s) Losses = ['20.4235', '15.3320'] lr = 0.0001000
2025-10-28 16:24:17,215 - PCN - INFO - [Epoch 1/150][Batch 1101/1311] BatchTime = 0.464 (s) DataTime = 0.001 (s) Losses = ['15.0792', '11.8498'] lr = 0.0001000
2025-10-28 16:25:18,853 - PCN - INFO - [Epoch 1/150][Batch 1201/1311] BatchTime = 0.449 (s) DataTime = 0.001 (s) Losses = ['18.7412', '13.9975'] lr = 0.0001000
2025-10-28 16:26:17,168 - PCN - INFO - [Epoch 1/150][Batch 1301/1311] BatchTime = 0.742 (s) DataTime = 0.001 (s) Losses = ['19.9724', '18.1464'] lr = 0.0001000
2025-10-28 16:26:22,958 - PCN - INFO - [Training] EPOCH: 1 EpochTime = 776.205 (s) Losses = ['23.0357', '19.6305']
2025-10-28 16:26:23,031 - PCN - INFO - Save checkpoint at ./experiments/PCN/ShapeNet55_models/PCN_fog/ckpt-last.pth
2025-10-28 16:26:23,748 - PCN - INFO - [Epoch 2/150][Batch 1/1311] BatchTime = 0.716 (s) DataTime = 0.079 (s) Losses = ['20.1018', '15.3954'] lr = 0.0001000
2025-10-28 16:27:22,712 - PCN - INFO - [Epoch 2/150][Batch 101/1311] BatchTime = 0.558 (s) DataTime = 0.001 (s) Losses = ['25.0145', '18.9046'] lr = 0.0001000
2025-10-28 16:28:21,290 - PCN - INFO - [Epoch 2/150][Batch 201/1311] BatchTime = 0.370 (s) DataTime = 0.001 (s) Losses = ['15.0411', '12.6607'] lr = 0.0001000
2025-10-28 16:29:22,832 - PCN - INFO - [Epoch 2/150][Batch 301/1311] BatchTime = 0.548 (s) DataTime = 0.001 (s) Losses = ['20.1990', '14.7629'] lr = 0.0001000
2025-10-28 16:30:22,784 - PCN - INFO - [Epoch 2/150][Batch 401/1311] BatchTime = 0.530 (s) DataTime = 0.001 (s) Losses = ['13.9595', '10.4204'] lr = 0.0001000
2025-10-28 16:31:21,285 - PCN - INFO - [Epoch 2/150][Batch 501/1311] BatchTime = 0.568 (s) DataTime = 0.001 (s) Losses = ['17.6674', '14.2919'] lr = 0.0001000
2025-10-28 16:32:20,668 - PCN - INFO - [Epoch 2/150][Batch 601/1311] BatchTime = 0.701 (s) DataTime = 0.001 (s) Losses = ['27.4640', '21.1000'] lr = 0.0001000
2025-10-28 16:33:19,740 - PCN - INFO - [Epoch 2/150][Batch 701/1311] BatchTime = 0.547 (s) DataTime = 0.001 (s) Losses = ['18.8541', '14.9398'] lr = 0.0001000
2025-10-28 16:34:18,542 - PCN - INFO - [Epoch 2/150][Batch 801/1311] BatchTime = 0.386 (s) DataTime = 0.001 (s) Losses = ['19.4417', '15.3186'] lr = 0.0001000
2025-10-28 16:35:18,191 - PCN - INFO - [Epoch 2/150][Batch 901/1311] BatchTime = 0.627 (s) DataTime = 0.001 (s) Losses = ['15.2918', '10.7463'] lr = 0.0001000
2025-10-28 16:36:17,368 - PCN - INFO - [Epoch 2/150][Batch 1001/1311] BatchTime = 0.727 (s) DataTime = 0.001 (s) Losses = ['12.5262', '9.0739'] lr = 0.0001000
2025-10-28 16:37:18,869 - PCN - INFO - [Epoch 2/150][Batch 1101/1311] BatchTime = 0.630 (s) DataTime = 0.001 (s) Losses = ['14.3765', '9.8984'] lr = 0.0001000
2025-10-28 16:38:18,526 - PCN - INFO - [Epoch 2/150][Batch 1201/1311] BatchTime = 0.292 (s) DataTime = 0.001 (s) Losses = ['20.2970', '15.1840'] lr = 0.0001000
2025-10-28 16:39:16,804 - PCN - INFO - [Epoch 2/150][Batch 1301/1311] BatchTime = 0.474 (s) DataTime = 0.001 (s) Losses = ['16.1267', '11.0047'] lr = 0.0001000
2025-10-28 16:39:23,024 - PCN - INFO - [Training] EPOCH: 2 EpochTime = 779.992 (s) Losses = ['17.6403', '13.2690']
2025-10-28 16:39:23,101 - PCN - INFO - Save checkpoint at ./experiments/PCN/ShapeNet55_models/PCN_fog/ckpt-last.pth
2025-10-28 16:39:23,627 - PCN - INFO - [Epoch 3/150][Batch 1/1311] BatchTime = 0.525 (s) DataTime = 0.086 (s) Losses = ['14.9984', '10.6431'] lr = 0.0001000
2025-10-28 16:40:22,723 - PCN - INFO - [Epoch 3/150][Batch 101/1311] BatchTime = 0.745 (s) DataTime = 0.001 (s) Losses = ['14.3558', '10.8202'] lr = 0.0001000
2025-10-28 16:41:20,943 - PCN - INFO - [Epoch 3/150][Batch 201/1311] BatchTime = 0.649 (s) DataTime = 0.001 (s) Losses = ['16.8745', '11.8601'] lr = 0.0001000
2025-10-28 16:42:22,900 - PCN - INFO - [Epoch 3/150][Batch 301/1311] BatchTime = 0.728 (s) DataTime = 0.001 (s) Losses = ['16.0838', '12.1312'] lr = 0.0001000
2025-10-28 16:43:25,147 - PCN - INFO - [Epoch 3/150][Batch 401/1311] BatchTime = 0.683 (s) DataTime = 0.001 (s) Losses = ['17.8490', '13.4123'] lr = 0.0001000
2025-10-28 16:44:27,773 - PCN - INFO - [Epoch 3/150][Batch 501/1311] BatchTime = 0.499 (s) DataTime = 0.001 (s) Losses = ['17.0665', '12.6452'] lr = 0.0001000
2025-10-28 16:45:30,507 - PCN - INFO - [Epoch 3/150][Batch 601/1311] BatchTime = 0.592 (s) DataTime = 0.001 (s) Losses = ['16.9211', '11.8781'] lr = 0.0001000
2025-10-28 16:46:31,362 - PCN - INFO - [Epoch 3/150][Batch 701/1311] BatchTime = 0.557 (s) DataTime = 0.001 (s) Losses = ['15.4915', '10.6739'] lr = 0.0001000
2025-10-28 16:47:29,262 - PCN - INFO - [Epoch 3/150][Batch 801/1311] BatchTime = 0.726 (s) DataTime = 0.001 (s) Losses = ['14.9063', '10.6385'] lr = 0.0001000
2025-10-28 16:48:26,990 - PCN - INFO - [Epoch 3/150][Batch 901/1311] BatchTime = 0.475 (s) DataTime = 0.001 (s) Losses = ['15.8030', '10.7219'] lr = 0.0001000
2025-10-28 16:49:26,067 - PCN - INFO - [Epoch 3/150][Batch 1001/1311] BatchTime = 0.724 (s) DataTime = 0.001 (s) Losses = ['12.1912', '8.4994'] lr = 0.0001000
2025-10-28 16:50:27,030 - PCN - INFO - [Epoch 3/150][Batch 1101/1311] BatchTime = 0.454 (s) DataTime = 0.001 (s) Losses = ['14.3690', '10.2243'] lr = 0.0001000
2025-10-28 16:51:26,477 - PCN - INFO - [Epoch 3/150][Batch 1201/1311] BatchTime = 0.788 (s) DataTime = 0.001 (s) Losses = ['13.2494', '9.3573'] lr = 0.0001000
2025-10-28 16:52:26,995 - PCN - INFO - [Epoch 3/150][Batch 1301/1311] BatchTime = 0.728 (s) DataTime = 0.001 (s) Losses = ['14.8890', '9.7924'] lr = 0.0001000
2025-10-28 16:52:33,503 - PCN - INFO - [Training] EPOCH: 3 EpochTime = 790.401 (s) Losses = ['14.3367', '10.1801']
2025-10-28 16:52:33,581 - PCN - INFO - Save checkpoint at ./experiments/PCN/ShapeNet55_models/PCN_fog/ckpt-last.pth
2025-10-28 16:52:34,169 - PCN - INFO - [Epoch 4/150][Batch 1/1311] BatchTime = 0.588 (s) DataTime = 0.080 (s) Losses = ['12.6423', '8.0159'] lr = 0.0001000
2025-10-28 16:53:35,512 - PCN - INFO - [Epoch 4/150][Batch 101/1311] BatchTime = 0.532 (s) DataTime = 0.001 (s) Losses = ['11.0621', '7.3311'] lr = 0.0001000
2025-10-28 16:54:33,905 - PCN - INFO - [Epoch 4/150][Batch 201/1311] BatchTime = 0.551 (s) DataTime = 0.001 (s) Losses = ['17.1023', '12.8700'] lr = 0.0001000
2025-10-28 16:55:35,412 - PCN - INFO - [Epoch 4/150][Batch 301/1311] BatchTime = 0.495 (s) DataTime = 0.001 (s) Losses = ['13.7407', '9.5464'] lr = 0.0001000
2025-10-28 16:56:32,847 - PCN - INFO - [Epoch 4/150][Batch 401/1311] BatchTime = 0.662 (s) DataTime = 0.001 (s) Losses = ['10.0783', '7.1007'] lr = 0.0001000
2025-10-28 16:57:36,315 - PCN - INFO - [Epoch 4/150][Batch 501/1311] BatchTime = 0.515 (s) DataTime = 0.001 (s) Losses = ['11.6692', '7.7767'] lr = 0.0001000
2025-10-28 16:58:37,378 - PCN - INFO - [Epoch 4/150][Batch 601/1311] BatchTime = 0.558 (s) DataTime = 0.001 (s) Losses = ['13.2076', '9.1562'] lr = 0.0001000
2025-10-28 16:59:36,575 - PCN - INFO - [Epoch 4/150][Batch 701/1311] BatchTime = 0.705 (s) DataTime = 0.001 (s) Losses = ['13.2231', '9.1084'] lr = 0.0001000
2025-10-28 17:00:38,375 - PCN - INFO - [Epoch 4/150][Batch 801/1311] BatchTime = 0.675 (s) DataTime = 0.001 (s) Losses = ['13.3464', '9.4488'] lr = 0.0001000
2025-10-28 17:01:37,188 - PCN - INFO - [Epoch 4/150][Batch 901/1311] BatchTime = 0.284 (s) DataTime = 0.001 (s) Losses = ['12.9517', '9.2506'] lr = 0.0001000
2025-10-28 17:02:35,621 - PCN - INFO - [Epoch 4/150][Batch 1001/1311] BatchTime = 0.422 (s) DataTime = 0.001 (s) Losses = ['10.8229', '7.3935'] lr = 0.0001000
2025-10-28 17:03:32,308 - PCN - INFO - [Epoch 4/150][Batch 1101/1311] BatchTime = 0.347 (s) DataTime = 0.001 (s) Losses = ['11.5272', '7.0048'] lr = 0.0001000
2025-10-28 17:04:32,017 - PCN - INFO - [Epoch 4/150][Batch 1201/1311] BatchTime = 0.695 (s) DataTime = 0.001 (s) Losses = ['13.6329', '9.1603'] lr = 0.0001000
2025-10-28 17:05:34,723 - PCN - INFO - [Epoch 4/150][Batch 1301/1311] BatchTime = 0.557 (s) DataTime = 0.001 (s) Losses = ['11.5823', '7.8001'] lr = 0.0001000
2025-10-28 17:05:40,663 - PCN - INFO - [Training] EPOCH: 4 EpochTime = 787.082 (s) Losses = ['12.6347', '8.7165']
2025-10-28 17:05:40,739 - PCN - INFO - Save checkpoint at ./experiments/PCN/ShapeNet55_models/PCN_fog/ckpt-last.pth
2025-10-28 17:05:41,189 - PCN - INFO - [Epoch 5/150][Batch 1/1311] BatchTime = 0.450 (s) DataTime = 0.082 (s) Losses = ['11.6738', '7.3341'] lr = 0.0001000
2025-10-28 17:06:42,698 - PCN - INFO - [Epoch 5/150][Batch 101/1311] BatchTime = 0.474 (s) DataTime = 0.001 (s) Losses = ['10.3325', '6.8675'] lr = 0.0001000
2025-10-28 17:07:42,040 - PCN - INFO - [Epoch 5/150][Batch 201/1311] BatchTime = 0.555 (s) DataTime = 0.001 (s) Losses = ['11.3333', '7.7252'] lr = 0.0001000
2025-10-28 17:08:39,483 - PCN - INFO - [Epoch 5/150][Batch 301/1311] BatchTime = 0.996 (s) DataTime = 0.001 (s) Losses = ['18.1196', '12.6828'] lr = 0.0001000
2025-10-28 17:09:38,481 - PCN - INFO - [Epoch 5/150][Batch 401/1311] BatchTime = 0.780 (s) DataTime = 0.001 (s) Losses = ['11.5775', '8.4742'] lr = 0.0001000
2025-10-28 17:10:39,167 - PCN - INFO - [Epoch 5/150][Batch 501/1311] BatchTime = 0.421 (s) DataTime = 0.001 (s) Losses = ['14.3872', '9.1172'] lr = 0.0001000
2025-10-28 17:11:38,649 - PCN - INFO - [Epoch 5/150][Batch 601/1311] BatchTime = 0.563 (s) DataTime = 0.001 (s) Losses = ['10.2610', '6.9098'] lr = 0.0001000
2025-10-28 17:12:37,529 - PCN - INFO - [Epoch 5/150][Batch 701/1311] BatchTime = 0.614 (s) DataTime = 0.001 (s) Losses = ['10.7750', '7.3023'] lr = 0.0001000
2025-10-28 17:13:38,882 - PCN - INFO - [Epoch 5/150][Batch 801/1311] BatchTime = 0.286 (s) DataTime = 0.001 (s) Losses = ['10.8928', '7.1824'] lr = 0.0001000
2025-10-28 17:14:38,642 - PCN - INFO - [Epoch 5/150][Batch 901/1311] BatchTime = 0.657 (s) DataTime = 0.001 (s) Losses = ['16.8129', '11.9482'] lr = 0.0001000
2025-10-28 17:15:37,542 - PCN - INFO - [Epoch 5/150][Batch 1001/1311] BatchTime = 0.448 (s) DataTime = 0.001 (s) Losses = ['9.6924', '6.3327'] lr = 0.0001000
2025-10-28 17:16:38,879 - PCN - INFO - [Epoch 5/150][Batch 1101/1311] BatchTime = 0.758 (s) DataTime = 0.001 (s) Losses = ['14.0061', '9.4923'] lr = 0.0001000
2025-10-28 17:17:36,784 - PCN - INFO - [Epoch 5/150][Batch 1201/1311] BatchTime = 0.351 (s) DataTime = 0.001 (s) Losses = ['10.5351', '7.0737'] lr = 0.0001000
2025-10-28 17:18:36,702 - PCN - INFO - [Epoch 5/150][Batch 1301/1311] BatchTime = 0.719 (s) DataTime = 0.001 (s) Losses = ['8.9862', '5.9814'] lr = 0.0001000
2025-10-28 17:18:43,048 - PCN - INFO - [Training] EPOCH: 5 EpochTime = 782.309 (s) Losses = ['11.6203', '7.8212']
2025-10-28 17:18:43,048 - PCN - INFO - [VALIDATION] Start validating epoch 5
2025-10-28 17:19:20,452 - PCN - INFO - Test[1051/10518] Taxonomy = 02691156 Sample = c7749c0a8b61f43bc9b9e28055202e3d Losses = ['41.0105', '5.7034', '32.3008', '3.6575'] Metrics = ['0.1359', '32.3008', '3.6575', '0.0000']
2025-10-28 17:19:56,430 - PCN - INFO - Test[2102/10518] Taxonomy = 03211117 Sample = ab2f9418c111cc6ddb965514105122a4 Losses = ['64.7062', '11.4637', '44.4010', '6.4865'] Metrics = ['0.0625', '44.4010', '6.4865', '0.0000']
2025-10-28 17:20:31,411 - PCN - INFO - Test[3153/10518] Taxonomy = 02876657 Sample = c5032e4be091aabb36fe7a88df793982 Losses = ['64.3418', '11.8279', '47.1889', '6.8405'] Metrics = ['0.0379', '47.1889', '6.8405', '0.0000']
2025-10-28 17:21:07,544 - PCN - INFO - Test[4204/10518] Taxonomy = 03211117 Sample = 722df1da5778d45b1e43523279c7f09f Losses = ['60.2874', '9.2824', '42.4311', '5.8080'] Metrics = ['0.0553', '42.4311', '5.8080', '0.0000']
2025-10-28 17:21:42,502 - PCN - INFO - Test[5255/10518] Taxonomy = 02828884 Sample = 14b63361a48a9fffe4a048c146e8bd43 Losses = ['56.6373', '8.8627', '49.8235', '6.8711'] Metrics = ['0.0273', '49.8235', '6.8711', '0.0000']
2025-10-28 17:22:17,812 - PCN - INFO - Test[6306/10518] Taxonomy = 03211117 Sample = d330d50a0255529d19ed6e1a590c9122 Losses = ['51.1523', '6.9544', '35.3205', '3.9740'] Metrics = ['0.0581', '35.3205', '3.9740', '0.0000']
2025-10-28 17:22:52,461 - PCN - INFO - Test[7357/10518] Taxonomy = 04379243 Sample = b1ca280d9567270ade98d10ab5975b59 Losses = ['67.9112', '15.3927', '54.0651', '9.7924'] Metrics = ['0.0285', '54.0651', '9.7924', '0.0000']
2025-10-28 17:23:28,351 - PCN - INFO - Test[8408/10518] Taxonomy = 03001627 Sample = 89208a619341d9fdb8c516ed5c4ce32 Losses = ['58.1913', '8.7515', '42.3065', '5.2779'] Metrics = ['0.0313', '42.3065', '5.2779', '0.0000']
2025-10-28 17:24:03,925 - PCN - INFO - Test[9459/10518] Taxonomy = 03001627 Sample = d0255120e3351121c3bd24f986301745 Losses = ['55.8600', '9.3529', '41.8714', '5.7478'] Metrics = ['0.0382', '41.8714', '5.7478', '0.0000']
2025-10-28 17:24:38,865 - PCN - INFO - Test[10510/10518] Taxonomy = 03636649 Sample = ea9ec4d9db2e06202471e6dd5ac3ef92 Losses = ['43.2947', '5.1051', '34.5234', '3.5417'] Metrics = ['0.1384', '34.5234', '3.5417', '0.0000']
2025-10-28 17:24:39,122 - PCN - INFO - [Validation] EPOCH: 5  Metrics = ['0.0688', '47.6278', '8.8389', '0.0000']
2025-10-28 17:24:39,122 - PCN - INFO - ============================ TEST RESULTS ============================
2025-10-28 17:24:39,122 - PCN - INFO - Taxonomy	#Sample	F-Score	CDL1	CDL2	EMDistance	#ModelName	
2025-10-28 17:24:39,122 - PCN - INFO - 03759954	14	0.108 	55.216 	14.480 	0.000 	microphone	
2025-10-28 17:24:39,122 - PCN - INFO - 04330267	44	0.040 	48.208 	7.617 	0.000 	stove	
2025-10-28 17:24:39,122 - PCN - INFO - 03261776	15	0.040 	86.679 	35.917 	0.000 	earphone	
2025-10-28 17:24:39,122 - PCN - INFO - 03513137	33	0.019 	73.853 	19.361 	0.000 	helmet	
2025-10-28 17:24:39,123 - PCN - INFO - 04460130	27	0.090 	40.405 	5.848 	0.000 	tower	
2025-10-28 17:24:39,123 - PCN - INFO - 04468005	78	0.096 	33.760 	3.934 	0.000 	train	
2025-10-28 17:24:39,123 - PCN - INFO - 03761084	31	0.019 	55.144 	9.691 	0.000 	microwaves	
2025-10-28 17:24:39,123 - PCN - INFO - 04004475	34	0.030 	56.509 	10.686 	0.000 	printer	
2025-10-28 17:24:39,123 - PCN - INFO - 03938244	20	0.023 	60.418 	11.304 	0.000 	pillow	
2025-10-28 17:24:39,123 - PCN - INFO - 02992529	167	0.068 	32.486 	3.406 	0.000 	cellphone	
2025-10-28 17:24:39,123 - PCN - INFO - 02808440	172	0.032 	51.705 	9.294 	0.000 	bathtub	
2025-10-28 17:24:39,123 - PCN - INFO - 04530566	388	0.114 	33.837 	4.274 	0.000 	watercraft	
2025-10-28 17:24:39,123 - PCN - INFO - 02871439	91	0.046 	42.139 	5.911 	0.000 	bookshelf	
2025-10-28 17:24:39,123 - PCN - INFO - 03593526	120	0.034 	59.135 	12.212 	0.000 	jar	
2025-10-28 17:24:39,123 - PCN - INFO - 04554684	34	0.017 	57.383 	9.764 	0.000 	washer	
2025-10-28 17:24:39,123 - PCN - INFO - 03467517	160	0.277 	23.298 	2.194 	0.000 	guitar	
2025-10-28 17:24:39,123 - PCN - INFO - 04401088	218	0.066 	32.913 	3.460 	0.000 	telephone	
2025-10-28 17:24:39,123 - PCN - INFO - 02954340	12	0.014 	98.813 	33.949 	0.000 	cap	
2025-10-28 17:24:39,123 - PCN - INFO - 02933112	315	0.036 	41.955 	5.399 	0.000 	cabinet	
2025-10-28 17:24:39,123 - PCN - INFO - 03642806	92	0.059 	40.511 	6.092 	0.000 	laptop	
2025-10-28 17:24:39,123 - PCN - INFO - 02924116	188	0.061 	38.179 	4.746 	0.000 	bus	
2025-10-28 17:24:39,123 - PCN - INFO - 02946921	22	0.022 	58.382 	10.988 	0.000 	can	
2025-10-28 17:24:39,123 - PCN - INFO - 02818832	47	0.034 	51.929 	9.515 	0.000 	bed	
2025-10-28 17:24:39,123 - PCN - INFO - 04256520	635	0.043 	41.308 	5.649 	0.000 	sofa	
2025-10-28 17:24:39,123 - PCN - INFO - 04379243	1687	0.068 	43.499 	7.406 	0.000 	table	
2025-10-28 17:24:39,123 - PCN - INFO - 02747177	69	0.025 	50.110 	8.336 	0.000 	trash bin	
2025-10-28 17:24:39,123 - PCN - INFO - 03046257	131	0.046 	48.890 	8.437 	0.000 	clock	
2025-10-28 17:24:39,123 - PCN - INFO - 04225987	31	0.101 	41.176 	6.195 	0.000 	skateboard	
2025-10-28 17:24:39,123 - PCN - INFO - 03797390	43	0.023 	51.370 	8.641 	0.000 	mug	
2025-10-28 17:24:39,123 - PCN - INFO - 03001627	1356	0.056 	44.160 	7.013 	0.000 	chair	
2025-10-28 17:24:39,123 - PCN - INFO - 03691459	320	0.030 	52.367 	9.137 	0.000 	loudspeaker	
2025-10-28 17:24:39,123 - PCN - INFO - 02942699	23	0.024 	64.952 	13.928 	0.000 	camera	
2025-10-28 17:24:39,123 - PCN - INFO - 03636649	464	0.072 	56.926 	12.928 	0.000 	lamp	
2025-10-28 17:24:39,123 - PCN - INFO - 02691156	809	0.138 	32.814 	4.118 	0.000 	airplane	
2025-10-28 17:24:39,123 - PCN - INFO - 02773838	17	0.041 	50.285 	8.573 	0.000 	bag	
2025-10-28 17:24:39,123 - PCN - INFO - 02958343	703	0.054 	35.050 	3.870 	0.000 	car	
2025-10-28 17:24:39,123 - PCN - INFO - 02880940	38	0.021 	69.831 	18.054 	0.000 	bowl	
2025-10-28 17:24:39,123 - PCN - INFO - 04099429	17	0.220 	29.993 	3.822 	0.000 	rocket	
2025-10-28 17:24:39,123 - PCN - INFO - 02828884	363	0.083 	38.877 	5.522 	0.000 	bench	
2025-10-28 17:24:39,123 - PCN - INFO - 04090263	475	0.270 	24.652 	2.653 	0.000 	rifle	
2025-10-28 17:24:39,123 - PCN - INFO - 03211117	219	0.056 	40.990 	6.151 	0.000 	display	
2025-10-28 17:24:39,123 - PCN - INFO - 02876657	100	0.056 	43.202 	6.355 	0.000 	bottle	
2025-10-28 17:24:39,123 - PCN - INFO - 03710193	19	0.080 	45.460 	7.844 	0.000 	mailbox	
2025-10-28 17:24:39,123 - PCN - INFO - 03790512	68	0.086 	34.552 	4.342 	0.000 	motorbike	
2025-10-28 17:24:39,124 - PCN - INFO - 03325088	149	0.071 	56.985 	13.201 	0.000 	faucet	
2025-10-28 17:24:39,124 - PCN - INFO - 02801938	23	0.022 	57.556 	11.779 	0.000 	basket	
2025-10-28 17:24:39,124 - PCN - INFO - 03337140	60	0.035 	46.692 	7.136 	0.000 	file cabinet	
2025-10-28 17:24:39,124 - PCN - INFO - 02843684	15	0.033 	53.391 	9.376 	0.000 	birdhouse	
2025-10-28 17:24:39,124 - PCN - INFO - 03624134	85	0.259 	25.787 	2.757 	0.000 	knife	
2025-10-28 17:24:39,124 - PCN - INFO - 03991062	121	0.030 	58.248 	11.889 	0.000 	flowerpot	
2025-10-28 17:24:39,124 - PCN - INFO - 03948459	62	0.155 	31.876 	4.015 	0.000 	pistol	
2025-10-28 17:24:39,124 - PCN - INFO - 03928116	48	0.035 	53.455 	10.054 	0.000 	piano	
2025-10-28 17:24:39,124 - PCN - INFO - 03207941	19	0.020 	53.063 	8.571 	0.000 	dishwasher	
2025-10-28 17:24:39,124 - PCN - INFO - 04074963	14	0.075 	34.988 	3.866 	0.000 	remote	
2025-10-28 17:24:39,124 - PCN - INFO - 03085013	13	0.113 	34.167 	4.481 	0.000 	keyboard	
2025-10-28 17:24:39,124 - PCN - INFO - Overall		0.069 	47.628 	8.839 	0.000 	
2025-10-28 17:24:39,204 - PCN - INFO - Save checkpoint at ./experiments/PCN/ShapeNet55_models/PCN_fog/ckpt-best.pth
2025-10-28 17:24:39,274 - PCN - INFO - Save checkpoint at ./experiments/PCN/ShapeNet55_models/PCN_fog/ckpt-last.pth
2025-10-28 17:24:39,846 - PCN - INFO - [Epoch 6/150][Batch 1/1311] BatchTime = 0.572 (s) DataTime = 0.082 (s) Losses = ['10.3858', '6.8245'] lr = 0.0001000
2025-10-28 17:25:41,166 - PCN - INFO - [Epoch 6/150][Batch 101/1311] BatchTime = 0.615 (s) DataTime = 0.001 (s) Losses = ['10.6104', '7.0280'] lr = 0.0001000
2025-10-28 17:26:42,432 - PCN - INFO - [Epoch 6/150][Batch 201/1311] BatchTime = 0.530 (s) DataTime = 0.001 (s) Losses = ['14.4892', '9.3161'] lr = 0.0001000
2025-10-28 17:27:42,203 - PCN - INFO - [Epoch 6/150][Batch 301/1311] BatchTime = 0.387 (s) DataTime = 0.001 (s) Losses = ['13.6638', '9.4270'] lr = 0.0001000
2025-10-28 17:28:40,545 - PCN - INFO - [Epoch 6/150][Batch 401/1311] BatchTime = 0.593 (s) DataTime = 0.001 (s) Losses = ['10.5806', '6.7407'] lr = 0.0001000
2025-10-28 17:29:38,396 - PCN - INFO - [Epoch 6/150][Batch 501/1311] BatchTime = 0.738 (s) DataTime = 0.001 (s) Losses = ['10.3296', '6.1706'] lr = 0.0001000
2025-10-28 17:30:39,603 - PCN - INFO - [Epoch 6/150][Batch 601/1311] BatchTime = 0.925 (s) DataTime = 0.001 (s) Losses = ['12.3801', '8.1976'] lr = 0.0001000
2025-10-28 17:31:39,515 - PCN - INFO - [Epoch 6/150][Batch 701/1311] BatchTime = 0.893 (s) DataTime = 0.001 (s) Losses = ['11.1537', '7.1915'] lr = 0.0001000
2025-10-28 17:32:36,931 - PCN - INFO - [Epoch 6/150][Batch 801/1311] BatchTime = 0.468 (s) DataTime = 0.001 (s) Losses = ['14.1589', '8.7193'] lr = 0.0001000
2025-10-28 17:33:35,185 - PCN - INFO - [Epoch 6/150][Batch 901/1311] BatchTime = 0.775 (s) DataTime = 0.001 (s) Losses = ['11.4206', '6.8898'] lr = 0.0001000
2025-10-28 17:34:35,929 - PCN - INFO - [Epoch 6/150][Batch 1001/1311] BatchTime = 0.400 (s) DataTime = 0.001 (s) Losses = ['12.3508', '8.6175'] lr = 0.0001000
2025-10-28 17:35:34,676 - PCN - INFO - [Epoch 6/150][Batch 1101/1311] BatchTime = 0.489 (s) DataTime = 0.001 (s) Losses = ['9.2882', '5.3924'] lr = 0.0001000
2025-10-28 17:36:35,944 - PCN - INFO - [Epoch 6/150][Batch 1201/1311] BatchTime = 0.476 (s) DataTime = 0.001 (s) Losses = ['8.9966', '5.2536'] lr = 0.0001000
2025-10-28 17:37:35,408 - PCN - INFO - [Epoch 6/150][Batch 1301/1311] BatchTime = 0.612 (s) DataTime = 0.001 (s) Losses = ['11.0889', '7.2118'] lr = 0.0001000
2025-10-28 17:37:41,647 - PCN - INFO - [Training] EPOCH: 6 EpochTime = 782.373 (s) Losses = ['10.6767', '6.9987']
2025-10-28 17:37:41,730 - PCN - INFO - Save checkpoint at ./experiments/PCN/ShapeNet55_models/PCN_fog/ckpt-last.pth
2025-10-28 17:37:42,430 - PCN - INFO - [Epoch 7/150][Batch 1/1311] BatchTime = 0.700 (s) DataTime = 0.080 (s) Losses = ['11.6273', '7.6284'] lr = 0.0001000
2025-10-28 17:38:41,307 - PCN - INFO - [Epoch 7/150][Batch 101/1311] BatchTime = 0.376 (s) DataTime = 0.001 (s) Losses = ['11.2830', '7.1431'] lr = 0.0001000
2025-10-28 17:39:41,438 - PCN - INFO - [Epoch 7/150][Batch 201/1311] BatchTime = 0.358 (s) DataTime = 0.001 (s) Losses = ['9.7762', '6.1745'] lr = 0.0001000
2025-10-28 17:40:39,673 - PCN - INFO - [Epoch 7/150][Batch 301/1311] BatchTime = 0.747 (s) DataTime = 0.001 (s) Losses = ['8.5968', '5.3420'] lr = 0.0001000
2025-10-28 17:41:36,618 - PCN - INFO - [Epoch 7/150][Batch 401/1311] BatchTime = 0.768 (s) DataTime = 0.001 (s) Losses = ['11.7565', '7.6275'] lr = 0.0001000
2025-10-28 17:42:36,830 - PCN - INFO - [Epoch 7/150][Batch 501/1311] BatchTime = 0.730 (s) DataTime = 0.001 (s) Losses = ['10.3707', '6.9442'] lr = 0.0001000
2025-10-28 17:43:32,486 - PCN - INFO - [Epoch 7/150][Batch 601/1311] BatchTime = 0.388 (s) DataTime = 0.001 (s) Losses = ['12.3697', '8.3935'] lr = 0.0001000
2025-10-28 17:44:33,700 - PCN - INFO - [Epoch 7/150][Batch 701/1311] BatchTime = 0.567 (s) DataTime = 0.001 (s) Losses = ['10.9715', '7.3672'] lr = 0.0001000
2025-10-28 17:45:30,559 - PCN - INFO - [Epoch 7/150][Batch 801/1311] BatchTime = 0.516 (s) DataTime = 0.001 (s) Losses = ['8.1674', '4.7997'] lr = 0.0001000
2025-10-28 17:46:27,977 - PCN - INFO - [Epoch 7/150][Batch 901/1311] BatchTime = 0.546 (s) DataTime = 0.001 (s) Losses = ['9.8847', '6.2688'] lr = 0.0001000
2025-10-28 17:47:28,119 - PCN - INFO - [Epoch 7/150][Batch 1001/1311] BatchTime = 0.479 (s) DataTime = 0.001 (s) Losses = ['10.2911', '6.6667'] lr = 0.0001000
2025-10-28 17:48:28,885 - PCN - INFO - [Epoch 7/150][Batch 1101/1311] BatchTime = 0.752 (s) DataTime = 0.001 (s) Losses = ['8.2629', '5.0738'] lr = 0.0001000
2025-10-28 17:49:30,972 - PCN - INFO - [Epoch 7/150][Batch 1201/1311] BatchTime = 0.505 (s) DataTime = 0.001 (s) Losses = ['7.9623', '4.9463'] lr = 0.0001000
2025-10-28 17:50:31,938 - PCN - INFO - [Epoch 7/150][Batch 1301/1311] BatchTime = 0.625 (s) DataTime = 0.001 (s) Losses = ['9.5555', '5.9677'] lr = 0.0001000
2025-10-28 17:50:38,054 - PCN - INFO - [Training] EPOCH: 7 EpochTime = 776.324 (s) Losses = ['10.1231', '6.5569']
2025-10-28 17:50:38,133 - PCN - INFO - Save checkpoint at ./experiments/PCN/ShapeNet55_models/PCN_fog/ckpt-last.pth
2025-10-28 17:50:38,744 - PCN - INFO - [Epoch 8/150][Batch 1/1311] BatchTime = 0.610 (s) DataTime = 0.082 (s) Losses = ['9.0225', '5.2234'] lr = 0.0001000
2025-10-28 17:51:37,008 - PCN - INFO - [Epoch 8/150][Batch 101/1311] BatchTime = 0.593 (s) DataTime = 0.001 (s) Losses = ['7.7760', '4.5018'] lr = 0.0001000
2025-10-28 17:52:36,618 - PCN - INFO - [Epoch 8/150][Batch 201/1311] BatchTime = 0.456 (s) DataTime = 0.001 (s) Losses = ['11.2722', '7.4091'] lr = 0.0001000
2025-10-28 17:53:34,165 - PCN - INFO - [Epoch 8/150][Batch 301/1311] BatchTime = 0.657 (s) DataTime = 0.001 (s) Losses = ['9.1377', '5.6835'] lr = 0.0001000
2025-10-28 17:54:31,225 - PCN - INFO - [Epoch 8/150][Batch 401/1311] BatchTime = 0.525 (s) DataTime = 0.001 (s) Losses = ['9.4078', '6.0351'] lr = 0.0001000
2025-10-28 17:55:32,332 - PCN - INFO - [Epoch 8/150][Batch 501/1311] BatchTime = 0.757 (s) DataTime = 0.001 (s) Losses = ['7.8072', '4.8761'] lr = 0.0001000
2025-10-28 17:56:31,076 - PCN - INFO - [Epoch 8/150][Batch 601/1311] BatchTime = 0.479 (s) DataTime = 0.001 (s) Losses = ['11.0409', '7.4580'] lr = 0.0001000
2025-10-28 17:57:33,221 - PCN - INFO - [Epoch 8/150][Batch 701/1311] BatchTime = 0.986 (s) DataTime = 0.001 (s) Losses = ['10.2658', '6.7158'] lr = 0.0001000
2025-10-28 17:58:33,994 - PCN - INFO - [Epoch 8/150][Batch 801/1311] BatchTime = 0.611 (s) DataTime = 0.001 (s) Losses = ['9.7409', '6.1194'] lr = 0.0001000
2025-10-28 17:59:31,297 - PCN - INFO - [Epoch 8/150][Batch 901/1311] BatchTime = 0.624 (s) DataTime = 0.001 (s) Losses = ['8.2271', '5.1929'] lr = 0.0001000
2025-10-28 18:00:30,999 - PCN - INFO - [Epoch 8/150][Batch 1001/1311] BatchTime = 0.326 (s) DataTime = 0.001 (s) Losses = ['9.8461', '5.9044'] lr = 0.0001000
2025-10-28 18:01:30,441 - PCN - INFO - [Epoch 8/150][Batch 1101/1311] BatchTime = 0.735 (s) DataTime = 0.001 (s) Losses = ['8.6478', '5.0575'] lr = 0.0001000
2025-10-28 18:02:31,364 - PCN - INFO - [Epoch 8/150][Batch 1201/1311] BatchTime = 0.590 (s) DataTime = 0.001 (s) Losses = ['11.4178', '7.7808'] lr = 0.0001000
2025-10-28 18:03:29,570 - PCN - INFO - [Epoch 8/150][Batch 1301/1311] BatchTime = 0.453 (s) DataTime = 0.001 (s) Losses = ['9.4136', '5.8467'] lr = 0.0001000
2025-10-28 18:03:36,046 - PCN - INFO - [Training] EPOCH: 8 EpochTime = 777.913 (s) Losses = ['9.5870', '6.1213']
2025-10-28 18:03:36,120 - PCN - INFO - Save checkpoint at ./experiments/PCN/ShapeNet55_models/PCN_fog/ckpt-last.pth
2025-10-28 18:03:36,555 - PCN - INFO - [Epoch 9/150][Batch 1/1311] BatchTime = 0.435 (s) DataTime = 0.084 (s) Losses = ['9.3853', '6.3783'] lr = 0.0001000
2025-10-28 18:04:36,412 - PCN - INFO - [Epoch 9/150][Batch 101/1311] BatchTime = 0.670 (s) DataTime = 0.001 (s) Losses = ['11.4773', '6.8828'] lr = 0.0001000
2025-10-28 18:05:36,386 - PCN - INFO - [Epoch 9/150][Batch 201/1311] BatchTime = 0.690 (s) DataTime = 0.001 (s) Losses = ['8.3915', '5.0156'] lr = 0.0001000
2025-10-28 18:06:36,636 - PCN - INFO - [Epoch 9/150][Batch 301/1311] BatchTime = 0.553 (s) DataTime = 0.001 (s) Losses = ['8.5243', '5.2230'] lr = 0.0001000
2025-10-28 18:07:36,824 - PCN - INFO - [Epoch 9/150][Batch 401/1311] BatchTime = 0.676 (s) DataTime = 0.001 (s) Losses = ['8.6262', '5.5367'] lr = 0.0001000
2025-10-28 18:08:34,459 - PCN - INFO - [Epoch 9/150][Batch 501/1311] BatchTime = 0.299 (s) DataTime = 0.001 (s) Losses = ['8.3991', '5.0718'] lr = 0.0001000
2025-10-28 18:09:34,455 - PCN - INFO - [Epoch 9/150][Batch 601/1311] BatchTime = 0.689 (s) DataTime = 0.001 (s) Losses = ['8.1724', '5.1262'] lr = 0.0001000
2025-10-28 18:10:35,127 - PCN - INFO - [Epoch 9/150][Batch 701/1311] BatchTime = 0.643 (s) DataTime = 0.001 (s) Losses = ['7.6027', '4.7871'] lr = 0.0001000
2025-10-28 18:11:31,513 - PCN - INFO - [Epoch 9/150][Batch 801/1311] BatchTime = 0.843 (s) DataTime = 0.001 (s) Losses = ['8.9198', '5.5846'] lr = 0.0001000
2025-10-28 18:12:29,571 - PCN - INFO - [Epoch 9/150][Batch 901/1311] BatchTime = 0.526 (s) DataTime = 0.001 (s) Losses = ['9.4867', '6.0790'] lr = 0.0001000
2025-10-28 18:13:30,064 - PCN - INFO - [Epoch 9/150][Batch 1001/1311] BatchTime = 0.736 (s) DataTime = 0.001 (s) Losses = ['8.2645', '5.1594'] lr = 0.0001000
2025-10-28 18:14:31,445 - PCN - INFO - [Epoch 9/150][Batch 1101/1311] BatchTime = 0.800 (s) DataTime = 0.001 (s) Losses = ['8.8507', '6.0377'] lr = 0.0001000
2025-10-28 18:15:29,866 - PCN - INFO - [Epoch 9/150][Batch 1201/1311] BatchTime = 0.663 (s) DataTime = 0.001 (s) Losses = ['9.0508', '5.9264'] lr = 0.0001000
2025-10-28 18:16:29,317 - PCN - INFO - [Epoch 9/150][Batch 1301/1311] BatchTime = 0.679 (s) DataTime = 0.001 (s) Losses = ['8.4534', '5.0966'] lr = 0.0001000
2025-10-28 18:16:35,753 - PCN - INFO - [Training] EPOCH: 9 EpochTime = 779.634 (s) Losses = ['9.2121', '5.7995']
2025-10-28 18:16:35,826 - PCN - INFO - Save checkpoint at ./experiments/PCN/ShapeNet55_models/PCN_fog/ckpt-last.pth
2025-10-28 18:16:36,374 - PCN - INFO - [Epoch 10/150][Batch 1/1311] BatchTime = 0.548 (s) DataTime = 0.083 (s) Losses = ['10.7687', '6.7830'] lr = 0.0001000
2025-10-28 18:17:36,529 - PCN - INFO - [Epoch 10/150][Batch 101/1311] BatchTime = 0.608 (s) DataTime = 0.001 (s) Losses = ['6.7972', '4.1875'] lr = 0.0001000
2025-10-28 18:18:34,709 - PCN - INFO - [Epoch 10/150][Batch 201/1311] BatchTime = 0.372 (s) DataTime = 0.001 (s) Losses = ['8.3206', '4.9235'] lr = 0.0001000
2025-10-28 18:19:34,450 - PCN - INFO - [Epoch 10/150][Batch 301/1311] BatchTime = 0.493 (s) DataTime = 0.001 (s) Losses = ['7.9689', '4.4920'] lr = 0.0001000
2025-10-28 18:20:34,494 - PCN - INFO - [Epoch 10/150][Batch 401/1311] BatchTime = 0.713 (s) DataTime = 0.001 (s) Losses = ['7.5280', '5.1974'] lr = 0.0001000
2025-10-28 18:21:36,119 - PCN - INFO - [Epoch 10/150][Batch 501/1311] BatchTime = 0.454 (s) DataTime = 0.001 (s) Losses = ['9.1094', '5.7893'] lr = 0.0001000
2025-10-28 18:22:37,558 - PCN - INFO - [Epoch 10/150][Batch 601/1311] BatchTime = 0.929 (s) DataTime = 0.001 (s) Losses = ['9.0175', '5.2514'] lr = 0.0001000
2025-10-28 18:23:40,512 - PCN - INFO - [Epoch 10/150][Batch 701/1311] BatchTime = 0.817 (s) DataTime = 0.001 (s) Losses = ['8.6467', '5.5611'] lr = 0.0001000
2025-10-28 18:24:38,357 - PCN - INFO - [Epoch 10/150][Batch 801/1311] BatchTime = 0.539 (s) DataTime = 0.001 (s) Losses = ['7.8494', '4.6598'] lr = 0.0001000
2025-10-28 18:25:40,041 - PCN - INFO - [Epoch 10/150][Batch 901/1311] BatchTime = 0.771 (s) DataTime = 0.001 (s) Losses = ['8.2847', '4.9893'] lr = 0.0001000
2025-10-28 18:26:40,460 - PCN - INFO - [Epoch 10/150][Batch 1001/1311] BatchTime = 0.537 (s) DataTime = 0.001 (s) Losses = ['7.5419', '4.5402'] lr = 0.0001000
2025-10-28 18:27:40,420 - PCN - INFO - [Epoch 10/150][Batch 1101/1311] BatchTime = 0.757 (s) DataTime = 0.001 (s) Losses = ['8.6356', '5.2427'] lr = 0.0001000
2025-10-28 18:28:38,306 - PCN - INFO - [Epoch 10/150][Batch 1201/1311] BatchTime = 0.443 (s) DataTime = 0.001 (s) Losses = ['8.5803', '5.4444'] lr = 0.0001000
2025-10-28 18:29:36,634 - PCN - INFO - [Epoch 10/150][Batch 1301/1311] BatchTime = 0.451 (s) DataTime = 0.001 (s) Losses = ['9.8900', '6.3451'] lr = 0.0001000
2025-10-28 18:29:42,982 - PCN - INFO - [Training] EPOCH: 10 EpochTime = 787.156 (s) Losses = ['8.8692', '5.5382']
2025-10-28 18:29:42,983 - PCN - INFO - [VALIDATION] Start validating epoch 10
2025-10-28 18:30:20,755 - PCN - INFO - Test[1051/10518] Taxonomy = 02691156 Sample = c7749c0a8b61f43bc9b9e28055202e3d Losses = ['39.1533', '5.3008', '27.6252', '2.7576'] Metrics = ['0.1625', '27.6252', '2.7576', '0.0000']
2025-10-28 18:30:56,244 - PCN - INFO - Test[2102/10518] Taxonomy = 03211117 Sample = ab2f9418c111cc6ddb965514105122a4 Losses = ['37.8975', '3.8088', '40.1760', '5.0824'] Metrics = ['0.0639', '40.1760', '5.0824', '0.0000']
2025-10-28 18:31:30,653 - PCN - INFO - Test[3153/10518] Taxonomy = 02876657 Sample = c5032e4be091aabb36fe7a88df793982 Losses = ['61.8250', '10.6711', '43.7569', '6.1517'] Metrics = ['0.0458', '43.7569', '6.1517', '0.0000']
2025-10-28 18:32:06,551 - PCN - INFO - Test[4204/10518] Taxonomy = 03211117 Sample = 722df1da5778d45b1e43523279c7f09f Losses = ['52.0072', '7.6200', '41.2759', '5.5418'] Metrics = ['0.0546', '41.2759', '5.5418', '0.0000']
2025-10-28 18:32:42,768 - PCN - INFO - Test[5255/10518] Taxonomy = 02828884 Sample = 14b63361a48a9fffe4a048c146e8bd43 Losses = ['48.1804', '6.2139', '33.7849', '3.6039'] Metrics = ['0.0903', '33.7849', '3.6039', '0.0000']
2025-10-28 18:33:18,432 - PCN - INFO - Test[6306/10518] Taxonomy = 03211117 Sample = d330d50a0255529d19ed6e1a590c9122 Losses = ['45.8171', '5.3619', '30.0753', '2.6779'] Metrics = ['0.0642', '30.0753', '2.6779', '0.0000']
2025-10-28 18:33:52,428 - PCN - INFO - Test[7357/10518] Taxonomy = 04379243 Sample = b1ca280d9567270ade98d10ab5975b59 Losses = ['57.6368', '10.6152', '42.6436', '5.5558'] Metrics = ['0.0279', '42.6436', '5.5558', '0.0000']
2025-10-28 18:34:28,583 - PCN - INFO - Test[8408/10518] Taxonomy = 03001627 Sample = 89208a619341d9fdb8c516ed5c4ce32 Losses = ['51.2864', '7.2389', '37.9508', '4.3532'] Metrics = ['0.0391', '37.9508', '4.3532', '0.0000']
2025-10-28 18:35:01,602 - PCN - INFO - Test[9459/10518] Taxonomy = 03001627 Sample = d0255120e3351121c3bd24f986301745 Losses = ['56.6776', '8.8803', '40.8484', '5.1021'] Metrics = ['0.0406', '40.8484', '5.1021', '0.0000']
2025-10-28 18:35:35,048 - PCN - INFO - Test[10510/10518] Taxonomy = 03636649 Sample = ea9ec4d9db2e06202471e6dd5ac3ef92 Losses = ['40.4108', '5.0822', '33.7153', '3.7197'] Metrics = ['0.1383', '33.7153', '3.7197', '0.0000']
2025-10-28 18:35:35,375 - PCN - INFO - [Validation] EPOCH: 10  Metrics = ['0.0814', '40.5169', '6.2360', '0.0000']
2025-10-28 18:35:35,376 - PCN - INFO - ============================ TEST RESULTS ============================
2025-10-28 18:35:35,376 - PCN - INFO - Taxonomy	#Sample	F-Score	CDL1	CDL2	EMDistance	#ModelName	
2025-10-28 18:35:35,376 - PCN - INFO - 03759954	14	0.106 	54.510 	14.127 	0.000 	microphone	
2025-10-28 18:35:35,376 - PCN - INFO - 04330267	44	0.044 	42.198 	5.802 	0.000 	stove	
2025-10-28 18:35:35,376 - PCN - INFO - 03261776	15	0.061 	57.843 	17.154 	0.000 	earphone	
2025-10-28 18:35:35,376 - PCN - INFO - 03513137	33	0.022 	61.313 	13.649 	0.000 	helmet	
2025-10-28 18:35:35,376 - PCN - INFO - 04460130	27	0.101 	37.818 	5.134 	0.000 	tower	
2025-10-28 18:35:35,376 - PCN - INFO - 04468005	78	0.095 	30.964 	3.085 	0.000 	train	
2025-10-28 18:35:35,376 - PCN - INFO - 03761084	31	0.020 	52.923 	9.080 	0.000 	microwaves	
2025-10-28 18:35:35,376 - PCN - INFO - 04004475	34	0.030 	50.288 	8.597 	0.000 	printer	
2025-10-28 18:35:35,376 - PCN - INFO - 03938244	20	0.034 	48.625 	7.708 	0.000 	pillow	
2025-10-28 18:35:35,376 - PCN - INFO - 02992529	167	0.080 	28.993 	2.711 	0.000 	cellphone	
2025-10-28 18:35:35,376 - PCN - INFO - 02808440	172	0.041 	44.013 	6.739 	0.000 	bathtub	
2025-10-28 18:35:35,376 - PCN - INFO - 04530566	388	0.132 	29.882 	3.311 	0.000 	watercraft	
2025-10-28 18:35:35,376 - PCN - INFO - 02871439	91	0.045 	40.706 	5.315 	0.000 	bookshelf	
2025-10-28 18:35:35,376 - PCN - INFO - 03593526	120	0.043 	49.807 	8.751 	0.000 	jar	
2025-10-28 18:35:35,376 - PCN - INFO - 04554684	34	0.026 	45.101 	6.142 	0.000 	washer	
2025-10-28 18:35:35,376 - PCN - INFO - 03467517	160	0.301 	20.129 	1.479 	0.000 	guitar	
2025-10-28 18:35:35,376 - PCN - INFO - 04401088	218	0.078 	28.902 	2.575 	0.000 	telephone	
2025-10-28 18:35:35,376 - PCN - INFO - 02954340	12	0.024 	64.394 	15.894 	0.000 	cap	
2025-10-28 18:35:35,376 - PCN - INFO - 02933112	315	0.041 	37.892 	4.361 	0.000 	cabinet	
2025-10-28 18:35:35,376 - PCN - INFO - 03642806	92	0.072 	32.974 	3.734 	0.000 	laptop	
2025-10-28 18:35:35,376 - PCN - INFO - 02924116	188	0.067 	33.325 	3.450 	0.000 	bus	
2025-10-28 18:35:35,376 - PCN - INFO - 02946921	22	0.031 	47.993 	7.712 	0.000 	can	
2025-10-28 18:35:35,376 - PCN - INFO - 02818832	47	0.041 	47.403 	7.815 	0.000 	bed	
2025-10-28 18:35:35,376 - PCN - INFO - 04256520	635	0.046 	37.457 	4.406 	0.000 	sofa	
2025-10-28 18:35:35,376 - PCN - INFO - 04379243	1687	0.091 	36.413 	5.268 	0.000 	table	
2025-10-28 18:35:35,376 - PCN - INFO - 02747177	69	0.028 	44.677 	6.446 	0.000 	trash bin	
2025-10-28 18:35:35,376 - PCN - INFO - 03046257	131	0.051 	41.082 	5.643 	0.000 	clock	
2025-10-28 18:35:35,376 - PCN - INFO - 04225987	31	0.125 	32.225 	3.882 	0.000 	skateboard	
2025-10-28 18:35:35,376 - PCN - INFO - 03797390	43	0.023 	48.077 	7.336 	0.000 	mug	
2025-10-28 18:35:35,376 - PCN - INFO - 03001627	1356	0.063 	40.234 	5.706 	0.000 	chair	
2025-10-28 18:35:35,376 - PCN - INFO - 03691459	320	0.035 	45.820 	6.781 	0.000 	loudspeaker	
2025-10-28 18:35:35,376 - PCN - INFO - 02942699	23	0.034 	51.905 	9.384 	0.000 	camera	
2025-10-28 18:35:35,376 - PCN - INFO - 03636649	464	0.095 	46.841 	9.196 	0.000 	lamp	
2025-10-28 18:35:35,376 - PCN - INFO - 02691156	809	0.169 	27.288 	2.847 	0.000 	airplane	
2025-10-28 18:35:35,376 - PCN - INFO - 02773838	17	0.050 	45.644 	7.107 	0.000 	bag	
2025-10-28 18:35:35,376 - PCN - INFO - 02958343	703	0.056 	33.476 	3.426 	0.000 	car	
2025-10-28 18:35:35,376 - PCN - INFO - 02880940	38	0.024 	58.384 	12.256 	0.000 	bowl	
2025-10-28 18:35:35,376 - PCN - INFO - 04099429	17	0.272 	24.135 	2.447 	0.000 	rocket	
2025-10-28 18:35:35,376 - PCN - INFO - 02828884	363	0.108 	33.040 	4.077 	0.000 	bench	
2025-10-28 18:35:35,376 - PCN - INFO - 04090263	475	0.329 	20.173 	1.800 	0.000 	rifle	
2025-10-28 18:35:35,376 - PCN - INFO - 03211117	219	0.059 	36.077 	4.373 	0.000 	display	
2025-10-28 18:35:35,376 - PCN - INFO - 02876657	100	0.071 	36.213 	4.424 	0.000 	bottle	
2025-10-28 18:35:35,376 - PCN - INFO - 03710193	19	0.092 	39.006 	5.357 	0.000 	mailbox	
2025-10-28 18:35:35,376 - PCN - INFO - 03790512	68	0.080 	32.795 	3.562 	0.000 	motorbike	
2025-10-28 18:35:35,376 - PCN - INFO - 03325088	149	0.082 	49.122 	9.632 	0.000 	faucet	
2025-10-28 18:35:35,376 - PCN - INFO - 02801938	23	0.031 	46.996 	7.436 	0.000 	basket	
2025-10-28 18:35:35,376 - PCN - INFO - 03337140	60	0.042 	39.456 	5.083 	0.000 	file cabinet	
2025-10-28 18:35:35,376 - PCN - INFO - 02843684	15	0.033 	49.331 	7.976 	0.000 	birdhouse	
2025-10-28 18:35:35,376 - PCN - INFO - 03624134	85	0.312 	21.056 	1.892 	0.000 	knife	
2025-10-28 18:35:35,377 - PCN - INFO - 03991062	121	0.034 	52.030 	9.323 	0.000 	flowerpot	
2025-10-28 18:35:35,377 - PCN - INFO - 03948459	62	0.174 	26.017 	2.452 	0.000 	pistol	
2025-10-28 18:35:35,377 - PCN - INFO - 03928116	48	0.037 	48.406 	8.109 	0.000 	piano	
2025-10-28 18:35:35,377 - PCN - INFO - 03207941	19	0.025 	44.825 	6.217 	0.000 	dishwasher	
2025-10-28 18:35:35,377 - PCN - INFO - 04074963	14	0.081 	29.725 	2.527 	0.000 	remote	
2025-10-28 18:35:35,377 - PCN - INFO - 03085013	13	0.189 	22.508 	2.286 	0.000 	keyboard	
2025-10-28 18:35:35,377 - PCN - INFO - Overall		0.081 	40.517 	6.236 	0.000 	
2025-10-28 18:35:35,456 - PCN - INFO - Save checkpoint at ./experiments/PCN/ShapeNet55_models/PCN_fog/ckpt-best.pth
2025-10-28 18:35:35,531 - PCN - INFO - Save checkpoint at ./experiments/PCN/ShapeNet55_models/PCN_fog/ckpt-last.pth
2025-10-28 18:35:36,397 - PCN - INFO - [Epoch 11/150][Batch 1/1311] BatchTime = 0.865 (s) DataTime = 0.083 (s) Losses = ['8.6940', '5.3200'] lr = 0.0001000
2025-10-28 18:36:36,942 - PCN - INFO - [Epoch 11/150][Batch 101/1311] BatchTime = 0.686 (s) DataTime = 0.001 (s) Losses = ['9.2286', '5.4690'] lr = 0.0001000
2025-10-28 18:37:34,341 - PCN - INFO - [Epoch 11/150][Batch 201/1311] BatchTime = 0.276 (s) DataTime = 0.001 (s) Losses = ['7.9159', '4.8436'] lr = 0.0001000
2025-10-28 18:38:34,165 - PCN - INFO - [Epoch 11/150][Batch 301/1311] BatchTime = 0.689 (s) DataTime = 0.001 (s) Losses = ['10.2175', '6.4556'] lr = 0.0001000
2025-10-28 18:39:31,438 - PCN - INFO - [Epoch 11/150][Batch 401/1311] BatchTime = 0.695 (s) DataTime = 0.001 (s) Losses = ['8.4331', '5.0812'] lr = 0.0001000
2025-10-28 18:40:31,065 - PCN - INFO - [Epoch 11/150][Batch 501/1311] BatchTime = 0.500 (s) DataTime = 0.001 (s) Losses = ['9.0487', '5.7353'] lr = 0.0001000
2025-10-28 18:41:30,121 - PCN - INFO - [Epoch 11/150][Batch 601/1311] BatchTime = 0.545 (s) DataTime = 0.001 (s) Losses = ['8.4573', '5.5925'] lr = 0.0001000
2025-10-28 18:42:30,848 - PCN - INFO - [Epoch 11/150][Batch 701/1311] BatchTime = 0.484 (s) DataTime = 0.001 (s) Losses = ['9.6311', '6.4762'] lr = 0.0001000
2025-10-28 18:43:30,375 - PCN - INFO - [Epoch 11/150][Batch 801/1311] BatchTime = 0.264 (s) DataTime = 0.001 (s) Losses = ['7.2348', '4.6085'] lr = 0.0001000
2025-10-28 18:44:30,710 - PCN - INFO - [Epoch 11/150][Batch 901/1311] BatchTime = 0.420 (s) DataTime = 0.001 (s) Losses = ['7.5088', '4.6068'] lr = 0.0001000
2025-10-28 18:45:30,389 - PCN - INFO - [Epoch 11/150][Batch 1001/1311] BatchTime = 0.748 (s) DataTime = 0.001 (s) Losses = ['9.3501', '6.1124'] lr = 0.0001000
2025-10-28 18:46:30,041 - PCN - INFO - [Epoch 11/150][Batch 1101/1311] BatchTime = 0.340 (s) DataTime = 0.001 (s) Losses = ['8.2868', '4.9394'] lr = 0.0001000
2025-10-28 18:47:30,298 - PCN - INFO - [Epoch 11/150][Batch 1201/1311] BatchTime = 0.544 (s) DataTime = 0.001 (s) Losses = ['9.4336', '6.3426'] lr = 0.0001000
2025-10-28 18:48:28,223 - PCN - INFO - [Epoch 11/150][Batch 1301/1311] BatchTime = 0.602 (s) DataTime = 0.001 (s) Losses = ['7.9819', '4.7613'] lr = 0.0001000
2025-10-28 18:48:34,151 - PCN - INFO - [Training] EPOCH: 11 EpochTime = 778.620 (s) Losses = ['8.5587', '5.3108']
2025-10-28 18:48:34,227 - PCN - INFO - Save checkpoint at ./experiments/PCN/ShapeNet55_models/PCN_fog/ckpt-last.pth
2025-10-28 18:48:34,759 - PCN - INFO - [Epoch 12/150][Batch 1/1311] BatchTime = 0.532 (s) DataTime = 0.082 (s) Losses = ['8.8152', '6.1244'] lr = 0.0001000
2025-10-28 18:49:30,018 - PCN - INFO - [Epoch 12/150][Batch 101/1311] BatchTime = 0.547 (s) DataTime = 0.001 (s) Losses = ['7.4447', '4.3048'] lr = 0.0001000
2025-10-28 18:50:31,405 - PCN - INFO - [Epoch 12/150][Batch 201/1311] BatchTime = 0.421 (s) DataTime = 0.001 (s) Losses = ['8.9814', '4.9762'] lr = 0.0001000
2025-10-28 18:51:30,467 - PCN - INFO - [Epoch 12/150][Batch 301/1311] BatchTime = 0.422 (s) DataTime = 0.001 (s) Losses = ['10.2235', '6.7411'] lr = 0.0001000
2025-10-28 18:52:30,073 - PCN - INFO - [Epoch 12/150][Batch 401/1311] BatchTime = 0.526 (s) DataTime = 0.001 (s) Losses = ['9.0853', '5.2168'] lr = 0.0001000
2025-10-28 18:53:31,558 - PCN - INFO - [Epoch 12/150][Batch 501/1311] BatchTime = 0.591 (s) DataTime = 0.001 (s) Losses = ['7.3098', '3.9795'] lr = 0.0001000
2025-10-28 18:54:33,457 - PCN - INFO - [Epoch 12/150][Batch 601/1311] BatchTime = 0.460 (s) DataTime = 0.001 (s) Losses = ['12.2664', '7.0043'] lr = 0.0001000
2025-10-28 18:55:30,060 - PCN - INFO - [Epoch 12/150][Batch 701/1311] BatchTime = 0.491 (s) DataTime = 0.001 (s) Losses = ['8.2667', '5.3675'] lr = 0.0001000
2025-10-28 18:56:30,939 - PCN - INFO - [Epoch 12/150][Batch 801/1311] BatchTime = 0.473 (s) DataTime = 0.001 (s) Losses = ['9.4775', '5.7884'] lr = 0.0001000
2025-10-28 18:57:30,156 - PCN - INFO - [Epoch 12/150][Batch 901/1311] BatchTime = 0.525 (s) DataTime = 0.001 (s) Losses = ['7.4796', '4.3303'] lr = 0.0001000
2025-10-28 18:58:28,670 - PCN - INFO - [Epoch 12/150][Batch 1001/1311] BatchTime = 0.593 (s) DataTime = 0.001 (s) Losses = ['7.6343', '4.7026'] lr = 0.0001000
2025-10-28 18:59:26,724 - PCN - INFO - [Epoch 12/150][Batch 1101/1311] BatchTime = 0.665 (s) DataTime = 0.001 (s) Losses = ['11.5971', '7.6600'] lr = 0.0001000
2025-10-28 19:00:24,880 - PCN - INFO - [Epoch 12/150][Batch 1201/1311] BatchTime = 0.578 (s) DataTime = 0.001 (s) Losses = ['7.4973', '4.2033'] lr = 0.0001000
2025-10-28 19:01:24,419 - PCN - INFO - [Epoch 12/150][Batch 1301/1311] BatchTime = 0.550 (s) DataTime = 0.001 (s) Losses = ['8.5045', '5.3406'] lr = 0.0001000
2025-10-28 19:01:30,683 - PCN - INFO - [Training] EPOCH: 12 EpochTime = 776.456 (s) Losses = ['8.3588', '5.1668']
2025-10-28 19:01:30,760 - PCN - INFO - Save checkpoint at ./experiments/PCN/ShapeNet55_models/PCN_fog/ckpt-last.pth
2025-10-28 19:01:31,239 - PCN - INFO - [Epoch 13/150][Batch 1/1311] BatchTime = 0.479 (s) DataTime = 0.081 (s) Losses = ['8.5807', '5.1781'] lr = 0.0001000
2025-10-28 19:02:32,235 - PCN - INFO - [Epoch 13/150][Batch 101/1311] BatchTime = 0.459 (s) DataTime = 0.001 (s) Losses = ['8.6968', '5.4071'] lr = 0.0001000
2025-10-28 19:03:31,732 - PCN - INFO - [Epoch 13/150][Batch 201/1311] BatchTime = 0.670 (s) DataTime = 0.001 (s) Losses = ['9.8767', '6.4888'] lr = 0.0001000
2025-10-28 19:04:30,691 - PCN - INFO - [Epoch 13/150][Batch 301/1311] BatchTime = 0.727 (s) DataTime = 0.001 (s) Losses = ['8.8025', '5.2146'] lr = 0.0001000
2025-10-28 19:05:28,053 - PCN - INFO - [Epoch 13/150][Batch 401/1311] BatchTime = 0.610 (s) DataTime = 0.001 (s) Losses = ['5.8825', '3.4144'] lr = 0.0001000
2025-10-28 19:06:29,349 - PCN - INFO - [Epoch 13/150][Batch 501/1311] BatchTime = 0.633 (s) DataTime = 0.001 (s) Losses = ['7.2917', '4.1145'] lr = 0.0001000
2025-10-28 19:07:29,999 - PCN - INFO - [Epoch 13/150][Batch 601/1311] BatchTime = 0.884 (s) DataTime = 0.001 (s) Losses = ['7.7765', '4.8142'] lr = 0.0001000
2025-10-28 19:08:30,077 - PCN - INFO - [Epoch 13/150][Batch 701/1311] BatchTime = 0.492 (s) DataTime = 0.001 (s) Losses = ['7.1146', '4.1631'] lr = 0.0001000
2025-10-28 19:09:29,003 - PCN - INFO - [Epoch 13/150][Batch 801/1311] BatchTime = 0.416 (s) DataTime = 0.001 (s) Losses = ['8.5897', '5.4160'] lr = 0.0001000
2025-10-28 19:10:28,194 - PCN - INFO - [Epoch 13/150][Batch 901/1311] BatchTime = 0.555 (s) DataTime = 0.001 (s) Losses = ['9.3587', '5.9824'] lr = 0.0001000
2025-10-28 19:11:29,045 - PCN - INFO - [Epoch 13/150][Batch 1001/1311] BatchTime = 0.558 (s) DataTime = 0.001 (s) Losses = ['6.9263', '4.0872'] lr = 0.0001000
2025-10-28 19:12:29,764 - PCN - INFO - [Epoch 13/150][Batch 1101/1311] BatchTime = 0.352 (s) DataTime = 0.001 (s) Losses = ['7.6783', '4.1400'] lr = 0.0001000
2025-10-28 19:13:30,298 - PCN - INFO - [Epoch 13/150][Batch 1201/1311] BatchTime = 0.654 (s) DataTime = 0.001 (s) Losses = ['6.9539', '4.0730'] lr = 0.0001000
2025-10-28 19:14:30,036 - PCN - INFO - [Epoch 13/150][Batch 1301/1311] BatchTime = 0.805 (s) DataTime = 0.001 (s) Losses = ['7.4355', '4.3067'] lr = 0.0001000
2025-10-28 19:14:35,896 - PCN - INFO - [Training] EPOCH: 13 EpochTime = 785.136 (s) Losses = ['8.2060', '5.0385']
2025-10-28 19:14:35,972 - PCN - INFO - Save checkpoint at ./experiments/PCN/ShapeNet55_models/PCN_fog/ckpt-last.pth
2025-10-28 19:14:36,432 - PCN - INFO - [Epoch 14/150][Batch 1/1311] BatchTime = 0.460 (s) DataTime = 0.084 (s) Losses = ['8.5606', '4.9185'] lr = 0.0001000
2025-10-28 19:15:34,888 - PCN - INFO - [Epoch 14/150][Batch 101/1311] BatchTime = 0.478 (s) DataTime = 0.001 (s) Losses = ['6.8129', '4.1817'] lr = 0.0001000
2025-10-28 19:16:36,073 - PCN - INFO - [Epoch 14/150][Batch 201/1311] BatchTime = 0.721 (s) DataTime = 0.001 (s) Losses = ['7.2739', '4.0984'] lr = 0.0001000
2025-10-28 19:17:33,260 - PCN - INFO - [Epoch 14/150][Batch 301/1311] BatchTime = 0.599 (s) DataTime = 0.001 (s) Losses = ['5.9426', '3.5854'] lr = 0.0001000
2025-10-28 19:18:30,509 - PCN - INFO - [Epoch 14/150][Batch 401/1311] BatchTime = 0.590 (s) DataTime = 0.001 (s) Losses = ['8.5696', '4.9830'] lr = 0.0001000
2025-10-28 19:19:29,385 - PCN - INFO - [Epoch 14/150][Batch 501/1311] BatchTime = 0.970 (s) DataTime = 0.001 (s) Losses = ['7.0606', '4.2811'] lr = 0.0001000
2025-10-28 19:20:28,495 - PCN - INFO - [Epoch 14/150][Batch 601/1311] BatchTime = 0.309 (s) DataTime = 0.001 (s) Losses = ['8.3673', '5.2432'] lr = 0.0001000
2025-10-28 19:21:31,016 - PCN - INFO - [Epoch 14/150][Batch 701/1311] BatchTime = 0.535 (s) DataTime = 0.001 (s) Losses = ['9.9852', '6.2905'] lr = 0.0001000
2025-10-28 19:22:32,285 - PCN - INFO - [Epoch 14/150][Batch 801/1311] BatchTime = 0.379 (s) DataTime = 0.001 (s) Losses = ['7.4352', '4.4288'] lr = 0.0001000
2025-10-28 19:23:33,397 - PCN - INFO - [Epoch 14/150][Batch 901/1311] BatchTime = 0.520 (s) DataTime = 0.001 (s) Losses = ['9.2611', '5.5039'] lr = 0.0001000
2025-10-28 19:24:30,540 - PCN - INFO - [Epoch 14/150][Batch 1001/1311] BatchTime = 0.673 (s) DataTime = 0.001 (s) Losses = ['8.7902', '5.3493'] lr = 0.0001000
2025-10-28 19:25:33,050 - PCN - INFO - [Epoch 14/150][Batch 1101/1311] BatchTime = 0.884 (s) DataTime = 0.001 (s) Losses = ['6.7671', '3.7825'] lr = 0.0001000
2025-10-28 19:26:32,672 - PCN - INFO - [Epoch 14/150][Batch 1201/1311] BatchTime = 0.651 (s) DataTime = 0.001 (s) Losses = ['8.9276', '5.6940'] lr = 0.0001000
2025-10-28 19:27:28,394 - PCN - INFO - [Epoch 14/150][Batch 1301/1311] BatchTime = 0.848 (s) DataTime = 0.001 (s) Losses = ['8.3953', '5.0680'] lr = 0.0001000
2025-10-28 19:27:34,718 - PCN - INFO - [Training] EPOCH: 14 EpochTime = 778.746 (s) Losses = ['8.0324', '4.9095']
2025-10-28 19:27:34,795 - PCN - INFO - Save checkpoint at ./experiments/PCN/ShapeNet55_models/PCN_fog/ckpt-last.pth
2025-10-28 19:27:35,297 - PCN - INFO - [Epoch 15/150][Batch 1/1311] BatchTime = 0.502 (s) DataTime = 0.087 (s) Losses = ['7.9094', '4.3393'] lr = 0.0001000
2025-10-28 19:28:34,132 - PCN - INFO - [Epoch 15/150][Batch 101/1311] BatchTime = 0.705 (s) DataTime = 0.001 (s) Losses = ['8.4232', '5.4725'] lr = 0.0001000
2025-10-28 19:29:35,431 - PCN - INFO - [Epoch 15/150][Batch 201/1311] BatchTime = 0.669 (s) DataTime = 0.001 (s) Losses = ['8.9456', '5.5297'] lr = 0.0001000
2025-10-28 19:30:36,453 - PCN - INFO - [Epoch 15/150][Batch 301/1311] BatchTime = 0.386 (s) DataTime = 0.001 (s) Losses = ['7.1894', '4.2085'] lr = 0.0001000
2025-10-28 19:31:38,601 - PCN - INFO - [Epoch 15/150][Batch 401/1311] BatchTime = 0.897 (s) DataTime = 0.001 (s) Losses = ['8.1312', '4.6462'] lr = 0.0001000
2025-10-28 19:32:38,448 - PCN - INFO - [Epoch 15/150][Batch 501/1311] BatchTime = 0.359 (s) DataTime = 0.001 (s) Losses = ['7.4277', '4.1592'] lr = 0.0001000
2025-10-28 19:33:39,194 - PCN - INFO - [Epoch 15/150][Batch 601/1311] BatchTime = 0.623 (s) DataTime = 0.001 (s) Losses = ['7.7219', '4.1961'] lr = 0.0001000
2025-10-28 19:34:40,081 - PCN - INFO - [Epoch 15/150][Batch 701/1311] BatchTime = 0.678 (s) DataTime = 0.001 (s) Losses = ['6.9527', '3.7595'] lr = 0.0001000
2025-10-28 19:35:38,280 - PCN - INFO - [Epoch 15/150][Batch 801/1311] BatchTime = 0.702 (s) DataTime = 0.001 (s) Losses = ['7.5036', '4.5907'] lr = 0.0001000
2025-10-28 19:36:40,993 - PCN - INFO - [Epoch 15/150][Batch 901/1311] BatchTime = 0.712 (s) DataTime = 0.001 (s) Losses = ['7.4186', '4.2569'] lr = 0.0001000
2025-10-28 19:37:41,003 - PCN - INFO - [Epoch 15/150][Batch 1001/1311] BatchTime = 0.500 (s) DataTime = 0.001 (s) Losses = ['8.2954', '5.0624'] lr = 0.0001000
2025-10-28 19:38:40,852 - PCN - INFO - [Epoch 15/150][Batch 1101/1311] BatchTime = 0.903 (s) DataTime = 0.001 (s) Losses = ['8.3943', '5.0950'] lr = 0.0001000
2025-10-28 19:39:40,255 - PCN - INFO - [Epoch 15/150][Batch 1201/1311] BatchTime = 1.147 (s) DataTime = 0.001 (s) Losses = ['7.9443', '5.0847'] lr = 0.0001000
2025-10-28 19:40:40,580 - PCN - INFO - [Epoch 15/150][Batch 1301/1311] BatchTime = 0.574 (s) DataTime = 0.001 (s) Losses = ['6.9773', '4.2161'] lr = 0.0001000
2025-10-28 19:40:45,921 - PCN - INFO - [Training] EPOCH: 15 EpochTime = 791.125 (s) Losses = ['7.8657', '4.7733']
2025-10-28 19:40:45,921 - PCN - INFO - [VALIDATION] Start validating epoch 15
2025-10-28 19:41:21,977 - PCN - INFO - Test[1051/10518] Taxonomy = 02691156 Sample = c7749c0a8b61f43bc9b9e28055202e3d Losses = ['36.1281', '4.5882', '24.1754', '2.2538'] Metrics = ['0.2246', '24.1754', '2.2538', '0.0000']
2025-10-28 19:41:57,432 - PCN - INFO - Test[2102/10518] Taxonomy = 03211117 Sample = ab2f9418c111cc6ddb965514105122a4 Losses = ['62.2782', '9.2116', '43.5656', '6.4682'] Metrics = ['0.0465', '43.5656', '6.4682', '0.0000']
2025-10-28 19:42:32,799 - PCN - INFO - Test[3153/10518] Taxonomy = 02876657 Sample = c5032e4be091aabb36fe7a88df793982 Losses = ['78.2941', '15.4720', '63.1898', '11.5613'] Metrics = ['0.0213', '63.1898', '11.5613', '0.0000']
2025-10-28 19:43:07,520 - PCN - INFO - Test[4204/10518] Taxonomy = 03211117 Sample = 722df1da5778d45b1e43523279c7f09f Losses = ['94.2104', '24.1116', '70.8691', '16.4463'] Metrics = ['0.0284', '70.8691', '16.4463', '0.0000']
2025-10-28 19:43:45,528 - PCN - INFO - Test[5255/10518] Taxonomy = 02828884 Sample = 14b63361a48a9fffe4a048c146e8bd43 Losses = ['46.2729', '6.0300', '32.4582', '3.2386'] Metrics = ['0.0796', '32.4582', '3.2386', '0.0000']
2025-10-28 19:44:21,126 - PCN - INFO - Test[6306/10518] Taxonomy = 03211117 Sample = d330d50a0255529d19ed6e1a590c9122 Losses = ['38.9908', '4.0131', '27.1912', '2.2237'] Metrics = ['0.0873', '27.1912', '2.2237', '0.0000']
2025-10-28 19:44:54,741 - PCN - INFO - Test[7357/10518] Taxonomy = 04379243 Sample = b1ca280d9567270ade98d10ab5975b59 Losses = ['51.5587', '10.3670', '37.0823', '5.5367'] Metrics = ['0.0587', '37.0823', '5.5367', '0.0000']
2025-10-28 19:45:30,853 - PCN - INFO - Test[8408/10518] Taxonomy = 03001627 Sample = 89208a619341d9fdb8c516ed5c4ce32 Losses = ['49.0602', '6.3732', '38.3122', '4.1627'] Metrics = ['0.0356', '38.3122', '4.1627', '0.0000']
2025-10-28 19:46:05,153 - PCN - INFO - Test[9459/10518] Taxonomy = 03001627 Sample = d0255120e3351121c3bd24f986301745 Losses = ['53.4033', '8.1261', '37.1381', '4.1840'] Metrics = ['0.0450', '37.1381', '4.1840', '0.0000']
2025-10-28 19:46:40,553 - PCN - INFO - Test[10510/10518] Taxonomy = 03636649 Sample = ea9ec4d9db2e06202471e6dd5ac3ef92 Losses = ['42.6288', '6.5079', '31.8580', '3.5263'] Metrics = ['0.2091', '31.8580', '3.5263', '0.0000']
2025-10-28 19:46:40,901 - PCN - INFO - [Validation] EPOCH: 15  Metrics = ['0.0886', '38.1012', '5.4799', '0.0000']
2025-10-28 19:46:40,901 - PCN - INFO - ============================ TEST RESULTS ============================
2025-10-28 19:46:40,901 - PCN - INFO - Taxonomy	#Sample	F-Score	CDL1	CDL2	EMDistance	#ModelName	
2025-10-28 19:46:40,901 - PCN - INFO - 03759954	14	0.109 	47.330 	10.680 	0.000 	microphone	
2025-10-28 19:46:40,901 - PCN - INFO - 04330267	44	0.044 	41.920 	5.712 	0.000 	stove	
2025-10-28 19:46:40,901 - PCN - INFO - 03261776	15	0.063 	52.321 	14.260 	0.000 	earphone	
2025-10-28 19:46:40,901 - PCN - INFO - 03513137	33	0.025 	56.039 	11.311 	0.000 	helmet	
2025-10-28 19:46:40,901 - PCN - INFO - 04460130	27	0.111 	34.607 	4.282 	0.000 	tower	
2025-10-28 19:46:40,901 - PCN - INFO - 04468005	78	0.117 	28.095 	2.654 	0.000 	train	
2025-10-28 19:46:40,901 - PCN - INFO - 03761084	31	0.025 	45.824 	6.775 	0.000 	microwaves	
2025-10-28 19:46:40,901 - PCN - INFO - 04004475	34	0.034 	47.267 	7.410 	0.000 	printer	
2025-10-28 19:46:40,901 - PCN - INFO - 03938244	20	0.035 	50.618 	8.320 	0.000 	pillow	
2025-10-28 19:46:40,901 - PCN - INFO - 02992529	167	0.092 	26.690 	2.187 	0.000 	cellphone	
2025-10-28 19:46:40,901 - PCN - INFO - 02808440	172	0.050 	38.668 	4.964 	0.000 	bathtub	
2025-10-28 19:46:40,901 - PCN - INFO - 04530566	388	0.140 	29.226 	3.096 	0.000 	watercraft	
2025-10-28 19:46:40,901 - PCN - INFO - 02871439	91	0.055 	37.917 	4.849 	0.000 	bookshelf	
2025-10-28 19:46:40,901 - PCN - INFO - 03593526	120	0.042 	49.273 	8.876 	0.000 	jar	
2025-10-28 19:46:40,901 - PCN - INFO - 04554684	34	0.024 	46.130 	6.372 	0.000 	washer	
2025-10-28 19:46:40,901 - PCN - INFO - 03467517	160	0.343 	17.906 	1.209 	0.000 	guitar	
2025-10-28 19:46:40,901 - PCN - INFO - 04401088	218	0.092 	26.469 	2.146 	0.000 	telephone	
2025-10-28 19:46:40,901 - PCN - INFO - 02954340	12	0.029 	56.799 	12.259 	0.000 	cap	
2025-10-28 19:46:40,901 - PCN - INFO - 02933112	315	0.047 	35.760 	3.907 	0.000 	cabinet	
2025-10-28 19:46:40,901 - PCN - INFO - 03642806	92	0.084 	30.381 	3.168 	0.000 	laptop	
2025-10-28 19:46:40,901 - PCN - INFO - 02924116	188	0.080 	31.745 	3.185 	0.000 	bus	
2025-10-28 19:46:40,901 - PCN - INFO - 02946921	22	0.027 	47.765 	7.203 	0.000 	can	
2025-10-28 19:46:40,901 - PCN - INFO - 02818832	47	0.043 	44.668 	7.060 	0.000 	bed	
2025-10-28 19:46:40,901 - PCN - INFO - 04256520	635	0.050 	35.374 	3.865 	0.000 	sofa	
2025-10-28 19:46:40,901 - PCN - INFO - 04379243	1687	0.100 	33.793 	4.546 	0.000 	table	
2025-10-28 19:46:40,901 - PCN - INFO - 02747177	69	0.033 	40.503 	5.297 	0.000 	trash bin	
2025-10-28 19:46:40,901 - PCN - INFO - 03046257	131	0.056 	39.157 	5.243 	0.000 	clock	
2025-10-28 19:46:40,901 - PCN - INFO - 04225987	31	0.160 	26.423 	2.585 	0.000 	skateboard	
2025-10-28 19:46:40,901 - PCN - INFO - 03797390	43	0.032 	42.214 	5.946 	0.000 	mug	
2025-10-28 19:46:40,901 - PCN - INFO - 03001627	1356	0.069 	37.867 	4.969 	0.000 	chair	
2025-10-28 19:46:40,901 - PCN - INFO - 03691459	320	0.038 	43.814 	6.275 	0.000 	loudspeaker	
2025-10-28 19:46:40,901 - PCN - INFO - 02942699	23	0.030 	55.543 	10.525 	0.000 	camera	
2025-10-28 19:46:40,901 - PCN - INFO - 03636649	464	0.101 	44.360 	8.045 	0.000 	lamp	
2025-10-28 19:46:40,901 - PCN - INFO - 02691156	809	0.187 	25.246 	2.428 	0.000 	airplane	
2025-10-28 19:46:40,901 - PCN - INFO - 02773838	17	0.062 	40.686 	5.712 	0.000 	bag	
2025-10-28 19:46:40,901 - PCN - INFO - 02958343	703	0.066 	30.337 	2.774 	0.000 	car	
2025-10-28 19:46:40,901 - PCN - INFO - 02880940	38	0.031 	47.240 	7.565 	0.000 	bowl	
2025-10-28 19:46:40,901 - PCN - INFO - 04099429	17	0.271 	24.038 	2.405 	0.000 	rocket	
2025-10-28 19:46:40,901 - PCN - INFO - 02828884	363	0.118 	31.248 	3.633 	0.000 	bench	
2025-10-28 19:46:40,901 - PCN - INFO - 04090263	475	0.339 	19.723 	1.635 	0.000 	rifle	
2025-10-28 19:46:40,902 - PCN - INFO - 03211117	219	0.067 	34.637 	4.224 	0.000 	display	
2025-10-28 19:46:40,902 - PCN - INFO - 02876657	100	0.082 	33.111 	3.621 	0.000 	bottle	
2025-10-28 19:46:40,902 - PCN - INFO - 03710193	19	0.102 	39.364 	5.799 	0.000 	mailbox	
2025-10-28 19:46:40,902 - PCN - INFO - 03790512	68	0.086 	31.564 	3.319 	0.000 	motorbike	
2025-10-28 19:46:40,902 - PCN - INFO - 03325088	149	0.085 	46.281 	8.633 	0.000 	faucet	
2025-10-28 19:46:40,902 - PCN - INFO - 02801938	23	0.033 	47.136 	7.480 	0.000 	basket	
2025-10-28 19:46:40,902 - PCN - INFO - 03337140	60	0.044 	39.727 	5.243 	0.000 	file cabinet	
2025-10-28 19:46:40,902 - PCN - INFO - 02843684	15	0.041 	45.357 	7.014 	0.000 	birdhouse	
2025-10-28 19:46:40,902 - PCN - INFO - 03624134	85	0.325 	20.498 	1.699 	0.000 	knife	
2025-10-28 19:46:40,902 - PCN - INFO - 03991062	121	0.036 	48.575 	8.014 	0.000 	flowerpot	
2025-10-28 19:46:40,902 - PCN - INFO - 03948459	62	0.182 	25.065 	2.172 	0.000 	pistol	
2025-10-28 19:46:40,902 - PCN - INFO - 03928116	48	0.046 	45.133 	6.813 	0.000 	piano	
2025-10-28 19:46:40,902 - PCN - INFO - 03207941	19	0.027 	45.384 	6.682 	0.000 	dishwasher	
2025-10-28 19:46:40,902 - PCN - INFO - 04074963	14	0.110 	26.025 	2.023 	0.000 	remote	
2025-10-28 19:46:40,902 - PCN - INFO - 03085013	13	0.156 	26.723 	3.326 	0.000 	keyboard	
2025-10-28 19:46:40,902 - PCN - INFO - Overall		0.089 	38.101 	5.480 	0.000 	
2025-10-28 19:46:40,980 - PCN - INFO - Save checkpoint at ./experiments/PCN/ShapeNet55_models/PCN_fog/ckpt-best.pth
2025-10-28 19:46:41,058 - PCN - INFO - Save checkpoint at ./experiments/PCN/ShapeNet55_models/PCN_fog/ckpt-last.pth
2025-10-28 19:46:42,037 - PCN - INFO - [Epoch 16/150][Batch 1/1311] BatchTime = 0.979 (s) DataTime = 0.084 (s) Losses = ['7.3511', '4.3411'] lr = 0.0001000
2025-10-28 19:47:43,987 - PCN - INFO - [Epoch 16/150][Batch 101/1311] BatchTime = 0.600 (s) DataTime = 0.001 (s) Losses = ['4.9750', '2.8606'] lr = 0.0001000
2025-10-28 19:48:40,831 - PCN - INFO - [Epoch 16/150][Batch 201/1311] BatchTime = 0.444 (s) DataTime = 0.001 (s) Losses = ['8.7890', '5.1107'] lr = 0.0001000
2025-10-28 19:49:38,696 - PCN - INFO - [Epoch 16/150][Batch 301/1311] BatchTime = 0.633 (s) DataTime = 0.001 (s) Losses = ['9.4830', '6.5864'] lr = 0.0001000
2025-10-28 19:50:36,927 - PCN - INFO - [Epoch 16/150][Batch 401/1311] BatchTime = 0.669 (s) DataTime = 0.001 (s) Losses = ['6.9562', '4.2282'] lr = 0.0001000
2025-10-28 19:51:35,584 - PCN - INFO - [Epoch 16/150][Batch 501/1311] BatchTime = 0.750 (s) DataTime = 0.001 (s) Losses = ['10.4356', '6.1874'] lr = 0.0001000
2025-10-28 19:52:34,634 - PCN - INFO - [Epoch 16/150][Batch 601/1311] BatchTime = 0.601 (s) DataTime = 0.001 (s) Losses = ['7.2805', '4.5673'] lr = 0.0001000
2025-10-28 19:53:33,023 - PCN - INFO - [Epoch 16/150][Batch 701/1311] BatchTime = 0.639 (s) DataTime = 0.001 (s) Losses = ['7.2117', '4.1419'] lr = 0.0001000
2025-10-28 19:54:33,317 - PCN - INFO - [Epoch 16/150][Batch 801/1311] BatchTime = 0.447 (s) DataTime = 0.001 (s) Losses = ['7.2172', '4.3313'] lr = 0.0001000
2025-10-28 19:55:34,235 - PCN - INFO - [Epoch 16/150][Batch 901/1311] BatchTime = 0.709 (s) DataTime = 0.001 (s) Losses = ['6.6243', '4.1004'] lr = 0.0001000
2025-10-28 19:56:34,673 - PCN - INFO - [Epoch 16/150][Batch 1001/1311] BatchTime = 0.519 (s) DataTime = 0.001 (s) Losses = ['8.1075', '5.1135'] lr = 0.0001000
2025-10-28 19:57:36,945 - PCN - INFO - [Epoch 16/150][Batch 1101/1311] BatchTime = 0.362 (s) DataTime = 0.001 (s) Losses = ['7.8041', '4.9060'] lr = 0.0001000
2025-10-28 19:58:39,195 - PCN - INFO - [Epoch 16/150][Batch 1201/1311] BatchTime = 0.685 (s) DataTime = 0.001 (s) Losses = ['7.4623', '4.4027'] lr = 0.0001000
2025-10-28 19:59:38,853 - PCN - INFO - [Epoch 16/150][Batch 1301/1311] BatchTime = 0.599 (s) DataTime = 0.001 (s) Losses = ['7.3653', '4.2348'] lr = 0.0001000
2025-10-28 19:59:45,181 - PCN - INFO - [Training] EPOCH: 16 EpochTime = 784.123 (s) Losses = ['7.7402', '4.6890']
2025-10-28 19:59:45,258 - PCN - INFO - Save checkpoint at ./experiments/PCN/ShapeNet55_models/PCN_fog/ckpt-last.pth
2025-10-28 19:59:45,895 - PCN - INFO - [Epoch 17/150][Batch 1/1311] BatchTime = 0.637 (s) DataTime = 0.082 (s) Losses = ['7.8715', '5.1779'] lr = 0.0001000
2025-10-28 20:00:44,992 - PCN - INFO - [Epoch 17/150][Batch 101/1311] BatchTime = 0.571 (s) DataTime = 0.001 (s) Losses = ['7.3831', '4.5837'] lr = 0.0001000
2025-10-28 20:01:44,932 - PCN - INFO - [Epoch 17/150][Batch 201/1311] BatchTime = 0.550 (s) DataTime = 0.001 (s) Losses = ['9.2772', '6.2115'] lr = 0.0001000
2025-10-28 20:02:46,869 - PCN - INFO - [Epoch 17/150][Batch 301/1311] BatchTime = 0.444 (s) DataTime = 0.001 (s) Losses = ['7.7301', '4.7307'] lr = 0.0001000
2025-10-28 20:03:48,166 - PCN - INFO - [Epoch 17/150][Batch 401/1311] BatchTime = 0.430 (s) DataTime = 0.001 (s) Losses = ['7.7414', '4.2233'] lr = 0.0001000
2025-10-28 20:04:48,194 - PCN - INFO - [Epoch 17/150][Batch 501/1311] BatchTime = 0.273 (s) DataTime = 0.001 (s) Losses = ['6.4889', '3.4347'] lr = 0.0001000
2025-10-28 20:05:48,792 - PCN - INFO - [Epoch 17/150][Batch 601/1311] BatchTime = 0.761 (s) DataTime = 0.001 (s) Losses = ['8.0784', '4.5319'] lr = 0.0001000
2025-10-28 20:06:47,462 - PCN - INFO - [Epoch 17/150][Batch 701/1311] BatchTime = 1.087 (s) DataTime = 0.001 (s) Losses = ['6.5054', '3.8410'] lr = 0.0001000
2025-10-28 20:07:45,294 - PCN - INFO - [Epoch 17/150][Batch 801/1311] BatchTime = 0.552 (s) DataTime = 0.001 (s) Losses = ['7.7429', '4.7321'] lr = 0.0001000
2025-10-28 20:08:45,009 - PCN - INFO - [Epoch 17/150][Batch 901/1311] BatchTime = 0.739 (s) DataTime = 0.001 (s) Losses = ['8.4919', '5.2720'] lr = 0.0001000
2025-10-28 20:09:44,406 - PCN - INFO - [Epoch 17/150][Batch 1001/1311] BatchTime = 0.619 (s) DataTime = 0.001 (s) Losses = ['9.2188', '5.3354'] lr = 0.0001000
2025-10-28 20:10:42,163 - PCN - INFO - [Epoch 17/150][Batch 1101/1311] BatchTime = 0.288 (s) DataTime = 0.001 (s) Losses = ['7.4220', '4.9671'] lr = 0.0001000
2025-10-28 20:11:40,296 - PCN - INFO - [Epoch 17/150][Batch 1201/1311] BatchTime = 0.703 (s) DataTime = 0.001 (s) Losses = ['7.4424', '4.4948'] lr = 0.0001000
2025-10-28 20:12:40,270 - PCN - INFO - [Epoch 17/150][Batch 1301/1311] BatchTime = 0.464 (s) DataTime = 0.001 (s) Losses = ['6.1167', '3.7717'] lr = 0.0001000
2025-10-28 20:12:46,357 - PCN - INFO - [Training] EPOCH: 17 EpochTime = 781.099 (s) Losses = ['7.6528', '4.6187']
2025-10-28 20:12:46,435 - PCN - INFO - Save checkpoint at ./experiments/PCN/ShapeNet55_models/PCN_fog/ckpt-last.pth
2025-10-28 20:12:47,336 - PCN - INFO - [Epoch 18/150][Batch 1/1311] BatchTime = 0.900 (s) DataTime = 0.081 (s) Losses = ['8.2301', '5.4839'] lr = 0.0001000
2025-10-28 20:13:46,165 - PCN - INFO - [Epoch 18/150][Batch 101/1311] BatchTime = 0.542 (s) DataTime = 0.001 (s) Losses = ['6.0508', '3.7336'] lr = 0.0001000
2025-10-28 20:14:46,012 - PCN - INFO - [Epoch 18/150][Batch 201/1311] BatchTime = 0.650 (s) DataTime = 0.001 (s) Losses = ['6.6611', '4.0275'] lr = 0.0001000
2025-10-28 20:15:46,965 - PCN - INFO - [Epoch 18/150][Batch 301/1311] BatchTime = 0.575 (s) DataTime = 0.001 (s) Losses = ['7.7103', '5.0878'] lr = 0.0001000
2025-10-28 20:16:45,372 - PCN - INFO - [Epoch 18/150][Batch 401/1311] BatchTime = 0.752 (s) DataTime = 0.001 (s) Losses = ['6.1245', '3.6904'] lr = 0.0001000
2025-10-28 20:17:43,990 - PCN - INFO - [Epoch 18/150][Batch 501/1311] BatchTime = 0.499 (s) DataTime = 0.001 (s) Losses = ['9.2222', '5.9149'] lr = 0.0001000
2025-10-28 20:18:41,223 - PCN - INFO - [Epoch 18/150][Batch 601/1311] BatchTime = 0.619 (s) DataTime = 0.001 (s) Losses = ['6.8465', '3.6739'] lr = 0.0001000
2025-10-28 20:19:39,297 - PCN - INFO - [Epoch 18/150][Batch 701/1311] BatchTime = 0.497 (s) DataTime = 0.001 (s) Losses = ['6.0226', '3.8691'] lr = 0.0001000
2025-10-28 20:20:40,251 - PCN - INFO - [Epoch 18/150][Batch 801/1311] BatchTime = 0.647 (s) DataTime = 0.001 (s) Losses = ['7.6983', '4.7222'] lr = 0.0001000
2025-10-28 20:21:43,302 - PCN - INFO - [Epoch 18/150][Batch 901/1311] BatchTime = 0.605 (s) DataTime = 0.001 (s) Losses = ['7.4966', '4.3520'] lr = 0.0001000
2025-10-28 20:22:42,424 - PCN - INFO - [Epoch 18/150][Batch 1001/1311] BatchTime = 0.630 (s) DataTime = 0.001 (s) Losses = ['7.2308', '5.0272'] lr = 0.0001000
2025-10-28 20:23:41,696 - PCN - INFO - [Epoch 18/150][Batch 1101/1311] BatchTime = 0.547 (s) DataTime = 0.001 (s) Losses = ['8.1057', '4.8960'] lr = 0.0001000
2025-10-28 20:24:41,357 - PCN - INFO - [Epoch 18/150][Batch 1201/1311] BatchTime = 0.616 (s) DataTime = 0.001 (s) Losses = ['7.7587', '4.7424'] lr = 0.0001000
2025-10-28 20:25:40,670 - PCN - INFO - [Epoch 18/150][Batch 1301/1311] BatchTime = 0.447 (s) DataTime = 0.001 (s) Losses = ['9.5211', '5.4937'] lr = 0.0001000
2025-10-28 20:25:46,787 - PCN - INFO - [Training] EPOCH: 18 EpochTime = 780.351 (s) Losses = ['7.4941', '4.4921']
2025-10-28 20:25:46,862 - PCN - INFO - Save checkpoint at ./experiments/PCN/ShapeNet55_models/PCN_fog/ckpt-last.pth
2025-10-28 20:25:47,427 - PCN - INFO - [Epoch 19/150][Batch 1/1311] BatchTime = 0.564 (s) DataTime = 0.088 (s) Losses = ['7.3571', '4.3696'] lr = 0.0001000
2025-10-28 20:26:45,682 - PCN - INFO - [Epoch 19/150][Batch 101/1311] BatchTime = 0.572 (s) DataTime = 0.001 (s) Losses = ['8.4131', '5.3625'] lr = 0.0001000
2025-10-28 20:27:42,841 - PCN - INFO - [Epoch 19/150][Batch 201/1311] BatchTime = 0.745 (s) DataTime = 0.001 (s) Losses = ['7.2522', '4.6246'] lr = 0.0001000
2025-10-28 20:28:46,192 - PCN - INFO - [Epoch 19/150][Batch 301/1311] BatchTime = 0.821 (s) DataTime = 0.001 (s) Losses = ['6.3183', '3.8566'] lr = 0.0001000
2025-10-28 20:29:46,772 - PCN - INFO - [Epoch 19/150][Batch 401/1311] BatchTime = 0.542 (s) DataTime = 0.001 (s) Losses = ['6.3651', '3.7321'] lr = 0.0001000
2025-10-28 20:30:45,784 - PCN - INFO - [Epoch 19/150][Batch 501/1311] BatchTime = 0.592 (s) DataTime = 0.001 (s) Losses = ['7.3130', '4.3408'] lr = 0.0001000
2025-10-28 20:31:42,761 - PCN - INFO - [Epoch 19/150][Batch 601/1311] BatchTime = 0.682 (s) DataTime = 0.001 (s) Losses = ['6.8120', '4.1269'] lr = 0.0001000
2025-10-28 20:32:42,441 - PCN - INFO - [Epoch 19/150][Batch 701/1311] BatchTime = 0.903 (s) DataTime = 0.001 (s) Losses = ['6.2875', '3.7164'] lr = 0.0001000
2025-10-28 20:33:41,106 - PCN - INFO - [Epoch 19/150][Batch 801/1311] BatchTime = 0.296 (s) DataTime = 0.001 (s) Losses = ['10.4921', '6.8242'] lr = 0.0001000
2025-10-28 20:34:41,554 - PCN - INFO - [Epoch 19/150][Batch 901/1311] BatchTime = 1.001 (s) DataTime = 0.001 (s) Losses = ['6.8256', '4.0268'] lr = 0.0001000
2025-10-28 20:35:40,594 - PCN - INFO - [Epoch 19/150][Batch 1001/1311] BatchTime = 0.530 (s) DataTime = 0.001 (s) Losses = ['8.8195', '5.2722'] lr = 0.0001000
2025-10-28 20:36:39,630 - PCN - INFO - [Epoch 19/150][Batch 1101/1311] BatchTime = 0.541 (s) DataTime = 0.001 (s) Losses = ['7.2910', '4.1559'] lr = 0.0001000
2025-10-28 20:37:38,266 - PCN - INFO - [Epoch 19/150][Batch 1201/1311] BatchTime = 0.871 (s) DataTime = 0.001 (s) Losses = ['7.4945', '4.6850'] lr = 0.0001000
2025-10-28 20:38:39,447 - PCN - INFO - [Epoch 19/150][Batch 1301/1311] BatchTime = 0.661 (s) DataTime = 0.001 (s) Losses = ['5.8931', '3.4774'] lr = 0.0001000
2025-10-28 20:38:45,897 - PCN - INFO - [Training] EPOCH: 19 EpochTime = 779.034 (s) Losses = ['7.3584', '4.3936']
2025-10-28 20:38:45,968 - PCN - INFO - Save checkpoint at ./experiments/PCN/ShapeNet55_models/PCN_fog/ckpt-last.pth
2025-10-28 20:38:47,010 - PCN - INFO - [Epoch 20/150][Batch 1/1311] BatchTime = 1.042 (s) DataTime = 0.083 (s) Losses = ['6.3664', '3.8311'] lr = 0.0001000
2025-10-28 20:39:47,700 - PCN - INFO - [Epoch 20/150][Batch 101/1311] BatchTime = 0.365 (s) DataTime = 0.001 (s) Losses = ['7.1702', '4.1639'] lr = 0.0001000
2025-10-28 20:40:48,247 - PCN - INFO - [Epoch 20/150][Batch 201/1311] BatchTime = 0.543 (s) DataTime = 0.001 (s) Losses = ['7.3315', '4.1264'] lr = 0.0001000
2025-10-28 20:41:49,621 - PCN - INFO - [Epoch 20/150][Batch 301/1311] BatchTime = 0.353 (s) DataTime = 0.001 (s) Losses = ['8.3026', '4.6219'] lr = 0.0001000
2025-10-28 20:42:52,675 - PCN - INFO - [Epoch 20/150][Batch 401/1311] BatchTime = 0.753 (s) DataTime = 0.001 (s) Losses = ['6.5993', '3.9904'] lr = 0.0001000
2025-10-28 20:43:50,190 - PCN - INFO - [Epoch 20/150][Batch 501/1311] BatchTime = 0.315 (s) DataTime = 0.001 (s) Losses = ['7.1591', '4.2489'] lr = 0.0001000
2025-10-28 20:44:52,219 - PCN - INFO - [Epoch 20/150][Batch 601/1311] BatchTime = 0.769 (s) DataTime = 0.001 (s) Losses = ['7.4284', '4.5720'] lr = 0.0001000
2025-10-28 20:45:53,738 - PCN - INFO - [Epoch 20/150][Batch 701/1311] BatchTime = 0.355 (s) DataTime = 0.001 (s) Losses = ['5.7896', '3.4234'] lr = 0.0001000
2025-10-28 20:46:51,306 - PCN - INFO - [Epoch 20/150][Batch 801/1311] BatchTime = 0.539 (s) DataTime = 0.001 (s) Losses = ['7.2300', '4.2475'] lr = 0.0001000
2025-10-28 20:47:48,112 - PCN - INFO - [Epoch 20/150][Batch 901/1311] BatchTime = 0.702 (s) DataTime = 0.001 (s) Losses = ['6.4247', '4.2893'] lr = 0.0001000
2025-10-28 20:48:47,165 - PCN - INFO - [Epoch 20/150][Batch 1001/1311] BatchTime = 0.747 (s) DataTime = 0.001 (s) Losses = ['6.1911', '3.3671'] lr = 0.0001000
2025-10-28 20:49:48,470 - PCN - INFO - [Epoch 20/150][Batch 1101/1311] BatchTime = 0.703 (s) DataTime = 0.001 (s) Losses = ['6.1365', '3.7042'] lr = 0.0001000
2025-10-28 20:50:49,004 - PCN - INFO - [Epoch 20/150][Batch 1201/1311] BatchTime = 0.504 (s) DataTime = 0.001 (s) Losses = ['7.4527', '4.2819'] lr = 0.0001000
2025-10-28 20:51:50,909 - PCN - INFO - [Epoch 20/150][Batch 1301/1311] BatchTime = 0.469 (s) DataTime = 0.001 (s) Losses = ['6.7249', '3.8577'] lr = 0.0001000
2025-10-28 20:51:57,409 - PCN - INFO - [Training] EPOCH: 20 EpochTime = 791.441 (s) Losses = ['7.3008', '4.3451']
2025-10-28 20:51:57,410 - PCN - INFO - [VALIDATION] Start validating epoch 20
2025-10-28 20:52:33,868 - PCN - INFO - Test[1051/10518] Taxonomy = 02691156 Sample = c7749c0a8b61f43bc9b9e28055202e3d Losses = ['34.8962', '3.8294', '23.4262', '2.0979'] Metrics = ['0.2359', '23.4262', '2.0979', '0.0000']
2025-10-28 20:53:09,535 - PCN - INFO - Test[2102/10518] Taxonomy = 03211117 Sample = ab2f9418c111cc6ddb965514105122a4 Losses = ['42.1511', '4.0638', '28.1976', '2.1609'] Metrics = ['0.0711', '28.1976', '2.1609', '0.0000']
2025-10-28 20:53:43,706 - PCN - INFO - Test[3153/10518] Taxonomy = 02876657 Sample = c5032e4be091aabb36fe7a88df793982 Losses = ['64.2304', '11.9567', '51.8474', '8.0476'] Metrics = ['0.0314', '51.8474', '8.0476', '0.0000']
2025-10-28 20:54:21,838 - PCN - INFO - Test[4204/10518] Taxonomy = 03211117 Sample = 722df1da5778d45b1e43523279c7f09f Losses = ['67.4088', '11.8655', '49.9390', '7.8724'] Metrics = ['0.0399', '49.9390', '7.8724', '0.0000']
2025-10-28 20:54:58,200 - PCN - INFO - Test[5255/10518] Taxonomy = 02828884 Sample = 14b63361a48a9fffe4a048c146e8bd43 Losses = ['62.9568', '12.2071', '47.5053', '7.1477'] Metrics = ['0.0708', '47.5053', '7.1477', '0.0000']
2025-10-28 20:55:34,066 - PCN - INFO - Test[6306/10518] Taxonomy = 03211117 Sample = d330d50a0255529d19ed6e1a590c9122 Losses = ['39.7616', '4.3872', '29.1709', '3.1382'] Metrics = ['0.0843', '29.1709', '3.1382', '0.0000']
2025-10-28 20:56:08,286 - PCN - INFO - Test[7357/10518] Taxonomy = 04379243 Sample = b1ca280d9567270ade98d10ab5975b59 Losses = ['44.5910', '6.1855', '27.3696', '2.6301'] Metrics = ['0.0827', '27.3696', '2.6301', '0.0000']
2025-10-28 20:56:45,471 - PCN - INFO - Test[8408/10518] Taxonomy = 03001627 Sample = 89208a619341d9fdb8c516ed5c4ce32 Losses = ['46.2053', '5.6811', '30.5685', '2.7021'] Metrics = ['0.0605', '30.5685', '2.7021', '0.0000']
2025-10-28 20:57:20,788 - PCN - INFO - Test[9459/10518] Taxonomy = 03001627 Sample = d0255120e3351121c3bd24f986301745 Losses = ['52.8286', '7.8698', '36.6945', '4.2470'] Metrics = ['0.0471', '36.6945', '4.2470', '0.0000']
2025-10-28 20:57:55,559 - PCN - INFO - Test[10510/10518] Taxonomy = 03636649 Sample = ea9ec4d9db2e06202471e6dd5ac3ef92 Losses = ['31.6992', '3.4051', '23.4829', '2.0382'] Metrics = ['0.3021', '23.4829', '2.0382', '0.0000']
2025-10-28 20:57:56,129 - PCN - INFO - [Validation] EPOCH: 20  Metrics = ['0.0941', '37.2099', '5.1623', '0.0000']
2025-10-28 20:57:56,130 - PCN - INFO - ============================ TEST RESULTS ============================
2025-10-28 20:57:56,130 - PCN - INFO - Taxonomy	#Sample	F-Score	CDL1	CDL2	EMDistance	#ModelName	
2025-10-28 20:57:56,130 - PCN - INFO - 03759954	14	0.120 	45.501 	9.898 	0.000 	microphone	
2025-10-28 20:57:56,130 - PCN - INFO - 04330267	44	0.054 	42.659 	6.190 	0.000 	stove	
2025-10-28 20:57:56,130 - PCN - INFO - 03261776	15	0.084 	45.328 	10.456 	0.000 	earphone	
2025-10-28 20:57:56,130 - PCN - INFO - 03513137	33	0.027 	56.287 	11.181 	0.000 	helmet	
2025-10-28 20:57:56,130 - PCN - INFO - 04460130	27	0.111 	36.658 	5.246 	0.000 	tower	
2025-10-28 20:57:56,130 - PCN - INFO - 04468005	78	0.121 	27.555 	2.474 	0.000 	train	
2025-10-28 20:57:56,130 - PCN - INFO - 03761084	31	0.024 	46.435 	6.726 	0.000 	microwaves	
2025-10-28 20:57:56,130 - PCN - INFO - 04004475	34	0.036 	46.473 	7.247 	0.000 	printer	
2025-10-28 20:57:56,130 - PCN - INFO - 03938244	20	0.034 	48.088 	7.448 	0.000 	pillow	
2025-10-28 20:57:56,130 - PCN - INFO - 02992529	167	0.099 	25.300 	1.881 	0.000 	cellphone	
2025-10-28 20:57:56,130 - PCN - INFO - 02808440	172	0.050 	39.328 	5.160 	0.000 	bathtub	
2025-10-28 20:57:56,130 - PCN - INFO - 04530566	388	0.145 	28.031 	2.813 	0.000 	watercraft	
2025-10-28 20:57:56,130 - PCN - INFO - 02871439	91	0.055 	37.323 	4.635 	0.000 	bookshelf	
2025-10-28 20:57:56,130 - PCN - INFO - 03593526	120	0.047 	47.046 	7.752 	0.000 	jar	
2025-10-28 20:57:56,130 - PCN - INFO - 04554684	34	0.023 	46.854 	6.428 	0.000 	washer	
2025-10-28 20:57:56,130 - PCN - INFO - 03467517	160	0.381 	16.260 	0.938 	0.000 	guitar	
2025-10-28 20:57:56,130 - PCN - INFO - 04401088	218	0.097 	25.253 	1.938 	0.000 	telephone	
2025-10-28 20:57:56,130 - PCN - INFO - 02954340	12	0.036 	51.338 	9.648 	0.000 	cap	
2025-10-28 20:57:56,130 - PCN - INFO - 02933112	315	0.049 	34.972 	3.719 	0.000 	cabinet	
2025-10-28 20:57:56,130 - PCN - INFO - 03642806	92	0.097 	27.357 	2.414 	0.000 	laptop	
2025-10-28 20:57:56,130 - PCN - INFO - 02924116	188	0.091 	29.466 	2.706 	0.000 	bus	
2025-10-28 20:57:56,130 - PCN - INFO - 02946921	22	0.028 	48.146 	7.363 	0.000 	can	
2025-10-28 20:57:56,130 - PCN - INFO - 02818832	47	0.044 	44.837 	7.034 	0.000 	bed	
2025-10-28 20:57:56,130 - PCN - INFO - 04256520	635	0.051 	35.274 	3.794 	0.000 	sofa	
2025-10-28 20:57:56,130 - PCN - INFO - 04379243	1687	0.098 	34.439 	4.532 	0.000 	table	
2025-10-28 20:57:56,130 - PCN - INFO - 02747177	69	0.035 	40.296 	5.164 	0.000 	trash bin	
2025-10-28 20:57:56,130 - PCN - INFO - 03046257	131	0.062 	37.595 	4.844 	0.000 	clock	
2025-10-28 20:57:56,130 - PCN - INFO - 04225987	31	0.166 	25.994 	2.523 	0.000 	skateboard	
2025-10-28 20:57:56,130 - PCN - INFO - 03797390	43	0.034 	40.659 	5.422 	0.000 	mug	
2025-10-28 20:57:56,130 - PCN - INFO - 03001627	1356	0.075 	36.404 	4.577 	0.000 	chair	
2025-10-28 20:57:56,130 - PCN - INFO - 03691459	320	0.040 	43.177 	6.025 	0.000 	loudspeaker	
2025-10-28 20:57:56,130 - PCN - INFO - 02942699	23	0.034 	51.962 	9.197 	0.000 	camera	
2025-10-28 20:57:56,130 - PCN - INFO - 03636649	464	0.112 	43.057 	7.863 	0.000 	lamp	
2025-10-28 20:57:56,130 - PCN - INFO - 02691156	809	0.187 	27.629 	2.974 	0.000 	airplane	
2025-10-28 20:57:56,130 - PCN - INFO - 02773838	17	0.064 	42.583 	6.508 	0.000 	bag	
2025-10-28 20:57:56,130 - PCN - INFO - 02958343	703	0.067 	30.936 	2.913 	0.000 	car	
2025-10-28 20:57:56,130 - PCN - INFO - 02880940	38	0.028 	49.459 	8.009 	0.000 	bowl	
2025-10-28 20:57:56,130 - PCN - INFO - 04099429	17	0.267 	24.136 	2.315 	0.000 	rocket	
2025-10-28 20:57:56,130 - PCN - INFO - 02828884	363	0.121 	30.857 	3.512 	0.000 	bench	
2025-10-28 20:57:56,130 - PCN - INFO - 04090263	475	0.352 	18.847 	1.474 	0.000 	rifle	
2025-10-28 20:57:56,130 - PCN - INFO - 03211117	219	0.073 	32.918 	3.684 	0.000 	display	
2025-10-28 20:57:56,130 - PCN - INFO - 02876657	100	0.095 	32.285 	3.601 	0.000 	bottle	
2025-10-28 20:57:56,130 - PCN - INFO - 03710193	19	0.111 	36.059 	4.665 	0.000 	mailbox	
2025-10-28 20:57:56,130 - PCN - INFO - 03790512	68	0.099 	30.452 	3.184 	0.000 	motorbike	
2025-10-28 20:57:56,130 - PCN - INFO - 03325088	149	0.094 	42.234 	7.156 	0.000 	faucet	
2025-10-28 20:57:56,130 - PCN - INFO - 02801938	23	0.033 	47.305 	7.883 	0.000 	basket	
2025-10-28 20:57:56,130 - PCN - INFO - 03337140	60	0.050 	38.351 	4.766 	0.000 	file cabinet	
2025-10-28 20:57:56,130 - PCN - INFO - 02843684	15	0.043 	43.455 	6.251 	0.000 	birdhouse	
2025-10-28 20:57:56,130 - PCN - INFO - 03624134	85	0.351 	18.748 	1.338 	0.000 	knife	
2025-10-28 20:57:56,130 - PCN - INFO - 03991062	121	0.039 	47.584 	7.906 	0.000 	flowerpot	
2025-10-28 20:57:56,130 - PCN - INFO - 03948459	62	0.183 	25.324 	2.251 	0.000 	pistol	
2025-10-28 20:57:56,130 - PCN - INFO - 03928116	48	0.044 	45.626 	7.188 	0.000 	piano	
2025-10-28 20:57:56,130 - PCN - INFO - 03207941	19	0.026 	46.202 	6.651 	0.000 	dishwasher	
2025-10-28 20:57:56,130 - PCN - INFO - 04074963	14	0.105 	27.959 	2.369 	0.000 	remote	
2025-10-28 20:57:56,130 - PCN - INFO - 03085013	13	0.184 	22.242 	2.090 	0.000 	keyboard	
2025-10-28 20:57:56,130 - PCN - INFO - Overall		0.094 	37.210 	5.162 	0.000 	
2025-10-28 20:57:56,212 - PCN - INFO - Save checkpoint at ./experiments/PCN/ShapeNet55_models/PCN_fog/ckpt-best.pth
2025-10-28 20:57:56,285 - PCN - INFO - Save checkpoint at ./experiments/PCN/ShapeNet55_models/PCN_fog/ckpt-last.pth
2025-10-28 20:57:56,825 - PCN - INFO - [Epoch 21/150][Batch 1/1311] BatchTime = 0.540 (s) DataTime = 0.082 (s) Losses = ['6.3196', '3.8420'] lr = 0.0001000
2025-10-28 20:58:53,903 - PCN - INFO - [Epoch 21/150][Batch 101/1311] BatchTime = 0.611 (s) DataTime = 0.001 (s) Losses = ['7.5371', '4.2121'] lr = 0.0001000
2025-10-28 20:59:53,567 - PCN - INFO - [Epoch 21/150][Batch 201/1311] BatchTime = 0.622 (s) DataTime = 0.001 (s) Losses = ['6.7963', '4.2679'] lr = 0.0001000
2025-10-28 21:00:51,389 - PCN - INFO - [Epoch 21/150][Batch 301/1311] BatchTime = 0.447 (s) DataTime = 0.001 (s) Losses = ['6.7199', '4.0833'] lr = 0.0001000
2025-10-28 21:01:50,238 - PCN - INFO - [Epoch 21/150][Batch 401/1311] BatchTime = 0.749 (s) DataTime = 0.001 (s) Losses = ['8.8918', '5.5841'] lr = 0.0001000
2025-10-28 21:02:50,683 - PCN - INFO - [Epoch 21/150][Batch 501/1311] BatchTime = 0.550 (s) DataTime = 0.001 (s) Losses = ['6.9632', '4.1540'] lr = 0.0001000
2025-10-28 21:03:51,773 - PCN - INFO - [Epoch 21/150][Batch 601/1311] BatchTime = 0.471 (s) DataTime = 0.001 (s) Losses = ['6.4053', '3.6628'] lr = 0.0001000
2025-10-28 21:04:52,565 - PCN - INFO - [Epoch 21/150][Batch 701/1311] BatchTime = 0.674 (s) DataTime = 0.001 (s) Losses = ['7.0344', '4.2952'] lr = 0.0001000
2025-10-28 21:05:53,201 - PCN - INFO - [Epoch 21/150][Batch 801/1311] BatchTime = 0.732 (s) DataTime = 0.001 (s) Losses = ['5.4061', '3.0779'] lr = 0.0001000
2025-10-28 21:06:50,269 - PCN - INFO - [Epoch 21/150][Batch 901/1311] BatchTime = 0.569 (s) DataTime = 0.001 (s) Losses = ['8.1819', '4.6781'] lr = 0.0001000
2025-10-28 21:07:47,597 - PCN - INFO - [Epoch 21/150][Batch 1001/1311] BatchTime = 0.665 (s) DataTime = 0.001 (s) Losses = ['6.5073', '3.9800'] lr = 0.0001000
2025-10-28 21:08:46,533 - PCN - INFO - [Epoch 21/150][Batch 1101/1311] BatchTime = 0.889 (s) DataTime = 0.001 (s) Losses = ['8.4518', '5.1068'] lr = 0.0001000
2025-10-28 21:09:46,654 - PCN - INFO - [Epoch 21/150][Batch 1201/1311] BatchTime = 0.601 (s) DataTime = 0.001 (s) Losses = ['10.4583', '6.6111'] lr = 0.0001000
2025-10-28 21:10:47,210 - PCN - INFO - [Epoch 21/150][Batch 1301/1311] BatchTime = 0.577 (s) DataTime = 0.001 (s) Losses = ['6.7391', '3.9762'] lr = 0.0001000
2025-10-28 21:10:53,788 - PCN - INFO - [Training] EPOCH: 21 EpochTime = 777.503 (s) Losses = ['7.2057', '4.2813']
2025-10-28 21:10:53,865 - PCN - INFO - Save checkpoint at ./experiments/PCN/ShapeNet55_models/PCN_fog/ckpt-last.pth
2025-10-28 21:10:54,769 - PCN - INFO - [Epoch 22/150][Batch 1/1311] BatchTime = 0.904 (s) DataTime = 0.084 (s) Losses = ['6.2656', '3.6685'] lr = 0.0001000
2025-10-28 21:11:52,056 - PCN - INFO - [Epoch 22/150][Batch 101/1311] BatchTime = 0.355 (s) DataTime = 0.001 (s) Losses = ['6.5421', '3.9885'] lr = 0.0001000
2025-10-28 21:12:53,599 - PCN - INFO - [Epoch 22/150][Batch 201/1311] BatchTime = 0.251 (s) DataTime = 0.001 (s) Losses = ['6.4739', '3.6224'] lr = 0.0001000
2025-10-28 21:13:53,990 - PCN - INFO - [Epoch 22/150][Batch 301/1311] BatchTime = 0.437 (s) DataTime = 0.001 (s) Losses = ['5.9454', '3.1983'] lr = 0.0001000
2025-10-28 21:14:52,593 - PCN - INFO - [Epoch 22/150][Batch 401/1311] BatchTime = 0.955 (s) DataTime = 0.001 (s) Losses = ['7.7033', '4.5998'] lr = 0.0001000
2025-10-28 21:15:52,031 - PCN - INFO - [Epoch 22/150][Batch 501/1311] BatchTime = 0.716 (s) DataTime = 0.001 (s) Losses = ['5.7020', '3.1925'] lr = 0.0001000
2025-10-28 21:16:51,264 - PCN - INFO - [Epoch 22/150][Batch 601/1311] BatchTime = 0.429 (s) DataTime = 0.001 (s) Losses = ['7.0001', '4.0915'] lr = 0.0001000
2025-10-28 21:17:53,084 - PCN - INFO - [Epoch 22/150][Batch 701/1311] BatchTime = 0.357 (s) DataTime = 0.001 (s) Losses = ['7.1601', '4.2754'] lr = 0.0001000
2025-10-28 21:18:53,755 - PCN - INFO - [Epoch 22/150][Batch 801/1311] BatchTime = 0.643 (s) DataTime = 0.001 (s) Losses = ['6.9372', '4.0832'] lr = 0.0001000
2025-10-28 21:19:54,854 - PCN - INFO - [Epoch 22/150][Batch 901/1311] BatchTime = 0.527 (s) DataTime = 0.001 (s) Losses = ['6.8593', '4.4260'] lr = 0.0001000
2025-10-28 21:20:56,091 - PCN - INFO - [Epoch 22/150][Batch 1001/1311] BatchTime = 0.344 (s) DataTime = 0.001 (s) Losses = ['6.2102', '3.6559'] lr = 0.0001000
2025-10-28 21:21:55,937 - PCN - INFO - [Epoch 22/150][Batch 1101/1311] BatchTime = 0.643 (s) DataTime = 0.001 (s) Losses = ['7.1463', '4.0869'] lr = 0.0001000
2025-10-28 21:22:59,848 - PCN - INFO - [Epoch 22/150][Batch 1201/1311] BatchTime = 0.610 (s) DataTime = 0.001 (s) Losses = ['7.9952', '4.6276'] lr = 0.0001000
2025-10-28 21:24:00,113 - PCN - INFO - [Epoch 22/150][Batch 1301/1311] BatchTime = 0.390 (s) DataTime = 0.001 (s) Losses = ['6.7650', '4.0496'] lr = 0.0001000
2025-10-28 21:24:06,243 - PCN - INFO - [Training] EPOCH: 22 EpochTime = 792.377 (s) Losses = ['7.1454', '4.2128']
2025-10-28 21:24:06,321 - PCN - INFO - Save checkpoint at ./experiments/PCN/ShapeNet55_models/PCN_fog/ckpt-last.pth
2025-10-28 21:24:06,775 - PCN - INFO - [Epoch 23/150][Batch 1/1311] BatchTime = 0.454 (s) DataTime = 0.087 (s) Losses = ['8.6157', '5.7684'] lr = 0.0001000
2025-10-28 21:25:08,203 - PCN - INFO - [Epoch 23/150][Batch 101/1311] BatchTime = 0.469 (s) DataTime = 0.001 (s) Losses = ['6.0919', '3.5483'] lr = 0.0001000
2025-10-28 21:26:05,900 - PCN - INFO - [Epoch 23/150][Batch 201/1311] BatchTime = 0.691 (s) DataTime = 0.001 (s) Losses = ['5.6509', '3.2254'] lr = 0.0001000
2025-10-28 21:27:09,368 - PCN - INFO - [Epoch 23/150][Batch 301/1311] BatchTime = 0.695 (s) DataTime = 0.001 (s) Losses = ['6.4435', '3.8903'] lr = 0.0001000
2025-10-28 21:28:07,003 - PCN - INFO - [Epoch 23/150][Batch 401/1311] BatchTime = 0.735 (s) DataTime = 0.001 (s) Losses = ['6.2214', '4.0214'] lr = 0.0001000
2025-10-28 21:29:04,721 - PCN - INFO - [Epoch 23/150][Batch 501/1311] BatchTime = 0.465 (s) DataTime = 0.001 (s) Losses = ['7.8784', '4.7510'] lr = 0.0001000
2025-10-28 21:30:04,973 - PCN - INFO - [Epoch 23/150][Batch 601/1311] BatchTime = 0.263 (s) DataTime = 0.001 (s) Losses = ['8.6101', '5.2371'] lr = 0.0001000
2025-10-28 21:31:03,476 - PCN - INFO - [Epoch 23/150][Batch 701/1311] BatchTime = 0.431 (s) DataTime = 0.001 (s) Losses = ['7.3351', '4.1086'] lr = 0.0001000
2025-10-28 21:32:00,097 - PCN - INFO - [Epoch 23/150][Batch 801/1311] BatchTime = 0.377 (s) DataTime = 0.001 (s) Losses = ['8.9423', '5.0406'] lr = 0.0001000
2025-10-28 21:32:59,389 - PCN - INFO - [Epoch 23/150][Batch 901/1311] BatchTime = 0.588 (s) DataTime = 0.001 (s) Losses = ['7.0456', '3.9044'] lr = 0.0001000
2025-10-28 21:34:01,531 - PCN - INFO - [Epoch 23/150][Batch 1001/1311] BatchTime = 0.820 (s) DataTime = 0.001 (s) Losses = ['6.9166', '3.9810'] lr = 0.0001000
2025-10-28 21:35:00,782 - PCN - INFO - [Epoch 23/150][Batch 1101/1311] BatchTime = 0.370 (s) DataTime = 0.001 (s) Losses = ['5.8877', '3.4069'] lr = 0.0001000
2025-10-28 21:35:59,747 - PCN - INFO - [Epoch 23/150][Batch 1201/1311] BatchTime = 0.620 (s) DataTime = 0.001 (s) Losses = ['5.9160', '3.2084'] lr = 0.0001000
2025-10-28 21:37:00,538 - PCN - INFO - [Epoch 23/150][Batch 1301/1311] BatchTime = 0.424 (s) DataTime = 0.001 (s) Losses = ['7.6712', '4.5233'] lr = 0.0001000
2025-10-28 21:37:07,082 - PCN - INFO - [Training] EPOCH: 23 EpochTime = 780.760 (s) Losses = ['7.0816', '4.1646']
2025-10-28 21:37:07,160 - PCN - INFO - Save checkpoint at ./experiments/PCN/ShapeNet55_models/PCN_fog/ckpt-last.pth
2025-10-28 21:37:07,946 - PCN - INFO - [Epoch 24/150][Batch 1/1311] BatchTime = 0.786 (s) DataTime = 0.081 (s) Losses = ['9.6465', '5.8781'] lr = 0.0001000
2025-10-28 21:38:09,371 - PCN - INFO - [Epoch 24/150][Batch 101/1311] BatchTime = 0.634 (s) DataTime = 0.001 (s) Losses = ['6.7621', '4.1825'] lr = 0.0001000
2025-10-28 21:39:08,688 - PCN - INFO - [Epoch 24/150][Batch 201/1311] BatchTime = 0.737 (s) DataTime = 0.001 (s) Losses = ['5.7008', '3.3269'] lr = 0.0001000
2025-10-28 21:40:05,216 - PCN - INFO - [Epoch 24/150][Batch 301/1311] BatchTime = 0.719 (s) DataTime = 0.001 (s) Losses = ['6.4201', '3.7415'] lr = 0.0001000
2025-10-28 21:41:02,832 - PCN - INFO - [Epoch 24/150][Batch 401/1311] BatchTime = 0.568 (s) DataTime = 0.001 (s) Losses = ['8.7571', '4.8955'] lr = 0.0001000
2025-10-28 21:42:02,215 - PCN - INFO - [Epoch 24/150][Batch 501/1311] BatchTime = 0.771 (s) DataTime = 0.001 (s) Losses = ['7.4369', '4.0057'] lr = 0.0001000
2025-10-28 21:43:01,257 - PCN - INFO - [Epoch 24/150][Batch 601/1311] BatchTime = 0.809 (s) DataTime = 0.001 (s) Losses = ['6.4216', '3.9384'] lr = 0.0001000
2025-10-28 21:43:59,701 - PCN - INFO - [Epoch 24/150][Batch 701/1311] BatchTime = 0.461 (s) DataTime = 0.001 (s) Losses = ['9.6977', '6.4000'] lr = 0.0001000
2025-10-28 21:44:59,399 - PCN - INFO - [Epoch 24/150][Batch 801/1311] BatchTime = 0.783 (s) DataTime = 0.001 (s) Losses = ['9.4628', '5.9483'] lr = 0.0001000
2025-10-28 21:46:01,675 - PCN - INFO - [Epoch 24/150][Batch 901/1311] BatchTime = 0.731 (s) DataTime = 0.001 (s) Losses = ['6.0526', '3.4043'] lr = 0.0001000
2025-10-28 21:47:00,578 - PCN - INFO - [Epoch 24/150][Batch 1001/1311] BatchTime = 0.627 (s) DataTime = 0.001 (s) Losses = ['6.1167', '3.5762'] lr = 0.0001000
2025-10-28 21:47:59,084 - PCN - INFO - [Epoch 24/150][Batch 1101/1311] BatchTime = 0.481 (s) DataTime = 0.001 (s) Losses = ['6.8485', '4.5423'] lr = 0.0001000
2025-10-28 21:48:53,890 - PCN - INFO - [Epoch 24/150][Batch 1201/1311] BatchTime = 0.571 (s) DataTime = 0.001 (s) Losses = ['5.7578', '3.3011'] lr = 0.0001000
2025-10-28 21:49:50,879 - PCN - INFO - [Epoch 24/150][Batch 1301/1311] BatchTime = 0.382 (s) DataTime = 0.001 (s) Losses = ['7.5893', '4.2886'] lr = 0.0001000
2025-10-28 21:49:57,217 - PCN - INFO - [Training] EPOCH: 24 EpochTime = 770.056 (s) Losses = ['6.9791', '4.0817']
2025-10-28 21:49:57,301 - PCN - INFO - Save checkpoint at ./experiments/PCN/ShapeNet55_models/PCN_fog/ckpt-last.pth
2025-10-28 21:49:58,244 - PCN - INFO - [Epoch 25/150][Batch 1/1311] BatchTime = 0.942 (s) DataTime = 0.093 (s) Losses = ['6.4200', '3.6707'] lr = 0.0001000
2025-10-28 21:50:55,587 - PCN - INFO - [Epoch 25/150][Batch 101/1311] BatchTime = 0.803 (s) DataTime = 0.001 (s) Losses = ['7.3485', '3.9648'] lr = 0.0001000
2025-10-28 21:51:54,346 - PCN - INFO - [Epoch 25/150][Batch 201/1311] BatchTime = 0.803 (s) DataTime = 0.001 (s) Losses = ['5.1747', '2.9805'] lr = 0.0001000
2025-10-28 21:52:50,655 - PCN - INFO - [Epoch 25/150][Batch 301/1311] BatchTime = 0.536 (s) DataTime = 0.001 (s) Losses = ['8.2937', '4.7875'] lr = 0.0001000
2025-10-28 21:53:51,762 - PCN - INFO - [Epoch 25/150][Batch 401/1311] BatchTime = 0.602 (s) DataTime = 0.001 (s) Losses = ['7.3497', '4.0329'] lr = 0.0001000
2025-10-28 21:54:53,219 - PCN - INFO - [Epoch 25/150][Batch 501/1311] BatchTime = 0.627 (s) DataTime = 0.001 (s) Losses = ['6.3965', '3.8612'] lr = 0.0001000
2025-10-28 21:55:54,102 - PCN - INFO - [Epoch 25/150][Batch 601/1311] BatchTime = 0.753 (s) DataTime = 0.001 (s) Losses = ['8.5741', '5.3123'] lr = 0.0001000
2025-10-28 21:56:56,087 - PCN - INFO - [Epoch 25/150][Batch 701/1311] BatchTime = 0.456 (s) DataTime = 0.001 (s) Losses = ['6.2358', '3.5004'] lr = 0.0001000
2025-10-28 21:57:57,673 - PCN - INFO - [Epoch 25/150][Batch 801/1311] BatchTime = 0.738 (s) DataTime = 0.001 (s) Losses = ['7.9699', '4.6744'] lr = 0.0001000
2025-10-28 21:58:55,323 - PCN - INFO - [Epoch 25/150][Batch 901/1311] BatchTime = 0.565 (s) DataTime = 0.001 (s) Losses = ['6.9136', '4.2877'] lr = 0.0001000
2025-10-28 21:59:53,482 - PCN - INFO - [Epoch 25/150][Batch 1001/1311] BatchTime = 0.362 (s) DataTime = 0.001 (s) Losses = ['6.5687', '4.0947'] lr = 0.0001000
2025-10-28 22:00:52,484 - PCN - INFO - [Epoch 25/150][Batch 1101/1311] BatchTime = 0.442 (s) DataTime = 0.001 (s) Losses = ['8.5314', '4.7821'] lr = 0.0001000
2025-10-28 22:01:53,527 - PCN - INFO - [Epoch 25/150][Batch 1201/1311] BatchTime = 0.410 (s) DataTime = 0.001 (s) Losses = ['6.8089', '4.0725'] lr = 0.0001000
2025-10-28 22:02:52,401 - PCN - INFO - [Epoch 25/150][Batch 1301/1311] BatchTime = 0.437 (s) DataTime = 0.001 (s) Losses = ['7.8402', '4.4764'] lr = 0.0001000
2025-10-28 22:02:58,622 - PCN - INFO - [Training] EPOCH: 25 EpochTime = 781.321 (s) Losses = ['6.9319', '4.0379']
2025-10-28 22:02:58,622 - PCN - INFO - [VALIDATION] Start validating epoch 25
2025-10-28 22:03:35,726 - PCN - INFO - Test[1051/10518] Taxonomy = 02691156 Sample = c7749c0a8b61f43bc9b9e28055202e3d Losses = ['37.3274', '5.2141', '26.8505', '2.7214'] Metrics = ['0.1794', '26.8505', '2.7214', '0.0000']
2025-10-28 22:04:10,191 - PCN - INFO - Test[2102/10518] Taxonomy = 03211117 Sample = ab2f9418c111cc6ddb965514105122a4 Losses = ['32.5392', '2.6844', '23.5545', '1.5951'] Metrics = ['0.1287', '23.5545', '1.5951', '0.0000']
2025-10-28 22:04:44,906 - PCN - INFO - Test[3153/10518] Taxonomy = 02876657 Sample = c5032e4be091aabb36fe7a88df793982 Losses = ['65.4596', '12.3455', '48.8613', '8.3172'] Metrics = ['0.0419', '48.8613', '8.3172', '0.0000']
2025-10-28 22:05:19,219 - PCN - INFO - Test[4204/10518] Taxonomy = 03211117 Sample = 722df1da5778d45b1e43523279c7f09f Losses = ['55.8997', '8.0604', '39.6179', '4.8567'] Metrics = ['0.0604', '39.6179', '4.8567', '0.0000']
2025-10-28 22:05:55,942 - PCN - INFO - Test[5255/10518] Taxonomy = 02828884 Sample = 14b63361a48a9fffe4a048c146e8bd43 Losses = ['47.2365', '6.1301', '35.3464', '3.7699'] Metrics = ['0.0739', '35.3464', '3.7699', '0.0000']
2025-10-28 22:06:31,321 - PCN - INFO - Test[6306/10518] Taxonomy = 03211117 Sample = d330d50a0255529d19ed6e1a590c9122 Losses = ['34.8662', '3.5626', '24.4384', '1.8084'] Metrics = ['0.1328', '24.4384', '1.8084', '0.0000']
2025-10-28 22:07:05,896 - PCN - INFO - Test[7357/10518] Taxonomy = 04379243 Sample = b1ca280d9567270ade98d10ab5975b59 Losses = ['45.6122', '7.6517', '28.3064', '3.1999'] Metrics = ['0.0968', '28.3064', '3.1999', '0.0000']
2025-10-28 22:07:40,631 - PCN - INFO - Test[8408/10518] Taxonomy = 03001627 Sample = 89208a619341d9fdb8c516ed5c4ce32 Losses = ['49.8223', '6.4328', '32.6148', '3.0832'] Metrics = ['0.0546', '32.6148', '3.0832', '0.0000']
2025-10-28 22:08:14,465 - PCN - INFO - Test[9459/10518] Taxonomy = 03001627 Sample = d0255120e3351121c3bd24f986301745 Losses = ['52.3894', '7.5687', '36.9768', '4.2562'] Metrics = ['0.0503', '36.9768', '4.2562', '0.0000']
2025-10-28 22:08:49,913 - PCN - INFO - Test[10510/10518] Taxonomy = 03636649 Sample = ea9ec4d9db2e06202471e6dd5ac3ef92 Losses = ['32.7448', '3.3068', '23.9063', '2.1558'] Metrics = ['0.2561', '23.9063', '2.1558', '0.0000']
2025-10-28 22:08:50,209 - PCN - INFO - [Validation] EPOCH: 25  Metrics = ['0.1012', '35.1536', '4.5880', '0.0000']
2025-10-28 22:08:50,209 - PCN - INFO - ============================ TEST RESULTS ============================
2025-10-28 22:08:50,209 - PCN - INFO - Taxonomy	#Sample	F-Score	CDL1	CDL2	EMDistance	#ModelName	
2025-10-28 22:08:50,209 - PCN - INFO - 03759954	14	0.136 	43.327 	9.015 	0.000 	microphone	
2025-10-28 22:08:50,209 - PCN - INFO - 04330267	44	0.057 	38.949 	5.042 	0.000 	stove	
2025-10-28 22:08:50,209 - PCN - INFO - 03261776	15	0.075 	45.572 	9.071 	0.000 	earphone	
2025-10-28 22:08:50,209 - PCN - INFO - 03513137	33	0.031 	52.047 	9.799 	0.000 	helmet	
2025-10-28 22:08:50,209 - PCN - INFO - 04460130	27	0.109 	35.392 	4.741 	0.000 	tower	
2025-10-28 22:08:50,209 - PCN - INFO - 04468005	78	0.136 	26.224 	2.352 	0.000 	train	
2025-10-28 22:08:50,209 - PCN - INFO - 03761084	31	0.029 	42.521 	5.635 	0.000 	microwaves	
2025-10-28 22:08:50,209 - PCN - INFO - 04004475	34	0.041 	44.803 	6.741 	0.000 	printer	
2025-10-28 22:08:50,209 - PCN - INFO - 03938244	20	0.034 	48.571 	7.528 	0.000 	pillow	
2025-10-28 22:08:50,209 - PCN - INFO - 02992529	167	0.104 	25.240 	1.921 	0.000 	cellphone	
2025-10-28 22:08:50,209 - PCN - INFO - 02808440	172	0.056 	36.874 	4.593 	0.000 	bathtub	
2025-10-28 22:08:50,210 - PCN - INFO - 04530566	388	0.160 	26.197 	2.452 	0.000 	watercraft	
2025-10-28 22:08:50,210 - PCN - INFO - 02871439	91	0.061 	36.117 	4.398 	0.000 	bookshelf	
2025-10-28 22:08:50,210 - PCN - INFO - 03593526	120	0.052 	42.719 	6.335 	0.000 	jar	
2025-10-28 22:08:50,210 - PCN - INFO - 04554684	34	0.028 	43.329 	5.668 	0.000 	washer	
2025-10-28 22:08:50,210 - PCN - INFO - 03467517	160	0.410 	15.595 	0.888 	0.000 	guitar	
2025-10-28 22:08:50,210 - PCN - INFO - 04401088	218	0.108 	24.805 	1.842 	0.000 	telephone	
2025-10-28 22:08:50,210 - PCN - INFO - 02954340	12	0.039 	47.832 	8.435 	0.000 	cap	
2025-10-28 22:08:50,210 - PCN - INFO - 02933112	315	0.051 	34.170 	3.555 	0.000 	cabinet	
2025-10-28 22:08:50,210 - PCN - INFO - 03642806	92	0.097 	26.748 	2.362 	0.000 	laptop	
2025-10-28 22:08:50,210 - PCN - INFO - 02924116	188	0.101 	27.835 	2.462 	0.000 	bus	
2025-10-28 22:08:50,210 - PCN - INFO - 02946921	22	0.028 	46.482 	6.758 	0.000 	can	
2025-10-28 22:08:50,210 - PCN - INFO - 02818832	47	0.047 	42.543 	6.410 	0.000 	bed	
2025-10-28 22:08:50,210 - PCN - INFO - 04256520	635	0.054 	33.847 	3.473 	0.000 	sofa	
2025-10-28 22:08:50,210 - PCN - INFO - 04379243	1687	0.106 	32.037 	4.036 	0.000 	table	
2025-10-28 22:08:50,210 - PCN - INFO - 02747177	69	0.039 	38.273 	4.672 	0.000 	trash bin	
2025-10-28 22:08:50,210 - PCN - INFO - 03046257	131	0.068 	35.614 	4.216 	0.000 	clock	
2025-10-28 22:08:50,210 - PCN - INFO - 04225987	31	0.190 	24.385 	2.198 	0.000 	skateboard	
2025-10-28 22:08:50,210 - PCN - INFO - 03797390	43	0.035 	40.466 	5.292 	0.000 	mug	
2025-10-28 22:08:50,210 - PCN - INFO - 03001627	1356	0.078 	34.675 	4.133 	0.000 	chair	
2025-10-28 22:08:50,210 - PCN - INFO - 03691459	320	0.042 	41.418 	5.575 	0.000 	loudspeaker	
2025-10-28 22:08:50,210 - PCN - INFO - 02942699	23	0.035 	51.466 	9.660 	0.000 	camera	
2025-10-28 22:08:50,210 - PCN - INFO - 03636649	464	0.121 	40.358 	6.885 	0.000 	lamp	
2025-10-28 22:08:50,210 - PCN - INFO - 02691156	809	0.225 	22.121 	1.824 	0.000 	airplane	
2025-10-28 22:08:50,210 - PCN - INFO - 02773838	17	0.056 	40.841 	5.759 	0.000 	bag	
2025-10-28 22:08:50,210 - PCN - INFO - 02958343	703	0.073 	28.780 	2.480 	0.000 	car	
2025-10-28 22:08:50,210 - PCN - INFO - 02880940	38	0.037 	41.752 	5.749 	0.000 	bowl	
2025-10-28 22:08:50,210 - PCN - INFO - 04099429	17	0.276 	22.759 	2.223 	0.000 	rocket	
2025-10-28 22:08:50,210 - PCN - INFO - 02828884	363	0.127 	29.151 	3.126 	0.000 	bench	
2025-10-28 22:08:50,210 - PCN - INFO - 04090263	475	0.380 	17.586 	1.296 	0.000 	rifle	
2025-10-28 22:08:50,210 - PCN - INFO - 03211117	219	0.076 	32.522 	3.503 	0.000 	display	
2025-10-28 22:08:50,210 - PCN - INFO - 02876657	100	0.098 	30.181 	3.143 	0.000 	bottle	
2025-10-28 22:08:50,210 - PCN - INFO - 03710193	19	0.104 	34.817 	4.098 	0.000 	mailbox	
2025-10-28 22:08:50,210 - PCN - INFO - 03790512	68	0.101 	28.872 	2.771 	0.000 	motorbike	
2025-10-28 22:08:50,210 - PCN - INFO - 03325088	149	0.103 	40.518 	6.826 	0.000 	faucet	
2025-10-28 22:08:50,210 - PCN - INFO - 02801938	23	0.036 	41.364 	5.632 	0.000 	basket	
2025-10-28 22:08:50,210 - PCN - INFO - 03337140	60	0.052 	35.735 	4.105 	0.000 	file cabinet	
2025-10-28 22:08:50,210 - PCN - INFO - 02843684	15	0.044 	42.577 	5.993 	0.000 	birdhouse	
2025-10-28 22:08:50,210 - PCN - INFO - 03624134	85	0.395 	16.640 	1.026 	0.000 	knife	
2025-10-28 22:08:50,210 - PCN - INFO - 03991062	121	0.043 	45.181 	7.030 	0.000 	flowerpot	
2025-10-28 22:08:50,210 - PCN - INFO - 03948459	62	0.203 	22.609 	1.726 	0.000 	pistol	
2025-10-28 22:08:50,210 - PCN - INFO - 03928116	48	0.050 	41.619 	5.854 	0.000 	piano	
2025-10-28 22:08:50,210 - PCN - INFO - 03207941	19	0.026 	43.878 	6.070 	0.000 	dishwasher	
2025-10-28 22:08:50,210 - PCN - INFO - 04074963	14	0.113 	25.899 	1.961 	0.000 	remote	
2025-10-28 22:08:50,210 - PCN - INFO - 03085013	13	0.191 	21.611 	2.000 	0.000 	keyboard	
2025-10-28 22:08:50,210 - PCN - INFO - Overall		0.101 	35.154 	4.588 	0.000 	
2025-10-28 22:08:50,288 - PCN - INFO - Save checkpoint at ./experiments/PCN/ShapeNet55_models/PCN_fog/ckpt-best.pth
2025-10-28 22:08:50,360 - PCN - INFO - Save checkpoint at ./experiments/PCN/ShapeNet55_models/PCN_fog/ckpt-last.pth
2025-10-28 22:08:50,916 - PCN - INFO - [Epoch 26/150][Batch 1/1311] BatchTime = 0.555 (s) DataTime = 0.087 (s) Losses = ['6.8132', '3.6827'] lr = 0.0001000
2025-10-28 22:09:48,290 - PCN - INFO - [Epoch 26/150][Batch 101/1311] BatchTime = 0.448 (s) DataTime = 0.001 (s) Losses = ['6.8722', '4.1464'] lr = 0.0001000
2025-10-28 22:10:48,894 - PCN - INFO - [Epoch 26/150][Batch 201/1311] BatchTime = 0.392 (s) DataTime = 0.001 (s) Losses = ['5.7243', '3.2680'] lr = 0.0001000
2025-10-28 22:11:47,210 - PCN - INFO - [Epoch 26/150][Batch 301/1311] BatchTime = 0.558 (s) DataTime = 0.001 (s) Losses = ['5.7825', '3.1340'] lr = 0.0001000
2025-10-28 22:12:48,180 - PCN - INFO - [Epoch 26/150][Batch 401/1311] BatchTime = 0.779 (s) DataTime = 0.001 (s) Losses = ['8.9458', '4.9966'] lr = 0.0001000
2025-10-28 22:13:46,489 - PCN - INFO - [Epoch 26/150][Batch 501/1311] BatchTime = 0.647 (s) DataTime = 0.001 (s) Losses = ['6.3619', '4.1165'] lr = 0.0001000
2025-10-28 22:14:46,346 - PCN - INFO - [Epoch 26/150][Batch 601/1311] BatchTime = 0.558 (s) DataTime = 0.001 (s) Losses = ['7.5287', '4.1389'] lr = 0.0001000
2025-10-28 22:15:45,962 - PCN - INFO - [Epoch 26/150][Batch 701/1311] BatchTime = 0.571 (s) DataTime = 0.001 (s) Losses = ['6.5098', '3.7720'] lr = 0.0001000
2025-10-28 22:16:48,065 - PCN - INFO - [Epoch 26/150][Batch 801/1311] BatchTime = 0.585 (s) DataTime = 0.001 (s) Losses = ['6.4992', '3.5293'] lr = 0.0001000
2025-10-28 22:17:49,717 - PCN - INFO - [Epoch 26/150][Batch 901/1311] BatchTime = 0.262 (s) DataTime = 0.001 (s) Losses = ['6.8668', '3.9835'] lr = 0.0001000
2025-10-28 22:18:49,549 - PCN - INFO - [Epoch 26/150][Batch 1001/1311] BatchTime = 0.692 (s) DataTime = 0.001 (s) Losses = ['8.2373', '5.9264'] lr = 0.0001000
2025-10-28 22:19:48,952 - PCN - INFO - [Epoch 26/150][Batch 1101/1311] BatchTime = 0.689 (s) DataTime = 0.001 (s) Losses = ['5.4623', '3.1296'] lr = 0.0001000
2025-10-28 22:20:48,211 - PCN - INFO - [Epoch 26/150][Batch 1201/1311] BatchTime = 0.745 (s) DataTime = 0.001 (s) Losses = ['5.7982', '3.1553'] lr = 0.0001000
2025-10-28 22:21:45,631 - PCN - INFO - [Epoch 26/150][Batch 1301/1311] BatchTime = 0.473 (s) DataTime = 0.001 (s) Losses = ['8.2517', '4.8443'] lr = 0.0001000
2025-10-28 22:21:51,674 - PCN - INFO - [Training] EPOCH: 26 EpochTime = 781.314 (s) Losses = ['6.8280', '3.9557']
2025-10-28 22:21:51,746 - PCN - INFO - Save checkpoint at ./experiments/PCN/ShapeNet55_models/PCN_fog/ckpt-last.pth
2025-10-28 22:21:52,260 - PCN - INFO - [Epoch 27/150][Batch 1/1311] BatchTime = 0.514 (s) DataTime = 0.083 (s) Losses = ['6.2615', '3.4568'] lr = 0.0001000
2025-10-28 22:22:53,926 - PCN - INFO - [Epoch 27/150][Batch 101/1311] BatchTime = 0.674 (s) DataTime = 0.001 (s) Losses = ['7.4005', '4.1591'] lr = 0.0001000
2025-10-28 22:23:54,213 - PCN - INFO - [Epoch 27/150][Batch 201/1311] BatchTime = 0.452 (s) DataTime = 0.001 (s) Losses = ['8.2740', '5.0944'] lr = 0.0001000
2025-10-28 22:24:51,821 - PCN - INFO - [Epoch 27/150][Batch 301/1311] BatchTime = 0.637 (s) DataTime = 0.001 (s) Losses = ['5.7040', '3.2674'] lr = 0.0001000
2025-10-28 22:25:53,335 - PCN - INFO - [Epoch 27/150][Batch 401/1311] BatchTime = 0.623 (s) DataTime = 0.001 (s) Losses = ['9.3006', '5.5564'] lr = 0.0001000
2025-10-28 22:26:50,218 - PCN - INFO - [Epoch 27/150][Batch 501/1311] BatchTime = 0.565 (s) DataTime = 0.001 (s) Losses = ['7.4968', '4.3212'] lr = 0.0001000
2025-10-28 22:27:52,042 - PCN - INFO - [Epoch 27/150][Batch 601/1311] BatchTime = 0.796 (s) DataTime = 0.001 (s) Losses = ['5.3010', '2.9215'] lr = 0.0001000
2025-10-28 22:28:52,174 - PCN - INFO - [Epoch 27/150][Batch 701/1311] BatchTime = 0.791 (s) DataTime = 0.001 (s) Losses = ['6.2451', '3.5240'] lr = 0.0001000
2025-10-28 22:29:51,277 - PCN - INFO - [Epoch 27/150][Batch 801/1311] BatchTime = 0.752 (s) DataTime = 0.001 (s) Losses = ['6.1787', '3.7203'] lr = 0.0001000
2025-10-28 22:30:52,347 - PCN - INFO - [Epoch 27/150][Batch 901/1311] BatchTime = 0.653 (s) DataTime = 0.001 (s) Losses = ['5.9897', '3.8614'] lr = 0.0001000
2025-10-28 22:31:51,044 - PCN - INFO - [Epoch 27/150][Batch 1001/1311] BatchTime = 0.678 (s) DataTime = 0.001 (s) Losses = ['7.0993', '4.1011'] lr = 0.0001000
2025-10-28 22:32:50,399 - PCN - INFO - [Epoch 27/150][Batch 1101/1311] BatchTime = 0.583 (s) DataTime = 0.001 (s) Losses = ['7.0063', '4.2507'] lr = 0.0001000
2025-10-28 22:33:48,211 - PCN - INFO - [Epoch 27/150][Batch 1201/1311] BatchTime = 0.525 (s) DataTime = 0.001 (s) Losses = ['5.5404', '3.3729'] lr = 0.0001000
2025-10-28 22:34:49,192 - PCN - INFO - [Epoch 27/150][Batch 1301/1311] BatchTime = 0.722 (s) DataTime = 0.001 (s) Losses = ['5.4548', '3.2488'] lr = 0.0001000
2025-10-28 22:34:54,631 - PCN - INFO - [Training] EPOCH: 27 EpochTime = 782.885 (s) Losses = ['6.8005', '3.9296']
2025-10-28 22:34:54,703 - PCN - INFO - Save checkpoint at ./experiments/PCN/ShapeNet55_models/PCN_fog/ckpt-last.pth
2025-10-28 22:34:55,327 - PCN - INFO - [Epoch 28/150][Batch 1/1311] BatchTime = 0.624 (s) DataTime = 0.082 (s) Losses = ['7.5173', '4.2521'] lr = 0.0001000
2025-10-28 22:35:55,228 - PCN - INFO - [Epoch 28/150][Batch 101/1311] BatchTime = 0.659 (s) DataTime = 0.001 (s) Losses = ['7.1068', '4.4221'] lr = 0.0001000
2025-10-28 22:36:50,276 - PCN - INFO - [Epoch 28/150][Batch 201/1311] BatchTime = 0.470 (s) DataTime = 0.001 (s) Losses = ['7.1262', '4.0135'] lr = 0.0001000
2025-10-28 22:37:48,809 - PCN - INFO - [Epoch 28/150][Batch 301/1311] BatchTime = 0.592 (s) DataTime = 0.001 (s) Losses = ['6.3961', '3.8591'] lr = 0.0001000
2025-10-28 22:38:51,590 - PCN - INFO - [Epoch 28/150][Batch 401/1311] BatchTime = 0.716 (s) DataTime = 0.001 (s) Losses = ['8.1511', '4.3144'] lr = 0.0001000
2025-10-28 22:39:51,285 - PCN - INFO - [Epoch 28/150][Batch 501/1311] BatchTime = 0.935 (s) DataTime = 0.001 (s) Losses = ['8.2320', '5.3632'] lr = 0.0001000
2025-10-28 22:40:50,838 - PCN - INFO - [Epoch 28/150][Batch 601/1311] BatchTime = 0.263 (s) DataTime = 0.001 (s) Losses = ['6.4394', '3.6878'] lr = 0.0001000
2025-10-28 22:41:48,960 - PCN - INFO - [Epoch 28/150][Batch 701/1311] BatchTime = 0.802 (s) DataTime = 0.001 (s) Losses = ['6.0271', '3.2690'] lr = 0.0001000
2025-10-28 22:42:50,313 - PCN - INFO - [Epoch 28/150][Batch 801/1311] BatchTime = 0.475 (s) DataTime = 0.001 (s) Losses = ['6.7152', '3.8635'] lr = 0.0001000
2025-10-28 22:43:50,621 - PCN - INFO - [Epoch 28/150][Batch 901/1311] BatchTime = 0.486 (s) DataTime = 0.001 (s) Losses = ['7.5238', '4.4926'] lr = 0.0001000
2025-10-28 22:44:49,915 - PCN - INFO - [Epoch 28/150][Batch 1001/1311] BatchTime = 0.837 (s) DataTime = 0.001 (s) Losses = ['5.4863', '3.1587'] lr = 0.0001000
2025-10-28 22:45:51,944 - PCN - INFO - [Epoch 28/150][Batch 1101/1311] BatchTime = 0.703 (s) DataTime = 0.001 (s) Losses = ['6.6070', '3.7622'] lr = 0.0001000
2025-10-28 22:46:51,896 - PCN - INFO - [Epoch 28/150][Batch 1201/1311] BatchTime = 0.442 (s) DataTime = 0.001 (s) Losses = ['7.3535', '4.3405'] lr = 0.0001000
2025-10-28 22:47:53,396 - PCN - INFO - [Epoch 28/150][Batch 1301/1311] BatchTime = 1.061 (s) DataTime = 0.001 (s) Losses = ['9.1963', '7.2761'] lr = 0.0001000
2025-10-28 22:47:59,264 - PCN - INFO - [Training] EPOCH: 28 EpochTime = 784.561 (s) Losses = ['6.7351', '3.8656']
2025-10-28 22:47:59,345 - PCN - INFO - Save checkpoint at ./experiments/PCN/ShapeNet55_models/PCN_fog/ckpt-last.pth
2025-10-28 22:47:59,951 - PCN - INFO - [Epoch 29/150][Batch 1/1311] BatchTime = 0.606 (s) DataTime = 0.086 (s) Losses = ['6.8992', '4.2862'] lr = 0.0001000
2025-10-28 22:48:57,301 - PCN - INFO - [Epoch 29/150][Batch 101/1311] BatchTime = 0.476 (s) DataTime = 0.001 (s) Losses = ['6.4919', '3.6861'] lr = 0.0001000
2025-10-28 22:49:56,321 - PCN - INFO - [Epoch 29/150][Batch 201/1311] BatchTime = 0.545 (s) DataTime = 0.001 (s) Losses = ['6.2148', '3.3365'] lr = 0.0001000
2025-10-28 22:50:54,637 - PCN - INFO - [Epoch 29/150][Batch 301/1311] BatchTime = 0.390 (s) DataTime = 0.001 (s) Losses = ['6.2442', '3.3546'] lr = 0.0001000
2025-10-28 22:51:56,746 - PCN - INFO - [Epoch 29/150][Batch 401/1311] BatchTime = 0.708 (s) DataTime = 0.001 (s) Losses = ['11.2603', '6.4018'] lr = 0.0001000
2025-10-28 22:52:57,085 - PCN - INFO - [Epoch 29/150][Batch 501/1311] BatchTime = 0.431 (s) DataTime = 0.001 (s) Losses = ['5.7693', '3.2659'] lr = 0.0001000
2025-10-28 22:53:57,322 - PCN - INFO - [Epoch 29/150][Batch 601/1311] BatchTime = 0.902 (s) DataTime = 0.001 (s) Losses = ['6.9091', '4.1329'] lr = 0.0001000
2025-10-28 22:54:59,321 - PCN - INFO - [Epoch 29/150][Batch 701/1311] BatchTime = 0.564 (s) DataTime = 0.001 (s) Losses = ['7.5208', '4.7163'] lr = 0.0001000
2025-10-28 22:56:00,037 - PCN - INFO - [Epoch 29/150][Batch 801/1311] BatchTime = 0.661 (s) DataTime = 0.001 (s) Losses = ['6.0549', '3.6122'] lr = 0.0001000
2025-10-28 22:56:59,588 - PCN - INFO - [Epoch 29/150][Batch 901/1311] BatchTime = 0.466 (s) DataTime = 0.001 (s) Losses = ['5.2673', '2.9156'] lr = 0.0001000
2025-10-28 22:57:55,572 - PCN - INFO - [Epoch 29/150][Batch 1001/1311] BatchTime = 0.606 (s) DataTime = 0.001 (s) Losses = ['5.1066', '2.7709'] lr = 0.0001000
2025-10-28 22:58:56,712 - PCN - INFO - [Epoch 29/150][Batch 1101/1311] BatchTime = 0.645 (s) DataTime = 0.001 (s) Losses = ['6.0195', '3.2154'] lr = 0.0001000
2025-10-28 22:59:55,857 - PCN - INFO - [Epoch 29/150][Batch 1201/1311] BatchTime = 0.658 (s) DataTime = 0.001 (s) Losses = ['6.1824', '3.8945'] lr = 0.0001000
2025-10-28 23:00:54,655 - PCN - INFO - [Epoch 29/150][Batch 1301/1311] BatchTime = 0.741 (s) DataTime = 0.001 (s) Losses = ['9.4736', '4.9870'] lr = 0.0001000
2025-10-28 23:01:00,064 - PCN - INFO - [Training] EPOCH: 29 EpochTime = 780.719 (s) Losses = ['6.6787', '3.8273']
2025-10-28 23:01:00,135 - PCN - INFO - Save checkpoint at ./experiments/PCN/ShapeNet55_models/PCN_fog/ckpt-last.pth
2025-10-28 23:01:00,708 - PCN - INFO - [Epoch 30/150][Batch 1/1311] BatchTime = 0.573 (s) DataTime = 0.083 (s) Losses = ['6.5235', '3.7942'] lr = 0.0001000
2025-10-28 23:02:00,344 - PCN - INFO - [Epoch 30/150][Batch 101/1311] BatchTime = 0.384 (s) DataTime = 0.001 (s) Losses = ['5.8734', '2.9247'] lr = 0.0001000
2025-10-28 23:02:58,895 - PCN - INFO - [Epoch 30/150][Batch 201/1311] BatchTime = 0.634 (s) DataTime = 0.001 (s) Losses = ['5.8218', '3.3089'] lr = 0.0001000
2025-10-28 23:03:58,259 - PCN - INFO - [Epoch 30/150][Batch 301/1311] BatchTime = 0.532 (s) DataTime = 0.001 (s) Losses = ['5.8496', '3.4131'] lr = 0.0001000
2025-10-28 23:04:57,187 - PCN - INFO - [Epoch 30/150][Batch 401/1311] BatchTime = 0.809 (s) DataTime = 0.001 (s) Losses = ['6.3492', '3.6261'] lr = 0.0001000
2025-10-28 23:05:56,701 - PCN - INFO - [Epoch 30/150][Batch 501/1311] BatchTime = 0.555 (s) DataTime = 0.001 (s) Losses = ['6.8607', '3.9313'] lr = 0.0001000
2025-10-28 23:06:57,072 - PCN - INFO - [Epoch 30/150][Batch 601/1311] BatchTime = 0.709 (s) DataTime = 0.001 (s) Losses = ['8.9068', '4.8158'] lr = 0.0001000
2025-10-28 23:07:56,498 - PCN - INFO - [Epoch 30/150][Batch 701/1311] BatchTime = 0.556 (s) DataTime = 0.001 (s) Losses = ['7.0664', '3.9788'] lr = 0.0001000
2025-10-28 23:08:56,033 - PCN - INFO - [Epoch 30/150][Batch 801/1311] BatchTime = 0.462 (s) DataTime = 0.001 (s) Losses = ['5.6140', '3.1712'] lr = 0.0001000
2025-10-28 23:09:58,143 - PCN - INFO - [Epoch 30/150][Batch 901/1311] BatchTime = 0.625 (s) DataTime = 0.001 (s) Losses = ['6.6416', '3.6523'] lr = 0.0001000
2025-10-28 23:10:57,585 - PCN - INFO - [Epoch 30/150][Batch 1001/1311] BatchTime = 0.515 (s) DataTime = 0.001 (s) Losses = ['5.9823', '3.2896'] lr = 0.0001000
2025-10-28 23:11:56,981 - PCN - INFO - [Epoch 30/150][Batch 1101/1311] BatchTime = 0.882 (s) DataTime = 0.001 (s) Losses = ['5.1429', '3.1368'] lr = 0.0001000
2025-10-28 23:12:56,015 - PCN - INFO - [Epoch 30/150][Batch 1201/1311] BatchTime = 0.671 (s) DataTime = 0.001 (s) Losses = ['7.1165', '4.0355'] lr = 0.0001000
2025-10-28 23:13:54,919 - PCN - INFO - [Epoch 30/150][Batch 1301/1311] BatchTime = 0.514 (s) DataTime = 0.001 (s) Losses = ['5.9551', '3.3516'] lr = 0.0001000
2025-10-28 23:14:01,039 - PCN - INFO - [Training] EPOCH: 30 EpochTime = 780.904 (s) Losses = ['6.6156', '3.7738']
2025-10-28 23:14:01,039 - PCN - INFO - [VALIDATION] Start validating epoch 30
2025-10-28 23:14:35,598 - PCN - INFO - Test[1051/10518] Taxonomy = 02691156 Sample = c7749c0a8b61f43bc9b9e28055202e3d Losses = ['34.5968', '4.6760', '28.0962', '2.9230'] Metrics = ['0.1848', '28.0962', '2.9230', '0.0000']
2025-10-28 23:15:09,490 - PCN - INFO - Test[2102/10518] Taxonomy = 03211117 Sample = ab2f9418c111cc6ddb965514105122a4 Losses = ['31.4597', '2.6564', '25.7788', '2.2320'] Metrics = ['0.1364', '25.7788', '2.2320', '0.0000']
2025-10-28 23:15:44,783 - PCN - INFO - Test[3153/10518] Taxonomy = 02876657 Sample = c5032e4be091aabb36fe7a88df793982 Losses = ['60.0585', '11.5271', '41.9534', '5.8268'] Metrics = ['0.0537', '41.9534', '5.8268', '0.0000']
2025-10-28 23:16:20,934 - PCN - INFO - Test[4204/10518] Taxonomy = 03211117 Sample = 722df1da5778d45b1e43523279c7f09f Losses = ['62.7208', '10.0701', '46.3387', '7.0280'] Metrics = ['0.0453', '46.3387', '7.0280', '0.0000']
2025-10-28 23:16:58,006 - PCN - INFO - Test[5255/10518] Taxonomy = 02828884 Sample = 14b63361a48a9fffe4a048c146e8bd43 Losses = ['51.6851', '7.5410', '40.2683', '4.8416'] Metrics = ['0.0554', '40.2683', '4.8417', '0.0000']
2025-10-28 23:17:33,614 - PCN - INFO - Test[6306/10518] Taxonomy = 03211117 Sample = d330d50a0255529d19ed6e1a590c9122 Losses = ['40.1185', '4.1687', '29.3223', '2.6547'] Metrics = ['0.0782', '29.3223', '2.6547', '0.0000']
2025-10-28 23:18:07,899 - PCN - INFO - Test[7357/10518] Taxonomy = 04379243 Sample = b1ca280d9567270ade98d10ab5975b59 Losses = ['53.2820', '11.4375', '33.3100', '5.5051'] Metrics = ['0.0848', '33.3100', '5.5051', '0.0000']
2025-10-28 23:18:42,826 - PCN - INFO - Test[8408/10518] Taxonomy = 03001627 Sample = 89208a619341d9fdb8c516ed5c4ce32 Losses = ['48.6868', '6.2765', '30.6890', '2.6981'] Metrics = ['0.0558', '30.6890', '2.6981', '0.0000']
2025-10-28 23:19:17,827 - PCN - INFO - Test[9459/10518] Taxonomy = 03001627 Sample = d0255120e3351121c3bd24f986301745 Losses = ['53.3630', '7.9247', '37.3861', '4.3571'] Metrics = ['0.0471', '37.3861', '4.3571', '0.0000']
2025-10-28 23:19:51,955 - PCN - INFO - Test[10510/10518] Taxonomy = 03636649 Sample = ea9ec4d9db2e06202471e6dd5ac3ef92 Losses = ['35.7023', '4.1300', '26.9288', '2.4120'] Metrics = ['0.1884', '26.9288', '2.4120', '0.0000']
2025-10-28 23:19:52,154 - PCN - INFO - [Validation] EPOCH: 30  Metrics = ['0.1003', '33.9856', '4.2351', '0.0000']
2025-10-28 23:19:52,154 - PCN - INFO - ============================ TEST RESULTS ============================
2025-10-28 23:19:52,154 - PCN - INFO - Taxonomy	#Sample	F-Score	CDL1	CDL2	EMDistance	#ModelName	
2025-10-28 23:19:52,154 - PCN - INFO - 03759954	14	0.142 	41.148 	8.499 	0.000 	microphone	
2025-10-28 23:19:52,154 - PCN - INFO - 04330267	44	0.056 	35.978 	4.192 	0.000 	stove	
2025-10-28 23:19:52,154 - PCN - INFO - 03261776	15	0.080 	40.373 	6.891 	0.000 	earphone	
2025-10-28 23:19:52,154 - PCN - INFO - 03513137	33	0.024 	56.221 	11.325 	0.000 	helmet	
2025-10-28 23:19:52,154 - PCN - INFO - 04460130	27	0.113 	33.124 	3.836 	0.000 	tower	
2025-10-28 23:19:52,154 - PCN - INFO - 04468005	78	0.118 	26.917 	2.319 	0.000 	train	
2025-10-28 23:19:52,154 - PCN - INFO - 03761084	31	0.033 	39.137 	4.799 	0.000 	microwaves	
2025-10-28 23:19:52,154 - PCN - INFO - 04004475	34	0.041 	42.414 	6.050 	0.000 	printer	
2025-10-28 23:19:52,154 - PCN - INFO - 03938244	20	0.040 	45.971 	6.766 	0.000 	pillow	
2025-10-28 23:19:52,154 - PCN - INFO - 02992529	167	0.110 	23.794 	1.659 	0.000 	cellphone	
2025-10-28 23:19:52,154 - PCN - INFO - 02808440	172	0.058 	35.815 	4.292 	0.000 	bathtub	
2025-10-28 23:19:52,154 - PCN - INFO - 04530566	388	0.156 	26.268 	2.472 	0.000 	watercraft	
2025-10-28 23:19:52,154 - PCN - INFO - 02871439	91	0.059 	35.954 	4.350 	0.000 	bookshelf	
2025-10-28 23:19:52,154 - PCN - INFO - 03593526	120	0.055 	42.005 	6.164 	0.000 	jar	
2025-10-28 23:19:52,154 - PCN - INFO - 04554684	34	0.035 	39.145 	4.748 	0.000 	washer	
2025-10-28 23:19:52,154 - PCN - INFO - 03467517	160	0.388 	15.992 	0.915 	0.000 	guitar	
2025-10-28 23:19:52,154 - PCN - INFO - 04401088	218	0.109 	23.748 	1.697 	0.000 	telephone	
2025-10-28 23:19:52,154 - PCN - INFO - 02954340	12	0.025 	52.703 	8.733 	0.000 	cap	
2025-10-28 23:19:52,154 - PCN - INFO - 02933112	315	0.059 	31.875 	3.104 	0.000 	cabinet	
2025-10-28 23:19:52,154 - PCN - INFO - 03642806	92	0.108 	24.364 	1.809 	0.000 	laptop	
2025-10-28 23:19:52,154 - PCN - INFO - 02924116	188	0.087 	28.798 	2.494 	0.000 	bus	
2025-10-28 23:19:52,154 - PCN - INFO - 02946921	22	0.045 	37.447 	4.555 	0.000 	can	
2025-10-28 23:19:52,154 - PCN - INFO - 02818832	47	0.052 	41.586 	6.192 	0.000 	bed	
2025-10-28 23:19:52,154 - PCN - INFO - 04256520	635	0.056 	32.906 	3.252 	0.000 	sofa	
2025-10-28 23:19:52,154 - PCN - INFO - 04379243	1687	0.108 	30.992 	3.669 	0.000 	table	
2025-10-28 23:19:52,154 - PCN - INFO - 02747177	69	0.041 	36.138 	4.036 	0.000 	trash bin	
2025-10-28 23:19:52,155 - PCN - INFO - 03046257	131	0.065 	34.811 	4.080 	0.000 	clock	
2025-10-28 23:19:52,155 - PCN - INFO - 04225987	31	0.152 	26.175 	2.485 	0.000 	skateboard	
2025-10-28 23:19:52,155 - PCN - INFO - 03797390	43	0.034 	39.647 	5.093 	0.000 	mug	
2025-10-28 23:19:52,155 - PCN - INFO - 03001627	1356	0.083 	33.197 	3.803 	0.000 	chair	
2025-10-28 23:19:52,155 - PCN - INFO - 03691459	320	0.046 	38.904 	4.946 	0.000 	loudspeaker	
2025-10-28 23:19:52,155 - PCN - INFO - 02942699	23	0.037 	50.090 	8.899 	0.000 	camera	
2025-10-28 23:19:52,155 - PCN - INFO - 03636649	464	0.112 	40.363 	6.815 	0.000 	lamp	
2025-10-28 23:19:52,155 - PCN - INFO - 02691156	809	0.205 	23.324 	1.972 	0.000 	airplane	
2025-10-28 23:19:52,155 - PCN - INFO - 02773838	17	0.059 	38.335 	4.924 	0.000 	bag	
2025-10-28 23:19:52,155 - PCN - INFO - 02958343	703	0.069 	29.568 	2.579 	0.000 	car	
2025-10-28 23:19:52,155 - PCN - INFO - 02880940	38	0.039 	39.873 	5.033 	0.000 	bowl	
2025-10-28 23:19:52,155 - PCN - INFO - 04099429	17	0.280 	22.133 	2.078 	0.000 	rocket	
2025-10-28 23:19:52,155 - PCN - INFO - 02828884	363	0.131 	28.463 	3.008 	0.000 	bench	
2025-10-28 23:19:52,155 - PCN - INFO - 04090263	475	0.366 	17.922 	1.302 	0.000 	rifle	
2025-10-28 23:19:52,155 - PCN - INFO - 03211117	219	0.072 	32.264 	3.539 	0.000 	display	
2025-10-28 23:19:52,155 - PCN - INFO - 02876657	100	0.099 	29.228 	2.877 	0.000 	bottle	
2025-10-28 23:19:52,155 - PCN - INFO - 03710193	19	0.112 	33.334 	4.069 	0.000 	mailbox	
2025-10-28 23:19:52,155 - PCN - INFO - 03790512	68	0.095 	28.990 	2.748 	0.000 	motorbike	
2025-10-28 23:19:52,155 - PCN - INFO - 03325088	149	0.100 	40.294 	6.653 	0.000 	faucet	
2025-10-28 23:19:52,155 - PCN - INFO - 02801938	23	0.039 	39.537 	5.233 	0.000 	basket	
2025-10-28 23:19:52,155 - PCN - INFO - 03337140	60	0.059 	33.215 	3.575 	0.000 	file cabinet	
2025-10-28 23:19:52,155 - PCN - INFO - 02843684	15	0.048 	41.841 	5.887 	0.000 	birdhouse	
2025-10-28 23:19:52,155 - PCN - INFO - 03624134	85	0.377 	17.186 	1.125 	0.000 	knife	
2025-10-28 23:19:52,155 - PCN - INFO - 03991062	121	0.041 	44.269 	6.592 	0.000 	flowerpot	
2025-10-28 23:19:52,155 - PCN - INFO - 03948459	62	0.190 	23.122 	1.789 	0.000 	pistol	
2025-10-28 23:19:52,155 - PCN - INFO - 03928116	48	0.057 	39.648 	5.347 	0.000 	piano	
2025-10-28 23:19:52,155 - PCN - INFO - 03207941	19	0.040 	35.264 	3.854 	0.000 	dishwasher	
2025-10-28 23:19:52,155 - PCN - INFO - 04074963	14	0.117 	25.774 	2.026 	0.000 	remote	
2025-10-28 23:19:52,155 - PCN - INFO - 03085013	13	0.195 	21.625 	1.779 	0.000 	keyboard	
2025-10-28 23:19:52,155 - PCN - INFO - Overall		0.100 	33.986 	4.235 	0.000 	
2025-10-28 23:19:52,238 - PCN - INFO - Save checkpoint at ./experiments/PCN/ShapeNet55_models/PCN_fog/ckpt-best.pth
2025-10-28 23:19:52,314 - PCN - INFO - Save checkpoint at ./experiments/PCN/ShapeNet55_models/PCN_fog/ckpt-last.pth
2025-10-28 23:19:53,010 - PCN - INFO - [Epoch 31/150][Batch 1/1311] BatchTime = 0.696 (s) DataTime = 0.080 (s) Losses = ['5.9690', '3.4410'] lr = 0.0001000
2025-10-28 23:20:51,362 - PCN - INFO - [Epoch 31/150][Batch 101/1311] BatchTime = 0.677 (s) DataTime = 0.001 (s) Losses = ['8.0135', '4.7999'] lr = 0.0001000
2025-10-28 23:21:50,406 - PCN - INFO - [Epoch 31/150][Batch 201/1311] BatchTime = 0.881 (s) DataTime = 0.001 (s) Losses = ['7.9464', '4.2226'] lr = 0.0001000
2025-10-28 23:22:50,674 - PCN - INFO - [Epoch 31/150][Batch 301/1311] BatchTime = 0.290 (s) DataTime = 0.001 (s) Losses = ['7.5144', '4.1571'] lr = 0.0001000
2025-10-28 23:23:49,550 - PCN - INFO - [Epoch 31/150][Batch 401/1311] BatchTime = 0.567 (s) DataTime = 0.001 (s) Losses = ['8.5391', '5.7257'] lr = 0.0001000
2025-10-28 23:24:50,224 - PCN - INFO - [Epoch 31/150][Batch 501/1311] BatchTime = 0.704 (s) DataTime = 0.001 (s) Losses = ['5.7498', '3.1270'] lr = 0.0001000
2025-10-28 23:25:47,114 - PCN - INFO - [Epoch 31/150][Batch 601/1311] BatchTime = 0.516 (s) DataTime = 0.001 (s) Losses = ['7.4388', '4.2554'] lr = 0.0001000
2025-10-28 23:26:49,283 - PCN - INFO - [Epoch 31/150][Batch 701/1311] BatchTime = 0.659 (s) DataTime = 0.001 (s) Losses = ['5.6886', '3.0500'] lr = 0.0001000
2025-10-28 23:27:48,164 - PCN - INFO - [Epoch 31/150][Batch 801/1311] BatchTime = 0.622 (s) DataTime = 0.001 (s) Losses = ['5.5622', '2.9085'] lr = 0.0001000
2025-10-28 23:28:50,732 - PCN - INFO - [Epoch 31/150][Batch 901/1311] BatchTime = 0.682 (s) DataTime = 0.001 (s) Losses = ['6.8513', '3.9892'] lr = 0.0001000
2025-10-28 23:29:52,142 - PCN - INFO - [Epoch 31/150][Batch 1001/1311] BatchTime = 0.535 (s) DataTime = 0.001 (s) Losses = ['7.2970', '4.3061'] lr = 0.0001000
2025-10-28 23:30:50,972 - PCN - INFO - [Epoch 31/150][Batch 1101/1311] BatchTime = 0.483 (s) DataTime = 0.001 (s) Losses = ['5.7362', '3.0288'] lr = 0.0001000
2025-10-28 23:31:49,138 - PCN - INFO - [Epoch 31/150][Batch 1201/1311] BatchTime = 0.513 (s) DataTime = 0.001 (s) Losses = ['6.8076', '3.9081'] lr = 0.0001000
2025-10-28 23:32:46,403 - PCN - INFO - [Epoch 31/150][Batch 1301/1311] BatchTime = 0.669 (s) DataTime = 0.001 (s) Losses = ['7.8187', '4.6381'] lr = 0.0001000
2025-10-28 23:32:53,562 - PCN - INFO - [Training] EPOCH: 31 EpochTime = 781.248 (s) Losses = ['6.6245', '3.7725']
2025-10-28 23:32:53,639 - PCN - INFO - Save checkpoint at ./experiments/PCN/ShapeNet55_models/PCN_fog/ckpt-last.pth
2025-10-28 23:32:54,458 - PCN - INFO - [Epoch 32/150][Batch 1/1311] BatchTime = 0.818 (s) DataTime = 0.085 (s) Losses = ['5.3065', '2.7709'] lr = 0.0001000
2025-10-28 23:33:56,897 - PCN - INFO - [Epoch 32/150][Batch 101/1311] BatchTime = 0.829 (s) DataTime = 0.001 (s) Losses = ['5.9177', '3.1797'] lr = 0.0001000
2025-10-28 23:34:56,641 - PCN - INFO - [Epoch 32/150][Batch 201/1311] BatchTime = 0.435 (s) DataTime = 0.001 (s) Losses = ['6.4937', '3.0702'] lr = 0.0001000
2025-10-28 23:35:56,658 - PCN - INFO - [Epoch 32/150][Batch 301/1311] BatchTime = 0.343 (s) DataTime = 0.001 (s) Losses = ['6.6153', '3.7921'] lr = 0.0001000
2025-10-28 23:36:57,050 - PCN - INFO - [Epoch 32/150][Batch 401/1311] BatchTime = 0.444 (s) DataTime = 0.001 (s) Losses = ['5.9418', '3.5166'] lr = 0.0001000
2025-10-28 23:37:57,325 - PCN - INFO - [Epoch 32/150][Batch 501/1311] BatchTime = 0.457 (s) DataTime = 0.001 (s) Losses = ['5.1049', '2.6125'] lr = 0.0001000
2025-10-28 23:38:56,621 - PCN - INFO - [Epoch 32/150][Batch 601/1311] BatchTime = 0.504 (s) DataTime = 0.001 (s) Losses = ['6.6018', '3.7148'] lr = 0.0001000
2025-10-28 23:39:53,645 - PCN - INFO - [Epoch 32/150][Batch 701/1311] BatchTime = 0.404 (s) DataTime = 0.001 (s) Losses = ['6.5440', '3.8324'] lr = 0.0001000
2025-10-28 23:40:54,207 - PCN - INFO - [Epoch 32/150][Batch 801/1311] BatchTime = 0.556 (s) DataTime = 0.001 (s) Losses = ['9.0730', '4.9454'] lr = 0.0001000
2025-10-28 23:41:52,650 - PCN - INFO - [Epoch 32/150][Batch 901/1311] BatchTime = 0.675 (s) DataTime = 0.001 (s) Losses = ['7.1829', '3.8883'] lr = 0.0001000
2025-10-28 23:42:52,299 - PCN - INFO - [Epoch 32/150][Batch 1001/1311] BatchTime = 0.564 (s) DataTime = 0.001 (s) Losses = ['6.6839', '3.3837'] lr = 0.0001000
2025-10-28 23:43:50,783 - PCN - INFO - [Epoch 32/150][Batch 1101/1311] BatchTime = 0.541 (s) DataTime = 0.001 (s) Losses = ['6.9402', '3.9516'] lr = 0.0001000
2025-10-28 23:44:51,838 - PCN - INFO - [Epoch 32/150][Batch 1201/1311] BatchTime = 0.655 (s) DataTime = 0.001 (s) Losses = ['6.1728', '3.4156'] lr = 0.0001000
2025-10-28 23:45:52,168 - PCN - INFO - [Epoch 32/150][Batch 1301/1311] BatchTime = 0.624 (s) DataTime = 0.001 (s) Losses = ['5.9547', '3.6146'] lr = 0.0001000
2025-10-28 23:45:57,786 - PCN - INFO - [Training] EPOCH: 32 EpochTime = 784.146 (s) Losses = ['6.5576', '3.7125']
2025-10-28 23:45:57,864 - PCN - INFO - Save checkpoint at ./experiments/PCN/ShapeNet55_models/PCN_fog/ckpt-last.pth
2025-10-28 23:45:58,612 - PCN - INFO - [Epoch 33/150][Batch 1/1311] BatchTime = 0.747 (s) DataTime = 0.084 (s) Losses = ['6.3990', '3.4496'] lr = 0.0001000
2025-10-28 23:47:01,492 - PCN - INFO - [Epoch 33/150][Batch 101/1311] BatchTime = 0.649 (s) DataTime = 0.001 (s) Losses = ['7.9671', '4.3074'] lr = 0.0001000
2025-10-28 23:48:01,448 - PCN - INFO - [Epoch 33/150][Batch 201/1311] BatchTime = 0.671 (s) DataTime = 0.001 (s) Losses = ['5.1474', '2.6880'] lr = 0.0001000
2025-10-28 23:49:00,393 - PCN - INFO - [Epoch 33/150][Batch 301/1311] BatchTime = 0.481 (s) DataTime = 0.001 (s) Losses = ['8.4110', '4.8070'] lr = 0.0001000
2025-10-28 23:50:01,176 - PCN - INFO - [Epoch 33/150][Batch 401/1311] BatchTime = 0.656 (s) DataTime = 0.001 (s) Losses = ['6.1283', '3.3280'] lr = 0.0001000
2025-10-28 23:51:02,653 - PCN - INFO - [Epoch 33/150][Batch 501/1311] BatchTime = 0.849 (s) DataTime = 0.001 (s) Losses = ['7.1957', '4.3080'] lr = 0.0001000
2025-10-28 23:52:02,277 - PCN - INFO - [Epoch 33/150][Batch 601/1311] BatchTime = 0.914 (s) DataTime = 0.001 (s) Losses = ['6.9768', '4.0697'] lr = 0.0001000
2025-10-28 23:53:00,227 - PCN - INFO - [Epoch 33/150][Batch 701/1311] BatchTime = 0.439 (s) DataTime = 0.001 (s) Losses = ['5.7520', '3.0498'] lr = 0.0001000
2025-10-28 23:54:00,287 - PCN - INFO - [Epoch 33/150][Batch 801/1311] BatchTime = 0.559 (s) DataTime = 0.001 (s) Losses = ['6.4701', '3.8598'] lr = 0.0001000
2025-10-28 23:54:59,503 - PCN - INFO - [Epoch 33/150][Batch 901/1311] BatchTime = 0.959 (s) DataTime = 0.001 (s) Losses = ['7.9579', '4.9266'] lr = 0.0001000
2025-10-28 23:55:55,933 - PCN - INFO - [Epoch 33/150][Batch 1001/1311] BatchTime = 0.517 (s) DataTime = 0.001 (s) Losses = ['5.7999', '3.0077'] lr = 0.0001000
2025-10-28 23:56:59,169 - PCN - INFO - [Epoch 33/150][Batch 1101/1311] BatchTime = 0.618 (s) DataTime = 0.001 (s) Losses = ['6.2919', '3.2749'] lr = 0.0001000
2025-10-28 23:57:57,175 - PCN - INFO - [Epoch 33/150][Batch 1201/1311] BatchTime = 0.353 (s) DataTime = 0.001 (s) Losses = ['6.8441', '3.5903'] lr = 0.0001000
2025-10-28 23:58:56,921 - PCN - INFO - [Epoch 33/150][Batch 1301/1311] BatchTime = 0.460 (s) DataTime = 0.001 (s) Losses = ['5.5970', '3.1251'] lr = 0.0001000
2025-10-28 23:59:02,299 - PCN - INFO - [Training] EPOCH: 33 EpochTime = 784.434 (s) Losses = ['6.4867', '3.6653']
2025-10-28 23:59:02,371 - PCN - INFO - Save checkpoint at ./experiments/PCN/ShapeNet55_models/PCN_fog/ckpt-last.pth
2025-10-28 23:59:03,020 - PCN - INFO - [Epoch 34/150][Batch 1/1311] BatchTime = 0.649 (s) DataTime = 0.082 (s) Losses = ['6.3762', '3.4451'] lr = 0.0001000
2025-10-29 00:00:02,738 - PCN - INFO - [Epoch 34/150][Batch 101/1311] BatchTime = 0.745 (s) DataTime = 0.001 (s) Losses = ['6.1696', '3.3470'] lr = 0.0001000
2025-10-29 00:01:03,145 - PCN - INFO - [Epoch 34/150][Batch 201/1311] BatchTime = 0.857 (s) DataTime = 0.001 (s) Losses = ['5.6784', '3.1236'] lr = 0.0001000
2025-10-29 00:02:06,051 - PCN - INFO - [Epoch 34/150][Batch 301/1311] BatchTime = 0.360 (s) DataTime = 0.001 (s) Losses = ['4.9201', '2.5054'] lr = 0.0001000
2025-10-29 00:03:07,831 - PCN - INFO - [Epoch 34/150][Batch 401/1311] BatchTime = 0.824 (s) DataTime = 0.001 (s) Losses = ['5.8565', '3.6867'] lr = 0.0001000
2025-10-29 00:04:08,034 - PCN - INFO - [Epoch 34/150][Batch 501/1311] BatchTime = 0.549 (s) DataTime = 0.001 (s) Losses = ['5.5478', '2.8520'] lr = 0.0001000
2025-10-29 00:05:05,925 - PCN - INFO - [Epoch 34/150][Batch 601/1311] BatchTime = 1.079 (s) DataTime = 0.001 (s) Losses = ['8.5574', '4.7523'] lr = 0.0001000
2025-10-29 00:06:04,959 - PCN - INFO - [Epoch 34/150][Batch 701/1311] BatchTime = 0.723 (s) DataTime = 0.001 (s) Losses = ['6.9965', '3.9750'] lr = 0.0001000
2025-10-29 00:07:06,353 - PCN - INFO - [Epoch 34/150][Batch 801/1311] BatchTime = 0.778 (s) DataTime = 0.001 (s) Losses = ['5.0745', '2.7006'] lr = 0.0001000
2025-10-29 00:08:06,400 - PCN - INFO - [Epoch 34/150][Batch 901/1311] BatchTime = 0.764 (s) DataTime = 0.001 (s) Losses = ['7.0370', '4.1885'] lr = 0.0001000
2025-10-29 00:09:05,934 - PCN - INFO - [Epoch 34/150][Batch 1001/1311] BatchTime = 0.438 (s) DataTime = 0.001 (s) Losses = ['8.1402', '4.9011'] lr = 0.0001000
2025-10-29 00:10:05,890 - PCN - INFO - [Epoch 34/150][Batch 1101/1311] BatchTime = 1.028 (s) DataTime = 0.001 (s) Losses = ['5.8946', '3.0686'] lr = 0.0001000
2025-10-29 00:11:08,449 - PCN - INFO - [Epoch 34/150][Batch 1201/1311] BatchTime = 0.492 (s) DataTime = 0.001 (s) Losses = ['7.6459', '3.9912'] lr = 0.0001000
2025-10-29 00:12:08,712 - PCN - INFO - [Epoch 34/150][Batch 1301/1311] BatchTime = 0.701 (s) DataTime = 0.001 (s) Losses = ['8.1108', '4.7522'] lr = 0.0001000
2025-10-29 00:12:14,942 - PCN - INFO - [Training] EPOCH: 34 EpochTime = 792.571 (s) Losses = ['6.4733', '3.6358']
2025-10-29 00:12:15,021 - PCN - INFO - Save checkpoint at ./experiments/PCN/ShapeNet55_models/PCN_fog/ckpt-last.pth
2025-10-29 00:12:15,741 - PCN - INFO - [Epoch 35/150][Batch 1/1311] BatchTime = 0.719 (s) DataTime = 0.083 (s) Losses = ['7.4228', '4.4972'] lr = 0.0001000
2025-10-29 00:13:13,029 - PCN - INFO - [Epoch 35/150][Batch 101/1311] BatchTime = 0.778 (s) DataTime = 0.001 (s) Losses = ['7.4140', '4.6187'] lr = 0.0001000
2025-10-29 00:14:12,130 - PCN - INFO - [Epoch 35/150][Batch 201/1311] BatchTime = 0.390 (s) DataTime = 0.001 (s) Losses = ['6.4414', '3.5049'] lr = 0.0001000
2025-10-29 00:15:12,330 - PCN - INFO - [Epoch 35/150][Batch 301/1311] BatchTime = 0.636 (s) DataTime = 0.001 (s) Losses = ['7.5231', '4.2974'] lr = 0.0001000
2025-10-29 00:16:11,735 - PCN - INFO - [Epoch 35/150][Batch 401/1311] BatchTime = 0.726 (s) DataTime = 0.001 (s) Losses = ['6.5944', '3.6017'] lr = 0.0001000
2025-10-29 00:17:12,883 - PCN - INFO - [Epoch 35/150][Batch 501/1311] BatchTime = 0.451 (s) DataTime = 0.001 (s) Losses = ['7.5058', '4.0521'] lr = 0.0001000
2025-10-29 00:18:10,752 - PCN - INFO - [Epoch 35/150][Batch 601/1311] BatchTime = 0.438 (s) DataTime = 0.001 (s) Losses = ['7.1419', '3.8788'] lr = 0.0001000
2025-10-29 00:19:12,613 - PCN - INFO - [Epoch 35/150][Batch 701/1311] BatchTime = 0.428 (s) DataTime = 0.001 (s) Losses = ['5.3767', '3.1028'] lr = 0.0001000
2025-10-29 00:20:10,511 - PCN - INFO - [Epoch 35/150][Batch 801/1311] BatchTime = 0.405 (s) DataTime = 0.001 (s) Losses = ['7.1985', '4.3208'] lr = 0.0001000
2025-10-29 00:21:08,618 - PCN - INFO - [Epoch 35/150][Batch 901/1311] BatchTime = 0.622 (s) DataTime = 0.001 (s) Losses = ['6.7260', '3.7442'] lr = 0.0001000
2025-10-29 00:22:06,081 - PCN - INFO - [Epoch 35/150][Batch 1001/1311] BatchTime = 0.768 (s) DataTime = 0.001 (s) Losses = ['6.4920', '3.6562'] lr = 0.0001000
2025-10-29 00:23:05,240 - PCN - INFO - [Epoch 35/150][Batch 1101/1311] BatchTime = 0.422 (s) DataTime = 0.001 (s) Losses = ['8.0658', '4.6202'] lr = 0.0001000
2025-10-29 00:24:07,098 - PCN - INFO - [Epoch 35/150][Batch 1201/1311] BatchTime = 0.724 (s) DataTime = 0.001 (s) Losses = ['5.9506', '3.4180'] lr = 0.0001000
2025-10-29 00:25:07,525 - PCN - INFO - [Epoch 35/150][Batch 1301/1311] BatchTime = 0.473 (s) DataTime = 0.001 (s) Losses = ['7.8772', '4.4675'] lr = 0.0001000
2025-10-29 00:25:14,164 - PCN - INFO - [Training] EPOCH: 35 EpochTime = 779.143 (s) Losses = ['6.4686', '3.6442']
2025-10-29 00:25:14,165 - PCN - INFO - [VALIDATION] Start validating epoch 35
2025-10-29 00:25:51,441 - PCN - INFO - Test[1051/10518] Taxonomy = 02691156 Sample = c7749c0a8b61f43bc9b9e28055202e3d Losses = ['37.4540', '5.3968', '26.3356', '2.8222'] Metrics = ['0.2059', '26.3356', '2.8222', '0.0000']
2025-10-29 00:26:26,762 - PCN - INFO - Test[2102/10518] Taxonomy = 03211117 Sample = ab2f9418c111cc6ddb965514105122a4 Losses = ['32.4566', '2.6353', '26.5810', '2.0993'] Metrics = ['0.1320', '26.5810', '2.0993', '0.0000']
2025-10-29 00:27:02,111 - PCN - INFO - Test[3153/10518] Taxonomy = 02876657 Sample = c5032e4be091aabb36fe7a88df793982 Losses = ['59.6465', '11.4369', '42.7320', '6.0417'] Metrics = ['0.0561', '42.7320', '6.0417', '0.0000']
2025-10-29 00:27:38,399 - PCN - INFO - Test[4204/10518] Taxonomy = 03211117 Sample = 722df1da5778d45b1e43523279c7f09f Losses = ['47.7298', '6.2500', '35.0100', '4.1348'] Metrics = ['0.0801', '35.0100', '4.1348', '0.0000']
2025-10-29 00:28:14,555 - PCN - INFO - Test[5255/10518] Taxonomy = 02828884 Sample = 14b63361a48a9fffe4a048c146e8bd43 Losses = ['51.0247', '6.9886', '43.8784', '5.5884'] Metrics = ['0.0500', '43.8784', '5.5884', '0.0000']
2025-10-29 00:28:48,822 - PCN - INFO - Test[6306/10518] Taxonomy = 03211117 Sample = d330d50a0255529d19ed6e1a590c9122 Losses = ['37.1477', '4.1668', '30.5387', '2.7865'] Metrics = ['0.0741', '30.5387', '2.7865', '0.0000']
2025-10-29 00:29:23,667 - PCN - INFO - Test[7357/10518] Taxonomy = 04379243 Sample = b1ca280d9567270ade98d10ab5975b59 Losses = ['51.9593', '8.4535', '30.6023', '3.6125'] Metrics = ['0.0860', '30.6023', '3.6125', '0.0000']
2025-10-29 00:29:58,477 - PCN - INFO - Test[8408/10518] Taxonomy = 03001627 Sample = 89208a619341d9fdb8c516ed5c4ce32 Losses = ['46.1306', '5.6223', '34.0169', '3.2893'] Metrics = ['0.0482', '34.0169', '3.2893', '0.0000']
2025-10-29 00:30:32,495 - PCN - INFO - Test[9459/10518] Taxonomy = 03001627 Sample = d0255120e3351121c3bd24f986301745 Losses = ['52.7554', '8.1215', '37.7435', '4.4431'] Metrics = ['0.0597', '37.7435', '4.4431', '0.0000']
2025-10-29 00:31:07,998 - PCN - INFO - Test[10510/10518] Taxonomy = 03636649 Sample = ea9ec4d9db2e06202471e6dd5ac3ef92 Losses = ['35.5048', '4.1702', '25.9854', '2.3577'] Metrics = ['0.2180', '25.9854', '2.3577', '0.0000']
2025-10-29 00:31:08,319 - PCN - INFO - [Validation] EPOCH: 35  Metrics = ['0.1041', '33.5366', '4.0695', '0.0000']
2025-10-29 00:31:08,319 - PCN - INFO - ============================ TEST RESULTS ============================
2025-10-29 00:31:08,320 - PCN - INFO - Taxonomy	#Sample	F-Score	CDL1	CDL2	EMDistance	#ModelName	
2025-10-29 00:31:08,320 - PCN - INFO - 03759954	14	0.131 	41.424 	7.752 	0.000 	microphone	
2025-10-29 00:31:08,320 - PCN - INFO - 04330267	44	0.059 	37.850 	4.828 	0.000 	stove	
2025-10-29 00:31:08,320 - PCN - INFO - 03261776	15	0.085 	41.286 	7.524 	0.000 	earphone	
2025-10-29 00:31:08,320 - PCN - INFO - 03513137	33	0.034 	48.323 	8.197 	0.000 	helmet	
2025-10-29 00:31:08,320 - PCN - INFO - 04460130	27	0.128 	31.870 	3.678 	0.000 	tower	
2025-10-29 00:31:08,320 - PCN - INFO - 04468005	78	0.127 	26.131 	2.179 	0.000 	train	
2025-10-29 00:31:08,320 - PCN - INFO - 03761084	31	0.033 	39.463 	4.890 	0.000 	microwaves	
2025-10-29 00:31:08,320 - PCN - INFO - 04004475	34	0.043 	43.401 	6.601 	0.000 	printer	
2025-10-29 00:31:08,320 - PCN - INFO - 03938244	20	0.046 	41.480 	5.510 	0.000 	pillow	
2025-10-29 00:31:08,320 - PCN - INFO - 02992529	167	0.091 	25.901 	1.870 	0.000 	cellphone	
2025-10-29 00:31:08,320 - PCN - INFO - 02808440	172	0.058 	35.879 	4.270 	0.000 	bathtub	
2025-10-29 00:31:08,320 - PCN - INFO - 04530566	388	0.163 	25.413 	2.257 	0.000 	watercraft	
2025-10-29 00:31:08,320 - PCN - INFO - 02871439	91	0.064 	35.099 	4.133 	0.000 	bookshelf	
2025-10-29 00:31:08,320 - PCN - INFO - 03593526	120	0.058 	40.157 	5.584 	0.000 	jar	
2025-10-29 00:31:08,320 - PCN - INFO - 04554684	34	0.033 	39.354 	4.725 	0.000 	washer	
2025-10-29 00:31:08,320 - PCN - INFO - 03467517	160	0.374 	17.005 	1.011 	0.000 	guitar	
2025-10-29 00:31:08,320 - PCN - INFO - 04401088	218	0.090 	26.342 	1.974 	0.000 	telephone	
2025-10-29 00:31:08,320 - PCN - INFO - 02954340	12	0.045 	45.519 	7.443 	0.000 	cap	
2025-10-29 00:31:08,320 - PCN - INFO - 02933112	315	0.056 	32.181 	3.076 	0.000 	cabinet	
2025-10-29 00:31:08,320 - PCN - INFO - 03642806	92	0.096 	27.418 	2.401 	0.000 	laptop	
2025-10-29 00:31:08,320 - PCN - INFO - 02924116	188	0.097 	27.289 	2.268 	0.000 	bus	
2025-10-29 00:31:08,320 - PCN - INFO - 02946921	22	0.038 	39.279 	4.724 	0.000 	can	
2025-10-29 00:31:08,320 - PCN - INFO - 02818832	47	0.050 	39.833 	5.443 	0.000 	bed	
2025-10-29 00:31:08,320 - PCN - INFO - 04256520	635	0.056 	33.230 	3.300 	0.000 	sofa	
2025-10-29 00:31:08,320 - PCN - INFO - 04379243	1687	0.121 	29.613 	3.416 	0.000 	table	
2025-10-29 00:31:08,320 - PCN - INFO - 02747177	69	0.043 	35.301 	3.864 	0.000 	trash bin	
2025-10-29 00:31:08,320 - PCN - INFO - 03046257	131	0.067 	36.296 	4.412 	0.000 	clock	
2025-10-29 00:31:08,320 - PCN - INFO - 04225987	31	0.201 	23.315 	2.063 	0.000 	skateboard	
2025-10-29 00:31:08,320 - PCN - INFO - 03797390	43	0.040 	36.910 	4.375 	0.000 	mug	
2025-10-29 00:31:08,320 - PCN - INFO - 03001627	1356	0.082 	33.385 	3.761 	0.000 	chair	
2025-10-29 00:31:08,320 - PCN - INFO - 03691459	320	0.046 	39.138 	4.959 	0.000 	loudspeaker	
2025-10-29 00:31:08,320 - PCN - INFO - 02942699	23	0.036 	50.767 	9.481 	0.000 	camera	
2025-10-29 00:31:08,320 - PCN - INFO - 03636649	464	0.125 	38.296 	5.988 	0.000 	lamp	
2025-10-29 00:31:08,320 - PCN - INFO - 02691156	809	0.243 	20.946 	1.616 	0.000 	airplane	
2025-10-29 00:31:08,320 - PCN - INFO - 02773838	17	0.066 	39.277 	5.308 	0.000 	bag	
2025-10-29 00:31:08,320 - PCN - INFO - 02958343	703	0.076 	27.927 	2.292 	0.000 	car	
2025-10-29 00:31:08,320 - PCN - INFO - 02880940	38	0.041 	38.315 	4.699 	0.000 	bowl	
2025-10-29 00:31:08,320 - PCN - INFO - 04099429	17	0.317 	21.916 	1.952 	0.000 	rocket	
2025-10-29 00:31:08,320 - PCN - INFO - 02828884	363	0.137 	28.173 	2.864 	0.000 	bench	
2025-10-29 00:31:08,320 - PCN - INFO - 04090263	475	0.382 	17.414 	1.221 	0.000 	rifle	
2025-10-29 00:31:08,320 - PCN - INFO - 03211117	219	0.079 	31.268 	3.277 	0.000 	display	
2025-10-29 00:31:08,320 - PCN - INFO - 02876657	100	0.106 	28.718 	2.748 	0.000 	bottle	
2025-10-29 00:31:08,320 - PCN - INFO - 03710193	19	0.117 	32.772 	3.765 	0.000 	mailbox	
2025-10-29 00:31:08,320 - PCN - INFO - 03790512	68	0.109 	28.211 	2.679 	0.000 	motorbike	
2025-10-29 00:31:08,320 - PCN - INFO - 03325088	149	0.100 	39.631 	6.179 	0.000 	faucet	
2025-10-29 00:31:08,320 - PCN - INFO - 02801938	23	0.040 	39.776 	5.187 	0.000 	basket	
2025-10-29 00:31:08,320 - PCN - INFO - 03337140	60	0.056 	34.108 	3.694 	0.000 	file cabinet	
2025-10-29 00:31:08,320 - PCN - INFO - 02843684	15	0.040 	42.033 	5.712 	0.000 	birdhouse	
2025-10-29 00:31:08,320 - PCN - INFO - 03624134	85	0.380 	17.194 	1.121 	0.000 	knife	
2025-10-29 00:31:08,320 - PCN - INFO - 03991062	121	0.046 	43.077 	6.370 	0.000 	flowerpot	
2025-10-29 00:31:08,320 - PCN - INFO - 03948459	62	0.189 	23.893 	1.843 	0.000 	pistol	
2025-10-29 00:31:08,320 - PCN - INFO - 03928116	48	0.053 	39.400 	5.088 	0.000 	piano	
2025-10-29 00:31:08,320 - PCN - INFO - 03207941	19	0.037 	38.011 	4.456 	0.000 	dishwasher	
2025-10-29 00:31:08,320 - PCN - INFO - 04074963	14	0.093 	28.444 	2.307 	0.000 	remote	
2025-10-29 00:31:08,320 - PCN - INFO - 03085013	13	0.205 	19.861 	1.492 	0.000 	keyboard	
2025-10-29 00:31:08,320 - PCN - INFO - Overall		0.104 	33.537 	4.070 	0.000 	
2025-10-29 00:31:08,392 - PCN - INFO - Save checkpoint at ./experiments/PCN/ShapeNet55_models/PCN_fog/ckpt-best.pth
2025-10-29 00:31:08,456 - PCN - INFO - Save checkpoint at ./experiments/PCN/ShapeNet55_models/PCN_fog/ckpt-last.pth
2025-10-29 00:31:08,905 - PCN - INFO - [Epoch 36/150][Batch 1/1311] BatchTime = 0.448 (s) DataTime = 0.082 (s) Losses = ['6.4168', '3.9667'] lr = 0.0001000
2025-10-29 00:32:05,806 - PCN - INFO - [Epoch 36/150][Batch 101/1311] BatchTime = 0.373 (s) DataTime = 0.001 (s) Losses = ['6.0433', '3.2864'] lr = 0.0001000
2025-10-29 00:33:04,215 - PCN - INFO - [Epoch 36/150][Batch 201/1311] BatchTime = 0.561 (s) DataTime = 0.001 (s) Losses = ['6.1499', '3.3254'] lr = 0.0001000
2025-10-29 00:34:03,764 - PCN - INFO - [Epoch 36/150][Batch 301/1311] BatchTime = 0.390 (s) DataTime = 0.002 (s) Losses = ['9.8477', '5.4237'] lr = 0.0001000
2025-10-29 00:35:03,731 - PCN - INFO - [Epoch 36/150][Batch 401/1311] BatchTime = 0.516 (s) DataTime = 0.001 (s) Losses = ['6.1577', '3.3286'] lr = 0.0001000
2025-10-29 00:36:01,157 - PCN - INFO - [Epoch 36/150][Batch 501/1311] BatchTime = 0.578 (s) DataTime = 0.001 (s) Losses = ['7.9229', '4.5486'] lr = 0.0001000
2025-10-29 00:36:58,111 - PCN - INFO - [Epoch 36/150][Batch 601/1311] BatchTime = 0.645 (s) DataTime = 0.001 (s) Losses = ['5.5370', '2.6636'] lr = 0.0001000
2025-10-29 00:37:57,299 - PCN - INFO - [Epoch 36/150][Batch 701/1311] BatchTime = 0.769 (s) DataTime = 0.001 (s) Losses = ['6.5196', '3.5005'] lr = 0.0001000
2025-10-29 00:38:55,770 - PCN - INFO - [Epoch 36/150][Batch 801/1311] BatchTime = 0.472 (s) DataTime = 0.001 (s) Losses = ['5.5089', '3.0060'] lr = 0.0001000
2025-10-29 00:39:58,242 - PCN - INFO - [Epoch 36/150][Batch 901/1311] BatchTime = 0.584 (s) DataTime = 0.001 (s) Losses = ['5.9495', '3.0981'] lr = 0.0001000
2025-10-29 00:40:59,676 - PCN - INFO - [Epoch 36/150][Batch 1001/1311] BatchTime = 0.401 (s) DataTime = 0.001 (s) Losses = ['7.4562', '3.7581'] lr = 0.0001000
2025-10-29 00:41:59,438 - PCN - INFO - [Epoch 36/150][Batch 1101/1311] BatchTime = 0.829 (s) DataTime = 0.001 (s) Losses = ['5.3708', '2.9080'] lr = 0.0001000
2025-10-29 00:42:59,172 - PCN - INFO - [Epoch 36/150][Batch 1201/1311] BatchTime = 0.350 (s) DataTime = 0.001 (s) Losses = ['6.3984', '3.7624'] lr = 0.0001000
2025-10-29 00:44:00,614 - PCN - INFO - [Epoch 36/150][Batch 1301/1311] BatchTime = 0.452 (s) DataTime = 0.001 (s) Losses = ['6.4190', '3.4859'] lr = 0.0001000
2025-10-29 00:44:06,654 - PCN - INFO - [Training] EPOCH: 36 EpochTime = 778.197 (s) Losses = ['6.3871', '3.5671']
2025-10-29 00:44:06,733 - PCN - INFO - Save checkpoint at ./experiments/PCN/ShapeNet55_models/PCN_fog/ckpt-last.pth
2025-10-29 00:44:07,618 - PCN - INFO - [Epoch 37/150][Batch 1/1311] BatchTime = 0.885 (s) DataTime = 0.081 (s) Losses = ['5.0053', '2.7231'] lr = 0.0001000
2025-10-29 00:45:06,495 - PCN - INFO - [Epoch 37/150][Batch 101/1311] BatchTime = 0.879 (s) DataTime = 0.001 (s) Losses = ['6.3665', '3.7449'] lr = 0.0001000
2025-10-29 00:46:06,711 - PCN - INFO - [Epoch 37/150][Batch 201/1311] BatchTime = 0.606 (s) DataTime = 0.001 (s) Losses = ['8.9591', '5.0172'] lr = 0.0001000
2025-10-29 00:47:04,683 - PCN - INFO - [Epoch 37/150][Batch 301/1311] BatchTime = 0.553 (s) DataTime = 0.001 (s) Losses = ['5.6571', '3.0513'] lr = 0.0001000
2025-10-29 00:48:04,690 - PCN - INFO - [Epoch 37/150][Batch 401/1311] BatchTime = 0.811 (s) DataTime = 0.001 (s) Losses = ['8.0731', '4.3638'] lr = 0.0001000
2025-10-29 00:49:06,027 - PCN - INFO - [Epoch 37/150][Batch 501/1311] BatchTime = 0.445 (s) DataTime = 0.001 (s) Losses = ['5.4168', '2.9737'] lr = 0.0001000
2025-10-29 00:50:05,496 - PCN - INFO - [Epoch 37/150][Batch 601/1311] BatchTime = 1.001 (s) DataTime = 0.001 (s) Losses = ['7.5866', '4.7595'] lr = 0.0001000
2025-10-29 00:51:04,288 - PCN - INFO - [Epoch 37/150][Batch 701/1311] BatchTime = 0.385 (s) DataTime = 0.001 (s) Losses = ['6.1908', '3.2897'] lr = 0.0001000
2025-10-29 00:52:04,631 - PCN - INFO - [Epoch 37/150][Batch 801/1311] BatchTime = 0.674 (s) DataTime = 0.001 (s) Losses = ['8.6016', '5.2296'] lr = 0.0001000
2025-10-29 00:53:01,352 - PCN - INFO - [Epoch 37/150][Batch 901/1311] BatchTime = 0.352 (s) DataTime = 0.001 (s) Losses = ['6.6835', '3.7795'] lr = 0.0001000
2025-10-29 00:53:58,706 - PCN - INFO - [Epoch 37/150][Batch 1001/1311] BatchTime = 0.543 (s) DataTime = 0.001 (s) Losses = ['6.4785', '3.6351'] lr = 0.0001000
2025-10-29 00:55:01,120 - PCN - INFO - [Epoch 37/150][Batch 1101/1311] BatchTime = 0.510 (s) DataTime = 0.001 (s) Losses = ['6.6057', '3.9191'] lr = 0.0001000
2025-10-29 00:55:58,565 - PCN - INFO - [Epoch 37/150][Batch 1201/1311] BatchTime = 0.806 (s) DataTime = 0.001 (s) Losses = ['6.2939', '3.3452'] lr = 0.0001000
2025-10-29 00:56:58,048 - PCN - INFO - [Epoch 37/150][Batch 1301/1311] BatchTime = 0.766 (s) DataTime = 0.001 (s) Losses = ['5.6449', '3.0572'] lr = 0.0001000
2025-10-29 00:57:03,982 - PCN - INFO - [Training] EPOCH: 37 EpochTime = 777.249 (s) Losses = ['6.3167', '3.5098']
2025-10-29 00:57:04,059 - PCN - INFO - Save checkpoint at ./experiments/PCN/ShapeNet55_models/PCN_fog/ckpt-last.pth
2025-10-29 00:57:04,841 - PCN - INFO - [Epoch 38/150][Batch 1/1311] BatchTime = 0.781 (s) DataTime = 0.083 (s) Losses = ['6.4958', '3.6603'] lr = 0.0001000
2025-10-29 00:58:04,065 - PCN - INFO - [Epoch 38/150][Batch 101/1311] BatchTime = 0.525 (s) DataTime = 0.001 (s) Losses = ['5.7338', '3.2896'] lr = 0.0001000
2025-10-29 00:59:03,792 - PCN - INFO - [Epoch 38/150][Batch 201/1311] BatchTime = 0.477 (s) DataTime = 0.001 (s) Losses = ['6.6700', '3.7779'] lr = 0.0001000
2025-10-29 01:00:04,714 - PCN - INFO - [Epoch 38/150][Batch 301/1311] BatchTime = 0.768 (s) DataTime = 0.001 (s) Losses = ['5.8444', '2.8910'] lr = 0.0001000
2025-10-29 01:01:04,587 - PCN - INFO - [Epoch 38/150][Batch 401/1311] BatchTime = 0.726 (s) DataTime = 0.001 (s) Losses = ['5.4435', '3.0892'] lr = 0.0001000
2025-10-29 01:02:04,850 - PCN - INFO - [Epoch 38/150][Batch 501/1311] BatchTime = 0.538 (s) DataTime = 0.001 (s) Losses = ['5.7998', '3.1172'] lr = 0.0001000
2025-10-29 01:03:05,923 - PCN - INFO - [Epoch 38/150][Batch 601/1311] BatchTime = 0.463 (s) DataTime = 0.001 (s) Losses = ['4.8498', '2.6747'] lr = 0.0001000
2025-10-29 01:04:06,810 - PCN - INFO - [Epoch 38/150][Batch 701/1311] BatchTime = 0.544 (s) DataTime = 0.001 (s) Losses = ['5.5097', '2.7393'] lr = 0.0001000
2025-10-29 01:05:09,553 - PCN - INFO - [Epoch 38/150][Batch 801/1311] BatchTime = 0.597 (s) DataTime = 0.001 (s) Losses = ['5.5932', '3.2483'] lr = 0.0001000
2025-10-29 01:06:12,541 - PCN - INFO - [Epoch 38/150][Batch 901/1311] BatchTime = 0.489 (s) DataTime = 0.001 (s) Losses = ['6.1170', '3.3580'] lr = 0.0001000
2025-10-29 01:07:12,113 - PCN - INFO - [Epoch 38/150][Batch 1001/1311] BatchTime = 0.441 (s) DataTime = 0.001 (s) Losses = ['6.3818', '3.6277'] lr = 0.0001000
2025-10-29 01:08:12,640 - PCN - INFO - [Epoch 38/150][Batch 1101/1311] BatchTime = 0.472 (s) DataTime = 0.001 (s) Losses = ['6.7266', '3.6821'] lr = 0.0001000
2025-10-29 01:09:13,750 - PCN - INFO - [Epoch 38/150][Batch 1201/1311] BatchTime = 0.862 (s) DataTime = 0.001 (s) Losses = ['6.9298', '3.7605'] lr = 0.0001000
2025-10-29 01:10:13,431 - PCN - INFO - [Epoch 38/150][Batch 1301/1311] BatchTime = 0.636 (s) DataTime = 0.001 (s) Losses = ['5.8839', '3.4477'] lr = 0.0001000
2025-10-29 01:10:20,540 - PCN - INFO - [Training] EPOCH: 38 EpochTime = 796.481 (s) Losses = ['6.3819', '3.5690']
2025-10-29 01:10:20,609 - PCN - INFO - Save checkpoint at ./experiments/PCN/ShapeNet55_models/PCN_fog/ckpt-last.pth
2025-10-29 01:10:21,208 - PCN - INFO - [Epoch 39/150][Batch 1/1311] BatchTime = 0.599 (s) DataTime = 0.084 (s) Losses = ['6.1556', '3.3348'] lr = 0.0001000
2025-10-29 01:11:19,935 - PCN - INFO - [Epoch 39/150][Batch 101/1311] BatchTime = 0.573 (s) DataTime = 0.001 (s) Losses = ['5.7005', '3.3065'] lr = 0.0001000
2025-10-29 01:12:21,819 - PCN - INFO - [Epoch 39/150][Batch 201/1311] BatchTime = 0.677 (s) DataTime = 0.001 (s) Losses = ['5.5516', '2.9113'] lr = 0.0001000
2025-10-29 01:13:20,564 - PCN - INFO - [Epoch 39/150][Batch 301/1311] BatchTime = 0.463 (s) DataTime = 0.001 (s) Losses = ['4.8222', '2.7293'] lr = 0.0001000
2025-10-29 01:14:20,486 - PCN - INFO - [Epoch 39/150][Batch 401/1311] BatchTime = 0.541 (s) DataTime = 0.001 (s) Losses = ['5.6944', '3.0171'] lr = 0.0001000
2025-10-29 01:15:19,878 - PCN - INFO - [Epoch 39/150][Batch 501/1311] BatchTime = 0.747 (s) DataTime = 0.001 (s) Losses = ['4.3843', '2.1635'] lr = 0.0001000
2025-10-29 01:16:19,500 - PCN - INFO - [Epoch 39/150][Batch 601/1311] BatchTime = 0.523 (s) DataTime = 0.001 (s) Losses = ['6.2060', '3.5067'] lr = 0.0001000
2025-10-29 01:17:17,886 - PCN - INFO - [Epoch 39/150][Batch 701/1311] BatchTime = 0.570 (s) DataTime = 0.001 (s) Losses = ['6.2985', '3.2871'] lr = 0.0001000
2025-10-29 01:18:17,701 - PCN - INFO - [Epoch 39/150][Batch 801/1311] BatchTime = 0.398 (s) DataTime = 0.001 (s) Losses = ['5.9938', '3.1458'] lr = 0.0001000
2025-10-29 01:19:14,891 - PCN - INFO - [Epoch 39/150][Batch 901/1311] BatchTime = 0.821 (s) DataTime = 0.001 (s) Losses = ['7.1229', '3.7689'] lr = 0.0001000
2025-10-29 01:20:16,562 - PCN - INFO - [Epoch 39/150][Batch 1001/1311] BatchTime = 0.526 (s) DataTime = 0.001 (s) Losses = ['6.1457', '3.5176'] lr = 0.0001000
2025-10-29 01:21:16,093 - PCN - INFO - [Epoch 39/150][Batch 1101/1311] BatchTime = 0.405 (s) DataTime = 0.001 (s) Losses = ['6.5012', '3.6568'] lr = 0.0001000
2025-10-29 01:22:14,692 - PCN - INFO - [Epoch 39/150][Batch 1201/1311] BatchTime = 0.472 (s) DataTime = 0.001 (s) Losses = ['5.8215', '3.2769'] lr = 0.0001000
2025-10-29 01:23:16,159 - PCN - INFO - [Epoch 39/150][Batch 1301/1311] BatchTime = 0.432 (s) DataTime = 0.001 (s) Losses = ['5.1020', '2.7428'] lr = 0.0001000
2025-10-29 01:23:22,099 - PCN - INFO - [Training] EPOCH: 39 EpochTime = 781.489 (s) Losses = ['6.2808', '3.4826']
2025-10-29 01:23:22,180 - PCN - INFO - Save checkpoint at ./experiments/PCN/ShapeNet55_models/PCN_fog/ckpt-last.pth
2025-10-29 01:23:22,867 - PCN - INFO - [Epoch 40/150][Batch 1/1311] BatchTime = 0.687 (s) DataTime = 0.083 (s) Losses = ['4.4917', '2.6416'] lr = 0.0001000
2025-10-29 01:24:22,711 - PCN - INFO - [Epoch 40/150][Batch 101/1311] BatchTime = 0.503 (s) DataTime = 0.001 (s) Losses = ['6.0510', '3.4575'] lr = 0.0001000
2025-10-29 01:25:23,211 - PCN - INFO - [Epoch 40/150][Batch 201/1311] BatchTime = 0.543 (s) DataTime = 0.001 (s) Losses = ['5.5906', '3.2506'] lr = 0.0001000
2025-10-29 01:26:20,956 - PCN - INFO - [Epoch 40/150][Batch 301/1311] BatchTime = 0.367 (s) DataTime = 0.001 (s) Losses = ['5.5330', '3.5727'] lr = 0.0001000
2025-10-29 01:27:22,118 - PCN - INFO - [Epoch 40/150][Batch 401/1311] BatchTime = 0.678 (s) DataTime = 0.001 (s) Losses = ['6.8676', '3.5911'] lr = 0.0001000
2025-10-29 01:28:22,300 - PCN - INFO - [Epoch 40/150][Batch 501/1311] BatchTime = 0.503 (s) DataTime = 0.001 (s) Losses = ['6.6618', '3.8393'] lr = 0.0001000
2025-10-29 01:29:21,840 - PCN - INFO - [Epoch 40/150][Batch 601/1311] BatchTime = 0.638 (s) DataTime = 0.001 (s) Losses = ['6.0168', '3.2747'] lr = 0.0001000
2025-10-29 01:30:21,759 - PCN - INFO - [Epoch 40/150][Batch 701/1311] BatchTime = 0.378 (s) DataTime = 0.001 (s) Losses = ['7.1635', '3.9349'] lr = 0.0001000
2025-10-29 01:31:21,674 - PCN - INFO - [Epoch 40/150][Batch 801/1311] BatchTime = 0.564 (s) DataTime = 0.001 (s) Losses = ['5.7084', '3.1941'] lr = 0.0001000
2025-10-29 01:32:20,733 - PCN - INFO - [Epoch 40/150][Batch 901/1311] BatchTime = 0.386 (s) DataTime = 0.001 (s) Losses = ['7.1326', '3.9522'] lr = 0.0001000
2025-10-29 01:33:20,017 - PCN - INFO - [Epoch 40/150][Batch 1001/1311] BatchTime = 0.784 (s) DataTime = 0.001 (s) Losses = ['5.6303', '3.0167'] lr = 0.0001000
2025-10-29 01:34:20,326 - PCN - INFO - [Epoch 40/150][Batch 1101/1311] BatchTime = 0.504 (s) DataTime = 0.001 (s) Losses = ['6.3813', '3.5913'] lr = 0.0001000
2025-10-29 01:35:17,705 - PCN - INFO - [Epoch 40/150][Batch 1201/1311] BatchTime = 0.637 (s) DataTime = 0.001 (s) Losses = ['5.8940', '3.4056'] lr = 0.0001000
2025-10-29 01:36:17,889 - PCN - INFO - [Epoch 40/150][Batch 1301/1311] BatchTime = 0.959 (s) DataTime = 0.001 (s) Losses = ['5.5630', '3.2436'] lr = 0.0001000
2025-10-29 01:36:23,147 - PCN - INFO - [Training] EPOCH: 40 EpochTime = 780.967 (s) Losses = ['6.2851', '3.5012']
2025-10-29 01:36:23,147 - PCN - INFO - [VALIDATION] Start validating epoch 40
2025-10-29 01:37:01,547 - PCN - INFO - Test[1051/10518] Taxonomy = 02691156 Sample = c7749c0a8b61f43bc9b9e28055202e3d Losses = ['33.4426', '3.6670', '24.0699', '2.0420'] Metrics = ['0.2140', '24.0699', '2.0420', '0.0000']
2025-10-29 01:37:37,439 - PCN - INFO - Test[2102/10518] Taxonomy = 03211117 Sample = ab2f9418c111cc6ddb965514105122a4 Losses = ['48.1841', '5.1480', '31.1421', '3.0671'] Metrics = ['0.0811', '31.1421', '3.0671', '0.0000']
2025-10-29 01:38:11,346 - PCN - INFO - Test[3153/10518] Taxonomy = 02876657 Sample = c5032e4be091aabb36fe7a88df793982 Losses = ['60.9531', '12.0546', '43.5927', '6.5314'] Metrics = ['0.0524', '43.5927', '6.5314', '0.0000']
2025-10-29 01:38:47,563 - PCN - INFO - Test[4204/10518] Taxonomy = 03211117 Sample = 722df1da5778d45b1e43523279c7f09f Losses = ['60.0685', '9.3077', '45.7563', '6.8540'] Metrics = ['0.0529', '45.7563', '6.8540', '0.0000']
2025-10-29 01:39:22,785 - PCN - INFO - Test[5255/10518] Taxonomy = 02828884 Sample = 14b63361a48a9fffe4a048c146e8bd43 Losses = ['45.8800', '5.5156', '34.9603', '3.4639'] Metrics = ['0.0627', '34.9603', '3.4639', '0.0000']
2025-10-29 01:39:57,506 - PCN - INFO - Test[6306/10518] Taxonomy = 03211117 Sample = d330d50a0255529d19ed6e1a590c9122 Losses = ['35.3080', '3.5193', '30.4019', '2.9151'] Metrics = ['0.1072', '30.4018', '2.9151', '0.0000']
2025-10-29 01:40:32,208 - PCN - INFO - Test[7357/10518] Taxonomy = 04379243 Sample = b1ca280d9567270ade98d10ab5975b59 Losses = ['44.9788', '6.7032', '32.3805', '3.4701'] Metrics = ['0.0567', '32.3805', '3.4701', '0.0000']
2025-10-29 01:41:08,317 - PCN - INFO - Test[8408/10518] Taxonomy = 03001627 Sample = 89208a619341d9fdb8c516ed5c4ce32 Losses = ['47.2673', '5.9550', '36.4406', '4.1839'] Metrics = ['0.0572', '36.4406', '4.1839', '0.0000']
2025-10-29 01:41:43,303 - PCN - INFO - Test[9459/10518] Taxonomy = 03001627 Sample = d0255120e3351121c3bd24f986301745 Losses = ['50.2382', '7.0986', '34.0637', '3.6219'] Metrics = ['0.0573', '34.0637', '3.6219', '0.0000']
2025-10-29 01:42:17,502 - PCN - INFO - Test[10510/10518] Taxonomy = 03636649 Sample = ea9ec4d9db2e06202471e6dd5ac3ef92 Losses = ['32.6000', '3.3773', '23.4629', '2.0609'] Metrics = ['0.2753', '23.4629', '2.0609', '0.0000']
2025-10-29 01:42:17,774 - PCN - INFO - [Validation] EPOCH: 40  Metrics = ['0.1093', '32.7581', '3.9231', '0.0000']
2025-10-29 01:42:17,774 - PCN - INFO - ============================ TEST RESULTS ============================
2025-10-29 01:42:17,774 - PCN - INFO - Taxonomy	#Sample	F-Score	CDL1	CDL2	EMDistance	#ModelName	
2025-10-29 01:42:17,774 - PCN - INFO - 03759954	14	0.164 	38.778 	7.880 	0.000 	microphone	
2025-10-29 01:42:17,774 - PCN - INFO - 04330267	44	0.060 	35.384 	4.107 	0.000 	stove	
2025-10-29 01:42:17,774 - PCN - INFO - 03261776	15	0.096 	38.473 	6.896 	0.000 	earphone	
2025-10-29 01:42:17,774 - PCN - INFO - 03513137	33	0.031 	52.268 	9.694 	0.000 	helmet	
2025-10-29 01:42:17,774 - PCN - INFO - 04460130	27	0.130 	30.425 	3.231 	0.000 	tower	
2025-10-29 01:42:17,774 - PCN - INFO - 04468005	78	0.136 	25.632 	2.125 	0.000 	train	
2025-10-29 01:42:17,774 - PCN - INFO - 03761084	31	0.036 	37.766 	4.424 	0.000 	microwaves	
2025-10-29 01:42:17,774 - PCN - INFO - 04004475	34	0.043 	42.629 	6.241 	0.000 	printer	
2025-10-29 01:42:17,774 - PCN - INFO - 03938244	20	0.048 	42.574 	5.868 	0.000 	pillow	
2025-10-29 01:42:17,774 - PCN - INFO - 02992529	167	0.116 	23.236 	1.553 	0.000 	cellphone	
2025-10-29 01:42:17,774 - PCN - INFO - 02808440	172	0.064 	34.292 	3.887 	0.000 	bathtub	
2025-10-29 01:42:17,774 - PCN - INFO - 04530566	388	0.161 	25.838 	2.314 	0.000 	watercraft	
2025-10-29 01:42:17,774 - PCN - INFO - 02871439	91	0.059 	35.926 	4.254 	0.000 	bookshelf	
2025-10-29 01:42:17,774 - PCN - INFO - 03593526	120	0.055 	40.401 	5.552 	0.000 	jar	
2025-10-29 01:42:17,774 - PCN - INFO - 04554684	34	0.041 	36.554 	4.138 	0.000 	washer	
2025-10-29 01:42:17,774 - PCN - INFO - 03467517	160	0.439 	14.442 	0.742 	0.000 	guitar	
2025-10-29 01:42:17,774 - PCN - INFO - 04401088	218	0.119 	22.957 	1.594 	0.000 	telephone	
2025-10-29 01:42:17,774 - PCN - INFO - 02954340	12	0.040 	46.381 	7.224 	0.000 	cap	
2025-10-29 01:42:17,774 - PCN - INFO - 02933112	315	0.061 	31.471 	2.976 	0.000 	cabinet	
2025-10-29 01:42:17,774 - PCN - INFO - 03642806	92	0.110 	25.420 	2.063 	0.000 	laptop	
2025-10-29 01:42:17,774 - PCN - INFO - 02924116	188	0.097 	27.701 	2.350 	0.000 	bus	
2025-10-29 01:42:17,774 - PCN - INFO - 02946921	22	0.045 	35.830 	4.191 	0.000 	can	
2025-10-29 01:42:17,774 - PCN - INFO - 02818832	47	0.052 	40.975 	5.952 	0.000 	bed	
2025-10-29 01:42:17,774 - PCN - INFO - 04256520	635	0.059 	32.499 	3.200 	0.000 	sofa	
2025-10-29 01:42:17,774 - PCN - INFO - 04379243	1687	0.122 	29.684 	3.360 	0.000 	table	
2025-10-29 01:42:17,774 - PCN - INFO - 02747177	69	0.042 	36.191 	4.091 	0.000 	trash bin	
2025-10-29 01:42:17,774 - PCN - INFO - 03046257	131	0.070 	33.944 	3.835 	0.000 	clock	
2025-10-29 01:42:17,774 - PCN - INFO - 04225987	31	0.207 	21.940 	1.718 	0.000 	skateboard	
2025-10-29 01:42:17,775 - PCN - INFO - 03797390	43	0.039 	37.127 	4.409 	0.000 	mug	
2025-10-29 01:42:17,775 - PCN - INFO - 03001627	1356	0.089 	32.364 	3.550 	0.000 	chair	
2025-10-29 01:42:17,775 - PCN - INFO - 03691459	320	0.048 	37.767 	4.623 	0.000 	loudspeaker	
2025-10-29 01:42:17,775 - PCN - INFO - 02942699	23	0.038 	49.030 	8.409 	0.000 	camera	
2025-10-29 01:42:17,775 - PCN - INFO - 03636649	464	0.130 	37.650 	5.878 	0.000 	lamp	
2025-10-29 01:42:17,775 - PCN - INFO - 02691156	809	0.225 	23.038 	1.997 	0.000 	airplane	
2025-10-29 01:42:17,775 - PCN - INFO - 02773838	17	0.073 	36.588 	4.648 	0.000 	bag	
2025-10-29 01:42:17,775 - PCN - INFO - 02958343	703	0.073 	29.222 	2.541 	0.000 	car	
2025-10-29 01:42:17,775 - PCN - INFO - 02880940	38	0.040 	38.849 	4.824 	0.000 	bowl	
2025-10-29 01:42:17,775 - PCN - INFO - 04099429	17	0.300 	21.495 	1.737 	0.000 	rocket	
2025-10-29 01:42:17,775 - PCN - INFO - 02828884	363	0.146 	27.258 	2.724 	0.000 	bench	
2025-10-29 01:42:17,775 - PCN - INFO - 04090263	475	0.380 	17.450 	1.202 	0.000 	rifle	
2025-10-29 01:42:17,775 - PCN - INFO - 03211117	219	0.082 	30.047 	2.999 	0.000 	display	
2025-10-29 01:42:17,775 - PCN - INFO - 02876657	100	0.113 	28.124 	2.727 	0.000 	bottle	
2025-10-29 01:42:17,775 - PCN - INFO - 03710193	19	0.119 	32.611 	3.724 	0.000 	mailbox	
2025-10-29 01:42:17,775 - PCN - INFO - 03790512	68	0.104 	28.818 	2.782 	0.000 	motorbike	
2025-10-29 01:42:17,775 - PCN - INFO - 03325088	149	0.109 	37.946 	5.676 	0.000 	faucet	
2025-10-29 01:42:17,775 - PCN - INFO - 02801938	23	0.042 	39.230 	5.012 	0.000 	basket	
2025-10-29 01:42:17,775 - PCN - INFO - 03337140	60	0.060 	32.474 	3.282 	0.000 	file cabinet	
2025-10-29 01:42:17,775 - PCN - INFO - 02843684	15	0.043 	44.686 	6.883 	0.000 	birdhouse	
2025-10-29 01:42:17,775 - PCN - INFO - 03624134	85	0.415 	15.926 	0.951 	0.000 	knife	
2025-10-29 01:42:17,775 - PCN - INFO - 03991062	121	0.048 	42.060 	6.047 	0.000 	flowerpot	
2025-10-29 01:42:17,775 - PCN - INFO - 03948459	62	0.207 	22.035 	1.579 	0.000 	pistol	
2025-10-29 01:42:17,775 - PCN - INFO - 03928116	48	0.059 	36.821 	4.488 	0.000 	piano	
2025-10-29 01:42:17,775 - PCN - INFO - 03207941	19	0.043 	35.037 	3.779 	0.000 	dishwasher	
2025-10-29 01:42:17,775 - PCN - INFO - 04074963	14	0.108 	26.031 	2.003 	0.000 	remote	
2025-10-29 01:42:17,775 - PCN - INFO - 03085013	13	0.175 	22.402 	1.834 	0.000 	keyboard	
2025-10-29 01:42:17,775 - PCN - INFO - Overall		0.109 	32.758 	3.923 	0.000 	
2025-10-29 01:42:17,848 - PCN - INFO - Save checkpoint at ./experiments/PCN/ShapeNet55_models/PCN_fog/ckpt-best.pth
2025-10-29 01:42:17,914 - PCN - INFO - Save checkpoint at ./experiments/PCN/ShapeNet55_models/PCN_fog/ckpt-last.pth
2025-10-29 01:42:18,431 - PCN - INFO - [Epoch 41/150][Batch 1/1311] BatchTime = 0.517 (s) DataTime = 0.087 (s) Losses = ['6.5667', '3.7963'] lr = 0.0001000
2025-10-29 01:43:21,140 - PCN - INFO - [Epoch 41/150][Batch 101/1311] BatchTime = 0.599 (s) DataTime = 0.001 (s) Losses = ['5.8605', '3.2562'] lr = 0.0001000
2025-10-29 01:44:18,478 - PCN - INFO - [Epoch 41/150][Batch 201/1311] BatchTime = 0.373 (s) DataTime = 0.001 (s) Losses = ['5.7322', '3.1255'] lr = 0.0001000
2025-10-29 01:45:18,115 - PCN - INFO - [Epoch 41/150][Batch 301/1311] BatchTime = 1.001 (s) DataTime = 0.001 (s) Losses = ['5.4577', '2.9692'] lr = 0.0001000
2025-10-29 01:46:19,235 - PCN - INFO - [Epoch 41/150][Batch 401/1311] BatchTime = 0.488 (s) DataTime = 0.001 (s) Losses = ['6.8293', '3.5408'] lr = 0.0001000
2025-10-29 01:47:18,311 - PCN - INFO - [Epoch 41/150][Batch 501/1311] BatchTime = 0.680 (s) DataTime = 0.001 (s) Losses = ['6.2666', '3.3528'] lr = 0.0001000
2025-10-29 01:48:16,543 - PCN - INFO - [Epoch 41/150][Batch 601/1311] BatchTime = 0.434 (s) DataTime = 0.001 (s) Losses = ['5.3338', '2.8816'] lr = 0.0001000
2025-10-29 01:49:14,769 - PCN - INFO - [Epoch 41/150][Batch 701/1311] BatchTime = 0.393 (s) DataTime = 0.001 (s) Losses = ['6.1412', '3.4867'] lr = 0.0001000
2025-10-29 01:50:15,297 - PCN - INFO - [Epoch 41/150][Batch 801/1311] BatchTime = 0.811 (s) DataTime = 0.001 (s) Losses = ['5.8062', '2.9396'] lr = 0.0001000
2025-10-29 01:51:13,893 - PCN - INFO - [Epoch 41/150][Batch 901/1311] BatchTime = 0.451 (s) DataTime = 0.001 (s) Losses = ['5.9414', '3.4291'] lr = 0.0001000
2025-10-29 01:52:11,928 - PCN - INFO - [Epoch 41/150][Batch 1001/1311] BatchTime = 0.656 (s) DataTime = 0.001 (s) Losses = ['6.3758', '3.3319'] lr = 0.0001000
2025-10-29 01:53:10,876 - PCN - INFO - [Epoch 41/150][Batch 1101/1311] BatchTime = 0.639 (s) DataTime = 0.001 (s) Losses = ['8.3093', '4.7764'] lr = 0.0001000
2025-10-29 01:54:08,956 - PCN - INFO - [Epoch 41/150][Batch 1201/1311] BatchTime = 0.559 (s) DataTime = 0.001 (s) Losses = ['6.5604', '3.6355'] lr = 0.0001000
2025-10-29 01:55:09,817 - PCN - INFO - [Epoch 41/150][Batch 1301/1311] BatchTime = 0.477 (s) DataTime = 0.001 (s) Losses = ['6.7935', '3.5663'] lr = 0.0001000
2025-10-29 01:55:15,406 - PCN - INFO - [Training] EPOCH: 41 EpochTime = 777.492 (s) Losses = ['6.2188', '3.4324']
2025-10-29 01:55:15,478 - PCN - INFO - Save checkpoint at ./experiments/PCN/ShapeNet55_models/PCN_fog/ckpt-last.pth
2025-10-29 01:55:16,270 - PCN - INFO - [Epoch 42/150][Batch 1/1311] BatchTime = 0.792 (s) DataTime = 0.088 (s) Losses = ['5.9407', '3.0700'] lr = 0.0001000
2025-10-29 01:56:12,770 - PCN - INFO - [Epoch 42/150][Batch 101/1311] BatchTime = 0.510 (s) DataTime = 0.001 (s) Losses = ['5.9562', '3.2931'] lr = 0.0001000
2025-10-29 01:57:11,444 - PCN - INFO - [Epoch 42/150][Batch 201/1311] BatchTime = 0.370 (s) DataTime = 0.001 (s) Losses = ['6.0725', '3.6692'] lr = 0.0001000
2025-10-29 01:58:08,972 - PCN - INFO - [Epoch 42/150][Batch 301/1311] BatchTime = 0.933 (s) DataTime = 0.001 (s) Losses = ['6.3191', '3.5660'] lr = 0.0001000
2025-10-29 01:59:06,354 - PCN - INFO - [Epoch 42/150][Batch 401/1311] BatchTime = 0.790 (s) DataTime = 0.001 (s) Losses = ['5.7236', '3.1516'] lr = 0.0001000
2025-10-29 02:00:05,826 - PCN - INFO - [Epoch 42/150][Batch 501/1311] BatchTime = 0.367 (s) DataTime = 0.001 (s) Losses = ['6.1083', '3.4088'] lr = 0.0001000
2025-10-29 02:01:06,306 - PCN - INFO - [Epoch 42/150][Batch 601/1311] BatchTime = 0.554 (s) DataTime = 0.001 (s) Losses = ['6.5288', '3.6847'] lr = 0.0001000
2025-10-29 02:02:08,148 - PCN - INFO - [Epoch 42/150][Batch 701/1311] BatchTime = 0.450 (s) DataTime = 0.001 (s) Losses = ['5.4818', '3.0366'] lr = 0.0001000
2025-10-29 02:03:07,495 - PCN - INFO - [Epoch 42/150][Batch 801/1311] BatchTime = 0.435 (s) DataTime = 0.001 (s) Losses = ['5.3200', '3.0732'] lr = 0.0001000
2025-10-29 02:04:06,281 - PCN - INFO - [Epoch 42/150][Batch 901/1311] BatchTime = 0.601 (s) DataTime = 0.001 (s) Losses = ['6.8740', '3.9395'] lr = 0.0001000
2025-10-29 02:05:06,818 - PCN - INFO - [Epoch 42/150][Batch 1001/1311] BatchTime = 0.730 (s) DataTime = 0.001 (s) Losses = ['5.4901', '2.8822'] lr = 0.0001000
2025-10-29 02:06:06,414 - PCN - INFO - [Epoch 42/150][Batch 1101/1311] BatchTime = 0.533 (s) DataTime = 0.001 (s) Losses = ['4.4062', '2.3140'] lr = 0.0001000
2025-10-29 02:07:03,866 - PCN - INFO - [Epoch 42/150][Batch 1201/1311] BatchTime = 0.536 (s) DataTime = 0.001 (s) Losses = ['6.6194', '3.7723'] lr = 0.0001000
2025-10-29 02:08:03,725 - PCN - INFO - [Epoch 42/150][Batch 1301/1311] BatchTime = 1.225 (s) DataTime = 0.001 (s) Losses = ['8.3709', '4.7053'] lr = 0.0001000
2025-10-29 02:08:08,716 - PCN - INFO - [Training] EPOCH: 42 EpochTime = 773.238 (s) Losses = ['6.1911', '3.4186']
2025-10-29 02:08:08,799 - PCN - INFO - Save checkpoint at ./experiments/PCN/ShapeNet55_models/PCN_fog/ckpt-last.pth
2025-10-29 02:08:09,535 - PCN - INFO - [Epoch 43/150][Batch 1/1311] BatchTime = 0.736 (s) DataTime = 0.086 (s) Losses = ['7.0938', '4.0386'] lr = 0.0001000
2025-10-29 02:09:09,338 - PCN - INFO - [Epoch 43/150][Batch 101/1311] BatchTime = 0.596 (s) DataTime = 0.001 (s) Losses = ['6.4215', '3.6053'] lr = 0.0001000
2025-10-29 02:10:10,178 - PCN - INFO - [Epoch 43/150][Batch 201/1311] BatchTime = 0.337 (s) DataTime = 0.001 (s) Losses = ['5.3678', '2.8887'] lr = 0.0001000
2025-10-29 02:11:09,021 - PCN - INFO - [Epoch 43/150][Batch 301/1311] BatchTime = 0.586 (s) DataTime = 0.001 (s) Losses = ['6.9824', '3.8523'] lr = 0.0001000
2025-10-29 02:12:07,126 - PCN - INFO - [Epoch 43/150][Batch 401/1311] BatchTime = 0.519 (s) DataTime = 0.001 (s) Losses = ['5.9710', '3.2933'] lr = 0.0001000
2025-10-29 02:13:07,234 - PCN - INFO - [Epoch 43/150][Batch 501/1311] BatchTime = 0.283 (s) DataTime = 0.001 (s) Losses = ['6.0331', '3.2035'] lr = 0.0001000
2025-10-29 02:14:07,596 - PCN - INFO - [Epoch 43/150][Batch 601/1311] BatchTime = 0.464 (s) DataTime = 0.001 (s) Losses = ['4.7324', '2.4317'] lr = 0.0001000
2025-10-29 02:15:09,888 - PCN - INFO - [Epoch 43/150][Batch 701/1311] BatchTime = 0.546 (s) DataTime = 0.001 (s) Losses = ['5.4755', '3.1118'] lr = 0.0001000
2025-10-29 02:16:08,029 - PCN - INFO - [Epoch 43/150][Batch 801/1311] BatchTime = 0.393 (s) DataTime = 0.001 (s) Losses = ['5.6774', '2.9472'] lr = 0.0001000
2025-10-29 02:17:11,251 - PCN - INFO - [Epoch 43/150][Batch 901/1311] BatchTime = 0.766 (s) DataTime = 0.001 (s) Losses = ['5.5686', '3.1488'] lr = 0.0001000
2025-10-29 02:18:11,195 - PCN - INFO - [Epoch 43/150][Batch 1001/1311] BatchTime = 0.747 (s) DataTime = 0.001 (s) Losses = ['6.2445', '3.8409'] lr = 0.0001000
2025-10-29 02:19:11,178 - PCN - INFO - [Epoch 43/150][Batch 1101/1311] BatchTime = 0.480 (s) DataTime = 0.001 (s) Losses = ['6.3901', '3.4077'] lr = 0.0001000
2025-10-29 02:20:10,008 - PCN - INFO - [Epoch 43/150][Batch 1201/1311] BatchTime = 0.547 (s) DataTime = 0.001 (s) Losses = ['7.0761', '3.6516'] lr = 0.0001000
2025-10-29 02:21:09,667 - PCN - INFO - [Epoch 43/150][Batch 1301/1311] BatchTime = 0.581 (s) DataTime = 0.001 (s) Losses = ['5.3656', '3.0301'] lr = 0.0001000
2025-10-29 02:21:16,205 - PCN - INFO - [Training] EPOCH: 43 EpochTime = 787.406 (s) Losses = ['6.1470', '3.3739']
2025-10-29 02:21:16,282 - PCN - INFO - Save checkpoint at ./experiments/PCN/ShapeNet55_models/PCN_fog/ckpt-last.pth
2025-10-29 02:21:17,053 - PCN - INFO - [Epoch 44/150][Batch 1/1311] BatchTime = 0.770 (s) DataTime = 0.085 (s) Losses = ['5.7359', '3.3145'] lr = 0.0001000
2025-10-29 02:22:20,573 - PCN - INFO - [Epoch 44/150][Batch 101/1311] BatchTime = 0.548 (s) DataTime = 0.001 (s) Losses = ['5.5613', '3.0080'] lr = 0.0001000
2025-10-29 02:23:19,595 - PCN - INFO - [Epoch 44/150][Batch 201/1311] BatchTime = 0.818 (s) DataTime = 0.001 (s) Losses = ['5.4822', '2.6728'] lr = 0.0001000
2025-10-29 02:24:18,541 - PCN - INFO - [Epoch 44/150][Batch 301/1311] BatchTime = 0.691 (s) DataTime = 0.001 (s) Losses = ['6.5820', '3.5413'] lr = 0.0001000
2025-10-29 02:25:19,704 - PCN - INFO - [Epoch 44/150][Batch 401/1311] BatchTime = 1.037 (s) DataTime = 0.001 (s) Losses = ['6.4069', '3.3999'] lr = 0.0001000
2025-10-29 02:26:18,181 - PCN - INFO - [Epoch 44/150][Batch 501/1311] BatchTime = 0.437 (s) DataTime = 0.001 (s) Losses = ['6.5852', '3.4828'] lr = 0.0001000
2025-10-29 02:27:15,110 - PCN - INFO - [Epoch 44/150][Batch 601/1311] BatchTime = 0.655 (s) DataTime = 0.001 (s) Losses = ['5.6693', '2.8934'] lr = 0.0001000
2025-10-29 02:28:15,824 - PCN - INFO - [Epoch 44/150][Batch 701/1311] BatchTime = 0.914 (s) DataTime = 0.001 (s) Losses = ['7.1964', '4.1076'] lr = 0.0001000
2025-10-29 02:29:15,199 - PCN - INFO - [Epoch 44/150][Batch 801/1311] BatchTime = 0.781 (s) DataTime = 0.001 (s) Losses = ['5.3261', '2.9304'] lr = 0.0001000
2025-10-29 02:30:15,666 - PCN - INFO - [Epoch 44/150][Batch 901/1311] BatchTime = 0.576 (s) DataTime = 0.001 (s) Losses = ['5.7178', '3.1498'] lr = 0.0001000
2025-10-29 02:31:14,976 - PCN - INFO - [Epoch 44/150][Batch 1001/1311] BatchTime = 0.348 (s) DataTime = 0.001 (s) Losses = ['6.0879', '3.2567'] lr = 0.0001000
2025-10-29 02:32:13,481 - PCN - INFO - [Epoch 44/150][Batch 1101/1311] BatchTime = 0.609 (s) DataTime = 0.001 (s) Losses = ['6.2644', '3.6138'] lr = 0.0001000
2025-10-29 02:33:11,466 - PCN - INFO - [Epoch 44/150][Batch 1201/1311] BatchTime = 0.825 (s) DataTime = 0.001 (s) Losses = ['9.2680', '4.9747'] lr = 0.0001000
2025-10-29 02:34:08,324 - PCN - INFO - [Epoch 44/150][Batch 1301/1311] BatchTime = 0.799 (s) DataTime = 0.001 (s) Losses = ['5.7309', '3.2141'] lr = 0.0001000
2025-10-29 02:34:14,259 - PCN - INFO - [Training] EPOCH: 44 EpochTime = 777.976 (s) Losses = ['6.1303', '3.3666']
2025-10-29 02:34:14,335 - PCN - INFO - Save checkpoint at ./experiments/PCN/ShapeNet55_models/PCN_fog/ckpt-last.pth
2025-10-29 02:34:15,111 - PCN - INFO - [Epoch 45/150][Batch 1/1311] BatchTime = 0.776 (s) DataTime = 0.084 (s) Losses = ['7.7096', '4.5954'] lr = 0.0001000
2025-10-29 02:35:14,739 - PCN - INFO - [Epoch 45/150][Batch 101/1311] BatchTime = 0.439 (s) DataTime = 0.002 (s) Losses = ['5.0044', '2.6899'] lr = 0.0001000
2025-10-29 02:36:15,041 - PCN - INFO - [Epoch 45/150][Batch 201/1311] BatchTime = 0.542 (s) DataTime = 0.001 (s) Losses = ['6.5554', '3.6431'] lr = 0.0001000
2025-10-29 02:37:15,388 - PCN - INFO - [Epoch 45/150][Batch 301/1311] BatchTime = 0.388 (s) DataTime = 0.001 (s) Losses = ['6.8657', '3.6123'] lr = 0.0001000
2025-10-29 02:38:15,810 - PCN - INFO - [Epoch 45/150][Batch 401/1311] BatchTime = 0.655 (s) DataTime = 0.001 (s) Losses = ['6.1272', '3.5191'] lr = 0.0001000
2025-10-29 02:39:17,005 - PCN - INFO - [Epoch 45/150][Batch 501/1311] BatchTime = 0.552 (s) DataTime = 0.001 (s) Losses = ['4.9599', '2.6691'] lr = 0.0001000
2025-10-29 02:40:15,883 - PCN - INFO - [Epoch 45/150][Batch 601/1311] BatchTime = 0.382 (s) DataTime = 0.001 (s) Losses = ['6.2791', '3.5580'] lr = 0.0001000
2025-10-29 02:41:16,391 - PCN - INFO - [Epoch 45/150][Batch 701/1311] BatchTime = 0.680 (s) DataTime = 0.001 (s) Losses = ['7.3180', '4.0628'] lr = 0.0001000
2025-10-29 02:42:16,621 - PCN - INFO - [Epoch 45/150][Batch 801/1311] BatchTime = 0.645 (s) DataTime = 0.001 (s) Losses = ['5.9015', '3.1674'] lr = 0.0001000
2025-10-29 02:43:14,541 - PCN - INFO - [Epoch 45/150][Batch 901/1311] BatchTime = 0.695 (s) DataTime = 0.001 (s) Losses = ['6.6328', '3.5523'] lr = 0.0001000
2025-10-29 02:44:16,032 - PCN - INFO - [Epoch 45/150][Batch 1001/1311] BatchTime = 0.686 (s) DataTime = 0.001 (s) Losses = ['5.6826', '3.2360'] lr = 0.0001000
2025-10-29 02:45:17,877 - PCN - INFO - [Epoch 45/150][Batch 1101/1311] BatchTime = 0.604 (s) DataTime = 0.001 (s) Losses = ['5.0450', '2.5675'] lr = 0.0001000
2025-10-29 02:46:16,280 - PCN - INFO - [Epoch 45/150][Batch 1201/1311] BatchTime = 0.565 (s) DataTime = 0.001 (s) Losses = ['5.6780', '2.9093'] lr = 0.0001000
2025-10-29 02:47:12,070 - PCN - INFO - [Epoch 45/150][Batch 1301/1311] BatchTime = 0.648 (s) DataTime = 0.001 (s) Losses = ['5.9516', '3.3299'] lr = 0.0001000
2025-10-29 02:47:18,641 - PCN - INFO - [Training] EPOCH: 45 EpochTime = 784.306 (s) Losses = ['6.0975', '3.3407']
2025-10-29 02:47:18,641 - PCN - INFO - [VALIDATION] Start validating epoch 45
2025-10-29 02:47:56,395 - PCN - INFO - Test[1051/10518] Taxonomy = 02691156 Sample = c7749c0a8b61f43bc9b9e28055202e3d Losses = ['33.3946', '3.5767', '23.4448', '2.0138'] Metrics = ['0.2232', '23.4448', '2.0138', '0.0000']
2025-10-29 02:48:31,275 - PCN - INFO - Test[2102/10518] Taxonomy = 03211117 Sample = ab2f9418c111cc6ddb965514105122a4 Losses = ['38.7214', '3.8627', '26.5127', '2.0975'] Metrics = ['0.1061', '26.5127', '2.0975', '0.0000']
2025-10-29 02:49:06,622 - PCN - INFO - Test[3153/10518] Taxonomy = 02876657 Sample = c5032e4be091aabb36fe7a88df793982 Losses = ['60.5219', '11.3196', '43.7053', '6.2774'] Metrics = ['0.0509', '43.7053', '6.2774', '0.0000']
2025-10-29 02:49:43,432 - PCN - INFO - Test[4204/10518] Taxonomy = 03211117 Sample = 722df1da5778d45b1e43523279c7f09f Losses = ['54.7332', '7.9631', '39.4385', '5.2139'] Metrics = ['0.0613', '39.4385', '5.2139', '0.0000']
2025-10-29 02:50:18,039 - PCN - INFO - Test[5255/10518] Taxonomy = 02828884 Sample = 14b63361a48a9fffe4a048c146e8bd43 Losses = ['45.9344', '5.6372', '36.2276', '3.8348'] Metrics = ['0.0660', '36.2276', '3.8348', '0.0000']
2025-10-29 02:50:51,781 - PCN - INFO - Test[6306/10518] Taxonomy = 03211117 Sample = d330d50a0255529d19ed6e1a590c9122 Losses = ['34.8531', '3.4066', '24.6730', '1.9074'] Metrics = ['0.1366', '24.6730', '1.9074', '0.0000']
2025-10-29 02:51:26,392 - PCN - INFO - Test[7357/10518] Taxonomy = 04379243 Sample = b1ca280d9567270ade98d10ab5975b59 Losses = ['45.0754', '7.1708', '26.7054', '2.7205'] Metrics = ['0.1040', '26.7054', '2.7205', '0.0000']
2025-10-29 02:52:01,237 - PCN - INFO - Test[8408/10518] Taxonomy = 03001627 Sample = 89208a619341d9fdb8c516ed5c4ce32 Losses = ['51.2686', '8.6973', '34.4068', '4.6166'] Metrics = ['0.0603', '34.4067', '4.6166', '0.0000']
2025-10-29 02:52:35,633 - PCN - INFO - Test[9459/10518] Taxonomy = 03001627 Sample = d0255120e3351121c3bd24f986301745 Losses = ['49.7184', '6.8420', '33.2408', '3.2675'] Metrics = ['0.0586', '33.2408', '3.2675', '0.0000']
2025-10-29 02:53:10,631 - PCN - INFO - Test[10510/10518] Taxonomy = 03636649 Sample = ea9ec4d9db2e06202471e6dd5ac3ef92 Losses = ['31.9365', '3.3162', '23.6590', '2.2332'] Metrics = ['0.2608', '23.6590', '2.2332', '0.0000']
2025-10-29 02:53:11,093 - PCN - INFO - [Validation] EPOCH: 45  Metrics = ['0.1132', '32.1830', '3.7870', '0.0000']
2025-10-29 02:53:11,094 - PCN - INFO - ============================ TEST RESULTS ============================
2025-10-29 02:53:11,094 - PCN - INFO - Taxonomy	#Sample	F-Score	CDL1	CDL2	EMDistance	#ModelName	
2025-10-29 02:53:11,094 - PCN - INFO - 03759954	14	0.173 	36.099 	7.041 	0.000 	microphone	
2025-10-29 02:53:11,094 - PCN - INFO - 04330267	44	0.058 	35.750 	4.086 	0.000 	stove	
2025-10-29 02:53:11,094 - PCN - INFO - 03261776	15	0.090 	41.983 	8.917 	0.000 	earphone	
2025-10-29 02:53:11,094 - PCN - INFO - 03513137	33	0.037 	46.305 	7.306 	0.000 	helmet	
2025-10-29 02:53:11,094 - PCN - INFO - 04460130	27	0.135 	30.120 	3.150 	0.000 	tower	
2025-10-29 02:53:11,094 - PCN - INFO - 04468005	78	0.142 	24.544 	1.958 	0.000 	train	
2025-10-29 02:53:11,094 - PCN - INFO - 03761084	31	0.035 	37.747 	4.246 	0.000 	microwaves	
2025-10-29 02:53:11,094 - PCN - INFO - 04004475	34	0.041 	42.690 	6.095 	0.000 	printer	
2025-10-29 02:53:11,094 - PCN - INFO - 03938244	20	0.044 	43.004 	5.770 	0.000 	pillow	
2025-10-29 02:53:11,094 - PCN - INFO - 02992529	167	0.130 	22.186 	1.421 	0.000 	cellphone	
2025-10-29 02:53:11,094 - PCN - INFO - 02808440	172	0.063 	34.917 	4.045 	0.000 	bathtub	
2025-10-29 02:53:11,094 - PCN - INFO - 04530566	388	0.173 	24.395 	2.057 	0.000 	watercraft	
2025-10-29 02:53:11,094 - PCN - INFO - 02871439	91	0.068 	34.286 	3.948 	0.000 	bookshelf	
2025-10-29 02:53:11,094 - PCN - INFO - 03593526	120	0.060 	40.341 	5.805 	0.000 	jar	
2025-10-29 02:53:11,094 - PCN - INFO - 04554684	34	0.039 	36.741 	4.094 	0.000 	washer	
2025-10-29 02:53:11,094 - PCN - INFO - 03467517	160	0.438 	14.308 	0.699 	0.000 	guitar	
2025-10-29 02:53:11,094 - PCN - INFO - 04401088	218	0.131 	22.121 	1.466 	0.000 	telephone	
2025-10-29 02:53:11,094 - PCN - INFO - 02954340	12	0.048 	42.259 	6.381 	0.000 	cap	
2025-10-29 02:53:11,094 - PCN - INFO - 02933112	315	0.059 	31.849 	3.045 	0.000 	cabinet	
2025-10-29 02:53:11,094 - PCN - INFO - 03642806	92	0.117 	23.560 	1.640 	0.000 	laptop	
2025-10-29 02:53:11,094 - PCN - INFO - 02924116	188	0.104 	26.214 	2.096 	0.000 	bus	
2025-10-29 02:53:11,094 - PCN - INFO - 02946921	22	0.036 	39.045 	4.761 	0.000 	can	
2025-10-29 02:53:11,094 - PCN - INFO - 02818832	47	0.054 	39.800 	5.511 	0.000 	bed	
2025-10-29 02:53:11,094 - PCN - INFO - 04256520	635	0.059 	32.222 	3.068 	0.000 	sofa	
2025-10-29 02:53:11,094 - PCN - INFO - 04379243	1687	0.127 	28.700 	3.172 	0.000 	table	
2025-10-29 02:53:11,094 - PCN - INFO - 02747177	69	0.040 	35.893 	4.005 	0.000 	trash bin	
2025-10-29 02:53:11,094 - PCN - INFO - 03046257	131	0.071 	33.827 	3.740 	0.000 	clock	
2025-10-29 02:53:11,094 - PCN - INFO - 04225987	31	0.189 	22.900 	1.833 	0.000 	skateboard	
2025-10-29 02:53:11,094 - PCN - INFO - 03797390	43	0.040 	36.192 	4.125 	0.000 	mug	
2025-10-29 02:53:11,094 - PCN - INFO - 03001627	1356	0.092 	31.631 	3.371 	0.000 	chair	
2025-10-29 02:53:11,094 - PCN - INFO - 03691459	320	0.047 	37.923 	4.538 	0.000 	loudspeaker	
2025-10-29 02:53:11,094 - PCN - INFO - 02942699	23	0.039 	47.146 	7.496 	0.000 	camera	
2025-10-29 02:53:11,094 - PCN - INFO - 03636649	464	0.139 	36.477 	5.629 	0.000 	lamp	
2025-10-29 02:53:11,094 - PCN - INFO - 02691156	809	0.244 	20.530 	1.527 	0.000 	airplane	
2025-10-29 02:53:11,094 - PCN - INFO - 02773838	17	0.071 	36.017 	4.383 	0.000 	bag	
2025-10-29 02:53:11,094 - PCN - INFO - 02958343	703	0.078 	27.307 	2.169 	0.000 	car	
2025-10-29 02:53:11,094 - PCN - INFO - 02880940	38	0.039 	41.087 	5.652 	0.000 	bowl	
2025-10-29 02:53:11,094 - PCN - INFO - 04099429	17	0.307 	21.621 	2.003 	0.000 	rocket	
2025-10-29 02:53:11,094 - PCN - INFO - 02828884	363	0.151 	26.294 	2.501 	0.000 	bench	
2025-10-29 02:53:11,094 - PCN - INFO - 04090263	475	0.398 	16.347 	1.049 	0.000 	rifle	
2025-10-29 02:53:11,094 - PCN - INFO - 03211117	219	0.085 	30.176 	3.045 	0.000 	display	
2025-10-29 02:53:11,094 - PCN - INFO - 02876657	100	0.108 	28.990 	2.773 	0.000 	bottle	
2025-10-29 02:53:11,094 - PCN - INFO - 03710193	19	0.131 	32.219 	3.687 	0.000 	mailbox	
2025-10-29 02:53:11,094 - PCN - INFO - 03790512	68	0.107 	27.551 	2.490 	0.000 	motorbike	
2025-10-29 02:53:11,094 - PCN - INFO - 03325088	149	0.112 	37.656 	5.599 	0.000 	faucet	
2025-10-29 02:53:11,094 - PCN - INFO - 02801938	23	0.044 	38.971 	5.182 	0.000 	basket	
2025-10-29 02:53:11,094 - PCN - INFO - 03337140	60	0.058 	33.610 	3.597 	0.000 	file cabinet	
2025-10-29 02:53:11,094 - PCN - INFO - 02843684	15	0.045 	42.490 	6.076 	0.000 	birdhouse	
2025-10-29 02:53:11,094 - PCN - INFO - 03624134	85	0.439 	15.076 	0.848 	0.000 	knife	
2025-10-29 02:53:11,094 - PCN - INFO - 03991062	121	0.051 	41.317 	5.844 	0.000 	flowerpot	
2025-10-29 02:53:11,095 - PCN - INFO - 03948459	62	0.214 	21.597 	1.526 	0.000 	pistol	
2025-10-29 02:53:11,095 - PCN - INFO - 03928116	48	0.057 	37.339 	4.494 	0.000 	piano	
2025-10-29 02:53:11,095 - PCN - INFO - 03207941	19	0.043 	34.043 	3.582 	0.000 	dishwasher	
2025-10-29 02:53:11,095 - PCN - INFO - 04074963	14	0.116 	25.841 	1.952 	0.000 	remote	
2025-10-29 02:53:11,095 - PCN - INFO - 03085013	13	0.209 	20.812 	1.793 	0.000 	keyboard	
2025-10-29 02:53:11,095 - PCN - INFO - Overall		0.113 	32.183 	3.787 	0.000 	
2025-10-29 02:53:11,172 - PCN - INFO - Save checkpoint at ./experiments/PCN/ShapeNet55_models/PCN_fog/ckpt-best.pth
2025-10-29 02:53:11,245 - PCN - INFO - Save checkpoint at ./experiments/PCN/ShapeNet55_models/PCN_fog/ckpt-last.pth
2025-10-29 02:53:11,818 - PCN - INFO - [Epoch 46/150][Batch 1/1311] BatchTime = 0.573 (s) DataTime = 0.085 (s) Losses = ['5.9420', '3.3239'] lr = 0.0001000
2025-10-29 02:54:11,646 - PCN - INFO - [Epoch 46/150][Batch 101/1311] BatchTime = 0.527 (s) DataTime = 0.001 (s) Losses = ['4.8490', '2.6146'] lr = 0.0001000
2025-10-29 02:55:14,269 - PCN - INFO - [Epoch 46/150][Batch 201/1311] BatchTime = 0.336 (s) DataTime = 0.001 (s) Losses = ['7.0615', '4.0581'] lr = 0.0001000
2025-10-29 02:56:14,684 - PCN - INFO - [Epoch 46/150][Batch 301/1311] BatchTime = 0.623 (s) DataTime = 0.001 (s) Losses = ['6.1353', '3.7089'] lr = 0.0001000
2025-10-29 02:57:11,335 - PCN - INFO - [Epoch 46/150][Batch 401/1311] BatchTime = 0.631 (s) DataTime = 0.001 (s) Losses = ['6.3873', '4.0162'] lr = 0.0001000
2025-10-29 02:58:11,968 - PCN - INFO - [Epoch 46/150][Batch 501/1311] BatchTime = 0.354 (s) DataTime = 0.001 (s) Losses = ['4.6731', '2.4132'] lr = 0.0001000
2025-10-29 02:59:12,288 - PCN - INFO - [Epoch 46/150][Batch 601/1311] BatchTime = 0.649 (s) DataTime = 0.001 (s) Losses = ['6.2773', '3.2565'] lr = 0.0001000
2025-10-29 03:00:11,237 - PCN - INFO - [Epoch 46/150][Batch 701/1311] BatchTime = 0.467 (s) DataTime = 0.001 (s) Losses = ['5.6242', '3.1879'] lr = 0.0001000
2025-10-29 03:01:10,186 - PCN - INFO - [Epoch 46/150][Batch 801/1311] BatchTime = 0.780 (s) DataTime = 0.001 (s) Losses = ['4.7579', '2.7067'] lr = 0.0001000
2025-10-29 03:02:07,458 - PCN - INFO - [Epoch 46/150][Batch 901/1311] BatchTime = 0.532 (s) DataTime = 0.001 (s) Losses = ['5.3211', '2.8418'] lr = 0.0001000
2025-10-29 03:03:08,921 - PCN - INFO - [Epoch 46/150][Batch 1001/1311] BatchTime = 0.478 (s) DataTime = 0.001 (s) Losses = ['5.9189', '3.3067'] lr = 0.0001000
2025-10-29 03:04:08,060 - PCN - INFO - [Epoch 46/150][Batch 1101/1311] BatchTime = 0.427 (s) DataTime = 0.001 (s) Losses = ['7.5432', '4.4601'] lr = 0.0001000
2025-10-29 03:05:08,641 - PCN - INFO - [Epoch 46/150][Batch 1201/1311] BatchTime = 0.472 (s) DataTime = 0.001 (s) Losses = ['6.2889', '3.5129'] lr = 0.0001000
2025-10-29 03:06:07,601 - PCN - INFO - [Epoch 46/150][Batch 1301/1311] BatchTime = 0.399 (s) DataTime = 0.001 (s) Losses = ['5.7592', '2.9857'] lr = 0.0001000
2025-10-29 03:06:13,774 - PCN - INFO - [Training] EPOCH: 46 EpochTime = 782.529 (s) Losses = ['6.1268', '3.3554']
2025-10-29 03:06:13,852 - PCN - INFO - Save checkpoint at ./experiments/PCN/ShapeNet55_models/PCN_fog/ckpt-last.pth
2025-10-29 03:06:14,582 - PCN - INFO - [Epoch 47/150][Batch 1/1311] BatchTime = 0.730 (s) DataTime = 0.084 (s) Losses = ['7.5895', '4.0102'] lr = 0.0001000
2025-10-29 03:07:14,976 - PCN - INFO - [Epoch 47/150][Batch 101/1311] BatchTime = 0.443 (s) DataTime = 0.001 (s) Losses = ['6.8646', '3.9938'] lr = 0.0001000
2025-10-29 03:08:14,617 - PCN - INFO - [Epoch 47/150][Batch 201/1311] BatchTime = 0.444 (s) DataTime = 0.001 (s) Losses = ['5.8201', '3.2570'] lr = 0.0001000
2025-10-29 03:09:18,033 - PCN - INFO - [Epoch 47/150][Batch 301/1311] BatchTime = 0.541 (s) DataTime = 0.001 (s) Losses = ['6.3643', '3.5410'] lr = 0.0001000
2025-10-29 03:10:18,305 - PCN - INFO - [Epoch 47/150][Batch 401/1311] BatchTime = 0.292 (s) DataTime = 0.001 (s) Losses = ['6.4265', '3.4667'] lr = 0.0001000
2025-10-29 03:11:18,348 - PCN - INFO - [Epoch 47/150][Batch 501/1311] BatchTime = 0.590 (s) DataTime = 0.001 (s) Losses = ['6.3798', '3.6101'] lr = 0.0001000
2025-10-29 03:12:17,451 - PCN - INFO - [Epoch 47/150][Batch 601/1311] BatchTime = 0.717 (s) DataTime = 0.001 (s) Losses = ['6.7891', '3.7147'] lr = 0.0001000
2025-10-29 03:13:14,720 - PCN - INFO - [Epoch 47/150][Batch 701/1311] BatchTime = 0.518 (s) DataTime = 0.001 (s) Losses = ['5.6365', '3.2436'] lr = 0.0001000
2025-10-29 03:14:13,718 - PCN - INFO - [Epoch 47/150][Batch 801/1311] BatchTime = 0.493 (s) DataTime = 0.001 (s) Losses = ['5.1019', '2.6222'] lr = 0.0001000
2025-10-29 03:15:12,477 - PCN - INFO - [Epoch 47/150][Batch 901/1311] BatchTime = 0.395 (s) DataTime = 0.001 (s) Losses = ['5.6141', '2.8810'] lr = 0.0001000
2025-10-29 03:16:10,494 - PCN - INFO - [Epoch 47/150][Batch 1001/1311] BatchTime = 0.865 (s) DataTime = 0.001 (s) Losses = ['5.5686', '3.0018'] lr = 0.0001000
2025-10-29 03:17:08,877 - PCN - INFO - [Epoch 47/150][Batch 1101/1311] BatchTime = 0.396 (s) DataTime = 0.001 (s) Losses = ['7.2250', '4.0280'] lr = 0.0001000
2025-10-29 03:18:08,158 - PCN - INFO - [Epoch 47/150][Batch 1201/1311] BatchTime = 0.377 (s) DataTime = 0.001 (s) Losses = ['5.6576', '3.0885'] lr = 0.0001000
2025-10-29 03:19:12,103 - PCN - INFO - [Epoch 47/150][Batch 1301/1311] BatchTime = 0.509 (s) DataTime = 0.001 (s) Losses = ['5.6836', '2.8553'] lr = 0.0001000
2025-10-29 03:19:18,486 - PCN - INFO - [Training] EPOCH: 47 EpochTime = 784.634 (s) Losses = ['6.0435', '3.2993']
2025-10-29 03:19:18,558 - PCN - INFO - Save checkpoint at ./experiments/PCN/ShapeNet55_models/PCN_fog/ckpt-last.pth
2025-10-29 03:19:19,055 - PCN - INFO - [Epoch 48/150][Batch 1/1311] BatchTime = 0.496 (s) DataTime = 0.086 (s) Losses = ['5.6770', '3.4023'] lr = 0.0001000
2025-10-29 03:20:16,912 - PCN - INFO - [Epoch 48/150][Batch 101/1311] BatchTime = 0.587 (s) DataTime = 0.001 (s) Losses = ['5.4955', '3.1580'] lr = 0.0001000
2025-10-29 03:21:15,693 - PCN - INFO - [Epoch 48/150][Batch 201/1311] BatchTime = 0.538 (s) DataTime = 0.001 (s) Losses = ['5.2665', '2.7170'] lr = 0.0001000
2025-10-29 03:22:14,033 - PCN - INFO - [Epoch 48/150][Batch 301/1311] BatchTime = 0.430 (s) DataTime = 0.001 (s) Losses = ['6.9743', '3.5737'] lr = 0.0001000
2025-10-29 03:23:12,373 - PCN - INFO - [Epoch 48/150][Batch 401/1311] BatchTime = 0.388 (s) DataTime = 0.001 (s) Losses = ['6.6077', '3.9129'] lr = 0.0001000
2025-10-29 03:24:13,325 - PCN - INFO - [Epoch 48/150][Batch 501/1311] BatchTime = 1.285 (s) DataTime = 0.001 (s) Losses = ['5.4336', '2.9572'] lr = 0.0001000
2025-10-29 03:25:13,365 - PCN - INFO - [Epoch 48/150][Batch 601/1311] BatchTime = 0.576 (s) DataTime = 0.001 (s) Losses = ['7.4080', '4.0993'] lr = 0.0001000
2025-10-29 03:26:13,442 - PCN - INFO - [Epoch 48/150][Batch 701/1311] BatchTime = 0.499 (s) DataTime = 0.001 (s) Losses = ['6.4645', '3.7799'] lr = 0.0001000
2025-10-29 03:27:14,247 - PCN - INFO - [Epoch 48/150][Batch 801/1311] BatchTime = 0.558 (s) DataTime = 0.001 (s) Losses = ['6.4114', '3.5181'] lr = 0.0001000
2025-10-29 03:28:18,126 - PCN - INFO - [Epoch 48/150][Batch 901/1311] BatchTime = 0.562 (s) DataTime = 0.001 (s) Losses = ['6.1654', '3.4001'] lr = 0.0001000
2025-10-29 03:29:15,225 - PCN - INFO - [Epoch 48/150][Batch 1001/1311] BatchTime = 0.442 (s) DataTime = 0.001 (s) Losses = ['5.4715', '2.7284'] lr = 0.0001000
2025-10-29 03:30:14,797 - PCN - INFO - [Epoch 48/150][Batch 1101/1311] BatchTime = 0.361 (s) DataTime = 0.001 (s) Losses = ['4.7166', '2.4055'] lr = 0.0001000
2025-10-29 03:31:10,637 - PCN - INFO - [Epoch 48/150][Batch 1201/1311] BatchTime = 0.549 (s) DataTime = 0.001 (s) Losses = ['6.0886', '3.7655'] lr = 0.0001000
2025-10-29 03:32:08,260 - PCN - INFO - [Epoch 48/150][Batch 1301/1311] BatchTime = 0.569 (s) DataTime = 0.001 (s) Losses = ['6.5003', '3.5538'] lr = 0.0001000
2025-10-29 03:32:14,384 - PCN - INFO - [Training] EPOCH: 48 EpochTime = 775.825 (s) Losses = ['6.0016', '3.2614']
2025-10-29 03:32:14,464 - PCN - INFO - Save checkpoint at ./experiments/PCN/ShapeNet55_models/PCN_fog/ckpt-last.pth
2025-10-29 03:32:14,928 - PCN - INFO - [Epoch 49/150][Batch 1/1311] BatchTime = 0.464 (s) DataTime = 0.084 (s) Losses = ['7.8921', '4.4728'] lr = 0.0001000
2025-10-29 03:33:14,509 - PCN - INFO - [Epoch 49/150][Batch 101/1311] BatchTime = 0.865 (s) DataTime = 0.001 (s) Losses = ['5.8911', '3.5324'] lr = 0.0001000
2025-10-29 03:34:15,307 - PCN - INFO - [Epoch 49/150][Batch 201/1311] BatchTime = 0.369 (s) DataTime = 0.001 (s) Losses = ['5.6431', '3.0494'] lr = 0.0001000
2025-10-29 03:35:15,873 - PCN - INFO - [Epoch 49/150][Batch 301/1311] BatchTime = 0.538 (s) DataTime = 0.001 (s) Losses = ['5.4704', '2.7368'] lr = 0.0001000
2025-10-29 03:36:13,368 - PCN - INFO - [Epoch 49/150][Batch 401/1311] BatchTime = 0.262 (s) DataTime = 0.001 (s) Losses = ['5.0134', '2.5396'] lr = 0.0001000
2025-10-29 03:37:11,198 - PCN - INFO - [Epoch 49/150][Batch 501/1311] BatchTime = 0.724 (s) DataTime = 0.001 (s) Losses = ['5.3689', '2.7677'] lr = 0.0001000
2025-10-29 03:38:09,324 - PCN - INFO - [Epoch 49/150][Batch 601/1311] BatchTime = 0.399 (s) DataTime = 0.001 (s) Losses = ['4.9663', '2.6568'] lr = 0.0001000
2025-10-29 03:39:10,096 - PCN - INFO - [Epoch 49/150][Batch 701/1311] BatchTime = 1.159 (s) DataTime = 0.001 (s) Losses = ['4.7015', '2.6007'] lr = 0.0001000
2025-10-29 03:40:08,690 - PCN - INFO - [Epoch 49/150][Batch 801/1311] BatchTime = 0.645 (s) DataTime = 0.001 (s) Losses = ['5.1942', '2.9563'] lr = 0.0001000
2025-10-29 03:41:09,070 - PCN - INFO - [Epoch 49/150][Batch 901/1311] BatchTime = 0.646 (s) DataTime = 0.001 (s) Losses = ['6.1119', '3.4389'] lr = 0.0001000
2025-10-29 03:42:11,230 - PCN - INFO - [Epoch 49/150][Batch 1001/1311] BatchTime = 1.002 (s) DataTime = 0.001 (s) Losses = ['4.8360', '2.6185'] lr = 0.0001000
2025-10-29 03:43:11,288 - PCN - INFO - [Epoch 49/150][Batch 1101/1311] BatchTime = 0.326 (s) DataTime = 0.001 (s) Losses = ['5.5841', '3.0364'] lr = 0.0001000
2025-10-29 03:44:09,857 - PCN - INFO - [Epoch 49/150][Batch 1201/1311] BatchTime = 0.678 (s) DataTime = 0.001 (s) Losses = ['7.9153', '4.9837'] lr = 0.0001000
2025-10-29 03:45:10,632 - PCN - INFO - [Epoch 49/150][Batch 1301/1311] BatchTime = 0.446 (s) DataTime = 0.001 (s) Losses = ['5.8877', '3.1904'] lr = 0.0001000
2025-10-29 03:45:16,483 - PCN - INFO - [Training] EPOCH: 49 EpochTime = 782.019 (s) Losses = ['6.0183', '3.2713']
2025-10-29 03:45:16,562 - PCN - INFO - Save checkpoint at ./experiments/PCN/ShapeNet55_models/PCN_fog/ckpt-last.pth
2025-10-29 03:45:17,254 - PCN - INFO - [Epoch 50/150][Batch 1/1311] BatchTime = 0.692 (s) DataTime = 0.084 (s) Losses = ['5.8745', '3.3859'] lr = 0.0000500
2025-10-29 03:46:15,747 - PCN - INFO - [Epoch 50/150][Batch 101/1311] BatchTime = 0.573 (s) DataTime = 0.001 (s) Losses = ['6.0901', '3.1679'] lr = 0.0000500
2025-10-29 03:47:17,312 - PCN - INFO - [Epoch 50/150][Batch 201/1311] BatchTime = 0.266 (s) DataTime = 0.001 (s) Losses = ['6.3503', '3.6891'] lr = 0.0000500
2025-10-29 03:48:16,677 - PCN - INFO - [Epoch 50/150][Batch 301/1311] BatchTime = 0.542 (s) DataTime = 0.001 (s) Losses = ['6.5545', '3.4823'] lr = 0.0000500
2025-10-29 03:49:15,361 - PCN - INFO - [Epoch 50/150][Batch 401/1311] BatchTime = 0.694 (s) DataTime = 0.001 (s) Losses = ['5.1822', '2.7074'] lr = 0.0000500
2025-10-29 03:50:16,354 - PCN - INFO - [Epoch 50/150][Batch 501/1311] BatchTime = 0.662 (s) DataTime = 0.001 (s) Losses = ['4.8241', '2.7766'] lr = 0.0000500
2025-10-29 03:51:14,612 - PCN - INFO - [Epoch 50/150][Batch 601/1311] BatchTime = 0.698 (s) DataTime = 0.001 (s) Losses = ['5.2638', '2.5915'] lr = 0.0000500
2025-10-29 03:52:14,942 - PCN - INFO - [Epoch 50/150][Batch 701/1311] BatchTime = 0.505 (s) DataTime = 0.001 (s) Losses = ['6.1203', '3.1568'] lr = 0.0000500
2025-10-29 03:53:16,104 - PCN - INFO - [Epoch 50/150][Batch 801/1311] BatchTime = 0.581 (s) DataTime = 0.001 (s) Losses = ['6.7600', '3.3846'] lr = 0.0000500
2025-10-29 03:54:16,491 - PCN - INFO - [Epoch 50/150][Batch 901/1311] BatchTime = 0.664 (s) DataTime = 0.001 (s) Losses = ['5.1079', '2.5419'] lr = 0.0000500
2025-10-29 03:55:18,577 - PCN - INFO - [Epoch 50/150][Batch 1001/1311] BatchTime = 0.839 (s) DataTime = 0.001 (s) Losses = ['4.4712', '2.3672'] lr = 0.0000500
2025-10-29 03:56:17,542 - PCN - INFO - [Epoch 50/150][Batch 1101/1311] BatchTime = 0.856 (s) DataTime = 0.001 (s) Losses = ['5.3488', '2.7641'] lr = 0.0000500
2025-10-29 03:57:16,131 - PCN - INFO - [Epoch 50/150][Batch 1201/1311] BatchTime = 0.612 (s) DataTime = 0.001 (s) Losses = ['7.2907', '4.1362'] lr = 0.0000500
2025-10-29 03:58:15,534 - PCN - INFO - [Epoch 50/150][Batch 1301/1311] BatchTime = 0.921 (s) DataTime = 0.001 (s) Losses = ['6.1374', '3.1584'] lr = 0.0000500
2025-10-29 03:58:21,608 - PCN - INFO - [Training] EPOCH: 50 EpochTime = 785.046 (s) Losses = ['5.7832', '3.0620']
2025-10-29 03:58:21,608 - PCN - INFO - [VALIDATION] Start validating epoch 50
2025-10-29 03:58:58,761 - PCN - INFO - Test[1051/10518] Taxonomy = 02691156 Sample = c7749c0a8b61f43bc9b9e28055202e3d Losses = ['39.0071', '4.8091', '27.0043', '2.6602'] Metrics = ['0.1671', '27.0043', '2.6602', '0.0000']
2025-10-29 03:59:33,229 - PCN - INFO - Test[2102/10518] Taxonomy = 03211117 Sample = ab2f9418c111cc6ddb965514105122a4 Losses = ['33.8100', '2.8124', '23.6842', '1.6631'] Metrics = ['0.1577', '23.6842', '1.6631', '0.0000']
2025-10-29 04:00:08,031 - PCN - INFO - Test[3153/10518] Taxonomy = 02876657 Sample = c5032e4be091aabb36fe7a88df793982 Losses = ['60.8624', '9.8216', '43.5202', '5.7258'] Metrics = ['0.0342', '43.5202', '5.7258', '0.0000']
2025-10-29 04:00:44,216 - PCN - INFO - Test[4204/10518] Taxonomy = 03211117 Sample = 722df1da5778d45b1e43523279c7f09f Losses = ['53.1790', '7.2953', '39.1332', '4.7076'] Metrics = ['0.0573', '39.1332', '4.7076', '0.0000']
2025-10-29 04:01:19,590 - PCN - INFO - Test[5255/10518] Taxonomy = 02828884 Sample = 14b63361a48a9fffe4a048c146e8bd43 Losses = ['44.9990', '5.5527', '34.0216', '3.4490'] Metrics = ['0.0814', '34.0216', '3.4490', '0.0000']
2025-10-29 04:01:54,843 - PCN - INFO - Test[6306/10518] Taxonomy = 03211117 Sample = d330d50a0255529d19ed6e1a590c9122 Losses = ['33.4023', '3.1041', '23.7202', '1.6461'] Metrics = ['0.1073', '23.7202', '1.6461', '0.0000']
2025-10-29 04:02:29,232 - PCN - INFO - Test[7357/10518] Taxonomy = 04379243 Sample = b1ca280d9567270ade98d10ab5975b59 Losses = ['41.2388', '5.4133', '25.5071', '2.3003'] Metrics = ['0.0998', '25.5071', '2.3003', '0.0000']
2025-10-29 04:03:03,727 - PCN - INFO - Test[8408/10518] Taxonomy = 03001627 Sample = 89208a619341d9fdb8c516ed5c4ce32 Losses = ['42.1699', '4.9076', '30.1165', '2.6242'] Metrics = ['0.0730', '30.1165', '2.6242', '0.0000']
2025-10-29 04:03:38,073 - PCN - INFO - Test[9459/10518] Taxonomy = 03001627 Sample = d0255120e3351121c3bd24f986301745 Losses = ['52.6642', '7.8357', '36.4202', '4.0609'] Metrics = ['0.0619', '36.4202', '4.0609', '0.0000']
2025-10-29 04:04:12,131 - PCN - INFO - Test[10510/10518] Taxonomy = 03636649 Sample = ea9ec4d9db2e06202471e6dd5ac3ef92 Losses = ['35.8147', '4.5368', '26.4188', '2.7917'] Metrics = ['0.2860', '26.4188', '2.7917', '0.0000']
2025-10-29 04:04:12,472 - PCN - INFO - [Validation] EPOCH: 50  Metrics = ['0.1195', '30.9799', '3.5219', '0.0000']
2025-10-29 04:04:12,472 - PCN - INFO - ============================ TEST RESULTS ============================
2025-10-29 04:04:12,472 - PCN - INFO - Taxonomy	#Sample	F-Score	CDL1	CDL2	EMDistance	#ModelName	
2025-10-29 04:04:12,472 - PCN - INFO - 03759954	14	0.165 	36.756 	6.544 	0.000 	microphone	
2025-10-29 04:04:12,472 - PCN - INFO - 04330267	44	0.065 	34.965 	4.064 	0.000 	stove	
2025-10-29 04:04:12,472 - PCN - INFO - 03261776	15	0.086 	43.668 	9.259 	0.000 	earphone	
2025-10-29 04:04:12,472 - PCN - INFO - 03513137	33	0.033 	51.612 	9.695 	0.000 	helmet	
2025-10-29 04:04:12,472 - PCN - INFO - 04460130	27	0.142 	29.196 	2.975 	0.000 	tower	
2025-10-29 04:04:12,472 - PCN - INFO - 04468005	78	0.147 	24.158 	1.915 	0.000 	train	
2025-10-29 04:04:12,472 - PCN - INFO - 03761084	31	0.041 	35.821 	3.924 	0.000 	microwaves	
2025-10-29 04:04:12,473 - PCN - INFO - 04004475	34	0.046 	41.151 	5.599 	0.000 	printer	
2025-10-29 04:04:12,473 - PCN - INFO - 03938244	20	0.053 	39.644 	5.036 	0.000 	pillow	
2025-10-29 04:04:12,473 - PCN - INFO - 02992529	167	0.132 	21.989 	1.405 	0.000 	cellphone	
2025-10-29 04:04:12,473 - PCN - INFO - 02808440	172	0.070 	33.172 	3.677 	0.000 	bathtub	
2025-10-29 04:04:12,473 - PCN - INFO - 04530566	388	0.176 	23.980 	2.004 	0.000 	watercraft	
2025-10-29 04:04:12,473 - PCN - INFO - 02871439	91	0.075 	33.021 	3.732 	0.000 	bookshelf	
2025-10-29 04:04:12,473 - PCN - INFO - 03593526	120	0.063 	38.031 	4.973 	0.000 	jar	
2025-10-29 04:04:12,473 - PCN - INFO - 04554684	34	0.041 	36.497 	4.039 	0.000 	washer	
2025-10-29 04:04:12,473 - PCN - INFO - 03467517	160	0.441 	14.263 	0.708 	0.000 	guitar	
2025-10-29 04:04:12,473 - PCN - INFO - 04401088	218	0.131 	21.749 	1.391 	0.000 	telephone	
2025-10-29 04:04:12,473 - PCN - INFO - 02954340	12	0.051 	36.623 	4.123 	0.000 	cap	
2025-10-29 04:04:12,473 - PCN - INFO - 02933112	315	0.070 	29.522 	2.616 	0.000 	cabinet	
2025-10-29 04:04:12,473 - PCN - INFO - 03642806	92	0.129 	22.427 	1.522 	0.000 	laptop	
2025-10-29 04:04:12,473 - PCN - INFO - 02924116	188	0.119 	24.786 	1.881 	0.000 	bus	
2025-10-29 04:04:12,473 - PCN - INFO - 02946921	22	0.043 	36.588 	4.246 	0.000 	can	
2025-10-29 04:04:12,473 - PCN - INFO - 02818832	47	0.063 	38.029 	5.116 	0.000 	bed	
2025-10-29 04:04:12,473 - PCN - INFO - 04256520	635	0.065 	30.735 	2.788 	0.000 	sofa	
2025-10-29 04:04:12,473 - PCN - INFO - 04379243	1687	0.139 	27.180 	2.891 	0.000 	table	
2025-10-29 04:04:12,473 - PCN - INFO - 02747177	69	0.046 	33.665 	3.484 	0.000 	trash bin	
2025-10-29 04:04:12,473 - PCN - INFO - 03046257	131	0.077 	32.811 	3.682 	0.000 	clock	
2025-10-29 04:04:12,473 - PCN - INFO - 04225987	31	0.225 	20.950 	1.660 	0.000 	skateboard	
2025-10-29 04:04:12,473 - PCN - INFO - 03797390	43	0.045 	35.184 	4.013 	0.000 	mug	
2025-10-29 04:04:12,473 - PCN - INFO - 03001627	1356	0.097 	30.564 	3.145 	0.000 	chair	
2025-10-29 04:04:12,473 - PCN - INFO - 03691459	320	0.055 	35.848 	4.167 	0.000 	loudspeaker	
2025-10-29 04:04:12,473 - PCN - INFO - 02942699	23	0.042 	45.285 	7.026 	0.000 	camera	
2025-10-29 04:04:12,473 - PCN - INFO - 03636649	464	0.143 	36.177 	5.567 	0.000 	lamp	
2025-10-29 04:04:12,473 - PCN - INFO - 02691156	809	0.261 	19.585 	1.365 	0.000 	airplane	
2025-10-29 04:04:12,473 - PCN - INFO - 02773838	17	0.070 	36.422 	4.473 	0.000 	bag	
2025-10-29 04:04:12,473 - PCN - INFO - 02958343	703	0.081 	27.068 	2.124 	0.000 	car	
2025-10-29 04:04:12,473 - PCN - INFO - 02880940	38	0.047 	36.565 	4.457 	0.000 	bowl	
2025-10-29 04:04:12,473 - PCN - INFO - 04099429	17	0.310 	20.173 	1.619 	0.000 	rocket	
2025-10-29 04:04:12,473 - PCN - INFO - 02828884	363	0.159 	25.486 	2.408 	0.000 	bench	
2025-10-29 04:04:12,473 - PCN - INFO - 04090263	475	0.413 	15.822 	0.967 	0.000 	rifle	
2025-10-29 04:04:12,473 - PCN - INFO - 03211117	219	0.090 	29.322 	2.955 	0.000 	display	
2025-10-29 04:04:12,473 - PCN - INFO - 02876657	100	0.125 	26.461 	2.348 	0.000 	bottle	
2025-10-29 04:04:12,473 - PCN - INFO - 03710193	19	0.138 	30.347 	3.238 	0.000 	mailbox	
2025-10-29 04:04:12,473 - PCN - INFO - 03790512	68	0.108 	27.318 	2.426 	0.000 	motorbike	
2025-10-29 04:04:12,473 - PCN - INFO - 03325088	149	0.119 	34.709 	4.702 	0.000 	faucet	
2025-10-29 04:04:12,473 - PCN - INFO - 02801938	23	0.049 	35.399 	4.025 	0.000 	basket	
2025-10-29 04:04:12,473 - PCN - INFO - 03337140	60	0.069 	31.302 	3.114 	0.000 	file cabinet	
2025-10-29 04:04:12,473 - PCN - INFO - 02843684	15	0.048 	40.581 	5.506 	0.000 	birdhouse	
2025-10-29 04:04:12,473 - PCN - INFO - 03624134	85	0.450 	14.773 	0.833 	0.000 	knife	
2025-10-29 04:04:12,473 - PCN - INFO - 03991062	121	0.048 	40.979 	5.701 	0.000 	flowerpot	
2025-10-29 04:04:12,473 - PCN - INFO - 03948459	62	0.224 	20.415 	1.320 	0.000 	pistol	
2025-10-29 04:04:12,473 - PCN - INFO - 03928116	48	0.063 	35.787 	4.184 	0.000 	piano	
2025-10-29 04:04:12,473 - PCN - INFO - 03207941	19	0.047 	35.040 	3.905 	0.000 	dishwasher	
2025-10-29 04:04:12,473 - PCN - INFO - 04074963	14	0.139 	24.198 	1.780 	0.000 	remote	
2025-10-29 04:04:12,473 - PCN - INFO - 03085013	13	0.198 	20.093 	1.391 	0.000 	keyboard	
2025-10-29 04:04:12,473 - PCN - INFO - Overall		0.119 	30.980 	3.522 	0.000 	
2025-10-29 04:04:12,548 - PCN - INFO - Save checkpoint at ./experiments/PCN/ShapeNet55_models/PCN_fog/ckpt-best.pth
2025-10-29 04:04:12,614 - PCN - INFO - Save checkpoint at ./experiments/PCN/ShapeNet55_models/PCN_fog/ckpt-last.pth
2025-10-29 04:04:13,359 - PCN - INFO - [Epoch 51/150][Batch 1/1311] BatchTime = 0.745 (s) DataTime = 0.090 (s) Losses = ['5.6490', '2.8273'] lr = 0.0000500
2025-10-29 04:05:13,215 - PCN - INFO - [Epoch 51/150][Batch 101/1311] BatchTime = 0.494 (s) DataTime = 0.001 (s) Losses = ['5.4582', '2.8142'] lr = 0.0000500
2025-10-29 04:06:13,790 - PCN - INFO - [Epoch 51/150][Batch 201/1311] BatchTime = 0.640 (s) DataTime = 0.001 (s) Losses = ['4.8346', '2.5276'] lr = 0.0000500
2025-10-29 04:07:12,134 - PCN - INFO - [Epoch 51/150][Batch 301/1311] BatchTime = 0.364 (s) DataTime = 0.001 (s) Losses = ['7.0544', '3.7513'] lr = 0.0000500
2025-10-29 04:08:10,391 - PCN - INFO - [Epoch 51/150][Batch 401/1311] BatchTime = 0.599 (s) DataTime = 0.001 (s) Losses = ['6.6577', '3.5118'] lr = 0.0000500
2025-10-29 04:09:14,959 - PCN - INFO - [Epoch 51/150][Batch 501/1311] BatchTime = 0.462 (s) DataTime = 0.001 (s) Losses = ['5.7021', '3.1993'] lr = 0.0000500
2025-10-29 04:10:12,901 - PCN - INFO - [Epoch 51/150][Batch 601/1311] BatchTime = 0.508 (s) DataTime = 0.001 (s) Losses = ['6.2052', '3.1780'] lr = 0.0000500
2025-10-29 04:11:12,644 - PCN - INFO - [Epoch 51/150][Batch 701/1311] BatchTime = 0.764 (s) DataTime = 0.001 (s) Losses = ['6.9810', '3.5248'] lr = 0.0000500
2025-10-29 04:12:12,461 - PCN - INFO - [Epoch 51/150][Batch 801/1311] BatchTime = 0.645 (s) DataTime = 0.001 (s) Losses = ['5.5144', '2.6814'] lr = 0.0000500
2025-10-29 04:13:10,919 - PCN - INFO - [Epoch 51/150][Batch 901/1311] BatchTime = 0.471 (s) DataTime = 0.001 (s) Losses = ['5.1779', '2.6221'] lr = 0.0000500
2025-10-29 04:14:12,926 - PCN - INFO - [Epoch 51/150][Batch 1001/1311] BatchTime = 0.541 (s) DataTime = 0.001 (s) Losses = ['5.9866', '3.1787'] lr = 0.0000500
2025-10-29 04:15:10,946 - PCN - INFO - [Epoch 51/150][Batch 1101/1311] BatchTime = 0.488 (s) DataTime = 0.001 (s) Losses = ['5.5099', '2.8611'] lr = 0.0000500
2025-10-29 04:16:13,288 - PCN - INFO - [Epoch 51/150][Batch 1201/1311] BatchTime = 0.611 (s) DataTime = 0.001 (s) Losses = ['5.0471', '2.3411'] lr = 0.0000500
2025-10-29 04:17:08,415 - PCN - INFO - [Epoch 51/150][Batch 1301/1311] BatchTime = 0.637 (s) DataTime = 0.001 (s) Losses = ['4.7516', '2.3886'] lr = 0.0000500
2025-10-29 04:17:14,538 - PCN - INFO - [Training] EPOCH: 51 EpochTime = 781.924 (s) Losses = ['5.7345', '3.0292']
2025-10-29 04:17:14,609 - PCN - INFO - Save checkpoint at ./experiments/PCN/ShapeNet55_models/PCN_fog/ckpt-last.pth
2025-10-29 04:17:15,045 - PCN - INFO - [Epoch 52/150][Batch 1/1311] BatchTime = 0.435 (s) DataTime = 0.086 (s) Losses = ['5.3555', '2.8218'] lr = 0.0000500
2025-10-29 04:18:16,974 - PCN - INFO - [Epoch 52/150][Batch 101/1311] BatchTime = 0.489 (s) DataTime = 0.001 (s) Losses = ['5.0890', '2.6054'] lr = 0.0000500
2025-10-29 04:19:15,461 - PCN - INFO - [Epoch 52/150][Batch 201/1311] BatchTime = 0.579 (s) DataTime = 0.001 (s) Losses = ['6.6168', '3.5473'] lr = 0.0000500
2025-10-29 04:20:16,254 - PCN - INFO - [Epoch 52/150][Batch 301/1311] BatchTime = 0.401 (s) DataTime = 0.001 (s) Losses = ['5.4295', '3.0117'] lr = 0.0000500
2025-10-29 04:21:16,637 - PCN - INFO - [Epoch 52/150][Batch 401/1311] BatchTime = 0.483 (s) DataTime = 0.001 (s) Losses = ['5.1265', '2.6150'] lr = 0.0000500
2025-10-29 04:22:17,550 - PCN - INFO - [Epoch 52/150][Batch 501/1311] BatchTime = 0.532 (s) DataTime = 0.001 (s) Losses = ['6.2957', '3.4806'] lr = 0.0000500
2025-10-29 04:23:17,693 - PCN - INFO - [Epoch 52/150][Batch 601/1311] BatchTime = 0.750 (s) DataTime = 0.001 (s) Losses = ['4.2938', '2.0883'] lr = 0.0000500
2025-10-29 04:24:16,149 - PCN - INFO - [Epoch 52/150][Batch 701/1311] BatchTime = 0.918 (s) DataTime = 0.001 (s) Losses = ['5.6168', '2.8764'] lr = 0.0000500
2025-10-29 04:25:15,783 - PCN - INFO - [Epoch 52/150][Batch 801/1311] BatchTime = 0.663 (s) DataTime = 0.001 (s) Losses = ['5.0922', '2.7136'] lr = 0.0000500
2025-10-29 04:26:14,338 - PCN - INFO - [Epoch 52/150][Batch 901/1311] BatchTime = 0.465 (s) DataTime = 0.001 (s) Losses = ['5.2118', '2.6823'] lr = 0.0000500
2025-10-29 04:27:16,710 - PCN - INFO - [Epoch 52/150][Batch 1001/1311] BatchTime = 0.817 (s) DataTime = 0.001 (s) Losses = ['5.0340', '2.6247'] lr = 0.0000500
2025-10-29 04:28:15,931 - PCN - INFO - [Epoch 52/150][Batch 1101/1311] BatchTime = 0.357 (s) DataTime = 0.001 (s) Losses = ['7.2123', '3.6529'] lr = 0.0000500
2025-10-29 04:29:16,905 - PCN - INFO - [Epoch 52/150][Batch 1201/1311] BatchTime = 0.923 (s) DataTime = 0.001 (s) Losses = ['5.6963', '3.1139'] lr = 0.0000500
2025-10-29 04:30:16,498 - PCN - INFO - [Epoch 52/150][Batch 1301/1311] BatchTime = 0.465 (s) DataTime = 0.001 (s) Losses = ['5.4677', '2.7783'] lr = 0.0000500
2025-10-29 04:30:22,039 - PCN - INFO - [Training] EPOCH: 52 EpochTime = 787.430 (s) Losses = ['5.7034', '3.0099']
2025-10-29 04:30:22,120 - PCN - INFO - Save checkpoint at ./experiments/PCN/ShapeNet55_models/PCN_fog/ckpt-last.pth
2025-10-29 04:30:22,588 - PCN - INFO - [Epoch 53/150][Batch 1/1311] BatchTime = 0.467 (s) DataTime = 0.082 (s) Losses = ['6.1691', '3.1598'] lr = 0.0000500
2025-10-29 04:31:20,358 - PCN - INFO - [Epoch 53/150][Batch 101/1311] BatchTime = 0.617 (s) DataTime = 0.001 (s) Losses = ['4.9158', '2.4696'] lr = 0.0000500
2025-10-29 04:32:20,864 - PCN - INFO - [Epoch 53/150][Batch 201/1311] BatchTime = 0.453 (s) DataTime = 0.001 (s) Losses = ['4.4547', '2.2864'] lr = 0.0000500
2025-10-29 04:33:21,778 - PCN - INFO - [Epoch 53/150][Batch 301/1311] BatchTime = 0.411 (s) DataTime = 0.001 (s) Losses = ['4.8973', '2.4666'] lr = 0.0000500
2025-10-29 04:34:21,289 - PCN - INFO - [Epoch 53/150][Batch 401/1311] BatchTime = 0.536 (s) DataTime = 0.001 (s) Losses = ['6.1736', '3.1634'] lr = 0.0000500
2025-10-29 04:35:18,637 - PCN - INFO - [Epoch 53/150][Batch 501/1311] BatchTime = 0.545 (s) DataTime = 0.001 (s) Losses = ['6.2191', '3.3225'] lr = 0.0000500
2025-10-29 04:36:18,488 - PCN - INFO - [Epoch 53/150][Batch 601/1311] BatchTime = 0.614 (s) DataTime = 0.001 (s) Losses = ['6.1629', '3.6123'] lr = 0.0000500
2025-10-29 04:37:17,985 - PCN - INFO - [Epoch 53/150][Batch 701/1311] BatchTime = 0.453 (s) DataTime = 0.001 (s) Losses = ['4.8717', '2.5478'] lr = 0.0000500
2025-10-29 04:38:16,060 - PCN - INFO - [Epoch 53/150][Batch 801/1311] BatchTime = 0.375 (s) DataTime = 0.001 (s) Losses = ['6.0962', '3.0431'] lr = 0.0000500
2025-10-29 04:39:12,592 - PCN - INFO - [Epoch 53/150][Batch 901/1311] BatchTime = 0.694 (s) DataTime = 0.001 (s) Losses = ['9.3583', '4.8719'] lr = 0.0000500
2025-10-29 04:40:11,894 - PCN - INFO - [Epoch 53/150][Batch 1001/1311] BatchTime = 0.492 (s) DataTime = 0.001 (s) Losses = ['6.7076', '3.4702'] lr = 0.0000500
2025-10-29 04:41:08,619 - PCN - INFO - [Epoch 53/150][Batch 1101/1311] BatchTime = 0.349 (s) DataTime = 0.001 (s) Losses = ['5.9534', '3.3292'] lr = 0.0000500
2025-10-29 04:42:06,847 - PCN - INFO - [Epoch 53/150][Batch 1201/1311] BatchTime = 0.759 (s) DataTime = 0.001 (s) Losses = ['4.2102', '2.1834'] lr = 0.0000500
2025-10-29 04:43:07,134 - PCN - INFO - [Epoch 53/150][Batch 1301/1311] BatchTime = 0.865 (s) DataTime = 0.001 (s) Losses = ['4.7519', '2.5129'] lr = 0.0000500
2025-10-29 04:43:13,254 - PCN - INFO - [Training] EPOCH: 53 EpochTime = 771.133 (s) Losses = ['5.7158', '3.0136']
2025-10-29 04:43:13,333 - PCN - INFO - Save checkpoint at ./experiments/PCN/ShapeNet55_models/PCN_fog/ckpt-last.pth
2025-10-29 04:43:13,788 - PCN - INFO - [Epoch 54/150][Batch 1/1311] BatchTime = 0.454 (s) DataTime = 0.081 (s) Losses = ['6.7929', '3.9882'] lr = 0.0000500
2025-10-29 04:44:15,564 - PCN - INFO - [Epoch 54/150][Batch 101/1311] BatchTime = 0.615 (s) DataTime = 0.001 (s) Losses = ['6.6496', '3.3522'] lr = 0.0000500
2025-10-29 04:45:13,283 - PCN - INFO - [Epoch 54/150][Batch 201/1311] BatchTime = 0.389 (s) DataTime = 0.001 (s) Losses = ['6.5487', '3.5550'] lr = 0.0000500
2025-10-29 04:46:13,212 - PCN - INFO - [Epoch 54/150][Batch 301/1311] BatchTime = 0.740 (s) DataTime = 0.001 (s) Losses = ['5.8050', '3.0368'] lr = 0.0000500
2025-10-29 04:47:11,457 - PCN - INFO - [Epoch 54/150][Batch 401/1311] BatchTime = 0.743 (s) DataTime = 0.001 (s) Losses = ['9.0235', '5.9350'] lr = 0.0000500
2025-10-29 04:48:13,489 - PCN - INFO - [Epoch 54/150][Batch 501/1311] BatchTime = 0.800 (s) DataTime = 0.001 (s) Losses = ['5.7369', '3.0583'] lr = 0.0000500
2025-10-29 04:49:12,756 - PCN - INFO - [Epoch 54/150][Batch 601/1311] BatchTime = 0.533 (s) DataTime = 0.001 (s) Losses = ['6.2174', '3.2127'] lr = 0.0000500
2025-10-29 04:50:12,413 - PCN - INFO - [Epoch 54/150][Batch 701/1311] BatchTime = 0.779 (s) DataTime = 0.001 (s) Losses = ['5.4714', '2.8291'] lr = 0.0000500
2025-10-29 04:51:12,003 - PCN - INFO - [Epoch 54/150][Batch 801/1311] BatchTime = 0.425 (s) DataTime = 0.001 (s) Losses = ['4.8922', '2.5398'] lr = 0.0000500
2025-10-29 04:52:11,755 - PCN - INFO - [Epoch 54/150][Batch 901/1311] BatchTime = 0.732 (s) DataTime = 0.001 (s) Losses = ['5.7914', '2.6346'] lr = 0.0000500
2025-10-29 04:53:08,910 - PCN - INFO - [Epoch 54/150][Batch 1001/1311] BatchTime = 0.547 (s) DataTime = 0.001 (s) Losses = ['5.2119', '2.7270'] lr = 0.0000500
2025-10-29 04:54:09,595 - PCN - INFO - [Epoch 54/150][Batch 1101/1311] BatchTime = 0.687 (s) DataTime = 0.001 (s) Losses = ['5.4285', '2.6318'] lr = 0.0000500
2025-10-29 04:55:10,003 - PCN - INFO - [Epoch 54/150][Batch 1201/1311] BatchTime = 0.562 (s) DataTime = 0.001 (s) Losses = ['6.3934', '3.3321'] lr = 0.0000500
2025-10-29 04:56:09,758 - PCN - INFO - [Epoch 54/150][Batch 1301/1311] BatchTime = 0.592 (s) DataTime = 0.001 (s) Losses = ['5.6267', '2.8938'] lr = 0.0000500
2025-10-29 04:56:15,373 - PCN - INFO - [Training] EPOCH: 54 EpochTime = 782.039 (s) Losses = ['5.6889', '3.0024']
2025-10-29 04:56:15,449 - PCN - INFO - Save checkpoint at ./experiments/PCN/ShapeNet55_models/PCN_fog/ckpt-last.pth
2025-10-29 04:56:16,457 - PCN - INFO - [Epoch 55/150][Batch 1/1311] BatchTime = 1.008 (s) DataTime = 0.084 (s) Losses = ['7.4761', '3.9016'] lr = 0.0000500
2025-10-29 04:57:13,924 - PCN - INFO - [Epoch 55/150][Batch 101/1311] BatchTime = 0.474 (s) DataTime = 0.001 (s) Losses = ['5.4081', '2.9331'] lr = 0.0000500
2025-10-29 04:58:12,679 - PCN - INFO - [Epoch 55/150][Batch 201/1311] BatchTime = 0.504 (s) DataTime = 0.001 (s) Losses = ['5.3643', '2.7103'] lr = 0.0000500
2025-10-29 04:59:11,128 - PCN - INFO - [Epoch 55/150][Batch 301/1311] BatchTime = 0.463 (s) DataTime = 0.001 (s) Losses = ['7.4645', '4.0667'] lr = 0.0000500
2025-10-29 05:00:11,110 - PCN - INFO - [Epoch 55/150][Batch 401/1311] BatchTime = 0.590 (s) DataTime = 0.001 (s) Losses = ['5.7025', '3.3059'] lr = 0.0000500
2025-10-29 05:01:12,108 - PCN - INFO - [Epoch 55/150][Batch 501/1311] BatchTime = 0.587 (s) DataTime = 0.001 (s) Losses = ['5.2005', '2.6631'] lr = 0.0000500
2025-10-29 05:02:11,604 - PCN - INFO - [Epoch 55/150][Batch 601/1311] BatchTime = 0.609 (s) DataTime = 0.001 (s) Losses = ['5.2340', '2.6870'] lr = 0.0000500
2025-10-29 05:03:11,381 - PCN - INFO - [Epoch 55/150][Batch 701/1311] BatchTime = 0.676 (s) DataTime = 0.001 (s) Losses = ['4.6632', '2.2965'] lr = 0.0000500
2025-10-29 05:04:10,146 - PCN - INFO - [Epoch 55/150][Batch 801/1311] BatchTime = 0.785 (s) DataTime = 0.001 (s) Losses = ['5.2051', '2.7038'] lr = 0.0000500
2025-10-29 05:05:04,105 - PCN - INFO - [Epoch 55/150][Batch 901/1311] BatchTime = 0.923 (s) DataTime = 0.001 (s) Losses = ['7.4601', '3.8452'] lr = 0.0000500
2025-10-29 05:06:06,151 - PCN - INFO - [Epoch 55/150][Batch 1001/1311] BatchTime = 0.796 (s) DataTime = 0.001 (s) Losses = ['5.6486', '2.9558'] lr = 0.0000500
2025-10-29 05:07:05,622 - PCN - INFO - [Epoch 55/150][Batch 1101/1311] BatchTime = 0.633 (s) DataTime = 0.001 (s) Losses = ['6.4020', '3.4089'] lr = 0.0000500
2025-10-29 05:08:04,458 - PCN - INFO - [Epoch 55/150][Batch 1201/1311] BatchTime = 0.703 (s) DataTime = 0.001 (s) Losses = ['4.8503', '2.5738'] lr = 0.0000500
2025-10-29 05:09:07,357 - PCN - INFO - [Epoch 55/150][Batch 1301/1311] BatchTime = 0.448 (s) DataTime = 0.001 (s) Losses = ['4.4079', '2.1717'] lr = 0.0000500
2025-10-29 05:09:13,730 - PCN - INFO - [Training] EPOCH: 55 EpochTime = 778.281 (s) Losses = ['5.6668', '2.9783']
2025-10-29 05:09:13,731 - PCN - INFO - [VALIDATION] Start validating epoch 55
2025-10-29 05:09:49,723 - PCN - INFO - Test[1051/10518] Taxonomy = 02691156 Sample = c7749c0a8b61f43bc9b9e28055202e3d Losses = ['38.2950', '4.7979', '27.7209', '2.6599'] Metrics = ['0.1537', '27.7209', '2.6599', '0.0000']
2025-10-29 05:10:24,914 - PCN - INFO - Test[2102/10518] Taxonomy = 03211117 Sample = ab2f9418c111cc6ddb965514105122a4 Losses = ['33.1523', '2.6371', '23.1420', '1.4455'] Metrics = ['0.1128', '23.1420', '1.4455', '0.0000']
2025-10-29 05:10:59,563 - PCN - INFO - Test[3153/10518] Taxonomy = 02876657 Sample = c5032e4be091aabb36fe7a88df793982 Losses = ['55.6195', '8.4900', '39.9341', '4.7207'] Metrics = ['0.0384', '39.9341', '4.7207', '0.0000']
2025-10-29 05:11:35,794 - PCN - INFO - Test[4204/10518] Taxonomy = 03211117 Sample = 722df1da5778d45b1e43523279c7f09f Losses = ['51.5472', '6.9172', '38.2402', '4.6662'] Metrics = ['0.0634', '38.2402', '4.6662', '0.0000']
2025-10-29 05:12:09,555 - PCN - INFO - Test[5255/10518] Taxonomy = 02828884 Sample = 14b63361a48a9fffe4a048c146e8bd43 Losses = ['45.6395', '5.2760', '35.0994', '3.5500'] Metrics = ['0.0699', '35.0994', '3.5500', '0.0000']
2025-10-29 05:12:44,767 - PCN - INFO - Test[6306/10518] Taxonomy = 03211117 Sample = d330d50a0255529d19ed6e1a590c9122 Losses = ['32.7329', '3.2243', '22.0028', '1.4860'] Metrics = ['0.1625', '22.0028', '1.4860', '0.0000']
2025-10-29 05:13:18,014 - PCN - INFO - Test[7357/10518] Taxonomy = 04379243 Sample = b1ca280d9567270ade98d10ab5975b59 Losses = ['47.7607', '7.6282', '30.9565', '3.8291'] Metrics = ['0.0757', '30.9565', '3.8291', '0.0000']
2025-10-29 05:13:53,497 - PCN - INFO - Test[8408/10518] Taxonomy = 03001627 Sample = 89208a619341d9fdb8c516ed5c4ce32 Losses = ['43.1094', '4.9816', '28.7634', '2.3189'] Metrics = ['0.0622', '28.7634', '2.3189', '0.0000']
2025-10-29 05:14:29,676 - PCN - INFO - Test[9459/10518] Taxonomy = 03001627 Sample = d0255120e3351121c3bd24f986301745 Losses = ['56.7102', '9.4096', '39.4083', '5.0215'] Metrics = ['0.0513', '39.4083', '5.0215', '0.0000']
2025-10-29 05:15:04,730 - PCN - INFO - Test[10510/10518] Taxonomy = 03636649 Sample = ea9ec4d9db2e06202471e6dd5ac3ef92 Losses = ['33.3707', '3.5739', '26.5299', '2.7050'] Metrics = ['0.2292', '26.5299', '2.7050', '0.0000']
2025-10-29 05:15:05,074 - PCN - INFO - [Validation] EPOCH: 55  Metrics = ['0.1225', '30.3258', '3.3476', '0.0000']
2025-10-29 05:15:05,075 - PCN - INFO - ============================ TEST RESULTS ============================
2025-10-29 05:15:05,075 - PCN - INFO - Taxonomy	#Sample	F-Score	CDL1	CDL2	EMDistance	#ModelName	
2025-10-29 05:15:05,075 - PCN - INFO - 03759954	14	0.168 	35.091 	6.247 	0.000 	microphone	
2025-10-29 05:15:05,075 - PCN - INFO - 04330267	44	0.064 	34.100 	3.712 	0.000 	stove	
2025-10-29 05:15:05,075 - PCN - INFO - 03261776	15	0.089 	39.506 	7.110 	0.000 	earphone	
2025-10-29 05:15:05,075 - PCN - INFO - 03513137	33	0.039 	45.707 	7.476 	0.000 	helmet	
2025-10-29 05:15:05,075 - PCN - INFO - 04460130	27	0.142 	28.268 	2.737 	0.000 	tower	
2025-10-29 05:15:05,075 - PCN - INFO - 04468005	78	0.149 	24.491 	2.025 	0.000 	train	
2025-10-29 05:15:05,075 - PCN - INFO - 03761084	31	0.040 	36.031 	3.985 	0.000 	microwaves	
2025-10-29 05:15:05,075 - PCN - INFO - 04004475	34	0.045 	41.293 	5.690 	0.000 	printer	
2025-10-29 05:15:05,075 - PCN - INFO - 03938244	20	0.045 	40.108 	5.038 	0.000 	pillow	
2025-10-29 05:15:05,075 - PCN - INFO - 02992529	167	0.141 	21.383 	1.300 	0.000 	cellphone	
2025-10-29 05:15:05,075 - PCN - INFO - 02808440	172	0.070 	33.075 	3.646 	0.000 	bathtub	
2025-10-29 05:15:05,075 - PCN - INFO - 04530566	388	0.182 	23.583 	1.951 	0.000 	watercraft	
2025-10-29 05:15:05,075 - PCN - INFO - 02871439	91	0.075 	33.181 	3.761 	0.000 	bookshelf	
2025-10-29 05:15:05,075 - PCN - INFO - 03593526	120	0.063 	36.786 	4.696 	0.000 	jar	
2025-10-29 05:15:05,075 - PCN - INFO - 04554684	34	0.042 	35.869 	3.911 	0.000 	washer	
2025-10-29 05:15:05,075 - PCN - INFO - 03467517	160	0.468 	13.641 	0.638 	0.000 	guitar	
2025-10-29 05:15:05,075 - PCN - INFO - 04401088	218	0.148 	21.034 	1.341 	0.000 	telephone	
2025-10-29 05:15:05,075 - PCN - INFO - 02954340	12	0.056 	36.201 	4.365 	0.000 	cap	
2025-10-29 05:15:05,075 - PCN - INFO - 02933112	315	0.068 	29.558 	2.596 	0.000 	cabinet	
2025-10-29 05:15:05,075 - PCN - INFO - 03642806	92	0.126 	22.122 	1.464 	0.000 	laptop	
2025-10-29 05:15:05,075 - PCN - INFO - 02924116	188	0.124 	24.314 	1.814 	0.000 	bus	
2025-10-29 05:15:05,075 - PCN - INFO - 02946921	22	0.046 	35.478 	4.182 	0.000 	can	
2025-10-29 05:15:05,075 - PCN - INFO - 02818832	47	0.059 	37.186 	4.599 	0.000 	bed	
2025-10-29 05:15:05,075 - PCN - INFO - 04256520	635	0.065 	30.762 	2.819 	0.000 	sofa	
2025-10-29 05:15:05,075 - PCN - INFO - 04379243	1687	0.140 	27.084 	2.835 	0.000 	table	
2025-10-29 05:15:05,075 - PCN - INFO - 02747177	69	0.048 	33.476 	3.406 	0.000 	trash bin	
2025-10-29 05:15:05,075 - PCN - INFO - 03046257	131	0.082 	31.751 	3.364 	0.000 	clock	
2025-10-29 05:15:05,075 - PCN - INFO - 04225987	31	0.225 	20.296 	1.408 	0.000 	skateboard	
2025-10-29 05:15:05,075 - PCN - INFO - 03797390	43	0.043 	34.616 	3.841 	0.000 	mug	
2025-10-29 05:15:05,075 - PCN - INFO - 03001627	1356	0.099 	29.956 	3.022 	0.000 	chair	
2025-10-29 05:15:05,075 - PCN - INFO - 03691459	320	0.056 	35.543 	4.079 	0.000 	loudspeaker	
2025-10-29 05:15:05,075 - PCN - INFO - 02942699	23	0.041 	46.724 	7.769 	0.000 	camera	
2025-10-29 05:15:05,075 - PCN - INFO - 03636649	464	0.154 	33.569 	4.753 	0.000 	lamp	
2025-10-29 05:15:05,075 - PCN - INFO - 02691156	809	0.265 	19.499 	1.377 	0.000 	airplane	
2025-10-29 05:15:05,075 - PCN - INFO - 02773838	17	0.071 	36.638 	4.676 	0.000 	bag	
2025-10-29 05:15:05,075 - PCN - INFO - 02958343	703	0.084 	26.549 	2.040 	0.000 	car	
2025-10-29 05:15:05,075 - PCN - INFO - 02880940	38	0.050 	34.806 	3.878 	0.000 	bowl	
2025-10-29 05:15:05,075 - PCN - INFO - 04099429	17	0.328 	19.757 	1.572 	0.000 	rocket	
2025-10-29 05:15:05,075 - PCN - INFO - 02828884	363	0.162 	25.171 	2.331 	0.000 	bench	
2025-10-29 05:15:05,075 - PCN - INFO - 04090263	475	0.420 	15.615 	0.960 	0.000 	rifle	
2025-10-29 05:15:05,075 - PCN - INFO - 03211117	219	0.088 	28.810 	2.713 	0.000 	display	
2025-10-29 05:15:05,075 - PCN - INFO - 02876657	100	0.126 	25.921 	2.259 	0.000 	bottle	
2025-10-29 05:15:05,075 - PCN - INFO - 03710193	19	0.131 	29.433 	2.883 	0.000 	mailbox	
2025-10-29 05:15:05,075 - PCN - INFO - 03790512	68	0.110 	26.834 	2.357 	0.000 	motorbike	
2025-10-29 05:15:05,075 - PCN - INFO - 03325088	149	0.116 	36.054 	5.385 	0.000 	faucet	
2025-10-29 05:15:05,075 - PCN - INFO - 02801938	23	0.053 	34.803 	3.878 	0.000 	basket	
2025-10-29 05:15:05,075 - PCN - INFO - 03337140	60	0.068 	30.992 	3.066 	0.000 	file cabinet	
2025-10-29 05:15:05,075 - PCN - INFO - 02843684	15	0.051 	39.759 	5.179 	0.000 	birdhouse	
2025-10-29 05:15:05,075 - PCN - INFO - 03624134	85	0.463 	14.347 	0.787 	0.000 	knife	
2025-10-29 05:15:05,075 - PCN - INFO - 03991062	121	0.053 	39.715 	5.374 	0.000 	flowerpot	
2025-10-29 05:15:05,075 - PCN - INFO - 03948459	62	0.226 	20.376 	1.362 	0.000 	pistol	
2025-10-29 05:15:05,075 - PCN - INFO - 03928116	48	0.057 	36.428 	4.337 	0.000 	piano	
2025-10-29 05:15:05,075 - PCN - INFO - 03207941	19	0.050 	32.962 	3.405 	0.000 	dishwasher	
2025-10-29 05:15:05,075 - PCN - INFO - 04074963	14	0.137 	23.456 	1.612 	0.000 	remote	
2025-10-29 05:15:05,075 - PCN - INFO - 03085013	13	0.226 	18.214 	1.108 	0.000 	keyboard	
2025-10-29 05:15:05,075 - PCN - INFO - Overall		0.123 	30.326 	3.348 	0.000 	
2025-10-29 05:15:05,157 - PCN - INFO - Save checkpoint at ./experiments/PCN/ShapeNet55_models/PCN_fog/ckpt-best.pth
2025-10-29 05:15:05,231 - PCN - INFO - Save checkpoint at ./experiments/PCN/ShapeNet55_models/PCN_fog/ckpt-last.pth
2025-10-29 05:15:05,978 - PCN - INFO - [Epoch 56/150][Batch 1/1311] BatchTime = 0.747 (s) DataTime = 0.082 (s) Losses = ['5.0475', '2.5213'] lr = 0.0000500
2025-10-29 05:16:08,245 - PCN - INFO - [Epoch 56/150][Batch 101/1311] BatchTime = 0.554 (s) DataTime = 0.001 (s) Losses = ['5.7247', '3.0357'] lr = 0.0000500
2025-10-29 05:17:07,306 - PCN - INFO - [Epoch 56/150][Batch 201/1311] BatchTime = 0.615 (s) DataTime = 0.001 (s) Losses = ['7.4623', '4.1035'] lr = 0.0000500
2025-10-29 05:18:06,480 - PCN - INFO - [Epoch 56/150][Batch 301/1311] BatchTime = 0.653 (s) DataTime = 0.001 (s) Losses = ['6.5489', '3.1129'] lr = 0.0000500
2025-10-29 05:19:07,259 - PCN - INFO - [Epoch 56/150][Batch 401/1311] BatchTime = 0.567 (s) DataTime = 0.001 (s) Losses = ['5.0855', '2.5862'] lr = 0.0000500
2025-10-29 05:20:06,215 - PCN - INFO - [Epoch 56/150][Batch 501/1311] BatchTime = 0.844 (s) DataTime = 0.001 (s) Losses = ['4.3863', '2.1595'] lr = 0.0000500
2025-10-29 05:21:04,943 - PCN - INFO - [Epoch 56/150][Batch 601/1311] BatchTime = 0.598 (s) DataTime = 0.001 (s) Losses = ['6.7670', '3.4884'] lr = 0.0000500
2025-10-29 05:22:07,477 - PCN - INFO - [Epoch 56/150][Batch 701/1311] BatchTime = 0.573 (s) DataTime = 0.001 (s) Losses = ['6.1391', '3.3877'] lr = 0.0000500
2025-10-29 05:23:07,199 - PCN - INFO - [Epoch 56/150][Batch 801/1311] BatchTime = 0.739 (s) DataTime = 0.001 (s) Losses = ['5.6490', '3.1090'] lr = 0.0000500
2025-10-29 05:24:06,842 - PCN - INFO - [Epoch 56/150][Batch 901/1311] BatchTime = 0.551 (s) DataTime = 0.001 (s) Losses = ['7.0607', '3.6602'] lr = 0.0000500
2025-10-29 05:25:04,313 - PCN - INFO - [Epoch 56/150][Batch 1001/1311] BatchTime = 0.633 (s) DataTime = 0.001 (s) Losses = ['6.1256', '3.1778'] lr = 0.0000500
2025-10-29 05:26:07,944 - PCN - INFO - [Epoch 56/150][Batch 1101/1311] BatchTime = 0.713 (s) DataTime = 0.001 (s) Losses = ['5.9508', '3.0278'] lr = 0.0000500
2025-10-29 05:27:09,230 - PCN - INFO - [Epoch 56/150][Batch 1201/1311] BatchTime = 0.714 (s) DataTime = 0.001 (s) Losses = ['4.8416', '2.5136'] lr = 0.0000500
2025-10-29 05:28:06,764 - PCN - INFO - [Epoch 56/150][Batch 1301/1311] BatchTime = 0.904 (s) DataTime = 0.001 (s) Losses = ['4.7710', '2.6017'] lr = 0.0000500
2025-10-29 05:28:13,278 - PCN - INFO - [Training] EPOCH: 56 EpochTime = 788.047 (s) Losses = ['5.6177', '2.9455']
2025-10-29 05:28:13,359 - PCN - INFO - Save checkpoint at ./experiments/PCN/ShapeNet55_models/PCN_fog/ckpt-last.pth
2025-10-29 05:28:14,013 - PCN - INFO - [Epoch 57/150][Batch 1/1311] BatchTime = 0.654 (s) DataTime = 0.083 (s) Losses = ['5.2344', '2.7382'] lr = 0.0000500
2025-10-29 05:29:13,041 - PCN - INFO - [Epoch 57/150][Batch 101/1311] BatchTime = 0.498 (s) DataTime = 0.001 (s) Losses = ['5.8554', '3.1995'] lr = 0.0000500
2025-10-29 05:30:10,969 - PCN - INFO - [Epoch 57/150][Batch 201/1311] BatchTime = 0.558 (s) DataTime = 0.001 (s) Losses = ['5.8143', '3.0035'] lr = 0.0000500
2025-10-29 05:31:13,060 - PCN - INFO - [Epoch 57/150][Batch 301/1311] BatchTime = 0.589 (s) DataTime = 0.001 (s) Losses = ['5.7910', '2.8304'] lr = 0.0000500
2025-10-29 05:32:13,338 - PCN - INFO - [Epoch 57/150][Batch 401/1311] BatchTime = 0.504 (s) DataTime = 0.001 (s) Losses = ['5.8928', '2.8746'] lr = 0.0000500
2025-10-29 05:33:13,583 - PCN - INFO - [Epoch 57/150][Batch 501/1311] BatchTime = 0.629 (s) DataTime = 0.001 (s) Losses = ['7.1503', '3.9795'] lr = 0.0000500
2025-10-29 05:34:13,169 - PCN - INFO - [Epoch 57/150][Batch 601/1311] BatchTime = 0.472 (s) DataTime = 0.001 (s) Losses = ['5.1424', '2.5106'] lr = 0.0000500
2025-10-29 05:35:11,577 - PCN - INFO - [Epoch 57/150][Batch 701/1311] BatchTime = 0.362 (s) DataTime = 0.001 (s) Losses = ['8.0077', '4.2647'] lr = 0.0000500
2025-10-29 05:36:12,948 - PCN - INFO - [Epoch 57/150][Batch 801/1311] BatchTime = 0.730 (s) DataTime = 0.001 (s) Losses = ['5.2912', '2.6736'] lr = 0.0000500
2025-10-29 05:37:12,295 - PCN - INFO - [Epoch 57/150][Batch 901/1311] BatchTime = 0.348 (s) DataTime = 0.001 (s) Losses = ['5.4594', '2.8212'] lr = 0.0000500
2025-10-29 05:38:08,776 - PCN - INFO - [Epoch 57/150][Batch 1001/1311] BatchTime = 0.579 (s) DataTime = 0.001 (s) Losses = ['5.1236', '2.5312'] lr = 0.0000500
2025-10-29 05:39:08,709 - PCN - INFO - [Epoch 57/150][Batch 1101/1311] BatchTime = 0.773 (s) DataTime = 0.001 (s) Losses = ['5.4735', '2.6735'] lr = 0.0000500
2025-10-29 05:40:09,719 - PCN - INFO - [Epoch 57/150][Batch 1201/1311] BatchTime = 0.456 (s) DataTime = 0.001 (s) Losses = ['5.8860', '2.9276'] lr = 0.0000500
2025-10-29 05:41:10,056 - PCN - INFO - [Epoch 57/150][Batch 1301/1311] BatchTime = 0.650 (s) DataTime = 0.001 (s) Losses = ['5.9815', '3.3614'] lr = 0.0000500
2025-10-29 05:41:16,520 - PCN - INFO - [Training] EPOCH: 57 EpochTime = 783.161 (s) Losses = ['5.6295', '2.9542']
2025-10-29 05:41:16,599 - PCN - INFO - Save checkpoint at ./experiments/PCN/ShapeNet55_models/PCN_fog/ckpt-last.pth
2025-10-29 05:41:17,254 - PCN - INFO - [Epoch 58/150][Batch 1/1311] BatchTime = 0.655 (s) DataTime = 0.083 (s) Losses = ['4.0510', '2.1928'] lr = 0.0000500
2025-10-29 05:42:14,974 - PCN - INFO - [Epoch 58/150][Batch 101/1311] BatchTime = 0.577 (s) DataTime = 0.001 (s) Losses = ['5.5119', '2.8767'] lr = 0.0000500
2025-10-29 05:43:11,808 - PCN - INFO - [Epoch 58/150][Batch 201/1311] BatchTime = 0.549 (s) DataTime = 0.001 (s) Losses = ['5.5941', '2.8873'] lr = 0.0000500
2025-10-29 05:44:10,831 - PCN - INFO - [Epoch 58/150][Batch 301/1311] BatchTime = 0.393 (s) DataTime = 0.001 (s) Losses = ['6.0340', '2.9669'] lr = 0.0000500
2025-10-29 05:45:08,202 - PCN - INFO - [Epoch 58/150][Batch 401/1311] BatchTime = 0.490 (s) DataTime = 0.001 (s) Losses = ['6.3436', '3.2479'] lr = 0.0000500
2025-10-29 05:46:06,485 - PCN - INFO - [Epoch 58/150][Batch 501/1311] BatchTime = 0.497 (s) DataTime = 0.001 (s) Losses = ['5.2445', '2.7448'] lr = 0.0000500
2025-10-29 05:47:06,405 - PCN - INFO - [Epoch 58/150][Batch 601/1311] BatchTime = 0.542 (s) DataTime = 0.001 (s) Losses = ['5.1297', '2.4840'] lr = 0.0000500
2025-10-29 05:48:06,983 - PCN - INFO - [Epoch 58/150][Batch 701/1311] BatchTime = 0.830 (s) DataTime = 0.001 (s) Losses = ['4.2110', '2.1109'] lr = 0.0000500
2025-10-29 05:49:10,086 - PCN - INFO - [Epoch 58/150][Batch 801/1311] BatchTime = 0.517 (s) DataTime = 0.001 (s) Losses = ['5.6870', '3.0785'] lr = 0.0000500
2025-10-29 05:50:11,972 - PCN - INFO - [Epoch 58/150][Batch 901/1311] BatchTime = 0.876 (s) DataTime = 0.001 (s) Losses = ['4.6998', '2.2364'] lr = 0.0000500
2025-10-29 05:51:10,121 - PCN - INFO - [Epoch 58/150][Batch 1001/1311] BatchTime = 0.667 (s) DataTime = 0.001 (s) Losses = ['5.7666', '2.9845'] lr = 0.0000500
2025-10-29 05:52:05,990 - PCN - INFO - [Epoch 58/150][Batch 1101/1311] BatchTime = 0.531 (s) DataTime = 0.001 (s) Losses = ['5.1672', '2.6606'] lr = 0.0000500
2025-10-29 05:53:05,893 - PCN - INFO - [Epoch 58/150][Batch 1201/1311] BatchTime = 0.550 (s) DataTime = 0.001 (s) Losses = ['4.4319', '2.3477'] lr = 0.0000500
2025-10-29 05:54:06,175 - PCN - INFO - [Epoch 58/150][Batch 1301/1311] BatchTime = 0.734 (s) DataTime = 0.001 (s) Losses = ['6.9928', '3.8199'] lr = 0.0000500
2025-10-29 05:54:12,715 - PCN - INFO - [Training] EPOCH: 58 EpochTime = 776.115 (s) Losses = ['5.6014', '2.9318']
2025-10-29 05:54:12,791 - PCN - INFO - Save checkpoint at ./experiments/PCN/ShapeNet55_models/PCN_fog/ckpt-last.pth
2025-10-29 05:54:13,490 - PCN - INFO - [Epoch 59/150][Batch 1/1311] BatchTime = 0.699 (s) DataTime = 0.080 (s) Losses = ['6.1042', '3.3789'] lr = 0.0000500
2025-10-29 05:55:13,388 - PCN - INFO - [Epoch 59/150][Batch 101/1311] BatchTime = 1.113 (s) DataTime = 0.001 (s) Losses = ['4.9275', '2.4727'] lr = 0.0000500
2025-10-29 05:56:10,347 - PCN - INFO - [Epoch 59/150][Batch 201/1311] BatchTime = 0.702 (s) DataTime = 0.001 (s) Losses = ['4.0618', '2.1915'] lr = 0.0000500
2025-10-29 05:57:10,364 - PCN - INFO - [Epoch 59/150][Batch 301/1311] BatchTime = 0.606 (s) DataTime = 0.001 (s) Losses = ['5.6798', '3.0638'] lr = 0.0000500
2025-10-29 05:58:11,179 - PCN - INFO - [Epoch 59/150][Batch 401/1311] BatchTime = 0.568 (s) DataTime = 0.001 (s) Losses = ['8.4127', '4.8280'] lr = 0.0000500
2025-10-29 05:59:12,071 - PCN - INFO - [Epoch 59/150][Batch 501/1311] BatchTime = 0.939 (s) DataTime = 0.001 (s) Losses = ['3.4278', '1.6271'] lr = 0.0000500
2025-10-29 06:00:10,295 - PCN - INFO - [Epoch 59/150][Batch 601/1311] BatchTime = 0.460 (s) DataTime = 0.001 (s) Losses = ['6.7088', '3.8254'] lr = 0.0000500
2025-10-29 06:01:08,227 - PCN - INFO - [Epoch 59/150][Batch 701/1311] BatchTime = 0.787 (s) DataTime = 0.001 (s) Losses = ['6.2302', '3.4654'] lr = 0.0000500
2025-10-29 06:02:07,670 - PCN - INFO - [Epoch 59/150][Batch 801/1311] BatchTime = 0.577 (s) DataTime = 0.001 (s) Losses = ['4.6544', '2.3977'] lr = 0.0000500
2025-10-29 06:03:02,319 - PCN - INFO - [Epoch 59/150][Batch 901/1311] BatchTime = 0.825 (s) DataTime = 0.001 (s) Losses = ['6.6439', '3.5041'] lr = 0.0000500
2025-10-29 06:04:02,333 - PCN - INFO - [Epoch 59/150][Batch 1001/1311] BatchTime = 0.541 (s) DataTime = 0.001 (s) Losses = ['4.5027', '2.3185'] lr = 0.0000500
2025-10-29 06:04:58,157 - PCN - INFO - [Epoch 59/150][Batch 1101/1311] BatchTime = 0.620 (s) DataTime = 0.001 (s) Losses = ['6.4468', '3.4468'] lr = 0.0000500
2025-10-29 06:05:58,971 - PCN - INFO - [Epoch 59/150][Batch 1201/1311] BatchTime = 0.950 (s) DataTime = 0.001 (s) Losses = ['4.8046', '2.3761'] lr = 0.0000500
2025-10-29 06:06:59,252 - PCN - INFO - [Epoch 59/150][Batch 1301/1311] BatchTime = 0.694 (s) DataTime = 0.001 (s) Losses = ['5.7698', '3.1203'] lr = 0.0000500
2025-10-29 06:07:05,350 - PCN - INFO - [Training] EPOCH: 59 EpochTime = 772.559 (s) Losses = ['5.6130', '2.9420']
2025-10-29 06:07:05,430 - PCN - INFO - Save checkpoint at ./experiments/PCN/ShapeNet55_models/PCN_fog/ckpt-last.pth
2025-10-29 06:07:06,139 - PCN - INFO - [Epoch 60/150][Batch 1/1311] BatchTime = 0.709 (s) DataTime = 0.082 (s) Losses = ['5.2262', '2.8452'] lr = 0.0000500
2025-10-29 06:08:07,116 - PCN - INFO - [Epoch 60/150][Batch 101/1311] BatchTime = 0.623 (s) DataTime = 0.001 (s) Losses = ['5.5245', '2.8965'] lr = 0.0000500
2025-10-29 06:09:07,288 - PCN - INFO - [Epoch 60/150][Batch 201/1311] BatchTime = 0.596 (s) DataTime = 0.001 (s) Losses = ['5.6562', '2.8158'] lr = 0.0000500
2025-10-29 06:10:08,294 - PCN - INFO - [Epoch 60/150][Batch 301/1311] BatchTime = 0.781 (s) DataTime = 0.001 (s) Losses = ['4.4541', '2.1356'] lr = 0.0000500
2025-10-29 06:11:06,061 - PCN - INFO - [Epoch 60/150][Batch 401/1311] BatchTime = 0.531 (s) DataTime = 0.001 (s) Losses = ['6.9694', '3.8044'] lr = 0.0000500
2025-10-29 06:12:06,104 - PCN - INFO - [Epoch 60/150][Batch 501/1311] BatchTime = 0.601 (s) DataTime = 0.001 (s) Losses = ['5.0694', '2.4901'] lr = 0.0000500
2025-10-29 06:13:06,195 - PCN - INFO - [Epoch 60/150][Batch 601/1311] BatchTime = 0.777 (s) DataTime = 0.001 (s) Losses = ['5.9884', '3.0463'] lr = 0.0000500
2025-10-29 06:14:05,565 - PCN - INFO - [Epoch 60/150][Batch 701/1311] BatchTime = 0.544 (s) DataTime = 0.001 (s) Losses = ['5.3443', '2.8452'] lr = 0.0000500
2025-10-29 06:15:06,992 - PCN - INFO - [Epoch 60/150][Batch 801/1311] BatchTime = 0.659 (s) DataTime = 0.001 (s) Losses = ['5.1719', '2.6100'] lr = 0.0000500
2025-10-29 06:16:05,791 - PCN - INFO - [Epoch 60/150][Batch 901/1311] BatchTime = 0.368 (s) DataTime = 0.001 (s) Losses = ['5.7577', '3.0126'] lr = 0.0000500
2025-10-29 06:17:03,921 - PCN - INFO - [Epoch 60/150][Batch 1001/1311] BatchTime = 0.800 (s) DataTime = 0.001 (s) Losses = ['3.8436', '2.0649'] lr = 0.0000500
2025-10-29 06:18:07,843 - PCN - INFO - [Epoch 60/150][Batch 1101/1311] BatchTime = 0.833 (s) DataTime = 0.001 (s) Losses = ['5.1733', '2.4373'] lr = 0.0000500
2025-10-29 06:19:06,209 - PCN - INFO - [Epoch 60/150][Batch 1201/1311] BatchTime = 0.573 (s) DataTime = 0.001 (s) Losses = ['5.7185', '2.8546'] lr = 0.0000500
2025-10-29 06:20:05,514 - PCN - INFO - [Epoch 60/150][Batch 1301/1311] BatchTime = 0.659 (s) DataTime = 0.001 (s) Losses = ['5.8722', '3.2811'] lr = 0.0000500
2025-10-29 06:20:11,496 - PCN - INFO - [Training] EPOCH: 60 EpochTime = 786.066 (s) Losses = ['5.5861', '2.9230']
2025-10-29 06:20:11,496 - PCN - INFO - [VALIDATION] Start validating epoch 60
2025-10-29 06:20:49,304 - PCN - INFO - Test[1051/10518] Taxonomy = 02691156 Sample = c7749c0a8b61f43bc9b9e28055202e3d Losses = ['35.7850', '4.0160', '24.0760', '2.1134'] Metrics = ['0.2191', '24.0760', '2.1134', '0.0000']
2025-10-29 06:21:25,246 - PCN - INFO - Test[2102/10518] Taxonomy = 03211117 Sample = ab2f9418c111cc6ddb965514105122a4 Losses = ['28.1214', '2.0926', '19.2508', '1.0560'] Metrics = ['0.1902', '19.2508', '1.0560', '0.0000']
2025-10-29 06:22:00,313 - PCN - INFO - Test[3153/10518] Taxonomy = 02876657 Sample = c5032e4be091aabb36fe7a88df793982 Losses = ['61.4061', '10.1371', '48.0930', '6.7123'] Metrics = ['0.0334', '48.0930', '6.7123', '0.0000']
2025-10-29 06:22:36,645 - PCN - INFO - Test[4204/10518] Taxonomy = 03211117 Sample = 722df1da5778d45b1e43523279c7f09f Losses = ['57.1434', '8.4953', '41.2842', '5.6044'] Metrics = ['0.0619', '41.2842', '5.6044', '0.0000']
2025-10-29 06:23:13,847 - PCN - INFO - Test[5255/10518] Taxonomy = 02828884 Sample = 14b63361a48a9fffe4a048c146e8bd43 Losses = ['69.0152', '12.3647', '58.6837', '9.4825'] Metrics = ['0.0314', '58.6837', '9.4825', '0.0000']
2025-10-29 06:23:49,609 - PCN - INFO - Test[6306/10518] Taxonomy = 03211117 Sample = d330d50a0255529d19ed6e1a590c9122 Losses = ['34.0409', '3.5665', '23.1058', '1.7114'] Metrics = ['0.1528', '23.1058', '1.7114', '0.0000']
2025-10-29 06:24:24,600 - PCN - INFO - Test[7357/10518] Taxonomy = 04379243 Sample = b1ca280d9567270ade98d10ab5975b59 Losses = ['41.7893', '5.8869', '25.6339', '2.6427'] Metrics = ['0.1135', '25.6339', '2.6427', '0.0000']
2025-10-29 06:25:00,804 - PCN - INFO - Test[8408/10518] Taxonomy = 03001627 Sample = 89208a619341d9fdb8c516ed5c4ce32 Losses = ['44.1994', '5.0000', '28.2451', '2.1777'] Metrics = ['0.0620', '28.2451', '2.1777', '0.0000']
2025-10-29 06:25:36,699 - PCN - INFO - Test[9459/10518] Taxonomy = 03001627 Sample = d0255120e3351121c3bd24f986301745 Losses = ['52.2737', '7.8697', '35.8513', '3.9987'] Metrics = ['0.0423', '35.8513', '3.9987', '0.0000']
2025-10-29 06:26:11,913 - PCN - INFO - Test[10510/10518] Taxonomy = 03636649 Sample = ea9ec4d9db2e06202471e6dd5ac3ef92 Losses = ['32.2987', '3.1323', '24.5191', '2.3256'] Metrics = ['0.2402', '24.5191', '2.3256', '0.0000']
2025-10-29 06:26:12,310 - PCN - INFO - [Validation] EPOCH: 60  Metrics = ['0.1238', '30.0223', '3.2611', '0.0000']
2025-10-29 06:26:12,311 - PCN - INFO - ============================ TEST RESULTS ============================
2025-10-29 06:26:12,311 - PCN - INFO - Taxonomy	#Sample	F-Score	CDL1	CDL2	EMDistance	#ModelName	
2025-10-29 06:26:12,311 - PCN - INFO - 03759954	14	0.190 	30.596 	4.419 	0.000 	microphone	
2025-10-29 06:26:12,311 - PCN - INFO - 04330267	44	0.063 	34.327 	3.777 	0.000 	stove	
2025-10-29 06:26:12,311 - PCN - INFO - 03261776	15	0.098 	37.884 	6.430 	0.000 	earphone	
2025-10-29 06:26:12,311 - PCN - INFO - 03513137	33	0.041 	44.865 	7.417 	0.000 	helmet	
2025-10-29 06:26:12,311 - PCN - INFO - 04460130	27	0.150 	27.297 	2.576 	0.000 	tower	
2025-10-29 06:26:12,311 - PCN - INFO - 04468005	78	0.143 	24.205 	1.878 	0.000 	train	
2025-10-29 06:26:12,311 - PCN - INFO - 03761084	31	0.046 	34.256 	3.625 	0.000 	microwaves	
2025-10-29 06:26:12,311 - PCN - INFO - 04004475	34	0.046 	40.366 	5.422 	0.000 	printer	
2025-10-29 06:26:12,311 - PCN - INFO - 03938244	20	0.060 	36.082 	4.069 	0.000 	pillow	
2025-10-29 06:26:12,311 - PCN - INFO - 02992529	167	0.131 	22.007 	1.362 	0.000 	cellphone	
2025-10-29 06:26:12,311 - PCN - INFO - 02808440	172	0.071 	32.987 	3.597 	0.000 	bathtub	
2025-10-29 06:26:12,311 - PCN - INFO - 04530566	388	0.183 	23.109 	1.844 	0.000 	watercraft	
2025-10-29 06:26:12,311 - PCN - INFO - 02871439	91	0.077 	32.588 	3.596 	0.000 	bookshelf	
2025-10-29 06:26:12,311 - PCN - INFO - 03593526	120	0.064 	36.961 	4.707 	0.000 	jar	
2025-10-29 06:26:12,311 - PCN - INFO - 04554684	34	0.042 	35.787 	3.836 	0.000 	washer	
2025-10-29 06:26:12,311 - PCN - INFO - 03467517	160	0.453 	13.912 	0.657 	0.000 	guitar	
2025-10-29 06:26:12,311 - PCN - INFO - 04401088	218	0.139 	21.606 	1.386 	0.000 	telephone	
2025-10-29 06:26:12,311 - PCN - INFO - 02954340	12	0.055 	36.828 	4.388 	0.000 	cap	
2025-10-29 06:26:12,311 - PCN - INFO - 02933112	315	0.073 	28.933 	2.508 	0.000 	cabinet	
2025-10-29 06:26:12,311 - PCN - INFO - 03642806	92	0.132 	21.784 	1.439 	0.000 	laptop	
2025-10-29 06:26:12,311 - PCN - INFO - 02924116	188	0.124 	24.031 	1.768 	0.000 	bus	
2025-10-29 06:26:12,311 - PCN - INFO - 02946921	22	0.045 	35.843 	4.195 	0.000 	can	
2025-10-29 06:26:12,311 - PCN - INFO - 02818832	47	0.064 	37.749 	4.983 	0.000 	bed	
2025-10-29 06:26:12,311 - PCN - INFO - 04256520	635	0.066 	30.647 	2.803 	0.000 	sofa	
2025-10-29 06:26:12,311 - PCN - INFO - 04379243	1687	0.146 	26.547 	2.751 	0.000 	table	
2025-10-29 06:26:12,311 - PCN - INFO - 02747177	69	0.051 	32.838 	3.366 	0.000 	trash bin	
2025-10-29 06:26:12,311 - PCN - INFO - 03046257	131	0.082 	32.185 	3.463 	0.000 	clock	
2025-10-29 06:26:12,311 - PCN - INFO - 04225987	31	0.231 	20.705 	1.512 	0.000 	skateboard	
2025-10-29 06:26:12,311 - PCN - INFO - 03797390	43	0.046 	34.464 	4.004 	0.000 	mug	
2025-10-29 06:26:12,311 - PCN - INFO - 03001627	1356	0.098 	30.172 	3.061 	0.000 	chair	
2025-10-29 06:26:12,311 - PCN - INFO - 03691459	320	0.056 	35.914 	4.275 	0.000 	loudspeaker	
2025-10-29 06:26:12,311 - PCN - INFO - 02942699	23	0.044 	44.632 	6.936 	0.000 	camera	
2025-10-29 06:26:12,311 - PCN - INFO - 03636649	464	0.155 	34.388 	5.136 	0.000 	lamp	
2025-10-29 06:26:12,311 - PCN - INFO - 02691156	809	0.269 	19.290 	1.352 	0.000 	airplane	
2025-10-29 06:26:12,311 - PCN - INFO - 02773838	17	0.078 	34.704 	4.188 	0.000 	bag	
2025-10-29 06:26:12,311 - PCN - INFO - 02958343	703	0.084 	26.449 	2.024 	0.000 	car	
2025-10-29 06:26:12,311 - PCN - INFO - 02880940	38	0.050 	35.978 	4.300 	0.000 	bowl	
2025-10-29 06:26:12,311 - PCN - INFO - 04099429	17	0.327 	19.812 	1.556 	0.000 	rocket	
2025-10-29 06:26:12,311 - PCN - INFO - 02828884	363	0.166 	25.029 	2.308 	0.000 	bench	
2025-10-29 06:26:12,311 - PCN - INFO - 04090263	475	0.412 	15.716 	0.953 	0.000 	rifle	
2025-10-29 06:26:12,311 - PCN - INFO - 03211117	219	0.092 	28.208 	2.529 	0.000 	display	
2025-10-29 06:26:12,312 - PCN - INFO - 02876657	100	0.142 	24.925 	2.085 	0.000 	bottle	
2025-10-29 06:26:12,312 - PCN - INFO - 03710193	19	0.132 	30.460 	3.076 	0.000 	mailbox	
2025-10-29 06:26:12,312 - PCN - INFO - 03790512	68	0.106 	27.428 	2.482 	0.000 	motorbike	
2025-10-29 06:26:12,312 - PCN - INFO - 03325088	149	0.118 	34.703 	4.723 	0.000 	faucet	
2025-10-29 06:26:12,312 - PCN - INFO - 02801938	23	0.054 	34.646 	3.992 	0.000 	basket	
2025-10-29 06:26:12,312 - PCN - INFO - 03337140	60	0.069 	30.357 	2.887 	0.000 	file cabinet	
2025-10-29 06:26:12,312 - PCN - INFO - 02843684	15	0.058 	39.616 	5.400 	0.000 	birdhouse	
2025-10-29 06:26:12,312 - PCN - INFO - 03624134	85	0.456 	14.221 	0.750 	0.000 	knife	
2025-10-29 06:26:12,312 - PCN - INFO - 03991062	121	0.053 	39.885 	5.533 	0.000 	flowerpot	
2025-10-29 06:26:12,312 - PCN - INFO - 03948459	62	0.219 	20.236 	1.300 	0.000 	pistol	
2025-10-29 06:26:12,312 - PCN - INFO - 03928116	48	0.068 	35.361 	4.077 	0.000 	piano	
2025-10-29 06:26:12,312 - PCN - INFO - 03207941	19	0.051 	32.946 	3.404 	0.000 	dishwasher	
2025-10-29 06:26:12,312 - PCN - INFO - 04074963	14	0.116 	25.519 	1.868 	0.000 	remote	
2025-10-29 06:26:12,312 - PCN - INFO - 03085013	13	0.221 	19.241 	1.389 	0.000 	keyboard	
2025-10-29 06:26:12,312 - PCN - INFO - Overall		0.124 	30.022 	3.261 	0.000 	
2025-10-29 06:26:12,391 - PCN - INFO - Save checkpoint at ./experiments/PCN/ShapeNet55_models/PCN_fog/ckpt-best.pth
2025-10-29 06:26:12,471 - PCN - INFO - Save checkpoint at ./experiments/PCN/ShapeNet55_models/PCN_fog/ckpt-last.pth
2025-10-29 06:26:13,020 - PCN - INFO - [Epoch 61/150][Batch 1/1311] BatchTime = 0.549 (s) DataTime = 0.087 (s) Losses = ['5.6143', '2.8810'] lr = 0.0000500
2025-10-29 06:27:12,732 - PCN - INFO - [Epoch 61/150][Batch 101/1311] BatchTime = 0.456 (s) DataTime = 0.001 (s) Losses = ['4.5025', '2.3802'] lr = 0.0000500
2025-10-29 06:28:11,700 - PCN - INFO - [Epoch 61/150][Batch 201/1311] BatchTime = 0.559 (s) DataTime = 0.001 (s) Losses = ['5.6423', '2.8979'] lr = 0.0000500
2025-10-29 06:29:12,261 - PCN - INFO - [Epoch 61/150][Batch 301/1311] BatchTime = 0.564 (s) DataTime = 0.001 (s) Losses = ['5.8584', '3.1739'] lr = 0.0000500
2025-10-29 06:30:12,192 - PCN - INFO - [Epoch 61/150][Batch 401/1311] BatchTime = 0.348 (s) DataTime = 0.001 (s) Losses = ['5.6355', '2.9855'] lr = 0.0000500
2025-10-29 06:31:11,766 - PCN - INFO - [Epoch 61/150][Batch 501/1311] BatchTime = 0.491 (s) DataTime = 0.001 (s) Losses = ['5.5927', '2.7550'] lr = 0.0000500
2025-10-29 06:32:15,178 - PCN - INFO - [Epoch 61/150][Batch 601/1311] BatchTime = 0.800 (s) DataTime = 0.001 (s) Losses = ['6.6750', '3.6157'] lr = 0.0000500
2025-10-29 06:33:15,808 - PCN - INFO - [Epoch 61/150][Batch 701/1311] BatchTime = 0.741 (s) DataTime = 0.001 (s) Losses = ['5.8595', '2.7669'] lr = 0.0000500
2025-10-29 06:34:14,668 - PCN - INFO - [Epoch 61/150][Batch 801/1311] BatchTime = 0.570 (s) DataTime = 0.001 (s) Losses = ['5.9022', '3.0314'] lr = 0.0000500
2025-10-29 06:35:17,018 - PCN - INFO - [Epoch 61/150][Batch 901/1311] BatchTime = 0.368 (s) DataTime = 0.001 (s) Losses = ['4.8683', '2.4600'] lr = 0.0000500
2025-10-29 06:36:18,609 - PCN - INFO - [Epoch 61/150][Batch 1001/1311] BatchTime = 0.544 (s) DataTime = 0.001 (s) Losses = ['5.3883', '2.9666'] lr = 0.0000500
2025-10-29 06:37:19,113 - PCN - INFO - [Epoch 61/150][Batch 1101/1311] BatchTime = 0.488 (s) DataTime = 0.001 (s) Losses = ['5.1723', '2.7955'] lr = 0.0000500
2025-10-29 06:38:20,865 - PCN - INFO - [Epoch 61/150][Batch 1201/1311] BatchTime = 0.744 (s) DataTime = 0.001 (s) Losses = ['4.1258', '2.1579'] lr = 0.0000500
2025-10-29 06:39:21,039 - PCN - INFO - [Epoch 61/150][Batch 1301/1311] BatchTime = 0.350 (s) DataTime = 0.001 (s) Losses = ['4.7747', '2.3530'] lr = 0.0000500
2025-10-29 06:39:27,927 - PCN - INFO - [Training] EPOCH: 61 EpochTime = 795.456 (s) Losses = ['5.5548', '2.8991']
2025-10-29 06:39:28,005 - PCN - INFO - Save checkpoint at ./experiments/PCN/ShapeNet55_models/PCN_fog/ckpt-last.pth
2025-10-29 06:39:28,796 - PCN - INFO - [Epoch 62/150][Batch 1/1311] BatchTime = 0.790 (s) DataTime = 0.084 (s) Losses = ['4.0012', '1.9606'] lr = 0.0000500
2025-10-29 06:40:26,799 - PCN - INFO - [Epoch 62/150][Batch 101/1311] BatchTime = 0.516 (s) DataTime = 0.001 (s) Losses = ['5.5458', '2.8506'] lr = 0.0000500
2025-10-29 06:41:21,901 - PCN - INFO - [Epoch 62/150][Batch 201/1311] BatchTime = 0.527 (s) DataTime = 0.001 (s) Losses = ['5.0040', '2.5878'] lr = 0.0000500
2025-10-29 06:42:24,629 - PCN - INFO - [Epoch 62/150][Batch 301/1311] BatchTime = 0.600 (s) DataTime = 0.001 (s) Losses = ['6.3573', '3.3746'] lr = 0.0000500
2025-10-29 06:43:22,779 - PCN - INFO - [Epoch 62/150][Batch 401/1311] BatchTime = 1.388 (s) DataTime = 0.001 (s) Losses = ['6.0216', '2.9368'] lr = 0.0000500
2025-10-29 06:44:24,685 - PCN - INFO - [Epoch 62/150][Batch 501/1311] BatchTime = 0.266 (s) DataTime = 0.001 (s) Losses = ['6.0227', '3.0532'] lr = 0.0000500
2025-10-29 06:45:24,158 - PCN - INFO - [Epoch 62/150][Batch 601/1311] BatchTime = 0.770 (s) DataTime = 0.001 (s) Losses = ['5.2483', '2.6583'] lr = 0.0000500
2025-10-29 06:46:25,703 - PCN - INFO - [Epoch 62/150][Batch 701/1311] BatchTime = 0.834 (s) DataTime = 0.001 (s) Losses = ['6.5017', '3.3437'] lr = 0.0000500
2025-10-29 06:47:23,634 - PCN - INFO - [Epoch 62/150][Batch 801/1311] BatchTime = 0.600 (s) DataTime = 0.001 (s) Losses = ['6.5745', '3.7070'] lr = 0.0000500
2025-10-29 06:48:23,778 - PCN - INFO - [Epoch 62/150][Batch 901/1311] BatchTime = 0.690 (s) DataTime = 0.001 (s) Losses = ['7.7200', '4.2532'] lr = 0.0000500
2025-10-29 06:49:25,026 - PCN - INFO - [Epoch 62/150][Batch 1001/1311] BatchTime = 0.589 (s) DataTime = 0.001 (s) Losses = ['4.7994', '2.4651'] lr = 0.0000500
2025-10-29 06:50:25,173 - PCN - INFO - [Epoch 62/150][Batch 1101/1311] BatchTime = 0.698 (s) DataTime = 0.001 (s) Losses = ['5.0539', '2.8004'] lr = 0.0000500
2025-10-29 06:51:24,526 - PCN - INFO - [Epoch 62/150][Batch 1201/1311] BatchTime = 0.927 (s) DataTime = 0.001 (s) Losses = ['5.2331', '2.7995'] lr = 0.0000500
2025-10-29 06:52:22,919 - PCN - INFO - [Epoch 62/150][Batch 1301/1311] BatchTime = 0.339 (s) DataTime = 0.001 (s) Losses = ['6.6630', '3.5238'] lr = 0.0000500
2025-10-29 06:52:29,701 - PCN - INFO - [Training] EPOCH: 62 EpochTime = 781.696 (s) Losses = ['5.5563', '2.9014']
2025-10-29 06:52:29,779 - PCN - INFO - Save checkpoint at ./experiments/PCN/ShapeNet55_models/PCN_fog/ckpt-last.pth
2025-10-29 06:52:30,607 - PCN - INFO - [Epoch 63/150][Batch 1/1311] BatchTime = 0.828 (s) DataTime = 0.089 (s) Losses = ['4.6231', '2.2858'] lr = 0.0000500
2025-10-29 06:53:29,601 - PCN - INFO - [Epoch 63/150][Batch 101/1311] BatchTime = 0.597 (s) DataTime = 0.001 (s) Losses = ['4.8641', '2.6211'] lr = 0.0000500
2025-10-29 06:54:29,373 - PCN - INFO - [Epoch 63/150][Batch 201/1311] BatchTime = 0.373 (s) DataTime = 0.001 (s) Losses = ['5.6866', '2.8675'] lr = 0.0000500
2025-10-29 06:55:31,116 - PCN - INFO - [Epoch 63/150][Batch 301/1311] BatchTime = 0.555 (s) DataTime = 0.001 (s) Losses = ['5.9330', '3.2356'] lr = 0.0000500
2025-10-29 06:56:29,678 - PCN - INFO - [Epoch 63/150][Batch 401/1311] BatchTime = 0.247 (s) DataTime = 0.001 (s) Losses = ['6.6595', '3.3409'] lr = 0.0000500
2025-10-29 06:57:26,479 - PCN - INFO - [Epoch 63/150][Batch 501/1311] BatchTime = 0.506 (s) DataTime = 0.001 (s) Losses = ['5.4966', '2.8448'] lr = 0.0000500
2025-10-29 06:58:28,619 - PCN - INFO - [Epoch 63/150][Batch 601/1311] BatchTime = 0.468 (s) DataTime = 0.001 (s) Losses = ['5.5715', '3.0008'] lr = 0.0000500
2025-10-29 06:59:30,518 - PCN - INFO - [Epoch 63/150][Batch 701/1311] BatchTime = 0.888 (s) DataTime = 0.001 (s) Losses = ['4.4892', '2.3705'] lr = 0.0000500
2025-10-29 07:00:32,656 - PCN - INFO - [Epoch 63/150][Batch 801/1311] BatchTime = 0.829 (s) DataTime = 0.001 (s) Losses = ['4.5196', '2.1593'] lr = 0.0000500
2025-10-29 07:01:30,293 - PCN - INFO - [Epoch 63/150][Batch 901/1311] BatchTime = 0.456 (s) DataTime = 0.001 (s) Losses = ['6.5445', '3.4050'] lr = 0.0000500
2025-10-29 07:02:29,183 - PCN - INFO - [Epoch 63/150][Batch 1001/1311] BatchTime = 0.555 (s) DataTime = 0.001 (s) Losses = ['7.9116', '4.5009'] lr = 0.0000500
2025-10-29 07:03:26,467 - PCN - INFO - [Epoch 63/150][Batch 1101/1311] BatchTime = 0.715 (s) DataTime = 0.001 (s) Losses = ['5.4112', '2.9457'] lr = 0.0000500
2025-10-29 07:04:25,394 - PCN - INFO - [Epoch 63/150][Batch 1201/1311] BatchTime = 0.470 (s) DataTime = 0.001 (s) Losses = ['6.1527', '3.3138'] lr = 0.0000500
2025-10-29 07:05:26,249 - PCN - INFO - [Epoch 63/150][Batch 1301/1311] BatchTime = 0.623 (s) DataTime = 0.001 (s) Losses = ['5.2743', '2.6167'] lr = 0.0000500
2025-10-29 07:05:32,642 - PCN - INFO - [Training] EPOCH: 63 EpochTime = 782.863 (s) Losses = ['5.5493', '2.8949']
2025-10-29 07:05:32,720 - PCN - INFO - Save checkpoint at ./experiments/PCN/ShapeNet55_models/PCN_fog/ckpt-last.pth
2025-10-29 07:05:33,294 - PCN - INFO - [Epoch 64/150][Batch 1/1311] BatchTime = 0.573 (s) DataTime = 0.080 (s) Losses = ['5.5950', '2.7430'] lr = 0.0000500
2025-10-29 07:06:28,602 - PCN - INFO - [Epoch 64/150][Batch 101/1311] BatchTime = 0.649 (s) DataTime = 0.001 (s) Losses = ['6.0412', '3.4344'] lr = 0.0000500
2025-10-29 07:07:26,668 - PCN - INFO - [Epoch 64/150][Batch 201/1311] BatchTime = 0.699 (s) DataTime = 0.001 (s) Losses = ['5.9026', '3.1075'] lr = 0.0000500
2025-10-29 07:08:26,200 - PCN - INFO - [Epoch 64/150][Batch 301/1311] BatchTime = 0.910 (s) DataTime = 0.001 (s) Losses = ['5.8973', '3.2569'] lr = 0.0000500
2025-10-29 07:09:26,546 - PCN - INFO - [Epoch 64/150][Batch 401/1311] BatchTime = 0.428 (s) DataTime = 0.001 (s) Losses = ['6.6484', '3.8907'] lr = 0.0000500
2025-10-29 07:10:25,538 - PCN - INFO - [Epoch 64/150][Batch 501/1311] BatchTime = 0.949 (s) DataTime = 0.001 (s) Losses = ['5.3300', '2.8603'] lr = 0.0000500
2025-10-29 07:11:26,795 - PCN - INFO - [Epoch 64/150][Batch 601/1311] BatchTime = 0.701 (s) DataTime = 0.001 (s) Losses = ['5.8869', '3.1786'] lr = 0.0000500
2025-10-29 07:12:27,551 - PCN - INFO - [Epoch 64/150][Batch 701/1311] BatchTime = 0.645 (s) DataTime = 0.001 (s) Losses = ['5.0955', '2.5626'] lr = 0.0000500
2025-10-29 07:13:25,824 - PCN - INFO - [Epoch 64/150][Batch 801/1311] BatchTime = 0.382 (s) DataTime = 0.001 (s) Losses = ['4.8387', '2.4299'] lr = 0.0000500
2025-10-29 07:14:23,224 - PCN - INFO - [Epoch 64/150][Batch 901/1311] BatchTime = 0.372 (s) DataTime = 0.001 (s) Losses = ['5.0234', '2.5446'] lr = 0.0000500
2025-10-29 07:15:22,423 - PCN - INFO - [Epoch 64/150][Batch 1001/1311] BatchTime = 1.100 (s) DataTime = 0.001 (s) Losses = ['4.6945', '2.5161'] lr = 0.0000500
2025-10-29 07:16:20,514 - PCN - INFO - [Epoch 64/150][Batch 1101/1311] BatchTime = 0.598 (s) DataTime = 0.001 (s) Losses = ['5.2927', '2.6401'] lr = 0.0000500
2025-10-29 07:17:20,046 - PCN - INFO - [Epoch 64/150][Batch 1201/1311] BatchTime = 0.412 (s) DataTime = 0.001 (s) Losses = ['4.6538', '2.4646'] lr = 0.0000500
2025-10-29 07:18:18,468 - PCN - INFO - [Epoch 64/150][Batch 1301/1311] BatchTime = 0.670 (s) DataTime = 0.001 (s) Losses = ['5.3248', '2.7816'] lr = 0.0000500
2025-10-29 07:18:24,107 - PCN - INFO - [Training] EPOCH: 64 EpochTime = 771.386 (s) Losses = ['5.5684', '2.9061']
2025-10-29 07:18:24,185 - PCN - INFO - Save checkpoint at ./experiments/PCN/ShapeNet55_models/PCN_fog/ckpt-last.pth
2025-10-29 07:18:25,034 - PCN - INFO - [Epoch 65/150][Batch 1/1311] BatchTime = 0.848 (s) DataTime = 0.083 (s) Losses = ['4.5077', '2.3548'] lr = 0.0000500
2025-10-29 07:19:22,986 - PCN - INFO - [Epoch 65/150][Batch 101/1311] BatchTime = 0.549 (s) DataTime = 0.001 (s) Losses = ['5.7373', '2.9658'] lr = 0.0000500
2025-10-29 07:20:21,984 - PCN - INFO - [Epoch 65/150][Batch 201/1311] BatchTime = 0.532 (s) DataTime = 0.001 (s) Losses = ['6.0634', '2.9015'] lr = 0.0000500
2025-10-29 07:21:21,138 - PCN - INFO - [Epoch 65/150][Batch 301/1311] BatchTime = 0.961 (s) DataTime = 0.001 (s) Losses = ['5.0675', '2.6688'] lr = 0.0000500
2025-10-29 07:22:20,343 - PCN - INFO - [Epoch 65/150][Batch 401/1311] BatchTime = 0.772 (s) DataTime = 0.001 (s) Losses = ['5.5260', '2.9050'] lr = 0.0000500
2025-10-29 07:23:19,025 - PCN - INFO - [Epoch 65/150][Batch 501/1311] BatchTime = 0.413 (s) DataTime = 0.001 (s) Losses = ['4.7856', '2.3409'] lr = 0.0000500
2025-10-29 07:24:19,808 - PCN - INFO - [Epoch 65/150][Batch 601/1311] BatchTime = 0.867 (s) DataTime = 0.001 (s) Losses = ['4.2317', '2.0739'] lr = 0.0000500
2025-10-29 07:25:18,546 - PCN - INFO - [Epoch 65/150][Batch 701/1311] BatchTime = 0.960 (s) DataTime = 0.001 (s) Losses = ['5.2518', '2.8590'] lr = 0.0000500
2025-10-29 07:26:14,491 - PCN - INFO - [Epoch 65/150][Batch 801/1311] BatchTime = 0.591 (s) DataTime = 0.001 (s) Losses = ['4.9114', '2.2944'] lr = 0.0000500
2025-10-29 07:27:14,724 - PCN - INFO - [Epoch 65/150][Batch 901/1311] BatchTime = 0.573 (s) DataTime = 0.001 (s) Losses = ['6.5909', '3.3399'] lr = 0.0000500
2025-10-29 07:28:13,645 - PCN - INFO - [Epoch 65/150][Batch 1001/1311] BatchTime = 0.715 (s) DataTime = 0.001 (s) Losses = ['6.6474', '3.4841'] lr = 0.0000500
2025-10-29 07:29:13,876 - PCN - INFO - [Epoch 65/150][Batch 1101/1311] BatchTime = 0.618 (s) DataTime = 0.001 (s) Losses = ['6.1499', '3.0946'] lr = 0.0000500
2025-10-29 07:30:16,137 - PCN - INFO - [Epoch 65/150][Batch 1201/1311] BatchTime = 0.534 (s) DataTime = 0.001 (s) Losses = ['4.7296', '2.4110'] lr = 0.0000500
2025-10-29 07:31:17,708 - PCN - INFO - [Epoch 65/150][Batch 1301/1311] BatchTime = 0.656 (s) DataTime = 0.001 (s) Losses = ['6.0173', '3.1648'] lr = 0.0000500
2025-10-29 07:31:23,858 - PCN - INFO - [Training] EPOCH: 65 EpochTime = 779.672 (s) Losses = ['5.5188', '2.8718']
2025-10-29 07:31:23,858 - PCN - INFO - [VALIDATION] Start validating epoch 65
2025-10-29 07:31:59,638 - PCN - INFO - Test[1051/10518] Taxonomy = 02691156 Sample = c7749c0a8b61f43bc9b9e28055202e3d Losses = ['32.3456', '3.4053', '21.7110', '1.8036'] Metrics = ['0.2592', '21.7110', '1.8036', '0.0000']
2025-10-29 07:32:35,063 - PCN - INFO - Test[2102/10518] Taxonomy = 03211117 Sample = ab2f9418c111cc6ddb965514105122a4 Losses = ['32.0527', '2.5298', '22.3935', '1.3860'] Metrics = ['0.1268', '22.3935', '1.3860', '0.0000']
2025-10-29 07:33:10,328 - PCN - INFO - Test[3153/10518] Taxonomy = 02876657 Sample = c5032e4be091aabb36fe7a88df793982 Losses = ['60.1434', '10.2624', '43.7452', '5.9542'] Metrics = ['0.0356', '43.7452', '5.9542', '0.0000']
2025-10-29 07:33:47,126 - PCN - INFO - Test[4204/10518] Taxonomy = 03211117 Sample = 722df1da5778d45b1e43523279c7f09f Losses = ['54.7910', '7.8527', '39.8820', '5.0907'] Metrics = ['0.0620', '39.8820', '5.0907', '0.0000']
2025-10-29 07:34:22,386 - PCN - INFO - Test[5255/10518] Taxonomy = 02828884 Sample = 14b63361a48a9fffe4a048c146e8bd43 Losses = ['45.5192', '5.0437', '36.0999', '3.5350'] Metrics = ['0.0511', '36.0999', '3.5350', '0.0000']
2025-10-29 07:34:57,805 - PCN - INFO - Test[6306/10518] Taxonomy = 03211117 Sample = d330d50a0255529d19ed6e1a590c9122 Losses = ['32.3427', '2.9869', '23.0670', '1.6037'] Metrics = ['0.1478', '23.0670', '1.6037', '0.0000']
2025-10-29 07:35:31,210 - PCN - INFO - Test[7357/10518] Taxonomy = 04379243 Sample = b1ca280d9567270ade98d10ab5975b59 Losses = ['42.3061', '6.2614', '26.5071', '2.8476'] Metrics = ['0.0859', '26.5071', '2.8476', '0.0000']
2025-10-29 07:36:06,844 - PCN - INFO - Test[8408/10518] Taxonomy = 03001627 Sample = 89208a619341d9fdb8c516ed5c4ce32 Losses = ['46.8852', '5.8026', '29.1633', '2.4527'] Metrics = ['0.0605', '29.1633', '2.4527', '0.0000']
2025-10-29 07:36:42,022 - PCN - INFO - Test[9459/10518] Taxonomy = 03001627 Sample = d0255120e3351121c3bd24f986301745 Losses = ['51.5967', '7.4138', '34.6375', '3.7566'] Metrics = ['0.0611', '34.6375', '3.7566', '0.0000']
2025-10-29 07:37:15,787 - PCN - INFO - Test[10510/10518] Taxonomy = 03636649 Sample = ea9ec4d9db2e06202471e6dd5ac3ef92 Losses = ['35.2339', '3.8271', '25.9217', '2.6514'] Metrics = ['0.2187', '25.9217', '2.6514', '0.0000']
2025-10-29 07:37:16,259 - PCN - INFO - [Validation] EPOCH: 65  Metrics = ['0.1228', '30.4076', '3.3807', '0.0000']
2025-10-29 07:37:16,259 - PCN - INFO - ============================ TEST RESULTS ============================
2025-10-29 07:37:16,259 - PCN - INFO - Taxonomy	#Sample	F-Score	CDL1	CDL2	EMDistance	#ModelName	
2025-10-29 07:37:16,259 - PCN - INFO - 03759954	14	0.159 	35.090 	6.177 	0.000 	microphone	
2025-10-29 07:37:16,259 - PCN - INFO - 04330267	44	0.070 	34.055 	3.754 	0.000 	stove	
2025-10-29 07:37:16,259 - PCN - INFO - 03261776	15	0.097 	39.980 	7.476 	0.000 	earphone	
2025-10-29 07:37:16,259 - PCN - INFO - 03513137	33	0.037 	47.837 	8.062 	0.000 	helmet	
2025-10-29 07:37:16,259 - PCN - INFO - 04460130	27	0.150 	28.615 	2.900 	0.000 	tower	
2025-10-29 07:37:16,259 - PCN - INFO - 04468005	78	0.143 	24.095 	1.824 	0.000 	train	
2025-10-29 07:37:16,259 - PCN - INFO - 03761084	31	0.039 	35.633 	3.774 	0.000 	microwaves	
2025-10-29 07:37:16,259 - PCN - INFO - 04004475	34	0.048 	39.797 	5.296 	0.000 	printer	
2025-10-29 07:37:16,259 - PCN - INFO - 03938244	20	0.055 	37.785 	4.583 	0.000 	pillow	
2025-10-29 07:37:16,259 - PCN - INFO - 02992529	167	0.150 	20.761 	1.249 	0.000 	cellphone	
2025-10-29 07:37:16,259 - PCN - INFO - 02808440	172	0.071 	32.840 	3.563 	0.000 	bathtub	
2025-10-29 07:37:16,259 - PCN - INFO - 04530566	388	0.177 	23.697 	1.955 	0.000 	watercraft	
2025-10-29 07:37:16,259 - PCN - INFO - 02871439	91	0.073 	33.347 	3.787 	0.000 	bookshelf	
2025-10-29 07:37:16,259 - PCN - INFO - 03593526	120	0.070 	37.070 	4.792 	0.000 	jar	
2025-10-29 07:37:16,259 - PCN - INFO - 04554684	34	0.041 	36.086 	3.953 	0.000 	washer	
2025-10-29 07:37:16,259 - PCN - INFO - 03467517	160	0.478 	13.231 	0.599 	0.000 	guitar	
2025-10-29 07:37:16,259 - PCN - INFO - 04401088	218	0.154 	20.538 	1.294 	0.000 	telephone	
2025-10-29 07:37:16,259 - PCN - INFO - 02954340	12	0.058 	35.847 	4.262 	0.000 	cap	
2025-10-29 07:37:16,259 - PCN - INFO - 02933112	315	0.070 	29.568 	2.634 	0.000 	cabinet	
2025-10-29 07:37:16,259 - PCN - INFO - 03642806	92	0.131 	21.761 	1.402 	0.000 	laptop	
2025-10-29 07:37:16,260 - PCN - INFO - 02924116	188	0.111 	25.144 	1.889 	0.000 	bus	
2025-10-29 07:37:16,260 - PCN - INFO - 02946921	22	0.050 	37.076 	4.744 	0.000 	can	
2025-10-29 07:37:16,260 - PCN - INFO - 02818832	47	0.061 	37.251 	4.729 	0.000 	bed	
2025-10-29 07:37:16,260 - PCN - INFO - 04256520	635	0.065 	30.819 	2.802 	0.000 	sofa	
2025-10-29 07:37:16,260 - PCN - INFO - 04379243	1687	0.140 	26.814 	2.746 	0.000 	table	
2025-10-29 07:37:16,260 - PCN - INFO - 02747177	69	0.052 	32.715 	3.377 	0.000 	trash bin	
2025-10-29 07:37:16,260 - PCN - INFO - 03046257	131	0.082 	32.066 	3.420 	0.000 	clock	
2025-10-29 07:37:16,260 - PCN - INFO - 04225987	31	0.209 	21.954 	1.813 	0.000 	skateboard	
2025-10-29 07:37:16,260 - PCN - INFO - 03797390	43	0.044 	36.510 	4.639 	0.000 	mug	
2025-10-29 07:37:16,260 - PCN - INFO - 03001627	1356	0.101 	29.854 	3.002 	0.000 	chair	
2025-10-29 07:37:16,260 - PCN - INFO - 03691459	320	0.057 	35.388 	3.998 	0.000 	loudspeaker	
2025-10-29 07:37:16,260 - PCN - INFO - 02942699	23	0.042 	45.990 	7.280 	0.000 	camera	
2025-10-29 07:37:16,260 - PCN - INFO - 03636649	464	0.154 	34.153 	5.027 	0.000 	lamp	
2025-10-29 07:37:16,260 - PCN - INFO - 02691156	809	0.267 	19.342 	1.346 	0.000 	airplane	
2025-10-29 07:37:16,260 - PCN - INFO - 02773838	17	0.061 	36.262 	4.295 	0.000 	bag	
2025-10-29 07:37:16,260 - PCN - INFO - 02958343	703	0.084 	26.579 	2.034 	0.000 	car	
2025-10-29 07:37:16,260 - PCN - INFO - 02880940	38	0.048 	35.805 	4.188 	0.000 	bowl	
2025-10-29 07:37:16,260 - PCN - INFO - 04099429	17	0.315 	19.484 	1.414 	0.000 	rocket	
2025-10-29 07:37:16,260 - PCN - INFO - 02828884	363	0.162 	25.432 	2.364 	0.000 	bench	
2025-10-29 07:37:16,260 - PCN - INFO - 04090263	475	0.408 	15.896 	0.972 	0.000 	rifle	
2025-10-29 07:37:16,260 - PCN - INFO - 03211117	219	0.092 	28.355 	2.609 	0.000 	display	
2025-10-29 07:37:16,260 - PCN - INFO - 02876657	100	0.143 	24.836 	2.133 	0.000 	bottle	
2025-10-29 07:37:16,260 - PCN - INFO - 03710193	19	0.134 	30.333 	3.201 	0.000 	mailbox	
2025-10-29 07:37:16,260 - PCN - INFO - 03790512	68	0.105 	27.479 	2.436 	0.000 	motorbike	
2025-10-29 07:37:16,260 - PCN - INFO - 03325088	149	0.120 	34.950 	4.834 	0.000 	faucet	
2025-10-29 07:37:16,260 - PCN - INFO - 02801938	23	0.052 	35.196 	4.047 	0.000 	basket	
2025-10-29 07:37:16,260 - PCN - INFO - 03337140	60	0.070 	31.357 	3.259 	0.000 	file cabinet	
2025-10-29 07:37:16,260 - PCN - INFO - 02843684	15	0.055 	41.020 	5.713 	0.000 	birdhouse	
2025-10-29 07:37:16,260 - PCN - INFO - 03624134	85	0.451 	14.503 	0.774 	0.000 	knife	
2025-10-29 07:37:16,260 - PCN - INFO - 03991062	121	0.054 	39.728 	5.376 	0.000 	flowerpot	
2025-10-29 07:37:16,260 - PCN - INFO - 03948459	62	0.215 	20.961 	1.484 	0.000 	pistol	
2025-10-29 07:37:16,260 - PCN - INFO - 03928116	48	0.064 	35.712 	4.102 	0.000 	piano	
2025-10-29 07:37:16,260 - PCN - INFO - 03207941	19	0.052 	31.955 	3.120 	0.000 	dishwasher	
2025-10-29 07:37:16,260 - PCN - INFO - 04074963	14	0.141 	24.385 	1.779 	0.000 	remote	
2025-10-29 07:37:16,260 - PCN - INFO - 03085013	13	0.218 	19.477 	1.658 	0.000 	keyboard	
2025-10-29 07:37:16,260 - PCN - INFO - Overall		0.123 	30.408 	3.381 	0.000 	
2025-10-29 07:37:16,342 - PCN - INFO - Save checkpoint at ./experiments/PCN/ShapeNet55_models/PCN_fog/ckpt-last.pth
2025-10-29 07:37:16,985 - PCN - INFO - [Epoch 66/150][Batch 1/1311] BatchTime = 0.643 (s) DataTime = 0.086 (s) Losses = ['6.3145', '3.2673'] lr = 0.0000500
2025-10-29 07:38:15,888 - PCN - INFO - [Epoch 66/150][Batch 101/1311] BatchTime = 0.599 (s) DataTime = 0.001 (s) Losses = ['4.9346', '2.4129'] lr = 0.0000500
2025-10-29 07:39:17,163 - PCN - INFO - [Epoch 66/150][Batch 201/1311] BatchTime = 0.680 (s) DataTime = 0.001 (s) Losses = ['4.8942', '2.5450'] lr = 0.0000500
2025-10-29 07:40:17,269 - PCN - INFO - [Epoch 66/150][Batch 301/1311] BatchTime = 0.461 (s) DataTime = 0.001 (s) Losses = ['5.3367', '2.7566'] lr = 0.0000500
2025-10-29 07:41:18,103 - PCN - INFO - [Epoch 66/150][Batch 401/1311] BatchTime = 0.441 (s) DataTime = 0.001 (s) Losses = ['5.5865', '2.7975'] lr = 0.0000500
2025-10-29 07:42:14,405 - PCN - INFO - [Epoch 66/150][Batch 501/1311] BatchTime = 0.533 (s) DataTime = 0.001 (s) Losses = ['5.7947', '3.0447'] lr = 0.0000500
2025-10-29 07:43:17,620 - PCN - INFO - [Epoch 66/150][Batch 601/1311] BatchTime = 0.938 (s) DataTime = 0.001 (s) Losses = ['4.8535', '2.4761'] lr = 0.0000500
2025-10-29 07:44:18,918 - PCN - INFO - [Epoch 66/150][Batch 701/1311] BatchTime = 0.462 (s) DataTime = 0.001 (s) Losses = ['7.3863', '3.8333'] lr = 0.0000500
2025-10-29 07:45:15,421 - PCN - INFO - [Epoch 66/150][Batch 801/1311] BatchTime = 0.643 (s) DataTime = 0.001 (s) Losses = ['5.2752', '2.6094'] lr = 0.0000500
2025-10-29 07:46:20,180 - PCN - INFO - [Epoch 66/150][Batch 901/1311] BatchTime = 0.637 (s) DataTime = 0.001 (s) Losses = ['5.6531', '2.8549'] lr = 0.0000500
2025-10-29 07:47:20,408 - PCN - INFO - [Epoch 66/150][Batch 1001/1311] BatchTime = 0.455 (s) DataTime = 0.001 (s) Losses = ['5.5759', '2.7081'] lr = 0.0000500
2025-10-29 07:48:19,944 - PCN - INFO - [Epoch 66/150][Batch 1101/1311] BatchTime = 0.756 (s) DataTime = 0.001 (s) Losses = ['5.3692', '2.9685'] lr = 0.0000500
2025-10-29 07:49:17,274 - PCN - INFO - [Epoch 66/150][Batch 1201/1311] BatchTime = 0.702 (s) DataTime = 0.001 (s) Losses = ['5.4556', '2.8202'] lr = 0.0000500
2025-10-29 07:50:14,382 - PCN - INFO - [Epoch 66/150][Batch 1301/1311] BatchTime = 0.734 (s) DataTime = 0.001 (s) Losses = ['5.9327', '3.1008'] lr = 0.0000500
2025-10-29 07:50:21,130 - PCN - INFO - [Training] EPOCH: 66 EpochTime = 784.788 (s) Losses = ['5.5352', '2.8826']
2025-10-29 07:50:21,210 - PCN - INFO - Save checkpoint at ./experiments/PCN/ShapeNet55_models/PCN_fog/ckpt-last.pth
2025-10-29 07:50:21,875 - PCN - INFO - [Epoch 67/150][Batch 1/1311] BatchTime = 0.664 (s) DataTime = 0.083 (s) Losses = ['6.3831', '3.5362'] lr = 0.0000500
2025-10-29 07:51:19,699 - PCN - INFO - [Epoch 67/150][Batch 101/1311] BatchTime = 0.634 (s) DataTime = 0.001 (s) Losses = ['7.1221', '4.1185'] lr = 0.0000500
2025-10-29 07:52:22,358 - PCN - INFO - [Epoch 67/150][Batch 201/1311] BatchTime = 0.425 (s) DataTime = 0.001 (s) Losses = ['5.0066', '2.7184'] lr = 0.0000500
2025-10-29 07:53:23,398 - PCN - INFO - [Epoch 67/150][Batch 301/1311] BatchTime = 0.459 (s) DataTime = 0.001 (s) Losses = ['4.9377', '2.5368'] lr = 0.0000500
2025-10-29 07:54:23,936 - PCN - INFO - [Epoch 67/150][Batch 401/1311] BatchTime = 0.582 (s) DataTime = 0.001 (s) Losses = ['6.4920', '3.2616'] lr = 0.0000500
2025-10-29 07:55:23,802 - PCN - INFO - [Epoch 67/150][Batch 501/1311] BatchTime = 0.498 (s) DataTime = 0.001 (s) Losses = ['5.0207', '2.8928'] lr = 0.0000500
2025-10-29 07:56:22,272 - PCN - INFO - [Epoch 67/150][Batch 601/1311] BatchTime = 0.541 (s) DataTime = 0.001 (s) Losses = ['5.0294', '2.6368'] lr = 0.0000500
2025-10-29 07:57:21,125 - PCN - INFO - [Epoch 67/150][Batch 701/1311] BatchTime = 0.598 (s) DataTime = 0.001 (s) Losses = ['4.6311', '2.7212'] lr = 0.0000500
2025-10-29 07:58:23,557 - PCN - INFO - [Epoch 67/150][Batch 801/1311] BatchTime = 0.372 (s) DataTime = 0.001 (s) Losses = ['5.6918', '3.0008'] lr = 0.0000500
2025-10-29 07:59:25,510 - PCN - INFO - [Epoch 67/150][Batch 901/1311] BatchTime = 0.425 (s) DataTime = 0.001 (s) Losses = ['5.7944', '3.0177'] lr = 0.0000500
2025-10-29 08:00:24,505 - PCN - INFO - [Epoch 67/150][Batch 1001/1311] BatchTime = 0.895 (s) DataTime = 0.001 (s) Losses = ['5.6849', '3.1160'] lr = 0.0000500
2025-10-29 08:01:24,740 - PCN - INFO - [Epoch 67/150][Batch 1101/1311] BatchTime = 0.593 (s) DataTime = 0.001 (s) Losses = ['4.8740', '2.5345'] lr = 0.0000500
2025-10-29 08:02:25,183 - PCN - INFO - [Epoch 67/150][Batch 1201/1311] BatchTime = 1.156 (s) DataTime = 0.001 (s) Losses = ['5.4667', '2.7616'] lr = 0.0000500
2025-10-29 08:03:24,119 - PCN - INFO - [Epoch 67/150][Batch 1301/1311] BatchTime = 0.651 (s) DataTime = 0.001 (s) Losses = ['5.3261', '2.9882'] lr = 0.0000500
2025-10-29 08:03:30,234 - PCN - INFO - [Training] EPOCH: 67 EpochTime = 789.023 (s) Losses = ['5.5226', '2.8744']
2025-10-29 08:03:30,306 - PCN - INFO - Save checkpoint at ./experiments/PCN/ShapeNet55_models/PCN_fog/ckpt-last.pth
2025-10-29 08:03:31,398 - PCN - INFO - [Epoch 68/150][Batch 1/1311] BatchTime = 1.092 (s) DataTime = 0.079 (s) Losses = ['5.4828', '2.8296'] lr = 0.0000500
2025-10-29 08:04:29,766 - PCN - INFO - [Epoch 68/150][Batch 101/1311] BatchTime = 0.642 (s) DataTime = 0.001 (s) Losses = ['5.9536', '3.0178'] lr = 0.0000500
2025-10-29 08:05:30,611 - PCN - INFO - [Epoch 68/150][Batch 201/1311] BatchTime = 0.744 (s) DataTime = 0.001 (s) Losses = ['5.0631', '2.8061'] lr = 0.0000500
2025-10-29 08:06:29,109 - PCN - INFO - [Epoch 68/150][Batch 301/1311] BatchTime = 0.544 (s) DataTime = 0.001 (s) Losses = ['6.0526', '3.2258'] lr = 0.0000500
2025-10-29 08:07:28,269 - PCN - INFO - [Epoch 68/150][Batch 401/1311] BatchTime = 0.405 (s) DataTime = 0.001 (s) Losses = ['6.4356', '3.5051'] lr = 0.0000500
2025-10-29 08:08:27,360 - PCN - INFO - [Epoch 68/150][Batch 501/1311] BatchTime = 0.582 (s) DataTime = 0.001 (s) Losses = ['6.5007', '3.5714'] lr = 0.0000500
2025-10-29 08:09:28,831 - PCN - INFO - [Epoch 68/150][Batch 601/1311] BatchTime = 0.599 (s) DataTime = 0.001 (s) Losses = ['4.3227', '2.1846'] lr = 0.0000500
2025-10-29 08:10:27,014 - PCN - INFO - [Epoch 68/150][Batch 701/1311] BatchTime = 0.441 (s) DataTime = 0.001 (s) Losses = ['6.0827', '3.1483'] lr = 0.0000500
2025-10-29 08:11:30,816 - PCN - INFO - [Epoch 68/150][Batch 801/1311] BatchTime = 0.690 (s) DataTime = 0.001 (s) Losses = ['5.4875', '2.8527'] lr = 0.0000500
2025-10-29 08:12:30,825 - PCN - INFO - [Epoch 68/150][Batch 901/1311] BatchTime = 0.458 (s) DataTime = 0.001 (s) Losses = ['5.7336', '2.8441'] lr = 0.0000500
2025-10-29 08:13:29,327 - PCN - INFO - [Epoch 68/150][Batch 1001/1311] BatchTime = 0.530 (s) DataTime = 0.001 (s) Losses = ['5.2760', '2.7670'] lr = 0.0000500
2025-10-29 08:14:27,810 - PCN - INFO - [Epoch 68/150][Batch 1101/1311] BatchTime = 0.374 (s) DataTime = 0.001 (s) Losses = ['6.0957', '3.1815'] lr = 0.0000500
2025-10-29 08:15:27,654 - PCN - INFO - [Epoch 68/150][Batch 1201/1311] BatchTime = 0.885 (s) DataTime = 0.001 (s) Losses = ['6.2826', '3.5229'] lr = 0.0000500
2025-10-29 08:16:27,513 - PCN - INFO - [Epoch 68/150][Batch 1301/1311] BatchTime = 0.772 (s) DataTime = 0.001 (s) Losses = ['4.9453', '2.4447'] lr = 0.0000500
2025-10-29 08:16:33,584 - PCN - INFO - [Training] EPOCH: 68 EpochTime = 783.278 (s) Losses = ['5.5021', '2.8637']
2025-10-29 08:16:33,666 - PCN - INFO - Save checkpoint at ./experiments/PCN/ShapeNet55_models/PCN_fog/ckpt-last.pth
2025-10-29 08:16:34,419 - PCN - INFO - [Epoch 69/150][Batch 1/1311] BatchTime = 0.753 (s) DataTime = 0.093 (s) Losses = ['5.7428', '2.9287'] lr = 0.0000500
2025-10-29 08:17:35,787 - PCN - INFO - [Epoch 69/150][Batch 101/1311] BatchTime = 0.983 (s) DataTime = 0.001 (s) Losses = ['5.7360', '3.0212'] lr = 0.0000500
2025-10-29 08:18:35,626 - PCN - INFO - [Epoch 69/150][Batch 201/1311] BatchTime = 0.590 (s) DataTime = 0.001 (s) Losses = ['5.1783', '2.5433'] lr = 0.0000500
2025-10-29 08:19:35,479 - PCN - INFO - [Epoch 69/150][Batch 301/1311] BatchTime = 0.696 (s) DataTime = 0.001 (s) Losses = ['5.8859', '2.9735'] lr = 0.0000500
2025-10-29 08:20:35,242 - PCN - INFO - [Epoch 69/150][Batch 401/1311] BatchTime = 0.720 (s) DataTime = 0.001 (s) Losses = ['6.1802', '3.4145'] lr = 0.0000500
2025-10-29 08:21:35,599 - PCN - INFO - [Epoch 69/150][Batch 501/1311] BatchTime = 0.440 (s) DataTime = 0.001 (s) Losses = ['5.3656', '2.6259'] lr = 0.0000500
2025-10-29 08:22:34,044 - PCN - INFO - [Epoch 69/150][Batch 601/1311] BatchTime = 0.450 (s) DataTime = 0.001 (s) Losses = ['6.3440', '3.3156'] lr = 0.0000500
2025-10-29 08:23:35,939 - PCN - INFO - [Epoch 69/150][Batch 701/1311] BatchTime = 0.724 (s) DataTime = 0.001 (s) Losses = ['5.9211', '3.4628'] lr = 0.0000500
2025-10-29 08:24:33,821 - PCN - INFO - [Epoch 69/150][Batch 801/1311] BatchTime = 0.675 (s) DataTime = 0.001 (s) Losses = ['5.3773', '2.6637'] lr = 0.0000500
2025-10-29 08:25:33,370 - PCN - INFO - [Epoch 69/150][Batch 901/1311] BatchTime = 0.708 (s) DataTime = 0.001 (s) Losses = ['5.5326', '2.7441'] lr = 0.0000500
2025-10-29 08:26:37,162 - PCN - INFO - [Epoch 69/150][Batch 1001/1311] BatchTime = 0.566 (s) DataTime = 0.001 (s) Losses = ['4.8481', '2.4900'] lr = 0.0000500
2025-10-29 08:27:37,890 - PCN - INFO - [Epoch 69/150][Batch 1101/1311] BatchTime = 1.034 (s) DataTime = 0.001 (s) Losses = ['5.9763', '3.3189'] lr = 0.0000500
2025-10-29 08:28:40,977 - PCN - INFO - [Epoch 69/150][Batch 1201/1311] BatchTime = 0.836 (s) DataTime = 0.001 (s) Losses = ['4.5943', '2.2746'] lr = 0.0000500
2025-10-29 08:29:41,682 - PCN - INFO - [Epoch 69/150][Batch 1301/1311] BatchTime = 0.721 (s) DataTime = 0.001 (s) Losses = ['7.1140', '4.1168'] lr = 0.0000500
2025-10-29 08:29:46,988 - PCN - INFO - [Training] EPOCH: 69 EpochTime = 793.321 (s) Losses = ['5.5159', '2.8685']
2025-10-29 08:29:47,062 - PCN - INFO - Save checkpoint at ./experiments/PCN/ShapeNet55_models/PCN_fog/ckpt-last.pth
2025-10-29 08:29:47,673 - PCN - INFO - [Epoch 70/150][Batch 1/1311] BatchTime = 0.611 (s) DataTime = 0.082 (s) Losses = ['4.2376', '2.1733'] lr = 0.0000500
2025-10-29 08:30:47,659 - PCN - INFO - [Epoch 70/150][Batch 101/1311] BatchTime = 0.744 (s) DataTime = 0.001 (s) Losses = ['4.4137', '2.1762'] lr = 0.0000500
2025-10-29 08:31:46,246 - PCN - INFO - [Epoch 70/150][Batch 201/1311] BatchTime = 0.493 (s) DataTime = 0.001 (s) Losses = ['4.7623', '2.4211'] lr = 0.0000500
2025-10-29 08:32:47,785 - PCN - INFO - [Epoch 70/150][Batch 301/1311] BatchTime = 0.828 (s) DataTime = 0.001 (s) Losses = ['5.1133', '2.4994'] lr = 0.0000500
2025-10-29 08:33:47,743 - PCN - INFO - [Epoch 70/150][Batch 401/1311] BatchTime = 0.516 (s) DataTime = 0.001 (s) Losses = ['4.9133', '2.6583'] lr = 0.0000500
2025-10-29 08:34:46,072 - PCN - INFO - [Epoch 70/150][Batch 501/1311] BatchTime = 0.564 (s) DataTime = 0.001 (s) Losses = ['4.3676', '2.2627'] lr = 0.0000500
2025-10-29 08:35:45,224 - PCN - INFO - [Epoch 70/150][Batch 601/1311] BatchTime = 0.797 (s) DataTime = 0.001 (s) Losses = ['5.9561', '2.8479'] lr = 0.0000500
2025-10-29 08:36:44,161 - PCN - INFO - [Epoch 70/150][Batch 701/1311] BatchTime = 0.626 (s) DataTime = 0.001 (s) Losses = ['5.9639', '2.9393'] lr = 0.0000500
2025-10-29 08:37:44,186 - PCN - INFO - [Epoch 70/150][Batch 801/1311] BatchTime = 0.396 (s) DataTime = 0.001 (s) Losses = ['4.8334', '2.4299'] lr = 0.0000500
2025-10-29 08:38:45,301 - PCN - INFO - [Epoch 70/150][Batch 901/1311] BatchTime = 0.465 (s) DataTime = 0.001 (s) Losses = ['5.8779', '3.0519'] lr = 0.0000500
2025-10-29 08:39:45,363 - PCN - INFO - [Epoch 70/150][Batch 1001/1311] BatchTime = 0.693 (s) DataTime = 0.001 (s) Losses = ['4.7245', '2.3195'] lr = 0.0000500
2025-10-29 08:40:44,124 - PCN - INFO - [Epoch 70/150][Batch 1101/1311] BatchTime = 0.683 (s) DataTime = 0.001 (s) Losses = ['6.3407', '3.3912'] lr = 0.0000500
2025-10-29 08:41:40,683 - PCN - INFO - [Epoch 70/150][Batch 1201/1311] BatchTime = 0.398 (s) DataTime = 0.001 (s) Losses = ['5.1587', '2.9300'] lr = 0.0000500
2025-10-29 08:42:39,716 - PCN - INFO - [Epoch 70/150][Batch 1301/1311] BatchTime = 0.874 (s) DataTime = 0.001 (s) Losses = ['6.2524', '3.4696'] lr = 0.0000500
2025-10-29 08:42:45,557 - PCN - INFO - [Training] EPOCH: 70 EpochTime = 778.495 (s) Losses = ['5.4675', '2.8365']
2025-10-29 08:42:45,557 - PCN - INFO - [VALIDATION] Start validating epoch 70
2025-10-29 08:43:21,589 - PCN - INFO - Test[1051/10518] Taxonomy = 02691156 Sample = c7749c0a8b61f43bc9b9e28055202e3d Losses = ['38.3906', '4.1349', '25.7648', '2.2206'] Metrics = ['0.1511', '25.7648', '2.2206', '0.0000']
2025-10-29 08:43:53,503 - PCN - INFO - Test[2102/10518] Taxonomy = 03211117 Sample = ab2f9418c111cc6ddb965514105122a4 Losses = ['43.8667', '4.3676', '32.3797', '2.7409'] Metrics = ['0.0501', '32.3797', '2.7409', '0.0000']
2025-10-29 08:44:26,522 - PCN - INFO - Test[3153/10518] Taxonomy = 02876657 Sample = c5032e4be091aabb36fe7a88df793982 Losses = ['60.9389', '9.4631', '40.1668', '4.8703'] Metrics = ['0.0423', '40.1668', '4.8703', '0.0000']
2025-10-29 08:45:01,346 - PCN - INFO - Test[4204/10518] Taxonomy = 03211117 Sample = 722df1da5778d45b1e43523279c7f09f Losses = ['54.4296', '7.8099', '39.1096', '5.1064'] Metrics = ['0.0629', '39.1096', '5.1064', '0.0000']
2025-10-29 08:45:34,792 - PCN - INFO - Test[5255/10518] Taxonomy = 02828884 Sample = 14b63361a48a9fffe4a048c146e8bd43 Losses = ['43.0868', '4.8309', '33.0500', '3.5256'] Metrics = ['0.0861', '33.0500', '3.5256', '0.0000']
2025-10-29 08:46:07,583 - PCN - INFO - Test[6306/10518] Taxonomy = 03211117 Sample = d330d50a0255529d19ed6e1a590c9122 Losses = ['38.5971', '3.8682', '26.1424', '1.9964'] Metrics = ['0.0787', '26.1424', '1.9964', '0.0000']
2025-10-29 08:46:39,763 - PCN - INFO - Test[7357/10518] Taxonomy = 04379243 Sample = b1ca280d9567270ade98d10ab5975b59 Losses = ['47.1680', '7.7226', '27.0125', '3.0259'] Metrics = ['0.1028', '27.0125', '3.0259', '0.0000']
2025-10-29 08:47:12,092 - PCN - INFO - Test[8408/10518] Taxonomy = 03001627 Sample = 89208a619341d9fdb8c516ed5c4ce32 Losses = ['44.7944', '5.1970', '28.6231', '2.2786'] Metrics = ['0.0623', '28.6231', '2.2786', '0.0000']
2025-10-29 08:47:44,841 - PCN - INFO - Test[9459/10518] Taxonomy = 03001627 Sample = d0255120e3351121c3bd24f986301745 Losses = ['53.0185', '8.0976', '36.9541', '4.2453'] Metrics = ['0.0457', '36.9541', '4.2453', '0.0000']
2025-10-29 08:48:16,515 - PCN - INFO - Test[10510/10518] Taxonomy = 03636649 Sample = ea9ec4d9db2e06202471e6dd5ac3ef92 Losses = ['36.5420', '3.8429', '28.1620', '2.7188'] Metrics = ['0.2027', '28.1620', '2.7188', '0.0000']
2025-10-29 08:48:16,798 - PCN - INFO - [Validation] EPOCH: 70  Metrics = ['0.1221', '30.2967', '3.3203', '0.0000']
2025-10-29 08:48:16,798 - PCN - INFO - ============================ TEST RESULTS ============================
2025-10-29 08:48:16,798 - PCN - INFO - Taxonomy	#Sample	F-Score	CDL1	CDL2	EMDistance	#ModelName	
2025-10-29 08:48:16,798 - PCN - INFO - 03759954	14	0.177 	33.221 	5.283 	0.000 	microphone	
2025-10-29 08:48:16,798 - PCN - INFO - 04330267	44	0.065 	34.483 	3.868 	0.000 	stove	
2025-10-29 08:48:16,798 - PCN - INFO - 03261776	15	0.098 	37.201 	6.135 	0.000 	earphone	
2025-10-29 08:48:16,798 - PCN - INFO - 03513137	33	0.039 	45.536 	7.253 	0.000 	helmet	
2025-10-29 08:48:16,798 - PCN - INFO - 04460130	27	0.150 	27.758 	2.698 	0.000 	tower	
2025-10-29 08:48:16,798 - PCN - INFO - 04468005	78	0.150 	25.245 	2.338 	0.000 	train	
2025-10-29 08:48:16,798 - PCN - INFO - 03761084	31	0.044 	34.967 	3.831 	0.000 	microwaves	
2025-10-29 08:48:16,798 - PCN - INFO - 04004475	34	0.044 	40.501 	5.412 	0.000 	printer	
2025-10-29 08:48:16,798 - PCN - INFO - 03938244	20	0.057 	38.758 	4.865 	0.000 	pillow	
2025-10-29 08:48:16,798 - PCN - INFO - 02992529	167	0.140 	21.131 	1.285 	0.000 	cellphone	
2025-10-29 08:48:16,798 - PCN - INFO - 02808440	172	0.072 	32.859 	3.574 	0.000 	bathtub	
2025-10-29 08:48:16,798 - PCN - INFO - 04530566	388	0.178 	23.845 	1.989 	0.000 	watercraft	
2025-10-29 08:48:16,798 - PCN - INFO - 02871439	91	0.070 	33.253 	3.681 	0.000 	bookshelf	
2025-10-29 08:48:16,798 - PCN - INFO - 03593526	120	0.068 	36.865 	4.789 	0.000 	jar	
2025-10-29 08:48:16,798 - PCN - INFO - 04554684	34	0.044 	35.567 	3.845 	0.000 	washer	
2025-10-29 08:48:16,798 - PCN - INFO - 03467517	160	0.467 	13.644 	0.646 	0.000 	guitar	
2025-10-29 08:48:16,798 - PCN - INFO - 04401088	218	0.137 	21.382 	1.348 	0.000 	telephone	
2025-10-29 08:48:16,798 - PCN - INFO - 02954340	12	0.051 	39.430 	5.335 	0.000 	cap	
2025-10-29 08:48:16,799 - PCN - INFO - 02933112	315	0.074 	28.866 	2.502 	0.000 	cabinet	
2025-10-29 08:48:16,799 - PCN - INFO - 03642806	92	0.136 	21.646 	1.382 	0.000 	laptop	
2025-10-29 08:48:16,799 - PCN - INFO - 02924116	188	0.116 	25.210 	1.944 	0.000 	bus	
2025-10-29 08:48:16,799 - PCN - INFO - 02946921	22	0.054 	34.107 	3.803 	0.000 	can	
2025-10-29 08:48:16,799 - PCN - INFO - 02818832	47	0.061 	37.567 	4.708 	0.000 	bed	
2025-10-29 08:48:16,799 - PCN - INFO - 04256520	635	0.065 	30.957 	2.851 	0.000 	sofa	
2025-10-29 08:48:16,799 - PCN - INFO - 04379243	1687	0.137 	26.800 	2.730 	0.000 	table	
2025-10-29 08:48:16,799 - PCN - INFO - 02747177	69	0.053 	32.919 	3.481 	0.000 	trash bin	
2025-10-29 08:48:16,799 - PCN - INFO - 03046257	131	0.074 	32.734 	3.519 	0.000 	clock	
2025-10-29 08:48:16,799 - PCN - INFO - 04225987	31	0.211 	21.708 	1.659 	0.000 	skateboard	
2025-10-29 08:48:16,799 - PCN - INFO - 03797390	43	0.045 	35.779 	4.286 	0.000 	mug	
2025-10-29 08:48:16,799 - PCN - INFO - 03001627	1356	0.100 	30.094 	3.052 	0.000 	chair	
2025-10-29 08:48:16,799 - PCN - INFO - 03691459	320	0.059 	34.956 	3.964 	0.000 	loudspeaker	
2025-10-29 08:48:16,799 - PCN - INFO - 02942699	23	0.042 	45.431 	6.968 	0.000 	camera	
2025-10-29 08:48:16,799 - PCN - INFO - 03636649	464	0.152 	34.294 	5.170 	0.000 	lamp	
2025-10-29 08:48:16,799 - PCN - INFO - 02691156	809	0.251 	19.928 	1.420 	0.000 	airplane	
2025-10-29 08:48:16,799 - PCN - INFO - 02773838	17	0.063 	36.697 	4.537 	0.000 	bag	
2025-10-29 08:48:16,799 - PCN - INFO - 02958343	703	0.083 	26.903 	2.098 	0.000 	car	
2025-10-29 08:48:16,799 - PCN - INFO - 02880940	38	0.049 	36.724 	4.469 	0.000 	bowl	
2025-10-29 08:48:16,799 - PCN - INFO - 04099429	17	0.306 	20.423 	1.581 	0.000 	rocket	
2025-10-29 08:48:16,799 - PCN - INFO - 02828884	363	0.157 	25.276 	2.343 	0.000 	bench	
2025-10-29 08:48:16,799 - PCN - INFO - 04090263	475	0.413 	15.657 	0.932 	0.000 	rifle	
2025-10-29 08:48:16,799 - PCN - INFO - 03211117	219	0.087 	29.117 	2.740 	0.000 	display	
2025-10-29 08:48:16,799 - PCN - INFO - 02876657	100	0.135 	25.241 	2.125 	0.000 	bottle	
2025-10-29 08:48:16,799 - PCN - INFO - 03710193	19	0.141 	29.082 	3.002 	0.000 	mailbox	
2025-10-29 08:48:16,799 - PCN - INFO - 03790512	68	0.110 	27.053 	2.402 	0.000 	motorbike	
2025-10-29 08:48:16,799 - PCN - INFO - 03325088	149	0.119 	35.243 	5.020 	0.000 	faucet	
2025-10-29 08:48:16,799 - PCN - INFO - 02801938	23	0.052 	34.929 	3.933 	0.000 	basket	
2025-10-29 08:48:16,799 - PCN - INFO - 03337140	60	0.070 	30.914 	3.048 	0.000 	file cabinet	
2025-10-29 08:48:16,799 - PCN - INFO - 02843684	15	0.051 	39.229 	4.958 	0.000 	birdhouse	
2025-10-29 08:48:16,799 - PCN - INFO - 03624134	85	0.468 	14.288 	0.796 	0.000 	knife	
2025-10-29 08:48:16,799 - PCN - INFO - 03991062	121	0.053 	40.165 	5.433 	0.000 	flowerpot	
2025-10-29 08:48:16,799 - PCN - INFO - 03948459	62	0.224 	20.928 	1.456 	0.000 	pistol	
2025-10-29 08:48:16,799 - PCN - INFO - 03928116	48	0.065 	34.485 	3.874 	0.000 	piano	
2025-10-29 08:48:16,799 - PCN - INFO - 03207941	19	0.054 	31.931 	3.115 	0.000 	dishwasher	
2025-10-29 08:48:16,799 - PCN - INFO - 04074963	14	0.156 	22.696 	1.596 	0.000 	remote	
2025-10-29 08:48:16,799 - PCN - INFO - 03085013	13	0.183 	20.696 	1.541 	0.000 	keyboard	
2025-10-29 08:48:16,799 - PCN - INFO - Overall		0.122 	30.297 	3.320 	0.000 	
2025-10-29 08:48:16,875 - PCN - INFO - Save checkpoint at ./experiments/PCN/ShapeNet55_models/PCN_fog/ckpt-last.pth
2025-10-29 08:48:17,597 - PCN - INFO - [Epoch 71/150][Batch 1/1311] BatchTime = 0.722 (s) DataTime = 0.094 (s) Losses = ['4.4519', '2.3084'] lr = 0.0000500
2025-10-29 08:49:16,589 - PCN - INFO - [Epoch 71/150][Batch 101/1311] BatchTime = 0.451 (s) DataTime = 0.001 (s) Losses = ['6.4398', '3.3747'] lr = 0.0000500
2025-10-29 08:50:17,863 - PCN - INFO - [Epoch 71/150][Batch 201/1311] BatchTime = 0.552 (s) DataTime = 0.001 (s) Losses = ['5.6516', '2.9985'] lr = 0.0000500
2025-10-29 08:51:16,757 - PCN - INFO - [Epoch 71/150][Batch 301/1311] BatchTime = 0.487 (s) DataTime = 0.001 (s) Losses = ['5.9269', '3.1112'] lr = 0.0000500
2025-10-29 08:52:16,628 - PCN - INFO - [Epoch 71/150][Batch 401/1311] BatchTime = 0.900 (s) DataTime = 0.001 (s) Losses = ['4.3736', '2.0535'] lr = 0.0000500
2025-10-29 08:53:13,465 - PCN - INFO - [Epoch 71/150][Batch 501/1311] BatchTime = 0.357 (s) DataTime = 0.001 (s) Losses = ['4.8515', '2.3360'] lr = 0.0000500
2025-10-29 08:54:10,592 - PCN - INFO - [Epoch 71/150][Batch 601/1311] BatchTime = 0.470 (s) DataTime = 0.001 (s) Losses = ['4.5323', '2.3008'] lr = 0.0000500
2025-10-29 08:55:11,961 - PCN - INFO - [Epoch 71/150][Batch 701/1311] BatchTime = 0.831 (s) DataTime = 0.001 (s) Losses = ['5.5367', '2.7480'] lr = 0.0000500
2025-10-29 08:56:11,841 - PCN - INFO - [Epoch 71/150][Batch 801/1311] BatchTime = 0.526 (s) DataTime = 0.001 (s) Losses = ['5.1135', '2.6629'] lr = 0.0000500
2025-10-29 08:57:15,091 - PCN - INFO - [Epoch 71/150][Batch 901/1311] BatchTime = 1.107 (s) DataTime = 0.001 (s) Losses = ['7.2469', '4.0067'] lr = 0.0000500
2025-10-29 08:58:16,534 - PCN - INFO - [Epoch 71/150][Batch 1001/1311] BatchTime = 0.553 (s) DataTime = 0.001 (s) Losses = ['5.4998', '2.6832'] lr = 0.0000500
2025-10-29 08:59:16,342 - PCN - INFO - [Epoch 71/150][Batch 1101/1311] BatchTime = 0.794 (s) DataTime = 0.001 (s) Losses = ['5.6108', '2.8948'] lr = 0.0000500
2025-10-29 09:00:13,847 - PCN - INFO - [Epoch 71/150][Batch 1201/1311] BatchTime = 0.381 (s) DataTime = 0.001 (s) Losses = ['6.6725', '3.6955'] lr = 0.0000500
2025-10-29 09:01:13,957 - PCN - INFO - [Epoch 71/150][Batch 1301/1311] BatchTime = 0.457 (s) DataTime = 0.001 (s) Losses = ['4.8017', '2.4430'] lr = 0.0000500
2025-10-29 09:01:19,556 - PCN - INFO - [Training] EPOCH: 71 EpochTime = 782.680 (s) Losses = ['5.4712', '2.8357']
2025-10-29 09:01:19,626 - PCN - INFO - Save checkpoint at ./experiments/PCN/ShapeNet55_models/PCN_fog/ckpt-last.pth
2025-10-29 09:01:20,444 - PCN - INFO - [Epoch 72/150][Batch 1/1311] BatchTime = 0.818 (s) DataTime = 0.083 (s) Losses = ['5.7766', '2.9634'] lr = 0.0000500
2025-10-29 09:02:16,541 - PCN - INFO - [Epoch 72/150][Batch 101/1311] BatchTime = 0.491 (s) DataTime = 0.001 (s) Losses = ['5.4820', '2.9167'] lr = 0.0000500
2025-10-29 09:03:15,995 - PCN - INFO - [Epoch 72/150][Batch 201/1311] BatchTime = 0.485 (s) DataTime = 0.001 (s) Losses = ['7.3155', '3.8121'] lr = 0.0000500
2025-10-29 09:04:14,016 - PCN - INFO - [Epoch 72/150][Batch 301/1311] BatchTime = 0.471 (s) DataTime = 0.001 (s) Losses = ['5.0673', '2.4164'] lr = 0.0000500
2025-10-29 09:05:12,108 - PCN - INFO - [Epoch 72/150][Batch 401/1311] BatchTime = 0.417 (s) DataTime = 0.001 (s) Losses = ['7.1649', '3.8018'] lr = 0.0000500
2025-10-29 09:06:12,097 - PCN - INFO - [Epoch 72/150][Batch 501/1311] BatchTime = 0.621 (s) DataTime = 0.001 (s) Losses = ['6.0093', '3.2311'] lr = 0.0000500
2025-10-29 09:07:10,465 - PCN - INFO - [Epoch 72/150][Batch 601/1311] BatchTime = 0.680 (s) DataTime = 0.001 (s) Losses = ['4.8711', '2.3726'] lr = 0.0000500
2025-10-29 09:08:08,828 - PCN - INFO - [Epoch 72/150][Batch 701/1311] BatchTime = 0.343 (s) DataTime = 0.001 (s) Losses = ['5.4205', '2.6640'] lr = 0.0000500
2025-10-29 09:09:08,561 - PCN - INFO - [Epoch 72/150][Batch 801/1311] BatchTime = 0.506 (s) DataTime = 0.001 (s) Losses = ['5.4846', '2.9002'] lr = 0.0000500
2025-10-29 09:10:09,929 - PCN - INFO - [Epoch 72/150][Batch 901/1311] BatchTime = 0.492 (s) DataTime = 0.001 (s) Losses = ['5.9258', '3.1175'] lr = 0.0000500
2025-10-29 09:11:11,349 - PCN - INFO - [Epoch 72/150][Batch 1001/1311] BatchTime = 1.255 (s) DataTime = 0.001 (s) Losses = ['5.4160', '2.9029'] lr = 0.0000500
2025-10-29 09:12:13,376 - PCN - INFO - [Epoch 72/150][Batch 1101/1311] BatchTime = 0.676 (s) DataTime = 0.001 (s) Losses = ['4.8337', '2.5178'] lr = 0.0000500
2025-10-29 09:13:12,380 - PCN - INFO - [Epoch 72/150][Batch 1201/1311] BatchTime = 0.623 (s) DataTime = 0.001 (s) Losses = ['4.9023', '2.5090'] lr = 0.0000500
2025-10-29 09:14:14,581 - PCN - INFO - [Epoch 72/150][Batch 1301/1311] BatchTime = 0.614 (s) DataTime = 0.001 (s) Losses = ['5.5293', '2.9885'] lr = 0.0000500
2025-10-29 09:14:20,581 - PCN - INFO - [Training] EPOCH: 72 EpochTime = 780.955 (s) Losses = ['5.4736', '2.8435']
2025-10-29 09:14:20,657 - PCN - INFO - Save checkpoint at ./experiments/PCN/ShapeNet55_models/PCN_fog/ckpt-last.pth
2025-10-29 09:14:21,347 - PCN - INFO - [Epoch 73/150][Batch 1/1311] BatchTime = 0.690 (s) DataTime = 0.086 (s) Losses = ['4.8640', '2.4510'] lr = 0.0000500
2025-10-29 09:15:23,010 - PCN - INFO - [Epoch 73/150][Batch 101/1311] BatchTime = 0.525 (s) DataTime = 0.001 (s) Losses = ['4.7968', '2.4689'] lr = 0.0000500
2025-10-29 09:16:25,802 - PCN - INFO - [Epoch 73/150][Batch 201/1311] BatchTime = 0.702 (s) DataTime = 0.001 (s) Losses = ['5.4722', '2.6721'] lr = 0.0000500
2025-10-29 09:17:26,840 - PCN - INFO - [Epoch 73/150][Batch 301/1311] BatchTime = 0.457 (s) DataTime = 0.001 (s) Losses = ['6.1580', '3.0873'] lr = 0.0000500
2025-10-29 09:18:26,445 - PCN - INFO - [Epoch 73/150][Batch 401/1311] BatchTime = 0.464 (s) DataTime = 0.001 (s) Losses = ['6.6367', '3.4774'] lr = 0.0000500
2025-10-29 09:19:23,545 - PCN - INFO - [Epoch 73/150][Batch 501/1311] BatchTime = 0.838 (s) DataTime = 0.001 (s) Losses = ['4.7655', '2.4003'] lr = 0.0000500
2025-10-29 09:20:21,863 - PCN - INFO - [Epoch 73/150][Batch 601/1311] BatchTime = 0.413 (s) DataTime = 0.001 (s) Losses = ['4.7881', '2.4095'] lr = 0.0000500
2025-10-29 09:21:21,887 - PCN - INFO - [Epoch 73/150][Batch 701/1311] BatchTime = 0.775 (s) DataTime = 0.001 (s) Losses = ['5.1841', '2.7533'] lr = 0.0000500
2025-10-29 09:22:21,687 - PCN - INFO - [Epoch 73/150][Batch 801/1311] BatchTime = 0.918 (s) DataTime = 0.001 (s) Losses = ['5.6334', '3.0086'] lr = 0.0000500
2025-10-29 09:23:21,336 - PCN - INFO - [Epoch 73/150][Batch 901/1311] BatchTime = 0.563 (s) DataTime = 0.001 (s) Losses = ['6.0803', '3.0388'] lr = 0.0000500
2025-10-29 09:24:22,213 - PCN - INFO - [Epoch 73/150][Batch 1001/1311] BatchTime = 0.682 (s) DataTime = 0.001 (s) Losses = ['4.8582', '2.4866'] lr = 0.0000500
2025-10-29 09:25:22,961 - PCN - INFO - [Epoch 73/150][Batch 1101/1311] BatchTime = 0.514 (s) DataTime = 0.001 (s) Losses = ['8.4383', '4.6612'] lr = 0.0000500
2025-10-29 09:26:22,004 - PCN - INFO - [Epoch 73/150][Batch 1201/1311] BatchTime = 0.635 (s) DataTime = 0.001 (s) Losses = ['5.1375', '2.5195'] lr = 0.0000500
2025-10-29 09:27:22,481 - PCN - INFO - [Epoch 73/150][Batch 1301/1311] BatchTime = 0.729 (s) DataTime = 0.001 (s) Losses = ['6.3701', '3.0760'] lr = 0.0000500
2025-10-29 09:27:27,638 - PCN - INFO - [Training] EPOCH: 73 EpochTime = 786.981 (s) Losses = ['5.4189', '2.7997']
2025-10-29 09:27:27,720 - PCN - INFO - Save checkpoint at ./experiments/PCN/ShapeNet55_models/PCN_fog/ckpt-last.pth
2025-10-29 09:27:28,433 - PCN - INFO - [Epoch 74/150][Batch 1/1311] BatchTime = 0.713 (s) DataTime = 0.083 (s) Losses = ['6.3039', '3.0619'] lr = 0.0000500
2025-10-29 09:28:27,243 - PCN - INFO - [Epoch 74/150][Batch 101/1311] BatchTime = 0.422 (s) DataTime = 0.001 (s) Losses = ['5.8009', '3.0894'] lr = 0.0000500
2025-10-29 09:29:28,694 - PCN - INFO - [Epoch 74/150][Batch 201/1311] BatchTime = 0.855 (s) DataTime = 0.001 (s) Losses = ['5.9656', '3.0243'] lr = 0.0000500
2025-10-29 09:30:28,126 - PCN - INFO - [Epoch 74/150][Batch 301/1311] BatchTime = 0.662 (s) DataTime = 0.001 (s) Losses = ['6.4599', '3.5428'] lr = 0.0000500
2025-10-29 09:31:28,621 - PCN - INFO - [Epoch 74/150][Batch 401/1311] BatchTime = 0.475 (s) DataTime = 0.001 (s) Losses = ['6.0664', '3.2045'] lr = 0.0000500
2025-10-29 09:32:25,632 - PCN - INFO - [Epoch 74/150][Batch 501/1311] BatchTime = 0.558 (s) DataTime = 0.001 (s) Losses = ['4.6380', '2.4067'] lr = 0.0000500
2025-10-29 09:33:23,178 - PCN - INFO - [Epoch 74/150][Batch 601/1311] BatchTime = 0.634 (s) DataTime = 0.001 (s) Losses = ['4.9730', '2.6942'] lr = 0.0000500
2025-10-29 09:34:19,863 - PCN - INFO - [Epoch 74/150][Batch 701/1311] BatchTime = 0.890 (s) DataTime = 0.001 (s) Losses = ['6.6074', '3.4313'] lr = 0.0000500
2025-10-29 09:35:20,276 - PCN - INFO - [Epoch 74/150][Batch 801/1311] BatchTime = 0.533 (s) DataTime = 0.001 (s) Losses = ['5.4932', '2.9043'] lr = 0.0000500
2025-10-29 09:36:21,824 - PCN - INFO - [Epoch 74/150][Batch 901/1311] BatchTime = 0.484 (s) DataTime = 0.001 (s) Losses = ['5.3753', '3.1051'] lr = 0.0000500
2025-10-29 09:37:21,641 - PCN - INFO - [Epoch 74/150][Batch 1001/1311] BatchTime = 0.478 (s) DataTime = 0.001 (s) Losses = ['7.8067', '3.9167'] lr = 0.0000500
2025-10-29 09:38:24,355 - PCN - INFO - [Epoch 74/150][Batch 1101/1311] BatchTime = 0.577 (s) DataTime = 0.001 (s) Losses = ['7.0745', '4.0638'] lr = 0.0000500
2025-10-29 09:39:21,289 - PCN - INFO - [Epoch 74/150][Batch 1201/1311] BatchTime = 0.421 (s) DataTime = 0.001 (s) Losses = ['4.6605', '2.2502'] lr = 0.0000500
2025-10-29 09:40:20,206 - PCN - INFO - [Epoch 74/150][Batch 1301/1311] BatchTime = 0.359 (s) DataTime = 0.001 (s) Losses = ['6.6027', '3.4981'] lr = 0.0000500
2025-10-29 09:40:26,277 - PCN - INFO - [Training] EPOCH: 74 EpochTime = 778.557 (s) Losses = ['5.4353', '2.8148']
2025-10-29 09:40:26,357 - PCN - INFO - Save checkpoint at ./experiments/PCN/ShapeNet55_models/PCN_fog/ckpt-last.pth
2025-10-29 09:40:27,079 - PCN - INFO - [Epoch 75/150][Batch 1/1311] BatchTime = 0.722 (s) DataTime = 0.091 (s) Losses = ['5.3388', '2.6849'] lr = 0.0000500
2025-10-29 09:41:24,790 - PCN - INFO - [Epoch 75/150][Batch 101/1311] BatchTime = 0.532 (s) DataTime = 0.001 (s) Losses = ['4.5432', '2.2825'] lr = 0.0000500
2025-10-29 09:42:25,911 - PCN - INFO - [Epoch 75/150][Batch 201/1311] BatchTime = 0.733 (s) DataTime = 0.001 (s) Losses = ['5.4200', '2.8657'] lr = 0.0000500
2025-10-29 09:43:26,721 - PCN - INFO - [Epoch 75/150][Batch 301/1311] BatchTime = 0.535 (s) DataTime = 0.001 (s) Losses = ['5.7360', '3.0772'] lr = 0.0000500
2025-10-29 09:44:25,914 - PCN - INFO - [Epoch 75/150][Batch 401/1311] BatchTime = 0.606 (s) DataTime = 0.001 (s) Losses = ['5.3427', '2.3932'] lr = 0.0000500
2025-10-29 09:45:24,681 - PCN - INFO - [Epoch 75/150][Batch 501/1311] BatchTime = 0.994 (s) DataTime = 0.001 (s) Losses = ['5.9969', '2.9930'] lr = 0.0000500
2025-10-29 09:46:24,714 - PCN - INFO - [Epoch 75/150][Batch 601/1311] BatchTime = 0.671 (s) DataTime = 0.001 (s) Losses = ['5.7044', '2.7927'] lr = 0.0000500
2025-10-29 09:47:25,590 - PCN - INFO - [Epoch 75/150][Batch 701/1311] BatchTime = 0.831 (s) DataTime = 0.001 (s) Losses = ['5.9362', '3.1519'] lr = 0.0000500
2025-10-29 09:48:25,464 - PCN - INFO - [Epoch 75/150][Batch 801/1311] BatchTime = 0.692 (s) DataTime = 0.001 (s) Losses = ['6.0852', '3.2046'] lr = 0.0000500
2025-10-29 09:49:26,137 - PCN - INFO - [Epoch 75/150][Batch 901/1311] BatchTime = 0.810 (s) DataTime = 0.001 (s) Losses = ['4.9325', '2.3603'] lr = 0.0000500
2025-10-29 09:50:29,052 - PCN - INFO - [Epoch 75/150][Batch 1001/1311] BatchTime = 0.670 (s) DataTime = 0.001 (s) Losses = ['5.6091', '2.8348'] lr = 0.0000500
2025-10-29 09:51:27,915 - PCN - INFO - [Epoch 75/150][Batch 1101/1311] BatchTime = 0.509 (s) DataTime = 0.001 (s) Losses = ['5.9031', '2.9253'] lr = 0.0000500
2025-10-29 09:52:27,881 - PCN - INFO - [Epoch 75/150][Batch 1201/1311] BatchTime = 0.686 (s) DataTime = 0.001 (s) Losses = ['6.3137', '3.3191'] lr = 0.0000500
2025-10-29 09:53:30,316 - PCN - INFO - [Epoch 75/150][Batch 1301/1311] BatchTime = 0.695 (s) DataTime = 0.001 (s) Losses = ['5.0555', '2.6430'] lr = 0.0000500
2025-10-29 09:53:37,383 - PCN - INFO - [Training] EPOCH: 75 EpochTime = 791.026 (s) Losses = ['5.4362', '2.8124']
2025-10-29 09:53:37,383 - PCN - INFO - [VALIDATION] Start validating epoch 75
2025-10-29 09:54:14,926 - PCN - INFO - Test[1051/10518] Taxonomy = 02691156 Sample = c7749c0a8b61f43bc9b9e28055202e3d Losses = ['32.6719', '4.2833', '24.2374', '2.5187'] Metrics = ['0.2409', '24.2374', '2.5187', '0.0000']
2025-10-29 09:54:49,492 - PCN - INFO - Test[2102/10518] Taxonomy = 03211117 Sample = ab2f9418c111cc6ddb965514105122a4 Losses = ['29.0987', '2.1935', '19.8789', '1.1187'] Metrics = ['0.1736', '19.8789', '1.1187', '0.0000']
2025-10-29 09:55:24,039 - PCN - INFO - Test[3153/10518] Taxonomy = 02876657 Sample = c5032e4be091aabb36fe7a88df793982 Losses = ['55.8163', '9.5510', '38.9372', '5.2012'] Metrics = ['0.0534', '38.9372', '5.2012', '0.0000']
2025-10-29 09:55:59,278 - PCN - INFO - Test[4204/10518] Taxonomy = 03211117 Sample = 722df1da5778d45b1e43523279c7f09f Losses = ['50.4793', '6.6114', '35.8769', '4.0920'] Metrics = ['0.0692', '35.8769', '4.0920', '0.0000']
2025-10-29 09:56:36,377 - PCN - INFO - Test[5255/10518] Taxonomy = 02828884 Sample = 14b63361a48a9fffe4a048c146e8bd43 Losses = ['46.6635', '5.7638', '35.1976', '3.6702'] Metrics = ['0.0703', '35.1976', '3.6702', '0.0000']
2025-10-29 09:57:10,786 - PCN - INFO - Test[6306/10518] Taxonomy = 03211117 Sample = d330d50a0255529d19ed6e1a590c9122 Losses = ['31.5122', '2.9420', '21.3720', '1.4205'] Metrics = ['0.1704', '21.3720', '1.4205', '0.0000']
2025-10-29 09:57:43,841 - PCN - INFO - Test[7357/10518] Taxonomy = 04379243 Sample = b1ca280d9567270ade98d10ab5975b59 Losses = ['41.6523', '5.8113', '24.9976', '2.3663'] Metrics = ['0.1072', '24.9976', '2.3663', '0.0000']
2025-10-29 09:58:17,965 - PCN - INFO - Test[8408/10518] Taxonomy = 03001627 Sample = 89208a619341d9fdb8c516ed5c4ce32 Losses = ['49.9694', '6.6971', '32.5549', '2.9197'] Metrics = ['0.0530', '32.5549', '2.9197', '0.0000']
2025-10-29 09:58:53,070 - PCN - INFO - Test[9459/10518] Taxonomy = 03001627 Sample = d0255120e3351121c3bd24f986301745 Losses = ['50.7355', '7.0670', '34.2110', '3.5332'] Metrics = ['0.0609', '34.2110', '3.5332', '0.0000']
2025-10-29 09:59:28,810 - PCN - INFO - Test[10510/10518] Taxonomy = 03636649 Sample = ea9ec4d9db2e06202471e6dd5ac3ef92 Losses = ['26.5183', '2.3149', '18.1971', '1.1683'] Metrics = ['0.3464', '18.1971', '1.1683', '0.0000']
2025-10-29 09:59:29,148 - PCN - INFO - [Validation] EPOCH: 75  Metrics = ['0.1243', '29.7081', '3.1914', '0.0000']
2025-10-29 09:59:29,148 - PCN - INFO - ============================ TEST RESULTS ============================
2025-10-29 09:59:29,148 - PCN - INFO - Taxonomy	#Sample	F-Score	CDL1	CDL2	EMDistance	#ModelName	
2025-10-29 09:59:29,148 - PCN - INFO - 03759954	14	0.176 	32.352 	5.169 	0.000 	microphone	
2025-10-29 09:59:29,148 - PCN - INFO - 04330267	44	0.070 	32.742 	3.571 	0.000 	stove	
2025-10-29 09:59:29,148 - PCN - INFO - 03261776	15	0.097 	36.364 	5.970 	0.000 	earphone	
2025-10-29 09:59:29,148 - PCN - INFO - 03513137	33	0.044 	43.607 	6.790 	0.000 	helmet	
2025-10-29 09:59:29,148 - PCN - INFO - 04460130	27	0.144 	28.376 	2.754 	0.000 	tower	
2025-10-29 09:59:29,148 - PCN - INFO - 04468005	78	0.149 	24.185 	1.984 	0.000 	train	
2025-10-29 09:59:29,148 - PCN - INFO - 03761084	31	0.046 	33.382 	3.361 	0.000 	microwaves	
2025-10-29 09:59:29,148 - PCN - INFO - 04004475	34	0.043 	41.692 	5.852 	0.000 	printer	
2025-10-29 09:59:29,148 - PCN - INFO - 03938244	20	0.059 	36.327 	4.144 	0.000 	pillow	
2025-10-29 09:59:29,148 - PCN - INFO - 02992529	167	0.144 	20.880 	1.233 	0.000 	cellphone	
2025-10-29 09:59:29,148 - PCN - INFO - 02808440	172	0.073 	32.605 	3.638 	0.000 	bathtub	
2025-10-29 09:59:29,148 - PCN - INFO - 04530566	388	0.181 	23.471 	1.937 	0.000 	watercraft	
2025-10-29 09:59:29,148 - PCN - INFO - 02871439	91	0.074 	32.796 	3.604 	0.000 	bookshelf	
2025-10-29 09:59:29,148 - PCN - INFO - 03593526	120	0.070 	36.154 	4.558 	0.000 	jar	
2025-10-29 09:59:29,148 - PCN - INFO - 04554684	34	0.052 	34.797 	3.861 	0.000 	washer	
2025-10-29 09:59:29,148 - PCN - INFO - 03467517	160	0.465 	13.538 	0.624 	0.000 	guitar	
2025-10-29 09:59:29,148 - PCN - INFO - 04401088	218	0.145 	21.269 	1.375 	0.000 	telephone	
2025-10-29 09:59:29,148 - PCN - INFO - 02954340	12	0.054 	37.287 	4.501 	0.000 	cap	
2025-10-29 09:59:29,148 - PCN - INFO - 02933112	315	0.074 	28.908 	2.491 	0.000 	cabinet	
2025-10-29 09:59:29,148 - PCN - INFO - 03642806	92	0.130 	22.200 	1.491 	0.000 	laptop	
2025-10-29 09:59:29,148 - PCN - INFO - 02924116	188	0.125 	24.219 	1.801 	0.000 	bus	
2025-10-29 09:59:29,148 - PCN - INFO - 02946921	22	0.061 	32.420 	3.330 	0.000 	can	
2025-10-29 09:59:29,148 - PCN - INFO - 02818832	47	0.059 	38.800 	5.247 	0.000 	bed	
2025-10-29 09:59:29,148 - PCN - INFO - 04256520	635	0.065 	30.788 	2.814 	0.000 	sofa	
2025-10-29 09:59:29,148 - PCN - INFO - 04379243	1687	0.143 	26.579 	2.714 	0.000 	table	
2025-10-29 09:59:29,148 - PCN - INFO - 02747177	69	0.051 	33.461 	3.534 	0.000 	trash bin	
2025-10-29 09:59:29,148 - PCN - INFO - 03046257	131	0.085 	30.846 	3.219 	0.000 	clock	
2025-10-29 09:59:29,148 - PCN - INFO - 04225987	31	0.219 	20.550 	1.390 	0.000 	skateboard	
2025-10-29 09:59:29,148 - PCN - INFO - 03797390	43	0.047 	33.827 	3.683 	0.000 	mug	
2025-10-29 09:59:29,148 - PCN - INFO - 03001627	1356	0.102 	29.738 	3.009 	0.000 	chair	
2025-10-29 09:59:29,148 - PCN - INFO - 03691459	320	0.062 	34.908 	4.048 	0.000 	loudspeaker	
2025-10-29 09:59:29,148 - PCN - INFO - 02942699	23	0.044 	44.065 	6.764 	0.000 	camera	
2025-10-29 09:59:29,148 - PCN - INFO - 03636649	464	0.154 	33.756 	4.881 	0.000 	lamp	
2025-10-29 09:59:29,148 - PCN - INFO - 02691156	809	0.261 	19.528 	1.363 	0.000 	airplane	
2025-10-29 09:59:29,148 - PCN - INFO - 02773838	17	0.079 	34.504 	4.092 	0.000 	bag	
2025-10-29 09:59:29,149 - PCN - INFO - 02958343	703	0.084 	26.625 	2.054 	0.000 	car	
2025-10-29 09:59:29,149 - PCN - INFO - 02880940	38	0.051 	34.350 	3.848 	0.000 	bowl	
2025-10-29 09:59:29,149 - PCN - INFO - 04099429	17	0.299 	20.932 	2.034 	0.000 	rocket	
2025-10-29 09:59:29,149 - PCN - INFO - 02828884	363	0.157 	25.272 	2.293 	0.000 	bench	
2025-10-29 09:59:29,149 - PCN - INFO - 04090263	475	0.417 	15.558 	0.943 	0.000 	rifle	
2025-10-29 09:59:29,149 - PCN - INFO - 03211117	219	0.097 	27.522 	2.438 	0.000 	display	
2025-10-29 09:59:29,149 - PCN - INFO - 02876657	100	0.144 	24.460 	2.092 	0.000 	bottle	
2025-10-29 09:59:29,149 - PCN - INFO - 03710193	19	0.150 	27.387 	2.578 	0.000 	mailbox	
2025-10-29 09:59:29,149 - PCN - INFO - 03790512	68	0.111 	26.479 	2.252 	0.000 	motorbike	
2025-10-29 09:59:29,149 - PCN - INFO - 03325088	149	0.123 	34.345 	4.757 	0.000 	faucet	
2025-10-29 09:59:29,149 - PCN - INFO - 02801938	23	0.051 	34.831 	3.860 	0.000 	basket	
2025-10-29 09:59:29,149 - PCN - INFO - 03337140	60	0.071 	30.831 	3.046 	0.000 	file cabinet	
2025-10-29 09:59:29,149 - PCN - INFO - 02843684	15	0.055 	39.550 	5.067 	0.000 	birdhouse	
2025-10-29 09:59:29,149 - PCN - INFO - 03624134	85	0.453 	14.735 	0.816 	0.000 	knife	
2025-10-29 09:59:29,149 - PCN - INFO - 03991062	121	0.055 	39.051 	5.187 	0.000 	flowerpot	
2025-10-29 09:59:29,149 - PCN - INFO - 03948459	62	0.223 	20.133 	1.310 	0.000 	pistol	
2025-10-29 09:59:29,149 - PCN - INFO - 03928116	48	0.064 	35.017 	3.971 	0.000 	piano	
2025-10-29 09:59:29,149 - PCN - INFO - 03207941	19	0.054 	31.241 	2.886 	0.000 	dishwasher	
2025-10-29 09:59:29,149 - PCN - INFO - 04074963	14	0.139 	23.612 	1.641 	0.000 	remote	
2025-10-29 09:59:29,149 - PCN - INFO - 03085013	13	0.194 	21.100 	1.660 	0.000 	keyboard	
2025-10-29 09:59:29,149 - PCN - INFO - Overall		0.124 	29.708 	3.191 	0.000 	
2025-10-29 09:59:29,229 - PCN - INFO - Save checkpoint at ./experiments/PCN/ShapeNet55_models/PCN_fog/ckpt-best.pth
2025-10-29 09:59:29,305 - PCN - INFO - Save checkpoint at ./experiments/PCN/ShapeNet55_models/PCN_fog/ckpt-last.pth
2025-10-29 09:59:29,953 - PCN - INFO - [Epoch 76/150][Batch 1/1311] BatchTime = 0.648 (s) DataTime = 0.085 (s) Losses = ['4.9702', '2.6635'] lr = 0.0000500
2025-10-29 10:00:30,082 - PCN - INFO - [Epoch 76/150][Batch 101/1311] BatchTime = 0.589 (s) DataTime = 0.001 (s) Losses = ['4.9756', '2.4634'] lr = 0.0000500
2025-10-29 10:01:29,976 - PCN - INFO - [Epoch 76/150][Batch 201/1311] BatchTime = 0.627 (s) DataTime = 0.001 (s) Losses = ['5.4365', '2.7990'] lr = 0.0000500
2025-10-29 10:02:27,865 - PCN - INFO - [Epoch 76/150][Batch 301/1311] BatchTime = 0.472 (s) DataTime = 0.001 (s) Losses = ['6.2626', '3.2789'] lr = 0.0000500
2025-10-29 10:03:26,428 - PCN - INFO - [Epoch 76/150][Batch 401/1311] BatchTime = 0.689 (s) DataTime = 0.001 (s) Losses = ['5.4579', '2.8322'] lr = 0.0000500
2025-10-29 10:04:23,932 - PCN - INFO - [Epoch 76/150][Batch 501/1311] BatchTime = 0.601 (s) DataTime = 0.001 (s) Losses = ['5.2510', '2.7078'] lr = 0.0000500
2025-10-29 10:05:23,977 - PCN - INFO - [Epoch 76/150][Batch 601/1311] BatchTime = 0.667 (s) DataTime = 0.001 (s) Losses = ['7.6833', '4.4568'] lr = 0.0000500
2025-10-29 10:06:24,443 - PCN - INFO - [Epoch 76/150][Batch 701/1311] BatchTime = 0.751 (s) DataTime = 0.001 (s) Losses = ['4.8258', '2.3348'] lr = 0.0000500
2025-10-29 10:07:22,341 - PCN - INFO - [Epoch 76/150][Batch 801/1311] BatchTime = 0.411 (s) DataTime = 0.001 (s) Losses = ['4.7046', '2.5928'] lr = 0.0000500
2025-10-29 10:08:20,054 - PCN - INFO - [Epoch 76/150][Batch 901/1311] BatchTime = 0.488 (s) DataTime = 0.001 (s) Losses = ['5.5555', '2.8583'] lr = 0.0000500
2025-10-29 10:09:19,837 - PCN - INFO - [Epoch 76/150][Batch 1001/1311] BatchTime = 0.924 (s) DataTime = 0.001 (s) Losses = ['5.9933', '3.1593'] lr = 0.0000500
2025-10-29 10:10:19,940 - PCN - INFO - [Epoch 76/150][Batch 1101/1311] BatchTime = 0.740 (s) DataTime = 0.001 (s) Losses = ['6.0969', '3.0851'] lr = 0.0000500
2025-10-29 10:11:21,883 - PCN - INFO - [Epoch 76/150][Batch 1201/1311] BatchTime = 0.871 (s) DataTime = 0.001 (s) Losses = ['5.4531', '2.6179'] lr = 0.0000500
2025-10-29 10:12:21,745 - PCN - INFO - [Epoch 76/150][Batch 1301/1311] BatchTime = 0.677 (s) DataTime = 0.001 (s) Losses = ['3.9894', '2.0029'] lr = 0.0000500
2025-10-29 10:12:27,955 - PCN - INFO - [Training] EPOCH: 76 EpochTime = 778.649 (s) Losses = ['5.4141', '2.7907']
2025-10-29 10:12:28,032 - PCN - INFO - Save checkpoint at ./experiments/PCN/ShapeNet55_models/PCN_fog/ckpt-last.pth
2025-10-29 10:12:28,574 - PCN - INFO - [Epoch 77/150][Batch 1/1311] BatchTime = 0.542 (s) DataTime = 0.084 (s) Losses = ['6.6541', '3.5954'] lr = 0.0000500
2025-10-29 10:13:28,838 - PCN - INFO - [Epoch 77/150][Batch 101/1311] BatchTime = 0.811 (s) DataTime = 0.001 (s) Losses = ['5.4000', '2.7170'] lr = 0.0000500
2025-10-29 10:14:28,898 - PCN - INFO - [Epoch 77/150][Batch 201/1311] BatchTime = 0.455 (s) DataTime = 0.001 (s) Losses = ['5.6930', '3.0248'] lr = 0.0000500
2025-10-29 10:15:25,627 - PCN - INFO - [Epoch 77/150][Batch 301/1311] BatchTime = 0.513 (s) DataTime = 0.001 (s) Losses = ['4.8455', '2.6308'] lr = 0.0000500
2025-10-29 10:16:26,543 - PCN - INFO - [Epoch 77/150][Batch 401/1311] BatchTime = 0.621 (s) DataTime = 0.001 (s) Losses = ['5.4896', '2.9037'] lr = 0.0000500
2025-10-29 10:17:27,883 - PCN - INFO - [Epoch 77/150][Batch 501/1311] BatchTime = 0.488 (s) DataTime = 0.001 (s) Losses = ['5.7756', '3.0934'] lr = 0.0000500
2025-10-29 10:18:24,499 - PCN - INFO - [Epoch 77/150][Batch 601/1311] BatchTime = 0.476 (s) DataTime = 0.001 (s) Losses = ['4.5995', '2.5435'] lr = 0.0000500
2025-10-29 10:19:25,350 - PCN - INFO - [Epoch 77/150][Batch 701/1311] BatchTime = 0.623 (s) DataTime = 0.001 (s) Losses = ['5.5869', '2.8554'] lr = 0.0000500
2025-10-29 10:20:25,860 - PCN - INFO - [Epoch 77/150][Batch 801/1311] BatchTime = 0.519 (s) DataTime = 0.001 (s) Losses = ['5.2824', '2.6830'] lr = 0.0000500
2025-10-29 10:21:27,880 - PCN - INFO - [Epoch 77/150][Batch 901/1311] BatchTime = 0.660 (s) DataTime = 0.001 (s) Losses = ['4.5662', '2.2806'] lr = 0.0000500
2025-10-29 10:22:25,434 - PCN - INFO - [Epoch 77/150][Batch 1001/1311] BatchTime = 0.800 (s) DataTime = 0.001 (s) Losses = ['4.8397', '2.5198'] lr = 0.0000500
2025-10-29 10:23:22,405 - PCN - INFO - [Epoch 77/150][Batch 1101/1311] BatchTime = 0.544 (s) DataTime = 0.001 (s) Losses = ['7.0364', '3.4836'] lr = 0.0000500
2025-10-29 10:24:22,451 - PCN - INFO - [Epoch 77/150][Batch 1201/1311] BatchTime = 0.564 (s) DataTime = 0.001 (s) Losses = ['6.4259', '3.3096'] lr = 0.0000500
2025-10-29 10:25:21,723 - PCN - INFO - [Epoch 77/150][Batch 1301/1311] BatchTime = 0.721 (s) DataTime = 0.001 (s) Losses = ['5.7585', '3.0834'] lr = 0.0000500
2025-10-29 10:25:27,683 - PCN - INFO - [Training] EPOCH: 77 EpochTime = 779.651 (s) Losses = ['5.4322', '2.8087']
2025-10-29 10:25:27,759 - PCN - INFO - Save checkpoint at ./experiments/PCN/ShapeNet55_models/PCN_fog/ckpt-last.pth
2025-10-29 10:25:28,294 - PCN - INFO - [Epoch 78/150][Batch 1/1311] BatchTime = 0.535 (s) DataTime = 0.082 (s) Losses = ['4.8855', '2.6144'] lr = 0.0000500
2025-10-29 10:26:26,114 - PCN - INFO - [Epoch 78/150][Batch 101/1311] BatchTime = 0.711 (s) DataTime = 0.001 (s) Losses = ['6.2137', '3.2331'] lr = 0.0000500
2025-10-29 10:27:28,863 - PCN - INFO - [Epoch 78/150][Batch 201/1311] BatchTime = 0.430 (s) DataTime = 0.001 (s) Losses = ['5.2327', '2.7932'] lr = 0.0000500
2025-10-29 10:28:26,480 - PCN - INFO - [Epoch 78/150][Batch 301/1311] BatchTime = 0.279 (s) DataTime = 0.001 (s) Losses = ['4.6217', '2.5317'] lr = 0.0000500
2025-10-29 10:29:25,386 - PCN - INFO - [Epoch 78/150][Batch 401/1311] BatchTime = 0.841 (s) DataTime = 0.001 (s) Losses = ['5.7097', '2.9047'] lr = 0.0000500
2025-10-29 10:30:25,843 - PCN - INFO - [Epoch 78/150][Batch 501/1311] BatchTime = 0.360 (s) DataTime = 0.001 (s) Losses = ['7.0939', '3.7043'] lr = 0.0000500
2025-10-29 10:31:24,605 - PCN - INFO - [Epoch 78/150][Batch 601/1311] BatchTime = 0.337 (s) DataTime = 0.001 (s) Losses = ['6.8860', '3.3115'] lr = 0.0000500
2025-10-29 10:32:25,607 - PCN - INFO - [Epoch 78/150][Batch 701/1311] BatchTime = 0.499 (s) DataTime = 0.001 (s) Losses = ['5.1290', '2.6831'] lr = 0.0000500
2025-10-29 10:33:23,597 - PCN - INFO - [Epoch 78/150][Batch 801/1311] BatchTime = 0.461 (s) DataTime = 0.001 (s) Losses = ['4.9954', '2.5379'] lr = 0.0000500
2025-10-29 10:34:22,894 - PCN - INFO - [Epoch 78/150][Batch 901/1311] BatchTime = 0.721 (s) DataTime = 0.001 (s) Losses = ['5.3335', '2.7298'] lr = 0.0000500
2025-10-29 10:35:20,904 - PCN - INFO - [Epoch 78/150][Batch 1001/1311] BatchTime = 0.603 (s) DataTime = 0.001 (s) Losses = ['6.0612', '3.1728'] lr = 0.0000500
2025-10-29 10:36:20,087 - PCN - INFO - [Epoch 78/150][Batch 1101/1311] BatchTime = 0.355 (s) DataTime = 0.001 (s) Losses = ['6.7138', '3.3886'] lr = 0.0000500
2025-10-29 10:37:18,639 - PCN - INFO - [Epoch 78/150][Batch 1201/1311] BatchTime = 0.499 (s) DataTime = 0.001 (s) Losses = ['5.8752', '3.0784'] lr = 0.0000500
2025-10-29 10:38:15,634 - PCN - INFO - [Epoch 78/150][Batch 1301/1311] BatchTime = 0.368 (s) DataTime = 0.001 (s) Losses = ['6.8715', '3.7951'] lr = 0.0000500
2025-10-29 10:38:21,915 - PCN - INFO - [Training] EPOCH: 78 EpochTime = 774.155 (s) Losses = ['5.4155', '2.7955']
2025-10-29 10:38:21,986 - PCN - INFO - Save checkpoint at ./experiments/PCN/ShapeNet55_models/PCN_fog/ckpt-last.pth
2025-10-29 10:38:22,732 - PCN - INFO - [Epoch 79/150][Batch 1/1311] BatchTime = 0.746 (s) DataTime = 0.083 (s) Losses = ['5.3109', '2.9763'] lr = 0.0000500
2025-10-29 10:39:19,542 - PCN - INFO - [Epoch 79/150][Batch 101/1311] BatchTime = 0.455 (s) DataTime = 0.001 (s) Losses = ['6.1559', '3.0043'] lr = 0.0000500
2025-10-29 10:40:21,351 - PCN - INFO - [Epoch 79/150][Batch 201/1311] BatchTime = 0.520 (s) DataTime = 0.001 (s) Losses = ['6.4151', '3.4266'] lr = 0.0000500
2025-10-29 10:41:19,571 - PCN - INFO - [Epoch 79/150][Batch 301/1311] BatchTime = 0.587 (s) DataTime = 0.001 (s) Losses = ['8.3957', '4.5403'] lr = 0.0000500
2025-10-29 10:42:18,447 - PCN - INFO - [Epoch 79/150][Batch 401/1311] BatchTime = 0.272 (s) DataTime = 0.001 (s) Losses = ['5.8671', '3.0869'] lr = 0.0000500
2025-10-29 10:43:17,101 - PCN - INFO - [Epoch 79/150][Batch 501/1311] BatchTime = 0.760 (s) DataTime = 0.001 (s) Losses = ['4.9943', '2.5221'] lr = 0.0000500
2025-10-29 10:44:15,583 - PCN - INFO - [Epoch 79/150][Batch 601/1311] BatchTime = 0.784 (s) DataTime = 0.001 (s) Losses = ['4.7971', '2.3958'] lr = 0.0000500
2025-10-29 10:45:19,053 - PCN - INFO - [Epoch 79/150][Batch 701/1311] BatchTime = 0.613 (s) DataTime = 0.001 (s) Losses = ['5.0472', '2.5908'] lr = 0.0000500
2025-10-29 10:46:19,610 - PCN - INFO - [Epoch 79/150][Batch 801/1311] BatchTime = 0.448 (s) DataTime = 0.001 (s) Losses = ['5.1845', '2.6060'] lr = 0.0000500
2025-10-29 10:47:19,057 - PCN - INFO - [Epoch 79/150][Batch 901/1311] BatchTime = 0.660 (s) DataTime = 0.001 (s) Losses = ['4.2629', '2.1718'] lr = 0.0000500
2025-10-29 10:48:18,256 - PCN - INFO - [Epoch 79/150][Batch 1001/1311] BatchTime = 0.714 (s) DataTime = 0.001 (s) Losses = ['5.1991', '2.4717'] lr = 0.0000500
2025-10-29 10:49:17,635 - PCN - INFO - [Epoch 79/150][Batch 1101/1311] BatchTime = 0.931 (s) DataTime = 0.001 (s) Losses = ['4.0666', '2.0284'] lr = 0.0000500
2025-10-29 10:50:16,662 - PCN - INFO - [Epoch 79/150][Batch 1201/1311] BatchTime = 0.741 (s) DataTime = 0.001 (s) Losses = ['5.8081', '3.0750'] lr = 0.0000500
2025-10-29 10:51:16,967 - PCN - INFO - [Epoch 79/150][Batch 1301/1311] BatchTime = 0.679 (s) DataTime = 0.001 (s) Losses = ['6.0472', '2.9466'] lr = 0.0000500
2025-10-29 10:51:23,345 - PCN - INFO - [Training] EPOCH: 79 EpochTime = 781.359 (s) Losses = ['5.4082', '2.7912']
2025-10-29 10:51:23,425 - PCN - INFO - Save checkpoint at ./experiments/PCN/ShapeNet55_models/PCN_fog/ckpt-last.pth
2025-10-29 10:51:24,060 - PCN - INFO - [Epoch 80/150][Batch 1/1311] BatchTime = 0.634 (s) DataTime = 0.082 (s) Losses = ['4.9178', '2.4690'] lr = 0.0000500
2025-10-29 10:52:22,443 - PCN - INFO - [Epoch 80/150][Batch 101/1311] BatchTime = 0.342 (s) DataTime = 0.001 (s) Losses = ['3.9579', '2.0900'] lr = 0.0000500
2025-10-29 10:53:23,547 - PCN - INFO - [Epoch 80/150][Batch 201/1311] BatchTime = 0.620 (s) DataTime = 0.001 (s) Losses = ['5.8404', '2.7098'] lr = 0.0000500
2025-10-29 10:54:21,676 - PCN - INFO - [Epoch 80/150][Batch 301/1311] BatchTime = 0.340 (s) DataTime = 0.001 (s) Losses = ['7.0530', '3.6235'] lr = 0.0000500
2025-10-29 10:55:22,215 - PCN - INFO - [Epoch 80/150][Batch 401/1311] BatchTime = 1.006 (s) DataTime = 0.001 (s) Losses = ['5.2657', '2.8479'] lr = 0.0000500
2025-10-29 10:56:21,842 - PCN - INFO - [Epoch 80/150][Batch 501/1311] BatchTime = 0.495 (s) DataTime = 0.001 (s) Losses = ['4.9070', '2.4644'] lr = 0.0000500
2025-10-29 10:57:17,953 - PCN - INFO - [Epoch 80/150][Batch 601/1311] BatchTime = 0.368 (s) DataTime = 0.001 (s) Losses = ['5.6875', '2.9619'] lr = 0.0000500
2025-10-29 10:58:18,881 - PCN - INFO - [Epoch 80/150][Batch 701/1311] BatchTime = 0.855 (s) DataTime = 0.001 (s) Losses = ['5.5784', '2.8658'] lr = 0.0000500
2025-10-29 10:59:16,364 - PCN - INFO - [Epoch 80/150][Batch 801/1311] BatchTime = 0.723 (s) DataTime = 0.001 (s) Losses = ['5.9749', '3.0922'] lr = 0.0000500
2025-10-29 11:00:17,676 - PCN - INFO - [Epoch 80/150][Batch 901/1311] BatchTime = 0.649 (s) DataTime = 0.001 (s) Losses = ['7.1750', '3.7922'] lr = 0.0000500
2025-10-29 11:01:16,694 - PCN - INFO - [Epoch 80/150][Batch 1001/1311] BatchTime = 0.989 (s) DataTime = 0.001 (s) Losses = ['6.0489', '2.8470'] lr = 0.0000500
2025-10-29 11:02:15,640 - PCN - INFO - [Epoch 80/150][Batch 1101/1311] BatchTime = 1.055 (s) DataTime = 0.001 (s) Losses = ['5.4071', '2.8639'] lr = 0.0000500
2025-10-29 11:03:15,061 - PCN - INFO - [Epoch 80/150][Batch 1201/1311] BatchTime = 0.557 (s) DataTime = 0.001 (s) Losses = ['5.8530', '2.9277'] lr = 0.0000500
2025-10-29 11:04:15,213 - PCN - INFO - [Epoch 80/150][Batch 1301/1311] BatchTime = 0.690 (s) DataTime = 0.001 (s) Losses = ['5.3489', '2.7864'] lr = 0.0000500
2025-10-29 11:04:20,685 - PCN - INFO - [Training] EPOCH: 80 EpochTime = 777.259 (s) Losses = ['5.3732', '2.7631']
2025-10-29 11:04:20,685 - PCN - INFO - [VALIDATION] Start validating epoch 80
2025-10-29 11:04:59,133 - PCN - INFO - Test[1051/10518] Taxonomy = 02691156 Sample = c7749c0a8b61f43bc9b9e28055202e3d Losses = ['35.6627', '3.5943', '24.6865', '2.0460'] Metrics = ['0.1726', '24.6865', '2.0460', '0.0000']
2025-10-29 11:05:34,333 - PCN - INFO - Test[2102/10518] Taxonomy = 03211117 Sample = ab2f9418c111cc6ddb965514105122a4 Losses = ['36.2552', '3.0975', '26.4443', '1.8382'] Metrics = ['0.0848', '26.4443', '1.8382', '0.0000']
2025-10-29 11:06:08,657 - PCN - INFO - Test[3153/10518] Taxonomy = 02876657 Sample = c5032e4be091aabb36fe7a88df793982 Losses = ['58.7237', '9.9868', '41.7062', '5.5360'] Metrics = ['0.0427', '41.7062', '5.5360', '0.0000']
2025-10-29 11:06:44,723 - PCN - INFO - Test[4204/10518] Taxonomy = 03211117 Sample = 722df1da5778d45b1e43523279c7f09f Losses = ['51.1842', '6.9049', '37.7366', '4.5064'] Metrics = ['0.0632', '37.7366', '4.5064', '0.0000']
2025-10-29 11:07:20,621 - PCN - INFO - Test[5255/10518] Taxonomy = 02828884 Sample = 14b63361a48a9fffe4a048c146e8bd43 Losses = ['44.8926', '5.2611', '34.2069', '3.2040'] Metrics = ['0.0671', '34.2069', '3.2040', '0.0000']
2025-10-29 11:07:55,239 - PCN - INFO - Test[6306/10518] Taxonomy = 03211117 Sample = d330d50a0255529d19ed6e1a590c9122 Losses = ['33.9191', '3.7486', '23.6140', '1.9641'] Metrics = ['0.1548', '23.6140', '1.9641', '0.0000']
2025-10-29 11:08:28,881 - PCN - INFO - Test[7357/10518] Taxonomy = 04379243 Sample = b1ca280d9567270ade98d10ab5975b59 Losses = ['47.7835', '7.8299', '26.6890', '2.9512'] Metrics = ['0.1051', '26.6890', '2.9512', '0.0000']
2025-10-29 11:09:03,766 - PCN - INFO - Test[8408/10518] Taxonomy = 03001627 Sample = 89208a619341d9fdb8c516ed5c4ce32 Losses = ['46.8328', '5.8894', '28.5159', '2.3229'] Metrics = ['0.0668', '28.5159', '2.3229', '0.0000']
2025-10-29 11:09:39,333 - PCN - INFO - Test[9459/10518] Taxonomy = 03001627 Sample = d0255120e3351121c3bd24f986301745 Losses = ['52.8036', '7.6979', '36.0984', '3.9451'] Metrics = ['0.0558', '36.0984', '3.9451', '0.0000']
2025-10-29 11:10:12,562 - PCN - INFO - Test[10510/10518] Taxonomy = 03636649 Sample = ea9ec4d9db2e06202471e6dd5ac3ef92 Losses = ['23.3273', '1.8037', '17.1711', '1.1088'] Metrics = ['0.3784', '17.1711', '1.1088', '0.0000']
2025-10-29 11:10:12,895 - PCN - INFO - [Validation] EPOCH: 80  Metrics = ['0.1262', '29.8704', '3.1842', '0.0000']
2025-10-29 11:10:12,895 - PCN - INFO - ============================ TEST RESULTS ============================
2025-10-29 11:10:12,895 - PCN - INFO - Taxonomy	#Sample	F-Score	CDL1	CDL2	EMDistance	#ModelName	
2025-10-29 11:10:12,895 - PCN - INFO - 03759954	14	0.190 	32.751 	5.052 	0.000 	microphone	
2025-10-29 11:10:12,895 - PCN - INFO - 04330267	44	0.070 	32.994 	3.466 	0.000 	stove	
2025-10-29 11:10:12,895 - PCN - INFO - 03261776	15	0.092 	35.576 	4.672 	0.000 	earphone	
2025-10-29 11:10:12,895 - PCN - INFO - 03513137	33	0.035 	47.909 	7.666 	0.000 	helmet	
2025-10-29 11:10:12,895 - PCN - INFO - 04460130	27	0.159 	26.798 	2.488 	0.000 	tower	
2025-10-29 11:10:12,895 - PCN - INFO - 04468005	78	0.145 	23.808 	1.792 	0.000 	train	
2025-10-29 11:10:12,895 - PCN - INFO - 03761084	31	0.038 	34.920 	3.626 	0.000 	microwaves	
2025-10-29 11:10:12,895 - PCN - INFO - 04004475	34	0.047 	39.818 	5.185 	0.000 	printer	
2025-10-29 11:10:12,895 - PCN - INFO - 03938244	20	0.053 	37.580 	4.379 	0.000 	pillow	
2025-10-29 11:10:12,895 - PCN - INFO - 02992529	167	0.142 	21.311 	1.274 	0.000 	cellphone	
2025-10-29 11:10:12,895 - PCN - INFO - 02808440	172	0.071 	32.459 	3.451 	0.000 	bathtub	
2025-10-29 11:10:12,895 - PCN - INFO - 04530566	388	0.185 	23.128 	1.848 	0.000 	watercraft	
2025-10-29 11:10:12,895 - PCN - INFO - 02871439	91	0.078 	32.277 	3.537 	0.000 	bookshelf	
2025-10-29 11:10:12,895 - PCN - INFO - 03593526	120	0.070 	36.195 	4.569 	0.000 	jar	
2025-10-29 11:10:12,895 - PCN - INFO - 04554684	34	0.035 	37.739 	4.211 	0.000 	washer	
2025-10-29 11:10:12,895 - PCN - INFO - 03467517	160	0.497 	12.904 	0.571 	0.000 	guitar	
2025-10-29 11:10:12,895 - PCN - INFO - 04401088	218	0.146 	21.005 	1.297 	0.000 	telephone	
2025-10-29 11:10:12,895 - PCN - INFO - 02954340	12	0.054 	36.144 	4.221 	0.000 	cap	
2025-10-29 11:10:12,895 - PCN - INFO - 02933112	315	0.069 	29.528 	2.595 	0.000 	cabinet	
2025-10-29 11:10:12,895 - PCN - INFO - 03642806	92	0.133 	21.516 	1.355 	0.000 	laptop	
2025-10-29 11:10:12,895 - PCN - INFO - 02924116	188	0.129 	23.703 	1.717 	0.000 	bus	
2025-10-29 11:10:12,895 - PCN - INFO - 02946921	22	0.043 	35.926 	3.984 	0.000 	can	
2025-10-29 11:10:12,895 - PCN - INFO - 02818832	47	0.064 	36.980 	4.711 	0.000 	bed	
2025-10-29 11:10:12,895 - PCN - INFO - 04256520	635	0.065 	30.449 	2.718 	0.000 	sofa	
2025-10-29 11:10:12,895 - PCN - INFO - 04379243	1687	0.144 	26.310 	2.596 	0.000 	table	
2025-10-29 11:10:12,896 - PCN - INFO - 02747177	69	0.050 	33.966 	3.636 	0.000 	trash bin	
2025-10-29 11:10:12,896 - PCN - INFO - 03046257	131	0.081 	32.281 	3.597 	0.000 	clock	
2025-10-29 11:10:12,896 - PCN - INFO - 04225987	31	0.223 	21.212 	1.613 	0.000 	skateboard	
2025-10-29 11:10:12,896 - PCN - INFO - 03797390	43	0.043 	34.668 	3.892 	0.000 	mug	
2025-10-29 11:10:12,896 - PCN - INFO - 03001627	1356	0.103 	29.378 	2.880 	0.000 	chair	
2025-10-29 11:10:12,896 - PCN - INFO - 03691459	320	0.057 	35.475 	4.077 	0.000 	loudspeaker	
2025-10-29 11:10:12,896 - PCN - INFO - 02942699	23	0.047 	44.361 	6.762 	0.000 	camera	
2025-10-29 11:10:12,896 - PCN - INFO - 03636649	464	0.160 	33.069 	4.669 	0.000 	lamp	
2025-10-29 11:10:12,896 - PCN - INFO - 02691156	809	0.263 	19.425 	1.338 	0.000 	airplane	
2025-10-29 11:10:12,896 - PCN - INFO - 02773838	17	0.076 	35.280 	4.202 	0.000 	bag	
2025-10-29 11:10:12,896 - PCN - INFO - 02958343	703	0.085 	26.552 	2.042 	0.000 	car	
2025-10-29 11:10:12,896 - PCN - INFO - 02880940	38	0.050 	35.728 	4.448 	0.000 	bowl	
2025-10-29 11:10:12,896 - PCN - INFO - 04099429	17	0.331 	18.949 	1.388 	0.000 	rocket	
2025-10-29 11:10:12,896 - PCN - INFO - 02828884	363	0.170 	24.309 	2.161 	0.000 	bench	
2025-10-29 11:10:12,896 - PCN - INFO - 04090263	475	0.424 	15.206 	0.875 	0.000 	rifle	
2025-10-29 11:10:12,896 - PCN - INFO - 03211117	219	0.095 	28.080 	2.571 	0.000 	display	
2025-10-29 11:10:12,896 - PCN - INFO - 02876657	100	0.145 	25.172 	2.246 	0.000 	bottle	
2025-10-29 11:10:12,896 - PCN - INFO - 03710193	19	0.148 	28.327 	2.732 	0.000 	mailbox	
2025-10-29 11:10:12,896 - PCN - INFO - 03790512	68	0.111 	26.420 	2.232 	0.000 	motorbike	
2025-10-29 11:10:12,896 - PCN - INFO - 03325088	149	0.124 	34.112 	4.662 	0.000 	faucet	
2025-10-29 11:10:12,896 - PCN - INFO - 02801938	23	0.048 	36.248 	4.348 	0.000 	basket	
2025-10-29 11:10:12,896 - PCN - INFO - 03337140	60	0.069 	31.436 	3.103 	0.000 	file cabinet	
2025-10-29 11:10:12,896 - PCN - INFO - 02843684	15	0.052 	39.165 	4.990 	0.000 	birdhouse	
2025-10-29 11:10:12,896 - PCN - INFO - 03624134	85	0.473 	13.792 	0.691 	0.000 	knife	
2025-10-29 11:10:12,896 - PCN - INFO - 03991062	121	0.055 	39.311 	5.315 	0.000 	flowerpot	
2025-10-29 11:10:12,896 - PCN - INFO - 03948459	62	0.222 	20.169 	1.328 	0.000 	pistol	
2025-10-29 11:10:12,896 - PCN - INFO - 03928116	48	0.063 	34.414 	3.825 	0.000 	piano	
2025-10-29 11:10:12,896 - PCN - INFO - 03207941	19	0.045 	35.091 	3.782 	0.000 	dishwasher	
2025-10-29 11:10:12,896 - PCN - INFO - 04074963	14	0.147 	23.154 	1.623 	0.000 	remote	
2025-10-29 11:10:12,896 - PCN - INFO - 03085013	13	0.228 	18.397 	1.121 	0.000 	keyboard	
2025-10-29 11:10:12,896 - PCN - INFO - Overall		0.126 	29.870 	3.184 	0.000 	
2025-10-29 11:10:12,975 - PCN - INFO - Save checkpoint at ./experiments/PCN/ShapeNet55_models/PCN_fog/ckpt-best.pth
2025-10-29 11:10:13,052 - PCN - INFO - Save checkpoint at ./experiments/PCN/ShapeNet55_models/PCN_fog/ckpt-last.pth
2025-10-29 11:10:13,577 - PCN - INFO - [Epoch 81/150][Batch 1/1311] BatchTime = 0.525 (s) DataTime = 0.083 (s) Losses = ['4.0726', '2.0440'] lr = 0.0000500
2025-10-29 11:11:10,985 - PCN - INFO - [Epoch 81/150][Batch 101/1311] BatchTime = 0.689 (s) DataTime = 0.001 (s) Losses = ['5.0592', '2.5952'] lr = 0.0000500
2025-10-29 11:12:10,352 - PCN - INFO - [Epoch 81/150][Batch 201/1311] BatchTime = 0.278 (s) DataTime = 0.001 (s) Losses = ['5.3725', '2.9491'] lr = 0.0000500
2025-10-29 11:13:12,822 - PCN - INFO - [Epoch 81/150][Batch 301/1311] BatchTime = 0.449 (s) DataTime = 0.001 (s) Losses = ['5.8989', '3.0174'] lr = 0.0000500
2025-10-29 11:14:13,140 - PCN - INFO - [Epoch 81/150][Batch 401/1311] BatchTime = 0.449 (s) DataTime = 0.001 (s) Losses = ['6.5908', '3.4411'] lr = 0.0000500
2025-10-29 11:15:12,076 - PCN - INFO - [Epoch 81/150][Batch 501/1311] BatchTime = 0.686 (s) DataTime = 0.001 (s) Losses = ['5.8570', '3.2909'] lr = 0.0000500
2025-10-29 11:16:13,947 - PCN - INFO - [Epoch 81/150][Batch 601/1311] BatchTime = 0.370 (s) DataTime = 0.001 (s) Losses = ['5.1037', '2.4712'] lr = 0.0000500
2025-10-29 11:17:13,177 - PCN - INFO - [Epoch 81/150][Batch 701/1311] BatchTime = 0.376 (s) DataTime = 0.001 (s) Losses = ['5.3184', '2.5991'] lr = 0.0000500
2025-10-29 11:18:09,158 - PCN - INFO - [Epoch 81/150][Batch 801/1311] BatchTime = 0.435 (s) DataTime = 0.001 (s) Losses = ['4.0544', '2.1329'] lr = 0.0000500
2025-10-29 11:19:11,487 - PCN - INFO - [Epoch 81/150][Batch 901/1311] BatchTime = 0.525 (s) DataTime = 0.001 (s) Losses = ['6.0593', '3.1867'] lr = 0.0000500
2025-10-29 11:20:12,012 - PCN - INFO - [Epoch 81/150][Batch 1001/1311] BatchTime = 0.720 (s) DataTime = 0.001 (s) Losses = ['4.4702', '2.3911'] lr = 0.0000500
2025-10-29 11:21:11,335 - PCN - INFO - [Epoch 81/150][Batch 1101/1311] BatchTime = 0.773 (s) DataTime = 0.001 (s) Losses = ['5.4679', '2.8110'] lr = 0.0000500
2025-10-29 11:22:11,144 - PCN - INFO - [Epoch 81/150][Batch 1201/1311] BatchTime = 0.614 (s) DataTime = 0.001 (s) Losses = ['4.7779', '2.3851'] lr = 0.0000500
2025-10-29 11:23:13,606 - PCN - INFO - [Epoch 81/150][Batch 1301/1311] BatchTime = 0.825 (s) DataTime = 0.001 (s) Losses = ['5.4484', '3.0591'] lr = 0.0000500
2025-10-29 11:23:20,343 - PCN - INFO - [Training] EPOCH: 81 EpochTime = 787.291 (s) Losses = ['5.3801', '2.7748']
2025-10-29 11:23:20,421 - PCN - INFO - Save checkpoint at ./experiments/PCN/ShapeNet55_models/PCN_fog/ckpt-last.pth
2025-10-29 11:23:21,101 - PCN - INFO - [Epoch 82/150][Batch 1/1311] BatchTime = 0.680 (s) DataTime = 0.085 (s) Losses = ['5.7948', '2.9034'] lr = 0.0000500
2025-10-29 11:24:19,884 - PCN - INFO - [Epoch 82/150][Batch 101/1311] BatchTime = 0.489 (s) DataTime = 0.001 (s) Losses = ['4.3981', '2.2061'] lr = 0.0000500
2025-10-29 11:25:19,419 - PCN - INFO - [Epoch 82/150][Batch 201/1311] BatchTime = 0.606 (s) DataTime = 0.001 (s) Losses = ['5.2863', '2.8876'] lr = 0.0000500
2025-10-29 11:26:18,653 - PCN - INFO - [Epoch 82/150][Batch 301/1311] BatchTime = 0.627 (s) DataTime = 0.001 (s) Losses = ['5.3689', '2.7748'] lr = 0.0000500
2025-10-29 11:27:18,330 - PCN - INFO - [Epoch 82/150][Batch 401/1311] BatchTime = 0.693 (s) DataTime = 0.001 (s) Losses = ['5.5428', '2.9900'] lr = 0.0000500
2025-10-29 11:28:19,421 - PCN - INFO - [Epoch 82/150][Batch 501/1311] BatchTime = 0.588 (s) DataTime = 0.001 (s) Losses = ['6.2820', '3.1475'] lr = 0.0000500
2025-10-29 11:29:18,052 - PCN - INFO - [Epoch 82/150][Batch 601/1311] BatchTime = 0.620 (s) DataTime = 0.001 (s) Losses = ['5.4979', '2.8758'] lr = 0.0000500
2025-10-29 11:30:16,823 - PCN - INFO - [Epoch 82/150][Batch 701/1311] BatchTime = 0.474 (s) DataTime = 0.001 (s) Losses = ['6.2320', '3.4402'] lr = 0.0000500
2025-10-29 11:31:14,931 - PCN - INFO - [Epoch 82/150][Batch 801/1311] BatchTime = 0.581 (s) DataTime = 0.001 (s) Losses = ['5.0556', '2.7940'] lr = 0.0000500
2025-10-29 11:32:13,206 - PCN - INFO - [Epoch 82/150][Batch 901/1311] BatchTime = 0.480 (s) DataTime = 0.001 (s) Losses = ['5.6801', '2.8211'] lr = 0.0000500
2025-10-29 11:33:15,860 - PCN - INFO - [Epoch 82/150][Batch 1001/1311] BatchTime = 0.662 (s) DataTime = 0.001 (s) Losses = ['5.1655', '2.6460'] lr = 0.0000500
2025-10-29 11:34:13,882 - PCN - INFO - [Epoch 82/150][Batch 1101/1311] BatchTime = 0.558 (s) DataTime = 0.001 (s) Losses = ['6.2573', '3.1588'] lr = 0.0000500
2025-10-29 11:35:11,456 - PCN - INFO - [Epoch 82/150][Batch 1201/1311] BatchTime = 0.367 (s) DataTime = 0.001 (s) Losses = ['5.8144', '3.0190'] lr = 0.0000500
2025-10-29 11:36:10,513 - PCN - INFO - [Epoch 82/150][Batch 1301/1311] BatchTime = 0.568 (s) DataTime = 0.001 (s) Losses = ['6.9749', '4.3501'] lr = 0.0000500
2025-10-29 11:36:16,361 - PCN - INFO - [Training] EPOCH: 82 EpochTime = 775.940 (s) Losses = ['5.3708', '2.7684']
2025-10-29 11:36:16,440 - PCN - INFO - Save checkpoint at ./experiments/PCN/ShapeNet55_models/PCN_fog/ckpt-last.pth
2025-10-29 11:36:16,907 - PCN - INFO - [Epoch 83/150][Batch 1/1311] BatchTime = 0.467 (s) DataTime = 0.082 (s) Losses = ['6.1374', '3.1357'] lr = 0.0000500
2025-10-29 11:37:18,291 - PCN - INFO - [Epoch 83/150][Batch 101/1311] BatchTime = 0.631 (s) DataTime = 0.001 (s) Losses = ['5.4504', '2.7428'] lr = 0.0000500
2025-10-29 11:38:19,106 - PCN - INFO - [Epoch 83/150][Batch 201/1311] BatchTime = 0.751 (s) DataTime = 0.001 (s) Losses = ['4.1554', '2.2364'] lr = 0.0000500
2025-10-29 11:39:14,331 - PCN - INFO - [Epoch 83/150][Batch 301/1311] BatchTime = 0.706 (s) DataTime = 0.001 (s) Losses = ['4.6482', '2.1843'] lr = 0.0000500
2025-10-29 11:40:13,845 - PCN - INFO - [Epoch 83/150][Batch 401/1311] BatchTime = 0.833 (s) DataTime = 0.001 (s) Losses = ['5.4089', '2.6130'] lr = 0.0000500
2025-10-29 11:41:12,196 - PCN - INFO - [Epoch 83/150][Batch 501/1311] BatchTime = 0.457 (s) DataTime = 0.001 (s) Losses = ['5.3754', '2.6627'] lr = 0.0000500
2025-10-29 11:42:08,379 - PCN - INFO - [Epoch 83/150][Batch 601/1311] BatchTime = 0.448 (s) DataTime = 0.001 (s) Losses = ['5.1363', '2.5081'] lr = 0.0000500
2025-10-29 11:43:08,812 - PCN - INFO - [Epoch 83/150][Batch 701/1311] BatchTime = 0.590 (s) DataTime = 0.001 (s) Losses = ['5.3825', '2.8355'] lr = 0.0000500
2025-10-29 11:44:09,702 - PCN - INFO - [Epoch 83/150][Batch 801/1311] BatchTime = 0.539 (s) DataTime = 0.001 (s) Losses = ['5.2226', '2.7158'] lr = 0.0000500
2025-10-29 11:45:10,236 - PCN - INFO - [Epoch 83/150][Batch 901/1311] BatchTime = 0.817 (s) DataTime = 0.001 (s) Losses = ['6.2190', '3.3786'] lr = 0.0000500
2025-10-29 11:46:06,651 - PCN - INFO - [Epoch 83/150][Batch 1001/1311] BatchTime = 0.565 (s) DataTime = 0.001 (s) Losses = ['6.0470', '3.0252'] lr = 0.0000500
2025-10-29 11:47:05,248 - PCN - INFO - [Epoch 83/150][Batch 1101/1311] BatchTime = 0.698 (s) DataTime = 0.001 (s) Losses = ['4.3833', '2.2546'] lr = 0.0000500
2025-10-29 11:48:06,911 - PCN - INFO - [Epoch 83/150][Batch 1201/1311] BatchTime = 0.685 (s) DataTime = 0.001 (s) Losses = ['5.4031', '2.7408'] lr = 0.0000500
2025-10-29 11:49:06,831 - PCN - INFO - [Epoch 83/150][Batch 1301/1311] BatchTime = 0.701 (s) DataTime = 0.001 (s) Losses = ['5.4260', '2.7616'] lr = 0.0000500
2025-10-29 11:49:13,182 - PCN - INFO - [Training] EPOCH: 83 EpochTime = 776.741 (s) Losses = ['5.3586', '2.7500']
2025-10-29 11:49:13,260 - PCN - INFO - Save checkpoint at ./experiments/PCN/ShapeNet55_models/PCN_fog/ckpt-last.pth
2025-10-29 11:49:13,900 - PCN - INFO - [Epoch 84/150][Batch 1/1311] BatchTime = 0.640 (s) DataTime = 0.081 (s) Losses = ['5.6996', '2.9648'] lr = 0.0000500
2025-10-29 11:50:12,658 - PCN - INFO - [Epoch 84/150][Batch 101/1311] BatchTime = 0.365 (s) DataTime = 0.001 (s) Losses = ['5.7688', '2.7125'] lr = 0.0000500
2025-10-29 11:51:11,946 - PCN - INFO - [Epoch 84/150][Batch 201/1311] BatchTime = 0.596 (s) DataTime = 0.001 (s) Losses = ['5.4648', '2.7689'] lr = 0.0000500
2025-10-29 11:52:13,896 - PCN - INFO - [Epoch 84/150][Batch 301/1311] BatchTime = 0.830 (s) DataTime = 0.001 (s) Losses = ['4.4172', '2.3210'] lr = 0.0000500
2025-10-29 11:53:16,374 - PCN - INFO - [Epoch 84/150][Batch 401/1311] BatchTime = 0.857 (s) DataTime = 0.001 (s) Losses = ['5.0142', '2.4948'] lr = 0.0000500
2025-10-29 11:54:17,992 - PCN - INFO - [Epoch 84/150][Batch 501/1311] BatchTime = 0.722 (s) DataTime = 0.001 (s) Losses = ['5.8883', '2.8207'] lr = 0.0000500
2025-10-29 11:55:16,596 - PCN - INFO - [Epoch 84/150][Batch 601/1311] BatchTime = 0.484 (s) DataTime = 0.001 (s) Losses = ['5.3198', '2.8358'] lr = 0.0000500
2025-10-29 11:56:18,402 - PCN - INFO - [Epoch 84/150][Batch 701/1311] BatchTime = 0.744 (s) DataTime = 0.001 (s) Losses = ['4.8479', '2.6866'] lr = 0.0000500
2025-10-29 11:57:20,289 - PCN - INFO - [Epoch 84/150][Batch 801/1311] BatchTime = 0.748 (s) DataTime = 0.001 (s) Losses = ['4.8027', '2.5240'] lr = 0.0000500
2025-10-29 11:58:16,951 - PCN - INFO - [Epoch 84/150][Batch 901/1311] BatchTime = 1.037 (s) DataTime = 0.001 (s) Losses = ['5.3034', '2.6157'] lr = 0.0000500
2025-10-29 11:59:16,976 - PCN - INFO - [Epoch 84/150][Batch 1001/1311] BatchTime = 0.664 (s) DataTime = 0.001 (s) Losses = ['5.2911', '2.5298'] lr = 0.0000500
2025-10-29 12:00:14,088 - PCN - INFO - [Epoch 84/150][Batch 1101/1311] BatchTime = 0.678 (s) DataTime = 0.001 (s) Losses = ['4.5312', '2.0816'] lr = 0.0000500
2025-10-29 12:01:15,496 - PCN - INFO - [Epoch 84/150][Batch 1201/1311] BatchTime = 0.625 (s) DataTime = 0.001 (s) Losses = ['3.9601', '2.1631'] lr = 0.0000500
2025-10-29 12:02:13,510 - PCN - INFO - [Epoch 84/150][Batch 1301/1311] BatchTime = 0.344 (s) DataTime = 0.001 (s) Losses = ['4.7708', '2.3313'] lr = 0.0000500
2025-10-29 12:02:19,230 - PCN - INFO - [Training] EPOCH: 84 EpochTime = 785.970 (s) Losses = ['5.3614', '2.7575']
2025-10-29 12:02:19,807 - PCN - INFO - Save checkpoint at ./experiments/PCN/ShapeNet55_models/PCN_fog/ckpt-last.pth
2025-10-29 12:02:20,391 - PCN - INFO - [Epoch 85/150][Batch 1/1311] BatchTime = 0.583 (s) DataTime = 0.091 (s) Losses = ['6.8899', '3.5181'] lr = 0.0000500
2025-10-29 12:03:20,928 - PCN - INFO - [Epoch 85/150][Batch 101/1311] BatchTime = 0.648 (s) DataTime = 0.001 (s) Losses = ['5.0143', '2.5945'] lr = 0.0000500
2025-10-29 12:04:22,972 - PCN - INFO - [Epoch 85/150][Batch 201/1311] BatchTime = 0.664 (s) DataTime = 0.001 (s) Losses = ['5.3501', '2.7669'] lr = 0.0000500
2025-10-29 12:05:23,370 - PCN - INFO - [Epoch 85/150][Batch 301/1311] BatchTime = 0.715 (s) DataTime = 0.001 (s) Losses = ['6.7107', '3.5497'] lr = 0.0000500
2025-10-29 12:06:23,429 - PCN - INFO - [Epoch 85/150][Batch 401/1311] BatchTime = 0.462 (s) DataTime = 0.001 (s) Losses = ['8.9995', '5.4782'] lr = 0.0000500
2025-10-29 12:07:23,100 - PCN - INFO - [Epoch 85/150][Batch 501/1311] BatchTime = 0.614 (s) DataTime = 0.001 (s) Losses = ['5.9408', '3.1066'] lr = 0.0000500
2025-10-29 12:08:24,675 - PCN - INFO - [Epoch 85/150][Batch 601/1311] BatchTime = 0.907 (s) DataTime = 0.001 (s) Losses = ['4.0305', '1.9394'] lr = 0.0000500
2025-10-29 12:09:24,037 - PCN - INFO - [Epoch 85/150][Batch 701/1311] BatchTime = 0.706 (s) DataTime = 0.001 (s) Losses = ['4.3544', '2.3846'] lr = 0.0000500
2025-10-29 12:10:23,153 - PCN - INFO - [Epoch 85/150][Batch 801/1311] BatchTime = 0.503 (s) DataTime = 0.001 (s) Losses = ['5.6626', '2.7845'] lr = 0.0000500
2025-10-29 12:11:23,033 - PCN - INFO - [Epoch 85/150][Batch 901/1311] BatchTime = 0.467 (s) DataTime = 0.001 (s) Losses = ['6.1202', '3.3393'] lr = 0.0000500
2025-10-29 12:12:23,019 - PCN - INFO - [Epoch 85/150][Batch 1001/1311] BatchTime = 0.765 (s) DataTime = 0.001 (s) Losses = ['6.3342', '3.1170'] lr = 0.0000500
2025-10-29 12:13:23,372 - PCN - INFO - [Epoch 85/150][Batch 1101/1311] BatchTime = 0.364 (s) DataTime = 0.001 (s) Losses = ['5.5605', '2.7633'] lr = 0.0000500
2025-10-29 12:14:22,852 - PCN - INFO - [Epoch 85/150][Batch 1201/1311] BatchTime = 0.417 (s) DataTime = 0.001 (s) Losses = ['5.1393', '2.4356'] lr = 0.0000500
2025-10-29 12:15:20,984 - PCN - INFO - [Epoch 85/150][Batch 1301/1311] BatchTime = 0.698 (s) DataTime = 0.001 (s) Losses = ['6.9810', '3.8453'] lr = 0.0000500
2025-10-29 12:15:26,352 - PCN - INFO - [Training] EPOCH: 85 EpochTime = 786.544 (s) Losses = ['5.3610', '2.7560']
2025-10-29 12:15:26,352 - PCN - INFO - [VALIDATION] Start validating epoch 85
2025-10-29 12:16:03,356 - PCN - INFO - Test[1051/10518] Taxonomy = 02691156 Sample = c7749c0a8b61f43bc9b9e28055202e3d Losses = ['32.9855', '3.7464', '22.3030', '1.8701'] Metrics = ['0.2539', '22.3030', '1.8701', '0.0000']
2025-10-29 12:16:39,106 - PCN - INFO - Test[2102/10518] Taxonomy = 03211117 Sample = ab2f9418c111cc6ddb965514105122a4 Losses = ['43.0670', '4.3389', '31.8327', '2.7072'] Metrics = ['0.0574', '31.8327', '2.7072', '0.0000']
2025-10-29 12:17:14,996 - PCN - INFO - Test[3153/10518] Taxonomy = 02876657 Sample = c5032e4be091aabb36fe7a88df793982 Losses = ['60.6464', '12.2139', '42.6128', '6.5588'] Metrics = ['0.0732', '42.6128', '6.5588', '0.0000']
2025-10-29 12:17:50,821 - PCN - INFO - Test[4204/10518] Taxonomy = 03211117 Sample = 722df1da5778d45b1e43523279c7f09f Losses = ['52.3341', '7.3443', '37.1771', '4.5104'] Metrics = ['0.0746', '37.1771', '4.5104', '0.0000']
2025-10-29 12:18:26,649 - PCN - INFO - Test[5255/10518] Taxonomy = 02828884 Sample = 14b63361a48a9fffe4a048c146e8bd43 Losses = ['43.8287', '5.0770', '31.6139', '3.1004'] Metrics = ['0.0937', '31.6139', '3.1004', '0.0000']
2025-10-29 12:19:03,309 - PCN - INFO - Test[6306/10518] Taxonomy = 03211117 Sample = d330d50a0255529d19ed6e1a590c9122 Losses = ['36.3919', '3.7287', '23.8906', '1.8336'] Metrics = ['0.1369', '23.8906', '1.8336', '0.0000']
2025-10-29 12:19:38,892 - PCN - INFO - Test[7357/10518] Taxonomy = 04379243 Sample = b1ca280d9567270ade98d10ab5975b59 Losses = ['45.7916', '7.2993', '26.5636', '2.9349'] Metrics = ['0.1102', '26.5636', '2.9349', '0.0000']
2025-10-29 12:20:16,665 - PCN - INFO - Test[8408/10518] Taxonomy = 03001627 Sample = 89208a619341d9fdb8c516ed5c4ce32 Losses = ['41.7265', '4.7248', '27.2315', '2.0909'] Metrics = ['0.0788', '27.2315', '2.0909', '0.0000']
2025-10-29 12:20:49,752 - PCN - INFO - Test[9459/10518] Taxonomy = 03001627 Sample = d0255120e3351121c3bd24f986301745 Losses = ['49.5976', '6.6546', '33.2991', '3.2932'] Metrics = ['0.0569', '33.2991', '3.2932', '0.0000']
2025-10-29 12:21:24,259 - PCN - INFO - Test[10510/10518] Taxonomy = 03636649 Sample = ea9ec4d9db2e06202471e6dd5ac3ef92 Losses = ['26.7331', '2.3158', '18.5208', '1.3118'] Metrics = ['0.3591', '18.5208', '1.3118', '0.0000']
2025-10-29 12:21:24,577 - PCN - INFO - [Validation] EPOCH: 85  Metrics = ['0.1272', '29.7625', '3.2291', '0.0000']
2025-10-29 12:21:24,577 - PCN - INFO - ============================ TEST RESULTS ============================
2025-10-29 12:21:24,577 - PCN - INFO - Taxonomy	#Sample	F-Score	CDL1	CDL2	EMDistance	#ModelName	
2025-10-29 12:21:24,577 - PCN - INFO - 03759954	14	0.174 	34.393 	5.931 	0.000 	microphone	
2025-10-29 12:21:24,577 - PCN - INFO - 04330267	44	0.073 	33.434 	3.701 	0.000 	stove	
2025-10-29 12:21:24,578 - PCN - INFO - 03261776	15	0.102 	34.977 	4.560 	0.000 	earphone	
2025-10-29 12:21:24,578 - PCN - INFO - 03513137	33	0.039 	47.929 	8.554 	0.000 	helmet	
2025-10-29 12:21:24,578 - PCN - INFO - 04460130	27	0.158 	27.067 	2.543 	0.000 	tower	
2025-10-29 12:21:24,578 - PCN - INFO - 04468005	78	0.155 	23.526 	1.804 	0.000 	train	
2025-10-29 12:21:24,578 - PCN - INFO - 03761084	31	0.045 	34.082 	3.550 	0.000 	microwaves	
2025-10-29 12:21:24,578 - PCN - INFO - 04004475	34	0.050 	39.307 	5.275 	0.000 	printer	
2025-10-29 12:21:24,578 - PCN - INFO - 03938244	20	0.061 	36.671 	4.336 	0.000 	pillow	
2025-10-29 12:21:24,578 - PCN - INFO - 02992529	167	0.143 	20.942 	1.268 	0.000 	cellphone	
2025-10-29 12:21:24,578 - PCN - INFO - 02808440	172	0.073 	32.381 	3.462 	0.000 	bathtub	
2025-10-29 12:21:24,578 - PCN - INFO - 04530566	388	0.187 	22.945 	1.837 	0.000 	watercraft	
2025-10-29 12:21:24,578 - PCN - INFO - 02871439	91	0.073 	32.906 	3.619 	0.000 	bookshelf	
2025-10-29 12:21:24,578 - PCN - INFO - 03593526	120	0.071 	36.174 	4.574 	0.000 	jar	
2025-10-29 12:21:24,578 - PCN - INFO - 04554684	34	0.047 	35.415 	3.819 	0.000 	washer	
2025-10-29 12:21:24,578 - PCN - INFO - 03467517	160	0.470 	13.200 	0.580 	0.000 	guitar	
2025-10-29 12:21:24,578 - PCN - INFO - 04401088	218	0.148 	20.721 	1.304 	0.000 	telephone	
2025-10-29 12:21:24,578 - PCN - INFO - 02954340	12	0.058 	37.054 	4.753 	0.000 	cap	
2025-10-29 12:21:24,578 - PCN - INFO - 02933112	315	0.075 	28.588 	2.436 	0.000 	cabinet	
2025-10-29 12:21:24,578 - PCN - INFO - 03642806	92	0.130 	21.641 	1.344 	0.000 	laptop	
2025-10-29 12:21:24,578 - PCN - INFO - 02924116	188	0.132 	23.861 	1.782 	0.000 	bus	
2025-10-29 12:21:24,578 - PCN - INFO - 02946921	22	0.047 	36.424 	4.344 	0.000 	can	
2025-10-29 12:21:24,578 - PCN - INFO - 02818832	47	0.063 	37.283 	4.872 	0.000 	bed	
2025-10-29 12:21:24,578 - PCN - INFO - 04256520	635	0.069 	29.956 	2.640 	0.000 	sofa	
2025-10-29 12:21:24,578 - PCN - INFO - 04379243	1687	0.150 	26.104 	2.605 	0.000 	table	
2025-10-29 12:21:24,578 - PCN - INFO - 02747177	69	0.048 	34.132 	3.714 	0.000 	trash bin	
2025-10-29 12:21:24,578 - PCN - INFO - 03046257	131	0.080 	31.877 	3.420 	0.000 	clock	
2025-10-29 12:21:24,578 - PCN - INFO - 04225987	31	0.227 	20.269 	1.430 	0.000 	skateboard	
2025-10-29 12:21:24,578 - PCN - INFO - 03797390	43	0.047 	34.043 	3.829 	0.000 	mug	
2025-10-29 12:21:24,578 - PCN - INFO - 03001627	1356	0.104 	29.329 	2.913 	0.000 	chair	
2025-10-29 12:21:24,578 - PCN - INFO - 03691459	320	0.061 	34.673 	3.983 	0.000 	loudspeaker	
2025-10-29 12:21:24,578 - PCN - INFO - 02942699	23	0.046 	42.677 	6.267 	0.000 	camera	
2025-10-29 12:21:24,578 - PCN - INFO - 03636649	464	0.157 	33.649 	4.855 	0.000 	lamp	
2025-10-29 12:21:24,578 - PCN - INFO - 02691156	809	0.269 	19.226 	1.329 	0.000 	airplane	
2025-10-29 12:21:24,578 - PCN - INFO - 02773838	17	0.064 	37.148 	4.577 	0.000 	bag	
2025-10-29 12:21:24,578 - PCN - INFO - 02958343	703	0.088 	26.075 	1.956 	0.000 	car	
2025-10-29 12:21:24,578 - PCN - INFO - 02880940	38	0.047 	36.380 	4.313 	0.000 	bowl	
2025-10-29 12:21:24,578 - PCN - INFO - 04099429	17	0.340 	19.299 	1.475 	0.000 	rocket	
2025-10-29 12:21:24,578 - PCN - INFO - 02828884	363	0.174 	23.951 	2.087 	0.000 	bench	
2025-10-29 12:21:24,578 - PCN - INFO - 04090263	475	0.425 	15.283 	0.893 	0.000 	rifle	
2025-10-29 12:21:24,578 - PCN - INFO - 03211117	219	0.094 	27.624 	2.450 	0.000 	display	
2025-10-29 12:21:24,578 - PCN - INFO - 02876657	100	0.147 	24.066 	1.952 	0.000 	bottle	
2025-10-29 12:21:24,578 - PCN - INFO - 03710193	19	0.151 	28.416 	2.871 	0.000 	mailbox	
2025-10-29 12:21:24,578 - PCN - INFO - 03790512	68	0.110 	27.104 	2.389 	0.000 	motorbike	
2025-10-29 12:21:24,578 - PCN - INFO - 03325088	149	0.120 	34.530 	4.857 	0.000 	faucet	
2025-10-29 12:21:24,578 - PCN - INFO - 02801938	23	0.049 	36.050 	4.268 	0.000 	basket	
2025-10-29 12:21:24,578 - PCN - INFO - 03337140	60	0.073 	30.467 	2.979 	0.000 	file cabinet	
2025-10-29 12:21:24,578 - PCN - INFO - 02843684	15	0.051 	40.220 	5.430 	0.000 	birdhouse	
2025-10-29 12:21:24,578 - PCN - INFO - 03624134	85	0.452 	14.408 	0.767 	0.000 	knife	
2025-10-29 12:21:24,578 - PCN - INFO - 03991062	121	0.055 	38.868 	5.129 	0.000 	flowerpot	
2025-10-29 12:21:24,578 - PCN - INFO - 03948459	62	0.223 	20.446 	1.393 	0.000 	pistol	
2025-10-29 12:21:24,578 - PCN - INFO - 03928116	48	0.069 	34.479 	3.896 	0.000 	piano	
2025-10-29 12:21:24,578 - PCN - INFO - 03207941	19	0.052 	32.975 	3.689 	0.000 	dishwasher	
2025-10-29 12:21:24,578 - PCN - INFO - 04074963	14	0.147 	23.563 	1.726 	0.000 	remote	
2025-10-29 12:21:24,578 - PCN - INFO - 03085013	13	0.230 	18.728 	1.270 	0.000 	keyboard	
2025-10-29 12:21:24,578 - PCN - INFO - Overall		0.127 	29.763 	3.229 	0.000 	
2025-10-29 12:21:24,655 - PCN - INFO - Save checkpoint at ./experiments/PCN/ShapeNet55_models/PCN_fog/ckpt-last.pth
2025-10-29 12:21:25,308 - PCN - INFO - [Epoch 86/150][Batch 1/1311] BatchTime = 0.653 (s) DataTime = 0.082 (s) Losses = ['5.2871', '2.7270'] lr = 0.0000500
2025-10-29 12:22:25,473 - PCN - INFO - [Epoch 86/150][Batch 101/1311] BatchTime = 0.978 (s) DataTime = 0.001 (s) Losses = ['4.3379', '2.2483'] lr = 0.0000500
2025-10-29 12:23:25,952 - PCN - INFO - [Epoch 86/150][Batch 201/1311] BatchTime = 0.555 (s) DataTime = 0.001 (s) Losses = ['5.3690', '2.9215'] lr = 0.0000500
2025-10-29 12:24:23,541 - PCN - INFO - [Epoch 86/150][Batch 301/1311] BatchTime = 0.653 (s) DataTime = 0.001 (s) Losses = ['5.0865', '2.4916'] lr = 0.0000500
2025-10-29 12:25:23,830 - PCN - INFO - [Epoch 86/150][Batch 401/1311] BatchTime = 0.643 (s) DataTime = 0.001 (s) Losses = ['4.9828', '2.4200'] lr = 0.0000500
2025-10-29 12:26:22,846 - PCN - INFO - [Epoch 86/150][Batch 501/1311] BatchTime = 0.735 (s) DataTime = 0.001 (s) Losses = ['5.5431', '2.9255'] lr = 0.0000500
2025-10-29 12:27:27,080 - PCN - INFO - [Epoch 86/150][Batch 601/1311] BatchTime = 0.564 (s) DataTime = 0.001 (s) Losses = ['6.0735', '3.2378'] lr = 0.0000500
2025-10-29 12:28:25,019 - PCN - INFO - [Epoch 86/150][Batch 701/1311] BatchTime = 0.540 (s) DataTime = 0.001 (s) Losses = ['4.8174', '2.3451'] lr = 0.0000500
2025-10-29 12:29:24,191 - PCN - INFO - [Epoch 86/150][Batch 801/1311] BatchTime = 0.570 (s) DataTime = 0.001 (s) Losses = ['5.0537', '2.4802'] lr = 0.0000500
2025-10-29 12:30:24,619 - PCN - INFO - [Epoch 86/150][Batch 901/1311] BatchTime = 0.628 (s) DataTime = 0.001 (s) Losses = ['4.7795', '2.4063'] lr = 0.0000500
2025-10-29 12:31:23,689 - PCN - INFO - [Epoch 86/150][Batch 1001/1311] BatchTime = 0.451 (s) DataTime = 0.001 (s) Losses = ['5.1236', '2.4026'] lr = 0.0000500
2025-10-29 12:32:22,208 - PCN - INFO - [Epoch 86/150][Batch 1101/1311] BatchTime = 0.530 (s) DataTime = 0.001 (s) Losses = ['4.3535', '2.0530'] lr = 0.0000500
2025-10-29 12:33:22,234 - PCN - INFO - [Epoch 86/150][Batch 1201/1311] BatchTime = 0.492 (s) DataTime = 0.001 (s) Losses = ['5.0445', '2.6465'] lr = 0.0000500
2025-10-29 12:34:23,665 - PCN - INFO - [Epoch 86/150][Batch 1301/1311] BatchTime = 0.620 (s) DataTime = 0.001 (s) Losses = ['4.7912', '2.2983'] lr = 0.0000500
2025-10-29 12:34:28,506 - PCN - INFO - [Training] EPOCH: 86 EpochTime = 783.851 (s) Losses = ['5.3662', '2.7571']
2025-10-29 12:34:28,581 - PCN - INFO - Save checkpoint at ./experiments/PCN/ShapeNet55_models/PCN_fog/ckpt-last.pth
2025-10-29 12:34:29,205 - PCN - INFO - [Epoch 87/150][Batch 1/1311] BatchTime = 0.624 (s) DataTime = 0.085 (s) Losses = ['7.7020', '4.2414'] lr = 0.0000500
2025-10-29 12:35:31,334 - PCN - INFO - [Epoch 87/150][Batch 101/1311] BatchTime = 0.300 (s) DataTime = 0.001 (s) Losses = ['5.6776', '2.6499'] lr = 0.0000500
2025-10-29 12:36:27,774 - PCN - INFO - [Epoch 87/150][Batch 201/1311] BatchTime = 1.036 (s) DataTime = 0.001 (s) Losses = ['4.6526', '2.3858'] lr = 0.0000500
2025-10-29 12:37:29,978 - PCN - INFO - [Epoch 87/150][Batch 301/1311] BatchTime = 0.423 (s) DataTime = 0.001 (s) Losses = ['6.1350', '3.0891'] lr = 0.0000500
2025-10-29 12:38:29,704 - PCN - INFO - [Epoch 87/150][Batch 401/1311] BatchTime = 0.402 (s) DataTime = 0.001 (s) Losses = ['5.4777', '2.8425'] lr = 0.0000500
2025-10-29 12:39:26,024 - PCN - INFO - [Epoch 87/150][Batch 501/1311] BatchTime = 0.549 (s) DataTime = 0.001 (s) Losses = ['6.1670', '3.2960'] lr = 0.0000500
2025-10-29 12:40:26,711 - PCN - INFO - [Epoch 87/150][Batch 601/1311] BatchTime = 0.725 (s) DataTime = 0.001 (s) Losses = ['4.7649', '2.8130'] lr = 0.0000500
2025-10-29 12:41:25,179 - PCN - INFO - [Epoch 87/150][Batch 701/1311] BatchTime = 0.564 (s) DataTime = 0.001 (s) Losses = ['6.9758', '3.7224'] lr = 0.0000500
2025-10-29 12:42:24,453 - PCN - INFO - [Epoch 87/150][Batch 801/1311] BatchTime = 0.384 (s) DataTime = 0.001 (s) Losses = ['6.4419', '3.5943'] lr = 0.0000500
2025-10-29 12:43:22,357 - PCN - INFO - [Epoch 87/150][Batch 901/1311] BatchTime = 0.687 (s) DataTime = 0.001 (s) Losses = ['5.2383', '2.6481'] lr = 0.0000500
2025-10-29 12:44:22,135 - PCN - INFO - [Epoch 87/150][Batch 1001/1311] BatchTime = 0.742 (s) DataTime = 0.001 (s) Losses = ['4.1547', '2.0509'] lr = 0.0000500
2025-10-29 12:45:22,396 - PCN - INFO - [Epoch 87/150][Batch 1101/1311] BatchTime = 0.597 (s) DataTime = 0.001 (s) Losses = ['5.8438', '3.0859'] lr = 0.0000500
2025-10-29 12:46:22,492 - PCN - INFO - [Epoch 87/150][Batch 1201/1311] BatchTime = 0.275 (s) DataTime = 0.001 (s) Losses = ['5.9259', '3.0426'] lr = 0.0000500
2025-10-29 12:47:21,745 - PCN - INFO - [Epoch 87/150][Batch 1301/1311] BatchTime = 0.442 (s) DataTime = 0.001 (s) Losses = ['4.6491', '2.2487'] lr = 0.0000500
2025-10-29 12:47:28,049 - PCN - INFO - [Training] EPOCH: 87 EpochTime = 779.467 (s) Losses = ['5.3542', '2.7468']
2025-10-29 12:47:28,126 - PCN - INFO - Save checkpoint at ./experiments/PCN/ShapeNet55_models/PCN_fog/ckpt-last.pth
2025-10-29 12:47:28,910 - PCN - INFO - [Epoch 88/150][Batch 1/1311] BatchTime = 0.783 (s) DataTime = 0.086 (s) Losses = ['4.9489', '2.4967'] lr = 0.0000500
2025-10-29 12:48:25,529 - PCN - INFO - [Epoch 88/150][Batch 101/1311] BatchTime = 0.827 (s) DataTime = 0.001 (s) Losses = ['5.6806', '3.3242'] lr = 0.0000500
2025-10-29 12:49:23,157 - PCN - INFO - [Epoch 88/150][Batch 201/1311] BatchTime = 0.525 (s) DataTime = 0.001 (s) Losses = ['4.2854', '2.2369'] lr = 0.0000500
2025-10-29 12:50:23,826 - PCN - INFO - [Epoch 88/150][Batch 301/1311] BatchTime = 0.791 (s) DataTime = 0.001 (s) Losses = ['5.1989', '2.6391'] lr = 0.0000500
2025-10-29 12:51:23,753 - PCN - INFO - [Epoch 88/150][Batch 401/1311] BatchTime = 0.762 (s) DataTime = 0.001 (s) Losses = ['5.0707', '2.5516'] lr = 0.0000500
2025-10-29 12:52:22,469 - PCN - INFO - [Epoch 88/150][Batch 501/1311] BatchTime = 0.822 (s) DataTime = 0.001 (s) Losses = ['5.6246', '2.7757'] lr = 0.0000500
2025-10-29 12:53:19,940 - PCN - INFO - [Epoch 88/150][Batch 601/1311] BatchTime = 0.654 (s) DataTime = 0.001 (s) Losses = ['4.2287', '1.9519'] lr = 0.0000500
2025-10-29 12:54:19,676 - PCN - INFO - [Epoch 88/150][Batch 701/1311] BatchTime = 0.629 (s) DataTime = 0.001 (s) Losses = ['5.6926', '2.9569'] lr = 0.0000500
2025-10-29 12:55:21,415 - PCN - INFO - [Epoch 88/150][Batch 801/1311] BatchTime = 0.667 (s) DataTime = 0.001 (s) Losses = ['4.4904', '2.1294'] lr = 0.0000500
2025-10-29 12:56:21,223 - PCN - INFO - [Epoch 88/150][Batch 901/1311] BatchTime = 0.273 (s) DataTime = 0.001 (s) Losses = ['5.5010', '2.8178'] lr = 0.0000500
2025-10-29 12:57:22,648 - PCN - INFO - [Epoch 88/150][Batch 1001/1311] BatchTime = 0.595 (s) DataTime = 0.001 (s) Losses = ['4.6596', '2.3440'] lr = 0.0000500
2025-10-29 12:58:23,848 - PCN - INFO - [Epoch 88/150][Batch 1101/1311] BatchTime = 0.666 (s) DataTime = 0.001 (s) Losses = ['4.6752', '2.5929'] lr = 0.0000500
2025-10-29 12:59:21,128 - PCN - INFO - [Epoch 88/150][Batch 1201/1311] BatchTime = 0.428 (s) DataTime = 0.001 (s) Losses = ['6.4420', '3.4651'] lr = 0.0000500
2025-10-29 13:00:21,845 - PCN - INFO - [Epoch 88/150][Batch 1301/1311] BatchTime = 0.558 (s) DataTime = 0.001 (s) Losses = ['5.8427', '2.9201'] lr = 0.0000500
2025-10-29 13:00:28,101 - PCN - INFO - [Training] EPOCH: 88 EpochTime = 779.974 (s) Losses = ['5.3568', '2.7539']
2025-10-29 13:00:28,179 - PCN - INFO - Save checkpoint at ./experiments/PCN/ShapeNet55_models/PCN_fog/ckpt-last.pth
2025-10-29 13:00:28,536 - PCN - INFO - [Epoch 89/150][Batch 1/1311] BatchTime = 0.356 (s) DataTime = 0.086 (s) Losses = ['4.8333', '2.3416'] lr = 0.0000500
2025-10-29 13:01:27,956 - PCN - INFO - [Epoch 89/150][Batch 101/1311] BatchTime = 0.713 (s) DataTime = 0.001 (s) Losses = ['5.1144', '2.5987'] lr = 0.0000500
2025-10-29 13:02:27,816 - PCN - INFO - [Epoch 89/150][Batch 201/1311] BatchTime = 0.567 (s) DataTime = 0.001 (s) Losses = ['5.3859', '2.6214'] lr = 0.0000500
2025-10-29 13:03:27,351 - PCN - INFO - [Epoch 89/150][Batch 301/1311] BatchTime = 0.452 (s) DataTime = 0.001 (s) Losses = ['4.6516', '2.2715'] lr = 0.0000500
2025-10-29 13:04:27,734 - PCN - INFO - [Epoch 89/150][Batch 401/1311] BatchTime = 0.519 (s) DataTime = 0.001 (s) Losses = ['7.1814', '3.6527'] lr = 0.0000500
2025-10-29 13:05:29,689 - PCN - INFO - [Epoch 89/150][Batch 501/1311] BatchTime = 0.694 (s) DataTime = 0.001 (s) Losses = ['6.1831', '3.4154'] lr = 0.0000500
2025-10-29 13:06:29,575 - PCN - INFO - [Epoch 89/150][Batch 601/1311] BatchTime = 0.523 (s) DataTime = 0.001 (s) Losses = ['5.2372', '2.6775'] lr = 0.0000500
2025-10-29 13:07:28,450 - PCN - INFO - [Epoch 89/150][Batch 701/1311] BatchTime = 0.353 (s) DataTime = 0.001 (s) Losses = ['4.8317', '2.4014'] lr = 0.0000500
2025-10-29 13:08:27,955 - PCN - INFO - [Epoch 89/150][Batch 801/1311] BatchTime = 0.638 (s) DataTime = 0.001 (s) Losses = ['5.8260', '2.7553'] lr = 0.0000500
2025-10-29 13:09:28,205 - PCN - INFO - [Epoch 89/150][Batch 901/1311] BatchTime = 0.625 (s) DataTime = 0.001 (s) Losses = ['5.1471', '2.6282'] lr = 0.0000500
2025-10-29 13:10:28,387 - PCN - INFO - [Epoch 89/150][Batch 1001/1311] BatchTime = 0.708 (s) DataTime = 0.001 (s) Losses = ['5.9311', '2.8608'] lr = 0.0000500
2025-10-29 13:11:26,621 - PCN - INFO - [Epoch 89/150][Batch 1101/1311] BatchTime = 0.541 (s) DataTime = 0.001 (s) Losses = ['5.7654', '3.1188'] lr = 0.0000500
2025-10-29 13:12:22,928 - PCN - INFO - [Epoch 89/150][Batch 1201/1311] BatchTime = 0.695 (s) DataTime = 0.001 (s) Losses = ['5.6855', '2.8265'] lr = 0.0000500
2025-10-29 13:13:21,309 - PCN - INFO - [Epoch 89/150][Batch 1301/1311] BatchTime = 0.472 (s) DataTime = 0.001 (s) Losses = ['4.9045', '2.3059'] lr = 0.0000500
2025-10-29 13:13:26,675 - PCN - INFO - [Training] EPOCH: 89 EpochTime = 778.495 (s) Losses = ['5.3307', '2.7271']
2025-10-29 13:13:26,749 - PCN - INFO - Save checkpoint at ./experiments/PCN/ShapeNet55_models/PCN_fog/ckpt-last.pth
2025-10-29 13:13:27,607 - PCN - INFO - [Epoch 90/150][Batch 1/1311] BatchTime = 0.858 (s) DataTime = 0.087 (s) Losses = ['4.6634', '2.2967'] lr = 0.0000500
2025-10-29 13:14:26,817 - PCN - INFO - [Epoch 90/150][Batch 101/1311] BatchTime = 0.518 (s) DataTime = 0.001 (s) Losses = ['5.9073', '3.2025'] lr = 0.0000500
2025-10-29 13:15:27,397 - PCN - INFO - [Epoch 90/150][Batch 201/1311] BatchTime = 0.580 (s) DataTime = 0.001 (s) Losses = ['5.7325', '2.8875'] lr = 0.0000500
2025-10-29 13:16:29,667 - PCN - INFO - [Epoch 90/150][Batch 301/1311] BatchTime = 0.456 (s) DataTime = 0.001 (s) Losses = ['4.5689', '2.1845'] lr = 0.0000500
2025-10-29 13:17:30,056 - PCN - INFO - [Epoch 90/150][Batch 401/1311] BatchTime = 1.045 (s) DataTime = 0.001 (s) Losses = ['5.2833', '3.3409'] lr = 0.0000500
2025-10-29 13:18:30,559 - PCN - INFO - [Epoch 90/150][Batch 501/1311] BatchTime = 0.775 (s) DataTime = 0.001 (s) Losses = ['5.9791', '2.9858'] lr = 0.0000500
2025-10-29 13:19:30,723 - PCN - INFO - [Epoch 90/150][Batch 601/1311] BatchTime = 0.685 (s) DataTime = 0.001 (s) Losses = ['4.9733', '2.4128'] lr = 0.0000500
2025-10-29 13:20:31,455 - PCN - INFO - [Epoch 90/150][Batch 701/1311] BatchTime = 0.390 (s) DataTime = 0.001 (s) Losses = ['4.8543', '2.4320'] lr = 0.0000500
2025-10-29 13:21:29,183 - PCN - INFO - [Epoch 90/150][Batch 801/1311] BatchTime = 0.382 (s) DataTime = 0.001 (s) Losses = ['4.1703', '2.0072'] lr = 0.0000500
2025-10-29 13:22:32,012 - PCN - INFO - [Epoch 90/150][Batch 901/1311] BatchTime = 0.486 (s) DataTime = 0.001 (s) Losses = ['4.7131', '2.4134'] lr = 0.0000500
2025-10-29 13:23:28,120 - PCN - INFO - [Epoch 90/150][Batch 1001/1311] BatchTime = 0.514 (s) DataTime = 0.001 (s) Losses = ['6.5446', '3.4139'] lr = 0.0000500
2025-10-29 13:24:25,365 - PCN - INFO - [Epoch 90/150][Batch 1101/1311] BatchTime = 0.475 (s) DataTime = 0.001 (s) Losses = ['4.9834', '2.6349'] lr = 0.0000500
2025-10-29 13:25:25,362 - PCN - INFO - [Epoch 90/150][Batch 1201/1311] BatchTime = 1.243 (s) DataTime = 0.001 (s) Losses = ['5.1527', '2.9259'] lr = 0.0000500
2025-10-29 13:26:23,878 - PCN - INFO - [Epoch 90/150][Batch 1301/1311] BatchTime = 0.915 (s) DataTime = 0.001 (s) Losses = ['3.9318', '2.0364'] lr = 0.0000500
2025-10-29 13:26:30,391 - PCN - INFO - [Training] EPOCH: 90 EpochTime = 783.642 (s) Losses = ['5.3065', '2.7170']
2025-10-29 13:26:30,392 - PCN - INFO - [VALIDATION] Start validating epoch 90
2025-10-29 13:27:08,566 - PCN - INFO - Test[1051/10518] Taxonomy = 02691156 Sample = c7749c0a8b61f43bc9b9e28055202e3d Losses = ['33.0931', '3.3322', '21.7815', '1.6673'] Metrics = ['0.2366', '21.7815', '1.6673', '0.0000']
2025-10-29 13:27:44,325 - PCN - INFO - Test[2102/10518] Taxonomy = 03211117 Sample = ab2f9418c111cc6ddb965514105122a4 Losses = ['25.7088', '1.9622', '18.6583', '1.0648'] Metrics = ['0.2042', '18.6583', '1.0648', '0.0000']
2025-10-29 13:28:18,685 - PCN - INFO - Test[3153/10518] Taxonomy = 02876657 Sample = c5032e4be091aabb36fe7a88df793982 Losses = ['55.6184', '9.8317', '40.1917', '5.4561'] Metrics = ['0.0599', '40.1917', '5.4561', '0.0000']
2025-10-29 13:28:54,292 - PCN - INFO - Test[4204/10518] Taxonomy = 03211117 Sample = 722df1da5778d45b1e43523279c7f09f Losses = ['55.4049', '8.5729', '40.4894', '5.2609'] Metrics = ['0.0802', '40.4894', '5.2609', '0.0000']
2025-10-29 13:29:30,715 - PCN - INFO - Test[5255/10518] Taxonomy = 02828884 Sample = 14b63361a48a9fffe4a048c146e8bd43 Losses = ['40.0193', '4.1952', '29.7598', '2.7020'] Metrics = ['0.0963', '29.7598', '2.7020', '0.0000']
2025-10-29 13:30:05,181 - PCN - INFO - Test[6306/10518] Taxonomy = 03211117 Sample = d330d50a0255529d19ed6e1a590c9122 Losses = ['33.6453', '3.2141', '22.6161', '1.5601'] Metrics = ['0.1548', '22.6161', '1.5601', '0.0000']
2025-10-29 13:30:39,280 - PCN - INFO - Test[7357/10518] Taxonomy = 04379243 Sample = b1ca280d9567270ade98d10ab5975b59 Losses = ['43.7543', '7.3733', '25.9496', '2.8154'] Metrics = ['0.1175', '25.9496', '2.8154', '0.0000']
2025-10-29 13:31:15,163 - PCN - INFO - Test[8408/10518] Taxonomy = 03001627 Sample = 89208a619341d9fdb8c516ed5c4ce32 Losses = ['44.0821', '5.1934', '27.3002', '2.0136'] Metrics = ['0.0645', '27.3002', '2.0136', '0.0000']
2025-10-29 13:31:49,614 - PCN - INFO - Test[9459/10518] Taxonomy = 03001627 Sample = d0255120e3351121c3bd24f986301745 Losses = ['54.8879', '8.1922', '37.7282', '4.2416'] Metrics = ['0.0397', '37.7282', '4.2416', '0.0000']
2025-10-29 13:32:23,726 - PCN - INFO - Test[10510/10518] Taxonomy = 03636649 Sample = ea9ec4d9db2e06202471e6dd5ac3ef92 Losses = ['29.7135', '2.7678', '20.7701', '1.6445'] Metrics = ['0.2919', '20.7701', '1.6445', '0.0000']
2025-10-29 13:32:24,020 - PCN - INFO - [Validation] EPOCH: 90  Metrics = ['0.1239', '29.8322', '3.1771', '0.0000']
2025-10-29 13:32:24,021 - PCN - INFO - ============================ TEST RESULTS ============================
2025-10-29 13:32:24,021 - PCN - INFO - Taxonomy	#Sample	F-Score	CDL1	CDL2	EMDistance	#ModelName	
2025-10-29 13:32:24,021 - PCN - INFO - 03759954	14	0.170 	32.661 	5.404 	0.000 	microphone	
2025-10-29 13:32:24,021 - PCN - INFO - 04330267	44	0.070 	32.962 	3.473 	0.000 	stove	
2025-10-29 13:32:24,021 - PCN - INFO - 03261776	15	0.094 	37.834 	6.100 	0.000 	earphone	
2025-10-29 13:32:24,021 - PCN - INFO - 03513137	33	0.042 	44.115 	7.118 	0.000 	helmet	
2025-10-29 13:32:24,021 - PCN - INFO - 04460130	27	0.154 	27.196 	2.579 	0.000 	tower	
2025-10-29 13:32:24,021 - PCN - INFO - 04468005	78	0.139 	25.134 	2.117 	0.000 	train	
2025-10-29 13:32:24,021 - PCN - INFO - 03761084	31	0.044 	34.278 	3.684 	0.000 	microwaves	
2025-10-29 13:32:24,021 - PCN - INFO - 04004475	34	0.047 	39.881 	5.181 	0.000 	printer	
2025-10-29 13:32:24,021 - PCN - INFO - 03938244	20	0.057 	36.089 	4.038 	0.000 	pillow	
2025-10-29 13:32:24,021 - PCN - INFO - 02992529	167	0.127 	22.465 	1.448 	0.000 	cellphone	
2025-10-29 13:32:24,021 - PCN - INFO - 02808440	172	0.074 	32.175 	3.441 	0.000 	bathtub	
2025-10-29 13:32:24,021 - PCN - INFO - 04530566	388	0.180 	23.622 	1.912 	0.000 	watercraft	
2025-10-29 13:32:24,021 - PCN - INFO - 02871439	91	0.075 	32.250 	3.483 	0.000 	bookshelf	
2025-10-29 13:32:24,021 - PCN - INFO - 03593526	120	0.069 	35.916 	4.568 	0.000 	jar	
2025-10-29 13:32:24,021 - PCN - INFO - 04554684	34	0.044 	35.690 	3.909 	0.000 	washer	
2025-10-29 13:32:24,021 - PCN - INFO - 03467517	160	0.456 	14.105 	0.664 	0.000 	guitar	
2025-10-29 13:32:24,021 - PCN - INFO - 04401088	218	0.138 	21.657 	1.357 	0.000 	telephone	
2025-10-29 13:32:24,021 - PCN - INFO - 02954340	12	0.052 	39.405 	4.903 	0.000 	cap	
2025-10-29 13:32:24,021 - PCN - INFO - 02933112	315	0.069 	29.372 	2.550 	0.000 	cabinet	
2025-10-29 13:32:24,021 - PCN - INFO - 03642806	92	0.131 	21.402 	1.310 	0.000 	laptop	
2025-10-29 13:32:24,021 - PCN - INFO - 02924116	188	0.119 	24.733 	1.862 	0.000 	bus	
2025-10-29 13:32:24,021 - PCN - INFO - 02946921	22	0.056 	33.067 	3.468 	0.000 	can	
2025-10-29 13:32:24,021 - PCN - INFO - 02818832	47	0.063 	37.251 	4.770 	0.000 	bed	
2025-10-29 13:32:24,021 - PCN - INFO - 04256520	635	0.068 	30.134 	2.684 	0.000 	sofa	
2025-10-29 13:32:24,021 - PCN - INFO - 04379243	1687	0.139 	26.493 	2.631 	0.000 	table	
2025-10-29 13:32:24,021 - PCN - INFO - 02747177	69	0.054 	32.517 	3.330 	0.000 	trash bin	
2025-10-29 13:32:24,021 - PCN - INFO - 03046257	131	0.077 	32.723 	3.519 	0.000 	clock	
2025-10-29 13:32:24,021 - PCN - INFO - 04225987	31	0.218 	20.881 	1.434 	0.000 	skateboard	
2025-10-29 13:32:24,021 - PCN - INFO - 03797390	43	0.044 	33.767 	3.532 	0.000 	mug	
2025-10-29 13:32:24,021 - PCN - INFO - 03001627	1356	0.105 	29.206 	2.869 	0.000 	chair	
2025-10-29 13:32:24,021 - PCN - INFO - 03691459	320	0.058 	35.043 	3.974 	0.000 	loudspeaker	
2025-10-29 13:32:24,021 - PCN - INFO - 02942699	23	0.044 	43.664 	6.337 	0.000 	camera	
2025-10-29 13:32:24,021 - PCN - INFO - 03636649	464	0.154 	33.881 	5.034 	0.000 	lamp	
2025-10-29 13:32:24,021 - PCN - INFO - 02691156	809	0.260 	19.723 	1.379 	0.000 	airplane	
2025-10-29 13:32:24,021 - PCN - INFO - 02773838	17	0.081 	35.449 	4.218 	0.000 	bag	
2025-10-29 13:32:24,021 - PCN - INFO - 02958343	703	0.082 	27.022 	2.107 	0.000 	car	
2025-10-29 13:32:24,021 - PCN - INFO - 02880940	38	0.047 	35.764 	4.208 	0.000 	bowl	
2025-10-29 13:32:24,021 - PCN - INFO - 04099429	17	0.334 	20.489 	1.737 	0.000 	rocket	
2025-10-29 13:32:24,021 - PCN - INFO - 02828884	363	0.163 	24.896 	2.262 	0.000 	bench	
2025-10-29 13:32:24,021 - PCN - INFO - 04090263	475	0.421 	15.439 	0.931 	0.000 	rifle	
2025-10-29 13:32:24,021 - PCN - INFO - 03211117	219	0.094 	28.088 	2.540 	0.000 	display	
2025-10-29 13:32:24,021 - PCN - INFO - 02876657	100	0.127 	25.370 	2.134 	0.000 	bottle	
2025-10-29 13:32:24,021 - PCN - INFO - 03710193	19	0.132 	30.917 	3.245 	0.000 	mailbox	
2025-10-29 13:32:24,021 - PCN - INFO - 03790512	68	0.114 	26.791 	2.352 	0.000 	motorbike	
2025-10-29 13:32:24,021 - PCN - INFO - 03325088	149	0.127 	33.738 	4.527 	0.000 	faucet	
2025-10-29 13:32:24,021 - PCN - INFO - 02801938	23	0.053 	33.614 	3.595 	0.000 	basket	
2025-10-29 13:32:24,021 - PCN - INFO - 03337140	60	0.072 	30.745 	3.009 	0.000 	file cabinet	
2025-10-29 13:32:24,021 - PCN - INFO - 02843684	15	0.058 	37.148 	4.554 	0.000 	birdhouse	
2025-10-29 13:32:24,021 - PCN - INFO - 03624134	85	0.468 	14.355 	0.769 	0.000 	knife	
2025-10-29 13:32:24,021 - PCN - INFO - 03991062	121	0.055 	38.818 	5.071 	0.000 	flowerpot	
2025-10-29 13:32:24,021 - PCN - INFO - 03948459	62	0.219 	20.554 	1.323 	0.000 	pistol	
2025-10-29 13:32:24,021 - PCN - INFO - 03928116	48	0.068 	33.831 	3.706 	0.000 	piano	
2025-10-29 13:32:24,021 - PCN - INFO - 03207941	19	0.051 	32.739 	3.341 	0.000 	dishwasher	
2025-10-29 13:32:24,021 - PCN - INFO - 04074963	14	0.133 	24.637 	1.815 	0.000 	remote	
2025-10-29 13:32:24,021 - PCN - INFO - 03085013	13	0.224 	19.072 	1.237 	0.000 	keyboard	
2025-10-29 13:32:24,021 - PCN - INFO - Overall		0.124 	29.832 	3.177 	0.000 	
2025-10-29 13:32:24,106 - PCN - INFO - Save checkpoint at ./experiments/PCN/ShapeNet55_models/PCN_fog/ckpt-best.pth
2025-10-29 13:32:24,184 - PCN - INFO - Save checkpoint at ./experiments/PCN/ShapeNet55_models/PCN_fog/ckpt-last.pth
2025-10-29 13:32:24,813 - PCN - INFO - [Epoch 91/150][Batch 1/1311] BatchTime = 0.628 (s) DataTime = 0.083 (s) Losses = ['4.6254', '2.3611'] lr = 0.0000500
2025-10-29 13:33:21,782 - PCN - INFO - [Epoch 91/150][Batch 101/1311] BatchTime = 0.936 (s) DataTime = 0.001 (s) Losses = ['4.6733', '2.2490'] lr = 0.0000500
2025-10-29 13:34:22,018 - PCN - INFO - [Epoch 91/150][Batch 201/1311] BatchTime = 0.549 (s) DataTime = 0.001 (s) Losses = ['5.8550', '2.7843'] lr = 0.0000500
2025-10-29 13:35:21,824 - PCN - INFO - [Epoch 91/150][Batch 301/1311] BatchTime = 0.603 (s) DataTime = 0.001 (s) Losses = ['4.1071', '2.0520'] lr = 0.0000500
2025-10-29 13:36:19,454 - PCN - INFO - [Epoch 91/150][Batch 401/1311] BatchTime = 0.662 (s) DataTime = 0.001 (s) Losses = ['5.5696', '3.0235'] lr = 0.0000500
2025-10-29 13:37:17,015 - PCN - INFO - [Epoch 91/150][Batch 501/1311] BatchTime = 0.434 (s) DataTime = 0.001 (s) Losses = ['5.4895', '2.6432'] lr = 0.0000500
2025-10-29 13:38:14,619 - PCN - INFO - [Epoch 91/150][Batch 601/1311] BatchTime = 0.824 (s) DataTime = 0.001 (s) Losses = ['5.4180', '2.8257'] lr = 0.0000500
2025-10-29 13:39:14,171 - PCN - INFO - [Epoch 91/150][Batch 701/1311] BatchTime = 0.893 (s) DataTime = 0.001 (s) Losses = ['6.3315', '3.0382'] lr = 0.0000500
2025-10-29 13:40:14,915 - PCN - INFO - [Epoch 91/150][Batch 801/1311] BatchTime = 0.639 (s) DataTime = 0.001 (s) Losses = ['4.6139', '2.2211'] lr = 0.0000500
2025-10-29 13:41:12,773 - PCN - INFO - [Epoch 91/150][Batch 901/1311] BatchTime = 0.415 (s) DataTime = 0.001 (s) Losses = ['5.0781', '2.4009'] lr = 0.0000500
2025-10-29 13:42:12,590 - PCN - INFO - [Epoch 91/150][Batch 1001/1311] BatchTime = 0.586 (s) DataTime = 0.001 (s) Losses = ['5.2145', '2.7052'] lr = 0.0000500
2025-10-29 13:43:12,874 - PCN - INFO - [Epoch 91/150][Batch 1101/1311] BatchTime = 0.606 (s) DataTime = 0.001 (s) Losses = ['6.0540', '3.2945'] lr = 0.0000500
2025-10-29 13:44:13,645 - PCN - INFO - [Epoch 91/150][Batch 1201/1311] BatchTime = 0.518 (s) DataTime = 0.001 (s) Losses = ['5.2328', '2.8111'] lr = 0.0000500
2025-10-29 13:45:13,370 - PCN - INFO - [Epoch 91/150][Batch 1301/1311] BatchTime = 0.607 (s) DataTime = 0.001 (s) Losses = ['6.1966', '3.2935'] lr = 0.0000500
2025-10-29 13:45:18,956 - PCN - INFO - [Training] EPOCH: 91 EpochTime = 774.772 (s) Losses = ['5.3159', '2.7244']
2025-10-29 13:45:19,033 - PCN - INFO - Save checkpoint at ./experiments/PCN/ShapeNet55_models/PCN_fog/ckpt-last.pth
2025-10-29 13:45:20,272 - PCN - INFO - [Epoch 92/150][Batch 1/1311] BatchTime = 1.239 (s) DataTime = 0.083 (s) Losses = ['5.4676', '2.8738'] lr = 0.0000500
2025-10-29 13:46:21,123 - PCN - INFO - [Epoch 92/150][Batch 101/1311] BatchTime = 0.363 (s) DataTime = 0.001 (s) Losses = ['4.1406', '2.0767'] lr = 0.0000500
2025-10-29 13:47:20,862 - PCN - INFO - [Epoch 92/150][Batch 201/1311] BatchTime = 0.563 (s) DataTime = 0.001 (s) Losses = ['4.8458', '2.4989'] lr = 0.0000500
2025-10-29 13:48:20,075 - PCN - INFO - [Epoch 92/150][Batch 301/1311] BatchTime = 0.949 (s) DataTime = 0.001 (s) Losses = ['5.9848', '2.7555'] lr = 0.0000500
2025-10-29 13:49:20,678 - PCN - INFO - [Epoch 92/150][Batch 401/1311] BatchTime = 0.822 (s) DataTime = 0.001 (s) Losses = ['6.0750', '3.1197'] lr = 0.0000500
2025-10-29 13:50:20,583 - PCN - INFO - [Epoch 92/150][Batch 501/1311] BatchTime = 0.670 (s) DataTime = 0.001 (s) Losses = ['7.2082', '3.7259'] lr = 0.0000500
2025-10-29 13:51:22,609 - PCN - INFO - [Epoch 92/150][Batch 601/1311] BatchTime = 0.532 (s) DataTime = 0.001 (s) Losses = ['5.8468', '3.0771'] lr = 0.0000500
2025-10-29 13:52:19,584 - PCN - INFO - [Epoch 92/150][Batch 701/1311] BatchTime = 0.947 (s) DataTime = 0.001 (s) Losses = ['4.2254', '2.1133'] lr = 0.0000500
2025-10-29 13:53:19,322 - PCN - INFO - [Epoch 92/150][Batch 801/1311] BatchTime = 0.659 (s) DataTime = 0.001 (s) Losses = ['5.0478', '2.6194'] lr = 0.0000500
2025-10-29 13:54:15,841 - PCN - INFO - [Epoch 92/150][Batch 901/1311] BatchTime = 0.538 (s) DataTime = 0.001 (s) Losses = ['5.6303', '2.8626'] lr = 0.0000500
2025-10-29 13:55:14,369 - PCN - INFO - [Epoch 92/150][Batch 1001/1311] BatchTime = 0.806 (s) DataTime = 0.001 (s) Losses = ['5.2609', '2.6265'] lr = 0.0000500
2025-10-29 13:56:14,918 - PCN - INFO - [Epoch 92/150][Batch 1101/1311] BatchTime = 0.527 (s) DataTime = 0.001 (s) Losses = ['4.2137', '2.2441'] lr = 0.0000500
2025-10-29 13:57:13,612 - PCN - INFO - [Epoch 92/150][Batch 1201/1311] BatchTime = 0.431 (s) DataTime = 0.001 (s) Losses = ['5.2609', '3.0925'] lr = 0.0000500
2025-10-29 13:58:15,528 - PCN - INFO - [Epoch 92/150][Batch 1301/1311] BatchTime = 0.701 (s) DataTime = 0.001 (s) Losses = ['5.3110', '2.6129'] lr = 0.0000500
2025-10-29 13:58:22,564 - PCN - INFO - [Training] EPOCH: 92 EpochTime = 783.530 (s) Losses = ['5.3011', '2.7114']
2025-10-29 13:58:22,644 - PCN - INFO - Save checkpoint at ./experiments/PCN/ShapeNet55_models/PCN_fog/ckpt-last.pth
2025-10-29 13:58:23,191 - PCN - INFO - [Epoch 93/150][Batch 1/1311] BatchTime = 0.547 (s) DataTime = 0.082 (s) Losses = ['4.2226', '2.0821'] lr = 0.0000500
2025-10-29 13:59:21,537 - PCN - INFO - [Epoch 93/150][Batch 101/1311] BatchTime = 0.553 (s) DataTime = 0.001 (s) Losses = ['4.0883', '2.0001'] lr = 0.0000500
2025-10-29 14:00:21,688 - PCN - INFO - [Epoch 93/150][Batch 201/1311] BatchTime = 0.766 (s) DataTime = 0.001 (s) Losses = ['5.5339', '2.9068'] lr = 0.0000500
2025-10-29 14:01:23,090 - PCN - INFO - [Epoch 93/150][Batch 301/1311] BatchTime = 0.667 (s) DataTime = 0.001 (s) Losses = ['6.9329', '3.6229'] lr = 0.0000500
2025-10-29 14:02:22,522 - PCN - INFO - [Epoch 93/150][Batch 401/1311] BatchTime = 0.622 (s) DataTime = 0.001 (s) Losses = ['5.2385', '2.6272'] lr = 0.0000500
2025-10-29 14:03:23,388 - PCN - INFO - [Epoch 93/150][Batch 501/1311] BatchTime = 0.606 (s) DataTime = 0.001 (s) Losses = ['4.8155', '2.3081'] lr = 0.0000500
2025-10-29 14:04:23,814 - PCN - INFO - [Epoch 93/150][Batch 601/1311] BatchTime = 0.916 (s) DataTime = 0.001 (s) Losses = ['5.3471', '2.6822'] lr = 0.0000500
2025-10-29 14:05:21,628 - PCN - INFO - [Epoch 93/150][Batch 701/1311] BatchTime = 0.617 (s) DataTime = 0.001 (s) Losses = ['5.8970', '2.8578'] lr = 0.0000500
2025-10-29 14:06:20,355 - PCN - INFO - [Epoch 93/150][Batch 801/1311] BatchTime = 0.530 (s) DataTime = 0.001 (s) Losses = ['6.5819', '3.6100'] lr = 0.0000500
2025-10-29 14:07:17,823 - PCN - INFO - [Epoch 93/150][Batch 901/1311] BatchTime = 0.686 (s) DataTime = 0.001 (s) Losses = ['4.4638', '2.1150'] lr = 0.0000500
2025-10-29 14:08:18,227 - PCN - INFO - [Epoch 93/150][Batch 1001/1311] BatchTime = 0.603 (s) DataTime = 0.001 (s) Losses = ['6.2403', '2.9840'] lr = 0.0000500
2025-10-29 14:09:17,251 - PCN - INFO - [Epoch 93/150][Batch 1101/1311] BatchTime = 0.579 (s) DataTime = 0.001 (s) Losses = ['4.3555', '2.2618'] lr = 0.0000500
2025-10-29 14:10:16,314 - PCN - INFO - [Epoch 93/150][Batch 1201/1311] BatchTime = 0.528 (s) DataTime = 0.001 (s) Losses = ['5.2802', '2.5014'] lr = 0.0000500
2025-10-29 14:11:16,093 - PCN - INFO - [Epoch 93/150][Batch 1301/1311] BatchTime = 0.456 (s) DataTime = 0.001 (s) Losses = ['6.8647', '3.4474'] lr = 0.0000500
2025-10-29 14:11:22,508 - PCN - INFO - [Training] EPOCH: 93 EpochTime = 779.864 (s) Losses = ['5.3039', '2.7108']
2025-10-29 14:11:22,590 - PCN - INFO - Save checkpoint at ./experiments/PCN/ShapeNet55_models/PCN_fog/ckpt-last.pth
2025-10-29 14:11:23,437 - PCN - INFO - [Epoch 94/150][Batch 1/1311] BatchTime = 0.846 (s) DataTime = 0.088 (s) Losses = ['4.7905', '2.3557'] lr = 0.0000500
2025-10-29 14:12:22,165 - PCN - INFO - [Epoch 94/150][Batch 101/1311] BatchTime = 0.500 (s) DataTime = 0.001 (s) Losses = ['4.3682', '2.1454'] lr = 0.0000500
2025-10-29 14:13:19,811 - PCN - INFO - [Epoch 94/150][Batch 201/1311] BatchTime = 0.674 (s) DataTime = 0.001 (s) Losses = ['4.1327', '2.2090'] lr = 0.0000500
2025-10-29 14:14:17,405 - PCN - INFO - [Epoch 94/150][Batch 301/1311] BatchTime = 0.431 (s) DataTime = 0.001 (s) Losses = ['6.6916', '3.4157'] lr = 0.0000500
2025-10-29 14:15:12,907 - PCN - INFO - [Epoch 94/150][Batch 401/1311] BatchTime = 0.576 (s) DataTime = 0.001 (s) Losses = ['4.6649', '2.3592'] lr = 0.0000500
2025-10-29 14:16:12,663 - PCN - INFO - [Epoch 94/150][Batch 501/1311] BatchTime = 0.865 (s) DataTime = 0.001 (s) Losses = ['4.6692', '2.2634'] lr = 0.0000500
2025-10-29 14:17:10,760 - PCN - INFO - [Epoch 94/150][Batch 601/1311] BatchTime = 0.369 (s) DataTime = 0.001 (s) Losses = ['4.7714', '2.2965'] lr = 0.0000500
2025-10-29 14:18:11,137 - PCN - INFO - [Epoch 94/150][Batch 701/1311] BatchTime = 0.769 (s) DataTime = 0.001 (s) Losses = ['5.7987', '3.1999'] lr = 0.0000500
2025-10-29 14:19:14,486 - PCN - INFO - [Epoch 94/150][Batch 801/1311] BatchTime = 0.499 (s) DataTime = 0.001 (s) Losses = ['5.2043', '2.5949'] lr = 0.0000500
2025-10-29 14:20:15,882 - PCN - INFO - [Epoch 94/150][Batch 901/1311] BatchTime = 0.657 (s) DataTime = 0.001 (s) Losses = ['6.4779', '3.2355'] lr = 0.0000500
2025-10-29 14:21:16,770 - PCN - INFO - [Epoch 94/150][Batch 1001/1311] BatchTime = 0.616 (s) DataTime = 0.001 (s) Losses = ['5.4741', '2.8664'] lr = 0.0000500
2025-10-29 14:22:17,284 - PCN - INFO - [Epoch 94/150][Batch 1101/1311] BatchTime = 0.454 (s) DataTime = 0.001 (s) Losses = ['4.5220', '2.2793'] lr = 0.0000500
2025-10-29 14:23:16,154 - PCN - INFO - [Epoch 94/150][Batch 1201/1311] BatchTime = 0.605 (s) DataTime = 0.001 (s) Losses = ['5.3408', '2.7305'] lr = 0.0000500
2025-10-29 14:24:15,513 - PCN - INFO - [Epoch 94/150][Batch 1301/1311] BatchTime = 0.581 (s) DataTime = 0.001 (s) Losses = ['4.9457', '2.4914'] lr = 0.0000500
2025-10-29 14:24:20,813 - PCN - INFO - [Training] EPOCH: 94 EpochTime = 778.223 (s) Losses = ['5.2835', '2.7013']
2025-10-29 14:24:20,881 - PCN - INFO - Save checkpoint at ./experiments/PCN/ShapeNet55_models/PCN_fog/ckpt-last.pth
2025-10-29 14:24:21,944 - PCN - INFO - [Epoch 95/150][Batch 1/1311] BatchTime = 1.063 (s) DataTime = 0.085 (s) Losses = ['5.2556', '2.6061'] lr = 0.0000500
2025-10-29 14:25:20,179 - PCN - INFO - [Epoch 95/150][Batch 101/1311] BatchTime = 0.679 (s) DataTime = 0.001 (s) Losses = ['6.0994', '3.1162'] lr = 0.0000500
2025-10-29 14:26:16,891 - PCN - INFO - [Epoch 95/150][Batch 201/1311] BatchTime = 0.378 (s) DataTime = 0.001 (s) Losses = ['4.9880', '2.5203'] lr = 0.0000500
2025-10-29 14:27:16,528 - PCN - INFO - [Epoch 95/150][Batch 301/1311] BatchTime = 0.452 (s) DataTime = 0.001 (s) Losses = ['4.9203', '2.4437'] lr = 0.0000500
2025-10-29 14:28:18,191 - PCN - INFO - [Epoch 95/150][Batch 401/1311] BatchTime = 0.486 (s) DataTime = 0.001 (s) Losses = ['5.0440', '2.5405'] lr = 0.0000500
2025-10-29 14:29:17,629 - PCN - INFO - [Epoch 95/150][Batch 501/1311] BatchTime = 0.477 (s) DataTime = 0.001 (s) Losses = ['5.4425', '2.8273'] lr = 0.0000500
2025-10-29 14:30:14,873 - PCN - INFO - [Epoch 95/150][Batch 601/1311] BatchTime = 0.466 (s) DataTime = 0.001 (s) Losses = ['5.2352', '2.7707'] lr = 0.0000500
2025-10-29 14:31:16,938 - PCN - INFO - [Epoch 95/150][Batch 701/1311] BatchTime = 0.896 (s) DataTime = 0.001 (s) Losses = ['5.6816', '2.9048'] lr = 0.0000500
2025-10-29 14:32:17,356 - PCN - INFO - [Epoch 95/150][Batch 801/1311] BatchTime = 0.636 (s) DataTime = 0.001 (s) Losses = ['4.8080', '2.2979'] lr = 0.0000500
2025-10-29 14:33:21,096 - PCN - INFO - [Epoch 95/150][Batch 901/1311] BatchTime = 1.416 (s) DataTime = 0.001 (s) Losses = ['4.3402', '2.1800'] lr = 0.0000500
2025-10-29 14:34:21,043 - PCN - INFO - [Epoch 95/150][Batch 1001/1311] BatchTime = 0.518 (s) DataTime = 0.001 (s) Losses = ['5.1843', '2.5875'] lr = 0.0000500
2025-10-29 14:35:20,678 - PCN - INFO - [Epoch 95/150][Batch 1101/1311] BatchTime = 0.468 (s) DataTime = 0.001 (s) Losses = ['5.9500', '2.9860'] lr = 0.0000500
2025-10-29 14:36:19,365 - PCN - INFO - [Epoch 95/150][Batch 1201/1311] BatchTime = 0.867 (s) DataTime = 0.001 (s) Losses = ['5.2789', '2.6822'] lr = 0.0000500
2025-10-29 14:37:19,774 - PCN - INFO - [Epoch 95/150][Batch 1301/1311] BatchTime = 0.554 (s) DataTime = 0.001 (s) Losses = ['5.5871', '2.7708'] lr = 0.0000500
2025-10-29 14:37:26,193 - PCN - INFO - [Training] EPOCH: 95 EpochTime = 785.311 (s) Losses = ['5.2705', '2.6905']
2025-10-29 14:37:26,193 - PCN - INFO - [VALIDATION] Start validating epoch 95
2025-10-29 14:38:02,613 - PCN - INFO - Test[1051/10518] Taxonomy = 02691156 Sample = c7749c0a8b61f43bc9b9e28055202e3d Losses = ['31.4716', '2.9945', '20.7543', '1.4923'] Metrics = ['0.2407', '20.7543', '1.4923', '0.0000']
2025-10-29 14:38:38,526 - PCN - INFO - Test[2102/10518] Taxonomy = 03211117 Sample = ab2f9418c111cc6ddb965514105122a4 Losses = ['33.2629', '2.6982', '22.9585', '1.4345'] Metrics = ['0.1296', '22.9585', '1.4345', '0.0000']
2025-10-29 14:39:12,389 - PCN - INFO - Test[3153/10518] Taxonomy = 02876657 Sample = c5032e4be091aabb36fe7a88df793982 Losses = ['54.6047', '8.2177', '39.6941', '4.5859'] Metrics = ['0.0440', '39.6941', '4.5859', '0.0000']
2025-10-29 14:39:49,749 - PCN - INFO - Test[4204/10518] Taxonomy = 03211117 Sample = 722df1da5778d45b1e43523279c7f09f Losses = ['56.7415', '8.2184', '41.0288', '5.1023'] Metrics = ['0.0590', '41.0288', '5.1023', '0.0000']
2025-10-29 14:40:24,967 - PCN - INFO - Test[5255/10518] Taxonomy = 02828884 Sample = 14b63361a48a9fffe4a048c146e8bd43 Losses = ['43.0044', '5.0808', '30.8849', '2.8286'] Metrics = ['0.0919', '30.8849', '2.8286', '0.0000']
2025-10-29 14:40:59,658 - PCN - INFO - Test[6306/10518] Taxonomy = 03211117 Sample = d330d50a0255529d19ed6e1a590c9122 Losses = ['31.7561', '2.8308', '21.2249', '1.2903'] Metrics = ['0.1242', '21.2249', '1.2903', '0.0000']
2025-10-29 14:41:33,547 - PCN - INFO - Test[7357/10518] Taxonomy = 04379243 Sample = b1ca280d9567270ade98d10ab5975b59 Losses = ['70.4918', '15.7354', '33.7421', '5.0081'] Metrics = ['0.0813', '33.7421', '5.0081', '0.0000']
2025-10-29 14:42:08,536 - PCN - INFO - Test[8408/10518] Taxonomy = 03001627 Sample = 89208a619341d9fdb8c516ed5c4ce32 Losses = ['42.1419', '4.7555', '26.1813', '1.8927'] Metrics = ['0.0786', '26.1813', '1.8927', '0.0000']
2025-10-29 14:42:43,326 - PCN - INFO - Test[9459/10518] Taxonomy = 03001627 Sample = d0255120e3351121c3bd24f986301745 Losses = ['50.0926', '6.7207', '33.3937', '3.2634'] Metrics = ['0.0514', '33.3937', '3.2634', '0.0000']
2025-10-29 14:43:18,780 - PCN - INFO - Test[10510/10518] Taxonomy = 03636649 Sample = ea9ec4d9db2e06202471e6dd5ac3ef92 Losses = ['32.6651', '3.3720', '22.0968', '1.9839'] Metrics = ['0.2952', '22.0968', '1.9839', '0.0000']
2025-10-29 14:43:19,007 - PCN - INFO - [Validation] EPOCH: 95  Metrics = ['0.1274', '29.2844', '3.0808', '0.0000']
2025-10-29 14:43:19,007 - PCN - INFO - ============================ TEST RESULTS ============================
2025-10-29 14:43:19,007 - PCN - INFO - Taxonomy	#Sample	F-Score	CDL1	CDL2	EMDistance	#ModelName	
2025-10-29 14:43:19,007 - PCN - INFO - 03759954	14	0.188 	32.017 	4.831 	0.000 	microphone	
2025-10-29 14:43:19,007 - PCN - INFO - 04330267	44	0.078 	32.517 	3.612 	0.000 	stove	
2025-10-29 14:43:19,007 - PCN - INFO - 03261776	15	0.098 	32.948 	3.821 	0.000 	earphone	
2025-10-29 14:43:19,007 - PCN - INFO - 03513137	33	0.042 	44.948 	7.237 	0.000 	helmet	
2025-10-29 14:43:19,007 - PCN - INFO - 04460130	27	0.144 	29.084 	3.180 	0.000 	tower	
2025-10-29 14:43:19,007 - PCN - INFO - 04468005	78	0.142 	24.182 	1.823 	0.000 	train	
2025-10-29 14:43:19,007 - PCN - INFO - 03761084	31	0.050 	32.874 	3.378 	0.000 	microwaves	
2025-10-29 14:43:19,007 - PCN - INFO - 04004475	34	0.051 	38.733 	4.914 	0.000 	printer	
2025-10-29 14:43:19,007 - PCN - INFO - 03938244	20	0.055 	38.093 	4.595 	0.000 	pillow	
2025-10-29 14:43:19,007 - PCN - INFO - 02992529	167	0.151 	20.770 	1.238 	0.000 	cellphone	
2025-10-29 14:43:19,007 - PCN - INFO - 02808440	172	0.077 	31.330 	3.249 	0.000 	bathtub	
2025-10-29 14:43:19,007 - PCN - INFO - 04530566	388	0.184 	23.116 	1.831 	0.000 	watercraft	
2025-10-29 14:43:19,007 - PCN - INFO - 02871439	91	0.078 	32.292 	3.548 	0.000 	bookshelf	
2025-10-29 14:43:19,007 - PCN - INFO - 03593526	120	0.073 	35.481 	4.430 	0.000 	jar	
2025-10-29 14:43:19,007 - PCN - INFO - 04554684	34	0.045 	34.813 	3.727 	0.000 	washer	
2025-10-29 14:43:19,007 - PCN - INFO - 03467517	160	0.485 	12.996 	0.573 	0.000 	guitar	
2025-10-29 14:43:19,007 - PCN - INFO - 04401088	218	0.150 	20.920 	1.336 	0.000 	telephone	
2025-10-29 14:43:19,007 - PCN - INFO - 02954340	12	0.063 	33.988 	3.809 	0.000 	cap	
2025-10-29 14:43:19,007 - PCN - INFO - 02933112	315	0.079 	28.355 	2.432 	0.000 	cabinet	
2025-10-29 14:43:19,007 - PCN - INFO - 03642806	92	0.132 	21.485 	1.352 	0.000 	laptop	
2025-10-29 14:43:19,008 - PCN - INFO - 02924116	188	0.120 	24.221 	1.742 	0.000 	bus	
2025-10-29 14:43:19,008 - PCN - INFO - 02946921	22	0.065 	31.730 	3.369 	0.000 	can	
2025-10-29 14:43:19,008 - PCN - INFO - 02818832	47	0.060 	37.365 	4.865 	0.000 	bed	
2025-10-29 14:43:19,008 - PCN - INFO - 04256520	635	0.070 	29.798 	2.620 	0.000 	sofa	
2025-10-29 14:43:19,008 - PCN - INFO - 04379243	1687	0.142 	26.330 	2.696 	0.000 	table	
2025-10-29 14:43:19,008 - PCN - INFO - 02747177	69	0.056 	32.004 	3.213 	0.000 	trash bin	
2025-10-29 14:43:19,008 - PCN - INFO - 03046257	131	0.085 	31.397 	3.375 	0.000 	clock	
2025-10-29 14:43:19,008 - PCN - INFO - 04225987	31	0.206 	21.251 	1.469 	0.000 	skateboard	
2025-10-29 14:43:19,008 - PCN - INFO - 03797390	43	0.049 	32.948 	3.483 	0.000 	mug	
2025-10-29 14:43:19,008 - PCN - INFO - 03001627	1356	0.106 	28.973 	2.816 	0.000 	chair	
2025-10-29 14:43:19,008 - PCN - INFO - 03691459	320	0.064 	34.336 	3.929 	0.000 	loudspeaker	
2025-10-29 14:43:19,008 - PCN - INFO - 02942699	23	0.049 	43.569 	6.587 	0.000 	camera	
2025-10-29 14:43:19,008 - PCN - INFO - 03636649	464	0.162 	32.569 	4.632 	0.000 	lamp	
2025-10-29 14:43:19,008 - PCN - INFO - 02691156	809	0.264 	19.353 	1.334 	0.000 	airplane	
2025-10-29 14:43:19,008 - PCN - INFO - 02773838	17	0.065 	36.647 	4.408 	0.000 	bag	
2025-10-29 14:43:19,008 - PCN - INFO - 02958343	703	0.086 	26.425 	2.008 	0.000 	car	
2025-10-29 14:43:19,008 - PCN - INFO - 02880940	38	0.054 	33.172 	3.473 	0.000 	bowl	
2025-10-29 14:43:19,008 - PCN - INFO - 04099429	17	0.309 	20.226 	1.577 	0.000 	rocket	
2025-10-29 14:43:19,008 - PCN - INFO - 02828884	363	0.168 	24.386 	2.174 	0.000 	bench	
2025-10-29 14:43:19,008 - PCN - INFO - 04090263	475	0.411 	15.627 	0.925 	0.000 	rifle	
2025-10-29 14:43:19,008 - PCN - INFO - 03211117	219	0.095 	27.668 	2.457 	0.000 	display	
2025-10-29 14:43:19,008 - PCN - INFO - 02876657	100	0.152 	24.217 	2.008 	0.000 	bottle	
2025-10-29 14:43:19,008 - PCN - INFO - 03710193	19	0.156 	27.682 	2.717 	0.000 	mailbox	
2025-10-29 14:43:19,008 - PCN - INFO - 03790512	68	0.108 	26.887 	2.364 	0.000 	motorbike	
2025-10-29 14:43:19,008 - PCN - INFO - 03325088	149	0.126 	33.477 	4.385 	0.000 	faucet	
2025-10-29 14:43:19,008 - PCN - INFO - 02801938	23	0.052 	36.036 	4.386 	0.000 	basket	
2025-10-29 14:43:19,008 - PCN - INFO - 03337140	60	0.076 	30.592 	3.080 	0.000 	file cabinet	
2025-10-29 14:43:19,008 - PCN - INFO - 02843684	15	0.060 	39.316 	5.383 	0.000 	birdhouse	
2025-10-29 14:43:19,008 - PCN - INFO - 03624134	85	0.457 	14.376 	0.780 	0.000 	knife	
2025-10-29 14:43:19,008 - PCN - INFO - 03991062	121	0.054 	38.986 	5.159 	0.000 	flowerpot	
2025-10-29 14:43:19,008 - PCN - INFO - 03948459	62	0.228 	19.497 	1.167 	0.000 	pistol	
2025-10-29 14:43:19,008 - PCN - INFO - 03928116	48	0.068 	33.997 	3.800 	0.000 	piano	
2025-10-29 14:43:19,008 - PCN - INFO - 03207941	19	0.050 	32.222 	3.156 	0.000 	dishwasher	
2025-10-29 14:43:19,008 - PCN - INFO - 04074963	14	0.145 	23.900 	1.737 	0.000 	remote	
2025-10-29 14:43:19,008 - PCN - INFO - 03085013	13	0.226 	18.518 	1.248 	0.000 	keyboard	
2025-10-29 14:43:19,008 - PCN - INFO - Overall		0.127 	29.284 	3.081 	0.000 	
2025-10-29 14:43:19,088 - PCN - INFO - Save checkpoint at ./experiments/PCN/ShapeNet55_models/PCN_fog/ckpt-best.pth
2025-10-29 14:43:19,165 - PCN - INFO - Save checkpoint at ./experiments/PCN/ShapeNet55_models/PCN_fog/ckpt-last.pth
2025-10-29 14:43:20,021 - PCN - INFO - [Epoch 96/150][Batch 1/1311] BatchTime = 0.856 (s) DataTime = 0.093 (s) Losses = ['6.0137', '3.6139'] lr = 0.0000500
2025-10-29 14:44:20,411 - PCN - INFO - [Epoch 96/150][Batch 101/1311] BatchTime = 0.465 (s) DataTime = 0.001 (s) Losses = ['6.2771', '3.1078'] lr = 0.0000500
2025-10-29 14:45:19,750 - PCN - INFO - [Epoch 96/150][Batch 201/1311] BatchTime = 0.707 (s) DataTime = 0.001 (s) Losses = ['5.1369', '2.5699'] lr = 0.0000500
2025-10-29 14:46:22,143 - PCN - INFO - [Epoch 96/150][Batch 301/1311] BatchTime = 0.582 (s) DataTime = 0.001 (s) Losses = ['4.3467', '2.1983'] lr = 0.0000500
2025-10-29 14:47:22,425 - PCN - INFO - [Epoch 96/150][Batch 401/1311] BatchTime = 0.459 (s) DataTime = 0.001 (s) Losses = ['5.4215', '2.7914'] lr = 0.0000500
2025-10-29 14:48:24,017 - PCN - INFO - [Epoch 96/150][Batch 501/1311] BatchTime = 0.491 (s) DataTime = 0.001 (s) Losses = ['6.0336', '3.3605'] lr = 0.0000500
2025-10-29 14:49:24,722 - PCN - INFO - [Epoch 96/150][Batch 601/1311] BatchTime = 0.537 (s) DataTime = 0.001 (s) Losses = ['5.2834', '2.4811'] lr = 0.0000500
2025-10-29 14:50:25,440 - PCN - INFO - [Epoch 96/150][Batch 701/1311] BatchTime = 0.631 (s) DataTime = 0.001 (s) Losses = ['4.6371', '2.4335'] lr = 0.0000500
2025-10-29 14:51:25,540 - PCN - INFO - [Epoch 96/150][Batch 801/1311] BatchTime = 0.911 (s) DataTime = 0.001 (s) Losses = ['4.4654', '2.0864'] lr = 0.0000500
2025-10-29 14:52:24,483 - PCN - INFO - [Epoch 96/150][Batch 901/1311] BatchTime = 0.471 (s) DataTime = 0.001 (s) Losses = ['6.5463', '3.5142'] lr = 0.0000500
2025-10-29 14:53:23,029 - PCN - INFO - [Epoch 96/150][Batch 1001/1311] BatchTime = 0.486 (s) DataTime = 0.001 (s) Losses = ['5.6549', '2.8256'] lr = 0.0000500
2025-10-29 14:54:20,559 - PCN - INFO - [Epoch 96/150][Batch 1101/1311] BatchTime = 0.636 (s) DataTime = 0.001 (s) Losses = ['4.9115', '2.3598'] lr = 0.0000500
2025-10-29 14:55:21,427 - PCN - INFO - [Epoch 96/150][Batch 1201/1311] BatchTime = 0.745 (s) DataTime = 0.001 (s) Losses = ['5.2737', '2.6774'] lr = 0.0000500
2025-10-29 14:56:19,849 - PCN - INFO - [Epoch 96/150][Batch 1301/1311] BatchTime = 0.755 (s) DataTime = 0.001 (s) Losses = ['5.1008', '2.6322'] lr = 0.0000500
2025-10-29 14:56:25,446 - PCN - INFO - [Training] EPOCH: 96 EpochTime = 786.280 (s) Losses = ['5.2674', '2.6885']
2025-10-29 14:56:25,524 - PCN - INFO - Save checkpoint at ./experiments/PCN/ShapeNet55_models/PCN_fog/ckpt-last.pth
2025-10-29 14:56:26,271 - PCN - INFO - [Epoch 97/150][Batch 1/1311] BatchTime = 0.747 (s) DataTime = 0.083 (s) Losses = ['4.5631', '2.3075'] lr = 0.0000500
2025-10-29 14:57:26,667 - PCN - INFO - [Epoch 97/150][Batch 101/1311] BatchTime = 0.574 (s) DataTime = 0.001 (s) Losses = ['4.4667', '2.2038'] lr = 0.0000500
2025-10-29 14:58:26,831 - PCN - INFO - [Epoch 97/150][Batch 201/1311] BatchTime = 0.428 (s) DataTime = 0.001 (s) Losses = ['5.7436', '2.9735'] lr = 0.0000500
2025-10-29 14:59:26,183 - PCN - INFO - [Epoch 97/150][Batch 301/1311] BatchTime = 0.556 (s) DataTime = 0.001 (s) Losses = ['5.1663', '2.5833'] lr = 0.0000500
2025-10-29 15:00:26,139 - PCN - INFO - [Epoch 97/150][Batch 401/1311] BatchTime = 0.479 (s) DataTime = 0.001 (s) Losses = ['4.3563', '2.2544'] lr = 0.0000500
2025-10-29 15:01:24,070 - PCN - INFO - [Epoch 97/150][Batch 501/1311] BatchTime = 0.921 (s) DataTime = 0.001 (s) Losses = ['5.8986', '3.3512'] lr = 0.0000500
2025-10-29 15:02:23,106 - PCN - INFO - [Epoch 97/150][Batch 601/1311] BatchTime = 0.853 (s) DataTime = 0.001 (s) Losses = ['5.5742', '3.0019'] lr = 0.0000500
2025-10-29 15:03:20,391 - PCN - INFO - [Epoch 97/150][Batch 701/1311] BatchTime = 0.488 (s) DataTime = 0.001 (s) Losses = ['6.2624', '3.2069'] lr = 0.0000500
2025-10-29 15:04:19,814 - PCN - INFO - [Epoch 97/150][Batch 801/1311] BatchTime = 0.735 (s) DataTime = 0.001 (s) Losses = ['6.6164', '3.2611'] lr = 0.0000500
2025-10-29 15:05:22,369 - PCN - INFO - [Epoch 97/150][Batch 901/1311] BatchTime = 0.564 (s) DataTime = 0.001 (s) Losses = ['4.9223', '2.4104'] lr = 0.0000500
2025-10-29 15:06:21,798 - PCN - INFO - [Epoch 97/150][Batch 1001/1311] BatchTime = 0.684 (s) DataTime = 0.001 (s) Losses = ['4.9858', '2.5661'] lr = 0.0000500
2025-10-29 15:07:21,289 - PCN - INFO - [Epoch 97/150][Batch 1101/1311] BatchTime = 0.746 (s) DataTime = 0.001 (s) Losses = ['5.5025', '2.8087'] lr = 0.0000500
2025-10-29 15:08:20,563 - PCN - INFO - [Epoch 97/150][Batch 1201/1311] BatchTime = 0.662 (s) DataTime = 0.001 (s) Losses = ['5.4702', '2.7955'] lr = 0.0000500
2025-10-29 15:09:20,980 - PCN - INFO - [Epoch 97/150][Batch 1301/1311] BatchTime = 0.693 (s) DataTime = 0.001 (s) Losses = ['4.5296', '2.2663'] lr = 0.0000500
2025-10-29 15:09:27,591 - PCN - INFO - [Training] EPOCH: 97 EpochTime = 782.067 (s) Losses = ['5.2735', '2.6951']
2025-10-29 15:09:27,668 - PCN - INFO - Save checkpoint at ./experiments/PCN/ShapeNet55_models/PCN_fog/ckpt-last.pth
2025-10-29 15:09:28,015 - PCN - INFO - [Epoch 98/150][Batch 1/1311] BatchTime = 0.347 (s) DataTime = 0.084 (s) Losses = ['4.7338', '2.4169'] lr = 0.0000500
2025-10-29 15:10:23,693 - PCN - INFO - [Epoch 98/150][Batch 101/1311] BatchTime = 0.663 (s) DataTime = 0.001 (s) Losses = ['6.0698', '3.0497'] lr = 0.0000500
2025-10-29 15:11:22,682 - PCN - INFO - [Epoch 98/150][Batch 201/1311] BatchTime = 0.479 (s) DataTime = 0.001 (s) Losses = ['4.3956', '2.1980'] lr = 0.0000500
2025-10-29 15:12:24,362 - PCN - INFO - [Epoch 98/150][Batch 301/1311] BatchTime = 0.503 (s) DataTime = 0.001 (s) Losses = ['5.5810', '2.8215'] lr = 0.0000500
2025-10-29 15:13:24,904 - PCN - INFO - [Epoch 98/150][Batch 401/1311] BatchTime = 0.711 (s) DataTime = 0.001 (s) Losses = ['5.2297', '2.4705'] lr = 0.0000500
2025-10-29 15:14:22,911 - PCN - INFO - [Epoch 98/150][Batch 501/1311] BatchTime = 0.489 (s) DataTime = 0.001 (s) Losses = ['5.7139', '2.9614'] lr = 0.0000500
2025-10-29 15:15:23,018 - PCN - INFO - [Epoch 98/150][Batch 601/1311] BatchTime = 0.421 (s) DataTime = 0.001 (s) Losses = ['4.5202', '2.3430'] lr = 0.0000500
2025-10-29 15:16:21,920 - PCN - INFO - [Epoch 98/150][Batch 701/1311] BatchTime = 0.648 (s) DataTime = 0.001 (s) Losses = ['5.7279', '3.1695'] lr = 0.0000500
2025-10-29 15:17:20,983 - PCN - INFO - [Epoch 98/150][Batch 801/1311] BatchTime = 0.470 (s) DataTime = 0.001 (s) Losses = ['5.4429', '2.6459'] lr = 0.0000500
2025-10-29 15:18:21,228 - PCN - INFO - [Epoch 98/150][Batch 901/1311] BatchTime = 0.682 (s) DataTime = 0.001 (s) Losses = ['4.7340', '2.3533'] lr = 0.0000500
2025-10-29 15:19:22,937 - PCN - INFO - [Epoch 98/150][Batch 1001/1311] BatchTime = 0.572 (s) DataTime = 0.001 (s) Losses = ['4.8780', '2.3840'] lr = 0.0000500
2025-10-29 15:20:20,930 - PCN - INFO - [Epoch 98/150][Batch 1101/1311] BatchTime = 0.772 (s) DataTime = 0.001 (s) Losses = ['4.2469', '2.2587'] lr = 0.0000500
2025-10-29 15:21:24,462 - PCN - INFO - [Epoch 98/150][Batch 1201/1311] BatchTime = 0.581 (s) DataTime = 0.001 (s) Losses = ['5.9535', '2.8580'] lr = 0.0000500
2025-10-29 15:22:23,602 - PCN - INFO - [Epoch 98/150][Batch 1301/1311] BatchTime = 0.471 (s) DataTime = 0.001 (s) Losses = ['5.7319', '2.8662'] lr = 0.0000500
2025-10-29 15:22:30,788 - PCN - INFO - [Training] EPOCH: 98 EpochTime = 783.121 (s) Losses = ['5.2753', '2.6935']
2025-10-29 15:22:30,869 - PCN - INFO - Save checkpoint at ./experiments/PCN/ShapeNet55_models/PCN_fog/ckpt-last.pth
2025-10-29 15:22:31,573 - PCN - INFO - [Epoch 99/150][Batch 1/1311] BatchTime = 0.704 (s) DataTime = 0.093 (s) Losses = ['4.8906', '2.7894'] lr = 0.0000500
2025-10-29 15:23:32,872 - PCN - INFO - [Epoch 99/150][Batch 101/1311] BatchTime = 0.566 (s) DataTime = 0.001 (s) Losses = ['4.0222', '2.0762'] lr = 0.0000500
2025-10-29 15:24:34,264 - PCN - INFO - [Epoch 99/150][Batch 201/1311] BatchTime = 0.644 (s) DataTime = 0.001 (s) Losses = ['5.9325', '3.2220'] lr = 0.0000500
2025-10-29 15:25:34,913 - PCN - INFO - [Epoch 99/150][Batch 301/1311] BatchTime = 0.707 (s) DataTime = 0.001 (s) Losses = ['4.9428', '2.5800'] lr = 0.0000500
2025-10-29 15:26:38,224 - PCN - INFO - [Epoch 99/150][Batch 401/1311] BatchTime = 0.440 (s) DataTime = 0.001 (s) Losses = ['4.8459', '2.6371'] lr = 0.0000500
2025-10-29 15:27:38,974 - PCN - INFO - [Epoch 99/150][Batch 501/1311] BatchTime = 0.833 (s) DataTime = 0.001 (s) Losses = ['5.6417', '2.9731'] lr = 0.0000500
2025-10-29 15:28:40,036 - PCN - INFO - [Epoch 99/150][Batch 601/1311] BatchTime = 0.514 (s) DataTime = 0.001 (s) Losses = ['5.3917', '2.8279'] lr = 0.0000500
2025-10-29 15:29:39,672 - PCN - INFO - [Epoch 99/150][Batch 701/1311] BatchTime = 0.776 (s) DataTime = 0.001 (s) Losses = ['7.2681', '4.0357'] lr = 0.0000500
2025-10-29 15:30:40,370 - PCN - INFO - [Epoch 99/150][Batch 801/1311] BatchTime = 0.454 (s) DataTime = 0.001 (s) Losses = ['4.6059', '2.2942'] lr = 0.0000500
2025-10-29 15:31:40,710 - PCN - INFO - [Epoch 99/150][Batch 901/1311] BatchTime = 0.571 (s) DataTime = 0.001 (s) Losses = ['4.9231', '2.4458'] lr = 0.0000500
2025-10-29 15:32:39,497 - PCN - INFO - [Epoch 99/150][Batch 1001/1311] BatchTime = 0.728 (s) DataTime = 0.001 (s) Losses = ['4.5604', '2.3654'] lr = 0.0000500
2025-10-29 15:33:40,087 - PCN - INFO - [Epoch 99/150][Batch 1101/1311] BatchTime = 0.567 (s) DataTime = 0.001 (s) Losses = ['5.2468', '2.6220'] lr = 0.0000500
2025-10-29 15:34:38,785 - PCN - INFO - [Epoch 99/150][Batch 1201/1311] BatchTime = 0.349 (s) DataTime = 0.001 (s) Losses = ['4.0640', '1.9306'] lr = 0.0000500
2025-10-29 15:35:38,963 - PCN - INFO - [Epoch 99/150][Batch 1301/1311] BatchTime = 0.481 (s) DataTime = 0.001 (s) Losses = ['5.8473', '3.5149'] lr = 0.0000500
2025-10-29 15:35:44,775 - PCN - INFO - [Training] EPOCH: 99 EpochTime = 793.905 (s) Losses = ['5.2516', '2.6707']
2025-10-29 15:35:44,846 - PCN - INFO - Save checkpoint at ./experiments/PCN/ShapeNet55_models/PCN_fog/ckpt-last.pth
2025-10-29 15:35:45,737 - PCN - INFO - [Epoch 100/150][Batch 1/1311] BatchTime = 0.891 (s) DataTime = 0.091 (s) Losses = ['4.9227', '2.4472'] lr = 0.0000250
2025-10-29 15:36:49,167 - PCN - INFO - [Epoch 100/150][Batch 101/1311] BatchTime = 0.751 (s) DataTime = 0.001 (s) Losses = ['4.2655', '2.0963'] lr = 0.0000250
2025-10-29 15:37:50,179 - PCN - INFO - [Epoch 100/150][Batch 201/1311] BatchTime = 0.684 (s) DataTime = 0.001 (s) Losses = ['4.4117', '2.1756'] lr = 0.0000250
2025-10-29 15:38:50,508 - PCN - INFO - [Epoch 100/150][Batch 301/1311] BatchTime = 0.686 (s) DataTime = 0.001 (s) Losses = ['4.7018', '2.3857'] lr = 0.0000250
2025-10-29 15:39:49,871 - PCN - INFO - [Epoch 100/150][Batch 401/1311] BatchTime = 0.451 (s) DataTime = 0.001 (s) Losses = ['4.7583', '2.4956'] lr = 0.0000250
2025-10-29 15:40:49,794 - PCN - INFO - [Epoch 100/150][Batch 501/1311] BatchTime = 0.836 (s) DataTime = 0.001 (s) Losses = ['3.7558', '1.8260'] lr = 0.0000250
2025-10-29 15:41:49,607 - PCN - INFO - [Epoch 100/150][Batch 601/1311] BatchTime = 0.489 (s) DataTime = 0.001 (s) Losses = ['4.9015', '2.4438'] lr = 0.0000250
2025-10-29 15:42:49,417 - PCN - INFO - [Epoch 100/150][Batch 701/1311] BatchTime = 0.744 (s) DataTime = 0.001 (s) Losses = ['6.3615', '3.1010'] lr = 0.0000250
2025-10-29 15:43:49,173 - PCN - INFO - [Epoch 100/150][Batch 801/1311] BatchTime = 0.838 (s) DataTime = 0.001 (s) Losses = ['4.2059', '2.0515'] lr = 0.0000250
2025-10-29 15:44:47,576 - PCN - INFO - [Epoch 100/150][Batch 901/1311] BatchTime = 0.394 (s) DataTime = 0.001 (s) Losses = ['4.5584', '2.1248'] lr = 0.0000250
2025-10-29 15:45:48,309 - PCN - INFO - [Epoch 100/150][Batch 1001/1311] BatchTime = 0.553 (s) DataTime = 0.001 (s) Losses = ['4.4431', '2.3924'] lr = 0.0000250
2025-10-29 15:46:47,162 - PCN - INFO - [Epoch 100/150][Batch 1101/1311] BatchTime = 0.560 (s) DataTime = 0.001 (s) Losses = ['6.1596', '3.0403'] lr = 0.0000250
2025-10-29 15:47:50,714 - PCN - INFO - [Epoch 100/150][Batch 1201/1311] BatchTime = 0.613 (s) DataTime = 0.001 (s) Losses = ['4.8565', '2.2276'] lr = 0.0000250
2025-10-29 15:48:52,511 - PCN - INFO - [Epoch 100/150][Batch 1301/1311] BatchTime = 0.780 (s) DataTime = 0.001 (s) Losses = ['5.4850', '2.6687'] lr = 0.0000250
2025-10-29 15:48:57,757 - PCN - INFO - [Training] EPOCH: 100 EpochTime = 792.910 (s) Losses = ['5.1512', '2.5916']
2025-10-29 15:48:57,757 - PCN - INFO - [VALIDATION] Start validating epoch 100
2025-10-29 15:49:35,234 - PCN - INFO - Test[1051/10518] Taxonomy = 02691156 Sample = c7749c0a8b61f43bc9b9e28055202e3d Losses = ['33.7058', '4.0233', '24.2599', '2.1989'] Metrics = ['0.2143', '24.2599', '2.1989', '0.0000']
2025-10-29 15:50:08,264 - PCN - INFO - Test[2102/10518] Taxonomy = 03211117 Sample = ab2f9418c111cc6ddb965514105122a4 Losses = ['44.2018', '4.3275', '30.6462', '2.3648'] Metrics = ['0.0393', '30.6462', '2.3648', '0.0000']
2025-10-29 15:50:42,194 - PCN - INFO - Test[3153/10518] Taxonomy = 02876657 Sample = c5032e4be091aabb36fe7a88df793982 Losses = ['64.1229', '11.1270', '46.3560', '6.3274'] Metrics = ['0.0369', '46.3560', '6.3274', '0.0000']
2025-10-29 15:51:19,596 - PCN - INFO - Test[4204/10518] Taxonomy = 03211117 Sample = 722df1da5778d45b1e43523279c7f09f Losses = ['51.2720', '6.9676', '36.4287', '4.4220'] Metrics = ['0.0746', '36.4287', '4.4220', '0.0000']
2025-10-29 15:51:55,397 - PCN - INFO - Test[5255/10518] Taxonomy = 02828884 Sample = 14b63361a48a9fffe4a048c146e8bd43 Losses = ['42.1306', '4.7419', '29.8231', '2.9463'] Metrics = ['0.1002', '29.8231', '2.9463', '0.0000']
2025-10-29 15:52:30,517 - PCN - INFO - Test[6306/10518] Taxonomy = 03211117 Sample = d330d50a0255529d19ed6e1a590c9122 Losses = ['31.5136', '2.9097', '21.0276', '1.3935'] Metrics = ['0.1523', '21.0276', '1.3935', '0.0000']
2025-10-29 15:53:04,655 - PCN - INFO - Test[7357/10518] Taxonomy = 04379243 Sample = b1ca280d9567270ade98d10ab5975b59 Losses = ['40.2631', '5.0967', '25.8684', '2.1252'] Metrics = ['0.0803', '25.8684', '2.1252', '0.0000']
2025-10-29 15:53:40,687 - PCN - INFO - Test[8408/10518] Taxonomy = 03001627 Sample = 89208a619341d9fdb8c516ed5c4ce32 Losses = ['41.7416', '4.6062', '27.9746', '2.2521'] Metrics = ['0.0824', '27.9746', '2.2521', '0.0000']
2025-10-29 15:54:15,827 - PCN - INFO - Test[9459/10518] Taxonomy = 03001627 Sample = d0255120e3351121c3bd24f986301745 Losses = ['50.9556', '7.1114', '35.4203', '3.8491'] Metrics = ['0.0596', '35.4203', '3.8491', '0.0000']
2025-10-29 15:54:49,367 - PCN - INFO - Test[10510/10518] Taxonomy = 03636649 Sample = ea9ec4d9db2e06202471e6dd5ac3ef92 Losses = ['31.2393', '3.3833', '21.1301', '1.7598'] Metrics = ['0.3295', '21.1301', '1.7598', '0.0000']
2025-10-29 15:54:49,690 - PCN - INFO - [Validation] EPOCH: 100  Metrics = ['0.1335', '28.6732', '2.9793', '0.0000']
2025-10-29 15:54:49,690 - PCN - INFO - ============================ TEST RESULTS ============================
2025-10-29 15:54:49,690 - PCN - INFO - Taxonomy	#Sample	F-Score	CDL1	CDL2	EMDistance	#ModelName	
2025-10-29 15:54:49,690 - PCN - INFO - 03759954	14	0.185 	31.819 	5.203 	0.000 	microphone	
2025-10-29 15:54:49,690 - PCN - INFO - 04330267	44	0.073 	32.242 	3.359 	0.000 	stove	
2025-10-29 15:54:49,690 - PCN - INFO - 03261776	15	0.103 	33.995 	4.398 	0.000 	earphone	
2025-10-29 15:54:49,690 - PCN - INFO - 03513137	33	0.044 	42.911 	6.491 	0.000 	helmet	
2025-10-29 15:54:49,690 - PCN - INFO - 04460130	27	0.160 	27.111 	2.607 	0.000 	tower	
2025-10-29 15:54:49,690 - PCN - INFO - 04468005	78	0.159 	22.980 	1.718 	0.000 	train	
2025-10-29 15:54:49,690 - PCN - INFO - 03761084	31	0.053 	31.882 	3.199 	0.000 	microwaves	
2025-10-29 15:54:49,690 - PCN - INFO - 04004475	34	0.051 	38.684 	4.919 	0.000 	printer	
2025-10-29 15:54:49,690 - PCN - INFO - 03938244	20	0.063 	35.461 	3.963 	0.000 	pillow	
2025-10-29 15:54:49,690 - PCN - INFO - 02992529	167	0.155 	20.371 	1.181 	0.000 	cellphone	
2025-10-29 15:54:49,690 - PCN - INFO - 02808440	172	0.082 	30.681 	3.145 	0.000 	bathtub	
2025-10-29 15:54:49,690 - PCN - INFO - 04530566	388	0.192 	22.582 	1.773 	0.000 	watercraft	
2025-10-29 15:54:49,690 - PCN - INFO - 02871439	91	0.080 	32.013 	3.527 	0.000 	bookshelf	
2025-10-29 15:54:49,690 - PCN - INFO - 03593526	120	0.075 	35.168 	4.381 	0.000 	jar	
2025-10-29 15:54:49,691 - PCN - INFO - 04554684	34	0.046 	33.872 	3.503 	0.000 	washer	
2025-10-29 15:54:49,691 - PCN - INFO - 03467517	160	0.521 	12.361 	0.513 	0.000 	guitar	
2025-10-29 15:54:49,691 - PCN - INFO - 04401088	218	0.154 	20.257 	1.227 	0.000 	telephone	
2025-10-29 15:54:49,691 - PCN - INFO - 02954340	12	0.066 	34.523 	4.441 	0.000 	cap	
2025-10-29 15:54:49,691 - PCN - INFO - 02933112	315	0.079 	27.870 	2.335 	0.000 	cabinet	
2025-10-29 15:54:49,691 - PCN - INFO - 03642806	92	0.134 	21.435 	1.378 	0.000 	laptop	
2025-10-29 15:54:49,691 - PCN - INFO - 02924116	188	0.141 	22.901 	1.622 	0.000 	bus	
2025-10-29 15:54:49,691 - PCN - INFO - 02946921	22	0.056 	32.779 	3.548 	0.000 	can	
2025-10-29 15:54:49,691 - PCN - INFO - 02818832	47	0.062 	37.025 	4.810 	0.000 	bed	
2025-10-29 15:54:49,691 - PCN - INFO - 04256520	635	0.070 	29.572 	2.602 	0.000 	sofa	
2025-10-29 15:54:49,691 - PCN - INFO - 04379243	1687	0.157 	25.336 	2.484 	0.000 	table	
2025-10-29 15:54:49,691 - PCN - INFO - 02747177	69	0.056 	31.884 	3.173 	0.000 	trash bin	
2025-10-29 15:54:49,691 - PCN - INFO - 03046257	131	0.086 	31.083 	3.240 	0.000 	clock	
2025-10-29 15:54:49,691 - PCN - INFO - 04225987	31	0.243 	19.914 	1.411 	0.000 	skateboard	
2025-10-29 15:54:49,691 - PCN - INFO - 03797390	43	0.046 	33.927 	3.732 	0.000 	mug	
2025-10-29 15:54:49,691 - PCN - INFO - 03001627	1356	0.107 	28.627 	2.748 	0.000 	chair	
2025-10-29 15:54:49,691 - PCN - INFO - 03691459	320	0.064 	33.853 	3.789 	0.000 	loudspeaker	
2025-10-29 15:54:49,691 - PCN - INFO - 02942699	23	0.047 	42.516 	6.182 	0.000 	camera	
2025-10-29 15:54:49,691 - PCN - INFO - 03636649	464	0.167 	32.432 	4.669 	0.000 	lamp	
2025-10-29 15:54:49,691 - PCN - INFO - 02691156	809	0.283 	18.535 	1.231 	0.000 	airplane	
2025-10-29 15:54:49,691 - PCN - INFO - 02773838	17	0.077 	34.327 	3.993 	0.000 	bag	
2025-10-29 15:54:49,691 - PCN - INFO - 02958343	703	0.091 	25.717 	1.901 	0.000 	car	
2025-10-29 15:54:49,691 - PCN - INFO - 02880940	38	0.054 	33.248 	3.508 	0.000 	bowl	
2025-10-29 15:54:49,691 - PCN - INFO - 04099429	17	0.351 	18.655 	1.326 	0.000 	rocket	
2025-10-29 15:54:49,691 - PCN - INFO - 02828884	363	0.171 	24.031 	2.126 	0.000 	bench	
2025-10-29 15:54:49,691 - PCN - INFO - 04090263	475	0.431 	15.003 	0.852 	0.000 	rifle	
2025-10-29 15:54:49,691 - PCN - INFO - 03211117	219	0.097 	27.284 	2.426 	0.000 	display	
2025-10-29 15:54:49,691 - PCN - INFO - 02876657	100	0.164 	23.289 	1.890 	0.000 	bottle	
2025-10-29 15:54:49,691 - PCN - INFO - 03710193	19	0.149 	29.004 	3.157 	0.000 	mailbox	
2025-10-29 15:54:49,691 - PCN - INFO - 03790512	68	0.113 	26.637 	2.300 	0.000 	motorbike	
2025-10-29 15:54:49,691 - PCN - INFO - 03325088	149	0.133 	32.125 	4.170 	0.000 	faucet	
2025-10-29 15:54:49,691 - PCN - INFO - 02801938	23	0.058 	33.852 	3.929 	0.000 	basket	
2025-10-29 15:54:49,691 - PCN - INFO - 03337140	60	0.077 	29.568 	2.782 	0.000 	file cabinet	
2025-10-29 15:54:49,691 - PCN - INFO - 02843684	15	0.061 	36.848 	4.386 	0.000 	birdhouse	
2025-10-29 15:54:49,691 - PCN - INFO - 03624134	85	0.483 	13.685 	0.701 	0.000 	knife	
2025-10-29 15:54:49,691 - PCN - INFO - 03991062	121	0.059 	38.125 	5.018 	0.000 	flowerpot	
2025-10-29 15:54:49,691 - PCN - INFO - 03948459	62	0.229 	19.791 	1.270 	0.000 	pistol	
2025-10-29 15:54:49,691 - PCN - INFO - 03928116	48	0.072 	34.429 	3.951 	0.000 	piano	
2025-10-29 15:54:49,691 - PCN - INFO - 03207941	19	0.050 	31.357 	2.996 	0.000 	dishwasher	
2025-10-29 15:54:49,691 - PCN - INFO - 04074963	14	0.143 	22.801 	1.543 	0.000 	remote	
2025-10-29 15:54:49,691 - PCN - INFO - 03085013	13	0.216 	18.650 	1.135 	0.000 	keyboard	
2025-10-29 15:54:49,691 - PCN - INFO - Overall		0.133 	28.673 	2.979 	0.000 	
2025-10-29 15:54:49,772 - PCN - INFO - Save checkpoint at ./experiments/PCN/ShapeNet55_models/PCN_fog/ckpt-best.pth
2025-10-29 15:54:49,849 - PCN - INFO - Save checkpoint at ./experiments/PCN/ShapeNet55_models/PCN_fog/ckpt-last.pth
2025-10-29 15:54:50,787 - PCN - INFO - [Epoch 101/150][Batch 1/1311] BatchTime = 0.937 (s) DataTime = 0.081 (s) Losses = ['5.1614', '2.5721'] lr = 0.0000250
2025-10-29 15:55:48,733 - PCN - INFO - [Epoch 101/150][Batch 101/1311] BatchTime = 0.540 (s) DataTime = 0.001 (s) Losses = ['4.6080', '2.2498'] lr = 0.0000250
2025-10-29 15:56:49,126 - PCN - INFO - [Epoch 101/150][Batch 201/1311] BatchTime = 0.549 (s) DataTime = 0.001 (s) Losses = ['4.1730', '2.1007'] lr = 0.0000250
2025-10-29 15:57:47,339 - PCN - INFO - [Epoch 101/150][Batch 301/1311] BatchTime = 0.263 (s) DataTime = 0.001 (s) Losses = ['4.5033', '2.2562'] lr = 0.0000250
2025-10-29 15:58:49,176 - PCN - INFO - [Epoch 101/150][Batch 401/1311] BatchTime = 0.357 (s) DataTime = 0.001 (s) Losses = ['4.9564', '2.6790'] lr = 0.0000250
2025-10-29 15:59:46,613 - PCN - INFO - [Epoch 101/150][Batch 501/1311] BatchTime = 0.375 (s) DataTime = 0.001 (s) Losses = ['5.1801', '2.6668'] lr = 0.0000250
2025-10-29 16:00:45,526 - PCN - INFO - [Epoch 101/150][Batch 601/1311] BatchTime = 0.617 (s) DataTime = 0.001 (s) Losses = ['4.6391', '2.3969'] lr = 0.0000250
2025-10-29 16:01:44,164 - PCN - INFO - [Epoch 101/150][Batch 701/1311] BatchTime = 0.367 (s) DataTime = 0.001 (s) Losses = ['5.4406', '2.7828'] lr = 0.0000250
2025-10-29 16:02:42,324 - PCN - INFO - [Epoch 101/150][Batch 801/1311] BatchTime = 0.452 (s) DataTime = 0.001 (s) Losses = ['4.8927', '2.5418'] lr = 0.0000250
2025-10-29 16:03:44,777 - PCN - INFO - [Epoch 101/150][Batch 901/1311] BatchTime = 0.351 (s) DataTime = 0.001 (s) Losses = ['6.8921', '3.7629'] lr = 0.0000250
2025-10-29 16:04:45,450 - PCN - INFO - [Epoch 101/150][Batch 1001/1311] BatchTime = 0.457 (s) DataTime = 0.001 (s) Losses = ['4.1534', '1.9775'] lr = 0.0000250
2025-10-29 16:05:44,928 - PCN - INFO - [Epoch 101/150][Batch 1101/1311] BatchTime = 0.651 (s) DataTime = 0.001 (s) Losses = ['5.0726', '2.6162'] lr = 0.0000250
2025-10-29 16:06:45,122 - PCN - INFO - [Epoch 101/150][Batch 1201/1311] BatchTime = 0.599 (s) DataTime = 0.001 (s) Losses = ['5.9081', '3.2071'] lr = 0.0000250
2025-10-29 16:07:44,955 - PCN - INFO - [Epoch 101/150][Batch 1301/1311] BatchTime = 0.824 (s) DataTime = 0.001 (s) Losses = ['5.9079', '3.0737'] lr = 0.0000250
2025-10-29 16:07:51,742 - PCN - INFO - [Training] EPOCH: 101 EpochTime = 781.892 (s) Losses = ['5.1404', '2.5862']
2025-10-29 16:07:51,823 - PCN - INFO - Save checkpoint at ./experiments/PCN/ShapeNet55_models/PCN_fog/ckpt-last.pth
2025-10-29 16:07:52,615 - PCN - INFO - [Epoch 102/150][Batch 1/1311] BatchTime = 0.791 (s) DataTime = 0.086 (s) Losses = ['5.0298', '2.4103'] lr = 0.0000250
2025-10-29 16:08:53,960 - PCN - INFO - [Epoch 102/150][Batch 101/1311] BatchTime = 0.792 (s) DataTime = 0.001 (s) Losses = ['4.8136', '2.3745'] lr = 0.0000250
2025-10-29 16:09:54,996 - PCN - INFO - [Epoch 102/150][Batch 201/1311] BatchTime = 0.374 (s) DataTime = 0.001 (s) Losses = ['4.8262', '2.4593'] lr = 0.0000250
2025-10-29 16:10:52,257 - PCN - INFO - [Epoch 102/150][Batch 301/1311] BatchTime = 0.957 (s) DataTime = 0.001 (s) Losses = ['4.8739', '2.3787'] lr = 0.0000250
2025-10-29 16:11:49,366 - PCN - INFO - [Epoch 102/150][Batch 401/1311] BatchTime = 0.332 (s) DataTime = 0.001 (s) Losses = ['5.4657', '2.9796'] lr = 0.0000250
2025-10-29 16:12:49,822 - PCN - INFO - [Epoch 102/150][Batch 501/1311] BatchTime = 0.653 (s) DataTime = 0.001 (s) Losses = ['4.5170', '2.2958'] lr = 0.0000250
2025-10-29 16:13:51,840 - PCN - INFO - [Epoch 102/150][Batch 601/1311] BatchTime = 0.591 (s) DataTime = 0.001 (s) Losses = ['4.9115', '2.3627'] lr = 0.0000250
2025-10-29 16:14:49,741 - PCN - INFO - [Epoch 102/150][Batch 701/1311] BatchTime = 0.617 (s) DataTime = 0.001 (s) Losses = ['5.6774', '2.6164'] lr = 0.0000250
2025-10-29 16:15:46,709 - PCN - INFO - [Epoch 102/150][Batch 801/1311] BatchTime = 0.864 (s) DataTime = 0.001 (s) Losses = ['4.5132', '2.2458'] lr = 0.0000250
2025-10-29 16:16:48,334 - PCN - INFO - [Epoch 102/150][Batch 901/1311] BatchTime = 0.667 (s) DataTime = 0.001 (s) Losses = ['4.3739', '2.1388'] lr = 0.0000250
2025-10-29 16:17:49,384 - PCN - INFO - [Epoch 102/150][Batch 1001/1311] BatchTime = 0.422 (s) DataTime = 0.001 (s) Losses = ['4.1785', '1.9676'] lr = 0.0000250
2025-10-29 16:18:48,683 - PCN - INFO - [Epoch 102/150][Batch 1101/1311] BatchTime = 0.660 (s) DataTime = 0.001 (s) Losses = ['4.3657', '2.1643'] lr = 0.0000250
2025-10-29 16:19:45,854 - PCN - INFO - [Epoch 102/150][Batch 1201/1311] BatchTime = 1.133 (s) DataTime = 0.001 (s) Losses = ['5.9723', '3.0495'] lr = 0.0000250
2025-10-29 16:20:45,352 - PCN - INFO - [Epoch 102/150][Batch 1301/1311] BatchTime = 0.544 (s) DataTime = 0.001 (s) Losses = ['5.3818', '2.4560'] lr = 0.0000250
2025-10-29 16:20:52,544 - PCN - INFO - [Training] EPOCH: 102 EpochTime = 780.720 (s) Losses = ['5.1234', '2.5764']
2025-10-29 16:20:52,617 - PCN - INFO - Save checkpoint at ./experiments/PCN/ShapeNet55_models/PCN_fog/ckpt-last.pth
2025-10-29 16:20:53,425 - PCN - INFO - [Epoch 103/150][Batch 1/1311] BatchTime = 0.808 (s) DataTime = 0.088 (s) Losses = ['5.3013', '2.7346'] lr = 0.0000250
2025-10-29 16:21:54,648 - PCN - INFO - [Epoch 103/150][Batch 101/1311] BatchTime = 0.506 (s) DataTime = 0.001 (s) Losses = ['4.1190', '1.9300'] lr = 0.0000250
2025-10-29 16:22:55,664 - PCN - INFO - [Epoch 103/150][Batch 201/1311] BatchTime = 0.580 (s) DataTime = 0.001 (s) Losses = ['5.4302', '2.7936'] lr = 0.0000250
2025-10-29 16:23:53,725 - PCN - INFO - [Epoch 103/150][Batch 301/1311] BatchTime = 0.468 (s) DataTime = 0.001 (s) Losses = ['5.8544', '2.7201'] lr = 0.0000250
2025-10-29 16:24:54,484 - PCN - INFO - [Epoch 103/150][Batch 401/1311] BatchTime = 0.783 (s) DataTime = 0.001 (s) Losses = ['4.9121', '2.3312'] lr = 0.0000250
2025-10-29 16:25:52,073 - PCN - INFO - [Epoch 103/150][Batch 501/1311] BatchTime = 0.262 (s) DataTime = 0.001 (s) Losses = ['5.2658', '2.6174'] lr = 0.0000250
2025-10-29 16:26:55,020 - PCN - INFO - [Epoch 103/150][Batch 601/1311] BatchTime = 0.573 (s) DataTime = 0.001 (s) Losses = ['5.2528', '2.4934'] lr = 0.0000250
2025-10-29 16:27:55,514 - PCN - INFO - [Epoch 103/150][Batch 701/1311] BatchTime = 0.331 (s) DataTime = 0.001 (s) Losses = ['5.2560', '2.4737'] lr = 0.0000250
2025-10-29 16:28:55,766 - PCN - INFO - [Epoch 103/150][Batch 801/1311] BatchTime = 0.589 (s) DataTime = 0.001 (s) Losses = ['5.9328', '3.1743'] lr = 0.0000250
2025-10-29 16:29:55,806 - PCN - INFO - [Epoch 103/150][Batch 901/1311] BatchTime = 0.750 (s) DataTime = 0.001 (s) Losses = ['5.6351', '2.8100'] lr = 0.0000250
2025-10-29 16:30:57,583 - PCN - INFO - [Epoch 103/150][Batch 1001/1311] BatchTime = 0.530 (s) DataTime = 0.001 (s) Losses = ['5.4100', '2.5814'] lr = 0.0000250
2025-10-29 16:31:58,146 - PCN - INFO - [Epoch 103/150][Batch 1101/1311] BatchTime = 0.646 (s) DataTime = 0.001 (s) Losses = ['4.3778', '2.2438'] lr = 0.0000250
2025-10-29 16:32:57,863 - PCN - INFO - [Epoch 103/150][Batch 1201/1311] BatchTime = 0.709 (s) DataTime = 0.001 (s) Losses = ['4.6752', '2.3719'] lr = 0.0000250
2025-10-29 16:33:58,420 - PCN - INFO - [Epoch 103/150][Batch 1301/1311] BatchTime = 0.372 (s) DataTime = 0.001 (s) Losses = ['6.0295', '3.0201'] lr = 0.0000250
2025-10-29 16:34:04,953 - PCN - INFO - [Training] EPOCH: 103 EpochTime = 792.336 (s) Losses = ['5.1032', '2.5610']
2025-10-29 16:34:05,025 - PCN - INFO - Save checkpoint at ./experiments/PCN/ShapeNet55_models/PCN_fog/ckpt-last.pth
2025-10-29 16:34:05,779 - PCN - INFO - [Epoch 104/150][Batch 1/1311] BatchTime = 0.754 (s) DataTime = 0.083 (s) Losses = ['4.1580', '2.0515'] lr = 0.0000250
2025-10-29 16:35:05,845 - PCN - INFO - [Epoch 104/150][Batch 101/1311] BatchTime = 0.395 (s) DataTime = 0.001 (s) Losses = ['4.3392', '2.1426'] lr = 0.0000250
2025-10-29 16:36:03,626 - PCN - INFO - [Epoch 104/150][Batch 201/1311] BatchTime = 0.548 (s) DataTime = 0.001 (s) Losses = ['4.0106', '1.9300'] lr = 0.0000250
2025-10-29 16:37:04,596 - PCN - INFO - [Epoch 104/150][Batch 301/1311] BatchTime = 0.668 (s) DataTime = 0.001 (s) Losses = ['4.6810', '2.1111'] lr = 0.0000250
2025-10-29 16:38:00,933 - PCN - INFO - [Epoch 104/150][Batch 401/1311] BatchTime = 0.554 (s) DataTime = 0.001 (s) Losses = ['5.1009', '2.4216'] lr = 0.0000250
2025-10-29 16:39:00,585 - PCN - INFO - [Epoch 104/150][Batch 501/1311] BatchTime = 0.569 (s) DataTime = 0.001 (s) Losses = ['4.3687', '2.2528'] lr = 0.0000250
2025-10-29 16:40:00,100 - PCN - INFO - [Epoch 104/150][Batch 601/1311] BatchTime = 0.834 (s) DataTime = 0.001 (s) Losses = ['5.2611', '2.3868'] lr = 0.0000250
2025-10-29 16:41:01,392 - PCN - INFO - [Epoch 104/150][Batch 701/1311] BatchTime = 0.624 (s) DataTime = 0.001 (s) Losses = ['3.7452', '1.7946'] lr = 0.0000250
2025-10-29 16:42:02,539 - PCN - INFO - [Epoch 104/150][Batch 801/1311] BatchTime = 0.489 (s) DataTime = 0.001 (s) Losses = ['4.7850', '2.4075'] lr = 0.0000250
2025-10-29 16:43:00,402 - PCN - INFO - [Epoch 104/150][Batch 901/1311] BatchTime = 0.471 (s) DataTime = 0.001 (s) Losses = ['4.5085', '2.1752'] lr = 0.0000250
2025-10-29 16:43:58,970 - PCN - INFO - [Epoch 104/150][Batch 1001/1311] BatchTime = 0.677 (s) DataTime = 0.001 (s) Losses = ['5.6828', '2.7289'] lr = 0.0000250
2025-10-29 16:44:57,122 - PCN - INFO - [Epoch 104/150][Batch 1101/1311] BatchTime = 0.549 (s) DataTime = 0.001 (s) Losses = ['4.6531', '2.3131'] lr = 0.0000250
2025-10-29 16:45:59,709 - PCN - INFO - [Epoch 104/150][Batch 1201/1311] BatchTime = 0.638 (s) DataTime = 0.001 (s) Losses = ['4.8891', '2.5986'] lr = 0.0000250
2025-10-29 16:47:01,883 - PCN - INFO - [Epoch 104/150][Batch 1301/1311] BatchTime = 0.692 (s) DataTime = 0.001 (s) Losses = ['5.4254', '2.7217'] lr = 0.0000250
2025-10-29 16:47:08,331 - PCN - INFO - [Training] EPOCH: 104 EpochTime = 783.306 (s) Losses = ['5.1279', '2.5767']
2025-10-29 16:47:08,409 - PCN - INFO - Save checkpoint at ./experiments/PCN/ShapeNet55_models/PCN_fog/ckpt-last.pth
2025-10-29 16:47:09,038 - PCN - INFO - [Epoch 105/150][Batch 1/1311] BatchTime = 0.629 (s) DataTime = 0.084 (s) Losses = ['7.2745', '4.1878'] lr = 0.0000250
2025-10-29 16:48:08,949 - PCN - INFO - [Epoch 105/150][Batch 101/1311] BatchTime = 0.520 (s) DataTime = 0.001 (s) Losses = ['5.4983', '2.6591'] lr = 0.0000250
2025-10-29 16:49:10,325 - PCN - INFO - [Epoch 105/150][Batch 201/1311] BatchTime = 0.614 (s) DataTime = 0.001 (s) Losses = ['4.9900', '2.4077'] lr = 0.0000250
2025-10-29 16:50:08,556 - PCN - INFO - [Epoch 105/150][Batch 301/1311] BatchTime = 0.645 (s) DataTime = 0.001 (s) Losses = ['4.5032', '2.0880'] lr = 0.0000250
2025-10-29 16:51:08,306 - PCN - INFO - [Epoch 105/150][Batch 401/1311] BatchTime = 0.443 (s) DataTime = 0.001 (s) Losses = ['5.9936', '3.1672'] lr = 0.0000250
2025-10-29 16:52:07,558 - PCN - INFO - [Epoch 105/150][Batch 501/1311] BatchTime = 0.659 (s) DataTime = 0.001 (s) Losses = ['4.1280', '1.9747'] lr = 0.0000250
2025-10-29 16:53:06,366 - PCN - INFO - [Epoch 105/150][Batch 601/1311] BatchTime = 0.438 (s) DataTime = 0.001 (s) Losses = ['4.5475', '2.1486'] lr = 0.0000250
2025-10-29 16:54:05,011 - PCN - INFO - [Epoch 105/150][Batch 701/1311] BatchTime = 0.363 (s) DataTime = 0.001 (s) Losses = ['4.6626', '2.2728'] lr = 0.0000250
2025-10-29 16:55:04,135 - PCN - INFO - [Epoch 105/150][Batch 801/1311] BatchTime = 0.529 (s) DataTime = 0.001 (s) Losses = ['5.1389', '2.5964'] lr = 0.0000250
2025-10-29 16:56:03,943 - PCN - INFO - [Epoch 105/150][Batch 901/1311] BatchTime = 0.642 (s) DataTime = 0.001 (s) Losses = ['3.9471', '2.0280'] lr = 0.0000250
2025-10-29 16:57:01,554 - PCN - INFO - [Epoch 105/150][Batch 1001/1311] BatchTime = 0.781 (s) DataTime = 0.001 (s) Losses = ['5.0834', '2.5649'] lr = 0.0000250
2025-10-29 16:57:59,693 - PCN - INFO - [Epoch 105/150][Batch 1101/1311] BatchTime = 0.478 (s) DataTime = 0.001 (s) Losses = ['4.4670', '2.1547'] lr = 0.0000250
2025-10-29 16:58:57,633 - PCN - INFO - [Epoch 105/150][Batch 1201/1311] BatchTime = 0.459 (s) DataTime = 0.001 (s) Losses = ['5.1694', '2.7413'] lr = 0.0000250
2025-10-29 16:59:55,309 - PCN - INFO - [Epoch 105/150][Batch 1301/1311] BatchTime = 0.719 (s) DataTime = 0.001 (s) Losses = ['5.3482', '2.6748'] lr = 0.0000250
2025-10-29 17:00:01,293 - PCN - INFO - [Training] EPOCH: 105 EpochTime = 772.883 (s) Losses = ['5.0987', '2.5586']
2025-10-29 17:00:01,293 - PCN - INFO - [VALIDATION] Start validating epoch 105
2025-10-29 17:00:35,735 - PCN - INFO - Test[1051/10518] Taxonomy = 02691156 Sample = c7749c0a8b61f43bc9b9e28055202e3d Losses = ['32.4110', '3.2189', '21.2733', '1.6489'] Metrics = ['0.2573', '21.2733', '1.6489', '0.0000']
2025-10-29 17:01:09,081 - PCN - INFO - Test[2102/10518] Taxonomy = 03211117 Sample = ab2f9418c111cc6ddb965514105122a4 Losses = ['41.7678', '4.0524', '30.3663', '2.3829'] Metrics = ['0.0518', '30.3663', '2.3829', '0.0000']
2025-10-29 17:01:42,262 - PCN - INFO - Test[3153/10518] Taxonomy = 02876657 Sample = c5032e4be091aabb36fe7a88df793982 Losses = ['62.5753', '10.9417', '49.7523', '7.1419'] Metrics = ['0.0354', '49.7523', '7.1419', '0.0000']
2025-10-29 17:02:17,980 - PCN - INFO - Test[4204/10518] Taxonomy = 03211117 Sample = 722df1da5778d45b1e43523279c7f09f Losses = ['49.9478', '6.5410', '36.2418', '4.1832'] Metrics = ['0.0707', '36.2418', '4.1832', '0.0000']
2025-10-29 17:02:54,557 - PCN - INFO - Test[5255/10518] Taxonomy = 02828884 Sample = 14b63361a48a9fffe4a048c146e8bd43 Losses = ['45.1949', '5.4004', '32.9663', '3.4663'] Metrics = ['0.0846', '32.9663', '3.4663', '0.0000']
2025-10-29 17:03:29,600 - PCN - INFO - Test[6306/10518] Taxonomy = 03211117 Sample = d330d50a0255529d19ed6e1a590c9122 Losses = ['31.1466', '2.8269', '20.9159', '1.3673'] Metrics = ['0.1451', '20.9159', '1.3673', '0.0000']
2025-10-29 17:04:02,293 - PCN - INFO - Test[7357/10518] Taxonomy = 04379243 Sample = b1ca280d9567270ade98d10ab5975b59 Losses = ['42.7398', '5.5943', '24.7878', '2.1375'] Metrics = ['0.0993', '24.7878', '2.1375', '0.0000']
2025-10-29 17:04:36,606 - PCN - INFO - Test[8408/10518] Taxonomy = 03001627 Sample = 89208a619341d9fdb8c516ed5c4ce32 Losses = ['46.8770', '5.8248', '28.9814', '2.3829'] Metrics = ['0.0733', '28.9814', '2.3829', '0.0000']
2025-10-29 17:05:11,509 - PCN - INFO - Test[9459/10518] Taxonomy = 03001627 Sample = d0255120e3351121c3bd24f986301745 Losses = ['49.1603', '6.4503', '33.4894', '3.2262'] Metrics = ['0.0503', '33.4894', '3.2262', '0.0000']
2025-10-29 17:05:46,776 - PCN - INFO - Test[10510/10518] Taxonomy = 03636649 Sample = ea9ec4d9db2e06202471e6dd5ac3ef92 Losses = ['26.0138', '2.1776', '16.7343', '1.0671'] Metrics = ['0.3898', '16.7343', '1.0671', '0.0000']
2025-10-29 17:05:47,060 - PCN - INFO - [Validation] EPOCH: 105  Metrics = ['0.1345', '28.6300', '2.9697', '0.0000']
2025-10-29 17:05:47,060 - PCN - INFO - ============================ TEST RESULTS ============================
2025-10-29 17:05:47,060 - PCN - INFO - Taxonomy	#Sample	F-Score	CDL1	CDL2	EMDistance	#ModelName	
2025-10-29 17:05:47,060 - PCN - INFO - 03759954	14	0.193 	31.871 	4.923 	0.000 	microphone	
2025-10-29 17:05:47,060 - PCN - INFO - 04330267	44	0.076 	31.725 	3.384 	0.000 	stove	
2025-10-29 17:05:47,060 - PCN - INFO - 03261776	15	0.109 	32.822 	3.851 	0.000 	earphone	
2025-10-29 17:05:47,060 - PCN - INFO - 03513137	33	0.044 	44.496 	7.154 	0.000 	helmet	
2025-10-29 17:05:47,060 - PCN - INFO - 04460130	27	0.162 	26.749 	2.489 	0.000 	tower	
2025-10-29 17:05:47,060 - PCN - INFO - 04468005	78	0.158 	23.487 	1.790 	0.000 	train	
2025-10-29 17:05:47,060 - PCN - INFO - 03761084	31	0.057 	31.171 	2.990 	0.000 	microwaves	
2025-10-29 17:05:47,060 - PCN - INFO - 04004475	34	0.052 	38.898 	5.096 	0.000 	printer	
2025-10-29 17:05:47,060 - PCN - INFO - 03938244	20	0.059 	35.759 	3.903 	0.000 	pillow	
2025-10-29 17:05:47,060 - PCN - INFO - 02992529	167	0.163 	19.855 	1.115 	0.000 	cellphone	
2025-10-29 17:05:47,060 - PCN - INFO - 02808440	172	0.080 	30.918 	3.193 	0.000 	bathtub	
2025-10-29 17:05:47,060 - PCN - INFO - 04530566	388	0.191 	22.627 	1.733 	0.000 	watercraft	
2025-10-29 17:05:47,061 - PCN - INFO - 02871439	91	0.082 	31.782 	3.397 	0.000 	bookshelf	
2025-10-29 17:05:47,061 - PCN - INFO - 03593526	120	0.078 	34.709 	4.358 	0.000 	jar	
2025-10-29 17:05:47,061 - PCN - INFO - 04554684	34	0.051 	33.537 	3.529 	0.000 	washer	
2025-10-29 17:05:47,061 - PCN - INFO - 03467517	160	0.525 	12.144 	0.490 	0.000 	guitar	
2025-10-29 17:05:47,061 - PCN - INFO - 04401088	218	0.166 	19.851 	1.211 	0.000 	telephone	
2025-10-29 17:05:47,061 - PCN - INFO - 02954340	12	0.066 	34.999 	4.164 	0.000 	cap	
2025-10-29 17:05:47,061 - PCN - INFO - 02933112	315	0.078 	27.938 	2.336 	0.000 	cabinet	
2025-10-29 17:05:47,061 - PCN - INFO - 03642806	92	0.139 	21.377 	1.495 	0.000 	laptop	
2025-10-29 17:05:47,061 - PCN - INFO - 02924116	188	0.138 	23.003 	1.608 	0.000 	bus	
2025-10-29 17:05:47,061 - PCN - INFO - 02946921	22	0.063 	31.533 	3.591 	0.000 	can	
2025-10-29 17:05:47,061 - PCN - INFO - 02818832	47	0.063 	37.877 	5.031 	0.000 	bed	
2025-10-29 17:05:47,061 - PCN - INFO - 04256520	635	0.071 	29.525 	2.584 	0.000 	sofa	
2025-10-29 17:05:47,061 - PCN - INFO - 04379243	1687	0.154 	25.403 	2.457 	0.000 	table	
2025-10-29 17:05:47,061 - PCN - INFO - 02747177	69	0.055 	31.816 	3.196 	0.000 	trash bin	
2025-10-29 17:05:47,061 - PCN - INFO - 03046257	131	0.088 	30.643 	3.303 	0.000 	clock	
2025-10-29 17:05:47,061 - PCN - INFO - 04225987	31	0.248 	19.499 	1.434 	0.000 	skateboard	
2025-10-29 17:05:47,061 - PCN - INFO - 03797390	43	0.049 	33.117 	3.654 	0.000 	mug	
2025-10-29 17:05:47,061 - PCN - INFO - 03001627	1356	0.108 	28.479 	2.723 	0.000 	chair	
2025-10-29 17:05:47,061 - PCN - INFO - 03691459	320	0.064 	33.553 	3.711 	0.000 	loudspeaker	
2025-10-29 17:05:47,061 - PCN - INFO - 02942699	23	0.048 	41.406 	5.730 	0.000 	camera	
2025-10-29 17:05:47,061 - PCN - INFO - 03636649	464	0.166 	32.158 	4.525 	0.000 	lamp	
2025-10-29 17:05:47,061 - PCN - INFO - 02691156	809	0.283 	18.669 	1.264 	0.000 	airplane	
2025-10-29 17:05:47,061 - PCN - INFO - 02773838	17	0.078 	34.290 	4.107 	0.000 	bag	
2025-10-29 17:05:47,061 - PCN - INFO - 02958343	703	0.089 	26.045 	1.966 	0.000 	car	
2025-10-29 17:05:47,061 - PCN - INFO - 02880940	38	0.051 	33.325 	3.445 	0.000 	bowl	
2025-10-29 17:05:47,061 - PCN - INFO - 04099429	17	0.338 	19.078 	1.350 	0.000 	rocket	
2025-10-29 17:05:47,061 - PCN - INFO - 02828884	363	0.174 	24.039 	2.141 	0.000 	bench	
2025-10-29 17:05:47,061 - PCN - INFO - 04090263	475	0.432 	15.079 	0.869 	0.000 	rifle	
2025-10-29 17:05:47,061 - PCN - INFO - 03211117	219	0.098 	27.633 	2.512 	0.000 	display	
2025-10-29 17:05:47,061 - PCN - INFO - 02876657	100	0.160 	23.896 	2.083 	0.000 	bottle	
2025-10-29 17:05:47,061 - PCN - INFO - 03710193	19	0.134 	31.388 	3.464 	0.000 	mailbox	
2025-10-29 17:05:47,061 - PCN - INFO - 03790512	68	0.113 	26.187 	2.174 	0.000 	motorbike	
2025-10-29 17:05:47,061 - PCN - INFO - 03325088	149	0.128 	33.078 	4.370 	0.000 	faucet	
2025-10-29 17:05:47,061 - PCN - INFO - 02801938	23	0.058 	33.485 	3.782 	0.000 	basket	
2025-10-29 17:05:47,061 - PCN - INFO - 03337140	60	0.080 	29.558 	2.874 	0.000 	file cabinet	
2025-10-29 17:05:47,061 - PCN - INFO - 02843684	15	0.047 	40.099 	5.179 	0.000 	birdhouse	
2025-10-29 17:05:47,061 - PCN - INFO - 03624134	85	0.483 	13.572 	0.675 	0.000 	knife	
2025-10-29 17:05:47,061 - PCN - INFO - 03991062	121	0.057 	37.594 	4.763 	0.000 	flowerpot	
2025-10-29 17:05:47,061 - PCN - INFO - 03948459	62	0.227 	20.116 	1.321 	0.000 	pistol	
2025-10-29 17:05:47,061 - PCN - INFO - 03928116	48	0.076 	32.734 	3.515 	0.000 	piano	
2025-10-29 17:05:47,061 - PCN - INFO - 03207941	19	0.064 	29.419 	2.687 	0.000 	dishwasher	
2025-10-29 17:05:47,061 - PCN - INFO - 04074963	14	0.151 	22.078 	1.396 	0.000 	remote	
2025-10-29 17:05:47,061 - PCN - INFO - 03085013	13	0.235 	18.562 	1.246 	0.000 	keyboard	
2025-10-29 17:05:47,061 - PCN - INFO - Overall		0.135 	28.630 	2.970 	0.000 	
2025-10-29 17:05:47,142 - PCN - INFO - Save checkpoint at ./experiments/PCN/ShapeNet55_models/PCN_fog/ckpt-best.pth
2025-10-29 17:05:47,219 - PCN - INFO - Save checkpoint at ./experiments/PCN/ShapeNet55_models/PCN_fog/ckpt-last.pth
2025-10-29 17:05:47,710 - PCN - INFO - [Epoch 106/150][Batch 1/1311] BatchTime = 0.491 (s) DataTime = 0.083 (s) Losses = ['6.4388', '3.3306'] lr = 0.0000250
2025-10-29 17:06:50,773 - PCN - INFO - [Epoch 106/150][Batch 101/1311] BatchTime = 0.413 (s) DataTime = 0.001 (s) Losses = ['4.9091', '2.4423'] lr = 0.0000250
2025-10-29 17:07:50,588 - PCN - INFO - [Epoch 106/150][Batch 201/1311] BatchTime = 0.571 (s) DataTime = 0.001 (s) Losses = ['5.7718', '2.6870'] lr = 0.0000250
2025-10-29 17:08:47,930 - PCN - INFO - [Epoch 106/150][Batch 301/1311] BatchTime = 0.643 (s) DataTime = 0.001 (s) Losses = ['5.2026', '2.6487'] lr = 0.0000250
2025-10-29 17:09:47,183 - PCN - INFO - [Epoch 106/150][Batch 401/1311] BatchTime = 0.566 (s) DataTime = 0.001 (s) Losses = ['5.1731', '2.5663'] lr = 0.0000250
2025-10-29 17:10:47,285 - PCN - INFO - [Epoch 106/150][Batch 501/1311] BatchTime = 0.719 (s) DataTime = 0.001 (s) Losses = ['5.0757', '2.5024'] lr = 0.0000250
2025-10-29 17:11:45,144 - PCN - INFO - [Epoch 106/150][Batch 601/1311] BatchTime = 0.630 (s) DataTime = 0.001 (s) Losses = ['5.4895', '2.8987'] lr = 0.0000250
2025-10-29 17:12:47,749 - PCN - INFO - [Epoch 106/150][Batch 701/1311] BatchTime = 0.439 (s) DataTime = 0.001 (s) Losses = ['4.1730', '2.2025'] lr = 0.0000250
2025-10-29 17:13:47,998 - PCN - INFO - [Epoch 106/150][Batch 801/1311] BatchTime = 0.606 (s) DataTime = 0.001 (s) Losses = ['4.4813', '2.2061'] lr = 0.0000250
2025-10-29 17:14:47,928 - PCN - INFO - [Epoch 106/150][Batch 901/1311] BatchTime = 0.575 (s) DataTime = 0.001 (s) Losses = ['4.7275', '2.3063'] lr = 0.0000250
2025-10-29 17:15:49,175 - PCN - INFO - [Epoch 106/150][Batch 1001/1311] BatchTime = 0.719 (s) DataTime = 0.001 (s) Losses = ['5.9338', '3.0491'] lr = 0.0000250
2025-10-29 17:16:47,037 - PCN - INFO - [Epoch 106/150][Batch 1101/1311] BatchTime = 0.664 (s) DataTime = 0.001 (s) Losses = ['4.6459', '2.1983'] lr = 0.0000250
2025-10-29 17:17:47,987 - PCN - INFO - [Epoch 106/150][Batch 1201/1311] BatchTime = 0.828 (s) DataTime = 0.001 (s) Losses = ['4.4089', '2.2584'] lr = 0.0000250
2025-10-29 17:18:46,348 - PCN - INFO - [Epoch 106/150][Batch 1301/1311] BatchTime = 0.467 (s) DataTime = 0.001 (s) Losses = ['5.8644', '3.1835'] lr = 0.0000250
2025-10-29 17:18:52,220 - PCN - INFO - [Training] EPOCH: 106 EpochTime = 785.001 (s) Losses = ['5.1141', '2.5668']
2025-10-29 17:18:52,293 - PCN - INFO - Save checkpoint at ./experiments/PCN/ShapeNet55_models/PCN_fog/ckpt-last.pth
2025-10-29 17:18:53,004 - PCN - INFO - [Epoch 107/150][Batch 1/1311] BatchTime = 0.711 (s) DataTime = 0.082 (s) Losses = ['6.2037', '3.4181'] lr = 0.0000250
2025-10-29 17:19:52,857 - PCN - INFO - [Epoch 107/150][Batch 101/1311] BatchTime = 1.028 (s) DataTime = 0.001 (s) Losses = ['4.3093', '2.1733'] lr = 0.0000250
2025-10-29 17:20:52,966 - PCN - INFO - [Epoch 107/150][Batch 201/1311] BatchTime = 0.468 (s) DataTime = 0.001 (s) Losses = ['5.6791', '2.6618'] lr = 0.0000250
2025-10-29 17:21:52,008 - PCN - INFO - [Epoch 107/150][Batch 301/1311] BatchTime = 0.407 (s) DataTime = 0.001 (s) Losses = ['4.4185', '2.1348'] lr = 0.0000250
2025-10-29 17:22:51,071 - PCN - INFO - [Epoch 107/150][Batch 401/1311] BatchTime = 0.538 (s) DataTime = 0.001 (s) Losses = ['4.7924', '2.2646'] lr = 0.0000250
2025-10-29 17:23:46,575 - PCN - INFO - [Epoch 107/150][Batch 501/1311] BatchTime = 0.688 (s) DataTime = 0.001 (s) Losses = ['5.3210', '2.6123'] lr = 0.0000250
2025-10-29 17:24:48,169 - PCN - INFO - [Epoch 107/150][Batch 601/1311] BatchTime = 0.772 (s) DataTime = 0.001 (s) Losses = ['5.2140', '2.5968'] lr = 0.0000250
2025-10-29 17:25:46,693 - PCN - INFO - [Epoch 107/150][Batch 701/1311] BatchTime = 0.272 (s) DataTime = 0.001 (s) Losses = ['4.3184', '2.0949'] lr = 0.0000250
2025-10-29 17:26:43,428 - PCN - INFO - [Epoch 107/150][Batch 801/1311] BatchTime = 0.638 (s) DataTime = 0.001 (s) Losses = ['5.4287', '2.6492'] lr = 0.0000250
2025-10-29 17:27:42,966 - PCN - INFO - [Epoch 107/150][Batch 901/1311] BatchTime = 0.530 (s) DataTime = 0.001 (s) Losses = ['4.9833', '2.4239'] lr = 0.0000250
2025-10-29 17:28:42,604 - PCN - INFO - [Epoch 107/150][Batch 1001/1311] BatchTime = 0.430 (s) DataTime = 0.001 (s) Losses = ['4.1795', '2.0179'] lr = 0.0000250
2025-10-29 17:29:42,985 - PCN - INFO - [Epoch 107/150][Batch 1101/1311] BatchTime = 0.355 (s) DataTime = 0.001 (s) Losses = ['4.6427', '2.3043'] lr = 0.0000250
2025-10-29 17:30:40,600 - PCN - INFO - [Epoch 107/150][Batch 1201/1311] BatchTime = 0.394 (s) DataTime = 0.001 (s) Losses = ['3.6082', '1.7502'] lr = 0.0000250
2025-10-29 17:31:39,107 - PCN - INFO - [Epoch 107/150][Batch 1301/1311] BatchTime = 0.554 (s) DataTime = 0.001 (s) Losses = ['6.1696', '3.0294'] lr = 0.0000250
2025-10-29 17:31:44,965 - PCN - INFO - [Training] EPOCH: 107 EpochTime = 772.671 (s) Losses = ['5.1196', '2.5707']
2025-10-29 17:31:45,042 - PCN - INFO - Save checkpoint at ./experiments/PCN/ShapeNet55_models/PCN_fog/ckpt-last.pth
2025-10-29 17:31:45,561 - PCN - INFO - [Epoch 108/150][Batch 1/1311] BatchTime = 0.518 (s) DataTime = 0.082 (s) Losses = ['4.6066', '2.2081'] lr = 0.0000250
2025-10-29 17:32:45,757 - PCN - INFO - [Epoch 108/150][Batch 101/1311] BatchTime = 0.675 (s) DataTime = 0.001 (s) Losses = ['5.0356', '2.4840'] lr = 0.0000250
2025-10-29 17:33:44,745 - PCN - INFO - [Epoch 108/150][Batch 201/1311] BatchTime = 0.891 (s) DataTime = 0.001 (s) Losses = ['4.7663', '2.4899'] lr = 0.0000250
2025-10-29 17:34:45,078 - PCN - INFO - [Epoch 108/150][Batch 301/1311] BatchTime = 0.456 (s) DataTime = 0.001 (s) Losses = ['5.4266', '2.7403'] lr = 0.0000250
2025-10-29 17:35:45,707 - PCN - INFO - [Epoch 108/150][Batch 401/1311] BatchTime = 0.535 (s) DataTime = 0.001 (s) Losses = ['6.9396', '3.8644'] lr = 0.0000250
2025-10-29 17:36:45,075 - PCN - INFO - [Epoch 108/150][Batch 501/1311] BatchTime = 0.648 (s) DataTime = 0.001 (s) Losses = ['6.4669', '3.0323'] lr = 0.0000250
2025-10-29 17:37:45,286 - PCN - INFO - [Epoch 108/150][Batch 601/1311] BatchTime = 0.605 (s) DataTime = 0.001 (s) Losses = ['4.0466', '2.0291'] lr = 0.0000250
2025-10-29 17:38:45,283 - PCN - INFO - [Epoch 108/150][Batch 701/1311] BatchTime = 0.632 (s) DataTime = 0.001 (s) Losses = ['5.4183', '2.7908'] lr = 0.0000250
2025-10-29 17:39:44,577 - PCN - INFO - [Epoch 108/150][Batch 801/1311] BatchTime = 0.540 (s) DataTime = 0.001 (s) Losses = ['4.9522', '2.6052'] lr = 0.0000250
2025-10-29 17:40:43,710 - PCN - INFO - [Epoch 108/150][Batch 901/1311] BatchTime = 0.448 (s) DataTime = 0.001 (s) Losses = ['4.3756', '2.1322'] lr = 0.0000250
2025-10-29 17:41:43,231 - PCN - INFO - [Epoch 108/150][Batch 1001/1311] BatchTime = 0.777 (s) DataTime = 0.001 (s) Losses = ['4.9242', '2.3462'] lr = 0.0000250
2025-10-29 17:42:44,309 - PCN - INFO - [Epoch 108/150][Batch 1101/1311] BatchTime = 0.636 (s) DataTime = 0.001 (s) Losses = ['5.4199', '2.6719'] lr = 0.0000250
2025-10-29 17:43:43,715 - PCN - INFO - [Epoch 108/150][Batch 1201/1311] BatchTime = 0.667 (s) DataTime = 0.001 (s) Losses = ['4.7574', '2.0770'] lr = 0.0000250
2025-10-29 17:44:44,728 - PCN - INFO - [Epoch 108/150][Batch 1301/1311] BatchTime = 0.655 (s) DataTime = 0.001 (s) Losses = ['5.0855', '2.6455'] lr = 0.0000250
2025-10-29 17:44:50,752 - PCN - INFO - [Training] EPOCH: 108 EpochTime = 785.710 (s) Losses = ['5.1146', '2.5637']
2025-10-29 17:44:50,829 - PCN - INFO - Save checkpoint at ./experiments/PCN/ShapeNet55_models/PCN_fog/ckpt-last.pth
2025-10-29 17:44:51,456 - PCN - INFO - [Epoch 109/150][Batch 1/1311] BatchTime = 0.627 (s) DataTime = 0.083 (s) Losses = ['4.9089', '2.3482'] lr = 0.0000250
2025-10-29 17:45:49,673 - PCN - INFO - [Epoch 109/150][Batch 101/1311] BatchTime = 0.884 (s) DataTime = 0.001 (s) Losses = ['4.6802', '2.4332'] lr = 0.0000250
2025-10-29 17:46:47,756 - PCN - INFO - [Epoch 109/150][Batch 201/1311] BatchTime = 0.445 (s) DataTime = 0.001 (s) Losses = ['5.1822', '2.5634'] lr = 0.0000250
2025-10-29 17:47:46,065 - PCN - INFO - [Epoch 109/150][Batch 301/1311] BatchTime = 0.361 (s) DataTime = 0.001 (s) Losses = ['3.9860', '1.9656'] lr = 0.0000250
2025-10-29 17:48:45,247 - PCN - INFO - [Epoch 109/150][Batch 401/1311] BatchTime = 0.684 (s) DataTime = 0.001 (s) Losses = ['5.7140', '2.8823'] lr = 0.0000250
2025-10-29 17:49:47,875 - PCN - INFO - [Epoch 109/150][Batch 501/1311] BatchTime = 0.899 (s) DataTime = 0.001 (s) Losses = ['5.0890', '2.4925'] lr = 0.0000250
2025-10-29 17:50:50,597 - PCN - INFO - [Epoch 109/150][Batch 601/1311] BatchTime = 0.555 (s) DataTime = 0.001 (s) Losses = ['5.1554', '2.5559'] lr = 0.0000250
2025-10-29 17:51:52,716 - PCN - INFO - [Epoch 109/150][Batch 701/1311] BatchTime = 0.468 (s) DataTime = 0.001 (s) Losses = ['5.9397', '3.5275'] lr = 0.0000250
2025-10-29 17:52:51,736 - PCN - INFO - [Epoch 109/150][Batch 801/1311] BatchTime = 0.634 (s) DataTime = 0.001 (s) Losses = ['4.6556', '2.1275'] lr = 0.0000250
2025-10-29 17:53:53,017 - PCN - INFO - [Epoch 109/150][Batch 901/1311] BatchTime = 0.722 (s) DataTime = 0.001 (s) Losses = ['4.9434', '2.4484'] lr = 0.0000250
2025-10-29 17:54:55,771 - PCN - INFO - [Epoch 109/150][Batch 1001/1311] BatchTime = 0.733 (s) DataTime = 0.001 (s) Losses = ['5.8804', '3.0105'] lr = 0.0000250
2025-10-29 17:55:54,113 - PCN - INFO - [Epoch 109/150][Batch 1101/1311] BatchTime = 0.613 (s) DataTime = 0.001 (s) Losses = ['4.9008', '2.3193'] lr = 0.0000250
2025-10-29 17:56:51,240 - PCN - INFO - [Epoch 109/150][Batch 1201/1311] BatchTime = 0.471 (s) DataTime = 0.001 (s) Losses = ['5.1875', '2.6697'] lr = 0.0000250
2025-10-29 17:57:51,564 - PCN - INFO - [Epoch 109/150][Batch 1301/1311] BatchTime = 0.600 (s) DataTime = 0.001 (s) Losses = ['5.0852', '2.5487'] lr = 0.0000250
2025-10-29 17:57:57,681 - PCN - INFO - [Training] EPOCH: 109 EpochTime = 786.852 (s) Losses = ['5.0742', '2.5411']
2025-10-29 17:57:57,759 - PCN - INFO - Save checkpoint at ./experiments/PCN/ShapeNet55_models/PCN_fog/ckpt-last.pth
2025-10-29 17:57:58,337 - PCN - INFO - [Epoch 110/150][Batch 1/1311] BatchTime = 0.578 (s) DataTime = 0.081 (s) Losses = ['4.3286', '2.2532'] lr = 0.0000250
2025-10-29 17:58:58,959 - PCN - INFO - [Epoch 110/150][Batch 101/1311] BatchTime = 0.361 (s) DataTime = 0.001 (s) Losses = ['6.3993', '3.3499'] lr = 0.0000250
2025-10-29 17:59:57,338 - PCN - INFO - [Epoch 110/150][Batch 201/1311] BatchTime = 0.611 (s) DataTime = 0.001 (s) Losses = ['5.4555', '2.8183'] lr = 0.0000250
2025-10-29 18:00:59,684 - PCN - INFO - [Epoch 110/150][Batch 301/1311] BatchTime = 0.630 (s) DataTime = 0.001 (s) Losses = ['4.7249', '2.3705'] lr = 0.0000250
2025-10-29 18:01:59,552 - PCN - INFO - [Epoch 110/150][Batch 401/1311] BatchTime = 0.530 (s) DataTime = 0.001 (s) Losses = ['4.4686', '2.1442'] lr = 0.0000250
2025-10-29 18:02:57,393 - PCN - INFO - [Epoch 110/150][Batch 501/1311] BatchTime = 0.556 (s) DataTime = 0.001 (s) Losses = ['5.4695', '2.7729'] lr = 0.0000250
2025-10-29 18:03:54,857 - PCN - INFO - [Epoch 110/150][Batch 601/1311] BatchTime = 0.581 (s) DataTime = 0.001 (s) Losses = ['5.4142', '2.7456'] lr = 0.0000250
2025-10-29 18:04:53,449 - PCN - INFO - [Epoch 110/150][Batch 701/1311] BatchTime = 0.736 (s) DataTime = 0.001 (s) Losses = ['4.4399', '2.0608'] lr = 0.0000250
2025-10-29 18:05:51,001 - PCN - INFO - [Epoch 110/150][Batch 801/1311] BatchTime = 0.807 (s) DataTime = 0.001 (s) Losses = ['5.1976', '2.5142'] lr = 0.0000250
2025-10-29 18:06:50,187 - PCN - INFO - [Epoch 110/150][Batch 901/1311] BatchTime = 0.607 (s) DataTime = 0.001 (s) Losses = ['4.4184', '2.1171'] lr = 0.0000250
2025-10-29 18:07:50,427 - PCN - INFO - [Epoch 110/150][Batch 1001/1311] BatchTime = 0.711 (s) DataTime = 0.001 (s) Losses = ['5.6184', '2.7480'] lr = 0.0000250
2025-10-29 18:08:51,274 - PCN - INFO - [Epoch 110/150][Batch 1101/1311] BatchTime = 0.451 (s) DataTime = 0.001 (s) Losses = ['5.5088', '2.8526'] lr = 0.0000250
2025-10-29 18:09:50,982 - PCN - INFO - [Epoch 110/150][Batch 1201/1311] BatchTime = 0.527 (s) DataTime = 0.001 (s) Losses = ['4.8411', '2.2625'] lr = 0.0000250
2025-10-29 18:10:49,619 - PCN - INFO - [Epoch 110/150][Batch 1301/1311] BatchTime = 0.488 (s) DataTime = 0.001 (s) Losses = ['5.5389', '3.0598'] lr = 0.0000250
2025-10-29 18:10:56,012 - PCN - INFO - [Training] EPOCH: 110 EpochTime = 778.253 (s) Losses = ['5.1060', '2.5603']
2025-10-29 18:10:56,013 - PCN - INFO - [VALIDATION] Start validating epoch 110
2025-10-29 18:11:33,131 - PCN - INFO - Test[1051/10518] Taxonomy = 02691156 Sample = c7749c0a8b61f43bc9b9e28055202e3d Losses = ['31.9438', '3.0412', '22.7464', '1.7370'] Metrics = ['0.2115', '22.7464', '1.7370', '0.0000']
2025-10-29 18:12:08,391 - PCN - INFO - Test[2102/10518] Taxonomy = 03211117 Sample = ab2f9418c111cc6ddb965514105122a4 Losses = ['33.3436', '2.9178', '23.5910', '1.6427'] Metrics = ['0.1354', '23.5910', '1.6427', '0.0000']
2025-10-29 18:12:42,991 - PCN - INFO - Test[3153/10518] Taxonomy = 02876657 Sample = c5032e4be091aabb36fe7a88df793982 Losses = ['65.9250', '11.4092', '52.6169', '7.7363'] Metrics = ['0.0297', '52.6169', '7.7363', '0.0000']
2025-10-29 18:13:18,842 - PCN - INFO - Test[4204/10518] Taxonomy = 03211117 Sample = 722df1da5778d45b1e43523279c7f09f Losses = ['50.0773', '7.0790', '35.4968', '4.0640'] Metrics = ['0.0899', '35.4968', '4.0640', '0.0000']
2025-10-29 18:13:55,845 - PCN - INFO - Test[5255/10518] Taxonomy = 02828884 Sample = 14b63361a48a9fffe4a048c146e8bd43 Losses = ['41.2585', '4.2563', '32.1124', '2.7924'] Metrics = ['0.0668', '32.1124', '2.7924', '0.0000']
2025-10-29 18:14:31,524 - PCN - INFO - Test[6306/10518] Taxonomy = 03211117 Sample = d330d50a0255529d19ed6e1a590c9122 Losses = ['32.3899', '3.0468', '21.9891', '1.5243'] Metrics = ['0.1516', '21.9891', '1.5243', '0.0000']
2025-10-29 18:15:05,539 - PCN - INFO - Test[7357/10518] Taxonomy = 04379243 Sample = b1ca280d9567270ade98d10ab5975b59 Losses = ['49.2025', '8.6699', '27.9824', '3.1989'] Metrics = ['0.1046', '27.9824', '3.1989', '0.0000']
2025-10-29 18:15:41,578 - PCN - INFO - Test[8408/10518] Taxonomy = 03001627 Sample = 89208a619341d9fdb8c516ed5c4ce32 Losses = ['44.7659', '5.2747', '28.1691', '2.2415'] Metrics = ['0.0674', '28.1691', '2.2415', '0.0000']
2025-10-29 18:16:14,972 - PCN - INFO - Test[9459/10518] Taxonomy = 03001627 Sample = d0255120e3351121c3bd24f986301745 Losses = ['49.5490', '6.6086', '33.2767', '3.2194'] Metrics = ['0.0498', '33.2767', '3.2194', '0.0000']
2025-10-29 18:16:49,341 - PCN - INFO - Test[10510/10518] Taxonomy = 03636649 Sample = ea9ec4d9db2e06202471e6dd5ac3ef92 Losses = ['25.6479', '2.1979', '19.0957', '1.3700'] Metrics = ['0.3455', '19.0957', '1.3700', '0.0000']
2025-10-29 18:16:49,701 - PCN - INFO - [Validation] EPOCH: 110  Metrics = ['0.1346', '28.4182', '2.9025', '0.0000']
2025-10-29 18:16:49,701 - PCN - INFO - ============================ TEST RESULTS ============================
2025-10-29 18:16:49,701 - PCN - INFO - Taxonomy	#Sample	F-Score	CDL1	CDL2	EMDistance	#ModelName	
2025-10-29 18:16:49,701 - PCN - INFO - 03759954	14	0.191 	29.735 	4.286 	0.000 	microphone	
2025-10-29 18:16:49,701 - PCN - INFO - 04330267	44	0.075 	32.081 	3.450 	0.000 	stove	
2025-10-29 18:16:49,701 - PCN - INFO - 03261776	15	0.108 	33.159 	4.234 	0.000 	earphone	
2025-10-29 18:16:49,701 - PCN - INFO - 03513137	33	0.044 	42.784 	6.521 	0.000 	helmet	
2025-10-29 18:16:49,701 - PCN - INFO - 04460130	27	0.155 	27.309 	2.640 	0.000 	tower	
2025-10-29 18:16:49,701 - PCN - INFO - 04468005	78	0.165 	22.800 	1.688 	0.000 	train	
2025-10-29 18:16:49,701 - PCN - INFO - 03761084	31	0.052 	31.683 	3.062 	0.000 	microwaves	
2025-10-29 18:16:49,701 - PCN - INFO - 04004475	34	0.048 	39.014 	5.008 	0.000 	printer	
2025-10-29 18:16:49,701 - PCN - INFO - 03938244	20	0.065 	33.908 	3.541 	0.000 	pillow	
2025-10-29 18:16:49,701 - PCN - INFO - 02992529	167	0.155 	20.082 	1.163 	0.000 	cellphone	
2025-10-29 18:16:49,701 - PCN - INFO - 02808440	172	0.083 	30.447 	3.049 	0.000 	bathtub	
2025-10-29 18:16:49,701 - PCN - INFO - 04530566	388	0.197 	22.166 	1.678 	0.000 	watercraft	
2025-10-29 18:16:49,701 - PCN - INFO - 02871439	91	0.080 	32.008 	3.414 	0.000 	bookshelf	
2025-10-29 18:16:49,701 - PCN - INFO - 03593526	120	0.077 	34.391 	4.192 	0.000 	jar	
2025-10-29 18:16:49,701 - PCN - INFO - 04554684	34	0.045 	33.628 	3.401 	0.000 	washer	
2025-10-29 18:16:49,701 - PCN - INFO - 03467517	160	0.494 	12.620 	0.521 	0.000 	guitar	
2025-10-29 18:16:49,701 - PCN - INFO - 04401088	218	0.164 	19.926 	1.210 	0.000 	telephone	
2025-10-29 18:16:49,701 - PCN - INFO - 02954340	12	0.065 	34.674 	4.155 	0.000 	cap	
2025-10-29 18:16:49,701 - PCN - INFO - 02933112	315	0.080 	27.829 	2.331 	0.000 	cabinet	
2025-10-29 18:16:49,701 - PCN - INFO - 03642806	92	0.134 	21.080 	1.268 	0.000 	laptop	
2025-10-29 18:16:49,701 - PCN - INFO - 02924116	188	0.146 	22.429 	1.540 	0.000 	bus	
2025-10-29 18:16:49,701 - PCN - INFO - 02946921	22	0.057 	33.072 	3.472 	0.000 	can	
2025-10-29 18:16:49,701 - PCN - INFO - 02818832	47	0.065 	36.110 	4.472 	0.000 	bed	
2025-10-29 18:16:49,701 - PCN - INFO - 04256520	635	0.070 	29.452 	2.562 	0.000 	sofa	
2025-10-29 18:16:49,701 - PCN - INFO - 04379243	1687	0.153 	25.214 	2.415 	0.000 	table	
2025-10-29 18:16:49,701 - PCN - INFO - 02747177	69	0.056 	31.708 	3.175 	0.000 	trash bin	
2025-10-29 18:16:49,701 - PCN - INFO - 03046257	131	0.086 	30.493 	3.074 	0.000 	clock	
2025-10-29 18:16:49,701 - PCN - INFO - 04225987	31	0.256 	19.279 	1.315 	0.000 	skateboard	
2025-10-29 18:16:49,701 - PCN - INFO - 03797390	43	0.046 	34.218 	3.760 	0.000 	mug	
2025-10-29 18:16:49,701 - PCN - INFO - 03001627	1356	0.109 	28.369 	2.690 	0.000 	chair	
2025-10-29 18:16:49,701 - PCN - INFO - 03691459	320	0.065 	33.409 	3.660 	0.000 	loudspeaker	
2025-10-29 18:16:49,702 - PCN - INFO - 02942699	23	0.047 	43.516 	6.699 	0.000 	camera	
2025-10-29 18:16:49,702 - PCN - INFO - 03636649	464	0.171 	32.058 	4.509 	0.000 	lamp	
2025-10-29 18:16:49,702 - PCN - INFO - 02691156	809	0.290 	18.247 	1.189 	0.000 	airplane	
2025-10-29 18:16:49,702 - PCN - INFO - 02773838	17	0.076 	35.034 	4.166 	0.000 	bag	
2025-10-29 18:16:49,702 - PCN - INFO - 02958343	703	0.093 	25.447 	1.855 	0.000 	car	
2025-10-29 18:16:49,702 - PCN - INFO - 02880940	38	0.054 	33.405 	3.643 	0.000 	bowl	
2025-10-29 18:16:49,702 - PCN - INFO - 04099429	17	0.349 	19.143 	1.506 	0.000 	rocket	
2025-10-29 18:16:49,702 - PCN - INFO - 02828884	363	0.174 	23.649 	2.016 	0.000 	bench	
2025-10-29 18:16:49,702 - PCN - INFO - 04090263	475	0.437 	14.881 	0.849 	0.000 	rifle	
2025-10-29 18:16:49,702 - PCN - INFO - 03211117	219	0.100 	27.357 	2.478 	0.000 	display	
2025-10-29 18:16:49,702 - PCN - INFO - 02876657	100	0.156 	23.636 	1.880 	0.000 	bottle	
2025-10-29 18:16:49,702 - PCN - INFO - 03710193	19	0.146 	27.208 	2.470 	0.000 	mailbox	
2025-10-29 18:16:49,702 - PCN - INFO - 03790512	68	0.115 	26.080 	2.209 	0.000 	motorbike	
2025-10-29 18:16:49,702 - PCN - INFO - 03325088	149	0.130 	32.667 	4.265 	0.000 	faucet	
2025-10-29 18:16:49,702 - PCN - INFO - 02801938	23	0.060 	33.480 	3.697 	0.000 	basket	
2025-10-29 18:16:49,702 - PCN - INFO - 03337140	60	0.077 	29.445 	2.751 	0.000 	file cabinet	
2025-10-29 18:16:49,702 - PCN - INFO - 02843684	15	0.058 	38.387 	4.916 	0.000 	birdhouse	
2025-10-29 18:16:49,702 - PCN - INFO - 03624134	85	0.476 	13.859 	0.698 	0.000 	knife	
2025-10-29 18:16:49,702 - PCN - INFO - 03991062	121	0.058 	37.685 	4.753 	0.000 	flowerpot	
2025-10-29 18:16:49,702 - PCN - INFO - 03948459	62	0.242 	18.940 	1.140 	0.000 	pistol	
2025-10-29 18:16:49,702 - PCN - INFO - 03928116	48	0.070 	32.885 	3.471 	0.000 	piano	
2025-10-29 18:16:49,702 - PCN - INFO - 03207941	19	0.060 	30.168 	2.866 	0.000 	dishwasher	
2025-10-29 18:16:49,702 - PCN - INFO - 04074963	14	0.151 	22.304 	1.458 	0.000 	remote	
2025-10-29 18:16:49,702 - PCN - INFO - 03085013	13	0.226 	18.442 	1.208 	0.000 	keyboard	
2025-10-29 18:16:49,702 - PCN - INFO - Overall		0.135 	28.418 	2.902 	0.000 	
2025-10-29 18:16:49,773 - PCN - INFO - Save checkpoint at ./experiments/PCN/ShapeNet55_models/PCN_fog/ckpt-best.pth
2025-10-29 18:16:49,840 - PCN - INFO - Save checkpoint at ./experiments/PCN/ShapeNet55_models/PCN_fog/ckpt-last.pth
2025-10-29 18:16:50,512 - PCN - INFO - [Epoch 111/150][Batch 1/1311] BatchTime = 0.672 (s) DataTime = 0.087 (s) Losses = ['5.4046', '2.5335'] lr = 0.0000250
2025-10-29 18:17:49,071 - PCN - INFO - [Epoch 111/150][Batch 101/1311] BatchTime = 0.680 (s) DataTime = 0.001 (s) Losses = ['4.5297', '2.1309'] lr = 0.0000250
2025-10-29 18:18:48,164 - PCN - INFO - [Epoch 111/150][Batch 201/1311] BatchTime = 0.412 (s) DataTime = 0.001 (s) Losses = ['5.6638', '2.7738'] lr = 0.0000250
2025-10-29 18:19:44,841 - PCN - INFO - [Epoch 111/150][Batch 301/1311] BatchTime = 0.463 (s) DataTime = 0.001 (s) Losses = ['4.2658', '2.0625'] lr = 0.0000250
2025-10-29 18:20:43,750 - PCN - INFO - [Epoch 111/150][Batch 401/1311] BatchTime = 0.559 (s) DataTime = 0.001 (s) Losses = ['4.9082', '2.6267'] lr = 0.0000250
2025-10-29 18:21:40,575 - PCN - INFO - [Epoch 111/150][Batch 501/1311] BatchTime = 0.852 (s) DataTime = 0.001 (s) Losses = ['5.0987', '2.4707'] lr = 0.0000250
2025-10-29 18:22:38,530 - PCN - INFO - [Epoch 111/150][Batch 601/1311] BatchTime = 0.496 (s) DataTime = 0.001 (s) Losses = ['4.1940', '1.9996'] lr = 0.0000250
2025-10-29 18:23:36,409 - PCN - INFO - [Epoch 111/150][Batch 701/1311] BatchTime = 0.482 (s) DataTime = 0.001 (s) Losses = ['6.1133', '3.0282'] lr = 0.0000250
2025-10-29 18:24:36,409 - PCN - INFO - [Epoch 111/150][Batch 801/1311] BatchTime = 0.722 (s) DataTime = 0.001 (s) Losses = ['5.4116', '2.5225'] lr = 0.0000250
2025-10-29 18:25:36,663 - PCN - INFO - [Epoch 111/150][Batch 901/1311] BatchTime = 0.732 (s) DataTime = 0.001 (s) Losses = ['4.8618', '2.5983'] lr = 0.0000250
2025-10-29 18:26:37,133 - PCN - INFO - [Epoch 111/150][Batch 1001/1311] BatchTime = 0.596 (s) DataTime = 0.001 (s) Losses = ['5.5189', '2.8293'] lr = 0.0000250
2025-10-29 18:27:37,094 - PCN - INFO - [Epoch 111/150][Batch 1101/1311] BatchTime = 0.472 (s) DataTime = 0.001 (s) Losses = ['6.2104', '4.2017'] lr = 0.0000250
2025-10-29 18:28:35,783 - PCN - INFO - [Epoch 111/150][Batch 1201/1311] BatchTime = 0.502 (s) DataTime = 0.001 (s) Losses = ['5.5677', '2.5187'] lr = 0.0000250
2025-10-29 18:29:39,047 - PCN - INFO - [Epoch 111/150][Batch 1301/1311] BatchTime = 0.559 (s) DataTime = 0.001 (s) Losses = ['7.1836', '3.8986'] lr = 0.0000250
2025-10-29 18:29:45,392 - PCN - INFO - [Training] EPOCH: 111 EpochTime = 775.552 (s) Losses = ['5.0739', '2.5331']
2025-10-29 18:29:45,470 - PCN - INFO - Save checkpoint at ./experiments/PCN/ShapeNet55_models/PCN_fog/ckpt-last.pth
2025-10-29 18:29:46,878 - PCN - INFO - [Epoch 112/150][Batch 1/1311] BatchTime = 1.407 (s) DataTime = 0.083 (s) Losses = ['4.1066', '1.9466'] lr = 0.0000250
2025-10-29 18:30:49,131 - PCN - INFO - [Epoch 112/150][Batch 101/1311] BatchTime = 0.420 (s) DataTime = 0.001 (s) Losses = ['5.2004', '2.7324'] lr = 0.0000250
2025-10-29 18:31:46,122 - PCN - INFO - [Epoch 112/150][Batch 201/1311] BatchTime = 0.502 (s) DataTime = 0.001 (s) Losses = ['4.3584', '2.0676'] lr = 0.0000250
2025-10-29 18:32:45,525 - PCN - INFO - [Epoch 112/150][Batch 301/1311] BatchTime = 0.467 (s) DataTime = 0.001 (s) Losses = ['5.0069', '2.5677'] lr = 0.0000250
2025-10-29 18:33:44,405 - PCN - INFO - [Epoch 112/150][Batch 401/1311] BatchTime = 0.730 (s) DataTime = 0.001 (s) Losses = ['5.9206', '3.1049'] lr = 0.0000250
2025-10-29 18:34:46,514 - PCN - INFO - [Epoch 112/150][Batch 501/1311] BatchTime = 0.601 (s) DataTime = 0.001 (s) Losses = ['4.4016', '2.1496'] lr = 0.0000250
2025-10-29 18:35:47,069 - PCN - INFO - [Epoch 112/150][Batch 601/1311] BatchTime = 0.554 (s) DataTime = 0.001 (s) Losses = ['4.9196', '2.4211'] lr = 0.0000250
2025-10-29 18:36:43,700 - PCN - INFO - [Epoch 112/150][Batch 701/1311] BatchTime = 0.373 (s) DataTime = 0.001 (s) Losses = ['5.1041', '2.5040'] lr = 0.0000250
2025-10-29 18:37:44,090 - PCN - INFO - [Epoch 112/150][Batch 801/1311] BatchTime = 0.712 (s) DataTime = 0.001 (s) Losses = ['4.9181', '2.4853'] lr = 0.0000250
2025-10-29 18:38:42,206 - PCN - INFO - [Epoch 112/150][Batch 901/1311] BatchTime = 0.848 (s) DataTime = 0.001 (s) Losses = ['5.6299', '2.6916'] lr = 0.0000250
2025-10-29 18:39:40,837 - PCN - INFO - [Epoch 112/150][Batch 1001/1311] BatchTime = 0.293 (s) DataTime = 0.001 (s) Losses = ['4.6621', '2.4444'] lr = 0.0000250
2025-10-29 18:40:43,021 - PCN - INFO - [Epoch 112/150][Batch 1101/1311] BatchTime = 0.470 (s) DataTime = 0.001 (s) Losses = ['4.2783', '2.1759'] lr = 0.0000250
2025-10-29 18:41:43,922 - PCN - INFO - [Epoch 112/150][Batch 1201/1311] BatchTime = 0.763 (s) DataTime = 0.001 (s) Losses = ['4.5152', '2.3084'] lr = 0.0000250
2025-10-29 18:42:45,655 - PCN - INFO - [Epoch 112/150][Batch 1301/1311] BatchTime = 0.270 (s) DataTime = 0.001 (s) Losses = ['4.6402', '2.2098'] lr = 0.0000250
2025-10-29 18:42:52,297 - PCN - INFO - [Training] EPOCH: 112 EpochTime = 786.827 (s) Losses = ['5.0704', '2.5375']
2025-10-29 18:42:52,383 - PCN - INFO - Save checkpoint at ./experiments/PCN/ShapeNet55_models/PCN_fog/ckpt-last.pth
2025-10-29 18:42:52,960 - PCN - INFO - [Epoch 113/150][Batch 1/1311] BatchTime = 0.577 (s) DataTime = 0.084 (s) Losses = ['4.4272', '2.0110'] lr = 0.0000250
2025-10-29 18:43:54,302 - PCN - INFO - [Epoch 113/150][Batch 101/1311] BatchTime = 0.698 (s) DataTime = 0.001 (s) Losses = ['5.6243', '2.6700'] lr = 0.0000250
2025-10-29 18:44:53,497 - PCN - INFO - [Epoch 113/150][Batch 201/1311] BatchTime = 0.321 (s) DataTime = 0.001 (s) Losses = ['4.6509', '2.2310'] lr = 0.0000250
2025-10-29 18:45:53,971 - PCN - INFO - [Epoch 113/150][Batch 301/1311] BatchTime = 0.320 (s) DataTime = 0.001 (s) Losses = ['5.3183', '2.7266'] lr = 0.0000250
2025-10-29 18:46:56,259 - PCN - INFO - [Epoch 113/150][Batch 401/1311] BatchTime = 0.569 (s) DataTime = 0.001 (s) Losses = ['5.8082', '2.7744'] lr = 0.0000250
2025-10-29 18:47:55,527 - PCN - INFO - [Epoch 113/150][Batch 501/1311] BatchTime = 0.556 (s) DataTime = 0.001 (s) Losses = ['4.9619', '2.5070'] lr = 0.0000250
2025-10-29 18:48:53,860 - PCN - INFO - [Epoch 113/150][Batch 601/1311] BatchTime = 0.474 (s) DataTime = 0.001 (s) Losses = ['4.6706', '2.2496'] lr = 0.0000250
2025-10-29 18:49:54,221 - PCN - INFO - [Epoch 113/150][Batch 701/1311] BatchTime = 0.676 (s) DataTime = 0.001 (s) Losses = ['5.0444', '2.5827'] lr = 0.0000250
2025-10-29 18:50:54,484 - PCN - INFO - [Epoch 113/150][Batch 801/1311] BatchTime = 0.957 (s) DataTime = 0.001 (s) Losses = ['4.0786', '1.8651'] lr = 0.0000250
2025-10-29 18:51:55,889 - PCN - INFO - [Epoch 113/150][Batch 901/1311] BatchTime = 0.426 (s) DataTime = 0.001 (s) Losses = ['5.3928', '2.7877'] lr = 0.0000250
2025-10-29 18:52:55,639 - PCN - INFO - [Epoch 113/150][Batch 1001/1311] BatchTime = 0.517 (s) DataTime = 0.001 (s) Losses = ['4.8377', '2.2168'] lr = 0.0000250
2025-10-29 18:53:55,614 - PCN - INFO - [Epoch 113/150][Batch 1101/1311] BatchTime = 0.528 (s) DataTime = 0.001 (s) Losses = ['6.6438', '3.7337'] lr = 0.0000250
2025-10-29 18:54:52,940 - PCN - INFO - [Epoch 113/150][Batch 1201/1311] BatchTime = 0.289 (s) DataTime = 0.001 (s) Losses = ['4.5453', '2.2582'] lr = 0.0000250
2025-10-29 18:55:50,804 - PCN - INFO - [Epoch 113/150][Batch 1301/1311] BatchTime = 0.546 (s) DataTime = 0.001 (s) Losses = ['3.4975', '1.6937'] lr = 0.0000250
2025-10-29 18:55:56,791 - PCN - INFO - [Training] EPOCH: 113 EpochTime = 784.408 (s) Losses = ['5.0878', '2.5477']
2025-10-29 18:55:56,870 - PCN - INFO - Save checkpoint at ./experiments/PCN/ShapeNet55_models/PCN_fog/ckpt-last.pth
2025-10-29 18:55:57,565 - PCN - INFO - [Epoch 114/150][Batch 1/1311] BatchTime = 0.695 (s) DataTime = 0.085 (s) Losses = ['5.6688', '2.8580'] lr = 0.0000250
2025-10-29 18:56:55,290 - PCN - INFO - [Epoch 114/150][Batch 101/1311] BatchTime = 0.448 (s) DataTime = 0.001 (s) Losses = ['4.0522', '1.8947'] lr = 0.0000250
2025-10-29 18:57:56,511 - PCN - INFO - [Epoch 114/150][Batch 201/1311] BatchTime = 0.701 (s) DataTime = 0.001 (s) Losses = ['5.0300', '2.6269'] lr = 0.0000250
2025-10-29 18:58:54,537 - PCN - INFO - [Epoch 114/150][Batch 301/1311] BatchTime = 0.621 (s) DataTime = 0.001 (s) Losses = ['5.5285', '2.7952'] lr = 0.0000250
2025-10-29 18:59:56,270 - PCN - INFO - [Epoch 114/150][Batch 401/1311] BatchTime = 0.563 (s) DataTime = 0.001 (s) Losses = ['4.3840', '2.2053'] lr = 0.0000250
2025-10-29 19:00:55,070 - PCN - INFO - [Epoch 114/150][Batch 501/1311] BatchTime = 0.705 (s) DataTime = 0.001 (s) Losses = ['5.0904', '2.4972'] lr = 0.0000250
2025-10-29 19:01:53,753 - PCN - INFO - [Epoch 114/150][Batch 601/1311] BatchTime = 0.624 (s) DataTime = 0.001 (s) Losses = ['4.0659', '1.9535'] lr = 0.0000250
2025-10-29 19:02:54,981 - PCN - INFO - [Epoch 114/150][Batch 701/1311] BatchTime = 0.630 (s) DataTime = 0.001 (s) Losses = ['5.7697', '2.8044'] lr = 0.0000250
2025-10-29 19:03:54,418 - PCN - INFO - [Epoch 114/150][Batch 801/1311] BatchTime = 0.912 (s) DataTime = 0.001 (s) Losses = ['4.7852', '2.5155'] lr = 0.0000250
2025-10-29 19:04:52,055 - PCN - INFO - [Epoch 114/150][Batch 901/1311] BatchTime = 0.395 (s) DataTime = 0.001 (s) Losses = ['5.3561', '2.6167'] lr = 0.0000250
2025-10-29 19:05:52,028 - PCN - INFO - [Epoch 114/150][Batch 1001/1311] BatchTime = 0.566 (s) DataTime = 0.001 (s) Losses = ['4.5315', '2.1679'] lr = 0.0000250
2025-10-29 19:06:52,531 - PCN - INFO - [Epoch 114/150][Batch 1101/1311] BatchTime = 0.423 (s) DataTime = 0.001 (s) Losses = ['4.9588', '2.5407'] lr = 0.0000250
2025-10-29 19:07:56,717 - PCN - INFO - [Epoch 114/150][Batch 1201/1311] BatchTime = 0.748 (s) DataTime = 0.001 (s) Losses = ['5.3843', '2.4414'] lr = 0.0000250
2025-10-29 19:08:57,996 - PCN - INFO - [Epoch 114/150][Batch 1301/1311] BatchTime = 0.710 (s) DataTime = 0.001 (s) Losses = ['4.3191', '2.1938'] lr = 0.0000250
2025-10-29 19:09:03,585 - PCN - INFO - [Training] EPOCH: 114 EpochTime = 786.715 (s) Losses = ['5.0700', '2.5328']
2025-10-29 19:09:03,658 - PCN - INFO - Save checkpoint at ./experiments/PCN/ShapeNet55_models/PCN_fog/ckpt-last.pth
2025-10-29 19:09:04,496 - PCN - INFO - [Epoch 115/150][Batch 1/1311] BatchTime = 0.838 (s) DataTime = 0.084 (s) Losses = ['5.6193', '3.0184'] lr = 0.0000250
2025-10-29 19:10:04,718 - PCN - INFO - [Epoch 115/150][Batch 101/1311] BatchTime = 0.853 (s) DataTime = 0.001 (s) Losses = ['5.0549', '2.5594'] lr = 0.0000250
2025-10-29 19:11:04,081 - PCN - INFO - [Epoch 115/150][Batch 201/1311] BatchTime = 0.583 (s) DataTime = 0.001 (s) Losses = ['5.9236', '2.9914'] lr = 0.0000250
2025-10-29 19:12:05,651 - PCN - INFO - [Epoch 115/150][Batch 301/1311] BatchTime = 0.553 (s) DataTime = 0.001 (s) Losses = ['4.5933', '2.0851'] lr = 0.0000250
2025-10-29 19:13:05,768 - PCN - INFO - [Epoch 115/150][Batch 401/1311] BatchTime = 0.598 (s) DataTime = 0.001 (s) Losses = ['4.4813', '2.1874'] lr = 0.0000250
2025-10-29 19:14:01,454 - PCN - INFO - [Epoch 115/150][Batch 501/1311] BatchTime = 0.589 (s) DataTime = 0.001 (s) Losses = ['5.0255', '2.5203'] lr = 0.0000250
2025-10-29 19:14:58,547 - PCN - INFO - [Epoch 115/150][Batch 601/1311] BatchTime = 0.577 (s) DataTime = 0.001 (s) Losses = ['4.4648', '2.0112'] lr = 0.0000250
2025-10-29 19:15:57,998 - PCN - INFO - [Epoch 115/150][Batch 701/1311] BatchTime = 0.623 (s) DataTime = 0.001 (s) Losses = ['4.1470', '2.1258'] lr = 0.0000250
2025-10-29 19:16:55,227 - PCN - INFO - [Epoch 115/150][Batch 801/1311] BatchTime = 0.664 (s) DataTime = 0.001 (s) Losses = ['5.0171', '2.4281'] lr = 0.0000250
2025-10-29 19:17:57,725 - PCN - INFO - [Epoch 115/150][Batch 901/1311] BatchTime = 0.465 (s) DataTime = 0.001 (s) Losses = ['5.6642', '3.0467'] lr = 0.0000250
2025-10-29 19:19:02,769 - PCN - INFO - [Epoch 115/150][Batch 1001/1311] BatchTime = 1.094 (s) DataTime = 0.001 (s) Losses = ['6.3398', '3.3964'] lr = 0.0000250
2025-10-29 19:20:01,768 - PCN - INFO - [Epoch 115/150][Batch 1101/1311] BatchTime = 0.828 (s) DataTime = 0.001 (s) Losses = ['3.6738', '1.7505'] lr = 0.0000250
2025-10-29 19:21:00,677 - PCN - INFO - [Epoch 115/150][Batch 1201/1311] BatchTime = 0.728 (s) DataTime = 0.001 (s) Losses = ['4.7336', '2.3567'] lr = 0.0000250
2025-10-29 19:22:01,747 - PCN - INFO - [Epoch 115/150][Batch 1301/1311] BatchTime = 0.828 (s) DataTime = 0.001 (s) Losses = ['4.4611', '2.3148'] lr = 0.0000250
2025-10-29 19:22:07,073 - PCN - INFO - [Training] EPOCH: 115 EpochTime = 783.415 (s) Losses = ['5.0543', '2.5252']
2025-10-29 19:22:07,073 - PCN - INFO - [VALIDATION] Start validating epoch 115
2025-10-29 19:22:44,356 - PCN - INFO - Test[1051/10518] Taxonomy = 02691156 Sample = c7749c0a8b61f43bc9b9e28055202e3d Losses = ['32.3595', '3.1684', '20.4503', '1.5214'] Metrics = ['0.2782', '20.4503', '1.5214', '0.0000']
2025-10-29 19:23:20,404 - PCN - INFO - Test[2102/10518] Taxonomy = 03211117 Sample = ab2f9418c111cc6ddb965514105122a4 Losses = ['40.0700', '3.7589', '28.8116', '2.1909'] Metrics = ['0.0602', '28.8116', '2.1909', '0.0000']
2025-10-29 19:23:55,425 - PCN - INFO - Test[3153/10518] Taxonomy = 02876657 Sample = c5032e4be091aabb36fe7a88df793982 Losses = ['77.2619', '14.4026', '53.8319', '8.3254'] Metrics = ['0.0262', '53.8319', '8.3254', '0.0000']
2025-10-29 19:24:31,531 - PCN - INFO - Test[4204/10518] Taxonomy = 03211117 Sample = 722df1da5778d45b1e43523279c7f09f Losses = ['48.8738', '6.3882', '35.9177', '4.1909'] Metrics = ['0.0762', '35.9177', '4.1909', '0.0000']
2025-10-29 19:25:08,597 - PCN - INFO - Test[5255/10518] Taxonomy = 02828884 Sample = 14b63361a48a9fffe4a048c146e8bd43 Losses = ['44.7946', '5.5210', '34.9714', '3.7859'] Metrics = ['0.0784', '34.9714', '3.7859', '0.0000']
2025-10-29 19:25:43,781 - PCN - INFO - Test[6306/10518] Taxonomy = 03211117 Sample = d330d50a0255529d19ed6e1a590c9122 Losses = ['32.0188', '2.9888', '20.9981', '1.3178'] Metrics = ['0.1663', '20.9981', '1.3178', '0.0000']
2025-10-29 19:26:18,236 - PCN - INFO - Test[7357/10518] Taxonomy = 04379243 Sample = b1ca280d9567270ade98d10ab5975b59 Losses = ['43.2062', '7.2160', '26.0386', '2.7260'] Metrics = ['0.1275', '26.0386', '2.7260', '0.0000']
2025-10-29 19:26:52,916 - PCN - INFO - Test[8408/10518] Taxonomy = 03001627 Sample = 89208a619341d9fdb8c516ed5c4ce32 Losses = ['46.4902', '5.8041', '28.0951', '2.2746'] Metrics = ['0.0747', '28.0951', '2.2746', '0.0000']
2025-10-29 19:27:27,218 - PCN - INFO - Test[9459/10518] Taxonomy = 03001627 Sample = d0255120e3351121c3bd24f986301745 Losses = ['57.1434', '10.3084', '39.5207', '5.4973'] Metrics = ['0.0493', '39.5207', '5.4973', '0.0000']
2025-10-29 19:28:01,824 - PCN - INFO - Test[10510/10518] Taxonomy = 03636649 Sample = ea9ec4d9db2e06202471e6dd5ac3ef92 Losses = ['27.4142', '2.5249', '18.1131', '1.2285'] Metrics = ['0.3538', '18.1131', '1.2285', '0.0000']
2025-10-29 19:28:02,130 - PCN - INFO - [Validation] EPOCH: 115  Metrics = ['0.1328', '28.7324', '3.0094', '0.0000']
2025-10-29 19:28:02,130 - PCN - INFO - ============================ TEST RESULTS ============================
2025-10-29 19:28:02,130 - PCN - INFO - Taxonomy	#Sample	F-Score	CDL1	CDL2	EMDistance	#ModelName	
2025-10-29 19:28:02,130 - PCN - INFO - 03759954	14	0.183 	32.849 	5.895 	0.000 	microphone	
2025-10-29 19:28:02,130 - PCN - INFO - 04330267	44	0.072 	32.543 	3.438 	0.000 	stove	
2025-10-29 19:28:02,130 - PCN - INFO - 03261776	15	0.100 	35.977 	5.895 	0.000 	earphone	
2025-10-29 19:28:02,130 - PCN - INFO - 03513137	33	0.045 	42.812 	6.400 	0.000 	helmet	
2025-10-29 19:28:02,130 - PCN - INFO - 04460130	27	0.160 	25.950 	2.299 	0.000 	tower	
2025-10-29 19:28:02,130 - PCN - INFO - 04468005	78	0.161 	23.264 	1.772 	0.000 	train	
2025-10-29 19:28:02,130 - PCN - INFO - 03761084	31	0.049 	32.788 	3.338 	0.000 	microwaves	
2025-10-29 19:28:02,130 - PCN - INFO - 04004475	34	0.051 	39.095 	5.193 	0.000 	printer	
2025-10-29 19:28:02,130 - PCN - INFO - 03938244	20	0.058 	36.076 	4.137 	0.000 	pillow	
2025-10-29 19:28:02,130 - PCN - INFO - 02992529	167	0.149 	20.631 	1.184 	0.000 	cellphone	
2025-10-29 19:28:02,131 - PCN - INFO - 02808440	172	0.082 	30.561 	3.084 	0.000 	bathtub	
2025-10-29 19:28:02,131 - PCN - INFO - 04530566	388	0.193 	22.743 	1.819 	0.000 	watercraft	
2025-10-29 19:28:02,131 - PCN - INFO - 02871439	91	0.082 	31.748 	3.431 	0.000 	bookshelf	
2025-10-29 19:28:02,131 - PCN - INFO - 03593526	120	0.077 	33.622 	3.965 	0.000 	jar	
2025-10-29 19:28:02,131 - PCN - INFO - 04554684	34	0.041 	35.026 	3.667 	0.000 	washer	
2025-10-29 19:28:02,131 - PCN - INFO - 03467517	160	0.502 	12.865 	0.567 	0.000 	guitar	
2025-10-29 19:28:02,131 - PCN - INFO - 04401088	218	0.156 	20.100 	1.170 	0.000 	telephone	
2025-10-29 19:28:02,131 - PCN - INFO - 02954340	12	0.062 	34.761 	3.838 	0.000 	cap	
2025-10-29 19:28:02,131 - PCN - INFO - 02933112	315	0.079 	27.890 	2.327 	0.000 	cabinet	
2025-10-29 19:28:02,131 - PCN - INFO - 03642806	92	0.141 	20.438 	1.192 	0.000 	laptop	
2025-10-29 19:28:02,131 - PCN - INFO - 02924116	188	0.136 	23.372 	1.683 	0.000 	bus	
2025-10-29 19:28:02,131 - PCN - INFO - 02946921	22	0.064 	32.037 	3.836 	0.000 	can	
2025-10-29 19:28:02,131 - PCN - INFO - 02818832	47	0.064 	36.314 	4.463 	0.000 	bed	
2025-10-29 19:28:02,131 - PCN - INFO - 04256520	635	0.071 	29.376 	2.540 	0.000 	sofa	
2025-10-29 19:28:02,131 - PCN - INFO - 04379243	1687	0.156 	25.434 	2.476 	0.000 	table	
2025-10-29 19:28:02,131 - PCN - INFO - 02747177	69	0.056 	32.090 	3.322 	0.000 	trash bin	
2025-10-29 19:28:02,131 - PCN - INFO - 03046257	131	0.091 	30.453 	3.124 	0.000 	clock	
2025-10-29 19:28:02,131 - PCN - INFO - 04225987	31	0.247 	19.732 	1.380 	0.000 	skateboard	
2025-10-29 19:28:02,131 - PCN - INFO - 03797390	43	0.051 	32.622 	3.491 	0.000 	mug	
2025-10-29 19:28:02,131 - PCN - INFO - 03001627	1356	0.107 	28.589 	2.732 	0.000 	chair	
2025-10-29 19:28:02,131 - PCN - INFO - 03691459	320	0.063 	33.803 	3.770 	0.000 	loudspeaker	
2025-10-29 19:28:02,131 - PCN - INFO - 02942699	23	0.051 	41.868 	6.259 	0.000 	camera	
2025-10-29 19:28:02,131 - PCN - INFO - 03636649	464	0.171 	31.953 	4.468 	0.000 	lamp	
2025-10-29 19:28:02,131 - PCN - INFO - 02691156	809	0.276 	19.035 	1.288 	0.000 	airplane	
2025-10-29 19:28:02,131 - PCN - INFO - 02773838	17	0.087 	35.271 	4.608 	0.000 	bag	
2025-10-29 19:28:02,131 - PCN - INFO - 02958343	703	0.089 	26.018 	1.944 	0.000 	car	
2025-10-29 19:28:02,131 - PCN - INFO - 02880940	38	0.054 	33.075 	3.463 	0.000 	bowl	
2025-10-29 19:28:02,131 - PCN - INFO - 04099429	17	0.338 	19.545 	1.553 	0.000 	rocket	
2025-10-29 19:28:02,131 - PCN - INFO - 02828884	363	0.182 	23.574 	2.097 	0.000 	bench	
2025-10-29 19:28:02,131 - PCN - INFO - 04090263	475	0.418 	15.251 	0.873 	0.000 	rifle	
2025-10-29 19:28:02,131 - PCN - INFO - 03211117	219	0.099 	27.498 	2.424 	0.000 	display	
2025-10-29 19:28:02,131 - PCN - INFO - 02876657	100	0.148 	24.057 	1.941 	0.000 	bottle	
2025-10-29 19:28:02,131 - PCN - INFO - 03710193	19	0.147 	27.632 	2.533 	0.000 	mailbox	
2025-10-29 19:28:02,131 - PCN - INFO - 03790512	68	0.112 	26.582 	2.290 	0.000 	motorbike	
2025-10-29 19:28:02,131 - PCN - INFO - 03325088	149	0.139 	31.875 	4.090 	0.000 	faucet	
2025-10-29 19:28:02,131 - PCN - INFO - 02801938	23	0.057 	33.391 	3.568 	0.000 	basket	
2025-10-29 19:28:02,131 - PCN - INFO - 03337140	60	0.075 	29.346 	2.696 	0.000 	file cabinet	
2025-10-29 19:28:02,131 - PCN - INFO - 02843684	15	0.049 	41.011 	5.453 	0.000 	birdhouse	
2025-10-29 19:28:02,131 - PCN - INFO - 03624134	85	0.472 	13.932 	0.718 	0.000 	knife	
2025-10-29 19:28:02,131 - PCN - INFO - 03991062	121	0.059 	37.797 	4.945 	0.000 	flowerpot	
2025-10-29 19:28:02,131 - PCN - INFO - 03948459	62	0.225 	20.097 	1.288 	0.000 	pistol	
2025-10-29 19:28:02,131 - PCN - INFO - 03928116	48	0.068 	34.301 	3.895 	0.000 	piano	
2025-10-29 19:28:02,131 - PCN - INFO - 03207941	19	0.055 	30.751 	3.053 	0.000 	dishwasher	
2025-10-29 19:28:02,131 - PCN - INFO - 04074963	14	0.159 	22.174 	1.462 	0.000 	remote	
2025-10-29 19:28:02,131 - PCN - INFO - 03085013	13	0.223 	18.689 	1.186 	0.000 	keyboard	
2025-10-29 19:28:02,131 - PCN - INFO - Overall		0.133 	28.732 	3.009 	0.000 	
2025-10-29 19:28:02,210 - PCN - INFO - Save checkpoint at ./experiments/PCN/ShapeNet55_models/PCN_fog/ckpt-last.pth
2025-10-29 19:28:02,795 - PCN - INFO - [Epoch 116/150][Batch 1/1311] BatchTime = 0.584 (s) DataTime = 0.089 (s) Losses = ['4.9052', '2.5112'] lr = 0.0000250
2025-10-29 19:29:00,866 - PCN - INFO - [Epoch 116/150][Batch 101/1311] BatchTime = 0.675 (s) DataTime = 0.001 (s) Losses = ['6.0754', '3.2757'] lr = 0.0000250
2025-10-29 19:30:00,103 - PCN - INFO - [Epoch 116/150][Batch 201/1311] BatchTime = 0.363 (s) DataTime = 0.001 (s) Losses = ['7.7383', '3.7465'] lr = 0.0000250
2025-10-29 19:31:01,652 - PCN - INFO - [Epoch 116/150][Batch 301/1311] BatchTime = 0.621 (s) DataTime = 0.001 (s) Losses = ['4.2664', '2.1087'] lr = 0.0000250
2025-10-29 19:32:02,021 - PCN - INFO - [Epoch 116/150][Batch 401/1311] BatchTime = 0.571 (s) DataTime = 0.001 (s) Losses = ['4.5443', '2.2510'] lr = 0.0000250
2025-10-29 19:33:03,674 - PCN - INFO - [Epoch 116/150][Batch 501/1311] BatchTime = 0.452 (s) DataTime = 0.001 (s) Losses = ['4.7163', '2.3887'] lr = 0.0000250
2025-10-29 19:34:03,221 - PCN - INFO - [Epoch 116/150][Batch 601/1311] BatchTime = 0.757 (s) DataTime = 0.001 (s) Losses = ['4.4728', '2.1146'] lr = 0.0000250
2025-10-29 19:35:05,223 - PCN - INFO - [Epoch 116/150][Batch 701/1311] BatchTime = 0.580 (s) DataTime = 0.001 (s) Losses = ['5.1859', '2.3920'] lr = 0.0000250
2025-10-29 19:36:00,957 - PCN - INFO - [Epoch 116/150][Batch 801/1311] BatchTime = 0.453 (s) DataTime = 0.001 (s) Losses = ['4.9968', '2.4782'] lr = 0.0000250
2025-10-29 19:36:58,614 - PCN - INFO - [Epoch 116/150][Batch 901/1311] BatchTime = 1.026 (s) DataTime = 0.001 (s) Losses = ['5.7715', '2.6946'] lr = 0.0000250
2025-10-29 19:37:59,623 - PCN - INFO - [Epoch 116/150][Batch 1001/1311] BatchTime = 0.375 (s) DataTime = 0.001 (s) Losses = ['4.2496', '2.0135'] lr = 0.0000250
2025-10-29 19:39:01,524 - PCN - INFO - [Epoch 116/150][Batch 1101/1311] BatchTime = 0.571 (s) DataTime = 0.001 (s) Losses = ['5.5513', '2.9215'] lr = 0.0000250
2025-10-29 19:40:00,485 - PCN - INFO - [Epoch 116/150][Batch 1201/1311] BatchTime = 0.961 (s) DataTime = 0.001 (s) Losses = ['5.4424', '2.7351'] lr = 0.0000250
2025-10-29 19:41:00,576 - PCN - INFO - [Epoch 116/150][Batch 1301/1311] BatchTime = 0.497 (s) DataTime = 0.001 (s) Losses = ['4.0783', '1.9976'] lr = 0.0000250
2025-10-29 19:41:04,998 - PCN - INFO - [Training] EPOCH: 116 EpochTime = 782.787 (s) Losses = ['5.0518', '2.5242']
2025-10-29 19:41:05,072 - PCN - INFO - Save checkpoint at ./experiments/PCN/ShapeNet55_models/PCN_fog/ckpt-last.pth
2025-10-29 19:41:05,706 - PCN - INFO - [Epoch 117/150][Batch 1/1311] BatchTime = 0.634 (s) DataTime = 0.107 (s) Losses = ['5.2828', '2.9873'] lr = 0.0000250
2025-10-29 19:42:04,035 - PCN - INFO - [Epoch 117/150][Batch 101/1311] BatchTime = 1.049 (s) DataTime = 0.001 (s) Losses = ['4.4119', '2.0220'] lr = 0.0000250
2025-10-29 19:43:05,932 - PCN - INFO - [Epoch 117/150][Batch 201/1311] BatchTime = 0.569 (s) DataTime = 0.001 (s) Losses = ['5.2774', '2.6333'] lr = 0.0000250
2025-10-29 19:44:02,299 - PCN - INFO - [Epoch 117/150][Batch 301/1311] BatchTime = 0.352 (s) DataTime = 0.001 (s) Losses = ['5.3625', '2.5601'] lr = 0.0000250
2025-10-29 19:45:02,964 - PCN - INFO - [Epoch 117/150][Batch 401/1311] BatchTime = 0.676 (s) DataTime = 0.001 (s) Losses = ['4.9977', '2.4215'] lr = 0.0000250
2025-10-29 19:45:59,759 - PCN - INFO - [Epoch 117/150][Batch 501/1311] BatchTime = 0.565 (s) DataTime = 0.001 (s) Losses = ['4.9947', '2.4044'] lr = 0.0000250
2025-10-29 19:47:00,600 - PCN - INFO - [Epoch 117/150][Batch 601/1311] BatchTime = 0.652 (s) DataTime = 0.001 (s) Losses = ['4.3298', '2.2226'] lr = 0.0000250
2025-10-29 19:48:01,921 - PCN - INFO - [Epoch 117/150][Batch 701/1311] BatchTime = 0.477 (s) DataTime = 0.001 (s) Losses = ['3.9761', '1.9677'] lr = 0.0000250
2025-10-29 19:49:04,498 - PCN - INFO - [Epoch 117/150][Batch 801/1311] BatchTime = 0.554 (s) DataTime = 0.001 (s) Losses = ['4.8294', '2.3482'] lr = 0.0000250
2025-10-29 19:50:03,313 - PCN - INFO - [Epoch 117/150][Batch 901/1311] BatchTime = 0.671 (s) DataTime = 0.001 (s) Losses = ['5.0477', '2.3557'] lr = 0.0000250
2025-10-29 19:51:00,748 - PCN - INFO - [Epoch 117/150][Batch 1001/1311] BatchTime = 0.641 (s) DataTime = 0.001 (s) Losses = ['5.0133', '2.4569'] lr = 0.0000250
2025-10-29 19:52:00,158 - PCN - INFO - [Epoch 117/150][Batch 1101/1311] BatchTime = 0.378 (s) DataTime = 0.001 (s) Losses = ['5.1072', '2.6116'] lr = 0.0000250
2025-10-29 19:52:57,394 - PCN - INFO - [Epoch 117/150][Batch 1201/1311] BatchTime = 0.600 (s) DataTime = 0.001 (s) Losses = ['5.1979', '2.6175'] lr = 0.0000250
2025-10-29 19:53:58,492 - PCN - INFO - [Epoch 117/150][Batch 1301/1311] BatchTime = 0.258 (s) DataTime = 0.001 (s) Losses = ['5.0023', '2.6591'] lr = 0.0000250
2025-10-29 19:54:04,398 - PCN - INFO - [Training] EPOCH: 117 EpochTime = 779.326 (s) Losses = ['5.0552', '2.5249']
2025-10-29 19:54:04,479 - PCN - INFO - Save checkpoint at ./experiments/PCN/ShapeNet55_models/PCN_fog/ckpt-last.pth
2025-10-29 19:54:05,023 - PCN - INFO - [Epoch 118/150][Batch 1/1311] BatchTime = 0.544 (s) DataTime = 0.086 (s) Losses = ['5.2794', '2.7448'] lr = 0.0000250
2025-10-29 19:55:02,442 - PCN - INFO - [Epoch 118/150][Batch 101/1311] BatchTime = 0.516 (s) DataTime = 0.001 (s) Losses = ['4.4148', '2.1541'] lr = 0.0000250
2025-10-29 19:56:01,636 - PCN - INFO - [Epoch 118/150][Batch 201/1311] BatchTime = 0.349 (s) DataTime = 0.001 (s) Losses = ['5.3579', '2.8360'] lr = 0.0000250
2025-10-29 19:57:00,377 - PCN - INFO - [Epoch 118/150][Batch 301/1311] BatchTime = 0.255 (s) DataTime = 0.001 (s) Losses = ['5.4303', '2.7929'] lr = 0.0000250
2025-10-29 19:57:59,835 - PCN - INFO - [Epoch 118/150][Batch 401/1311] BatchTime = 0.708 (s) DataTime = 0.001 (s) Losses = ['4.6313', '2.2620'] lr = 0.0000250
2025-10-29 19:59:02,698 - PCN - INFO - [Epoch 118/150][Batch 501/1311] BatchTime = 0.599 (s) DataTime = 0.001 (s) Losses = ['5.8300', '2.9934'] lr = 0.0000250
2025-10-29 20:00:03,796 - PCN - INFO - [Epoch 118/150][Batch 601/1311] BatchTime = 0.929 (s) DataTime = 0.001 (s) Losses = ['5.6233', '2.9771'] lr = 0.0000250
2025-10-29 20:01:04,459 - PCN - INFO - [Epoch 118/150][Batch 701/1311] BatchTime = 0.613 (s) DataTime = 0.001 (s) Losses = ['5.8485', '3.0906'] lr = 0.0000250
2025-10-29 20:02:04,065 - PCN - INFO - [Epoch 118/150][Batch 801/1311] BatchTime = 0.525 (s) DataTime = 0.001 (s) Losses = ['5.0693', '2.6535'] lr = 0.0000250
2025-10-29 20:03:02,905 - PCN - INFO - [Epoch 118/150][Batch 901/1311] BatchTime = 0.735 (s) DataTime = 0.001 (s) Losses = ['4.8710', '2.5821'] lr = 0.0000250
2025-10-29 20:03:58,646 - PCN - INFO - [Epoch 118/150][Batch 1001/1311] BatchTime = 0.702 (s) DataTime = 0.001 (s) Losses = ['4.0873', '2.2198'] lr = 0.0000250
2025-10-29 20:04:58,923 - PCN - INFO - [Epoch 118/150][Batch 1101/1311] BatchTime = 0.733 (s) DataTime = 0.001 (s) Losses = ['4.7049', '2.2732'] lr = 0.0000250
2025-10-29 20:06:00,684 - PCN - INFO - [Epoch 118/150][Batch 1201/1311] BatchTime = 0.689 (s) DataTime = 0.001 (s) Losses = ['5.9938', '3.0840'] lr = 0.0000250
2025-10-29 20:07:01,072 - PCN - INFO - [Epoch 118/150][Batch 1301/1311] BatchTime = 0.350 (s) DataTime = 0.001 (s) Losses = ['5.4822', '2.8683'] lr = 0.0000250
2025-10-29 20:07:06,800 - PCN - INFO - [Training] EPOCH: 118 EpochTime = 782.321 (s) Losses = ['5.0579', '2.5275']
2025-10-29 20:07:06,876 - PCN - INFO - Save checkpoint at ./experiments/PCN/ShapeNet55_models/PCN_fog/ckpt-last.pth
2025-10-29 20:07:07,513 - PCN - INFO - [Epoch 119/150][Batch 1/1311] BatchTime = 0.637 (s) DataTime = 0.084 (s) Losses = ['4.2252', '2.1075'] lr = 0.0000250
2025-10-29 20:08:08,964 - PCN - INFO - [Epoch 119/150][Batch 101/1311] BatchTime = 0.823 (s) DataTime = 0.001 (s) Losses = ['4.5239', '2.2257'] lr = 0.0000250
2025-10-29 20:09:09,407 - PCN - INFO - [Epoch 119/150][Batch 201/1311] BatchTime = 0.798 (s) DataTime = 0.001 (s) Losses = ['8.5241', '4.9024'] lr = 0.0000250
2025-10-29 20:10:07,118 - PCN - INFO - [Epoch 119/150][Batch 301/1311] BatchTime = 0.820 (s) DataTime = 0.001 (s) Losses = ['4.6221', '2.4164'] lr = 0.0000250
2025-10-29 20:11:05,156 - PCN - INFO - [Epoch 119/150][Batch 401/1311] BatchTime = 0.656 (s) DataTime = 0.001 (s) Losses = ['6.4067', '3.1427'] lr = 0.0000250
2025-10-29 20:12:06,283 - PCN - INFO - [Epoch 119/150][Batch 501/1311] BatchTime = 0.481 (s) DataTime = 0.001 (s) Losses = ['4.6440', '2.1926'] lr = 0.0000250
2025-10-29 20:13:06,946 - PCN - INFO - [Epoch 119/150][Batch 601/1311] BatchTime = 0.581 (s) DataTime = 0.001 (s) Losses = ['4.7253', '2.4011'] lr = 0.0000250
2025-10-29 20:14:06,315 - PCN - INFO - [Epoch 119/150][Batch 701/1311] BatchTime = 0.634 (s) DataTime = 0.001 (s) Losses = ['4.7991', '2.3104'] lr = 0.0000250
2025-10-29 20:15:04,872 - PCN - INFO - [Epoch 119/150][Batch 801/1311] BatchTime = 0.529 (s) DataTime = 0.001 (s) Losses = ['4.6758', '2.2430'] lr = 0.0000250
2025-10-29 20:16:03,510 - PCN - INFO - [Epoch 119/150][Batch 901/1311] BatchTime = 0.441 (s) DataTime = 0.001 (s) Losses = ['4.4918', '2.1465'] lr = 0.0000250
2025-10-29 20:17:04,584 - PCN - INFO - [Epoch 119/150][Batch 1001/1311] BatchTime = 0.452 (s) DataTime = 0.001 (s) Losses = ['5.7544', '2.9905'] lr = 0.0000250
2025-10-29 20:17:59,844 - PCN - INFO - [Epoch 119/150][Batch 1101/1311] BatchTime = 0.735 (s) DataTime = 0.001 (s) Losses = ['5.8905', '3.2496'] lr = 0.0000250
2025-10-29 20:19:02,357 - PCN - INFO - [Epoch 119/150][Batch 1201/1311] BatchTime = 0.615 (s) DataTime = 0.001 (s) Losses = ['6.7463', '3.2112'] lr = 0.0000250
2025-10-29 20:20:03,013 - PCN - INFO - [Epoch 119/150][Batch 1301/1311] BatchTime = 0.611 (s) DataTime = 0.002 (s) Losses = ['3.2001', '1.5445'] lr = 0.0000250
2025-10-29 20:20:08,384 - PCN - INFO - [Training] EPOCH: 119 EpochTime = 781.507 (s) Losses = ['5.0673', '2.5347']
2025-10-29 20:20:08,470 - PCN - INFO - Save checkpoint at ./experiments/PCN/ShapeNet55_models/PCN_fog/ckpt-last.pth
2025-10-29 20:20:09,046 - PCN - INFO - [Epoch 120/150][Batch 1/1311] BatchTime = 0.575 (s) DataTime = 0.091 (s) Losses = ['7.5719', '3.9384'] lr = 0.0000250
2025-10-29 20:21:10,157 - PCN - INFO - [Epoch 120/150][Batch 101/1311] BatchTime = 0.601 (s) DataTime = 0.001 (s) Losses = ['5.2597', '2.6433'] lr = 0.0000250
2025-10-29 20:22:10,125 - PCN - INFO - [Epoch 120/150][Batch 201/1311] BatchTime = 0.833 (s) DataTime = 0.001 (s) Losses = ['4.6503', '2.3290'] lr = 0.0000250
2025-10-29 20:23:10,959 - PCN - INFO - [Epoch 120/150][Batch 301/1311] BatchTime = 0.935 (s) DataTime = 0.001 (s) Losses = ['4.8726', '2.2885'] lr = 0.0000250
2025-10-29 20:24:10,667 - PCN - INFO - [Epoch 120/150][Batch 401/1311] BatchTime = 0.781 (s) DataTime = 0.001 (s) Losses = ['5.7066', '2.7834'] lr = 0.0000250
2025-10-29 20:25:09,850 - PCN - INFO - [Epoch 120/150][Batch 501/1311] BatchTime = 0.615 (s) DataTime = 0.001 (s) Losses = ['5.4740', '2.6758'] lr = 0.0000250
2025-10-29 20:26:08,314 - PCN - INFO - [Epoch 120/150][Batch 601/1311] BatchTime = 0.680 (s) DataTime = 0.001 (s) Losses = ['4.8024', '2.2559'] lr = 0.0000250
2025-10-29 20:27:07,920 - PCN - INFO - [Epoch 120/150][Batch 701/1311] BatchTime = 0.456 (s) DataTime = 0.001 (s) Losses = ['5.5493', '2.9819'] lr = 0.0000250
2025-10-29 20:28:04,314 - PCN - INFO - [Epoch 120/150][Batch 801/1311] BatchTime = 0.603 (s) DataTime = 0.001 (s) Losses = ['3.7636', '1.8607'] lr = 0.0000250
2025-10-29 20:29:02,975 - PCN - INFO - [Epoch 120/150][Batch 901/1311] BatchTime = 0.527 (s) DataTime = 0.001 (s) Losses = ['4.8495', '2.3061'] lr = 0.0000250
2025-10-29 20:30:02,067 - PCN - INFO - [Epoch 120/150][Batch 1001/1311] BatchTime = 0.588 (s) DataTime = 0.001 (s) Losses = ['5.9490', '2.8965'] lr = 0.0000250
2025-10-29 20:31:02,150 - PCN - INFO - [Epoch 120/150][Batch 1101/1311] BatchTime = 0.276 (s) DataTime = 0.001 (s) Losses = ['4.1016', '2.0498'] lr = 0.0000250
2025-10-29 20:32:05,225 - PCN - INFO - [Epoch 120/150][Batch 1201/1311] BatchTime = 0.555 (s) DataTime = 0.001 (s) Losses = ['5.3277', '2.7082'] lr = 0.0000250
2025-10-29 20:33:01,439 - PCN - INFO - [Epoch 120/150][Batch 1301/1311] BatchTime = 0.357 (s) DataTime = 0.001 (s) Losses = ['5.6848', '3.0967'] lr = 0.0000250
2025-10-29 20:33:07,834 - PCN - INFO - [Training] EPOCH: 120 EpochTime = 779.364 (s) Losses = ['5.0425', '2.5178']
2025-10-29 20:33:07,835 - PCN - INFO - [VALIDATION] Start validating epoch 120
2025-10-29 20:33:46,996 - PCN - INFO - Test[1051/10518] Taxonomy = 02691156 Sample = c7749c0a8b61f43bc9b9e28055202e3d Losses = ['33.3066', '4.0665', '24.3440', '2.3685'] Metrics = ['0.2377', '24.3440', '2.3685', '0.0000']
2025-10-29 20:34:22,208 - PCN - INFO - Test[2102/10518] Taxonomy = 03211117 Sample = ab2f9418c111cc6ddb965514105122a4 Losses = ['33.9742', '2.7473', '23.2652', '1.5034'] Metrics = ['0.1104', '23.2652', '1.5034', '0.0000']
2025-10-29 20:34:55,384 - PCN - INFO - Test[3153/10518] Taxonomy = 02876657 Sample = c5032e4be091aabb36fe7a88df793982 Losses = ['52.0546', '8.2305', '36.7840', '4.2948'] Metrics = ['0.0550', '36.7840', '4.2948', '0.0000']
2025-10-29 20:35:31,459 - PCN - INFO - Test[4204/10518] Taxonomy = 03211117 Sample = 722df1da5778d45b1e43523279c7f09f Losses = ['62.3177', '10.1840', '45.6655', '6.7070'] Metrics = ['0.0490', '45.6655', '6.7070', '0.0000']
2025-10-29 20:36:07,729 - PCN - INFO - Test[5255/10518] Taxonomy = 02828884 Sample = 14b63361a48a9fffe4a048c146e8bd43 Losses = ['42.0978', '4.4821', '31.2762', '2.9656'] Metrics = ['0.0800', '31.2762', '2.9656', '0.0000']
2025-10-29 20:36:43,425 - PCN - INFO - Test[6306/10518] Taxonomy = 03211117 Sample = d330d50a0255529d19ed6e1a590c9122 Losses = ['32.4444', '3.2336', '24.3227', '1.8523'] Metrics = ['0.1327', '24.3227', '1.8523', '0.0000']
2025-10-29 20:37:17,935 - PCN - INFO - Test[7357/10518] Taxonomy = 04379243 Sample = b1ca280d9567270ade98d10ab5975b59 Losses = ['43.2305', '6.1248', '25.5794', '2.4541'] Metrics = ['0.1040', '25.5794', '2.4541', '0.0000']
2025-10-29 20:37:52,365 - PCN - INFO - Test[8408/10518] Taxonomy = 03001627 Sample = 89208a619341d9fdb8c516ed5c4ce32 Losses = ['44.0536', '5.1470', '26.6600', '2.0256'] Metrics = ['0.0820', '26.6600', '2.0256', '0.0000']
2025-10-29 20:38:27,811 - PCN - INFO - Test[9459/10518] Taxonomy = 03001627 Sample = d0255120e3351121c3bd24f986301745 Losses = ['48.8816', '6.3313', '33.1106', '3.1441'] Metrics = ['0.0450', '33.1106', '3.1441', '0.0000']
2025-10-29 20:39:02,389 - PCN - INFO - Test[10510/10518] Taxonomy = 03636649 Sample = ea9ec4d9db2e06202471e6dd5ac3ef92 Losses = ['24.9008', '1.9658', '16.2774', '0.9896'] Metrics = ['0.3939', '16.2774', '0.9896', '0.0000']
2025-10-29 20:39:02,592 - PCN - INFO - [Validation] EPOCH: 120  Metrics = ['0.1365', '28.2611', '2.9056', '0.0000']
2025-10-29 20:39:02,592 - PCN - INFO - ============================ TEST RESULTS ============================
2025-10-29 20:39:02,592 - PCN - INFO - Taxonomy	#Sample	F-Score	CDL1	CDL2	EMDistance	#ModelName	
2025-10-29 20:39:02,592 - PCN - INFO - 03759954	14	0.207 	31.127 	4.899 	0.000 	microphone	
2025-10-29 20:39:02,592 - PCN - INFO - 04330267	44	0.074 	32.093 	3.350 	0.000 	stove	
2025-10-29 20:39:02,592 - PCN - INFO - 03261776	15	0.105 	32.997 	4.638 	0.000 	earphone	
2025-10-29 20:39:02,592 - PCN - INFO - 03513137	33	0.044 	43.874 	6.803 	0.000 	helmet	
2025-10-29 20:39:02,592 - PCN - INFO - 04460130	27	0.160 	26.763 	2.558 	0.000 	tower	
2025-10-29 20:39:02,592 - PCN - INFO - 04468005	78	0.154 	23.412 	1.794 	0.000 	train	
2025-10-29 20:39:02,592 - PCN - INFO - 03761084	31	0.050 	33.381 	3.491 	0.000 	microwaves	
2025-10-29 20:39:02,592 - PCN - INFO - 04004475	34	0.054 	37.469 	4.690 	0.000 	printer	
2025-10-29 20:39:02,592 - PCN - INFO - 03938244	20	0.065 	34.495 	3.757 	0.000 	pillow	
2025-10-29 20:39:02,592 - PCN - INFO - 02992529	167	0.163 	20.004 	1.146 	0.000 	cellphone	
2025-10-29 20:39:02,592 - PCN - INFO - 02808440	172	0.083 	30.294 	3.046 	0.000 	bathtub	
2025-10-29 20:39:02,592 - PCN - INFO - 04530566	388	0.194 	22.397 	1.749 	0.000 	watercraft	
2025-10-29 20:39:02,592 - PCN - INFO - 02871439	91	0.083 	31.795 	3.464 	0.000 	bookshelf	
2025-10-29 20:39:02,592 - PCN - INFO - 03593526	120	0.078 	34.017 	4.101 	0.000 	jar	
2025-10-29 20:39:02,593 - PCN - INFO - 04554684	34	0.046 	33.982 	3.503 	0.000 	washer	
2025-10-29 20:39:02,593 - PCN - INFO - 03467517	160	0.502 	12.663 	0.532 	0.000 	guitar	
2025-10-29 20:39:02,593 - PCN - INFO - 04401088	218	0.168 	19.573 	1.152 	0.000 	telephone	
2025-10-29 20:39:02,593 - PCN - INFO - 02954340	12	0.071 	32.503 	3.615 	0.000 	cap	
2025-10-29 20:39:02,593 - PCN - INFO - 02933112	315	0.080 	27.460 	2.254 	0.000 	cabinet	
2025-10-29 20:39:02,593 - PCN - INFO - 03642806	92	0.142 	20.230 	1.132 	0.000 	laptop	
2025-10-29 20:39:02,593 - PCN - INFO - 02924116	188	0.136 	22.950 	1.608 	0.000 	bus	
2025-10-29 20:39:02,593 - PCN - INFO - 02946921	22	0.062 	31.097 	3.347 	0.000 	can	
2025-10-29 20:39:02,593 - PCN - INFO - 02818832	47	0.068 	35.607 	4.351 	0.000 	bed	
2025-10-29 20:39:02,593 - PCN - INFO - 04256520	635	0.072 	29.149 	2.517 	0.000 	sofa	
2025-10-29 20:39:02,593 - PCN - INFO - 04379243	1687	0.159 	25.127 	2.430 	0.000 	table	
2025-10-29 20:39:02,593 - PCN - INFO - 02747177	69	0.056 	31.088 	2.945 	0.000 	trash bin	
2025-10-29 20:39:02,593 - PCN - INFO - 03046257	131	0.087 	30.659 	3.339 	0.000 	clock	
2025-10-29 20:39:02,593 - PCN - INFO - 04225987	31	0.254 	19.013 	1.213 	0.000 	skateboard	
2025-10-29 20:39:02,593 - PCN - INFO - 03797390	43	0.050 	32.780 	3.587 	0.000 	mug	
2025-10-29 20:39:02,593 - PCN - INFO - 03001627	1356	0.110 	28.392 	2.737 	0.000 	chair	
2025-10-29 20:39:02,593 - PCN - INFO - 03691459	320	0.063 	34.145 	3.882 	0.000 	loudspeaker	
2025-10-29 20:39:02,593 - PCN - INFO - 02942699	23	0.056 	41.351 	5.996 	0.000 	camera	
2025-10-29 20:39:02,593 - PCN - INFO - 03636649	464	0.174 	31.689 	4.535 	0.000 	lamp	
2025-10-29 20:39:02,593 - PCN - INFO - 02691156	809	0.282 	18.518 	1.226 	0.000 	airplane	
2025-10-29 20:39:02,593 - PCN - INFO - 02773838	17	0.086 	34.954 	4.438 	0.000 	bag	
2025-10-29 20:39:02,593 - PCN - INFO - 02958343	703	0.088 	25.882 	1.915 	0.000 	car	
2025-10-29 20:39:02,593 - PCN - INFO - 02880940	38	0.058 	32.372 	3.439 	0.000 	bowl	
2025-10-29 20:39:02,593 - PCN - INFO - 04099429	17	0.347 	18.701 	1.361 	0.000 	rocket	
2025-10-29 20:39:02,593 - PCN - INFO - 02828884	363	0.177 	23.540 	2.024 	0.000 	bench	
2025-10-29 20:39:02,593 - PCN - INFO - 04090263	475	0.430 	14.923 	0.838 	0.000 	rifle	
2025-10-29 20:39:02,593 - PCN - INFO - 03211117	219	0.101 	27.407 	2.577 	0.000 	display	
2025-10-29 20:39:02,593 - PCN - INFO - 02876657	100	0.169 	22.864 	1.840 	0.000 	bottle	
2025-10-29 20:39:02,593 - PCN - INFO - 03710193	19	0.156 	26.889 	2.522 	0.000 	mailbox	
2025-10-29 20:39:02,593 - PCN - INFO - 03790512	68	0.113 	26.448 	2.282 	0.000 	motorbike	
2025-10-29 20:39:02,593 - PCN - INFO - 03325088	149	0.135 	32.000 	3.973 	0.000 	faucet	
2025-10-29 20:39:02,593 - PCN - INFO - 02801938	23	0.053 	34.076 	3.782 	0.000 	basket	
2025-10-29 20:39:02,593 - PCN - INFO - 03337140	60	0.080 	29.366 	2.764 	0.000 	file cabinet	
2025-10-29 20:39:02,593 - PCN - INFO - 02843684	15	0.056 	38.109 	4.845 	0.000 	birdhouse	
2025-10-29 20:39:02,593 - PCN - INFO - 03624134	85	0.491 	13.335 	0.629 	0.000 	knife	
2025-10-29 20:39:02,593 - PCN - INFO - 03991062	121	0.060 	37.609 	4.783 	0.000 	flowerpot	
2025-10-29 20:39:02,593 - PCN - INFO - 03948459	62	0.235 	19.450 	1.201 	0.000 	pistol	
2025-10-29 20:39:02,593 - PCN - INFO - 03928116	48	0.073 	33.070 	3.603 	0.000 	piano	
2025-10-29 20:39:02,593 - PCN - INFO - 03207941	19	0.058 	30.473 	2.909 	0.000 	dishwasher	
2025-10-29 20:39:02,593 - PCN - INFO - 04074963	14	0.163 	22.596 	1.556 	0.000 	remote	
2025-10-29 20:39:02,593 - PCN - INFO - 03085013	13	0.226 	18.200 	1.139 	0.000 	keyboard	
2025-10-29 20:39:02,593 - PCN - INFO - Overall		0.137 	28.261 	2.906 	0.000 	
2025-10-29 20:39:02,670 - PCN - INFO - Save checkpoint at ./experiments/PCN/ShapeNet55_models/PCN_fog/ckpt-last.pth
2025-10-29 20:39:03,313 - PCN - INFO - [Epoch 121/150][Batch 1/1311] BatchTime = 0.643 (s) DataTime = 0.082 (s) Losses = ['6.4038', '3.2860'] lr = 0.0000250
2025-10-29 20:40:01,378 - PCN - INFO - [Epoch 121/150][Batch 101/1311] BatchTime = 0.388 (s) DataTime = 0.001 (s) Losses = ['4.3237', '2.0774'] lr = 0.0000250
2025-10-29 20:40:58,501 - PCN - INFO - [Epoch 121/150][Batch 201/1311] BatchTime = 0.574 (s) DataTime = 0.001 (s) Losses = ['4.3799', '2.1628'] lr = 0.0000250
2025-10-29 20:41:59,630 - PCN - INFO - [Epoch 121/150][Batch 301/1311] BatchTime = 0.630 (s) DataTime = 0.001 (s) Losses = ['5.5066', '2.7251'] lr = 0.0000250
2025-10-29 20:42:59,570 - PCN - INFO - [Epoch 121/150][Batch 401/1311] BatchTime = 0.466 (s) DataTime = 0.001 (s) Losses = ['6.2101', '3.1451'] lr = 0.0000250
2025-10-29 20:44:00,445 - PCN - INFO - [Epoch 121/150][Batch 501/1311] BatchTime = 0.538 (s) DataTime = 0.001 (s) Losses = ['4.4202', '2.2627'] lr = 0.0000250
2025-10-29 20:45:00,232 - PCN - INFO - [Epoch 121/150][Batch 601/1311] BatchTime = 0.619 (s) DataTime = 0.001 (s) Losses = ['4.6489', '2.3347'] lr = 0.0000250
2025-10-29 20:46:01,118 - PCN - INFO - [Epoch 121/150][Batch 701/1311] BatchTime = 0.469 (s) DataTime = 0.001 (s) Losses = ['4.6196', '2.1437'] lr = 0.0000250
2025-10-29 20:47:03,893 - PCN - INFO - [Epoch 121/150][Batch 801/1311] BatchTime = 0.870 (s) DataTime = 0.001 (s) Losses = ['4.7879', '2.6473'] lr = 0.0000250
2025-10-29 20:48:06,539 - PCN - INFO - [Epoch 121/150][Batch 901/1311] BatchTime = 0.865 (s) DataTime = 0.001 (s) Losses = ['5.4447', '2.6383'] lr = 0.0000250
2025-10-29 20:49:02,728 - PCN - INFO - [Epoch 121/150][Batch 1001/1311] BatchTime = 0.686 (s) DataTime = 0.001 (s) Losses = ['5.8480', '2.9028'] lr = 0.0000250
2025-10-29 20:50:05,782 - PCN - INFO - [Epoch 121/150][Batch 1101/1311] BatchTime = 0.515 (s) DataTime = 0.001 (s) Losses = ['5.5718', '2.9800'] lr = 0.0000250
2025-10-29 20:51:03,860 - PCN - INFO - [Epoch 121/150][Batch 1201/1311] BatchTime = 0.736 (s) DataTime = 0.001 (s) Losses = ['5.8258', '2.9727'] lr = 0.0000250
2025-10-29 20:52:01,109 - PCN - INFO - [Epoch 121/150][Batch 1301/1311] BatchTime = 0.415 (s) DataTime = 0.001 (s) Losses = ['5.2510', '2.4983'] lr = 0.0000250
2025-10-29 20:52:07,147 - PCN - INFO - [Training] EPOCH: 121 EpochTime = 784.476 (s) Losses = ['5.0501', '2.5233']
2025-10-29 20:52:07,225 - PCN - INFO - Save checkpoint at ./experiments/PCN/ShapeNet55_models/PCN_fog/ckpt-last.pth
2025-10-29 20:52:08,088 - PCN - INFO - [Epoch 122/150][Batch 1/1311] BatchTime = 0.863 (s) DataTime = 0.090 (s) Losses = ['4.7491', '2.2175'] lr = 0.0000250
2025-10-29 20:53:11,539 - PCN - INFO - [Epoch 122/150][Batch 101/1311] BatchTime = 0.758 (s) DataTime = 0.001 (s) Losses = ['4.8651', '2.2236'] lr = 0.0000250
2025-10-29 20:54:09,030 - PCN - INFO - [Epoch 122/150][Batch 201/1311] BatchTime = 0.672 (s) DataTime = 0.001 (s) Losses = ['4.4724', '2.1547'] lr = 0.0000250
2025-10-29 20:55:09,591 - PCN - INFO - [Epoch 122/150][Batch 301/1311] BatchTime = 0.626 (s) DataTime = 0.001 (s) Losses = ['5.1537', '2.6490'] lr = 0.0000250
2025-10-29 20:56:10,533 - PCN - INFO - [Epoch 122/150][Batch 401/1311] BatchTime = 0.638 (s) DataTime = 0.001 (s) Losses = ['4.5501', '2.1359'] lr = 0.0000250
2025-10-29 20:57:09,557 - PCN - INFO - [Epoch 122/150][Batch 501/1311] BatchTime = 0.486 (s) DataTime = 0.001 (s) Losses = ['4.9407', '2.7392'] lr = 0.0000250
2025-10-29 20:58:09,338 - PCN - INFO - [Epoch 122/150][Batch 601/1311] BatchTime = 0.484 (s) DataTime = 0.001 (s) Losses = ['5.1096', '2.3885'] lr = 0.0000250
2025-10-29 20:59:10,756 - PCN - INFO - [Epoch 122/150][Batch 701/1311] BatchTime = 0.453 (s) DataTime = 0.001 (s) Losses = ['4.6259', '2.2982'] lr = 0.0000250
2025-10-29 21:00:10,682 - PCN - INFO - [Epoch 122/150][Batch 801/1311] BatchTime = 0.539 (s) DataTime = 0.001 (s) Losses = ['4.6593', '2.3258'] lr = 0.0000250
2025-10-29 21:01:13,925 - PCN - INFO - [Epoch 122/150][Batch 901/1311] BatchTime = 0.523 (s) DataTime = 0.001 (s) Losses = ['4.5989', '2.1506'] lr = 0.0000250
2025-10-29 21:02:13,106 - PCN - INFO - [Epoch 122/150][Batch 1001/1311] BatchTime = 0.671 (s) DataTime = 0.001 (s) Losses = ['5.9136', '2.8838'] lr = 0.0000250
2025-10-29 21:03:09,607 - PCN - INFO - [Epoch 122/150][Batch 1101/1311] BatchTime = 0.667 (s) DataTime = 0.001 (s) Losses = ['4.8067', '2.2574'] lr = 0.0000250
2025-10-29 21:04:06,783 - PCN - INFO - [Epoch 122/150][Batch 1201/1311] BatchTime = 0.722 (s) DataTime = 0.001 (s) Losses = ['5.2937', '2.6413'] lr = 0.0000250
2025-10-29 21:05:05,161 - PCN - INFO - [Epoch 122/150][Batch 1301/1311] BatchTime = 0.691 (s) DataTime = 0.001 (s) Losses = ['4.8344', '2.3120'] lr = 0.0000250
2025-10-29 21:05:11,257 - PCN - INFO - [Training] EPOCH: 122 EpochTime = 784.032 (s) Losses = ['5.0450', '2.5176']
2025-10-29 21:05:11,336 - PCN - INFO - Save checkpoint at ./experiments/PCN/ShapeNet55_models/PCN_fog/ckpt-last.pth
2025-10-29 21:05:11,832 - PCN - INFO - [Epoch 123/150][Batch 1/1311] BatchTime = 0.495 (s) DataTime = 0.093 (s) Losses = ['4.7160', '2.2013'] lr = 0.0000250
2025-10-29 21:06:07,961 - PCN - INFO - [Epoch 123/150][Batch 101/1311] BatchTime = 0.475 (s) DataTime = 0.001 (s) Losses = ['4.6084', '2.2687'] lr = 0.0000250
2025-10-29 21:07:05,624 - PCN - INFO - [Epoch 123/150][Batch 201/1311] BatchTime = 0.395 (s) DataTime = 0.001 (s) Losses = ['6.0508', '2.9738'] lr = 0.0000250
2025-10-29 21:08:05,008 - PCN - INFO - [Epoch 123/150][Batch 301/1311] BatchTime = 0.505 (s) DataTime = 0.001 (s) Losses = ['4.4933', '2.1113'] lr = 0.0000250
2025-10-29 21:09:05,720 - PCN - INFO - [Epoch 123/150][Batch 401/1311] BatchTime = 0.497 (s) DataTime = 0.001 (s) Losses = ['4.6091', '2.4328'] lr = 0.0000250
2025-10-29 21:10:05,562 - PCN - INFO - [Epoch 123/150][Batch 501/1311] BatchTime = 0.513 (s) DataTime = 0.001 (s) Losses = ['3.9415', '1.8420'] lr = 0.0000250
2025-10-29 21:11:03,456 - PCN - INFO - [Epoch 123/150][Batch 601/1311] BatchTime = 0.594 (s) DataTime = 0.001 (s) Losses = ['3.8048', '1.8675'] lr = 0.0000250
2025-10-29 21:12:03,200 - PCN - INFO - [Epoch 123/150][Batch 701/1311] BatchTime = 0.521 (s) DataTime = 0.001 (s) Losses = ['4.8084', '2.3194'] lr = 0.0000250
2025-10-29 21:13:02,470 - PCN - INFO - [Epoch 123/150][Batch 801/1311] BatchTime = 0.699 (s) DataTime = 0.001 (s) Losses = ['4.6550', '2.4046'] lr = 0.0000250
2025-10-29 21:14:05,194 - PCN - INFO - [Epoch 123/150][Batch 901/1311] BatchTime = 1.271 (s) DataTime = 0.001 (s) Losses = ['4.1526', '2.0271'] lr = 0.0000250
2025-10-29 21:15:02,332 - PCN - INFO - [Epoch 123/150][Batch 1001/1311] BatchTime = 0.493 (s) DataTime = 0.001 (s) Losses = ['4.2466', '2.2099'] lr = 0.0000250
2025-10-29 21:16:04,357 - PCN - INFO - [Epoch 123/150][Batch 1101/1311] BatchTime = 0.591 (s) DataTime = 0.001 (s) Losses = ['6.5333', '3.1833'] lr = 0.0000250
2025-10-29 21:17:01,311 - PCN - INFO - [Epoch 123/150][Batch 1201/1311] BatchTime = 0.589 (s) DataTime = 0.001 (s) Losses = ['3.9504', '1.8045'] lr = 0.0000250
2025-10-29 21:18:01,663 - PCN - INFO - [Epoch 123/150][Batch 1301/1311] BatchTime = 0.447 (s) DataTime = 0.001 (s) Losses = ['5.5101', '2.7713'] lr = 0.0000250
2025-10-29 21:18:07,656 - PCN - INFO - [Training] EPOCH: 123 EpochTime = 776.319 (s) Losses = ['5.0262', '2.5096']
2025-10-29 21:18:07,732 - PCN - INFO - Save checkpoint at ./experiments/PCN/ShapeNet55_models/PCN_fog/ckpt-last.pth
2025-10-29 21:18:08,339 - PCN - INFO - [Epoch 124/150][Batch 1/1311] BatchTime = 0.606 (s) DataTime = 0.083 (s) Losses = ['5.3551', '2.7846'] lr = 0.0000250
2025-10-29 21:19:09,183 - PCN - INFO - [Epoch 124/150][Batch 101/1311] BatchTime = 0.931 (s) DataTime = 0.001 (s) Losses = ['5.4504', '2.8259'] lr = 0.0000250
2025-10-29 21:20:06,125 - PCN - INFO - [Epoch 124/150][Batch 201/1311] BatchTime = 0.592 (s) DataTime = 0.001 (s) Losses = ['4.2029', '1.9902'] lr = 0.0000250
2025-10-29 21:21:05,385 - PCN - INFO - [Epoch 124/150][Batch 301/1311] BatchTime = 0.371 (s) DataTime = 0.001 (s) Losses = ['5.1718', '2.5773'] lr = 0.0000250
2025-10-29 21:22:04,267 - PCN - INFO - [Epoch 124/150][Batch 401/1311] BatchTime = 0.567 (s) DataTime = 0.001 (s) Losses = ['8.1508', '4.2223'] lr = 0.0000250
2025-10-29 21:23:02,982 - PCN - INFO - [Epoch 124/150][Batch 501/1311] BatchTime = 0.572 (s) DataTime = 0.001 (s) Losses = ['6.3028', '3.1884'] lr = 0.0000250
2025-10-29 21:24:04,879 - PCN - INFO - [Epoch 124/150][Batch 601/1311] BatchTime = 0.434 (s) DataTime = 0.001 (s) Losses = ['5.3403', '2.7303'] lr = 0.0000250
2025-10-29 21:25:04,185 - PCN - INFO - [Epoch 124/150][Batch 701/1311] BatchTime = 0.657 (s) DataTime = 0.001 (s) Losses = ['3.5079', '1.7267'] lr = 0.0000250
2025-10-29 21:26:05,820 - PCN - INFO - [Epoch 124/150][Batch 801/1311] BatchTime = 0.439 (s) DataTime = 0.001 (s) Losses = ['4.9754', '2.7015'] lr = 0.0000250
2025-10-29 21:27:06,500 - PCN - INFO - [Epoch 124/150][Batch 901/1311] BatchTime = 0.635 (s) DataTime = 0.001 (s) Losses = ['4.3888', '2.2109'] lr = 0.0000250
2025-10-29 21:28:08,650 - PCN - INFO - [Epoch 124/150][Batch 1001/1311] BatchTime = 0.640 (s) DataTime = 0.001 (s) Losses = ['5.0872', '2.4201'] lr = 0.0000250
2025-10-29 21:29:08,464 - PCN - INFO - [Epoch 124/150][Batch 1101/1311] BatchTime = 0.568 (s) DataTime = 0.001 (s) Losses = ['4.8972', '2.4759'] lr = 0.0000250
2025-10-29 21:30:08,013 - PCN - INFO - [Epoch 124/150][Batch 1201/1311] BatchTime = 0.875 (s) DataTime = 0.001 (s) Losses = ['4.1375', '1.9925'] lr = 0.0000250
2025-10-29 21:31:04,663 - PCN - INFO - [Epoch 124/150][Batch 1301/1311] BatchTime = 0.747 (s) DataTime = 0.001 (s) Losses = ['4.6676', '2.2040'] lr = 0.0000250
2025-10-29 21:31:10,996 - PCN - INFO - [Training] EPOCH: 124 EpochTime = 783.264 (s) Losses = ['5.0341', '2.5120']
2025-10-29 21:31:11,576 - PCN - INFO - Save checkpoint at ./experiments/PCN/ShapeNet55_models/PCN_fog/ckpt-last.pth
2025-10-29 21:31:12,201 - PCN - INFO - [Epoch 125/150][Batch 1/1311] BatchTime = 0.625 (s) DataTime = 0.088 (s) Losses = ['5.0735', '2.5824'] lr = 0.0000250
2025-10-29 21:32:12,875 - PCN - INFO - [Epoch 125/150][Batch 101/1311] BatchTime = 0.623 (s) DataTime = 0.001 (s) Losses = ['5.2933', '2.7681'] lr = 0.0000250
2025-10-29 21:33:13,759 - PCN - INFO - [Epoch 125/150][Batch 201/1311] BatchTime = 0.355 (s) DataTime = 0.001 (s) Losses = ['4.3341', '1.9543'] lr = 0.0000250
2025-10-29 21:34:13,281 - PCN - INFO - [Epoch 125/150][Batch 301/1311] BatchTime = 0.869 (s) DataTime = 0.001 (s) Losses = ['4.7595', '2.4094'] lr = 0.0000250
2025-10-29 21:35:16,651 - PCN - INFO - [Epoch 125/150][Batch 401/1311] BatchTime = 0.719 (s) DataTime = 0.001 (s) Losses = ['5.0153', '2.4403'] lr = 0.0000250
2025-10-29 21:36:16,016 - PCN - INFO - [Epoch 125/150][Batch 501/1311] BatchTime = 0.701 (s) DataTime = 0.001 (s) Losses = ['4.8029', '2.2736'] lr = 0.0000250
2025-10-29 21:37:17,634 - PCN - INFO - [Epoch 125/150][Batch 601/1311] BatchTime = 0.720 (s) DataTime = 0.001 (s) Losses = ['4.0393', '1.9747'] lr = 0.0000250
2025-10-29 21:38:18,282 - PCN - INFO - [Epoch 125/150][Batch 701/1311] BatchTime = 0.490 (s) DataTime = 0.001 (s) Losses = ['5.1344', '2.4322'] lr = 0.0000250
2025-10-29 21:39:18,433 - PCN - INFO - [Epoch 125/150][Batch 801/1311] BatchTime = 0.471 (s) DataTime = 0.001 (s) Losses = ['3.7735', '1.8309'] lr = 0.0000250
2025-10-29 21:40:19,840 - PCN - INFO - [Epoch 125/150][Batch 901/1311] BatchTime = 0.521 (s) DataTime = 0.001 (s) Losses = ['4.5129', '2.2453'] lr = 0.0000250
2025-10-29 21:41:18,902 - PCN - INFO - [Epoch 125/150][Batch 1001/1311] BatchTime = 0.252 (s) DataTime = 0.001 (s) Losses = ['6.9388', '3.5140'] lr = 0.0000250
2025-10-29 21:42:17,598 - PCN - INFO - [Epoch 125/150][Batch 1101/1311] BatchTime = 0.328 (s) DataTime = 0.001 (s) Losses = ['6.2618', '3.2322'] lr = 0.0000250
2025-10-29 21:43:15,556 - PCN - INFO - [Epoch 125/150][Batch 1201/1311] BatchTime = 0.357 (s) DataTime = 0.001 (s) Losses = ['5.3808', '2.7104'] lr = 0.0000250
2025-10-29 21:44:12,556 - PCN - INFO - [Epoch 125/150][Batch 1301/1311] BatchTime = 0.599 (s) DataTime = 0.001 (s) Losses = ['5.1917', '2.6615'] lr = 0.0000250
2025-10-29 21:44:20,083 - PCN - INFO - [Training] EPOCH: 125 EpochTime = 788.507 (s) Losses = ['5.0444', '2.5173']
2025-10-29 21:44:20,083 - PCN - INFO - [VALIDATION] Start validating epoch 125
2025-10-29 21:44:56,976 - PCN - INFO - Test[1051/10518] Taxonomy = 02691156 Sample = c7749c0a8b61f43bc9b9e28055202e3d Losses = ['35.5678', '3.5694', '24.4196', '2.0513'] Metrics = ['0.1833', '24.4196', '2.0513', '0.0000']
2025-10-29 21:45:31,133 - PCN - INFO - Test[2102/10518] Taxonomy = 03211117 Sample = ab2f9418c111cc6ddb965514105122a4 Losses = ['38.3431', '3.3635', '27.7490', '1.9316'] Metrics = ['0.0592', '27.7490', '1.9316', '0.0000']
2025-10-29 21:46:05,681 - PCN - INFO - Test[3153/10518] Taxonomy = 02876657 Sample = c5032e4be091aabb36fe7a88df793982 Losses = ['55.6139', '11.0225', '41.4013', '6.1309'] Metrics = ['0.0575', '41.4013', '6.1309', '0.0000']
2025-10-29 21:46:43,737 - PCN - INFO - Test[4204/10518] Taxonomy = 03211117 Sample = 722df1da5778d45b1e43523279c7f09f Losses = ['50.0063', '6.6039', '35.3512', '3.9527'] Metrics = ['0.0776', '35.3512', '3.9527', '0.0000']
2025-10-29 21:47:18,780 - PCN - INFO - Test[5255/10518] Taxonomy = 02828884 Sample = 14b63361a48a9fffe4a048c146e8bd43 Losses = ['39.5844', '3.9987', '29.6463', '2.5278'] Metrics = ['0.0862', '29.6463', '2.5278', '0.0000']
2025-10-29 21:47:54,131 - PCN - INFO - Test[6306/10518] Taxonomy = 03211117 Sample = d330d50a0255529d19ed6e1a590c9122 Losses = ['32.8915', '3.3644', '22.3528', '1.6813'] Metrics = ['0.1808', '22.3528', '1.6813', '0.0000']
2025-10-29 21:48:27,634 - PCN - INFO - Test[7357/10518] Taxonomy = 04379243 Sample = b1ca280d9567270ade98d10ab5975b59 Losses = ['40.0978', '5.4153', '26.6806', '2.1890'] Metrics = ['0.0729', '26.6806', '2.1890', '0.0000']
2025-10-29 21:49:01,705 - PCN - INFO - Test[8408/10518] Taxonomy = 03001627 Sample = 89208a619341d9fdb8c516ed5c4ce32 Losses = ['47.8508', '6.0876', '33.0067', '3.1511'] Metrics = ['0.0544', '33.0067', '3.1511', '0.0000']
2025-10-29 21:49:36,080 - PCN - INFO - Test[9459/10518] Taxonomy = 03001627 Sample = d0255120e3351121c3bd24f986301745 Losses = ['51.1278', '6.9219', '33.8157', '3.2627'] Metrics = ['0.0493', '33.8157', '3.2627', '0.0000']
2025-10-29 21:50:11,143 - PCN - INFO - Test[10510/10518] Taxonomy = 03636649 Sample = ea9ec4d9db2e06202471e6dd5ac3ef92 Losses = ['26.1502', '2.2364', '17.5778', '1.1885'] Metrics = ['0.3830', '17.5778', '1.1885', '0.0000']
2025-10-29 21:50:11,561 - PCN - INFO - [Validation] EPOCH: 125  Metrics = ['0.1364', '28.2803', '2.9331', '0.0000']
2025-10-29 21:50:11,562 - PCN - INFO - ============================ TEST RESULTS ============================
2025-10-29 21:50:11,562 - PCN - INFO - Taxonomy	#Sample	F-Score	CDL1	CDL2	EMDistance	#ModelName	
2025-10-29 21:50:11,562 - PCN - INFO - 03759954	14	0.212 	29.530 	4.144 	0.000 	microphone	
2025-10-29 21:50:11,562 - PCN - INFO - 04330267	44	0.076 	32.179 	3.362 	0.000 	stove	
2025-10-29 21:50:11,562 - PCN - INFO - 03261776	15	0.094 	38.619 	7.692 	0.000 	earphone	
2025-10-29 21:50:11,562 - PCN - INFO - 03513137	33	0.042 	43.788 	6.660 	0.000 	helmet	
2025-10-29 21:50:11,562 - PCN - INFO - 04460130	27	0.161 	25.982 	2.362 	0.000 	tower	
2025-10-29 21:50:11,562 - PCN - INFO - 04468005	78	0.158 	23.372 	1.864 	0.000 	train	
2025-10-29 21:50:11,562 - PCN - INFO - 03761084	31	0.055 	31.464 	2.997 	0.000 	microwaves	
2025-10-29 21:50:11,562 - PCN - INFO - 04004475	34	0.055 	37.236 	4.722 	0.000 	printer	
2025-10-29 21:50:11,562 - PCN - INFO - 03938244	20	0.063 	33.852 	3.511 	0.000 	pillow	
2025-10-29 21:50:11,562 - PCN - INFO - 02992529	167	0.167 	20.204 	1.330 	0.000 	cellphone	
2025-10-29 21:50:11,562 - PCN - INFO - 02808440	172	0.084 	30.712 	3.182 	0.000 	bathtub	
2025-10-29 21:50:11,562 - PCN - INFO - 04530566	388	0.194 	22.488 	1.740 	0.000 	watercraft	
2025-10-29 21:50:11,562 - PCN - INFO - 02871439	91	0.083 	31.701 	3.425 	0.000 	bookshelf	
2025-10-29 21:50:11,562 - PCN - INFO - 03593526	120	0.075 	34.554 	4.261 	0.000 	jar	
2025-10-29 21:50:11,562 - PCN - INFO - 04554684	34	0.056 	32.610 	3.333 	0.000 	washer	
2025-10-29 21:50:11,562 - PCN - INFO - 03467517	160	0.523 	12.323 	0.516 	0.000 	guitar	
2025-10-29 21:50:11,562 - PCN - INFO - 04401088	218	0.173 	19.511 	1.154 	0.000 	telephone	
2025-10-29 21:50:11,562 - PCN - INFO - 02954340	12	0.067 	33.471 	3.842 	0.000 	cap	
2025-10-29 21:50:11,562 - PCN - INFO - 02933112	315	0.086 	27.066 	2.212 	0.000 	cabinet	
2025-10-29 21:50:11,562 - PCN - INFO - 03642806	92	0.141 	20.206 	1.122 	0.000 	laptop	
2025-10-29 21:50:11,562 - PCN - INFO - 02924116	188	0.133 	23.099 	1.616 	0.000 	bus	
2025-10-29 21:50:11,562 - PCN - INFO - 02946921	22	0.056 	32.835 	3.677 	0.000 	can	
2025-10-29 21:50:11,562 - PCN - INFO - 02818832	47	0.071 	35.732 	4.447 	0.000 	bed	
2025-10-29 21:50:11,562 - PCN - INFO - 04256520	635	0.075 	28.851 	2.471 	0.000 	sofa	
2025-10-29 21:50:11,562 - PCN - INFO - 04379243	1687	0.159 	24.907 	2.368 	0.000 	table	
2025-10-29 21:50:11,562 - PCN - INFO - 02747177	69	0.055 	31.671 	3.227 	0.000 	trash bin	
2025-10-29 21:50:11,562 - PCN - INFO - 03046257	131	0.090 	30.241 	3.072 	0.000 	clock	
2025-10-29 21:50:11,562 - PCN - INFO - 04225987	31	0.251 	19.264 	1.245 	0.000 	skateboard	
2025-10-29 21:50:11,562 - PCN - INFO - 03797390	43	0.050 	33.267 	3.696 	0.000 	mug	
2025-10-29 21:50:11,562 - PCN - INFO - 03001627	1356	0.112 	28.066 	2.675 	0.000 	chair	
2025-10-29 21:50:11,562 - PCN - INFO - 03691459	320	0.067 	33.349 	3.657 	0.000 	loudspeaker	
2025-10-29 21:50:11,562 - PCN - INFO - 02942699	23	0.052 	41.667 	6.141 	0.000 	camera	
2025-10-29 21:50:11,562 - PCN - INFO - 03636649	464	0.168 	32.280 	4.640 	0.000 	lamp	
2025-10-29 21:50:11,562 - PCN - INFO - 02691156	809	0.286 	18.502 	1.238 	0.000 	airplane	
2025-10-29 21:50:11,562 - PCN - INFO - 02773838	17	0.074 	34.243 	3.978 	0.000 	bag	
2025-10-29 21:50:11,562 - PCN - INFO - 02958343	703	0.090 	25.653 	1.887 	0.000 	car	
2025-10-29 21:50:11,562 - PCN - INFO - 02880940	38	0.055 	33.265 	3.627 	0.000 	bowl	
2025-10-29 21:50:11,562 - PCN - INFO - 04099429	17	0.328 	18.888 	1.299 	0.000 	rocket	
2025-10-29 21:50:11,562 - PCN - INFO - 02828884	363	0.184 	23.104 	1.944 	0.000 	bench	
2025-10-29 21:50:11,562 - PCN - INFO - 04090263	475	0.433 	15.012 	0.863 	0.000 	rifle	
2025-10-29 21:50:11,562 - PCN - INFO - 03211117	219	0.101 	26.817 	2.339 	0.000 	display	
2025-10-29 21:50:11,562 - PCN - INFO - 02876657	100	0.156 	23.360 	1.850 	0.000 	bottle	
2025-10-29 21:50:11,562 - PCN - INFO - 03710193	19	0.154 	26.802 	2.376 	0.000 	mailbox	
2025-10-29 21:50:11,562 - PCN - INFO - 03790512	68	0.116 	25.909 	2.149 	0.000 	motorbike	
2025-10-29 21:50:11,562 - PCN - INFO - 03325088	149	0.136 	31.927 	4.098 	0.000 	faucet	
2025-10-29 21:50:11,562 - PCN - INFO - 02801938	23	0.058 	33.040 	3.714 	0.000 	basket	
2025-10-29 21:50:11,562 - PCN - INFO - 03337140	60	0.083 	28.560 	2.628 	0.000 	file cabinet	
2025-10-29 21:50:11,562 - PCN - INFO - 02843684	15	0.056 	38.628 	4.967 	0.000 	birdhouse	
2025-10-29 21:50:11,562 - PCN - INFO - 03624134	85	0.490 	13.565 	0.667 	0.000 	knife	
2025-10-29 21:50:11,562 - PCN - INFO - 03991062	121	0.061 	37.072 	4.748 	0.000 	flowerpot	
2025-10-29 21:50:11,562 - PCN - INFO - 03948459	62	0.235 	19.573 	1.249 	0.000 	pistol	
2025-10-29 21:50:11,563 - PCN - INFO - 03928116	48	0.071 	33.387 	3.592 	0.000 	piano	
2025-10-29 21:50:11,563 - PCN - INFO - 03207941	19	0.057 	30.662 	2.986 	0.000 	dishwasher	
2025-10-29 21:50:11,563 - PCN - INFO - 04074963	14	0.154 	22.527 	1.496 	0.000 	remote	
2025-10-29 21:50:11,563 - PCN - INFO - 03085013	13	0.221 	18.821 	1.256 	0.000 	keyboard	
2025-10-29 21:50:11,563 - PCN - INFO - Overall		0.136 	28.280 	2.933 	0.000 	
2025-10-29 21:50:11,640 - PCN - INFO - Save checkpoint at ./experiments/PCN/ShapeNet55_models/PCN_fog/ckpt-last.pth
2025-10-29 21:50:12,275 - PCN - INFO - [Epoch 126/150][Batch 1/1311] BatchTime = 0.636 (s) DataTime = 0.083 (s) Losses = ['4.3280', '2.1691'] lr = 0.0000250
2025-10-29 21:51:11,652 - PCN - INFO - [Epoch 126/150][Batch 101/1311] BatchTime = 0.773 (s) DataTime = 0.001 (s) Losses = ['5.5271', '2.6012'] lr = 0.0000250
2025-10-29 21:52:12,578 - PCN - INFO - [Epoch 126/150][Batch 201/1311] BatchTime = 0.441 (s) DataTime = 0.001 (s) Losses = ['5.0689', '2.7777'] lr = 0.0000250
2025-10-29 21:53:13,225 - PCN - INFO - [Epoch 126/150][Batch 301/1311] BatchTime = 0.559 (s) DataTime = 0.001 (s) Losses = ['5.3712', '2.9385'] lr = 0.0000250
2025-10-29 21:54:14,739 - PCN - INFO - [Epoch 126/150][Batch 401/1311] BatchTime = 0.678 (s) DataTime = 0.001 (s) Losses = ['4.9500', '2.3132'] lr = 0.0000250
2025-10-29 21:55:13,873 - PCN - INFO - [Epoch 126/150][Batch 501/1311] BatchTime = 0.285 (s) DataTime = 0.001 (s) Losses = ['5.3404', '2.5989'] lr = 0.0000250
2025-10-29 21:56:15,742 - PCN - INFO - [Epoch 126/150][Batch 601/1311] BatchTime = 0.456 (s) DataTime = 0.001 (s) Losses = ['4.6446', '2.2928'] lr = 0.0000250
2025-10-29 21:57:14,591 - PCN - INFO - [Epoch 126/150][Batch 701/1311] BatchTime = 0.259 (s) DataTime = 0.001 (s) Losses = ['3.7959', '1.8243'] lr = 0.0000250
2025-10-29 21:58:17,474 - PCN - INFO - [Epoch 126/150][Batch 801/1311] BatchTime = 0.707 (s) DataTime = 0.001 (s) Losses = ['4.5480', '2.1069'] lr = 0.0000250
2025-10-29 21:59:17,421 - PCN - INFO - [Epoch 126/150][Batch 901/1311] BatchTime = 0.766 (s) DataTime = 0.001 (s) Losses = ['4.9828', '2.3919'] lr = 0.0000250
2025-10-29 22:00:16,896 - PCN - INFO - [Epoch 126/150][Batch 1001/1311] BatchTime = 0.464 (s) DataTime = 0.001 (s) Losses = ['5.2316', '2.7182'] lr = 0.0000250
2025-10-29 22:01:15,944 - PCN - INFO - [Epoch 126/150][Batch 1101/1311] BatchTime = 0.505 (s) DataTime = 0.001 (s) Losses = ['4.4048', '2.1461'] lr = 0.0000250
2025-10-29 22:02:16,120 - PCN - INFO - [Epoch 126/150][Batch 1201/1311] BatchTime = 0.814 (s) DataTime = 0.001 (s) Losses = ['6.1364', '4.0191'] lr = 0.0000250
2025-10-29 22:03:14,439 - PCN - INFO - [Epoch 126/150][Batch 1301/1311] BatchTime = 0.911 (s) DataTime = 0.001 (s) Losses = ['4.1630', '2.1595'] lr = 0.0000250
2025-10-29 22:03:20,955 - PCN - INFO - [Training] EPOCH: 126 EpochTime = 789.316 (s) Losses = ['5.0089', '2.4953']
2025-10-29 22:03:21,036 - PCN - INFO - Save checkpoint at ./experiments/PCN/ShapeNet55_models/PCN_fog/ckpt-last.pth
2025-10-29 22:03:21,510 - PCN - INFO - [Epoch 127/150][Batch 1/1311] BatchTime = 0.474 (s) DataTime = 0.088 (s) Losses = ['4.8344', '2.2789'] lr = 0.0000250
2025-10-29 22:04:20,723 - PCN - INFO - [Epoch 127/150][Batch 101/1311] BatchTime = 0.624 (s) DataTime = 0.001 (s) Losses = ['4.7007', '2.3343'] lr = 0.0000250
2025-10-29 22:05:19,857 - PCN - INFO - [Epoch 127/150][Batch 201/1311] BatchTime = 0.617 (s) DataTime = 0.001 (s) Losses = ['5.4761', '2.5852'] lr = 0.0000250
2025-10-29 22:06:19,240 - PCN - INFO - [Epoch 127/150][Batch 301/1311] BatchTime = 0.463 (s) DataTime = 0.001 (s) Losses = ['5.2166', '2.6909'] lr = 0.0000250
2025-10-29 22:07:17,207 - PCN - INFO - [Epoch 127/150][Batch 401/1311] BatchTime = 0.669 (s) DataTime = 0.001 (s) Losses = ['4.8047', '2.6355'] lr = 0.0000250
2025-10-29 22:08:18,876 - PCN - INFO - [Epoch 127/150][Batch 501/1311] BatchTime = 0.430 (s) DataTime = 0.001 (s) Losses = ['5.6546', '2.8761'] lr = 0.0000250
2025-10-29 22:09:21,751 - PCN - INFO - [Epoch 127/150][Batch 601/1311] BatchTime = 0.560 (s) DataTime = 0.001 (s) Losses = ['5.2416', '2.3636'] lr = 0.0000250
2025-10-29 22:10:19,446 - PCN - INFO - [Epoch 127/150][Batch 701/1311] BatchTime = 0.641 (s) DataTime = 0.001 (s) Losses = ['4.1137', '1.9925'] lr = 0.0000250
2025-10-29 22:11:18,781 - PCN - INFO - [Epoch 127/150][Batch 801/1311] BatchTime = 0.505 (s) DataTime = 0.001 (s) Losses = ['5.8111', '3.0955'] lr = 0.0000250
2025-10-29 22:12:17,649 - PCN - INFO - [Epoch 127/150][Batch 901/1311] BatchTime = 0.640 (s) DataTime = 0.001 (s) Losses = ['5.1216', '2.3914'] lr = 0.0000250
2025-10-29 22:13:17,551 - PCN - INFO - [Epoch 127/150][Batch 1001/1311] BatchTime = 0.793 (s) DataTime = 0.001 (s) Losses = ['5.2236', '2.6668'] lr = 0.0000250
2025-10-29 22:14:19,307 - PCN - INFO - [Epoch 127/150][Batch 1101/1311] BatchTime = 0.438 (s) DataTime = 0.001 (s) Losses = ['6.3372', '3.3239'] lr = 0.0000250
2025-10-29 22:15:20,975 - PCN - INFO - [Epoch 127/150][Batch 1201/1311] BatchTime = 0.554 (s) DataTime = 0.001 (s) Losses = ['4.8521', '2.4107'] lr = 0.0000250
2025-10-29 22:16:21,575 - PCN - INFO - [Epoch 127/150][Batch 1301/1311] BatchTime = 0.626 (s) DataTime = 0.001 (s) Losses = ['5.2527', '2.5567'] lr = 0.0000250
2025-10-29 22:16:26,543 - PCN - INFO - [Training] EPOCH: 127 EpochTime = 785.507 (s) Losses = ['5.0279', '2.5084']
2025-10-29 22:16:26,620 - PCN - INFO - Save checkpoint at ./experiments/PCN/ShapeNet55_models/PCN_fog/ckpt-last.pth
2025-10-29 22:16:27,082 - PCN - INFO - [Epoch 128/150][Batch 1/1311] BatchTime = 0.461 (s) DataTime = 0.083 (s) Losses = ['5.4075', '2.8018'] lr = 0.0000250
2025-10-29 22:17:24,466 - PCN - INFO - [Epoch 128/150][Batch 101/1311] BatchTime = 0.614 (s) DataTime = 0.001 (s) Losses = ['4.6052', '2.5456'] lr = 0.0000250
2025-10-29 22:18:21,965 - PCN - INFO - [Epoch 128/150][Batch 201/1311] BatchTime = 0.457 (s) DataTime = 0.001 (s) Losses = ['5.0561', '2.4938'] lr = 0.0000250
2025-10-29 22:19:20,569 - PCN - INFO - [Epoch 128/150][Batch 301/1311] BatchTime = 1.240 (s) DataTime = 0.001 (s) Losses = ['4.5991', '2.2323'] lr = 0.0000250
2025-10-29 22:20:16,813 - PCN - INFO - [Epoch 128/150][Batch 401/1311] BatchTime = 0.554 (s) DataTime = 0.001 (s) Losses = ['5.6573', '3.1940'] lr = 0.0000250
2025-10-29 22:21:17,243 - PCN - INFO - [Epoch 128/150][Batch 501/1311] BatchTime = 0.492 (s) DataTime = 0.001 (s) Losses = ['4.9391', '2.3863'] lr = 0.0000250
2025-10-29 22:22:18,281 - PCN - INFO - [Epoch 128/150][Batch 601/1311] BatchTime = 0.570 (s) DataTime = 0.001 (s) Losses = ['3.7851', '1.9114'] lr = 0.0000250
2025-10-29 22:23:20,109 - PCN - INFO - [Epoch 128/150][Batch 701/1311] BatchTime = 0.528 (s) DataTime = 0.001 (s) Losses = ['5.4519', '2.8055'] lr = 0.0000250
2025-10-29 22:24:20,760 - PCN - INFO - [Epoch 128/150][Batch 801/1311] BatchTime = 0.690 (s) DataTime = 0.001 (s) Losses = ['4.4739', '2.1109'] lr = 0.0000250
2025-10-29 22:25:19,442 - PCN - INFO - [Epoch 128/150][Batch 901/1311] BatchTime = 0.542 (s) DataTime = 0.001 (s) Losses = ['5.2213', '2.6456'] lr = 0.0000250
2025-10-29 22:26:19,525 - PCN - INFO - [Epoch 128/150][Batch 1001/1311] BatchTime = 0.452 (s) DataTime = 0.001 (s) Losses = ['5.8625', '2.9344'] lr = 0.0000250
2025-10-29 22:27:18,769 - PCN - INFO - [Epoch 128/150][Batch 1101/1311] BatchTime = 0.276 (s) DataTime = 0.001 (s) Losses = ['4.7292', '2.3502'] lr = 0.0000250
2025-10-29 22:28:15,346 - PCN - INFO - [Epoch 128/150][Batch 1201/1311] BatchTime = 0.651 (s) DataTime = 0.001 (s) Losses = ['6.0585', '2.9957'] lr = 0.0000250
2025-10-29 22:29:14,275 - PCN - INFO - [Epoch 128/150][Batch 1301/1311] BatchTime = 0.394 (s) DataTime = 0.001 (s) Losses = ['4.0684', '2.0948'] lr = 0.0000250
2025-10-29 22:29:19,059 - PCN - INFO - [Training] EPOCH: 128 EpochTime = 772.438 (s) Losses = ['5.0358', '2.5135']
2025-10-29 22:29:19,138 - PCN - INFO - Save checkpoint at ./experiments/PCN/ShapeNet55_models/PCN_fog/ckpt-last.pth
2025-10-29 22:29:19,724 - PCN - INFO - [Epoch 129/150][Batch 1/1311] BatchTime = 0.586 (s) DataTime = 0.096 (s) Losses = ['5.2442', '2.4506'] lr = 0.0000250
2025-10-29 22:30:18,884 - PCN - INFO - [Epoch 129/150][Batch 101/1311] BatchTime = 1.085 (s) DataTime = 0.001 (s) Losses = ['4.9715', '2.5170'] lr = 0.0000250
2025-10-29 22:31:18,940 - PCN - INFO - [Epoch 129/150][Batch 201/1311] BatchTime = 0.927 (s) DataTime = 0.001 (s) Losses = ['4.8324', '2.3309'] lr = 0.0000250
2025-10-29 22:32:19,711 - PCN - INFO - [Epoch 129/150][Batch 301/1311] BatchTime = 0.610 (s) DataTime = 0.001 (s) Losses = ['5.0466', '2.5178'] lr = 0.0000250
2025-10-29 22:33:18,208 - PCN - INFO - [Epoch 129/150][Batch 401/1311] BatchTime = 0.943 (s) DataTime = 0.001 (s) Losses = ['4.3596', '2.1919'] lr = 0.0000250
2025-10-29 22:34:19,267 - PCN - INFO - [Epoch 129/150][Batch 501/1311] BatchTime = 0.543 (s) DataTime = 0.001 (s) Losses = ['5.3023', '2.5135'] lr = 0.0000250
2025-10-29 22:35:18,697 - PCN - INFO - [Epoch 129/150][Batch 601/1311] BatchTime = 0.567 (s) DataTime = 0.001 (s) Losses = ['4.7920', '2.3225'] lr = 0.0000250
2025-10-29 22:36:16,640 - PCN - INFO - [Epoch 129/150][Batch 701/1311] BatchTime = 0.673 (s) DataTime = 0.001 (s) Losses = ['5.6727', '3.2665'] lr = 0.0000250
2025-10-29 22:37:14,566 - PCN - INFO - [Epoch 129/150][Batch 801/1311] BatchTime = 0.624 (s) DataTime = 0.001 (s) Losses = ['5.3177', '2.7257'] lr = 0.0000250
2025-10-29 22:38:13,365 - PCN - INFO - [Epoch 129/150][Batch 901/1311] BatchTime = 0.648 (s) DataTime = 0.001 (s) Losses = ['5.5951', '2.8282'] lr = 0.0000250
2025-10-29 22:39:14,611 - PCN - INFO - [Epoch 129/150][Batch 1001/1311] BatchTime = 0.935 (s) DataTime = 0.001 (s) Losses = ['5.2341', '2.6158'] lr = 0.0000250
2025-10-29 22:40:15,142 - PCN - INFO - [Epoch 129/150][Batch 1101/1311] BatchTime = 0.580 (s) DataTime = 0.001 (s) Losses = ['6.8501', '3.4111'] lr = 0.0000250
2025-10-29 22:41:14,046 - PCN - INFO - [Epoch 129/150][Batch 1201/1311] BatchTime = 0.490 (s) DataTime = 0.001 (s) Losses = ['4.6382', '2.1974'] lr = 0.0000250
2025-10-29 22:42:14,816 - PCN - INFO - [Epoch 129/150][Batch 1301/1311] BatchTime = 0.734 (s) DataTime = 0.001 (s) Losses = ['4.4381', '2.0978'] lr = 0.0000250
2025-10-29 22:42:21,132 - PCN - INFO - [Training] EPOCH: 129 EpochTime = 781.993 (s) Losses = ['5.0204', '2.5003']
2025-10-29 22:42:21,208 - PCN - INFO - Save checkpoint at ./experiments/PCN/ShapeNet55_models/PCN_fog/ckpt-last.pth
2025-10-29 22:42:21,957 - PCN - INFO - [Epoch 130/150][Batch 1/1311] BatchTime = 0.749 (s) DataTime = 0.082 (s) Losses = ['5.6035', '2.9376'] lr = 0.0000250
2025-10-29 22:43:24,270 - PCN - INFO - [Epoch 130/150][Batch 101/1311] BatchTime = 0.326 (s) DataTime = 0.001 (s) Losses = ['4.5826', '2.2724'] lr = 0.0000250
2025-10-29 22:44:22,820 - PCN - INFO - [Epoch 130/150][Batch 201/1311] BatchTime = 0.967 (s) DataTime = 0.001 (s) Losses = ['4.7898', '2.2626'] lr = 0.0000250
2025-10-29 22:45:21,710 - PCN - INFO - [Epoch 130/150][Batch 301/1311] BatchTime = 0.582 (s) DataTime = 0.001 (s) Losses = ['5.4319', '2.7240'] lr = 0.0000250
2025-10-29 22:46:19,783 - PCN - INFO - [Epoch 130/150][Batch 401/1311] BatchTime = 0.739 (s) DataTime = 0.001 (s) Losses = ['5.5110', '2.6304'] lr = 0.0000250
2025-10-29 22:47:20,561 - PCN - INFO - [Epoch 130/150][Batch 501/1311] BatchTime = 0.477 (s) DataTime = 0.001 (s) Losses = ['5.3722', '2.3361'] lr = 0.0000250
2025-10-29 22:48:22,589 - PCN - INFO - [Epoch 130/150][Batch 601/1311] BatchTime = 0.659 (s) DataTime = 0.001 (s) Losses = ['4.8979', '2.4554'] lr = 0.0000250
2025-10-29 22:49:21,563 - PCN - INFO - [Epoch 130/150][Batch 701/1311] BatchTime = 0.579 (s) DataTime = 0.001 (s) Losses = ['6.3627', '3.2625'] lr = 0.0000250
2025-10-29 22:50:22,120 - PCN - INFO - [Epoch 130/150][Batch 801/1311] BatchTime = 0.409 (s) DataTime = 0.001 (s) Losses = ['4.3419', '2.0700'] lr = 0.0000250
2025-10-29 22:51:22,037 - PCN - INFO - [Epoch 130/150][Batch 901/1311] BatchTime = 0.483 (s) DataTime = 0.001 (s) Losses = ['5.3342', '2.6145'] lr = 0.0000250
2025-10-29 22:52:21,499 - PCN - INFO - [Epoch 130/150][Batch 1001/1311] BatchTime = 0.364 (s) DataTime = 0.001 (s) Losses = ['4.0141', '1.8724'] lr = 0.0000250
2025-10-29 22:53:20,618 - PCN - INFO - [Epoch 130/150][Batch 1101/1311] BatchTime = 0.472 (s) DataTime = 0.001 (s) Losses = ['5.1909', '2.6436'] lr = 0.0000250
2025-10-29 22:54:21,962 - PCN - INFO - [Epoch 130/150][Batch 1201/1311] BatchTime = 0.269 (s) DataTime = 0.001 (s) Losses = ['5.4404', '2.7281'] lr = 0.0000250
2025-10-29 22:55:17,436 - PCN - INFO - [Epoch 130/150][Batch 1301/1311] BatchTime = 0.359 (s) DataTime = 0.001 (s) Losses = ['4.2842', '2.0790'] lr = 0.0000250
2025-10-29 22:55:22,868 - PCN - INFO - [Training] EPOCH: 130 EpochTime = 781.659 (s) Losses = ['5.0227', '2.5020']
2025-10-29 22:55:22,868 - PCN - INFO - [VALIDATION] Start validating epoch 130
2025-10-29 22:55:59,194 - PCN - INFO - Test[1051/10518] Taxonomy = 02691156 Sample = c7749c0a8b61f43bc9b9e28055202e3d Losses = ['34.4859', '3.3499', '23.6622', '1.8116'] Metrics = ['0.1795', '23.6622', '1.8116', '0.0000']
2025-10-29 22:56:34,130 - PCN - INFO - Test[2102/10518] Taxonomy = 03211117 Sample = ab2f9418c111cc6ddb965514105122a4 Losses = ['40.9598', '3.7969', '29.3486', '2.1701'] Metrics = ['0.0563', '29.3486', '2.1701', '0.0000']
2025-10-29 22:57:09,518 - PCN - INFO - Test[3153/10518] Taxonomy = 02876657 Sample = c5032e4be091aabb36fe7a88df793982 Losses = ['65.2501', '11.9691', '49.1041', '7.0975'] Metrics = ['0.0391', '49.1041', '7.0975', '0.0000']
2025-10-29 22:57:46,010 - PCN - INFO - Test[4204/10518] Taxonomy = 03211117 Sample = 722df1da5778d45b1e43523279c7f09f Losses = ['59.0428', '9.0818', '40.5876', '5.5155'] Metrics = ['0.0640', '40.5876', '5.5155', '0.0000']
2025-10-29 22:58:21,370 - PCN - INFO - Test[5255/10518] Taxonomy = 02828884 Sample = 14b63361a48a9fffe4a048c146e8bd43 Losses = ['39.6395', '4.2924', '28.6791', '2.6242'] Metrics = ['0.1157', '28.6791', '2.6242', '0.0000']
2025-10-29 22:58:55,867 - PCN - INFO - Test[6306/10518] Taxonomy = 03211117 Sample = d330d50a0255529d19ed6e1a590c9122 Losses = ['30.1372', '2.5972', '20.8893', '1.2552'] Metrics = ['0.1420', '20.8893', '1.2552', '0.0000']
2025-10-29 22:59:29,355 - PCN - INFO - Test[7357/10518] Taxonomy = 04379243 Sample = b1ca280d9567270ade98d10ab5975b59 Losses = ['40.5060', '5.2771', '25.1447', '2.5773'] Metrics = ['0.1249', '25.1447', '2.5773', '0.0000']
2025-10-29 23:00:05,641 - PCN - INFO - Test[8408/10518] Taxonomy = 03001627 Sample = 89208a619341d9fdb8c516ed5c4ce32 Losses = ['43.1879', '4.8823', '28.4668', '2.3118'] Metrics = ['0.0662', '28.4668', '2.3118', '0.0000']
2025-10-29 23:00:40,632 - PCN - INFO - Test[9459/10518] Taxonomy = 03001627 Sample = d0255120e3351121c3bd24f986301745 Losses = ['49.8618', '6.6933', '34.5029', '3.3526'] Metrics = ['0.0412', '34.5029', '3.3526', '0.0000']
2025-10-29 23:01:14,192 - PCN - INFO - Test[10510/10518] Taxonomy = 03636649 Sample = ea9ec4d9db2e06202471e6dd5ac3ef92 Losses = ['23.6856', '1.7707', '15.9721', '0.9420'] Metrics = ['0.3988', '15.9721', '0.9420', '0.0000']
2025-10-29 23:01:14,487 - PCN - INFO - [Validation] EPOCH: 130  Metrics = ['0.1330', '28.8971', '3.0503', '0.0000']
2025-10-29 23:01:14,487 - PCN - INFO - ============================ TEST RESULTS ============================
2025-10-29 23:01:14,487 - PCN - INFO - Taxonomy	#Sample	F-Score	CDL1	CDL2	EMDistance	#ModelName	
2025-10-29 23:01:14,487 - PCN - INFO - 03759954	14	0.178 	32.823 	5.519 	0.000 	microphone	
2025-10-29 23:01:14,487 - PCN - INFO - 04330267	44	0.069 	33.315 	3.641 	0.000 	stove	
2025-10-29 23:01:14,487 - PCN - INFO - 03261776	15	0.106 	35.536 	5.737 	0.000 	earphone	
2025-10-29 23:01:14,487 - PCN - INFO - 03513137	33	0.044 	43.344 	6.627 	0.000 	helmet	
2025-10-29 23:01:14,487 - PCN - INFO - 04460130	27	0.164 	27.416 	2.678 	0.000 	tower	
2025-10-29 23:01:14,487 - PCN - INFO - 04468005	78	0.161 	22.862 	1.668 	0.000 	train	
2025-10-29 23:01:14,487 - PCN - INFO - 03761084	31	0.048 	32.854 	3.331 	0.000 	microwaves	
2025-10-29 23:01:14,487 - PCN - INFO - 04004475	34	0.054 	38.955 	5.780 	0.000 	printer	
2025-10-29 23:01:14,487 - PCN - INFO - 03938244	20	0.063 	35.310 	3.993 	0.000 	pillow	
2025-10-29 23:01:14,487 - PCN - INFO - 02992529	167	0.159 	20.013 	1.148 	0.000 	cellphone	
2025-10-29 23:01:14,487 - PCN - INFO - 02808440	172	0.080 	30.549 	3.041 	0.000 	bathtub	
2025-10-29 23:01:14,487 - PCN - INFO - 04530566	388	0.194 	22.520 	1.742 	0.000 	watercraft	
2025-10-29 23:01:14,487 - PCN - INFO - 02871439	91	0.079 	31.993 	3.448 	0.000 	bookshelf	
2025-10-29 23:01:14,487 - PCN - INFO - 03593526	120	0.073 	35.210 	4.349 	0.000 	jar	
2025-10-29 23:01:14,487 - PCN - INFO - 04554684	34	0.045 	34.454 	3.617 	0.000 	washer	
2025-10-29 23:01:14,487 - PCN - INFO - 03467517	160	0.519 	12.355 	0.514 	0.000 	guitar	
2025-10-29 23:01:14,487 - PCN - INFO - 04401088	218	0.161 	20.028 	1.256 	0.000 	telephone	
2025-10-29 23:01:14,487 - PCN - INFO - 02954340	12	0.064 	35.096 	4.056 	0.000 	cap	
2025-10-29 23:01:14,487 - PCN - INFO - 02933112	315	0.076 	27.806 	2.276 	0.000 	cabinet	
2025-10-29 23:01:14,487 - PCN - INFO - 03642806	92	0.138 	20.680 	1.219 	0.000 	laptop	
2025-10-29 23:01:14,487 - PCN - INFO - 02924116	188	0.133 	23.268 	1.646 	0.000 	bus	
2025-10-29 23:01:14,487 - PCN - INFO - 02946921	22	0.041 	37.212 	4.561 	0.000 	can	
2025-10-29 23:01:14,487 - PCN - INFO - 02818832	47	0.065 	35.437 	4.257 	0.000 	bed	
2025-10-29 23:01:14,487 - PCN - INFO - 04256520	635	0.072 	29.313 	2.518 	0.000 	sofa	
2025-10-29 23:01:14,487 - PCN - INFO - 04379243	1687	0.157 	25.179 	2.399 	0.000 	table	
2025-10-29 23:01:14,487 - PCN - INFO - 02747177	69	0.051 	32.432 	3.230 	0.000 	trash bin	
2025-10-29 23:01:14,487 - PCN - INFO - 03046257	131	0.085 	30.992 	3.367 	0.000 	clock	
2025-10-29 23:01:14,487 - PCN - INFO - 04225987	31	0.249 	19.788 	1.594 	0.000 	skateboard	
2025-10-29 23:01:14,487 - PCN - INFO - 03797390	43	0.046 	34.536 	4.014 	0.000 	mug	
2025-10-29 23:01:14,487 - PCN - INFO - 03001627	1356	0.106 	28.628 	2.707 	0.000 	chair	
2025-10-29 23:01:14,487 - PCN - INFO - 03691459	320	0.060 	34.115 	3.737 	0.000 	loudspeaker	
2025-10-29 23:01:14,487 - PCN - INFO - 02942699	23	0.049 	43.392 	6.566 	0.000 	camera	
2025-10-29 23:01:14,487 - PCN - INFO - 03636649	464	0.172 	32.427 	4.722 	0.000 	lamp	
2025-10-29 23:01:14,487 - PCN - INFO - 02691156	809	0.283 	18.571 	1.244 	0.000 	airplane	
2025-10-29 23:01:14,487 - PCN - INFO - 02773838	17	0.085 	34.199 	3.936 	0.000 	bag	
2025-10-29 23:01:14,487 - PCN - INFO - 02958343	703	0.089 	25.937 	1.936 	0.000 	car	
2025-10-29 23:01:14,487 - PCN - INFO - 02880940	38	0.057 	32.231 	3.323 	0.000 	bowl	
2025-10-29 23:01:14,488 - PCN - INFO - 04099429	17	0.315 	20.215 	1.540 	0.000 	rocket	
2025-10-29 23:01:14,488 - PCN - INFO - 02828884	363	0.179 	23.427 	1.986 	0.000 	bench	
2025-10-29 23:01:14,488 - PCN - INFO - 04090263	475	0.435 	14.906 	0.838 	0.000 	rifle	
2025-10-29 23:01:14,488 - PCN - INFO - 03211117	219	0.100 	27.220 	2.480 	0.000 	display	
2025-10-29 23:01:14,488 - PCN - INFO - 02876657	100	0.149 	24.965 	2.122 	0.000 	bottle	
2025-10-29 23:01:14,488 - PCN - INFO - 03710193	19	0.141 	28.797 	2.750 	0.000 	mailbox	
2025-10-29 23:01:14,488 - PCN - INFO - 03790512	68	0.116 	26.488 	2.312 	0.000 	motorbike	
2025-10-29 23:01:14,488 - PCN - INFO - 03325088	149	0.132 	32.399 	4.266 	0.000 	faucet	
2025-10-29 23:01:14,488 - PCN - INFO - 02801938	23	0.053 	34.102 	4.002 	0.000 	basket	
2025-10-29 23:01:14,488 - PCN - INFO - 03337140	60	0.068 	30.288 	2.793 	0.000 	file cabinet	
2025-10-29 23:01:14,488 - PCN - INFO - 02843684	15	0.055 	37.840 	4.771 	0.000 	birdhouse	
2025-10-29 23:01:14,488 - PCN - INFO - 03624134	85	0.485 	13.707 	0.695 	0.000 	knife	
2025-10-29 23:01:14,488 - PCN - INFO - 03991062	121	0.060 	37.524 	4.826 	0.000 	flowerpot	
2025-10-29 23:01:14,488 - PCN - INFO - 03948459	62	0.236 	19.304 	1.179 	0.000 	pistol	
2025-10-29 23:01:14,488 - PCN - INFO - 03928116	48	0.070 	33.644 	3.704 	0.000 	piano	
2025-10-29 23:01:14,488 - PCN - INFO - 03207941	19	0.052 	31.987 	3.236 	0.000 	dishwasher	
2025-10-29 23:01:14,488 - PCN - INFO - 04074963	14	0.143 	23.895 	1.693 	0.000 	remote	
2025-10-29 23:01:14,488 - PCN - INFO - 03085013	13	0.243 	17.854 	1.175 	0.000 	keyboard	
2025-10-29 23:01:14,488 - PCN - INFO - Overall		0.133 	28.897 	3.050 	0.000 	
2025-10-29 23:01:14,565 - PCN - INFO - Save checkpoint at ./experiments/PCN/ShapeNet55_models/PCN_fog/ckpt-last.pth
2025-10-29 23:01:15,109 - PCN - INFO - [Epoch 131/150][Batch 1/1311] BatchTime = 0.543 (s) DataTime = 0.087 (s) Losses = ['4.2232', '2.5461'] lr = 0.0000250
2025-10-29 23:02:13,850 - PCN - INFO - [Epoch 131/150][Batch 101/1311] BatchTime = 0.280 (s) DataTime = 0.001 (s) Losses = ['5.2950', '2.6916'] lr = 0.0000250
2025-10-29 23:03:14,528 - PCN - INFO - [Epoch 131/150][Batch 201/1311] BatchTime = 0.454 (s) DataTime = 0.001 (s) Losses = ['5.8671', '3.1802'] lr = 0.0000250
2025-10-29 23:04:14,674 - PCN - INFO - [Epoch 131/150][Batch 301/1311] BatchTime = 0.287 (s) DataTime = 0.001 (s) Losses = ['5.1110', '2.6005'] lr = 0.0000250
2025-10-29 23:05:13,907 - PCN - INFO - [Epoch 131/150][Batch 401/1311] BatchTime = 0.551 (s) DataTime = 0.001 (s) Losses = ['4.4021', '2.2251'] lr = 0.0000250
2025-10-29 23:06:15,749 - PCN - INFO - [Epoch 131/150][Batch 501/1311] BatchTime = 0.464 (s) DataTime = 0.001 (s) Losses = ['6.2261', '3.3026'] lr = 0.0000250
2025-10-29 23:07:14,874 - PCN - INFO - [Epoch 131/150][Batch 601/1311] BatchTime = 0.288 (s) DataTime = 0.001 (s) Losses = ['7.0948', '3.5472'] lr = 0.0000250
2025-10-29 23:08:13,698 - PCN - INFO - [Epoch 131/150][Batch 701/1311] BatchTime = 0.689 (s) DataTime = 0.001 (s) Losses = ['4.3222', '1.9748'] lr = 0.0000250
2025-10-29 23:09:16,356 - PCN - INFO - [Epoch 131/150][Batch 801/1311] BatchTime = 0.642 (s) DataTime = 0.001 (s) Losses = ['4.3616', '2.0385'] lr = 0.0000250
2025-10-29 23:10:18,015 - PCN - INFO - [Epoch 131/150][Batch 901/1311] BatchTime = 0.726 (s) DataTime = 0.001 (s) Losses = ['4.6793', '2.2270'] lr = 0.0000250
2025-10-29 23:11:16,664 - PCN - INFO - [Epoch 131/150][Batch 1001/1311] BatchTime = 0.429 (s) DataTime = 0.001 (s) Losses = ['5.3321', '2.7787'] lr = 0.0000250
2025-10-29 23:12:17,658 - PCN - INFO - [Epoch 131/150][Batch 1101/1311] BatchTime = 0.739 (s) DataTime = 0.001 (s) Losses = ['5.5220', '2.8781'] lr = 0.0000250
2025-10-29 23:13:14,811 - PCN - INFO - [Epoch 131/150][Batch 1201/1311] BatchTime = 0.581 (s) DataTime = 0.001 (s) Losses = ['5.4664', '2.7056'] lr = 0.0000250
2025-10-29 23:14:14,736 - PCN - INFO - [Epoch 131/150][Batch 1301/1311] BatchTime = 0.762 (s) DataTime = 0.001 (s) Losses = ['5.5560', '2.8529'] lr = 0.0000250
2025-10-29 23:14:20,881 - PCN - INFO - [Training] EPOCH: 131 EpochTime = 786.315 (s) Losses = ['4.9955', '2.4884']
2025-10-29 23:14:20,958 - PCN - INFO - Save checkpoint at ./experiments/PCN/ShapeNet55_models/PCN_fog/ckpt-last.pth
2025-10-29 23:14:21,490 - PCN - INFO - [Epoch 132/150][Batch 1/1311] BatchTime = 0.531 (s) DataTime = 0.085 (s) Losses = ['4.5453', '2.4202'] lr = 0.0000250
2025-10-29 23:15:20,793 - PCN - INFO - [Epoch 132/150][Batch 101/1311] BatchTime = 0.536 (s) DataTime = 0.001 (s) Losses = ['4.6404', '2.2799'] lr = 0.0000250
2025-10-29 23:16:20,859 - PCN - INFO - [Epoch 132/150][Batch 201/1311] BatchTime = 0.653 (s) DataTime = 0.001 (s) Losses = ['4.3279', '2.1847'] lr = 0.0000250
2025-10-29 23:17:18,921 - PCN - INFO - [Epoch 132/150][Batch 301/1311] BatchTime = 0.460 (s) DataTime = 0.001 (s) Losses = ['5.9070', '3.1569'] lr = 0.0000250
2025-10-29 23:18:19,623 - PCN - INFO - [Epoch 132/150][Batch 401/1311] BatchTime = 0.662 (s) DataTime = 0.001 (s) Losses = ['5.3493', '2.6328'] lr = 0.0000250
2025-10-29 23:19:18,442 - PCN - INFO - [Epoch 132/150][Batch 501/1311] BatchTime = 0.355 (s) DataTime = 0.001 (s) Losses = ['5.1422', '2.7418'] lr = 0.0000250
2025-10-29 23:20:18,197 - PCN - INFO - [Epoch 132/150][Batch 601/1311] BatchTime = 0.685 (s) DataTime = 0.001 (s) Losses = ['4.0973', '2.0318'] lr = 0.0000250
2025-10-29 23:21:17,152 - PCN - INFO - [Epoch 132/150][Batch 701/1311] BatchTime = 0.563 (s) DataTime = 0.001 (s) Losses = ['5.3204', '2.8546'] lr = 0.0000250
2025-10-29 23:22:14,182 - PCN - INFO - [Epoch 132/150][Batch 801/1311] BatchTime = 0.602 (s) DataTime = 0.001 (s) Losses = ['4.4425', '2.2100'] lr = 0.0000250
2025-10-29 23:23:10,858 - PCN - INFO - [Epoch 132/150][Batch 901/1311] BatchTime = 0.546 (s) DataTime = 0.001 (s) Losses = ['4.3651', '2.0092'] lr = 0.0000250
2025-10-29 23:24:08,790 - PCN - INFO - [Epoch 132/150][Batch 1001/1311] BatchTime = 0.557 (s) DataTime = 0.001 (s) Losses = ['5.7934', '3.1363'] lr = 0.0000250
2025-10-29 23:25:09,223 - PCN - INFO - [Epoch 132/150][Batch 1101/1311] BatchTime = 0.765 (s) DataTime = 0.001 (s) Losses = ['5.1282', '2.5770'] lr = 0.0000250
2025-10-29 23:26:09,894 - PCN - INFO - [Epoch 132/150][Batch 1201/1311] BatchTime = 0.758 (s) DataTime = 0.001 (s) Losses = ['3.9805', '1.9082'] lr = 0.0000250
2025-10-29 23:27:10,073 - PCN - INFO - [Epoch 132/150][Batch 1301/1311] BatchTime = 0.499 (s) DataTime = 0.001 (s) Losses = ['4.8103', '2.3957'] lr = 0.0000250
2025-10-29 23:27:15,597 - PCN - INFO - [Training] EPOCH: 132 EpochTime = 774.639 (s) Losses = ['5.0202', '2.5008']
2025-10-29 23:27:15,677 - PCN - INFO - Save checkpoint at ./experiments/PCN/ShapeNet55_models/PCN_fog/ckpt-last.pth
2025-10-29 23:27:16,255 - PCN - INFO - [Epoch 133/150][Batch 1/1311] BatchTime = 0.578 (s) DataTime = 0.081 (s) Losses = ['4.7894', '2.5056'] lr = 0.0000250
2025-10-29 23:28:16,383 - PCN - INFO - [Epoch 133/150][Batch 101/1311] BatchTime = 0.527 (s) DataTime = 0.001 (s) Losses = ['4.1472', '1.8790'] lr = 0.0000250
2025-10-29 23:29:17,509 - PCN - INFO - [Epoch 133/150][Batch 201/1311] BatchTime = 0.302 (s) DataTime = 0.001 (s) Losses = ['4.0840', '1.9689'] lr = 0.0000250
2025-10-29 23:30:17,506 - PCN - INFO - [Epoch 133/150][Batch 301/1311] BatchTime = 0.811 (s) DataTime = 0.001 (s) Losses = ['6.0321', '3.0900'] lr = 0.0000250
2025-10-29 23:31:17,188 - PCN - INFO - [Epoch 133/150][Batch 401/1311] BatchTime = 0.622 (s) DataTime = 0.001 (s) Losses = ['4.8118', '2.3123'] lr = 0.0000250
2025-10-29 23:32:16,189 - PCN - INFO - [Epoch 133/150][Batch 501/1311] BatchTime = 0.269 (s) DataTime = 0.001 (s) Losses = ['4.7786', '2.3605'] lr = 0.0000250
2025-10-29 23:33:17,284 - PCN - INFO - [Epoch 133/150][Batch 601/1311] BatchTime = 0.713 (s) DataTime = 0.001 (s) Losses = ['4.9721', '2.3713'] lr = 0.0000250
2025-10-29 23:34:16,954 - PCN - INFO - [Epoch 133/150][Batch 701/1311] BatchTime = 0.556 (s) DataTime = 0.001 (s) Losses = ['5.0062', '2.4986'] lr = 0.0000250
2025-10-29 23:35:16,556 - PCN - INFO - [Epoch 133/150][Batch 801/1311] BatchTime = 0.471 (s) DataTime = 0.001 (s) Losses = ['4.3576', '2.2012'] lr = 0.0000250
2025-10-29 23:36:16,467 - PCN - INFO - [Epoch 133/150][Batch 901/1311] BatchTime = 0.307 (s) DataTime = 0.001 (s) Losses = ['5.3154', '2.5634'] lr = 0.0000250
2025-10-29 23:37:15,634 - PCN - INFO - [Epoch 133/150][Batch 1001/1311] BatchTime = 0.645 (s) DataTime = 0.001 (s) Losses = ['4.3910', '2.2370'] lr = 0.0000250
2025-10-29 23:38:15,558 - PCN - INFO - [Epoch 133/150][Batch 1101/1311] BatchTime = 0.617 (s) DataTime = 0.001 (s) Losses = ['7.0626', '3.9350'] lr = 0.0000250
2025-10-29 23:39:13,763 - PCN - INFO - [Epoch 133/150][Batch 1201/1311] BatchTime = 0.645 (s) DataTime = 0.001 (s) Losses = ['4.6000', '2.4181'] lr = 0.0000250
2025-10-29 23:40:16,597 - PCN - INFO - [Epoch 133/150][Batch 1301/1311] BatchTime = 0.541 (s) DataTime = 0.001 (s) Losses = ['5.3197', '2.6603'] lr = 0.0000250
2025-10-29 23:40:22,794 - PCN - INFO - [Training] EPOCH: 133 EpochTime = 787.117 (s) Losses = ['5.0038', '2.4921']
2025-10-29 23:40:22,869 - PCN - INFO - Save checkpoint at ./experiments/PCN/ShapeNet55_models/PCN_fog/ckpt-last.pth
2025-10-29 23:40:23,327 - PCN - INFO - [Epoch 134/150][Batch 1/1311] BatchTime = 0.458 (s) DataTime = 0.081 (s) Losses = ['5.0819', '2.6379'] lr = 0.0000250
2025-10-29 23:41:22,062 - PCN - INFO - [Epoch 134/150][Batch 101/1311] BatchTime = 0.711 (s) DataTime = 0.001 (s) Losses = ['4.4694', '2.3150'] lr = 0.0000250
2025-10-29 23:42:20,354 - PCN - INFO - [Epoch 134/150][Batch 201/1311] BatchTime = 0.534 (s) DataTime = 0.001 (s) Losses = ['5.6950', '3.1689'] lr = 0.0000250
2025-10-29 23:43:19,930 - PCN - INFO - [Epoch 134/150][Batch 301/1311] BatchTime = 0.570 (s) DataTime = 0.001 (s) Losses = ['4.6950', '2.3258'] lr = 0.0000250
2025-10-29 23:44:19,679 - PCN - INFO - [Epoch 134/150][Batch 401/1311] BatchTime = 0.471 (s) DataTime = 0.001 (s) Losses = ['5.4623', '2.7151'] lr = 0.0000250
2025-10-29 23:45:18,828 - PCN - INFO - [Epoch 134/150][Batch 501/1311] BatchTime = 0.445 (s) DataTime = 0.001 (s) Losses = ['5.1369', '2.6524'] lr = 0.0000250
2025-10-29 23:46:17,016 - PCN - INFO - [Epoch 134/150][Batch 601/1311] BatchTime = 0.729 (s) DataTime = 0.001 (s) Losses = ['4.8758', '2.3482'] lr = 0.0000250
2025-10-29 23:47:16,057 - PCN - INFO - [Epoch 134/150][Batch 701/1311] BatchTime = 0.871 (s) DataTime = 0.001 (s) Losses = ['4.5132', '2.1616'] lr = 0.0000250
2025-10-29 23:48:13,441 - PCN - INFO - [Epoch 134/150][Batch 801/1311] BatchTime = 0.609 (s) DataTime = 0.001 (s) Losses = ['4.2603', '2.0850'] lr = 0.0000250
2025-10-29 23:49:14,006 - PCN - INFO - [Epoch 134/150][Batch 901/1311] BatchTime = 0.685 (s) DataTime = 0.001 (s) Losses = ['4.9709', '2.4978'] lr = 0.0000250
2025-10-29 23:50:08,302 - PCN - INFO - [Epoch 134/150][Batch 1001/1311] BatchTime = 0.617 (s) DataTime = 0.001 (s) Losses = ['4.6170', '2.1356'] lr = 0.0000250
2025-10-29 23:51:06,889 - PCN - INFO - [Epoch 134/150][Batch 1101/1311] BatchTime = 0.659 (s) DataTime = 0.001 (s) Losses = ['4.6016', '2.2167'] lr = 0.0000250
2025-10-29 23:52:06,260 - PCN - INFO - [Epoch 134/150][Batch 1201/1311] BatchTime = 0.514 (s) DataTime = 0.001 (s) Losses = ['4.9573', '2.4871'] lr = 0.0000250
2025-10-29 23:53:05,180 - PCN - INFO - [Epoch 134/150][Batch 1301/1311] BatchTime = 0.976 (s) DataTime = 0.001 (s) Losses = ['4.5881', '2.1776'] lr = 0.0000250
2025-10-29 23:53:09,997 - PCN - INFO - [Training] EPOCH: 134 EpochTime = 767.128 (s) Losses = ['5.0069', '2.4916']
2025-10-29 23:53:10,072 - PCN - INFO - Save checkpoint at ./experiments/PCN/ShapeNet55_models/PCN_fog/ckpt-last.pth
2025-10-29 23:53:10,732 - PCN - INFO - [Epoch 135/150][Batch 1/1311] BatchTime = 0.659 (s) DataTime = 0.084 (s) Losses = ['5.3284', '2.7510'] lr = 0.0000250
2025-10-29 23:54:10,740 - PCN - INFO - [Epoch 135/150][Batch 101/1311] BatchTime = 0.527 (s) DataTime = 0.001 (s) Losses = ['5.0765', '2.4241'] lr = 0.0000250
2025-10-29 23:55:09,952 - PCN - INFO - [Epoch 135/150][Batch 201/1311] BatchTime = 0.915 (s) DataTime = 0.001 (s) Losses = ['4.3391', '2.1672'] lr = 0.0000250
2025-10-29 23:56:13,364 - PCN - INFO - [Epoch 135/150][Batch 301/1311] BatchTime = 0.575 (s) DataTime = 0.001 (s) Losses = ['5.1533', '2.5492'] lr = 0.0000250
2025-10-29 23:57:11,105 - PCN - INFO - [Epoch 135/150][Batch 401/1311] BatchTime = 0.410 (s) DataTime = 0.001 (s) Losses = ['5.2612', '2.4117'] lr = 0.0000250
2025-10-29 23:58:11,094 - PCN - INFO - [Epoch 135/150][Batch 501/1311] BatchTime = 0.590 (s) DataTime = 0.001 (s) Losses = ['6.2145', '3.2518'] lr = 0.0000250
2025-10-29 23:59:12,401 - PCN - INFO - [Epoch 135/150][Batch 601/1311] BatchTime = 0.284 (s) DataTime = 0.001 (s) Losses = ['4.2661', '2.1364'] lr = 0.0000250
2025-10-30 00:00:11,748 - PCN - INFO - [Epoch 135/150][Batch 701/1311] BatchTime = 0.434 (s) DataTime = 0.001 (s) Losses = ['5.1236', '2.5015'] lr = 0.0000250
2025-10-30 00:01:11,994 - PCN - INFO - [Epoch 135/150][Batch 801/1311] BatchTime = 0.536 (s) DataTime = 0.001 (s) Losses = ['5.2169', '2.6372'] lr = 0.0000250
2025-10-30 00:02:10,298 - PCN - INFO - [Epoch 135/150][Batch 901/1311] BatchTime = 0.383 (s) DataTime = 0.001 (s) Losses = ['4.7644', '2.3015'] lr = 0.0000250
2025-10-30 00:03:11,660 - PCN - INFO - [Epoch 135/150][Batch 1001/1311] BatchTime = 0.761 (s) DataTime = 0.001 (s) Losses = ['4.5059', '2.1787'] lr = 0.0000250
2025-10-30 00:04:10,815 - PCN - INFO - [Epoch 135/150][Batch 1101/1311] BatchTime = 0.541 (s) DataTime = 0.001 (s) Losses = ['4.3280', '2.0568'] lr = 0.0000250
2025-10-30 00:05:10,850 - PCN - INFO - [Epoch 135/150][Batch 1201/1311] BatchTime = 0.682 (s) DataTime = 0.001 (s) Losses = ['5.5703', '2.5798'] lr = 0.0000250
2025-10-30 00:06:08,634 - PCN - INFO - [Epoch 135/150][Batch 1301/1311] BatchTime = 0.648 (s) DataTime = 0.001 (s) Losses = ['4.5847', '2.2538'] lr = 0.0000250
2025-10-30 00:06:13,656 - PCN - INFO - [Training] EPOCH: 135 EpochTime = 783.583 (s) Losses = ['4.9823', '2.4755']
2025-10-30 00:06:13,656 - PCN - INFO - [VALIDATION] Start validating epoch 135
2025-10-30 00:06:49,921 - PCN - INFO - Test[1051/10518] Taxonomy = 02691156 Sample = c7749c0a8b61f43bc9b9e28055202e3d Losses = ['32.9255', '3.2720', '21.9102', '1.6107'] Metrics = ['0.2182', '21.9102', '1.6107', '0.0000']
2025-10-30 00:07:25,387 - PCN - INFO - Test[2102/10518] Taxonomy = 03211117 Sample = ab2f9418c111cc6ddb965514105122a4 Losses = ['33.3170', '2.6692', '23.2326', '1.5540'] Metrics = ['0.1301', '23.2326', '1.5540', '0.0000']
2025-10-30 00:08:01,786 - PCN - INFO - Test[3153/10518] Taxonomy = 02876657 Sample = c5032e4be091aabb36fe7a88df793982 Losses = ['62.2393', '10.3127', '47.8993', '6.5777'] Metrics = ['0.0328', '47.8993', '6.5777', '0.0000']
2025-10-30 00:08:37,535 - PCN - INFO - Test[4204/10518] Taxonomy = 03211117 Sample = 722df1da5778d45b1e43523279c7f09f Losses = ['49.8727', '6.6345', '37.0810', '4.4246'] Metrics = ['0.0687', '37.0810', '4.4246', '0.0000']
2025-10-30 00:09:12,494 - PCN - INFO - Test[5255/10518] Taxonomy = 02828884 Sample = 14b63361a48a9fffe4a048c146e8bd43 Losses = ['46.4646', '5.7135', '36.0549', '3.7681'] Metrics = ['0.0724', '36.0549', '3.7681', '0.0000']
2025-10-30 00:09:47,781 - PCN - INFO - Test[6306/10518] Taxonomy = 03211117 Sample = d330d50a0255529d19ed6e1a590c9122 Losses = ['32.4239', '2.6957', '21.7092', '1.3106'] Metrics = ['0.1324', '21.7092', '1.3106', '0.0000']
2025-10-30 00:10:20,091 - PCN - INFO - Test[7357/10518] Taxonomy = 04379243 Sample = b1ca280d9567270ade98d10ab5975b59 Losses = ['39.6640', '5.1605', '25.8772', '2.3018'] Metrics = ['0.0969', '25.8772', '2.3018', '0.0000']
2025-10-30 00:10:56,359 - PCN - INFO - Test[8408/10518] Taxonomy = 03001627 Sample = 89208a619341d9fdb8c516ed5c4ce32 Losses = ['45.4856', '5.5896', '28.6704', '2.4402'] Metrics = ['0.0755', '28.6704', '2.4402', '0.0000']
2025-10-30 00:11:31,164 - PCN - INFO - Test[9459/10518] Taxonomy = 03001627 Sample = d0255120e3351121c3bd24f986301745 Losses = ['51.1541', '7.1976', '35.6272', '3.8402'] Metrics = ['0.0562', '35.6272', '3.8402', '0.0000']
2025-10-30 00:12:05,485 - PCN - INFO - Test[10510/10518] Taxonomy = 03636649 Sample = ea9ec4d9db2e06202471e6dd5ac3ef92 Losses = ['26.2133', '2.1896', '17.5861', '1.1021'] Metrics = ['0.3639', '17.5861', '1.1021', '0.0000']
2025-10-30 00:12:05,825 - PCN - INFO - [Validation] EPOCH: 135  Metrics = ['0.1370', '28.1571', '2.8406', '0.0000']
2025-10-30 00:12:05,825 - PCN - INFO - ============================ TEST RESULTS ============================
2025-10-30 00:12:05,825 - PCN - INFO - Taxonomy	#Sample	F-Score	CDL1	CDL2	EMDistance	#ModelName	
2025-10-30 00:12:05,825 - PCN - INFO - 03759954	14	0.197 	27.699 	3.406 	0.000 	microphone	
2025-10-30 00:12:05,825 - PCN - INFO - 04330267	44	0.075 	31.876 	3.293 	0.000 	stove	
2025-10-30 00:12:05,825 - PCN - INFO - 03261776	15	0.106 	31.476 	3.511 	0.000 	earphone	
2025-10-30 00:12:05,825 - PCN - INFO - 03513137	33	0.043 	43.728 	6.756 	0.000 	helmet	
2025-10-30 00:12:05,825 - PCN - INFO - 04460130	27	0.152 	26.530 	2.387 	0.000 	tower	
2025-10-30 00:12:05,825 - PCN - INFO - 04468005	78	0.169 	22.754 	1.702 	0.000 	train	
2025-10-30 00:12:05,825 - PCN - INFO - 03761084	31	0.053 	32.080 	3.232 	0.000 	microwaves	
2025-10-30 00:12:05,825 - PCN - INFO - 04004475	34	0.052 	38.367 	4.960 	0.000 	printer	
2025-10-30 00:12:05,825 - PCN - INFO - 03938244	20	0.066 	33.960 	3.696 	0.000 	pillow	
2025-10-30 00:12:05,825 - PCN - INFO - 02992529	167	0.144 	20.964 	1.249 	0.000 	cellphone	
2025-10-30 00:12:05,825 - PCN - INFO - 02808440	172	0.083 	30.226 	2.986 	0.000 	bathtub	
2025-10-30 00:12:05,825 - PCN - INFO - 04530566	388	0.196 	22.183 	1.686 	0.000 	watercraft	
2025-10-30 00:12:05,825 - PCN - INFO - 02871439	91	0.082 	31.596 	3.383 	0.000 	bookshelf	
2025-10-30 00:12:05,825 - PCN - INFO - 03593526	120	0.077 	34.004 	4.116 	0.000 	jar	
2025-10-30 00:12:05,825 - PCN - INFO - 04554684	34	0.054 	32.635 	3.315 	0.000 	washer	
2025-10-30 00:12:05,825 - PCN - INFO - 03467517	160	0.493 	12.593 	0.513 	0.000 	guitar	
2025-10-30 00:12:05,826 - PCN - INFO - 04401088	218	0.163 	19.864 	1.169 	0.000 	telephone	
2025-10-30 00:12:05,826 - PCN - INFO - 02954340	12	0.061 	33.561 	3.410 	0.000 	cap	
2025-10-30 00:12:05,826 - PCN - INFO - 02933112	315	0.081 	27.686 	2.301 	0.000 	cabinet	
2025-10-30 00:12:05,826 - PCN - INFO - 03642806	92	0.140 	20.688 	1.227 	0.000 	laptop	
2025-10-30 00:12:05,826 - PCN - INFO - 02924116	188	0.147 	22.288 	1.522 	0.000 	bus	
2025-10-30 00:12:05,826 - PCN - INFO - 02946921	22	0.063 	32.579 	3.584 	0.000 	can	
2025-10-30 00:12:05,826 - PCN - INFO - 02818832	47	0.063 	36.645 	4.503 	0.000 	bed	
2025-10-30 00:12:05,826 - PCN - INFO - 04256520	635	0.072 	29.153 	2.511 	0.000 	sofa	
2025-10-30 00:12:05,826 - PCN - INFO - 04379243	1687	0.160 	24.891 	2.373 	0.000 	table	
2025-10-30 00:12:05,826 - PCN - INFO - 02747177	69	0.057 	31.689 	3.233 	0.000 	trash bin	
2025-10-30 00:12:05,826 - PCN - INFO - 03046257	131	0.092 	29.804 	2.962 	0.000 	clock	
2025-10-30 00:12:05,826 - PCN - INFO - 04225987	31	0.245 	19.765 	1.338 	0.000 	skateboard	
2025-10-30 00:12:05,826 - PCN - INFO - 03797390	43	0.048 	33.598 	3.775 	0.000 	mug	
2025-10-30 00:12:05,826 - PCN - INFO - 03001627	1356	0.113 	27.981 	2.633 	0.000 	chair	
2025-10-30 00:12:05,826 - PCN - INFO - 03691459	320	0.068 	33.081 	3.632 	0.000 	loudspeaker	
2025-10-30 00:12:05,826 - PCN - INFO - 02942699	23	0.048 	42.306 	6.159 	0.000 	camera	
2025-10-30 00:12:05,826 - PCN - INFO - 03636649	464	0.173 	31.611 	4.331 	0.000 	lamp	
2025-10-30 00:12:05,826 - PCN - INFO - 02691156	809	0.287 	18.317 	1.192 	0.000 	airplane	
2025-10-30 00:12:05,826 - PCN - INFO - 02773838	17	0.085 	34.503 	4.307 	0.000 	bag	
2025-10-30 00:12:05,826 - PCN - INFO - 02958343	703	0.093 	25.399 	1.856 	0.000 	car	
2025-10-30 00:12:05,826 - PCN - INFO - 02880940	38	0.053 	33.870 	3.543 	0.000 	bowl	
2025-10-30 00:12:05,826 - PCN - INFO - 04099429	17	0.342 	19.235 	1.493 	0.000 	rocket	
2025-10-30 00:12:05,826 - PCN - INFO - 02828884	363	0.179 	23.591 	2.077 	0.000 	bench	
2025-10-30 00:12:05,826 - PCN - INFO - 04090263	475	0.443 	14.592 	0.799 	0.000 	rifle	
2025-10-30 00:12:05,826 - PCN - INFO - 03211117	219	0.098 	27.314 	2.404 	0.000 	display	
2025-10-30 00:12:05,826 - PCN - INFO - 02876657	100	0.163 	23.230 	1.846 	0.000 	bottle	
2025-10-30 00:12:05,826 - PCN - INFO - 03710193	19	0.157 	27.867 	2.683 	0.000 	mailbox	
2025-10-30 00:12:05,826 - PCN - INFO - 03790512	68	0.116 	26.104 	2.185 	0.000 	motorbike	
2025-10-30 00:12:05,826 - PCN - INFO - 03325088	149	0.135 	32.544 	4.350 	0.000 	faucet	
2025-10-30 00:12:05,826 - PCN - INFO - 02801938	23	0.055 	33.716 	3.790 	0.000 	basket	
2025-10-30 00:12:05,826 - PCN - INFO - 03337140	60	0.086 	28.290 	2.531 	0.000 	file cabinet	
2025-10-30 00:12:05,826 - PCN - INFO - 02843684	15	0.059 	36.623 	4.384 	0.000 	birdhouse	
2025-10-30 00:12:05,826 - PCN - INFO - 03624134	85	0.496 	13.348 	0.655 	0.000 	knife	
2025-10-30 00:12:05,826 - PCN - INFO - 03991062	121	0.060 	37.976 	5.004 	0.000 	flowerpot	
2025-10-30 00:12:05,826 - PCN - INFO - 03948459	62	0.233 	19.664 	1.243 	0.000 	pistol	
2025-10-30 00:12:05,826 - PCN - INFO - 03928116	48	0.072 	34.108 	3.896 	0.000 	piano	
2025-10-30 00:12:05,826 - PCN - INFO - 03207941	19	0.070 	28.172 	2.491 	0.000 	dishwasher	
2025-10-30 00:12:05,826 - PCN - INFO - 04074963	14	0.155 	22.664 	1.526 	0.000 	remote	
2025-10-30 00:12:05,826 - PCN - INFO - 03085013	13	0.257 	17.656 	1.123 	0.000 	keyboard	
2025-10-30 00:12:05,826 - PCN - INFO - Overall		0.137 	28.157 	2.841 	0.000 	
2025-10-30 00:12:05,905 - PCN - INFO - Save checkpoint at ./experiments/PCN/ShapeNet55_models/PCN_fog/ckpt-best.pth
2025-10-30 00:12:05,981 - PCN - INFO - Save checkpoint at ./experiments/PCN/ShapeNet55_models/PCN_fog/ckpt-last.pth
2025-10-30 00:12:06,912 - PCN - INFO - [Epoch 136/150][Batch 1/1311] BatchTime = 0.931 (s) DataTime = 0.086 (s) Losses = ['4.7410', '2.1824'] lr = 0.0000250
2025-10-30 00:13:07,906 - PCN - INFO - [Epoch 136/150][Batch 101/1311] BatchTime = 0.370 (s) DataTime = 0.001 (s) Losses = ['5.1283', '2.5881'] lr = 0.0000250
2025-10-30 00:14:08,921 - PCN - INFO - [Epoch 136/150][Batch 201/1311] BatchTime = 0.596 (s) DataTime = 0.001 (s) Losses = ['4.6567', '2.2567'] lr = 0.0000250
2025-10-30 00:15:10,459 - PCN - INFO - [Epoch 136/150][Batch 301/1311] BatchTime = 0.561 (s) DataTime = 0.001 (s) Losses = ['5.7732', '2.8289'] lr = 0.0000250
2025-10-30 00:16:11,815 - PCN - INFO - [Epoch 136/150][Batch 401/1311] BatchTime = 0.728 (s) DataTime = 0.001 (s) Losses = ['5.2220', '2.6433'] lr = 0.0000250
2025-10-30 00:17:13,411 - PCN - INFO - [Epoch 136/150][Batch 501/1311] BatchTime = 0.763 (s) DataTime = 0.001 (s) Losses = ['5.2446', '2.5023'] lr = 0.0000250
2025-10-30 00:18:14,635 - PCN - INFO - [Epoch 136/150][Batch 601/1311] BatchTime = 0.424 (s) DataTime = 0.001 (s) Losses = ['4.1594', '2.0431'] lr = 0.0000250
2025-10-30 00:19:14,184 - PCN - INFO - [Epoch 136/150][Batch 701/1311] BatchTime = 0.522 (s) DataTime = 0.001 (s) Losses = ['5.3822', '2.8418'] lr = 0.0000250
2025-10-30 00:20:13,821 - PCN - INFO - [Epoch 136/150][Batch 801/1311] BatchTime = 0.550 (s) DataTime = 0.001 (s) Losses = ['4.5867', '2.2510'] lr = 0.0000250
2025-10-30 00:21:12,315 - PCN - INFO - [Epoch 136/150][Batch 901/1311] BatchTime = 0.450 (s) DataTime = 0.001 (s) Losses = ['4.4446', '2.2827'] lr = 0.0000250
2025-10-30 00:22:09,423 - PCN - INFO - [Epoch 136/150][Batch 1001/1311] BatchTime = 0.880 (s) DataTime = 0.001 (s) Losses = ['5.8322', '3.0788'] lr = 0.0000250
2025-10-30 00:23:08,613 - PCN - INFO - [Epoch 136/150][Batch 1101/1311] BatchTime = 0.961 (s) DataTime = 0.001 (s) Losses = ['5.4381', '2.9572'] lr = 0.0000250
2025-10-30 00:24:07,873 - PCN - INFO - [Epoch 136/150][Batch 1201/1311] BatchTime = 0.468 (s) DataTime = 0.001 (s) Losses = ['4.2370', '2.0698'] lr = 0.0000250
2025-10-30 00:25:07,675 - PCN - INFO - [Epoch 136/150][Batch 1301/1311] BatchTime = 0.457 (s) DataTime = 0.001 (s) Losses = ['6.6680', '3.5515'] lr = 0.0000250
2025-10-30 00:25:13,007 - PCN - INFO - [Training] EPOCH: 136 EpochTime = 787.025 (s) Losses = ['4.9857', '2.4759']
2025-10-30 00:25:13,079 - PCN - INFO - Save checkpoint at ./experiments/PCN/ShapeNet55_models/PCN_fog/ckpt-last.pth
2025-10-30 00:25:13,838 - PCN - INFO - [Epoch 137/150][Batch 1/1311] BatchTime = 0.759 (s) DataTime = 0.084 (s) Losses = ['3.8057', '1.8001'] lr = 0.0000250
2025-10-30 00:26:14,279 - PCN - INFO - [Epoch 137/150][Batch 101/1311] BatchTime = 0.449 (s) DataTime = 0.001 (s) Losses = ['4.4211', '2.0421'] lr = 0.0000250
2025-10-30 00:27:15,219 - PCN - INFO - [Epoch 137/150][Batch 201/1311] BatchTime = 1.033 (s) DataTime = 0.001 (s) Losses = ['4.6465', '2.3698'] lr = 0.0000250
2025-10-30 00:28:14,894 - PCN - INFO - [Epoch 137/150][Batch 301/1311] BatchTime = 0.611 (s) DataTime = 0.001 (s) Losses = ['4.8145', '2.3332'] lr = 0.0000250
2025-10-30 00:29:16,012 - PCN - INFO - [Epoch 137/150][Batch 401/1311] BatchTime = 0.765 (s) DataTime = 0.001 (s) Losses = ['4.3759', '2.1496'] lr = 0.0000250
2025-10-30 00:30:18,385 - PCN - INFO - [Epoch 137/150][Batch 501/1311] BatchTime = 0.379 (s) DataTime = 0.001 (s) Losses = ['4.7028', '2.2752'] lr = 0.0000250
2025-10-30 00:31:15,589 - PCN - INFO - [Epoch 137/150][Batch 601/1311] BatchTime = 0.343 (s) DataTime = 0.001 (s) Losses = ['4.4826', '2.3054'] lr = 0.0000250
2025-10-30 00:32:12,100 - PCN - INFO - [Epoch 137/150][Batch 701/1311] BatchTime = 0.962 (s) DataTime = 0.001 (s) Losses = ['4.6770', '2.3764'] lr = 0.0000250
2025-10-30 00:33:14,147 - PCN - INFO - [Epoch 137/150][Batch 801/1311] BatchTime = 0.353 (s) DataTime = 0.001 (s) Losses = ['5.4689', '2.7471'] lr = 0.0000250
2025-10-30 00:34:14,266 - PCN - INFO - [Epoch 137/150][Batch 901/1311] BatchTime = 0.689 (s) DataTime = 0.001 (s) Losses = ['6.2676', '3.2424'] lr = 0.0000250
2025-10-30 00:35:12,368 - PCN - INFO - [Epoch 137/150][Batch 1001/1311] BatchTime = 0.445 (s) DataTime = 0.001 (s) Losses = ['4.5144', '2.4457'] lr = 0.0000250
2025-10-30 00:36:09,926 - PCN - INFO - [Epoch 137/150][Batch 1101/1311] BatchTime = 0.536 (s) DataTime = 0.001 (s) Losses = ['4.0075', '1.9447'] lr = 0.0000250
2025-10-30 00:37:09,221 - PCN - INFO - [Epoch 137/150][Batch 1201/1311] BatchTime = 0.623 (s) DataTime = 0.001 (s) Losses = ['4.6808', '2.4538'] lr = 0.0000250
2025-10-30 00:38:10,494 - PCN - INFO - [Epoch 137/150][Batch 1301/1311] BatchTime = 0.585 (s) DataTime = 0.001 (s) Losses = ['5.1106', '2.6882'] lr = 0.0000250
2025-10-30 00:38:17,378 - PCN - INFO - [Training] EPOCH: 137 EpochTime = 784.298 (s) Losses = ['4.9845', '2.4760']
2025-10-30 00:38:17,454 - PCN - INFO - Save checkpoint at ./experiments/PCN/ShapeNet55_models/PCN_fog/ckpt-last.pth
2025-10-30 00:38:18,115 - PCN - INFO - [Epoch 138/150][Batch 1/1311] BatchTime = 0.661 (s) DataTime = 0.091 (s) Losses = ['3.6637', '1.8411'] lr = 0.0000250
2025-10-30 00:39:20,094 - PCN - INFO - [Epoch 138/150][Batch 101/1311] BatchTime = 0.556 (s) DataTime = 0.001 (s) Losses = ['4.8625', '2.3607'] lr = 0.0000250
2025-10-30 00:40:18,815 - PCN - INFO - [Epoch 138/150][Batch 201/1311] BatchTime = 0.601 (s) DataTime = 0.001 (s) Losses = ['4.0472', '2.1116'] lr = 0.0000250
2025-10-30 00:41:15,749 - PCN - INFO - [Epoch 138/150][Batch 301/1311] BatchTime = 0.255 (s) DataTime = 0.001 (s) Losses = ['5.6499', '2.9691'] lr = 0.0000250
2025-10-30 00:42:13,027 - PCN - INFO - [Epoch 138/150][Batch 401/1311] BatchTime = 0.889 (s) DataTime = 0.001 (s) Losses = ['4.5863', '2.2358'] lr = 0.0000250
2025-10-30 00:43:12,299 - PCN - INFO - [Epoch 138/150][Batch 501/1311] BatchTime = 0.390 (s) DataTime = 0.001 (s) Losses = ['4.5786', '2.2718'] lr = 0.0000250
2025-10-30 00:44:10,346 - PCN - INFO - [Epoch 138/150][Batch 601/1311] BatchTime = 0.609 (s) DataTime = 0.001 (s) Losses = ['4.2131', '1.9583'] lr = 0.0000250
2025-10-30 00:45:10,268 - PCN - INFO - [Epoch 138/150][Batch 701/1311] BatchTime = 0.612 (s) DataTime = 0.001 (s) Losses = ['5.4314', '2.7501'] lr = 0.0000250
2025-10-30 00:46:12,329 - PCN - INFO - [Epoch 138/150][Batch 801/1311] BatchTime = 0.671 (s) DataTime = 0.001 (s) Losses = ['5.5186', '2.3807'] lr = 0.0000250
2025-10-30 00:47:09,288 - PCN - INFO - [Epoch 138/150][Batch 901/1311] BatchTime = 0.599 (s) DataTime = 0.001 (s) Losses = ['4.5923', '2.5848'] lr = 0.0000250
2025-10-30 00:48:06,724 - PCN - INFO - [Epoch 138/150][Batch 1001/1311] BatchTime = 0.834 (s) DataTime = 0.001 (s) Losses = ['4.4512', '2.2093'] lr = 0.0000250
2025-10-30 00:49:03,380 - PCN - INFO - [Epoch 138/150][Batch 1101/1311] BatchTime = 0.448 (s) DataTime = 0.001 (s) Losses = ['4.6625', '2.1753'] lr = 0.0000250
2025-10-30 00:50:01,568 - PCN - INFO - [Epoch 138/150][Batch 1201/1311] BatchTime = 0.721 (s) DataTime = 0.001 (s) Losses = ['6.3289', '3.4431'] lr = 0.0000250
2025-10-30 00:51:04,717 - PCN - INFO - [Epoch 138/150][Batch 1301/1311] BatchTime = 0.646 (s) DataTime = 0.001 (s) Losses = ['5.3942', '2.6777'] lr = 0.0000250
2025-10-30 00:51:11,175 - PCN - INFO - [Training] EPOCH: 138 EpochTime = 773.721 (s) Losses = ['4.9790', '2.4758']
2025-10-30 00:51:11,251 - PCN - INFO - Save checkpoint at ./experiments/PCN/ShapeNet55_models/PCN_fog/ckpt-last.pth
2025-10-30 00:51:12,134 - PCN - INFO - [Epoch 139/150][Batch 1/1311] BatchTime = 0.883 (s) DataTime = 0.080 (s) Losses = ['5.9547', '3.0611'] lr = 0.0000250
2025-10-30 00:52:10,841 - PCN - INFO - [Epoch 139/150][Batch 101/1311] BatchTime = 0.824 (s) DataTime = 0.001 (s) Losses = ['5.3274', '2.8206'] lr = 0.0000250
2025-10-30 00:53:11,766 - PCN - INFO - [Epoch 139/150][Batch 201/1311] BatchTime = 0.547 (s) DataTime = 0.001 (s) Losses = ['4.4329', '2.1025'] lr = 0.0000250
2025-10-30 00:54:13,424 - PCN - INFO - [Epoch 139/150][Batch 301/1311] BatchTime = 0.590 (s) DataTime = 0.001 (s) Losses = ['4.8225', '2.4105'] lr = 0.0000250
2025-10-30 00:55:14,325 - PCN - INFO - [Epoch 139/150][Batch 401/1311] BatchTime = 0.819 (s) DataTime = 0.001 (s) Losses = ['5.9063', '2.8021'] lr = 0.0000250
2025-10-30 00:56:15,085 - PCN - INFO - [Epoch 139/150][Batch 501/1311] BatchTime = 0.527 (s) DataTime = 0.001 (s) Losses = ['4.6480', '2.1835'] lr = 0.0000250
2025-10-30 00:57:13,620 - PCN - INFO - [Epoch 139/150][Batch 601/1311] BatchTime = 0.794 (s) DataTime = 0.001 (s) Losses = ['5.2905', '2.5362'] lr = 0.0000250
2025-10-30 00:58:11,721 - PCN - INFO - [Epoch 139/150][Batch 701/1311] BatchTime = 0.657 (s) DataTime = 0.001 (s) Losses = ['5.2381', '2.5878'] lr = 0.0000250
2025-10-30 00:59:10,608 - PCN - INFO - [Epoch 139/150][Batch 801/1311] BatchTime = 0.646 (s) DataTime = 0.001 (s) Losses = ['4.8396', '2.3815'] lr = 0.0000250
2025-10-30 01:00:11,011 - PCN - INFO - [Epoch 139/150][Batch 901/1311] BatchTime = 0.440 (s) DataTime = 0.001 (s) Losses = ['3.9700', '2.0137'] lr = 0.0000250
2025-10-30 01:01:10,987 - PCN - INFO - [Epoch 139/150][Batch 1001/1311] BatchTime = 0.780 (s) DataTime = 0.001 (s) Losses = ['5.2683', '2.4412'] lr = 0.0000250
2025-10-30 01:02:11,968 - PCN - INFO - [Epoch 139/150][Batch 1101/1311] BatchTime = 0.577 (s) DataTime = 0.001 (s) Losses = ['5.4002', '2.6131'] lr = 0.0000250
2025-10-30 01:03:13,694 - PCN - INFO - [Epoch 139/150][Batch 1201/1311] BatchTime = 0.629 (s) DataTime = 0.001 (s) Losses = ['4.4739', '2.2894'] lr = 0.0000250
2025-10-30 01:04:12,454 - PCN - INFO - [Epoch 139/150][Batch 1301/1311] BatchTime = 0.486 (s) DataTime = 0.001 (s) Losses = ['5.0838', '2.5039'] lr = 0.0000250
2025-10-30 01:04:20,032 - PCN - INFO - [Training] EPOCH: 139 EpochTime = 788.780 (s) Losses = ['4.9867', '2.4842']
2025-10-30 01:04:20,112 - PCN - INFO - Save checkpoint at ./experiments/PCN/ShapeNet55_models/PCN_fog/ckpt-last.pth
2025-10-30 01:04:20,776 - PCN - INFO - [Epoch 140/150][Batch 1/1311] BatchTime = 0.664 (s) DataTime = 0.083 (s) Losses = ['4.6478', '2.2573'] lr = 0.0000250
2025-10-30 01:05:19,270 - PCN - INFO - [Epoch 140/150][Batch 101/1311] BatchTime = 0.873 (s) DataTime = 0.001 (s) Losses = ['4.5578', '2.4335'] lr = 0.0000250
2025-10-30 01:06:18,025 - PCN - INFO - [Epoch 140/150][Batch 201/1311] BatchTime = 0.497 (s) DataTime = 0.001 (s) Losses = ['5.9199', '3.0297'] lr = 0.0000250
2025-10-30 01:07:14,108 - PCN - INFO - [Epoch 140/150][Batch 301/1311] BatchTime = 0.578 (s) DataTime = 0.001 (s) Losses = ['5.3973', '2.7199'] lr = 0.0000250
2025-10-30 01:08:16,014 - PCN - INFO - [Epoch 140/150][Batch 401/1311] BatchTime = 0.609 (s) DataTime = 0.001 (s) Losses = ['4.8572', '2.3622'] lr = 0.0000250
2025-10-30 01:09:13,492 - PCN - INFO - [Epoch 140/150][Batch 501/1311] BatchTime = 0.361 (s) DataTime = 0.001 (s) Losses = ['5.2155', '2.7207'] lr = 0.0000250
2025-10-30 01:10:11,973 - PCN - INFO - [Epoch 140/150][Batch 601/1311] BatchTime = 0.573 (s) DataTime = 0.001 (s) Losses = ['4.5456', '2.4425'] lr = 0.0000250
2025-10-30 01:11:10,622 - PCN - INFO - [Epoch 140/150][Batch 701/1311] BatchTime = 0.568 (s) DataTime = 0.001 (s) Losses = ['5.5797', '2.9900'] lr = 0.0000250
2025-10-30 01:12:08,716 - PCN - INFO - [Epoch 140/150][Batch 801/1311] BatchTime = 0.888 (s) DataTime = 0.001 (s) Losses = ['4.7506', '2.5428'] lr = 0.0000250
2025-10-30 01:13:05,238 - PCN - INFO - [Epoch 140/150][Batch 901/1311] BatchTime = 0.685 (s) DataTime = 0.001 (s) Losses = ['3.8765', '1.7971'] lr = 0.0000250
2025-10-30 01:14:00,583 - PCN - INFO - [Epoch 140/150][Batch 1001/1311] BatchTime = 0.725 (s) DataTime = 0.001 (s) Losses = ['4.6034', '2.1345'] lr = 0.0000250
2025-10-30 01:15:02,793 - PCN - INFO - [Epoch 140/150][Batch 1101/1311] BatchTime = 0.555 (s) DataTime = 0.001 (s) Losses = ['4.4732', '2.2191'] lr = 0.0000250
2025-10-30 01:16:03,018 - PCN - INFO - [Epoch 140/150][Batch 1201/1311] BatchTime = 0.454 (s) DataTime = 0.001 (s) Losses = ['5.3182', '2.6420'] lr = 0.0000250
2025-10-30 01:17:03,199 - PCN - INFO - [Epoch 140/150][Batch 1301/1311] BatchTime = 0.702 (s) DataTime = 0.001 (s) Losses = ['5.4598', '2.7112'] lr = 0.0000250
2025-10-30 01:17:09,273 - PCN - INFO - [Training] EPOCH: 140 EpochTime = 769.161 (s) Losses = ['4.9705', '2.4635']
2025-10-30 01:17:09,273 - PCN - INFO - [VALIDATION] Start validating epoch 140
2025-10-30 01:17:47,144 - PCN - INFO - Test[1051/10518] Taxonomy = 02691156 Sample = c7749c0a8b61f43bc9b9e28055202e3d Losses = ['33.3073', '3.6662', '22.6533', '1.8978'] Metrics = ['0.2378', '22.6533', '1.8978', '0.0000']
2025-10-30 01:18:22,022 - PCN - INFO - Test[2102/10518] Taxonomy = 03211117 Sample = ab2f9418c111cc6ddb965514105122a4 Losses = ['31.9703', '2.5715', '22.8620', '1.4202'] Metrics = ['0.1191', '22.8620', '1.4202', '0.0000']
2025-10-30 01:19:00,348 - PCN - INFO - Test[3153/10518] Taxonomy = 02876657 Sample = c5032e4be091aabb36fe7a88df793982 Losses = ['55.2100', '9.4921', '38.0564', '4.8781'] Metrics = ['0.0614', '38.0564', '4.8781', '0.0000']
2025-10-30 01:19:37,999 - PCN - INFO - Test[4204/10518] Taxonomy = 03211117 Sample = 722df1da5778d45b1e43523279c7f09f Losses = ['61.7976', '10.1323', '45.4493', '6.6768'] Metrics = ['0.0485', '45.4493', '6.6768', '0.0000']
2025-10-30 01:20:14,186 - PCN - INFO - Test[5255/10518] Taxonomy = 02828884 Sample = 14b63361a48a9fffe4a048c146e8bd43 Losses = ['41.1584', '4.3083', '32.4651', '3.0386'] Metrics = ['0.0817', '32.4651', '3.0386', '0.0000']
2025-10-30 01:20:49,313 - PCN - INFO - Test[6306/10518] Taxonomy = 03211117 Sample = d330d50a0255529d19ed6e1a590c9122 Losses = ['30.5915', '2.8340', '20.6502', '1.3500'] Metrics = ['0.1698', '20.6502', '1.3500', '0.0000']
2025-10-30 01:21:23,961 - PCN - INFO - Test[7357/10518] Taxonomy = 04379243 Sample = b1ca280d9567270ade98d10ab5975b59 Losses = ['40.0747', '5.0355', '23.0555', '1.6772'] Metrics = ['0.1024', '23.0555', '1.6772', '0.0000']
2025-10-30 01:22:00,625 - PCN - INFO - Test[8408/10518] Taxonomy = 03001627 Sample = 89208a619341d9fdb8c516ed5c4ce32 Losses = ['43.4741', '5.0975', '26.9651', '2.0644'] Metrics = ['0.0803', '26.9651', '2.0644', '0.0000']
2025-10-30 01:22:36,257 - PCN - INFO - Test[9459/10518] Taxonomy = 03001627 Sample = d0255120e3351121c3bd24f986301745 Losses = ['52.5191', '7.5472', '35.8477', '3.8927'] Metrics = ['0.0470', '35.8477', '3.8927', '0.0000']
2025-10-30 01:23:10,221 - PCN - INFO - Test[10510/10518] Taxonomy = 03636649 Sample = ea9ec4d9db2e06202471e6dd5ac3ef92 Losses = ['24.8559', '2.0614', '17.8467', '1.1796'] Metrics = ['0.3752', '17.8467', '1.1796', '0.0000']
2025-10-30 01:23:10,440 - PCN - INFO - [Validation] EPOCH: 140  Metrics = ['0.1373', '28.0800', '2.8497', '0.0000']
2025-10-30 01:23:10,440 - PCN - INFO - ============================ TEST RESULTS ============================
2025-10-30 01:23:10,440 - PCN - INFO - Taxonomy	#Sample	F-Score	CDL1	CDL2	EMDistance	#ModelName	
2025-10-30 01:23:10,440 - PCN - INFO - 03759954	14	0.211 	28.114 	3.583 	0.000 	microphone	
2025-10-30 01:23:10,440 - PCN - INFO - 04330267	44	0.081 	30.674 	3.034 	0.000 	stove	
2025-10-30 01:23:10,440 - PCN - INFO - 03261776	15	0.105 	34.023 	5.211 	0.000 	earphone	
2025-10-30 01:23:10,440 - PCN - INFO - 03513137	33	0.045 	41.852 	6.123 	0.000 	helmet	
2025-10-30 01:23:10,440 - PCN - INFO - 04460130	27	0.169 	26.334 	2.442 	0.000 	tower	
2025-10-30 01:23:10,440 - PCN - INFO - 04468005	78	0.160 	23.246 	1.775 	0.000 	train	
2025-10-30 01:23:10,440 - PCN - INFO - 03761084	31	0.052 	31.836 	3.070 	0.000 	microwaves	
2025-10-30 01:23:10,440 - PCN - INFO - 04004475	34	0.053 	37.383 	4.466 	0.000 	printer	
2025-10-30 01:23:10,440 - PCN - INFO - 03938244	20	0.064 	34.222 	3.652 	0.000 	pillow	
2025-10-30 01:23:10,440 - PCN - INFO - 02992529	167	0.169 	19.513 	1.097 	0.000 	cellphone	
2025-10-30 01:23:10,440 - PCN - INFO - 02808440	172	0.083 	31.099 	3.282 	0.000 	bathtub	
2025-10-30 01:23:10,440 - PCN - INFO - 04530566	388	0.191 	22.508 	1.726 	0.000 	watercraft	
2025-10-30 01:23:10,440 - PCN - INFO - 02871439	91	0.084 	31.456 	3.380 	0.000 	bookshelf	
2025-10-30 01:23:10,440 - PCN - INFO - 03593526	120	0.075 	34.979 	4.366 	0.000 	jar	
2025-10-30 01:23:10,440 - PCN - INFO - 04554684	34	0.060 	32.012 	3.245 	0.000 	washer	
2025-10-30 01:23:10,440 - PCN - INFO - 03467517	160	0.518 	12.236 	0.492 	0.000 	guitar	
2025-10-30 01:23:10,441 - PCN - INFO - 04401088	218	0.168 	19.456 	1.115 	0.000 	telephone	
2025-10-30 01:23:10,441 - PCN - INFO - 02954340	12	0.064 	33.371 	3.711 	0.000 	cap	
2025-10-30 01:23:10,441 - PCN - INFO - 02933112	315	0.081 	27.543 	2.258 	0.000 	cabinet	
2025-10-30 01:23:10,441 - PCN - INFO - 03642806	92	0.144 	20.323 	1.211 	0.000 	laptop	
2025-10-30 01:23:10,441 - PCN - INFO - 02924116	188	0.142 	22.436 	1.526 	0.000 	bus	
2025-10-30 01:23:10,441 - PCN - INFO - 02946921	22	0.055 	32.727 	3.714 	0.000 	can	
2025-10-30 01:23:10,441 - PCN - INFO - 02818832	47	0.066 	34.994 	4.084 	0.000 	bed	
2025-10-30 01:23:10,441 - PCN - INFO - 04256520	635	0.075 	28.961 	2.480 	0.000 	sofa	
2025-10-30 01:23:10,441 - PCN - INFO - 04379243	1687	0.140 	25.700 	2.436 	0.000 	table	
2025-10-30 01:23:10,441 - PCN - INFO - 02747177	69	0.055 	31.559 	3.106 	0.000 	trash bin	
2025-10-30 01:23:10,441 - PCN - INFO - 03046257	131	0.092 	29.865 	3.010 	0.000 	clock	
2025-10-30 01:23:10,441 - PCN - INFO - 04225987	31	0.251 	19.690 	1.359 	0.000 	skateboard	
2025-10-30 01:23:10,441 - PCN - INFO - 03797390	43	0.048 	33.149 	3.578 	0.000 	mug	
2025-10-30 01:23:10,441 - PCN - INFO - 03001627	1356	0.111 	28.043 	2.621 	0.000 	chair	
2025-10-30 01:23:10,441 - PCN - INFO - 03691459	320	0.067 	32.969 	3.582 	0.000 	loudspeaker	
2025-10-30 01:23:10,441 - PCN - INFO - 02942699	23	0.051 	42.645 	6.254 	0.000 	camera	
2025-10-30 01:23:10,441 - PCN - INFO - 03636649	464	0.175 	31.777 	4.528 	0.000 	lamp	
2025-10-30 01:23:10,441 - PCN - INFO - 02691156	809	0.283 	18.512 	1.219 	0.000 	airplane	
2025-10-30 01:23:10,441 - PCN - INFO - 02773838	17	0.085 	32.263 	3.530 	0.000 	bag	
2025-10-30 01:23:10,441 - PCN - INFO - 02958343	703	0.091 	25.778 	1.903 	0.000 	car	
2025-10-30 01:23:10,441 - PCN - INFO - 02880940	38	0.057 	32.734 	3.596 	0.000 	bowl	
2025-10-30 01:23:10,441 - PCN - INFO - 04099429	17	0.335 	18.818 	1.407 	0.000 	rocket	
2025-10-30 01:23:10,441 - PCN - INFO - 02828884	363	0.179 	23.400 	2.004 	0.000 	bench	
2025-10-30 01:23:10,441 - PCN - INFO - 04090263	475	0.430 	14.878 	0.832 	0.000 	rifle	
2025-10-30 01:23:10,441 - PCN - INFO - 03211117	219	0.101 	27.023 	2.396 	0.000 	display	
2025-10-30 01:23:10,441 - PCN - INFO - 02876657	100	0.173 	22.532 	1.778 	0.000 	bottle	
2025-10-30 01:23:10,441 - PCN - INFO - 03710193	19	0.146 	28.728 	2.887 	0.000 	mailbox	
2025-10-30 01:23:10,441 - PCN - INFO - 03790512	68	0.113 	26.180 	2.191 	0.000 	motorbike	
2025-10-30 01:23:10,441 - PCN - INFO - 03325088	149	0.138 	31.783 	4.023 	0.000 	faucet	
2025-10-30 01:23:10,441 - PCN - INFO - 02801938	23	0.057 	33.787 	3.884 	0.000 	basket	
2025-10-30 01:23:10,441 - PCN - INFO - 03337140	60	0.083 	28.670 	2.586 	0.000 	file cabinet	
2025-10-30 01:23:10,441 - PCN - INFO - 02843684	15	0.058 	38.705 	4.871 	0.000 	birdhouse	
2025-10-30 01:23:10,441 - PCN - INFO - 03624134	85	0.480 	13.611 	0.676 	0.000 	knife	
2025-10-30 01:23:10,441 - PCN - INFO - 03991062	121	0.061 	37.831 	5.013 	0.000 	flowerpot	
2025-10-30 01:23:10,441 - PCN - INFO - 03948459	62	0.234 	19.458 	1.232 	0.000 	pistol	
2025-10-30 01:23:10,441 - PCN - INFO - 03928116	48	0.072 	33.614 	3.718 	0.000 	piano	
2025-10-30 01:23:10,441 - PCN - INFO - 03207941	19	0.067 	29.379 	2.881 	0.000 	dishwasher	
2025-10-30 01:23:10,441 - PCN - INFO - 04074963	14	0.156 	22.542 	1.551 	0.000 	remote	
2025-10-30 01:23:10,441 - PCN - INFO - 03085013	13	0.246 	17.477 	1.038 	0.000 	keyboard	
2025-10-30 01:23:10,441 - PCN - INFO - Overall		0.137 	28.080 	2.850 	0.000 	
2025-10-30 01:23:10,518 - PCN - INFO - Save checkpoint at ./experiments/PCN/ShapeNet55_models/PCN_fog/ckpt-last.pth
2025-10-30 01:23:11,375 - PCN - INFO - [Epoch 141/150][Batch 1/1311] BatchTime = 0.857 (s) DataTime = 0.082 (s) Losses = ['4.3001', '2.1606'] lr = 0.0000250
2025-10-30 01:24:04,948 - PCN - INFO - [Epoch 141/150][Batch 101/1311] BatchTime = 0.464 (s) DataTime = 0.001 (s) Losses = ['5.3068', '2.8088'] lr = 0.0000250
2025-10-30 01:25:04,114 - PCN - INFO - [Epoch 141/150][Batch 201/1311] BatchTime = 0.439 (s) DataTime = 0.001 (s) Losses = ['5.4100', '2.5098'] lr = 0.0000250
2025-10-30 01:26:02,022 - PCN - INFO - [Epoch 141/150][Batch 301/1311] BatchTime = 0.575 (s) DataTime = 0.001 (s) Losses = ['4.1507', '1.9455'] lr = 0.0000250
2025-10-30 01:27:00,683 - PCN - INFO - [Epoch 141/150][Batch 401/1311] BatchTime = 0.567 (s) DataTime = 0.001 (s) Losses = ['4.2622', '1.9339'] lr = 0.0000250
2025-10-30 01:27:58,377 - PCN - INFO - [Epoch 141/150][Batch 501/1311] BatchTime = 0.455 (s) DataTime = 0.001 (s) Losses = ['5.4997', '2.7441'] lr = 0.0000250
2025-10-30 01:28:56,453 - PCN - INFO - [Epoch 141/150][Batch 601/1311] BatchTime = 0.636 (s) DataTime = 0.001 (s) Losses = ['4.6034', '2.1706'] lr = 0.0000250
2025-10-30 01:29:54,000 - PCN - INFO - [Epoch 141/150][Batch 701/1311] BatchTime = 0.584 (s) DataTime = 0.001 (s) Losses = ['4.3918', '2.1384'] lr = 0.0000250
2025-10-30 01:30:54,061 - PCN - INFO - [Epoch 141/150][Batch 801/1311] BatchTime = 0.577 (s) DataTime = 0.001 (s) Losses = ['5.2867', '2.5281'] lr = 0.0000250
2025-10-30 01:31:54,555 - PCN - INFO - [Epoch 141/150][Batch 901/1311] BatchTime = 0.804 (s) DataTime = 0.001 (s) Losses = ['4.1291', '1.9656'] lr = 0.0000250
2025-10-30 01:32:50,420 - PCN - INFO - [Epoch 141/150][Batch 1001/1311] BatchTime = 0.561 (s) DataTime = 0.001 (s) Losses = ['5.2886', '2.4275'] lr = 0.0000250
2025-10-30 01:33:48,191 - PCN - INFO - [Epoch 141/150][Batch 1101/1311] BatchTime = 0.445 (s) DataTime = 0.001 (s) Losses = ['5.4377', '2.7951'] lr = 0.0000250
2025-10-30 01:34:44,780 - PCN - INFO - [Epoch 141/150][Batch 1201/1311] BatchTime = 0.549 (s) DataTime = 0.001 (s) Losses = ['6.2527', '3.1709'] lr = 0.0000250
2025-10-30 01:35:41,951 - PCN - INFO - [Epoch 141/150][Batch 1301/1311] BatchTime = 0.446 (s) DataTime = 0.001 (s) Losses = ['4.7244', '2.4883'] lr = 0.0000250
2025-10-30 01:35:46,739 - PCN - INFO - [Training] EPOCH: 141 EpochTime = 756.221 (s) Losses = ['4.9665', '2.4672']
2025-10-30 01:35:46,816 - PCN - INFO - Save checkpoint at ./experiments/PCN/ShapeNet55_models/PCN_fog/ckpt-last.pth
2025-10-30 01:35:47,464 - PCN - INFO - [Epoch 142/150][Batch 1/1311] BatchTime = 0.648 (s) DataTime = 0.082 (s) Losses = ['5.4414', '2.5993'] lr = 0.0000250
2025-10-30 01:36:46,212 - PCN - INFO - [Epoch 142/150][Batch 101/1311] BatchTime = 0.537 (s) DataTime = 0.001 (s) Losses = ['4.4736', '2.1745'] lr = 0.0000250
2025-10-30 01:37:41,348 - PCN - INFO - [Epoch 142/150][Batch 201/1311] BatchTime = 0.518 (s) DataTime = 0.001 (s) Losses = ['5.2256', '2.4279'] lr = 0.0000250
2025-10-30 01:38:40,649 - PCN - INFO - [Epoch 142/150][Batch 301/1311] BatchTime = 0.660 (s) DataTime = 0.001 (s) Losses = ['5.7559', '2.7865'] lr = 0.0000250
2025-10-30 01:39:37,514 - PCN - INFO - [Epoch 142/150][Batch 401/1311] BatchTime = 0.568 (s) DataTime = 0.001 (s) Losses = ['4.6650', '2.1513'] lr = 0.0000250
2025-10-30 01:40:35,467 - PCN - INFO - [Epoch 142/150][Batch 501/1311] BatchTime = 0.721 (s) DataTime = 0.001 (s) Losses = ['4.2597', '2.1004'] lr = 0.0000250
2025-10-30 01:41:31,994 - PCN - INFO - [Epoch 142/150][Batch 601/1311] BatchTime = 0.539 (s) DataTime = 0.001 (s) Losses = ['5.3786', '2.5691'] lr = 0.0000250
2025-10-30 01:42:28,537 - PCN - INFO - [Epoch 142/150][Batch 701/1311] BatchTime = 0.921 (s) DataTime = 0.001 (s) Losses = ['5.8233', '3.0125'] lr = 0.0000250
2025-10-30 01:43:26,917 - PCN - INFO - [Epoch 142/150][Batch 801/1311] BatchTime = 0.406 (s) DataTime = 0.001 (s) Losses = ['5.5594', '2.7285'] lr = 0.0000250
2025-10-30 01:44:23,766 - PCN - INFO - [Epoch 142/150][Batch 901/1311] BatchTime = 1.095 (s) DataTime = 0.001 (s) Losses = ['3.9768', '1.9508'] lr = 0.0000250
2025-10-30 01:45:21,751 - PCN - INFO - [Epoch 142/150][Batch 1001/1311] BatchTime = 0.447 (s) DataTime = 0.001 (s) Losses = ['4.0874', '2.0782'] lr = 0.0000250
2025-10-30 01:46:21,404 - PCN - INFO - [Epoch 142/150][Batch 1101/1311] BatchTime = 0.717 (s) DataTime = 0.001 (s) Losses = ['4.6232', '2.2360'] lr = 0.0000250
2025-10-30 01:47:17,940 - PCN - INFO - [Epoch 142/150][Batch 1201/1311] BatchTime = 0.504 (s) DataTime = 0.001 (s) Losses = ['4.4830', '2.1582'] lr = 0.0000250
2025-10-30 01:48:15,293 - PCN - INFO - [Epoch 142/150][Batch 1301/1311] BatchTime = 0.813 (s) DataTime = 0.001 (s) Losses = ['4.5527', '2.3297'] lr = 0.0000250
2025-10-30 01:48:21,149 - PCN - INFO - [Training] EPOCH: 142 EpochTime = 754.333 (s) Losses = ['4.9864', '2.4768']
2025-10-30 01:48:21,227 - PCN - INFO - Save checkpoint at ./experiments/PCN/ShapeNet55_models/PCN_fog/ckpt-last.pth
2025-10-30 01:48:21,980 - PCN - INFO - [Epoch 143/150][Batch 1/1311] BatchTime = 0.753 (s) DataTime = 0.081 (s) Losses = ['4.7046', '2.3682'] lr = 0.0000250
2025-10-30 01:49:20,278 - PCN - INFO - [Epoch 143/150][Batch 101/1311] BatchTime = 0.910 (s) DataTime = 0.001 (s) Losses = ['4.1768', '2.1006'] lr = 0.0000250
2025-10-30 01:50:18,575 - PCN - INFO - [Epoch 143/150][Batch 201/1311] BatchTime = 0.536 (s) DataTime = 0.001 (s) Losses = ['5.0377', '2.5749'] lr = 0.0000250
2025-10-30 01:51:18,135 - PCN - INFO - [Epoch 143/150][Batch 301/1311] BatchTime = 0.884 (s) DataTime = 0.001 (s) Losses = ['5.2411', '2.6626'] lr = 0.0000250
2025-10-30 01:52:16,137 - PCN - INFO - [Epoch 143/150][Batch 401/1311] BatchTime = 0.396 (s) DataTime = 0.001 (s) Losses = ['5.0785', '2.5646'] lr = 0.0000250
2025-10-30 01:53:12,861 - PCN - INFO - [Epoch 143/150][Batch 501/1311] BatchTime = 0.991 (s) DataTime = 0.001 (s) Losses = ['4.7835', '2.3825'] lr = 0.0000250
2025-10-30 01:54:11,974 - PCN - INFO - [Epoch 143/150][Batch 601/1311] BatchTime = 0.382 (s) DataTime = 0.001 (s) Losses = ['5.6148', '2.6383'] lr = 0.0000250
2025-10-30 01:55:09,589 - PCN - INFO - [Epoch 143/150][Batch 701/1311] BatchTime = 0.838 (s) DataTime = 0.001 (s) Losses = ['5.2659', '2.6661'] lr = 0.0000250
2025-10-30 01:56:10,576 - PCN - INFO - [Epoch 143/150][Batch 801/1311] BatchTime = 0.499 (s) DataTime = 0.001 (s) Losses = ['4.3562', '2.1282'] lr = 0.0000250
2025-10-30 01:57:06,263 - PCN - INFO - [Epoch 143/150][Batch 901/1311] BatchTime = 0.451 (s) DataTime = 0.001 (s) Losses = ['4.8461', '2.4068'] lr = 0.0000250
2025-10-30 01:58:04,453 - PCN - INFO - [Epoch 143/150][Batch 1001/1311] BatchTime = 0.680 (s) DataTime = 0.001 (s) Losses = ['5.0620', '2.5331'] lr = 0.0000250
2025-10-30 01:59:04,702 - PCN - INFO - [Epoch 143/150][Batch 1101/1311] BatchTime = 0.892 (s) DataTime = 0.001 (s) Losses = ['5.6138', '2.8128'] lr = 0.0000250
2025-10-30 02:00:03,021 - PCN - INFO - [Epoch 143/150][Batch 1201/1311] BatchTime = 0.707 (s) DataTime = 0.001 (s) Losses = ['4.9900', '2.4050'] lr = 0.0000250
2025-10-30 02:00:59,231 - PCN - INFO - [Epoch 143/150][Batch 1301/1311] BatchTime = 0.555 (s) DataTime = 0.001 (s) Losses = ['4.7444', '2.2428'] lr = 0.0000250
2025-10-30 02:01:05,859 - PCN - INFO - [Training] EPOCH: 143 EpochTime = 764.631 (s) Losses = ['4.9591', '2.4594']
2025-10-30 02:01:05,935 - PCN - INFO - Save checkpoint at ./experiments/PCN/ShapeNet55_models/PCN_fog/ckpt-last.pth
2025-10-30 02:01:06,564 - PCN - INFO - [Epoch 144/150][Batch 1/1311] BatchTime = 0.629 (s) DataTime = 0.081 (s) Losses = ['6.0860', '3.0107'] lr = 0.0000250
2025-10-30 02:02:01,549 - PCN - INFO - [Epoch 144/150][Batch 101/1311] BatchTime = 0.617 (s) DataTime = 0.001 (s) Losses = ['5.2285', '2.6013'] lr = 0.0000250
2025-10-30 02:02:58,765 - PCN - INFO - [Epoch 144/150][Batch 201/1311] BatchTime = 0.561 (s) DataTime = 0.001 (s) Losses = ['6.2716', '2.9951'] lr = 0.0000250
2025-10-30 02:03:54,372 - PCN - INFO - [Epoch 144/150][Batch 301/1311] BatchTime = 0.725 (s) DataTime = 0.001 (s) Losses = ['4.7610', '2.3050'] lr = 0.0000250
2025-10-30 02:04:50,485 - PCN - INFO - [Epoch 144/150][Batch 401/1311] BatchTime = 0.580 (s) DataTime = 0.001 (s) Losses = ['4.6395', '2.2409'] lr = 0.0000250
2025-10-30 02:05:50,416 - PCN - INFO - [Epoch 144/150][Batch 501/1311] BatchTime = 0.260 (s) DataTime = 0.001 (s) Losses = ['4.9054', '2.1565'] lr = 0.0000250
2025-10-30 02:06:50,802 - PCN - INFO - [Epoch 144/150][Batch 601/1311] BatchTime = 0.727 (s) DataTime = 0.001 (s) Losses = ['5.3169', '2.7957'] lr = 0.0000250
2025-10-30 02:07:46,534 - PCN - INFO - [Epoch 144/150][Batch 701/1311] BatchTime = 0.659 (s) DataTime = 0.001 (s) Losses = ['4.8136', '2.5810'] lr = 0.0000250
2025-10-30 02:08:44,858 - PCN - INFO - [Epoch 144/150][Batch 801/1311] BatchTime = 0.544 (s) DataTime = 0.001 (s) Losses = ['7.0273', '3.6843'] lr = 0.0000250
2025-10-30 02:09:40,540 - PCN - INFO - [Epoch 144/150][Batch 901/1311] BatchTime = 0.247 (s) DataTime = 0.001 (s) Losses = ['5.1422', '2.4101'] lr = 0.0000250
2025-10-30 02:10:38,794 - PCN - INFO - [Epoch 144/150][Batch 1001/1311] BatchTime = 0.515 (s) DataTime = 0.001 (s) Losses = ['5.9510', '3.2441'] lr = 0.0000250
2025-10-30 02:11:39,205 - PCN - INFO - [Epoch 144/150][Batch 1101/1311] BatchTime = 0.521 (s) DataTime = 0.001 (s) Losses = ['5.4520', '2.5596'] lr = 0.0000250
2025-10-30 02:12:39,059 - PCN - INFO - [Epoch 144/150][Batch 1201/1311] BatchTime = 0.479 (s) DataTime = 0.001 (s) Losses = ['5.3021', '2.6401'] lr = 0.0000250
2025-10-30 02:13:36,958 - PCN - INFO - [Epoch 144/150][Batch 1301/1311] BatchTime = 0.430 (s) DataTime = 0.001 (s) Losses = ['4.2587', '2.2055'] lr = 0.0000250
2025-10-30 02:13:42,815 - PCN - INFO - [Training] EPOCH: 144 EpochTime = 756.880 (s) Losses = ['4.9741', '2.4685']
2025-10-30 02:13:42,906 - PCN - INFO - Save checkpoint at ./experiments/PCN/ShapeNet55_models/PCN_fog/ckpt-last.pth
2025-10-30 02:13:43,620 - PCN - INFO - [Epoch 145/150][Batch 1/1311] BatchTime = 0.714 (s) DataTime = 0.082 (s) Losses = ['5.1035', '2.6612'] lr = 0.0000250
2025-10-30 02:14:40,956 - PCN - INFO - [Epoch 145/150][Batch 101/1311] BatchTime = 0.488 (s) DataTime = 0.001 (s) Losses = ['6.2738', '3.1101'] lr = 0.0000250
2025-10-30 02:15:37,716 - PCN - INFO - [Epoch 145/150][Batch 201/1311] BatchTime = 0.765 (s) DataTime = 0.001 (s) Losses = ['4.1506', '2.0144'] lr = 0.0000250
2025-10-30 02:16:36,084 - PCN - INFO - [Epoch 145/150][Batch 301/1311] BatchTime = 0.783 (s) DataTime = 0.001 (s) Losses = ['4.9216', '2.4223'] lr = 0.0000250
2025-10-30 02:17:38,005 - PCN - INFO - [Epoch 145/150][Batch 401/1311] BatchTime = 0.384 (s) DataTime = 0.001 (s) Losses = ['4.4341', '2.2804'] lr = 0.0000250
2025-10-30 02:18:37,872 - PCN - INFO - [Epoch 145/150][Batch 501/1311] BatchTime = 0.519 (s) DataTime = 0.001 (s) Losses = ['5.1785', '2.6552'] lr = 0.0000250
2025-10-30 02:19:35,199 - PCN - INFO - [Epoch 145/150][Batch 601/1311] BatchTime = 1.042 (s) DataTime = 0.001 (s) Losses = ['3.5598', '1.7043'] lr = 0.0000250
2025-10-30 02:20:32,379 - PCN - INFO - [Epoch 145/150][Batch 701/1311] BatchTime = 0.363 (s) DataTime = 0.001 (s) Losses = ['4.2111', '1.9624'] lr = 0.0000250
2025-10-30 02:21:32,618 - PCN - INFO - [Epoch 145/150][Batch 801/1311] BatchTime = 0.361 (s) DataTime = 0.001 (s) Losses = ['5.0854', '2.3437'] lr = 0.0000250
2025-10-30 02:22:29,136 - PCN - INFO - [Epoch 145/150][Batch 901/1311] BatchTime = 0.673 (s) DataTime = 0.001 (s) Losses = ['4.3339', '2.1982'] lr = 0.0000250
2025-10-30 02:23:26,635 - PCN - INFO - [Epoch 145/150][Batch 1001/1311] BatchTime = 0.536 (s) DataTime = 0.001 (s) Losses = ['5.2372', '2.6071'] lr = 0.0000250
2025-10-30 02:24:24,552 - PCN - INFO - [Epoch 145/150][Batch 1101/1311] BatchTime = 0.519 (s) DataTime = 0.001 (s) Losses = ['5.2388', '2.6667'] lr = 0.0000250
2025-10-30 02:25:22,785 - PCN - INFO - [Epoch 145/150][Batch 1201/1311] BatchTime = 0.550 (s) DataTime = 0.001 (s) Losses = ['4.7448', '2.4126'] lr = 0.0000250
2025-10-30 02:26:20,307 - PCN - INFO - [Epoch 145/150][Batch 1301/1311] BatchTime = 0.643 (s) DataTime = 0.001 (s) Losses = ['4.9936', '2.4769'] lr = 0.0000250
2025-10-30 02:26:25,248 - PCN - INFO - [Training] EPOCH: 145 EpochTime = 762.342 (s) Losses = ['4.9428', '2.4500']
2025-10-30 02:26:25,248 - PCN - INFO - [VALIDATION] Start validating epoch 145
2025-10-30 02:27:01,875 - PCN - INFO - Test[1051/10518] Taxonomy = 02691156 Sample = c7749c0a8b61f43bc9b9e28055202e3d Losses = ['31.6956', '2.9445', '21.5493', '1.5857'] Metrics = ['0.2180', '21.5493', '1.5857', '0.0000']
2025-10-30 02:27:35,117 - PCN - INFO - Test[2102/10518] Taxonomy = 03211117 Sample = ab2f9418c111cc6ddb965514105122a4 Losses = ['38.0483', '3.3889', '26.8446', '1.8728'] Metrics = ['0.0617', '26.8446', '1.8728', '0.0000']
2025-10-30 02:28:05,538 - PCN - INFO - Test[3153/10518] Taxonomy = 02876657 Sample = c5032e4be091aabb36fe7a88df793982 Losses = ['63.9766', '12.0163', '48.8419', '7.3798'] Metrics = ['0.0425', '48.8419', '7.3798', '0.0000']
2025-10-30 02:28:38,245 - PCN - INFO - Test[4204/10518] Taxonomy = 03211117 Sample = 722df1da5778d45b1e43523279c7f09f Losses = ['51.1274', '7.0269', '36.4161', '4.2642'] Metrics = ['0.0780', '36.4161', '4.2642', '0.0000']
2025-10-30 02:29:12,286 - PCN - INFO - Test[5255/10518] Taxonomy = 02828884 Sample = 14b63361a48a9fffe4a048c146e8bd43 Losses = ['39.1942', '3.9951', '28.0294', '2.3450'] Metrics = ['0.1065', '28.0294', '2.3450', '0.0000']
2025-10-30 02:29:41,847 - PCN - INFO - Test[6306/10518] Taxonomy = 03211117 Sample = d330d50a0255529d19ed6e1a590c9122 Losses = ['30.7388', '2.6087', '21.0749', '1.2496'] Metrics = ['0.1490', '21.0749', '1.2496', '0.0000']
2025-10-30 02:30:11,676 - PCN - INFO - Test[7357/10518] Taxonomy = 04379243 Sample = b1ca280d9567270ade98d10ab5975b59 Losses = ['41.8049', '5.7329', '24.8217', '2.3781'] Metrics = ['0.1097', '24.8217', '2.3781', '0.0000']
2025-10-30 02:30:43,756 - PCN - INFO - Test[8408/10518] Taxonomy = 03001627 Sample = 89208a619341d9fdb8c516ed5c4ce32 Losses = ['43.1114', '4.9653', '26.8174', '2.0184'] Metrics = ['0.0782', '26.8174', '2.0184', '0.0000']
2025-10-30 02:31:14,093 - PCN - INFO - Test[9459/10518] Taxonomy = 03001627 Sample = d0255120e3351121c3bd24f986301745 Losses = ['50.6241', '6.9961', '34.3210', '3.4694'] Metrics = ['0.0532', '34.3210', '3.4694', '0.0000']
2025-10-30 02:31:45,071 - PCN - INFO - Test[10510/10518] Taxonomy = 03636649 Sample = ea9ec4d9db2e06202471e6dd5ac3ef92 Losses = ['23.7273', '1.8037', '16.5129', '1.0473'] Metrics = ['0.3859', '16.5129', '1.0473', '0.0000']
2025-10-30 02:31:45,434 - PCN - INFO - [Validation] EPOCH: 145  Metrics = ['0.1369', '28.1950', '2.9131', '0.0000']
2025-10-30 02:31:45,434 - PCN - INFO - ============================ TEST RESULTS ============================
2025-10-30 02:31:45,434 - PCN - INFO - Taxonomy	#Sample	F-Score	CDL1	CDL2	EMDistance	#ModelName	
2025-10-30 02:31:45,434 - PCN - INFO - 03759954	14	0.183 	30.620 	4.319 	0.000 	microphone	
2025-10-30 02:31:45,434 - PCN - INFO - 04330267	44	0.081 	30.769 	3.092 	0.000 	stove	
2025-10-30 02:31:45,434 - PCN - INFO - 03261776	15	0.106 	38.557 	8.395 	0.000 	earphone	
2025-10-30 02:31:45,434 - PCN - INFO - 03513137	33	0.047 	41.817 	6.228 	0.000 	helmet	
2025-10-30 02:31:45,434 - PCN - INFO - 04460130	27	0.173 	25.537 	2.276 	0.000 	tower	
2025-10-30 02:31:45,434 - PCN - INFO - 04468005	78	0.158 	23.376 	1.796 	0.000 	train	
2025-10-30 02:31:45,434 - PCN - INFO - 03761084	31	0.055 	30.953 	2.891 	0.000 	microwaves	
2025-10-30 02:31:45,434 - PCN - INFO - 04004475	34	0.053 	38.096 	4.950 	0.000 	printer	
2025-10-30 02:31:45,434 - PCN - INFO - 03938244	20	0.059 	35.968 	4.041 	0.000 	pillow	
2025-10-30 02:31:45,434 - PCN - INFO - 02992529	167	0.166 	19.485 	1.087 	0.000 	cellphone	
2025-10-30 02:31:45,434 - PCN - INFO - 02808440	172	0.085 	30.462 	3.139 	0.000 	bathtub	
2025-10-30 02:31:45,434 - PCN - INFO - 04530566	388	0.197 	22.035 	1.676 	0.000 	watercraft	
2025-10-30 02:31:45,435 - PCN - INFO - 02871439	91	0.084 	31.468 	3.344 	0.000 	bookshelf	
2025-10-30 02:31:45,435 - PCN - INFO - 03593526	120	0.076 	33.935 	3.991 	0.000 	jar	
2025-10-30 02:31:45,435 - PCN - INFO - 04554684	34	0.052 	32.764 	3.282 	0.000 	washer	
2025-10-30 02:31:45,435 - PCN - INFO - 03467517	160	0.520 	12.347 	0.508 	0.000 	guitar	
2025-10-30 02:31:45,435 - PCN - INFO - 04401088	218	0.173 	19.264 	1.119 	0.000 	telephone	
2025-10-30 02:31:45,435 - PCN - INFO - 02954340	12	0.061 	35.476 	3.952 	0.000 	cap	
2025-10-30 02:31:45,435 - PCN - INFO - 02933112	315	0.084 	27.273 	2.227 	0.000 	cabinet	
2025-10-30 02:31:45,435 - PCN - INFO - 03642806	92	0.145 	20.606 	1.256 	0.000 	laptop	
2025-10-30 02:31:45,435 - PCN - INFO - 02924116	188	0.151 	22.187 	1.509 	0.000 	bus	
2025-10-30 02:31:45,435 - PCN - INFO - 02946921	22	0.064 	31.495 	3.183 	0.000 	can	
2025-10-30 02:31:45,435 - PCN - INFO - 02818832	47	0.070 	35.027 	4.258 	0.000 	bed	
2025-10-30 02:31:45,435 - PCN - INFO - 04256520	635	0.075 	28.928 	2.477 	0.000 	sofa	
2025-10-30 02:31:45,435 - PCN - INFO - 04379243	1687	0.157 	25.011 	2.397 	0.000 	table	
2025-10-30 02:31:45,435 - PCN - INFO - 02747177	69	0.056 	31.780 	3.206 	0.000 	trash bin	
2025-10-30 02:31:45,435 - PCN - INFO - 03046257	131	0.092 	29.786 	2.983 	0.000 	clock	
2025-10-30 02:31:45,435 - PCN - INFO - 04225987	31	0.256 	19.368 	1.330 	0.000 	skateboard	
2025-10-30 02:31:45,435 - PCN - INFO - 03797390	43	0.050 	31.958 	3.240 	0.000 	mug	
2025-10-30 02:31:45,435 - PCN - INFO - 03001627	1356	0.112 	27.996 	2.631 	0.000 	chair	
2025-10-30 02:31:45,435 - PCN - INFO - 03691459	320	0.068 	32.679 	3.516 	0.000 	loudspeaker	
2025-10-30 02:31:45,435 - PCN - INFO - 02942699	23	0.050 	43.510 	6.593 	0.000 	camera	
2025-10-30 02:31:45,435 - PCN - INFO - 03636649	464	0.174 	31.314 	4.294 	0.000 	lamp	
2025-10-30 02:31:45,435 - PCN - INFO - 02691156	809	0.294 	18.117 	1.176 	0.000 	airplane	
2025-10-30 02:31:45,435 - PCN - INFO - 02773838	17	0.077 	34.643 	4.093 	0.000 	bag	
2025-10-30 02:31:45,435 - PCN - INFO - 02958343	703	0.094 	25.393 	1.861 	0.000 	car	
2025-10-30 02:31:45,435 - PCN - INFO - 02880940	38	0.056 	32.387 	3.323 	0.000 	bowl	
2025-10-30 02:31:45,435 - PCN - INFO - 04099429	17	0.303 	19.988 	1.690 	0.000 	rocket	
2025-10-30 02:31:45,435 - PCN - INFO - 02828884	363	0.184 	23.227 	1.988 	0.000 	bench	
2025-10-30 02:31:45,435 - PCN - INFO - 04090263	475	0.435 	14.737 	0.823 	0.000 	rifle	
2025-10-30 02:31:45,435 - PCN - INFO - 03211117	219	0.101 	26.862 	2.352 	0.000 	display	
2025-10-30 02:31:45,435 - PCN - INFO - 02876657	100	0.167 	22.658 	1.747 	0.000 	bottle	
2025-10-30 02:31:45,435 - PCN - INFO - 03710193	19	0.152 	27.013 	2.392 	0.000 	mailbox	
2025-10-30 02:31:45,435 - PCN - INFO - 03790512	68	0.113 	26.135 	2.185 	0.000 	motorbike	
2025-10-30 02:31:45,435 - PCN - INFO - 03325088	149	0.142 	31.493 	4.157 	0.000 	faucet	
2025-10-30 02:31:45,435 - PCN - INFO - 02801938	23	0.058 	33.418 	3.680 	0.000 	basket	
2025-10-30 02:31:45,435 - PCN - INFO - 03337140	60	0.083 	28.662 	2.628 	0.000 	file cabinet	
2025-10-30 02:31:45,435 - PCN - INFO - 02843684	15	0.059 	39.406 	5.060 	0.000 	birdhouse	
2025-10-30 02:31:45,435 - PCN - INFO - 03624134	85	0.483 	13.603 	0.692 	0.000 	knife	
2025-10-30 02:31:45,435 - PCN - INFO - 03991062	121	0.062 	36.871 	4.680 	0.000 	flowerpot	
2025-10-30 02:31:45,435 - PCN - INFO - 03948459	62	0.231 	19.583 	1.222 	0.000 	pistol	
2025-10-30 02:31:45,435 - PCN - INFO - 03928116	48	0.070 	33.540 	3.731 	0.000 	piano	
2025-10-30 02:31:45,435 - PCN - INFO - 03207941	19	0.059 	30.357 	2.871 	0.000 	dishwasher	
2025-10-30 02:31:45,435 - PCN - INFO - 04074963	14	0.155 	21.777 	1.428 	0.000 	remote	
2025-10-30 02:31:45,435 - PCN - INFO - 03085013	13	0.220 	19.005 	1.257 	0.000 	keyboard	
2025-10-30 02:31:45,435 - PCN - INFO - Overall		0.137 	28.195 	2.913 	0.000 	
2025-10-30 02:31:45,517 - PCN - INFO - Save checkpoint at ./experiments/PCN/ShapeNet55_models/PCN_fog/ckpt-last.pth
2025-10-30 02:31:46,363 - PCN - INFO - [Epoch 146/150][Batch 1/1311] BatchTime = 0.846 (s) DataTime = 0.092 (s) Losses = ['4.9632', '2.2114'] lr = 0.0000250
2025-10-30 02:32:42,458 - PCN - INFO - [Epoch 146/150][Batch 101/1311] BatchTime = 0.384 (s) DataTime = 0.001 (s) Losses = ['4.8745', '2.3568'] lr = 0.0000250
2025-10-30 02:33:40,366 - PCN - INFO - [Epoch 146/150][Batch 201/1311] BatchTime = 0.457 (s) DataTime = 0.001 (s) Losses = ['6.1934', '3.1431'] lr = 0.0000250
2025-10-30 02:34:42,072 - PCN - INFO - [Epoch 146/150][Batch 301/1311] BatchTime = 0.518 (s) DataTime = 0.001 (s) Losses = ['5.0633', '2.4841'] lr = 0.0000250
2025-10-30 02:35:42,618 - PCN - INFO - [Epoch 146/150][Batch 401/1311] BatchTime = 0.906 (s) DataTime = 0.001 (s) Losses = ['5.5807', '2.7573'] lr = 0.0000250
2025-10-30 02:36:43,612 - PCN - INFO - [Epoch 146/150][Batch 501/1311] BatchTime = 0.785 (s) DataTime = 0.001 (s) Losses = ['5.0080', '2.2533'] lr = 0.0000250
2025-10-30 02:37:42,102 - PCN - INFO - [Epoch 146/150][Batch 601/1311] BatchTime = 0.648 (s) DataTime = 0.001 (s) Losses = ['4.7376', '2.4265'] lr = 0.0000250
2025-10-30 02:38:38,533 - PCN - INFO - [Epoch 146/150][Batch 701/1311] BatchTime = 0.606 (s) DataTime = 0.001 (s) Losses = ['5.8057', '2.7772'] lr = 0.0000250
2025-10-30 02:39:37,284 - PCN - INFO - [Epoch 146/150][Batch 801/1311] BatchTime = 0.347 (s) DataTime = 0.001 (s) Losses = ['4.5676', '2.3158'] lr = 0.0000250
2025-10-30 02:40:36,548 - PCN - INFO - [Epoch 146/150][Batch 901/1311] BatchTime = 0.419 (s) DataTime = 0.001 (s) Losses = ['4.7033', '2.3483'] lr = 0.0000250
2025-10-30 02:41:38,190 - PCN - INFO - [Epoch 146/150][Batch 1001/1311] BatchTime = 0.450 (s) DataTime = 0.001 (s) Losses = ['5.0154', '2.6213'] lr = 0.0000250
2025-10-30 02:42:35,882 - PCN - INFO - [Epoch 146/150][Batch 1101/1311] BatchTime = 0.431 (s) DataTime = 0.001 (s) Losses = ['4.0795', '1.9379'] lr = 0.0000250
2025-10-30 02:43:30,394 - PCN - INFO - [Epoch 146/150][Batch 1201/1311] BatchTime = 0.500 (s) DataTime = 0.001 (s) Losses = ['6.3247', '3.3587'] lr = 0.0000250
2025-10-30 02:44:29,303 - PCN - INFO - [Epoch 146/150][Batch 1301/1311] BatchTime = 0.372 (s) DataTime = 0.001 (s) Losses = ['4.8385', '2.3975'] lr = 0.0000250
2025-10-30 02:44:34,859 - PCN - INFO - [Training] EPOCH: 146 EpochTime = 769.342 (s) Losses = ['4.9500', '2.4588']
2025-10-30 02:44:34,931 - PCN - INFO - Save checkpoint at ./experiments/PCN/ShapeNet55_models/PCN_fog/ckpt-last.pth
2025-10-30 02:44:35,443 - PCN - INFO - [Epoch 147/150][Batch 1/1311] BatchTime = 0.512 (s) DataTime = 0.082 (s) Losses = ['5.2789', '2.5878'] lr = 0.0000250
2025-10-30 02:45:33,232 - PCN - INFO - [Epoch 147/150][Batch 101/1311] BatchTime = 0.732 (s) DataTime = 0.001 (s) Losses = ['4.7647', '2.4296'] lr = 0.0000250
2025-10-30 02:46:31,517 - PCN - INFO - [Epoch 147/150][Batch 201/1311] BatchTime = 0.547 (s) DataTime = 0.001 (s) Losses = ['4.6784', '2.3148'] lr = 0.0000250
2025-10-30 02:47:28,010 - PCN - INFO - [Epoch 147/150][Batch 301/1311] BatchTime = 0.624 (s) DataTime = 0.001 (s) Losses = ['4.5478', '2.3476'] lr = 0.0000250
2025-10-30 02:48:25,147 - PCN - INFO - [Epoch 147/150][Batch 401/1311] BatchTime = 0.505 (s) DataTime = 0.001 (s) Losses = ['5.6137', '2.9632'] lr = 0.0000250
2025-10-30 02:49:24,994 - PCN - INFO - [Epoch 147/150][Batch 501/1311] BatchTime = 0.512 (s) DataTime = 0.001 (s) Losses = ['5.4680', '2.5609'] lr = 0.0000250
2025-10-30 02:50:24,662 - PCN - INFO - [Epoch 147/150][Batch 601/1311] BatchTime = 0.589 (s) DataTime = 0.001 (s) Losses = ['5.2846', '2.4693'] lr = 0.0000250
2025-10-30 02:51:22,974 - PCN - INFO - [Epoch 147/150][Batch 701/1311] BatchTime = 0.663 (s) DataTime = 0.001 (s) Losses = ['4.2568', '2.0337'] lr = 0.0000250
2025-10-30 02:52:23,224 - PCN - INFO - [Epoch 147/150][Batch 801/1311] BatchTime = 0.343 (s) DataTime = 0.001 (s) Losses = ['6.2406', '3.0705'] lr = 0.0000250
2025-10-30 02:53:23,875 - PCN - INFO - [Epoch 147/150][Batch 901/1311] BatchTime = 0.450 (s) DataTime = 0.001 (s) Losses = ['4.7049', '2.3195'] lr = 0.0000250
2025-10-30 02:54:23,102 - PCN - INFO - [Epoch 147/150][Batch 1001/1311] BatchTime = 0.610 (s) DataTime = 0.001 (s) Losses = ['5.3948', '2.7966'] lr = 0.0000250
2025-10-30 02:55:20,238 - PCN - INFO - [Epoch 147/150][Batch 1101/1311] BatchTime = 0.594 (s) DataTime = 0.001 (s) Losses = ['6.0841', '3.3735'] lr = 0.0000250
2025-10-30 02:56:16,436 - PCN - INFO - [Epoch 147/150][Batch 1201/1311] BatchTime = 0.266 (s) DataTime = 0.001 (s) Losses = ['4.6334', '2.2496'] lr = 0.0000250
2025-10-30 02:57:15,219 - PCN - INFO - [Epoch 147/150][Batch 1301/1311] BatchTime = 0.391 (s) DataTime = 0.001 (s) Losses = ['4.7329', '2.1812'] lr = 0.0000250
2025-10-30 02:57:20,107 - PCN - INFO - [Training] EPOCH: 147 EpochTime = 765.175 (s) Losses = ['4.9595', '2.4650']
2025-10-30 02:57:20,182 - PCN - INFO - Save checkpoint at ./experiments/PCN/ShapeNet55_models/PCN_fog/ckpt-last.pth
2025-10-30 02:57:21,003 - PCN - INFO - [Epoch 148/150][Batch 1/1311] BatchTime = 0.821 (s) DataTime = 0.082 (s) Losses = ['5.2165', '2.6342'] lr = 0.0000250
2025-10-30 02:58:19,407 - PCN - INFO - [Epoch 148/150][Batch 101/1311] BatchTime = 0.651 (s) DataTime = 0.001 (s) Losses = ['4.5283', '2.0550'] lr = 0.0000250
2025-10-30 02:59:22,836 - PCN - INFO - [Epoch 148/150][Batch 201/1311] BatchTime = 0.874 (s) DataTime = 0.001 (s) Losses = ['4.8087', '2.4414'] lr = 0.0000250
2025-10-30 03:00:20,993 - PCN - INFO - [Epoch 148/150][Batch 301/1311] BatchTime = 0.757 (s) DataTime = 0.001 (s) Losses = ['4.7182', '2.2098'] lr = 0.0000250
2025-10-30 03:01:16,987 - PCN - INFO - [Epoch 148/150][Batch 401/1311] BatchTime = 0.346 (s) DataTime = 0.001 (s) Losses = ['4.6976', '2.4821'] lr = 0.0000250
2025-10-30 03:02:16,471 - PCN - INFO - [Epoch 148/150][Batch 501/1311] BatchTime = 0.391 (s) DataTime = 0.001 (s) Losses = ['6.5868', '3.0711'] lr = 0.0000250
2025-10-30 03:03:16,618 - PCN - INFO - [Epoch 148/150][Batch 601/1311] BatchTime = 0.876 (s) DataTime = 0.001 (s) Losses = ['5.3532', '2.7944'] lr = 0.0000250
2025-10-30 03:04:15,624 - PCN - INFO - [Epoch 148/150][Batch 701/1311] BatchTime = 0.542 (s) DataTime = 0.001 (s) Losses = ['4.3363', '2.1970'] lr = 0.0000250
2025-10-30 03:05:12,248 - PCN - INFO - [Epoch 148/150][Batch 801/1311] BatchTime = 0.531 (s) DataTime = 0.001 (s) Losses = ['4.1082', '1.9565'] lr = 0.0000250
2025-10-30 03:06:10,504 - PCN - INFO - [Epoch 148/150][Batch 901/1311] BatchTime = 0.553 (s) DataTime = 0.001 (s) Losses = ['4.9752', '2.2974'] lr = 0.0000250
2025-10-30 03:07:07,043 - PCN - INFO - [Epoch 148/150][Batch 1001/1311] BatchTime = 0.544 (s) DataTime = 0.001 (s) Losses = ['5.1232', '2.4705'] lr = 0.0000250
2025-10-30 03:08:03,612 - PCN - INFO - [Epoch 148/150][Batch 1101/1311] BatchTime = 0.715 (s) DataTime = 0.001 (s) Losses = ['4.3883', '2.2438'] lr = 0.0000250
2025-10-30 03:08:59,505 - PCN - INFO - [Epoch 148/150][Batch 1201/1311] BatchTime = 0.410 (s) DataTime = 0.001 (s) Losses = ['5.3833', '2.7273'] lr = 0.0000250
2025-10-30 03:09:58,054 - PCN - INFO - [Epoch 148/150][Batch 1301/1311] BatchTime = 0.714 (s) DataTime = 0.001 (s) Losses = ['4.5506', '2.2151'] lr = 0.0000250
2025-10-30 03:10:04,266 - PCN - INFO - [Training] EPOCH: 148 EpochTime = 764.084 (s) Losses = ['4.9767', '2.4681']
2025-10-30 03:10:04,342 - PCN - INFO - Save checkpoint at ./experiments/PCN/ShapeNet55_models/PCN_fog/ckpt-last.pth
2025-10-30 03:10:05,272 - PCN - INFO - [Epoch 149/150][Batch 1/1311] BatchTime = 0.930 (s) DataTime = 0.081 (s) Losses = ['5.0704', '2.5209'] lr = 0.0000250
2025-10-30 03:11:04,710 - PCN - INFO - [Epoch 149/150][Batch 101/1311] BatchTime = 0.986 (s) DataTime = 0.001 (s) Losses = ['5.4594', '2.7408'] lr = 0.0000250
2025-10-30 03:12:04,102 - PCN - INFO - [Epoch 149/150][Batch 201/1311] BatchTime = 0.455 (s) DataTime = 0.001 (s) Losses = ['5.8415', '2.8205'] lr = 0.0000250
2025-10-30 03:13:03,409 - PCN - INFO - [Epoch 149/150][Batch 301/1311] BatchTime = 0.325 (s) DataTime = 0.001 (s) Losses = ['5.2649', '2.6276'] lr = 0.0000250
2025-10-30 03:14:00,172 - PCN - INFO - [Epoch 149/150][Batch 401/1311] BatchTime = 0.734 (s) DataTime = 0.001 (s) Losses = ['4.4269', '2.1347'] lr = 0.0000250
2025-10-30 03:14:58,653 - PCN - INFO - [Epoch 149/150][Batch 501/1311] BatchTime = 0.678 (s) DataTime = 0.001 (s) Losses = ['4.3900', '2.2801'] lr = 0.0000250
2025-10-30 03:15:54,617 - PCN - INFO - [Epoch 149/150][Batch 601/1311] BatchTime = 0.930 (s) DataTime = 0.001 (s) Losses = ['5.1182', '2.4427'] lr = 0.0000250
2025-10-30 03:16:53,208 - PCN - INFO - [Epoch 149/150][Batch 701/1311] BatchTime = 0.411 (s) DataTime = 0.001 (s) Losses = ['6.1127', '2.9960'] lr = 0.0000250
2025-10-30 03:17:50,146 - PCN - INFO - [Epoch 149/150][Batch 801/1311] BatchTime = 0.558 (s) DataTime = 0.001 (s) Losses = ['4.4587', '2.2071'] lr = 0.0000250
2025-10-30 03:18:48,045 - PCN - INFO - [Epoch 149/150][Batch 901/1311] BatchTime = 0.362 (s) DataTime = 0.001 (s) Losses = ['5.3004', '2.5261'] lr = 0.0000250
2025-10-30 03:19:46,870 - PCN - INFO - [Epoch 149/150][Batch 1001/1311] BatchTime = 0.578 (s) DataTime = 0.001 (s) Losses = ['5.4471', '2.8196'] lr = 0.0000250
2025-10-30 03:20:44,716 - PCN - INFO - [Epoch 149/150][Batch 1101/1311] BatchTime = 0.500 (s) DataTime = 0.001 (s) Losses = ['4.7829', '2.3875'] lr = 0.0000250
2025-10-30 03:21:43,686 - PCN - INFO - [Epoch 149/150][Batch 1201/1311] BatchTime = 0.448 (s) DataTime = 0.001 (s) Losses = ['3.9172', '1.9100'] lr = 0.0000250
2025-10-30 03:22:39,361 - PCN - INFO - [Epoch 149/150][Batch 1301/1311] BatchTime = 0.457 (s) DataTime = 0.001 (s) Losses = ['5.2648', '2.4838'] lr = 0.0000250
2025-10-30 03:22:45,749 - PCN - INFO - [Training] EPOCH: 149 EpochTime = 761.407 (s) Losses = ['4.9288', '2.4424']
2025-10-30 03:22:45,827 - PCN - INFO - Save checkpoint at ./experiments/PCN/ShapeNet55_models/PCN_fog/ckpt-last.pth
2025-10-30 03:22:45,879 - PCN - INFO - Save checkpoint at ./experiments/PCN/ShapeNet55_models/PCN_fog/ckpt-epoch-149.pth
2025-10-30 03:22:46,439 - PCN - INFO - [Epoch 150/150][Batch 1/1311] BatchTime = 0.560 (s) DataTime = 0.080 (s) Losses = ['4.3249', '2.2008'] lr = 0.0000125
2025-10-30 03:23:42,743 - PCN - INFO - [Epoch 150/150][Batch 101/1311] BatchTime = 0.518 (s) DataTime = 0.001 (s) Losses = ['4.4484', '2.1170'] lr = 0.0000125
2025-10-30 03:24:41,376 - PCN - INFO - [Epoch 150/150][Batch 201/1311] BatchTime = 0.619 (s) DataTime = 0.001 (s) Losses = ['4.4887', '2.2222'] lr = 0.0000125
2025-10-30 03:25:40,256 - PCN - INFO - [Epoch 150/150][Batch 301/1311] BatchTime = 0.818 (s) DataTime = 0.001 (s) Losses = ['4.5659', '2.1691'] lr = 0.0000125
2025-10-30 03:26:37,514 - PCN - INFO - [Epoch 150/150][Batch 401/1311] BatchTime = 0.990 (s) DataTime = 0.001 (s) Losses = ['4.7507', '2.3313'] lr = 0.0000125
2025-10-30 03:27:34,999 - PCN - INFO - [Epoch 150/150][Batch 501/1311] BatchTime = 0.671 (s) DataTime = 0.001 (s) Losses = ['4.1770', '2.0248'] lr = 0.0000125
2025-10-30 03:28:32,980 - PCN - INFO - [Epoch 150/150][Batch 601/1311] BatchTime = 0.522 (s) DataTime = 0.001 (s) Losses = ['5.2980', '2.5207'] lr = 0.0000125
2025-10-30 03:29:31,206 - PCN - INFO - [Epoch 150/150][Batch 701/1311] BatchTime = 0.423 (s) DataTime = 0.001 (s) Losses = ['4.7972', '2.5502'] lr = 0.0000125
2025-10-30 03:30:30,343 - PCN - INFO - [Epoch 150/150][Batch 801/1311] BatchTime = 0.663 (s) DataTime = 0.001 (s) Losses = ['5.5735', '2.8129'] lr = 0.0000125
2025-10-30 03:31:27,718 - PCN - INFO - [Epoch 150/150][Batch 901/1311] BatchTime = 0.588 (s) DataTime = 0.001 (s) Losses = ['4.4751', '2.2160'] lr = 0.0000125
2025-10-30 03:32:27,892 - PCN - INFO - [Epoch 150/150][Batch 1001/1311] BatchTime = 1.048 (s) DataTime = 0.001 (s) Losses = ['4.1893', '2.0927'] lr = 0.0000125
2025-10-30 03:33:27,301 - PCN - INFO - [Epoch 150/150][Batch 1101/1311] BatchTime = 0.442 (s) DataTime = 0.001 (s) Losses = ['7.0222', '3.7361'] lr = 0.0000125
2025-10-30 03:34:24,591 - PCN - INFO - [Epoch 150/150][Batch 1201/1311] BatchTime = 0.700 (s) DataTime = 0.001 (s) Losses = ['5.5155', '2.7649'] lr = 0.0000125
2025-10-30 03:35:22,111 - PCN - INFO - [Epoch 150/150][Batch 1301/1311] BatchTime = 0.633 (s) DataTime = 0.001 (s) Losses = ['6.2228', '3.0797'] lr = 0.0000125
2025-10-30 03:35:28,397 - PCN - INFO - [Training] EPOCH: 150 EpochTime = 762.518 (s) Losses = ['4.9096', '2.4211']
2025-10-30 03:35:28,397 - PCN - INFO - [VALIDATION] Start validating epoch 150
2025-10-30 03:36:03,305 - PCN - INFO - Test[1051/10518] Taxonomy = 02691156 Sample = c7749c0a8b61f43bc9b9e28055202e3d Losses = ['30.7634', '2.9720', '20.7647', '1.5800'] Metrics = ['0.2646', '20.7647', '1.5800', '0.0000']
2025-10-30 03:36:36,215 - PCN - INFO - Test[2102/10518] Taxonomy = 03211117 Sample = ab2f9418c111cc6ddb965514105122a4 Losses = ['36.6087', '3.1753', '26.2636', '1.7988'] Metrics = ['0.0915', '26.2636', '1.7988', '0.0000']
2025-10-30 03:37:09,624 - PCN - INFO - Test[3153/10518] Taxonomy = 02876657 Sample = c5032e4be091aabb36fe7a88df793982 Losses = ['60.3312', '10.0705', '44.3269', '5.7566'] Metrics = ['0.0410', '44.3269', '5.7566', '0.0000']
2025-10-30 03:37:43,747 - PCN - INFO - Test[4204/10518] Taxonomy = 03211117 Sample = 722df1da5778d45b1e43523279c7f09f Losses = ['52.6674', '7.2161', '37.6896', '4.5505'] Metrics = ['0.0739', '37.6896', '4.5505', '0.0000']
2025-10-30 03:38:18,150 - PCN - INFO - Test[5255/10518] Taxonomy = 02828884 Sample = 14b63361a48a9fffe4a048c146e8bd43 Losses = ['41.4427', '4.3426', '29.9691', '2.6341'] Metrics = ['0.0835', '29.9691', '2.6341', '0.0000']
2025-10-30 03:38:51,420 - PCN - INFO - Test[6306/10518] Taxonomy = 03211117 Sample = d330d50a0255529d19ed6e1a590c9122 Losses = ['30.8968', '2.8401', '20.9050', '1.3390'] Metrics = ['0.1631', '20.9050', '1.3390', '0.0000']
2025-10-30 03:39:24,602 - PCN - INFO - Test[7357/10518] Taxonomy = 04379243 Sample = b1ca280d9567270ade98d10ab5975b59 Losses = ['42.8430', '5.6936', '24.9708', '2.3956'] Metrics = ['0.1065', '24.9708', '2.3956', '0.0000']
2025-10-30 03:39:57,091 - PCN - INFO - Test[8408/10518] Taxonomy = 03001627 Sample = 89208a619341d9fdb8c516ed5c4ce32 Losses = ['43.7675', '4.9958', '28.4564', '2.3041'] Metrics = ['0.0662', '28.4564', '2.3041', '0.0000']
2025-10-30 03:40:30,602 - PCN - INFO - Test[9459/10518] Taxonomy = 03001627 Sample = d0255120e3351121c3bd24f986301745 Losses = ['51.2387', '7.2472', '35.1444', '3.8128'] Metrics = ['0.0563', '35.1444', '3.8128', '0.0000']
2025-10-30 03:41:02,971 - PCN - INFO - Test[10510/10518] Taxonomy = 03636649 Sample = ea9ec4d9db2e06202471e6dd5ac3ef92 Losses = ['28.5920', '2.6060', '18.4384', '1.2143'] Metrics = ['0.3420', '18.4384', '1.2143', '0.0000']
2025-10-30 03:41:03,355 - PCN - INFO - [Validation] EPOCH: 150  Metrics = ['0.1376', '28.1956', '2.8635', '0.0000']
2025-10-30 03:41:03,355 - PCN - INFO - ============================ TEST RESULTS ============================
2025-10-30 03:41:03,355 - PCN - INFO - Taxonomy	#Sample	F-Score	CDL1	CDL2	EMDistance	#ModelName	
2025-10-30 03:41:03,355 - PCN - INFO - 03759954	14	0.174 	32.191 	4.753 	0.000 	microphone	
2025-10-30 03:41:03,355 - PCN - INFO - 04330267	44	0.078 	32.340 	3.509 	0.000 	stove	
2025-10-30 03:41:03,355 - PCN - INFO - 03261776	15	0.107 	33.620 	4.271 	0.000 	earphone	
2025-10-30 03:41:03,355 - PCN - INFO - 03513137	33	0.044 	43.098 	6.505 	0.000 	helmet	
2025-10-30 03:41:03,355 - PCN - INFO - 04460130	27	0.166 	26.248 	2.435 	0.000 	tower	
2025-10-30 03:41:03,355 - PCN - INFO - 04468005	78	0.168 	22.604 	1.668 	0.000 	train	
2025-10-30 03:41:03,355 - PCN - INFO - 03761084	31	0.054 	31.377 	2.980 	0.000 	microwaves	
2025-10-30 03:41:03,355 - PCN - INFO - 04004475	34	0.052 	37.539 	4.618 	0.000 	printer	
2025-10-30 03:41:03,355 - PCN - INFO - 03938244	20	0.067 	33.465 	3.567 	0.000 	pillow	
2025-10-30 03:41:03,355 - PCN - INFO - 02992529	167	0.163 	19.765 	1.102 	0.000 	cellphone	
2025-10-30 03:41:03,355 - PCN - INFO - 02808440	172	0.086 	30.470 	3.148 	0.000 	bathtub	
2025-10-30 03:41:03,355 - PCN - INFO - 04530566	388	0.195 	22.275 	1.696 	0.000 	watercraft	
2025-10-30 03:41:03,355 - PCN - INFO - 02871439	91	0.082 	31.654 	3.373 	0.000 	bookshelf	
2025-10-30 03:41:03,355 - PCN - INFO - 03593526	120	0.077 	33.963 	3.961 	0.000 	jar	
2025-10-30 03:41:03,355 - PCN - INFO - 04554684	34	0.055 	33.159 	3.467 	0.000 	washer	
2025-10-30 03:41:03,355 - PCN - INFO - 03467517	160	0.526 	12.177 	0.494 	0.000 	guitar	
2025-10-30 03:41:03,355 - PCN - INFO - 04401088	218	0.172 	19.542 	1.137 	0.000 	telephone	
2025-10-30 03:41:03,355 - PCN - INFO - 02954340	12	0.060 	33.953 	3.591 	0.000 	cap	
2025-10-30 03:41:03,355 - PCN - INFO - 02933112	315	0.080 	27.586 	2.267 	0.000 	cabinet	
2025-10-30 03:41:03,355 - PCN - INFO - 03642806	92	0.141 	20.407 	1.156 	0.000 	laptop	
2025-10-30 03:41:03,355 - PCN - INFO - 02924116	188	0.145 	22.320 	1.524 	0.000 	bus	
2025-10-30 03:41:03,355 - PCN - INFO - 02946921	22	0.053 	38.067 	5.248 	0.000 	can	
2025-10-30 03:41:03,355 - PCN - INFO - 02818832	47	0.065 	36.248 	4.504 	0.000 	bed	
2025-10-30 03:41:03,355 - PCN - INFO - 04256520	635	0.071 	29.220 	2.527 	0.000 	sofa	
2025-10-30 03:41:03,355 - PCN - INFO - 04379243	1687	0.157 	25.089 	2.410 	0.000 	table	
2025-10-30 03:41:03,355 - PCN - INFO - 02747177	69	0.056 	32.427 	3.462 	0.000 	trash bin	
2025-10-30 03:41:03,355 - PCN - INFO - 03046257	131	0.090 	30.083 	3.090 	0.000 	clock	
2025-10-30 03:41:03,355 - PCN - INFO - 04225987	31	0.255 	18.966 	1.187 	0.000 	skateboard	
2025-10-30 03:41:03,355 - PCN - INFO - 03797390	43	0.048 	33.291 	3.613 	0.000 	mug	
2025-10-30 03:41:03,355 - PCN - INFO - 03001627	1356	0.111 	28.132 	2.645 	0.000 	chair	
2025-10-30 03:41:03,355 - PCN - INFO - 03691459	320	0.065 	33.266 	3.667 	0.000 	loudspeaker	
2025-10-30 03:41:03,355 - PCN - INFO - 02942699	23	0.047 	42.041 	6.067 	0.000 	camera	
2025-10-30 03:41:03,355 - PCN - INFO - 03636649	464	0.172 	31.631 	4.479 	0.000 	lamp	
2025-10-30 03:41:03,355 - PCN - INFO - 02691156	809	0.293 	18.122 	1.176 	0.000 	airplane	
2025-10-30 03:41:03,355 - PCN - INFO - 02773838	17	0.079 	32.958 	3.619 	0.000 	bag	
2025-10-30 03:41:03,355 - PCN - INFO - 02958343	703	0.094 	25.307 	1.839 	0.000 	car	
2025-10-30 03:41:03,355 - PCN - INFO - 02880940	38	0.058 	32.489 	3.393 	0.000 	bowl	
2025-10-30 03:41:03,355 - PCN - INFO - 04099429	17	0.357 	18.048 	1.240 	0.000 	rocket	
2025-10-30 03:41:03,355 - PCN - INFO - 02828884	363	0.179 	23.560 	2.059 	0.000 	bench	
2025-10-30 03:41:03,355 - PCN - INFO - 04090263	475	0.438 	14.789 	0.832 	0.000 	rifle	
2025-10-30 03:41:03,356 - PCN - INFO - 03211117	219	0.100 	26.922 	2.313 	0.000 	display	
2025-10-30 03:41:03,356 - PCN - INFO - 02876657	100	0.164 	23.685 	1.954 	0.000 	bottle	
2025-10-30 03:41:03,356 - PCN - INFO - 03710193	19	0.150 	27.338 	2.503 	0.000 	mailbox	
2025-10-30 03:41:03,356 - PCN - INFO - 03790512	68	0.112 	25.940 	2.127 	0.000 	motorbike	
2025-10-30 03:41:03,356 - PCN - INFO - 03325088	149	0.133 	31.964 	4.009 	0.000 	faucet	
2025-10-30 03:41:03,356 - PCN - INFO - 02801938	23	0.059 	31.712 	3.338 	0.000 	basket	
2025-10-30 03:41:03,356 - PCN - INFO - 03337140	60	0.082 	28.571 	2.575 	0.000 	file cabinet	
2025-10-30 03:41:03,356 - PCN - INFO - 02843684	15	0.059 	38.333 	4.961 	0.000 	birdhouse	
2025-10-30 03:41:03,356 - PCN - INFO - 03624134	85	0.491 	13.329 	0.625 	0.000 	knife	
2025-10-30 03:41:03,356 - PCN - INFO - 03991062	121	0.060 	36.675 	4.547 	0.000 	flowerpot	
2025-10-30 03:41:03,356 - PCN - INFO - 03948459	62	0.232 	19.741 	1.276 	0.000 	pistol	
2025-10-30 03:41:03,356 - PCN - INFO - 03928116	48	0.069 	33.668 	3.739 	0.000 	piano	
2025-10-30 03:41:03,356 - PCN - INFO - 03207941	19	0.064 	29.295 	2.696 	0.000 	dishwasher	
2025-10-30 03:41:03,356 - PCN - INFO - 04074963	14	0.166 	22.252 	1.460 	0.000 	remote	
2025-10-30 03:41:03,356 - PCN - INFO - 03085013	13	0.247 	17.843 	1.088 	0.000 	keyboard	
2025-10-30 03:41:03,356 - PCN - INFO - Overall		0.138 	28.196 	2.863 	0.000 	
2025-10-30 03:41:03,433 - PCN - INFO - Save checkpoint at ./experiments/PCN/ShapeNet55_models/PCN_fog/ckpt-last.pth
2025-10-30 03:41:03,479 - PCN - INFO - Save checkpoint at ./experiments/PCN/ShapeNet55_models/PCN_fog/ckpt-epoch-150.pth
