2025-03-25 09:10:38,174 - AdaPoinTr - INFO - Copy the Config file from ./cfgs/ShapeNet55_models/AdaPoinTr.yaml to ./experiments/AdaPoinTr/ShapeNet55_models/AdaPoinTr_fog/config.yaml
2025-03-25 09:10:38,174 - AdaPoinTr - INFO - args.config : ./cfgs/ShapeNet55_models/AdaPoinTr.yaml
2025-03-25 09:10:38,174 - AdaPoinTr - INFO - args.launcher : none
2025-03-25 09:10:38,174 - AdaPoinTr - INFO - args.local_rank : 0
2025-03-25 09:10:38,174 - AdaPoinTr - INFO - args.num_workers : 4
2025-03-25 09:10:38,174 - AdaPoinTr - INFO - args.seed : 0
2025-03-25 09:10:38,174 - AdaPoinTr - INFO - args.deterministic : False
2025-03-25 09:10:38,174 - AdaPoinTr - INFO - args.sync_bn : False
2025-03-25 09:10:38,174 - AdaPoinTr - INFO - args.exp_name : AdaPoinTr_fog
2025-03-25 09:10:38,174 - AdaPoinTr - INFO - args.start_ckpts : None
2025-03-25 09:10:38,174 - AdaPoinTr - INFO - args.ckpts : None
2025-03-25 09:10:38,174 - AdaPoinTr - INFO - args.val_freq : 1
2025-03-25 09:10:38,174 - AdaPoinTr - INFO - args.resume : False
2025-03-25 09:10:38,174 - AdaPoinTr - INFO - args.test : False
2025-03-25 09:10:38,174 - AdaPoinTr - INFO - args.mode : None
2025-03-25 09:10:38,174 - AdaPoinTr - INFO - args.experiment_path : ./experiments/AdaPoinTr/ShapeNet55_models/AdaPoinTr_fog
2025-03-25 09:10:38,174 - AdaPoinTr - INFO - args.tfboard_path : ./experiments/AdaPoinTr/ShapeNet55_models/TFBoard/AdaPoinTr_fog
2025-03-25 09:10:38,174 - AdaPoinTr - INFO - args.log_name : AdaPoinTr
2025-03-25 09:10:38,174 - AdaPoinTr - INFO - args.use_gpu : True
2025-03-25 09:10:38,174 - AdaPoinTr - INFO - args.distributed : False
2025-03-25 09:10:38,174 - AdaPoinTr - INFO - config.optimizer = edict()
2025-03-25 09:10:38,174 - AdaPoinTr - INFO - config.optimizer.type : AdamW
2025-03-25 09:10:38,174 - AdaPoinTr - INFO - config.optimizer.kwargs = edict()
2025-03-25 09:10:38,174 - AdaPoinTr - INFO - config.optimizer.kwargs.lr : 0.0001
2025-03-25 09:10:38,174 - AdaPoinTr - INFO - config.optimizer.kwargs.weight_decay : 0.0005
2025-03-25 09:10:38,174 - AdaPoinTr - INFO - config.scheduler = edict()
2025-03-25 09:10:38,174 - AdaPoinTr - INFO - config.scheduler.type : LambdaLR
2025-03-25 09:10:38,174 - AdaPoinTr - INFO - config.scheduler.kwargs = edict()
2025-03-25 09:10:38,174 - AdaPoinTr - INFO - config.scheduler.kwargs.decay_step : 21
2025-03-25 09:10:38,174 - AdaPoinTr - INFO - config.scheduler.kwargs.lr_decay : 0.9
2025-03-25 09:10:38,174 - AdaPoinTr - INFO - config.scheduler.kwargs.lowest_decay : 0.02
2025-03-25 09:10:38,174 - AdaPoinTr - INFO - config.bnmscheduler = edict()
2025-03-25 09:10:38,174 - AdaPoinTr - INFO - config.bnmscheduler.type : Lambda
2025-03-25 09:10:38,174 - AdaPoinTr - INFO - config.bnmscheduler.kwargs = edict()
2025-03-25 09:10:38,174 - AdaPoinTr - INFO - config.bnmscheduler.kwargs.decay_step : 21
2025-03-25 09:10:38,174 - AdaPoinTr - INFO - config.bnmscheduler.kwargs.bn_decay : 0.5
2025-03-25 09:10:38,174 - AdaPoinTr - INFO - config.bnmscheduler.kwargs.bn_momentum : 0.9
2025-03-25 09:10:38,174 - AdaPoinTr - INFO - config.bnmscheduler.kwargs.lowest_decay : 0.01
2025-03-25 09:10:38,174 - AdaPoinTr - INFO - config.dataset = edict()
2025-03-25 09:10:38,174 - AdaPoinTr - INFO - config.dataset.train = edict()
2025-03-25 09:10:38,174 - AdaPoinTr - INFO - config.dataset.train._base_ = edict()
2025-03-25 09:10:38,174 - AdaPoinTr - INFO - config.dataset.train._base_.NAME : ShapeNet
2025-03-25 09:10:38,174 - AdaPoinTr - INFO - config.dataset.train._base_.DATA_PATH : data/ShapeNet55-34/ShapeNet-55
2025-03-25 09:10:38,174 - AdaPoinTr - INFO - config.dataset.train._base_.N_POINTS : 8192
2025-03-25 09:10:38,174 - AdaPoinTr - INFO - config.dataset.train._base_.PC_PATH : data/ShapeNet55-34/shapenet_pc
2025-03-25 09:10:38,174 - AdaPoinTr - INFO - config.dataset.train.others = edict()
2025-03-25 09:10:38,174 - AdaPoinTr - INFO - config.dataset.train.others.subset : train
2025-03-25 09:10:38,174 - AdaPoinTr - INFO - config.dataset.train.others.bs : 32
2025-03-25 09:10:38,174 - AdaPoinTr - INFO - config.dataset.val = edict()
2025-03-25 09:10:38,174 - AdaPoinTr - INFO - config.dataset.val._base_ = edict()
2025-03-25 09:10:38,174 - AdaPoinTr - INFO - config.dataset.val._base_.NAME : ShapeNet
2025-03-25 09:10:38,174 - AdaPoinTr - INFO - config.dataset.val._base_.DATA_PATH : data/ShapeNet55-34/ShapeNet-55
2025-03-25 09:10:38,174 - AdaPoinTr - INFO - config.dataset.val._base_.N_POINTS : 8192
2025-03-25 09:10:38,175 - AdaPoinTr - INFO - config.dataset.val._base_.PC_PATH : data/ShapeNet55-34/shapenet_pc
2025-03-25 09:10:38,175 - AdaPoinTr - INFO - config.dataset.val.others = edict()
2025-03-25 09:10:38,175 - AdaPoinTr - INFO - config.dataset.val.others.subset : test
2025-03-25 09:10:38,175 - AdaPoinTr - INFO - config.dataset.test = edict()
2025-03-25 09:10:38,175 - AdaPoinTr - INFO - config.dataset.test._base_ = edict()
2025-03-25 09:10:38,175 - AdaPoinTr - INFO - config.dataset.test._base_.NAME : ShapeNet
2025-03-25 09:10:38,175 - AdaPoinTr - INFO - config.dataset.test._base_.DATA_PATH : data/ShapeNet55-34/ShapeNet-55
2025-03-25 09:10:38,175 - AdaPoinTr - INFO - config.dataset.test._base_.N_POINTS : 8192
2025-03-25 09:10:38,175 - AdaPoinTr - INFO - config.dataset.test._base_.PC_PATH : data/ShapeNet55-34/shapenet_pc
2025-03-25 09:10:38,175 - AdaPoinTr - INFO - config.dataset.test.others = edict()
2025-03-25 09:10:38,175 - AdaPoinTr - INFO - config.dataset.test.others.subset : test
2025-03-25 09:10:38,175 - AdaPoinTr - INFO - config.model = edict()
2025-03-25 09:10:38,175 - AdaPoinTr - INFO - config.model.NAME : AdaPoinTr
2025-03-25 09:10:38,175 - AdaPoinTr - INFO - config.model.num_query : 512
2025-03-25 09:10:38,175 - AdaPoinTr - INFO - config.model.num_points : 8192
2025-03-25 09:10:38,175 - AdaPoinTr - INFO - config.model.center_num : [512, 256]
2025-03-25 09:10:38,175 - AdaPoinTr - INFO - config.model.global_feature_dim : 1024
2025-03-25 09:10:38,175 - AdaPoinTr - INFO - config.model.encoder_type : graph
2025-03-25 09:10:38,175 - AdaPoinTr - INFO - config.model.decoder_type : fc
2025-03-25 09:10:38,175 - AdaPoinTr - INFO - config.model.encoder_config = edict()
2025-03-25 09:10:38,175 - AdaPoinTr - INFO - config.model.encoder_config.embed_dim : 384
2025-03-25 09:10:38,175 - AdaPoinTr - INFO - config.model.encoder_config.depth : 6
2025-03-25 09:10:38,175 - AdaPoinTr - INFO - config.model.encoder_config.num_heads : 6
2025-03-25 09:10:38,175 - AdaPoinTr - INFO - config.model.encoder_config.k : 8
2025-03-25 09:10:38,175 - AdaPoinTr - INFO - config.model.encoder_config.n_group : 2
2025-03-25 09:10:38,175 - AdaPoinTr - INFO - config.model.encoder_config.mlp_ratio : 2.0
2025-03-25 09:10:38,175 - AdaPoinTr - INFO - config.model.encoder_config.block_style_list : ['attn-graph', 'attn', 'attn', 'attn', 'attn', 'attn']
2025-03-25 09:10:38,175 - AdaPoinTr - INFO - config.model.encoder_config.combine_style : concat
2025-03-25 09:10:38,175 - AdaPoinTr - INFO - config.model.decoder_config = edict()
2025-03-25 09:10:38,175 - AdaPoinTr - INFO - config.model.decoder_config.embed_dim : 384
2025-03-25 09:10:38,175 - AdaPoinTr - INFO - config.model.decoder_config.depth : 8
2025-03-25 09:10:38,175 - AdaPoinTr - INFO - config.model.decoder_config.num_heads : 6
2025-03-25 09:10:38,175 - AdaPoinTr - INFO - config.model.decoder_config.k : 8
2025-03-25 09:10:38,175 - AdaPoinTr - INFO - config.model.decoder_config.n_group : 2
2025-03-25 09:10:38,175 - AdaPoinTr - INFO - config.model.decoder_config.mlp_ratio : 2.0
2025-03-25 09:10:38,175 - AdaPoinTr - INFO - config.model.decoder_config.self_attn_block_style_list : ['attn-graph', 'attn', 'attn', 'attn', 'attn', 'attn', 'attn', 'attn']
2025-03-25 09:10:38,175 - AdaPoinTr - INFO - config.model.decoder_config.self_attn_combine_style : concat
2025-03-25 09:10:38,175 - AdaPoinTr - INFO - config.model.decoder_config.cross_attn_block_style_list : ['attn-graph', 'attn', 'attn', 'attn', 'attn', 'attn', 'attn', 'attn']
2025-03-25 09:10:38,175 - AdaPoinTr - INFO - config.model.decoder_config.cross_attn_combine_style : concat
2025-03-25 09:10:38,175 - AdaPoinTr - INFO - config.total_bs : 32
2025-03-25 09:10:38,175 - AdaPoinTr - INFO - config.step_per_update : 1
2025-03-25 09:10:38,175 - AdaPoinTr - INFO - config.max_epoch : 600
2025-03-25 09:10:38,175 - AdaPoinTr - INFO - config.consider_metric : CDL2
2025-03-25 09:10:38,175 - AdaPoinTr - INFO - Distributed training: False
2025-03-25 09:10:38,175 - AdaPoinTr - INFO - Set random seed to 0, deterministic: False
2025-03-25 09:10:38,595 - AdaPoinTr - INFO - Trainable_parameters:
2025-03-25 09:10:38,595 - AdaPoinTr - INFO - =========================
2025-03-25 09:10:38,595 - AdaPoinTr - INFO - base_model.grouper.input_trans.weight
2025-03-25 09:10:38,595 - AdaPoinTr - INFO - base_model.grouper.input_trans.bias
2025-03-25 09:10:38,595 - AdaPoinTr - INFO - base_model.grouper.layer1.0.weight
2025-03-25 09:10:38,595 - AdaPoinTr - INFO - base_model.grouper.layer1.1.weight
2025-03-25 09:10:38,595 - AdaPoinTr - INFO - base_model.grouper.layer1.1.bias
2025-03-25 09:10:38,595 - AdaPoinTr - INFO - base_model.grouper.layer2.0.weight
2025-03-25 09:10:38,595 - AdaPoinTr - INFO - base_model.grouper.layer2.1.weight
2025-03-25 09:10:38,595 - AdaPoinTr - INFO - base_model.grouper.layer2.1.bias
2025-03-25 09:10:38,595 - AdaPoinTr - INFO - base_model.grouper.layer3.0.weight
2025-03-25 09:10:38,595 - AdaPoinTr - INFO - base_model.grouper.layer3.1.weight
2025-03-25 09:10:38,595 - AdaPoinTr - INFO - base_model.grouper.layer3.1.bias
2025-03-25 09:10:38,595 - AdaPoinTr - INFO - base_model.grouper.layer4.0.weight
2025-03-25 09:10:38,595 - AdaPoinTr - INFO - base_model.grouper.layer4.1.weight
2025-03-25 09:10:38,595 - AdaPoinTr - INFO - base_model.grouper.layer4.1.bias
2025-03-25 09:10:38,595 - AdaPoinTr - INFO - base_model.pos_embed.0.weight
2025-03-25 09:10:38,595 - AdaPoinTr - INFO - base_model.pos_embed.0.bias
2025-03-25 09:10:38,595 - AdaPoinTr - INFO - base_model.pos_embed.2.weight
2025-03-25 09:10:38,595 - AdaPoinTr - INFO - base_model.pos_embed.2.bias
2025-03-25 09:10:38,595 - AdaPoinTr - INFO - base_model.input_proj.0.weight
2025-03-25 09:10:38,595 - AdaPoinTr - INFO - base_model.input_proj.0.bias
2025-03-25 09:10:38,595 - AdaPoinTr - INFO - base_model.input_proj.2.weight
2025-03-25 09:10:38,595 - AdaPoinTr - INFO - base_model.input_proj.2.bias
2025-03-25 09:10:38,595 - AdaPoinTr - INFO - base_model.encoder.blocks.blocks.0.norm1.weight
2025-03-25 09:10:38,595 - AdaPoinTr - INFO - base_model.encoder.blocks.blocks.0.norm1.bias
2025-03-25 09:10:38,595 - AdaPoinTr - INFO - base_model.encoder.blocks.blocks.0.norm2.weight
2025-03-25 09:10:38,595 - AdaPoinTr - INFO - base_model.encoder.blocks.blocks.0.norm2.bias
2025-03-25 09:10:38,595 - AdaPoinTr - INFO - base_model.encoder.blocks.blocks.0.mlp.fc1.weight
2025-03-25 09:10:38,595 - AdaPoinTr - INFO - base_model.encoder.blocks.blocks.0.mlp.fc1.bias
2025-03-25 09:10:38,595 - AdaPoinTr - INFO - base_model.encoder.blocks.blocks.0.mlp.fc2.weight
2025-03-25 09:10:38,595 - AdaPoinTr - INFO - base_model.encoder.blocks.blocks.0.mlp.fc2.bias
2025-03-25 09:10:38,595 - AdaPoinTr - INFO - base_model.encoder.blocks.blocks.0.attn.qkv.weight
2025-03-25 09:10:38,595 - AdaPoinTr - INFO - base_model.encoder.blocks.blocks.0.attn.qkv.bias
2025-03-25 09:10:38,595 - AdaPoinTr - INFO - base_model.encoder.blocks.blocks.0.attn.proj.weight
2025-03-25 09:10:38,595 - AdaPoinTr - INFO - base_model.encoder.blocks.blocks.0.attn.proj.bias
2025-03-25 09:10:38,595 - AdaPoinTr - INFO - base_model.encoder.blocks.blocks.0.local_attn.knn_map.0.weight
2025-03-25 09:10:38,595 - AdaPoinTr - INFO - base_model.encoder.blocks.blocks.0.local_attn.knn_map.0.bias
2025-03-25 09:10:38,595 - AdaPoinTr - INFO - base_model.encoder.blocks.blocks.0.merge_map.weight
2025-03-25 09:10:38,596 - AdaPoinTr - INFO - base_model.encoder.blocks.blocks.0.merge_map.bias
2025-03-25 09:10:38,596 - AdaPoinTr - INFO - base_model.encoder.blocks.blocks.1.norm1.weight
2025-03-25 09:10:38,596 - AdaPoinTr - INFO - base_model.encoder.blocks.blocks.1.norm1.bias
2025-03-25 09:10:38,596 - AdaPoinTr - INFO - base_model.encoder.blocks.blocks.1.norm2.weight
2025-03-25 09:10:38,596 - AdaPoinTr - INFO - base_model.encoder.blocks.blocks.1.norm2.bias
2025-03-25 09:10:38,596 - AdaPoinTr - INFO - base_model.encoder.blocks.blocks.1.mlp.fc1.weight
2025-03-25 09:10:38,596 - AdaPoinTr - INFO - base_model.encoder.blocks.blocks.1.mlp.fc1.bias
2025-03-25 09:10:38,596 - AdaPoinTr - INFO - base_model.encoder.blocks.blocks.1.mlp.fc2.weight
2025-03-25 09:10:38,596 - AdaPoinTr - INFO - base_model.encoder.blocks.blocks.1.mlp.fc2.bias
2025-03-25 09:10:38,596 - AdaPoinTr - INFO - base_model.encoder.blocks.blocks.1.attn.qkv.weight
2025-03-25 09:10:38,596 - AdaPoinTr - INFO - base_model.encoder.blocks.blocks.1.attn.qkv.bias
2025-03-25 09:10:38,596 - AdaPoinTr - INFO - base_model.encoder.blocks.blocks.1.attn.proj.weight
2025-03-25 09:10:38,596 - AdaPoinTr - INFO - base_model.encoder.blocks.blocks.1.attn.proj.bias
2025-03-25 09:10:38,596 - AdaPoinTr - INFO - base_model.encoder.blocks.blocks.2.norm1.weight
2025-03-25 09:10:38,596 - AdaPoinTr - INFO - base_model.encoder.blocks.blocks.2.norm1.bias
2025-03-25 09:10:38,596 - AdaPoinTr - INFO - base_model.encoder.blocks.blocks.2.norm2.weight
2025-03-25 09:10:38,596 - AdaPoinTr - INFO - base_model.encoder.blocks.blocks.2.norm2.bias
2025-03-25 09:10:38,596 - AdaPoinTr - INFO - base_model.encoder.blocks.blocks.2.mlp.fc1.weight
2025-03-25 09:10:38,596 - AdaPoinTr - INFO - base_model.encoder.blocks.blocks.2.mlp.fc1.bias
2025-03-25 09:10:38,596 - AdaPoinTr - INFO - base_model.encoder.blocks.blocks.2.mlp.fc2.weight
2025-03-25 09:10:38,596 - AdaPoinTr - INFO - base_model.encoder.blocks.blocks.2.mlp.fc2.bias
2025-03-25 09:10:38,596 - AdaPoinTr - INFO - base_model.encoder.blocks.blocks.2.attn.qkv.weight
2025-03-25 09:10:38,596 - AdaPoinTr - INFO - base_model.encoder.blocks.blocks.2.attn.qkv.bias
2025-03-25 09:10:38,596 - AdaPoinTr - INFO - base_model.encoder.blocks.blocks.2.attn.proj.weight
2025-03-25 09:10:38,596 - AdaPoinTr - INFO - base_model.encoder.blocks.blocks.2.attn.proj.bias
2025-03-25 09:10:38,596 - AdaPoinTr - INFO - base_model.encoder.blocks.blocks.3.norm1.weight
2025-03-25 09:10:38,596 - AdaPoinTr - INFO - base_model.encoder.blocks.blocks.3.norm1.bias
2025-03-25 09:10:38,596 - AdaPoinTr - INFO - base_model.encoder.blocks.blocks.3.norm2.weight
2025-03-25 09:10:38,596 - AdaPoinTr - INFO - base_model.encoder.blocks.blocks.3.norm2.bias
2025-03-25 09:10:38,596 - AdaPoinTr - INFO - base_model.encoder.blocks.blocks.3.mlp.fc1.weight
2025-03-25 09:10:38,596 - AdaPoinTr - INFO - base_model.encoder.blocks.blocks.3.mlp.fc1.bias
2025-03-25 09:10:38,596 - AdaPoinTr - INFO - base_model.encoder.blocks.blocks.3.mlp.fc2.weight
2025-03-25 09:10:38,596 - AdaPoinTr - INFO - base_model.encoder.blocks.blocks.3.mlp.fc2.bias
2025-03-25 09:10:38,596 - AdaPoinTr - INFO - base_model.encoder.blocks.blocks.3.attn.qkv.weight
2025-03-25 09:10:38,596 - AdaPoinTr - INFO - base_model.encoder.blocks.blocks.3.attn.qkv.bias
2025-03-25 09:10:38,596 - AdaPoinTr - INFO - base_model.encoder.blocks.blocks.3.attn.proj.weight
2025-03-25 09:10:38,596 - AdaPoinTr - INFO - base_model.encoder.blocks.blocks.3.attn.proj.bias
2025-03-25 09:10:38,596 - AdaPoinTr - INFO - base_model.encoder.blocks.blocks.4.norm1.weight
2025-03-25 09:10:38,596 - AdaPoinTr - INFO - base_model.encoder.blocks.blocks.4.norm1.bias
2025-03-25 09:10:38,596 - AdaPoinTr - INFO - base_model.encoder.blocks.blocks.4.norm2.weight
2025-03-25 09:10:38,596 - AdaPoinTr - INFO - base_model.encoder.blocks.blocks.4.norm2.bias
2025-03-25 09:10:38,596 - AdaPoinTr - INFO - base_model.encoder.blocks.blocks.4.mlp.fc1.weight
2025-03-25 09:10:38,596 - AdaPoinTr - INFO - base_model.encoder.blocks.blocks.4.mlp.fc1.bias
2025-03-25 09:10:38,596 - AdaPoinTr - INFO - base_model.encoder.blocks.blocks.4.mlp.fc2.weight
2025-03-25 09:10:38,596 - AdaPoinTr - INFO - base_model.encoder.blocks.blocks.4.mlp.fc2.bias
2025-03-25 09:10:38,596 - AdaPoinTr - INFO - base_model.encoder.blocks.blocks.4.attn.qkv.weight
2025-03-25 09:10:38,596 - AdaPoinTr - INFO - base_model.encoder.blocks.blocks.4.attn.qkv.bias
2025-03-25 09:10:38,596 - AdaPoinTr - INFO - base_model.encoder.blocks.blocks.4.attn.proj.weight
2025-03-25 09:10:38,596 - AdaPoinTr - INFO - base_model.encoder.blocks.blocks.4.attn.proj.bias
2025-03-25 09:10:38,596 - AdaPoinTr - INFO - base_model.encoder.blocks.blocks.5.norm1.weight
2025-03-25 09:10:38,596 - AdaPoinTr - INFO - base_model.encoder.blocks.blocks.5.norm1.bias
2025-03-25 09:10:38,596 - AdaPoinTr - INFO - base_model.encoder.blocks.blocks.5.norm2.weight
2025-03-25 09:10:38,596 - AdaPoinTr - INFO - base_model.encoder.blocks.blocks.5.norm2.bias
2025-03-25 09:10:38,596 - AdaPoinTr - INFO - base_model.encoder.blocks.blocks.5.mlp.fc1.weight
2025-03-25 09:10:38,596 - AdaPoinTr - INFO - base_model.encoder.blocks.blocks.5.mlp.fc1.bias
2025-03-25 09:10:38,596 - AdaPoinTr - INFO - base_model.encoder.blocks.blocks.5.mlp.fc2.weight
2025-03-25 09:10:38,596 - AdaPoinTr - INFO - base_model.encoder.blocks.blocks.5.mlp.fc2.bias
2025-03-25 09:10:38,596 - AdaPoinTr - INFO - base_model.encoder.blocks.blocks.5.attn.qkv.weight
2025-03-25 09:10:38,596 - AdaPoinTr - INFO - base_model.encoder.blocks.blocks.5.attn.qkv.bias
2025-03-25 09:10:38,596 - AdaPoinTr - INFO - base_model.encoder.blocks.blocks.5.attn.proj.weight
2025-03-25 09:10:38,596 - AdaPoinTr - INFO - base_model.encoder.blocks.blocks.5.attn.proj.bias
2025-03-25 09:10:38,596 - AdaPoinTr - INFO - base_model.encoder.norm.weight
2025-03-25 09:10:38,596 - AdaPoinTr - INFO - base_model.encoder.norm.bias
2025-03-25 09:10:38,596 - AdaPoinTr - INFO - base_model.increase_dim.0.weight
2025-03-25 09:10:38,596 - AdaPoinTr - INFO - base_model.increase_dim.0.bias
2025-03-25 09:10:38,596 - AdaPoinTr - INFO - base_model.increase_dim.2.weight
2025-03-25 09:10:38,596 - AdaPoinTr - INFO - base_model.increase_dim.2.bias
2025-03-25 09:10:38,596 - AdaPoinTr - INFO - base_model.coarse_pred.0.weight
2025-03-25 09:10:38,597 - AdaPoinTr - INFO - base_model.coarse_pred.0.bias
2025-03-25 09:10:38,597 - AdaPoinTr - INFO - base_model.coarse_pred.2.weight
2025-03-25 09:10:38,597 - AdaPoinTr - INFO - base_model.coarse_pred.2.bias
2025-03-25 09:10:38,597 - AdaPoinTr - INFO - base_model.mlp_query.0.weight
2025-03-25 09:10:38,597 - AdaPoinTr - INFO - base_model.mlp_query.0.bias
2025-03-25 09:10:38,597 - AdaPoinTr - INFO - base_model.mlp_query.2.weight
2025-03-25 09:10:38,597 - AdaPoinTr - INFO - base_model.mlp_query.2.bias
2025-03-25 09:10:38,597 - AdaPoinTr - INFO - base_model.mlp_query.4.weight
2025-03-25 09:10:38,597 - AdaPoinTr - INFO - base_model.mlp_query.4.bias
2025-03-25 09:10:38,597 - AdaPoinTr - INFO - base_model.decoder.blocks.blocks.0.norm2.weight
2025-03-25 09:10:38,597 - AdaPoinTr - INFO - base_model.decoder.blocks.blocks.0.norm2.bias
2025-03-25 09:10:38,597 - AdaPoinTr - INFO - base_model.decoder.blocks.blocks.0.mlp.fc1.weight
2025-03-25 09:10:38,597 - AdaPoinTr - INFO - base_model.decoder.blocks.blocks.0.mlp.fc1.bias
2025-03-25 09:10:38,597 - AdaPoinTr - INFO - base_model.decoder.blocks.blocks.0.mlp.fc2.weight
2025-03-25 09:10:38,597 - AdaPoinTr - INFO - base_model.decoder.blocks.blocks.0.mlp.fc2.bias
2025-03-25 09:10:38,597 - AdaPoinTr - INFO - base_model.decoder.blocks.blocks.0.norm1.weight
2025-03-25 09:10:38,597 - AdaPoinTr - INFO - base_model.decoder.blocks.blocks.0.norm1.bias
2025-03-25 09:10:38,597 - AdaPoinTr - INFO - base_model.decoder.blocks.blocks.0.self_attn.qkv.weight
2025-03-25 09:10:38,597 - AdaPoinTr - INFO - base_model.decoder.blocks.blocks.0.self_attn.qkv.bias
2025-03-25 09:10:38,597 - AdaPoinTr - INFO - base_model.decoder.blocks.blocks.0.self_attn.proj.weight
2025-03-25 09:10:38,597 - AdaPoinTr - INFO - base_model.decoder.blocks.blocks.0.self_attn.proj.bias
2025-03-25 09:10:38,597 - AdaPoinTr - INFO - base_model.decoder.blocks.blocks.0.local_self_attn.knn_map.0.weight
2025-03-25 09:10:38,597 - AdaPoinTr - INFO - base_model.decoder.blocks.blocks.0.local_self_attn.knn_map.0.bias
2025-03-25 09:10:38,597 - AdaPoinTr - INFO - base_model.decoder.blocks.blocks.0.self_attn_merge_map.weight
2025-03-25 09:10:38,597 - AdaPoinTr - INFO - base_model.decoder.blocks.blocks.0.self_attn_merge_map.bias
2025-03-25 09:10:38,597 - AdaPoinTr - INFO - base_model.decoder.blocks.blocks.0.norm_q.weight
2025-03-25 09:10:38,597 - AdaPoinTr - INFO - base_model.decoder.blocks.blocks.0.norm_q.bias
2025-03-25 09:10:38,597 - AdaPoinTr - INFO - base_model.decoder.blocks.blocks.0.norm_v.weight
2025-03-25 09:10:38,597 - AdaPoinTr - INFO - base_model.decoder.blocks.blocks.0.norm_v.bias
2025-03-25 09:10:38,597 - AdaPoinTr - INFO - base_model.decoder.blocks.blocks.0.cross_attn.q_map.weight
2025-03-25 09:10:38,597 - AdaPoinTr - INFO - base_model.decoder.blocks.blocks.0.cross_attn.q_map.bias
2025-03-25 09:10:38,597 - AdaPoinTr - INFO - base_model.decoder.blocks.blocks.0.cross_attn.k_map.weight
2025-03-25 09:10:38,597 - AdaPoinTr - INFO - base_model.decoder.blocks.blocks.0.cross_attn.k_map.bias
2025-03-25 09:10:38,597 - AdaPoinTr - INFO - base_model.decoder.blocks.blocks.0.cross_attn.v_map.weight
2025-03-25 09:10:38,597 - AdaPoinTr - INFO - base_model.decoder.blocks.blocks.0.cross_attn.v_map.bias
2025-03-25 09:10:38,597 - AdaPoinTr - INFO - base_model.decoder.blocks.blocks.0.cross_attn.proj.weight
2025-03-25 09:10:38,597 - AdaPoinTr - INFO - base_model.decoder.blocks.blocks.0.cross_attn.proj.bias
2025-03-25 09:10:38,597 - AdaPoinTr - INFO - base_model.decoder.blocks.blocks.0.local_cross_attn.knn_map.0.weight
2025-03-25 09:10:38,597 - AdaPoinTr - INFO - base_model.decoder.blocks.blocks.0.local_cross_attn.knn_map.0.bias
2025-03-25 09:10:38,597 - AdaPoinTr - INFO - base_model.decoder.blocks.blocks.0.cross_attn_merge_map.weight
2025-03-25 09:10:38,597 - AdaPoinTr - INFO - base_model.decoder.blocks.blocks.0.cross_attn_merge_map.bias
2025-03-25 09:10:38,597 - AdaPoinTr - INFO - base_model.decoder.blocks.blocks.1.norm2.weight
2025-03-25 09:10:38,597 - AdaPoinTr - INFO - base_model.decoder.blocks.blocks.1.norm2.bias
2025-03-25 09:10:38,597 - AdaPoinTr - INFO - base_model.decoder.blocks.blocks.1.mlp.fc1.weight
2025-03-25 09:10:38,597 - AdaPoinTr - INFO - base_model.decoder.blocks.blocks.1.mlp.fc1.bias
2025-03-25 09:10:38,597 - AdaPoinTr - INFO - base_model.decoder.blocks.blocks.1.mlp.fc2.weight
2025-03-25 09:10:38,597 - AdaPoinTr - INFO - base_model.decoder.blocks.blocks.1.mlp.fc2.bias
2025-03-25 09:10:38,597 - AdaPoinTr - INFO - base_model.decoder.blocks.blocks.1.norm1.weight
2025-03-25 09:10:38,597 - AdaPoinTr - INFO - base_model.decoder.blocks.blocks.1.norm1.bias
2025-03-25 09:10:38,597 - AdaPoinTr - INFO - base_model.decoder.blocks.blocks.1.self_attn.qkv.weight
2025-03-25 09:10:38,597 - AdaPoinTr - INFO - base_model.decoder.blocks.blocks.1.self_attn.qkv.bias
2025-03-25 09:10:38,597 - AdaPoinTr - INFO - base_model.decoder.blocks.blocks.1.self_attn.proj.weight
2025-03-25 09:10:38,597 - AdaPoinTr - INFO - base_model.decoder.blocks.blocks.1.self_attn.proj.bias
2025-03-25 09:10:38,597 - AdaPoinTr - INFO - base_model.decoder.blocks.blocks.1.norm_q.weight
2025-03-25 09:10:38,597 - AdaPoinTr - INFO - base_model.decoder.blocks.blocks.1.norm_q.bias
2025-03-25 09:10:38,597 - AdaPoinTr - INFO - base_model.decoder.blocks.blocks.1.norm_v.weight
2025-03-25 09:10:38,597 - AdaPoinTr - INFO - base_model.decoder.blocks.blocks.1.norm_v.bias
2025-03-25 09:10:38,597 - AdaPoinTr - INFO - base_model.decoder.blocks.blocks.1.cross_attn.q_map.weight
2025-03-25 09:10:38,597 - AdaPoinTr - INFO - base_model.decoder.blocks.blocks.1.cross_attn.q_map.bias
2025-03-25 09:10:38,597 - AdaPoinTr - INFO - base_model.decoder.blocks.blocks.1.cross_attn.k_map.weight
2025-03-25 09:10:38,597 - AdaPoinTr - INFO - base_model.decoder.blocks.blocks.1.cross_attn.k_map.bias
2025-03-25 09:10:38,597 - AdaPoinTr - INFO - base_model.decoder.blocks.blocks.1.cross_attn.v_map.weight
2025-03-25 09:10:38,597 - AdaPoinTr - INFO - base_model.decoder.blocks.blocks.1.cross_attn.v_map.bias
2025-03-25 09:10:38,597 - AdaPoinTr - INFO - base_model.decoder.blocks.blocks.1.cross_attn.proj.weight
2025-03-25 09:10:38,597 - AdaPoinTr - INFO - base_model.decoder.blocks.blocks.1.cross_attn.proj.bias
2025-03-25 09:10:38,597 - AdaPoinTr - INFO - base_model.decoder.blocks.blocks.2.norm2.weight
2025-03-25 09:10:38,597 - AdaPoinTr - INFO - base_model.decoder.blocks.blocks.2.norm2.bias
2025-03-25 09:10:38,597 - AdaPoinTr - INFO - base_model.decoder.blocks.blocks.2.mlp.fc1.weight
2025-03-25 09:10:38,597 - AdaPoinTr - INFO - base_model.decoder.blocks.blocks.2.mlp.fc1.bias
2025-03-25 09:10:38,597 - AdaPoinTr - INFO - base_model.decoder.blocks.blocks.2.mlp.fc2.weight
2025-03-25 09:10:38,598 - AdaPoinTr - INFO - base_model.decoder.blocks.blocks.2.mlp.fc2.bias
2025-03-25 09:10:38,598 - AdaPoinTr - INFO - base_model.decoder.blocks.blocks.2.norm1.weight
2025-03-25 09:10:38,598 - AdaPoinTr - INFO - base_model.decoder.blocks.blocks.2.norm1.bias
2025-03-25 09:10:38,598 - AdaPoinTr - INFO - base_model.decoder.blocks.blocks.2.self_attn.qkv.weight
2025-03-25 09:10:38,598 - AdaPoinTr - INFO - base_model.decoder.blocks.blocks.2.self_attn.qkv.bias
2025-03-25 09:10:38,598 - AdaPoinTr - INFO - base_model.decoder.blocks.blocks.2.self_attn.proj.weight
2025-03-25 09:10:38,598 - AdaPoinTr - INFO - base_model.decoder.blocks.blocks.2.self_attn.proj.bias
2025-03-25 09:10:38,598 - AdaPoinTr - INFO - base_model.decoder.blocks.blocks.2.norm_q.weight
2025-03-25 09:10:38,598 - AdaPoinTr - INFO - base_model.decoder.blocks.blocks.2.norm_q.bias
2025-03-25 09:10:38,598 - AdaPoinTr - INFO - base_model.decoder.blocks.blocks.2.norm_v.weight
2025-03-25 09:10:38,598 - AdaPoinTr - INFO - base_model.decoder.blocks.blocks.2.norm_v.bias
2025-03-25 09:10:38,598 - AdaPoinTr - INFO - base_model.decoder.blocks.blocks.2.cross_attn.q_map.weight
2025-03-25 09:10:38,598 - AdaPoinTr - INFO - base_model.decoder.blocks.blocks.2.cross_attn.q_map.bias
2025-03-25 09:10:38,598 - AdaPoinTr - INFO - base_model.decoder.blocks.blocks.2.cross_attn.k_map.weight
2025-03-25 09:10:38,598 - AdaPoinTr - INFO - base_model.decoder.blocks.blocks.2.cross_attn.k_map.bias
2025-03-25 09:10:38,598 - AdaPoinTr - INFO - base_model.decoder.blocks.blocks.2.cross_attn.v_map.weight
2025-03-25 09:10:38,598 - AdaPoinTr - INFO - base_model.decoder.blocks.blocks.2.cross_attn.v_map.bias
2025-03-25 09:10:38,598 - AdaPoinTr - INFO - base_model.decoder.blocks.blocks.2.cross_attn.proj.weight
2025-03-25 09:10:38,598 - AdaPoinTr - INFO - base_model.decoder.blocks.blocks.2.cross_attn.proj.bias
2025-03-25 09:10:38,598 - AdaPoinTr - INFO - base_model.decoder.blocks.blocks.3.norm2.weight
2025-03-25 09:10:38,598 - AdaPoinTr - INFO - base_model.decoder.blocks.blocks.3.norm2.bias
2025-03-25 09:10:38,598 - AdaPoinTr - INFO - base_model.decoder.blocks.blocks.3.mlp.fc1.weight
2025-03-25 09:10:38,598 - AdaPoinTr - INFO - base_model.decoder.blocks.blocks.3.mlp.fc1.bias
2025-03-25 09:10:38,598 - AdaPoinTr - INFO - base_model.decoder.blocks.blocks.3.mlp.fc2.weight
2025-03-25 09:10:38,598 - AdaPoinTr - INFO - base_model.decoder.blocks.blocks.3.mlp.fc2.bias
2025-03-25 09:10:38,598 - AdaPoinTr - INFO - base_model.decoder.blocks.blocks.3.norm1.weight
2025-03-25 09:10:38,598 - AdaPoinTr - INFO - base_model.decoder.blocks.blocks.3.norm1.bias
2025-03-25 09:10:38,598 - AdaPoinTr - INFO - base_model.decoder.blocks.blocks.3.self_attn.qkv.weight
2025-03-25 09:10:38,598 - AdaPoinTr - INFO - base_model.decoder.blocks.blocks.3.self_attn.qkv.bias
2025-03-25 09:10:38,598 - AdaPoinTr - INFO - base_model.decoder.blocks.blocks.3.self_attn.proj.weight
2025-03-25 09:10:38,598 - AdaPoinTr - INFO - base_model.decoder.blocks.blocks.3.self_attn.proj.bias
2025-03-25 09:10:38,598 - AdaPoinTr - INFO - base_model.decoder.blocks.blocks.3.norm_q.weight
2025-03-25 09:10:38,598 - AdaPoinTr - INFO - base_model.decoder.blocks.blocks.3.norm_q.bias
2025-03-25 09:10:38,598 - AdaPoinTr - INFO - base_model.decoder.blocks.blocks.3.norm_v.weight
2025-03-25 09:10:38,598 - AdaPoinTr - INFO - base_model.decoder.blocks.blocks.3.norm_v.bias
2025-03-25 09:10:38,598 - AdaPoinTr - INFO - base_model.decoder.blocks.blocks.3.cross_attn.q_map.weight
2025-03-25 09:10:38,598 - AdaPoinTr - INFO - base_model.decoder.blocks.blocks.3.cross_attn.q_map.bias
2025-03-25 09:10:38,598 - AdaPoinTr - INFO - base_model.decoder.blocks.blocks.3.cross_attn.k_map.weight
2025-03-25 09:10:38,598 - AdaPoinTr - INFO - base_model.decoder.blocks.blocks.3.cross_attn.k_map.bias
2025-03-25 09:10:38,598 - AdaPoinTr - INFO - base_model.decoder.blocks.blocks.3.cross_attn.v_map.weight
2025-03-25 09:10:38,598 - AdaPoinTr - INFO - base_model.decoder.blocks.blocks.3.cross_attn.v_map.bias
2025-03-25 09:10:38,598 - AdaPoinTr - INFO - base_model.decoder.blocks.blocks.3.cross_attn.proj.weight
2025-03-25 09:10:38,598 - AdaPoinTr - INFO - base_model.decoder.blocks.blocks.3.cross_attn.proj.bias
2025-03-25 09:10:38,598 - AdaPoinTr - INFO - base_model.decoder.blocks.blocks.4.norm2.weight
2025-03-25 09:10:38,598 - AdaPoinTr - INFO - base_model.decoder.blocks.blocks.4.norm2.bias
2025-03-25 09:10:38,598 - AdaPoinTr - INFO - base_model.decoder.blocks.blocks.4.mlp.fc1.weight
2025-03-25 09:10:38,598 - AdaPoinTr - INFO - base_model.decoder.blocks.blocks.4.mlp.fc1.bias
2025-03-25 09:10:38,598 - AdaPoinTr - INFO - base_model.decoder.blocks.blocks.4.mlp.fc2.weight
2025-03-25 09:10:38,598 - AdaPoinTr - INFO - base_model.decoder.blocks.blocks.4.mlp.fc2.bias
2025-03-25 09:10:38,598 - AdaPoinTr - INFO - base_model.decoder.blocks.blocks.4.norm1.weight
2025-03-25 09:10:38,598 - AdaPoinTr - INFO - base_model.decoder.blocks.blocks.4.norm1.bias
2025-03-25 09:10:38,598 - AdaPoinTr - INFO - base_model.decoder.blocks.blocks.4.self_attn.qkv.weight
2025-03-25 09:10:38,598 - AdaPoinTr - INFO - base_model.decoder.blocks.blocks.4.self_attn.qkv.bias
2025-03-25 09:10:38,598 - AdaPoinTr - INFO - base_model.decoder.blocks.blocks.4.self_attn.proj.weight
2025-03-25 09:10:38,598 - AdaPoinTr - INFO - base_model.decoder.blocks.blocks.4.self_attn.proj.bias
2025-03-25 09:10:38,598 - AdaPoinTr - INFO - base_model.decoder.blocks.blocks.4.norm_q.weight
2025-03-25 09:10:38,598 - AdaPoinTr - INFO - base_model.decoder.blocks.blocks.4.norm_q.bias
2025-03-25 09:10:38,598 - AdaPoinTr - INFO - base_model.decoder.blocks.blocks.4.norm_v.weight
2025-03-25 09:10:38,598 - AdaPoinTr - INFO - base_model.decoder.blocks.blocks.4.norm_v.bias
2025-03-25 09:10:38,598 - AdaPoinTr - INFO - base_model.decoder.blocks.blocks.4.cross_attn.q_map.weight
2025-03-25 09:10:38,598 - AdaPoinTr - INFO - base_model.decoder.blocks.blocks.4.cross_attn.q_map.bias
2025-03-25 09:10:38,598 - AdaPoinTr - INFO - base_model.decoder.blocks.blocks.4.cross_attn.k_map.weight
2025-03-25 09:10:38,598 - AdaPoinTr - INFO - base_model.decoder.blocks.blocks.4.cross_attn.k_map.bias
2025-03-25 09:10:38,598 - AdaPoinTr - INFO - base_model.decoder.blocks.blocks.4.cross_attn.v_map.weight
2025-03-25 09:10:38,598 - AdaPoinTr - INFO - base_model.decoder.blocks.blocks.4.cross_attn.v_map.bias
2025-03-25 09:10:38,598 - AdaPoinTr - INFO - base_model.decoder.blocks.blocks.4.cross_attn.proj.weight
2025-03-25 09:10:38,598 - AdaPoinTr - INFO - base_model.decoder.blocks.blocks.4.cross_attn.proj.bias
2025-03-25 09:10:38,598 - AdaPoinTr - INFO - base_model.decoder.blocks.blocks.5.norm2.weight
2025-03-25 09:10:38,598 - AdaPoinTr - INFO - base_model.decoder.blocks.blocks.5.norm2.bias
2025-03-25 09:10:38,598 - AdaPoinTr - INFO - base_model.decoder.blocks.blocks.5.mlp.fc1.weight
2025-03-25 09:10:38,598 - AdaPoinTr - INFO - base_model.decoder.blocks.blocks.5.mlp.fc1.bias
2025-03-25 09:10:38,599 - AdaPoinTr - INFO - base_model.decoder.blocks.blocks.5.mlp.fc2.weight
2025-03-25 09:10:38,599 - AdaPoinTr - INFO - base_model.decoder.blocks.blocks.5.mlp.fc2.bias
2025-03-25 09:10:38,599 - AdaPoinTr - INFO - base_model.decoder.blocks.blocks.5.norm1.weight
2025-03-25 09:10:38,599 - AdaPoinTr - INFO - base_model.decoder.blocks.blocks.5.norm1.bias
2025-03-25 09:10:38,599 - AdaPoinTr - INFO - base_model.decoder.blocks.blocks.5.self_attn.qkv.weight
2025-03-25 09:10:38,599 - AdaPoinTr - INFO - base_model.decoder.blocks.blocks.5.self_attn.qkv.bias
2025-03-25 09:10:38,599 - AdaPoinTr - INFO - base_model.decoder.blocks.blocks.5.self_attn.proj.weight
2025-03-25 09:10:38,599 - AdaPoinTr - INFO - base_model.decoder.blocks.blocks.5.self_attn.proj.bias
2025-03-25 09:10:38,599 - AdaPoinTr - INFO - base_model.decoder.blocks.blocks.5.norm_q.weight
2025-03-25 09:10:38,599 - AdaPoinTr - INFO - base_model.decoder.blocks.blocks.5.norm_q.bias
2025-03-25 09:10:38,599 - AdaPoinTr - INFO - base_model.decoder.blocks.blocks.5.norm_v.weight
2025-03-25 09:10:38,599 - AdaPoinTr - INFO - base_model.decoder.blocks.blocks.5.norm_v.bias
2025-03-25 09:10:38,599 - AdaPoinTr - INFO - base_model.decoder.blocks.blocks.5.cross_attn.q_map.weight
2025-03-25 09:10:38,599 - AdaPoinTr - INFO - base_model.decoder.blocks.blocks.5.cross_attn.q_map.bias
2025-03-25 09:10:38,599 - AdaPoinTr - INFO - base_model.decoder.blocks.blocks.5.cross_attn.k_map.weight
2025-03-25 09:10:38,599 - AdaPoinTr - INFO - base_model.decoder.blocks.blocks.5.cross_attn.k_map.bias
2025-03-25 09:10:38,599 - AdaPoinTr - INFO - base_model.decoder.blocks.blocks.5.cross_attn.v_map.weight
2025-03-25 09:10:38,599 - AdaPoinTr - INFO - base_model.decoder.blocks.blocks.5.cross_attn.v_map.bias
2025-03-25 09:10:38,599 - AdaPoinTr - INFO - base_model.decoder.blocks.blocks.5.cross_attn.proj.weight
2025-03-25 09:10:38,599 - AdaPoinTr - INFO - base_model.decoder.blocks.blocks.5.cross_attn.proj.bias
2025-03-25 09:10:38,599 - AdaPoinTr - INFO - base_model.decoder.blocks.blocks.6.norm2.weight
2025-03-25 09:10:38,599 - AdaPoinTr - INFO - base_model.decoder.blocks.blocks.6.norm2.bias
2025-03-25 09:10:38,599 - AdaPoinTr - INFO - base_model.decoder.blocks.blocks.6.mlp.fc1.weight
2025-03-25 09:10:38,599 - AdaPoinTr - INFO - base_model.decoder.blocks.blocks.6.mlp.fc1.bias
2025-03-25 09:10:38,599 - AdaPoinTr - INFO - base_model.decoder.blocks.blocks.6.mlp.fc2.weight
2025-03-25 09:10:38,599 - AdaPoinTr - INFO - base_model.decoder.blocks.blocks.6.mlp.fc2.bias
2025-03-25 09:10:38,599 - AdaPoinTr - INFO - base_model.decoder.blocks.blocks.6.norm1.weight
2025-03-25 09:10:38,599 - AdaPoinTr - INFO - base_model.decoder.blocks.blocks.6.norm1.bias
2025-03-25 09:10:38,599 - AdaPoinTr - INFO - base_model.decoder.blocks.blocks.6.self_attn.qkv.weight
2025-03-25 09:10:38,599 - AdaPoinTr - INFO - base_model.decoder.blocks.blocks.6.self_attn.qkv.bias
2025-03-25 09:10:38,599 - AdaPoinTr - INFO - base_model.decoder.blocks.blocks.6.self_attn.proj.weight
2025-03-25 09:10:38,599 - AdaPoinTr - INFO - base_model.decoder.blocks.blocks.6.self_attn.proj.bias
2025-03-25 09:10:38,599 - AdaPoinTr - INFO - base_model.decoder.blocks.blocks.6.norm_q.weight
2025-03-25 09:10:38,599 - AdaPoinTr - INFO - base_model.decoder.blocks.blocks.6.norm_q.bias
2025-03-25 09:10:38,599 - AdaPoinTr - INFO - base_model.decoder.blocks.blocks.6.norm_v.weight
2025-03-25 09:10:38,599 - AdaPoinTr - INFO - base_model.decoder.blocks.blocks.6.norm_v.bias
2025-03-25 09:10:38,599 - AdaPoinTr - INFO - base_model.decoder.blocks.blocks.6.cross_attn.q_map.weight
2025-03-25 09:10:38,599 - AdaPoinTr - INFO - base_model.decoder.blocks.blocks.6.cross_attn.q_map.bias
2025-03-25 09:10:38,599 - AdaPoinTr - INFO - base_model.decoder.blocks.blocks.6.cross_attn.k_map.weight
2025-03-25 09:10:38,599 - AdaPoinTr - INFO - base_model.decoder.blocks.blocks.6.cross_attn.k_map.bias
2025-03-25 09:10:38,599 - AdaPoinTr - INFO - base_model.decoder.blocks.blocks.6.cross_attn.v_map.weight
2025-03-25 09:10:38,599 - AdaPoinTr - INFO - base_model.decoder.blocks.blocks.6.cross_attn.v_map.bias
2025-03-25 09:10:38,599 - AdaPoinTr - INFO - base_model.decoder.blocks.blocks.6.cross_attn.proj.weight
2025-03-25 09:10:38,599 - AdaPoinTr - INFO - base_model.decoder.blocks.blocks.6.cross_attn.proj.bias
2025-03-25 09:10:38,599 - AdaPoinTr - INFO - base_model.decoder.blocks.blocks.7.norm2.weight
2025-03-25 09:10:38,599 - AdaPoinTr - INFO - base_model.decoder.blocks.blocks.7.norm2.bias
2025-03-25 09:10:38,599 - AdaPoinTr - INFO - base_model.decoder.blocks.blocks.7.mlp.fc1.weight
2025-03-25 09:10:38,599 - AdaPoinTr - INFO - base_model.decoder.blocks.blocks.7.mlp.fc1.bias
2025-03-25 09:10:38,599 - AdaPoinTr - INFO - base_model.decoder.blocks.blocks.7.mlp.fc2.weight
2025-03-25 09:10:38,599 - AdaPoinTr - INFO - base_model.decoder.blocks.blocks.7.mlp.fc2.bias
2025-03-25 09:10:38,599 - AdaPoinTr - INFO - base_model.decoder.blocks.blocks.7.norm1.weight
2025-03-25 09:10:38,599 - AdaPoinTr - INFO - base_model.decoder.blocks.blocks.7.norm1.bias
2025-03-25 09:10:38,599 - AdaPoinTr - INFO - base_model.decoder.blocks.blocks.7.self_attn.qkv.weight
2025-03-25 09:10:38,599 - AdaPoinTr - INFO - base_model.decoder.blocks.blocks.7.self_attn.qkv.bias
2025-03-25 09:10:38,599 - AdaPoinTr - INFO - base_model.decoder.blocks.blocks.7.self_attn.proj.weight
2025-03-25 09:10:38,599 - AdaPoinTr - INFO - base_model.decoder.blocks.blocks.7.self_attn.proj.bias
2025-03-25 09:10:38,599 - AdaPoinTr - INFO - base_model.decoder.blocks.blocks.7.norm_q.weight
2025-03-25 09:10:38,599 - AdaPoinTr - INFO - base_model.decoder.blocks.blocks.7.norm_q.bias
2025-03-25 09:10:38,599 - AdaPoinTr - INFO - base_model.decoder.blocks.blocks.7.norm_v.weight
2025-03-25 09:10:38,599 - AdaPoinTr - INFO - base_model.decoder.blocks.blocks.7.norm_v.bias
2025-03-25 09:10:38,599 - AdaPoinTr - INFO - base_model.decoder.blocks.blocks.7.cross_attn.q_map.weight
2025-03-25 09:10:38,599 - AdaPoinTr - INFO - base_model.decoder.blocks.blocks.7.cross_attn.q_map.bias
2025-03-25 09:10:38,599 - AdaPoinTr - INFO - base_model.decoder.blocks.blocks.7.cross_attn.k_map.weight
2025-03-25 09:10:38,599 - AdaPoinTr - INFO - base_model.decoder.blocks.blocks.7.cross_attn.k_map.bias
2025-03-25 09:10:38,599 - AdaPoinTr - INFO - base_model.decoder.blocks.blocks.7.cross_attn.v_map.weight
2025-03-25 09:10:38,599 - AdaPoinTr - INFO - base_model.decoder.blocks.blocks.7.cross_attn.v_map.bias
2025-03-25 09:10:38,599 - AdaPoinTr - INFO - base_model.decoder.blocks.blocks.7.cross_attn.proj.weight
2025-03-25 09:10:38,599 - AdaPoinTr - INFO - base_model.decoder.blocks.blocks.7.cross_attn.proj.bias
2025-03-25 09:10:38,599 - AdaPoinTr - INFO - base_model.query_ranking.0.weight
2025-03-25 09:10:38,599 - AdaPoinTr - INFO - base_model.query_ranking.0.bias
2025-03-25 09:10:38,599 - AdaPoinTr - INFO - base_model.query_ranking.2.weight
2025-03-25 09:10:38,599 - AdaPoinTr - INFO - base_model.query_ranking.2.bias
2025-03-25 09:10:38,600 - AdaPoinTr - INFO - base_model.query_ranking.4.weight
2025-03-25 09:10:38,600 - AdaPoinTr - INFO - base_model.query_ranking.4.bias
2025-03-25 09:10:38,600 - AdaPoinTr - INFO - decode_head.layer.fc1.weight
2025-03-25 09:10:38,600 - AdaPoinTr - INFO - decode_head.layer.fc1.bias
2025-03-25 09:10:38,600 - AdaPoinTr - INFO - decode_head.layer.fc2.weight
2025-03-25 09:10:38,600 - AdaPoinTr - INFO - decode_head.layer.fc2.bias
2025-03-25 09:10:38,600 - AdaPoinTr - INFO - increase_dim.0.weight
2025-03-25 09:10:38,600 - AdaPoinTr - INFO - increase_dim.0.bias
2025-03-25 09:10:38,600 - AdaPoinTr - INFO - increase_dim.1.weight
2025-03-25 09:10:38,600 - AdaPoinTr - INFO - increase_dim.1.bias
2025-03-25 09:10:38,600 - AdaPoinTr - INFO - increase_dim.3.weight
2025-03-25 09:10:38,600 - AdaPoinTr - INFO - increase_dim.3.bias
2025-03-25 09:10:38,600 - AdaPoinTr - INFO - reduce_map.weight
2025-03-25 09:10:38,600 - AdaPoinTr - INFO - reduce_map.bias
2025-03-25 09:10:38,600 - AdaPoinTr - INFO - =========================
2025-03-25 09:10:38,600 - AdaPoinTr - INFO - Untrainable_parameters:
2025-03-25 09:10:38,600 - AdaPoinTr - INFO - =========================
2025-03-25 09:10:38,600 - AdaPoinTr - INFO - =========================
2025-03-25 09:10:38,600 - AdaPoinTr - INFO - Using Data parallel ...
2025-03-25 09:10:40,309 - AdaPoinTr - INFO - [Epoch 0/600][Batch 1/1311] BatchTime = 1.705 (s) DataTime = 0.053 (s) Losses = ['26.5999', '292.9533'] lr = 0.000100
2025-03-25 09:11:46,595 - AdaPoinTr - INFO - [Epoch 0/600][Batch 101/1311] BatchTime = 0.665 (s) DataTime = 0.001 (s) Losses = ['13.7331', '136.3824'] lr = 0.000100
2025-03-25 09:12:52,977 - AdaPoinTr - INFO - [Epoch 0/600][Batch 201/1311] BatchTime = 0.664 (s) DataTime = 0.001 (s) Losses = ['11.1804', '103.6596'] lr = 0.000100
2025-03-25 09:13:59,353 - AdaPoinTr - INFO - [Epoch 0/600][Batch 301/1311] BatchTime = 0.664 (s) DataTime = 0.001 (s) Losses = ['10.5687', '85.8378'] lr = 0.000100
2025-03-25 09:15:05,737 - AdaPoinTr - INFO - [Epoch 0/600][Batch 401/1311] BatchTime = 0.664 (s) DataTime = 0.001 (s) Losses = ['9.7843', '85.7949'] lr = 0.000100
2025-03-25 09:16:12,115 - AdaPoinTr - INFO - [Epoch 0/600][Batch 501/1311] BatchTime = 0.662 (s) DataTime = 0.001 (s) Losses = ['10.6220', '78.0123'] lr = 0.000100
2025-03-25 09:17:18,490 - AdaPoinTr - INFO - [Epoch 0/600][Batch 601/1311] BatchTime = 0.662 (s) DataTime = 0.001 (s) Losses = ['10.0226', '80.3878'] lr = 0.000100
2025-03-25 09:18:24,868 - AdaPoinTr - INFO - [Epoch 0/600][Batch 701/1311] BatchTime = 0.665 (s) DataTime = 0.001 (s) Losses = ['9.7977', '70.0136'] lr = 0.000100
2025-03-25 09:19:31,239 - AdaPoinTr - INFO - [Epoch 0/600][Batch 801/1311] BatchTime = 0.666 (s) DataTime = 0.001 (s) Losses = ['10.2430', '74.0914'] lr = 0.000100
2025-03-25 09:20:37,610 - AdaPoinTr - INFO - [Epoch 0/600][Batch 901/1311] BatchTime = 0.664 (s) DataTime = 0.001 (s) Losses = ['9.4673', '73.5727'] lr = 0.000100
2025-03-25 09:21:43,994 - AdaPoinTr - INFO - [Epoch 0/600][Batch 1001/1311] BatchTime = 0.663 (s) DataTime = 0.001 (s) Losses = ['9.8738', '67.6403'] lr = 0.000100
2025-03-25 09:22:50,370 - AdaPoinTr - INFO - [Epoch 0/600][Batch 1101/1311] BatchTime = 0.666 (s) DataTime = 0.001 (s) Losses = ['8.9033', '60.3212'] lr = 0.000100
2025-03-25 09:23:56,785 - AdaPoinTr - INFO - [Epoch 0/600][Batch 1201/1311] BatchTime = 0.664 (s) DataTime = 0.001 (s) Losses = ['9.1210', '61.8786'] lr = 0.000100
2025-03-25 09:25:03,222 - AdaPoinTr - INFO - [Epoch 0/600][Batch 1301/1311] BatchTime = 0.663 (s) DataTime = 0.001 (s) Losses = ['8.3722', '58.2515'] lr = 0.000100
2025-03-25 09:25:09,886 - AdaPoinTr - INFO - [Training] EPOCH: 0 EpochTime = 871.281 (s) Losses = ['10.5608', '81.7282']
2025-03-25 09:25:09,886 - AdaPoinTr - INFO - [VALIDATION] Start validating epoch 0
2025-03-25 09:25:41,523 - AdaPoinTr - INFO - Test[1051/10518] Taxonomy = 02691156 Sample = c7749c0a8b61f43bc9b9e28055202e3d Losses = ['33.2257', '7.6271', '24.6715', '4.3394'] Metrics = ['0.3086', '24.6715', '4.3394', '0.0000']
2025-03-25 09:26:12,846 - AdaPoinTr - INFO - Test[2102/10518] Taxonomy = 03211117 Sample = ab2f9418c111cc6ddb965514105122a4 Losses = ['30.7826', '3.9828', '21.0978', '1.9970'] Metrics = ['0.3311', '21.0978', '1.9970', '0.0000']
2025-03-25 09:26:44,238 - AdaPoinTr - INFO - Test[3153/10518] Taxonomy = 02876657 Sample = c5032e4be091aabb36fe7a88df793982 Losses = ['61.2058', '15.3006', '44.4354', '9.0744'] Metrics = ['0.1471', '44.4354', '9.0744', '0.0000']
2025-03-25 09:27:15,479 - AdaPoinTr - INFO - Test[4204/10518] Taxonomy = 03211117 Sample = 722df1da5778d45b1e43523279c7f09f Losses = ['35.7708', '5.1093', '26.6539', '2.8447'] Metrics = ['0.2519', '26.6539', '2.8447', '0.0000']
2025-03-25 09:27:46,663 - AdaPoinTr - INFO - Test[5255/10518] Taxonomy = 02828884 Sample = 14b63361a48a9fffe4a048c146e8bd43 Losses = ['41.0211', '6.6623', '27.9656', '3.0632'] Metrics = ['0.2479', '27.9656', '3.0632', '0.0000']
2025-03-25 09:28:17,839 - AdaPoinTr - INFO - Test[6306/10518] Taxonomy = 03211117 Sample = d330d50a0255529d19ed6e1a590c9122 Losses = ['31.5007', '3.6837', '22.3581', '1.8626'] Metrics = ['0.2503', '22.3581', '1.8626', '0.0000']
2025-03-25 09:28:48,765 - AdaPoinTr - INFO - Test[7357/10518] Taxonomy = 04379243 Sample = b1ca280d9567270ade98d10ab5975b59 Losses = ['44.0322', '8.7351', '30.5347', '3.9463'] Metrics = ['0.1572', '30.5347', '3.9463', '0.0000']
2025-03-25 09:29:20,249 - AdaPoinTr - INFO - Test[8408/10518] Taxonomy = 03001627 Sample = 89208a619341d9fdb8c516ed5c4ce32 Losses = ['43.6976', '9.4796', '30.2517', '4.6786'] Metrics = ['0.1813', '30.2517', '4.6786', '0.0000']
2025-03-25 09:29:51,601 - AdaPoinTr - INFO - Test[9459/10518] Taxonomy = 03001627 Sample = d0255120e3351121c3bd24f986301745 Losses = ['40.4856', '6.5490', '28.3727', '3.0147'] Metrics = ['0.1508', '28.3727', '3.0147', '0.0000']
2025-03-25 09:30:23,097 - AdaPoinTr - INFO - Test[10510/10518] Taxonomy = 03636649 Sample = ea9ec4d9db2e06202471e6dd5ac3ef92 Losses = ['32.7503', '5.7072', '27.0902', '3.9884'] Metrics = ['0.4461', '27.0902', '3.9884', '0.0000']
2025-03-25 09:30:23,357 - AdaPoinTr - INFO - [Validation] EPOCH: 0  Metrics = ['0.2199', '30.4399', '4.6972', '0.0000']
2025-03-25 09:30:23,357 - AdaPoinTr - INFO - ============================ TEST RESULTS ============================
2025-03-25 09:30:23,357 - AdaPoinTr - INFO - Taxonomy	#Sample	F-Score	CDL1	CDL2	EMDistance	#ModelName	
2025-03-25 09:30:23,357 - AdaPoinTr - INFO - 03759954	14	0.357 	36.847 	10.023 	0.000 	microphone	
2025-03-25 09:30:23,357 - AdaPoinTr - INFO - 04330267	44	0.167 	30.947 	3.788 	0.000 	stove	
2025-03-25 09:30:23,357 - AdaPoinTr - INFO - 03261776	15	0.203 	49.264 	18.702 	0.000 	earphone	
2025-03-25 09:30:23,357 - AdaPoinTr - INFO - 03513137	33	0.124 	42.183 	8.636 	0.000 	helmet	
2025-03-25 09:30:23,357 - AdaPoinTr - INFO - 04460130	27	0.245 	28.677 	3.754 	0.000 	tower	
2025-03-25 09:30:23,357 - AdaPoinTr - INFO - 04468005	78	0.238 	22.485 	1.931 	0.000 	train	
2025-03-25 09:30:23,357 - AdaPoinTr - INFO - 03761084	31	0.134 	35.690 	4.859 	0.000 	microwaves	
2025-03-25 09:30:23,357 - AdaPoinTr - INFO - 04004475	34	0.154 	36.489 	5.686 	0.000 	printer	
2025-03-25 09:30:23,357 - AdaPoinTr - INFO - 03938244	20	0.163 	32.248 	4.217 	0.000 	pillow	
2025-03-25 09:30:23,357 - AdaPoinTr - INFO - 02992529	167	0.238 	22.928 	2.208 	0.000 	cellphone	
2025-03-25 09:30:23,357 - AdaPoinTr - INFO - 02808440	172	0.161 	33.348 	4.886 	0.000 	bathtub	
2025-03-25 09:30:23,357 - AdaPoinTr - INFO - 04530566	388	0.299 	21.858 	2.122 	0.000 	watercraft	
2025-03-25 09:30:23,357 - AdaPoinTr - INFO - 02871439	91	0.158 	30.839 	3.874 	0.000 	bookshelf	
2025-03-25 09:30:23,357 - AdaPoinTr - INFO - 03593526	120	0.148 	37.663 	6.318 	0.000 	jar	
2025-03-25 09:30:23,357 - AdaPoinTr - INFO - 04554684	34	0.128 	35.644 	4.691 	0.000 	washer	
2025-03-25 09:30:23,357 - AdaPoinTr - INFO - 03467517	160	0.509 	15.866 	1.199 	0.000 	guitar	
2025-03-25 09:30:23,357 - AdaPoinTr - INFO - 04401088	218	0.239 	22.326 	1.907 	0.000 	telephone	
2025-03-25 09:30:23,357 - AdaPoinTr - INFO - 02954340	12	0.150 	53.065 	15.708 	0.000 	cap	
2025-03-25 09:30:23,357 - AdaPoinTr - INFO - 02933112	315	0.146 	29.048 	3.046 	0.000 	cabinet	
2025-03-25 09:30:23,357 - AdaPoinTr - INFO - 03642806	92	0.219 	24.793 	2.609 	0.000 	laptop	
2025-03-25 09:30:23,357 - AdaPoinTr - INFO - 02924116	188	0.201 	24.158 	2.128 	0.000 	bus	
2025-03-25 09:30:23,357 - AdaPoinTr - INFO - 02946921	22	0.127 	39.000 	6.310 	0.000 	can	
2025-03-25 09:30:23,358 - AdaPoinTr - INFO - 02818832	47	0.169 	35.458 	5.992 	0.000 	bed	
2025-03-25 09:30:23,358 - AdaPoinTr - INFO - 04256520	635	0.166 	29.404 	3.694 	0.000 	sofa	
2025-03-25 09:30:23,358 - AdaPoinTr - INFO - 04379243	1687	0.227 	26.655 	3.708 	0.000 	table	
2025-03-25 09:30:23,358 - AdaPoinTr - INFO - 02747177	69	0.119 	34.079 	4.596 	0.000 	trash bin	
2025-03-25 09:30:23,358 - AdaPoinTr - INFO - 03046257	131	0.183 	30.716 	3.970 	0.000 	clock	
2025-03-25 09:30:23,358 - AdaPoinTr - INFO - 04225987	31	0.298 	24.850 	2.867 	0.000 	skateboard	
2025-03-25 09:30:23,358 - AdaPoinTr - INFO - 03797390	43	0.116 	37.549 	6.061 	0.000 	mug	
2025-03-25 09:30:23,358 - AdaPoinTr - INFO - 03001627	1356	0.216 	28.033 	3.575 	0.000 	chair	
2025-03-25 09:30:23,358 - AdaPoinTr - INFO - 03691459	320	0.148 	35.514 	5.307 	0.000 	loudspeaker	
2025-03-25 09:30:23,358 - AdaPoinTr - INFO - 02942699	23	0.149 	40.146 	7.437 	0.000 	camera	
2025-03-25 09:30:23,358 - AdaPoinTr - INFO - 03636649	464	0.304 	34.740 	7.572 	0.000 	lamp	
2025-03-25 09:30:23,358 - AdaPoinTr - INFO - 02691156	809	0.344 	19.465 	1.893 	0.000 	airplane	
2025-03-25 09:30:23,358 - AdaPoinTr - INFO - 02773838	17	0.202 	29.124 	3.694 	0.000 	bag	
2025-03-25 09:30:23,358 - AdaPoinTr - INFO - 02958343	703	0.154 	25.047 	2.131 	0.000 	car	
2025-03-25 09:30:23,358 - AdaPoinTr - INFO - 02880940	38	0.119 	41.980 	8.547 	0.000 	bowl	
2025-03-25 09:30:23,358 - AdaPoinTr - INFO - 04099429	17	0.475 	17.464 	1.523 	0.000 	rocket	
2025-03-25 09:30:23,358 - AdaPoinTr - INFO - 02828884	363	0.264 	22.511 	2.272 	0.000 	bench	
2025-03-25 09:30:23,358 - AdaPoinTr - INFO - 04090263	475	0.506 	15.105 	1.187 	0.000 	rifle	
2025-03-25 09:30:23,358 - AdaPoinTr - INFO - 03211117	219	0.202 	26.876 	3.102 	0.000 	display	
2025-03-25 09:30:23,358 - AdaPoinTr - INFO - 02876657	100	0.206 	28.672 	3.513 	0.000 	bottle	
2025-03-25 09:30:23,358 - AdaPoinTr - INFO - 03710193	19	0.295 	27.594 	3.632 	0.000 	mailbox	
2025-03-25 09:30:23,358 - AdaPoinTr - INFO - 03790512	68	0.193 	25.125 	2.553 	0.000 	motorbike	
2025-03-25 09:30:23,358 - AdaPoinTr - INFO - 03325088	149	0.264 	44.384 	12.160 	0.000 	faucet	
2025-03-25 09:30:23,358 - AdaPoinTr - INFO - 02801938	23	0.137 	37.858 	6.724 	0.000 	basket	
2025-03-25 09:30:23,358 - AdaPoinTr - INFO - 03337140	60	0.144 	31.714 	3.998 	0.000 	file cabinet	
2025-03-25 09:30:23,358 - AdaPoinTr - INFO - 02843684	15	0.146 	35.126 	5.208 	0.000 	birdhouse	
2025-03-25 09:30:23,358 - AdaPoinTr - INFO - 03624134	85	0.525 	15.626 	1.216 	0.000 	knife	
2025-03-25 09:30:23,358 - AdaPoinTr - INFO - 03991062	121	0.142 	36.693 	5.829 	0.000 	flowerpot	
2025-03-25 09:30:23,358 - AdaPoinTr - INFO - 03948459	62	0.313 	22.302 	2.472 	0.000 	pistol	
2025-03-25 09:30:23,358 - AdaPoinTr - INFO - 03928116	48	0.169 	33.365 	5.083 	0.000 	piano	
2025-03-25 09:30:23,358 - AdaPoinTr - INFO - 03207941	19	0.135 	35.330 	5.039 	0.000 	dishwasher	
2025-03-25 09:30:23,358 - AdaPoinTr - INFO - 04074963	14	0.249 	23.358 	2.029 	0.000 	remote	
2025-03-25 09:30:23,358 - AdaPoinTr - INFO - 03085013	13	0.307 	16.963 	1.160 	0.000 	keyboard	
2025-03-25 09:30:23,358 - AdaPoinTr - INFO - Overall		0.220 	30.440 	4.697 	0.000 	
2025-03-25 09:30:23,778 - AdaPoinTr - INFO - Save checkpoint at ./experiments/AdaPoinTr/ShapeNet55_models/AdaPoinTr_fog/ckpt-best.pth
2025-03-25 09:30:24,059 - AdaPoinTr - INFO - Save checkpoint at ./experiments/AdaPoinTr/ShapeNet55_models/AdaPoinTr_fog/ckpt-last.pth
2025-03-25 09:30:24,815 - AdaPoinTr - INFO - [Epoch 1/600][Batch 1/1311] BatchTime = 0.755 (s) DataTime = 0.082 (s) Losses = ['9.3277', '65.2226'] lr = 0.000099
2025-03-25 09:31:31,068 - AdaPoinTr - INFO - [Epoch 1/600][Batch 101/1311] BatchTime = 0.663 (s) DataTime = 0.001 (s) Losses = ['8.7235', '58.4451'] lr = 0.000099
2025-03-25 09:32:37,438 - AdaPoinTr - INFO - [Epoch 1/600][Batch 201/1311] BatchTime = 0.662 (s) DataTime = 0.001 (s) Losses = ['9.4299', '64.8371'] lr = 0.000099
2025-03-25 09:33:43,849 - AdaPoinTr - INFO - [Epoch 1/600][Batch 301/1311] BatchTime = 0.664 (s) DataTime = 0.001 (s) Losses = ['8.4090', '66.5938'] lr = 0.000099
2025-03-25 09:34:50,224 - AdaPoinTr - INFO - [Epoch 1/600][Batch 401/1311] BatchTime = 0.663 (s) DataTime = 0.001 (s) Losses = ['8.6901', '56.7651'] lr = 0.000099
2025-03-25 09:35:56,651 - AdaPoinTr - INFO - [Epoch 1/600][Batch 501/1311] BatchTime = 0.665 (s) DataTime = 0.001 (s) Losses = ['7.9759', '54.6389'] lr = 0.000099
2025-03-25 09:37:03,056 - AdaPoinTr - INFO - [Epoch 1/600][Batch 601/1311] BatchTime = 0.664 (s) DataTime = 0.001 (s) Losses = ['8.5783', '61.0601'] lr = 0.000099
2025-03-25 09:38:09,420 - AdaPoinTr - INFO - [Epoch 1/600][Batch 701/1311] BatchTime = 0.662 (s) DataTime = 0.001 (s) Losses = ['8.6326', '61.5318'] lr = 0.000099
2025-03-25 09:39:15,854 - AdaPoinTr - INFO - [Epoch 1/600][Batch 801/1311] BatchTime = 0.665 (s) DataTime = 0.001 (s) Losses = ['8.1724', '58.4306'] lr = 0.000099
2025-03-25 09:40:22,273 - AdaPoinTr - INFO - [Epoch 1/600][Batch 901/1311] BatchTime = 0.663 (s) DataTime = 0.001 (s) Losses = ['7.7778', '55.2142'] lr = 0.000099
2025-03-25 09:41:28,671 - AdaPoinTr - INFO - [Epoch 1/600][Batch 1001/1311] BatchTime = 0.663 (s) DataTime = 0.001 (s) Losses = ['8.5050', '63.7119'] lr = 0.000099
2025-03-25 09:42:35,105 - AdaPoinTr - INFO - [Epoch 1/600][Batch 1101/1311] BatchTime = 0.665 (s) DataTime = 0.001 (s) Losses = ['7.6604', '53.0757'] lr = 0.000099
2025-03-25 09:43:41,506 - AdaPoinTr - INFO - [Epoch 1/600][Batch 1201/1311] BatchTime = 0.662 (s) DataTime = 0.001 (s) Losses = ['7.9834', '54.9504'] lr = 0.000099
2025-03-25 09:44:47,931 - AdaPoinTr - INFO - [Epoch 1/600][Batch 1301/1311] BatchTime = 0.662 (s) DataTime = 0.001 (s) Losses = ['8.7464', '61.4085'] lr = 0.000099
2025-03-25 09:44:54,590 - AdaPoinTr - INFO - [Training] EPOCH: 1 EpochTime = 870.529 (s) Losses = ['8.3734', '60.1726']
2025-03-25 09:44:54,590 - AdaPoinTr - INFO - [VALIDATION] Start validating epoch 1
2025-03-25 09:45:25,486 - AdaPoinTr - INFO - Test[1051/10518] Taxonomy = 02691156 Sample = c7749c0a8b61f43bc9b9e28055202e3d Losses = ['31.6027', '5.2610', '18.8877', '1.4525'] Metrics = ['0.3281', '18.8877', '1.4525', '0.0000']
2025-03-25 09:45:56,348 - AdaPoinTr - INFO - Test[2102/10518] Taxonomy = 03211117 Sample = ab2f9418c111cc6ddb965514105122a4 Losses = ['27.3853', '2.9388', '15.6629', '0.9121'] Metrics = ['0.3816', '15.6629', '0.9121', '0.0000']
2025-03-25 09:46:27,246 - AdaPoinTr - INFO - Test[3153/10518] Taxonomy = 02876657 Sample = c5032e4be091aabb36fe7a88df793982 Losses = ['43.4651', '6.9681', '29.6779', '3.6004'] Metrics = ['0.1512', '29.6779', '3.6004', '0.0000']
2025-03-25 09:46:58,273 - AdaPoinTr - INFO - Test[4204/10518] Taxonomy = 03211117 Sample = 722df1da5778d45b1e43523279c7f09f Losses = ['32.4559', '3.9874', '21.1234', '1.6881'] Metrics = ['0.2566', '21.1234', '1.6881', '0.0000']
2025-03-25 09:47:29,614 - AdaPoinTr - INFO - Test[5255/10518] Taxonomy = 02828884 Sample = 14b63361a48a9fffe4a048c146e8bd43 Losses = ['35.5306', '4.7649', '23.7050', '2.0603'] Metrics = ['0.2735', '23.7050', '2.0603', '0.0000']
2025-03-25 09:48:01,036 - AdaPoinTr - INFO - Test[6306/10518] Taxonomy = 03211117 Sample = d330d50a0255529d19ed6e1a590c9122 Losses = ['29.2513', '3.5105', '18.6893', '1.2799'] Metrics = ['0.2781', '18.6893', '1.2799', '0.0000']
2025-03-25 09:48:32,516 - AdaPoinTr - INFO - Test[7357/10518] Taxonomy = 04379243 Sample = b1ca280d9567270ade98d10ab5975b59 Losses = ['44.1596', '9.2476', '25.3394', '2.5781'] Metrics = ['0.1634', '25.3394', '2.5781', '0.0000']
2025-03-25 09:49:03,999 - AdaPoinTr - INFO - Test[8408/10518] Taxonomy = 03001627 Sample = 89208a619341d9fdb8c516ed5c4ce32 Losses = ['39.3516', '5.9110', '25.3911', '2.3251'] Metrics = ['0.1712', '25.3911', '2.3251', '0.0000']
2025-03-25 09:49:35,514 - AdaPoinTr - INFO - Test[9459/10518] Taxonomy = 03001627 Sample = d0255120e3351121c3bd24f986301745 Losses = ['40.7467', '6.6903', '26.8964', '2.6611'] Metrics = ['0.1668', '26.8964', '2.6611', '0.0000']
2025-03-25 09:50:06,713 - AdaPoinTr - INFO - Test[10510/10518] Taxonomy = 03636649 Sample = ea9ec4d9db2e06202471e6dd5ac3ef92 Losses = ['41.7409', '7.5060', '30.1411', '5.1277'] Metrics = ['0.4432', '30.1411', '5.1277', '0.0000']
2025-03-25 09:50:06,977 - AdaPoinTr - INFO - [Validation] EPOCH: 1  Metrics = ['0.2404', '25.1560', '3.0108', '0.0000']
2025-03-25 09:50:06,977 - AdaPoinTr - INFO - ============================ TEST RESULTS ============================
2025-03-25 09:50:06,977 - AdaPoinTr - INFO - Taxonomy	#Sample	F-Score	CDL1	CDL2	EMDistance	#ModelName	
2025-03-25 09:50:06,977 - AdaPoinTr - INFO - 03759954	14	0.374 	28.344 	5.906 	0.000 	microphone	
2025-03-25 09:50:06,977 - AdaPoinTr - INFO - 04330267	44	0.184 	25.778 	2.490 	0.000 	stove	
2025-03-25 09:50:06,977 - AdaPoinTr - INFO - 03261776	15	0.209 	47.146 	17.282 	0.000 	earphone	
2025-03-25 09:50:06,977 - AdaPoinTr - INFO - 03513137	33	0.133 	35.179 	5.675 	0.000 	helmet	
2025-03-25 09:50:06,977 - AdaPoinTr - INFO - 04460130	27	0.274 	23.845 	2.371 	0.000 	tower	
2025-03-25 09:50:06,977 - AdaPoinTr - INFO - 04468005	78	0.259 	20.170 	1.522 	0.000 	train	
2025-03-25 09:50:06,977 - AdaPoinTr - INFO - 03761084	31	0.146 	28.548 	2.889 	0.000 	microwaves	
2025-03-25 09:50:06,977 - AdaPoinTr - INFO - 04004475	34	0.167 	30.464 	4.117 	0.000 	printer	
2025-03-25 09:50:06,977 - AdaPoinTr - INFO - 03938244	20	0.170 	27.124 	2.726 	0.000 	pillow	
2025-03-25 09:50:06,977 - AdaPoinTr - INFO - 02992529	167	0.253 	19.092 	1.276 	0.000 	cellphone	
2025-03-25 09:50:06,977 - AdaPoinTr - INFO - 02808440	172	0.182 	25.998 	2.690 	0.000 	bathtub	
2025-03-25 09:50:06,978 - AdaPoinTr - INFO - 04530566	388	0.326 	18.887 	1.488 	0.000 	watercraft	
2025-03-25 09:50:06,978 - AdaPoinTr - INFO - 02871439	91	0.172 	26.306 	2.677 	0.000 	bookshelf	
2025-03-25 09:50:06,978 - AdaPoinTr - INFO - 03593526	120	0.163 	30.957 	3.995 	0.000 	jar	
2025-03-25 09:50:06,978 - AdaPoinTr - INFO - 04554684	34	0.142 	29.092 	3.030 	0.000 	washer	
2025-03-25 09:50:06,978 - AdaPoinTr - INFO - 03467517	160	0.582 	12.663 	0.726 	0.000 	guitar	
2025-03-25 09:50:06,978 - AdaPoinTr - INFO - 04401088	218	0.255 	18.838 	1.231 	0.000 	telephone	
2025-03-25 09:50:06,978 - AdaPoinTr - INFO - 02954340	12	0.165 	37.616 	7.537 	0.000 	cap	
2025-03-25 09:50:06,978 - AdaPoinTr - INFO - 02933112	315	0.165 	24.051 	1.937 	0.000 	cabinet	
2025-03-25 09:50:06,978 - AdaPoinTr - INFO - 03642806	92	0.240 	19.143 	1.279 	0.000 	laptop	
2025-03-25 09:50:06,978 - AdaPoinTr - INFO - 02924116	188	0.226 	20.924 	1.539 	0.000 	bus	
2025-03-25 09:50:06,978 - AdaPoinTr - INFO - 02946921	22	0.142 	28.868 	3.132 	0.000 	can	
2025-03-25 09:50:06,978 - AdaPoinTr - INFO - 02818832	47	0.178 	29.062 	3.650 	0.000 	bed	
2025-03-25 09:50:06,978 - AdaPoinTr - INFO - 04256520	635	0.175 	25.140 	2.411 	0.000 	sofa	
2025-03-25 09:50:06,978 - AdaPoinTr - INFO - 04379243	1687	0.248 	22.026 	2.374 	0.000 	table	
2025-03-25 09:50:06,978 - AdaPoinTr - INFO - 02747177	69	0.129 	28.776 	3.018 	0.000 	trash bin	
2025-03-25 09:50:06,978 - AdaPoinTr - INFO - 03046257	131	0.198 	25.392 	2.530 	0.000 	clock	
2025-03-25 09:50:06,978 - AdaPoinTr - INFO - 04225987	31	0.362 	17.997 	1.476 	0.000 	skateboard	
2025-03-25 09:50:06,978 - AdaPoinTr - INFO - 03797390	43	0.120 	30.993 	3.709 	0.000 	mug	
2025-03-25 09:50:06,978 - AdaPoinTr - INFO - 03001627	1356	0.232 	24.004 	2.431 	0.000 	chair	
2025-03-25 09:50:06,978 - AdaPoinTr - INFO - 03691459	320	0.163 	28.768 	3.292 	0.000 	loudspeaker	
2025-03-25 09:50:06,978 - AdaPoinTr - INFO - 02942699	23	0.155 	33.626 	4.816 	0.000 	camera	
2025-03-25 09:50:06,978 - AdaPoinTr - INFO - 03636649	464	0.338 	27.846 	4.726 	0.000 	lamp	
2025-03-25 09:50:06,978 - AdaPoinTr - INFO - 02691156	809	0.378 	16.948 	1.232 	0.000 	airplane	
2025-03-25 09:50:06,978 - AdaPoinTr - INFO - 02773838	17	0.220 	24.057 	2.434 	0.000 	bag	
2025-03-25 09:50:06,978 - AdaPoinTr - INFO - 02958343	703	0.165 	22.735 	1.652 	0.000 	car	
2025-03-25 09:50:06,978 - AdaPoinTr - INFO - 02880940	38	0.129 	31.981 	4.046 	0.000 	bowl	
2025-03-25 09:50:06,978 - AdaPoinTr - INFO - 04099429	17	0.504 	15.112 	1.065 	0.000 	rocket	
2025-03-25 09:50:06,978 - AdaPoinTr - INFO - 02828884	363	0.296 	19.015 	1.584 	0.000 	bench	
2025-03-25 09:50:06,978 - AdaPoinTr - INFO - 04090263	475	0.547 	13.194 	0.838 	0.000 	rifle	
2025-03-25 09:50:06,978 - AdaPoinTr - INFO - 03211117	219	0.214 	23.103 	2.211 	0.000 	display	
2025-03-25 09:50:06,978 - AdaPoinTr - INFO - 02876657	100	0.243 	23.727 	2.453 	0.000 	bottle	
2025-03-25 09:50:06,978 - AdaPoinTr - INFO - 03710193	19	0.332 	25.143 	3.321 	0.000 	mailbox	
2025-03-25 09:50:06,978 - AdaPoinTr - INFO - 03790512	68	0.205 	22.969 	2.046 	0.000 	motorbike	
2025-03-25 09:50:06,978 - AdaPoinTr - INFO - 03325088	149	0.290 	33.679 	6.738 	0.000 	faucet	
2025-03-25 09:50:06,978 - AdaPoinTr - INFO - 02801938	23	0.146 	27.792 	2.901 	0.000 	basket	
2025-03-25 09:50:06,978 - AdaPoinTr - INFO - 03337140	60	0.163 	26.553 	2.722 	0.000 	file cabinet	
2025-03-25 09:50:06,978 - AdaPoinTr - INFO - 02843684	15	0.154 	29.736 	3.235 	0.000 	birdhouse	
2025-03-25 09:50:06,978 - AdaPoinTr - INFO - 03624134	85	0.576 	13.570 	0.913 	0.000 	knife	
2025-03-25 09:50:06,978 - AdaPoinTr - INFO - 03991062	121	0.151 	31.271 	3.922 	0.000 	flowerpot	
2025-03-25 09:50:06,978 - AdaPoinTr - INFO - 03948459	62	0.344 	18.572 	1.541 	0.000 	pistol	
2025-03-25 09:50:06,978 - AdaPoinTr - INFO - 03928116	48	0.184 	28.135 	3.477 	0.000 	piano	
2025-03-25 09:50:06,978 - AdaPoinTr - INFO - 03207941	19	0.150 	28.538 	3.070 	0.000 	dishwasher	
2025-03-25 09:50:06,978 - AdaPoinTr - INFO - 04074963	14	0.275 	19.754 	1.412 	0.000 	remote	
2025-03-25 09:50:06,978 - AdaPoinTr - INFO - 03085013	13	0.330 	15.333 	0.830 	0.000 	keyboard	
2025-03-25 09:50:06,978 - AdaPoinTr - INFO - Overall		0.240 	25.156 	3.011 	0.000 	
2025-03-25 09:50:07,411 - AdaPoinTr - INFO - Save checkpoint at ./experiments/AdaPoinTr/ShapeNet55_models/AdaPoinTr_fog/ckpt-best.pth
2025-03-25 09:50:07,833 - AdaPoinTr - INFO - Save checkpoint at ./experiments/AdaPoinTr/ShapeNet55_models/AdaPoinTr_fog/ckpt-last.pth
2025-03-25 09:50:08,592 - AdaPoinTr - INFO - [Epoch 2/600][Batch 1/1311] BatchTime = 0.758 (s) DataTime = 0.084 (s) Losses = ['8.0098', '55.8388'] lr = 0.000099
2025-03-25 09:51:14,866 - AdaPoinTr - INFO - [Epoch 2/600][Batch 101/1311] BatchTime = 0.665 (s) DataTime = 0.001 (s) Losses = ['8.6799', '58.8137'] lr = 0.000099
2025-03-25 09:52:21,288 - AdaPoinTr - INFO - [Epoch 2/600][Batch 201/1311] BatchTime = 0.664 (s) DataTime = 0.001 (s) Losses = ['7.7061', '57.1240'] lr = 0.000099
2025-03-25 09:53:27,674 - AdaPoinTr - INFO - [Epoch 2/600][Batch 301/1311] BatchTime = 0.662 (s) DataTime = 0.001 (s) Losses = ['7.7280', '55.8963'] lr = 0.000099
2025-03-25 09:54:34,093 - AdaPoinTr - INFO - [Epoch 2/600][Batch 401/1311] BatchTime = 0.662 (s) DataTime = 0.001 (s) Losses = ['7.4995', '50.7354'] lr = 0.000099
2025-03-25 09:55:40,514 - AdaPoinTr - INFO - [Epoch 2/600][Batch 501/1311] BatchTime = 0.664 (s) DataTime = 0.001 (s) Losses = ['7.8030', '58.0102'] lr = 0.000099
2025-03-25 09:56:46,915 - AdaPoinTr - INFO - [Epoch 2/600][Batch 601/1311] BatchTime = 0.662 (s) DataTime = 0.001 (s) Losses = ['7.6139', '55.2670'] lr = 0.000099
2025-03-25 09:57:53,323 - AdaPoinTr - INFO - [Epoch 2/600][Batch 701/1311] BatchTime = 0.665 (s) DataTime = 0.001 (s) Losses = ['7.4756', '54.0401'] lr = 0.000099
2025-03-25 09:58:59,724 - AdaPoinTr - INFO - [Epoch 2/600][Batch 801/1311] BatchTime = 0.664 (s) DataTime = 0.001 (s) Losses = ['7.0811', '50.8957'] lr = 0.000099
2025-03-25 10:00:06,126 - AdaPoinTr - INFO - [Epoch 2/600][Batch 901/1311] BatchTime = 0.665 (s) DataTime = 0.001 (s) Losses = ['7.6400', '54.9146'] lr = 0.000099
2025-03-25 10:01:12,563 - AdaPoinTr - INFO - [Epoch 2/600][Batch 1001/1311] BatchTime = 0.664 (s) DataTime = 0.001 (s) Losses = ['7.8876', '53.1390'] lr = 0.000099
2025-03-25 10:02:18,965 - AdaPoinTr - INFO - [Epoch 2/600][Batch 1101/1311] BatchTime = 0.664 (s) DataTime = 0.001 (s) Losses = ['7.7322', '54.7850'] lr = 0.000099
2025-03-25 10:03:25,378 - AdaPoinTr - INFO - [Epoch 2/600][Batch 1201/1311] BatchTime = 0.663 (s) DataTime = 0.001 (s) Losses = ['7.2075', '50.6488'] lr = 0.000099
2025-03-25 10:04:31,813 - AdaPoinTr - INFO - [Epoch 2/600][Batch 1301/1311] BatchTime = 0.665 (s) DataTime = 0.001 (s) Losses = ['7.3255', '51.2993'] lr = 0.000099
2025-03-25 10:04:38,488 - AdaPoinTr - INFO - [Training] EPOCH: 2 EpochTime = 870.654 (s) Losses = ['7.7587', '55.0838']
2025-03-25 10:04:38,488 - AdaPoinTr - INFO - [VALIDATION] Start validating epoch 2
2025-03-25 10:05:10,084 - AdaPoinTr - INFO - Test[1051/10518] Taxonomy = 02691156 Sample = c7749c0a8b61f43bc9b9e28055202e3d Losses = ['30.5860', '4.7463', '17.7506', '1.2215'] Metrics = ['0.3537', '17.7506', '1.2215', '0.0000']
2025-03-25 10:05:41,708 - AdaPoinTr - INFO - Test[2102/10518] Taxonomy = 03211117 Sample = ab2f9418c111cc6ddb965514105122a4 Losses = ['29.1705', '3.0577', '12.7286', '0.5290'] Metrics = ['0.4463', '12.7286', '0.5290', '0.0000']
2025-03-25 10:06:13,238 - AdaPoinTr - INFO - Test[3153/10518] Taxonomy = 02876657 Sample = c5032e4be091aabb36fe7a88df793982 Losses = ['43.8334', '6.7272', '24.7017', '2.1215'] Metrics = ['0.1828', '24.7017', '2.1215', '0.0000']
2025-03-25 10:06:44,747 - AdaPoinTr - INFO - Test[4204/10518] Taxonomy = 03211117 Sample = 722df1da5778d45b1e43523279c7f09f Losses = ['33.2759', '4.2378', '20.4486', '1.7409'] Metrics = ['0.2920', '20.4486', '1.7409', '0.0000']
2025-03-25 10:07:16,296 - AdaPoinTr - INFO - Test[5255/10518] Taxonomy = 02828884 Sample = 14b63361a48a9fffe4a048c146e8bd43 Losses = ['36.7531', '5.0384', '27.1742', '3.1737'] Metrics = ['0.2979', '27.1742', '3.1737', '0.0000']
2025-03-25 10:07:47,758 - AdaPoinTr - INFO - Test[6306/10518] Taxonomy = 03211117 Sample = d330d50a0255529d19ed6e1a590c9122 Losses = ['34.3849', '5.2675', '20.3038', '2.6377'] Metrics = ['0.3251', '20.3038', '2.6377', '0.0000']
2025-03-25 10:08:19,198 - AdaPoinTr - INFO - Test[7357/10518] Taxonomy = 04379243 Sample = b1ca280d9567270ade98d10ab5975b59 Losses = ['39.1309', '6.7731', '19.8254', '1.4146'] Metrics = ['0.2080', '19.8254', '1.4146', '0.0000']
2025-03-25 10:08:50,729 - AdaPoinTr - INFO - Test[8408/10518] Taxonomy = 03001627 Sample = 89208a619341d9fdb8c516ed5c4ce32 Losses = ['33.2767', '3.9816', '17.9351', '0.9771'] Metrics = ['0.2206', '17.9351', '0.9771', '0.0000']
2025-03-25 10:09:22,245 - AdaPoinTr - INFO - Test[9459/10518] Taxonomy = 03001627 Sample = d0255120e3351121c3bd24f986301745 Losses = ['38.9556', '5.8713', '24.1338', '2.0699'] Metrics = ['0.1730', '24.1338', '2.0699', '0.0000']
2025-03-25 10:09:53,588 - AdaPoinTr - INFO - Test[10510/10518] Taxonomy = 03636649 Sample = ea9ec4d9db2e06202471e6dd5ac3ef92 Losses = ['38.3990', '6.5152', '27.5204', '3.9201'] Metrics = ['0.4587', '27.5204', '3.9201', '0.0000']
2025-03-25 10:09:53,849 - AdaPoinTr - INFO - [Validation] EPOCH: 2  Metrics = ['0.2746', '21.6961', '2.2775', '0.0000']
2025-03-25 10:09:53,850 - AdaPoinTr - INFO - ============================ TEST RESULTS ============================
2025-03-25 10:09:53,850 - AdaPoinTr - INFO - Taxonomy	#Sample	F-Score	CDL1	CDL2	EMDistance	#ModelName	
2025-03-25 10:09:53,850 - AdaPoinTr - INFO - 03759954	14	0.431 	24.993 	5.214 	0.000 	microphone	
2025-03-25 10:09:53,850 - AdaPoinTr - INFO - 04330267	44	0.209 	22.704 	1.960 	0.000 	stove	
2025-03-25 10:09:53,850 - AdaPoinTr - INFO - 03261776	15	0.226 	42.170 	14.466 	0.000 	earphone	
2025-03-25 10:09:53,850 - AdaPoinTr - INFO - 03513137	33	0.152 	29.883 	3.961 	0.000 	helmet	
2025-03-25 10:09:53,850 - AdaPoinTr - INFO - 04460130	27	0.310 	20.618 	1.768 	0.000 	tower	
2025-03-25 10:09:53,850 - AdaPoinTr - INFO - 04468005	78	0.297 	17.900 	1.181 	0.000 	train	
2025-03-25 10:09:53,850 - AdaPoinTr - INFO - 03761084	31	0.169 	23.842 	1.928 	0.000 	microwaves	
2025-03-25 10:09:53,850 - AdaPoinTr - INFO - 04004475	34	0.198 	24.658 	2.480 	0.000 	printer	
2025-03-25 10:09:53,850 - AdaPoinTr - INFO - 03938244	20	0.199 	23.489 	2.052 	0.000 	pillow	
2025-03-25 10:09:53,850 - AdaPoinTr - INFO - 02992529	167	0.305 	16.287 	0.995 	0.000 	cellphone	
2025-03-25 10:09:53,850 - AdaPoinTr - INFO - 02808440	172	0.211 	22.609 	2.004 	0.000 	bathtub	
2025-03-25 10:09:53,850 - AdaPoinTr - INFO - 04530566	388	0.376 	16.386 	1.125 	0.000 	watercraft	
2025-03-25 10:09:53,850 - AdaPoinTr - INFO - 02871439	91	0.190 	23.681 	2.176 	0.000 	bookshelf	
2025-03-25 10:09:53,850 - AdaPoinTr - INFO - 03593526	120	0.184 	27.192 	3.056 	0.000 	jar	
2025-03-25 10:09:53,850 - AdaPoinTr - INFO - 04554684	34	0.160 	25.795 	2.536 	0.000 	washer	
2025-03-25 10:09:53,850 - AdaPoinTr - INFO - 03467517	160	0.631 	11.253 	0.590 	0.000 	guitar	
2025-03-25 10:09:53,850 - AdaPoinTr - INFO - 04401088	218	0.308 	15.968 	0.912 	0.000 	telephone	
2025-03-25 10:09:53,850 - AdaPoinTr - INFO - 02954340	12	0.213 	25.887 	3.762 	0.000 	cap	
2025-03-25 10:09:53,850 - AdaPoinTr - INFO - 02933112	315	0.189 	21.019 	1.462 	0.000 	cabinet	
2025-03-25 10:09:53,850 - AdaPoinTr - INFO - 03642806	92	0.288 	16.034 	0.843 	0.000 	laptop	
2025-03-25 10:09:53,850 - AdaPoinTr - INFO - 02924116	188	0.265 	18.093 	1.108 	0.000 	bus	
2025-03-25 10:09:53,850 - AdaPoinTr - INFO - 02946921	22	0.171 	25.624 	2.460 	0.000 	can	
2025-03-25 10:09:53,850 - AdaPoinTr - INFO - 02818832	47	0.207 	24.501 	2.575 	0.000 	bed	
2025-03-25 10:09:53,850 - AdaPoinTr - INFO - 04256520	635	0.212 	21.200 	1.687 	0.000 	sofa	
2025-03-25 10:09:53,850 - AdaPoinTr - INFO - 04379243	1687	0.305 	18.270 	1.636 	0.000 	table	
2025-03-25 10:09:53,850 - AdaPoinTr - INFO - 02747177	69	0.144 	26.623 	2.574 	0.000 	trash bin	
2025-03-25 10:09:53,850 - AdaPoinTr - INFO - 03046257	131	0.228 	22.036 	2.073 	0.000 	clock	
2025-03-25 10:09:53,850 - AdaPoinTr - INFO - 04225987	31	0.434 	14.378 	0.934 	0.000 	skateboard	
2025-03-25 10:09:53,850 - AdaPoinTr - INFO - 03797390	43	0.132 	27.798 	3.117 	0.000 	mug	
2025-03-25 10:09:53,850 - AdaPoinTr - INFO - 03001627	1356	0.273 	20.307 	1.751 	0.000 	chair	
2025-03-25 10:09:53,850 - AdaPoinTr - INFO - 03691459	320	0.187 	25.234 	2.629 	0.000 	loudspeaker	
2025-03-25 10:09:53,850 - AdaPoinTr - INFO - 02942699	23	0.178 	28.579 	3.575 	0.000 	camera	
2025-03-25 10:09:53,850 - AdaPoinTr - INFO - 03636649	464	0.393 	23.192 	3.618 	0.000 	lamp	
2025-03-25 10:09:53,850 - AdaPoinTr - INFO - 02691156	809	0.423 	15.102 	1.013 	0.000 	airplane	
2025-03-25 10:09:53,850 - AdaPoinTr - INFO - 02773838	17	0.262 	19.720 	1.512 	0.000 	bag	
2025-03-25 10:09:53,850 - AdaPoinTr - INFO - 02958343	703	0.179 	21.499 	1.474 	0.000 	car	
2025-03-25 10:09:53,850 - AdaPoinTr - INFO - 02880940	38	0.151 	27.869 	3.065 	0.000 	bowl	
2025-03-25 10:09:53,850 - AdaPoinTr - INFO - 04099429	17	0.553 	13.636 	0.928 	0.000 	rocket	
2025-03-25 10:09:53,850 - AdaPoinTr - INFO - 02828884	363	0.345 	16.318 	1.197 	0.000 	bench	
2025-03-25 10:09:53,850 - AdaPoinTr - INFO - 04090263	475	0.587 	12.132 	0.739 	0.000 	rifle	
2025-03-25 10:09:53,850 - AdaPoinTr - INFO - 03211117	219	0.251 	19.264 	1.460 	0.000 	display	
2025-03-25 10:09:53,850 - AdaPoinTr - INFO - 02876657	100	0.292 	19.493 	1.551 	0.000 	bottle	
2025-03-25 10:09:53,850 - AdaPoinTr - INFO - 03710193	19	0.396 	18.026 	1.537 	0.000 	mailbox	
2025-03-25 10:09:53,850 - AdaPoinTr - INFO - 03790512	68	0.214 	21.797 	1.766 	0.000 	motorbike	
2025-03-25 10:09:53,850 - AdaPoinTr - INFO - 03325088	149	0.325 	27.156 	4.604 	0.000 	faucet	
2025-03-25 10:09:53,850 - AdaPoinTr - INFO - 02801938	23	0.168 	24.675 	2.305 	0.000 	basket	
2025-03-25 10:09:53,850 - AdaPoinTr - INFO - 03337140	60	0.183 	22.781 	1.911 	0.000 	file cabinet	
2025-03-25 10:09:53,850 - AdaPoinTr - INFO - 02843684	15	0.164 	28.703 	3.247 	0.000 	birdhouse	
2025-03-25 10:09:53,850 - AdaPoinTr - INFO - 03624134	85	0.601 	12.124 	0.704 	0.000 	knife	
2025-03-25 10:09:53,851 - AdaPoinTr - INFO - 03991062	121	0.167 	28.804 	3.444 	0.000 	flowerpot	
2025-03-25 10:09:53,851 - AdaPoinTr - INFO - 03948459	62	0.375 	16.795 	1.283 	0.000 	pistol	
2025-03-25 10:09:53,851 - AdaPoinTr - INFO - 03928116	48	0.217 	24.578 	3.082 	0.000 	piano	
2025-03-25 10:09:53,851 - AdaPoinTr - INFO - 03207941	19	0.171 	25.073 	2.633 	0.000 	dishwasher	
2025-03-25 10:09:53,851 - AdaPoinTr - INFO - 04074963	14	0.332 	16.039 	0.899 	0.000 	remote	
2025-03-25 10:09:53,851 - AdaPoinTr - INFO - 03085013	13	0.375 	13.496 	0.700 	0.000 	keyboard	
2025-03-25 10:09:53,851 - AdaPoinTr - INFO - Overall		0.275 	21.696 	2.278 	0.000 	
2025-03-25 10:09:54,309 - AdaPoinTr - INFO - Save checkpoint at ./experiments/AdaPoinTr/ShapeNet55_models/AdaPoinTr_fog/ckpt-best.pth
2025-03-25 10:09:54,730 - AdaPoinTr - INFO - Save checkpoint at ./experiments/AdaPoinTr/ShapeNet55_models/AdaPoinTr_fog/ckpt-last.pth
2025-03-25 10:09:55,490 - AdaPoinTr - INFO - [Epoch 3/600][Batch 1/1311] BatchTime = 0.759 (s) DataTime = 0.082 (s) Losses = ['7.0169', '49.9333'] lr = 0.000099
2025-03-25 10:11:01,781 - AdaPoinTr - INFO - [Epoch 3/600][Batch 101/1311] BatchTime = 0.662 (s) DataTime = 0.001 (s) Losses = ['7.8779', '51.9110'] lr = 0.000099
2025-03-25 10:12:08,181 - AdaPoinTr - INFO - [Epoch 3/600][Batch 201/1311] BatchTime = 0.661 (s) DataTime = 0.001 (s) Losses = ['7.2187', '49.2619'] lr = 0.000099
2025-03-25 10:13:14,580 - AdaPoinTr - INFO - [Epoch 3/600][Batch 301/1311] BatchTime = 0.663 (s) DataTime = 0.001 (s) Losses = ['7.8573', '54.9565'] lr = 0.000099
2025-03-25 10:14:20,968 - AdaPoinTr - INFO - [Epoch 3/600][Batch 401/1311] BatchTime = 0.665 (s) DataTime = 0.001 (s) Losses = ['7.3014', '53.0386'] lr = 0.000099
2025-03-25 10:15:27,372 - AdaPoinTr - INFO - [Epoch 3/600][Batch 501/1311] BatchTime = 0.665 (s) DataTime = 0.001 (s) Losses = ['7.1779', '49.2444'] lr = 0.000099
2025-03-25 10:16:33,810 - AdaPoinTr - INFO - [Epoch 3/600][Batch 601/1311] BatchTime = 0.665 (s) DataTime = 0.001 (s) Losses = ['6.8823', '46.8008'] lr = 0.000099
2025-03-25 10:17:40,189 - AdaPoinTr - INFO - [Epoch 3/600][Batch 701/1311] BatchTime = 0.665 (s) DataTime = 0.001 (s) Losses = ['6.9549', '50.1482'] lr = 0.000099
2025-03-25 10:18:46,599 - AdaPoinTr - INFO - [Epoch 3/600][Batch 801/1311] BatchTime = 0.663 (s) DataTime = 0.001 (s) Losses = ['6.9545', '49.4406'] lr = 0.000099
2025-03-25 10:19:53,020 - AdaPoinTr - INFO - [Epoch 3/600][Batch 901/1311] BatchTime = 0.664 (s) DataTime = 0.001 (s) Losses = ['7.6494', '52.9009'] lr = 0.000099
2025-03-25 10:20:59,425 - AdaPoinTr - INFO - [Epoch 3/600][Batch 1001/1311] BatchTime = 0.664 (s) DataTime = 0.001 (s) Losses = ['6.7591', '49.5367'] lr = 0.000099
2025-03-25 10:22:05,822 - AdaPoinTr - INFO - [Epoch 3/600][Batch 1101/1311] BatchTime = 0.664 (s) DataTime = 0.001 (s) Losses = ['7.4176', '50.5334'] lr = 0.000099
2025-03-25 10:23:12,202 - AdaPoinTr - INFO - [Epoch 3/600][Batch 1201/1311] BatchTime = 0.663 (s) DataTime = 0.001 (s) Losses = ['6.9476', '52.3978'] lr = 0.000099
2025-03-25 10:24:18,633 - AdaPoinTr - INFO - [Epoch 3/600][Batch 1301/1311] BatchTime = 0.665 (s) DataTime = 0.001 (s) Losses = ['7.1167', '47.9989'] lr = 0.000099
2025-03-25 10:24:25,307 - AdaPoinTr - INFO - [Training] EPOCH: 3 EpochTime = 870.575 (s) Losses = ['7.3277', '52.2998']
2025-03-25 10:24:25,307 - AdaPoinTr - INFO - [VALIDATION] Start validating epoch 3
2025-03-25 10:24:56,758 - AdaPoinTr - INFO - Test[1051/10518] Taxonomy = 02691156 Sample = c7749c0a8b61f43bc9b9e28055202e3d Losses = ['27.4220', '3.8010', '14.4661', '0.7989'] Metrics = ['0.4132', '14.4661', '0.7989', '0.0000']
2025-03-25 10:25:28,108 - AdaPoinTr - INFO - Test[2102/10518] Taxonomy = 03211117 Sample = ab2f9418c111cc6ddb965514105122a4 Losses = ['28.1416', '2.6928', '12.4533', '0.4916'] Metrics = ['0.4491', '12.4533', '0.4916', '0.0000']
2025-03-25 10:25:59,537 - AdaPoinTr - INFO - Test[3153/10518] Taxonomy = 02876657 Sample = c5032e4be091aabb36fe7a88df793982 Losses = ['48.3957', '9.3869', '28.9512', '3.5097'] Metrics = ['0.2272', '28.9512', '3.5097', '0.0000']
2025-03-25 10:26:30,937 - AdaPoinTr - INFO - Test[4204/10518] Taxonomy = 03211117 Sample = 722df1da5778d45b1e43523279c7f09f Losses = ['31.8736', '3.9412', '17.5688', '1.1704'] Metrics = ['0.3101', '17.5688', '1.1704', '0.0000']
2025-03-25 10:27:02,436 - AdaPoinTr - INFO - Test[5255/10518] Taxonomy = 02828884 Sample = 14b63361a48a9fffe4a048c146e8bd43 Losses = ['34.1887', '4.4355', '20.7249', '1.9934'] Metrics = ['0.3459', '20.7249', '1.9934', '0.0000']
2025-03-25 10:27:33,847 - AdaPoinTr - INFO - Test[6306/10518] Taxonomy = 03211117 Sample = d330d50a0255529d19ed6e1a590c9122 Losses = ['25.9065', '2.3231', '15.1284', '0.8736'] Metrics = ['0.3632', '15.1284', '0.8736', '0.0000']
2025-03-25 10:28:05,295 - AdaPoinTr - INFO - Test[7357/10518] Taxonomy = 04379243 Sample = b1ca280d9567270ade98d10ab5975b59 Losses = ['46.4133', '9.9889', '23.0159', '2.3938'] Metrics = ['0.2045', '23.0159', '2.3938', '0.0000']
2025-03-25 10:28:36,762 - AdaPoinTr - INFO - Test[8408/10518] Taxonomy = 03001627 Sample = 89208a619341d9fdb8c516ed5c4ce32 Losses = ['33.0685', '4.0299', '17.7404', '0.9664'] Metrics = ['0.2401', '17.7404', '0.9664', '0.0000']
2025-03-25 10:29:08,107 - AdaPoinTr - INFO - Test[9459/10518] Taxonomy = 03001627 Sample = d0255120e3351121c3bd24f986301745 Losses = ['51.2511', '11.6875', '32.5610', '5.0546'] Metrics = ['0.1708', '32.5610', '5.0546', '0.0000']
2025-03-25 10:29:39,385 - AdaPoinTr - INFO - Test[10510/10518] Taxonomy = 03636649 Sample = ea9ec4d9db2e06202471e6dd5ac3ef92 Losses = ['23.4141', '2.3640', '9.8824', '0.3848'] Metrics = ['0.6448', '9.8824', '0.3848', '0.0000']
2025-03-25 10:29:39,645 - AdaPoinTr - INFO - [Validation] EPOCH: 3  Metrics = ['0.2928', '20.4469', '2.0025', '0.0000']
2025-03-25 10:29:39,646 - AdaPoinTr - INFO - ============================ TEST RESULTS ============================
2025-03-25 10:29:39,646 - AdaPoinTr - INFO - Taxonomy	#Sample	F-Score	CDL1	CDL2	EMDistance	#ModelName	
2025-03-25 10:29:39,646 - AdaPoinTr - INFO - 03759954	14	0.417 	22.485 	3.474 	0.000 	microphone	
2025-03-25 10:29:39,646 - AdaPoinTr - INFO - 04330267	44	0.229 	21.188 	1.727 	0.000 	stove	
2025-03-25 10:29:39,646 - AdaPoinTr - INFO - 03261776	15	0.251 	33.670 	10.126 	0.000 	earphone	
2025-03-25 10:29:39,646 - AdaPoinTr - INFO - 03513137	33	0.166 	29.876 	4.093 	0.000 	helmet	
2025-03-25 10:29:39,646 - AdaPoinTr - INFO - 04460130	27	0.330 	18.678 	1.352 	0.000 	tower	
2025-03-25 10:29:39,646 - AdaPoinTr - INFO - 04468005	78	0.311 	17.194 	1.166 	0.000 	train	
2025-03-25 10:29:39,646 - AdaPoinTr - INFO - 03761084	31	0.187 	24.571 	2.609 	0.000 	microwaves	
2025-03-25 10:29:39,646 - AdaPoinTr - INFO - 04004475	34	0.211 	22.854 	2.143 	0.000 	printer	
2025-03-25 10:29:39,646 - AdaPoinTr - INFO - 03938244	20	0.214 	22.636 	1.974 	0.000 	pillow	
2025-03-25 10:29:39,646 - AdaPoinTr - INFO - 02992529	167	0.329 	15.386 	0.851 	0.000 	cellphone	
2025-03-25 10:29:39,646 - AdaPoinTr - INFO - 02808440	172	0.231 	21.121 	1.784 	0.000 	bathtub	
2025-03-25 10:29:39,646 - AdaPoinTr - INFO - 04530566	388	0.398 	15.647 	1.085 	0.000 	watercraft	
2025-03-25 10:29:39,646 - AdaPoinTr - INFO - 02871439	91	0.199 	22.779 	1.990 	0.000 	bookshelf	
2025-03-25 10:29:39,646 - AdaPoinTr - INFO - 03593526	120	0.200 	26.406 	3.106 	0.000 	jar	
2025-03-25 10:29:39,646 - AdaPoinTr - INFO - 04554684	34	0.175 	24.373 	2.306 	0.000 	washer	
2025-03-25 10:29:39,646 - AdaPoinTr - INFO - 03467517	160	0.670 	10.281 	0.511 	0.000 	guitar	
2025-03-25 10:29:39,646 - AdaPoinTr - INFO - 04401088	218	0.335 	14.931 	0.793 	0.000 	telephone	
2025-03-25 10:29:39,646 - AdaPoinTr - INFO - 02954340	12	0.229 	24.931 	3.326 	0.000 	cap	
2025-03-25 10:29:39,646 - AdaPoinTr - INFO - 02933112	315	0.198 	20.525 	1.431 	0.000 	cabinet	
2025-03-25 10:29:39,646 - AdaPoinTr - INFO - 03642806	92	0.323 	15.284 	0.905 	0.000 	laptop	
2025-03-25 10:29:39,646 - AdaPoinTr - INFO - 02924116	188	0.283 	17.078 	1.011 	0.000 	bus	
2025-03-25 10:29:39,646 - AdaPoinTr - INFO - 02946921	22	0.184 	24.304 	2.483 	0.000 	can	
2025-03-25 10:29:39,646 - AdaPoinTr - INFO - 02818832	47	0.231 	23.008 	2.399 	0.000 	bed	
2025-03-25 10:29:39,646 - AdaPoinTr - INFO - 04256520	635	0.229 	19.969 	1.475 	0.000 	sofa	
2025-03-25 10:29:39,646 - AdaPoinTr - INFO - 04379243	1687	0.328 	17.226 	1.460 	0.000 	table	
2025-03-25 10:29:39,646 - AdaPoinTr - INFO - 02747177	69	0.154 	24.709 	2.202 	0.000 	trash bin	
2025-03-25 10:29:39,646 - AdaPoinTr - INFO - 03046257	131	0.242 	20.988 	1.864 	0.000 	clock	
2025-03-25 10:29:39,646 - AdaPoinTr - INFO - 04225987	31	0.460 	13.894 	0.889 	0.000 	skateboard	
2025-03-25 10:29:39,646 - AdaPoinTr - INFO - 03797390	43	0.143 	27.428 	2.819 	0.000 	mug	
2025-03-25 10:29:39,646 - AdaPoinTr - INFO - 03001627	1356	0.292 	19.344 	1.651 	0.000 	chair	
2025-03-25 10:29:39,646 - AdaPoinTr - INFO - 03691459	320	0.200 	23.703 	2.242 	0.000 	loudspeaker	
2025-03-25 10:29:39,646 - AdaPoinTr - INFO - 02942699	23	0.189 	27.634 	3.340 	0.000 	camera	
2025-03-25 10:29:39,646 - AdaPoinTr - INFO - 03636649	464	0.410 	21.880 	3.190 	0.000 	lamp	
2025-03-25 10:29:39,646 - AdaPoinTr - INFO - 02691156	809	0.450 	14.057 	0.884 	0.000 	airplane	
2025-03-25 10:29:39,646 - AdaPoinTr - INFO - 02773838	17	0.277 	17.907 	1.190 	0.000 	bag	
2025-03-25 10:29:39,646 - AdaPoinTr - INFO - 02958343	703	0.187 	20.959 	1.427 	0.000 	car	
2025-03-25 10:29:39,646 - AdaPoinTr - INFO - 02880940	38	0.169 	23.885 	1.939 	0.000 	bowl	
2025-03-25 10:29:39,646 - AdaPoinTr - INFO - 04099429	17	0.599 	11.993 	0.696 	0.000 	rocket	
2025-03-25 10:29:39,646 - AdaPoinTr - INFO - 02828884	363	0.371 	15.244 	1.056 	0.000 	bench	
2025-03-25 10:29:39,646 - AdaPoinTr - INFO - 04090263	475	0.604 	11.437 	0.643 	0.000 	rifle	
2025-03-25 10:29:39,646 - AdaPoinTr - INFO - 03211117	219	0.270 	18.630 	1.418 	0.000 	display	
2025-03-25 10:29:39,646 - AdaPoinTr - INFO - 02876657	100	0.315 	18.528 	1.457 	0.000 	bottle	
2025-03-25 10:29:39,647 - AdaPoinTr - INFO - 03710193	19	0.428 	17.331 	1.569 	0.000 	mailbox	
2025-03-25 10:29:39,647 - AdaPoinTr - INFO - 03790512	68	0.217 	21.968 	1.950 	0.000 	motorbike	
2025-03-25 10:29:39,647 - AdaPoinTr - INFO - 03325088	149	0.333 	25.465 	4.057 	0.000 	faucet	
2025-03-25 10:29:39,647 - AdaPoinTr - INFO - 02801938	23	0.187 	24.058 	2.529 	0.000 	basket	
2025-03-25 10:29:39,647 - AdaPoinTr - INFO - 03337140	60	0.193 	22.661 	2.057 	0.000 	file cabinet	
2025-03-25 10:29:39,647 - AdaPoinTr - INFO - 02843684	15	0.174 	26.836 	2.777 	0.000 	birdhouse	
2025-03-25 10:29:39,647 - AdaPoinTr - INFO - 03624134	85	0.645 	10.703 	0.559 	0.000 	knife	
2025-03-25 10:29:39,647 - AdaPoinTr - INFO - 03991062	121	0.178 	27.277 	3.006 	0.000 	flowerpot	
2025-03-25 10:29:39,647 - AdaPoinTr - INFO - 03948459	62	0.388 	16.225 	1.216 	0.000 	pistol	
2025-03-25 10:29:39,647 - AdaPoinTr - INFO - 03928116	48	0.232 	22.165 	2.264 	0.000 	piano	
2025-03-25 10:29:39,647 - AdaPoinTr - INFO - 03207941	19	0.188 	22.785 	2.173 	0.000 	dishwasher	
2025-03-25 10:29:39,647 - AdaPoinTr - INFO - 04074963	14	0.359 	15.096 	0.819 	0.000 	remote	
2025-03-25 10:29:39,647 - AdaPoinTr - INFO - 03085013	13	0.389 	13.389 	0.673 	0.000 	keyboard	
2025-03-25 10:29:39,647 - AdaPoinTr - INFO - Overall		0.293 	20.447 	2.003 	0.000 	
2025-03-25 10:29:40,120 - AdaPoinTr - INFO - Save checkpoint at ./experiments/AdaPoinTr/ShapeNet55_models/AdaPoinTr_fog/ckpt-best.pth
2025-03-25 10:29:40,541 - AdaPoinTr - INFO - Save checkpoint at ./experiments/AdaPoinTr/ShapeNet55_models/AdaPoinTr_fog/ckpt-last.pth
2025-03-25 10:29:41,303 - AdaPoinTr - INFO - [Epoch 4/600][Batch 1/1311] BatchTime = 0.761 (s) DataTime = 0.083 (s) Losses = ['7.4775', '58.5563'] lr = 0.000098
2025-03-25 10:30:47,565 - AdaPoinTr - INFO - [Epoch 4/600][Batch 101/1311] BatchTime = 0.662 (s) DataTime = 0.001 (s) Losses = ['6.6231', '48.5691'] lr = 0.000098
2025-03-25 10:31:53,942 - AdaPoinTr - INFO - [Epoch 4/600][Batch 201/1311] BatchTime = 0.663 (s) DataTime = 0.001 (s) Losses = ['7.7392', '57.8610'] lr = 0.000098
2025-03-25 10:33:00,342 - AdaPoinTr - INFO - [Epoch 4/600][Batch 301/1311] BatchTime = 0.665 (s) DataTime = 0.001 (s) Losses = ['6.6314', '48.4305'] lr = 0.000098
2025-03-25 10:34:06,700 - AdaPoinTr - INFO - [Epoch 4/600][Batch 401/1311] BatchTime = 0.664 (s) DataTime = 0.001 (s) Losses = ['7.2243', '55.3820'] lr = 0.000098
2025-03-25 10:35:13,128 - AdaPoinTr - INFO - [Epoch 4/600][Batch 501/1311] BatchTime = 0.666 (s) DataTime = 0.001 (s) Losses = ['7.1148', '53.6295'] lr = 0.000098
2025-03-25 10:36:19,537 - AdaPoinTr - INFO - [Epoch 4/600][Batch 601/1311] BatchTime = 0.662 (s) DataTime = 0.001 (s) Losses = ['6.7672', '50.2432'] lr = 0.000098
2025-03-25 10:37:25,914 - AdaPoinTr - INFO - [Epoch 4/600][Batch 701/1311] BatchTime = 0.662 (s) DataTime = 0.001 (s) Losses = ['7.1562', '53.5857'] lr = 0.000098
2025-03-25 10:38:32,307 - AdaPoinTr - INFO - [Epoch 4/600][Batch 801/1311] BatchTime = 0.659 (s) DataTime = 0.001 (s) Losses = ['7.1692', '50.7846'] lr = 0.000098
2025-03-25 10:39:38,697 - AdaPoinTr - INFO - [Epoch 4/600][Batch 901/1311] BatchTime = 0.662 (s) DataTime = 0.001 (s) Losses = ['6.7815', '52.5699'] lr = 0.000098
2025-03-25 10:40:45,132 - AdaPoinTr - INFO - [Epoch 4/600][Batch 1001/1311] BatchTime = 0.662 (s) DataTime = 0.001 (s) Losses = ['7.1791', '51.9342'] lr = 0.000098
2025-03-25 10:41:51,503 - AdaPoinTr - INFO - [Epoch 4/600][Batch 1101/1311] BatchTime = 0.664 (s) DataTime = 0.001 (s) Losses = ['7.2223', '52.6600'] lr = 0.000098
2025-03-25 10:42:57,883 - AdaPoinTr - INFO - [Epoch 4/600][Batch 1201/1311] BatchTime = 0.663 (s) DataTime = 0.001 (s) Losses = ['7.2421', '51.6011'] lr = 0.000098
2025-03-25 10:44:04,284 - AdaPoinTr - INFO - [Epoch 4/600][Batch 1301/1311] BatchTime = 0.666 (s) DataTime = 0.001 (s) Losses = ['6.9390', '48.2336'] lr = 0.000098
2025-03-25 10:44:10,957 - AdaPoinTr - INFO - [Training] EPOCH: 4 EpochTime = 870.415 (s) Losses = ['7.0611', '50.7232']
2025-03-25 10:44:10,957 - AdaPoinTr - INFO - [VALIDATION] Start validating epoch 4
2025-03-25 10:44:42,480 - AdaPoinTr - INFO - Test[1051/10518] Taxonomy = 02691156 Sample = c7749c0a8b61f43bc9b9e28055202e3d Losses = ['31.8263', '5.0400', '18.7844', '1.6246'] Metrics = ['0.3773', '18.7844', '1.6246', '0.0000']
2025-03-25 10:45:13,885 - AdaPoinTr - INFO - Test[2102/10518] Taxonomy = 03211117 Sample = ab2f9418c111cc6ddb965514105122a4 Losses = ['32.0347', '3.5473', '13.4388', '0.7409'] Metrics = ['0.4213', '13.4388', '0.7409', '0.0000']
2025-03-25 10:45:45,062 - AdaPoinTr - INFO - Test[3153/10518] Taxonomy = 02876657 Sample = c5032e4be091aabb36fe7a88df793982 Losses = ['41.7183', '6.6892', '23.1488', '2.0882'] Metrics = ['0.2238', '23.1488', '2.0882', '0.0000']
2025-03-25 10:46:16,314 - AdaPoinTr - INFO - Test[4204/10518] Taxonomy = 03211117 Sample = 722df1da5778d45b1e43523279c7f09f Losses = ['31.6459', '3.7141', '16.5659', '1.1937'] Metrics = ['0.3327', '16.5659', '1.1937', '0.0000']
2025-03-25 10:46:47,592 - AdaPoinTr - INFO - Test[5255/10518] Taxonomy = 02828884 Sample = 14b63361a48a9fffe4a048c146e8bd43 Losses = ['37.4101', '5.2110', '27.8364', '3.5348'] Metrics = ['0.3420', '27.8364', '3.5348', '0.0000']
2025-03-25 10:47:18,887 - AdaPoinTr - INFO - Test[6306/10518] Taxonomy = 03211117 Sample = d330d50a0255529d19ed6e1a590c9122 Losses = ['27.5456', '2.7802', '15.5340', '0.8464'] Metrics = ['0.3615', '15.5340', '0.8464', '0.0000']
2025-03-25 10:47:50,102 - AdaPoinTr - INFO - Test[7357/10518] Taxonomy = 04379243 Sample = b1ca280d9567270ade98d10ab5975b59 Losses = ['39.7505', '6.7604', '18.8607', '1.2270'] Metrics = ['0.2257', '18.8607', '1.2270', '0.0000']
2025-03-25 10:48:21,426 - AdaPoinTr - INFO - Test[8408/10518] Taxonomy = 03001627 Sample = 89208a619341d9fdb8c516ed5c4ce32 Losses = ['41.3214', '6.4844', '22.2344', '2.1560'] Metrics = ['0.2285', '22.2344', '2.1560', '0.0000']
2025-03-25 10:48:52,839 - AdaPoinTr - INFO - Test[9459/10518] Taxonomy = 03001627 Sample = d0255120e3351121c3bd24f986301745 Losses = ['38.9918', '5.4345', '22.4451', '1.7755'] Metrics = ['0.1792', '22.4451', '1.7755', '0.0000']
2025-03-25 10:49:24,233 - AdaPoinTr - INFO - Test[10510/10518] Taxonomy = 03636649 Sample = ea9ec4d9db2e06202471e6dd5ac3ef92 Losses = ['22.9061', '2.3901', '12.2443', '0.8309'] Metrics = ['0.6460', '12.2443', '0.8309', '0.0000']
2025-03-25 10:49:24,491 - AdaPoinTr - INFO - [Validation] EPOCH: 4  Metrics = ['0.3068', '19.4711', '1.8108', '0.0000']
2025-03-25 10:49:24,491 - AdaPoinTr - INFO - ============================ TEST RESULTS ============================
2025-03-25 10:49:24,491 - AdaPoinTr - INFO - Taxonomy	#Sample	F-Score	CDL1	CDL2	EMDistance	#ModelName	
2025-03-25 10:49:24,491 - AdaPoinTr - INFO - 03759954	14	0.454 	21.884 	3.919 	0.000 	microphone	
2025-03-25 10:49:24,491 - AdaPoinTr - INFO - 04330267	44	0.234 	19.986 	1.489 	0.000 	stove	
2025-03-25 10:49:24,491 - AdaPoinTr - INFO - 03261776	15	0.260 	27.411 	5.682 	0.000 	earphone	
2025-03-25 10:49:24,491 - AdaPoinTr - INFO - 03513137	33	0.173 	28.980 	4.022 	0.000 	helmet	
2025-03-25 10:49:24,492 - AdaPoinTr - INFO - 04460130	27	0.341 	19.186 	1.596 	0.000 	tower	
2025-03-25 10:49:24,492 - AdaPoinTr - INFO - 04468005	78	0.327 	16.306 	0.983 	0.000 	train	
2025-03-25 10:49:24,492 - AdaPoinTr - INFO - 03761084	31	0.201 	21.099 	1.605 	0.000 	microwaves	
2025-03-25 10:49:24,492 - AdaPoinTr - INFO - 04004475	34	0.223 	21.681 	1.909 	0.000 	printer	
2025-03-25 10:49:24,492 - AdaPoinTr - INFO - 03938244	20	0.239 	21.840 	1.978 	0.000 	pillow	
2025-03-25 10:49:24,492 - AdaPoinTr - INFO - 02992529	167	0.349 	14.164 	0.677 	0.000 	cellphone	
2025-03-25 10:49:24,492 - AdaPoinTr - INFO - 02808440	172	0.244 	20.232 	1.660 	0.000 	bathtub	
2025-03-25 10:49:24,492 - AdaPoinTr - INFO - 04530566	388	0.417 	14.774 	0.939 	0.000 	watercraft	
2025-03-25 10:49:24,492 - AdaPoinTr - INFO - 02871439	91	0.214 	21.090 	1.682 	0.000 	bookshelf	
2025-03-25 10:49:24,492 - AdaPoinTr - INFO - 03593526	120	0.209 	24.198 	2.402 	0.000 	jar	
2025-03-25 10:49:24,492 - AdaPoinTr - INFO - 04554684	34	0.191 	23.578 	2.452 	0.000 	washer	
2025-03-25 10:49:24,492 - AdaPoinTr - INFO - 03467517	160	0.690 	9.506 	0.429 	0.000 	guitar	
2025-03-25 10:49:24,492 - AdaPoinTr - INFO - 04401088	218	0.355 	14.128 	0.751 	0.000 	telephone	
2025-03-25 10:49:24,492 - AdaPoinTr - INFO - 02954340	12	0.233 	30.236 	5.591 	0.000 	cap	
2025-03-25 10:49:24,492 - AdaPoinTr - INFO - 02933112	315	0.211 	19.565 	1.311 	0.000 	cabinet	
2025-03-25 10:49:24,492 - AdaPoinTr - INFO - 03642806	92	0.337 	14.578 	0.811 	0.000 	laptop	
2025-03-25 10:49:24,492 - AdaPoinTr - INFO - 02924116	188	0.302 	16.266 	0.908 	0.000 	bus	
2025-03-25 10:49:24,492 - AdaPoinTr - INFO - 02946921	22	0.200 	20.869 	1.595 	0.000 	can	
2025-03-25 10:49:24,492 - AdaPoinTr - INFO - 02818832	47	0.227 	22.971 	2.383 	0.000 	bed	
2025-03-25 10:49:24,492 - AdaPoinTr - INFO - 04256520	635	0.245 	19.078 	1.339 	0.000 	sofa	
2025-03-25 10:49:24,492 - AdaPoinTr - INFO - 04379243	1687	0.340 	16.597 	1.343 	0.000 	table	
2025-03-25 10:49:24,492 - AdaPoinTr - INFO - 02747177	69	0.158 	24.106 	2.059 	0.000 	trash bin	
2025-03-25 10:49:24,492 - AdaPoinTr - INFO - 03046257	131	0.259 	19.303 	1.479 	0.000 	clock	
2025-03-25 10:49:24,492 - AdaPoinTr - INFO - 04225987	31	0.470 	13.581 	0.896 	0.000 	skateboard	
2025-03-25 10:49:24,492 - AdaPoinTr - INFO - 03797390	43	0.149 	26.693 	2.858 	0.000 	mug	
2025-03-25 10:49:24,492 - AdaPoinTr - INFO - 03001627	1356	0.304 	18.574 	1.497 	0.000 	chair	
2025-03-25 10:49:24,492 - AdaPoinTr - INFO - 03691459	320	0.213 	22.761 	2.175 	0.000 	loudspeaker	
2025-03-25 10:49:24,492 - AdaPoinTr - INFO - 02942699	23	0.199 	26.598 	3.258 	0.000 	camera	
2025-03-25 10:49:24,492 - AdaPoinTr - INFO - 03636649	464	0.424 	20.452 	2.878 	0.000 	lamp	
2025-03-25 10:49:24,492 - AdaPoinTr - INFO - 02691156	809	0.472 	13.026 	0.731 	0.000 	airplane	
2025-03-25 10:49:24,492 - AdaPoinTr - INFO - 02773838	17	0.291 	18.009 	1.342 	0.000 	bag	
2025-03-25 10:49:24,492 - AdaPoinTr - INFO - 02958343	703	0.190 	20.881 	1.430 	0.000 	car	
2025-03-25 10:49:24,492 - AdaPoinTr - INFO - 02880940	38	0.180 	23.188 	1.880 	0.000 	bowl	
2025-03-25 10:49:24,492 - AdaPoinTr - INFO - 04099429	17	0.640 	10.882 	0.585 	0.000 	rocket	
2025-03-25 10:49:24,492 - AdaPoinTr - INFO - 02828884	363	0.385 	14.582 	0.987 	0.000 	bench	
2025-03-25 10:49:24,492 - AdaPoinTr - INFO - 04090263	475	0.621 	11.089 	0.651 	0.000 	rifle	
2025-03-25 10:49:24,492 - AdaPoinTr - INFO - 03211117	219	0.289 	17.588 	1.295 	0.000 	display	
2025-03-25 10:49:24,492 - AdaPoinTr - INFO - 02876657	100	0.335 	16.981 	1.209 	0.000 	bottle	
2025-03-25 10:49:24,492 - AdaPoinTr - INFO - 03710193	19	0.428 	16.873 	1.571 	0.000 	mailbox	
2025-03-25 10:49:24,492 - AdaPoinTr - INFO - 03790512	68	0.221 	21.176 	1.757 	0.000 	motorbike	
2025-03-25 10:49:24,492 - AdaPoinTr - INFO - 03325088	149	0.356 	23.563 	3.423 	0.000 	faucet	
2025-03-25 10:49:24,492 - AdaPoinTr - INFO - 02801938	23	0.193 	22.553 	1.996 	0.000 	basket	
2025-03-25 10:49:24,492 - AdaPoinTr - INFO - 03337140	60	0.207 	20.664 	1.566 	0.000 	file cabinet	
2025-03-25 10:49:24,492 - AdaPoinTr - INFO - 02843684	15	0.188 	27.007 	3.056 	0.000 	birdhouse	
2025-03-25 10:49:24,492 - AdaPoinTr - INFO - 03624134	85	0.668 	10.108 	0.528 	0.000 	knife	
2025-03-25 10:49:24,492 - AdaPoinTr - INFO - 03991062	121	0.185 	26.206 	2.814 	0.000 	flowerpot	
2025-03-25 10:49:24,492 - AdaPoinTr - INFO - 03948459	62	0.402 	15.375 	1.157 	0.000 	pistol	
2025-03-25 10:49:24,492 - AdaPoinTr - INFO - 03928116	48	0.241 	22.279 	2.419 	0.000 	piano	
2025-03-25 10:49:24,492 - AdaPoinTr - INFO - 03207941	19	0.202 	20.315 	1.393 	0.000 	dishwasher	
2025-03-25 10:49:24,492 - AdaPoinTr - INFO - 04074963	14	0.375 	13.897 	0.663 	0.000 	remote	
2025-03-25 10:49:24,492 - AdaPoinTr - INFO - 03085013	13	0.413 	12.398 	0.588 	0.000 	keyboard	
2025-03-25 10:49:24,492 - AdaPoinTr - INFO - Overall		0.307 	19.471 	1.811 	0.000 	
2025-03-25 10:49:24,958 - AdaPoinTr - INFO - Save checkpoint at ./experiments/AdaPoinTr/ShapeNet55_models/AdaPoinTr_fog/ckpt-best.pth
2025-03-25 10:49:25,386 - AdaPoinTr - INFO - Save checkpoint at ./experiments/AdaPoinTr/ShapeNet55_models/AdaPoinTr_fog/ckpt-last.pth
2025-03-25 10:49:26,143 - AdaPoinTr - INFO - [Epoch 5/600][Batch 1/1311] BatchTime = 0.756 (s) DataTime = 0.084 (s) Losses = ['7.2313', '51.4836'] lr = 0.000098
2025-03-25 10:50:32,434 - AdaPoinTr - INFO - [Epoch 5/600][Batch 101/1311] BatchTime = 0.662 (s) DataTime = 0.001 (s) Losses = ['6.3044', '50.4635'] lr = 0.000098
2025-03-25 10:51:38,865 - AdaPoinTr - INFO - [Epoch 5/600][Batch 201/1311] BatchTime = 0.665 (s) DataTime = 0.001 (s) Losses = ['6.8309', '50.5250'] lr = 0.000098
2025-03-25 10:52:45,292 - AdaPoinTr - INFO - [Epoch 5/600][Batch 301/1311] BatchTime = 0.667 (s) DataTime = 0.001 (s) Losses = ['7.1929', '51.7926'] lr = 0.000098
2025-03-25 10:53:51,693 - AdaPoinTr - INFO - [Epoch 5/600][Batch 401/1311] BatchTime = 0.666 (s) DataTime = 0.001 (s) Losses = ['6.8472', '48.7433'] lr = 0.000098
2025-03-25 10:54:58,111 - AdaPoinTr - INFO - [Epoch 5/600][Batch 501/1311] BatchTime = 0.664 (s) DataTime = 0.001 (s) Losses = ['7.6201', '56.3669'] lr = 0.000098
2025-03-25 10:56:04,527 - AdaPoinTr - INFO - [Epoch 5/600][Batch 601/1311] BatchTime = 0.664 (s) DataTime = 0.001 (s) Losses = ['6.7699', '48.9531'] lr = 0.000098
2025-03-25 10:57:10,947 - AdaPoinTr - INFO - [Epoch 5/600][Batch 701/1311] BatchTime = 0.663 (s) DataTime = 0.001 (s) Losses = ['6.1717', '42.2699'] lr = 0.000098
2025-03-25 10:58:17,354 - AdaPoinTr - INFO - [Epoch 5/600][Batch 801/1311] BatchTime = 0.664 (s) DataTime = 0.001 (s) Losses = ['6.3125', '45.7451'] lr = 0.000098
2025-03-25 10:59:23,776 - AdaPoinTr - INFO - [Epoch 5/600][Batch 901/1311] BatchTime = 0.664 (s) DataTime = 0.001 (s) Losses = ['7.0877', '51.8543'] lr = 0.000098
2025-03-25 11:00:30,197 - AdaPoinTr - INFO - [Epoch 5/600][Batch 1001/1311] BatchTime = 0.662 (s) DataTime = 0.001 (s) Losses = ['6.8419', '52.1594'] lr = 0.000098
2025-03-25 11:01:36,630 - AdaPoinTr - INFO - [Epoch 5/600][Batch 1101/1311] BatchTime = 0.665 (s) DataTime = 0.001 (s) Losses = ['7.3599', '49.0210'] lr = 0.000098
2025-03-25 11:02:43,029 - AdaPoinTr - INFO - [Epoch 5/600][Batch 1201/1311] BatchTime = 0.665 (s) DataTime = 0.001 (s) Losses = ['6.7192', '48.4827'] lr = 0.000098
2025-03-25 11:03:49,430 - AdaPoinTr - INFO - [Epoch 5/600][Batch 1301/1311] BatchTime = 0.664 (s) DataTime = 0.001 (s) Losses = ['6.9219', '50.3641'] lr = 0.000098
2025-03-25 11:03:56,108 - AdaPoinTr - INFO - [Training] EPOCH: 5 EpochTime = 870.720 (s) Losses = ['6.8898', '49.6952']
2025-03-25 11:03:56,108 - AdaPoinTr - INFO - [VALIDATION] Start validating epoch 5
2025-03-25 11:04:27,067 - AdaPoinTr - INFO - Test[1051/10518] Taxonomy = 02691156 Sample = c7749c0a8b61f43bc9b9e28055202e3d Losses = ['30.3294', '4.7022', '16.6059', '1.4019'] Metrics = ['0.4488', '16.6059', '1.4019', '0.0000']
2025-03-25 11:04:57,922 - AdaPoinTr - INFO - Test[2102/10518] Taxonomy = 03211117 Sample = ab2f9418c111cc6ddb965514105122a4 Losses = ['24.6581', '2.1212', '10.5365', '0.3380'] Metrics = ['0.5138', '10.5365', '0.3380', '0.0000']
2025-03-25 11:05:28,997 - AdaPoinTr - INFO - Test[3153/10518] Taxonomy = 02876657 Sample = c5032e4be091aabb36fe7a88df793982 Losses = ['71.3926', '18.0120', '41.7633', '7.0328'] Metrics = ['0.1797', '41.7633', '7.0328', '0.0000']
2025-03-25 11:06:00,291 - AdaPoinTr - INFO - Test[4204/10518] Taxonomy = 03211117 Sample = 722df1da5778d45b1e43523279c7f09f Losses = ['32.0945', '3.8560', '16.7610', '1.1046'] Metrics = ['0.3270', '16.7610', '1.1046', '0.0000']
2025-03-25 11:06:31,680 - AdaPoinTr - INFO - Test[5255/10518] Taxonomy = 02828884 Sample = 14b63361a48a9fffe4a048c146e8bd43 Losses = ['37.6370', '5.1829', '25.2738', '2.9083'] Metrics = ['0.3353', '25.2738', '2.9083', '0.0000']
2025-03-25 11:07:03,195 - AdaPoinTr - INFO - Test[6306/10518] Taxonomy = 03211117 Sample = d330d50a0255529d19ed6e1a590c9122 Losses = ['30.1010', '3.8639', '14.9034', '0.9436'] Metrics = ['0.4211', '14.9034', '0.9436', '0.0000']
2025-03-25 11:07:34,647 - AdaPoinTr - INFO - Test[7357/10518] Taxonomy = 04379243 Sample = b1ca280d9567270ade98d10ab5975b59 Losses = ['46.9949', '10.2683', '22.6950', '2.4367'] Metrics = ['0.2468', '22.6950', '2.4367', '0.0000']
2025-03-25 11:08:05,953 - AdaPoinTr - INFO - Test[8408/10518] Taxonomy = 03001627 Sample = 89208a619341d9fdb8c516ed5c4ce32 Losses = ['42.7809', '6.7336', '21.8031', '2.2977'] Metrics = ['0.2191', '21.8031', '2.2977', '0.0000']
2025-03-25 11:08:37,165 - AdaPoinTr - INFO - Test[9459/10518] Taxonomy = 03001627 Sample = d0255120e3351121c3bd24f986301745 Losses = ['37.5981', '5.2433', '21.1977', '1.6337'] Metrics = ['0.1981', '21.1977', '1.6337', '0.0000']
2025-03-25 11:09:08,661 - AdaPoinTr - INFO - Test[10510/10518] Taxonomy = 03636649 Sample = ea9ec4d9db2e06202471e6dd5ac3ef92 Losses = ['22.2717', '2.0825', '9.5716', '0.3828'] Metrics = ['0.6790', '9.5716', '0.3828', '0.0000']
2025-03-25 11:09:08,918 - AdaPoinTr - INFO - [Validation] EPOCH: 5  Metrics = ['0.3155', '18.8151', '1.6689', '0.0000']
2025-03-25 11:09:08,918 - AdaPoinTr - INFO - ============================ TEST RESULTS ============================
2025-03-25 11:09:08,919 - AdaPoinTr - INFO - Taxonomy	#Sample	F-Score	CDL1	CDL2	EMDistance	#ModelName	
2025-03-25 11:09:08,919 - AdaPoinTr - INFO - 03759954	14	0.485 	18.440 	2.741 	0.000 	microphone	
2025-03-25 11:09:08,919 - AdaPoinTr - INFO - 04330267	44	0.245 	19.820 	1.507 	0.000 	stove	
2025-03-25 11:09:08,919 - AdaPoinTr - INFO - 03261776	15	0.263 	31.049 	7.480 	0.000 	earphone	
2025-03-25 11:09:08,919 - AdaPoinTr - INFO - 03513137	33	0.184 	26.036 	3.132 	0.000 	helmet	
2025-03-25 11:09:08,919 - AdaPoinTr - INFO - 04460130	27	0.359 	17.657 	1.316 	0.000 	tower	
2025-03-25 11:09:08,919 - AdaPoinTr - INFO - 04468005	78	0.329 	16.252 	0.991 	0.000 	train	
2025-03-25 11:09:08,919 - AdaPoinTr - INFO - 03761084	31	0.206 	20.966 	1.625 	0.000 	microwaves	
2025-03-25 11:09:08,919 - AdaPoinTr - INFO - 04004475	34	0.222 	21.980 	2.122 	0.000 	printer	
2025-03-25 11:09:08,919 - AdaPoinTr - INFO - 03938244	20	0.250 	20.161 	1.543 	0.000 	pillow	
2025-03-25 11:09:08,919 - AdaPoinTr - INFO - 02992529	167	0.368 	13.734 	0.668 	0.000 	cellphone	
2025-03-25 11:09:08,919 - AdaPoinTr - INFO - 02808440	172	0.250 	19.409 	1.557 	0.000 	bathtub	
2025-03-25 11:09:08,919 - AdaPoinTr - INFO - 04530566	388	0.430 	14.432 	0.899 	0.000 	watercraft	
2025-03-25 11:09:08,919 - AdaPoinTr - INFO - 02871439	91	0.215 	20.552 	1.569 	0.000 	bookshelf	
2025-03-25 11:09:08,919 - AdaPoinTr - INFO - 03593526	120	0.220 	23.099 	2.200 	0.000 	jar	
2025-03-25 11:09:08,919 - AdaPoinTr - INFO - 04554684	34	0.192 	22.370 	2.040 	0.000 	washer	
2025-03-25 11:09:08,919 - AdaPoinTr - INFO - 03467517	160	0.695 	9.698 	0.482 	0.000 	guitar	
2025-03-25 11:09:08,919 - AdaPoinTr - INFO - 04401088	218	0.369 	13.460 	0.631 	0.000 	telephone	
2025-03-25 11:09:08,919 - AdaPoinTr - INFO - 02954340	12	0.250 	20.966 	1.881 	0.000 	cap	
2025-03-25 11:09:08,919 - AdaPoinTr - INFO - 02933112	315	0.216 	19.201 	1.281 	0.000 	cabinet	
2025-03-25 11:09:08,919 - AdaPoinTr - INFO - 03642806	92	0.344 	14.406 	0.730 	0.000 	laptop	
2025-03-25 11:09:08,919 - AdaPoinTr - INFO - 02924116	188	0.309 	16.113 	0.914 	0.000 	bus	
2025-03-25 11:09:08,919 - AdaPoinTr - INFO - 02946921	22	0.208 	21.384 	1.791 	0.000 	can	
2025-03-25 11:09:08,919 - AdaPoinTr - INFO - 02818832	47	0.241 	22.333 	2.325 	0.000 	bed	
2025-03-25 11:09:08,919 - AdaPoinTr - INFO - 04256520	635	0.247 	18.758 	1.302 	0.000 	sofa	
2025-03-25 11:09:08,919 - AdaPoinTr - INFO - 04379243	1687	0.352 	16.398 	1.336 	0.000 	table	
2025-03-25 11:09:08,919 - AdaPoinTr - INFO - 02747177	69	0.169 	22.588 	1.848 	0.000 	trash bin	
2025-03-25 11:09:08,919 - AdaPoinTr - INFO - 03046257	131	0.263 	18.992 	1.439 	0.000 	clock	
2025-03-25 11:09:08,919 - AdaPoinTr - INFO - 04225987	31	0.509 	12.144 	0.628 	0.000 	skateboard	
2025-03-25 11:09:08,919 - AdaPoinTr - INFO - 03797390	43	0.155 	25.126 	2.375 	0.000 	mug	
2025-03-25 11:09:08,919 - AdaPoinTr - INFO - 03001627	1356	0.310 	18.204 	1.461 	0.000 	chair	
2025-03-25 11:09:08,919 - AdaPoinTr - INFO - 03691459	320	0.218 	21.914 	1.943 	0.000 	loudspeaker	
2025-03-25 11:09:08,919 - AdaPoinTr - INFO - 02942699	23	0.198 	28.837 	4.128 	0.000 	camera	
2025-03-25 11:09:08,919 - AdaPoinTr - INFO - 03636649	464	0.443 	19.043 	2.463 	0.000 	lamp	
2025-03-25 11:09:08,919 - AdaPoinTr - INFO - 02691156	809	0.487 	12.744 	0.703 	0.000 	airplane	
2025-03-25 11:09:08,919 - AdaPoinTr - INFO - 02773838	17	0.295 	17.944 	1.258 	0.000 	bag	
2025-03-25 11:09:08,919 - AdaPoinTr - INFO - 02958343	703	0.197 	20.189 	1.327 	0.000 	car	
2025-03-25 11:09:08,919 - AdaPoinTr - INFO - 02880940	38	0.192 	22.739 	1.944 	0.000 	bowl	
2025-03-25 11:09:08,919 - AdaPoinTr - INFO - 04099429	17	0.616 	11.561 	0.657 	0.000 	rocket	
2025-03-25 11:09:08,919 - AdaPoinTr - INFO - 02828884	363	0.388 	14.688 	1.012 	0.000 	bench	
2025-03-25 11:09:08,919 - AdaPoinTr - INFO - 04090263	475	0.628 	10.962 	0.670 	0.000 	rifle	
2025-03-25 11:09:08,919 - AdaPoinTr - INFO - 03211117	219	0.300 	16.922 	1.179 	0.000 	display	
2025-03-25 11:09:08,919 - AdaPoinTr - INFO - 02876657	100	0.351 	16.690 	1.183 	0.000 	bottle	
2025-03-25 11:09:08,919 - AdaPoinTr - INFO - 03710193	19	0.454 	16.752 	1.695 	0.000 	mailbox	
2025-03-25 11:09:08,919 - AdaPoinTr - INFO - 03790512	68	0.223 	20.953 	1.720 	0.000 	motorbike	
2025-03-25 11:09:08,919 - AdaPoinTr - INFO - 03325088	149	0.359 	22.531 	3.155 	0.000 	faucet	
2025-03-25 11:09:08,919 - AdaPoinTr - INFO - 02801938	23	0.194 	22.071 	1.860 	0.000 	basket	
2025-03-25 11:09:08,919 - AdaPoinTr - INFO - 03337140	60	0.210 	20.061 	1.425 	0.000 	file cabinet	
2025-03-25 11:09:08,919 - AdaPoinTr - INFO - 02843684	15	0.189 	24.905 	2.532 	0.000 	birdhouse	
2025-03-25 11:09:08,919 - AdaPoinTr - INFO - 03624134	85	0.673 	9.860 	0.457 	0.000 	knife	
2025-03-25 11:09:08,919 - AdaPoinTr - INFO - 03991062	121	0.190 	25.521 	2.666 	0.000 	flowerpot	
2025-03-25 11:09:08,920 - AdaPoinTr - INFO - 03948459	62	0.413 	15.025 	1.100 	0.000 	pistol	
2025-03-25 11:09:08,920 - AdaPoinTr - INFO - 03928116	48	0.247 	22.139 	2.450 	0.000 	piano	
2025-03-25 11:09:08,920 - AdaPoinTr - INFO - 03207941	19	0.208 	19.859 	1.317 	0.000 	dishwasher	
2025-03-25 11:09:08,920 - AdaPoinTr - INFO - 04074963	14	0.399 	13.131 	0.599 	0.000 	remote	
2025-03-25 11:09:08,920 - AdaPoinTr - INFO - 03085013	13	0.422 	12.064 	0.533 	0.000 	keyboard	
2025-03-25 11:09:08,920 - AdaPoinTr - INFO - Overall		0.315 	18.815 	1.669 	0.000 	
2025-03-25 11:09:09,379 - AdaPoinTr - INFO - Save checkpoint at ./experiments/AdaPoinTr/ShapeNet55_models/AdaPoinTr_fog/ckpt-best.pth
2025-03-25 11:09:09,801 - AdaPoinTr - INFO - Save checkpoint at ./experiments/AdaPoinTr/ShapeNet55_models/AdaPoinTr_fog/ckpt-last.pth
2025-03-25 11:09:10,561 - AdaPoinTr - INFO - [Epoch 6/600][Batch 1/1311] BatchTime = 0.758 (s) DataTime = 0.081 (s) Losses = ['6.8533', '51.0294'] lr = 0.000097
2025-03-25 11:10:16,840 - AdaPoinTr - INFO - [Epoch 6/600][Batch 101/1311] BatchTime = 0.665 (s) DataTime = 0.001 (s) Losses = ['6.8978', '48.7580'] lr = 0.000097
2025-03-25 11:11:23,210 - AdaPoinTr - INFO - [Epoch 6/600][Batch 201/1311] BatchTime = 0.664 (s) DataTime = 0.001 (s) Losses = ['6.4865', '47.8334'] lr = 0.000097
2025-03-25 11:12:29,598 - AdaPoinTr - INFO - [Epoch 6/600][Batch 301/1311] BatchTime = 0.664 (s) DataTime = 0.001 (s) Losses = ['6.3179', '43.2722'] lr = 0.000097
2025-03-25 11:13:35,977 - AdaPoinTr - INFO - [Epoch 6/600][Batch 401/1311] BatchTime = 0.663 (s) DataTime = 0.001 (s) Losses = ['6.5925', '49.3721'] lr = 0.000097
2025-03-25 11:14:42,348 - AdaPoinTr - INFO - [Epoch 6/600][Batch 501/1311] BatchTime = 0.663 (s) DataTime = 0.001 (s) Losses = ['7.0890', '46.2975'] lr = 0.000097
2025-03-25 11:15:48,748 - AdaPoinTr - INFO - [Epoch 6/600][Batch 601/1311] BatchTime = 0.666 (s) DataTime = 0.001 (s) Losses = ['7.0138', '48.9102'] lr = 0.000097
2025-03-25 11:16:55,171 - AdaPoinTr - INFO - [Epoch 6/600][Batch 701/1311] BatchTime = 0.665 (s) DataTime = 0.001 (s) Losses = ['6.1383', '45.0674'] lr = 0.000097
2025-03-25 11:18:01,573 - AdaPoinTr - INFO - [Epoch 6/600][Batch 801/1311] BatchTime = 0.662 (s) DataTime = 0.001 (s) Losses = ['6.8669', '50.7763'] lr = 0.000097
2025-03-25 11:19:07,930 - AdaPoinTr - INFO - [Epoch 6/600][Batch 901/1311] BatchTime = 0.662 (s) DataTime = 0.001 (s) Losses = ['6.7025', '48.5438'] lr = 0.000097
2025-03-25 11:20:14,332 - AdaPoinTr - INFO - [Epoch 6/600][Batch 1001/1311] BatchTime = 0.666 (s) DataTime = 0.001 (s) Losses = ['6.6863', '48.8380'] lr = 0.000097
2025-03-25 11:21:20,738 - AdaPoinTr - INFO - [Epoch 6/600][Batch 1101/1311] BatchTime = 0.662 (s) DataTime = 0.001 (s) Losses = ['6.8815', '46.3812'] lr = 0.000097
2025-03-25 11:22:27,163 - AdaPoinTr - INFO - [Epoch 6/600][Batch 1201/1311] BatchTime = 0.663 (s) DataTime = 0.001 (s) Losses = ['6.9392', '52.3973'] lr = 0.000097
2025-03-25 11:23:33,571 - AdaPoinTr - INFO - [Epoch 6/600][Batch 1301/1311] BatchTime = 0.665 (s) DataTime = 0.001 (s) Losses = ['6.8869', '48.1164'] lr = 0.000097
2025-03-25 11:23:40,235 - AdaPoinTr - INFO - [Training] EPOCH: 6 EpochTime = 870.432 (s) Losses = ['6.7724', '48.8350']
2025-03-25 11:23:40,235 - AdaPoinTr - INFO - [VALIDATION] Start validating epoch 6
2025-03-25 11:24:11,686 - AdaPoinTr - INFO - Test[1051/10518] Taxonomy = 02691156 Sample = c7749c0a8b61f43bc9b9e28055202e3d Losses = ['23.5448', '2.3959', '12.7038', '0.6159'] Metrics = ['0.4604', '12.7038', '0.6159', '0.0000']
2025-03-25 11:24:43,257 - AdaPoinTr - INFO - Test[2102/10518] Taxonomy = 03211117 Sample = ab2f9418c111cc6ddb965514105122a4 Losses = ['25.4710', '2.4074', '9.6528', '0.3235'] Metrics = ['0.5886', '9.6528', '0.3235', '0.0000']
2025-03-25 11:25:14,765 - AdaPoinTr - INFO - Test[3153/10518] Taxonomy = 02876657 Sample = c5032e4be091aabb36fe7a88df793982 Losses = ['46.5009', '8.4148', '23.3799', '2.0793'] Metrics = ['0.2213', '23.3799', '2.0793', '0.0000']
2025-03-25 11:25:46,171 - AdaPoinTr - INFO - Test[4204/10518] Taxonomy = 03211117 Sample = 722df1da5778d45b1e43523279c7f09f Losses = ['30.5570', '3.3690', '16.6202', '1.0392'] Metrics = ['0.3177', '16.6202', '1.0392', '0.0000']
2025-03-25 11:26:17,660 - AdaPoinTr - INFO - Test[5255/10518] Taxonomy = 02828884 Sample = 14b63361a48a9fffe4a048c146e8bd43 Losses = ['30.2348', '3.3659', '15.4515', '0.9978'] Metrics = ['0.3930', '15.4515', '0.9978', '0.0000']
2025-03-25 11:26:48,939 - AdaPoinTr - INFO - Test[6306/10518] Taxonomy = 03211117 Sample = d330d50a0255529d19ed6e1a590c9122 Losses = ['27.9336', '3.0745', '13.4036', '0.7109'] Metrics = ['0.4395', '13.4036', '0.7109', '0.0000']
2025-03-25 11:27:20,376 - AdaPoinTr - INFO - Test[7357/10518] Taxonomy = 04379243 Sample = b1ca280d9567270ade98d10ab5975b59 Losses = ['34.4293', '4.2848', '15.7833', '0.7409'] Metrics = ['0.2642', '15.7833', '0.7409', '0.0000']
2025-03-25 11:27:51,698 - AdaPoinTr - INFO - Test[8408/10518] Taxonomy = 03001627 Sample = 89208a619341d9fdb8c516ed5c4ce32 Losses = ['32.4783', '3.7852', '15.7736', '0.7595'] Metrics = ['0.2709', '15.7736', '0.7595', '0.0000']
2025-03-25 11:28:23,014 - AdaPoinTr - INFO - Test[9459/10518] Taxonomy = 03001627 Sample = d0255120e3351121c3bd24f986301745 Losses = ['38.8666', '5.6487', '22.7521', '1.9075'] Metrics = ['0.1871', '22.7521', '1.9075', '0.0000']
2025-03-25 11:28:54,262 - AdaPoinTr - INFO - Test[10510/10518] Taxonomy = 03636649 Sample = ea9ec4d9db2e06202471e6dd5ac3ef92 Losses = ['32.1024', '4.1788', '23.6259', '2.9845'] Metrics = ['0.4270', '23.6259', '2.9845', '0.0000']
2025-03-25 11:28:54,523 - AdaPoinTr - INFO - [Validation] EPOCH: 6  Metrics = ['0.3241', '18.2563', '1.5760', '0.0000']
2025-03-25 11:28:54,524 - AdaPoinTr - INFO - ============================ TEST RESULTS ============================
2025-03-25 11:28:54,524 - AdaPoinTr - INFO - Taxonomy	#Sample	F-Score	CDL1	CDL2	EMDistance	#ModelName	
2025-03-25 11:28:54,524 - AdaPoinTr - INFO - 03759954	14	0.488 	19.304 	3.264 	0.000 	microphone	
2025-03-25 11:28:54,524 - AdaPoinTr - INFO - 04330267	44	0.250 	19.824 	1.771 	0.000 	stove	
2025-03-25 11:28:54,524 - AdaPoinTr - INFO - 03261776	15	0.263 	27.598 	5.660 	0.000 	earphone	
2025-03-25 11:28:54,524 - AdaPoinTr - INFO - 03513137	33	0.184 	26.577 	3.036 	0.000 	helmet	
2025-03-25 11:28:54,524 - AdaPoinTr - INFO - 04460130	27	0.361 	17.531 	1.286 	0.000 	tower	
2025-03-25 11:28:54,524 - AdaPoinTr - INFO - 04468005	78	0.345 	15.464 	0.883 	0.000 	train	
2025-03-25 11:28:54,524 - AdaPoinTr - INFO - 03761084	31	0.211 	20.370 	1.511 	0.000 	microwaves	
2025-03-25 11:28:54,524 - AdaPoinTr - INFO - 04004475	34	0.228 	22.504 	2.382 	0.000 	printer	
2025-03-25 11:28:54,524 - AdaPoinTr - INFO - 03938244	20	0.269 	17.920 	1.145 	0.000 	pillow	
2025-03-25 11:28:54,524 - AdaPoinTr - INFO - 02992529	167	0.377 	13.538 	0.664 	0.000 	cellphone	
2025-03-25 11:28:54,524 - AdaPoinTr - INFO - 02808440	172	0.257 	19.296 	1.625 	0.000 	bathtub	
2025-03-25 11:28:54,524 - AdaPoinTr - INFO - 04530566	388	0.439 	14.035 	0.869 	0.000 	watercraft	
2025-03-25 11:28:54,524 - AdaPoinTr - INFO - 02871439	91	0.222 	20.233 	1.570 	0.000 	bookshelf	
2025-03-25 11:28:54,524 - AdaPoinTr - INFO - 03593526	120	0.225 	22.829 	2.378 	0.000 	jar	
2025-03-25 11:28:54,524 - AdaPoinTr - INFO - 04554684	34	0.201 	21.936 	1.958 	0.000 	washer	
2025-03-25 11:28:54,524 - AdaPoinTr - INFO - 03467517	160	0.714 	9.316 	0.475 	0.000 	guitar	
2025-03-25 11:28:54,524 - AdaPoinTr - INFO - 04401088	218	0.383 	13.227 	0.608 	0.000 	telephone	
2025-03-25 11:28:54,524 - AdaPoinTr - INFO - 02954340	12	0.256 	22.312 	2.369 	0.000 	cap	
2025-03-25 11:28:54,524 - AdaPoinTr - INFO - 02933112	315	0.223 	18.541 	1.151 	0.000 	cabinet	
2025-03-25 11:28:54,524 - AdaPoinTr - INFO - 03642806	92	0.360 	13.553 	0.632 	0.000 	laptop	
2025-03-25 11:28:54,524 - AdaPoinTr - INFO - 02924116	188	0.323 	15.383 	0.832 	0.000 	bus	
2025-03-25 11:28:54,524 - AdaPoinTr - INFO - 02946921	22	0.221 	20.161 	1.620 	0.000 	can	
2025-03-25 11:28:54,524 - AdaPoinTr - INFO - 02818832	47	0.250 	20.775 	1.928 	0.000 	bed	
2025-03-25 11:28:54,524 - AdaPoinTr - INFO - 04256520	635	0.251 	18.113 	1.172 	0.000 	sofa	
2025-03-25 11:28:54,524 - AdaPoinTr - INFO - 04379243	1687	0.353 	15.777 	1.195 	0.000 	table	
2025-03-25 11:28:54,524 - AdaPoinTr - INFO - 02747177	69	0.173 	23.225 	2.114 	0.000 	trash bin	
2025-03-25 11:28:54,524 - AdaPoinTr - INFO - 03046257	131	0.272 	18.652 	1.442 	0.000 	clock	
2025-03-25 11:28:54,524 - AdaPoinTr - INFO - 04225987	31	0.507 	12.647 	0.778 	0.000 	skateboard	
2025-03-25 11:28:54,524 - AdaPoinTr - INFO - 03797390	43	0.160 	24.171 	2.209 	0.000 	mug	
2025-03-25 11:28:54,524 - AdaPoinTr - INFO - 03001627	1356	0.319 	17.657 	1.412 	0.000 	chair	
2025-03-25 11:28:54,524 - AdaPoinTr - INFO - 03691459	320	0.224 	21.474 	1.890 	0.000 	loudspeaker	
2025-03-25 11:28:54,524 - AdaPoinTr - INFO - 02942699	23	0.207 	24.464 	2.675 	0.000 	camera	
2025-03-25 11:28:54,524 - AdaPoinTr - INFO - 03636649	464	0.450 	18.498 	2.250 	0.000 	lamp	
2025-03-25 11:28:54,524 - AdaPoinTr - INFO - 02691156	809	0.496 	12.387 	0.656 	0.000 	airplane	
2025-03-25 11:28:54,524 - AdaPoinTr - INFO - 02773838	17	0.308 	18.068 	1.659 	0.000 	bag	
2025-03-25 11:28:54,524 - AdaPoinTr - INFO - 02958343	703	0.199 	19.723 	1.249 	0.000 	car	
2025-03-25 11:28:54,524 - AdaPoinTr - INFO - 02880940	38	0.197 	21.223 	1.492 	0.000 	bowl	
2025-03-25 11:28:54,524 - AdaPoinTr - INFO - 04099429	17	0.637 	11.464 	0.733 	0.000 	rocket	
2025-03-25 11:28:54,524 - AdaPoinTr - INFO - 02828884	363	0.396 	13.978 	0.890 	0.000 	bench	
2025-03-25 11:28:54,524 - AdaPoinTr - INFO - 04090263	475	0.642 	10.667 	0.634 	0.000 	rifle	
2025-03-25 11:28:54,524 - AdaPoinTr - INFO - 03211117	219	0.306 	16.563 	1.131 	0.000 	display	
2025-03-25 11:28:54,524 - AdaPoinTr - INFO - 02876657	100	0.364 	15.883 	1.078 	0.000 	bottle	
2025-03-25 11:28:54,524 - AdaPoinTr - INFO - 03710193	19	0.467 	15.592 	1.337 	0.000 	mailbox	
2025-03-25 11:28:54,524 - AdaPoinTr - INFO - 03790512	68	0.228 	20.377 	1.591 	0.000 	motorbike	
2025-03-25 11:28:54,524 - AdaPoinTr - INFO - 03325088	149	0.372 	21.929 	3.137 	0.000 	faucet	
2025-03-25 11:28:54,524 - AdaPoinTr - INFO - 02801938	23	0.199 	22.199 	1.973 	0.000 	basket	
2025-03-25 11:28:54,524 - AdaPoinTr - INFO - 03337140	60	0.217 	19.919 	1.546 	0.000 	file cabinet	
2025-03-25 11:28:54,524 - AdaPoinTr - INFO - 02843684	15	0.203 	23.932 	2.422 	0.000 	birdhouse	
2025-03-25 11:28:54,524 - AdaPoinTr - INFO - 03624134	85	0.703 	9.357 	0.474 	0.000 	knife	
2025-03-25 11:28:54,524 - AdaPoinTr - INFO - 03991062	121	0.196 	25.182 	2.693 	0.000 	flowerpot	
2025-03-25 11:28:54,525 - AdaPoinTr - INFO - 03948459	62	0.423 	14.449 	0.913 	0.000 	pistol	
2025-03-25 11:28:54,525 - AdaPoinTr - INFO - 03928116	48	0.256 	20.242 	1.845 	0.000 	piano	
2025-03-25 11:28:54,525 - AdaPoinTr - INFO - 03207941	19	0.217 	19.269 	1.321 	0.000 	dishwasher	
2025-03-25 11:28:54,525 - AdaPoinTr - INFO - 04074963	14	0.411 	12.810 	0.575 	0.000 	remote	
2025-03-25 11:28:54,525 - AdaPoinTr - INFO - 03085013	13	0.425 	11.978 	0.575 	0.000 	keyboard	
2025-03-25 11:28:54,525 - AdaPoinTr - INFO - Overall		0.324 	18.256 	1.576 	0.000 	
2025-03-25 11:28:54,981 - AdaPoinTr - INFO - Save checkpoint at ./experiments/AdaPoinTr/ShapeNet55_models/AdaPoinTr_fog/ckpt-best.pth
2025-03-25 11:28:55,403 - AdaPoinTr - INFO - Save checkpoint at ./experiments/AdaPoinTr/ShapeNet55_models/AdaPoinTr_fog/ckpt-last.pth
2025-03-25 11:28:56,159 - AdaPoinTr - INFO - [Epoch 7/600][Batch 1/1311] BatchTime = 0.754 (s) DataTime = 0.084 (s) Losses = ['6.9003', '48.2556'] lr = 0.000097
2025-03-25 11:30:02,473 - AdaPoinTr - INFO - [Epoch 7/600][Batch 101/1311] BatchTime = 0.663 (s) DataTime = 0.001 (s) Losses = ['6.8737', '46.4403'] lr = 0.000097
2025-03-25 11:31:08,844 - AdaPoinTr - INFO - [Epoch 7/600][Batch 201/1311] BatchTime = 0.662 (s) DataTime = 0.001 (s) Losses = ['6.4689', '47.0473'] lr = 0.000097
2025-03-25 11:32:15,244 - AdaPoinTr - INFO - [Epoch 7/600][Batch 301/1311] BatchTime = 0.664 (s) DataTime = 0.001 (s) Losses = ['6.1947', '45.8244'] lr = 0.000097
2025-03-25 11:33:21,637 - AdaPoinTr - INFO - [Epoch 7/600][Batch 401/1311] BatchTime = 0.662 (s) DataTime = 0.001 (s) Losses = ['6.9670', '53.0465'] lr = 0.000097
2025-03-25 11:34:28,044 - AdaPoinTr - INFO - [Epoch 7/600][Batch 501/1311] BatchTime = 0.664 (s) DataTime = 0.001 (s) Losses = ['6.8114', '49.9442'] lr = 0.000097
2025-03-25 11:35:34,446 - AdaPoinTr - INFO - [Epoch 7/600][Batch 601/1311] BatchTime = 0.664 (s) DataTime = 0.001 (s) Losses = ['6.3959', '44.9418'] lr = 0.000097
2025-03-25 11:36:40,822 - AdaPoinTr - INFO - [Epoch 7/600][Batch 701/1311] BatchTime = 0.663 (s) DataTime = 0.001 (s) Losses = ['6.3356', '47.3397'] lr = 0.000097
2025-03-25 11:37:47,222 - AdaPoinTr - INFO - [Epoch 7/600][Batch 801/1311] BatchTime = 0.665 (s) DataTime = 0.001 (s) Losses = ['6.7422', '50.0055'] lr = 0.000097
2025-03-25 11:38:53,616 - AdaPoinTr - INFO - [Epoch 7/600][Batch 901/1311] BatchTime = 0.664 (s) DataTime = 0.001 (s) Losses = ['6.6390', '51.5645'] lr = 0.000097
2025-03-25 11:40:00,023 - AdaPoinTr - INFO - [Epoch 7/600][Batch 1001/1311] BatchTime = 0.662 (s) DataTime = 0.001 (s) Losses = ['6.9480', '47.7401'] lr = 0.000097
2025-03-25 11:41:06,434 - AdaPoinTr - INFO - [Epoch 7/600][Batch 1101/1311] BatchTime = 0.662 (s) DataTime = 0.001 (s) Losses = ['6.5647', '48.4109'] lr = 0.000097
2025-03-25 11:42:12,864 - AdaPoinTr - INFO - [Epoch 7/600][Batch 1201/1311] BatchTime = 0.660 (s) DataTime = 0.001 (s) Losses = ['6.2923', '43.8086'] lr = 0.000097
2025-03-25 11:43:19,291 - AdaPoinTr - INFO - [Epoch 7/600][Batch 1301/1311] BatchTime = 0.664 (s) DataTime = 0.001 (s) Losses = ['6.8023', '54.0892'] lr = 0.000097
2025-03-25 11:43:25,950 - AdaPoinTr - INFO - [Training] EPOCH: 7 EpochTime = 870.545 (s) Losses = ['6.6808', '48.2850']
2025-03-25 11:43:25,950 - AdaPoinTr - INFO - [VALIDATION] Start validating epoch 7
2025-03-25 11:43:57,552 - AdaPoinTr - INFO - Test[1051/10518] Taxonomy = 02691156 Sample = c7749c0a8b61f43bc9b9e28055202e3d Losses = ['25.6811', '3.1560', '12.0799', '0.5538'] Metrics = ['0.4801', '12.0799', '0.5538', '0.0000']
2025-03-25 11:44:29,102 - AdaPoinTr - INFO - Test[2102/10518] Taxonomy = 03211117 Sample = ab2f9418c111cc6ddb965514105122a4 Losses = ['24.0133', '2.0804', '9.4125', '0.2679'] Metrics = ['0.5680', '9.4125', '0.2679', '0.0000']
2025-03-25 11:45:00,431 - AdaPoinTr - INFO - Test[3153/10518] Taxonomy = 02876657 Sample = c5032e4be091aabb36fe7a88df793982 Losses = ['47.8226', '9.1217', '23.8266', '2.7709'] Metrics = ['0.2667', '23.8266', '2.7709', '0.0000']
2025-03-25 11:45:32,048 - AdaPoinTr - INFO - Test[4204/10518] Taxonomy = 03211117 Sample = 722df1da5778d45b1e43523279c7f09f Losses = ['47.4795', '8.9388', '33.8228', '5.5218'] Metrics = ['0.2992', '33.8228', '5.5218', '0.0000']
2025-03-25 11:46:03,499 - AdaPoinTr - INFO - Test[5255/10518] Taxonomy = 02828884 Sample = 14b63361a48a9fffe4a048c146e8bd43 Losses = ['37.5076', '4.9596', '21.9431', '2.1341'] Metrics = ['0.3264', '21.9431', '2.1341', '0.0000']
2025-03-25 11:46:34,847 - AdaPoinTr - INFO - Test[6306/10518] Taxonomy = 03211117 Sample = d330d50a0255529d19ed6e1a590c9122 Losses = ['25.9655', '2.4745', '13.8398', '0.6797'] Metrics = ['0.3977', '13.8398', '0.6797', '0.0000']
2025-03-25 11:47:06,028 - AdaPoinTr - INFO - Test[7357/10518] Taxonomy = 04379243 Sample = b1ca280d9567270ade98d10ab5975b59 Losses = ['31.5582', '3.4731', '15.6173', '0.6776'] Metrics = ['0.2465', '15.6173', '0.6776', '0.0000']
2025-03-25 11:47:37,587 - AdaPoinTr - INFO - Test[8408/10518] Taxonomy = 03001627 Sample = 89208a619341d9fdb8c516ed5c4ce32 Losses = ['31.4682', '3.4913', '15.7301', '0.8150'] Metrics = ['0.2835', '15.7301', '0.8150', '0.0000']
2025-03-25 11:48:08,940 - AdaPoinTr - INFO - Test[9459/10518] Taxonomy = 03001627 Sample = d0255120e3351121c3bd24f986301745 Losses = ['35.7675', '4.6018', '19.6362', '1.2991'] Metrics = ['0.1935', '19.6362', '1.2991', '0.0000']
2025-03-25 11:48:40,391 - AdaPoinTr - INFO - Test[10510/10518] Taxonomy = 03636649 Sample = ea9ec4d9db2e06202471e6dd5ac3ef92 Losses = ['24.9141', '3.0181', '11.2377', '0.6037'] Metrics = ['0.6433', '11.2377', '0.6037', '0.0000']
2025-03-25 11:48:40,652 - AdaPoinTr - INFO - [Validation] EPOCH: 7  Metrics = ['0.3257', '18.1250', '1.5620', '0.0000']
2025-03-25 11:48:40,653 - AdaPoinTr - INFO - ============================ TEST RESULTS ============================
2025-03-25 11:48:40,653 - AdaPoinTr - INFO - Taxonomy	#Sample	F-Score	CDL1	CDL2	EMDistance	#ModelName	
2025-03-25 11:48:40,653 - AdaPoinTr - INFO - 03759954	14	0.496 	18.559 	2.673 	0.000 	microphone	
2025-03-25 11:48:40,653 - AdaPoinTr - INFO - 04330267	44	0.250 	20.380 	2.031 	0.000 	stove	
2025-03-25 11:48:40,653 - AdaPoinTr - INFO - 03261776	15	0.267 	26.370 	4.705 	0.000 	earphone	
2025-03-25 11:48:40,653 - AdaPoinTr - INFO - 03513137	33	0.190 	25.462 	3.154 	0.000 	helmet	
2025-03-25 11:48:40,653 - AdaPoinTr - INFO - 04460130	27	0.366 	17.305 	1.284 	0.000 	tower	
2025-03-25 11:48:40,653 - AdaPoinTr - INFO - 04468005	78	0.348 	15.512 	0.953 	0.000 	train	
2025-03-25 11:48:40,653 - AdaPoinTr - INFO - 03761084	31	0.213 	21.261 	1.877 	0.000 	microwaves	
2025-03-25 11:48:40,653 - AdaPoinTr - INFO - 04004475	34	0.236 	20.570 	1.743 	0.000 	printer	
2025-03-25 11:48:40,653 - AdaPoinTr - INFO - 03938244	20	0.262 	18.418 	1.203 	0.000 	pillow	
2025-03-25 11:48:40,653 - AdaPoinTr - INFO - 02992529	167	0.380 	13.445 	0.654 	0.000 	cellphone	
2025-03-25 11:48:40,653 - AdaPoinTr - INFO - 02808440	172	0.259 	18.957 	1.467 	0.000 	bathtub	
2025-03-25 11:48:40,653 - AdaPoinTr - INFO - 04530566	388	0.444 	13.779 	0.804 	0.000 	watercraft	
2025-03-25 11:48:40,653 - AdaPoinTr - INFO - 02871439	91	0.222 	20.119 	1.578 	0.000 	bookshelf	
2025-03-25 11:48:40,653 - AdaPoinTr - INFO - 03593526	120	0.222 	23.020 	2.252 	0.000 	jar	
2025-03-25 11:48:40,653 - AdaPoinTr - INFO - 04554684	34	0.203 	20.811 	1.593 	0.000 	washer	
2025-03-25 11:48:40,653 - AdaPoinTr - INFO - 03467517	160	0.734 	8.828 	0.397 	0.000 	guitar	
2025-03-25 11:48:40,653 - AdaPoinTr - INFO - 04401088	218	0.387 	13.216 	0.642 	0.000 	telephone	
2025-03-25 11:48:40,653 - AdaPoinTr - INFO - 02954340	12	0.263 	22.726 	3.020 	0.000 	cap	
2025-03-25 11:48:40,653 - AdaPoinTr - INFO - 02933112	315	0.222 	18.393 	1.157 	0.000 	cabinet	
2025-03-25 11:48:40,653 - AdaPoinTr - INFO - 03642806	92	0.362 	13.913 	0.730 	0.000 	laptop	
2025-03-25 11:48:40,653 - AdaPoinTr - INFO - 02924116	188	0.327 	15.057 	0.793 	0.000 	bus	
2025-03-25 11:48:40,653 - AdaPoinTr - INFO - 02946921	22	0.215 	20.346 	1.640 	0.000 	can	
2025-03-25 11:48:40,653 - AdaPoinTr - INFO - 02818832	47	0.255 	20.667 	2.023 	0.000 	bed	
2025-03-25 11:48:40,653 - AdaPoinTr - INFO - 04256520	635	0.259 	17.997 	1.193 	0.000 	sofa	
2025-03-25 11:48:40,653 - AdaPoinTr - INFO - 04379243	1687	0.360 	15.661 	1.188 	0.000 	table	
2025-03-25 11:48:40,653 - AdaPoinTr - INFO - 02747177	69	0.174 	21.945 	1.691 	0.000 	trash bin	
2025-03-25 11:48:40,653 - AdaPoinTr - INFO - 03046257	131	0.272 	18.603 	1.428 	0.000 	clock	
2025-03-25 11:48:40,653 - AdaPoinTr - INFO - 04225987	31	0.510 	11.754 	0.554 	0.000 	skateboard	
2025-03-25 11:48:40,653 - AdaPoinTr - INFO - 03797390	43	0.160 	24.174 	2.217 	0.000 	mug	
2025-03-25 11:48:40,653 - AdaPoinTr - INFO - 03001627	1356	0.325 	17.204 	1.284 	0.000 	chair	
2025-03-25 11:48:40,653 - AdaPoinTr - INFO - 03691459	320	0.223 	21.269 	1.825 	0.000 	loudspeaker	
2025-03-25 11:48:40,653 - AdaPoinTr - INFO - 02942699	23	0.208 	27.128 	3.888 	0.000 	camera	
2025-03-25 11:48:40,653 - AdaPoinTr - INFO - 03636649	464	0.458 	18.193 	2.341 	0.000 	lamp	
2025-03-25 11:48:40,653 - AdaPoinTr - INFO - 02691156	809	0.511 	12.149 	0.680 	0.000 	airplane	
2025-03-25 11:48:40,653 - AdaPoinTr - INFO - 02773838	17	0.306 	16.789 	1.077 	0.000 	bag	
2025-03-25 11:48:40,654 - AdaPoinTr - INFO - 02958343	703	0.201 	19.586 	1.243 	0.000 	car	
2025-03-25 11:48:40,654 - AdaPoinTr - INFO - 02880940	38	0.204 	20.119 	1.356 	0.000 	bowl	
2025-03-25 11:48:40,654 - AdaPoinTr - INFO - 04099429	17	0.657 	10.160 	0.522 	0.000 	rocket	
2025-03-25 11:48:40,654 - AdaPoinTr - INFO - 02828884	363	0.398 	14.182 	0.927 	0.000 	bench	
2025-03-25 11:48:40,654 - AdaPoinTr - INFO - 04090263	475	0.641 	10.410 	0.574 	0.000 	rifle	
2025-03-25 11:48:40,654 - AdaPoinTr - INFO - 03211117	219	0.304 	16.991 	1.250 	0.000 	display	
2025-03-25 11:48:40,654 - AdaPoinTr - INFO - 02876657	100	0.350 	16.332 	1.112 	0.000 	bottle	
2025-03-25 11:48:40,654 - AdaPoinTr - INFO - 03710193	19	0.440 	16.960 	1.588 	0.000 	mailbox	
2025-03-25 11:48:40,654 - AdaPoinTr - INFO - 03790512	68	0.228 	20.327 	1.563 	0.000 	motorbike	
2025-03-25 11:48:40,654 - AdaPoinTr - INFO - 03325088	149	0.381 	21.115 	2.893 	0.000 	faucet	
2025-03-25 11:48:40,654 - AdaPoinTr - INFO - 02801938	23	0.204 	21.896 	2.197 	0.000 	basket	
2025-03-25 11:48:40,654 - AdaPoinTr - INFO - 03337140	60	0.216 	19.678 	1.442 	0.000 	file cabinet	
2025-03-25 11:48:40,654 - AdaPoinTr - INFO - 02843684	15	0.196 	24.546 	2.524 	0.000 	birdhouse	
2025-03-25 11:48:40,654 - AdaPoinTr - INFO - 03624134	85	0.690 	9.343 	0.429 	0.000 	knife	
2025-03-25 11:48:40,654 - AdaPoinTr - INFO - 03991062	121	0.201 	25.582 	3.164 	0.000 	flowerpot	
2025-03-25 11:48:40,654 - AdaPoinTr - INFO - 03948459	62	0.422 	14.601 	1.005 	0.000 	pistol	
2025-03-25 11:48:40,654 - AdaPoinTr - INFO - 03928116	48	0.255 	20.438 	1.996 	0.000 	piano	
2025-03-25 11:48:40,654 - AdaPoinTr - INFO - 03207941	19	0.217 	18.602 	1.182 	0.000 	dishwasher	
2025-03-25 11:48:40,654 - AdaPoinTr - INFO - 04074963	14	0.405 	13.647 	0.687 	0.000 	remote	
2025-03-25 11:48:40,654 - AdaPoinTr - INFO - 03085013	13	0.411 	12.381 	0.518 	0.000 	keyboard	
2025-03-25 11:48:40,654 - AdaPoinTr - INFO - Overall		0.326 	18.125 	1.562 	0.000 	
2025-03-25 11:48:41,110 - AdaPoinTr - INFO - Save checkpoint at ./experiments/AdaPoinTr/ShapeNet55_models/AdaPoinTr_fog/ckpt-best.pth
2025-03-25 11:48:41,517 - AdaPoinTr - INFO - Save checkpoint at ./experiments/AdaPoinTr/ShapeNet55_models/AdaPoinTr_fog/ckpt-last.pth
2025-03-25 11:48:42,270 - AdaPoinTr - INFO - [Epoch 8/600][Batch 1/1311] BatchTime = 0.752 (s) DataTime = 0.084 (s) Losses = ['7.0225', '49.1995'] lr = 0.000096
2025-03-25 11:49:48,532 - AdaPoinTr - INFO - [Epoch 8/600][Batch 101/1311] BatchTime = 0.663 (s) DataTime = 0.001 (s) Losses = ['6.0737', '46.7274'] lr = 0.000096
2025-03-25 11:50:54,926 - AdaPoinTr - INFO - [Epoch 8/600][Batch 201/1311] BatchTime = 0.665 (s) DataTime = 0.001 (s) Losses = ['6.3102', '43.8841'] lr = 0.000096
2025-03-25 11:52:01,315 - AdaPoinTr - INFO - [Epoch 8/600][Batch 301/1311] BatchTime = 0.664 (s) DataTime = 0.001 (s) Losses = ['6.6311', '49.3785'] lr = 0.000096
2025-03-25 11:53:07,685 - AdaPoinTr - INFO - [Epoch 8/600][Batch 401/1311] BatchTime = 0.664 (s) DataTime = 0.001 (s) Losses = ['6.8606', '51.0024'] lr = 0.000096
2025-03-25 11:54:14,110 - AdaPoinTr - INFO - [Epoch 8/600][Batch 501/1311] BatchTime = 0.661 (s) DataTime = 0.001 (s) Losses = ['6.6247', '46.6916'] lr = 0.000096
2025-03-25 11:55:20,532 - AdaPoinTr - INFO - [Epoch 8/600][Batch 601/1311] BatchTime = 0.662 (s) DataTime = 0.001 (s) Losses = ['6.5781', '46.6100'] lr = 0.000096
2025-03-25 11:56:26,921 - AdaPoinTr - INFO - [Epoch 8/600][Batch 701/1311] BatchTime = 0.665 (s) DataTime = 0.001 (s) Losses = ['6.5604', '45.3222'] lr = 0.000096
2025-03-25 11:57:33,316 - AdaPoinTr - INFO - [Epoch 8/600][Batch 801/1311] BatchTime = 0.664 (s) DataTime = 0.001 (s) Losses = ['6.0568', '46.1465'] lr = 0.000096
2025-03-25 11:58:39,733 - AdaPoinTr - INFO - [Epoch 8/600][Batch 901/1311] BatchTime = 0.665 (s) DataTime = 0.001 (s) Losses = ['5.8603', '42.8398'] lr = 0.000096
2025-03-25 11:59:46,125 - AdaPoinTr - INFO - [Epoch 8/600][Batch 1001/1311] BatchTime = 0.667 (s) DataTime = 0.001 (s) Losses = ['6.8494', '48.5787'] lr = 0.000096
2025-03-25 12:00:52,510 - AdaPoinTr - INFO - [Epoch 8/600][Batch 1101/1311] BatchTime = 0.663 (s) DataTime = 0.001 (s) Losses = ['7.0663', '49.7941'] lr = 0.000096
2025-03-25 12:01:58,894 - AdaPoinTr - INFO - [Epoch 8/600][Batch 1201/1311] BatchTime = 0.662 (s) DataTime = 0.001 (s) Losses = ['6.0801', '42.5206'] lr = 0.000096
2025-03-25 12:03:05,308 - AdaPoinTr - INFO - [Epoch 8/600][Batch 1301/1311] BatchTime = 0.667 (s) DataTime = 0.001 (s) Losses = ['6.7372', '47.0730'] lr = 0.000096
2025-03-25 12:03:11,976 - AdaPoinTr - INFO - [Training] EPOCH: 8 EpochTime = 870.458 (s) Losses = ['6.6051', '47.7918']
2025-03-25 12:03:11,976 - AdaPoinTr - INFO - [VALIDATION] Start validating epoch 8
2025-03-25 12:03:43,440 - AdaPoinTr - INFO - Test[1051/10518] Taxonomy = 02691156 Sample = c7749c0a8b61f43bc9b9e28055202e3d Losses = ['28.7170', '4.1581', '13.1531', '0.8475'] Metrics = ['0.4820', '13.1531', '0.8475', '0.0000']
2025-03-25 12:04:14,896 - AdaPoinTr - INFO - Test[2102/10518] Taxonomy = 03211117 Sample = ab2f9418c111cc6ddb965514105122a4 Losses = ['29.9843', '3.3692', '11.9056', '0.8729'] Metrics = ['0.5003', '11.9056', '0.8729', '0.0000']
2025-03-25 12:04:46,253 - AdaPoinTr - INFO - Test[3153/10518] Taxonomy = 02876657 Sample = c5032e4be091aabb36fe7a88df793982 Losses = ['47.7678', '8.5870', '29.2148', '3.6205'] Metrics = ['0.1902', '29.2148', '3.6205', '0.0000']
2025-03-25 12:05:17,745 - AdaPoinTr - INFO - Test[4204/10518] Taxonomy = 03211117 Sample = 722df1da5778d45b1e43523279c7f09f Losses = ['33.0123', '4.2812', '16.1482', '0.9997'] Metrics = ['0.3387', '16.1482', '0.9997', '0.0000']
2025-03-25 12:05:49,052 - AdaPoinTr - INFO - Test[5255/10518] Taxonomy = 02828884 Sample = 14b63361a48a9fffe4a048c146e8bd43 Losses = ['37.5062', '5.3384', '24.4640', '2.7245'] Metrics = ['0.3412', '24.4640', '2.7245', '0.0000']
2025-03-25 12:06:20,421 - AdaPoinTr - INFO - Test[6306/10518] Taxonomy = 03211117 Sample = d330d50a0255529d19ed6e1a590c9122 Losses = ['30.4999', '4.0406', '13.1773', '0.6836'] Metrics = ['0.4135', '13.1773', '0.6836', '0.0000']
2025-03-25 12:06:51,763 - AdaPoinTr - INFO - Test[7357/10518] Taxonomy = 04379243 Sample = b1ca280d9567270ade98d10ab5975b59 Losses = ['31.6800', '3.3879', '15.7541', '0.6874'] Metrics = ['0.2277', '15.7541', '0.6874', '0.0000']
2025-03-25 12:07:22,953 - AdaPoinTr - INFO - Test[8408/10518] Taxonomy = 03001627 Sample = 89208a619341d9fdb8c516ed5c4ce32 Losses = ['36.1232', '5.8538', '21.2630', '2.2428'] Metrics = ['0.2380', '21.2630', '2.2428', '0.0000']
2025-03-25 12:07:54,246 - AdaPoinTr - INFO - Test[9459/10518] Taxonomy = 03001627 Sample = d0255120e3351121c3bd24f986301745 Losses = ['37.2279', '4.9202', '20.7798', '1.5196'] Metrics = ['0.1923', '20.7798', '1.5196', '0.0000']
2025-03-25 12:08:25,674 - AdaPoinTr - INFO - Test[10510/10518] Taxonomy = 03636649 Sample = ea9ec4d9db2e06202471e6dd5ac3ef92 Losses = ['31.4432', '4.9630', '17.5341', '1.8635'] Metrics = ['0.6118', '17.5341', '1.8635', '0.0000']
2025-03-25 12:08:25,930 - AdaPoinTr - INFO - [Validation] EPOCH: 8  Metrics = ['0.3322', '17.4576', '1.4055', '0.0000']
2025-03-25 12:08:25,931 - AdaPoinTr - INFO - ============================ TEST RESULTS ============================
2025-03-25 12:08:25,931 - AdaPoinTr - INFO - Taxonomy	#Sample	F-Score	CDL1	CDL2	EMDistance	#ModelName	
2025-03-25 12:08:25,931 - AdaPoinTr - INFO - 03759954	14	0.508 	18.061 	2.940 	0.000 	microphone	
2025-03-25 12:08:25,931 - AdaPoinTr - INFO - 04330267	44	0.255 	19.249 	1.568 	0.000 	stove	
2025-03-25 12:08:25,931 - AdaPoinTr - INFO - 03261776	15	0.285 	21.747 	2.681 	0.000 	earphone	
2025-03-25 12:08:25,931 - AdaPoinTr - INFO - 03513137	33	0.195 	25.382 	3.120 	0.000 	helmet	
2025-03-25 12:08:25,931 - AdaPoinTr - INFO - 04460130	27	0.367 	18.181 	1.713 	0.000 	tower	
2025-03-25 12:08:25,931 - AdaPoinTr - INFO - 04468005	78	0.356 	15.263 	0.951 	0.000 	train	
2025-03-25 12:08:25,931 - AdaPoinTr - INFO - 03761084	31	0.221 	19.217 	1.311 	0.000 	microwaves	
2025-03-25 12:08:25,931 - AdaPoinTr - INFO - 04004475	34	0.239 	21.382 	2.013 	0.000 	printer	
2025-03-25 12:08:25,931 - AdaPoinTr - INFO - 03938244	20	0.282 	17.560 	1.146 	0.000 	pillow	
2025-03-25 12:08:25,931 - AdaPoinTr - INFO - 02992529	167	0.386 	13.138 	0.623 	0.000 	cellphone	
2025-03-25 12:08:25,931 - AdaPoinTr - INFO - 02808440	172	0.266 	18.400 	1.427 	0.000 	bathtub	
2025-03-25 12:08:25,931 - AdaPoinTr - INFO - 04530566	388	0.451 	13.774 	0.890 	0.000 	watercraft	
2025-03-25 12:08:25,931 - AdaPoinTr - INFO - 02871439	91	0.231 	19.433 	1.465 	0.000 	bookshelf	
2025-03-25 12:08:25,931 - AdaPoinTr - INFO - 03593526	120	0.232 	22.181 	2.147 	0.000 	jar	
2025-03-25 12:08:25,931 - AdaPoinTr - INFO - 04554684	34	0.212 	20.628 	1.639 	0.000 	washer	
2025-03-25 12:08:25,931 - AdaPoinTr - INFO - 03467517	160	0.735 	8.680 	0.386 	0.000 	guitar	
2025-03-25 12:08:25,931 - AdaPoinTr - INFO - 04401088	218	0.386 	13.091 	0.637 	0.000 	telephone	
2025-03-25 12:08:25,931 - AdaPoinTr - INFO - 02954340	12	0.259 	20.636 	1.844 	0.000 	cap	
2025-03-25 12:08:25,931 - AdaPoinTr - INFO - 02933112	315	0.229 	18.137 	1.123 	0.000 	cabinet	
2025-03-25 12:08:25,931 - AdaPoinTr - INFO - 03642806	92	0.361 	12.966 	0.536 	0.000 	laptop	
2025-03-25 12:08:25,931 - AdaPoinTr - INFO - 02924116	188	0.338 	14.753 	0.763 	0.000 	bus	
2025-03-25 12:08:25,931 - AdaPoinTr - INFO - 02946921	22	0.229 	18.302 	1.160 	0.000 	can	
2025-03-25 12:08:25,931 - AdaPoinTr - INFO - 02818832	47	0.258 	20.283 	1.963 	0.000 	bed	
2025-03-25 12:08:25,931 - AdaPoinTr - INFO - 04256520	635	0.264 	17.529 	1.138 	0.000 	sofa	
2025-03-25 12:08:25,931 - AdaPoinTr - INFO - 04379243	1687	0.360 	15.411 	1.154 	0.000 	table	
2025-03-25 12:08:25,931 - AdaPoinTr - INFO - 02747177	69	0.174 	21.600 	1.613 	0.000 	trash bin	
2025-03-25 12:08:25,931 - AdaPoinTr - INFO - 03046257	131	0.285 	17.775 	1.285 	0.000 	clock	
2025-03-25 12:08:25,931 - AdaPoinTr - INFO - 04225987	31	0.517 	11.574 	0.548 	0.000 	skateboard	
2025-03-25 12:08:25,931 - AdaPoinTr - INFO - 03797390	43	0.165 	22.818 	1.921 	0.000 	mug	
2025-03-25 12:08:25,931 - AdaPoinTr - INFO - 03001627	1356	0.329 	16.891 	1.266 	0.000 	chair	
2025-03-25 12:08:25,931 - AdaPoinTr - INFO - 03691459	320	0.230 	21.208 	1.955 	0.000 	loudspeaker	
2025-03-25 12:08:25,931 - AdaPoinTr - INFO - 02942699	23	0.214 	24.083 	2.600 	0.000 	camera	
2025-03-25 12:08:25,931 - AdaPoinTr - INFO - 03636649	464	0.463 	17.323 	2.060 	0.000 	lamp	
2025-03-25 12:08:25,931 - AdaPoinTr - INFO - 02691156	809	0.507 	11.914 	0.598 	0.000 	airplane	
2025-03-25 12:08:25,931 - AdaPoinTr - INFO - 02773838	17	0.323 	15.981 	1.022 	0.000 	bag	
2025-03-25 12:08:25,931 - AdaPoinTr - INFO - 02958343	703	0.205 	19.231 	1.217 	0.000 	car	
2025-03-25 12:08:25,931 - AdaPoinTr - INFO - 02880940	38	0.202 	20.218 	1.351 	0.000 	bowl	
2025-03-25 12:08:25,931 - AdaPoinTr - INFO - 04099429	17	0.657 	10.344 	0.570 	0.000 	rocket	
2025-03-25 12:08:25,931 - AdaPoinTr - INFO - 02828884	363	0.407 	13.539 	0.835 	0.000 	bench	
2025-03-25 12:08:25,931 - AdaPoinTr - INFO - 04090263	475	0.646 	10.295 	0.575 	0.000 	rifle	
2025-03-25 12:08:25,931 - AdaPoinTr - INFO - 03211117	219	0.319 	15.952 	1.065 	0.000 	display	
2025-03-25 12:08:25,931 - AdaPoinTr - INFO - 02876657	100	0.368 	15.355 	1.014 	0.000 	bottle	
2025-03-25 12:08:25,931 - AdaPoinTr - INFO - 03710193	19	0.452 	17.314 	1.853 	0.000 	mailbox	
2025-03-25 12:08:25,931 - AdaPoinTr - INFO - 03790512	68	0.231 	20.088 	1.591 	0.000 	motorbike	
2025-03-25 12:08:25,931 - AdaPoinTr - INFO - 03325088	149	0.379 	21.314 	3.128 	0.000 	faucet	
2025-03-25 12:08:25,931 - AdaPoinTr - INFO - 02801938	23	0.211 	20.092 	1.586 	0.000 	basket	
2025-03-25 12:08:25,931 - AdaPoinTr - INFO - 03337140	60	0.224 	19.091 	1.312 	0.000 	file cabinet	
2025-03-25 12:08:25,931 - AdaPoinTr - INFO - 02843684	15	0.209 	22.707 	2.193 	0.000 	birdhouse	
2025-03-25 12:08:25,931 - AdaPoinTr - INFO - 03624134	85	0.682 	9.450 	0.437 	0.000 	knife	
2025-03-25 12:08:25,931 - AdaPoinTr - INFO - 03991062	121	0.204 	23.329 	2.146 	0.000 	flowerpot	
2025-03-25 12:08:25,931 - AdaPoinTr - INFO - 03948459	62	0.428 	14.169 	0.942 	0.000 	pistol	
2025-03-25 12:08:25,931 - AdaPoinTr - INFO - 03928116	48	0.264 	20.032 	2.028 	0.000 	piano	
2025-03-25 12:08:25,931 - AdaPoinTr - INFO - 03207941	19	0.230 	18.227 	1.120 	0.000 	dishwasher	
2025-03-25 12:08:25,931 - AdaPoinTr - INFO - 04074963	14	0.414 	13.033 	0.638 	0.000 	remote	
2025-03-25 12:08:25,931 - AdaPoinTr - INFO - 03085013	13	0.427 	11.836 	0.500 	0.000 	keyboard	
2025-03-25 12:08:25,931 - AdaPoinTr - INFO - Overall		0.332 	17.458 	1.406 	0.000 	
2025-03-25 12:08:26,396 - AdaPoinTr - INFO - Save checkpoint at ./experiments/AdaPoinTr/ShapeNet55_models/AdaPoinTr_fog/ckpt-best.pth
2025-03-25 12:08:26,816 - AdaPoinTr - INFO - Save checkpoint at ./experiments/AdaPoinTr/ShapeNet55_models/AdaPoinTr_fog/ckpt-last.pth
2025-03-25 12:08:27,575 - AdaPoinTr - INFO - [Epoch 9/600][Batch 1/1311] BatchTime = 0.757 (s) DataTime = 0.082 (s) Losses = ['6.6412', '47.1327'] lr = 0.000096
2025-03-25 12:09:33,861 - AdaPoinTr - INFO - [Epoch 9/600][Batch 101/1311] BatchTime = 0.665 (s) DataTime = 0.001 (s) Losses = ['6.5751', '46.3902'] lr = 0.000096
2025-03-25 12:10:40,272 - AdaPoinTr - INFO - [Epoch 9/600][Batch 201/1311] BatchTime = 0.664 (s) DataTime = 0.001 (s) Losses = ['6.4432', '47.3319'] lr = 0.000096
2025-03-25 12:11:46,663 - AdaPoinTr - INFO - [Epoch 9/600][Batch 301/1311] BatchTime = 0.662 (s) DataTime = 0.001 (s) Losses = ['6.3035', '46.6483'] lr = 0.000096
2025-03-25 12:12:53,028 - AdaPoinTr - INFO - [Epoch 9/600][Batch 401/1311] BatchTime = 0.667 (s) DataTime = 0.001 (s) Losses = ['6.6664', '48.1448'] lr = 0.000096
2025-03-25 12:13:59,411 - AdaPoinTr - INFO - [Epoch 9/600][Batch 501/1311] BatchTime = 0.668 (s) DataTime = 0.001 (s) Losses = ['6.2683', '44.8282'] lr = 0.000096
2025-03-25 12:15:05,811 - AdaPoinTr - INFO - [Epoch 9/600][Batch 601/1311] BatchTime = 0.664 (s) DataTime = 0.001 (s) Losses = ['6.2426', '48.2186'] lr = 0.000096
2025-03-25 12:16:12,217 - AdaPoinTr - INFO - [Epoch 9/600][Batch 701/1311] BatchTime = 0.665 (s) DataTime = 0.001 (s) Losses = ['6.4532', '48.5622'] lr = 0.000096
2025-03-25 12:17:18,620 - AdaPoinTr - INFO - [Epoch 9/600][Batch 801/1311] BatchTime = 0.664 (s) DataTime = 0.001 (s) Losses = ['6.4350', '47.6965'] lr = 0.000096
2025-03-25 12:18:25,055 - AdaPoinTr - INFO - [Epoch 9/600][Batch 901/1311] BatchTime = 0.668 (s) DataTime = 0.001 (s) Losses = ['6.5425', '46.8673'] lr = 0.000096
2025-03-25 12:19:31,487 - AdaPoinTr - INFO - [Epoch 9/600][Batch 1001/1311] BatchTime = 0.664 (s) DataTime = 0.001 (s) Losses = ['6.0573', '46.1171'] lr = 0.000096
2025-03-25 12:20:37,923 - AdaPoinTr - INFO - [Epoch 9/600][Batch 1101/1311] BatchTime = 0.665 (s) DataTime = 0.001 (s) Losses = ['6.9025', '49.8621'] lr = 0.000096
2025-03-25 12:21:44,349 - AdaPoinTr - INFO - [Epoch 9/600][Batch 1201/1311] BatchTime = 0.664 (s) DataTime = 0.001 (s) Losses = ['6.4182', '47.3340'] lr = 0.000096
2025-03-25 12:22:50,758 - AdaPoinTr - INFO - [Epoch 9/600][Batch 1301/1311] BatchTime = 0.661 (s) DataTime = 0.001 (s) Losses = ['6.4376', '46.6403'] lr = 0.000096
2025-03-25 12:22:57,433 - AdaPoinTr - INFO - [Training] EPOCH: 9 EpochTime = 870.616 (s) Losses = ['6.5419', '47.3885']
2025-03-25 12:22:57,434 - AdaPoinTr - INFO - [VALIDATION] Start validating epoch 9
2025-03-25 12:23:28,461 - AdaPoinTr - INFO - Test[1051/10518] Taxonomy = 02691156 Sample = c7749c0a8b61f43bc9b9e28055202e3d Losses = ['27.0865', '2.9281', '14.9230', '0.9699'] Metrics = ['0.4194', '14.9230', '0.9699', '0.0000']
2025-03-25 12:23:59,530 - AdaPoinTr - INFO - Test[2102/10518] Taxonomy = 03211117 Sample = ab2f9418c111cc6ddb965514105122a4 Losses = ['26.9132', '2.9077', '11.2186', '0.7636'] Metrics = ['0.6344', '11.2186', '0.7636', '0.0000']
2025-03-25 12:24:30,716 - AdaPoinTr - INFO - Test[3153/10518] Taxonomy = 02876657 Sample = c5032e4be091aabb36fe7a88df793982 Losses = ['50.2226', '9.9650', '32.9695', '5.6559'] Metrics = ['0.2262', '32.9695', '5.6559', '0.0000']
2025-03-25 12:25:02,045 - AdaPoinTr - INFO - Test[4204/10518] Taxonomy = 03211117 Sample = 722df1da5778d45b1e43523279c7f09f Losses = ['33.4955', '4.1028', '15.6805', '1.0458'] Metrics = ['0.3562', '15.6805', '1.0458', '0.0000']
2025-03-25 12:25:33,483 - AdaPoinTr - INFO - Test[5255/10518] Taxonomy = 02828884 Sample = 14b63361a48a9fffe4a048c146e8bd43 Losses = ['35.1994', '4.7037', '17.0923', '1.3570'] Metrics = ['0.3895', '17.0923', '1.3570', '0.0000']
2025-03-25 12:26:04,806 - AdaPoinTr - INFO - Test[6306/10518] Taxonomy = 03211117 Sample = d330d50a0255529d19ed6e1a590c9122 Losses = ['25.9239', '2.4031', '11.4669', '0.4315'] Metrics = ['0.4488', '11.4669', '0.4315', '0.0000']
2025-03-25 12:26:36,060 - AdaPoinTr - INFO - Test[7357/10518] Taxonomy = 04379243 Sample = b1ca280d9567270ade98d10ab5975b59 Losses = ['34.0642', '4.5705', '16.5617', '0.9588'] Metrics = ['0.2543', '16.5617', '0.9588', '0.0000']
2025-03-25 12:27:07,397 - AdaPoinTr - INFO - Test[8408/10518] Taxonomy = 03001627 Sample = 89208a619341d9fdb8c516ed5c4ce32 Losses = ['37.4268', '5.1329', '17.8139', '1.5155'] Metrics = ['0.2606', '17.8139', '1.5155', '0.0000']
2025-03-25 12:27:38,895 - AdaPoinTr - INFO - Test[9459/10518] Taxonomy = 03001627 Sample = d0255120e3351121c3bd24f986301745 Losses = ['38.1007', '5.3591', '19.2263', '1.1211'] Metrics = ['0.1904', '19.2263', '1.1211', '0.0000']
2025-03-25 12:28:10,227 - AdaPoinTr - INFO - Test[10510/10518] Taxonomy = 03636649 Sample = ea9ec4d9db2e06202471e6dd5ac3ef92 Losses = ['27.1475', '3.4787', '14.3912', '1.1365'] Metrics = ['0.5790', '14.3912', '1.1365', '0.0000']
2025-03-25 12:28:10,489 - AdaPoinTr - INFO - [Validation] EPOCH: 9  Metrics = ['0.3346', '17.3599', '1.4076', '0.0000']
2025-03-25 12:28:10,489 - AdaPoinTr - INFO - ============================ TEST RESULTS ============================
2025-03-25 12:28:10,489 - AdaPoinTr - INFO - Taxonomy	#Sample	F-Score	CDL1	CDL2	EMDistance	#ModelName	
2025-03-25 12:28:10,489 - AdaPoinTr - INFO - 03759954	14	0.461 	20.797 	3.652 	0.000 	microphone	
2025-03-25 12:28:10,489 - AdaPoinTr - INFO - 04330267	44	0.265 	19.162 	1.583 	0.000 	stove	
2025-03-25 12:28:10,489 - AdaPoinTr - INFO - 03261776	15	0.288 	22.797 	3.462 	0.000 	earphone	
2025-03-25 12:28:10,489 - AdaPoinTr - INFO - 03513137	33	0.197 	26.075 	3.443 	0.000 	helmet	
2025-03-25 12:28:10,489 - AdaPoinTr - INFO - 04460130	27	0.360 	17.300 	1.318 	0.000 	tower	
2025-03-25 12:28:10,489 - AdaPoinTr - INFO - 04468005	78	0.357 	15.003 	0.903 	0.000 	train	
2025-03-25 12:28:10,489 - AdaPoinTr - INFO - 03761084	31	0.223 	19.934 	1.549 	0.000 	microwaves	
2025-03-25 12:28:10,489 - AdaPoinTr - INFO - 04004475	34	0.245 	21.129 	2.137 	0.000 	printer	
2025-03-25 12:28:10,489 - AdaPoinTr - INFO - 03938244	20	0.291 	17.271 	1.174 	0.000 	pillow	
2025-03-25 12:28:10,489 - AdaPoinTr - INFO - 02992529	167	0.380 	13.181 	0.603 	0.000 	cellphone	
2025-03-25 12:28:10,489 - AdaPoinTr - INFO - 02808440	172	0.269 	17.950 	1.269 	0.000 	bathtub	
2025-03-25 12:28:10,489 - AdaPoinTr - INFO - 04530566	388	0.456 	13.464 	0.816 	0.000 	watercraft	
2025-03-25 12:28:10,489 - AdaPoinTr - INFO - 02871439	91	0.228 	19.707 	1.536 	0.000 	bookshelf	
2025-03-25 12:28:10,489 - AdaPoinTr - INFO - 03593526	120	0.234 	21.751 	2.093 	0.000 	jar	
2025-03-25 12:28:10,489 - AdaPoinTr - INFO - 04554684	34	0.217 	20.439 	1.715 	0.000 	washer	
2025-03-25 12:28:10,489 - AdaPoinTr - INFO - 03467517	160	0.723 	8.672 	0.350 	0.000 	guitar	
2025-03-25 12:28:10,489 - AdaPoinTr - INFO - 04401088	218	0.385 	12.847 	0.561 	0.000 	telephone	
2025-03-25 12:28:10,489 - AdaPoinTr - INFO - 02954340	12	0.268 	20.525 	2.110 	0.000 	cap	
2025-03-25 12:28:10,489 - AdaPoinTr - INFO - 02933112	315	0.227 	18.051 	1.102 	0.000 	cabinet	
2025-03-25 12:28:10,489 - AdaPoinTr - INFO - 03642806	92	0.365 	13.556 	0.744 	0.000 	laptop	
2025-03-25 12:28:10,489 - AdaPoinTr - INFO - 02924116	188	0.341 	14.549 	0.742 	0.000 	bus	
2025-03-25 12:28:10,489 - AdaPoinTr - INFO - 02946921	22	0.225 	19.540 	1.426 	0.000 	can	
2025-03-25 12:28:10,489 - AdaPoinTr - INFO - 02818832	47	0.266 	18.902 	1.495 	0.000 	bed	
2025-03-25 12:28:10,489 - AdaPoinTr - INFO - 04256520	635	0.272 	17.198 	1.088 	0.000 	sofa	
2025-03-25 12:28:10,489 - AdaPoinTr - INFO - 04379243	1687	0.362 	15.108 	1.074 	0.000 	table	
2025-03-25 12:28:10,489 - AdaPoinTr - INFO - 02747177	69	0.181 	21.447 	1.622 	0.000 	trash bin	
2025-03-25 12:28:10,490 - AdaPoinTr - INFO - 03046257	131	0.280 	17.831 	1.306 	0.000 	clock	
2025-03-25 12:28:10,490 - AdaPoinTr - INFO - 04225987	31	0.512 	11.532 	0.539 	0.000 	skateboard	
2025-03-25 12:28:10,490 - AdaPoinTr - INFO - 03797390	43	0.170 	23.441 	2.080 	0.000 	mug	
2025-03-25 12:28:10,490 - AdaPoinTr - INFO - 03001627	1356	0.331 	16.777 	1.244 	0.000 	chair	
2025-03-25 12:28:10,490 - AdaPoinTr - INFO - 03691459	320	0.234 	20.448 	1.694 	0.000 	loudspeaker	
2025-03-25 12:28:10,490 - AdaPoinTr - INFO - 02942699	23	0.210 	23.245 	2.242 	0.000 	camera	
2025-03-25 12:28:10,490 - AdaPoinTr - INFO - 03636649	464	0.468 	17.026 	1.920 	0.000 	lamp	
2025-03-25 12:28:10,490 - AdaPoinTr - INFO - 02691156	809	0.519 	11.646 	0.596 	0.000 	airplane	
2025-03-25 12:28:10,490 - AdaPoinTr - INFO - 02773838	17	0.319 	16.332 	1.419 	0.000 	bag	
2025-03-25 12:28:10,490 - AdaPoinTr - INFO - 02958343	703	0.210 	18.999 	1.184 	0.000 	car	
2025-03-25 12:28:10,490 - AdaPoinTr - INFO - 02880940	38	0.209 	20.192 	1.445 	0.000 	bowl	
2025-03-25 12:28:10,490 - AdaPoinTr - INFO - 04099429	17	0.689 	9.627 	0.495 	0.000 	rocket	
2025-03-25 12:28:10,490 - AdaPoinTr - INFO - 02828884	363	0.408 	13.523 	0.851 	0.000 	bench	
2025-03-25 12:28:10,490 - AdaPoinTr - INFO - 04090263	475	0.650 	10.230 	0.560 	0.000 	rifle	
2025-03-25 12:28:10,490 - AdaPoinTr - INFO - 03211117	219	0.321 	15.961 	1.077 	0.000 	display	
2025-03-25 12:28:10,490 - AdaPoinTr - INFO - 02876657	100	0.370 	15.551 	1.087 	0.000 	bottle	
2025-03-25 12:28:10,490 - AdaPoinTr - INFO - 03710193	19	0.491 	14.297 	1.093 	0.000 	mailbox	
2025-03-25 12:28:10,490 - AdaPoinTr - INFO - 03790512	68	0.235 	19.687 	1.464 	0.000 	motorbike	
2025-03-25 12:28:10,490 - AdaPoinTr - INFO - 03325088	149	0.391 	20.232 	2.614 	0.000 	faucet	
2025-03-25 12:28:10,490 - AdaPoinTr - INFO - 02801938	23	0.208 	20.063 	1.562 	0.000 	basket	
2025-03-25 12:28:10,490 - AdaPoinTr - INFO - 03337140	60	0.224 	19.019 	1.335 	0.000 	file cabinet	
2025-03-25 12:28:10,490 - AdaPoinTr - INFO - 02843684	15	0.209 	23.329 	2.217 	0.000 	birdhouse	
2025-03-25 12:28:10,490 - AdaPoinTr - INFO - 03624134	85	0.688 	9.254 	0.429 	0.000 	knife	
2025-03-25 12:28:10,490 - AdaPoinTr - INFO - 03991062	121	0.214 	23.269 	2.339 	0.000 	flowerpot	
2025-03-25 12:28:10,490 - AdaPoinTr - INFO - 03948459	62	0.430 	14.384 	1.026 	0.000 	pistol	
2025-03-25 12:28:10,490 - AdaPoinTr - INFO - 03928116	48	0.268 	19.325 	1.743 	0.000 	piano	
2025-03-25 12:28:10,490 - AdaPoinTr - INFO - 03207941	19	0.232 	18.225 	1.136 	0.000 	dishwasher	
2025-03-25 12:28:10,490 - AdaPoinTr - INFO - 04074963	14	0.407 	13.018 	0.600 	0.000 	remote	
2025-03-25 12:28:10,490 - AdaPoinTr - INFO - 03085013	13	0.421 	11.976 	0.558 	0.000 	keyboard	
2025-03-25 12:28:10,490 - AdaPoinTr - INFO - Overall		0.335 	17.360 	1.408 	0.000 	
2025-03-25 12:28:10,947 - AdaPoinTr - INFO - Save checkpoint at ./experiments/AdaPoinTr/ShapeNet55_models/AdaPoinTr_fog/ckpt-last.pth
2025-03-25 12:28:11,702 - AdaPoinTr - INFO - [Epoch 10/600][Batch 1/1311] BatchTime = 0.754 (s) DataTime = 0.083 (s) Losses = ['7.0995', '52.7390'] lr = 0.000095
2025-03-25 12:29:18,006 - AdaPoinTr - INFO - [Epoch 10/600][Batch 101/1311] BatchTime = 0.664 (s) DataTime = 0.001 (s) Losses = ['7.1097', '51.1604'] lr = 0.000095
2025-03-25 12:30:24,446 - AdaPoinTr - INFO - [Epoch 10/600][Batch 201/1311] BatchTime = 0.666 (s) DataTime = 0.001 (s) Losses = ['6.4735', '45.0271'] lr = 0.000095
2025-03-25 12:31:30,886 - AdaPoinTr - INFO - [Epoch 10/600][Batch 301/1311] BatchTime = 0.662 (s) DataTime = 0.001 (s) Losses = ['6.3521', '47.7124'] lr = 0.000095
2025-03-25 12:32:37,297 - AdaPoinTr - INFO - [Epoch 10/600][Batch 401/1311] BatchTime = 0.666 (s) DataTime = 0.001 (s) Losses = ['6.5515', '48.6726'] lr = 0.000095
2025-03-25 12:33:43,706 - AdaPoinTr - INFO - [Epoch 10/600][Batch 501/1311] BatchTime = 0.663 (s) DataTime = 0.001 (s) Losses = ['6.5547', '47.6932'] lr = 0.000095
2025-03-25 12:34:50,111 - AdaPoinTr - INFO - [Epoch 10/600][Batch 601/1311] BatchTime = 0.665 (s) DataTime = 0.001 (s) Losses = ['6.5497', '46.0326'] lr = 0.000095
2025-03-25 12:35:56,528 - AdaPoinTr - INFO - [Epoch 10/600][Batch 701/1311] BatchTime = 0.663 (s) DataTime = 0.001 (s) Losses = ['6.7697', '49.0713'] lr = 0.000095
2025-03-25 12:37:02,904 - AdaPoinTr - INFO - [Epoch 10/600][Batch 801/1311] BatchTime = 0.663 (s) DataTime = 0.001 (s) Losses = ['5.9697', '44.1330'] lr = 0.000095
2025-03-25 12:38:09,301 - AdaPoinTr - INFO - [Epoch 10/600][Batch 901/1311] BatchTime = 0.664 (s) DataTime = 0.001 (s) Losses = ['6.2174', '44.3613'] lr = 0.000095
2025-03-25 12:39:15,680 - AdaPoinTr - INFO - [Epoch 10/600][Batch 1001/1311] BatchTime = 0.664 (s) DataTime = 0.001 (s) Losses = ['6.7751', '46.6622'] lr = 0.000095
2025-03-25 12:40:22,104 - AdaPoinTr - INFO - [Epoch 10/600][Batch 1101/1311] BatchTime = 0.660 (s) DataTime = 0.001 (s) Losses = ['6.5490', '48.4972'] lr = 0.000095
2025-03-25 12:41:28,508 - AdaPoinTr - INFO - [Epoch 10/600][Batch 1201/1311] BatchTime = 0.662 (s) DataTime = 0.001 (s) Losses = ['6.7081', '48.4121'] lr = 0.000095
2025-03-25 12:42:34,955 - AdaPoinTr - INFO - [Epoch 10/600][Batch 1301/1311] BatchTime = 0.664 (s) DataTime = 0.001 (s) Losses = ['6.7464', '45.5561'] lr = 0.000095
2025-03-25 12:42:41,650 - AdaPoinTr - INFO - [Training] EPOCH: 10 EpochTime = 870.701 (s) Losses = ['6.4890', '47.0439']
2025-03-25 12:42:41,650 - AdaPoinTr - INFO - [VALIDATION] Start validating epoch 10
2025-03-25 12:43:13,294 - AdaPoinTr - INFO - Test[1051/10518] Taxonomy = 02691156 Sample = c7749c0a8b61f43bc9b9e28055202e3d Losses = ['31.3243', '5.3051', '17.1342', '1.8617'] Metrics = ['0.4686', '17.1342', '1.8617', '0.0000']
2025-03-25 12:43:44,902 - AdaPoinTr - INFO - Test[2102/10518] Taxonomy = 03211117 Sample = ab2f9418c111cc6ddb965514105122a4 Losses = ['28.8437', '2.8172', '9.8109', '0.3236'] Metrics = ['0.5506', '9.8109', '0.3236', '0.0000']
2025-03-25 12:44:16,482 - AdaPoinTr - INFO - Test[3153/10518] Taxonomy = 02876657 Sample = c5032e4be091aabb36fe7a88df793982 Losses = ['42.5287', '8.1624', '22.8196', '3.1453'] Metrics = ['0.2858', '22.8196', '3.1453', '0.0000']
2025-03-25 12:44:47,923 - AdaPoinTr - INFO - Test[4204/10518] Taxonomy = 03211117 Sample = 722df1da5778d45b1e43523279c7f09f Losses = ['32.9515', '4.0264', '16.3227', '1.1316'] Metrics = ['0.3455', '16.3227', '1.1316', '0.0000']
2025-03-25 12:45:19,355 - AdaPoinTr - INFO - Test[5255/10518] Taxonomy = 02828884 Sample = 14b63361a48a9fffe4a048c146e8bd43 Losses = ['37.2979', '5.1163', '26.9685', '3.4068'] Metrics = ['0.3477', '26.9685', '3.4068', '0.0000']
2025-03-25 12:45:50,760 - AdaPoinTr - INFO - Test[6306/10518] Taxonomy = 03211117 Sample = d330d50a0255529d19ed6e1a590c9122 Losses = ['34.1803', '4.9569', '15.0037', '1.0974'] Metrics = ['0.4271', '15.0037', '1.0974', '0.0000']
2025-03-25 12:46:22,383 - AdaPoinTr - INFO - Test[7357/10518] Taxonomy = 04379243 Sample = b1ca280d9567270ade98d10ab5975b59 Losses = ['31.1677', '3.5276', '16.0037', '0.7344'] Metrics = ['0.2429', '16.0037', '0.7344', '0.0000']
2025-03-25 12:46:53,905 - AdaPoinTr - INFO - Test[8408/10518] Taxonomy = 03001627 Sample = 89208a619341d9fdb8c516ed5c4ce32 Losses = ['29.5867', '2.9753', '14.9014', '0.6304'] Metrics = ['0.2633', '14.9014', '0.6304', '0.0000']
2025-03-25 12:47:25,505 - AdaPoinTr - INFO - Test[9459/10518] Taxonomy = 03001627 Sample = d0255120e3351121c3bd24f986301745 Losses = ['44.2003', '7.6774', '26.6630', '3.3246'] Metrics = ['0.1748', '26.6630', '3.3246', '0.0000']
2025-03-25 12:47:56,855 - AdaPoinTr - INFO - Test[10510/10518] Taxonomy = 03636649 Sample = ea9ec4d9db2e06202471e6dd5ac3ef92 Losses = ['31.1933', '4.2998', '15.2516', '1.8926'] Metrics = ['0.5838', '15.2516', '1.8926', '0.0000']
2025-03-25 12:47:57,113 - AdaPoinTr - INFO - [Validation] EPOCH: 10  Metrics = ['0.3369', '17.1535', '1.3655', '0.0000']
2025-03-25 12:47:57,113 - AdaPoinTr - INFO - ============================ TEST RESULTS ============================
2025-03-25 12:47:57,113 - AdaPoinTr - INFO - Taxonomy	#Sample	F-Score	CDL1	CDL2	EMDistance	#ModelName	
2025-03-25 12:47:57,113 - AdaPoinTr - INFO - 03759954	14	0.512 	17.381 	2.369 	0.000 	microphone	
2025-03-25 12:47:57,113 - AdaPoinTr - INFO - 04330267	44	0.258 	19.130 	1.480 	0.000 	stove	
2025-03-25 12:47:57,113 - AdaPoinTr - INFO - 03261776	15	0.275 	25.033 	4.312 	0.000 	earphone	
2025-03-25 12:47:57,113 - AdaPoinTr - INFO - 03513137	33	0.198 	23.605 	2.437 	0.000 	helmet	
2025-03-25 12:47:57,113 - AdaPoinTr - INFO - 04460130	27	0.382 	17.228 	1.433 	0.000 	tower	
2025-03-25 12:47:57,113 - AdaPoinTr - INFO - 04468005	78	0.344 	15.236 	0.917 	0.000 	train	
2025-03-25 12:47:57,113 - AdaPoinTr - INFO - 03761084	31	0.226 	19.846 	1.573 	0.000 	microwaves	
2025-03-25 12:47:57,113 - AdaPoinTr - INFO - 04004475	34	0.245 	19.201 	1.546 	0.000 	printer	
2025-03-25 12:47:57,113 - AdaPoinTr - INFO - 03938244	20	0.285 	17.064 	1.053 	0.000 	pillow	
2025-03-25 12:47:57,113 - AdaPoinTr - INFO - 02992529	167	0.398 	12.805 	0.599 	0.000 	cellphone	
2025-03-25 12:47:57,113 - AdaPoinTr - INFO - 02808440	172	0.270 	18.128 	1.453 	0.000 	bathtub	
2025-03-25 12:47:57,113 - AdaPoinTr - INFO - 04530566	388	0.449 	13.543 	0.854 	0.000 	watercraft	
2025-03-25 12:47:57,113 - AdaPoinTr - INFO - 02871439	91	0.233 	19.553 	1.550 	0.000 	bookshelf	
2025-03-25 12:47:57,113 - AdaPoinTr - INFO - 03593526	120	0.236 	21.705 	2.054 	0.000 	jar	
2025-03-25 12:47:57,113 - AdaPoinTr - INFO - 04554684	34	0.211 	20.901 	1.758 	0.000 	washer	
2025-03-25 12:47:57,113 - AdaPoinTr - INFO - 03467517	160	0.752 	8.311 	0.333 	0.000 	guitar	
2025-03-25 12:47:57,113 - AdaPoinTr - INFO - 04401088	218	0.404 	12.588 	0.581 	0.000 	telephone	
2025-03-25 12:47:57,113 - AdaPoinTr - INFO - 02954340	12	0.268 	19.874 	1.772 	0.000 	cap	
2025-03-25 12:47:57,113 - AdaPoinTr - INFO - 02933112	315	0.234 	17.633 	1.057 	0.000 	cabinet	
2025-03-25 12:47:57,113 - AdaPoinTr - INFO - 03642806	92	0.359 	13.061 	0.571 	0.000 	laptop	
2025-03-25 12:47:57,113 - AdaPoinTr - INFO - 02924116	188	0.329 	14.873 	0.783 	0.000 	bus	
2025-03-25 12:47:57,113 - AdaPoinTr - INFO - 02946921	22	0.234 	19.803 	1.944 	0.000 	can	
2025-03-25 12:47:57,113 - AdaPoinTr - INFO - 02818832	47	0.257 	19.737 	1.706 	0.000 	bed	
2025-03-25 12:47:57,113 - AdaPoinTr - INFO - 04256520	635	0.273 	16.943 	1.057 	0.000 	sofa	
2025-03-25 12:47:57,113 - AdaPoinTr - INFO - 04379243	1687	0.361 	14.989 	1.103 	0.000 	table	
2025-03-25 12:47:57,113 - AdaPoinTr - INFO - 02747177	69	0.179 	20.929 	1.499 	0.000 	trash bin	
2025-03-25 12:47:57,113 - AdaPoinTr - INFO - 03046257	131	0.289 	17.766 	1.389 	0.000 	clock	
2025-03-25 12:47:57,113 - AdaPoinTr - INFO - 04225987	31	0.497 	11.707 	0.565 	0.000 	skateboard	
2025-03-25 12:47:57,113 - AdaPoinTr - INFO - 03797390	43	0.171 	22.220 	1.749 	0.000 	mug	
2025-03-25 12:47:57,113 - AdaPoinTr - INFO - 03001627	1356	0.331 	16.569 	1.218 	0.000 	chair	
2025-03-25 12:47:57,113 - AdaPoinTr - INFO - 03691459	320	0.236 	20.104 	1.640 	0.000 	loudspeaker	
2025-03-25 12:47:57,113 - AdaPoinTr - INFO - 02942699	23	0.215 	25.874 	3.286 	0.000 	camera	
2025-03-25 12:47:57,113 - AdaPoinTr - INFO - 03636649	464	0.469 	17.272 	2.089 	0.000 	lamp	
2025-03-25 12:47:57,113 - AdaPoinTr - INFO - 02691156	809	0.519 	11.750 	0.623 	0.000 	airplane	
2025-03-25 12:47:57,113 - AdaPoinTr - INFO - 02773838	17	0.317 	16.335 	1.117 	0.000 	bag	
2025-03-25 12:47:57,114 - AdaPoinTr - INFO - 02958343	703	0.206 	18.839 	1.158 	0.000 	car	
2025-03-25 12:47:57,114 - AdaPoinTr - INFO - 02880940	38	0.202 	19.885 	1.347 	0.000 	bowl	
2025-03-25 12:47:57,114 - AdaPoinTr - INFO - 04099429	17	0.659 	10.880 	0.679 	0.000 	rocket	
2025-03-25 12:47:57,114 - AdaPoinTr - INFO - 02828884	363	0.412 	13.215 	0.803 	0.000 	bench	
2025-03-25 12:47:57,114 - AdaPoinTr - INFO - 04090263	475	0.654 	10.188 	0.600 	0.000 	rifle	
2025-03-25 12:47:57,114 - AdaPoinTr - INFO - 03211117	219	0.327 	15.789 	1.057 	0.000 	display	
2025-03-25 12:47:57,114 - AdaPoinTr - INFO - 02876657	100	0.376 	14.713 	0.903 	0.000 	bottle	
2025-03-25 12:47:57,114 - AdaPoinTr - INFO - 03710193	19	0.494 	13.597 	0.919 	0.000 	mailbox	
2025-03-25 12:47:57,114 - AdaPoinTr - INFO - 03790512	68	0.234 	19.506 	1.436 	0.000 	motorbike	
2025-03-25 12:47:57,114 - AdaPoinTr - INFO - 03325088	149	0.403 	18.619 	2.108 	0.000 	faucet	
2025-03-25 12:47:57,114 - AdaPoinTr - INFO - 02801938	23	0.210 	19.285 	1.325 	0.000 	basket	
2025-03-25 12:47:57,114 - AdaPoinTr - INFO - 03337140	60	0.227 	18.737 	1.264 	0.000 	file cabinet	
2025-03-25 12:47:57,114 - AdaPoinTr - INFO - 02843684	15	0.208 	23.089 	2.140 	0.000 	birdhouse	
2025-03-25 12:47:57,114 - AdaPoinTr - INFO - 03624134	85	0.710 	8.911 	0.394 	0.000 	knife	
2025-03-25 12:47:57,114 - AdaPoinTr - INFO - 03991062	121	0.209 	23.123 	2.172 	0.000 	flowerpot	
2025-03-25 12:47:57,114 - AdaPoinTr - INFO - 03948459	62	0.433 	13.940 	0.900 	0.000 	pistol	
2025-03-25 12:47:57,114 - AdaPoinTr - INFO - 03928116	48	0.262 	19.329 	1.866 	0.000 	piano	
2025-03-25 12:47:57,114 - AdaPoinTr - INFO - 03207941	19	0.225 	19.497 	1.556 	0.000 	dishwasher	
2025-03-25 12:47:57,114 - AdaPoinTr - INFO - 04074963	14	0.437 	12.108 	0.512 	0.000 	remote	
2025-03-25 12:47:57,114 - AdaPoinTr - INFO - 03085013	13	0.429 	11.495 	0.492 	0.000 	keyboard	
2025-03-25 12:47:57,114 - AdaPoinTr - INFO - Overall		0.337 	17.153 	1.366 	0.000 	
2025-03-25 12:47:57,567 - AdaPoinTr - INFO - Save checkpoint at ./experiments/AdaPoinTr/ShapeNet55_models/AdaPoinTr_fog/ckpt-best.pth
2025-03-25 12:47:57,989 - AdaPoinTr - INFO - Save checkpoint at ./experiments/AdaPoinTr/ShapeNet55_models/AdaPoinTr_fog/ckpt-last.pth
2025-03-25 12:47:58,747 - AdaPoinTr - INFO - [Epoch 11/600][Batch 1/1311] BatchTime = 0.757 (s) DataTime = 0.083 (s) Losses = ['7.0496', '47.4975'] lr = 0.000095
2025-03-25 12:49:04,991 - AdaPoinTr - INFO - [Epoch 11/600][Batch 101/1311] BatchTime = 0.666 (s) DataTime = 0.001 (s) Losses = ['6.4049', '45.1198'] lr = 0.000095
2025-03-25 12:50:11,396 - AdaPoinTr - INFO - [Epoch 11/600][Batch 201/1311] BatchTime = 0.663 (s) DataTime = 0.001 (s) Losses = ['6.1913', '42.6901'] lr = 0.000095
2025-03-25 12:51:17,822 - AdaPoinTr - INFO - [Epoch 11/600][Batch 301/1311] BatchTime = 0.663 (s) DataTime = 0.001 (s) Losses = ['6.1880', '45.4113'] lr = 0.000095
2025-03-25 12:52:24,212 - AdaPoinTr - INFO - [Epoch 11/600][Batch 401/1311] BatchTime = 0.663 (s) DataTime = 0.001 (s) Losses = ['6.9570', '50.6312'] lr = 0.000095
2025-03-25 12:53:30,601 - AdaPoinTr - INFO - [Epoch 11/600][Batch 501/1311] BatchTime = 0.665 (s) DataTime = 0.001 (s) Losses = ['6.5291', '48.6060'] lr = 0.000095
2025-03-25 12:54:36,999 - AdaPoinTr - INFO - [Epoch 11/600][Batch 601/1311] BatchTime = 0.666 (s) DataTime = 0.001 (s) Losses = ['6.5140', '48.8776'] lr = 0.000095
2025-03-25 12:55:43,391 - AdaPoinTr - INFO - [Epoch 11/600][Batch 701/1311] BatchTime = 0.663 (s) DataTime = 0.001 (s) Losses = ['6.5799', '46.3052'] lr = 0.000095
2025-03-25 12:56:49,818 - AdaPoinTr - INFO - [Epoch 11/600][Batch 801/1311] BatchTime = 0.664 (s) DataTime = 0.001 (s) Losses = ['6.5124', '49.7866'] lr = 0.000095
2025-03-25 12:57:56,202 - AdaPoinTr - INFO - [Epoch 11/600][Batch 901/1311] BatchTime = 0.666 (s) DataTime = 0.001 (s) Losses = ['6.5345', '46.8659'] lr = 0.000095
2025-03-25 12:59:02,598 - AdaPoinTr - INFO - [Epoch 11/600][Batch 1001/1311] BatchTime = 0.666 (s) DataTime = 0.001 (s) Losses = ['6.4526', '48.7833'] lr = 0.000095
2025-03-25 13:00:08,970 - AdaPoinTr - INFO - [Epoch 11/600][Batch 1101/1311] BatchTime = 0.662 (s) DataTime = 0.001 (s) Losses = ['6.3196', '46.1330'] lr = 0.000095
2025-03-25 13:01:15,379 - AdaPoinTr - INFO - [Epoch 11/600][Batch 1201/1311] BatchTime = 0.665 (s) DataTime = 0.001 (s) Losses = ['5.9662', '50.1116'] lr = 0.000095
2025-03-25 13:02:21,821 - AdaPoinTr - INFO - [Epoch 11/600][Batch 1301/1311] BatchTime = 0.661 (s) DataTime = 0.001 (s) Losses = ['6.3790', '47.5817'] lr = 0.000095
2025-03-25 13:02:28,481 - AdaPoinTr - INFO - [Training] EPOCH: 11 EpochTime = 870.491 (s) Losses = ['6.4511', '46.9202']
2025-03-25 13:02:28,482 - AdaPoinTr - INFO - [VALIDATION] Start validating epoch 11
2025-03-25 13:02:59,958 - AdaPoinTr - INFO - Test[1051/10518] Taxonomy = 02691156 Sample = c7749c0a8b61f43bc9b9e28055202e3d Losses = ['27.5734', '3.6121', '13.8164', '1.1184'] Metrics = ['0.4831', '13.8164', '1.1184', '0.0000']
2025-03-25 13:03:31,158 - AdaPoinTr - INFO - Test[2102/10518] Taxonomy = 03211117 Sample = ab2f9418c111cc6ddb965514105122a4 Losses = ['23.5984', '2.2172', '9.3474', '0.3309'] Metrics = ['0.6190', '9.3474', '0.3309', '0.0000']
2025-03-25 13:04:02,387 - AdaPoinTr - INFO - Test[3153/10518] Taxonomy = 02876657 Sample = c5032e4be091aabb36fe7a88df793982 Losses = ['41.2822', '6.4267', '19.7234', '1.3470'] Metrics = ['0.2419', '19.7234', '1.3470', '0.0000']
2025-03-25 13:04:33,791 - AdaPoinTr - INFO - Test[4204/10518] Taxonomy = 03211117 Sample = 722df1da5778d45b1e43523279c7f09f Losses = ['31.1571', '3.7783', '14.9712', '0.8937'] Metrics = ['0.3507', '14.9712', '0.8937', '0.0000']
2025-03-25 13:05:04,951 - AdaPoinTr - INFO - Test[5255/10518] Taxonomy = 02828884 Sample = 14b63361a48a9fffe4a048c146e8bd43 Losses = ['31.6740', '3.8602', '18.7334', '1.6899'] Metrics = ['0.3704', '18.7334', '1.6899', '0.0000']
2025-03-25 13:05:36,111 - AdaPoinTr - INFO - Test[6306/10518] Taxonomy = 03211117 Sample = d330d50a0255529d19ed6e1a590c9122 Losses = ['28.9751', '3.4849', '12.7531', '0.6552'] Metrics = ['0.4484', '12.7531', '0.6552', '0.0000']
2025-03-25 13:06:07,059 - AdaPoinTr - INFO - Test[7357/10518] Taxonomy = 04379243 Sample = b1ca280d9567270ade98d10ab5975b59 Losses = ['33.2509', '3.8176', '15.1793', '0.6475'] Metrics = ['0.2687', '15.1793', '0.6475', '0.0000']
2025-03-25 13:06:38,196 - AdaPoinTr - INFO - Test[8408/10518] Taxonomy = 03001627 Sample = 89208a619341d9fdb8c516ed5c4ce32 Losses = ['29.9517', '3.0496', '14.6463', '0.6295'] Metrics = ['0.2709', '14.6463', '0.6295', '0.0000']
2025-03-25 13:07:09,449 - AdaPoinTr - INFO - Test[9459/10518] Taxonomy = 03001627 Sample = d0255120e3351121c3bd24f986301745 Losses = ['39.5815', '5.9921', '21.7664', '1.9909'] Metrics = ['0.1930', '21.7664', '1.9909', '0.0000']
2025-03-25 13:07:40,730 - AdaPoinTr - INFO - Test[10510/10518] Taxonomy = 03636649 Sample = ea9ec4d9db2e06202471e6dd5ac3ef92 Losses = ['35.9499', '5.5831', '22.6768', '3.4610'] Metrics = ['0.4583', '22.6768', '3.4610', '0.0000']
2025-03-25 13:07:40,990 - AdaPoinTr - INFO - [Validation] EPOCH: 11  Metrics = ['0.3367', '17.1205', '1.4084', '0.0000']
2025-03-25 13:07:40,990 - AdaPoinTr - INFO - ============================ TEST RESULTS ============================
2025-03-25 13:07:40,990 - AdaPoinTr - INFO - Taxonomy	#Sample	F-Score	CDL1	CDL2	EMDistance	#ModelName	
2025-03-25 13:07:40,990 - AdaPoinTr - INFO - 03759954	14	0.526 	16.930 	2.414 	0.000 	microphone	
2025-03-25 13:07:40,990 - AdaPoinTr - INFO - 04330267	44	0.258 	18.572 	1.473 	0.000 	stove	
2025-03-25 13:07:40,990 - AdaPoinTr - INFO - 03261776	15	0.274 	23.345 	3.559 	0.000 	earphone	
2025-03-25 13:07:40,990 - AdaPoinTr - INFO - 03513137	33	0.197 	25.057 	3.108 	0.000 	helmet	
2025-03-25 13:07:40,990 - AdaPoinTr - INFO - 04460130	27	0.378 	16.802 	1.288 	0.000 	tower	
2025-03-25 13:07:40,990 - AdaPoinTr - INFO - 04468005	78	0.348 	14.497 	0.795 	0.000 	train	
2025-03-25 13:07:40,990 - AdaPoinTr - INFO - 03761084	31	0.225 	19.355 	1.493 	0.000 	microwaves	
2025-03-25 13:07:40,990 - AdaPoinTr - INFO - 04004475	34	0.235 	20.748 	2.078 	0.000 	printer	
2025-03-25 13:07:40,990 - AdaPoinTr - INFO - 03938244	20	0.274 	18.068 	1.310 	0.000 	pillow	
2025-03-25 13:07:40,990 - AdaPoinTr - INFO - 02992529	167	0.398 	12.862 	0.608 	0.000 	cellphone	
2025-03-25 13:07:40,990 - AdaPoinTr - INFO - 02808440	172	0.267 	18.056 	1.385 	0.000 	bathtub	
2025-03-25 13:07:40,990 - AdaPoinTr - INFO - 04530566	388	0.452 	13.224 	0.803 	0.000 	watercraft	
2025-03-25 13:07:40,990 - AdaPoinTr - INFO - 02871439	91	0.231 	18.946 	1.391 	0.000 	bookshelf	
2025-03-25 13:07:40,990 - AdaPoinTr - INFO - 03593526	120	0.235 	21.216 	1.953 	0.000 	jar	
2025-03-25 13:07:40,990 - AdaPoinTr - INFO - 04554684	34	0.211 	19.995 	1.570 	0.000 	washer	
2025-03-25 13:07:40,990 - AdaPoinTr - INFO - 03467517	160	0.758 	8.220 	0.334 	0.000 	guitar	
2025-03-25 13:07:40,990 - AdaPoinTr - INFO - 04401088	218	0.404 	12.463 	0.548 	0.000 	telephone	
2025-03-25 13:07:40,990 - AdaPoinTr - INFO - 02954340	12	0.247 	26.801 	4.405 	0.000 	cap	
2025-03-25 13:07:40,990 - AdaPoinTr - INFO - 02933112	315	0.233 	17.460 	1.052 	0.000 	cabinet	
2025-03-25 13:07:40,990 - AdaPoinTr - INFO - 03642806	92	0.357 	13.168 	0.599 	0.000 	laptop	
2025-03-25 13:07:40,990 - AdaPoinTr - INFO - 02924116	188	0.325 	14.344 	0.723 	0.000 	bus	
2025-03-25 13:07:40,990 - AdaPoinTr - INFO - 02946921	22	0.226 	19.660 	1.735 	0.000 	can	
2025-03-25 13:07:40,990 - AdaPoinTr - INFO - 02818832	47	0.257 	19.265 	1.663 	0.000 	bed	
2025-03-25 13:07:40,990 - AdaPoinTr - INFO - 04256520	635	0.269 	16.903 	1.080 	0.000 	sofa	
2025-03-25 13:07:40,990 - AdaPoinTr - INFO - 04379243	1687	0.367 	14.774 	1.030 	0.000 	table	
2025-03-25 13:07:40,990 - AdaPoinTr - INFO - 02747177	69	0.182 	20.855 	1.557 	0.000 	trash bin	
2025-03-25 13:07:40,990 - AdaPoinTr - INFO - 03046257	131	0.286 	17.833 	1.369 	0.000 	clock	
2025-03-25 13:07:40,990 - AdaPoinTr - INFO - 04225987	31	0.517 	11.335 	0.546 	0.000 	skateboard	
2025-03-25 13:07:40,990 - AdaPoinTr - INFO - 03797390	43	0.171 	22.881 	2.057 	0.000 	mug	
2025-03-25 13:07:40,990 - AdaPoinTr - INFO - 03001627	1356	0.336 	16.278 	1.214 	0.000 	chair	
2025-03-25 13:07:40,990 - AdaPoinTr - INFO - 03691459	320	0.233 	20.266 	1.754 	0.000 	loudspeaker	
2025-03-25 13:07:40,990 - AdaPoinTr - INFO - 02942699	23	0.210 	24.486 	2.813 	0.000 	camera	
2025-03-25 13:07:40,990 - AdaPoinTr - INFO - 03636649	464	0.472 	17.283 	2.036 	0.000 	lamp	
2025-03-25 13:07:40,990 - AdaPoinTr - INFO - 02691156	809	0.520 	11.417 	0.584 	0.000 	airplane	
2025-03-25 13:07:40,990 - AdaPoinTr - INFO - 02773838	17	0.327 	15.812 	1.035 	0.000 	bag	
2025-03-25 13:07:40,991 - AdaPoinTr - INFO - 02958343	703	0.202 	18.834 	1.186 	0.000 	car	
2025-03-25 13:07:40,991 - AdaPoinTr - INFO - 02880940	38	0.210 	19.311 	1.420 	0.000 	bowl	
2025-03-25 13:07:40,991 - AdaPoinTr - INFO - 04099429	17	0.670 	9.930 	0.551 	0.000 	rocket	
2025-03-25 13:07:40,991 - AdaPoinTr - INFO - 02828884	363	0.412 	13.028 	0.780 	0.000 	bench	
2025-03-25 13:07:40,991 - AdaPoinTr - INFO - 04090263	475	0.652 	10.068 	0.582 	0.000 	rifle	
2025-03-25 13:07:40,991 - AdaPoinTr - INFO - 03211117	219	0.327 	15.707 	1.079 	0.000 	display	
2025-03-25 13:07:40,991 - AdaPoinTr - INFO - 02876657	100	0.386 	14.458 	0.934 	0.000 	bottle	
2025-03-25 13:07:40,991 - AdaPoinTr - INFO - 03710193	19	0.482 	15.838 	1.717 	0.000 	mailbox	
2025-03-25 13:07:40,991 - AdaPoinTr - INFO - 03790512	68	0.231 	19.624 	1.532 	0.000 	motorbike	
2025-03-25 13:07:40,991 - AdaPoinTr - INFO - 03325088	149	0.392 	18.930 	2.033 	0.000 	faucet	
2025-03-25 13:07:40,991 - AdaPoinTr - INFO - 02801938	23	0.208 	20.197 	1.743 	0.000 	basket	
2025-03-25 13:07:40,991 - AdaPoinTr - INFO - 03337140	60	0.227 	18.786 	1.387 	0.000 	file cabinet	
2025-03-25 13:07:40,991 - AdaPoinTr - INFO - 02843684	15	0.212 	22.173 	1.984 	0.000 	birdhouse	
2025-03-25 13:07:40,991 - AdaPoinTr - INFO - 03624134	85	0.714 	8.846 	0.382 	0.000 	knife	
2025-03-25 13:07:40,991 - AdaPoinTr - INFO - 03991062	121	0.205 	22.776 	2.132 	0.000 	flowerpot	
2025-03-25 13:07:40,991 - AdaPoinTr - INFO - 03948459	62	0.433 	13.581 	0.796 	0.000 	pistol	
2025-03-25 13:07:40,991 - AdaPoinTr - INFO - 03928116	48	0.262 	19.418 	1.879 	0.000 	piano	
2025-03-25 13:07:40,991 - AdaPoinTr - INFO - 03207941	19	0.231 	17.170 	0.973 	0.000 	dishwasher	
2025-03-25 13:07:40,991 - AdaPoinTr - INFO - 04074963	14	0.427 	12.688 	0.622 	0.000 	remote	
2025-03-25 13:07:40,991 - AdaPoinTr - INFO - 03085013	13	0.428 	11.094 	0.387 	0.000 	keyboard	
2025-03-25 13:07:40,991 - AdaPoinTr - INFO - Overall		0.337 	17.121 	1.408 	0.000 	
2025-03-25 13:07:41,449 - AdaPoinTr - INFO - Save checkpoint at ./experiments/AdaPoinTr/ShapeNet55_models/AdaPoinTr_fog/ckpt-last.pth
2025-03-25 13:07:42,210 - AdaPoinTr - INFO - [Epoch 12/600][Batch 1/1311] BatchTime = 0.760 (s) DataTime = 0.084 (s) Losses = ['6.2115', '43.8956'] lr = 0.000094
2025-03-25 13:08:48,510 - AdaPoinTr - INFO - [Epoch 12/600][Batch 101/1311] BatchTime = 0.667 (s) DataTime = 0.001 (s) Losses = ['6.5601', '47.9705'] lr = 0.000094
2025-03-25 13:09:54,932 - AdaPoinTr - INFO - [Epoch 12/600][Batch 201/1311] BatchTime = 0.664 (s) DataTime = 0.001 (s) Losses = ['6.8283', '50.0090'] lr = 0.000094
2025-03-25 13:11:01,385 - AdaPoinTr - INFO - [Epoch 12/600][Batch 301/1311] BatchTime = 0.667 (s) DataTime = 0.001 (s) Losses = ['6.2355', '47.1238'] lr = 0.000094
2025-03-25 13:12:07,807 - AdaPoinTr - INFO - [Epoch 12/600][Batch 401/1311] BatchTime = 0.665 (s) DataTime = 0.001 (s) Losses = ['6.8553', '50.2183'] lr = 0.000094
2025-03-25 13:13:14,241 - AdaPoinTr - INFO - [Epoch 12/600][Batch 501/1311] BatchTime = 0.664 (s) DataTime = 0.001 (s) Losses = ['6.5363', '45.8737'] lr = 0.000094
2025-03-25 13:14:20,646 - AdaPoinTr - INFO - [Epoch 12/600][Batch 601/1311] BatchTime = 0.663 (s) DataTime = 0.001 (s) Losses = ['6.2868', '47.5315'] lr = 0.000094
2025-03-25 13:15:27,060 - AdaPoinTr - INFO - [Epoch 12/600][Batch 701/1311] BatchTime = 0.663 (s) DataTime = 0.001 (s) Losses = ['6.5107', '47.1703'] lr = 0.000094
2025-03-25 13:16:33,482 - AdaPoinTr - INFO - [Epoch 12/600][Batch 801/1311] BatchTime = 0.662 (s) DataTime = 0.001 (s) Losses = ['6.2237', '49.0752'] lr = 0.000094
2025-03-25 13:17:39,906 - AdaPoinTr - INFO - [Epoch 12/600][Batch 901/1311] BatchTime = 0.665 (s) DataTime = 0.001 (s) Losses = ['6.4950', '45.6970'] lr = 0.000094
2025-03-25 13:18:46,335 - AdaPoinTr - INFO - [Epoch 12/600][Batch 1001/1311] BatchTime = 0.667 (s) DataTime = 0.001 (s) Losses = ['6.9251', '49.4063'] lr = 0.000094
2025-03-25 13:19:52,777 - AdaPoinTr - INFO - [Epoch 12/600][Batch 1101/1311] BatchTime = 0.662 (s) DataTime = 0.001 (s) Losses = ['6.3499', '47.9080'] lr = 0.000094
2025-03-25 13:20:59,193 - AdaPoinTr - INFO - [Epoch 12/600][Batch 1201/1311] BatchTime = 0.664 (s) DataTime = 0.001 (s) Losses = ['6.5390', '47.8660'] lr = 0.000094
2025-03-25 13:22:05,623 - AdaPoinTr - INFO - [Epoch 12/600][Batch 1301/1311] BatchTime = 0.664 (s) DataTime = 0.001 (s) Losses = ['6.4965', '46.2633'] lr = 0.000094
2025-03-25 13:22:12,299 - AdaPoinTr - INFO - [Training] EPOCH: 12 EpochTime = 870.849 (s) Losses = ['6.4137', '46.7607']
2025-03-25 13:22:12,299 - AdaPoinTr - INFO - [VALIDATION] Start validating epoch 12
2025-03-25 13:22:43,744 - AdaPoinTr - INFO - Test[1051/10518] Taxonomy = 02691156 Sample = c7749c0a8b61f43bc9b9e28055202e3d Losses = ['27.9770', '4.0520', '12.6920', '0.6231'] Metrics = ['0.4552', '12.6920', '0.6231', '0.0000']
2025-03-25 13:23:15,130 - AdaPoinTr - INFO - Test[2102/10518] Taxonomy = 03211117 Sample = ab2f9418c111cc6ddb965514105122a4 Losses = ['22.8368', '2.1174', '8.8836', '0.2538'] Metrics = ['0.6160', '8.8836', '0.2538', '0.0000']
2025-03-25 13:23:46,470 - AdaPoinTr - INFO - Test[3153/10518] Taxonomy = 02876657 Sample = c5032e4be091aabb36fe7a88df793982 Losses = ['44.4908', '8.3090', '21.8006', '2.1206'] Metrics = ['0.2844', '21.8006', '2.1206', '0.0000']
2025-03-25 13:24:17,828 - AdaPoinTr - INFO - Test[4204/10518] Taxonomy = 03211117 Sample = 722df1da5778d45b1e43523279c7f09f Losses = ['37.4223', '5.3008', '19.1131', '1.7327'] Metrics = ['0.3332', '19.1131', '1.7327', '0.0000']
2025-03-25 13:24:48,995 - AdaPoinTr - INFO - Test[5255/10518] Taxonomy = 02828884 Sample = 14b63361a48a9fffe4a048c146e8bd43 Losses = ['29.7764', '3.2389', '14.8769', '0.9917'] Metrics = ['0.4124', '14.8769', '0.9917', '0.0000']
2025-03-25 13:25:20,212 - AdaPoinTr - INFO - Test[6306/10518] Taxonomy = 03211117 Sample = d330d50a0255529d19ed6e1a590c9122 Losses = ['25.8028', '2.2739', '13.3367', '0.5860'] Metrics = ['0.3940', '13.3367', '0.5860', '0.0000']
2025-03-25 13:25:51,736 - AdaPoinTr - INFO - Test[7357/10518] Taxonomy = 04379243 Sample = b1ca280d9567270ade98d10ab5975b59 Losses = ['32.5396', '3.8092', '15.1916', '0.6684'] Metrics = ['0.2683', '15.1916', '0.6684', '0.0000']
2025-03-25 13:26:23,174 - AdaPoinTr - INFO - Test[8408/10518] Taxonomy = 03001627 Sample = 89208a619341d9fdb8c516ed5c4ce32 Losses = ['30.2335', '3.2996', '14.4302', '0.6072'] Metrics = ['0.2931', '14.4302', '0.6072', '0.0000']
2025-03-25 13:26:54,555 - AdaPoinTr - INFO - Test[9459/10518] Taxonomy = 03001627 Sample = d0255120e3351121c3bd24f986301745 Losses = ['35.0517', '4.2520', '18.3119', '1.0291'] Metrics = ['0.2019', '18.3119', '1.0291', '0.0000']
2025-03-25 13:27:25,828 - AdaPoinTr - INFO - Test[10510/10518] Taxonomy = 03636649 Sample = ea9ec4d9db2e06202471e6dd5ac3ef92 Losses = ['35.0604', '4.8039', '19.0968', '1.7302'] Metrics = ['0.4603', '19.0968', '1.7302', '0.0000']
2025-03-25 13:27:26,098 - AdaPoinTr - INFO - [Validation] EPOCH: 12  Metrics = ['0.3327', '16.6666', '1.2205', '0.0000']
2025-03-25 13:27:26,098 - AdaPoinTr - INFO - ============================ TEST RESULTS ============================
2025-03-25 13:27:26,098 - AdaPoinTr - INFO - Taxonomy	#Sample	F-Score	CDL1	CDL2	EMDistance	#ModelName	
2025-03-25 13:27:26,098 - AdaPoinTr - INFO - 03759954	14	0.476 	16.948 	1.936 	0.000 	microphone	
2025-03-25 13:27:26,098 - AdaPoinTr - INFO - 04330267	44	0.258 	18.153 	1.260 	0.000 	stove	
2025-03-25 13:27:26,098 - AdaPoinTr - INFO - 03261776	15	0.280 	20.423 	2.168 	0.000 	earphone	
2025-03-25 13:27:26,098 - AdaPoinTr - INFO - 03513137	33	0.192 	22.793 	2.234 	0.000 	helmet	
2025-03-25 13:27:26,098 - AdaPoinTr - INFO - 04460130	27	0.362 	16.892 	1.248 	0.000 	tower	
2025-03-25 13:27:26,098 - AdaPoinTr - INFO - 04468005	78	0.349 	14.620 	0.848 	0.000 	train	
2025-03-25 13:27:26,098 - AdaPoinTr - INFO - 03761084	31	0.216 	18.937 	1.301 	0.000 	microwaves	
2025-03-25 13:27:26,098 - AdaPoinTr - INFO - 04004475	34	0.246 	19.035 	1.560 	0.000 	printer	
2025-03-25 13:27:26,098 - AdaPoinTr - INFO - 03938244	20	0.280 	17.339 	1.178 	0.000 	pillow	
2025-03-25 13:27:26,098 - AdaPoinTr - INFO - 02992529	167	0.386 	12.831 	0.566 	0.000 	cellphone	
2025-03-25 13:27:26,098 - AdaPoinTr - INFO - 02808440	172	0.265 	17.470 	1.205 	0.000 	bathtub	
2025-03-25 13:27:26,098 - AdaPoinTr - INFO - 04530566	388	0.455 	13.138 	0.782 	0.000 	watercraft	
2025-03-25 13:27:26,098 - AdaPoinTr - INFO - 02871439	91	0.226 	19.129 	1.443 	0.000 	bookshelf	
2025-03-25 13:27:26,098 - AdaPoinTr - INFO - 03593526	120	0.233 	21.204 	1.953 	0.000 	jar	
2025-03-25 13:27:26,098 - AdaPoinTr - INFO - 04554684	34	0.204 	20.043 	1.545 	0.000 	washer	
2025-03-25 13:27:26,098 - AdaPoinTr - INFO - 03467517	160	0.734 	8.466 	0.330 	0.000 	guitar	
2025-03-25 13:27:26,098 - AdaPoinTr - INFO - 04401088	218	0.391 	12.502 	0.526 	0.000 	telephone	
2025-03-25 13:27:26,098 - AdaPoinTr - INFO - 02954340	12	0.275 	16.500 	0.987 	0.000 	cap	
2025-03-25 13:27:26,098 - AdaPoinTr - INFO - 02933112	315	0.223 	17.764 	1.073 	0.000 	cabinet	
2025-03-25 13:27:26,098 - AdaPoinTr - INFO - 03642806	92	0.365 	13.127 	0.610 	0.000 	laptop	
2025-03-25 13:27:26,098 - AdaPoinTr - INFO - 02924116	188	0.323 	14.435 	0.739 	0.000 	bus	
2025-03-25 13:27:26,098 - AdaPoinTr - INFO - 02946921	22	0.223 	18.904 	1.423 	0.000 	can	
2025-03-25 13:27:26,098 - AdaPoinTr - INFO - 02818832	47	0.263 	18.391 	1.431 	0.000 	bed	
2025-03-25 13:27:26,098 - AdaPoinTr - INFO - 04256520	635	0.270 	16.695 	1.014 	0.000 	sofa	
2025-03-25 13:27:26,098 - AdaPoinTr - INFO - 04379243	1687	0.360 	14.913 	1.051 	0.000 	table	
2025-03-25 13:27:26,098 - AdaPoinTr - INFO - 02747177	69	0.175 	20.862 	1.568 	0.000 	trash bin	
2025-03-25 13:27:26,098 - AdaPoinTr - INFO - 03046257	131	0.278 	17.581 	1.213 	0.000 	clock	
2025-03-25 13:27:26,098 - AdaPoinTr - INFO - 04225987	31	0.521 	11.171 	0.521 	0.000 	skateboard	
2025-03-25 13:27:26,098 - AdaPoinTr - INFO - 03797390	43	0.168 	22.397 	1.879 	0.000 	mug	
2025-03-25 13:27:26,098 - AdaPoinTr - INFO - 03001627	1356	0.333 	16.166 	1.149 	0.000 	chair	
2025-03-25 13:27:26,098 - AdaPoinTr - INFO - 03691459	320	0.229 	20.193 	1.678 	0.000 	loudspeaker	
2025-03-25 13:27:26,098 - AdaPoinTr - INFO - 02942699	23	0.215 	23.103 	2.413 	0.000 	camera	
2025-03-25 13:27:26,098 - AdaPoinTr - INFO - 03636649	464	0.465 	17.055 	2.051 	0.000 	lamp	
2025-03-25 13:27:26,098 - AdaPoinTr - INFO - 02691156	809	0.514 	11.556 	0.601 	0.000 	airplane	
2025-03-25 13:27:26,098 - AdaPoinTr - INFO - 02773838	17	0.330 	15.598 	0.927 	0.000 	bag	
2025-03-25 13:27:26,098 - AdaPoinTr - INFO - 02958343	703	0.202 	18.508 	1.121 	0.000 	car	
2025-03-25 13:27:26,098 - AdaPoinTr - INFO - 02880940	38	0.198 	19.768 	1.331 	0.000 	bowl	
2025-03-25 13:27:26,098 - AdaPoinTr - INFO - 04099429	17	0.669 	9.622 	0.431 	0.000 	rocket	
2025-03-25 13:27:26,098 - AdaPoinTr - INFO - 02828884	363	0.410 	12.891 	0.706 	0.000 	bench	
2025-03-25 13:27:26,098 - AdaPoinTr - INFO - 04090263	475	0.649 	9.946 	0.527 	0.000 	rifle	
2025-03-25 13:27:26,098 - AdaPoinTr - INFO - 03211117	219	0.322 	15.496 	0.965 	0.000 	display	
2025-03-25 13:27:26,099 - AdaPoinTr - INFO - 02876657	100	0.375 	14.582 	0.851 	0.000 	bottle	
2025-03-25 13:27:26,099 - AdaPoinTr - INFO - 03710193	19	0.478 	14.753 	1.290 	0.000 	mailbox	
2025-03-25 13:27:26,099 - AdaPoinTr - INFO - 03790512	68	0.231 	19.328 	1.523 	0.000 	motorbike	
2025-03-25 13:27:26,099 - AdaPoinTr - INFO - 03325088	149	0.394 	19.063 	2.227 	0.000 	faucet	
2025-03-25 13:27:26,099 - AdaPoinTr - INFO - 02801938	23	0.206 	19.513 	1.411 	0.000 	basket	
2025-03-25 13:27:26,099 - AdaPoinTr - INFO - 03337140	60	0.218 	18.557 	1.211 	0.000 	file cabinet	
2025-03-25 13:27:26,099 - AdaPoinTr - INFO - 02843684	15	0.204 	22.218 	2.012 	0.000 	birdhouse	
2025-03-25 13:27:26,099 - AdaPoinTr - INFO - 03624134	85	0.708 	8.928 	0.386 	0.000 	knife	
2025-03-25 13:27:26,099 - AdaPoinTr - INFO - 03991062	121	0.206 	22.583 	2.083 	0.000 	flowerpot	
2025-03-25 13:27:26,099 - AdaPoinTr - INFO - 03948459	62	0.427 	13.928 	0.898 	0.000 	pistol	
2025-03-25 13:27:26,099 - AdaPoinTr - INFO - 03928116	48	0.264 	18.742 	1.635 	0.000 	piano	
2025-03-25 13:27:26,099 - AdaPoinTr - INFO - 03207941	19	0.217 	17.908 	1.068 	0.000 	dishwasher	
2025-03-25 13:27:26,099 - AdaPoinTr - INFO - 04074963	14	0.408 	12.721 	0.600 	0.000 	remote	
2025-03-25 13:27:26,099 - AdaPoinTr - INFO - 03085013	13	0.433 	11.275 	0.444 	0.000 	keyboard	
2025-03-25 13:27:26,099 - AdaPoinTr - INFO - Overall		0.333 	16.667 	1.221 	0.000 	
2025-03-25 13:27:26,579 - AdaPoinTr - INFO - Save checkpoint at ./experiments/AdaPoinTr/ShapeNet55_models/AdaPoinTr_fog/ckpt-best.pth
2025-03-25 13:27:26,995 - AdaPoinTr - INFO - Save checkpoint at ./experiments/AdaPoinTr/ShapeNet55_models/AdaPoinTr_fog/ckpt-last.pth
2025-03-25 13:27:27,750 - AdaPoinTr - INFO - [Epoch 13/600][Batch 1/1311] BatchTime = 0.754 (s) DataTime = 0.080 (s) Losses = ['5.9039', '41.8964'] lr = 0.000094
2025-03-25 13:28:34,053 - AdaPoinTr - INFO - [Epoch 13/600][Batch 101/1311] BatchTime = 0.666 (s) DataTime = 0.001 (s) Losses = ['6.0805', '43.0745'] lr = 0.000094
2025-03-25 13:29:40,431 - AdaPoinTr - INFO - [Epoch 13/600][Batch 201/1311] BatchTime = 0.663 (s) DataTime = 0.001 (s) Losses = ['6.1972', '46.4544'] lr = 0.000094
2025-03-25 13:30:46,816 - AdaPoinTr - INFO - [Epoch 13/600][Batch 301/1311] BatchTime = 0.665 (s) DataTime = 0.001 (s) Losses = ['6.4836', '48.7400'] lr = 0.000094
2025-03-25 13:31:53,215 - AdaPoinTr - INFO - [Epoch 13/600][Batch 401/1311] BatchTime = 0.664 (s) DataTime = 0.001 (s) Losses = ['6.3806', '44.3761'] lr = 0.000094
2025-03-25 13:32:59,607 - AdaPoinTr - INFO - [Epoch 13/600][Batch 501/1311] BatchTime = 0.664 (s) DataTime = 0.001 (s) Losses = ['6.6014', '46.9931'] lr = 0.000094
2025-03-25 13:34:06,009 - AdaPoinTr - INFO - [Epoch 13/600][Batch 601/1311] BatchTime = 0.663 (s) DataTime = 0.001 (s) Losses = ['6.4819', '47.7482'] lr = 0.000094
2025-03-25 13:35:12,419 - AdaPoinTr - INFO - [Epoch 13/600][Batch 701/1311] BatchTime = 0.663 (s) DataTime = 0.001 (s) Losses = ['6.1561', '45.0805'] lr = 0.000094
2025-03-25 13:36:18,838 - AdaPoinTr - INFO - [Epoch 13/600][Batch 801/1311] BatchTime = 0.662 (s) DataTime = 0.001 (s) Losses = ['6.2425', '46.5834'] lr = 0.000094
2025-03-25 13:37:25,278 - AdaPoinTr - INFO - [Epoch 13/600][Batch 901/1311] BatchTime = 0.665 (s) DataTime = 0.001 (s) Losses = ['5.9957', '42.0616'] lr = 0.000094
2025-03-25 13:38:31,719 - AdaPoinTr - INFO - [Epoch 13/600][Batch 1001/1311] BatchTime = 0.666 (s) DataTime = 0.001 (s) Losses = ['6.4186', '47.1199'] lr = 0.000094
2025-03-25 13:39:38,153 - AdaPoinTr - INFO - [Epoch 13/600][Batch 1101/1311] BatchTime = 0.661 (s) DataTime = 0.001 (s) Losses = ['6.2495', '44.7340'] lr = 0.000094
2025-03-25 13:40:44,597 - AdaPoinTr - INFO - [Epoch 13/600][Batch 1201/1311] BatchTime = 0.664 (s) DataTime = 0.001 (s) Losses = ['6.7172', '46.7847'] lr = 0.000094
2025-03-25 13:41:51,031 - AdaPoinTr - INFO - [Epoch 13/600][Batch 1301/1311] BatchTime = 0.665 (s) DataTime = 0.001 (s) Losses = ['6.1528', '48.1935'] lr = 0.000094
2025-03-25 13:41:57,691 - AdaPoinTr - INFO - [Training] EPOCH: 13 EpochTime = 870.695 (s) Losses = ['6.3855', '46.8150']
2025-03-25 13:41:57,691 - AdaPoinTr - INFO - [VALIDATION] Start validating epoch 13
2025-03-25 13:42:29,049 - AdaPoinTr - INFO - Test[1051/10518] Taxonomy = 02691156 Sample = c7749c0a8b61f43bc9b9e28055202e3d Losses = ['30.7564', '4.8373', '15.5482', '1.4354'] Metrics = ['0.4640', '15.5482', '1.4354', '0.0000']
2025-03-25 13:43:00,440 - AdaPoinTr - INFO - Test[2102/10518] Taxonomy = 03211117 Sample = ab2f9418c111cc6ddb965514105122a4 Losses = ['28.6275', '3.0687', '9.6767', '0.3793'] Metrics = ['0.5645', '9.6767', '0.3793', '0.0000']
2025-03-25 13:43:31,940 - AdaPoinTr - INFO - Test[3153/10518] Taxonomy = 02876657 Sample = c5032e4be091aabb36fe7a88df793982 Losses = ['42.1893', '6.8363', '19.4892', '1.3968'] Metrics = ['0.2699', '19.4892', '1.3968', '0.0000']
2025-03-25 13:44:03,428 - AdaPoinTr - INFO - Test[4204/10518] Taxonomy = 03211117 Sample = 722df1da5778d45b1e43523279c7f09f Losses = ['31.6745', '3.7155', '14.9645', '0.8535'] Metrics = ['0.3351', '14.9645', '0.8535', '0.0000']
2025-03-25 13:44:35,022 - AdaPoinTr - INFO - Test[5255/10518] Taxonomy = 02828884 Sample = 14b63361a48a9fffe4a048c146e8bd43 Losses = ['30.7144', '3.4457', '15.2138', '1.1892'] Metrics = ['0.4316', '15.2138', '1.1892', '0.0000']
2025-03-25 13:45:06,235 - AdaPoinTr - INFO - Test[6306/10518] Taxonomy = 03211117 Sample = d330d50a0255529d19ed6e1a590c9122 Losses = ['26.8560', '2.6122', '12.2236', '0.4812'] Metrics = ['0.3926', '12.2236', '0.4812', '0.0000']
2025-03-25 13:45:37,355 - AdaPoinTr - INFO - Test[7357/10518] Taxonomy = 04379243 Sample = b1ca280d9567270ade98d10ab5975b59 Losses = ['45.6949', '8.2460', '18.2691', '1.4476'] Metrics = ['0.2437', '18.2691', '1.4476', '0.0000']
2025-03-25 13:46:08,122 - AdaPoinTr - INFO - Test[8408/10518] Taxonomy = 03001627 Sample = 89208a619341d9fdb8c516ed5c4ce32 Losses = ['29.2137', '2.8831', '14.5775', '0.6420'] Metrics = ['0.2818', '14.5775', '0.6420', '0.0000']
2025-03-25 13:46:39,710 - AdaPoinTr - INFO - Test[9459/10518] Taxonomy = 03001627 Sample = d0255120e3351121c3bd24f986301745 Losses = ['43.9621', '7.4504', '22.1517', '1.9408'] Metrics = ['0.1820', '22.1517', '1.9408', '0.0000']
2025-03-25 13:47:11,109 - AdaPoinTr - INFO - Test[10510/10518] Taxonomy = 03636649 Sample = ea9ec4d9db2e06202471e6dd5ac3ef92 Losses = ['21.2916', '1.9465', '7.4606', '0.1929'] Metrics = ['0.7672', '7.4606', '0.1929', '0.0000']
2025-03-25 13:47:11,373 - AdaPoinTr - INFO - [Validation] EPOCH: 13  Metrics = ['0.3328', '16.6680', '1.3155', '0.0000']
2025-03-25 13:47:11,373 - AdaPoinTr - INFO - ============================ TEST RESULTS ============================
2025-03-25 13:47:11,373 - AdaPoinTr - INFO - Taxonomy	#Sample	F-Score	CDL1	CDL2	EMDistance	#ModelName	
2025-03-25 13:47:11,373 - AdaPoinTr - INFO - 03759954	14	0.488 	16.856 	2.365 	0.000 	microphone	
2025-03-25 13:47:11,373 - AdaPoinTr - INFO - 04330267	44	0.255 	17.919 	1.301 	0.000 	stove	
2025-03-25 13:47:11,373 - AdaPoinTr - INFO - 03261776	15	0.271 	23.168 	3.714 	0.000 	earphone	
2025-03-25 13:47:11,373 - AdaPoinTr - INFO - 03513137	33	0.191 	24.076 	2.674 	0.000 	helmet	
2025-03-25 13:47:11,373 - AdaPoinTr - INFO - 04460130	27	0.386 	16.466 	1.281 	0.000 	tower	
2025-03-25 13:47:11,373 - AdaPoinTr - INFO - 04468005	78	0.357 	14.107 	0.744 	0.000 	train	
2025-03-25 13:47:11,373 - AdaPoinTr - INFO - 03761084	31	0.210 	19.292 	1.397 	0.000 	microwaves	
2025-03-25 13:47:11,373 - AdaPoinTr - INFO - 04004475	34	0.234 	20.062 	1.925 	0.000 	printer	
2025-03-25 13:47:11,373 - AdaPoinTr - INFO - 03938244	20	0.287 	16.751 	1.092 	0.000 	pillow	
2025-03-25 13:47:11,373 - AdaPoinTr - INFO - 02992529	167	0.376 	12.664 	0.575 	0.000 	cellphone	
2025-03-25 13:47:11,373 - AdaPoinTr - INFO - 02808440	172	0.265 	17.611 	1.314 	0.000 	bathtub	
2025-03-25 13:47:11,373 - AdaPoinTr - INFO - 04530566	388	0.458 	12.968 	0.759 	0.000 	watercraft	
2025-03-25 13:47:11,374 - AdaPoinTr - INFO - 02871439	91	0.224 	19.080 	1.464 	0.000 	bookshelf	
2025-03-25 13:47:11,374 - AdaPoinTr - INFO - 03593526	120	0.231 	21.184 	1.953 	0.000 	jar	
2025-03-25 13:47:11,374 - AdaPoinTr - INFO - 04554684	34	0.205 	19.973 	1.533 	0.000 	washer	
2025-03-25 13:47:11,374 - AdaPoinTr - INFO - 03467517	160	0.746 	8.424 	0.348 	0.000 	guitar	
2025-03-25 13:47:11,374 - AdaPoinTr - INFO - 04401088	218	0.380 	12.391 	0.556 	0.000 	telephone	
2025-03-25 13:47:11,374 - AdaPoinTr - INFO - 02954340	12	0.280 	19.038 	2.126 	0.000 	cap	
2025-03-25 13:47:11,374 - AdaPoinTr - INFO - 02933112	315	0.223 	17.124 	0.983 	0.000 	cabinet	
2025-03-25 13:47:11,374 - AdaPoinTr - INFO - 03642806	92	0.366 	12.503 	0.526 	0.000 	laptop	
2025-03-25 13:47:11,374 - AdaPoinTr - INFO - 02924116	188	0.327 	14.244 	0.720 	0.000 	bus	
2025-03-25 13:47:11,374 - AdaPoinTr - INFO - 02946921	22	0.221 	17.980 	1.219 	0.000 	can	
2025-03-25 13:47:11,374 - AdaPoinTr - INFO - 02818832	47	0.256 	19.201 	1.566 	0.000 	bed	
2025-03-25 13:47:11,374 - AdaPoinTr - INFO - 04256520	635	0.270 	16.470 	1.024 	0.000 	sofa	
2025-03-25 13:47:11,374 - AdaPoinTr - INFO - 04379243	1687	0.360 	14.685 	1.077 	0.000 	table	
2025-03-25 13:47:11,374 - AdaPoinTr - INFO - 02747177	69	0.177 	20.288 	1.455 	0.000 	trash bin	
2025-03-25 13:47:11,374 - AdaPoinTr - INFO - 03046257	131	0.278 	16.939 	1.158 	0.000 	clock	
2025-03-25 13:47:11,374 - AdaPoinTr - INFO - 04225987	31	0.513 	11.286 	0.556 	0.000 	skateboard	
2025-03-25 13:47:11,374 - AdaPoinTr - INFO - 03797390	43	0.165 	22.951 	2.195 	0.000 	mug	
2025-03-25 13:47:11,374 - AdaPoinTr - INFO - 03001627	1356	0.334 	15.942 	1.132 	0.000 	chair	
2025-03-25 13:47:11,374 - AdaPoinTr - INFO - 03691459	320	0.231 	19.654 	1.614 	0.000 	loudspeaker	
2025-03-25 13:47:11,374 - AdaPoinTr - INFO - 02942699	23	0.206 	22.985 	2.410 	0.000 	camera	
2025-03-25 13:47:11,374 - AdaPoinTr - INFO - 03636649	464	0.475 	16.617 	1.953 	0.000 	lamp	
2025-03-25 13:47:11,374 - AdaPoinTr - INFO - 02691156	809	0.517 	11.601 	0.628 	0.000 	airplane	
2025-03-25 13:47:11,374 - AdaPoinTr - INFO - 02773838	17	0.312 	16.071 	1.152 	0.000 	bag	
2025-03-25 13:47:11,374 - AdaPoinTr - INFO - 02958343	703	0.204 	18.614 	1.167 	0.000 	car	
2025-03-25 13:47:11,374 - AdaPoinTr - INFO - 02880940	38	0.211 	19.312 	1.652 	0.000 	bowl	
2025-03-25 13:47:11,374 - AdaPoinTr - INFO - 04099429	17	0.647 	10.692 	0.598 	0.000 	rocket	
2025-03-25 13:47:11,374 - AdaPoinTr - INFO - 02828884	363	0.402 	12.895 	0.754 	0.000 	bench	
2025-03-25 13:47:11,374 - AdaPoinTr - INFO - 04090263	475	0.651 	9.940 	0.545 	0.000 	rifle	
2025-03-25 13:47:11,374 - AdaPoinTr - INFO - 03211117	219	0.317 	15.332 	1.019 	0.000 	display	
2025-03-25 13:47:11,374 - AdaPoinTr - INFO - 02876657	100	0.372 	14.488 	0.896 	0.000 	bottle	
2025-03-25 13:47:11,374 - AdaPoinTr - INFO - 03710193	19	0.491 	13.870 	0.959 	0.000 	mailbox	
2025-03-25 13:47:11,374 - AdaPoinTr - INFO - 03790512	68	0.232 	19.024 	1.381 	0.000 	motorbike	
2025-03-25 13:47:11,374 - AdaPoinTr - INFO - 03325088	149	0.400 	19.029 	2.397 	0.000 	faucet	
2025-03-25 13:47:11,374 - AdaPoinTr - INFO - 02801938	23	0.210 	18.615 	1.298 	0.000 	basket	
2025-03-25 13:47:11,374 - AdaPoinTr - INFO - 03337140	60	0.221 	18.441 	1.298 	0.000 	file cabinet	
2025-03-25 13:47:11,374 - AdaPoinTr - INFO - 02843684	15	0.209 	22.896 	2.521 	0.000 	birdhouse	
2025-03-25 13:47:11,374 - AdaPoinTr - INFO - 03624134	85	0.720 	8.734 	0.426 	0.000 	knife	
2025-03-25 13:47:11,374 - AdaPoinTr - INFO - 03991062	121	0.207 	22.929 	2.239 	0.000 	flowerpot	
2025-03-25 13:47:11,374 - AdaPoinTr - INFO - 03948459	62	0.432 	13.696 	0.886 	0.000 	pistol	
2025-03-25 13:47:11,374 - AdaPoinTr - INFO - 03928116	48	0.262 	18.398 	1.670 	0.000 	piano	
2025-03-25 13:47:11,374 - AdaPoinTr - INFO - 03207941	19	0.228 	17.177 	1.049 	0.000 	dishwasher	
2025-03-25 13:47:11,374 - AdaPoinTr - INFO - 04074963	14	0.399 	12.936 	0.670 	0.000 	remote	
2025-03-25 13:47:11,374 - AdaPoinTr - INFO - 03085013	13	0.415 	11.155 	0.442 	0.000 	keyboard	
2025-03-25 13:47:11,374 - AdaPoinTr - INFO - Overall		0.333 	16.668 	1.316 	0.000 	
2025-03-25 13:47:11,835 - AdaPoinTr - INFO - Save checkpoint at ./experiments/AdaPoinTr/ShapeNet55_models/AdaPoinTr_fog/ckpt-last.pth
2025-03-25 13:47:12,594 - AdaPoinTr - INFO - [Epoch 14/600][Batch 1/1311] BatchTime = 0.757 (s) DataTime = 0.082 (s) Losses = ['6.4277', '44.5036'] lr = 0.000093
2025-03-25 13:48:18,900 - AdaPoinTr - INFO - [Epoch 14/600][Batch 101/1311] BatchTime = 0.664 (s) DataTime = 0.001 (s) Losses = ['6.6314', '48.8139'] lr = 0.000093
2025-03-25 13:49:25,278 - AdaPoinTr - INFO - [Epoch 14/600][Batch 201/1311] BatchTime = 0.665 (s) DataTime = 0.001 (s) Losses = ['6.6137', '47.9781'] lr = 0.000093
2025-03-25 13:50:31,680 - AdaPoinTr - INFO - [Epoch 14/600][Batch 301/1311] BatchTime = 0.662 (s) DataTime = 0.001 (s) Losses = ['5.9360', '43.2200'] lr = 0.000093
2025-03-25 13:51:38,068 - AdaPoinTr - INFO - [Epoch 14/600][Batch 401/1311] BatchTime = 0.663 (s) DataTime = 0.001 (s) Losses = ['6.5321', '46.8650'] lr = 0.000093
2025-03-25 13:52:44,462 - AdaPoinTr - INFO - [Epoch 14/600][Batch 501/1311] BatchTime = 0.663 (s) DataTime = 0.001 (s) Losses = ['6.5280', '48.2471'] lr = 0.000093
2025-03-25 13:53:50,897 - AdaPoinTr - INFO - [Epoch 14/600][Batch 601/1311] BatchTime = 0.664 (s) DataTime = 0.001 (s) Losses = ['6.2474', '46.0554'] lr = 0.000093
2025-03-25 13:54:57,309 - AdaPoinTr - INFO - [Epoch 14/600][Batch 701/1311] BatchTime = 0.667 (s) DataTime = 0.001 (s) Losses = ['6.1911', '47.2488'] lr = 0.000093
2025-03-25 13:56:03,696 - AdaPoinTr - INFO - [Epoch 14/600][Batch 801/1311] BatchTime = 0.666 (s) DataTime = 0.001 (s) Losses = ['6.1251', '44.8112'] lr = 0.000093
2025-03-25 13:57:10,118 - AdaPoinTr - INFO - [Epoch 14/600][Batch 901/1311] BatchTime = 0.664 (s) DataTime = 0.001 (s) Losses = ['6.3081', '48.1202'] lr = 0.000093
2025-03-25 13:58:16,519 - AdaPoinTr - INFO - [Epoch 14/600][Batch 1001/1311] BatchTime = 0.665 (s) DataTime = 0.001 (s) Losses = ['6.6904', '51.1688'] lr = 0.000093
2025-03-25 13:59:22,944 - AdaPoinTr - INFO - [Epoch 14/600][Batch 1101/1311] BatchTime = 0.666 (s) DataTime = 0.001 (s) Losses = ['6.9499', '50.1647'] lr = 0.000093
2025-03-25 14:00:29,351 - AdaPoinTr - INFO - [Epoch 14/600][Batch 1201/1311] BatchTime = 0.664 (s) DataTime = 0.001 (s) Losses = ['6.5900', '50.1939'] lr = 0.000093
2025-03-25 14:01:35,731 - AdaPoinTr - INFO - [Epoch 14/600][Batch 1301/1311] BatchTime = 0.667 (s) DataTime = 0.001 (s) Losses = ['6.2855', '47.5114'] lr = 0.000093
2025-03-25 14:01:42,391 - AdaPoinTr - INFO - [Training] EPOCH: 14 EpochTime = 870.554 (s) Losses = ['6.3954', '47.4336']
2025-03-25 14:01:42,391 - AdaPoinTr - INFO - [VALIDATION] Start validating epoch 14
2025-03-25 14:02:13,689 - AdaPoinTr - INFO - Test[1051/10518] Taxonomy = 02691156 Sample = c7749c0a8b61f43bc9b9e28055202e3d Losses = ['31.3609', '4.1412', '15.5880', '1.0678'] Metrics = ['0.4016', '15.5880', '1.0678', '0.0000']
2025-03-25 14:02:45,149 - AdaPoinTr - INFO - Test[2102/10518] Taxonomy = 03211117 Sample = ab2f9418c111cc6ddb965514105122a4 Losses = ['25.1847', '2.2576', '8.5845', '0.2232'] Metrics = ['0.5982', '8.5845', '0.2232', '0.0000']
2025-03-25 14:03:16,711 - AdaPoinTr - INFO - Test[3153/10518] Taxonomy = 02876657 Sample = c5032e4be091aabb36fe7a88df793982 Losses = ['44.4480', '9.3758', '22.1605', '3.2647'] Metrics = ['0.2757', '22.1605', '3.2647', '0.0000']
2025-03-25 14:03:48,018 - AdaPoinTr - INFO - Test[4204/10518] Taxonomy = 03211117 Sample = 722df1da5778d45b1e43523279c7f09f Losses = ['32.0907', '4.3623', '13.3827', '0.6476'] Metrics = ['0.3866', '13.3827', '0.6476', '0.0000']
2025-03-25 14:04:19,308 - AdaPoinTr - INFO - Test[5255/10518] Taxonomy = 02828884 Sample = 14b63361a48a9fffe4a048c146e8bd43 Losses = ['30.8747', '3.4999', '12.9237', '0.6755'] Metrics = ['0.4201', '12.9237', '0.6755', '0.0000']
2025-03-25 14:04:50,771 - AdaPoinTr - INFO - Test[6306/10518] Taxonomy = 03211117 Sample = d330d50a0255529d19ed6e1a590c9122 Losses = ['29.8778', '3.8300', '14.1814', '1.0506'] Metrics = ['0.4087', '14.1814', '1.0506', '0.0000']
2025-03-25 14:05:21,993 - AdaPoinTr - INFO - Test[7357/10518] Taxonomy = 04379243 Sample = b1ca280d9567270ade98d10ab5975b59 Losses = ['37.0397', '5.5987', '15.9232', '0.8636'] Metrics = ['0.2744', '15.9232', '0.8636', '0.0000']
2025-03-25 14:05:53,337 - AdaPoinTr - INFO - Test[8408/10518] Taxonomy = 03001627 Sample = 89208a619341d9fdb8c516ed5c4ce32 Losses = ['31.9454', '3.5299', '14.2162', '0.6122'] Metrics = ['0.2875', '14.2162', '0.6122', '0.0000']
2025-03-25 14:06:24,826 - AdaPoinTr - INFO - Test[9459/10518] Taxonomy = 03001627 Sample = d0255120e3351121c3bd24f986301745 Losses = ['37.5006', '5.0376', '19.1012', '1.1832'] Metrics = ['0.1970', '19.1012', '1.1832', '0.0000']
2025-03-25 14:06:56,317 - AdaPoinTr - INFO - Test[10510/10518] Taxonomy = 03636649 Sample = ea9ec4d9db2e06202471e6dd5ac3ef92 Losses = ['25.3293', '3.1372', '9.8647', '0.5187'] Metrics = ['0.7031', '9.8647', '0.5187', '0.0000']
2025-03-25 14:06:56,576 - AdaPoinTr - INFO - [Validation] EPOCH: 14  Metrics = ['0.3295', '16.7724', '1.3635', '0.0000']
2025-03-25 14:06:56,576 - AdaPoinTr - INFO - ============================ TEST RESULTS ============================
2025-03-25 14:06:56,576 - AdaPoinTr - INFO - Taxonomy	#Sample	F-Score	CDL1	CDL2	EMDistance	#ModelName	
2025-03-25 14:06:56,576 - AdaPoinTr - INFO - 03759954	14	0.512 	15.265 	1.715 	0.000 	microphone	
2025-03-25 14:06:56,576 - AdaPoinTr - INFO - 04330267	44	0.251 	18.566 	1.501 	0.000 	stove	
2025-03-25 14:06:56,576 - AdaPoinTr - INFO - 03261776	15	0.274 	22.662 	3.415 	0.000 	earphone	
2025-03-25 14:06:56,576 - AdaPoinTr - INFO - 03513137	33	0.182 	24.196 	3.146 	0.000 	helmet	
2025-03-25 14:06:56,576 - AdaPoinTr - INFO - 04460130	27	0.378 	16.748 	1.399 	0.000 	tower	
2025-03-25 14:06:56,576 - AdaPoinTr - INFO - 04468005	78	0.344 	14.651 	0.920 	0.000 	train	
2025-03-25 14:06:56,576 - AdaPoinTr - INFO - 03761084	31	0.207 	18.734 	1.303 	0.000 	microwaves	
2025-03-25 14:06:56,576 - AdaPoinTr - INFO - 04004475	34	0.230 	20.730 	2.230 	0.000 	printer	
2025-03-25 14:06:56,576 - AdaPoinTr - INFO - 03938244	20	0.273 	17.666 	1.374 	0.000 	pillow	
2025-03-25 14:06:56,576 - AdaPoinTr - INFO - 02992529	167	0.382 	12.547 	0.540 	0.000 	cellphone	
2025-03-25 14:06:56,576 - AdaPoinTr - INFO - 02808440	172	0.263 	17.571 	1.348 	0.000 	bathtub	
2025-03-25 14:06:56,576 - AdaPoinTr - INFO - 04530566	388	0.452 	13.272 	0.906 	0.000 	watercraft	
2025-03-25 14:06:56,576 - AdaPoinTr - INFO - 02871439	91	0.219 	19.105 	1.457 	0.000 	bookshelf	
2025-03-25 14:06:56,576 - AdaPoinTr - INFO - 03593526	120	0.224 	21.740 	2.171 	0.000 	jar	
2025-03-25 14:06:56,576 - AdaPoinTr - INFO - 04554684	34	0.195 	19.865 	1.497 	0.000 	washer	
2025-03-25 14:06:56,576 - AdaPoinTr - INFO - 03467517	160	0.763 	7.912 	0.289 	0.000 	guitar	
2025-03-25 14:06:56,576 - AdaPoinTr - INFO - 04401088	218	0.391 	12.373 	0.551 	0.000 	telephone	
2025-03-25 14:06:56,576 - AdaPoinTr - INFO - 02954340	12	0.261 	18.541 	1.628 	0.000 	cap	
2025-03-25 14:06:56,576 - AdaPoinTr - INFO - 02933112	315	0.217 	17.392 	1.058 	0.000 	cabinet	
2025-03-25 14:06:56,576 - AdaPoinTr - INFO - 03642806	92	0.364 	12.949 	0.617 	0.000 	laptop	
2025-03-25 14:06:56,577 - AdaPoinTr - INFO - 02924116	188	0.316 	14.193 	0.720 	0.000 	bus	
2025-03-25 14:06:56,577 - AdaPoinTr - INFO - 02946921	22	0.208 	19.342 	1.559 	0.000 	can	
2025-03-25 14:06:56,577 - AdaPoinTr - INFO - 02818832	47	0.262 	18.491 	1.461 	0.000 	bed	
2025-03-25 14:06:56,577 - AdaPoinTr - INFO - 04256520	635	0.269 	16.411 	1.015 	0.000 	sofa	
2025-03-25 14:06:56,577 - AdaPoinTr - INFO - 04379243	1687	0.364 	14.481 	1.047 	0.000 	table	
2025-03-25 14:06:56,577 - AdaPoinTr - INFO - 02747177	69	0.170 	20.897 	1.600 	0.000 	trash bin	
2025-03-25 14:06:56,577 - AdaPoinTr - INFO - 03046257	131	0.276 	16.865 	1.133 	0.000 	clock	
2025-03-25 14:06:56,577 - AdaPoinTr - INFO - 04225987	31	0.521 	11.050 	0.525 	0.000 	skateboard	
2025-03-25 14:06:56,577 - AdaPoinTr - INFO - 03797390	43	0.161 	22.248 	1.987 	0.000 	mug	
2025-03-25 14:06:56,577 - AdaPoinTr - INFO - 03001627	1356	0.330 	16.006 	1.153 	0.000 	chair	
2025-03-25 14:06:56,577 - AdaPoinTr - INFO - 03691459	320	0.221 	20.148 	1.790 	0.000 	loudspeaker	
2025-03-25 14:06:56,577 - AdaPoinTr - INFO - 02942699	23	0.210 	23.560 	2.767 	0.000 	camera	
2025-03-25 14:06:56,577 - AdaPoinTr - INFO - 03636649	464	0.469 	16.840 	2.119 	0.000 	lamp	
2025-03-25 14:06:56,577 - AdaPoinTr - INFO - 02691156	809	0.517 	11.280 	0.577 	0.000 	airplane	
2025-03-25 14:06:56,577 - AdaPoinTr - INFO - 02773838	17	0.309 	15.687 	1.078 	0.000 	bag	
2025-03-25 14:06:56,577 - AdaPoinTr - INFO - 02958343	703	0.199 	18.419 	1.147 	0.000 	car	
2025-03-25 14:06:56,577 - AdaPoinTr - INFO - 02880940	38	0.199 	19.374 	1.644 	0.000 	bowl	
2025-03-25 14:06:56,577 - AdaPoinTr - INFO - 04099429	17	0.664 	9.816 	0.560 	0.000 	rocket	
2025-03-25 14:06:56,577 - AdaPoinTr - INFO - 02828884	363	0.404 	12.953 	0.768 	0.000 	bench	
2025-03-25 14:06:56,577 - AdaPoinTr - INFO - 04090263	475	0.638 	10.091 	0.551 	0.000 	rifle	
2025-03-25 14:06:56,577 - AdaPoinTr - INFO - 03211117	219	0.312 	15.767 	1.131 	0.000 	display	
2025-03-25 14:06:56,577 - AdaPoinTr - INFO - 02876657	100	0.361 	14.989 	1.021 	0.000 	bottle	
2025-03-25 14:06:56,577 - AdaPoinTr - INFO - 03710193	19	0.466 	16.918 	2.225 	0.000 	mailbox	
2025-03-25 14:06:56,577 - AdaPoinTr - INFO - 03790512	68	0.231 	18.979 	1.413 	0.000 	motorbike	
2025-03-25 14:06:56,577 - AdaPoinTr - INFO - 03325088	149	0.398 	19.505 	2.525 	0.000 	faucet	
2025-03-25 14:06:56,577 - AdaPoinTr - INFO - 02801938	23	0.205 	19.210 	1.444 	0.000 	basket	
2025-03-25 14:06:56,577 - AdaPoinTr - INFO - 03337140	60	0.214 	18.121 	1.183 	0.000 	file cabinet	
2025-03-25 14:06:56,577 - AdaPoinTr - INFO - 02843684	15	0.205 	22.170 	2.084 	0.000 	birdhouse	
2025-03-25 14:06:56,577 - AdaPoinTr - INFO - 03624134	85	0.706 	8.876 	0.387 	0.000 	knife	
2025-03-25 14:06:56,577 - AdaPoinTr - INFO - 03991062	121	0.202 	22.977 	2.286 	0.000 	flowerpot	
2025-03-25 14:06:56,577 - AdaPoinTr - INFO - 03948459	62	0.423 	13.728 	0.862 	0.000 	pistol	
2025-03-25 14:06:56,577 - AdaPoinTr - INFO - 03928116	48	0.263 	19.073 	1.952 	0.000 	piano	
2025-03-25 14:06:56,577 - AdaPoinTr - INFO - 03207941	19	0.208 	17.951 	1.185 	0.000 	dishwasher	
2025-03-25 14:06:56,577 - AdaPoinTr - INFO - 04074963	14	0.415 	12.383 	0.603 	0.000 	remote	
2025-03-25 14:06:56,577 - AdaPoinTr - INFO - 03085013	13	0.424 	11.198 	0.425 	0.000 	keyboard	
2025-03-25 14:06:56,577 - AdaPoinTr - INFO - Overall		0.330 	16.772 	1.363 	0.000 	
2025-03-25 14:06:57,034 - AdaPoinTr - INFO - Save checkpoint at ./experiments/AdaPoinTr/ShapeNet55_models/AdaPoinTr_fog/ckpt-last.pth
2025-03-25 14:06:57,794 - AdaPoinTr - INFO - [Epoch 15/600][Batch 1/1311] BatchTime = 0.759 (s) DataTime = 0.084 (s) Losses = ['6.3805', '45.2911'] lr = 0.000093
2025-03-25 14:08:04,122 - AdaPoinTr - INFO - [Epoch 15/600][Batch 101/1311] BatchTime = 0.664 (s) DataTime = 0.001 (s) Losses = ['5.9273', '44.2692'] lr = 0.000093
2025-03-25 14:09:10,543 - AdaPoinTr - INFO - [Epoch 15/600][Batch 201/1311] BatchTime = 0.662 (s) DataTime = 0.001 (s) Losses = ['6.5539', '48.9087'] lr = 0.000093
2025-03-25 14:10:16,949 - AdaPoinTr - INFO - [Epoch 15/600][Batch 301/1311] BatchTime = 0.667 (s) DataTime = 0.001 (s) Losses = ['6.5876', '48.4658'] lr = 0.000093
2025-03-25 14:11:23,380 - AdaPoinTr - INFO - [Epoch 15/600][Batch 401/1311] BatchTime = 0.667 (s) DataTime = 0.001 (s) Losses = ['6.4410', '51.0132'] lr = 0.000093
2025-03-25 14:12:29,792 - AdaPoinTr - INFO - [Epoch 15/600][Batch 501/1311] BatchTime = 0.667 (s) DataTime = 0.001 (s) Losses = ['6.7267', '52.4743'] lr = 0.000093
2025-03-25 14:13:36,206 - AdaPoinTr - INFO - [Epoch 15/600][Batch 601/1311] BatchTime = 0.666 (s) DataTime = 0.001 (s) Losses = ['6.6322', '51.5162'] lr = 0.000093
2025-03-25 14:14:42,596 - AdaPoinTr - INFO - [Epoch 15/600][Batch 701/1311] BatchTime = 0.664 (s) DataTime = 0.001 (s) Losses = ['5.8271', '43.6145'] lr = 0.000093
2025-03-25 14:15:49,031 - AdaPoinTr - INFO - [Epoch 15/600][Batch 801/1311] BatchTime = 0.666 (s) DataTime = 0.001 (s) Losses = ['6.4635', '46.3065'] lr = 0.000093
2025-03-25 14:16:55,471 - AdaPoinTr - INFO - [Epoch 15/600][Batch 901/1311] BatchTime = 0.665 (s) DataTime = 0.001 (s) Losses = ['6.2643', '48.6585'] lr = 0.000093
2025-03-25 14:18:01,902 - AdaPoinTr - INFO - [Epoch 15/600][Batch 1001/1311] BatchTime = 0.666 (s) DataTime = 0.001 (s) Losses = ['6.7105', '47.6969'] lr = 0.000093
2025-03-25 14:19:08,323 - AdaPoinTr - INFO - [Epoch 15/600][Batch 1101/1311] BatchTime = 0.662 (s) DataTime = 0.001 (s) Losses = ['6.6780', '52.0787'] lr = 0.000093
2025-03-25 14:20:14,741 - AdaPoinTr - INFO - [Epoch 15/600][Batch 1201/1311] BatchTime = 0.664 (s) DataTime = 0.001 (s) Losses = ['6.5485', '48.4378'] lr = 0.000093
2025-03-25 14:21:21,189 - AdaPoinTr - INFO - [Epoch 15/600][Batch 1301/1311] BatchTime = 0.666 (s) DataTime = 0.001 (s) Losses = ['7.0656', '50.0646'] lr = 0.000093
2025-03-25 14:21:27,885 - AdaPoinTr - INFO - [Training] EPOCH: 15 EpochTime = 870.849 (s) Losses = ['6.3668', '47.4895']
2025-03-25 14:21:27,885 - AdaPoinTr - INFO - [VALIDATION] Start validating epoch 15
2025-03-25 14:21:59,173 - AdaPoinTr - INFO - Test[1051/10518] Taxonomy = 02691156 Sample = c7749c0a8b61f43bc9b9e28055202e3d Losses = ['26.2634', '2.9961', '12.0731', '0.5841'] Metrics = ['0.4819', '12.0731', '0.5841', '0.0000']
2025-03-25 14:22:30,536 - AdaPoinTr - INFO - Test[2102/10518] Taxonomy = 03211117 Sample = ab2f9418c111cc6ddb965514105122a4 Losses = ['30.0594', '4.3454', '11.9691', '1.0052'] Metrics = ['0.5946', '11.9691', '1.0052', '0.0000']
2025-03-25 14:23:01,937 - AdaPoinTr - INFO - Test[3153/10518] Taxonomy = 02876657 Sample = c5032e4be091aabb36fe7a88df793982 Losses = ['45.1280', '9.8874', '25.2144', '3.8444'] Metrics = ['0.2675', '25.2144', '3.8444', '0.0000']
2025-03-25 14:23:33,354 - AdaPoinTr - INFO - Test[4204/10518] Taxonomy = 03211117 Sample = 722df1da5778d45b1e43523279c7f09f Losses = ['32.1528', '3.7174', '14.2008', '0.7757'] Metrics = ['0.3473', '14.2008', '0.7757', '0.0000']
2025-03-25 14:24:04,686 - AdaPoinTr - INFO - Test[5255/10518] Taxonomy = 02828884 Sample = 14b63361a48a9fffe4a048c146e8bd43 Losses = ['35.8635', '4.7774', '20.2325', '2.0533'] Metrics = ['0.3674', '20.2325', '2.0533', '0.0000']
2025-03-25 14:24:36,170 - AdaPoinTr - INFO - Test[6306/10518] Taxonomy = 03211117 Sample = d330d50a0255529d19ed6e1a590c9122 Losses = ['27.3514', '3.0018', '11.9948', '0.4156'] Metrics = ['0.3912', '11.9948', '0.4156', '0.0000']
2025-03-25 14:25:07,560 - AdaPoinTr - INFO - Test[7357/10518] Taxonomy = 04379243 Sample = b1ca280d9567270ade98d10ab5975b59 Losses = ['46.0816', '9.3901', '19.9983', '1.7585'] Metrics = ['0.2263', '19.9983', '1.7585', '0.0000']
2025-03-25 14:25:38,967 - AdaPoinTr - INFO - Test[8408/10518] Taxonomy = 03001627 Sample = 89208a619341d9fdb8c516ed5c4ce32 Losses = ['33.6438', '3.9287', '14.9609', '0.7063'] Metrics = ['0.2707', '14.9609', '0.7063', '0.0000']
2025-03-25 14:26:10,429 - AdaPoinTr - INFO - Test[9459/10518] Taxonomy = 03001627 Sample = d0255120e3351121c3bd24f986301745 Losses = ['41.6359', '6.1313', '20.9978', '1.6439'] Metrics = ['0.1821', '20.9978', '1.6439', '0.0000']
2025-03-25 14:26:41,728 - AdaPoinTr - INFO - Test[10510/10518] Taxonomy = 03636649 Sample = ea9ec4d9db2e06202471e6dd5ac3ef92 Losses = ['29.6910', '4.1213', '14.4500', '1.2383'] Metrics = ['0.5901', '14.4500', '1.2383', '0.0000']
2025-03-25 14:26:41,992 - AdaPoinTr - INFO - [Validation] EPOCH: 15  Metrics = ['0.3288', '16.6882', '1.3122', '0.0000']
2025-03-25 14:26:41,992 - AdaPoinTr - INFO - ============================ TEST RESULTS ============================
2025-03-25 14:26:41,992 - AdaPoinTr - INFO - Taxonomy	#Sample	F-Score	CDL1	CDL2	EMDistance	#ModelName	
2025-03-25 14:26:41,992 - AdaPoinTr - INFO - 03759954	14	0.488 	19.067 	3.332 	0.000 	microphone	
2025-03-25 14:26:41,992 - AdaPoinTr - INFO - 04330267	44	0.250 	18.379 	1.445 	0.000 	stove	
2025-03-25 14:26:41,992 - AdaPoinTr - INFO - 03261776	15	0.252 	22.307 	2.902 	0.000 	earphone	
2025-03-25 14:26:41,992 - AdaPoinTr - INFO - 03513137	33	0.180 	23.623 	2.586 	0.000 	helmet	
2025-03-25 14:26:41,992 - AdaPoinTr - INFO - 04460130	27	0.384 	16.649 	1.351 	0.000 	tower	
2025-03-25 14:26:41,992 - AdaPoinTr - INFO - 04468005	78	0.350 	14.531 	0.863 	0.000 	train	
2025-03-25 14:26:41,992 - AdaPoinTr - INFO - 03761084	31	0.211 	19.043 	1.368 	0.000 	microwaves	
2025-03-25 14:26:41,992 - AdaPoinTr - INFO - 04004475	34	0.235 	20.642 	2.172 	0.000 	printer	
2025-03-25 14:26:41,992 - AdaPoinTr - INFO - 03938244	20	0.263 	17.987 	1.308 	0.000 	pillow	
2025-03-25 14:26:41,992 - AdaPoinTr - INFO - 02992529	167	0.386 	12.590 	0.574 	0.000 	cellphone	
2025-03-25 14:26:41,992 - AdaPoinTr - INFO - 02808440	172	0.257 	17.269 	1.201 	0.000 	bathtub	
2025-03-25 14:26:41,992 - AdaPoinTr - INFO - 04530566	388	0.452 	12.865 	0.754 	0.000 	watercraft	
2025-03-25 14:26:41,992 - AdaPoinTr - INFO - 02871439	91	0.220 	18.959 	1.483 	0.000 	bookshelf	
2025-03-25 14:26:41,992 - AdaPoinTr - INFO - 03593526	120	0.224 	20.964 	1.915 	0.000 	jar	
2025-03-25 14:26:41,992 - AdaPoinTr - INFO - 04554684	34	0.203 	19.628 	1.651 	0.000 	washer	
2025-03-25 14:26:41,992 - AdaPoinTr - INFO - 03467517	160	0.754 	8.059 	0.289 	0.000 	guitar	
2025-03-25 14:26:41,992 - AdaPoinTr - INFO - 04401088	218	0.390 	12.531 	0.585 	0.000 	telephone	
2025-03-25 14:26:41,992 - AdaPoinTr - INFO - 02954340	12	0.256 	17.689 	1.274 	0.000 	cap	
2025-03-25 14:26:41,992 - AdaPoinTr - INFO - 02933112	315	0.222 	17.245 	1.027 	0.000 	cabinet	
2025-03-25 14:26:41,992 - AdaPoinTr - INFO - 03642806	92	0.357 	12.981 	0.622 	0.000 	laptop	
2025-03-25 14:26:41,992 - AdaPoinTr - INFO - 02924116	188	0.327 	14.091 	0.715 	0.000 	bus	
2025-03-25 14:26:41,992 - AdaPoinTr - INFO - 02946921	22	0.207 	19.047 	1.475 	0.000 	can	
2025-03-25 14:26:41,992 - AdaPoinTr - INFO - 02818832	47	0.253 	19.285 	1.804 	0.000 	bed	
2025-03-25 14:26:41,992 - AdaPoinTr - INFO - 04256520	635	0.264 	16.549 	1.038 	0.000 	sofa	
2025-03-25 14:26:41,992 - AdaPoinTr - INFO - 04379243	1687	0.346 	14.812 	1.030 	0.000 	table	
2025-03-25 14:26:41,992 - AdaPoinTr - INFO - 02747177	69	0.168 	21.183 	1.703 	0.000 	trash bin	
2025-03-25 14:26:41,992 - AdaPoinTr - INFO - 03046257	131	0.278 	17.125 	1.268 	0.000 	clock	
2025-03-25 14:26:41,992 - AdaPoinTr - INFO - 04225987	31	0.498 	11.263 	0.548 	0.000 	skateboard	
2025-03-25 14:26:41,992 - AdaPoinTr - INFO - 03797390	43	0.165 	21.840 	1.826 	0.000 	mug	
2025-03-25 14:26:41,992 - AdaPoinTr - INFO - 03001627	1356	0.322 	16.068 	1.134 	0.000 	chair	
2025-03-25 14:26:41,992 - AdaPoinTr - INFO - 03691459	320	0.224 	19.682 	1.617 	0.000 	loudspeaker	
2025-03-25 14:26:41,992 - AdaPoinTr - INFO - 02942699	23	0.210 	22.989 	2.597 	0.000 	camera	
2025-03-25 14:26:41,992 - AdaPoinTr - INFO - 03636649	464	0.470 	16.456 	1.952 	0.000 	lamp	
2025-03-25 14:26:41,992 - AdaPoinTr - INFO - 02691156	809	0.516 	11.328 	0.572 	0.000 	airplane	
2025-03-25 14:26:41,992 - AdaPoinTr - INFO - 02773838	17	0.306 	15.550 	1.025 	0.000 	bag	
2025-03-25 14:26:41,992 - AdaPoinTr - INFO - 02958343	703	0.198 	18.324 	1.128 	0.000 	car	
2025-03-25 14:26:41,992 - AdaPoinTr - INFO - 02880940	38	0.197 	18.828 	1.244 	0.000 	bowl	
2025-03-25 14:26:41,993 - AdaPoinTr - INFO - 04099429	17	0.671 	9.906 	0.536 	0.000 	rocket	
2025-03-25 14:26:41,993 - AdaPoinTr - INFO - 02828884	363	0.397 	13.097 	0.786 	0.000 	bench	
2025-03-25 14:26:41,993 - AdaPoinTr - INFO - 04090263	475	0.661 	9.704 	0.499 	0.000 	rifle	
2025-03-25 14:26:41,993 - AdaPoinTr - INFO - 03211117	219	0.308 	15.632 	1.006 	0.000 	display	
2025-03-25 14:26:41,993 - AdaPoinTr - INFO - 02876657	100	0.363 	14.905 	1.088 	0.000 	bottle	
2025-03-25 14:26:41,993 - AdaPoinTr - INFO - 03710193	19	0.483 	14.050 	1.117 	0.000 	mailbox	
2025-03-25 14:26:41,993 - AdaPoinTr - INFO - 03790512	68	0.231 	19.114 	1.471 	0.000 	motorbike	
2025-03-25 14:26:41,993 - AdaPoinTr - INFO - 03325088	149	0.404 	18.220 	2.076 	0.000 	faucet	
2025-03-25 14:26:41,993 - AdaPoinTr - INFO - 02801938	23	0.199 	19.738 	1.522 	0.000 	basket	
2025-03-25 14:26:41,993 - AdaPoinTr - INFO - 03337140	60	0.219 	18.291 	1.285 	0.000 	file cabinet	
2025-03-25 14:26:41,993 - AdaPoinTr - INFO - 02843684	15	0.209 	21.459 	1.827 	0.000 	birdhouse	
2025-03-25 14:26:41,993 - AdaPoinTr - INFO - 03624134	85	0.722 	8.629 	0.348 	0.000 	knife	
2025-03-25 14:26:41,993 - AdaPoinTr - INFO - 03991062	121	0.204 	22.325 	2.116 	0.000 	flowerpot	
2025-03-25 14:26:41,993 - AdaPoinTr - INFO - 03948459	62	0.431 	13.726 	0.875 	0.000 	pistol	
2025-03-25 14:26:41,993 - AdaPoinTr - INFO - 03928116	48	0.252 	19.285 	1.814 	0.000 	piano	
2025-03-25 14:26:41,993 - AdaPoinTr - INFO - 03207941	19	0.218 	18.672 	1.405 	0.000 	dishwasher	
2025-03-25 14:26:41,993 - AdaPoinTr - INFO - 04074963	14	0.420 	12.366 	0.576 	0.000 	remote	
2025-03-25 14:26:41,993 - AdaPoinTr - INFO - 03085013	13	0.411 	11.304 	0.446 	0.000 	keyboard	
2025-03-25 14:26:41,993 - AdaPoinTr - INFO - Overall		0.329 	16.688 	1.312 	0.000 	
2025-03-25 14:26:42,455 - AdaPoinTr - INFO - Save checkpoint at ./experiments/AdaPoinTr/ShapeNet55_models/AdaPoinTr_fog/ckpt-last.pth
2025-03-25 14:26:43,215 - AdaPoinTr - INFO - [Epoch 16/600][Batch 1/1311] BatchTime = 0.759 (s) DataTime = 0.083 (s) Losses = ['6.5942', '51.5729'] lr = 0.000092
2025-03-25 14:27:49,533 - AdaPoinTr - INFO - [Epoch 16/600][Batch 101/1311] BatchTime = 0.666 (s) DataTime = 0.001 (s) Losses = ['6.6375', '49.3983'] lr = 0.000092
2025-03-25 14:28:55,964 - AdaPoinTr - INFO - [Epoch 16/600][Batch 201/1311] BatchTime = 0.663 (s) DataTime = 0.001 (s) Losses = ['6.9801', '50.0087'] lr = 0.000092
2025-03-25 14:30:02,390 - AdaPoinTr - INFO - [Epoch 16/600][Batch 301/1311] BatchTime = 0.663 (s) DataTime = 0.001 (s) Losses = ['6.0629', '49.6001'] lr = 0.000092
2025-03-25 14:31:08,782 - AdaPoinTr - INFO - [Epoch 16/600][Batch 401/1311] BatchTime = 0.664 (s) DataTime = 0.001 (s) Losses = ['6.0571', '47.1652'] lr = 0.000092
2025-03-25 14:32:15,225 - AdaPoinTr - INFO - [Epoch 16/600][Batch 501/1311] BatchTime = 0.663 (s) DataTime = 0.001 (s) Losses = ['6.5730', '46.2833'] lr = 0.000092
2025-03-25 14:33:21,638 - AdaPoinTr - INFO - [Epoch 16/600][Batch 601/1311] BatchTime = 0.664 (s) DataTime = 0.001 (s) Losses = ['6.0177', '44.8787'] lr = 0.000092
2025-03-25 14:34:28,078 - AdaPoinTr - INFO - [Epoch 16/600][Batch 701/1311] BatchTime = 0.662 (s) DataTime = 0.001 (s) Losses = ['6.7638', '46.6848'] lr = 0.000092
2025-03-25 14:35:34,502 - AdaPoinTr - INFO - [Epoch 16/600][Batch 801/1311] BatchTime = 0.662 (s) DataTime = 0.001 (s) Losses = ['7.0660', '50.9746'] lr = 0.000092
2025-03-25 14:36:40,906 - AdaPoinTr - INFO - [Epoch 16/600][Batch 901/1311] BatchTime = 0.666 (s) DataTime = 0.001 (s) Losses = ['5.7227', '41.6373'] lr = 0.000092
2025-03-25 14:37:47,336 - AdaPoinTr - INFO - [Epoch 16/600][Batch 1001/1311] BatchTime = 0.666 (s) DataTime = 0.001 (s) Losses = ['5.4906', '45.2700'] lr = 0.000092
2025-03-25 14:38:53,762 - AdaPoinTr - INFO - [Epoch 16/600][Batch 1101/1311] BatchTime = 0.665 (s) DataTime = 0.001 (s) Losses = ['6.3790', '45.7829'] lr = 0.000092
2025-03-25 14:40:00,186 - AdaPoinTr - INFO - [Epoch 16/600][Batch 1201/1311] BatchTime = 0.666 (s) DataTime = 0.001 (s) Losses = ['6.5289', '45.2791'] lr = 0.000092
2025-03-25 14:41:06,629 - AdaPoinTr - INFO - [Epoch 16/600][Batch 1301/1311] BatchTime = 0.665 (s) DataTime = 0.001 (s) Losses = ['6.3797', '50.0322'] lr = 0.000092
2025-03-25 14:41:13,316 - AdaPoinTr - INFO - [Training] EPOCH: 16 EpochTime = 870.860 (s) Losses = ['6.3305', '46.8029']
2025-03-25 14:41:13,316 - AdaPoinTr - INFO - [VALIDATION] Start validating epoch 16
2025-03-25 14:41:44,813 - AdaPoinTr - INFO - Test[1051/10518] Taxonomy = 02691156 Sample = c7749c0a8b61f43bc9b9e28055202e3d Losses = ['24.2490', '2.4901', '12.3249', '0.6676'] Metrics = ['0.4813', '12.3249', '0.6676', '0.0000']
2025-03-25 14:42:16,264 - AdaPoinTr - INFO - Test[2102/10518] Taxonomy = 03211117 Sample = ab2f9418c111cc6ddb965514105122a4 Losses = ['27.1432', '2.6606', '9.3456', '0.4027'] Metrics = ['0.5687', '9.3456', '0.4027', '0.0000']
2025-03-25 14:42:47,699 - AdaPoinTr - INFO - Test[3153/10518] Taxonomy = 02876657 Sample = c5032e4be091aabb36fe7a88df793982 Losses = ['42.0443', '6.7642', '17.8718', '1.0886'] Metrics = ['0.2459', '17.8718', '1.0886', '0.0000']
2025-03-25 14:43:19,072 - AdaPoinTr - INFO - Test[4204/10518] Taxonomy = 03211117 Sample = 722df1da5778d45b1e43523279c7f09f Losses = ['35.2103', '5.2517', '16.5416', '1.3241'] Metrics = ['0.3738', '16.5416', '1.3241', '0.0000']
2025-03-25 14:43:50,550 - AdaPoinTr - INFO - Test[5255/10518] Taxonomy = 02828884 Sample = 14b63361a48a9fffe4a048c146e8bd43 Losses = ['35.0617', '4.5362', '20.8962', '2.0860'] Metrics = ['0.3403', '20.8962', '2.0860', '0.0000']
2025-03-25 14:44:21,994 - AdaPoinTr - INFO - Test[6306/10518] Taxonomy = 03211117 Sample = d330d50a0255529d19ed6e1a590c9122 Losses = ['30.5532', '3.8570', '15.0097', '1.1642'] Metrics = ['0.4152', '15.0097', '1.1642', '0.0000']
2025-03-25 14:44:53,374 - AdaPoinTr - INFO - Test[7357/10518] Taxonomy = 04379243 Sample = b1ca280d9567270ade98d10ab5975b59 Losses = ['32.7184', '4.0120', '15.0017', '0.6407'] Metrics = ['0.2589', '15.0017', '0.6407', '0.0000']
2025-03-25 14:45:24,720 - AdaPoinTr - INFO - Test[8408/10518] Taxonomy = 03001627 Sample = 89208a619341d9fdb8c516ed5c4ce32 Losses = ['32.8214', '3.8485', '17.4233', '1.0035'] Metrics = ['0.2070', '17.4233', '1.0035', '0.0000']
2025-03-25 14:45:56,225 - AdaPoinTr - INFO - Test[9459/10518] Taxonomy = 03001627 Sample = d0255120e3351121c3bd24f986301745 Losses = ['48.7861', '9.7407', '26.8222', '3.3904'] Metrics = ['0.1702', '26.8222', '3.3904', '0.0000']
2025-03-25 14:46:27,676 - AdaPoinTr - INFO - Test[10510/10518] Taxonomy = 03636649 Sample = ea9ec4d9db2e06202471e6dd5ac3ef92 Losses = ['24.5720', '2.8308', '7.6126', '0.2258'] Metrics = ['0.7660', '7.6126', '0.2258', '0.0000']
2025-03-25 14:46:27,954 - AdaPoinTr - INFO - [Validation] EPOCH: 16  Metrics = ['0.3270', '16.7104', '1.3338', '0.0000']
2025-03-25 14:46:27,954 - AdaPoinTr - INFO - ============================ TEST RESULTS ============================
2025-03-25 14:46:27,954 - AdaPoinTr - INFO - Taxonomy	#Sample	F-Score	CDL1	CDL2	EMDistance	#ModelName	
2025-03-25 14:46:27,954 - AdaPoinTr - INFO - 03759954	14	0.484 	17.216 	2.318 	0.000 	microphone	
2025-03-25 14:46:27,954 - AdaPoinTr - INFO - 04330267	44	0.257 	17.226 	1.182 	0.000 	stove	
2025-03-25 14:46:27,954 - AdaPoinTr - INFO - 03261776	15	0.263 	23.430 	3.745 	0.000 	earphone	
2025-03-25 14:46:27,954 - AdaPoinTr - INFO - 03513137	33	0.181 	24.542 	2.941 	0.000 	helmet	
2025-03-25 14:46:27,954 - AdaPoinTr - INFO - 04460130	27	0.376 	16.751 	1.591 	0.000 	tower	
2025-03-25 14:46:27,954 - AdaPoinTr - INFO - 04468005	78	0.349 	14.573 	0.887 	0.000 	train	
2025-03-25 14:46:27,954 - AdaPoinTr - INFO - 03761084	31	0.211 	18.513 	1.320 	0.000 	microwaves	
2025-03-25 14:46:27,954 - AdaPoinTr - INFO - 04004475	34	0.231 	19.712 	1.768 	0.000 	printer	
2025-03-25 14:46:27,954 - AdaPoinTr - INFO - 03938244	20	0.278 	16.950 	1.160 	0.000 	pillow	
2025-03-25 14:46:27,954 - AdaPoinTr - INFO - 02992529	167	0.381 	12.456 	0.542 	0.000 	cellphone	
2025-03-25 14:46:27,954 - AdaPoinTr - INFO - 02808440	172	0.254 	17.799 	1.396 	0.000 	bathtub	
2025-03-25 14:46:27,955 - AdaPoinTr - INFO - 04530566	388	0.454 	12.840 	0.740 	0.000 	watercraft	
2025-03-25 14:46:27,955 - AdaPoinTr - INFO - 02871439	91	0.220 	18.797 	1.432 	0.000 	bookshelf	
2025-03-25 14:46:27,955 - AdaPoinTr - INFO - 03593526	120	0.223 	20.831 	1.937 	0.000 	jar	
2025-03-25 14:46:27,955 - AdaPoinTr - INFO - 04554684	34	0.193 	20.490 	1.780 	0.000 	washer	
2025-03-25 14:46:27,955 - AdaPoinTr - INFO - 03467517	160	0.741 	8.214 	0.320 	0.000 	guitar	
2025-03-25 14:46:27,955 - AdaPoinTr - INFO - 04401088	218	0.379 	12.378 	0.522 	0.000 	telephone	
2025-03-25 14:46:27,955 - AdaPoinTr - INFO - 02954340	12	0.242 	21.903 	2.394 	0.000 	cap	
2025-03-25 14:46:27,955 - AdaPoinTr - INFO - 02933112	315	0.218 	17.149 	0.997 	0.000 	cabinet	
2025-03-25 14:46:27,955 - AdaPoinTr - INFO - 03642806	92	0.355 	13.028 	0.624 	0.000 	laptop	
2025-03-25 14:46:27,955 - AdaPoinTr - INFO - 02924116	188	0.329 	14.059 	0.705 	0.000 	bus	
2025-03-25 14:46:27,955 - AdaPoinTr - INFO - 02946921	22	0.208 	19.724 	1.745 	0.000 	can	
2025-03-25 14:46:27,955 - AdaPoinTr - INFO - 02818832	47	0.252 	18.667 	1.532 	0.000 	bed	
2025-03-25 14:46:27,955 - AdaPoinTr - INFO - 04256520	635	0.259 	16.488 	1.018 	0.000 	sofa	
2025-03-25 14:46:27,955 - AdaPoinTr - INFO - 04379243	1687	0.358 	14.652 	1.095 	0.000 	table	
2025-03-25 14:46:27,955 - AdaPoinTr - INFO - 02747177	69	0.166 	20.532 	1.531 	0.000 	trash bin	
2025-03-25 14:46:27,955 - AdaPoinTr - INFO - 03046257	131	0.277 	17.000 	1.169 	0.000 	clock	
2025-03-25 14:46:27,955 - AdaPoinTr - INFO - 04225987	31	0.510 	11.116 	0.522 	0.000 	skateboard	
2025-03-25 14:46:27,955 - AdaPoinTr - INFO - 03797390	43	0.161 	21.538 	1.717 	0.000 	mug	
2025-03-25 14:46:27,955 - AdaPoinTr - INFO - 03001627	1356	0.324 	15.941 	1.142 	0.000 	chair	
2025-03-25 14:46:27,955 - AdaPoinTr - INFO - 03691459	320	0.221 	19.642 	1.590 	0.000 	loudspeaker	
2025-03-25 14:46:27,955 - AdaPoinTr - INFO - 02942699	23	0.210 	23.407 	2.733 	0.000 	camera	
2025-03-25 14:46:27,955 - AdaPoinTr - INFO - 03636649	464	0.472 	16.211 	1.758 	0.000 	lamp	
2025-03-25 14:46:27,955 - AdaPoinTr - INFO - 02691156	809	0.524 	11.056 	0.548 	0.000 	airplane	
2025-03-25 14:46:27,955 - AdaPoinTr - INFO - 02773838	17	0.305 	16.813 	1.385 	0.000 	bag	
2025-03-25 14:46:27,955 - AdaPoinTr - INFO - 02958343	703	0.201 	18.202 	1.112 	0.000 	car	
2025-03-25 14:46:27,955 - AdaPoinTr - INFO - 02880940	38	0.202 	19.044 	1.340 	0.000 	bowl	
2025-03-25 14:46:27,955 - AdaPoinTr - INFO - 04099429	17	0.656 	9.698 	0.464 	0.000 	rocket	
2025-03-25 14:46:27,955 - AdaPoinTr - INFO - 02828884	363	0.403 	12.818 	0.722 	0.000 	bench	
2025-03-25 14:46:27,955 - AdaPoinTr - INFO - 04090263	475	0.653 	9.864 	0.523 	0.000 	rifle	
2025-03-25 14:46:27,955 - AdaPoinTr - INFO - 03211117	219	0.316 	15.191 	0.954 	0.000 	display	
2025-03-25 14:46:27,955 - AdaPoinTr - INFO - 02876657	100	0.375 	14.167 	0.888 	0.000 	bottle	
2025-03-25 14:46:27,955 - AdaPoinTr - INFO - 03710193	19	0.476 	16.157 	1.933 	0.000 	mailbox	
2025-03-25 14:46:27,955 - AdaPoinTr - INFO - 03790512	68	0.233 	18.443 	1.252 	0.000 	motorbike	
2025-03-25 14:46:27,955 - AdaPoinTr - INFO - 03325088	149	0.400 	18.567 	2.262 	0.000 	faucet	
2025-03-25 14:46:27,955 - AdaPoinTr - INFO - 02801938	23	0.193 	19.540 	1.539 	0.000 	basket	
2025-03-25 14:46:27,955 - AdaPoinTr - INFO - 03337140	60	0.210 	18.444 	1.293 	0.000 	file cabinet	
2025-03-25 14:46:27,955 - AdaPoinTr - INFO - 02843684	15	0.198 	21.836 	2.049 	0.000 	birdhouse	
2025-03-25 14:46:27,955 - AdaPoinTr - INFO - 03624134	85	0.699 	9.128 	0.422 	0.000 	knife	
2025-03-25 14:46:27,955 - AdaPoinTr - INFO - 03991062	121	0.205 	22.328 	2.125 	0.000 	flowerpot	
2025-03-25 14:46:27,955 - AdaPoinTr - INFO - 03948459	62	0.427 	13.517 	0.810 	0.000 	pistol	
2025-03-25 14:46:27,955 - AdaPoinTr - INFO - 03928116	48	0.257 	18.576 	1.674 	0.000 	piano	
2025-03-25 14:46:27,955 - AdaPoinTr - INFO - 03207941	19	0.198 	18.350 	1.231 	0.000 	dishwasher	
2025-03-25 14:46:27,955 - AdaPoinTr - INFO - 04074963	14	0.401 	12.195 	0.522 	0.000 	remote	
2025-03-25 14:46:27,955 - AdaPoinTr - INFO - 03085013	13	0.409 	11.360 	0.461 	0.000 	keyboard	
2025-03-25 14:46:27,955 - AdaPoinTr - INFO - Overall		0.327 	16.710 	1.334 	0.000 	
2025-03-25 14:46:28,417 - AdaPoinTr - INFO - Save checkpoint at ./experiments/AdaPoinTr/ShapeNet55_models/AdaPoinTr_fog/ckpt-last.pth
2025-03-25 14:46:29,176 - AdaPoinTr - INFO - [Epoch 17/600][Batch 1/1311] BatchTime = 0.758 (s) DataTime = 0.084 (s) Losses = ['6.2255', '44.3398'] lr = 0.000092
2025-03-25 14:47:35,504 - AdaPoinTr - INFO - [Epoch 17/600][Batch 101/1311] BatchTime = 0.664 (s) DataTime = 0.001 (s) Losses = ['6.4206', '48.3813'] lr = 0.000092
2025-03-25 14:48:41,922 - AdaPoinTr - INFO - [Epoch 17/600][Batch 201/1311] BatchTime = 0.665 (s) DataTime = 0.001 (s) Losses = ['6.0001', '46.4820'] lr = 0.000092
2025-03-25 14:49:48,319 - AdaPoinTr - INFO - [Epoch 17/600][Batch 301/1311] BatchTime = 0.664 (s) DataTime = 0.001 (s) Losses = ['6.4011', '48.1958'] lr = 0.000092
2025-03-25 14:50:54,713 - AdaPoinTr - INFO - [Epoch 17/600][Batch 401/1311] BatchTime = 0.663 (s) DataTime = 0.001 (s) Losses = ['6.4430', '50.2809'] lr = 0.000092
2025-03-25 14:52:01,180 - AdaPoinTr - INFO - [Epoch 17/600][Batch 501/1311] BatchTime = 0.663 (s) DataTime = 0.001 (s) Losses = ['6.4109', '46.9411'] lr = 0.000092
2025-03-25 14:53:07,607 - AdaPoinTr - INFO - [Epoch 17/600][Batch 601/1311] BatchTime = 0.662 (s) DataTime = 0.001 (s) Losses = ['6.1670', '46.1365'] lr = 0.000092
2025-03-25 14:54:14,023 - AdaPoinTr - INFO - [Epoch 17/600][Batch 701/1311] BatchTime = 0.666 (s) DataTime = 0.001 (s) Losses = ['6.0968', '46.4236'] lr = 0.000092
2025-03-25 14:55:20,419 - AdaPoinTr - INFO - [Epoch 17/600][Batch 801/1311] BatchTime = 0.665 (s) DataTime = 0.001 (s) Losses = ['5.9019', '44.1371'] lr = 0.000092
2025-03-25 14:56:26,824 - AdaPoinTr - INFO - [Epoch 17/600][Batch 901/1311] BatchTime = 0.667 (s) DataTime = 0.001 (s) Losses = ['6.7999', '47.3746'] lr = 0.000092
2025-03-25 14:57:33,248 - AdaPoinTr - INFO - [Epoch 17/600][Batch 1001/1311] BatchTime = 0.666 (s) DataTime = 0.001 (s) Losses = ['6.1829', '49.1224'] lr = 0.000092
2025-03-25 14:58:39,676 - AdaPoinTr - INFO - [Epoch 17/600][Batch 1101/1311] BatchTime = 0.664 (s) DataTime = 0.001 (s) Losses = ['6.5362', '47.8741'] lr = 0.000092
2025-03-25 14:59:46,121 - AdaPoinTr - INFO - [Epoch 17/600][Batch 1201/1311] BatchTime = 0.666 (s) DataTime = 0.001 (s) Losses = ['6.1424', '48.3260'] lr = 0.000092
2025-03-25 15:00:52,570 - AdaPoinTr - INFO - [Epoch 17/600][Batch 1301/1311] BatchTime = 0.664 (s) DataTime = 0.001 (s) Losses = ['6.6858', '49.9649'] lr = 0.000092
2025-03-25 15:00:59,235 - AdaPoinTr - INFO - [Training] EPOCH: 17 EpochTime = 870.817 (s) Losses = ['6.3142', '46.9106']
2025-03-25 15:00:59,235 - AdaPoinTr - INFO - [VALIDATION] Start validating epoch 17
2025-03-25 15:01:30,860 - AdaPoinTr - INFO - Test[1051/10518] Taxonomy = 02691156 Sample = c7749c0a8b61f43bc9b9e28055202e3d Losses = ['36.8893', '7.2518', '18.1926', '2.1895'] Metrics = ['0.4254', '18.1926', '2.1895', '0.0000']
2025-03-25 15:02:02,401 - AdaPoinTr - INFO - Test[2102/10518] Taxonomy = 03211117 Sample = ab2f9418c111cc6ddb965514105122a4 Losses = ['24.9448', '2.3889', '8.2860', '0.2344'] Metrics = ['0.6370', '8.2860', '0.2344', '0.0000']
2025-03-25 15:02:33,557 - AdaPoinTr - INFO - Test[3153/10518] Taxonomy = 02876657 Sample = c5032e4be091aabb36fe7a88df793982 Losses = ['45.8397', '8.8449', '21.4451', '1.9980'] Metrics = ['0.2623', '21.4451', '1.9980', '0.0000']
2025-03-25 15:03:04,463 - AdaPoinTr - INFO - Test[4204/10518] Taxonomy = 03211117 Sample = 722df1da5778d45b1e43523279c7f09f Losses = ['34.0047', '4.4197', '22.0734', '2.7875'] Metrics = ['0.3214', '22.0734', '2.7875', '0.0000']
2025-03-25 15:03:35,238 - AdaPoinTr - INFO - Test[5255/10518] Taxonomy = 02828884 Sample = 14b63361a48a9fffe4a048c146e8bd43 Losses = ['30.0216', '3.3101', '14.1708', '0.8886'] Metrics = ['0.3999', '14.1708', '0.8886', '0.0000']
2025-03-25 15:04:06,412 - AdaPoinTr - INFO - Test[6306/10518] Taxonomy = 03211117 Sample = d330d50a0255529d19ed6e1a590c9122 Losses = ['25.2306', '2.2540', '11.0168', '0.3668'] Metrics = ['0.4462', '11.0168', '0.3668', '0.0000']
2025-03-25 15:04:37,526 - AdaPoinTr - INFO - Test[7357/10518] Taxonomy = 04379243 Sample = b1ca280d9567270ade98d10ab5975b59 Losses = ['38.1880', '5.9389', '16.5583', '0.9472'] Metrics = ['0.2679', '16.5583', '0.9472', '0.0000']
2025-03-25 15:05:08,565 - AdaPoinTr - INFO - Test[8408/10518] Taxonomy = 03001627 Sample = 89208a619341d9fdb8c516ed5c4ce32 Losses = ['31.7826', '3.6505', '14.4551', '0.7044'] Metrics = ['0.2862', '14.4551', '0.7044', '0.0000']
2025-03-25 15:05:39,454 - AdaPoinTr - INFO - Test[9459/10518] Taxonomy = 03001627 Sample = d0255120e3351121c3bd24f986301745 Losses = ['35.4982', '4.4699', '16.8806', '0.8962'] Metrics = ['0.2123', '16.8806', '0.8962', '0.0000']
2025-03-25 15:06:10,335 - AdaPoinTr - INFO - Test[10510/10518] Taxonomy = 03636649 Sample = ea9ec4d9db2e06202471e6dd5ac3ef92 Losses = ['29.7148', '4.4869', '18.5219', '2.3970'] Metrics = ['0.6098', '18.5219', '2.3970', '0.0000']
2025-03-25 15:06:10,592 - AdaPoinTr - INFO - [Validation] EPOCH: 17  Metrics = ['0.3370', '16.2374', '1.2129', '0.0000']
2025-03-25 15:06:10,592 - AdaPoinTr - INFO - ============================ TEST RESULTS ============================
2025-03-25 15:06:10,592 - AdaPoinTr - INFO - Taxonomy	#Sample	F-Score	CDL1	CDL2	EMDistance	#ModelName	
2025-03-25 15:06:10,592 - AdaPoinTr - INFO - 03759954	14	0.509 	14.023 	1.087 	0.000 	microphone	
2025-03-25 15:06:10,592 - AdaPoinTr - INFO - 04330267	44	0.260 	17.798 	1.329 	0.000 	stove	
2025-03-25 15:06:10,592 - AdaPoinTr - INFO - 03261776	15	0.272 	20.049 	1.980 	0.000 	earphone	
2025-03-25 15:06:10,592 - AdaPoinTr - INFO - 03513137	33	0.184 	24.718 	2.875 	0.000 	helmet	
2025-03-25 15:06:10,592 - AdaPoinTr - INFO - 04460130	27	0.381 	16.206 	1.279 	0.000 	tower	
2025-03-25 15:06:10,592 - AdaPoinTr - INFO - 04468005	78	0.359 	14.236 	0.870 	0.000 	train	
2025-03-25 15:06:10,592 - AdaPoinTr - INFO - 03761084	31	0.219 	18.790 	1.410 	0.000 	microwaves	
2025-03-25 15:06:10,592 - AdaPoinTr - INFO - 04004475	34	0.240 	19.478 	1.736 	0.000 	printer	
2025-03-25 15:06:10,592 - AdaPoinTr - INFO - 03938244	20	0.273 	17.226 	1.196 	0.000 	pillow	
2025-03-25 15:06:10,592 - AdaPoinTr - INFO - 02992529	167	0.395 	12.322 	0.556 	0.000 	cellphone	
2025-03-25 15:06:10,592 - AdaPoinTr - INFO - 02808440	172	0.267 	17.368 	1.323 	0.000 	bathtub	
2025-03-25 15:06:10,592 - AdaPoinTr - INFO - 04530566	388	0.456 	12.847 	0.786 	0.000 	watercraft	
2025-03-25 15:06:10,592 - AdaPoinTr - INFO - 02871439	91	0.227 	18.557 	1.342 	0.000 	bookshelf	
2025-03-25 15:06:10,592 - AdaPoinTr - INFO - 03593526	120	0.234 	20.000 	1.722 	0.000 	jar	
2025-03-25 15:06:10,592 - AdaPoinTr - INFO - 04554684	34	0.205 	20.019 	1.710 	0.000 	washer	
2025-03-25 15:06:10,592 - AdaPoinTr - INFO - 03467517	160	0.762 	7.938 	0.307 	0.000 	guitar	
2025-03-25 15:06:10,592 - AdaPoinTr - INFO - 04401088	218	0.402 	12.024 	0.513 	0.000 	telephone	
2025-03-25 15:06:10,592 - AdaPoinTr - INFO - 02954340	12	0.268 	19.061 	1.824 	0.000 	cap	
2025-03-25 15:06:10,592 - AdaPoinTr - INFO - 02933112	315	0.229 	16.779 	0.975 	0.000 	cabinet	
2025-03-25 15:06:10,592 - AdaPoinTr - INFO - 03642806	92	0.367 	12.452 	0.529 	0.000 	laptop	
2025-03-25 15:06:10,592 - AdaPoinTr - INFO - 02924116	188	0.334 	13.798 	0.686 	0.000 	bus	
2025-03-25 15:06:10,592 - AdaPoinTr - INFO - 02946921	22	0.222 	19.010 	1.634 	0.000 	can	
2025-03-25 15:06:10,592 - AdaPoinTr - INFO - 02818832	47	0.251 	18.768 	1.536 	0.000 	bed	
2025-03-25 15:06:10,592 - AdaPoinTr - INFO - 04256520	635	0.274 	16.100 	0.956 	0.000 	sofa	
2025-03-25 15:06:10,592 - AdaPoinTr - INFO - 04379243	1687	0.365 	14.189 	0.940 	0.000 	table	
2025-03-25 15:06:10,592 - AdaPoinTr - INFO - 02747177	69	0.172 	20.222 	1.501 	0.000 	trash bin	
2025-03-25 15:06:10,592 - AdaPoinTr - INFO - 03046257	131	0.289 	16.657 	1.136 	0.000 	clock	
2025-03-25 15:06:10,592 - AdaPoinTr - INFO - 04225987	31	0.521 	10.728 	0.468 	0.000 	skateboard	
2025-03-25 15:06:10,592 - AdaPoinTr - INFO - 03797390	43	0.166 	20.726 	1.514 	0.000 	mug	
2025-03-25 15:06:10,592 - AdaPoinTr - INFO - 03001627	1356	0.336 	15.607 	1.079 	0.000 	chair	
2025-03-25 15:06:10,592 - AdaPoinTr - INFO - 03691459	320	0.231 	19.534 	1.657 	0.000 	loudspeaker	
2025-03-25 15:06:10,592 - AdaPoinTr - INFO - 02942699	23	0.220 	23.383 	2.776 	0.000 	camera	
2025-03-25 15:06:10,592 - AdaPoinTr - INFO - 03636649	464	0.478 	16.123 	1.866 	0.000 	lamp	
2025-03-25 15:06:10,592 - AdaPoinTr - INFO - 02691156	809	0.525 	11.077 	0.547 	0.000 	airplane	
2025-03-25 15:06:10,592 - AdaPoinTr - INFO - 02773838	17	0.319 	15.113 	0.893 	0.000 	bag	
2025-03-25 15:06:10,592 - AdaPoinTr - INFO - 02958343	703	0.201 	18.019 	1.102 	0.000 	car	
2025-03-25 15:06:10,592 - AdaPoinTr - INFO - 02880940	38	0.207 	18.330 	1.174 	0.000 	bowl	
2025-03-25 15:06:10,592 - AdaPoinTr - INFO - 04099429	17	0.665 	9.991 	0.531 	0.000 	rocket	
2025-03-25 15:06:10,592 - AdaPoinTr - INFO - 02828884	363	0.412 	12.739 	0.725 	0.000 	bench	
2025-03-25 15:06:10,592 - AdaPoinTr - INFO - 04090263	475	0.656 	9.648 	0.495 	0.000 	rifle	
2025-03-25 15:06:10,592 - AdaPoinTr - INFO - 03211117	219	0.325 	14.872 	0.906 	0.000 	display	
2025-03-25 15:06:10,592 - AdaPoinTr - INFO - 02876657	100	0.374 	14.750 	1.013 	0.000 	bottle	
2025-03-25 15:06:10,593 - AdaPoinTr - INFO - 03710193	19	0.478 	15.355 	1.604 	0.000 	mailbox	
2025-03-25 15:06:10,593 - AdaPoinTr - INFO - 03790512	68	0.234 	19.151 	1.529 	0.000 	motorbike	
2025-03-25 15:06:10,593 - AdaPoinTr - INFO - 03325088	149	0.403 	17.637 	1.826 	0.000 	faucet	
2025-03-25 15:06:10,593 - AdaPoinTr - INFO - 02801938	23	0.213 	18.628 	1.340 	0.000 	basket	
2025-03-25 15:06:10,593 - AdaPoinTr - INFO - 03337140	60	0.223 	18.059 	1.260 	0.000 	file cabinet	
2025-03-25 15:06:10,593 - AdaPoinTr - INFO - 02843684	15	0.214 	21.213 	1.926 	0.000 	birdhouse	
2025-03-25 15:06:10,593 - AdaPoinTr - INFO - 03624134	85	0.730 	8.280 	0.334 	0.000 	knife	
2025-03-25 15:06:10,593 - AdaPoinTr - INFO - 03991062	121	0.207 	22.229 	2.192 	0.000 	flowerpot	
2025-03-25 15:06:10,593 - AdaPoinTr - INFO - 03948459	62	0.435 	13.020 	0.722 	0.000 	pistol	
2025-03-25 15:06:10,593 - AdaPoinTr - INFO - 03928116	48	0.269 	17.664 	1.343 	0.000 	piano	
2025-03-25 15:06:10,593 - AdaPoinTr - INFO - 03207941	19	0.227 	17.084 	1.089 	0.000 	dishwasher	
2025-03-25 15:06:10,593 - AdaPoinTr - INFO - 04074963	14	0.430 	12.237 	0.570 	0.000 	remote	
2025-03-25 15:06:10,593 - AdaPoinTr - INFO - 03085013	13	0.422 	11.225 	0.489 	0.000 	keyboard	
2025-03-25 15:06:10,593 - AdaPoinTr - INFO - Overall		0.337 	16.237 	1.213 	0.000 	
2025-03-25 15:06:11,038 - AdaPoinTr - INFO - Save checkpoint at ./experiments/AdaPoinTr/ShapeNet55_models/AdaPoinTr_fog/ckpt-best.pth
2025-03-25 15:06:11,442 - AdaPoinTr - INFO - Save checkpoint at ./experiments/AdaPoinTr/ShapeNet55_models/AdaPoinTr_fog/ckpt-last.pth
2025-03-25 15:06:12,198 - AdaPoinTr - INFO - [Epoch 18/600][Batch 1/1311] BatchTime = 0.754 (s) DataTime = 0.080 (s) Losses = ['6.0150', '47.1053'] lr = 0.000091
2025-03-25 15:07:18,554 - AdaPoinTr - INFO - [Epoch 18/600][Batch 101/1311] BatchTime = 0.665 (s) DataTime = 0.001 (s) Losses = ['6.5584', '48.5197'] lr = 0.000091
2025-03-25 15:08:25,002 - AdaPoinTr - INFO - [Epoch 18/600][Batch 201/1311] BatchTime = 0.665 (s) DataTime = 0.001 (s) Losses = ['5.7636', '42.2619'] lr = 0.000091
2025-03-25 15:09:31,434 - AdaPoinTr - INFO - [Epoch 18/600][Batch 301/1311] BatchTime = 0.666 (s) DataTime = 0.001 (s) Losses = ['6.0634', '47.2306'] lr = 0.000091
2025-03-25 15:10:37,864 - AdaPoinTr - INFO - [Epoch 18/600][Batch 401/1311] BatchTime = 0.664 (s) DataTime = 0.001 (s) Losses = ['6.2423', '42.9439'] lr = 0.000091
2025-03-25 15:11:44,336 - AdaPoinTr - INFO - [Epoch 18/600][Batch 501/1311] BatchTime = 0.663 (s) DataTime = 0.001 (s) Losses = ['6.4451', '45.0753'] lr = 0.000091
2025-03-25 15:12:50,814 - AdaPoinTr - INFO - [Epoch 18/600][Batch 601/1311] BatchTime = 0.665 (s) DataTime = 0.001 (s) Losses = ['6.0671', '43.5095'] lr = 0.000091
2025-03-25 15:13:57,242 - AdaPoinTr - INFO - [Epoch 18/600][Batch 701/1311] BatchTime = 0.664 (s) DataTime = 0.001 (s) Losses = ['6.7223', '49.0025'] lr = 0.000091
2025-03-25 15:15:03,698 - AdaPoinTr - INFO - [Epoch 18/600][Batch 801/1311] BatchTime = 0.665 (s) DataTime = 0.001 (s) Losses = ['5.7448', '43.3891'] lr = 0.000091
2025-03-25 15:16:10,147 - AdaPoinTr - INFO - [Epoch 18/600][Batch 901/1311] BatchTime = 0.667 (s) DataTime = 0.001 (s) Losses = ['5.9739', '44.0076'] lr = 0.000091
2025-03-25 15:17:16,581 - AdaPoinTr - INFO - [Epoch 18/600][Batch 1001/1311] BatchTime = 0.666 (s) DataTime = 0.001 (s) Losses = ['6.5604', '48.8529'] lr = 0.000091
2025-03-25 15:18:23,054 - AdaPoinTr - INFO - [Epoch 18/600][Batch 1101/1311] BatchTime = 0.664 (s) DataTime = 0.001 (s) Losses = ['6.0945', '46.6424'] lr = 0.000091
2025-03-25 15:19:29,514 - AdaPoinTr - INFO - [Epoch 18/600][Batch 1201/1311] BatchTime = 0.665 (s) DataTime = 0.001 (s) Losses = ['6.4175', '47.5773'] lr = 0.000091
2025-03-25 15:20:35,956 - AdaPoinTr - INFO - [Epoch 18/600][Batch 1301/1311] BatchTime = 0.663 (s) DataTime = 0.001 (s) Losses = ['7.2356', '54.4428'] lr = 0.000091
2025-03-25 15:20:42,619 - AdaPoinTr - INFO - [Training] EPOCH: 18 EpochTime = 871.175 (s) Losses = ['6.2904', '46.7218']
2025-03-25 15:20:42,619 - AdaPoinTr - INFO - [VALIDATION] Start validating epoch 18
2025-03-25 15:21:13,653 - AdaPoinTr - INFO - Test[1051/10518] Taxonomy = 02691156 Sample = c7749c0a8b61f43bc9b9e28055202e3d Losses = ['22.5909', '2.0013', '11.6087', '0.5361'] Metrics = ['0.4873', '11.6087', '0.5361', '0.0000']
2025-03-25 15:21:44,538 - AdaPoinTr - INFO - Test[2102/10518] Taxonomy = 03211117 Sample = ab2f9418c111cc6ddb965514105122a4 Losses = ['26.0429', '2.4792', '8.7967', '0.2408'] Metrics = ['0.5850', '8.7967', '0.2408', '0.0000']
2025-03-25 15:22:15,339 - AdaPoinTr - INFO - Test[3153/10518] Taxonomy = 02876657 Sample = c5032e4be091aabb36fe7a88df793982 Losses = ['50.5078', '11.3228', '29.5006', '7.1533'] Metrics = ['0.2502', '29.5006', '7.1533', '0.0000']
2025-03-25 15:22:46,193 - AdaPoinTr - INFO - Test[4204/10518] Taxonomy = 03211117 Sample = 722df1da5778d45b1e43523279c7f09f Losses = ['34.2420', '4.9071', '15.8140', '1.4977'] Metrics = ['0.3677', '15.8140', '1.4977', '0.0000']
2025-03-25 15:23:17,242 - AdaPoinTr - INFO - Test[5255/10518] Taxonomy = 02828884 Sample = 14b63361a48a9fffe4a048c146e8bd43 Losses = ['31.0241', '3.6115', '18.5578', '1.7972'] Metrics = ['0.3713', '18.5578', '1.7972', '0.0000']
2025-03-25 15:23:48,388 - AdaPoinTr - INFO - Test[6306/10518] Taxonomy = 03211117 Sample = d330d50a0255529d19ed6e1a590c9122 Losses = ['32.1273', '4.3117', '13.6260', '0.7884'] Metrics = ['0.4242', '13.6260', '0.7884', '0.0000']
2025-03-25 15:24:19,398 - AdaPoinTr - INFO - Test[7357/10518] Taxonomy = 04379243 Sample = b1ca280d9567270ade98d10ab5975b59 Losses = ['39.9185', '6.2745', '16.5894', '0.9665'] Metrics = ['0.2456', '16.5894', '0.9665', '0.0000']
2025-03-25 15:24:50,272 - AdaPoinTr - INFO - Test[8408/10518] Taxonomy = 03001627 Sample = 89208a619341d9fdb8c516ed5c4ce32 Losses = ['31.4385', '3.4210', '14.4030', '0.6266'] Metrics = ['0.2807', '14.4030', '0.6266', '0.0000']
2025-03-25 15:25:21,199 - AdaPoinTr - INFO - Test[9459/10518] Taxonomy = 03001627 Sample = d0255120e3351121c3bd24f986301745 Losses = ['37.7815', '5.0503', '20.4235', '1.4505'] Metrics = ['0.1720', '20.4235', '1.4505', '0.0000']
2025-03-25 15:25:52,061 - AdaPoinTr - INFO - Test[10510/10518] Taxonomy = 03636649 Sample = ea9ec4d9db2e06202471e6dd5ac3ef92 Losses = ['25.3302', '2.6670', '11.3705', '0.5766'] Metrics = ['0.6256', '11.3705', '0.5766', '0.0000']
2025-03-25 15:25:52,316 - AdaPoinTr - INFO - [Validation] EPOCH: 18  Metrics = ['0.3244', '16.7463', '1.3315', '0.0000']
2025-03-25 15:25:52,316 - AdaPoinTr - INFO - ============================ TEST RESULTS ============================
2025-03-25 15:25:52,316 - AdaPoinTr - INFO - Taxonomy	#Sample	F-Score	CDL1	CDL2	EMDistance	#ModelName	
2025-03-25 15:25:52,316 - AdaPoinTr - INFO - 03759954	14	0.461 	19.497 	3.420 	0.000 	microphone	
2025-03-25 15:25:52,316 - AdaPoinTr - INFO - 04330267	44	0.252 	18.423 	1.445 	0.000 	stove	
2025-03-25 15:25:52,316 - AdaPoinTr - INFO - 03261776	15	0.283 	23.286 	3.396 	0.000 	earphone	
2025-03-25 15:25:52,316 - AdaPoinTr - INFO - 03513137	33	0.181 	25.353 	3.483 	0.000 	helmet	
2025-03-25 15:25:52,316 - AdaPoinTr - INFO - 04460130	27	0.364 	15.705 	1.031 	0.000 	tower	
2025-03-25 15:25:52,316 - AdaPoinTr - INFO - 04468005	78	0.341 	14.473 	0.849 	0.000 	train	
2025-03-25 15:25:52,316 - AdaPoinTr - INFO - 03761084	31	0.215 	18.742 	1.401 	0.000 	microwaves	
2025-03-25 15:25:52,316 - AdaPoinTr - INFO - 04004475	34	0.229 	19.366 	1.644 	0.000 	printer	
2025-03-25 15:25:52,316 - AdaPoinTr - INFO - 03938244	20	0.278 	16.209 	0.986 	0.000 	pillow	
2025-03-25 15:25:52,316 - AdaPoinTr - INFO - 02992529	167	0.378 	12.763 	0.592 	0.000 	cellphone	
2025-03-25 15:25:52,316 - AdaPoinTr - INFO - 02808440	172	0.260 	17.243 	1.221 	0.000 	bathtub	
2025-03-25 15:25:52,316 - AdaPoinTr - INFO - 04530566	388	0.440 	12.962 	0.741 	0.000 	watercraft	
2025-03-25 15:25:52,316 - AdaPoinTr - INFO - 02871439	91	0.224 	18.233 	1.258 	0.000 	bookshelf	
2025-03-25 15:25:52,316 - AdaPoinTr - INFO - 03593526	120	0.224 	20.222 	1.678 	0.000 	jar	
2025-03-25 15:25:52,316 - AdaPoinTr - INFO - 04554684	34	0.193 	20.466 	1.826 	0.000 	washer	
2025-03-25 15:25:52,316 - AdaPoinTr - INFO - 03467517	160	0.748 	8.075 	0.279 	0.000 	guitar	
2025-03-25 15:25:52,316 - AdaPoinTr - INFO - 04401088	218	0.386 	12.308 	0.534 	0.000 	telephone	
2025-03-25 15:25:52,316 - AdaPoinTr - INFO - 02954340	12	0.245 	20.810 	2.198 	0.000 	cap	
2025-03-25 15:25:52,316 - AdaPoinTr - INFO - 02933112	315	0.217 	17.393 	1.026 	0.000 	cabinet	
2025-03-25 15:25:52,316 - AdaPoinTr - INFO - 03642806	92	0.351 	12.977 	0.590 	0.000 	laptop	
2025-03-25 15:25:52,316 - AdaPoinTr - INFO - 02924116	188	0.314 	14.258 	0.719 	0.000 	bus	
2025-03-25 15:25:52,316 - AdaPoinTr - INFO - 02946921	22	0.206 	18.971 	1.326 	0.000 	can	
2025-03-25 15:25:52,316 - AdaPoinTr - INFO - 02818832	47	0.256 	18.501 	1.529 	0.000 	bed	
2025-03-25 15:25:52,316 - AdaPoinTr - INFO - 04256520	635	0.262 	16.466 	1.000 	0.000 	sofa	
2025-03-25 15:25:52,316 - AdaPoinTr - INFO - 04379243	1687	0.340 	14.772 	1.048 	0.000 	table	
2025-03-25 15:25:52,316 - AdaPoinTr - INFO - 02747177	69	0.168 	20.977 	1.646 	0.000 	trash bin	
2025-03-25 15:25:52,316 - AdaPoinTr - INFO - 03046257	131	0.277 	17.097 	1.181 	0.000 	clock	
2025-03-25 15:25:52,316 - AdaPoinTr - INFO - 04225987	31	0.491 	11.148 	0.537 	0.000 	skateboard	
2025-03-25 15:25:52,316 - AdaPoinTr - INFO - 03797390	43	0.162 	22.664 	2.085 	0.000 	mug	
2025-03-25 15:25:52,316 - AdaPoinTr - INFO - 03001627	1356	0.324 	16.097 	1.153 	0.000 	chair	
2025-03-25 15:25:52,316 - AdaPoinTr - INFO - 03691459	320	0.222 	19.809 	1.586 	0.000 	loudspeaker	
2025-03-25 15:25:52,316 - AdaPoinTr - INFO - 02942699	23	0.211 	22.582 	2.426 	0.000 	camera	
2025-03-25 15:25:52,316 - AdaPoinTr - INFO - 03636649	464	0.463 	16.085 	1.682 	0.000 	lamp	
2025-03-25 15:25:52,316 - AdaPoinTr - INFO - 02691156	809	0.511 	11.248 	0.562 	0.000 	airplane	
2025-03-25 15:25:52,316 - AdaPoinTr - INFO - 02773838	17	0.322 	15.837 	1.189 	0.000 	bag	
2025-03-25 15:25:52,316 - AdaPoinTr - INFO - 02958343	703	0.197 	18.184 	1.108 	0.000 	car	
2025-03-25 15:25:52,316 - AdaPoinTr - INFO - 02880940	38	0.192 	19.601 	1.473 	0.000 	bowl	
2025-03-25 15:25:52,316 - AdaPoinTr - INFO - 04099429	17	0.656 	9.658 	0.428 	0.000 	rocket	
2025-03-25 15:25:52,316 - AdaPoinTr - INFO - 02828884	363	0.396 	13.008 	0.764 	0.000 	bench	
2025-03-25 15:25:52,316 - AdaPoinTr - INFO - 04090263	475	0.651 	9.896 	0.552 	0.000 	rifle	
2025-03-25 15:25:52,316 - AdaPoinTr - INFO - 03211117	219	0.323 	14.861 	0.891 	0.000 	display	
2025-03-25 15:25:52,316 - AdaPoinTr - INFO - 02876657	100	0.348 	15.112 	0.980 	0.000 	bottle	
2025-03-25 15:25:52,316 - AdaPoinTr - INFO - 03710193	19	0.473 	14.953 	1.319 	0.000 	mailbox	
2025-03-25 15:25:52,316 - AdaPoinTr - INFO - 03790512	68	0.228 	19.073 	1.388 	0.000 	motorbike	
2025-03-25 15:25:52,316 - AdaPoinTr - INFO - 03325088	149	0.394 	18.261 	2.043 	0.000 	faucet	
2025-03-25 15:25:52,316 - AdaPoinTr - INFO - 02801938	23	0.203 	19.347 	1.433 	0.000 	basket	
2025-03-25 15:25:52,317 - AdaPoinTr - INFO - 03337140	60	0.211 	18.779 	1.313 	0.000 	file cabinet	
2025-03-25 15:25:52,317 - AdaPoinTr - INFO - 02843684	15	0.204 	23.631 	2.780 	0.000 	birdhouse	
2025-03-25 15:25:52,317 - AdaPoinTr - INFO - 03624134	85	0.646 	10.121 	0.496 	0.000 	knife	
2025-03-25 15:25:52,317 - AdaPoinTr - INFO - 03991062	121	0.202 	22.478 	2.256 	0.000 	flowerpot	
2025-03-25 15:25:52,317 - AdaPoinTr - INFO - 03948459	62	0.426 	13.333 	0.810 	0.000 	pistol	
2025-03-25 15:25:52,317 - AdaPoinTr - INFO - 03928116	48	0.256 	18.545 	1.641 	0.000 	piano	
2025-03-25 15:25:52,317 - AdaPoinTr - INFO - 03207941	19	0.215 	17.744 	1.317 	0.000 	dishwasher	
2025-03-25 15:25:52,317 - AdaPoinTr - INFO - 04074963	14	0.402 	12.368 	0.529 	0.000 	remote	
2025-03-25 15:25:52,317 - AdaPoinTr - INFO - 03085013	13	0.420 	11.075 	0.444 	0.000 	keyboard	
2025-03-25 15:25:52,317 - AdaPoinTr - INFO - Overall		0.324 	16.746 	1.332 	0.000 	
2025-03-25 15:25:52,778 - AdaPoinTr - INFO - Save checkpoint at ./experiments/AdaPoinTr/ShapeNet55_models/AdaPoinTr_fog/ckpt-last.pth
2025-03-25 15:25:53,535 - AdaPoinTr - INFO - [Epoch 19/600][Batch 1/1311] BatchTime = 0.755 (s) DataTime = 0.081 (s) Losses = ['6.5765', '46.8218'] lr = 0.000091
2025-03-25 15:26:59,879 - AdaPoinTr - INFO - [Epoch 19/600][Batch 101/1311] BatchTime = 0.665 (s) DataTime = 0.001 (s) Losses = ['6.5441', '48.4026'] lr = 0.000091
2025-03-25 15:28:06,307 - AdaPoinTr - INFO - [Epoch 19/600][Batch 201/1311] BatchTime = 0.664 (s) DataTime = 0.001 (s) Losses = ['5.7812', '43.8795'] lr = 0.000091
2025-03-25 15:29:12,745 - AdaPoinTr - INFO - [Epoch 19/600][Batch 301/1311] BatchTime = 0.663 (s) DataTime = 0.001 (s) Losses = ['6.2376', '47.7019'] lr = 0.000091
2025-03-25 15:30:19,185 - AdaPoinTr - INFO - [Epoch 19/600][Batch 401/1311] BatchTime = 0.666 (s) DataTime = 0.001 (s) Losses = ['5.9363', '43.6381'] lr = 0.000091
2025-03-25 15:31:25,637 - AdaPoinTr - INFO - [Epoch 19/600][Batch 501/1311] BatchTime = 0.663 (s) DataTime = 0.001 (s) Losses = ['6.2381', '50.2359'] lr = 0.000091
2025-03-25 15:32:32,103 - AdaPoinTr - INFO - [Epoch 19/600][Batch 601/1311] BatchTime = 0.664 (s) DataTime = 0.001 (s) Losses = ['6.3044', '45.6571'] lr = 0.000091
2025-03-25 15:33:38,519 - AdaPoinTr - INFO - [Epoch 19/600][Batch 701/1311] BatchTime = 0.662 (s) DataTime = 0.001 (s) Losses = ['5.7258', '43.7668'] lr = 0.000091
2025-03-25 15:34:44,964 - AdaPoinTr - INFO - [Epoch 19/600][Batch 801/1311] BatchTime = 0.666 (s) DataTime = 0.001 (s) Losses = ['6.0923', '49.3884'] lr = 0.000091
2025-03-25 15:35:51,405 - AdaPoinTr - INFO - [Epoch 19/600][Batch 901/1311] BatchTime = 0.665 (s) DataTime = 0.001 (s) Losses = ['6.5440', '48.1369'] lr = 0.000091
2025-03-25 15:36:57,848 - AdaPoinTr - INFO - [Epoch 19/600][Batch 1001/1311] BatchTime = 0.664 (s) DataTime = 0.001 (s) Losses = ['6.0928', '42.3346'] lr = 0.000091
2025-03-25 15:38:04,276 - AdaPoinTr - INFO - [Epoch 19/600][Batch 1101/1311] BatchTime = 0.665 (s) DataTime = 0.001 (s) Losses = ['5.9586', '44.0773'] lr = 0.000091
2025-03-25 15:39:10,721 - AdaPoinTr - INFO - [Epoch 19/600][Batch 1201/1311] BatchTime = 0.664 (s) DataTime = 0.001 (s) Losses = ['6.0819', '45.5038'] lr = 0.000091
2025-03-25 15:40:17,123 - AdaPoinTr - INFO - [Epoch 19/600][Batch 1301/1311] BatchTime = 0.664 (s) DataTime = 0.001 (s) Losses = ['6.5551', '51.3904'] lr = 0.000091
2025-03-25 15:40:23,804 - AdaPoinTr - INFO - [Training] EPOCH: 19 EpochTime = 871.025 (s) Losses = ['6.2753', '46.7624']
2025-03-25 15:40:23,805 - AdaPoinTr - INFO - [VALIDATION] Start validating epoch 19
2025-03-25 15:40:55,278 - AdaPoinTr - INFO - Test[1051/10518] Taxonomy = 02691156 Sample = c7749c0a8b61f43bc9b9e28055202e3d Losses = ['26.1755', '3.5198', '10.6797', '0.4109'] Metrics = ['0.5171', '10.6797', '0.4109', '0.0000']
2025-03-25 15:41:26,839 - AdaPoinTr - INFO - Test[2102/10518] Taxonomy = 03211117 Sample = ab2f9418c111cc6ddb965514105122a4 Losses = ['28.5032', '3.0079', '8.9930', '0.2705'] Metrics = ['0.5775', '8.9930', '0.2705', '0.0000']
2025-03-25 15:41:58,434 - AdaPoinTr - INFO - Test[3153/10518] Taxonomy = 02876657 Sample = c5032e4be091aabb36fe7a88df793982 Losses = ['48.8064', '9.7467', '21.9857', '3.1331'] Metrics = ['0.2788', '21.9857', '3.1331', '0.0000']
2025-03-25 15:42:30,027 - AdaPoinTr - INFO - Test[4204/10518] Taxonomy = 03211117 Sample = 722df1da5778d45b1e43523279c7f09f Losses = ['32.1379', '3.7998', '13.7715', '0.7378'] Metrics = ['0.3820', '13.7715', '0.7378', '0.0000']
2025-03-25 15:43:01,465 - AdaPoinTr - INFO - Test[5255/10518] Taxonomy = 02828884 Sample = 14b63361a48a9fffe4a048c146e8bd43 Losses = ['32.6337', '4.2337', '14.5570', '1.0025'] Metrics = ['0.3957', '14.5570', '1.0025', '0.0000']
2025-03-25 15:43:32,878 - AdaPoinTr - INFO - Test[6306/10518] Taxonomy = 03211117 Sample = d330d50a0255529d19ed6e1a590c9122 Losses = ['30.6204', '3.3845', '12.0751', '0.5176'] Metrics = ['0.4194', '12.0751', '0.5176', '0.0000']
2025-03-25 15:44:04,294 - AdaPoinTr - INFO - Test[7357/10518] Taxonomy = 04379243 Sample = b1ca280d9567270ade98d10ab5975b59 Losses = ['33.1533', '3.7507', '14.9141', '0.6365'] Metrics = ['0.2720', '14.9141', '0.6365', '0.0000']
2025-03-25 15:44:35,936 - AdaPoinTr - INFO - Test[8408/10518] Taxonomy = 03001627 Sample = 89208a619341d9fdb8c516ed5c4ce32 Losses = ['32.4846', '3.6712', '15.1405', '0.7513'] Metrics = ['0.2518', '15.1405', '0.7513', '0.0000']
2025-03-25 15:45:07,458 - AdaPoinTr - INFO - Test[9459/10518] Taxonomy = 03001627 Sample = d0255120e3351121c3bd24f986301745 Losses = ['36.9442', '4.9616', '18.1128', '1.1309'] Metrics = ['0.2017', '18.1128', '1.1309', '0.0000']
2025-03-25 15:45:38,948 - AdaPoinTr - INFO - Test[10510/10518] Taxonomy = 03636649 Sample = ea9ec4d9db2e06202471e6dd5ac3ef92 Losses = ['23.7156', '2.5611', '7.4511', '0.2082'] Metrics = ['0.7611', '7.4511', '0.2082', '0.0000']
2025-03-25 15:45:39,207 - AdaPoinTr - INFO - [Validation] EPOCH: 19  Metrics = ['0.3356', '16.2217', '1.2573', '0.0000']
2025-03-25 15:45:39,208 - AdaPoinTr - INFO - ============================ TEST RESULTS ============================
2025-03-25 15:45:39,208 - AdaPoinTr - INFO - Taxonomy	#Sample	F-Score	CDL1	CDL2	EMDistance	#ModelName	
2025-03-25 15:45:39,208 - AdaPoinTr - INFO - 03759954	14	0.529 	17.167 	2.261 	0.000 	microphone	
2025-03-25 15:45:39,208 - AdaPoinTr - INFO - 04330267	44	0.258 	16.864 	1.073 	0.000 	stove	
2025-03-25 15:45:39,208 - AdaPoinTr - INFO - 03261776	15	0.285 	21.052 	2.473 	0.000 	earphone	
2025-03-25 15:45:39,208 - AdaPoinTr - INFO - 03513137	33	0.187 	24.930 	3.480 	0.000 	helmet	
2025-03-25 15:45:39,208 - AdaPoinTr - INFO - 04460130	27	0.395 	15.502 	1.080 	0.000 	tower	
2025-03-25 15:45:39,208 - AdaPoinTr - INFO - 04468005	78	0.347 	14.166 	0.820 	0.000 	train	
2025-03-25 15:45:39,208 - AdaPoinTr - INFO - 03761084	31	0.207 	19.962 	1.740 	0.000 	microwaves	
2025-03-25 15:45:39,208 - AdaPoinTr - INFO - 04004475	34	0.229 	19.784 	1.825 	0.000 	printer	
2025-03-25 15:45:39,208 - AdaPoinTr - INFO - 03938244	20	0.275 	16.405 	1.070 	0.000 	pillow	
2025-03-25 15:45:39,208 - AdaPoinTr - INFO - 02992529	167	0.391 	12.090 	0.497 	0.000 	cellphone	
2025-03-25 15:45:39,208 - AdaPoinTr - INFO - 02808440	172	0.258 	17.106 	1.229 	0.000 	bathtub	
2025-03-25 15:45:39,208 - AdaPoinTr - INFO - 04530566	388	0.453 	12.623 	0.731 	0.000 	watercraft	
2025-03-25 15:45:39,208 - AdaPoinTr - INFO - 02871439	91	0.227 	18.090 	1.286 	0.000 	bookshelf	
2025-03-25 15:45:39,208 - AdaPoinTr - INFO - 03593526	120	0.234 	19.629 	1.646 	0.000 	jar	
2025-03-25 15:45:39,208 - AdaPoinTr - INFO - 04554684	34	0.206 	18.936 	1.342 	0.000 	washer	
2025-03-25 15:45:39,208 - AdaPoinTr - INFO - 03467517	160	0.768 	7.850 	0.288 	0.000 	guitar	
2025-03-25 15:45:39,208 - AdaPoinTr - INFO - 04401088	218	0.393 	12.202 	0.577 	0.000 	telephone	
2025-03-25 15:45:39,208 - AdaPoinTr - INFO - 02954340	12	0.255 	21.369 	3.009 	0.000 	cap	
2025-03-25 15:45:39,208 - AdaPoinTr - INFO - 02933112	315	0.223 	16.909 	1.007 	0.000 	cabinet	
2025-03-25 15:45:39,208 - AdaPoinTr - INFO - 03642806	92	0.356 	12.546 	0.546 	0.000 	laptop	
2025-03-25 15:45:39,208 - AdaPoinTr - INFO - 02924116	188	0.319 	14.026 	0.728 	0.000 	bus	
2025-03-25 15:45:39,208 - AdaPoinTr - INFO - 02946921	22	0.222 	18.672 	1.470 	0.000 	can	
2025-03-25 15:45:39,208 - AdaPoinTr - INFO - 02818832	47	0.255 	18.183 	1.458 	0.000 	bed	
2025-03-25 15:45:39,208 - AdaPoinTr - INFO - 04256520	635	0.259 	16.467 	0.991 	0.000 	sofa	
2025-03-25 15:45:39,208 - AdaPoinTr - INFO - 04379243	1687	0.363 	14.164 	0.950 	0.000 	table	
2025-03-25 15:45:39,208 - AdaPoinTr - INFO - 02747177	69	0.174 	20.125 	1.517 	0.000 	trash bin	
2025-03-25 15:45:39,208 - AdaPoinTr - INFO - 03046257	131	0.282 	16.775 	1.213 	0.000 	clock	
2025-03-25 15:45:39,208 - AdaPoinTr - INFO - 04225987	31	0.514 	10.759 	0.488 	0.000 	skateboard	
2025-03-25 15:45:39,208 - AdaPoinTr - INFO - 03797390	43	0.167 	21.799 	1.996 	0.000 	mug	
2025-03-25 15:45:39,208 - AdaPoinTr - INFO - 03001627	1356	0.331 	15.458 	1.042 	0.000 	chair	
2025-03-25 15:45:39,208 - AdaPoinTr - INFO - 03691459	320	0.228 	19.237 	1.608 	0.000 	loudspeaker	
2025-03-25 15:45:39,208 - AdaPoinTr - INFO - 02942699	23	0.214 	22.611 	2.575 	0.000 	camera	
2025-03-25 15:45:39,208 - AdaPoinTr - INFO - 03636649	464	0.480 	16.097 	1.862 	0.000 	lamp	
2025-03-25 15:45:39,208 - AdaPoinTr - INFO - 02691156	809	0.525 	10.960 	0.546 	0.000 	airplane	
2025-03-25 15:45:39,208 - AdaPoinTr - INFO - 02773838	17	0.314 	15.024 	0.960 	0.000 	bag	
2025-03-25 15:45:39,208 - AdaPoinTr - INFO - 02958343	703	0.196 	17.993 	1.104 	0.000 	car	
2025-03-25 15:45:39,208 - AdaPoinTr - INFO - 02880940	38	0.205 	18.753 	1.307 	0.000 	bowl	
2025-03-25 15:45:39,208 - AdaPoinTr - INFO - 04099429	17	0.687 	9.456 	0.499 	0.000 	rocket	
2025-03-25 15:45:39,208 - AdaPoinTr - INFO - 02828884	363	0.405 	12.830 	0.787 	0.000 	bench	
2025-03-25 15:45:39,208 - AdaPoinTr - INFO - 04090263	475	0.655 	9.692 	0.534 	0.000 	rifle	
2025-03-25 15:45:39,208 - AdaPoinTr - INFO - 03211117	219	0.321 	14.711 	0.881 	0.000 	display	
2025-03-25 15:45:39,208 - AdaPoinTr - INFO - 02876657	100	0.375 	14.138 	0.872 	0.000 	bottle	
2025-03-25 15:45:39,208 - AdaPoinTr - INFO - 03710193	19	0.492 	13.633 	1.071 	0.000 	mailbox	
2025-03-25 15:45:39,208 - AdaPoinTr - INFO - 03790512	68	0.232 	18.098 	1.241 	0.000 	motorbike	
2025-03-25 15:45:39,208 - AdaPoinTr - INFO - 03325088	149	0.414 	17.299 	1.924 	0.000 	faucet	
2025-03-25 15:45:39,208 - AdaPoinTr - INFO - 02801938	23	0.206 	18.392 	1.288 	0.000 	basket	
2025-03-25 15:45:39,208 - AdaPoinTr - INFO - 03337140	60	0.220 	17.791 	1.208 	0.000 	file cabinet	
2025-03-25 15:45:39,208 - AdaPoinTr - INFO - 02843684	15	0.211 	21.248 	2.005 	0.000 	birdhouse	
2025-03-25 15:45:39,208 - AdaPoinTr - INFO - 03624134	85	0.750 	8.094 	0.332 	0.000 	knife	
2025-03-25 15:45:39,208 - AdaPoinTr - INFO - 03991062	121	0.207 	21.973 	2.042 	0.000 	flowerpot	
2025-03-25 15:45:39,208 - AdaPoinTr - INFO - 03948459	62	0.435 	12.993 	0.757 	0.000 	pistol	
2025-03-25 15:45:39,208 - AdaPoinTr - INFO - 03928116	48	0.259 	18.243 	1.583 	0.000 	piano	
2025-03-25 15:45:39,209 - AdaPoinTr - INFO - 03207941	19	0.224 	17.188 	1.076 	0.000 	dishwasher	
2025-03-25 15:45:39,209 - AdaPoinTr - INFO - 04074963	14	0.418 	12.745 	0.696 	0.000 	remote	
2025-03-25 15:45:39,209 - AdaPoinTr - INFO - 03085013	13	0.424 	11.385 	0.558 	0.000 	keyboard	
2025-03-25 15:45:39,209 - AdaPoinTr - INFO - Overall		0.336 	16.222 	1.257 	0.000 	
2025-03-25 15:45:39,625 - AdaPoinTr - INFO - Save checkpoint at ./experiments/AdaPoinTr/ShapeNet55_models/AdaPoinTr_fog/ckpt-last.pth
2025-03-25 15:45:40,386 - AdaPoinTr - INFO - [Epoch 20/600][Batch 1/1311] BatchTime = 0.759 (s) DataTime = 0.082 (s) Losses = ['6.0706', '45.0823'] lr = 0.000090
2025-03-25 15:46:46,766 - AdaPoinTr - INFO - [Epoch 20/600][Batch 101/1311] BatchTime = 0.664 (s) DataTime = 0.001 (s) Losses = ['5.9259', '42.0774'] lr = 0.000090
2025-03-25 15:47:53,209 - AdaPoinTr - INFO - [Epoch 20/600][Batch 201/1311] BatchTime = 0.665 (s) DataTime = 0.001 (s) Losses = ['6.5456', '45.1532'] lr = 0.000090
2025-03-25 15:48:59,652 - AdaPoinTr - INFO - [Epoch 20/600][Batch 301/1311] BatchTime = 0.666 (s) DataTime = 0.001 (s) Losses = ['6.1262', '41.9123'] lr = 0.000090
2025-03-25 15:50:06,116 - AdaPoinTr - INFO - [Epoch 20/600][Batch 401/1311] BatchTime = 0.663 (s) DataTime = 0.001 (s) Losses = ['6.5905', '45.8329'] lr = 0.000090
2025-03-25 15:51:12,555 - AdaPoinTr - INFO - [Epoch 20/600][Batch 501/1311] BatchTime = 0.661 (s) DataTime = 0.001 (s) Losses = ['6.9940', '54.8393'] lr = 0.000090
2025-03-25 15:52:18,973 - AdaPoinTr - INFO - [Epoch 20/600][Batch 601/1311] BatchTime = 0.663 (s) DataTime = 0.001 (s) Losses = ['6.7223', '47.2414'] lr = 0.000090
2025-03-25 15:53:25,403 - AdaPoinTr - INFO - [Epoch 20/600][Batch 701/1311] BatchTime = 0.663 (s) DataTime = 0.001 (s) Losses = ['6.2717', '49.4681'] lr = 0.000090
2025-03-25 15:54:31,852 - AdaPoinTr - INFO - [Epoch 20/600][Batch 801/1311] BatchTime = 0.662 (s) DataTime = 0.001 (s) Losses = ['6.3938', '44.6142'] lr = 0.000090
2025-03-25 15:55:38,277 - AdaPoinTr - INFO - [Epoch 20/600][Batch 901/1311] BatchTime = 0.663 (s) DataTime = 0.001 (s) Losses = ['6.6278', '47.5734'] lr = 0.000090
2025-03-25 15:56:44,692 - AdaPoinTr - INFO - [Epoch 20/600][Batch 1001/1311] BatchTime = 0.663 (s) DataTime = 0.001 (s) Losses = ['5.9745', '46.6752'] lr = 0.000090
2025-03-25 15:57:51,105 - AdaPoinTr - INFO - [Epoch 20/600][Batch 1101/1311] BatchTime = 0.662 (s) DataTime = 0.001 (s) Losses = ['6.8505', '46.9013'] lr = 0.000090
2025-03-25 15:58:57,557 - AdaPoinTr - INFO - [Epoch 20/600][Batch 1201/1311] BatchTime = 0.666 (s) DataTime = 0.001 (s) Losses = ['5.9286', '43.3642'] lr = 0.000090
2025-03-25 16:00:03,981 - AdaPoinTr - INFO - [Epoch 20/600][Batch 1301/1311] BatchTime = 0.664 (s) DataTime = 0.001 (s) Losses = ['6.6928', '46.8629'] lr = 0.000090
2025-03-25 16:00:10,648 - AdaPoinTr - INFO - [Training] EPOCH: 20 EpochTime = 871.021 (s) Losses = ['6.2539', '46.6309']
2025-03-25 16:00:10,648 - AdaPoinTr - INFO - [VALIDATION] Start validating epoch 20
2025-03-25 16:00:42,165 - AdaPoinTr - INFO - Test[1051/10518] Taxonomy = 02691156 Sample = c7749c0a8b61f43bc9b9e28055202e3d Losses = ['22.9258', '2.1710', '10.3882', '0.3665'] Metrics = ['0.5176', '10.3882', '0.3665', '0.0000']
2025-03-25 16:01:13,668 - AdaPoinTr - INFO - Test[2102/10518] Taxonomy = 03211117 Sample = ab2f9418c111cc6ddb965514105122a4 Losses = ['26.7060', '2.5617', '8.4013', '0.2123'] Metrics = ['0.6067', '8.4013', '0.2123', '0.0000']
2025-03-25 16:01:45,295 - AdaPoinTr - INFO - Test[3153/10518] Taxonomy = 02876657 Sample = c5032e4be091aabb36fe7a88df793982 Losses = ['49.6315', '10.5611', '25.2645', '3.1151'] Metrics = ['0.2353', '25.2645', '3.1151', '0.0000']
2025-03-25 16:02:16,882 - AdaPoinTr - INFO - Test[4204/10518] Taxonomy = 03211117 Sample = 722df1da5778d45b1e43523279c7f09f Losses = ['31.5333', '3.8599', '14.1913', '0.8258'] Metrics = ['0.3850', '14.1913', '0.8258', '0.0000']
2025-03-25 16:02:48,430 - AdaPoinTr - INFO - Test[5255/10518] Taxonomy = 02828884 Sample = 14b63361a48a9fffe4a048c146e8bd43 Losses = ['34.0549', '4.2838', '16.9174', '1.4181'] Metrics = ['0.3830', '16.9174', '1.4181', '0.0000']
2025-03-25 16:03:20,023 - AdaPoinTr - INFO - Test[6306/10518] Taxonomy = 03211117 Sample = d330d50a0255529d19ed6e1a590c9122 Losses = ['34.2752', '4.8559', '14.6830', '1.0124'] Metrics = ['0.4179', '14.6830', '1.0124', '0.0000']
2025-03-25 16:03:51,336 - AdaPoinTr - INFO - Test[7357/10518] Taxonomy = 04379243 Sample = b1ca280d9567270ade98d10ab5975b59 Losses = ['34.4750', '4.1781', '14.8941', '0.6311'] Metrics = ['0.2570', '14.8941', '0.6311', '0.0000']
2025-03-25 16:04:22,624 - AdaPoinTr - INFO - Test[8408/10518] Taxonomy = 03001627 Sample = 89208a619341d9fdb8c516ed5c4ce32 Losses = ['31.3947', '3.6027', '13.6584', '0.5593'] Metrics = ['0.2961', '13.6584', '0.5593', '0.0000']
2025-03-25 16:04:54,067 - AdaPoinTr - INFO - Test[9459/10518] Taxonomy = 03001627 Sample = d0255120e3351121c3bd24f986301745 Losses = ['49.4017', '9.8829', '29.9089', '4.4427'] Metrics = ['0.1635', '29.9089', '4.4427', '0.0000']
2025-03-25 16:05:25,483 - AdaPoinTr - INFO - Test[10510/10518] Taxonomy = 03636649 Sample = ea9ec4d9db2e06202471e6dd5ac3ef92 Losses = ['28.8120', '3.4335', '10.6973', '0.6473'] Metrics = ['0.6881', '10.6973', '0.6473', '0.0000']
2025-03-25 16:05:25,762 - AdaPoinTr - INFO - [Validation] EPOCH: 20  Metrics = ['0.3381', '16.0860', '1.2276', '0.0000']
2025-03-25 16:05:25,762 - AdaPoinTr - INFO - ============================ TEST RESULTS ============================
2025-03-25 16:05:25,763 - AdaPoinTr - INFO - Taxonomy	#Sample	F-Score	CDL1	CDL2	EMDistance	#ModelName	
2025-03-25 16:05:25,763 - AdaPoinTr - INFO - 03759954	14	0.504 	17.575 	2.464 	0.000 	microphone	
2025-03-25 16:05:25,763 - AdaPoinTr - INFO - 04330267	44	0.264 	17.311 	1.209 	0.000 	stove	
2025-03-25 16:05:25,763 - AdaPoinTr - INFO - 03261776	15	0.278 	20.180 	2.762 	0.000 	earphone	
2025-03-25 16:05:25,763 - AdaPoinTr - INFO - 03513137	33	0.186 	23.516 	2.982 	0.000 	helmet	
2025-03-25 16:05:25,763 - AdaPoinTr - INFO - 04460130	27	0.386 	15.198 	0.963 	0.000 	tower	
2025-03-25 16:05:25,763 - AdaPoinTr - INFO - 04468005	78	0.352 	14.155 	0.831 	0.000 	train	
2025-03-25 16:05:25,763 - AdaPoinTr - INFO - 03761084	31	0.221 	17.757 	1.143 	0.000 	microwaves	
2025-03-25 16:05:25,763 - AdaPoinTr - INFO - 04004475	34	0.248 	18.323 	1.560 	0.000 	printer	
2025-03-25 16:05:25,763 - AdaPoinTr - INFO - 03938244	20	0.273 	17.883 	1.509 	0.000 	pillow	
2025-03-25 16:05:25,763 - AdaPoinTr - INFO - 02992529	167	0.395 	12.053 	0.517 	0.000 	cellphone	
2025-03-25 16:05:25,763 - AdaPoinTr - INFO - 02808440	172	0.266 	16.957 	1.243 	0.000 	bathtub	
2025-03-25 16:05:25,763 - AdaPoinTr - INFO - 04530566	388	0.459 	12.687 	0.736 	0.000 	watercraft	
2025-03-25 16:05:25,763 - AdaPoinTr - INFO - 02871439	91	0.231 	17.939 	1.273 	0.000 	bookshelf	
2025-03-25 16:05:25,763 - AdaPoinTr - INFO - 03593526	120	0.234 	19.746 	1.639 	0.000 	jar	
2025-03-25 16:05:25,763 - AdaPoinTr - INFO - 04554684	34	0.209 	19.949 	1.716 	0.000 	washer	
2025-03-25 16:05:25,763 - AdaPoinTr - INFO - 03467517	160	0.756 	7.858 	0.277 	0.000 	guitar	
2025-03-25 16:05:25,763 - AdaPoinTr - INFO - 04401088	218	0.400 	11.999 	0.526 	0.000 	telephone	
2025-03-25 16:05:25,763 - AdaPoinTr - INFO - 02954340	12	0.273 	18.254 	1.611 	0.000 	cap	
2025-03-25 16:05:25,763 - AdaPoinTr - INFO - 02933112	315	0.229 	16.626 	0.954 	0.000 	cabinet	
2025-03-25 16:05:25,763 - AdaPoinTr - INFO - 03642806	92	0.351 	12.544 	0.538 	0.000 	laptop	
2025-03-25 16:05:25,763 - AdaPoinTr - INFO - 02924116	188	0.331 	13.867 	0.683 	0.000 	bus	
2025-03-25 16:05:25,763 - AdaPoinTr - INFO - 02946921	22	0.223 	18.052 	1.339 	0.000 	can	
2025-03-25 16:05:25,763 - AdaPoinTr - INFO - 02818832	47	0.263 	18.833 	1.719 	0.000 	bed	
2025-03-25 16:05:25,763 - AdaPoinTr - INFO - 04256520	635	0.277 	15.905 	0.961 	0.000 	sofa	
2025-03-25 16:05:25,763 - AdaPoinTr - INFO - 04379243	1687	0.363 	14.275 	1.002 	0.000 	table	
2025-03-25 16:05:25,763 - AdaPoinTr - INFO - 02747177	69	0.179 	19.865 	1.464 	0.000 	trash bin	
2025-03-25 16:05:25,763 - AdaPoinTr - INFO - 03046257	131	0.287 	16.675 	1.187 	0.000 	clock	
2025-03-25 16:05:25,763 - AdaPoinTr - INFO - 04225987	31	0.505 	10.747 	0.445 	0.000 	skateboard	
2025-03-25 16:05:25,763 - AdaPoinTr - INFO - 03797390	43	0.165 	21.639 	1.760 	0.000 	mug	
2025-03-25 16:05:25,763 - AdaPoinTr - INFO - 03001627	1356	0.336 	15.616 	1.119 	0.000 	chair	
2025-03-25 16:05:25,763 - AdaPoinTr - INFO - 03691459	320	0.235 	18.703 	1.453 	0.000 	loudspeaker	
2025-03-25 16:05:25,763 - AdaPoinTr - INFO - 02942699	23	0.210 	23.089 	2.605 	0.000 	camera	
2025-03-25 16:05:25,763 - AdaPoinTr - INFO - 03636649	464	0.484 	15.730 	1.774 	0.000 	lamp	
2025-03-25 16:05:25,763 - AdaPoinTr - INFO - 02691156	809	0.530 	10.893 	0.526 	0.000 	airplane	
2025-03-25 16:05:25,763 - AdaPoinTr - INFO - 02773838	17	0.329 	15.155 	1.070 	0.000 	bag	
2025-03-25 16:05:25,763 - AdaPoinTr - INFO - 02958343	703	0.202 	17.929 	1.085 	0.000 	car	
2025-03-25 16:05:25,763 - AdaPoinTr - INFO - 02880940	38	0.203 	18.458 	1.234 	0.000 	bowl	
2025-03-25 16:05:25,763 - AdaPoinTr - INFO - 04099429	17	0.669 	9.702 	0.503 	0.000 	rocket	
2025-03-25 16:05:25,763 - AdaPoinTr - INFO - 02828884	363	0.413 	12.330 	0.653 	0.000 	bench	
2025-03-25 16:05:25,763 - AdaPoinTr - INFO - 04090263	475	0.659 	9.683 	0.505 	0.000 	rifle	
2025-03-25 16:05:25,763 - AdaPoinTr - INFO - 03211117	219	0.327 	14.762 	0.922 	0.000 	display	
2025-03-25 16:05:25,763 - AdaPoinTr - INFO - 02876657	100	0.377 	13.893 	0.793 	0.000 	bottle	
2025-03-25 16:05:25,763 - AdaPoinTr - INFO - 03710193	19	0.502 	13.231 	0.898 	0.000 	mailbox	
2025-03-25 16:05:25,763 - AdaPoinTr - INFO - 03790512	68	0.229 	18.649 	1.406 	0.000 	motorbike	
2025-03-25 16:05:25,763 - AdaPoinTr - INFO - 03325088	149	0.414 	18.116 	2.204 	0.000 	faucet	
2025-03-25 16:05:25,763 - AdaPoinTr - INFO - 02801938	23	0.207 	18.634 	1.430 	0.000 	basket	
2025-03-25 16:05:25,763 - AdaPoinTr - INFO - 03337140	60	0.227 	17.435 	1.120 	0.000 	file cabinet	
2025-03-25 16:05:25,764 - AdaPoinTr - INFO - 02843684	15	0.198 	22.307 	2.130 	0.000 	birdhouse	
2025-03-25 16:05:25,764 - AdaPoinTr - INFO - 03624134	85	0.722 	8.584 	0.353 	0.000 	knife	
2025-03-25 16:05:25,764 - AdaPoinTr - INFO - 03991062	121	0.208 	21.730 	2.006 	0.000 	flowerpot	
2025-03-25 16:05:25,764 - AdaPoinTr - INFO - 03948459	62	0.442 	13.519 	0.940 	0.000 	pistol	
2025-03-25 16:05:25,764 - AdaPoinTr - INFO - 03928116	48	0.266 	18.249 	1.602 	0.000 	piano	
2025-03-25 16:05:25,764 - AdaPoinTr - INFO - 03207941	19	0.230 	17.889 	1.371 	0.000 	dishwasher	
2025-03-25 16:05:25,764 - AdaPoinTr - INFO - 04074963	14	0.433 	11.492 	0.446 	0.000 	remote	
2025-03-25 16:05:25,764 - AdaPoinTr - INFO - 03085013	13	0.432 	10.586 	0.358 	0.000 	keyboard	
2025-03-25 16:05:25,764 - AdaPoinTr - INFO - Overall		0.338 	16.086 	1.228 	0.000 	
2025-03-25 16:05:26,231 - AdaPoinTr - INFO - Save checkpoint at ./experiments/AdaPoinTr/ShapeNet55_models/AdaPoinTr_fog/ckpt-last.pth
2025-03-25 16:05:26,988 - AdaPoinTr - INFO - [Epoch 21/600][Batch 1/1311] BatchTime = 0.756 (s) DataTime = 0.083 (s) Losses = ['6.8406', '48.6494'] lr = 0.000090
2025-03-25 16:06:33,328 - AdaPoinTr - INFO - [Epoch 21/600][Batch 101/1311] BatchTime = 0.665 (s) DataTime = 0.001 (s) Losses = ['6.5929', '48.1114'] lr = 0.000090
2025-03-25 16:07:39,755 - AdaPoinTr - INFO - [Epoch 21/600][Batch 201/1311] BatchTime = 0.665 (s) DataTime = 0.001 (s) Losses = ['6.5526', '47.7597'] lr = 0.000090
2025-03-25 16:08:46,197 - AdaPoinTr - INFO - [Epoch 21/600][Batch 301/1311] BatchTime = 0.666 (s) DataTime = 0.001 (s) Losses = ['6.0338', '46.4360'] lr = 0.000090
2025-03-25 16:09:52,618 - AdaPoinTr - INFO - [Epoch 21/600][Batch 401/1311] BatchTime = 0.662 (s) DataTime = 0.001 (s) Losses = ['6.7090', '48.9610'] lr = 0.000090
2025-03-25 16:10:59,065 - AdaPoinTr - INFO - [Epoch 21/600][Batch 501/1311] BatchTime = 0.664 (s) DataTime = 0.001 (s) Losses = ['6.4611', '47.8663'] lr = 0.000090
2025-03-25 16:12:05,491 - AdaPoinTr - INFO - [Epoch 21/600][Batch 601/1311] BatchTime = 0.662 (s) DataTime = 0.001 (s) Losses = ['6.3926', '44.7438'] lr = 0.000090
2025-03-25 16:13:11,932 - AdaPoinTr - INFO - [Epoch 21/600][Batch 701/1311] BatchTime = 0.668 (s) DataTime = 0.001 (s) Losses = ['5.8090', '44.3155'] lr = 0.000090
2025-03-25 16:14:18,363 - AdaPoinTr - INFO - [Epoch 21/600][Batch 801/1311] BatchTime = 0.665 (s) DataTime = 0.001 (s) Losses = ['6.4158', '49.2863'] lr = 0.000090
2025-03-25 16:15:24,791 - AdaPoinTr - INFO - [Epoch 21/600][Batch 901/1311] BatchTime = 0.661 (s) DataTime = 0.001 (s) Losses = ['6.0422', '42.8243'] lr = 0.000090
2025-03-25 16:16:31,221 - AdaPoinTr - INFO - [Epoch 21/600][Batch 1001/1311] BatchTime = 0.665 (s) DataTime = 0.001 (s) Losses = ['6.3302', '45.5440'] lr = 0.000090
2025-03-25 16:17:37,659 - AdaPoinTr - INFO - [Epoch 21/600][Batch 1101/1311] BatchTime = 0.667 (s) DataTime = 0.001 (s) Losses = ['7.0197', '51.3255'] lr = 0.000090
2025-03-25 16:18:44,091 - AdaPoinTr - INFO - [Epoch 21/600][Batch 1201/1311] BatchTime = 0.665 (s) DataTime = 0.001 (s) Losses = ['5.8307', '44.3626'] lr = 0.000090
2025-03-25 16:19:50,532 - AdaPoinTr - INFO - [Epoch 21/600][Batch 1301/1311] BatchTime = 0.663 (s) DataTime = 0.001 (s) Losses = ['5.9113', '48.4681'] lr = 0.000090
2025-03-25 16:19:57,197 - AdaPoinTr - INFO - [Training] EPOCH: 21 EpochTime = 870.964 (s) Losses = ['6.2485', '46.5155']
2025-03-25 16:19:57,197 - AdaPoinTr - INFO - [VALIDATION] Start validating epoch 21
2025-03-25 16:20:28,809 - AdaPoinTr - INFO - Test[1051/10518] Taxonomy = 02691156 Sample = c7749c0a8b61f43bc9b9e28055202e3d Losses = ['29.8485', '3.7420', '14.8585', '1.1761'] Metrics = ['0.4180', '14.8585', '1.1761', '0.0000']
2025-03-25 16:21:00,246 - AdaPoinTr - INFO - Test[2102/10518] Taxonomy = 03211117 Sample = ab2f9418c111cc6ddb965514105122a4 Losses = ['26.2369', '2.6201', '8.3612', '0.2228'] Metrics = ['0.6186', '8.3612', '0.2228', '0.0000']
2025-03-25 16:21:31,919 - AdaPoinTr - INFO - Test[3153/10518] Taxonomy = 02876657 Sample = c5032e4be091aabb36fe7a88df793982 Losses = ['41.9363', '6.6904', '18.6980', '1.4716'] Metrics = ['0.2672', '18.6980', '1.4716', '0.0000']
2025-03-25 16:22:03,536 - AdaPoinTr - INFO - Test[4204/10518] Taxonomy = 03211117 Sample = 722df1da5778d45b1e43523279c7f09f Losses = ['38.7669', '6.2783', '18.3917', '2.2296'] Metrics = ['0.3483', '18.3917', '2.2296', '0.0000']
2025-03-25 16:22:35,015 - AdaPoinTr - INFO - Test[5255/10518] Taxonomy = 02828884 Sample = 14b63361a48a9fffe4a048c146e8bd43 Losses = ['30.0428', '3.2207', '15.4463', '1.0972'] Metrics = ['0.3900', '15.4463', '1.0972', '0.0000']
2025-03-25 16:23:06,528 - AdaPoinTr - INFO - Test[6306/10518] Taxonomy = 03211117 Sample = d330d50a0255529d19ed6e1a590c9122 Losses = ['27.2144', '2.5734', '11.3789', '0.3975'] Metrics = ['0.4191', '11.3789', '0.3975', '0.0000']
2025-03-25 16:23:37,930 - AdaPoinTr - INFO - Test[7357/10518] Taxonomy = 04379243 Sample = b1ca280d9567270ade98d10ab5975b59 Losses = ['44.4254', '8.3986', '16.6505', '1.0985'] Metrics = ['0.2560', '16.6505', '1.0985', '0.0000']
2025-03-25 16:24:09,224 - AdaPoinTr - INFO - Test[8408/10518] Taxonomy = 03001627 Sample = 89208a619341d9fdb8c516ed5c4ce32 Losses = ['37.1247', '5.4731', '18.0635', '1.2440'] Metrics = ['0.2307', '18.0635', '1.2440', '0.0000']
2025-03-25 16:24:40,845 - AdaPoinTr - INFO - Test[9459/10518] Taxonomy = 03001627 Sample = d0255120e3351121c3bd24f986301745 Losses = ['37.2860', '5.2332', '20.8694', '1.9910'] Metrics = ['0.2109', '20.8694', '1.9910', '0.0000']
2025-03-25 16:25:12,408 - AdaPoinTr - INFO - Test[10510/10518] Taxonomy = 03636649 Sample = ea9ec4d9db2e06202471e6dd5ac3ef92 Losses = ['30.9869', '4.5888', '8.2707', '0.2778'] Metrics = ['0.7291', '8.2707', '0.2778', '0.0000']
2025-03-25 16:25:12,670 - AdaPoinTr - INFO - [Validation] EPOCH: 21  Metrics = ['0.3338', '16.2894', '1.2424', '0.0000']
2025-03-25 16:25:12,670 - AdaPoinTr - INFO - ============================ TEST RESULTS ============================
2025-03-25 16:25:12,670 - AdaPoinTr - INFO - Taxonomy	#Sample	F-Score	CDL1	CDL2	EMDistance	#ModelName	
2025-03-25 16:25:12,670 - AdaPoinTr - INFO - 03759954	14	0.481 	19.071 	2.976 	0.000 	microphone	
2025-03-25 16:25:12,670 - AdaPoinTr - INFO - 04330267	44	0.255 	17.588 	1.201 	0.000 	stove	
2025-03-25 16:25:12,670 - AdaPoinTr - INFO - 03261776	15	0.283 	20.277 	2.331 	0.000 	earphone	
2025-03-25 16:25:12,670 - AdaPoinTr - INFO - 03513137	33	0.188 	23.668 	2.745 	0.000 	helmet	
2025-03-25 16:25:12,670 - AdaPoinTr - INFO - 04460130	27	0.384 	15.387 	1.018 	0.000 	tower	
2025-03-25 16:25:12,670 - AdaPoinTr - INFO - 04468005	78	0.352 	13.944 	0.742 	0.000 	train	
2025-03-25 16:25:12,670 - AdaPoinTr - INFO - 03761084	31	0.219 	17.921 	1.168 	0.000 	microwaves	
2025-03-25 16:25:12,670 - AdaPoinTr - INFO - 04004475	34	0.244 	18.938 	1.859 	0.000 	printer	
2025-03-25 16:25:12,670 - AdaPoinTr - INFO - 03938244	20	0.287 	16.434 	1.053 	0.000 	pillow	
2025-03-25 16:25:12,670 - AdaPoinTr - INFO - 02992529	167	0.378 	12.992 	0.631 	0.000 	cellphone	
2025-03-25 16:25:12,670 - AdaPoinTr - INFO - 02808440	172	0.265 	16.826 	1.189 	0.000 	bathtub	
2025-03-25 16:25:12,671 - AdaPoinTr - INFO - 04530566	388	0.455 	12.702 	0.742 	0.000 	watercraft	
2025-03-25 16:25:12,671 - AdaPoinTr - INFO - 02871439	91	0.228 	18.399 	1.323 	0.000 	bookshelf	
2025-03-25 16:25:12,671 - AdaPoinTr - INFO - 03593526	120	0.229 	20.235 	1.780 	0.000 	jar	
2025-03-25 16:25:12,671 - AdaPoinTr - INFO - 04554684	34	0.203 	19.906 	1.599 	0.000 	washer	
2025-03-25 16:25:12,671 - AdaPoinTr - INFO - 03467517	160	0.741 	8.414 	0.351 	0.000 	guitar	
2025-03-25 16:25:12,671 - AdaPoinTr - INFO - 04401088	218	0.384 	12.698 	0.598 	0.000 	telephone	
2025-03-25 16:25:12,671 - AdaPoinTr - INFO - 02954340	12	0.259 	18.841 	1.634 	0.000 	cap	
2025-03-25 16:25:12,671 - AdaPoinTr - INFO - 02933112	315	0.224 	17.048 	0.987 	0.000 	cabinet	
2025-03-25 16:25:12,671 - AdaPoinTr - INFO - 03642806	92	0.355 	12.442 	0.527 	0.000 	laptop	
2025-03-25 16:25:12,671 - AdaPoinTr - INFO - 02924116	188	0.332 	13.830 	0.691 	0.000 	bus	
2025-03-25 16:25:12,671 - AdaPoinTr - INFO - 02946921	22	0.213 	18.302 	1.268 	0.000 	can	
2025-03-25 16:25:12,671 - AdaPoinTr - INFO - 02818832	47	0.261 	18.354 	1.564 	0.000 	bed	
2025-03-25 16:25:12,671 - AdaPoinTr - INFO - 04256520	635	0.274 	15.933 	0.938 	0.000 	sofa	
2025-03-25 16:25:12,671 - AdaPoinTr - INFO - 04379243	1687	0.364 	14.172 	0.964 	0.000 	table	
2025-03-25 16:25:12,671 - AdaPoinTr - INFO - 02747177	69	0.170 	20.971 	1.783 	0.000 	trash bin	
2025-03-25 16:25:12,671 - AdaPoinTr - INFO - 03046257	131	0.286 	16.737 	1.176 	0.000 	clock	
2025-03-25 16:25:12,671 - AdaPoinTr - INFO - 04225987	31	0.520 	10.904 	0.516 	0.000 	skateboard	
2025-03-25 16:25:12,671 - AdaPoinTr - INFO - 03797390	43	0.167 	21.563 	1.838 	0.000 	mug	
2025-03-25 16:25:12,671 - AdaPoinTr - INFO - 03001627	1356	0.332 	15.605 	1.102 	0.000 	chair	
2025-03-25 16:25:12,671 - AdaPoinTr - INFO - 03691459	320	0.228 	19.475 	1.578 	0.000 	loudspeaker	
2025-03-25 16:25:12,671 - AdaPoinTr - INFO - 02942699	23	0.218 	22.694 	2.616 	0.000 	camera	
2025-03-25 16:25:12,671 - AdaPoinTr - INFO - 03636649	464	0.478 	16.219 	1.848 	0.000 	lamp	
2025-03-25 16:25:12,671 - AdaPoinTr - INFO - 02691156	809	0.527 	10.958 	0.528 	0.000 	airplane	
2025-03-25 16:25:12,671 - AdaPoinTr - INFO - 02773838	17	0.324 	14.417 	0.761 	0.000 	bag	
2025-03-25 16:25:12,671 - AdaPoinTr - INFO - 02958343	703	0.202 	17.991 	1.107 	0.000 	car	
2025-03-25 16:25:12,671 - AdaPoinTr - INFO - 02880940	38	0.203 	18.038 	1.075 	0.000 	bowl	
2025-03-25 16:25:12,671 - AdaPoinTr - INFO - 04099429	17	0.663 	9.938 	0.485 	0.000 	rocket	
2025-03-25 16:25:12,671 - AdaPoinTr - INFO - 02828884	363	0.412 	12.448 	0.684 	0.000 	bench	
2025-03-25 16:25:12,671 - AdaPoinTr - INFO - 04090263	475	0.656 	9.611 	0.494 	0.000 	rifle	
2025-03-25 16:25:12,671 - AdaPoinTr - INFO - 03211117	219	0.319 	14.944 	0.947 	0.000 	display	
2025-03-25 16:25:12,671 - AdaPoinTr - INFO - 02876657	100	0.357 	14.710 	0.906 	0.000 	bottle	
2025-03-25 16:25:12,671 - AdaPoinTr - INFO - 03710193	19	0.470 	16.878 	2.019 	0.000 	mailbox	
2025-03-25 16:25:12,671 - AdaPoinTr - INFO - 03790512	68	0.233 	18.436 	1.267 	0.000 	motorbike	
2025-03-25 16:25:12,671 - AdaPoinTr - INFO - 03325088	149	0.415 	17.871 	2.059 	0.000 	faucet	
2025-03-25 16:25:12,671 - AdaPoinTr - INFO - 02801938	23	0.208 	19.057 	1.539 	0.000 	basket	
2025-03-25 16:25:12,671 - AdaPoinTr - INFO - 03337140	60	0.219 	18.624 	1.412 	0.000 	file cabinet	
2025-03-25 16:25:12,671 - AdaPoinTr - INFO - 02843684	15	0.214 	20.869 	1.804 	0.000 	birdhouse	
2025-03-25 16:25:12,671 - AdaPoinTr - INFO - 03624134	85	0.715 	8.821 	0.404 	0.000 	knife	
2025-03-25 16:25:12,671 - AdaPoinTr - INFO - 03991062	121	0.207 	22.023 	2.059 	0.000 	flowerpot	
2025-03-25 16:25:12,671 - AdaPoinTr - INFO - 03948459	62	0.439 	12.810 	0.715 	0.000 	pistol	
2025-03-25 16:25:12,671 - AdaPoinTr - INFO - 03928116	48	0.266 	18.234 	1.728 	0.000 	piano	
2025-03-25 16:25:12,671 - AdaPoinTr - INFO - 03207941	19	0.215 	17.199 	1.007 	0.000 	dishwasher	
2025-03-25 16:25:12,671 - AdaPoinTr - INFO - 04074963	14	0.405 	12.796 	0.614 	0.000 	remote	
2025-03-25 16:25:12,671 - AdaPoinTr - INFO - 03085013	13	0.438 	10.754 	0.384 	0.000 	keyboard	
2025-03-25 16:25:12,671 - AdaPoinTr - INFO - Overall		0.334 	16.289 	1.242 	0.000 	
2025-03-25 16:25:13,134 - AdaPoinTr - INFO - Save checkpoint at ./experiments/AdaPoinTr/ShapeNet55_models/AdaPoinTr_fog/ckpt-last.pth
2025-03-25 16:25:13,895 - AdaPoinTr - INFO - [Epoch 22/600][Batch 1/1311] BatchTime = 0.759 (s) DataTime = 0.085 (s) Losses = ['6.1964', '48.2309'] lr = 0.000090
2025-03-25 16:26:20,256 - AdaPoinTr - INFO - [Epoch 22/600][Batch 101/1311] BatchTime = 0.665 (s) DataTime = 0.001 (s) Losses = ['5.7583', '47.7161'] lr = 0.000090
2025-03-25 16:27:26,712 - AdaPoinTr - INFO - [Epoch 22/600][Batch 201/1311] BatchTime = 0.664 (s) DataTime = 0.001 (s) Losses = ['5.8588', '45.6681'] lr = 0.000090
2025-03-25 16:28:33,144 - AdaPoinTr - INFO - [Epoch 22/600][Batch 301/1311] BatchTime = 0.665 (s) DataTime = 0.001 (s) Losses = ['6.3786', '46.5061'] lr = 0.000090
2025-03-25 16:29:39,537 - AdaPoinTr - INFO - [Epoch 22/600][Batch 401/1311] BatchTime = 0.664 (s) DataTime = 0.001 (s) Losses = ['6.4836', '47.5759'] lr = 0.000090
2025-03-25 16:30:45,969 - AdaPoinTr - INFO - [Epoch 22/600][Batch 501/1311] BatchTime = 0.669 (s) DataTime = 0.001 (s) Losses = ['6.4052', '47.2197'] lr = 0.000090
2025-03-25 16:31:52,409 - AdaPoinTr - INFO - [Epoch 22/600][Batch 601/1311] BatchTime = 0.663 (s) DataTime = 0.001 (s) Losses = ['7.1007', '55.1214'] lr = 0.000090
2025-03-25 16:32:58,878 - AdaPoinTr - INFO - [Epoch 22/600][Batch 701/1311] BatchTime = 0.664 (s) DataTime = 0.001 (s) Losses = ['6.6067', '46.2439'] lr = 0.000090
2025-03-25 16:34:05,322 - AdaPoinTr - INFO - [Epoch 22/600][Batch 801/1311] BatchTime = 0.667 (s) DataTime = 0.001 (s) Losses = ['6.3816', '47.7339'] lr = 0.000090
2025-03-25 16:35:11,758 - AdaPoinTr - INFO - [Epoch 22/600][Batch 901/1311] BatchTime = 0.664 (s) DataTime = 0.001 (s) Losses = ['5.6088', '41.6080'] lr = 0.000090
2025-03-25 16:36:18,180 - AdaPoinTr - INFO - [Epoch 22/600][Batch 1001/1311] BatchTime = 0.662 (s) DataTime = 0.001 (s) Losses = ['6.1205', '44.6686'] lr = 0.000090
2025-03-25 16:37:24,632 - AdaPoinTr - INFO - [Epoch 22/600][Batch 1101/1311] BatchTime = 0.666 (s) DataTime = 0.001 (s) Losses = ['6.6494', '48.7707'] lr = 0.000090
2025-03-25 16:38:31,106 - AdaPoinTr - INFO - [Epoch 22/600][Batch 1201/1311] BatchTime = 0.667 (s) DataTime = 0.001 (s) Losses = ['5.7523', '46.4676'] lr = 0.000090
2025-03-25 16:39:37,549 - AdaPoinTr - INFO - [Epoch 22/600][Batch 1301/1311] BatchTime = 0.666 (s) DataTime = 0.001 (s) Losses = ['6.0960', '44.5350'] lr = 0.000090
2025-03-25 16:39:44,223 - AdaPoinTr - INFO - [Training] EPOCH: 22 EpochTime = 871.087 (s) Losses = ['6.2203', '46.3382']
2025-03-25 16:39:44,223 - AdaPoinTr - INFO - [VALIDATION] Start validating epoch 22
2025-03-25 16:40:15,655 - AdaPoinTr - INFO - Test[1051/10518] Taxonomy = 02691156 Sample = c7749c0a8b61f43bc9b9e28055202e3d Losses = ['26.1224', '3.1186', '13.5382', '1.0641'] Metrics = ['0.4855', '13.5382', '1.0641', '0.0000']
2025-03-25 16:40:47,233 - AdaPoinTr - INFO - Test[2102/10518] Taxonomy = 03211117 Sample = ab2f9418c111cc6ddb965514105122a4 Losses = ['23.8562', '2.0746', '9.4847', '0.3653'] Metrics = ['0.6028', '9.4847', '0.3653', '0.0000']
2025-03-25 16:41:18,896 - AdaPoinTr - INFO - Test[3153/10518] Taxonomy = 02876657 Sample = c5032e4be091aabb36fe7a88df793982 Losses = ['76.6979', '22.4339', '41.3238', '7.8165'] Metrics = ['0.1857', '41.3238', '7.8165', '0.0000']
2025-03-25 16:41:50,368 - AdaPoinTr - INFO - Test[4204/10518] Taxonomy = 03211117 Sample = 722df1da5778d45b1e43523279c7f09f Losses = ['30.9909', '4.0020', '12.9358', '0.6392'] Metrics = ['0.3987', '12.9358', '0.6392', '0.0000']
2025-03-25 16:42:21,801 - AdaPoinTr - INFO - Test[5255/10518] Taxonomy = 02828884 Sample = 14b63361a48a9fffe4a048c146e8bd43 Losses = ['34.1694', '4.4363', '16.8517', '1.4642'] Metrics = ['0.3834', '16.8517', '1.4642', '0.0000']
2025-03-25 16:42:53,300 - AdaPoinTr - INFO - Test[6306/10518] Taxonomy = 03211117 Sample = d330d50a0255529d19ed6e1a590c9122 Losses = ['27.6538', '2.7094', '12.8745', '0.5847'] Metrics = ['0.3727', '12.8745', '0.5847', '0.0000']
2025-03-25 16:43:24,711 - AdaPoinTr - INFO - Test[7357/10518] Taxonomy = 04379243 Sample = b1ca280d9567270ade98d10ab5975b59 Losses = ['33.5529', '4.1364', '15.1525', '0.7100'] Metrics = ['0.2720', '15.1525', '0.7100', '0.0000']
2025-03-25 16:43:56,018 - AdaPoinTr - INFO - Test[8408/10518] Taxonomy = 03001627 Sample = 89208a619341d9fdb8c516ed5c4ce32 Losses = ['35.8123', '4.7087', '14.1216', '0.6041'] Metrics = ['0.2699', '14.1216', '0.6041', '0.0000']
2025-03-25 16:44:27,426 - AdaPoinTr - INFO - Test[9459/10518] Taxonomy = 03001627 Sample = d0255120e3351121c3bd24f986301745 Losses = ['41.1454', '6.4655', '23.9542', '2.5820'] Metrics = ['0.1947', '23.9543', '2.5820', '0.0000']
2025-03-25 16:44:58,873 - AdaPoinTr - INFO - Test[10510/10518] Taxonomy = 03636649 Sample = ea9ec4d9db2e06202471e6dd5ac3ef92 Losses = ['27.3992', '3.4803', '14.4933', '1.2912'] Metrics = ['0.5912', '14.4933', '1.2912', '0.0000']
2025-03-25 16:44:59,134 - AdaPoinTr - INFO - [Validation] EPOCH: 22  Metrics = ['0.3429', '16.0165', '1.2315', '0.0000']
2025-03-25 16:44:59,134 - AdaPoinTr - INFO - ============================ TEST RESULTS ============================
2025-03-25 16:44:59,134 - AdaPoinTr - INFO - Taxonomy	#Sample	F-Score	CDL1	CDL2	EMDistance	#ModelName	
2025-03-25 16:44:59,134 - AdaPoinTr - INFO - 03759954	14	0.500 	17.925 	2.661 	0.000 	microphone	
2025-03-25 16:44:59,134 - AdaPoinTr - INFO - 04330267	44	0.263 	17.867 	1.433 	0.000 	stove	
2025-03-25 16:44:59,134 - AdaPoinTr - INFO - 03261776	15	0.296 	22.071 	3.944 	0.000 	earphone	
2025-03-25 16:44:59,134 - AdaPoinTr - INFO - 03513137	33	0.191 	22.312 	2.425 	0.000 	helmet	
2025-03-25 16:44:59,134 - AdaPoinTr - INFO - 04460130	27	0.399 	15.188 	1.019 	0.000 	tower	
2025-03-25 16:44:59,134 - AdaPoinTr - INFO - 04468005	78	0.362 	14.014 	0.802 	0.000 	train	
2025-03-25 16:44:59,134 - AdaPoinTr - INFO - 03761084	31	0.226 	17.900 	1.204 	0.000 	microwaves	
2025-03-25 16:44:59,134 - AdaPoinTr - INFO - 04004475	34	0.243 	19.641 	1.873 	0.000 	printer	
2025-03-25 16:44:59,134 - AdaPoinTr - INFO - 03938244	20	0.282 	16.107 	0.995 	0.000 	pillow	
2025-03-25 16:44:59,134 - AdaPoinTr - INFO - 02992529	167	0.401 	11.832 	0.472 	0.000 	cellphone	
2025-03-25 16:44:59,134 - AdaPoinTr - INFO - 02808440	172	0.275 	16.269 	1.065 	0.000 	bathtub	
2025-03-25 16:44:59,134 - AdaPoinTr - INFO - 04530566	388	0.468 	12.560 	0.729 	0.000 	watercraft	
2025-03-25 16:44:59,134 - AdaPoinTr - INFO - 02871439	91	0.233 	18.222 	1.370 	0.000 	bookshelf	
2025-03-25 16:44:59,134 - AdaPoinTr - INFO - 03593526	120	0.243 	19.684 	1.759 	0.000 	jar	
2025-03-25 16:44:59,134 - AdaPoinTr - INFO - 04554684	34	0.206 	19.104 	1.359 	0.000 	washer	
2025-03-25 16:44:59,134 - AdaPoinTr - INFO - 03467517	160	0.776 	7.605 	0.263 	0.000 	guitar	
2025-03-25 16:44:59,134 - AdaPoinTr - INFO - 04401088	218	0.400 	11.943 	0.516 	0.000 	telephone	
2025-03-25 16:44:59,134 - AdaPoinTr - INFO - 02954340	12	0.255 	20.339 	2.044 	0.000 	cap	
2025-03-25 16:44:59,134 - AdaPoinTr - INFO - 02933112	315	0.230 	16.630 	0.967 	0.000 	cabinet	
2025-03-25 16:44:59,134 - AdaPoinTr - INFO - 03642806	92	0.362 	13.288 	0.739 	0.000 	laptop	
2025-03-25 16:44:59,134 - AdaPoinTr - INFO - 02924116	188	0.336 	13.767 	0.684 	0.000 	bus	
2025-03-25 16:44:59,135 - AdaPoinTr - INFO - 02946921	22	0.221 	18.218 	1.332 	0.000 	can	
2025-03-25 16:44:59,135 - AdaPoinTr - INFO - 02818832	47	0.268 	18.282 	1.505 	0.000 	bed	
2025-03-25 16:44:59,135 - AdaPoinTr - INFO - 04256520	635	0.278 	15.800 	0.937 	0.000 	sofa	
2025-03-25 16:44:59,135 - AdaPoinTr - INFO - 04379243	1687	0.371 	14.067 	0.958 	0.000 	table	
2025-03-25 16:44:59,135 - AdaPoinTr - INFO - 02747177	69	0.179 	19.774 	1.500 	0.000 	trash bin	
2025-03-25 16:44:59,135 - AdaPoinTr - INFO - 03046257	131	0.289 	16.390 	1.149 	0.000 	clock	
2025-03-25 16:44:59,135 - AdaPoinTr - INFO - 04225987	31	0.521 	10.861 	0.509 	0.000 	skateboard	
2025-03-25 16:44:59,135 - AdaPoinTr - INFO - 03797390	43	0.172 	20.936 	1.648 	0.000 	mug	
2025-03-25 16:44:59,135 - AdaPoinTr - INFO - 03001627	1356	0.344 	15.211 	1.037 	0.000 	chair	
2025-03-25 16:44:59,135 - AdaPoinTr - INFO - 03691459	320	0.233 	19.294 	1.568 	0.000 	loudspeaker	
2025-03-25 16:44:59,135 - AdaPoinTr - INFO - 02942699	23	0.221 	21.447 	2.464 	0.000 	camera	
2025-03-25 16:44:59,135 - AdaPoinTr - INFO - 03636649	464	0.498 	14.817 	1.454 	0.000 	lamp	
2025-03-25 16:44:59,135 - AdaPoinTr - INFO - 02691156	809	0.542 	10.609 	0.480 	0.000 	airplane	
2025-03-25 16:44:59,135 - AdaPoinTr - INFO - 02773838	17	0.320 	15.041 	0.947 	0.000 	bag	
2025-03-25 16:44:59,135 - AdaPoinTr - INFO - 02958343	703	0.211 	17.563 	1.039 	0.000 	car	
2025-03-25 16:44:59,135 - AdaPoinTr - INFO - 02880940	38	0.210 	18.435 	1.210 	0.000 	bowl	
2025-03-25 16:44:59,135 - AdaPoinTr - INFO - 04099429	17	0.670 	9.760 	0.491 	0.000 	rocket	
2025-03-25 16:44:59,135 - AdaPoinTr - INFO - 02828884	363	0.418 	12.321 	0.683 	0.000 	bench	
2025-03-25 16:44:59,135 - AdaPoinTr - INFO - 04090263	475	0.669 	9.513 	0.478 	0.000 	rifle	
2025-03-25 16:44:59,135 - AdaPoinTr - INFO - 03211117	219	0.329 	14.635 	0.921 	0.000 	display	
2025-03-25 16:44:59,135 - AdaPoinTr - INFO - 02876657	100	0.377 	14.054 	0.872 	0.000 	bottle	
2025-03-25 16:44:59,135 - AdaPoinTr - INFO - 03710193	19	0.510 	13.440 	1.005 	0.000 	mailbox	
2025-03-25 16:44:59,135 - AdaPoinTr - INFO - 03790512	68	0.243 	18.272 	1.336 	0.000 	motorbike	
2025-03-25 16:44:59,135 - AdaPoinTr - INFO - 03325088	149	0.421 	17.848 	2.145 	0.000 	faucet	
2025-03-25 16:44:59,135 - AdaPoinTr - INFO - 02801938	23	0.210 	19.385 	1.602 	0.000 	basket	
2025-03-25 16:44:59,135 - AdaPoinTr - INFO - 03337140	60	0.225 	17.824 	1.197 	0.000 	file cabinet	
2025-03-25 16:44:59,135 - AdaPoinTr - INFO - 02843684	15	0.215 	21.073 	1.859 	0.000 	birdhouse	
2025-03-25 16:44:59,135 - AdaPoinTr - INFO - 03624134	85	0.746 	8.074 	0.300 	0.000 	knife	
2025-03-25 16:44:59,135 - AdaPoinTr - INFO - 03991062	121	0.214 	21.522 	2.056 	0.000 	flowerpot	
2025-03-25 16:44:59,135 - AdaPoinTr - INFO - 03948459	62	0.447 	12.753 	0.698 	0.000 	pistol	
2025-03-25 16:44:59,135 - AdaPoinTr - INFO - 03928116	48	0.270 	18.468 	1.737 	0.000 	piano	
2025-03-25 16:44:59,135 - AdaPoinTr - INFO - 03207941	19	0.220 	17.755 	1.285 	0.000 	dishwasher	
2025-03-25 16:44:59,135 - AdaPoinTr - INFO - 04074963	14	0.415 	12.481 	0.624 	0.000 	remote	
2025-03-25 16:44:59,135 - AdaPoinTr - INFO - 03085013	13	0.437 	10.716 	0.384 	0.000 	keyboard	
2025-03-25 16:44:59,135 - AdaPoinTr - INFO - Overall		0.343 	16.017 	1.232 	0.000 	
2025-03-25 16:44:59,600 - AdaPoinTr - INFO - Save checkpoint at ./experiments/AdaPoinTr/ShapeNet55_models/AdaPoinTr_fog/ckpt-last.pth
2025-03-25 16:45:00,358 - AdaPoinTr - INFO - [Epoch 23/600][Batch 1/1311] BatchTime = 0.757 (s) DataTime = 0.083 (s) Losses = ['6.2578', '44.9298'] lr = 0.000089
2025-03-25 16:46:06,754 - AdaPoinTr - INFO - [Epoch 23/600][Batch 101/1311] BatchTime = 0.666 (s) DataTime = 0.001 (s) Losses = ['6.1324', '46.8340'] lr = 0.000089
2025-03-25 16:47:13,203 - AdaPoinTr - INFO - [Epoch 23/600][Batch 201/1311] BatchTime = 0.664 (s) DataTime = 0.001 (s) Losses = ['6.3097', '44.2583'] lr = 0.000089
2025-03-25 16:48:19,649 - AdaPoinTr - INFO - [Epoch 23/600][Batch 301/1311] BatchTime = 0.663 (s) DataTime = 0.001 (s) Losses = ['6.4046', '46.6259'] lr = 0.000089
2025-03-25 16:49:26,118 - AdaPoinTr - INFO - [Epoch 23/600][Batch 401/1311] BatchTime = 0.666 (s) DataTime = 0.001 (s) Losses = ['6.4390', '49.7152'] lr = 0.000089
2025-03-25 16:50:32,580 - AdaPoinTr - INFO - [Epoch 23/600][Batch 501/1311] BatchTime = 0.663 (s) DataTime = 0.001 (s) Losses = ['5.8061', '47.4720'] lr = 0.000089
2025-03-25 16:51:39,005 - AdaPoinTr - INFO - [Epoch 23/600][Batch 601/1311] BatchTime = 0.663 (s) DataTime = 0.001 (s) Losses = ['5.8587', '42.4624'] lr = 0.000089
2025-03-25 16:52:45,428 - AdaPoinTr - INFO - [Epoch 23/600][Batch 701/1311] BatchTime = 0.663 (s) DataTime = 0.001 (s) Losses = ['5.8292', '44.8261'] lr = 0.000089
2025-03-25 16:53:51,889 - AdaPoinTr - INFO - [Epoch 23/600][Batch 801/1311] BatchTime = 0.664 (s) DataTime = 0.001 (s) Losses = ['6.1501', '44.7029'] lr = 0.000089
2025-03-25 16:54:58,330 - AdaPoinTr - INFO - [Epoch 23/600][Batch 901/1311] BatchTime = 0.668 (s) DataTime = 0.001 (s) Losses = ['6.0796', '42.7478'] lr = 0.000089
2025-03-25 16:56:04,792 - AdaPoinTr - INFO - [Epoch 23/600][Batch 1001/1311] BatchTime = 0.667 (s) DataTime = 0.001 (s) Losses = ['6.2670', '47.2586'] lr = 0.000089
2025-03-25 16:57:11,239 - AdaPoinTr - INFO - [Epoch 23/600][Batch 1101/1311] BatchTime = 0.665 (s) DataTime = 0.001 (s) Losses = ['6.0537', '47.8700'] lr = 0.000089
2025-03-25 16:58:17,655 - AdaPoinTr - INFO - [Epoch 23/600][Batch 1201/1311] BatchTime = 0.663 (s) DataTime = 0.001 (s) Losses = ['6.5276', '49.3366'] lr = 0.000089
2025-03-25 16:59:24,075 - AdaPoinTr - INFO - [Epoch 23/600][Batch 1301/1311] BatchTime = 0.666 (s) DataTime = 0.001 (s) Losses = ['6.5774', '46.8042'] lr = 0.000089
2025-03-25 16:59:30,748 - AdaPoinTr - INFO - [Training] EPOCH: 23 EpochTime = 871.146 (s) Losses = ['6.2023', '46.2831']
2025-03-25 16:59:30,748 - AdaPoinTr - INFO - [VALIDATION] Start validating epoch 23
2025-03-25 17:00:02,232 - AdaPoinTr - INFO - Test[1051/10518] Taxonomy = 02691156 Sample = c7749c0a8b61f43bc9b9e28055202e3d Losses = ['26.9789', '2.9907', '11.1992', '0.4532'] Metrics = ['0.4869', '11.1992', '0.4532', '0.0000']
2025-03-25 17:00:33,601 - AdaPoinTr - INFO - Test[2102/10518] Taxonomy = 03211117 Sample = ab2f9418c111cc6ddb965514105122a4 Losses = ['29.5577', '3.4865', '9.3856', '0.3268'] Metrics = ['0.5789', '9.3856', '0.3268', '0.0000']
2025-03-25 17:01:05,009 - AdaPoinTr - INFO - Test[3153/10518] Taxonomy = 02876657 Sample = c5032e4be091aabb36fe7a88df793982 Losses = ['43.9658', '8.0981', '20.5027', '1.7946'] Metrics = ['0.2494', '20.5027', '1.7946', '0.0000']
2025-03-25 17:01:36,401 - AdaPoinTr - INFO - Test[4204/10518] Taxonomy = 03211117 Sample = 722df1da5778d45b1e43523279c7f09f Losses = ['42.0583', '6.4946', '19.1128', '2.1648'] Metrics = ['0.3221', '19.1128', '2.1648', '0.0000']
2025-03-25 17:02:07,570 - AdaPoinTr - INFO - Test[5255/10518] Taxonomy = 02828884 Sample = 14b63361a48a9fffe4a048c146e8bd43 Losses = ['35.3730', '4.7592', '19.7907', '2.1111'] Metrics = ['0.3654', '19.7907', '2.1111', '0.0000']
2025-03-25 17:02:38,922 - AdaPoinTr - INFO - Test[6306/10518] Taxonomy = 03211117 Sample = d330d50a0255529d19ed6e1a590c9122 Losses = ['27.8799', '2.9358', '11.3662', '0.4392'] Metrics = ['0.4521', '11.3662', '0.4392', '0.0000']
2025-03-25 17:03:10,353 - AdaPoinTr - INFO - Test[7357/10518] Taxonomy = 04379243 Sample = b1ca280d9567270ade98d10ab5975b59 Losses = ['34.2209', '4.3646', '15.4330', '0.6771'] Metrics = ['0.2347', '15.4330', '0.6771', '0.0000']
2025-03-25 17:03:41,629 - AdaPoinTr - INFO - Test[8408/10518] Taxonomy = 03001627 Sample = 89208a619341d9fdb8c516ed5c4ce32 Losses = ['30.2138', '3.1605', '13.8713', '0.5678'] Metrics = ['0.2906', '13.8713', '0.5678', '0.0000']
2025-03-25 17:04:12,997 - AdaPoinTr - INFO - Test[9459/10518] Taxonomy = 03001627 Sample = d0255120e3351121c3bd24f986301745 Losses = ['35.9226', '4.4703', '18.1553', '1.1091'] Metrics = ['0.2031', '18.1553', '1.1091', '0.0000']
2025-03-25 17:04:44,405 - AdaPoinTr - INFO - Test[10510/10518] Taxonomy = 03636649 Sample = ea9ec4d9db2e06202471e6dd5ac3ef92 Losses = ['22.9055', '2.3900', '9.5045', '0.5263'] Metrics = ['0.7324', '9.5045', '0.5263', '0.0000']
2025-03-25 17:04:44,663 - AdaPoinTr - INFO - [Validation] EPOCH: 23  Metrics = ['0.3390', '16.0206', '1.2116', '0.0000']
2025-03-25 17:04:44,663 - AdaPoinTr - INFO - ============================ TEST RESULTS ============================
2025-03-25 17:04:44,663 - AdaPoinTr - INFO - Taxonomy	#Sample	F-Score	CDL1	CDL2	EMDistance	#ModelName	
2025-03-25 17:04:44,663 - AdaPoinTr - INFO - 03759954	14	0.515 	18.149 	3.339 	0.000 	microphone	
2025-03-25 17:04:44,663 - AdaPoinTr - INFO - 04330267	44	0.262 	17.939 	1.388 	0.000 	stove	
2025-03-25 17:04:44,663 - AdaPoinTr - INFO - 03261776	15	0.289 	19.704 	2.172 	0.000 	earphone	
2025-03-25 17:04:44,663 - AdaPoinTr - INFO - 03513137	33	0.187 	24.576 	3.067 	0.000 	helmet	
2025-03-25 17:04:44,663 - AdaPoinTr - INFO - 04460130	27	0.395 	15.848 	1.221 	0.000 	tower	
2025-03-25 17:04:44,663 - AdaPoinTr - INFO - 04468005	78	0.355 	14.257 	0.895 	0.000 	train	
2025-03-25 17:04:44,663 - AdaPoinTr - INFO - 03761084	31	0.226 	17.955 	1.260 	0.000 	microwaves	
2025-03-25 17:04:44,663 - AdaPoinTr - INFO - 04004475	34	0.246 	18.028 	1.381 	0.000 	printer	
2025-03-25 17:04:44,663 - AdaPoinTr - INFO - 03938244	20	0.288 	15.850 	1.014 	0.000 	pillow	
2025-03-25 17:04:44,663 - AdaPoinTr - INFO - 02992529	167	0.395 	12.160 	0.504 	0.000 	cellphone	
2025-03-25 17:04:44,663 - AdaPoinTr - INFO - 02808440	172	0.267 	17.018 	1.184 	0.000 	bathtub	
2025-03-25 17:04:44,664 - AdaPoinTr - INFO - 04530566	388	0.460 	12.518 	0.689 	0.000 	watercraft	
2025-03-25 17:04:44,664 - AdaPoinTr - INFO - 02871439	91	0.230 	18.234 	1.317 	0.000 	bookshelf	
2025-03-25 17:04:44,664 - AdaPoinTr - INFO - 03593526	120	0.233 	20.200 	1.801 	0.000 	jar	
2025-03-25 17:04:44,664 - AdaPoinTr - INFO - 04554684	34	0.211 	19.583 	1.806 	0.000 	washer	
2025-03-25 17:04:44,664 - AdaPoinTr - INFO - 03467517	160	0.772 	7.917 	0.324 	0.000 	guitar	
2025-03-25 17:04:44,664 - AdaPoinTr - INFO - 04401088	218	0.401 	11.964 	0.512 	0.000 	telephone	
2025-03-25 17:04:44,664 - AdaPoinTr - INFO - 02954340	12	0.261 	16.264 	1.011 	0.000 	cap	
2025-03-25 17:04:44,664 - AdaPoinTr - INFO - 02933112	315	0.229 	16.705 	0.979 	0.000 	cabinet	
2025-03-25 17:04:44,664 - AdaPoinTr - INFO - 03642806	92	0.359 	12.740 	0.610 	0.000 	laptop	
2025-03-25 17:04:44,664 - AdaPoinTr - INFO - 02924116	188	0.331 	13.744 	0.684 	0.000 	bus	
2025-03-25 17:04:44,664 - AdaPoinTr - INFO - 02946921	22	0.230 	17.416 	1.371 	0.000 	can	
2025-03-25 17:04:44,664 - AdaPoinTr - INFO - 02818832	47	0.265 	18.376 	1.565 	0.000 	bed	
2025-03-25 17:04:44,664 - AdaPoinTr - INFO - 04256520	635	0.277 	15.922 	0.961 	0.000 	sofa	
2025-03-25 17:04:44,664 - AdaPoinTr - INFO - 04379243	1687	0.357 	14.226 	0.922 	0.000 	table	
2025-03-25 17:04:44,664 - AdaPoinTr - INFO - 02747177	69	0.175 	19.867 	1.451 	0.000 	trash bin	
2025-03-25 17:04:44,664 - AdaPoinTr - INFO - 03046257	131	0.286 	16.450 	1.098 	0.000 	clock	
2025-03-25 17:04:44,664 - AdaPoinTr - INFO - 04225987	31	0.506 	11.415 	0.633 	0.000 	skateboard	
2025-03-25 17:04:44,664 - AdaPoinTr - INFO - 03797390	43	0.168 	21.000 	1.703 	0.000 	mug	
2025-03-25 17:04:44,664 - AdaPoinTr - INFO - 03001627	1356	0.340 	15.292 	1.035 	0.000 	chair	
2025-03-25 17:04:44,664 - AdaPoinTr - INFO - 03691459	320	0.234 	19.020 	1.532 	0.000 	loudspeaker	
2025-03-25 17:04:44,664 - AdaPoinTr - INFO - 02942699	23	0.216 	22.807 	2.502 	0.000 	camera	
2025-03-25 17:04:44,664 - AdaPoinTr - INFO - 03636649	464	0.485 	15.519 	1.613 	0.000 	lamp	
2025-03-25 17:04:44,664 - AdaPoinTr - INFO - 02691156	809	0.527 	10.874 	0.508 	0.000 	airplane	
2025-03-25 17:04:44,664 - AdaPoinTr - INFO - 02773838	17	0.328 	14.644 	0.827 	0.000 	bag	
2025-03-25 17:04:44,664 - AdaPoinTr - INFO - 02958343	703	0.203 	17.849 	1.096 	0.000 	car	
2025-03-25 17:04:44,664 - AdaPoinTr - INFO - 02880940	38	0.193 	18.899 	1.310 	0.000 	bowl	
2025-03-25 17:04:44,664 - AdaPoinTr - INFO - 04099429	17	0.661 	10.091 	0.565 	0.000 	rocket	
2025-03-25 17:04:44,664 - AdaPoinTr - INFO - 02828884	363	0.408 	12.690 	0.734 	0.000 	bench	
2025-03-25 17:04:44,664 - AdaPoinTr - INFO - 04090263	475	0.662 	9.598 	0.494 	0.000 	rifle	
2025-03-25 17:04:44,664 - AdaPoinTr - INFO - 03211117	219	0.326 	15.290 	1.076 	0.000 	display	
2025-03-25 17:04:44,664 - AdaPoinTr - INFO - 02876657	100	0.378 	14.341 	0.905 	0.000 	bottle	
2025-03-25 17:04:44,664 - AdaPoinTr - INFO - 03710193	19	0.505 	13.683 	1.081 	0.000 	mailbox	
2025-03-25 17:04:44,664 - AdaPoinTr - INFO - 03790512	68	0.235 	18.537 	1.399 	0.000 	motorbike	
2025-03-25 17:04:44,664 - AdaPoinTr - INFO - 03325088	149	0.412 	17.164 	1.780 	0.000 	faucet	
2025-03-25 17:04:44,664 - AdaPoinTr - INFO - 02801938	23	0.207 	18.933 	1.456 	0.000 	basket	
2025-03-25 17:04:44,664 - AdaPoinTr - INFO - 03337140	60	0.225 	17.714 	1.231 	0.000 	file cabinet	
2025-03-25 17:04:44,664 - AdaPoinTr - INFO - 02843684	15	0.212 	20.956 	1.941 	0.000 	birdhouse	
2025-03-25 17:04:44,664 - AdaPoinTr - INFO - 03624134	85	0.733 	8.338 	0.344 	0.000 	knife	
2025-03-25 17:04:44,664 - AdaPoinTr - INFO - 03991062	121	0.211 	21.583 	1.975 	0.000 	flowerpot	
2025-03-25 17:04:44,664 - AdaPoinTr - INFO - 03948459	62	0.435 	13.136 	0.810 	0.000 	pistol	
2025-03-25 17:04:44,664 - AdaPoinTr - INFO - 03928116	48	0.265 	18.355 	1.609 	0.000 	piano	
2025-03-25 17:04:44,664 - AdaPoinTr - INFO - 03207941	19	0.229 	17.064 	1.083 	0.000 	dishwasher	
2025-03-25 17:04:44,664 - AdaPoinTr - INFO - 04074963	14	0.425 	11.651 	0.459 	0.000 	remote	
2025-03-25 17:04:44,664 - AdaPoinTr - INFO - 03085013	13	0.419 	11.082 	0.408 	0.000 	keyboard	
2025-03-25 17:04:44,664 - AdaPoinTr - INFO - Overall		0.339 	16.021 	1.212 	0.000 	
2025-03-25 17:04:45,124 - AdaPoinTr - INFO - Save checkpoint at ./experiments/AdaPoinTr/ShapeNet55_models/AdaPoinTr_fog/ckpt-best.pth
2025-03-25 17:04:45,534 - AdaPoinTr - INFO - Save checkpoint at ./experiments/AdaPoinTr/ShapeNet55_models/AdaPoinTr_fog/ckpt-last.pth
2025-03-25 17:04:46,299 - AdaPoinTr - INFO - [Epoch 24/600][Batch 1/1311] BatchTime = 0.764 (s) DataTime = 0.087 (s) Losses = ['6.5030', '46.2535'] lr = 0.000089
2025-03-25 17:05:52,665 - AdaPoinTr - INFO - [Epoch 24/600][Batch 101/1311] BatchTime = 0.664 (s) DataTime = 0.001 (s) Losses = ['5.6834', '41.5115'] lr = 0.000089
2025-03-25 17:06:59,102 - AdaPoinTr - INFO - [Epoch 24/600][Batch 201/1311] BatchTime = 0.664 (s) DataTime = 0.001 (s) Losses = ['6.1701', '42.8366'] lr = 0.000089
2025-03-25 17:08:05,583 - AdaPoinTr - INFO - [Epoch 24/600][Batch 301/1311] BatchTime = 0.665 (s) DataTime = 0.001 (s) Losses = ['6.2455', '43.8898'] lr = 0.000089
2025-03-25 17:09:12,057 - AdaPoinTr - INFO - [Epoch 24/600][Batch 401/1311] BatchTime = 0.663 (s) DataTime = 0.001 (s) Losses = ['5.6944', '44.6933'] lr = 0.000089
2025-03-25 17:10:18,512 - AdaPoinTr - INFO - [Epoch 24/600][Batch 501/1311] BatchTime = 0.665 (s) DataTime = 0.001 (s) Losses = ['5.6400', '44.3721'] lr = 0.000089
2025-03-25 17:11:24,945 - AdaPoinTr - INFO - [Epoch 24/600][Batch 601/1311] BatchTime = 0.666 (s) DataTime = 0.001 (s) Losses = ['6.7872', '47.8671'] lr = 0.000089
2025-03-25 17:12:31,433 - AdaPoinTr - INFO - [Epoch 24/600][Batch 701/1311] BatchTime = 0.664 (s) DataTime = 0.001 (s) Losses = ['6.5711', '48.9236'] lr = 0.000089
2025-03-25 17:13:37,912 - AdaPoinTr - INFO - [Epoch 24/600][Batch 801/1311] BatchTime = 0.667 (s) DataTime = 0.001 (s) Losses = ['6.0909', '43.5878'] lr = 0.000089
2025-03-25 17:14:44,372 - AdaPoinTr - INFO - [Epoch 24/600][Batch 901/1311] BatchTime = 0.665 (s) DataTime = 0.001 (s) Losses = ['6.1937', '46.6301'] lr = 0.000089
2025-03-25 17:15:50,817 - AdaPoinTr - INFO - [Epoch 24/600][Batch 1001/1311] BatchTime = 0.665 (s) DataTime = 0.001 (s) Losses = ['6.1702', '45.6021'] lr = 0.000089
2025-03-25 17:16:57,268 - AdaPoinTr - INFO - [Epoch 24/600][Batch 1101/1311] BatchTime = 0.668 (s) DataTime = 0.001 (s) Losses = ['5.4873', '43.0013'] lr = 0.000089
2025-03-25 17:18:03,712 - AdaPoinTr - INFO - [Epoch 24/600][Batch 1201/1311] BatchTime = 0.664 (s) DataTime = 0.001 (s) Losses = ['6.4710', '47.9767'] lr = 0.000089
2025-03-25 17:19:10,198 - AdaPoinTr - INFO - [Epoch 24/600][Batch 1301/1311] BatchTime = 0.665 (s) DataTime = 0.001 (s) Losses = ['5.9614', '43.9089'] lr = 0.000089
2025-03-25 17:19:16,866 - AdaPoinTr - INFO - [Training] EPOCH: 24 EpochTime = 871.331 (s) Losses = ['6.1768', '46.0589']
2025-03-25 17:19:16,866 - AdaPoinTr - INFO - [VALIDATION] Start validating epoch 24
2025-03-25 17:19:48,501 - AdaPoinTr - INFO - Test[1051/10518] Taxonomy = 02691156 Sample = c7749c0a8b61f43bc9b9e28055202e3d Losses = ['29.9491', '4.0251', '14.6250', '0.9461'] Metrics = ['0.4074', '14.6250', '0.9461', '0.0000']
2025-03-25 17:20:20,007 - AdaPoinTr - INFO - Test[2102/10518] Taxonomy = 03211117 Sample = ab2f9418c111cc6ddb965514105122a4 Losses = ['28.7775', '3.5204', '8.7091', '0.3125'] Metrics = ['0.5984', '8.7091', '0.3125', '0.0000']
2025-03-25 17:20:51,391 - AdaPoinTr - INFO - Test[3153/10518] Taxonomy = 02876657 Sample = c5032e4be091aabb36fe7a88df793982 Losses = ['62.2370', '13.2413', '33.4839', '4.5672'] Metrics = ['0.1737', '33.4839', '4.5672', '0.0000']
2025-03-25 17:21:22,943 - AdaPoinTr - INFO - Test[4204/10518] Taxonomy = 03211117 Sample = 722df1da5778d45b1e43523279c7f09f Losses = ['30.3088', '3.6067', '15.9380', '1.1186'] Metrics = ['0.3597', '15.9380', '1.1186', '0.0000']
2025-03-25 17:21:54,543 - AdaPoinTr - INFO - Test[5255/10518] Taxonomy = 02828884 Sample = 14b63361a48a9fffe4a048c146e8bd43 Losses = ['33.9220', '4.2653', '15.2426', '1.0503'] Metrics = ['0.3828', '15.2426', '1.0503', '0.0000']
2025-03-25 17:22:26,118 - AdaPoinTr - INFO - Test[6306/10518] Taxonomy = 03211117 Sample = d330d50a0255529d19ed6e1a590c9122 Losses = ['26.1622', '2.5972', '12.2158', '0.4938'] Metrics = ['0.4054', '12.2158', '0.4938', '0.0000']
2025-03-25 17:22:57,591 - AdaPoinTr - INFO - Test[7357/10518] Taxonomy = 04379243 Sample = b1ca280d9567270ade98d10ab5975b59 Losses = ['37.9435', '6.0902', '16.2740', '0.9111'] Metrics = ['0.2550', '16.2740', '0.9111', '0.0000']
2025-03-25 17:23:29,155 - AdaPoinTr - INFO - Test[8408/10518] Taxonomy = 03001627 Sample = 89208a619341d9fdb8c516ed5c4ce32 Losses = ['30.8434', '3.3544', '14.3596', '0.6325'] Metrics = ['0.2613', '14.3596', '0.6325', '0.0000']
2025-03-25 17:24:00,585 - AdaPoinTr - INFO - Test[9459/10518] Taxonomy = 03001627 Sample = d0255120e3351121c3bd24f986301745 Losses = ['35.9312', '4.4929', '16.9460', '0.9622'] Metrics = ['0.2230', '16.9460', '0.9622', '0.0000']
2025-03-25 17:24:32,125 - AdaPoinTr - INFO - Test[10510/10518] Taxonomy = 03636649 Sample = ea9ec4d9db2e06202471e6dd5ac3ef92 Losses = ['21.6010', '2.0311', '7.2483', '0.1984'] Metrics = ['0.7812', '7.2483', '0.1984', '0.0000']
2025-03-25 17:24:32,385 - AdaPoinTr - INFO - [Validation] EPOCH: 24  Metrics = ['0.3427', '15.7658', '1.1562', '0.0000']
2025-03-25 17:24:32,385 - AdaPoinTr - INFO - ============================ TEST RESULTS ============================
2025-03-25 17:24:32,385 - AdaPoinTr - INFO - Taxonomy	#Sample	F-Score	CDL1	CDL2	EMDistance	#ModelName	
2025-03-25 17:24:32,385 - AdaPoinTr - INFO - 03759954	14	0.536 	16.276 	2.133 	0.000 	microphone	
2025-03-25 17:24:32,385 - AdaPoinTr - INFO - 04330267	44	0.268 	16.717 	1.066 	0.000 	stove	
2025-03-25 17:24:32,385 - AdaPoinTr - INFO - 03261776	15	0.270 	21.258 	2.730 	0.000 	earphone	
2025-03-25 17:24:32,385 - AdaPoinTr - INFO - 03513137	33	0.188 	23.541 	2.591 	0.000 	helmet	
2025-03-25 17:24:32,385 - AdaPoinTr - INFO - 04460130	27	0.390 	15.229 	0.982 	0.000 	tower	
2025-03-25 17:24:32,385 - AdaPoinTr - INFO - 04468005	78	0.366 	13.555 	0.734 	0.000 	train	
2025-03-25 17:24:32,385 - AdaPoinTr - INFO - 03761084	31	0.223 	18.871 	1.631 	0.000 	microwaves	
2025-03-25 17:24:32,385 - AdaPoinTr - INFO - 04004475	34	0.249 	18.588 	1.672 	0.000 	printer	
2025-03-25 17:24:32,385 - AdaPoinTr - INFO - 03938244	20	0.277 	17.122 	1.296 	0.000 	pillow	
2025-03-25 17:24:32,386 - AdaPoinTr - INFO - 02992529	167	0.394 	12.254 	0.550 	0.000 	cellphone	
2025-03-25 17:24:32,386 - AdaPoinTr - INFO - 02808440	172	0.272 	16.126 	1.027 	0.000 	bathtub	
2025-03-25 17:24:32,386 - AdaPoinTr - INFO - 04530566	388	0.468 	12.339 	0.691 	0.000 	watercraft	
2025-03-25 17:24:32,386 - AdaPoinTr - INFO - 02871439	91	0.235 	17.565 	1.189 	0.000 	bookshelf	
2025-03-25 17:24:32,386 - AdaPoinTr - INFO - 03593526	120	0.236 	19.107 	1.512 	0.000 	jar	
2025-03-25 17:24:32,386 - AdaPoinTr - INFO - 04554684	34	0.208 	19.017 	1.396 	0.000 	washer	
2025-03-25 17:24:32,386 - AdaPoinTr - INFO - 03467517	160	0.771 	7.732 	0.260 	0.000 	guitar	
2025-03-25 17:24:32,386 - AdaPoinTr - INFO - 04401088	218	0.395 	12.215 	0.553 	0.000 	telephone	
2025-03-25 17:24:32,386 - AdaPoinTr - INFO - 02954340	12	0.275 	16.853 	1.200 	0.000 	cap	
2025-03-25 17:24:32,386 - AdaPoinTr - INFO - 02933112	315	0.231 	16.469 	0.946 	0.000 	cabinet	
2025-03-25 17:24:32,386 - AdaPoinTr - INFO - 03642806	92	0.369 	12.209 	0.513 	0.000 	laptop	
2025-03-25 17:24:32,386 - AdaPoinTr - INFO - 02924116	188	0.340 	13.548 	0.675 	0.000 	bus	
2025-03-25 17:24:32,386 - AdaPoinTr - INFO - 02946921	22	0.228 	17.817 	1.286 	0.000 	can	
2025-03-25 17:24:32,386 - AdaPoinTr - INFO - 02818832	47	0.264 	17.713 	1.373 	0.000 	bed	
2025-03-25 17:24:32,386 - AdaPoinTr - INFO - 04256520	635	0.275 	15.710 	0.913 	0.000 	sofa	
2025-03-25 17:24:32,386 - AdaPoinTr - INFO - 04379243	1687	0.366 	14.165 	0.998 	0.000 	table	
2025-03-25 17:24:32,386 - AdaPoinTr - INFO - 02747177	69	0.181 	19.415 	1.390 	0.000 	trash bin	
2025-03-25 17:24:32,386 - AdaPoinTr - INFO - 03046257	131	0.291 	16.278 	1.094 	0.000 	clock	
2025-03-25 17:24:32,386 - AdaPoinTr - INFO - 04225987	31	0.533 	10.745 	0.539 	0.000 	skateboard	
2025-03-25 17:24:32,386 - AdaPoinTr - INFO - 03797390	43	0.175 	20.514 	1.549 	0.000 	mug	
2025-03-25 17:24:32,386 - AdaPoinTr - INFO - 03001627	1356	0.342 	15.129 	1.020 	0.000 	chair	
2025-03-25 17:24:32,386 - AdaPoinTr - INFO - 03691459	320	0.236 	18.936 	1.544 	0.000 	loudspeaker	
2025-03-25 17:24:32,386 - AdaPoinTr - INFO - 02942699	23	0.214 	23.296 	2.858 	0.000 	camera	
2025-03-25 17:24:32,386 - AdaPoinTr - INFO - 03636649	464	0.486 	15.960 	1.876 	0.000 	lamp	
2025-03-25 17:24:32,386 - AdaPoinTr - INFO - 02691156	809	0.538 	10.711 	0.512 	0.000 	airplane	
2025-03-25 17:24:32,386 - AdaPoinTr - INFO - 02773838	17	0.325 	14.820 	0.868 	0.000 	bag	
2025-03-25 17:24:32,386 - AdaPoinTr - INFO - 02958343	703	0.206 	17.565 	1.067 	0.000 	car	
2025-03-25 17:24:32,386 - AdaPoinTr - INFO - 02880940	38	0.207 	17.783 	1.060 	0.000 	bowl	
2025-03-25 17:24:32,386 - AdaPoinTr - INFO - 04099429	17	0.675 	10.010 	0.575 	0.000 	rocket	
2025-03-25 17:24:32,386 - AdaPoinTr - INFO - 02828884	363	0.418 	12.314 	0.682 	0.000 	bench	
2025-03-25 17:24:32,386 - AdaPoinTr - INFO - 04090263	475	0.662 	9.583 	0.515 	0.000 	rifle	
2025-03-25 17:24:32,386 - AdaPoinTr - INFO - 03211117	219	0.324 	14.843 	0.948 	0.000 	display	
2025-03-25 17:24:32,386 - AdaPoinTr - INFO - 02876657	100	0.384 	13.529 	0.755 	0.000 	bottle	
2025-03-25 17:24:32,386 - AdaPoinTr - INFO - 03710193	19	0.509 	12.101 	0.748 	0.000 	mailbox	
2025-03-25 17:24:32,386 - AdaPoinTr - INFO - 03790512	68	0.234 	18.352 	1.348 	0.000 	motorbike	
2025-03-25 17:24:32,386 - AdaPoinTr - INFO - 03325088	149	0.419 	17.215 	1.931 	0.000 	faucet	
2025-03-25 17:24:32,386 - AdaPoinTr - INFO - 02801938	23	0.214 	18.257 	1.292 	0.000 	basket	
2025-03-25 17:24:32,386 - AdaPoinTr - INFO - 03337140	60	0.228 	17.460 	1.158 	0.000 	file cabinet	
2025-03-25 17:24:32,386 - AdaPoinTr - INFO - 02843684	15	0.209 	21.514 	2.044 	0.000 	birdhouse	
2025-03-25 17:24:32,386 - AdaPoinTr - INFO - 03624134	85	0.726 	8.540 	0.372 	0.000 	knife	
2025-03-25 17:24:32,386 - AdaPoinTr - INFO - 03991062	121	0.213 	20.969 	1.844 	0.000 	flowerpot	
2025-03-25 17:24:32,386 - AdaPoinTr - INFO - 03948459	62	0.440 	12.936 	0.814 	0.000 	pistol	
2025-03-25 17:24:32,386 - AdaPoinTr - INFO - 03928116	48	0.271 	17.393 	1.396 	0.000 	piano	
2025-03-25 17:24:32,386 - AdaPoinTr - INFO - 03207941	19	0.229 	16.877 	1.053 	0.000 	dishwasher	
2025-03-25 17:24:32,386 - AdaPoinTr - INFO - 04074963	14	0.434 	11.313 	0.448 	0.000 	remote	
2025-03-25 17:24:32,386 - AdaPoinTr - INFO - 03085013	13	0.430 	10.760 	0.376 	0.000 	keyboard	
2025-03-25 17:24:32,386 - AdaPoinTr - INFO - Overall		0.343 	15.766 	1.156 	0.000 	
2025-03-25 17:24:32,853 - AdaPoinTr - INFO - Save checkpoint at ./experiments/AdaPoinTr/ShapeNet55_models/AdaPoinTr_fog/ckpt-best.pth
2025-03-25 17:24:33,277 - AdaPoinTr - INFO - Save checkpoint at ./experiments/AdaPoinTr/ShapeNet55_models/AdaPoinTr_fog/ckpt-last.pth
2025-03-25 17:24:34,040 - AdaPoinTr - INFO - [Epoch 25/600][Batch 1/1311] BatchTime = 0.762 (s) DataTime = 0.088 (s) Losses = ['6.0464', '42.9610'] lr = 0.000088
2025-03-25 17:25:40,426 - AdaPoinTr - INFO - [Epoch 25/600][Batch 101/1311] BatchTime = 0.664 (s) DataTime = 0.001 (s) Losses = ['5.8592', '41.7917'] lr = 0.000088
2025-03-25 17:26:46,869 - AdaPoinTr - INFO - [Epoch 25/600][Batch 201/1311] BatchTime = 0.662 (s) DataTime = 0.001 (s) Losses = ['5.5766', '43.2574'] lr = 0.000088
2025-03-25 17:27:53,297 - AdaPoinTr - INFO - [Epoch 25/600][Batch 301/1311] BatchTime = 0.665 (s) DataTime = 0.001 (s) Losses = ['5.5664', '42.8090'] lr = 0.000088
2025-03-25 17:28:59,757 - AdaPoinTr - INFO - [Epoch 25/600][Batch 401/1311] BatchTime = 0.663 (s) DataTime = 0.001 (s) Losses = ['6.2072', '46.5144'] lr = 0.000088
2025-03-25 17:30:06,193 - AdaPoinTr - INFO - [Epoch 25/600][Batch 501/1311] BatchTime = 0.665 (s) DataTime = 0.001 (s) Losses = ['6.2458', '43.1676'] lr = 0.000088
2025-03-25 17:31:12,651 - AdaPoinTr - INFO - [Epoch 25/600][Batch 601/1311] BatchTime = 0.664 (s) DataTime = 0.001 (s) Losses = ['6.1826', '46.7679'] lr = 0.000088
2025-03-25 17:32:19,099 - AdaPoinTr - INFO - [Epoch 25/600][Batch 701/1311] BatchTime = 0.666 (s) DataTime = 0.001 (s) Losses = ['6.0053', '44.7323'] lr = 0.000088
2025-03-25 17:33:25,556 - AdaPoinTr - INFO - [Epoch 25/600][Batch 801/1311] BatchTime = 0.666 (s) DataTime = 0.001 (s) Losses = ['6.4892', '46.4405'] lr = 0.000088
2025-03-25 17:34:32,018 - AdaPoinTr - INFO - [Epoch 25/600][Batch 901/1311] BatchTime = 0.663 (s) DataTime = 0.001 (s) Losses = ['6.0892', '44.6300'] lr = 0.000088
2025-03-25 17:35:38,511 - AdaPoinTr - INFO - [Epoch 25/600][Batch 1001/1311] BatchTime = 0.663 (s) DataTime = 0.001 (s) Losses = ['5.6778', '42.3787'] lr = 0.000088
2025-03-25 17:36:44,993 - AdaPoinTr - INFO - [Epoch 25/600][Batch 1101/1311] BatchTime = 0.666 (s) DataTime = 0.001 (s) Losses = ['6.0801', '45.0859'] lr = 0.000088
2025-03-25 17:37:51,439 - AdaPoinTr - INFO - [Epoch 25/600][Batch 1201/1311] BatchTime = 0.663 (s) DataTime = 0.001 (s) Losses = ['5.5311', '41.8175'] lr = 0.000088
2025-03-25 17:38:57,880 - AdaPoinTr - INFO - [Epoch 25/600][Batch 1301/1311] BatchTime = 0.662 (s) DataTime = 0.001 (s) Losses = ['6.4629', '48.9636'] lr = 0.000088
2025-03-25 17:39:04,562 - AdaPoinTr - INFO - [Training] EPOCH: 25 EpochTime = 871.284 (s) Losses = ['6.1631', '46.0416']
2025-03-25 17:39:04,563 - AdaPoinTr - INFO - [VALIDATION] Start validating epoch 25
2025-03-25 17:39:35,988 - AdaPoinTr - INFO - Test[1051/10518] Taxonomy = 02691156 Sample = c7749c0a8b61f43bc9b9e28055202e3d Losses = ['29.1277', '4.0708', '15.1942', '1.4837'] Metrics = ['0.4965', '15.1942', '1.4837', '0.0000']
2025-03-25 17:40:07,643 - AdaPoinTr - INFO - Test[2102/10518] Taxonomy = 03211117 Sample = ab2f9418c111cc6ddb965514105122a4 Losses = ['28.0623', '2.8867', '9.2609', '0.3079'] Metrics = ['0.5745', '9.2608', '0.3079', '0.0000']
2025-03-25 17:40:38,922 - AdaPoinTr - INFO - Test[3153/10518] Taxonomy = 02876657 Sample = c5032e4be091aabb36fe7a88df793982 Losses = ['49.9781', '9.7301', '22.2592', '1.9230'] Metrics = ['0.2336', '22.2592', '1.9230', '0.0000']
2025-03-25 17:41:10,227 - AdaPoinTr - INFO - Test[4204/10518] Taxonomy = 03211117 Sample = 722df1da5778d45b1e43523279c7f09f Losses = ['32.3624', '3.9115', '13.6432', '0.7380'] Metrics = ['0.3839', '13.6432', '0.7380', '0.0000']
2025-03-25 17:41:41,676 - AdaPoinTr - INFO - Test[5255/10518] Taxonomy = 02828884 Sample = 14b63361a48a9fffe4a048c146e8bd43 Losses = ['35.3541', '4.8913', '18.6114', '1.8572'] Metrics = ['0.3606', '18.6114', '1.8572', '0.0000']
2025-03-25 17:42:13,068 - AdaPoinTr - INFO - Test[6306/10518] Taxonomy = 03211117 Sample = d330d50a0255529d19ed6e1a590c9122 Losses = ['31.1984', '3.8917', '13.6192', '0.8818'] Metrics = ['0.4223', '13.6192', '0.8818', '0.0000']
2025-03-25 17:42:44,521 - AdaPoinTr - INFO - Test[7357/10518] Taxonomy = 04379243 Sample = b1ca280d9567270ade98d10ab5975b59 Losses = ['32.5017', '3.7042', '14.4935', '0.6232'] Metrics = ['0.2804', '14.4935', '0.6232', '0.0000']
2025-03-25 17:43:15,920 - AdaPoinTr - INFO - Test[8408/10518] Taxonomy = 03001627 Sample = 89208a619341d9fdb8c516ed5c4ce32 Losses = ['34.9663', '4.4978', '17.7074', '1.1701'] Metrics = ['0.2300', '17.7074', '1.1701', '0.0000']
2025-03-25 17:43:47,439 - AdaPoinTr - INFO - Test[9459/10518] Taxonomy = 03001627 Sample = d0255120e3351121c3bd24f986301745 Losses = ['38.7002', '5.3720', '19.9614', '1.5043'] Metrics = ['0.1866', '19.9614', '1.5043', '0.0000']
2025-03-25 17:44:18,957 - AdaPoinTr - INFO - Test[10510/10518] Taxonomy = 03636649 Sample = ea9ec4d9db2e06202471e6dd5ac3ef92 Losses = ['27.4815', '3.6785', '12.8340', '1.1759'] Metrics = ['0.7059', '12.8340', '1.1759', '0.0000']
2025-03-25 17:44:19,218 - AdaPoinTr - INFO - [Validation] EPOCH: 25  Metrics = ['0.3411', '15.7082', '1.1359', '0.0000']
2025-03-25 17:44:19,219 - AdaPoinTr - INFO - ============================ TEST RESULTS ============================
2025-03-25 17:44:19,219 - AdaPoinTr - INFO - Taxonomy	#Sample	F-Score	CDL1	CDL2	EMDistance	#ModelName	
2025-03-25 17:44:19,219 - AdaPoinTr - INFO - 03759954	14	0.501 	14.642 	1.519 	0.000 	microphone	
2025-03-25 17:44:19,219 - AdaPoinTr - INFO - 04330267	44	0.264 	16.757 	1.106 	0.000 	stove	
2025-03-25 17:44:19,219 - AdaPoinTr - INFO - 03261776	15	0.279 	19.815 	2.395 	0.000 	earphone	
2025-03-25 17:44:19,219 - AdaPoinTr - INFO - 03513137	33	0.192 	22.907 	2.574 	0.000 	helmet	
2025-03-25 17:44:19,219 - AdaPoinTr - INFO - 04460130	27	0.397 	14.779 	0.917 	0.000 	tower	
2025-03-25 17:44:19,219 - AdaPoinTr - INFO - 04468005	78	0.359 	13.782 	0.757 	0.000 	train	
2025-03-25 17:44:19,219 - AdaPoinTr - INFO - 03761084	31	0.227 	17.975 	1.314 	0.000 	microwaves	
2025-03-25 17:44:19,219 - AdaPoinTr - INFO - 04004475	34	0.244 	18.066 	1.368 	0.000 	printer	
2025-03-25 17:44:19,219 - AdaPoinTr - INFO - 03938244	20	0.291 	15.896 	1.007 	0.000 	pillow	
2025-03-25 17:44:19,219 - AdaPoinTr - INFO - 02992529	167	0.392 	12.031 	0.498 	0.000 	cellphone	
2025-03-25 17:44:19,219 - AdaPoinTr - INFO - 02808440	172	0.269 	16.562 	1.195 	0.000 	bathtub	
2025-03-25 17:44:19,219 - AdaPoinTr - INFO - 04530566	388	0.467 	12.324 	0.681 	0.000 	watercraft	
2025-03-25 17:44:19,219 - AdaPoinTr - INFO - 02871439	91	0.231 	17.867 	1.299 	0.000 	bookshelf	
2025-03-25 17:44:19,219 - AdaPoinTr - INFO - 03593526	120	0.241 	19.012 	1.511 	0.000 	jar	
2025-03-25 17:44:19,219 - AdaPoinTr - INFO - 04554684	34	0.211 	19.036 	1.543 	0.000 	washer	
2025-03-25 17:44:19,219 - AdaPoinTr - INFO - 03467517	160	0.757 	7.941 	0.291 	0.000 	guitar	
2025-03-25 17:44:19,219 - AdaPoinTr - INFO - 04401088	218	0.396 	12.113 	0.555 	0.000 	telephone	
2025-03-25 17:44:19,219 - AdaPoinTr - INFO - 02954340	12	0.274 	17.308 	1.377 	0.000 	cap	
2025-03-25 17:44:19,219 - AdaPoinTr - INFO - 02933112	315	0.226 	16.564 	0.959 	0.000 	cabinet	
2025-03-25 17:44:19,219 - AdaPoinTr - INFO - 03642806	92	0.360 	12.764 	0.596 	0.000 	laptop	
2025-03-25 17:44:19,219 - AdaPoinTr - INFO - 02924116	188	0.335 	13.541 	0.653 	0.000 	bus	
2025-03-25 17:44:19,219 - AdaPoinTr - INFO - 02946921	22	0.226 	16.943 	1.038 	0.000 	can	
2025-03-25 17:44:19,219 - AdaPoinTr - INFO - 02818832	47	0.266 	17.674 	1.337 	0.000 	bed	
2025-03-25 17:44:19,219 - AdaPoinTr - INFO - 04256520	635	0.279 	15.702 	0.926 	0.000 	sofa	
2025-03-25 17:44:19,219 - AdaPoinTr - INFO - 04379243	1687	0.369 	13.982 	0.937 	0.000 	table	
2025-03-25 17:44:19,219 - AdaPoinTr - INFO - 02747177	69	0.179 	19.392 	1.381 	0.000 	trash bin	
2025-03-25 17:44:19,219 - AdaPoinTr - INFO - 03046257	131	0.288 	16.182 	1.069 	0.000 	clock	
2025-03-25 17:44:19,219 - AdaPoinTr - INFO - 04225987	31	0.523 	10.402 	0.411 	0.000 	skateboard	
2025-03-25 17:44:19,219 - AdaPoinTr - INFO - 03797390	43	0.172 	21.173 	1.780 	0.000 	mug	
2025-03-25 17:44:19,219 - AdaPoinTr - INFO - 03001627	1356	0.343 	15.182 	1.032 	0.000 	chair	
2025-03-25 17:44:19,219 - AdaPoinTr - INFO - 03691459	320	0.235 	18.805 	1.495 	0.000 	loudspeaker	
2025-03-25 17:44:19,219 - AdaPoinTr - INFO - 02942699	23	0.219 	21.682 	2.254 	0.000 	camera	
2025-03-25 17:44:19,219 - AdaPoinTr - INFO - 03636649	464	0.490 	15.276 	1.669 	0.000 	lamp	
2025-03-25 17:44:19,219 - AdaPoinTr - INFO - 02691156	809	0.534 	10.629 	0.485 	0.000 	airplane	
2025-03-25 17:44:19,219 - AdaPoinTr - INFO - 02773838	17	0.322 	15.864 	1.173 	0.000 	bag	
2025-03-25 17:44:19,219 - AdaPoinTr - INFO - 02958343	703	0.205 	17.499 	1.053 	0.000 	car	
2025-03-25 17:44:19,219 - AdaPoinTr - INFO - 02880940	38	0.203 	17.778 	1.130 	0.000 	bowl	
2025-03-25 17:44:19,219 - AdaPoinTr - INFO - 04099429	17	0.675 	9.836 	0.528 	0.000 	rocket	
2025-03-25 17:44:19,219 - AdaPoinTr - INFO - 02828884	363	0.416 	12.250 	0.671 	0.000 	bench	
2025-03-25 17:44:19,219 - AdaPoinTr - INFO - 04090263	475	0.663 	9.534 	0.492 	0.000 	rifle	
2025-03-25 17:44:19,219 - AdaPoinTr - INFO - 03211117	219	0.327 	14.881 	1.041 	0.000 	display	
2025-03-25 17:44:19,219 - AdaPoinTr - INFO - 02876657	100	0.390 	13.835 	0.873 	0.000 	bottle	
2025-03-25 17:44:19,219 - AdaPoinTr - INFO - 03710193	19	0.495 	13.644 	1.058 	0.000 	mailbox	
2025-03-25 17:44:19,219 - AdaPoinTr - INFO - 03790512	68	0.236 	18.131 	1.264 	0.000 	motorbike	
2025-03-25 17:44:19,220 - AdaPoinTr - INFO - 03325088	149	0.404 	18.110 	2.096 	0.000 	faucet	
2025-03-25 17:44:19,220 - AdaPoinTr - INFO - 02801938	23	0.212 	18.742 	1.532 	0.000 	basket	
2025-03-25 17:44:19,220 - AdaPoinTr - INFO - 03337140	60	0.225 	17.346 	1.115 	0.000 	file cabinet	
2025-03-25 17:44:19,220 - AdaPoinTr - INFO - 02843684	15	0.206 	22.326 	2.200 	0.000 	birdhouse	
2025-03-25 17:44:19,220 - AdaPoinTr - INFO - 03624134	85	0.743 	8.346 	0.359 	0.000 	knife	
2025-03-25 17:44:19,220 - AdaPoinTr - INFO - 03991062	121	0.217 	20.897 	1.823 	0.000 	flowerpot	
2025-03-25 17:44:19,220 - AdaPoinTr - INFO - 03948459	62	0.437 	13.183 	0.810 	0.000 	pistol	
2025-03-25 17:44:19,220 - AdaPoinTr - INFO - 03928116	48	0.270 	17.643 	1.429 	0.000 	piano	
2025-03-25 17:44:19,220 - AdaPoinTr - INFO - 03207941	19	0.229 	16.695 	0.986 	0.000 	dishwasher	
2025-03-25 17:44:19,220 - AdaPoinTr - INFO - 04074963	14	0.422 	11.775 	0.473 	0.000 	remote	
2025-03-25 17:44:19,220 - AdaPoinTr - INFO - 03085013	13	0.425 	10.929 	0.439 	0.000 	keyboard	
2025-03-25 17:44:19,220 - AdaPoinTr - INFO - Overall		0.341 	15.708 	1.136 	0.000 	
2025-03-25 17:44:19,687 - AdaPoinTr - INFO - Save checkpoint at ./experiments/AdaPoinTr/ShapeNet55_models/AdaPoinTr_fog/ckpt-best.pth
2025-03-25 17:44:20,102 - AdaPoinTr - INFO - Save checkpoint at ./experiments/AdaPoinTr/ShapeNet55_models/AdaPoinTr_fog/ckpt-last.pth
2025-03-25 17:44:20,863 - AdaPoinTr - INFO - [Epoch 26/600][Batch 1/1311] BatchTime = 0.760 (s) DataTime = 0.086 (s) Losses = ['6.4785', '47.4533'] lr = 0.000088
2025-03-25 17:45:27,270 - AdaPoinTr - INFO - [Epoch 26/600][Batch 101/1311] BatchTime = 0.665 (s) DataTime = 0.001 (s) Losses = ['5.9028', '46.3277'] lr = 0.000088
2025-03-25 17:46:33,729 - AdaPoinTr - INFO - [Epoch 26/600][Batch 201/1311] BatchTime = 0.663 (s) DataTime = 0.001 (s) Losses = ['5.8288', '42.3177'] lr = 0.000088
2025-03-25 17:47:40,155 - AdaPoinTr - INFO - [Epoch 26/600][Batch 301/1311] BatchTime = 0.665 (s) DataTime = 0.001 (s) Losses = ['6.2139', '46.4182'] lr = 0.000088
2025-03-25 17:48:46,583 - AdaPoinTr - INFO - [Epoch 26/600][Batch 401/1311] BatchTime = 0.663 (s) DataTime = 0.001 (s) Losses = ['6.4750', '46.7544'] lr = 0.000088
2025-03-25 17:49:53,005 - AdaPoinTr - INFO - [Epoch 26/600][Batch 501/1311] BatchTime = 0.664 (s) DataTime = 0.001 (s) Losses = ['5.7322', '43.5676'] lr = 0.000088
2025-03-25 17:50:59,441 - AdaPoinTr - INFO - [Epoch 26/600][Batch 601/1311] BatchTime = 0.664 (s) DataTime = 0.001 (s) Losses = ['5.7555', '45.1080'] lr = 0.000088
2025-03-25 17:52:05,869 - AdaPoinTr - INFO - [Epoch 26/600][Batch 701/1311] BatchTime = 0.665 (s) DataTime = 0.001 (s) Losses = ['5.9079', '44.6946'] lr = 0.000088
2025-03-25 17:53:12,296 - AdaPoinTr - INFO - [Epoch 26/600][Batch 801/1311] BatchTime = 0.667 (s) DataTime = 0.001 (s) Losses = ['6.3461', '45.7048'] lr = 0.000088
2025-03-25 17:54:18,778 - AdaPoinTr - INFO - [Epoch 26/600][Batch 901/1311] BatchTime = 0.663 (s) DataTime = 0.001 (s) Losses = ['6.0467', '44.9007'] lr = 0.000088
2025-03-25 17:55:25,226 - AdaPoinTr - INFO - [Epoch 26/600][Batch 1001/1311] BatchTime = 0.663 (s) DataTime = 0.001 (s) Losses = ['6.0755', '43.1275'] lr = 0.000088
2025-03-25 17:56:31,661 - AdaPoinTr - INFO - [Epoch 26/600][Batch 1101/1311] BatchTime = 0.663 (s) DataTime = 0.001 (s) Losses = ['5.6944', '42.8511'] lr = 0.000088
2025-03-25 17:57:38,128 - AdaPoinTr - INFO - [Epoch 26/600][Batch 1201/1311] BatchTime = 0.660 (s) DataTime = 0.001 (s) Losses = ['6.6563', '57.0302'] lr = 0.000088
2025-03-25 17:58:44,582 - AdaPoinTr - INFO - [Epoch 26/600][Batch 1301/1311] BatchTime = 0.665 (s) DataTime = 0.001 (s) Losses = ['5.7715', '44.6148'] lr = 0.000088
2025-03-25 17:58:51,239 - AdaPoinTr - INFO - [Training] EPOCH: 26 EpochTime = 871.137 (s) Losses = ['6.1310', '45.7706']
2025-03-25 17:58:51,240 - AdaPoinTr - INFO - [VALIDATION] Start validating epoch 26
2025-03-25 17:59:22,836 - AdaPoinTr - INFO - Test[1051/10518] Taxonomy = 02691156 Sample = c7749c0a8b61f43bc9b9e28055202e3d Losses = ['26.3064', '3.2546', '11.1663', '0.5044'] Metrics = ['0.5000', '11.1663', '0.5044', '0.0000']
2025-03-25 17:59:54,347 - AdaPoinTr - INFO - Test[2102/10518] Taxonomy = 03211117 Sample = ab2f9418c111cc6ddb965514105122a4 Losses = ['26.4788', '2.8132', '8.6391', '0.2487'] Metrics = ['0.6063', '8.6391', '0.2487', '0.0000']
2025-03-25 18:00:25,537 - AdaPoinTr - INFO - Test[3153/10518] Taxonomy = 02876657 Sample = c5032e4be091aabb36fe7a88df793982 Losses = ['51.3731', '10.5346', '21.9191', '2.3078'] Metrics = ['0.2533', '21.9191', '2.3078', '0.0000']
2025-03-25 18:00:56,373 - AdaPoinTr - INFO - Test[4204/10518] Taxonomy = 03211117 Sample = 722df1da5778d45b1e43523279c7f09f Losses = ['34.0122', '4.7029', '14.6588', '0.8404'] Metrics = ['0.3803', '14.6588', '0.8404', '0.0000']
2025-03-25 18:01:27,361 - AdaPoinTr - INFO - Test[5255/10518] Taxonomy = 02828884 Sample = 14b63361a48a9fffe4a048c146e8bd43 Losses = ['37.7418', '5.3968', '18.4506', '1.5038'] Metrics = ['0.3329', '18.4506', '1.5038', '0.0000']
2025-03-25 18:01:58,426 - AdaPoinTr - INFO - Test[6306/10518] Taxonomy = 03211117 Sample = d330d50a0255529d19ed6e1a590c9122 Losses = ['30.9272', '3.7672', '12.7919', '0.6499'] Metrics = ['0.4058', '12.7919', '0.6499', '0.0000']
2025-03-25 18:02:29,401 - AdaPoinTr - INFO - Test[7357/10518] Taxonomy = 04379243 Sample = b1ca280d9567270ade98d10ab5975b59 Losses = ['48.6311', '11.6496', '22.6545', '3.0415'] Metrics = ['0.2433', '22.6545', '3.0415', '0.0000']
2025-03-25 18:03:00,998 - AdaPoinTr - INFO - Test[8408/10518] Taxonomy = 03001627 Sample = 89208a619341d9fdb8c516ed5c4ce32 Losses = ['32.9865', '3.9718', '15.0321', '0.7607'] Metrics = ['0.2587', '15.0321', '0.7607', '0.0000']
2025-03-25 18:03:32,474 - AdaPoinTr - INFO - Test[9459/10518] Taxonomy = 03001627 Sample = d0255120e3351121c3bd24f986301745 Losses = ['42.1709', '6.9474', '24.0337', '2.4940'] Metrics = ['0.1788', '24.0337', '2.4940', '0.0000']
2025-03-25 18:04:04,019 - AdaPoinTr - INFO - Test[10510/10518] Taxonomy = 03636649 Sample = ea9ec4d9db2e06202471e6dd5ac3ef92 Losses = ['24.6709', '2.6991', '9.8168', '0.4973'] Metrics = ['0.6881', '9.8168', '0.4973', '0.0000']
2025-03-25 18:04:04,280 - AdaPoinTr - INFO - [Validation] EPOCH: 26  Metrics = ['0.3424', '15.7708', '1.1466', '0.0000']
2025-03-25 18:04:04,280 - AdaPoinTr - INFO - ============================ TEST RESULTS ============================
2025-03-25 18:04:04,280 - AdaPoinTr - INFO - Taxonomy	#Sample	F-Score	CDL1	CDL2	EMDistance	#ModelName	
2025-03-25 18:04:04,280 - AdaPoinTr - INFO - 03759954	14	0.480 	18.795 	2.697 	0.000 	microphone	
2025-03-25 18:04:04,280 - AdaPoinTr - INFO - 04330267	44	0.273 	17.146 	1.271 	0.000 	stove	
2025-03-25 18:04:04,280 - AdaPoinTr - INFO - 03261776	15	0.279 	19.306 	1.633 	0.000 	earphone	
2025-03-25 18:04:04,280 - AdaPoinTr - INFO - 03513137	33	0.201 	22.547 	2.484 	0.000 	helmet	
2025-03-25 18:04:04,280 - AdaPoinTr - INFO - 04460130	27	0.388 	15.630 	1.181 	0.000 	tower	
2025-03-25 18:04:04,280 - AdaPoinTr - INFO - 04468005	78	0.364 	13.909 	0.785 	0.000 	train	
2025-03-25 18:04:04,280 - AdaPoinTr - INFO - 03761084	31	0.230 	17.165 	1.098 	0.000 	microwaves	
2025-03-25 18:04:04,280 - AdaPoinTr - INFO - 04004475	34	0.252 	18.377 	1.528 	0.000 	printer	
2025-03-25 18:04:04,280 - AdaPoinTr - INFO - 03938244	20	0.286 	16.272 	1.100 	0.000 	pillow	
2025-03-25 18:04:04,280 - AdaPoinTr - INFO - 02992529	167	0.391 	12.201 	0.533 	0.000 	cellphone	
2025-03-25 18:04:04,280 - AdaPoinTr - INFO - 02808440	172	0.274 	16.626 	1.194 	0.000 	bathtub	
2025-03-25 18:04:04,280 - AdaPoinTr - INFO - 04530566	388	0.467 	12.397 	0.698 	0.000 	watercraft	
2025-03-25 18:04:04,280 - AdaPoinTr - INFO - 02871439	91	0.233 	17.592 	1.187 	0.000 	bookshelf	
2025-03-25 18:04:04,280 - AdaPoinTr - INFO - 03593526	120	0.244 	18.606 	1.389 	0.000 	jar	
2025-03-25 18:04:04,280 - AdaPoinTr - INFO - 04554684	34	0.214 	19.159 	1.509 	0.000 	washer	
2025-03-25 18:04:04,280 - AdaPoinTr - INFO - 03467517	160	0.765 	7.774 	0.277 	0.000 	guitar	
2025-03-25 18:04:04,280 - AdaPoinTr - INFO - 04401088	218	0.394 	12.057 	0.518 	0.000 	telephone	
2025-03-25 18:04:04,280 - AdaPoinTr - INFO - 02954340	12	0.280 	16.195 	1.045 	0.000 	cap	
2025-03-25 18:04:04,280 - AdaPoinTr - INFO - 02933112	315	0.231 	16.616 	0.989 	0.000 	cabinet	
2025-03-25 18:04:04,280 - AdaPoinTr - INFO - 03642806	92	0.363 	12.581 	0.568 	0.000 	laptop	
2025-03-25 18:04:04,280 - AdaPoinTr - INFO - 02924116	188	0.343 	13.533 	0.664 	0.000 	bus	
2025-03-25 18:04:04,280 - AdaPoinTr - INFO - 02946921	22	0.231 	17.084 	1.112 	0.000 	can	
2025-03-25 18:04:04,280 - AdaPoinTr - INFO - 02818832	47	0.260 	18.745 	1.700 	0.000 	bed	
2025-03-25 18:04:04,280 - AdaPoinTr - INFO - 04256520	635	0.278 	15.692 	0.920 	0.000 	sofa	
2025-03-25 18:04:04,280 - AdaPoinTr - INFO - 04379243	1687	0.368 	13.854 	0.888 	0.000 	table	
2025-03-25 18:04:04,280 - AdaPoinTr - INFO - 02747177	69	0.179 	19.959 	1.535 	0.000 	trash bin	
2025-03-25 18:04:04,281 - AdaPoinTr - INFO - 03046257	131	0.288 	16.178 	1.056 	0.000 	clock	
2025-03-25 18:04:04,281 - AdaPoinTr - INFO - 04225987	31	0.518 	10.909 	0.495 	0.000 	skateboard	
2025-03-25 18:04:04,281 - AdaPoinTr - INFO - 03797390	43	0.177 	21.230 	1.840 	0.000 	mug	
2025-03-25 18:04:04,281 - AdaPoinTr - INFO - 03001627	1356	0.345 	15.161 	1.021 	0.000 	chair	
2025-03-25 18:04:04,281 - AdaPoinTr - INFO - 03691459	320	0.237 	18.694 	1.481 	0.000 	loudspeaker	
2025-03-25 18:04:04,281 - AdaPoinTr - INFO - 02942699	23	0.213 	23.010 	2.659 	0.000 	camera	
2025-03-25 18:04:04,281 - AdaPoinTr - INFO - 03636649	464	0.489 	15.544 	1.699 	0.000 	lamp	
2025-03-25 18:04:04,281 - AdaPoinTr - INFO - 02691156	809	0.533 	10.707 	0.497 	0.000 	airplane	
2025-03-25 18:04:04,281 - AdaPoinTr - INFO - 02773838	17	0.320 	15.852 	1.447 	0.000 	bag	
2025-03-25 18:04:04,281 - AdaPoinTr - INFO - 02958343	703	0.211 	17.436 	1.044 	0.000 	car	
2025-03-25 18:04:04,281 - AdaPoinTr - INFO - 02880940	38	0.208 	18.281 	1.208 	0.000 	bowl	
2025-03-25 18:04:04,281 - AdaPoinTr - INFO - 04099429	17	0.676 	10.184 	0.612 	0.000 	rocket	
2025-03-25 18:04:04,281 - AdaPoinTr - INFO - 02828884	363	0.418 	12.271 	0.683 	0.000 	bench	
2025-03-25 18:04:04,281 - AdaPoinTr - INFO - 04090263	475	0.667 	9.452 	0.474 	0.000 	rifle	
2025-03-25 18:04:04,281 - AdaPoinTr - INFO - 03211117	219	0.325 	14.671 	0.896 	0.000 	display	
2025-03-25 18:04:04,281 - AdaPoinTr - INFO - 02876657	100	0.393 	13.552 	0.789 	0.000 	bottle	
2025-03-25 18:04:04,281 - AdaPoinTr - INFO - 03710193	19	0.490 	14.085 	1.148 	0.000 	mailbox	
2025-03-25 18:04:04,281 - AdaPoinTr - INFO - 03790512	68	0.242 	18.021 	1.265 	0.000 	motorbike	
2025-03-25 18:04:04,281 - AdaPoinTr - INFO - 03325088	149	0.423 	17.297 	1.952 	0.000 	faucet	
2025-03-25 18:04:04,281 - AdaPoinTr - INFO - 02801938	23	0.219 	17.977 	1.201 	0.000 	basket	
2025-03-25 18:04:04,281 - AdaPoinTr - INFO - 03337140	60	0.225 	17.705 	1.227 	0.000 	file cabinet	
2025-03-25 18:04:04,281 - AdaPoinTr - INFO - 02843684	15	0.221 	20.154 	1.636 	0.000 	birdhouse	
2025-03-25 18:04:04,281 - AdaPoinTr - INFO - 03624134	85	0.732 	8.599 	0.387 	0.000 	knife	
2025-03-25 18:04:04,281 - AdaPoinTr - INFO - 03991062	121	0.216 	20.807 	1.795 	0.000 	flowerpot	
2025-03-25 18:04:04,281 - AdaPoinTr - INFO - 03948459	62	0.441 	13.077 	0.762 	0.000 	pistol	
2025-03-25 18:04:04,281 - AdaPoinTr - INFO - 03928116	48	0.270 	17.255 	1.330 	0.000 	piano	
2025-03-25 18:04:04,281 - AdaPoinTr - INFO - 03207941	19	0.224 	16.791 	1.019 	0.000 	dishwasher	
2025-03-25 18:04:04,281 - AdaPoinTr - INFO - 04074963	14	0.425 	11.516 	0.442 	0.000 	remote	
2025-03-25 18:04:04,281 - AdaPoinTr - INFO - 03085013	13	0.419 	11.159 	0.490 	0.000 	keyboard	
2025-03-25 18:04:04,281 - AdaPoinTr - INFO - Overall		0.342 	15.771 	1.147 	0.000 	
2025-03-25 18:04:04,744 - AdaPoinTr - INFO - Save checkpoint at ./experiments/AdaPoinTr/ShapeNet55_models/AdaPoinTr_fog/ckpt-last.pth
2025-03-25 18:04:05,505 - AdaPoinTr - INFO - [Epoch 27/600][Batch 1/1311] BatchTime = 0.760 (s) DataTime = 0.087 (s) Losses = ['6.3811', '46.0397'] lr = 0.000087
2025-03-25 18:05:11,871 - AdaPoinTr - INFO - [Epoch 27/600][Batch 101/1311] BatchTime = 0.665 (s) DataTime = 0.001 (s) Losses = ['6.4805', '42.8206'] lr = 0.000087
2025-03-25 18:06:18,326 - AdaPoinTr - INFO - [Epoch 27/600][Batch 201/1311] BatchTime = 0.669 (s) DataTime = 0.001 (s) Losses = ['5.8284', '42.1490'] lr = 0.000087
2025-03-25 18:07:24,751 - AdaPoinTr - INFO - [Epoch 27/600][Batch 301/1311] BatchTime = 0.665 (s) DataTime = 0.001 (s) Losses = ['6.2066', '47.7317'] lr = 0.000087
2025-03-25 18:08:31,179 - AdaPoinTr - INFO - [Epoch 27/600][Batch 401/1311] BatchTime = 0.662 (s) DataTime = 0.001 (s) Losses = ['5.9187', '45.1649'] lr = 0.000087
2025-03-25 18:09:37,620 - AdaPoinTr - INFO - [Epoch 27/600][Batch 501/1311] BatchTime = 0.664 (s) DataTime = 0.001 (s) Losses = ['5.7661', '42.9139'] lr = 0.000087
2025-03-25 18:10:44,016 - AdaPoinTr - INFO - [Epoch 27/600][Batch 601/1311] BatchTime = 0.664 (s) DataTime = 0.001 (s) Losses = ['6.6788', '50.9044'] lr = 0.000087
2025-03-25 18:11:50,442 - AdaPoinTr - INFO - [Epoch 27/600][Batch 701/1311] BatchTime = 0.667 (s) DataTime = 0.001 (s) Losses = ['6.0694', '48.0694'] lr = 0.000087
2025-03-25 18:12:56,911 - AdaPoinTr - INFO - [Epoch 27/600][Batch 801/1311] BatchTime = 0.666 (s) DataTime = 0.001 (s) Losses = ['5.9666', '43.3462'] lr = 0.000087
2025-03-25 18:14:03,390 - AdaPoinTr - INFO - [Epoch 27/600][Batch 901/1311] BatchTime = 0.666 (s) DataTime = 0.001 (s) Losses = ['6.5797', '52.6502'] lr = 0.000087
2025-03-25 18:15:09,827 - AdaPoinTr - INFO - [Epoch 27/600][Batch 1001/1311] BatchTime = 0.664 (s) DataTime = 0.001 (s) Losses = ['6.0352', '44.1419'] lr = 0.000087
2025-03-25 18:16:16,245 - AdaPoinTr - INFO - [Epoch 27/600][Batch 1101/1311] BatchTime = 0.663 (s) DataTime = 0.001 (s) Losses = ['5.7218', '45.4709'] lr = 0.000087
2025-03-25 18:17:22,672 - AdaPoinTr - INFO - [Epoch 27/600][Batch 1201/1311] BatchTime = 0.665 (s) DataTime = 0.001 (s) Losses = ['5.9601', '43.4510'] lr = 0.000087
2025-03-25 18:18:29,097 - AdaPoinTr - INFO - [Epoch 27/600][Batch 1301/1311] BatchTime = 0.663 (s) DataTime = 0.001 (s) Losses = ['6.6169', '49.9806'] lr = 0.000087
2025-03-25 18:18:35,766 - AdaPoinTr - INFO - [Training] EPOCH: 27 EpochTime = 871.020 (s) Losses = ['6.1233', '45.7563']
2025-03-25 18:18:35,766 - AdaPoinTr - INFO - [VALIDATION] Start validating epoch 27
2025-03-25 18:19:07,131 - AdaPoinTr - INFO - Test[1051/10518] Taxonomy = 02691156 Sample = c7749c0a8b61f43bc9b9e28055202e3d Losses = ['32.2697', '6.7170', '13.9637', '0.7714'] Metrics = ['0.4274', '13.9637', '0.7714', '0.0000']
2025-03-25 18:19:38,554 - AdaPoinTr - INFO - Test[2102/10518] Taxonomy = 03211117 Sample = ab2f9418c111cc6ddb965514105122a4 Losses = ['26.5235', '2.7378', '8.9029', '0.2565'] Metrics = ['0.5662', '8.9029', '0.2565', '0.0000']
2025-03-25 18:20:09,989 - AdaPoinTr - INFO - Test[3153/10518] Taxonomy = 02876657 Sample = c5032e4be091aabb36fe7a88df793982 Losses = ['48.6792', '8.5382', '19.4267', '1.3816'] Metrics = ['0.2346', '19.4267', '1.3816', '0.0000']
2025-03-25 18:20:41,610 - AdaPoinTr - INFO - Test[4204/10518] Taxonomy = 03211117 Sample = 722df1da5778d45b1e43523279c7f09f Losses = ['34.4829', '4.6887', '16.9029', '1.3827'] Metrics = ['0.3495', '16.9029', '1.3827', '0.0000']
2025-03-25 18:21:13,314 - AdaPoinTr - INFO - Test[5255/10518] Taxonomy = 02828884 Sample = 14b63361a48a9fffe4a048c146e8bd43 Losses = ['38.1147', '5.0571', '18.8194', '1.7309'] Metrics = ['0.3600', '18.8194', '1.7309', '0.0000']
2025-03-25 18:21:44,964 - AdaPoinTr - INFO - Test[6306/10518] Taxonomy = 03211117 Sample = d330d50a0255529d19ed6e1a590c9122 Losses = ['31.9777', '4.4891', '13.5815', '0.9050'] Metrics = ['0.4318', '13.5815', '0.9050', '0.0000']
2025-03-25 18:22:16,479 - AdaPoinTr - INFO - Test[7357/10518] Taxonomy = 04379243 Sample = b1ca280d9567270ade98d10ab5975b59 Losses = ['31.4533', '3.5160', '15.1635', '0.7016'] Metrics = ['0.2640', '15.1635', '0.7016', '0.0000']
2025-03-25 18:22:48,067 - AdaPoinTr - INFO - Test[8408/10518] Taxonomy = 03001627 Sample = 89208a619341d9fdb8c516ed5c4ce32 Losses = ['30.0581', '3.1201', '13.5964', '0.5535'] Metrics = ['0.2911', '13.5964', '0.5535', '0.0000']
2025-03-25 18:23:19,439 - AdaPoinTr - INFO - Test[9459/10518] Taxonomy = 03001627 Sample = d0255120e3351121c3bd24f986301745 Losses = ['40.2831', '6.4167', '18.7301', '1.3944'] Metrics = ['0.2073', '18.7301', '1.3944', '0.0000']
2025-03-25 18:23:50,873 - AdaPoinTr - INFO - Test[10510/10518] Taxonomy = 03636649 Sample = ea9ec4d9db2e06202471e6dd5ac3ef92 Losses = ['28.4371', '3.4145', '14.0021', '1.2107'] Metrics = ['0.5374', '14.0021', '1.2107', '0.0000']
2025-03-25 18:23:51,134 - AdaPoinTr - INFO - [Validation] EPOCH: 27  Metrics = ['0.3418', '15.9293', '1.2123', '0.0000']
2025-03-25 18:23:51,134 - AdaPoinTr - INFO - ============================ TEST RESULTS ============================
2025-03-25 18:23:51,134 - AdaPoinTr - INFO - Taxonomy	#Sample	F-Score	CDL1	CDL2	EMDistance	#ModelName	
2025-03-25 18:23:51,134 - AdaPoinTr - INFO - 03759954	14	0.518 	15.024 	1.658 	0.000 	microphone	
2025-03-25 18:23:51,135 - AdaPoinTr - INFO - 04330267	44	0.261 	17.042 	1.124 	0.000 	stove	
2025-03-25 18:23:51,135 - AdaPoinTr - INFO - 03261776	15	0.283 	20.686 	2.938 	0.000 	earphone	
2025-03-25 18:23:51,135 - AdaPoinTr - INFO - 03513137	33	0.194 	22.616 	2.603 	0.000 	helmet	
2025-03-25 18:23:51,135 - AdaPoinTr - INFO - 04460130	27	0.394 	16.976 	1.564 	0.000 	tower	
2025-03-25 18:23:51,135 - AdaPoinTr - INFO - 04468005	78	0.354 	14.169 	0.840 	0.000 	train	
2025-03-25 18:23:51,135 - AdaPoinTr - INFO - 03761084	31	0.221 	17.925 	1.242 	0.000 	microwaves	
2025-03-25 18:23:51,135 - AdaPoinTr - INFO - 04004475	34	0.249 	18.823 	1.902 	0.000 	printer	
2025-03-25 18:23:51,135 - AdaPoinTr - INFO - 03938244	20	0.292 	16.367 	1.099 	0.000 	pillow	
2025-03-25 18:23:51,135 - AdaPoinTr - INFO - 02992529	167	0.404 	11.852 	0.477 	0.000 	cellphone	
2025-03-25 18:23:51,135 - AdaPoinTr - INFO - 02808440	172	0.272 	16.803 	1.252 	0.000 	bathtub	
2025-03-25 18:23:51,135 - AdaPoinTr - INFO - 04530566	388	0.464 	12.416 	0.697 	0.000 	watercraft	
2025-03-25 18:23:51,135 - AdaPoinTr - INFO - 02871439	91	0.235 	18.063 	1.371 	0.000 	bookshelf	
2025-03-25 18:23:51,135 - AdaPoinTr - INFO - 03593526	120	0.233 	20.026 	1.747 	0.000 	jar	
2025-03-25 18:23:51,135 - AdaPoinTr - INFO - 04554684	34	0.202 	19.542 	1.537 	0.000 	washer	
2025-03-25 18:23:51,135 - AdaPoinTr - INFO - 03467517	160	0.767 	7.774 	0.273 	0.000 	guitar	
2025-03-25 18:23:51,135 - AdaPoinTr - INFO - 04401088	218	0.400 	12.047 	0.540 	0.000 	telephone	
2025-03-25 18:23:51,135 - AdaPoinTr - INFO - 02954340	12	0.265 	21.192 	2.520 	0.000 	cap	
2025-03-25 18:23:51,135 - AdaPoinTr - INFO - 02933112	315	0.232 	16.390 	0.933 	0.000 	cabinet	
2025-03-25 18:23:51,135 - AdaPoinTr - INFO - 03642806	92	0.371 	12.400 	0.544 	0.000 	laptop	
2025-03-25 18:23:51,135 - AdaPoinTr - INFO - 02924116	188	0.331 	13.735 	0.665 	0.000 	bus	
2025-03-25 18:23:51,135 - AdaPoinTr - INFO - 02946921	22	0.218 	18.143 	1.323 	0.000 	can	
2025-03-25 18:23:51,135 - AdaPoinTr - INFO - 02818832	47	0.268 	18.290 	1.649 	0.000 	bed	
2025-03-25 18:23:51,135 - AdaPoinTr - INFO - 04256520	635	0.281 	15.845 	0.994 	0.000 	sofa	
2025-03-25 18:23:51,135 - AdaPoinTr - INFO - 04379243	1687	0.367 	14.014 	0.951 	0.000 	table	
2025-03-25 18:23:51,135 - AdaPoinTr - INFO - 02747177	69	0.179 	19.932 	1.528 	0.000 	trash bin	
2025-03-25 18:23:51,135 - AdaPoinTr - INFO - 03046257	131	0.294 	16.367 	1.206 	0.000 	clock	
2025-03-25 18:23:51,135 - AdaPoinTr - INFO - 04225987	31	0.506 	11.194 	0.606 	0.000 	skateboard	
2025-03-25 18:23:51,135 - AdaPoinTr - INFO - 03797390	43	0.170 	20.932 	1.676 	0.000 	mug	
2025-03-25 18:23:51,135 - AdaPoinTr - INFO - 03001627	1356	0.343 	15.276 	1.066 	0.000 	chair	
2025-03-25 18:23:51,135 - AdaPoinTr - INFO - 03691459	320	0.234 	18.885 	1.509 	0.000 	loudspeaker	
2025-03-25 18:23:51,135 - AdaPoinTr - INFO - 02942699	23	0.219 	23.466 	2.960 	0.000 	camera	
2025-03-25 18:23:51,135 - AdaPoinTr - INFO - 03636649	464	0.489 	15.193 	1.580 	0.000 	lamp	
2025-03-25 18:23:51,135 - AdaPoinTr - INFO - 02691156	809	0.525 	10.990 	0.533 	0.000 	airplane	
2025-03-25 18:23:51,135 - AdaPoinTr - INFO - 02773838	17	0.323 	15.838 	1.221 	0.000 	bag	
2025-03-25 18:23:51,135 - AdaPoinTr - INFO - 02958343	703	0.206 	17.585 	1.068 	0.000 	car	
2025-03-25 18:23:51,135 - AdaPoinTr - INFO - 02880940	38	0.208 	18.453 	1.312 	0.000 	bowl	
2025-03-25 18:23:51,135 - AdaPoinTr - INFO - 04099429	17	0.674 	9.807 	0.495 	0.000 	rocket	
2025-03-25 18:23:51,135 - AdaPoinTr - INFO - 02828884	363	0.421 	12.233 	0.659 	0.000 	bench	
2025-03-25 18:23:51,135 - AdaPoinTr - INFO - 04090263	475	0.658 	9.589 	0.487 	0.000 	rifle	
2025-03-25 18:23:51,135 - AdaPoinTr - INFO - 03211117	219	0.327 	14.877 	0.952 	0.000 	display	
2025-03-25 18:23:51,135 - AdaPoinTr - INFO - 02876657	100	0.377 	14.067 	0.847 	0.000 	bottle	
2025-03-25 18:23:51,135 - AdaPoinTr - INFO - 03710193	19	0.516 	12.266 	0.775 	0.000 	mailbox	
2025-03-25 18:23:51,135 - AdaPoinTr - INFO - 03790512	68	0.240 	18.123 	1.277 	0.000 	motorbike	
2025-03-25 18:23:51,135 - AdaPoinTr - INFO - 03325088	149	0.415 	16.896 	1.754 	0.000 	faucet	
2025-03-25 18:23:51,135 - AdaPoinTr - INFO - 02801938	23	0.209 	18.304 	1.294 	0.000 	basket	
2025-03-25 18:23:51,135 - AdaPoinTr - INFO - 03337140	60	0.226 	17.910 	1.327 	0.000 	file cabinet	
2025-03-25 18:23:51,135 - AdaPoinTr - INFO - 02843684	15	0.224 	19.531 	1.517 	0.000 	birdhouse	
2025-03-25 18:23:51,135 - AdaPoinTr - INFO - 03624134	85	0.736 	8.442 	0.380 	0.000 	knife	
2025-03-25 18:23:51,135 - AdaPoinTr - INFO - 03991062	121	0.215 	20.808 	1.813 	0.000 	flowerpot	
2025-03-25 18:23:51,135 - AdaPoinTr - INFO - 03948459	62	0.433 	13.123 	0.777 	0.000 	pistol	
2025-03-25 18:23:51,135 - AdaPoinTr - INFO - 03928116	48	0.268 	17.796 	1.511 	0.000 	piano	
2025-03-25 18:23:51,135 - AdaPoinTr - INFO - 03207941	19	0.223 	17.304 	1.147 	0.000 	dishwasher	
2025-03-25 18:23:51,135 - AdaPoinTr - INFO - 04074963	14	0.431 	11.855 	0.501 	0.000 	remote	
2025-03-25 18:23:51,135 - AdaPoinTr - INFO - 03085013	13	0.438 	10.912 	0.451 	0.000 	keyboard	
2025-03-25 18:23:51,135 - AdaPoinTr - INFO - Overall		0.342 	15.929 	1.212 	0.000 	
2025-03-25 18:23:51,604 - AdaPoinTr - INFO - Save checkpoint at ./experiments/AdaPoinTr/ShapeNet55_models/AdaPoinTr_fog/ckpt-last.pth
2025-03-25 18:23:52,363 - AdaPoinTr - INFO - [Epoch 28/600][Batch 1/1311] BatchTime = 0.758 (s) DataTime = 0.086 (s) Losses = ['6.0098', '47.4974'] lr = 0.000087
2025-03-25 18:24:58,746 - AdaPoinTr - INFO - [Epoch 28/600][Batch 101/1311] BatchTime = 0.664 (s) DataTime = 0.001 (s) Losses = ['6.2393', '45.2790'] lr = 0.000087
2025-03-25 18:26:05,177 - AdaPoinTr - INFO - [Epoch 28/600][Batch 201/1311] BatchTime = 0.665 (s) DataTime = 0.001 (s) Losses = ['6.4256', '46.2139'] lr = 0.000087
2025-03-25 18:27:11,623 - AdaPoinTr - INFO - [Epoch 28/600][Batch 301/1311] BatchTime = 0.667 (s) DataTime = 0.001 (s) Losses = ['6.0502', '44.8902'] lr = 0.000087
2025-03-25 18:28:18,064 - AdaPoinTr - INFO - [Epoch 28/600][Batch 401/1311] BatchTime = 0.662 (s) DataTime = 0.001 (s) Losses = ['5.9681', '42.3835'] lr = 0.000087
2025-03-25 18:29:24,533 - AdaPoinTr - INFO - [Epoch 28/600][Batch 501/1311] BatchTime = 0.664 (s) DataTime = 0.001 (s) Losses = ['5.4932', '40.7064'] lr = 0.000087
2025-03-25 18:30:30,962 - AdaPoinTr - INFO - [Epoch 28/600][Batch 601/1311] BatchTime = 0.665 (s) DataTime = 0.001 (s) Losses = ['5.6721', '44.2029'] lr = 0.000087
2025-03-25 18:31:37,378 - AdaPoinTr - INFO - [Epoch 28/600][Batch 701/1311] BatchTime = 0.664 (s) DataTime = 0.001 (s) Losses = ['6.5206', '45.1571'] lr = 0.000087
2025-03-25 18:32:43,789 - AdaPoinTr - INFO - [Epoch 28/600][Batch 801/1311] BatchTime = 0.666 (s) DataTime = 0.001 (s) Losses = ['5.9222', '43.1285'] lr = 0.000087
2025-03-25 18:33:50,240 - AdaPoinTr - INFO - [Epoch 28/600][Batch 901/1311] BatchTime = 0.665 (s) DataTime = 0.001 (s) Losses = ['6.1340', '42.0273'] lr = 0.000087
2025-03-25 18:34:56,690 - AdaPoinTr - INFO - [Epoch 28/600][Batch 1001/1311] BatchTime = 0.666 (s) DataTime = 0.001 (s) Losses = ['5.7528', '44.8294'] lr = 0.000087
2025-03-25 18:36:03,141 - AdaPoinTr - INFO - [Epoch 28/600][Batch 1101/1311] BatchTime = 0.665 (s) DataTime = 0.001 (s) Losses = ['6.1934', '48.7673'] lr = 0.000087
2025-03-25 18:37:09,577 - AdaPoinTr - INFO - [Epoch 28/600][Batch 1201/1311] BatchTime = 0.665 (s) DataTime = 0.001 (s) Losses = ['6.1535', '45.1539'] lr = 0.000087
2025-03-25 18:38:16,048 - AdaPoinTr - INFO - [Epoch 28/600][Batch 1301/1311] BatchTime = 0.667 (s) DataTime = 0.001 (s) Losses = ['6.1500', '45.9439'] lr = 0.000087
2025-03-25 18:38:22,716 - AdaPoinTr - INFO - [Training] EPOCH: 28 EpochTime = 871.110 (s) Losses = ['6.0908', '45.5170']
2025-03-25 18:38:22,716 - AdaPoinTr - INFO - [VALIDATION] Start validating epoch 28
2025-03-25 18:38:54,246 - AdaPoinTr - INFO - Test[1051/10518] Taxonomy = 02691156 Sample = c7749c0a8b61f43bc9b9e28055202e3d Losses = ['29.8911', '4.2698', '12.4293', '0.6409'] Metrics = ['0.4787', '12.4293', '0.6409', '0.0000']
2025-03-25 18:39:25,706 - AdaPoinTr - INFO - Test[2102/10518] Taxonomy = 03211117 Sample = ab2f9418c111cc6ddb965514105122a4 Losses = ['24.9785', '2.3667', '8.2597', '0.2021'] Metrics = ['0.6278', '8.2597', '0.2021', '0.0000']
2025-03-25 18:39:57,177 - AdaPoinTr - INFO - Test[3153/10518] Taxonomy = 02876657 Sample = c5032e4be091aabb36fe7a88df793982 Losses = ['40.8549', '5.9673', '15.9272', '0.9303'] Metrics = ['0.2900', '15.9272', '0.9303', '0.0000']
2025-03-25 18:40:28,702 - AdaPoinTr - INFO - Test[4204/10518] Taxonomy = 03211117 Sample = 722df1da5778d45b1e43523279c7f09f Losses = ['38.9997', '5.7366', '16.4413', '1.3567'] Metrics = ['0.3742', '16.4413', '1.3567', '0.0000']
2025-03-25 18:41:00,039 - AdaPoinTr - INFO - Test[5255/10518] Taxonomy = 02828884 Sample = 14b63361a48a9fffe4a048c146e8bd43 Losses = ['33.1917', '4.1949', '15.8671', '1.2845'] Metrics = ['0.4095', '15.8671', '1.2845', '0.0000']
2025-03-25 18:41:31,694 - AdaPoinTr - INFO - Test[6306/10518] Taxonomy = 03211117 Sample = d330d50a0255529d19ed6e1a590c9122 Losses = ['26.6753', '2.4318', '10.9581', '0.3609'] Metrics = ['0.4360', '10.9581', '0.3609', '0.0000']
2025-03-25 18:42:03,226 - AdaPoinTr - INFO - Test[7357/10518] Taxonomy = 04379243 Sample = b1ca280d9567270ade98d10ab5975b59 Losses = ['39.7223', '6.4003', '16.0584', '0.9287'] Metrics = ['0.2667', '16.0584', '0.9287', '0.0000']
2025-03-25 18:42:34,851 - AdaPoinTr - INFO - Test[8408/10518] Taxonomy = 03001627 Sample = 89208a619341d9fdb8c516ed5c4ce32 Losses = ['33.5197', '4.0554', '14.8416', '0.7552'] Metrics = ['0.2911', '14.8416', '0.7552', '0.0000']
2025-03-25 18:43:06,430 - AdaPoinTr - INFO - Test[9459/10518] Taxonomy = 03001627 Sample = d0255120e3351121c3bd24f986301745 Losses = ['40.9970', '6.1898', '22.9372', '2.2545'] Metrics = ['0.1778', '22.9372', '2.2545', '0.0000']
2025-03-25 18:43:37,923 - AdaPoinTr - INFO - Test[10510/10518] Taxonomy = 03636649 Sample = ea9ec4d9db2e06202471e6dd5ac3ef92 Losses = ['23.3292', '2.2726', '8.2116', '0.2638'] Metrics = ['0.7243', '8.2116', '0.2638', '0.0000']
2025-03-25 18:43:38,182 - AdaPoinTr - INFO - [Validation] EPOCH: 28  Metrics = ['0.3510', '15.6237', '1.1747', '0.0000']
2025-03-25 18:43:38,183 - AdaPoinTr - INFO - ============================ TEST RESULTS ============================
2025-03-25 18:43:38,183 - AdaPoinTr - INFO - Taxonomy	#Sample	F-Score	CDL1	CDL2	EMDistance	#ModelName	
2025-03-25 18:43:38,183 - AdaPoinTr - INFO - 03759954	14	0.532 	14.827 	1.770 	0.000 	microphone	
2025-03-25 18:43:38,183 - AdaPoinTr - INFO - 04330267	44	0.280 	16.233 	1.024 	0.000 	stove	
2025-03-25 18:43:38,183 - AdaPoinTr - INFO - 03261776	15	0.303 	18.986 	1.838 	0.000 	earphone	
2025-03-25 18:43:38,183 - AdaPoinTr - INFO - 03513137	33	0.202 	22.006 	2.492 	0.000 	helmet	
2025-03-25 18:43:38,183 - AdaPoinTr - INFO - 04460130	27	0.391 	15.711 	1.171 	0.000 	tower	
2025-03-25 18:43:38,183 - AdaPoinTr - INFO - 04468005	78	0.368 	13.899 	0.815 	0.000 	train	
2025-03-25 18:43:38,183 - AdaPoinTr - INFO - 03761084	31	0.230 	18.124 	1.336 	0.000 	microwaves	
2025-03-25 18:43:38,183 - AdaPoinTr - INFO - 04004475	34	0.252 	18.652 	1.677 	0.000 	printer	
2025-03-25 18:43:38,183 - AdaPoinTr - INFO - 03938244	20	0.292 	17.146 	1.409 	0.000 	pillow	
2025-03-25 18:43:38,183 - AdaPoinTr - INFO - 02992529	167	0.411 	11.800 	0.482 	0.000 	cellphone	
2025-03-25 18:43:38,183 - AdaPoinTr - INFO - 02808440	172	0.280 	16.127 	1.090 	0.000 	bathtub	
2025-03-25 18:43:38,183 - AdaPoinTr - INFO - 04530566	388	0.477 	12.142 	0.682 	0.000 	watercraft	
2025-03-25 18:43:38,183 - AdaPoinTr - INFO - 02871439	91	0.241 	17.618 	1.282 	0.000 	bookshelf	
2025-03-25 18:43:38,183 - AdaPoinTr - INFO - 03593526	120	0.246 	19.456 	1.807 	0.000 	jar	
2025-03-25 18:43:38,183 - AdaPoinTr - INFO - 04554684	34	0.214 	20.532 	2.149 	0.000 	washer	
2025-03-25 18:43:38,183 - AdaPoinTr - INFO - 03467517	160	0.793 	7.324 	0.243 	0.000 	guitar	
2025-03-25 18:43:38,183 - AdaPoinTr - INFO - 04401088	218	0.412 	11.748 	0.484 	0.000 	telephone	
2025-03-25 18:43:38,183 - AdaPoinTr - INFO - 02954340	12	0.294 	15.378 	0.870 	0.000 	cap	
2025-03-25 18:43:38,183 - AdaPoinTr - INFO - 02933112	315	0.236 	16.351 	0.942 	0.000 	cabinet	
2025-03-25 18:43:38,183 - AdaPoinTr - INFO - 03642806	92	0.379 	12.025 	0.490 	0.000 	laptop	
2025-03-25 18:43:38,183 - AdaPoinTr - INFO - 02924116	188	0.339 	13.577 	0.662 	0.000 	bus	
2025-03-25 18:43:38,183 - AdaPoinTr - INFO - 02946921	22	0.228 	19.340 	1.958 	0.000 	can	
2025-03-25 18:43:38,183 - AdaPoinTr - INFO - 02818832	47	0.272 	17.209 	1.261 	0.000 	bed	
2025-03-25 18:43:38,183 - AdaPoinTr - INFO - 04256520	635	0.284 	15.605 	0.916 	0.000 	sofa	
2025-03-25 18:43:38,183 - AdaPoinTr - INFO - 04379243	1687	0.374 	13.789 	0.897 	0.000 	table	
2025-03-25 18:43:38,183 - AdaPoinTr - INFO - 02747177	69	0.185 	19.172 	1.327 	0.000 	trash bin	
2025-03-25 18:43:38,183 - AdaPoinTr - INFO - 03046257	131	0.298 	15.622 	0.943 	0.000 	clock	
2025-03-25 18:43:38,183 - AdaPoinTr - INFO - 04225987	31	0.524 	10.541 	0.477 	0.000 	skateboard	
2025-03-25 18:43:38,183 - AdaPoinTr - INFO - 03797390	43	0.182 	20.342 	1.694 	0.000 	mug	
2025-03-25 18:43:38,183 - AdaPoinTr - INFO - 03001627	1356	0.351 	15.154 	1.042 	0.000 	chair	
2025-03-25 18:43:38,183 - AdaPoinTr - INFO - 03691459	320	0.241 	18.749 	1.513 	0.000 	loudspeaker	
2025-03-25 18:43:38,183 - AdaPoinTr - INFO - 02942699	23	0.230 	22.072 	2.574 	0.000 	camera	
2025-03-25 18:43:38,183 - AdaPoinTr - INFO - 03636649	464	0.504 	15.208 	1.690 	0.000 	lamp	
2025-03-25 18:43:38,183 - AdaPoinTr - INFO - 02691156	809	0.533 	10.748 	0.506 	0.000 	airplane	
2025-03-25 18:43:38,183 - AdaPoinTr - INFO - 02773838	17	0.325 	14.889 	0.905 	0.000 	bag	
2025-03-25 18:43:38,183 - AdaPoinTr - INFO - 02958343	703	0.212 	17.262 	1.024 	0.000 	car	
2025-03-25 18:43:38,183 - AdaPoinTr - INFO - 02880940	38	0.219 	17.161 	0.983 	0.000 	bowl	
2025-03-25 18:43:38,183 - AdaPoinTr - INFO - 04099429	17	0.700 	10.012 	0.626 	0.000 	rocket	
2025-03-25 18:43:38,183 - AdaPoinTr - INFO - 02828884	363	0.422 	12.202 	0.664 	0.000 	bench	
2025-03-25 18:43:38,183 - AdaPoinTr - INFO - 04090263	475	0.668 	9.526 	0.494 	0.000 	rifle	
2025-03-25 18:43:38,183 - AdaPoinTr - INFO - 03211117	219	0.338 	14.526 	0.924 	0.000 	display	
2025-03-25 18:43:38,183 - AdaPoinTr - INFO - 02876657	100	0.397 	13.819 	0.888 	0.000 	bottle	
2025-03-25 18:43:38,183 - AdaPoinTr - INFO - 03710193	19	0.513 	14.843 	1.919 	0.000 	mailbox	
2025-03-25 18:43:38,183 - AdaPoinTr - INFO - 03790512	68	0.238 	18.184 	1.331 	0.000 	motorbike	
2025-03-25 18:43:38,183 - AdaPoinTr - INFO - 03325088	149	0.432 	17.080 	1.927 	0.000 	faucet	
2025-03-25 18:43:38,183 - AdaPoinTr - INFO - 02801938	23	0.222 	17.418 	1.113 	0.000 	basket	
2025-03-25 18:43:38,183 - AdaPoinTr - INFO - 03337140	60	0.231 	17.959 	1.310 	0.000 	file cabinet	
2025-03-25 18:43:38,183 - AdaPoinTr - INFO - 02843684	15	0.218 	20.852 	1.853 	0.000 	birdhouse	
2025-03-25 18:43:38,183 - AdaPoinTr - INFO - 03624134	85	0.759 	7.838 	0.291 	0.000 	knife	
2025-03-25 18:43:38,183 - AdaPoinTr - INFO - 03991062	121	0.217 	22.082 	2.436 	0.000 	flowerpot	
2025-03-25 18:43:38,184 - AdaPoinTr - INFO - 03948459	62	0.449 	12.901 	0.814 	0.000 	pistol	
2025-03-25 18:43:38,184 - AdaPoinTr - INFO - 03928116	48	0.272 	17.492 	1.459 	0.000 	piano	
2025-03-25 18:43:38,184 - AdaPoinTr - INFO - 03207941	19	0.233 	17.303 	1.137 	0.000 	dishwasher	
2025-03-25 18:43:38,184 - AdaPoinTr - INFO - 04074963	14	0.445 	11.506 	0.488 	0.000 	remote	
2025-03-25 18:43:38,184 - AdaPoinTr - INFO - 03085013	13	0.421 	11.227 	0.509 	0.000 	keyboard	
2025-03-25 18:43:38,184 - AdaPoinTr - INFO - Overall		0.351 	15.624 	1.175 	0.000 	
2025-03-25 18:43:38,644 - AdaPoinTr - INFO - Save checkpoint at ./experiments/AdaPoinTr/ShapeNet55_models/AdaPoinTr_fog/ckpt-last.pth
2025-03-25 18:43:39,405 - AdaPoinTr - INFO - [Epoch 29/600][Batch 1/1311] BatchTime = 0.760 (s) DataTime = 0.086 (s) Losses = ['6.0958', '43.9421'] lr = 0.000086
2025-03-25 18:44:45,762 - AdaPoinTr - INFO - [Epoch 29/600][Batch 101/1311] BatchTime = 0.665 (s) DataTime = 0.001 (s) Losses = ['6.0639', '42.8121'] lr = 0.000086
2025-03-25 18:45:52,208 - AdaPoinTr - INFO - [Epoch 29/600][Batch 201/1311] BatchTime = 0.662 (s) DataTime = 0.001 (s) Losses = ['6.3560', '45.5810'] lr = 0.000086
2025-03-25 18:46:58,645 - AdaPoinTr - INFO - [Epoch 29/600][Batch 301/1311] BatchTime = 0.668 (s) DataTime = 0.001 (s) Losses = ['6.1198', '44.9326'] lr = 0.000086
2025-03-25 18:48:05,098 - AdaPoinTr - INFO - [Epoch 29/600][Batch 401/1311] BatchTime = 0.664 (s) DataTime = 0.001 (s) Losses = ['6.1548', '44.2761'] lr = 0.000086
2025-03-25 18:49:11,509 - AdaPoinTr - INFO - [Epoch 29/600][Batch 501/1311] BatchTime = 0.667 (s) DataTime = 0.001 (s) Losses = ['5.9751', '40.9762'] lr = 0.000086
2025-03-25 18:50:17,939 - AdaPoinTr - INFO - [Epoch 29/600][Batch 601/1311] BatchTime = 0.668 (s) DataTime = 0.001 (s) Losses = ['5.9612', '43.1370'] lr = 0.000086
2025-03-25 18:51:24,402 - AdaPoinTr - INFO - [Epoch 29/600][Batch 701/1311] BatchTime = 0.664 (s) DataTime = 0.001 (s) Losses = ['6.3323', '43.0919'] lr = 0.000086
2025-03-25 18:52:30,813 - AdaPoinTr - INFO - [Epoch 29/600][Batch 801/1311] BatchTime = 0.663 (s) DataTime = 0.001 (s) Losses = ['6.8127', '48.7493'] lr = 0.000086
2025-03-25 18:53:37,255 - AdaPoinTr - INFO - [Epoch 29/600][Batch 901/1311] BatchTime = 0.666 (s) DataTime = 0.001 (s) Losses = ['6.3249', '44.1477'] lr = 0.000086
2025-03-25 18:54:43,674 - AdaPoinTr - INFO - [Epoch 29/600][Batch 1001/1311] BatchTime = 0.666 (s) DataTime = 0.001 (s) Losses = ['5.6944', '42.0929'] lr = 0.000086
2025-03-25 18:55:50,102 - AdaPoinTr - INFO - [Epoch 29/600][Batch 1101/1311] BatchTime = 0.664 (s) DataTime = 0.001 (s) Losses = ['6.2115', '44.3893'] lr = 0.000086
2025-03-25 18:56:56,551 - AdaPoinTr - INFO - [Epoch 29/600][Batch 1201/1311] BatchTime = 0.665 (s) DataTime = 0.001 (s) Losses = ['6.2322', '47.5835'] lr = 0.000086
2025-03-25 18:58:03,004 - AdaPoinTr - INFO - [Epoch 29/600][Batch 1301/1311] BatchTime = 0.666 (s) DataTime = 0.001 (s) Losses = ['6.0853', '44.7486'] lr = 0.000086
2025-03-25 18:58:09,665 - AdaPoinTr - INFO - [Training] EPOCH: 29 EpochTime = 871.020 (s) Losses = ['6.0603', '45.2995']
2025-03-25 18:58:09,665 - AdaPoinTr - INFO - [VALIDATION] Start validating epoch 29
2025-03-25 18:58:41,086 - AdaPoinTr - INFO - Test[1051/10518] Taxonomy = 02691156 Sample = c7749c0a8b61f43bc9b9e28055202e3d Losses = ['26.8874', '3.5343', '10.5069', '0.4018'] Metrics = ['0.5259', '10.5069', '0.4018', '0.0000']
2025-03-25 18:59:12,658 - AdaPoinTr - INFO - Test[2102/10518] Taxonomy = 03211117 Sample = ab2f9418c111cc6ddb965514105122a4 Losses = ['26.4166', '2.7960', '11.5817', '0.8437'] Metrics = ['0.5917', '11.5817', '0.8437', '0.0000']
2025-03-25 18:59:44,101 - AdaPoinTr - INFO - Test[3153/10518] Taxonomy = 02876657 Sample = c5032e4be091aabb36fe7a88df793982 Losses = ['41.2974', '6.8606', '21.1601', '2.0499'] Metrics = ['0.2753', '21.1601', '2.0499', '0.0000']
2025-03-25 19:00:15,647 - AdaPoinTr - INFO - Test[4204/10518] Taxonomy = 03211117 Sample = 722df1da5778d45b1e43523279c7f09f Losses = ['30.0292', '3.4046', '12.3040', '0.5142'] Metrics = ['0.3928', '12.3040', '0.5142', '0.0000']
2025-03-25 19:00:46,926 - AdaPoinTr - INFO - Test[5255/10518] Taxonomy = 02828884 Sample = 14b63361a48a9fffe4a048c146e8bd43 Losses = ['33.4966', '4.2501', '16.2084', '1.3317'] Metrics = ['0.4011', '16.2084', '1.3317', '0.0000']
2025-03-25 19:01:18,305 - AdaPoinTr - INFO - Test[6306/10518] Taxonomy = 03211117 Sample = d330d50a0255529d19ed6e1a590c9122 Losses = ['26.2427', '2.3977', '11.1328', '0.4039'] Metrics = ['0.4492', '11.1328', '0.4039', '0.0000']
2025-03-25 19:01:49,775 - AdaPoinTr - INFO - Test[7357/10518] Taxonomy = 04379243 Sample = b1ca280d9567270ade98d10ab5975b59 Losses = ['37.7929', '5.4611', '15.7481', '0.8237'] Metrics = ['0.2683', '15.7481', '0.8237', '0.0000']
2025-03-25 19:02:21,096 - AdaPoinTr - INFO - Test[8408/10518] Taxonomy = 03001627 Sample = 89208a619341d9fdb8c516ed5c4ce32 Losses = ['30.1405', '3.0658', '13.8103', '0.5754'] Metrics = ['0.2893', '13.8103', '0.5754', '0.0000']
2025-03-25 19:02:52,530 - AdaPoinTr - INFO - Test[9459/10518] Taxonomy = 03001627 Sample = d0255120e3351121c3bd24f986301745 Losses = ['40.3391', '5.9746', '19.5228', '1.4172'] Metrics = ['0.1889', '19.5228', '1.4172', '0.0000']
2025-03-25 19:03:23,440 - AdaPoinTr - INFO - Test[10510/10518] Taxonomy = 03636649 Sample = ea9ec4d9db2e06202471e6dd5ac3ef92 Losses = ['32.1678', '4.5826', '9.6785', '0.5480'] Metrics = ['0.6981', '9.6785', '0.5480', '0.0000']
2025-03-25 19:03:23,705 - AdaPoinTr - INFO - [Validation] EPOCH: 29  Metrics = ['0.3506', '15.4148', '1.1286', '0.0000']
2025-03-25 19:03:23,706 - AdaPoinTr - INFO - ============================ TEST RESULTS ============================
2025-03-25 19:03:23,706 - AdaPoinTr - INFO - Taxonomy	#Sample	F-Score	CDL1	CDL2	EMDistance	#ModelName	
2025-03-25 19:03:23,706 - AdaPoinTr - INFO - 03759954	14	0.554 	15.474 	2.669 	0.000 	microphone	
2025-03-25 19:03:23,706 - AdaPoinTr - INFO - 04330267	44	0.263 	16.785 	1.149 	0.000 	stove	
2025-03-25 19:03:23,706 - AdaPoinTr - INFO - 03261776	15	0.287 	20.412 	2.427 	0.000 	earphone	
2025-03-25 19:03:23,706 - AdaPoinTr - INFO - 03513137	33	0.197 	23.088 	2.829 	0.000 	helmet	
2025-03-25 19:03:23,706 - AdaPoinTr - INFO - 04460130	27	0.409 	15.064 	1.044 	0.000 	tower	
2025-03-25 19:03:23,706 - AdaPoinTr - INFO - 04468005	78	0.374 	13.387 	0.701 	0.000 	train	
2025-03-25 19:03:23,706 - AdaPoinTr - INFO - 03761084	31	0.229 	18.034 	1.401 	0.000 	microwaves	
2025-03-25 19:03:23,706 - AdaPoinTr - INFO - 04004475	34	0.251 	18.433 	1.509 	0.000 	printer	
2025-03-25 19:03:23,706 - AdaPoinTr - INFO - 03938244	20	0.291 	15.217 	0.857 	0.000 	pillow	
2025-03-25 19:03:23,706 - AdaPoinTr - INFO - 02992529	167	0.391 	12.001 	0.510 	0.000 	cellphone	
2025-03-25 19:03:23,706 - AdaPoinTr - INFO - 02808440	172	0.280 	16.132 	1.122 	0.000 	bathtub	
2025-03-25 19:03:23,706 - AdaPoinTr - INFO - 04530566	388	0.479 	12.090 	0.675 	0.000 	watercraft	
2025-03-25 19:03:23,706 - AdaPoinTr - INFO - 02871439	91	0.239 	17.356 	1.188 	0.000 	bookshelf	
2025-03-25 19:03:23,706 - AdaPoinTr - INFO - 03593526	120	0.240 	19.529 	1.701 	0.000 	jar	
2025-03-25 19:03:23,706 - AdaPoinTr - INFO - 04554684	34	0.214 	18.761 	1.426 	0.000 	washer	
2025-03-25 19:03:23,706 - AdaPoinTr - INFO - 03467517	160	0.763 	7.696 	0.267 	0.000 	guitar	
2025-03-25 19:03:23,706 - AdaPoinTr - INFO - 04401088	218	0.399 	11.732 	0.484 	0.000 	telephone	
2025-03-25 19:03:23,706 - AdaPoinTr - INFO - 02954340	12	0.297 	15.980 	1.152 	0.000 	cap	
2025-03-25 19:03:23,706 - AdaPoinTr - INFO - 02933112	315	0.232 	16.305 	0.940 	0.000 	cabinet	
2025-03-25 19:03:23,706 - AdaPoinTr - INFO - 03642806	92	0.378 	11.871 	0.454 	0.000 	laptop	
2025-03-25 19:03:23,706 - AdaPoinTr - INFO - 02924116	188	0.348 	13.453 	0.650 	0.000 	bus	
2025-03-25 19:03:23,706 - AdaPoinTr - INFO - 02946921	22	0.234 	17.508 	1.277 	0.000 	can	
2025-03-25 19:03:23,706 - AdaPoinTr - INFO - 02818832	47	0.268 	17.954 	1.552 	0.000 	bed	
2025-03-25 19:03:23,706 - AdaPoinTr - INFO - 04256520	635	0.283 	15.414 	0.895 	0.000 	sofa	
2025-03-25 19:03:23,706 - AdaPoinTr - INFO - 04379243	1687	0.373 	13.670 	0.876 	0.000 	table	
2025-03-25 19:03:23,706 - AdaPoinTr - INFO - 02747177	69	0.181 	19.747 	1.525 	0.000 	trash bin	
2025-03-25 19:03:23,706 - AdaPoinTr - INFO - 03046257	131	0.291 	15.949 	1.075 	0.000 	clock	
2025-03-25 19:03:23,706 - AdaPoinTr - INFO - 04225987	31	0.540 	10.164 	0.401 	0.000 	skateboard	
2025-03-25 19:03:23,706 - AdaPoinTr - INFO - 03797390	43	0.181 	20.596 	1.759 	0.000 	mug	
2025-03-25 19:03:23,706 - AdaPoinTr - INFO - 03001627	1356	0.350 	14.786 	0.974 	0.000 	chair	
2025-03-25 19:03:23,706 - AdaPoinTr - INFO - 03691459	320	0.243 	18.386 	1.457 	0.000 	loudspeaker	
2025-03-25 19:03:23,706 - AdaPoinTr - INFO - 02942699	23	0.226 	22.169 	2.481 	0.000 	camera	
2025-03-25 19:03:23,706 - AdaPoinTr - INFO - 03636649	464	0.500 	15.224 	1.651 	0.000 	lamp	
2025-03-25 19:03:23,706 - AdaPoinTr - INFO - 02691156	809	0.549 	10.474 	0.475 	0.000 	airplane	
2025-03-25 19:03:23,706 - AdaPoinTr - INFO - 02773838	17	0.337 	14.433 	0.988 	0.000 	bag	
2025-03-25 19:03:23,706 - AdaPoinTr - INFO - 02958343	703	0.213 	17.312 	1.035 	0.000 	car	
2025-03-25 19:03:23,706 - AdaPoinTr - INFO - 02880940	38	0.217 	17.490 	1.071 	0.000 	bowl	
2025-03-25 19:03:23,706 - AdaPoinTr - INFO - 04099429	17	0.704 	8.254 	0.293 	0.000 	rocket	
2025-03-25 19:03:23,706 - AdaPoinTr - INFO - 02828884	363	0.424 	11.926 	0.622 	0.000 	bench	
2025-03-25 19:03:23,706 - AdaPoinTr - INFO - 04090263	475	0.667 	9.405 	0.472 	0.000 	rifle	
2025-03-25 19:03:23,706 - AdaPoinTr - INFO - 03211117	219	0.333 	14.332 	0.883 	0.000 	display	
2025-03-25 19:03:23,706 - AdaPoinTr - INFO - 02876657	100	0.386 	13.801 	0.847 	0.000 	bottle	
2025-03-25 19:03:23,706 - AdaPoinTr - INFO - 03710193	19	0.507 	13.336 	1.026 	0.000 	mailbox	
2025-03-25 19:03:23,706 - AdaPoinTr - INFO - 03790512	68	0.251 	17.350 	1.138 	0.000 	motorbike	
2025-03-25 19:03:23,706 - AdaPoinTr - INFO - 03325088	149	0.422 	16.642 	1.668 	0.000 	faucet	
2025-03-25 19:03:23,706 - AdaPoinTr - INFO - 02801938	23	0.218 	17.681 	1.221 	0.000 	basket	
2025-03-25 19:03:23,706 - AdaPoinTr - INFO - 03337140	60	0.231 	17.618 	1.258 	0.000 	file cabinet	
2025-03-25 19:03:23,706 - AdaPoinTr - INFO - 02843684	15	0.227 	20.738 	2.011 	0.000 	birdhouse	
2025-03-25 19:03:23,706 - AdaPoinTr - INFO - 03624134	85	0.754 	7.826 	0.287 	0.000 	knife	
2025-03-25 19:03:23,706 - AdaPoinTr - INFO - 03991062	121	0.221 	20.519 	1.764 	0.000 	flowerpot	
2025-03-25 19:03:23,706 - AdaPoinTr - INFO - 03948459	62	0.449 	13.048 	0.852 	0.000 	pistol	
2025-03-25 19:03:23,706 - AdaPoinTr - INFO - 03928116	48	0.276 	17.072 	1.353 	0.000 	piano	
2025-03-25 19:03:23,706 - AdaPoinTr - INFO - 03207941	19	0.225 	16.471 	0.931 	0.000 	dishwasher	
2025-03-25 19:03:23,706 - AdaPoinTr - INFO - 04074963	14	0.440 	11.336 	0.453 	0.000 	remote	
2025-03-25 19:03:23,706 - AdaPoinTr - INFO - 03085013	13	0.446 	10.382 	0.349 	0.000 	keyboard	
2025-03-25 19:03:23,707 - AdaPoinTr - INFO - Overall		0.351 	15.415 	1.129 	0.000 	
2025-03-25 19:03:24,154 - AdaPoinTr - INFO - Save checkpoint at ./experiments/AdaPoinTr/ShapeNet55_models/AdaPoinTr_fog/ckpt-best.pth
2025-03-25 19:03:24,546 - AdaPoinTr - INFO - Save checkpoint at ./experiments/AdaPoinTr/ShapeNet55_models/AdaPoinTr_fog/ckpt-last.pth
2025-03-25 19:03:25,316 - AdaPoinTr - INFO - [Epoch 30/600][Batch 1/1311] BatchTime = 0.769 (s) DataTime = 0.092 (s) Losses = ['6.0242', '44.0633'] lr = 0.000086
2025-03-25 19:04:31,694 - AdaPoinTr - INFO - [Epoch 30/600][Batch 101/1311] BatchTime = 0.665 (s) DataTime = 0.001 (s) Losses = ['6.3425', '45.1405'] lr = 0.000086
2025-03-25 19:05:38,104 - AdaPoinTr - INFO - [Epoch 30/600][Batch 201/1311] BatchTime = 0.666 (s) DataTime = 0.001 (s) Losses = ['5.8743', '47.4908'] lr = 0.000086
2025-03-25 19:06:44,582 - AdaPoinTr - INFO - [Epoch 30/600][Batch 301/1311] BatchTime = 0.666 (s) DataTime = 0.001 (s) Losses = ['6.4519', '44.4567'] lr = 0.000086
2025-03-25 19:07:51,037 - AdaPoinTr - INFO - [Epoch 30/600][Batch 401/1311] BatchTime = 0.664 (s) DataTime = 0.001 (s) Losses = ['5.8447', '43.2235'] lr = 0.000086
